"SEMEL_YISHUV","locality","2006","2009","2013","2015","2019","2019_2","2020","2021","2022","loc"
7,"שחר",0.142857142857143,0.109540636042403,0.16887417218543,0.284023668639053,0.164420485175202,0.19893899204244,0.180878552971576,0.223796033994334,0.269333333333333,"שחר"
10,"תירוש",0.721590909090909,0.573863636363636,0.66497461928934,0.493023255813954,0.382978723404255,0.485714285714286,0.424603174603175,0.475770925110132,0.567164179104478,"תירוש"
11,"ניר ח""ן",0.0520231213872832,0.0707070707070707,0.143459915611814,0.252873563218391,0.0798611111111111,0.0662020905923345,0.0811808118081181,0.156996587030717,0.1438127090301,"נירחן"
13,"חצבה",0.063758389261745,0.0488599348534202,0.104347826086957,0.129834254143646,0.0744416873449131,0.0536193029490617,0.0716112531969309,0.0729166666666667,0.0761670761670762,"חצבה"
15,"נועם",0.542553191489362,0.451282051282051,0.523584905660377,0.320175438596491,0.162790697674419,0.211453744493392,0.209401709401709,0.36405529953917,0.438524590163934,"נועם"
16,"בית ניר",0.0118343195266272,0,0.0034965034965035,0.0295081967213115,0.0151057401812689,0.00864553314121038,0.0116618075801749,0.0263157894736842,0.0136986301369863,"ביתניר"
18,"שדה משה",0.0301507537688442,0.032258064516129,0.0893470790378007,0.128813559322034,0.0364238410596026,0.0198019801980198,0.0277777777777778,0.0622950819672131,0.127329192546584,"שדהמשה"
21,"באר אורה",NA,NA,0.0434782608695652,0.150442477876106,0.0579710144927536,0.052757793764988,0.0674157303370786,0.10042735042735,0.0789473684210526,"באראורה"
22,"מקווה ישראל",0.1953125,0.17741935483871,0.185840707964602,0.268518518518519,0.127450980392157,0.0736842105263158,0.0769230769230769,0.104347826086957,0.189189189189189,"מקווהישראל"
23,"אמציה",0,0.619791666666667,0.694545454545455,0.637795275590551,0.503105590062112,0.426573426573427,0.413533834586466,0.446601941747573,0.317307692307692,"אמציה"
24,"לכיש",0.0198019801980198,0.0240963855421687,0.0477453580901857,0.0493827160493827,0.0347826086956522,0.0280777537796976,0.0346320346320346,0.0427350427350427,0.0389344262295082,"לכיש"
26,"ראש פינה",0.0855745721271394,0.100763358778626,0.0947647448641484,0.143564356435644,0.0731292517006803,0.0775911986103069,0.0865384615384615,0.133781307269395,0.148170365926815,"ראשפינה"
27,"שדות מיכה",0.438848920863309,0.40625,0.568047337278107,0.461538461538462,0.256410256410256,0.354838709677419,0.331683168316832,0.404371584699454,0.524271844660194,"שדותמיכה"
28,"מזכרת בתיה",0.105181747873163,0.091540404040404,0.141041058237416,0.204141149023039,0.0938623682579045,0.0966645689112649,0.0959277138259686,0.149185587364265,0.152186726393964,"מזכרתבתיה"
29,"יסוד המעלה",0.0825545171339564,0.073134328358209,0.101631116687578,0.157894736842105,0.0806270996640538,0.0784313725490196,0.0843644544431946,0.119956379498364,0.143820224719101,"יסודהמעלה"
31,"אופקים",0.423245379767119,0.394833948339483,0.513460642757336,0.450734762707781,0.411669248358781,0.427598922138704,0.423002887391723,0.503525477938504,0.545566199950872,"אופקים"
32,"עוצם",0.69047619047619,0.658823529411765,0.757679180887372,0.627329192546584,0.540123456790123,0.599415204678363,0.546961325966851,0.56,0.600522193211488,"עוצם"
33,"בת שלמה",0.102040816326531,0.0675105485232067,0.0934256055363322,0.14375,0.0591549295774648,0.0680473372781065,0.0593220338983051,0.0985915492957746,0.0773993808049536,"בתשלמה"
35,"גדות",0.00921658986175115,0.00892857142857143,0.0263157894736842,0.0617283950617284,0.0203252032520325,0.012448132780083,0.00413223140495868,0.00823045267489712,0.0160642570281124,"גדות"
36,"שדה דוד",0.276243093922652,0.221052631578947,0.435897435897436,0.251256281407035,0.163879598662207,0.21405750798722,0.171686746987952,0.241721854304636,0.304709141274238,"שדהדוד"
37,"איתן",0.700564971751412,0.683937823834197,0.671171171171171,0.204724409448819,0.382022471910112,0.277580071174377,0.311355311355311,0.481481481481481,0.599358974358974,"איתן"
39,"גפן",0.475177304964539,0.284848484848485,0.342541436464088,0.360824742268041,0.183783783783784,0.336492890995261,0.209821428571429,0.281553398058252,0.448430493273543,"גפן"
41,"אליכין",0.50546875,0.354395604395604,0.298329355608592,0.401960784313726,0.184210526315789,0.223123732251521,0.205010224948875,0.268972638100155,0.325174825174825,"אליכין"
43,"מטולה",0.0418470418470418,0.0403120936280884,0.0783410138248848,0.149837133550489,0.0509209100758397,0.0540216086434574,0.0649651972157773,0.0977881257275902,0.0992647058823529,"מטולה"
44,"זוהר",0.358823529411765,0.348717948717949,0.389189189189189,0.246231155778894,0.187192118226601,0.201005025125628,0.192118226600985,0.268421052631579,0.295698924731183,"זוהר"
46,"יבנאל",0.444266238973537,0.458547322083639,0.538461538461538,0.522868435911914,0.41910447761194,0.485409652076319,0.507237984944991,0.578134284016637,0.613782051282051,"יבנאל"
47,"כפר תבור",0.0704334365325077,0.0624571036376115,0.108342361863489,0.156638013371538,0.0525464834276475,0.0678453947368421,0.0631924497332786,0.101646090534979,0.116184264166327,"כפרתבור"
48,"מנחמיה",0.316455696202532,0.137931034482759,0.170474516695958,0.227124183006536,0.0919540229885057,0.0964467005076142,0.101666666666667,0.185185185185185,0.240650406504065,"מנחמיה"
49,"אילניה",0.0909090909090909,0.03515625,0.0905797101449275,0.161073825503356,0.04375,0.0709677419354839,0.0622950819672131,0.112540192926045,0.123287671232877,"אילניה"
52,"לוזית",0.476510067114094,0.552238805970149,0.542857142857143,0.376811594202899,0.201863354037267,0.238938053097345,0.23876404494382,0.253776435045317,0.33756345177665,"לוזית"
53,"עתלית",0.223755544603253,0.152271796970937,0.166152792052073,0.234903381642512,0.0804364374524232,0.0921020054468928,0.0967969853980217,0.131620111731844,0.136554202435616,"עתלית"
55,"נוגה",0.0457142857142857,0.0909090909090909,0.146788990825688,0.245487364620939,0.104895104895105,0.100719424460432,0.101010101010101,0.116788321167883,0.294117647058824,"נוגה"
57,"כנרת (קבוצה)",0.0180878552971576,0.0153061224489796,0.0367647058823529,0.0981735159817352,0.0214285714285714,0.00911161731207289,0.0160183066361556,0.0301624129930394,0.0471698113207547,"כנרתקבוצה"
58,"מצפה",0.012987012987013,0.043956043956044,0.0776699029126214,0.158415841584158,0.029126213592233,0,0.0217391304347826,0.0588235294117647,0.0941176470588235,"מצפה"
59,"נחושה",0.741379310344828,0.622047244094488,0.645161290322581,0.554298642533937,0.586378737541528,0.627318718381113,0.564724919093851,0.68025078369906,0.6,"נחושה"
62,"דגניה א'",0.0120845921450151,0.0120481927710843,0.0418994413407821,0.0737704918032787,0.0245231607629428,0.0149253731343284,0.00882352941176471,0.0255681818181818,0.014792899408284,"דגניהא"
63,"כנרת (מושבה)",0.0608365019011407,0.043010752688172,0.0673076923076923,0.144067796610169,0.0580474934036939,0.0415512465373961,0.0477453580901857,0.0894308943089431,0.0901856763925729,"כנרתמושבה"
64,"יד רמב""ם",0.309859154929577,0.268041237113402,0.3690036900369,0.363486842105263,0.14308426073132,0.175548589341693,0.154779969650986,0.21486268174475,0.31892697466468,"ידרמבם"
65,"מגדל",0.35304347826087,0.346278317152104,0.358592692828146,0.304906542056075,0.221864951768489,0.235164835164835,0.250535331905782,0.31390134529148,0.417008196721311,"מגדל"
66,"מרחביה (קיבוץ)",0.027355623100304,0.0367647058823529,0.0505050505050505,0.0972886762360447,0.0338983050847458,0.0361067503924647,0.0364741641337386,0.0693815987933635,0.058641975308642,"מרחביהקיבוץ"
67,"אור הנר",0.004,0.00711743772241993,0.0203562340966921,0.0609480812641084,0.0141987829614604,0.0105932203389831,0.0127931769722814,0.0623700623700624,0.0457380457380457,"אורהנר"
69,"ניר עוז",0,0,0.0274509803921569,0.0485074626865672,0.00809716599190283,0.00892857142857143,0.0206611570247934,0.0333333333333333,0.0334728033472803,"נירעוז"
70,"אשדוד",0.308416701892819,0.262977969106103,0.343106687065476,0.328233350706253,0.268738024247944,0.290088971653217,0.288244246252731,0.337117848534822,0.385798063528643,"אשדוד"
71,"אשבול",0.176470588235294,0.221476510067114,0.377659574468085,0.231111111111111,0.156739811912226,0.137380191693291,0.163522012578616,0.251633986928105,0.307692307692308,"אשבול"
72,"גן שמואל",0.00490998363338789,0,0.00627943485086342,0.0193740685543964,0.0029806259314456,0.00292397660818713,0.00148588410104012,0,0.00601503759398496,"גןשמואל"
74,"עין הוד",0,0.0211864406779661,0.0559440559440559,0.0714285714285714,0.016260162601626,0.0252100840336134,0.0285714285714286,0.0476190476190476,0.033033033033033,"עיןהוד"
76,"כפר גלעדי",0.0149253731343284,0.0173913043478261,0.0285714285714286,0.121546961325967,0.0279329608938547,0.0253521126760563,0.0194986072423398,0.0308988764044944,0.0254237288135593,"כפרגלעדי"
77,"איילת השחר",0.0305343511450382,0.0692883895131086,0.0318791946308725,0.0919220055710306,0.0252525252525253,0.019434628975265,0.0239316239316239,0.029616724738676,0.0663265306122449,"איילתהשחר"
78,"קרית ענבים",0.024390243902439,0.0241545893719807,0.0241545893719807,0.0960698689956332,0.0181818181818182,0.0143540669856459,0.0195121951219512,0.033175355450237,0.029126213592233,"קריתענבים"
79,"דגניה ב'",0.0100334448160535,0.0130718954248366,0.0266666666666667,0.0668316831683168,0.0188679245283019,0.0248756218905473,0.0272952853598015,0.0393120393120393,0.0198511166253102,"דגניהב"
80,"נהלל",0.026378896882494,0.00225733634311512,0.0251572327044025,0.0598455598455598,0.0128440366972477,0.017921146953405,0.0249554367201426,0.0291595197255575,0.0242718446601942,"נהלל"
82,"עין חרוד (מאוחד)",0.0498866213151927,0.0486257928118393,0.0717299578059072,0.093167701863354,0.0389344262295082,0.0362173038229376,0.0423387096774194,0.0708502024291498,0.038135593220339,"עיןחרודמאוחד"
84,"תל יוסף",0.00865800865800866,0.0240963855421687,0.0656934306569343,0.0934256055363322,0.0313588850174216,0.0404411764705882,0.0397111913357401,0.0398550724637681,0.039426523297491,"תליוסף"
85,"כפר יחזקאל",0.0167597765363128,0.00688073394495413,0.0388349514563107,0.109090909090909,0.0275387263339071,0.0290598290598291,0.0320404721753794,0.0594227504244482,0.0597014925373134,"כפריחזקאל"
86,"גבע",0.00552486187845304,0.00539083557951483,0.00530503978779841,0.0103359173126615,0.00530503978779841,0.00789473684210526,0.00531914893617021,0.0156657963446475,0.0056980056980057,"גבע"
89,"עין חרוד (איחוד)",0.00264550264550265,0.00520833333333333,0.0321782178217822,0.0463414634146341,0.010126582278481,0.0186666666666667,0.0159574468085106,0.041994750656168,0.046831955922865,"עיןחרודאיחוד"
90,"חפצי-בה",0.0115830115830116,0.0232558139534884,0.023728813559322,0.0627062706270627,0.0310262529832936,0.0324825986078886,0.0484261501210654,0.0705596107055961,0.0831295843520782,"חפציבה"
92,"גיניגר",0,0.0135135135135135,0.0304709141274238,0.057742782152231,0.0101522842639594,0,0.0106100795755968,0.0336787564766839,0.0277008310249307,"גיניגר"
94,"בלפוריה",0.0342857142857143,0.0738636363636364,0.1285140562249,0.169741697416974,0.0833333333333333,0.0807453416149068,0.060790273556231,0.105740181268882,0.1,"בלפוריה"
95,"בית אלפא",0.00519480519480519,0.00280898876404494,0.0183908045977011,0.065439672801636,0.0210280373831776,0.037914691943128,0.0337349397590361,0.0434782608695652,0.037037037037037,"ביתאלפא"
96,"יגור",0.0075,0.0069284064665127,0.0191873589164786,0.0685393258426966,0.00861141011840689,0.012847965738758,0.011943539630836,0.019845644983462,0.0202247191011236,"יגור"
97,"מרחביה (מושב)",0.0207715133531157,0.0258397932816537,0.0678851174934726,0.124365482233503,0.05,0.0471698113207547,0.0529953917050691,0.0909090909090909,0.0852534562211982,"מרחביהמושב"
98,"כפר מל""ל",0.00462962962962963,0.0135135135135135,0.0223214285714286,0.0805084745762712,0.0126582278481013,0.0172413793103448,0.0358744394618834,0.0493273542600897,0.0285714285714286,"כפרמלל"
99,"מצפה רמון",0.214285714285714,0.217391304347826,0.238911290322581,0.134642356241234,0.209026128266033,0.192771084337349,0.195260663507109,0.287096774193548,0.317718940936864,"מצפהרמון"
102,"מאיר שפיה",0.0512820512820513,0,0.134615384615385,0.224489795918367,0.0185185185185185,0.0161290322580645,0,0.0714285714285714,0.113207547169811,"מאירשפיה"
103,"תל עדשים",0.0521739130434783,0.0351648351648352,0.0871985157699443,0.125816993464052,0.0535714285714286,0.045662100456621,0.0538461538461538,0.104565537555228,0.0765765765765766,"תלעדשים"
104,"מזרע",0.00453514739229025,0.0043010752688172,0.0105263157894737,0.0463157894736842,0.016,0.0102669404517454,0.0160965794768612,0.019723865877712,0.016359918200409,"מזרע"
106,"כפר גדעון",0.68695652173913,0.696969696969697,0.640350877192982,0.607692307692308,0.558620689655172,0.642857142857143,0.597014925373134,0.688888888888889,0.76,"כפרגדעון"
107,"כפר סילבר",0,0.0491803278688525,0.160714285714286,0.235294117647059,0.0294117647058824,0.0285714285714286,0.0294117647058824,0.138888888888889,0.178571428571429,"כפרסילבר"
112,"כפר חסידים א'",0.361194029850746,0.310924369747899,0.365482233502538,0.362244897959184,0.280612244897959,0.285714285714286,0.264781491002571,0.332480818414322,0.316622691292876,"כפרחסידיםא"
113,"אדירים",0.47682119205298,0.516339869281046,0.632258064516129,0.575,0.342857142857143,0.43455497382199,0.333333333333333,0.45,0.556818181818182,"אדירים"
115,"חופית",0.0101419878296146,0.0078125,0.032015065913371,0.058076225045372,0.0153256704980843,0.0326295585412668,0.025,0.0384615384615385,0.0176056338028169,"חופית"
122,"רמת ישי",0.0632292058712834,0.0495537088334872,0.0795627859684799,0.160152526215443,0.0474964904071128,0.0513126491646778,0.0486537553141238,0.0978057889822596,0.0982778415614236,"רמתישי"
126,"שריד",0.00707547169811321,0.00476190476190476,0.0136186770428016,0.0455407969639469,0.0165137614678899,0.0164835164835165,0.0241187384044527,0.0187265917602996,0.018796992481203,"שריד"
127,"רמת רחל",0.0582959641255605,0.0269058295964126,0.0693877551020408,0.0656370656370656,0.0176056338028169,0.028169014084507,0.0344827586206897,0.0520833333333333,0.049469964664311,"רמתרחל"
128,"גת רימון",0.075187969924812,0.0763358778625954,0.1,0.184210526315789,0.0410958904109589,0.0680272108843537,0.0472972972972973,0.0764331210191083,0.0704225352112676,"גתרימון"
130,"משמר העמק",0.00170940170940171,0.00169204737732657,0.00451807228915663,0.0148367952522255,0.00979020979020979,0.00278164116828929,0.00699300699300699,0.00821917808219178,0.00841514726507714,"משמרהעמק"
132,"כפר ברוך",0.0342465753424658,0.04,0.0562770562770563,0.1328125,0.0278745644599303,0.0171821305841924,0.0313588850174216,0.074468085106383,0.104477611940299,"כפרברוך"
133,"גבת",0.00444444444444444,0.0107991360691145,0.0198807157057654,0.0467289719626168,0.0072463768115942,0.00178890876565295,0.00362976406533575,0.0126582278481013,0.0140845070422535,"גבת"
134,"יפעת",0.00680272108843537,0.0109649122807018,0.0234833659491194,0.0543478260869565,0.016750418760469,0.0176,0.0222575516693164,0.0410742496050553,0.0524691358024691,"יפעת"
135,"רמת דוד",0.0210084033613445,0.0211864406779661,0.0681003584229391,0.0674157303370786,0.039568345323741,0.0174825174825175,0.0210526315789474,0.0308219178082192,0.039344262295082,"רמתדוד"
139,"עין שמר",0.00484261501210654,0.00975609756097561,0.0212765957446809,0.0525114155251142,0.00932400932400932,0.0187353629976581,0.00702576112412178,0.018957345971564,0.0303687635574837,"עיןשמר"
140,"כפר יהושע",0.0165094339622642,0.0110132158590308,0.0162748643761302,0.0598290598290598,0.0255255255255255,0.0168195718654434,0.0418535127055306,0.0532724505327245,0.0359712230215827,"כפריהושע"
141,"ברק",0.0925925925925926,0.0666666666666667,0.123762376237624,0.178571428571429,0.0694444444444444,0.0752212389380531,0.0688073394495413,0.0995024875621891,0.214611872146119,"ברק"
142,"שדה יעקב",0.616197183098592,0.603030303030303,0.614349775784753,0.587737843551797,0.448412698412698,0.487854251012146,0.463073852295409,0.513833992094862,0.488505747126437,"שדהיעקב"
143,"בית זרע",0.00763358778625954,0.013262599469496,0.0126903553299492,0.0597014925373134,0.0104166666666667,0.0213333333333333,0.0134408602150538,0.031496062992126,0.0227272727272727,"ביתזרע"
144,"גן שלמה",0.00740740740740741,0.0072202166064982,0.0247349823321555,0.0498338870431894,0.0151975683890578,0.0125786163522013,0.0154798761609907,0.0181268882175227,0.025,"גןשלמה"
145,"גדיש",0.367088607594937,0.325581395348837,0.329411764705882,0.265625,0.103092783505155,0.127659574468085,0.128571428571429,0.139303482587065,0.215311004784689,"גדיש"
146,"דבורה",0.0422535211267606,0.0851063829787234,0.0853658536585366,0.211180124223602,0.0124223602484472,0.0545454545454545,0.0324675324675325,0.118881118881119,0.079136690647482,"דבורה"
147,"גבעת ברנר",0.00975609756097561,0.0101694915254237,0.0294339622641509,0.0758468335787923,0.0219236209335219,0.0262784090909091,0.02322206095791,0.0437544107268878,0.0420462508759636,"גבעתברנר"
154,"תל מונד",0.127868852459016,0.0958367683429514,0.12351976680634,0.195121951219512,0.0721766204358902,0.0895035460992908,0.0840620592383639,0.108587257617729,0.112551334702259,"תלמונד"
155,"באר טוביה",0.00704225352112676,0.00219298245614035,0.0374753451676529,0.0609981515711645,0.0315457413249211,0.0271084337349398,0.0343213728549142,0.0540540540540541,0.0595238095238095,"בארטוביה"
156,"עיינות",0.03125,0,0.0740740740740741,0.196078431372549,0.113207547169811,0.0754716981132075,0.08,0.170731707317073,0.173913043478261,"עיינות"
157,"עין ורד",0.015929203539823,0.00615384615384615,0.03125,0.0545023696682464,0.0282805429864253,0.0228050171037628,0.0165680473372781,0.0464088397790055,0.0285062713797035,"עיןורד"
158,"נען",0.0116279069767442,0.00895140664961637,0.0255555555555556,0.05,0.0221997981836529,0.0183673469387755,0.0260782347041123,0.0240480961923848,0.0272452068617558,"נען"
159,"בית חנן",0.0184049079754601,0.0056657223796034,0.0283505154639175,0.0903361344537815,0.0244498777506112,0.0247524752475248,0.0248756218905473,0.06,0.0583554376657825,"ביתחנן"
160,"חולדה",0.03125,0.0476190476190476,0.0448979591836735,0.0881670533642691,0.0340909090909091,0.0268199233716475,0.0280373831775701,0.0280373831775701,0.0543478260869565,"חולדה"
162,"חירות",0.0069204152249135,0.0184049079754601,0.0198863636363636,0.0672268907563025,0.0222513089005236,0.0184453227931489,0.0213049267643142,0.0318725099601594,0.0214190093708166,"חירות"
163,"תימורים",0.021021021021021,0.0150375939849624,0.0486725663716814,0.141935483870968,0.0402414486921529,0.0294117647058824,0.0281385281385281,0.058165548098434,0.0508849557522124,"תימורים"
164,"מלאה",0.29375,0.275449101796407,0.318407960199005,0.29951690821256,0.15625,0.172093023255814,0.163793103448276,0.228310502283105,0.33953488372093,"מלאה"
165,"ניר יפה",0.0238095238095238,0.0660377358490566,0.151515151515152,0.244299674267101,0.0568561872909699,0.0805369127516778,0.0861538461538462,0.126582278481013,0.174174174174174,"ניריפה"
166,"גן יבנה",0.198451439151658,0.143769152196118,0.212770318745516,0.234947406601378,0.105220027862001,0.123804813715793,0.12441200324412,0.183348536362883,0.210748650551514,"גןיבנה"
167,"עין החורש",0.00826446280991736,0.0019723865877712,0.00196463654223969,0.0187265917602996,0.00535714285714286,0.0036036036036036,0.00552486187845304,0.00569259962049336,0.0110294117647059,"עיןהחורש"
168,"כפר יונה",0.175346909353037,0.114504901264384,0.159338878686399,0.231803872937136,0.0807617704108623,0.104685338865837,0.102201257861635,0.145340918195657,0.168355855855856,"כפריונה"
170,"כפר יעבץ",0.517605633802817,0.360248447204969,0.532544378698225,0.451871657754011,0.244505494505494,0.292682926829268,0.303191489361702,0.425925925925926,0.452991452991453,"כפריעבץ"
171,"פרדסיה",0.116246981717834,0.082363747703613,0.0949008498583569,0.193364155561599,0.0556426332288401,0.07776008492569,0.0731513384574609,0.11374290648902,0.108293351610692,"פרדסיה"
173,"גבעת חיים (מאוחד)",0.0214876033057851,0.0193236714975845,0.0207407407407407,0.06158357771261,0.0236336779911374,0.0163934426229508,0.0209895052473763,0.0327380952380952,0.0432835820895522,"גבעתחייםמאוחד"
174,"נטעים",0.0426356589147287,0.0598006644518272,0.0589812332439678,0.115789473684211,0.0412621359223301,0.0484261501210654,0.0491803278688525,0.0896551724137931,0.0675675675675676,"נטעים"
175,"אביחיל",0.0349417637271215,0.0312965722801788,0.052924791086351,0.087431693989071,0.0268817204301075,0.040983606557377,0.0327421555252387,0.0578734858681023,0.0446685878962536,"אביחיל"
176,"אפיקים",0.00884955752212389,0.0117994100294985,0.0286123032904149,0.056786703601108,0.0134408602150538,0.0196629213483146,0.0177838577291382,0.0303030303030303,0.0354609929078014,"אפיקים"
177,"כפר ביל""ו",0.0204841713221601,0.0184563758389262,0.0333333333333333,0.0852941176470588,0.0372492836676218,0.0352941176470588,0.0434782608695652,0.0483870967741935,0.0786350148367952,"כפרבילו"
178,"רמת יוחנן",0.0167464114832536,0.012847965738758,0.0455407969639469,0.0659536541889483,0.0189003436426117,0.0213903743315508,0.0295652173913043,0.0402802101576182,0.0463917525773196,"רמתיוחנן"
182,"אבן יהודה",0.108193277310924,0.0767061477721376,0.0900887573964497,0.149261967167885,0.0497222956889712,0.0601333333333333,0.0535666931848316,0.0803595030399154,0.0815026647601716,"אבןיהודה"
183,"ירקונה",0.00632911392405063,0.0099009900990099,0.0280373831775701,0.047008547008547,0.0214592274678112,0.0220264317180617,0.0266666666666667,0.038961038961039,0.0401785714285714,"ירקונה"
184,"רמת הכובש",0.0072289156626506,0.00932400932400932,0.0176991150442478,0.0559006211180124,0.0275590551181102,0.0133079847908745,0.018796992481203,0.0344168260038241,0.0245746691871456,"רמתהכובש"
186,"נעורים",0.0961538461538462,0.087719298245614,0.0810810810810811,0.151898734177215,0.0266666666666667,0.0416666666666667,0.0273972602739726,0.104477611940299,0.0655737704918033,"נעורים"
187,"כפר הס",0.0071301247771836,0.0062015503875969,0.0280504908835905,0.0478723404255319,0.00497512437810945,0.0160493827160494,0.0112359550561798,0.0246305418719212,0.0122399020807834,"כפרהס"
188,"אשדות יעקב  (מאוח",0.0338983050847458,0.032258064516129,0.0638297872340425,0.101351351351351,0.0315186246418338,0.0348837209302326,0.0607734806629834,0.0662983425414365,0.0794044665012407,"אשדותיעקבמאוח"
189,"כפר פינס",0.782051282051282,0.718146718146718,0.714776632302406,0.64983164983165,0.678343949044586,0.698675496688742,0.654952076677316,0.760655737704918,0.769230769230769,"כפרפינס"
190,"כפר ויתקין",0.0113507377979569,0.0110864745011086,0.0367577756833176,0.0600739371534196,0.0194085027726433,0.0151371807000946,0.0188679245283019,0.0339943342776204,0.0227920227920228,"כפרויתקין"
191,"הדר עם",0.0176056338028169,0.0238907849829352,0.0338028169014084,0.111702127659574,0.0211764705882353,0.0217917675544794,0.0121359223300971,0.0611246943765281,0.030952380952381,"הדרעם"
192,"כפר החורש",0.0183823529411765,0.0169491525423729,0.0340557275541796,0.0634441087613293,0.018970189701897,0.0224089635854342,0.0256410256410256,0.0491803278688525,0.053475935828877,"כפרהחורש"
193,"כפר חיים",0.0202702702702703,0.0221518987341772,0.033033033033033,0.0644171779141104,0.0246153846153846,0.00302114803625378,0.0144508670520231,0.0177514792899408,0.0177514792899408,"כפרחיים"
194,"משמר השרון",0,0.0069204152249135,0.0122324159021407,0.0290697674418605,0.0174927113702624,0.0172413793103448,0.0171919770773639,0.0196629213483146,0.0179640718562874,"משמרהשרון"
195,"קדימה-צורן",NA,0.102904124121469,0.13365942441133,0.191570135306142,0.0810694264769297,0.0922113570080631,0.0892139252416389,0.127570253598355,0.138020397926768,"קדימהצורן"
196,"גיבתון",0.0363636363636364,0.0404624277456647,0.0641711229946524,0.103626943005181,0.055,0.0531400966183575,0.0324074074074074,0.0837004405286344,0.0601851851851852,"גיבתון"
197,"מעברות",0.0134357005758157,0.0127504553734062,0.00706713780918728,0.0275387263339071,0.0154109589041096,0.0123456790123457,0.0141843971631206,0.0273504273504274,0.0218579234972678,"מעברות"
198,"צופית",0.0105263157894737,0.0145985401459854,0.0458404074702886,0.0766666666666667,0.0167785234899329,0.015177065767285,0.0217755443886097,0.0405844155844156,0.0509554140127389,"צופית"
199,"אשדות יעקב  (איחו",0.023972602739726,0.021875,0.0477453580901857,0.0982142857142857,0.0225872689938398,0.0399159663865546,0.0424628450106157,0.0780287474332649,0.046218487394958,"אשדותיעקבאיחו"
200,"בית ינאי",0.0206185567010309,0.010752688172043,0.00442477876106195,0.0765765765765766,0.0102040816326531,0.0103626943005181,0.00520833333333333,0.0364583333333333,0.00995024875621891,"ביתינאי"
202,"בית עובד",0.00956937799043062,0.0104712041884817,0.0198019801980198,0.0577777777777778,0.00555555555555556,0.0105263157894737,0,0.0575916230366492,0.0108108108108108,"ביתעובד"
204,"אלישיב",0.470588235294118,0.327759197324415,0.257971014492754,0.338501291989664,0.122615803814714,0.173295454545455,0.157142857142857,0.230978260869565,0.249336870026525,"אלישיב"
205,"חגלה",0.0263157894736842,0.0246913580246914,0.0420168067226891,0.0846560846560847,0.0220588235294118,0.0224438902743142,0.0175879396984925,0.0467980295566502,0.0364963503649635,"חגלה"
206,"רמות השבים",0.0245901639344262,0.0188405797101449,0.0365408038976857,0.0671641791044776,0.0282167042889391,0.0308571428571429,0.0393700787401575,0.0534934497816594,0.0441988950276243,"רמותהשבים"
207,"גבעת ח""ן",0.0300429184549356,0.0164609053497942,0.0306513409961686,0.0682730923694779,0.0272373540856031,0.0160642570281124,0.0201612903225806,0.0411522633744856,0.0382978723404255,"גבעתחן"
208,"מוצא עילית",0.0507726269315673,0.0293398533007335,0.0481171548117155,0.111332007952286,0.0258751902587519,0.029595015576324,0.0317700453857791,0.0582822085889571,0.0661157024793388,"מוצאעילית"
213,"משמרות",0.00671140939597315,0.0112994350282486,0.0214592274678112,0.0602739726027397,0.0266075388026608,0.0214132762312634,0.0242914979757085,0.0411985018726592,0.0172117039586919,"משמרות"
217,"כפר הרא""ה",0.716867469879518,0.65863453815261,0.699472759226713,0.602671118530885,0.57312925170068,0.611015490533563,0.586505190311419,0.673575129533679,0.612627986348123,"כפרהראה"
218,"גני עם",0,0.0132450331125828,0.0333333333333333,0.1,0.0117647058823529,0.0419161676646707,0.0359281437125748,0.069364161849711,0.0176470588235294,"גניעם"
219,"חיבת ציון",0.228136882129278,0.163265306122449,0.195266272189349,0.238372093023256,0.151515151515152,0.141689373297003,0.167130919220056,0.216019417475728,0.145882352941176,"חיבתציון"
220,"כפר ביאליק",0.0526315789473684,0.0541516245487365,0.0701754385964912,0.141955835962145,0.0775623268698061,0.0472222222222222,0.0535714285714286,0.0823170731707317,0.0681818181818182,"כפרביאליק"
223,"עין עירון",0.0177777777777778,0.0202429149797571,0.0337837837837838,0.107692307692308,0.0116618075801749,0.00909090909090909,0.0125391849529781,0.0457317073170732,0.025,"עיןעירון"
224,"שושנת העמקים",NA,0.222222222222222,0.211726384364821,0.306547619047619,0.123809523809524,0.15112540192926,0.157728706624606,0.192307692307692,0.20820189274448,"שושנתהעמקים"
225,"גן השומרון",0.014367816091954,0.0349462365591398,0.0678733031674208,0.130530973451327,0.0189075630252101,0.0199203187250996,0.0349794238683128,0.0438413361169102,0.0375782881002088,"גןהשומרון"
229,"גני תקווה",0.217899431031831,0.190469314079422,0.202570379436965,0.231790258885476,0.137783832879201,0.150410861021793,0.144589877835951,0.171014492753623,0.164515113350126,"גניתקווה"
230,"מעש",0.0717488789237668,0.0628930817610063,0.0785854616895874,0.106422018348624,0.0591497227356747,0.0766355140186916,0.0602636534839925,0.0881226053639847,0.103658536585366,"מעש"
232,"שפיים",0.00513698630136986,0.00648298217179903,0.0131964809384164,0.0280898876404494,0.00776196636481242,0.0105960264900662,0.00661375661375661,0.0140127388535032,0.00738916256157635,"שפיים"
233,"כפר ידידיה",0.00696864111498258,0.0140845070422535,0.0298507462686567,0.0678391959798995,0.0151515151515152,0.0126903553299492,0.0125628140703518,0.0231362467866324,0.0234986945169713,"כפרידידיה"
234,"ביצרון",0.0173410404624277,0.00694444444444444,0.0527156549520767,0.0795795795795796,0.0414285714285714,0.0316546762589928,0.0281293952180028,0.0541310541310541,0.0551301684532925,"ביצרון"
235,"חבצלת השרון",0.13469387755102,0.0991379310344828,0.11353711790393,0.155251141552511,0.0941704035874439,0.0607476635514019,0.0982142857142857,0.112676056338028,0.143540669856459,"חבצלתהשרון"
237,"שער העמקים",0.00256410256410256,0.00495049504950495,0.00237529691211401,0.018348623853211,0.0046189376443418,0.00229357798165138,0.0045766590389016,0.0157657657657658,0.0116009280742459,"שערהעמקים"
239,"גן חיים",0.00833333333333333,0.0127877237851662,0.0490654205607477,0.10250569476082,0.0250569476082005,0.023094688221709,0.014218009478673,0.0327868852459016,0.0395348837209302,"גןחיים"
240,"יקנעם עילית",0.12781677133358,0.118065107748739,0.141334145598538,0.234185245604495,0.0810037600130783,0.0906070183969527,0.0912224448897796,0.14392280872456,0.159940209267564,"יקנעםעילית"
241,"יקנעם (מושבה)",0.0545746388443018,0.042962962962963,0.0622462787550744,0.104359313077939,0.0421455938697318,0.0402075226977951,0.0354706684856753,0.0474967907573813,0.0501981505944518,"יקנעםמושבה"
242,"בית השיטה",0.0165837479270315,0.014446227929374,0.0323033707865169,0.0806451612903226,0.0336351875808538,0.0313725490196078,0.0343915343915344,0.0450331125827815,0.0560109289617486,"ביתהשיטה"
246,"נתיבות",0.573996405032954,0.528417959783307,0.616118769883351,0.39402862425529,0.517431846528479,0.520205816037463,0.526502353918582,0.597119835419167,0.64932735426009,"נתיבות"
247,"רשפון",0.0169172932330827,0.00850340136054422,0.0434131736526946,0.0647058823529412,0.0176470588235294,0.0103092783505155,0.0176991150442478,0.0277777777777778,0.0192878338278932,"רשפון"
248,"בית שערים",0.0376811594202899,0.0159574468085106,0.0494791666666667,0.100490196078431,0.029023746701847,0.0366492146596859,0.0277777777777778,0.047244094488189,0.0510204081632653,"ביתשערים"
249,"כפר סירקין",0.0299065420560748,0.0368509212730318,0.0434782608695652,0.0953800298062593,0.0348837209302326,0.0261194029850746,0.0373230373230373,0.0522292993630573,0.0542929292929293,"כפרסירקין"
250,"הזורע",0.00525394045534151,0.00172413793103448,0.0157894736842105,0.0563139931740614,0.0193236714975845,0.0333333333333333,0.0229508196721311,0.0393700787401575,0.0192926045016077,"הזורע"
252,"ביתן אהרן",0.0242290748898678,0.0111111111111111,0.0103092783505155,0.0978260869565217,0.0588235294117647,0.0933333333333333,0.0649350649350649,0.10989010989011,0.0689655172413793,"ביתןאהרן"
253,"חולתה",0.0205761316872428,0.0337078651685393,0.0294117647058824,0.101351351351351,0.031055900621118,0.0301204819277108,0.0598802395209581,0.0776119402985075,0.0802292263610315,"חולתה"
254,"כפר המכבי",0.0115606936416185,0,0.0609137055837563,0.075,0,0.0141509433962264,0.00465116279069767,0.0229357798165138,0.0297872340425532,"כפרהמכבי"
255,"כפר חיטים",0.0552486187845304,0.0757575757575758,0.130841121495327,0.183098591549296,0.0524781341107872,0.0647058823529412,0.0494186046511628,0.0901162790697674,0.130057803468208,"כפרחיטים"
256,"ניר דוד (תל עמל)",0.0024390243902439,0.00498753117206983,0.0116009280742459,0.0135135135135135,0.0104384133611691,0.0197802197802198,0.0170212765957447,0.0230607966457023,0.0240700218818381,"נירדודתלעמל"
257,"נופך",0.229813664596273,0.186170212765957,0.233183856502242,0.29277566539924,0.0952380952380952,0.133540372670807,0.107692307692308,0.187301587301587,0.212765957446809,"נופך"
259,"שדה נחום",0.0125786163522013,0.0181818181818182,0.0689655172413793,0.116104868913858,0.031331592689295,0.024,0.0200501253132832,0.0781609195402299,0.10261569416499,"שדהנחום"
262,"גינוסר",0.0321543408360129,0.0278745644599303,0.036697247706422,0.0846994535519126,0.0206185567010309,0.008,0.0216216216216216,0.0410557184750733,0.0538461538461538,"גינוסר"
263,"מסדה",0.0138888888888889,0.00645161290322581,0.0127388535031847,0.0652173913043478,0.027027027027027,0.0171428571428571,0.0232558139534884,0.0581395348837209,0.0617977528089888,"מסדה"
264,"שער הגולן",0.00819672131147541,0.010840108401084,0.00802139037433155,0.0398936170212766,0.0101522842639594,0.0137741046831956,0.0136986301369863,0.0164835164835165,0.0317919075144509,"שערהגולן"
265,"בית יוסף",0.55421686746988,0.372093023255814,0.485875706214689,0.382198952879581,0.113725490196078,0.146938775510204,0.168,0.211267605633803,0.317164179104478,"ביתיוסף"
267,"כפר שמריהו",0.0193610842207164,0.0205223880597015,0.0504424778761062,0.0642737896494157,0.0313790255986788,0.032258064516129,0.0291497975708502,0.0430194805194805,0.0410297666934835,"כפרשמריהו"
268,"טירת צבי",0.63563829787234,0.560411311053985,0.626794258373206,0.602409638554217,0.513126491646778,0.558441558441558,0.4975,0.618811881188119,0.549528301886792,"טירתצבי"
269,"מולדת",0.0132978723404255,0.0191082802547771,0.046242774566474,0.0802919708029197,0.0430622009569378,0.0331588132635253,0.0332778702163062,0.0362438220757825,0.0562913907284768,"מולדת"
270,"עין השופט",0.00421940928270042,0.00616016427104723,0.0152091254752852,0.0351851851851852,0.0132075471698113,0.0133333333333333,0.015180265654649,0.0223463687150838,0.0131086142322097,"עיןהשופט"
272,"מעוז חיים",0.0165562913907285,0.00353356890459364,0.0452830188679245,0.0559440559440559,0.0162866449511401,0.00347222222222222,0.0133333333333333,0.0511945392491468,0.066006600660066,"מעוזחיים"
273,"עין גב",0.032051282051282,0.0102389078498294,0.0577617328519856,0.082018927444795,0.0214067278287462,0.0126182965299685,0.0124223602484472,0.0407523510971787,0.05,"עיןגב"
274,"כפר מנחם",0.00584795321637427,0,0.0206022187004754,0.06645056726094,0.0133928571428571,0.025297619047619,0.0165413533834586,0.029806259314456,0.0232896652110626,"כפרמנחם"
276,"צור משה",0.0280464216634429,0.0197086546700943,0.0448765893792072,0.123502994011976,0.0346289752650177,0.0321453529000699,0.0405027932960894,0.0670773442847365,0.043331076506432,"צורמשה"
278,"אושה",0,0.004739336492891,0.0043859649122807,0.0766129032258065,0.0185873605947955,0.0114942528735632,0.0153846153846154,0.0253623188405797,0.0418118466898955,"אושה"
280,"חניתה",0.0257234726688103,0,0.0268948655256724,0.0767543859649123,0.020460358056266,0.0150537634408602,0.0177383592017738,0.0336322869955157,0.0402684563758389,"חניתה"
281,"פקיעין חדשה",0.285714285714286,0.388235294117647,0.571428571428571,0.415458937198068,0.289156626506024,0.293436293436293,0.308550185873606,0.3671875,0.437722419928826,"פקיעיןחדשה"
282,"שבי ציון",0.0303030303030303,0.0294784580498866,0.0699815837937385,0.136279926335175,0.0527156549520767,0.0651465798045603,0.0506535947712418,0.1104,0.0784,"שביציון"
284,"שדה ורבורג",0.0242990654205607,0.0101180438448567,0.0329815303430079,0.073202614379085,0.0193050193050193,0.0175438596491228,0.0218579234972678,0.0331564986737401,0.0190995907230559,"שדהורבורג"
285,"אלונים",0.00588235294117647,0.0317919075144509,0.0284237726098191,0.0744416873449131,0.0277777777777778,0.0151515151515152,0.016,0.0429292929292929,0.0305343511450382,"אלונים"
286,"מעלה החמישה",0.018348623853211,0.0214592274678112,0.0180505415162455,0.0515759312320917,0.0282776349614396,0.0173697270471464,0.026634382566586,0.0314769975786925,0.0165876777251185,"מעלההחמישה"
287,"תל יצחק",0.0126182965299685,0.00598802395209581,0.0310786106032907,0.0634920634920635,0.0260707635009311,0.030188679245283,0.0252427184466019,0.037914691943128,0.0308370044052863,"תליצחק"
288,"בית יהושע",0.0588235294117647,0.0378151260504202,0.0583657587548638,0.0850661625708885,0.0492700729927007,0.0357142857142857,0.0318352059925094,0.0472854640980736,0.0397236614853195,"ביתיהושע"
289,"עין המפרץ",0.00426439232409382,0.00426439232409382,0.00793650793650794,0.0353634577603143,0.00904159132007233,0.00766283524904215,0.00920810313075507,0.0183823529411765,0.0148975791433892,"עיןהמפרץ"
290,"מעין צבי",0.014367816091954,0.0167130919220056,0.0259433962264151,0.0769230769230769,0.0274261603375527,0.0142566191446029,0.0209205020920502,0.0504201680672269,0.0374220374220374,"מעיןצבי"
292,"שרונה",0.0437956204379562,0.0301003344481605,0.0530973451327434,0.15606936416185,0.0371428571428571,0.0202312138728324,0.0231884057971014,0.0801186943620178,0.0753012048192771,"שרונה"
293,"שדה יואב",0,0,0.0144927536231884,0.031390134529148,0.0136054421768707,0.0132890365448505,0.00649350649350649,0.0292207792207792,0.0165562913907285,"שדהיואב"
294,"אילון",0.0138888888888889,0.0127272727272727,0.0458553791887125,0.101867572156197,0.0361067503924647,0.027823240589198,0.0323101777059774,0.0620915032679739,0.0470219435736677,"אילון"
295,"כפר רופין",0.0126050420168067,0.00749063670411985,0.0371747211895911,0.0783582089552239,0.0371747211895911,0.0277777777777778,0.0380228136882129,0.0633802816901408,0.0518518518518519,"כפררופין"
296,"נווה איתן",0,0.0212765957446809,0.0454545454545455,0.0857142857142857,0.00826446280991736,0.0512820512820513,0.056,0.0925925925925926,0.110169491525424,"נווהאיתן"
297,"כפר מסריק",0,0.00268096514745308,0.0188172043010753,0.0233160621761658,0.0148148148148148,0.012853470437018,0.0171149144254279,0.0211267605633803,0.0208816705336427,"כפרמסריק"
298,"מסילות",0.0135135135135135,0.0202702702702703,0.0198019801980198,0.0756578947368421,0.0139372822299652,0.00699300699300699,0.00359712230215827,0.0320284697508897,0.043010752688172,"מסילות"
300,"דליה",0.00608519269776876,0.00836820083682008,0.00819672131147541,0.028735632183908,0.00403225806451613,0.00842105263157895,0.00803212851405622,0.00980392156862745,0.012,"דליה"
301,"בית עוזיאל",0.247967479674797,0.195219123505976,0.278745644599303,0.318318318318318,0.119760479041916,0.119047619047619,0.147308781869688,0.205438066465257,0.291553133514986,"ביתעוזיאל"
302,"דפנה",0,0.00508905852417303,0.0252293577981651,0.0791855203619909,0.0196078431372549,0.024390243902439,0.0134228187919463,0.0294117647058824,0.0423728813559322,"דפנה"
303,"דן",0.00687285223367698,0.0166666666666667,0.00900900900900901,0.0393258426966292,0.00987654320987654,0.0122850122850123,0.0184696569920844,0.0225563909774436,0.0203045685279188,"דן"
304,"שדה אליהו",0.622641509433962,0.53133514986376,0.628571428571429,0.56234096692112,0.522388059701492,0.6,0.554376657824934,0.659090909090909,0.545454545454545,"שדהאליהו"
305,"גשר",0.0101010101010101,0.00664451827242525,0.0238907849829352,0.0462633451957295,0.0152671755725191,0,0.0115830115830116,0.0398406374501992,0.036,"גשר"
306,"שדמות דבורה",0.048,0.0218978102189781,0.0640243902439024,0.103260869565217,0.0178571428571429,0.0200501253132832,0.0182767624020888,0.0625,0.0362694300518135,"שדמותדבורה"
307,"הזורעים",0.73134328358209,0.684039087947883,0.708215297450425,0.641025641025641,0.585308056872038,0.594272076372315,0.584905660377358,0.659863945578231,0.691275167785235,"הזורעים"
308,"מחניים",0.0277777777777778,0.0179372197309417,0.0565371024734982,0.114035087719298,0.0205655526992288,0.0261780104712042,0.0381679389312977,0.0673076923076923,0.0987654320987654,"מחניים"
309,"נהורה",0.261363636363636,0.218568665377176,0.317324185248714,0.312035661218425,0.14992927864215,0.215384615384615,0.189821182943604,0.239416058394161,0.331005586592179,"נהורה"
310,"כפר גליקסון",0.010989010989011,0.0106382978723404,0.037037037037037,0.0729166666666667,0.00938967136150235,0.014018691588785,0.0233644859813084,0.0454545454545455,0.0338164251207729,"כפרגליקסון"
311,"גן שורק",0.0264900662251656,0.01875,0.0890052356020942,0.136363636363636,0.0303030303030303,0.0495049504950495,0.0339805825242718,0.0945273631840796,0.0663265306122449,"גןשורק"
312,"נווה ים",0.00869565217391304,0.0078740157480315,0.123456790123457,0.220858895705521,0.0784313725490196,0.0679012345679012,0.0506329113924051,0.169934640522876,0.2,"נווהים"
313,"אפק",0.00371747211895911,0.0178571428571429,0.0387323943661972,0.0622950819672131,0.0424403183023873,0.0219178082191781,0.0285714285714286,0.050761421319797,0.0384615384615385,"אפק"
315,"נגבה",0.00655737704918033,0,0.0167865707434053,0.0627906976744186,0.0145833333333333,0.0145530145530146,0.010482180293501,0.0313807531380753,0.0210970464135021,"נגבה"
316,"כפר נטר",0.0132275132275132,0.0104166666666667,0.0391061452513966,0.0819964349376114,0.016750418760469,0.0329289428076256,0.024822695035461,0.0692167577413479,0.0459558823529412,"כפרנטר"
317,"בית אורן",0.0392156862745098,0.0509554140127389,0.0294117647058824,0.119170984455959,0.0252525252525253,0.024390243902439,0.0241545893719807,0.0401785714285714,0.0436681222707424,"ביתאורן"
318,"עמיעוז",0.25,0.216,0.453781512605042,0.328671328671329,0.233082706766917,0.115942028985507,0.20863309352518,0.233082706766917,0.251533742331288,"עמיעוז"
319,"עמיר",0.00961538461538462,0.0119047619047619,0.0116279069767442,0.0632183908045977,0.00537634408602151,0.00560224089635854,0.0028735632183908,0.0190735694822888,0.016,"עמיר"
320,"כפר ורבורג",0.0378250591016548,0.0297619047619048,0.0705244122965642,0.135678391959799,0.0276497695852535,0.0337423312883436,0.0414012738853503,0.0772727272727273,0.0844854070660522,"כפרורבורג"
322,"בית הלל",0.0202020202020202,0.0203389830508475,0.0652173913043478,0.0895140664961637,0.016548463356974,0.0148883374689826,0.0180878552971576,0.0223325062034739,0.047029702970297,"ביתהלל"
324,"שאר ישוב",0.0372340425531915,0.0459183673469388,0.0479704797047971,0.146417445482866,0.0217391304347826,0.0302013422818792,0.0463576158940397,0.103333333333333,0.111475409836066,"שארישוב"
325,"מצובה",0.0116279069767442,0.0129449838187702,0.0458333333333333,0.121863799283154,0.0276422764227642,0.0258620689655172,0.04,0.0827464788732394,0.0671140939597315,"מצובה"
326,"בית יצחק-שער חפר",0.0218037661050545,0.0172413793103448,0.0251012145748988,0.0769822940723634,0.0245059288537549,0.0202265372168285,0.0271782573940847,0.0522213561964147,0.035799522673031,"ביתיצחקשערחפר"
327,"שדות ים",0.0318627450980392,0.0366132723112128,0.04,0.0791505791505791,0.0345423143350604,0.0365853658536585,0.0452173913043478,0.0505902192242833,0.0448504983388704,"שדותים"
329,"שדה נחמיה",0.0130434782608696,0.0128617363344051,0.0508474576271186,0.167330677290837,0.0226086956521739,0.0295652173913043,0.0348432055749129,0.0505226480836237,0.0874125874125874,"שדהנחמיה"
330,"אלומות",0.00757575757575758,0.0437956204379562,0.031055900621118,0.0790960451977401,0.0308370044052863,0.0384615384615385,0.0571428571428571,0.0780487804878049,0.0484581497797357,"אלומות"
331,"ניר צבי",0.0262697022767075,0.024653312788906,0.026431718061674,0.0851370851370851,0.0311653116531165,0.0266479663394109,0.0297619047619048,0.0464788732394366,0.0474074074074074,"נירצבי"
334,"קבוצת יבנה",0.535796766743649,0.505910165484634,0.51528384279476,0.476890756302521,0.338530066815145,0.394495412844037,0.362586605080831,0.465011286681716,0.338164251207729,"קבוצתיבנה"
335,"רמת השופט",0.00923076923076923,0.00828729281767956,0.00689655172413793,0.0728744939271255,0.0116959064327485,0.00589390962671906,0.00967117988394584,0.0325047801147228,0.0166051660516605,"רמתהשופט"
336,"דורות",0.0100671140939597,0.00318471337579618,0.0110803324099723,0.0706806282722513,0.0191846522781775,0.0272277227722772,0.0343137254901961,0.0603864734299517,0.0440097799511002,"דורות"
338,"איבים",0,0.0555555555555556,0.214285714285714,0.106666666666667,0.4,0.125,0.142857142857143,0.375,0.230769230769231,"איבים"
339,"רמת צבי",0.0263157894736842,0.0118577075098814,0.113636363636364,0.112462006079027,0.0294906166219839,0.0428954423592493,0.0395480225988701,0.0716112531969309,0.0545454545454545,"רמתצבי"
340,"גת (קיבוץ)",0.00816326530612245,0.00790513833992095,0.00955414012738853,0.0725075528700906,0.00255102040816327,0.0175438596491228,0.0122850122850123,0.0283687943262411,0.0251716247139588,"גתקיבוץ"
342,"גברעם",0.0177514792899408,0.0216216216216216,0.0599078341013825,0.0805687203791469,0.0203252032520325,0.0341880341880342,0.0420168067226891,0.0615384615384615,0.0595238095238095,"גברעם"
343,"חמדיה",0.0390243902439024,0.03125,0.0414746543778802,0.0929203539823009,0.0432692307692308,0.0409090909090909,0.0518867924528302,0.0863636363636364,0.074235807860262,"חמדיה"
344,"מענית",0,0.00294117647058824,0.010126582278481,0.0392156862745098,0.0112359550561798,0.0090293453724605,0.00894854586129754,0.0153172866520788,0.0191082802547771,"מענית"
345,"כפר סאלד",0.00363636363636364,0.0141843971631206,0.012779552715655,0.0570570570570571,0.00571428571428571,0.0114285714285714,0.0212201591511936,0.024390243902439,0.0266666666666667,"כפרסאלד"
346,"גליל ים",0.0239234449760766,0.0141509433962264,0.0284552845528455,0.0706319702602231,0.0333333333333333,0.0419847328244275,0.04,0.0471014492753623,0.0575539568345324,"גלילים"
347,"מנרה",0,0,0,0.0437956204379562,0.0137931034482759,0.0264900662251656,0.00709219858156028,0.00680272108843537,0.0215827338129496,"מנרה"
348,"ניר עם",0.0151515151515152,0.0158730158730159,0.0211640211640212,0.0651162790697674,0.0557768924302789,0.0307692307692308,0.0461538461538462,0.0895522388059701,0.0981012658227848,"נירעם"
351,"ניצן",0.723404255319149,0.55440414507772,0.633752244165171,0.495967741935484,0.56,0.500920810313076,0.483613817537644,0.654657293497364,0.635225375626043,"ניצן"
352,"גבולות",0.00740740740740741,0.00689655172413793,0.0372670807453416,0.093167701863354,0.01,0.0160427807486631,0.0102040816326531,0.0202020202020202,0.0360824742268041,"גבולות"
353,"בית זיד",NA,NA,0,0.0735294117647059,0,0.0144927536231884,0.0136986301369863,0,0.0147058823529412,"ביתזיד"
354,"רביבים",0.0169902912621359,0.012531328320802,0.0357142857142857,0.0953436807095344,0.0204545454545455,0.00921658986175115,0.0167064439140811,0.0617848970251716,0.036319612590799,"רביבים"
355,"חורשים",0.00746268656716418,0.0188679245283019,0.064327485380117,0.0923913043478261,0.0357142857142857,0.0202020202020202,0.0153061224489796,0.0653266331658292,0.0817307692307692,"חורשים"
356,"הגושרים",0.009375,0.0145348837209302,0.0359897172236504,0.0917874396135266,0.0233050847457627,0.022271714922049,0.021978021978022,0.0481927710843374,0.0583941605839416,"הגושרים"
357,"כפר בלום",0.0141242937853107,0.00561797752808989,0.0582278481012658,0.121951219512195,0.0333333333333333,0.0469387755102041,0.0346232179226069,0.0422535211267606,0.0616302186878728,"כפרבלום"
358,"יד מרדכי",0.0213270142180095,0.00744416873449132,0.0289532293986637,0.0587002096436059,0.0266666666666667,0.0263653483992467,0.0168421052631579,0.0323275862068966,0.0297619047619048,"ידמרדכי"
359,"ניצנים",0.0173913043478261,0.00784313725490196,0.0111940298507463,0.0461538461538462,0.0160642570281124,0.0078740157480315,0.0158730158730159,0.0324675324675325,0.0366197183098592,"ניצנים"
360,"גבעת ניל""י",0.0353535353535354,0.0341880341880342,0.0469798657718121,0.201201201201201,0.0304709141274238,0.0395136778115502,0.0439882697947214,0.0733137829912024,0.0676470588235294,"גבעתנילי"
362,"רוחמה",0.00709219858156028,0.00673400673400673,0.0355987055016181,0.0631229235880399,0.0200573065902579,0.0201729106628242,0.0113636363636364,0.0190217391304348,0.0218579234972678,"רוחמה"
363,"חפץ חיים",0.85781990521327,0.741666666666667,0.748407643312102,0.626334519572954,0.740863787375415,0.669014084507042,0.65034965034965,0.785467128027682,0.739413680781759,"חפץחיים"
364,"כפר אוריה",0.0917874396135266,0.0508474576271186,0.121372031662269,0.154228855721393,0.0675990675990676,0.0683962264150943,0.0906976744186047,0.0958230958230958,0.0974477958236659,"כפראוריה"
365,"בית קשת",0.0337837837837838,0.0109289617486339,0.0338983050847458,0.096551724137931,0.00852272727272727,0.0113314447592068,0.0145348837209302,0.0269461077844311,0.0294117647058824,"ביתקשת"
366,"שמיר",0.00557103064066852,0.0152671755725191,0.0113378684807256,0.0402542372881356,0.00385356454720617,0.0100401606425703,0.00854700854700855,0.0119047619047619,0.0184426229508197,"שמיר"
367,"עין העמק",0.146067415730337,0.15527950310559,0.205882352941176,0.25,0.0769230769230769,0.0899357601713062,0.0658174097664544,0.171366594360087,0.245472837022133,"עיןהעמק"
368,"ביריה",0.411184210526316,0.432835820895522,0.413705583756345,0.346511627906977,0.220689655172414,0.216589861751152,0.268065268065268,0.338164251207729,0.443956043956044,"ביריה"
369,"גלעד (אבן יצחק)",0.0125,0.0126050420168067,0.0329218106995885,0.0516605166051661,0.00353356890459364,0,0.0211267605633803,0.0241379310344828,0.0384615384615385,"גלעדאבןיצחק"
370,"גזר",0.0212765957446809,0,0.0397727272727273,0.0575916230366492,0.00495049504950495,0.00980392156862745,0.00485436893203883,0.00956937799043062,0.023696682464455,"גזר"
372,"רמות נפתלי",0.0807017543859649,0.0509803921568627,0.130584192439863,0.188118811881188,0.05625,0.0636942675159236,0.0564784053156146,0.119298245614035,0.155932203389831,"רמותנפתלי"
373,"בית הלוי",0.0166666666666667,0.027190332326284,0.0412371134020619,0.0763723150357995,0.0166270783847981,0.0163934426229508,0.0188679245283019,0.0551558752997602,0.0384615384615385,"ביתהלוי"
374,"חוקוק",0.00671140939597315,0.00531914893617021,0.036144578313253,0.0607142857142857,0.0162866449511401,0.0260586319218241,0.0198675496688742,0.0465116279069767,0.0364741641337386,"חוקוק"
375,"מגל",0.00584795321637427,0.0173697270471464,0.0122591943957968,0.0603015075376884,0.0122137404580153,0.0171339563862928,0.023961661341853,0.0338235294117647,0.0160583941605839,"מגל"
376,"עברון",0.00662251655629139,0.00656455142231947,0.00881057268722467,0.0288659793814433,0.00379506641366224,0.00763358778625954,0.0116731517509728,0.0308880308880309,0.0231660231660232,"עברון"
377,"המעפיל",0.0132013201320132,0.0126582278481013,0.0158013544018059,0.0616438356164384,0.0165289256198347,0.0275423728813559,0.0222672064777328,0.0273109243697479,0.020703933747412,"המעפיל"
378,"משגב עם",0.0181818181818182,0.016,0.0229007633587786,0.0670731707317073,0.0292397660818713,0.0176470588235294,0.0119047619047619,0.0115606936416185,0.0228571428571429,"משגבעם"
379,"גאולים",0.196675900277008,0.20631067961165,0.208988764044944,0.28735632183908,0.0759013282732448,0.099236641221374,0.121807465618861,0.143984220907298,0.204545454545455,"גאולים"
380,"להבות הבשן",0.0150943396226415,0.00668896321070234,0.041343669250646,0.0780911062906725,0.016359918200409,0.0235042735042735,0.0242914979757085,0.0347648261758691,0.0479302832244009,"להבותהבשן"
382,"מכמורת",0.0253164556962025,0.0288315629742033,0.0246376811594203,0.0722070844686648,0.0177838577291382,0.0225669957686883,0.0217391304347826,0.0435374149659864,0.0350404312668464,"מכמורת"
383,"עין הנצי""ב",0.641025641025641,0.561728395061728,0.703592814371258,0.618618618618619,0.564971751412429,0.594855305466238,0.598187311178248,0.669902912621359,0.527156549520767,"עיןהנציב"
385,"עמיעד",0.0212765957446809,0.00359712230215827,0.0145985401459854,0.033457249070632,0.00743494423791822,0.0181818181818182,0.0150375939849624,0.0337078651685393,0.0283687943262411,"עמיעד"
386,"בני דרור",0.0275761973875181,0.0265734265734266,0.0511049723756906,0.0809716599190283,0.0453400503778338,0.0380710659898477,0.0358056265984655,0.0696864111498258,0.0656370656370656,"בנידרור"
387,"כפר מונש",0.0178571428571429,0.0129310344827586,0.0368098159509202,0.0717213114754098,0.00630252100840336,0.0222222222222222,0.0108459869848156,0.0238611713665944,0.0191897654584222,"כפרמונש"
388,"כפר קיש",0.0507246376811594,0.0718232044198895,0.087719298245614,0.11231884057971,0.0529595015576324,0.0666666666666667,0.0628930817610063,0.0993975903614458,0.0979228486646884,"כפרקיש"
389,"בצרה",0.0234741784037559,0.0264765784114053,0.0509090909090909,0.0867992766726944,0.0309810671256454,0.0366666666666667,0.0262697022767075,0.0501730103806228,0.0431177446102819,"בצרה"
390,"רגבה",0.00735294117647059,0.00766283524904215,0.031404958677686,0.083596214511041,0.0212765957446809,0.0189655172413793,0.0226171243941842,0.0459770114942529,0.0449438202247191,"רגבה"
393,"גלאון",0,0.0122448979591837,0.0190839694656489,0.049618320610687,0.0161290322580645,0.0220125786163522,0.0153374233128834,0.0306748466257669,0.0148367952522255,"גלאון"
394,"שובל",0.013262599469496,0.0107238605898123,0.0130890052356021,0.0360824742268041,0.012448132780083,0.01440329218107,0.00221729490022173,0.0153846153846154,0.010752688172043,"שובל"
395,"משמר הנגב",0.012531328320802,0,0.0302375809935205,0.0673469387755102,0.0290135396518375,0.0229445506692161,0.0244821092278719,0.0597826086956522,0.0536672629695885,"משמרהנגב"
396,"נבטים",0.219135802469136,0.111747851002865,0.234256926952141,0.271966527196653,0.125223613595707,0.0797872340425532,0.114695340501792,0.215986394557823,0.2128,"נבטים"
397,"חצרים",0.0153846153846154,0.00188323917137476,0.00715563506261181,0.0324232081911263,0.0065359477124183,0.00169779286926995,0.00500834724540901,0.0146103896103896,0.0115321252059308,"חצרים"
398,"שרשרת",0.568181818181818,0.524475524475524,0.574712643678161,0.152542372881356,0.28125,0.289473684210526,0.323383084577114,0.388297872340426,0.454976303317536,"שרשרת"
399,"בארי",0.00931098696461825,0.013840830449827,0.023961661341853,0.0419790104947526,0.0134128166915052,0.0123456790123457,0.0149476831091181,0.0237388724035608,0.0151285930408472,"בארי"
400,"אבן שמואל",0.80952380952381,0.821969696969697,0.760869565217391,0.524084778420039,0.570291777188329,0.535575679172057,0.527388535031847,0.680929095354523,0.692477876106195,"אבןשמואל"
402,"ניר יצחק",0.0173410404624277,0.00842696629213483,0.00518134715025907,0.0288713910761155,0.0128865979381443,0.00785340314136126,0.0138888888888889,0.015748031496063,0.00826446280991736,"ניריצחק"
403,"אורים",0.0168776371308017,0.00813008130081301,0.0277777777777778,0.10546875,0.015625,0.00829875518672199,0.00843881856540084,0.0211864406779661,0.0526315789473684,"אורים"
405,"נווה אילן",0.0333333333333333,0.03125,0.0449172576832151,0.148373983739837,0.0486815415821501,0.0438413361169102,0.0330578512396694,0.0590631364562118,0.0376237623762376,"נווהאילן"
406,"חצור-אשדוד",0.00483091787439614,0.00472813238770686,0.00956937799043062,0.0336322869955157,0.00427350427350427,0.00665188470066519,0.0227743271221532,0.00632911392405063,0.0041407867494824,"חצוראשדוד"
407,"דברת",0.0591715976331361,0.0372670807453416,0.0558659217877095,0.093167701863354,0.0390243902439024,0.037037037037037,0.0219298245614035,0.0909090909090909,0.0387596899224806,"דברת"
408,"נאות מרדכי",0.0455927051671733,0.0191082802547771,0.0467836257309941,0.155882352941176,0.0478723404255319,0.0431034482758621,0.0521978021978022,0.0663129973474801,0.0765171503957784,"נאותמרדכי"
409,"יחיעם",0.00826446280991736,0,0.010752688172043,0.0584615384615385,0.0041407867494824,0.010958904109589,0.0128865979381443,0.0432569974554707,0.0351758793969849,"יחיעם"
413,"צאלים",0.040983606557377,0.0121457489878543,0.0436507936507936,0.0598591549295775,0.0371621621621622,0.0180505415162455,0.033210332103321,0.041044776119403,0.047244094488189,"צאלים"
414,"קלחים",0.272727272727273,0.299319727891156,0.240566037735849,0.200803212851406,0.096551724137931,0.111888111888112,0.116279069767442,0.161870503597122,0.191275167785235,"קלחים"
415,"שוקדה",0.532608695652174,0.48,0.669014084507042,0.462962962962963,0.533333333333333,0.627906976744186,0.545454545454545,0.688372093023256,0.647058823529412,"שוקדה"
416,"מעין ברוך",0.00549450549450549,0.0045662100456621,0.0416666666666667,0.0922190201729107,0.0298507462686567,0.0176991150442478,0.0119760479041916,0.0426829268292683,0.0590062111801242,"מעיןברוך"
417,"יקום",0.0110803324099723,0.00265957446808511,0.0147058823529412,0.0294840294840295,0.00928074245939675,0.00717703349282297,0.00471698113207547,0.0184331797235023,0.00455580865603645,"יקום"
418,"בני ציון",0.036480686695279,0.0266666666666667,0.0465890183028286,0.0981873111782477,0.0242718446601942,0.0158982511923688,0.0157232704402516,0.0522151898734177,0.0324149108589951,"בניציון"
419,"סעד",0.469135802469136,0.476415094339623,0.55531914893617,0.542016806722689,0.470347648261759,0.481400437636761,0.504444444444444,0.546218487394958,0.482905982905983,"סעד"
421,"משאבי שדה",0.0140845070422535,0.0132890365448505,0.00684931506849315,0.0504731861198738,0.0193548387096774,0.0161290322580645,0.0337837837837838,0.0208333333333333,0.0471014492753623,"משאבישדה"
422,"חרב לאת",0.0747330960854092,0.0515759312320917,0.0954907161803713,0.146987951807229,0.0414634146341463,0.0661764705882353,0.0653753026634383,0.110070257611241,0.0915492957746479,"חרבלאת"
423,"העוגן",0.0188679245283019,0.02,0.0306603773584906,0.0504385964912281,0.0108225108225108,0.00650759219088937,0.0152505446623094,0.0107991360691145,0.0218818380743982,"העוגן"
424,"גבים",0,0.0191387559808612,0.0294117647058824,0.100371747211896,0.0145348837209302,0.0227920227920228,0.0205882352941176,0.0530973451327434,0.0518292682926829,"גבים"
425,"משמרת",0.019774011299435,0.0162790697674419,0.0474137931034483,0.0734126984126984,0.0266666666666667,0.0202020202020202,0.0210325047801147,0.0459770114942529,0.037593984962406,"משמרת"
426,"עין כרמל",0.0114503816793893,0.00763358778625954,0.0135135135135135,0.064,0.0120772946859903,0.00248138957816377,0.0148148148148148,0.0285714285714286,0.0345679012345679,"עיןכרמל"
427,"כפר גלים",0.0508474576271186,0,0.0357142857142857,0.152542372881356,0.0169491525423729,0.0508474576271186,0.0416666666666667,0.0689655172413793,0.119402985074627,"כפרגלים"
428,"ברור חיל",0.011070110701107,0.0170068027210884,0.0258215962441315,0.0813704496788009,0.0203703703703704,0.0303030303030303,0.0177865612648221,0.0621359223300971,0.0603112840466926,"ברורחיל"
429,"אלוני אבא",0.0153061224489796,0.00581395348837209,0.0238095238095238,0.0677290836653386,0.0170132325141777,0.020952380952381,0.0245283018867925,0.0282485875706215,0.0275229357798165,"אלוניאבא"
430,"בית לחם הגלילית",0.0375722543352601,0.0231958762886598,0.0658823529411765,0.0774487471526196,0.0371900826446281,0.0432900432900433,0.0307017543859649,0.0633187772925764,0.0579064587973274,"ביתלחםהגלילית"
431,"דלתון",0.54014598540146,0.462209302325581,0.501474926253687,0.355971896955504,0.205689277899344,0.29010989010989,0.310204081632653,0.412844036697248,0.418560606060606,"דלתון"
432,"שמרת",0.016,0.0117647058823529,0.02,0.0581395348837209,0.0130718954248366,0.0319488817891374,0.0306748466257669,0.0404984423676012,0.0441176470588235,"שמרת"
433,"נחשולים",0,0.0036101083032491,0.0186170212765957,0.0638820638820639,0.0118203309692671,0.0120192307692308,0.0126582278481013,0.0398126463700234,0.0217391304347826,"נחשולים"
434,"החותרים",0.0119760479041916,0.0151057401812689,0.032345013477089,0.050251256281407,0.0132450331125828,0.0112612612612613,0.0196936542669584,0.0281995661605206,0.0305676855895196,"החותרים"
435,"נצר סרני",0.0182767624020888,0.0166666666666667,0.0232558139534884,0.0549199084668192,0.0189075630252101,0.0144927536231884,0.0178926441351889,0.0338645418326693,0.0258780036968577,"נצרסרני"
436,"עין דור",0.00251889168765743,0.00496277915632754,0.0241448692152917,0.0926243567753002,0.0184873949579832,0.0139130434782609,0.0141342756183746,0.0294117647058824,0.0456140350877193,"עיןדור"
437,"רשפים",0.0149812734082397,0.0111524163568773,0.0178571428571429,0.0612903225806452,0.0604838709677419,0.0921843687374749,0.100200400801603,0.167630057803468,0.122935779816514,"רשפים"
439,"שלוחות",0.55893536121673,0.549242424242424,0.608996539792388,0.602836879432624,0.438405797101449,0.53125,0.533073929961089,0.617886178861789,0.489539748953975,"שלוחות"
440,"יסודות",0.985148514851485,0.956709956709957,0.978102189781022,0.96309963099631,0.976897689768977,0.96271186440678,0.979310344827586,0.977564102564103,0.990625,"יסודות"
442,"גדעונה",0.230769230769231,0.15,0.273381294964029,0.203208556149733,0.126168224299065,0.14070351758794,0.154867256637168,0.238095238095238,0.330434782608696,"גדעונה"
443,"כפר הנשיא",0.00634920634920635,0.0146627565982405,0.0463215258855586,0.099009900990099,0.00975609756097561,0.0149625935162095,0.0215633423180593,0.0669975186104218,0.0447761194029851,"כפרהנשיא"
444,"רגבים",0.04,0.0434782608695652,0.0528846153846154,0.0849420849420849,0.0105263157894737,0.0208333333333333,0.0103448275862069,0.0492957746478873,0.0534591194968553,"רגבים"
445,"רמות מנשה",0.00584795321637427,0.00452488687782805,0.011844331641286,0.0387722132471729,0.012326656394453,0.00956937799043062,0.00914634146341463,0.0214592274678112,0.00708215297450425,"רמותמנשה"
446,"אודים",0.0536585365853659,0.0386266094420601,0.0487364620938628,0.086734693877551,0.0286168521462639,0.0275526742301459,0.0309446254071661,0.0386996904024768,0.0488599348534202,"אודים"
447,"נורדיה",0.0364891518737673,0.0294642857142857,0.0552,0.131934032983508,0.0391156462585034,0.0463917525773196,0.0502127659574468,0.0720524017467249,0.0701943844492441,"נורדיה"
448,"בני עטרות",0.0328358208955224,0.0350877192982456,0.0534188034188034,0.122736418511066,0.0366795366795367,0.0343434343434343,0.0392156862745098,0.0512820512820513,0.0474226804123711,"בניעטרות"
449,"נחלים",0.784469096671949,0.757990867579909,0.706611570247934,0.664879356568365,0.665359477124183,0.632432432432432,0.617300131061599,0.723262032085562,0.614855570839065,"נחלים"
450,"בארות יצחק",0.534136546184739,0.593869731800766,0.666666666666667,0.586330935251799,0.445229681978799,0.481751824817518,0.476363636363636,0.534296028880866,0.526923076923077,"בארותיצחק"
452,"יזרעאל",0.00980392156862745,0.0149700598802395,0.0120845921450151,0.0512820512820513,0.00854700854700855,0.00292397660818713,0.00884955752212389,0.0144508670520231,0.00852272727272727,"יזרעאל"
453,"יפתח",0.00338983050847458,0.0137931034482759,0.0155763239875389,0.0398860398860399,0.0234375,0.027027027027027,0.0104712041884817,0.0307692307692308,0.0362694300518135,"יפתח"
454,"סער",0.0170940170940171,0.016597510373444,0.0382352941176471,0.0997506234413965,0.0134529147982063,0.033096926713948,0.0251716247139588,0.0417633410672854,0.0639658848614073,"סער"
456,"שורש",0.0342465753424658,0.0372492836676218,0.0934393638170974,0.128284389489954,0.108265424912689,0.119158878504673,0.104952830188679,0.126315789473684,0.111344537815126,"שורש"
457,"גזית",0.00714285714285714,0,0,0.036697247706422,0.0108695652173913,0.0043956043956044,0.00666666666666667,0.0278372591006424,0.0170575692963753,"גזית"
460,"רמת רזיאל",0.0694444444444444,0.0549450549450549,0.0923076923076923,0.149700598802395,0.0681818181818182,0.0641399416909621,0.0760233918128655,0.0942857142857143,0.132564841498559,"רמתרזיאל"
462,"טל שחר",0.0392156862745098,0.0203619909502262,0.0488798370672098,0.0985915492957746,0.0339805825242718,0.0276422764227642,0.0358306188925081,0.071656050955414,0.0731707317073171,"טלשחר"
463,"געתון",0.0075187969924812,0.0037593984962406,0.0159744408945687,0.0290322580645161,0.015625,0.00508905852417303,0.016,0.0128205128205128,0.0279898218829517,"געתון"
464,"הראל",0.0144927536231884,0,0.021978021978022,0.0769230769230769,0,0.00833333333333333,0,0.0336134453781513,0.015748031496063,"הראל"
465,"צובה",0.0056657223796034,0.0161290322580645,0.017632241813602,0.069284064665127,0.0297029702970297,0.0149253731343284,0.0128205128205128,0.0226130653266332,0.0233160621761658,"צובה"
466,"בית דגן",0.262618296529968,0.195543731293648,0.214704159343878,0.27122704285334,0.125622869131917,0.134895833333333,0.143981117230527,0.214419726614849,0.276712985146143,"ביתדגן"
469,"קרית עקרון",0.293480934809348,0.209233568342051,0.262436349392871,0.295110492430833,0.144955411785277,0.175095919079177,0.171555252387449,0.229257641921397,0.320427916454407,"קריתעקרון"
472,"אבו גוש",0.0509113764927718,0.0126413838988689,0.0691218130311615,0.0279329608938547,0.0238741182854042,0.0249376558603491,0.00857568978374348,0.0112994350282486,0.0075839653304442,"אבוגוש"
473,"אבו סנאן",0.0841765339074273,0.0335684748236439,0.0812084851082066,0.0668290985033066,0.0165861851774092,0.0423713726188357,0.0450554911379824,0.106508875739645,0.00390189520624303,"אבוסנאן"
475,"דחי",0,0,0.0728476821192053,0.01171875,0.0588235294117647,0.0037593984962406,0.00694444444444444,0,0.00460829493087558,"דחי"
478,"אכסאל",0.00964489259096887,0.00441501103752759,0.0432584269662921,0.0128369704749679,0.000416059912627418,0.00191737842077741,0.00184275184275184,0.000948091964920597,0.00402916346891788,"אכסאל"
480,"בית ג'ן",0.0559836808703536,0.0949123557075673,0.157308694622127,0.139681005316578,0.0279763120277721,0.00689042009335408,0.0044423661444938,0.0250073551044425,0.00475993377483444,"ביתגן"
481,"מגאר",0.053484602917342,0.0663217309501411,0.222938923604112,0.234058742961497,0.0787465940054496,0.0926127433200339,0.077467238780007,0.0724411681315566,0.0454114138538701,"מגאר"
482,"בועיינה-נוג'ידאת",0.0401002506265664,0.00284206252537556,0.0288600288600289,0.0285555863598558,0.0338208409506399,0.00687722873153337,0.00372352804282057,0.00925122867880891,0.00764525993883792,"בועיינהנוגידאת"
483,"בענה",NA,NA,0.0304857621440536,0.011801730920535,0.0415821501014199,0.00505050505050505,0.00966292134831461,0.00368776889981561,0.00667022411953042,"בענה"
485,"ג'ולס",0.180407371483996,0.0386680988184748,0.255813953488372,0.186623948738486,0.0572773636720282,0.0185964912280702,0.128596802841918,0.183599419448476,0.0426179604261796,"גולס"
487,"ג'ש (גוש חלב)",0.00946372239747634,0.00567375886524823,0.0668058455114822,0.0257352941176471,0.0352422907488987,0.00756533700137552,0.00594844679444812,0,0.00712589073634204,"גשגושחלב"
489,"דבוריה",0.00265051117001136,0.00217323812480596,0.0378719567177637,0.00377442273534636,0.0024,0.00380653828929691,0.000815328169588259,0.000579374275782155,0.00237755587256301,"דבוריה"
490,"דייר אל-אסד",NA,NA,0.0360566902876198,0.0658080451658433,0.0917743031951054,0.0777402221149203,0.0300422925477614,0.0557383394619702,0.0235619109522262,"דייראלאסד"
492,"דייר חנא",0.00319488817891374,0.00952142320220496,0.01764941837144,0.0193754702784048,0.0272948214619555,0.0211573236889693,0.0102546573235344,0.0202300674335581,0.0242562061777525,"דיירחנא"
494,"דאלית אל-כרמל",NA,0.0753604193971166,0.0589257503949447,0.435643564356436,0.00864397622906537,0.0114617044228695,0.00788510278794706,0.0461448598130841,0.00470588235294118,"דאליתאלכרמל"
496,"חורפיש",0.0397614314115308,0.0343328987396784,0.172230285437833,0.36969696969697,0.067062818336163,0.0472597299444003,0.0439932318104907,0.139348134152102,0.0298797050834303,"חורפיש"
497,"טייבה (בעמק)",0.0360824742268041,0.00488599348534202,0.135537190082645,0.00646203554119548,0.0278969957081545,0.0156739811912226,0.00284900284900285,0,0.00665557404326123,"טייבהבעמק"
498,"טורעאן",0.00939368061485909,0.0137913088732761,0.0185226511939299,0.00910297743220178,0.00295925335761439,0.00424376167034459,0.0232210980262067,0.00697050938337802,0.00282201169119129,"טורעאן"
499,"יפיע",0.0125964010282776,0.0102948058025269,0.0105070046697799,0.0076902320561252,0.0133002305373293,0.0056710775047259,0.00323699421965318,0.000716075904045829,0.00414814814814815,"יפיע"
502,"ירכא",0.290721649484536,0.266495456341367,0.263345800748045,0.187717842323651,0.109132032796155,0.0446992745143927,0.051699604743083,0.0711698659905831,0.0104858441104509,"ירכא"
504,"כאבול",0.00574052812858783,0.000434310532030402,0.0155192996418623,0.00278940027894003,0.026100816895796,0.034575813796593,0.00180641276531687,0.00134486071085495,0.000824946378485398,"כאבול"
505,"כאוכב אבו אל-היג'",0.00367107195301028,0.00136705399863295,0.00285306704707561,0.00398179749715586,0,0.000489476260401371,0.000470145745181006,0.0006635700066357,0.00176574455562095,"כאוכבאבואלהיג"
507,"כפר יאסיף",0.00287958115183246,0.00246730816679003,0.0107262569832402,0.0135693215339233,0.00936967632027257,0.00744558991981672,0.00397830018083183,0.00555679039786619,0.0053465724651518,"כפריאסיף"
508,"כפר כמא",0.0218978102189781,0.0140280561122244,0.0538461538461538,0.11449676823638,0.00282485875706215,0.00267379679144385,0.00182648401826484,0.00699300699300699,0.00645161290322581,"כפרכמא"
509,"כפר כנא",0.0110808046368906,0.0172969306426997,0.048536656041727,0.013360739979445,0.0142041294479426,0.00776655941417952,0.00676459219172787,0.00443828016643551,0.0030409925799781,"כפרכנא"
510,"כפר מנדא",0.13464447806354,0.106449248809088,0.119154480961344,0.0801310318760237,0.0984566258648217,0.116225011622501,0.103793763368231,0.0439165861068913,0.0268932148081467,"כפרמנדא"
511,"עילוט",0.00844390832328106,0.0224489795918367,0.0367216604576903,0.0604626708727655,0.111347517730496,0.0185917721518987,0.00243828101188662,0.0717619603267211,0.0187595712098009,"עילוט"
512,"כפר מצר",0.0610263522884882,0.0834813499111901,0.150552486187845,0.00764192139737991,0.104302477183833,0.0393700787401575,0.0399320305862362,0.00580046403712297,0.0383141762452107,"כפרמצר"
514,"עין ראפה",0,0.00529100529100529,0.0196078431372549,0.00554016620498615,0,0.00293255131964809,0.0138888888888889,0.0642570281124498,0.00795755968169761,"עיןראפה"
516,"מג'ד אל-כרום",NA,0.00729526200188265,0.0224885095206829,0.00510663863021928,0.0175724048161406,0.0056786703601108,0.00416298725873597,0.00330952795680195,0.00247252747252747,"מגדאלכרום"
517,"מזרעה",0.0163934426229508,0.00791765637371338,0.0362364907819453,0.00764087870105062,0.00357568533969011,0.00501002004008016,0.00224416517055655,0.00455432661027977,0.00515729757607014,"מזרעה"
518,"מעיליא",0.00408997955010225,0.00380807311500381,0.0336473755047106,0.0131805157593123,0.00196335078534031,0.000584795321637427,0.00821018062397373,0.00180940892641737,0.00174013921113689,"מעיליא"
520,"משהד",0.00708860759493671,0.0337191746351283,0.0105633802816901,0.0178677784395474,0.00597683974598431,0.00184842883548983,0.00159024648820567,0.00319829424307036,0.00279524807826695,"משהד"
521,"עין נקובא",0.0652173913043478,0.0155844155844156,0.288966725043783,0.0408432147562582,0.0103703703703704,0.0167973124300112,0.00533617929562433,0.106604866743917,0.00273722627737226,"עיןנקובא"
522,"נחף",0.118387909319899,0.0647446860493526,0.119481892677769,0.0035405192761605,0.00607760635811127,0.0117845117845118,0.00799067754286666,0.015730880929332,0.0165258215962441,"נחף"
523,"ניין",0.0193548387096774,0.0113207547169811,0.0166240409207161,0.0146561443066516,0.00149253731343284,0.00126262626262626,0,0,0.00677506775067751,"ניין"
524,"נאעורה",0.024024024024024,0.00337837837837838,0.0833333333333333,0.00519480519480519,0.010016694490818,0.00345622119815668,0,0.02,0.00117647058823529,"נאעורה"
525,"סאג'ור",0.175632911392405,0.0935765265662173,0.117781155015198,0.317927170868347,0.166925465838509,0.155645161290323,0.109078114004222,0.299653979238754,0.507629107981221,"סאגור"
526,"סולם",0.123655913978495,0.0434322033898305,0.14018691588785,0.0460725075528701,0.015028901734104,0.00246913580246914,0.00224719101123596,0.00244200244200244,0.00442869796279894,"סולם"
527,"שזור",0.151898734177215,0.0909090909090909,0.219653179190751,0.243654822335025,0.074468085106383,0.113989637305699,0.0691244239631336,0.15625,0.224299065420561,"שזור"
528,"עוזייר",0.0445269016697588,0.00223214285714286,0.0664335664335664,0.00858369098712446,0.0473751600512164,0.0304114490161002,0.00547302580140735,0.0246913580246914,0,"עוזייר"
529,"אעבלין",0.0441915850754168,0.00377180575200377,0.0382796667417248,0.0266885649763909,0.0378037803780378,0.0046189376443418,0.00145560407569141,0.00194889562581204,0.00528913963328632,"אעבלין"
530,"עיילבון",0.00432900432900433,0.00560586459680897,0.00996168582375479,0.0988679245283019,0.0141491395793499,0.010482180293501,0.0103021978021978,0.0339119903108599,0.0112359550561798,"עיילבון"
531,"עראבה",0.00226107928851372,0.00194325689856199,0.00507227998985544,0.00873956107982132,0.00239184692179701,0.0027992277992278,0.00149613498462306,0.000105285323225942,0.00136067645057829,"עראבה"
532,"עין מאהל",0.0110544217687075,0.0172413793103448,0.0201465201465201,0.0109174150378588,0.0347780949909162,0.00963354741216471,0.00304182509505703,0.0342687533729088,0.00779844031193761,"עיןמאהל"
534,"עספיא",NA,NA,0.01640625,0.333642261353105,0.0114042933810376,0.014760147601476,0.00627943485086342,0.0212325220093216,0.00735744941753525,"עספיא"
535,"פסוטה",0.040169133192389,0.17125,0.0614574187884109,0.0111690245718541,0.0300353356890459,0.00596421471172962,0.0018796992481203,0,0.00481927710843374,"פסוטה"
536,"פקיעין (בוקייעה)",0.0486223662884927,0.0297121634168988,0.0465799412505246,0.203383314109958,0.0583564906709012,0.0643212508884151,0.0183423913043478,0.0115118956254797,0.0010515247108307,"פקיעיןבוקייעה"
537,"פוריידיס",0.0035778175313059,0.140749601275917,0.00364600596619158,0.00589622641509434,0.0526510938079347,0.0152091254752852,0.014070932922128,0.0384917517674784,0.00453129425092042,"פוריידיס"
538,"שעב",0.0150927123760241,0.020510483135825,0.020497803806735,0.0187207488299532,0.0224246671338472,0.0324963072378139,0.00528122524425667,0.00135777325186694,0.00211288862058557,"שעב"
539,"רומאנה",0,0.00744416873449132,0,0.00202839756592292,0.00209643605870021,0.00350262697022767,0.00172117039586919,0.0255009107468124,0,"רומאנה"
540,"ריחאניה",0.123913043478261,0.00453514739229025,0.0313253012048193,0.186612576064909,0.00196850393700787,0.0267175572519084,0.0182815356489945,0.0119047619047619,0.00622406639004149,"ריחאניה"
541,"ג'סר א-זרקא",0.00539245056920312,0.00564174894217207,0.0756048387096774,0.0897179658005774,0.125,0.0103910308996445,0.00614124872057318,0.00858951175406872,0.00462512171372931,"גסראזרקא"
542,"ריינה",0.00313807531380753,0.0320677270395074,0.0206063007727363,0.00865667027361261,0.0343137254901961,0.0133722717491546,0.00402283934596418,0.00230414746543779,0.0028892455858748,"ריינה"
543,"ראמה",0.034227240649259,0.05,0.121182586094867,0.12720546385885,0.0180234304595975,0.0187256176853056,0.0169280557630072,0.00924054288189431,0.00361311839911062,"ראמה"
546,"עין אל-אסד",0,0.0128755364806867,0.0175438596491228,0.341726618705036,0,0,0.0233236151603499,0.0034965034965035,0,"עיןאלאסד"
547,"טמרה (יזרעאל)",0.0316455696202532,0.0912698412698413,0,0.0418410041841004,0.00181488203266788,0,0.00139082058414465,0.00449438202247191,0.00200803212851406,"טמרהיזרעאל"
549,"גנות הדר",0.0341296928327645,0.0372208436724566,0.0725274725274725,0.162271805273834,0.037037037037037,0.03125,0.0404411764705882,0.0883977900552486,0.102752293577982,"גנותהדר"
553,"ניר בנים",0.021021021021021,0.00869565217391304,0.0440414507772021,0.11368909512761,0.0267489711934156,0.0256959314775161,0.0203160270880361,0.04,0.0326797385620915,"נירבנים"
555,"שדמה",0.0330188679245283,0.0233644859813084,0.0375,0.0827338129496403,0.0170068027210884,0.0103092783505155,0.0252707581227437,0.027972027972028,0.0397111913357401,"שדמה"
559,"בוסתן הגליל",0.102040816326531,0.0921985815602837,0.139880952380952,0.17910447761194,0.0566371681415929,0.0773381294964029,0.0527272727272727,0.132246376811594,0.161921708185053,"בוסתןהגליל"
562,"בית אלעזרי",0.0738636363636364,0.0513219284603421,0.0950354609929078,0.177944862155388,0.0508054522924411,0.0457354758961681,0.0413122721749696,0.101503759398496,0.113691931540342,"ביתאלעזרי"
563,"משמר דוד",0,0.0113636363636364,0.0261437908496732,0.112540192926045,0.0263157894736842,0.0281030444964871,0.0296127562642369,0.0766208251473477,0.0586319218241042,"משמרדוד"
564,"רבדים",0.00823045267489712,0.022140221402214,0.0287539936102236,0.0471204188481675,0.0120772946859903,0.0144927536231884,0.0113378684807256,0.0298507462686567,0.0277777777777778,"רבדים"
565,"אזור",0.154297269969666,0.111409911640415,0.184810951760104,0.257191463037427,0.132220216606498,0.162911084043849,0.158768126775303,0.200367365681923,0.247398505056427,"אזור"
567,"צרעה",0.001953125,0.00795228628230616,0.0199275362318841,0.0371057513914657,0.0054249547920434,0.0055452865064695,0.0072463768115942,0.0149532710280374,0.00735294117647059,"צרעה"
570,"מעונה",0.0802919708029197,0.119186046511628,0.135593220338983,0.229398663697105,0.0559006211180124,0.0732217573221757,0.0692640692640693,0.117400419287212,0.191666666666667,"מעונה"
571,"בית גמליאל",0.731404958677686,0.577909270216962,0.677902621722846,0.584670231729055,0.562189054726368,0.574074074074074,0.536184210526316,0.666666666666667,0.53427065026362,"ביתגמליאל"
572,"בית העמק",0.0256410256410256,0.00964630225080386,0.0222929936305732,0.0385756676557863,0.0056980056980057,0.0113960113960114,0.0029673590504451,0.0222841225626741,0.0161725067385445,"ביתהעמק"
573,"מבקיעים",0.0784313725490196,0.0759493670886076,0.145945945945946,0.246753246753247,0.0978260869565217,0.14963503649635,0.131205673758865,0.2,0.243243243243243,"מבקיעים"
574,"גשר הזיו",0.0275862068965517,0.0142405063291139,0.0489417989417989,0.10989010989011,0.0271867612293144,0.0328467153284672,0.0294117647058824,0.0806451612903226,0.0702836004932182,"גשרהזיו"
575,"יסעור",0.00555555555555556,0.0103626943005181,0.0321428571428571,0.0771704180064309,0.0152671755725191,0.010126582278481,0.0127877237851662,0.0416666666666667,0.0443349753694581,"יסעור"
576,"כברי",0.00804828973843058,0.00954198473282443,0.0260416666666667,0.0804597701149425,0.0113085621970921,0.0180327868852459,0.0133333333333333,0.0403225806451613,0.0335463258785942,"כברי"
577,"יד בנימין",0.900826446280992,0.848825331971399,0.778011204481793,0.480378890392422,0.818975552968568,0.726059199071387,0.753440366972477,0.860518731988473,0.860502405130946,"ידבנימין"
578,"סאסא",0.015625,0.0106007067137809,0.0122324159021407,0.0414201183431953,0.00664451827242525,0.00333333333333333,0.00343642611683849,0.0164473684210526,0.0173010380622837,"סאסא"
579,"כפר ראש הנקרה",0.0147420147420147,0.0175097276264591,0.0382165605095541,0.123123123123123,0.046448087431694,0.0462585034013605,0.0487465181058496,0.0842391304347826,0.068733153638814,"כפרראשהנקרה"
580,"כרם מהר""ל",0.1,0.0482573726541555,0.088785046728972,0.125523012552301,0.0476190476190476,0.0436507936507936,0.0479041916167665,0.0758483033932136,0.051975051975052,"כרםמהרל"
582,"כפר הנגיד",0.0188284518828452,0.029296875,0.0779896013864818,0.135593220338983,0.0595238095238095,0.0531732418524871,0.0418060200668896,0.109452736318408,0.0989399293286219,"כפרהנגיד"
584,"זיקים",0,0.00816326530612245,0.0254957507082153,0.0544041450777202,0.0282828282828283,0.0397489539748954,0.032719836400818,0.0655105973025048,0.0609037328094303,"זיקים"
585,"לביא",0.650124069478908,0.654040404040404,0.682051282051282,0.588082901554404,0.522309711286089,0.591731266149871,0.578947368421053,0.641752577319588,0.556497175141243,"לביא"
586,"מגידו",0.0253807106598985,0.0362537764350453,0.0532407407407407,0.0848214285714286,0.0128205128205128,0.0150537634408602,0.0190677966101695,0.0269151138716356,0.0158730158730159,"מגידו"
587,"סביון",0.0372208436724566,0.0286129970902037,0.0449183303085299,0.0663606010016694,0.0358255451713396,0.0395569620253165,0.0403380714560123,0.0678783382789317,0.0649011562849683,"סביון"
588,"בני ראם",0.724288840262582,0.64299424184261,0.630794701986755,0.463901689708141,0.519040902679831,0.502793296089385,0.467406380027739,0.620448179271709,0.638504155124654,"בניראם"
589,"בצת",0.0368098159509202,0.0757575757575758,0.0895522388059701,0.171428571428571,0.0558139534883721,0.0442477876106195,0.0535714285714286,0.106666666666667,0.121621621621622,"בצת"
590,"נווה אור",0.00552486187845304,0.037914691943128,0.080188679245283,0.0967741935483871,0.0478260869565217,0.0257510729613734,0.04149377593361,0.0606060606060606,0.087719298245614,"נווהאור"
591,"עשרת",0.0342465753424658,0.0263565891472868,0.0397456279809221,0.0811232449297972,0.0286123032904149,0.0306122448979592,0.0329041487839771,0.0658682634730539,0.0498442367601246,"עשרת"
592,"בני דרום",0.779816513761468,0.656126482213439,0.70863309352518,0.623376623376623,0.6265664160401,0.60559796437659,0.580152671755725,0.676056338028169,0.589569160997732,"בנידרום"
593,"ערוגות",0.0483460559796438,0.023094688221709,0.0634249471458774,0.142578125,0.0477941176470588,0.0380228136882129,0.0423572744014733,0.0883977900552486,0.0886075949367089,"ערוגות"
594,"צפריה",0.594594594594595,0.587188612099644,0.649315068493151,0.561224489795918,0.594036697247706,0.604819277108434,0.574572127139364,0.668965517241379,0.621867881548975,"צפריה"
595,"לוחמי הגיטאות",0.0163398692810458,0.0170648464163823,0.0121580547112462,0.0550724637681159,0.0116009280742459,0.0144578313253012,0.0120481927710843,0.0378619153674833,0.0635964912280702,"לוחמיהגיטאות"
596,"מלכיה",0.0259067357512953,0.0209205020920502,0.0408163265306122,0.073469387755102,0.015625,0.0350194552529183,0.0466926070038911,0.0443548387096774,0.0443548387096774,"מלכיה"
597,"פלמחים",0.0221518987341772,0.0252365930599369,0.018716577540107,0.119047619047619,0.0282352941176471,0.014218009478673,0.0226244343891403,0.0450643776824034,0.0462555066079295,"פלמחים"
598,"בית קמה",0,0.017921146953405,0.0300230946882217,0.0808510638297872,0.03125,0.027124773960217,0.0128676470588235,0.0630472854640981,0.0371681415929204,"ביתקמה"
599,"פרוד",0.0318471337579618,0.0512820512820513,0.0681818181818182,0.134453781512605,0.0214067278287462,0.0397350993377483,0.016025641025641,0.0571428571428571,0.0404040404040404,"פרוד"
602,"נירים",0,0.00393700787401575,0.0185873605947955,0.0214285714285714,0.0177304964539007,0.0255474452554745,0.0152671755725191,0.071969696969697,0.0616438356164384,"נירים"
603,"אלקוש",0.25974025974026,0.403409090909091,0.294520547945205,0.403508771929825,0.11875,0.152941176470588,0.163265306122449,0.276595744680851,0.417647058823529,"אלקוש"
604,"בית עריף",0.421364985163205,0.332474226804124,0.20253164556962,0.319343065693431,0.141868512110727,0.168402777777778,0.158620689655172,0.253075571177504,0.32013201320132,"ביתעריף"
605,"כפר שמאי",0.442857142857143,0.361842105263158,0.441340782122905,0.40625,0.288065843621399,0.347107438016529,0.338403041825095,0.4,0.48015873015873,"כפרשמאי"
606,"מזור",0.0317796610169492,0.0355805243445693,0.044404973357016,0.125407166123779,0.0352564102564103,0.0148026315789474,0.0308441558441558,0.0470957613814757,0.0297520661157025,"מזור"
607,"מירון",0.799086757990868,0.762931034482759,0.789473684210526,0.579545454545455,0.718120805369127,0.67816091954023,0.780405405405405,0.811387900355872,0.834862385321101,"מירון"
609,"כפר חושן",0.275,0.234113712374582,0.410094637223975,0.396946564885496,0.214797136038186,0.285714285714286,0.234741784037559,0.348780487804878,0.395833333333333,"כפרחושן"
610,"סתריה",0.0141176470588235,0.0283400809716599,0.055363321799308,0.104132231404959,0.0346456692913386,0.0466237942122186,0.0476947535771065,0.0612903225806452,0.0695364238410596,"סתריה"
612,"צרופה",0.179063360881543,0.131067961165049,0.18494623655914,0.261036468330134,0.12781954887218,0.140712945590994,0.181640625,0.164835164835165,0.240072202166065,"צרופה"
613,"ציפורי",0.0390625,0.0172413793103448,0.0697115384615385,0.10989010989011,0.0545454545454545,0.0360934182590234,0.045643153526971,0.0712830957230143,0.0618556701030928,"ציפורי"
614,"שומרה",0.180124223602484,0.0914285714285714,0.307228915662651,0.368686868686869,0.141414141414141,0.0696517412935323,0.0643564356435644,0.151041666666667,0.246305418719212,"שומרה"
615,"קדרון",0.0306278713629403,0.0266666666666667,0.0383693045563549,0.0935334872979215,0.0222469410456062,0.0222965440356745,0.0205479452054795,0.0471380471380471,0.0435729847494553,"קדרון"
616,"רינתיה",0.127937336814621,0.0722610722610723,0.0813008130081301,0.226345083487941,0.049645390070922,0.0701107011070111,0.0800744878957169,0.131115459882583,0.0917782026768642,"רינתיה"
617,"ברקאי",0.00401606425702811,0,0.00649350649350649,0.036697247706422,0.0173913043478261,0.0209580838323353,0.021021021021021,0.0293255131964809,0.018018018018018,"ברקאי"
618,"חדיד",0.40234375,0.316614420062696,0.362025316455696,0.438972162740899,0.198294243070362,0.192546583850932,0.189300411522634,0.298780487804878,0.377470355731225,"חדיד"
619,"בית גוברין",0.0659340659340659,0.00649350649350649,0.0166666666666667,0.0454545454545455,0.00881057268722467,0.0178571428571429,0.00436681222707424,0.0178571428571429,0.0352422907488987,"ביתגוברין"
620,"משואות יצחק",0.715909090909091,0.683510638297872,0.735751295336788,0.732824427480916,0.677835051546392,0.697050938337802,0.694516971279373,0.704960835509138,0.620320855614973,"משואותיצחק"
622,"עין צורים",0.658450704225352,0.767918088737201,0.6624,0.636150234741784,0.609164420485175,0.586776859504132,0.563025210084034,0.579710144927536,0.485564304461942,"עיןצורים"
623,"יראון",0.00448430493273543,0,0.0232558139534884,0.0542986425339367,0.0136986301369863,0.00471698113207547,0.0182648401826484,0.033175355450237,0.032258064516129,"יראון"
627,"ג'לג'וליה",0.000315457413249211,0.00220913107511046,0.0216031836270608,0.00497287522603978,0.0472123368920522,0.0025668449197861,0.000394866732477789,0.0015625,0.0010535187526338,"גלגוליה"
628,"ג'ת",NA,NA,0.00684655658477648,0.00843078596682078,0.00272851296043656,0.00344742674218173,0.00152938606073847,0.00682438580527752,0.000585823081429408,"גת"
633,"כפר ברא",0.00933488914819136,0,0.00197628458498024,0.00069060773480663,0.017675050985724,0.0157035175879397,0,0.0170244263508512,0.0036231884057971,"כפרברא"
634,"כפר קאסם",0.000656340246783933,0.00176822633297062,0.00480666524246956,0.00386919620569146,0.0029940119760479,0.00347389752002316,0.00197966345721227,0.00219247634433418,0.00128499311610831,"כפרקאסם"
635,"מוקייבלה",0.044559585492228,0.019629225736096,0.0118226600985222,0.00301204819277108,0.00240963855421687,0.000793021411578113,0,0,0.000899280575539568,"מוקייבלה"
636,"צנדלה",0,0,0,0,0.0132978723404255,0,0,0,0,"צנדלה"
637,"ערערה",0.00177226406734603,0.00148533234311177,0.0282010860045542,0.004526593738212,0.0149342891278375,0.00177595628415301,0.00198216055500496,0.000756715853197125,0.00378736642770188,"ערערה"
638,"קלנסווה",0.00128369704749679,0.00280014000700035,0.00804932351430039,0.00327255726975222,0.00318519642044593,0.00205472044987564,0.00144355692426138,0.000975990630489947,0.00265379975874548,"קלנסווה"
648,"מצר",0,0.0105633802816901,0.0191082802547771,0.0246153846153846,0.00925925925925926,0,0.00334448160535117,0.00328947368421053,0,"מצר"
649,"מייסר",0,0.00573065902578797,0.141860465116279,0,0.00428265524625268,0.00546448087431694,0.003584229390681,0.00669642857142857,0.00168634064080944,"מייסר"
652,"אבטין",0.00483870967741936,0.0173661360347323,0.0339805825242718,0.0151515151515152,0.240829346092504,0.0133481646273637,0.00173761946133797,0.00459418070444104,0.00576701268742791,"אבטין"
654,"כפר קרע",0.00540540540540541,0.00870942201108472,0.00286779466590192,0.0162259615384615,0.0140749533661184,0.00684596577017115,0.00498266897746967,0.0224342876276578,0.00188479208387325,"כפרקרע"
658,"שייח' דנון",0,0.00228050171037628,0.0900692840646651,0.00475059382422803,0.0490856592877767,0.00146842878120411,0.00334672021419009,0,0.00254885301614274,"שייחדנון"
661,"שער אפרים",0.209393346379648,0.125628140703518,0.18048128342246,0.283313325330132,0.0655209452201933,0.0981661272923409,0.0877944325481799,0.158351409978308,0.192734611503532,"שעראפרים"
662,"חוסן",0.190201729106628,0.162303664921466,0.215496368038741,0.274390243902439,0.107547169811321,0.119626168224299,0.112994350282486,0.183235867446394,0.243682310469314,"חוסן"
663,"טירת יהודה",0.57742782152231,0.498881431767338,0.584269662921348,0.518092105263158,0.415625,0.436187399030695,0.5,0.543307086614173,0.485362095531587,"טירתיהודה"
664,"כרם בן זמרה",0.360189573459716,0.242424242424242,0.332,0.326388888888889,0.14968152866242,0.193548387096774,0.193220338983051,0.251700680272109,0.332214765100671,"כרםבןזמרה"
665,"תקומה",0.588652482269504,0.412140575079872,0.573863636363636,0.435045317220544,0.409756097560976,0.444174757281553,0.43719806763285,0.485221674876847,0.468599033816425,"תקומה"
666,"עומר",0.0425750192357015,0.0321960595867371,0.0795025538529869,0.134738186462324,0.066100290095317,0.060121107266436,0.0522931847406772,0.11826280623608,0.119702927042377,"עומר"
667,"ברעם",0.0103448275862069,0.0104166666666667,0.0147058823529412,0.0382352941176471,0.00879765395894428,0.0109289617486339,0.00857142857142857,0.0109289617486339,0.0136239782016349,"ברעם"
668,"מפלסים",0.00335570469798658,0.0149253731343284,0.0409638554216867,0.0789473684210526,0.0399159663865546,0.0356394129979036,0.0395833333333333,0.0443974630021142,0.0526315789473684,"מפלסים"
670,"משמר איילון",0.081447963800905,0.0565217391304348,0.110714285714286,0.188311688311688,0.0694864048338369,0.0367231638418079,0.0616883116883117,0.0733333333333333,0.136498516320475,"משמראיילון"
672,"בית נקופה",0.0818181818181818,0.0814814814814815,0.11864406779661,0.146496815286624,0.075,0.0978260869565217,0.0974930362116992,0.145658263305322,0.190217391304348,"ביתנקופה"
673,"כפר טרומן",0.0835734870317003,0.04,0.103614457831325,0.178329571106095,0.05,0.0387096774193548,0.0709382151029748,0.0911111111111111,0.0947136563876652,"כפרטרומן"
674,"לימן",0.0327272727272727,0.0388059701492537,0.0941828254847645,0.197435897435897,0.0431472081218274,0.0631313131313131,0.0699481865284974,0.13972602739726,0.0854922279792746,"לימן"
675,"הבונים",0.0125786163522013,0.00657894736842105,0.0248756218905473,0.0576923076923077,0,0.00497512437810945,0.00975609756097561,0.037914691943128,0.0147783251231527,"הבונים"
676,"עין השלושה",0.0111111111111111,0.0108108108108108,0.0425531914893617,0.0672645739910314,0.00543478260869565,0.0279329608938547,0.021505376344086,0.0789473684210526,0.0804597701149425,"עיןהשלושה"
677,"הסוללים",0.0236220472440945,0.0341463414634146,0.0346420323325635,0.0775347912524851,0.0348623853211009,0.0438095238095238,0.0373831775700935,0.0499075785582255,0.0377019748653501,"הסוללים"
678,"מעגן",0.0177514792899408,0.00574712643678161,0.0315789473684211,0.101941747572816,0.00843881856540084,0.0316742081447964,0.0321100917431193,0.0528846153846154,0.0758293838862559,"מעגן"
679,"אביאל",0.072289156626506,0.0417910447761194,0.0375,0.154963680387409,0.0268292682926829,0.0350877192982456,0.0411622276029056,0.0866336633663366,0.0572139303482587,"אביאל"
680,"אומץ",0.0365296803652968,0.0161943319838057,0.0442477876106195,0.0854700854700855,0.0473684210526316,0.025062656641604,0.0257731958762887,0.0356234096692112,0.0579345088161209,"אומץ"
681,"גבעת שמואל",0.32746070260576,0.311733966745843,0.383182890135805,0.408235738571968,0.362945436294544,0.38422708318092,0.368067590987868,0.450407317421752,0.412643601832791,"גבעתשמואל"
682,"אליקים",0.797583081570997,0.608695652173913,0.248648648648649,0.387470997679814,0.254041570438799,0.3,0.264285714285714,0.399477806788512,0.477973568281938,"אליקים"
683,"גבע כרמל",0.0523690773067332,0.0407725321888412,0.104938271604938,0.217054263565891,0.039426523297491,0.0455341506129597,0.0458015267175573,0.0903954802259887,0.107272727272727,"גבעכרמל"
684,"היוגב",0.0227272727272727,0.0199430199430199,0.0507246376811594,0.0856481481481482,0.0306345733041575,0.0397196261682243,0.0275862068965517,0.0421286031042129,0.044,"היוגב"
685,"בניה",0.0335731414868106,0.039647577092511,0.0673267326732673,0.121673003802281,0.0433962264150943,0.0482625482625483,0.036,0.0748987854251012,0.0764462809917355,"בניה"
686,"נווה ימין",0.121756487025948,0.0968280467445743,0.165402124430956,0.198639455782313,0.0905562742561449,0.10935441370224,0.112925170068027,0.140969162995595,0.212553495007133,"נווהימין"
687,"עין איילה",0.0173913043478261,0.0205949656750572,0.0398406374501992,0.112403100775194,0.0292096219931271,0.0283185840707965,0.0384615384615385,0.0507246376811594,0.0462633451957295,"עיןאיילה"
688,"עלמה",0.510869565217391,0.417197452229299,0.391437308868502,0.271844660194175,0.129464285714286,0.186788154897494,0.232300884955752,0.274647887323944,0.438864628820961,"עלמה"
689,"מגדים",0.158441558441558,0.196242171189979,0.161061946902655,0.19047619047619,0.0635179153094463,0.0880913539967374,0.0875656742556918,0.126644736842105,0.12480252764613,"מגדים"
690,"כפר אחים",0.180722891566265,0.0634920634920635,0.127478753541076,0.1875,0.0636363636363636,0.0904761904761905,0.0705882352941176,0.14622641509434,0.145985401459854,"כפראחים"
692,"שפיר",0.398305084745763,0.238907849829352,0.364640883977901,0.307304785894207,0.221461187214612,0.23394495412844,0.237668161434978,0.337053571428571,0.307692307692308,"שפיר"
693,"נתיב הל""ה",0.0260869565217391,0.0118577075098814,0.00655737704918033,0.0404984423676012,0.0144927536231884,0,0.0200573065902579,0.0285714285714286,0.0297297297297297,"נתיבהלה"
694,"מעגן מיכאל",0.00593119810201661,0.0130151843817787,0.0190380761523046,0.0504587155963303,0.0233160621761658,0.0150309460654288,0.0188340807174888,0.0265017667844523,0.0227272727272727,"מעגןמיכאל"
695,"מגן",0.00352112676056338,0,0.0158227848101266,0.0267062314540059,0.00586510263929619,0,0.003003003003003,0.009375,0.00634920634920635,"מגן"
696,"כפר חב""ד",0.58930669800235,0.888603696098563,0.383613445378151,0.129069322098813,0.797491039426523,0.581395348837209,0.681818181818182,0.874021352313167,0.881252126573664,"כפרחבד"
697,"בארותיים",0.042042042042042,0.0487804878048781,0.0819672131147541,0.14365671641791,0.0518783542039356,0.0408163265306122,0.0516605166051661,0.0656028368794326,0.0668953687821612,"בארותיים"
698,"בורגתה",0.0294784580498866,0.0305498981670061,0.0636042402826855,0.126602564102564,0.0309951060358891,0.0494233937397035,0.0470016207455429,0.0740740740740741,0.0794165316045381,"בורגתה"
699,"ניר ישראל",0.0229885057471264,0.0338541666666667,0.0799031476997579,0.134396355353075,0.0601336302895323,0.0749464668094218,0.0588235294117647,0.122222222222222,0.0926724137931035,"נירישראל"
700,"חצב",0.16953316953317,0.154525386313466,0.229906542056075,0.314424635332253,0.0715372907153729,0.108396946564885,0.0987841945288754,0.188163884673748,0.279600570613409,"חצב"
701,"ארבל",0.130434782608696,0.073394495412844,0.122676579925651,0.162420382165605,0.0621301775147929,0.0529411764705882,0.0537313432835821,0.147147147147147,0.178861788617886,"ארבל"
702,"האון",0.1,0.111111111111111,0.0857142857142857,0.168316831683168,0.032258064516129,0.10989010989011,0.0930232558139535,0.0823529411764706,0.0714285714285714,"האון"
703,"גבעת עוז",0.0251046025104603,0.0265151515151515,0.0740740740740741,0.0786516853932584,0.025089605734767,0.03690036900369,0.046875,0.048582995951417,0.0433070866141732,"גבעתעוז"
705,"נחשונים",0.00483091787439614,0.00462962962962963,0.00956937799043062,0.0285714285714286,0.0121457489878543,0.00403225806451613,0.0122448979591837,0.00411522633744856,0.01171875,"נחשונים"
706,"גיאה",0.0357142857142857,0.0385756676557863,0.0977443609022556,0.178997613365155,0.0589569160997732,0.0469798657718121,0.0354609929078014,0.096551724137931,0.118604651162791,"גיאה"
707,"כפר דניאל",0.0201342281879195,0.00829875518672199,0.0313390313390313,0.156593406593407,0.0238726790450928,0.029810298102981,0.0193370165745856,0.032258064516129,0.0386740331491713,"כפרדניאל"
708,"עמקה",0.395522388059701,0.328767123287671,0.305810397553517,0.332386363636364,0.141860465116279,0.210900473933649,0.208520179372197,0.300715990453461,0.378318584070796,"עמקה"
709,"תפרח",0.963800904977376,0.945103857566766,0.933246073298429,0.864406779661017,0.912943871706758,0.930045871559633,0.918013856812933,0.936435868331442,0.947033898305085,"תפרח"
710,"בית זית",0.0713266761768902,0.0603318250377074,0.0916030534351145,0.143391521197007,0.0776361529548088,0.071264367816092,0.0902857142857143,0.12046783625731,0.11495673671199,"ביתזית"
711,"עזריה",0.296178343949045,0.155875299760192,0.296370967741935,0.240418118466899,0.113385826771654,0.124394184168013,0.1328125,0.189873417721519,0.246715328467153,"עזריה"
712,"בן עמי",0.0549450549450549,0.0353260869565217,0.095,0.125581395348837,0.0459770114942529,0.070048309178744,0.0702179176755448,0.0843373493975904,0.110831234256927,"בןעמי"
713,"רעים",0,0,0.0158730158730159,0.03584229390681,0.0110294117647059,0.0078740157480315,0,0.0253623188405797,0.0320284697508897,"רעים"
714,"ארז",0.0135135135135135,0.0220264317180617,0.024390243902439,0.0927152317880795,0.0193548387096774,0.0161812297734628,0.0223642172523962,0.0526315789473684,0.0529595015576324,"ארז"
715,"להבות חביבה",0,0,0.0171821305841924,0.0706806282722513,0.0154185022026432,0.0129589632829374,0.0170575692963753,0.0315789473684211,0.00813008130081301,"להבותחביבה"
716,"אייל",0.0375,0.0288065843621399,0.013840830449827,0.0540540540540541,0.0125,0.0131147540983607,0.00651465798045603,0.0124223602484472,0.00600600600600601,"אייל"
717,"חגור",0.0674486803519062,0.0447058823529412,0.116504854368932,0.15,0.0734265734265734,0.0606585788561525,0.0731707317073171,0.126297577854671,0.115716753022453,"חגור"
718,"ירחיב",0.256410256410256,0.166666666666667,0.2,0.268389662027833,0.0878378378378378,0.117546848381601,0.127240143369176,0.179442508710801,0.252892561983471,"ירחיב"
719,"תל קציר",0,0.00625,0.0638297872340425,0.119402985074627,0.00909090909090909,0.0133333333333333,0.0272727272727273,0.0663716814159292,0.0809716599190283,"תלקציר"
720,"ניר גלים",0.789655172413793,0.704761904761905,0.665903890160183,0.629550321199143,0.581308411214953,0.606870229007634,0.594149908592322,0.659963436928702,0.563218390804598,"נירגלים"
721,"שדה אילן",0.659192825112108,0.579399141630901,0.637010676156584,0.625,0.464968152866242,0.542372881355932,0.530944625407166,0.564263322884012,0.544117647058823,"שדהאילן"
722,"מגשימים",0.0526315789473684,0.0261282660332542,0.0622489959839357,0.103734439834025,0.0361216730038023,0.0113851992409867,0.0320754716981132,0.0710382513661202,0.0868725868725869,"מגשימים"
723,"בית הגדי",0.658730158730159,0.451178451178451,0.546827794561934,0.137755102040816,0.231578947368421,0.194748358862144,0.196162046908316,0.316810344827586,0.415478615071283,"ביתהגדי"
726,"הודיה",0.233463035019455,0.171532846715328,0.212454212454212,0.244582043343653,0.127596439169139,0.128048780487805,0.150470219435737,0.202941176470588,0.267217630853994,"הודיה"
727,"תלמי יחיאל",0.108303249097473,0.0610932475884244,0.121468926553672,0.224938875305623,0.0686070686070686,0.0860927152317881,0.070362473347548,0.134955752212389,0.162337662337662,"תלמייחיאל"
729,"משמר השבעה",0.0539845758354756,0.039119804400978,0.0411255411255411,0.144897959183673,0.0292397660818713,0.0340909090909091,0.020952380952381,0.0603112840466926,0.0780399274047187,"משמרהשבעה"
730,"אליפלט",0.24390243902439,0.233480176211454,0.241379310344828,0.296928327645051,0.10410094637224,0.119760479041916,0.117816091954023,0.206153846153846,0.296675191815857,"אליפלט"
731,"מישר",0.0321543408360129,0.0527950310559006,0.0533707865168539,0.101333333333333,0.0392670157068063,0.0381679389312977,0.0183246073298429,0.0651041666666667,0.0416666666666667,"מישר"
732,"משמר הירדן",0.15962441314554,0.0894941634241245,0.148550724637681,0.183908045977011,0.0748129675810474,0.076530612244898,0.0731707317073171,0.151898734177215,0.223502304147465,"משמרהירדן"
734,"גן יאשיה",0.0133333333333333,0.0345679012345679,0.0588235294117647,0.1,0.0386965376782077,0.0399159663865546,0.03420523138833,0.0642023346303502,0.0563106796116505,"גןיאשיה"
735,"רמות מאיר",0.0919117647058824,0.0736196319018405,0.12568306010929,0.2109375,0.104368932038835,0.0757575757575758,0.0866141732283465,0.119700748129676,0.13953488372093,"רמותמאיר"
736,"גילת",0.242574257425743,0.187755102040816,0.267790262172285,0.173134328358209,0.110817941952507,0.0946123521681997,0.136186770428016,0.224462365591398,0.300578034682081,"גילת"
737,"עולש",0.0342298288508557,0.0581896551724138,0.093984962406015,0.160220994475138,0.0735785953177258,0.0735042735042735,0.0647985989492119,0.118136439267887,0.07426597582038,"עולש"
738,"דור",0.0192307692307692,0,0.0512820512820513,0.17351598173516,0.0318181818181818,0.0269058295964126,0.036036036036036,0.0269058295964126,0.0514018691588785,"דור"
739,"שדה עוזיהו",0.320610687022901,0.275653923541247,0.361809045226131,0.434285714285714,0.100529100529101,0.101840490797546,0.193954659949622,0.239789196310935,0.345111896348645,"שדהעוזיהו"
740,"אשתאול",0.439882697947214,0.390361445783133,0.279116465863454,0.344890510948905,0.219512195121951,0.232993197278912,0.24212271973466,0.263793103448276,0.349498327759197,"אשתאול"
741,"שואבה",0.075098814229249,0.087248322147651,0.0990712074303406,0.15727002967359,0.0758426966292135,0.0514285714285714,0.0421348314606742,0.0797546012269939,0.0973451327433628,"שואבה"
742,"מסילת ציון",0.12568306010929,0.0822942643391521,0.150980392156863,0.176470588235294,0.0757042253521127,0.0725663716814159,0.0876565295169946,0.139240506329114,0.151986183074266,"מסילתציון"
743,"כפר שמואל",0.04,0.037593984962406,0.0700934579439252,0.127314814814815,0.0221327967806841,0.0264765784114053,0.0282828282828283,0.0777096114519427,0.0734126984126984,"כפרשמואל"
744,"תלמי יפה",0,0.041958041958042,0.0945454545454545,0.190332326283988,0.0879120879120879,0.0807799442896936,0.0754716981132075,0.131284916201117,0.129533678756477,"תלמייפה"
745,"גמזו",0.712941176470588,0.63519313304721,0.711111111111111,0.609433962264151,0.654320987654321,0.64065335753176,0.644927536231884,0.724202626641651,0.661764705882353,"גמזו"
746,"ברכיה",0.704761904761905,0.571129707112971,0.625698324022346,0.150592216582064,0.403726708074534,0.355095541401274,0.416024653312789,0.567610062893082,0.607503607503608,"ברכיה"
747,"בית שקמה",0.293333333333333,0.203007518796992,0.314393939393939,0.4,0.14572864321608,0.158508158508158,0.227272727272727,0.344473007712082,0.477434679334917,"ביתשקמה"
748,"מסלול",0.0967741935483871,0.109004739336493,0.153256704980843,0.241042345276873,0.157458563535912,0.115702479338843,0.1455525606469,0.245945945945946,0.290953545232274,"מסלול"
749,"פטיש",0.495412844036697,0.404624277456647,0.556410256410256,0.390495867768595,0.25417439703154,0.25812274368231,0.341417910447761,0.410207939508507,0.460069444444444,"פטיש"
750,"פדויים",0.377358490566038,0.342105263157895,0.403314917127072,0.457943925233645,0.211711711711712,0.2375,0.226720647773279,0.336134453781513,0.3828125,"פדויים"
751,"בית מאיר",0.710526315789474,0.60738255033557,0.635338345864662,0.46643109540636,0.474452554744526,0.490272373540856,0.496240601503759,0.576470588235294,0.628571428571429,"ביתמאיר"
752,"תעוז",0.414847161572052,0.352941176470588,0.37037037037037,0.332317073170732,0.205278592375367,0.193181818181818,0.203438395415473,0.321428571428571,0.314868804664723,"תעוז"
753,"ינוב",0.160112359550562,0.151098901098901,0.13189448441247,0.193478260869565,0.0863157894736842,0.0991561181434599,0.116630669546436,0.133037694013304,0.135964912280702,"ינוב"
755,"גורן",0.15546218487395,0.390756302521008,0.51004016064257,0.388461538461538,0.2,0.203187250996016,0.187265917602996,0.33195020746888,0.332075471698113,"גורן"
756,"בית עזרא",0.184757505773672,0.132382892057026,0.205263157894737,0.265923566878981,0.101978691019787,0.0834597875569044,0.121405750798722,0.192429022082019,0.207165109034268,"ביתעזרא"
757,"מצליח",0.132196162046908,0.0962962962962963,0.165884194053208,0.300411522633745,0.0824175824175824,0.0900277008310249,0.0889487870619946,0.143063583815029,0.231197771587744,"מצליח"
758,"יד חנה",0.0260869565217391,0.0410958904109589,0.0451807228915663,0.0946291560102302,0.018018018018018,0.0174291938997821,0.0131291028446389,0.0606060606060606,0.062111801242236,"ידחנה"
759,"יציץ",0.341085271317829,0.190661478599222,0.29153605015674,0.285714285714286,0.0845070422535211,0.125295508274232,0.126126126126126,0.158878504672897,0.349315068493151,"יציץ"
760,"בן זכאי",0.629757785467128,0.49112426035503,0.57258064516129,0.248351648351648,0.227557411273486,0.259109311740891,0.289108910891089,0.381742738589212,0.453061224489796,"בןזכאי"
761,"שובה",0.585798816568047,0.331730769230769,0.647482014388489,0.290540540540541,0.301492537313433,0.283987915407855,0.285294117647059,0.407284768211921,0.520231213872832,"שובה"
762,"בטחה",0.538216560509554,0.441595441595442,0.507772020725389,0.320366132723112,0.266806722689076,0.292828685258964,0.272727272727273,0.357142857142857,0.398058252427184,"בטחה"
763,"שתולים",0.265139116202946,0.208333333333333,0.215568862275449,0.25796178343949,0.111538461538462,0.105461393596987,0.121013133208255,0.22552783109405,0.319432120674357,"שתולים"
764,"כפר מרדכי",0.0283400809716599,0.024390243902439,0.017910447761194,0.0614035087719298,0.0189189189189189,0.0214477211796247,0.0165745856353591,0.0249307479224377,0.0247252747252747,"כפרמרדכי"
765,"משגב דב",0.0326086956521739,0.0275229357798165,0.064,0.101092896174863,0.0201005025125628,0.0310077519379845,0.0204081632653061,0.0683544303797468,0.0564102564102564,"משגבדב"
766,"קוממיות",0.992424242424242,1,0.993150684931507,0.970149253731343,0.985507246376812,0.985714285714286,0.983606557377049,0.993548387096774,0.995121951219512,"קוממיות"
767,"פורת",0.639751552795031,0.526455026455027,0.457516339869281,0.431616341030195,0.167213114754098,0.2578125,0.26865671641791,0.35973597359736,0.477239353891336,"פורת"
768,"כרמיה",0.0721649484536082,0.0676691729323308,0.105769230769231,0.140449438202247,0.0389221556886228,0.03125,0.0203488372093023,0.0720720720720721,0.0769230769230769,"כרמיה"
769,"ניר עציון",0.544827586206897,0.600719424460432,0.692041522491349,0.588628762541806,0.541528239202658,0.533101045296167,0.55,0.611111111111111,0.555194805194805,"נירעציון"
771,"מבוא ביתר",0.036144578313253,0.0446927374301676,0.103053435114504,0.184696569920844,0.106986899563319,0.0919282511210762,0.0930735930735931,0.180293501048218,0.169734151329243,"מבואביתר"
772,"אמונים",0.111392405063291,0.123486682808717,0.206208425720621,0.222457627118644,0.099601593625498,0.11275415896488,0.12133072407045,0.19140625,0.239543726235741,"אמונים"
773,"עמיקם",0.0214592274678112,0.0392857142857143,0.0462962962962963,0.184573002754821,0.0253164556962025,0.0148514851485149,0.0431472081218274,0.0521091811414392,0.0406091370558376,"עמיקם"
774,"צוריאל",0.153846153846154,0.254777070063694,0.263157894736842,0.201005025125628,0.107476635514019,0.113207547169811,0.121495327102804,0.199074074074074,0.316964285714286,"צוריאל"
775,"יד נתן",0.0842696629213483,0.0691244239631336,0.0984251968503937,0.163265306122449,0.0666666666666667,0.0434782608695652,0.0464396284829721,0.111821086261981,0.169934640522876,"ידנתן"
776,"מחסיה",0.45578231292517,0.369318181818182,0.434782608695652,0.40174672489083,0.259109311740891,0.303846153846154,0.264367816091954,0.391836734693878,0.476377952755905,"מחסיה"
777,"נחשון",0.00416666666666667,0.00357142857142857,0.0136986301369863,0.0197368421052632,0,0.00571428571428571,0.0116279069767442,0.0255681818181818,0.0113960113960114,"נחשון"
778,"תרום",0.622881355932203,0.463878326996198,0.496710526315789,0.43520782396088,0.345454545454545,0.314159292035398,0.29723991507431,0.371794871794872,0.421052631578947,"תרום"
779,"עמינדב",0.141868512110727,0.100294985250737,0.149659863945578,0.19327731092437,0.11088295687885,0.102127659574468,0.107142857142857,0.157079646017699,0.185745140388769,"עמינדב"
780,"אורה",0.262569832402235,0.223981900452489,0.191335740072202,0.237623762376238,0.127450980392157,0.139904610492846,0.143094841930116,0.232682060390764,0.27318718381113,"אורה"
783,"אבן ספיר",0.162790697674419,0.0884353741496599,0.124620060790274,0.200527704485488,0.0591549295774648,0.0581717451523546,0.0744985673352436,0.130681818181818,0.182065217391304,"אבןספיר"
784,"בית נחמיה",0.0745762711864407,0.0348525469168901,0.101382488479263,0.225263157894737,0.0365853658536585,0.0321285140562249,0.0471092077087794,0.102345415778252,0.137577002053388,"ביתנחמיה"
785,"אחיהוד",0.491909385113269,0.39209726443769,0.361386138613861,0.289237668161435,0.231968810916179,0.239299610894942,0.245059288537549,0.3359375,0.483333333333333,"אחיהוד"
786,"כפר זיתים",0.322222222222222,0.314553990610329,0.352697095435685,0.250783699059561,0.141643059490085,0.201133144475921,0.174157303370787,0.247813411078717,0.361823361823362,"כפרזיתים"
787,"גבעת יערים",0.213836477987421,0.165369649805447,0.185970636215334,0.249632892804699,0.142657342657343,0.134642356241234,0.154065620542083,0.188536953242836,0.213846153846154,"גבעתיערים"
788,"זיתן",0.312655086848635,0.257407407407407,0.27304347826087,0.324159021406728,0.109090909090909,0.18167701863354,0.168831168831169,0.229166666666667,0.292719167904903,"זיתן"
789,"רנן",0.0232558139534884,0.0402298850574713,0.11587982832618,0.223404255319149,0.0679012345679012,0.0633333333333333,0.0727848101265823,0.138709677419355,0.258720930232558,"רנן"
791,"משען",0.407547169811321,0.252124645892351,0.399521531100478,0.30977130977131,0.186131386861314,0.162112932604736,0.192239858906526,0.283609576427256,0.337434094903339,"משען"
792,"נתיב השיירה",0.0698689956331878,0.0714285714285714,0.105263157894737,0.229102167182663,0.0383386581469649,0.0983606557377049,0.0749185667752443,0.156028368794326,0.119741100323625,"נתיבהשיירה"
793,"גבעתי",0.138513513513514,0.126404494382022,0.239185750636132,0.309954751131222,0.108352144469526,0.123456790123457,0.191446028513238,0.208791208791209,0.317399617590822,"גבעתי"
794,"עגור",0.355828220858896,0.211764705882353,0.248704663212435,0.328502415458937,0.165178571428571,0.171673819742489,0.210743801652893,0.224137931034483,0.371428571428571,"עגור"
795,"יערה",0.352713178294574,0.479365079365079,0.570121951219512,0.41005291005291,0.2825,0.302030456852792,0.266832917705736,0.268617021276596,0.284237726098191,"יערה"
796,"צלפון",0.356363636363636,0.260736196319018,0.321243523316062,0.293023255813953,0.1171875,0.111111111111111,0.116504854368932,0.247983870967742,0.298507462686567,"צלפון"
797,"אחיעזר",0.829642248722317,0.755917159763314,0.668848167539267,0.612028301886792,0.524607329842932,0.579739217652959,0.584148727984344,0.622885572139304,0.666028708133971,"אחיעזר"
798,"יגל",0.324590163934426,0.318965517241379,0.263565891472868,0.240700218818381,0.130522088353414,0.153535353535354,0.156186612576065,0.208421052631579,0.304093567251462,"יגל"
799,"זכריה",0.312925170068027,0.178117048346056,0.231263383297645,0.212996389891697,0.09375,0.126079447322971,0.127768313458262,0.242214532871972,0.260450160771704,"זכריה"
800,"בית חנניה",0.0402476780185759,0.0436046511627907,0.0598503740648379,0.113785557986871,0.0309278350515464,0.0273109243697479,0.03470715835141,0.050314465408805,0.0626304801670146,"ביתחנניה"
801,"חמד",0.642105263157895,0.554896142433234,0.663484486873508,0.684326710816777,0.562118126272912,0.578494623655914,0.57563025210084,0.665991902834008,0.587649402390438,"חמד"
802,"גבעת כ""ח",0.310502283105023,0.204633204633205,0.264150943396226,0.344902386117137,0.127615062761506,0.107355864811133,0.14968814968815,0.229613733905579,0.282051282051282,"גבעתכח"
803,"יושיביה",0.645833333333333,0.517241379310345,0.756476683937824,0.309623430962343,0.453488372093023,0.507575757575758,0.483394833948339,0.594795539033457,0.656957928802589,"יושיביה"
804,"אחיסמך",0.466666666666667,0.52465483234714,0.564322469982847,0.43562874251497,0.155653450807636,0.273792093704246,0.250673854447439,0.305555555555556,0.43360433604336,"אחיסמך"
805,"ישעי",0.721854304635762,0.557522123893805,0.510695187165775,0.378446115288221,0.366666666666667,0.404205607476636,0.372365339578454,0.418886198547215,0.575892857142857,"ישעי"
806,"עין יהב",0.0159744408945687,0.0286532951289398,0.0376344086021505,0.0656167979002625,0.0175879396984925,0.0075,0.0181347150259067,0.0195121951219512,0.0378250591016548,"עיןיהב"
807,"חניאל",0.0188679245283019,0.0247747747747748,0.0242825607064018,0.116182572614108,0.0123203285420945,0.00823045267489712,0.0128755364806867,0.0341151385927505,0.0405117270788913,"חניאל"
808,"ניר אליהו",0.00452488687782805,0.00823045267489712,0.00421940928270042,0.0342465753424658,0.00336700336700337,0.00649350649350649,0.00996677740863787,0.0218068535825545,0.0382165605095541,"ניראליהו"
809,"נחם",0.577092511013216,0.53469387755102,0.424698795180723,0.315340909090909,0.238372093023256,0.273846153846154,0.253012048192771,0.344370860927152,0.439024390243902,"נחם"
810,"עופר",0.132978723404255,0.104347826086957,0.114982578397213,0.15112540192926,0.0473186119873817,0.045016077170418,0.0604026845637584,0.1,0.149837133550489,"עופר"
811,"יכיני",0.373913043478261,0.240458015267176,0.254716981132075,0.228571428571429,0.160427807486631,0.169811320754717,0.159268929503916,0.280898876404494,0.319480519480519,"יכיני"
812,"שלומי",0.212815533980583,0.165755919854281,0.283294586516108,0.293260473588342,0.124962630792227,0.170420865441612,0.172166427546628,0.237886748394629,0.263117283950617,"שלומי"
813,"עין יעקב",0.156441717791411,0.211538461538462,0.302325581395349,0.266524520255864,0.139194139194139,0.158469945355191,0.158362989323843,0.220802919708029,0.372742200328407,"עיןיעקב"
814,"תלמים",0.712765957446808,0.736686390532544,0.638235294117647,0.251207729468599,0.39047619047619,0.329621380846325,0.358744394618834,0.505966587112172,0.617336152219873,"תלמים"
815,"זבדיאל",0.508403361344538,0.513725490196078,0.427609427609428,0.363636363636364,0.325443786982249,0.369627507163324,0.351274787535411,0.401129943502825,0.557544757033248,"זבדיאל"
816,"זנוח",0.525423728813559,0.327868852459016,0.306034482758621,0.318681318681319,0.180212014134276,0.255892255892256,0.21875,0.310469314079422,0.390163934426229,"זנוח"
817,"עזריקם",0.217494089834515,0.176470588235294,0.256993006993007,0.214285714285714,0.0726256983240224,0.0889774236387782,0.115591397849462,0.147142857142857,0.217503217503217,"עזריקם"
818,"זרחיה",0.706122448979592,0.575539568345324,0.644859813084112,0.456338028169014,0.364321608040201,0.378378378378378,0.406698564593301,0.492990654205608,0.601336302895323,"זרחיה"
819,"אביגדור",0.0159151193633952,0.0223325062034739,0.081140350877193,0.113684210526316,0.0542168674698795,0.069672131147541,0.0764462809917355,0.100418410041841,0.0910973084886128,"אביגדור"
820,"חלץ",0.306122448979592,0.398230088495575,0.423423423423423,0.407258064516129,0.175,0.19672131147541,0.189922480620155,0.2421875,0.276119402985075,"חלץ"
821,"אחוזם",0.412037037037037,0.305439330543933,0.444444444444444,0.267657992565056,0.180505415162455,0.216949152542373,0.245487364620939,0.305555555555556,0.393103448275862,"אחוזם"
822,"מטע",0.134782608695652,0.118081180811808,0.139751552795031,0.184143222506394,0.0712468193384224,0.089058524173028,0.0879396984924623,0.118226600985222,0.196642685851319,"מטע"
823,"בר גיורא",0.222772277227723,0.202586206896552,0.234657039711191,0.24406779661017,0.11214953271028,0.130872483221477,0.151612903225806,0.220394736842105,0.268072289156627,"ברגיורא"
824,"כוכב מיכאל",0.021021021021021,0.0298913043478261,0.0498915401301518,0.101419878296146,0.0303605313092979,0.0273972602739726,0.0330739299610895,0.0708661417322835,0.0757855822550832,"כוכבמיכאל"
825,"נס הרים",0.220338983050847,0.184115523465704,0.185676392572944,0.203846153846154,0.0958188153310105,0.0902896081771721,0.10738255033557,0.192832764505119,0.221875,"נסהרים"
826,"עוזה",0.780590717299578,0.729508196721312,0.741444866920152,0.38013698630137,0.355311355311355,0.447183098591549,0.458333333333333,0.523076923076923,0.548872180451128,"עוזה"
827,"נווה מבטח",0.0350877192982456,0.0512820512820513,0.0672268907563025,0.135135135135135,0.045822102425876,0.0349462365591398,0.053072625698324,0.0773480662983425,0.105128205128205,"נווהמבטח"
828,"ישרש",0.157575757575758,0.103274559193955,0.202702702702703,0.318897637795276,0.092057761732852,0.113345521023766,0.119230769230769,0.18348623853211,0.212880143112701,"ישרש"
829,"מבטחים",0.304878048780488,0.130653266331658,0.378995433789954,0.267543859649123,0.217948717948718,0.145748987854251,0.191666666666667,0.255230125523013,0.428571428571429,"מבטחים"
831,"ירוחם",0.432283208834037,0.394268476621418,0.443645083932854,0.417617083232225,0.28150641699979,0.312005002084202,0.300546448087432,0.360693886185741,0.4044703595724,"ירוחם"
836,"גנות",0.0309734513274336,0.037037037037037,0.0657439446366782,0.140845070422535,0.052434456928839,0.0711610486891386,0.0522388059701493,0.108614232209738,0.0996309963099631,"גנות"
837,"עזריאל",0.385454545454545,0.250746268656716,0.338308457711443,0.292682926829268,0.201596806387226,0.229338842975207,0.238476953907816,0.326839826839827,0.315682281059063,"עזריאל"
838,"פדיה",0.161702127659574,0.105960264900662,0.214484679665738,0.307511737089202,0.0827886710239651,0.0920770877944325,0.112068965517241,0.169230769230769,0.23721881390593,"פדיה"
839,"פתחיה",0.194078947368421,0.138107416879795,0.228438228438228,0.299595141700405,0.0927835051546392,0.098326359832636,0.106694560669456,0.186695278969957,0.240079365079365,"פתחיה"
840,"כיסופים",0.00847457627118644,0.0075187969924812,0.0638297872340425,0.0584415584415584,0.0318471337579618,0.0273972602739726,0.0384615384615385,0.0774193548387097,0.0802469135802469,"כיסופים"
841,"אלישמע",0.2525,0.217977528089888,0.240137221269297,0.372168284789644,0.0989345509893455,0.122222222222222,0.15311004784689,0.197549770290965,0.2578125,"אלישמע"
842,"געש",0.00549450549450549,0.0128865979381443,0.0072463768115942,0.0309734513274336,0.0194552529182879,0.0193798449612403,0.0210325047801147,0.0305755395683453,0.0288288288288288,"געש"
843,"מרגליות",0.125,0.125827814569536,0.202797202797203,0.405714285714286,0.105820105820106,0.0964467005076142,0.0918367346938776,0.191489361702128,0.26027397260274,"מרגליות"
844,"נחל עוז",0.0116279069767442,0.0167597765363128,0.0217391304347826,0.0720720720720721,0.036734693877551,0.0171673819742489,0.032,0.0593220338983051,0.032,"נחלעוז"
845,"כפר עזה",0.00481927710843374,0.00888888888888889,0.032520325203252,0.0785854616895874,0.0227272727272727,0.0219560878243513,0.0357142857142857,0.0608856088560886,0.0640569395017794,"כפרעזה"
846,"שפר",0.171171171171171,0.129032258064516,0.189473684210526,0.189320388349515,0.0815450643776824,0.214912280701754,0.149779735682819,0.159420289855072,0.242152466367713,"שפר"
848,"בית רבן",0.869230769230769,0.843373493975904,0.843478260869565,0.585657370517928,0.72791519434629,0.691699604743083,0.661290322580645,0.865800865800866,0.872037914691943,"ביתרבן"
849,"דבירה",0.00458715596330275,0.0291666666666667,0.0307262569832402,0.0603015075376884,0.0363636363636364,0.03125,0.0306122448979592,0.0608365019011407,0.0517241379310345,"דבירה"
850,"אחיטוב",0.0746268656716418,0.0796019900497512,0.150776053215078,0.244036697247706,0.0856102003642987,0.0749542961608775,0.121771217712177,0.120921305182342,0.190562613430127,"אחיטוב"
851,"ניצני עוז",0.0671834625322997,0.039119804400978,0.108606557377049,0.212230215827338,0.0376344086021505,0.042031523642732,0.0595446584938704,0.0875232774674116,0.176156583629893,"ניצניעוז"
852,"גונן",0.00543478260869565,0.0246305418719212,0.0611353711790393,0.102459016393443,0.0125523012552301,0.0352422907488987,0.00854700854700855,0.0228310502283105,0.062780269058296,"גונן"
853,"גאליה",0.01953125,0.0141843971631206,0.0384615384615385,0.125,0.0412213740458015,0.0362776025236593,0.0296411856474259,0.066358024691358,0.0534223706176962,"גאליה"
854,"רחוב",0.447761194029851,0.329411764705882,0.402234636871508,0.304147465437788,0.14468085106383,0.163090128755365,0.150406504065041,0.162393162393162,0.251012145748988,"רחוב"
856,"שעלבים",0.884393063583815,0.855029585798817,0.762532981530343,0.634980988593156,0.849117174959872,0.790297339593114,0.808777429467085,0.8712715855573,0.862537764350453,"שעלבים"
857,"כפר אביב",0.0464396284829721,0.0237467018469657,0.10997442455243,0.134615384615385,0.0487804878048781,0.0442260442260442,0.0413625304136253,0.0939759036144578,0.0733496332518337,"כפראביב"
858,"נווה ירק",0.0129390018484288,0.0132669983416252,0.0440528634361234,0.0942857142857143,0.0517751479289941,0.0270676691729323,0.0477611940298507,0.0633484162895928,0.0492307692307692,"נווהירק"
859,"כסלון",0.377952755905512,0.370860927152318,0.377049180327869,0.344186046511628,0.226415094339623,0.258883248730964,0.23943661971831,0.342995169082126,0.401785714285714,"כסלון"
861,"שדה אליעזר",0.0944055944055944,0.111111111111111,0.0889487870619946,0.188470066518847,0.08125,0.0709677419354839,0.100656455142232,0.10958904109589,0.16348195329087,"שדהאליעזר"
862,"גני יוחנן",0.069204152249135,0.0534591194968553,0.101036269430052,0.207594936708861,0.0576441102756892,0.0471464019851117,0.0726817042606516,0.0854922279792746,0.117647058823529,"גנייוחנן"
863,"גינתון",0.0317919075144509,0.032258064516129,0.0646551724137931,0.166666666666667,0.0389863547758285,0.0519230769230769,0.0618955512572534,0.0905511811023622,0.097609561752988,"גינתון"
864,"בקוע",0.348659003831418,0.303030303030303,0.267741935483871,0.282485875706215,0.165467625899281,0.118055555555556,0.116550116550117,0.226932668329177,0.281779661016949,"בקוע"
865,"שיבולים",0.552795031055901,0.395348837209302,0.355329949238579,0.29126213592233,0.248826291079812,0.22279792746114,0.222772277227723,0.310526315789474,0.398148148148148,"שיבולים"
866,"יטבתה",0.0119047619047619,0.0110803324099723,0.0327455919395466,0.051980198019802,0.0214285714285714,0.0072463768115942,0.018348623853211,0.0137931034482759,0.0239234449760766,"יטבתה"
868,"אלוני יצחק",0.136363636363636,0.0454545454545455,0.142857142857143,0.185185185185185,0,0.107142857142857,0.0869565217391304,0.0434782608695652,0.166666666666667,"אלונייצחק"
870,"גבעת השלושה",0.00714285714285714,0.0171821305841924,0.0267857142857143,0.103746397694524,0.0282051282051282,0.0232558139534884,0.0259067357512953,0.0407673860911271,0.0510948905109489,"גבעתהשלושה"
871,"עינת",0.010840108401084,0.0146627565982405,0.0147783251231527,0.045045045045045,0.0149892933618844,0.00879120879120879,0.00843881856540084,0.0289855072463768,0.0292887029288703,"עינת"
872,"גאולי תימן",0.209756097560976,0.217821782178218,0.248677248677249,0.378640776699029,0.131707317073171,0.116504854368932,0.115942028985507,0.192307692307692,0.1875,"גאוליתימן"
873,"שלווה",0.616666666666667,0.618834080717489,0.603603603603604,0.288888888888889,0.253289473684211,0.27891156462585,0.268518518518519,0.43042071197411,0.484330484330484,"שלווה"
874,"מגדל העמק",0.229765267361449,0.201491228070175,0.265168354326171,0.262690832518613,0.206457412540265,0.221408829461418,0.219312602291326,0.27322319201995,0.316539039576326,"מגדלהעמק"
877,"בית חירות",0.00279329608938547,0.00779220779220779,0.0224719101123595,0.0619469026548673,0.00211416490486258,0.00638297872340425,0.00852878464818763,0.0169491525423729,0.00649350649350649,"ביתחירות"
880,"עין שריד",0.220035778175313,0.133445945945946,0.165477888730385,0.20694087403599,0.071863580998782,0.0927710843373494,0.0798525798525798,0.136919315403423,0.154676258992806,"עיןשריד"
885,"שדה בוקר",0.141379310344828,0.123188405797101,0.17,0.0459770114942529,0.00704225352112676,0.0185185185185185,0.00716845878136201,0.0355871886120996,0.0264150943396226,"שדהבוקר"
888,"כפר הרי""ף",0.0529801324503311,0.0369318181818182,0.0675,0.128888888888889,0.0337078651685393,0.047008547008547,0.0533049040511727,0.06,0.0827886710239651,"כפרהריף"
889,"כפר חסידים ב'",0.290697674418605,0.285714285714286,0.422222222222222,0.6,0.327160493827161,0.291925465838509,0.253246753246753,0.358490566037736,0.388535031847134,"כפרחסידיםב"
892,"עבדון",0.381165919282511,0.32183908045977,0.467105263157895,0.430678466076696,0.165289256198347,0.184986595174263,0.178666666666667,0.296398891966759,0.407960199004975,"עבדון"
913,"שבלי - אום אל-גנם",0.0145299145299145,0.0221327967806841,0.0949759119064005,0.0223065970574276,0.0150659133709981,0.00644883920894239,0.00435298773248912,0.0138104205900816,0.00797165633303809,"שבליאוםאלגנם"
916,"ישע",0.0546875,0.0340136054421769,0.118343195266272,0.170212765957447,0.0199004975124378,0.0195121951219512,0.0505050505050505,0.0890052356020942,0.181395348837209,"ישע"
917,"עצמון שגב",NA,0.0163934426229508,0.0425894378194208,0.0714285714285714,0.0301204819277108,0.0238805970149254,0.0256410256410256,0.0395480225988701,0.0278592375366569,"עצמוןשגב"
919,"גבעת ישעיהו",0.115606936416185,0.103448275862069,0.104918032786885,0.181818181818182,0.0506329113924051,0.0439276485788114,0.0639386189258312,0.118421052631579,0.12568306010929,"גבעתישעיהו"
921,"שער מנשה",0.333333333333333,0.25,0.2,0.25,0.272727272727273,0.181818181818182,0.272727272727273,0.461538461538462,0.2,"שערמנשה"
922,"רכסים",0.834098561371289,0.826794536471956,0.863846509477577,0.848576358930112,0.889590508993494,0.887307911212294,0.892870544090056,0.909904868494684,0.93249957169779,"רכסים"
939,"מסעודין אל-עזאזמה",0.0224390243902439,0.0176565008025682,0.0167296276308689,0.00868252170630427,0.00476839237057221,0.00228623685413809,0.000911161731207289,0.00162074554294976,0.00127258844489692,"מסעודיןאלעזאזמה"
942,"סואעד (חמרייה)",NA,0,0.0273972602739726,0.145833333333333,0,0,0,0,0,"סואעדחמרייה"
944,"בסמת טבעון",0.0327868852459016,0.0314516129032258,0.0842729970326409,0.0751911639762107,0.0638428483732351,0.0440097799511002,0.018796992481203,0.00797720797720798,0.00416319733555371,"בסמתטבעון"
956,"הוזייל (שבט)",0.00952380952380952,0.0404040404040404,0.0209424083769634,0.00974025974025974,0.00284090909090909,0,0.00436681222707424,0.00324675324675325,0.00753768844221105,"הוזיילשבט"
957,"עוקבי (בנו עוקבה)",0.00934579439252336,0,0.00746268656716418,0.0184049079754601,0,0,0,0,0,"עוקביבנועוקבה"
958,"אבו עבדון (שבט)",NA,NA,0,0,0,0,0,0,0,"אבועבדוןשבט"
960,"אסד (שבט)",0,0,0.0602409638554217,0,0.0208333333333333,0,0.00769230769230769,0,0,"אסדשבט"
961,"אבו רוקייק (שבט)",0.0140664961636829,0.00917431192660551,0.026026026026026,0.0118953211736717,0.00806451612903226,0.00366876310272537,0.0023084025854109,0.00229357798165138,0.00955566172957477,"אבורוקייקשבט"
962,"טובא-זנגריה",0.013265306122449,0.0428189116859946,0.152860802732707,0.0308988764044944,0.0208816705336427,0.0301455301455301,0.00737847222222222,0.00664451827242525,0.00624099855976956,"טובאזנגריה"
963,"אעצם (שבט)",0.0407358738501971,0.025089605734767,0.0176991150442478,0.0758039816232772,0.00742311770943796,0.00372935535428876,0.00246184145741014,0.00470114170584285,0.00239348970799426,"אעצםשבט"
964,"קודייראת א-צאנע(ש",0.00959232613908873,0.0261780104712042,0.0167785234899329,0,0.0120481927710843,0.00252525252525253,0.005249343832021,0.00344827586206897,0.00588235294117647,"קודייראתאצאנעש"
965,"אטרש (שבט)",0.0194174757281553,0.0466666666666667,0.471264367816092,0.306666666666667,0.00888888888888889,0.00638297872340425,0.00195694716242661,0,0.00167224080267559,"אטרששבט"
966,"אבו רובייעה (שבט)",0.0180995475113122,0.0336842105263158,0.111344537815126,0.025531914893617,0.0119521912350598,0.00691085003455425,0.00332667997338656,0.0165631469979296,0.00814663951120163,"אבורובייעהשבט"
967,"אבו ג'ווייעד (שבט",0.05,0.00505050505050505,0.0242718446601942,0.00980392156862745,0.0111111111111111,0.00187617260787992,0.0033955857385399,0.00290697674418605,0.00740740740740741,"אבוגווייעדשבט"
968,"אבו קורינאת (שבט)",0.012987012987013,0.0193050193050193,0.127692307692308,0.023936170212766,0.0095389507154213,0.00578990901571547,0.000753012048192771,0,0.0033085194375517,"אבוקורינאתשבט"
969,"עטאוונה (שבט)",0.0142857142857143,0.142857142857143,0,0,0.2,0,0,0,0,"עטאוונהשבט"
970,"תראבין א-צאנע (שב",0.0142857142857143,0,0.494623655913978,0.0283018867924528,0.0384615384615385,0,0,0,0,"תראביןאצאנעשב"
972,"קוואעין (שבט)",0.00740740740740741,0.0571428571428571,0,0,0.015625,0,0,0.00869565217391304,0.0143884892086331,"קוואעיןשבט"
975,"זרזיר",0.0228013029315961,0.0441988950276243,0.0857002938295788,0.0801253357206804,0.0118343195266272,0.00938232994526974,0.00387051372273047,0.00317292437863564,0.00197005516154452,"זרזיר"
976,"ג'נאביב (שבט)",0,0.245901639344262,0,0.0819672131147541,0.0460526315789474,0.0388349514563107,0.00952380952380952,0.0246913580246914,0,"גנאביבשבט"
978,"כעביה-טבאש-חג'אג'",0.3048683160415,0.103479853479853,0.139114160948222,0.0580825752274318,0.0413114754098361,0.0936128717698684,0.00362483008608971,0.00456919060052219,0.0111957008508733,"כעביהטבאשחגאג"
986,"ח'ואלד (שבט)",0.0740740740740741,0.0178571428571429,0.0754716981132075,0.101449275362319,NA,NA,NA,NA,NA,"חואלדשבט"
990,"ראס עלי",NA,0.0434782608695652,0.0112994350282486,0,0.258064516129032,0,0.0105633802816901,0.00543478260869565,0,"ראסעלי"
993,"חמאם",0.0304449648711944,0.0153846153846154,0.409340659340659,0.0419161676646707,0.0242718446601942,0.0053475935828877,0.00617283950617284,0.0448877805486284,0.00168918918918919,"חמאם"
994,"מנשית זבדה",0.0415430267062315,0,0.0411311053984576,0.0254777070063694,0.00975609756097561,0.00974658869395711,0,0.00255754475703325,0.00204498977505112,"מנשיתזבדה"
997,"רומת הייב",0.0905349794238683,0.0232558139534884,0.302521008403361,0.161504424778761,0.0634615384615385,0.0927835051546392,0.0262345679012346,0.184,0.222047244094488,"רומתהייב"
998,"ביר אל-מכסור",0.198170731707317,0.0484798685291701,0.00400534045393859,0.0797155688622754,0.0470886075949367,0.0105021332458156,0.0016849199663016,0.0065359477124183,0.00117343346632246,"ביראלמכסור"
1015,"מבשרת ציון",0.161349806380232,0.114867137571477,0.146996035376639,0.178115588699269,0.10010111223458,0.118177117955536,0.109447599380485,0.157077488560498,0.184399686855028,"מבשרתציון"
1020,"אור עקיבא",0.258678955453149,0.175177202372342,0.261329305135952,0.292938005390836,0.130295845789094,0.15643827223527,0.155123571358797,0.211100717181166,0.24487544811104,"אורעקיבא"
1024,"חרוצים",0.15527950310559,0.11716621253406,0.128787878787879,0.208053691275168,0.0569476082004556,0.0791855203619909,0.0737327188940092,0.0749414519906323,0.121019108280255,"חרוצים"
1031,"שדרות",0.27937030075188,0.235680408609996,0.329170286707211,0.267391102442649,0.216144200626959,0.222481343283582,0.233934695094677,0.36028659160696,0.382364519091983,"שדרות"
1034,"קרית מלאכי",0.418405703175632,0.399952072849269,0.425520778812938,0.305902066654254,0.329876631503665,0.329524640209333,0.343786882481875,0.438687073575512,0.508776109919784,"קריתמלאכי"
1041,"נצאצרה (שבט)",0,0.0178571428571429,0.0576131687242798,0.0136054421768707,0.0537634408602151,0.00666666666666667,0,0.00847457627118644,0,"נצאצרהשבט"
1043,"גיזו",0.136986301369863,0.0581395348837209,0.135922330097087,0.137254901960784,0.0789473684210526,0.0869565217391304,0.0707964601769911,0.122950819672131,0.0756302521008403,"גיזו"
1044,"יעף",NA,NA,0.0803571428571429,0.120967741935484,0.0476190476190476,0.0503597122302158,0.0503597122302158,0.0970149253731343,0.119402985074627,"יעף"
1045,"שתולה",0.247863247863248,0.327868852459016,0.352112676056338,0.31055900621118,0.197604790419162,0.213333333333333,0.209876543209877,0.317567567567568,0.4,"שתולה"
1046,"אוהד",0.0928571428571429,0.0457516339869281,0.148148148148148,0.150537634408602,0.0967741935483871,0.109826589595376,0.118918918918919,0.149171270718232,0.145,"אוהד"
1047,"חזון",0.664772727272727,0.507317073170732,0.49047619047619,0.345794392523364,0.160377358490566,0.251184834123223,0.242290748898678,0.29064039408867,0.401826484018265,"חזון"
1050,"בית חשמונאי",0.128712871287129,0.0597402597402597,0.130518234165067,0.174515235457064,0.0441696113074205,0.0467784642541924,0.0490196078431373,0.0943562610229277,0.108677337826453,"ביתחשמונאי"
1051,"תלמי אליהו",0.275862068965517,0.189189189189189,0.228346456692913,0.254777070063694,0.163265306122449,0.169230769230769,0.201550387596899,0.268115942028986,0.236486486486486,"תלמיאליהו"
1052,"קטורה",0.0271739130434783,0.0248756218905473,0.0452261306532663,0.0933333333333333,0.0334728033472803,0.0171673819742489,0.0311111111111111,0.0401785714285714,0.0540540540540541,"קטורה"
1054,"תל שבע",0.0274223034734918,0.0241779497098646,0.0583892617449664,0.0210993892282066,0.0116156282998944,0.00426356589147287,0.00162719218947749,0.000917010545621275,0.00225459590704128,"תלשבע"
1057,"נווה זוהר",0.177777777777778,NA,0.142857142857143,0.275,0.136363636363636,0.114285714285714,0.0476190476190476,0.24,0.315789473684211,"נווהזוהר"
1058,"שדה ניצן",0.050314465408805,0.0416666666666667,0.0677966101694915,0.0944444444444444,0.0651162790697674,0.0558139534883721,0.0663507109004739,0.089622641509434,0.0748898678414097,"שדהניצן"
1059,"כסיפה",0.0254102699841186,0.0263157894736842,0.0491474423269809,0.0629502035703101,0.0111311672683514,0.0172377985462098,0.00348095146006575,0.00339065148946476,0.00247054351957431,"כסיפה"
1060,"לקיה",0.00384615384615385,0.00611309220580744,0.00714498362607919,0.0207547169811321,0.00362100181050091,0.00350262697022767,0.00291545189504373,0.000315059861373661,0.00293901542983101,"לקיה"
1061,"נצרת עילית",0.0585884820938015,0.0516973057095613,0.080826975141521,0.131409966537035,0.0670860522980142,0.063552937953705,0.0629260145352774,0.0977477934462818,0.129563689882733,"נצרתעילית"
1063,"מעלות-תרשיחא",0.158692267773742,0.148798244739204,0.209637166442695,0.211277350168641,0.127226463104326,0.12933641700765,0.119630843539762,0.169883095193914,0.196673706441394,"מעלותתרשיחא"
1064,"אמירים",0.0705882352941176,0.0875420875420875,0.0856353591160221,0.157068062827225,0.0861244019138756,0.120098039215686,0.13022113022113,0.123393316195373,0.173684210526316,"אמירים"
1065,"זמרת",0.797202797202797,0.670391061452514,0.74331550802139,0.162280701754386,0.354037267080745,0.303303303303303,0.309941520467836,0.427710843373494,0.467605633802817,"זמרת"
1066,"בני עי""ש",0.188605697151424,0.144823788546255,0.211330186059428,0.212739174219537,0.125230202578269,0.139739153579984,0.136387995712755,0.198679299454493,0.260312944523471,"בניעיש"
1067,"דוב""ב",0.265536723163842,0.228426395939086,0.331707317073171,0.327188940092166,0.0912698412698413,0.1285140562249,0.116,0.210084033613445,0.303643724696356,"דובב"
1068,"אדמית",0,0.00980392156862745,0.0521739130434783,0.09375,0.0257731958762887,0.0252525252525253,0.0256410256410256,0.0567010309278351,0.0634146341463415,"אדמית"
1069,"רם-און",0.0257142857142857,0.0251889168765743,0.0547045951859956,0.0986842105263158,0.0402414486921529,0.0260521042084168,0.0287474332648871,0.0491159135559921,0.04,"רםאון"
1070,"אביעזר",0.270142180094787,0.156378600823045,0.236768802228412,0.219211822660099,0.106334841628959,0.104308390022676,0.110112359550562,0.184210526315789,0.169354838709677,"אביעזר"
1071,"נווה מיכאל",0.447204968944099,0.303370786516854,0.38135593220339,0.341726618705036,0.220338983050847,0.264623955431755,0.279683377308707,0.335311572700297,0.410187667560322,"נווהמיכאל"
1072,"גן הדרום",0.0682926829268293,0.0357142857142857,0.0753138075313808,0.178030303030303,0.0290909090909091,0.0577617328519856,0.0687285223367698,0.105660377358491,0.093984962406015,"גןהדרום"
1077,"גבעת שפירא",0.0283018867924528,0.0172413793103448,0.0340136054421769,0.0635838150289017,0.0357142857142857,0.0602409638554217,0.064327485380117,0.0411764705882353,0.0451977401129944,"גבעתשפירא"
1079,"צפרירים",0.136690647482014,0.151315789473684,0.125,0.25,0.110552763819095,0.105990783410138,0.107317073170732,0.15695067264574,0.252212389380531,"צפרירים"
1080,"מבועים",0.13550135501355,0.0827740492170022,0.226168224299065,0.20655737704918,0.107511045655376,0.100470957613815,0.128935532233883,0.204918032786885,0.27802037845706,"מבועים"
1081,"אבן מנחם",0.0894736842105263,0.125,0.296296296296296,0.257575757575758,0.134328358208955,0.158974358974359,0.145077720207254,0.215789473684211,0.329896907216495,"אבןמנחם"
1082,"מעגלים",0.582392776523702,0.513859275053305,0.567398119122257,0.277479892761394,0.359639233370913,0.351001177856302,0.371794871794872,0.464243845252052,0.48361581920904,"מעגלים"
1083,"תושיה",0.811475409836066,0.78030303030303,0.761111111111111,0.47136563876652,0.66030534351145,0.62753036437247,0.594488188976378,0.74031007751938,0.736263736263736,"תושיה"
1084,"בן שמן (כפר נוער)",0.051948051948052,0.0526315789473684,0.065359477124183,0.263473053892216,0.0181818181818182,0.0182926829268293,0.0359281437125748,0.0974025974025974,0.0783132530120482,"בןשמןכפרנוער"
1085,"כרם שלום",0.0357142857142857,0.0714285714285714,0.194444444444444,0.166666666666667,0.253731343283582,0.238805970149254,0.296296296296296,0.36,0.415730337078652,"כרםשלום"
1094,"כרם יבנה (ישיבה)",0.975609756097561,0.980263157894737,0.912408759124088,0.598639455782313,1,0.899280575539568,0.965277777777778,0.975806451612903,0.974358974358974,"כרםיבנהישיבה"
1095,"כפר מימון",0.8,0.689873417721519,0.695384615384615,0.603960396039604,0.645161290322581,0.608695652173913,0.602857142857143,0.706703910614525,0.685483870967742,"כפרמימון"
1098,"מרכז שפירא",0.818658280922432,0.756980351602896,0.785714285714286,0.60671256454389,0.628571428571429,0.648148148148148,0.642919200695048,0.730704697986577,0.738800303720577,"מרכזשפירא"
1102,"צוקי ים",0.07,0.0594059405940594,0.115384615384615,0.0725806451612903,0.0336134453781513,0.0614035087719298,0.0420168067226891,0.0588235294117647,0.0681818181818182,"צוקיים"
1103,"גני הדר",0.0254237288135593,0.0138888888888889,0.0632911392405063,0.0752688172043011,0.0456852791878173,0.0594059405940594,0.0396039603960396,0.0995260663507109,0.0309734513274336,"גניהדר"
1104,"פוריה - כפר עבודה",0.204918032786885,0.130769230769231,0.291390728476821,0.351351351351351,0.108108108108108,0.132183908045977,0.147540983606557,0.215568862275449,0.270833333333333,"פוריהכפרעבודה"
1105,"פוריה - נווה עובד",0.231958762886598,0.187637969094923,0.300917431192661,0.258957654723127,0.100864553314121,0.124269005847953,0.119148936170213,0.162406015037594,0.267217630853994,"פוריהנווהעובד"
1108,"אומן",0.135338345864662,0.102040816326531,0.205479452054795,0.192090395480226,0.0673076923076923,0.108597285067873,0.0779220779220779,0.157894736842105,0.244837758112094,"אומן"
1110,"חבר",0.118279569892473,0.0827067669172932,0.208333333333333,0.233532934131737,0.0692640692640693,0.088,0.104247104247104,0.151943462897526,0.227146814404432,"חבר"
1112,"יודפת",0.0145631067961165,0.00374531835205993,0.0209580838323353,0.0455764075067024,0.0167014613778706,0.012987012987013,0.0225872689938398,0.0288659793814433,0.0199600798403194,"יודפת"
1113,"צור הדסה",0.0585365853658537,0.0455010224948875,0.0939520730315709,0.168747890651367,0.106875584658559,0.130275229357798,0.115836101882614,0.189206484641638,0.182749436590863,"צורהדסה"
1114,"שריגים (לי-און)",0.0473815461346633,0.039906103286385,0.0460251046025105,0.113421550094518,0.0277777777777778,0.0409556313993174,0.0247349823321555,0.0503597122302158,0.0553435114503817,"שריגיםליאון"
1115,"אביבים",0.496969696969697,0.32843137254902,0.53030303030303,0.328947368421053,0.151020408163265,0.273504273504274,0.272357723577236,0.409090909090909,0.488888888888889,"אביבים"
1123,"אדרת",0.407894736842105,0.324723247232472,0.392523364485981,0.330708661417323,0.242647058823529,0.23989898989899,0.245098039215686,0.337468982630273,0.37020316027088,"אדרת"
1124,"נאות הכיכר",0.0160427807486631,0.00625,0.053030303030303,0.0808823529411765,0.0204081632653061,0.0268456375838926,0.037037037037037,0.041958041958042,0.0684931506849315,"נאותהכיכר"
1125,"אלמגור",0.0115606936416185,0.00636942675159236,0.0147058823529412,0.0609137055837563,0.012987012987013,0.0128205128205128,0.0228310502283105,0.0173160173160173,0.0272727272727273,"אלמגור"
1126,"אילות",0.0258064516129032,0.0205479452054795,0.0279329608938547,0.0666666666666667,0,0,0,0.029585798816568,0.0532544378698225,"אילות"
1127,"מעלה גלבוע",0.393548387096774,0.472826086956522,0.424528301886792,0.497991967871486,0.407407407407407,0.458620689655172,0.451724137931034,0.525423728813559,0.388349514563107,"מעלהגלבוע"
1128,"מי עמי",0.0353982300884956,0.0818505338078292,0.0437158469945355,0.0797872340425532,0.00975609756097561,0.0195121951219512,0.0204081632653061,0.010752688172043,0.0253807106598985,"מיעמי"
1129,"גרופית",0.025974025974026,0.0254777070063694,0.0368421052631579,0.0648648648648649,0.00558659217877095,0.0112994350282486,0.0118343195266272,0.0240963855421687,0.0301204819277108,"גרופית"
1130,"כפר רוזנואלד (זרע",0.136363636363636,0.151260504201681,0.314516129032258,0.310810810810811,0.051948051948052,0.108695652173913,0.087248322147651,0.149659863945578,0.184713375796178,"כפררוזנואלדזרע"
1132,"שניר",0,0.00396825396825397,0.01,0.0836120401337793,0.0031055900621118,0.0130718954248366,0.0195439739413681,0.0470588235294118,0.0279329608938547,"שניר"
1133,"ורדון",0.263636363636364,0.191666666666667,0.293233082706767,0.331081081081081,0.0823529411764706,0.169934640522876,0.162790697674419,0.181818181818182,0.217948717948718,"ורדון"
1136,"צוחר",0.254545454545455,0.215384615384615,0.264248704663212,0.226765799256506,0.11280487804878,0.10472972972973,0.0855263157894737,0.171428571428571,0.245733788395904,"צוחר"
1137,"קרית יערים",0.928369462770971,0.917224080267559,0.924120913016656,0.857222222222222,0.909815436241611,0.918801734331888,0.931613911684252,0.938504823151125,0.956714761376249,"קריתיערים"
1138,"יעד",0.013745704467354,0.00867052023121387,0.0222841225626741,0.0652173913043478,0.0117370892018779,0.00987654320987654,0.017156862745098,0.0187793427230047,0.0134831460674157,"יעד"
1139,"כרמיאל",0.0926214417221357,0.0772535914239833,0.133565823888405,0.193877138350791,0.0829185383027801,0.0974255634150354,0.0947066064833812,0.136923209366391,0.158810915359711,"כרמיאל"
1140,"מדרשת בן גוריון",0.0406091370558376,0.0207156308851224,0.0354938271604938,0.077762619372442,0.0324825986078886,0.043050430504305,0.0236907730673317,0.0559610705596107,0.0377113133940182,"מדרשתבןגוריון"
1141,"מבוא מודיעים",0.7,0.382978723404255,0.491525423728814,0.508196721311475,0.433333333333333,0.613207547169811,0.489795918367347,0.578947368421053,0.70873786407767,"מבואמודיעים"
1145,"אלומה",0.957746478873239,0.980487804878049,0.984251968503937,0.903703703703704,0.936842105263158,0.945848375451264,0.942857142857143,0.951219512195122,0.945386064030132,"אלומה"
1146,"עלומים",0.605504587155963,0.609442060085837,0.630597014925373,0.648854961832061,0.568345323741007,0.623574144486692,0.539622641509434,0.645522388059702,0.536585365853659,"עלומים"
1147,"נטועה",0.226950354609929,0.202702702702703,0.368421052631579,0.425414364640884,0.0983606557377049,0.17032967032967,0.232432432432432,0.231638418079096,0.300518134715026,"נטועה"
1148,"צור נתן",0.0158730158730159,0.027027027027027,0.0967741935483871,0.171597633136095,0.0116959064327485,0.0119047619047619,0.0182926829268293,0.0710059171597633,0.0828025477707006,"צורנתן"
1149,"עזר",0.0997067448680352,0.0651629072681704,0.145969498910675,0.243460764587525,0.0873983739837398,0.102249488752556,0.0973084886128364,0.162790697674419,0.171673819742489,"עזר"
1150,"צופר",0.00555555555555556,0.0182648401826484,0.0418604651162791,0.0607287449392713,0.0274509803921569,0.0121951219512195,0.0449438202247191,0.0565217391304348,0.051792828685259,"צופר"
1151,"פארן",0.0186915887850467,0.00851063829787234,0.0505836575875486,0.0703703703703704,0.0145454545454545,0.00769230769230769,0.0115830115830116,0.036101083032491,0.0187265917602996,"פארן"
1152,"אשלים",0.105769230769231,0.0422535211267606,0.0964467005076142,0.171806167400881,0.0652920962199313,0.110714285714286,0.0936454849498328,0.163194444444444,0.132013201320132,"אשלים"
1153,"כישור",NA,NA,0.106666666666667,0.0952380952380952,0.0326086956521739,0.0208333333333333,0.0555555555555556,0.0786516853932584,0.0421052631578947,"כישור"
1155,"מגן שאול",0.0661764705882353,0.04375,0.161904761904762,0.197674418604651,0.0960264900662252,0.0844155844155844,0.0825396825396825,0.157706093189964,0.194528875379939,"מגןשאול"
1156,"סמר",0.0396825396825397,0.0277777777777778,0.0240963855421687,0.0416666666666667,0,0,0,0.00704225352112676,0.00793650793650794,"סמר"
1157,"אחווה",0.0507246376811594,0.0551724137931034,0.131944444444444,0.158620689655172,0.0352112676056338,0.0684931506849315,0.034965034965035,0.0689655172413793,0.0510948905109489,"אחווה"
1158,"יהל",0.0123456790123457,0.021978021978022,0.0833333333333333,0.0980392156862745,0.00854700854700855,0.046875,0,0.0534351145038168,0.0307692307692308,"יהל"
1160,"שכניה",0.0231660231660232,0.0154320987654321,0.0455696202531646,0.118251928020566,0.051975051975052,0.0354906054279749,0.0406852248394004,0.049438202247191,0.0374449339207048,"שכניה"
1161,"רהט",0.0160751565762004,0.0155413347263941,0.0252227760157076,0.0144309609708101,0.0109704112337011,0.0138456036376641,0.00285867428979811,0.00225025167288447,0.00304030576789437,"רהט"
1162,"בית רימון",0.622950819672131,0.567567567567568,0.74384236453202,0.659751037344398,0.652173913043478,0.738461538461539,0.720496894409938,0.78978978978979,0.719251336898396,"ביתרימון"
1163,"מורן",0.0121951219512195,0.0378787878787879,0.0925925925925926,0.123404255319149,0.0156862745098039,0.0156862745098039,0.0158730158730159,0.0337078651685393,0.0498220640569395,"מורן"
1165,"שילת",0.0295566502463054,0.0288461538461538,0.0532915360501567,0.108262108262108,0.0357142857142857,0.051413881748072,0.0525,0.0544554455445545,0.0435835351089588,"שילת"
1166,"כפר רות",0.130769230769231,0.1328125,0.0921052631578947,0.333333333333333,0.164473684210526,0.0943396226415094,0.135135135135135,0.147435897435897,0.0993377483443709,"כפררות"
1167,"קיסריה",0.0433646812957158,0.0285204991087344,0.0644041650597763,0.114466292134831,0.0432432432432432,0.045004787743377,0.0475594493116396,0.0816636308439587,0.0707861908906295,"קיסריה"
1169,"הוואשלה (שבט)",0.0292553191489362,0.0113960113960114,0.0246085011185682,0.00388349514563107,0.0163934426229508,0.00757575757575758,0.00173010380622837,0.00198019801980198,0,"הוואשלהשבט"
1170,"סייד (שבט)",0.0138888888888889,0.13302752293578,0.0988372093023256,0.0778625954198473,0.275862068965517,0.0154639175257732,0,0,0,"סיידשבט"
1171,"לוטם",0.0242424242424242,0.0118343195266272,0.036144578313253,0.0727848101265823,0.0251396648044693,0.0365168539325843,0.0252808988764045,0.0441176470588235,0.0552486187845304,"לוטם"
1172,"תובל",0.0223463687150838,0,0.0103626943005181,0.0179372197309417,0,0,0,0.0518134715025907,0.0204081632653061,"תובל"
1173,"לפידות",0.0574712643678161,0.118279569892473,0.241379310344828,0.494623655913978,0.0888888888888889,0.125,0.0631578947368421,0.186813186813187,0.217391304347826,"לפידות"
1174,"מנוף",0.0148698884758364,0.00946372239747634,0.0249307479224377,0.0528846153846154,0.00635593220338983,0.00631578947368421,0.0130434782608696,0.0237068965517241,0.0174672489082969,"מנוף"
1175,"עידן",0.0384615384615385,0.0540540540540541,0.100671140939597,0.121387283236994,0.0476190476190476,0.0167597765363128,0.0348837209302326,0.0689655172413793,0.0812182741116751,"עידן"
1176,"ספיר",0.178571428571429,0.117647058823529,0.106508875739645,0.168367346938776,0.161458333333333,0.157635467980296,0.142857142857143,0.197969543147208,0.127450980392157,"ספיר"
1177,"טללים",0.0307692307692308,0.258064516129032,0.0987654320987654,0.106382978723404,0.0711111111111111,0.0593607305936073,0.055793991416309,0.11063829787234,0.145161290322581,"טללים"
1178,"מורשת",0.777262180974478,0.790496760259179,0.753378378378378,0.754636233951498,0.712793733681462,0.731578947368421,0.670170827858081,0.803995006242197,0.745024875621891,"מורשת"
1179,"קורנית",0.0126182965299685,0.0267062314540059,0.0257009345794393,0.0563063063063063,0.0194931773879142,0.00632911392405063,0.0129032258064516,0.0427698574338086,0.0192307692307692,"קורנית"
1180,"צביה",0,0,0.00549450549450549,0.0726256983240224,0.0396039603960396,0.0437158469945355,0.0303030303030303,0.0505050505050505,0.0265957446808511,"צביה"
1181,"טל-אל",0.0522727272727273,0.0761099365750529,0.0728597449908925,0.144736842105263,0.0553935860058309,0.0501474926253687,0.0589928057553957,0.10296191819464,0.0900409276944066,"טלאל"
1182,"אלון הגליל",0.0077120822622108,0.016548463356974,0.0117647058823529,0.0488245931283906,0.00599700149925037,0.0171606864274571,0.0179445350734095,0.0321592649310873,0.016366612111293,"אלוןהגליל"
1183,"כליל",0.0232558139534884,0.0229885057471264,0.0267857142857143,0.0392857142857143,0.0358208955223881,0.0301204819277108,0.0290697674418605,0.0343915343915344,0.041994750656168,"כליל"
1184,"מתת",0.0789473684210526,0.0886075949367089,0.0967741935483871,0.113207547169811,0.00917431192660551,0.0495049504950495,0.0384615384615385,0.043859649122807,0.0388349514563107,"מתת"
1186,"הושעיה",0.522613065326633,0.559834938101788,0.579004329004329,0.558886509635974,0.510599078341014,0.563088512241055,0.532180595581172,0.575955265610438,0.463228271251194,"הושעיה"
1188,"אשחר",0.15609756097561,0.155102040816327,0.247933884297521,0.334210526315789,0.214432989690722,0.231578947368421,0.227467811158798,0.277327935222672,0.161554192229039,"אשחר"
1190,"מצפה נטופה",0.613899613899614,0.585139318885449,0.704485488126649,0.605922551252847,0.583501006036217,0.671548117154812,0.643923240938166,0.648979591836735,0.611570247933884,"מצפהנטופה"
1191,"בר יוחאי",0.787709497206704,0.825242718446602,0.726235741444867,0.547619047619048,0.550970873786408,0.553444180522565,0.572984749455338,0.6975,0.765327695560254,"בריוחאי"
1192,"ערערה-בנגב",0.0605878824235153,0.00375375375375375,0.00581395348837209,0.0181032153472035,0.0211190942738951,0.00757575757575758,0.00176921564772951,0.00137835975189524,0.00143703969822166,"ערערהבנגב"
1197,"נאות סמדר",0.0426829268292683,0.0251572327044025,0.0157068062827225,0.0497512437810945,0.00666666666666667,0.0188679245283019,0.0134228187919463,0,0.0193548387096774,"נאותסמדר"
1198,"כרמים",NA,NA,0.218390804597701,0.284210526315789,0.154320987654321,0.173160173160173,0.209580838323353,0.231638418079096,0.194444444444444,"כרמים"
1199,"עדי",0.0418781725888325,0.0213004484304933,0.0546623794212219,0.137707948243993,0.0386643233743409,0.04,0.0477908025247971,0.0663129973474801,0.0634632819582956,"עדי"
1200,"מודיעין-מכבים-רעו",0.12248650340349,0.104402001195683,0.147094158282024,0.205201916495551,0.122980119990802,0.136489602504707,0.126241878012995,0.180318111852232,0.159336502085556,"מודיעיןמכביםרעו"
1201,"כמון",0.00862068965517241,0.0187265917602996,0.0384615384615385,0.0932642487046632,0.0297029702970297,0.020460358056266,0.0378787878787879,0.0435779816513761,0.0317848410757946,"כמון"
1202,"מכמנים",0.0227272727272727,0.0324675324675325,0.0263157894736842,0.0751173708920188,0.029520295202952,0.0190114068441065,0.037037037037037,0.0469314079422383,0.036101083032491,"מכמנים"
1203,"הררית",0.00884955752212389,0.0137931034482759,0.0429447852760736,0.0710659898477157,0.01953125,0.0118577075098814,0.0227272727272727,0.0173010380622837,0.00964630225080386,"הררית"
1204,"גילון",0.0208816705336427,0.0188284518828452,0.0508744038155803,0.101341281669151,0.0352941176470588,0.0256024096385542,0.0375180375180375,0.0625,0.0388059701492537,"גילון"
1205,"מנות",0.136363636363636,0.0971428571428571,0.217171717171717,0.234309623430962,0.0694980694980695,0.127413127413127,0.0943396226415094,0.172932330827068,0.244444444444444,"מנות"
1206,"גיתה",0.0377358490566038,0.036697247706422,0.0514705882352941,0.120300751879699,0.0220588235294118,0.0151515151515152,0.0289855072463768,0.0719424460431655,0.0694444444444444,"גיתה"
1207,"לבון",0.135922330097087,0.0223463687150838,0.0785123966942149,0.149466192170818,0.0385756676557863,0.0215384615384615,0.03003003003003,0.0801186943620178,0.0936708860759494,"לבון"
1208,"הילה",0.0283400809716599,0.0255591054313099,0.0448717948717949,0.0701754385964912,0.03125,0.0263929618768328,0.0391566265060241,0.0388059701492537,0.0333333333333333,"הילה"
1209,"חרשים",0,0.00854700854700855,0.0234375,0.048951048951049,0.010989010989011,0.0290697674418605,0.0240963855421687,0.0268817204301075,0.0213903743315508,"חרשים"
1210,"כחל",0.0264900662251656,0.0112359550561798,0.0609137055837563,0.117647058823529,0.0268199233716475,0.0433070866141732,0.0390625,0.122137404580153,0.0888888888888889,"כחל"
1211,"קדרים",NA,NA,0,0.0804597701149425,0.0078125,0,0.0072463768115942,0.0709219858156028,0.0514705882352941,"קדרים"
1212,"עמוקה",0.0380952380952381,0.0454545454545455,0.0526315789473684,0.115384615384615,0.0373831775700935,0.0588235294117647,0.0526315789473684,0.0588235294117647,0.0192307692307692,"עמוקה"
1214,"טפחות",0.644067796610169,0.5375,0.557377049180328,0.457446808510638,0.477386934673367,0.49748743718593,0.512315270935961,0.534313725490196,0.666666666666667,"טפחות"
1219,"גורנות הגליל",0.159574468085106,0.103092783505155,0.205128205128205,0.336448598130841,0.191304347826087,0.150943396226415,0.149532710280374,0.224299065420561,0.208,"גורנותהגליל"
1220,"אבירים",0.0465116279069767,0.0636363636363636,0.0793650793650794,0.0819672131147541,0.0328947368421053,0.0296296296296296,0.0251572327044025,0.02,0.02,"אבירים"
1221,"צורית",0.0195530726256983,0.0120192307692308,0.0776053215077605,0.105831533477322,0.0359168241965974,0.0407407407407407,0.0412926391382406,0.0648648648648649,0.0445632798573975,"צורית"
1222,"מצפה אבי""ב",0.0175438596491228,0.0237388724035608,0.042654028436019,0.134146341463415,0.0353356890459364,0.0530164533820841,0.0586080586080586,0.0689655172413793,0.0755711775043937,"מצפהאביב"
1223,"שדי אברהם",0.032258064516129,0.040650406504065,0.112676056338028,0.175757575757576,0.0939226519337017,0.0670391061452514,0.0806451612903226,0.129032258064516,0.142011834319527,"שדיאברהם"
1224,"כוכב יאיר",0.0992268041237113,0.0785777777777778,0.120147255689424,0.157530864197531,0.0988681757656458,0.107345604679167,0.0929748482220295,0.124656593406593,0.0894579898263463,"כוכביאיר"
1226,"יובלים",0.0160513643659711,0.019578313253012,0.0221300138312586,0.0617760617760618,0.0301507537688442,0.0234375,0.0265604249667995,0.0382165605095541,0.0245478036175711,"יובלים"
1227,"יתד",0.439024390243902,0.593959731543624,0.470588235294118,0.230337078651685,0.111111111111111,0.0864197530864197,0.0873015873015873,0.202247191011236,0.288808664259928,"יתד"
1228,"רקפת",0.0138888888888889,0.00746268656716418,0.0406852248394004,0.0968342644320298,0.0537634408602151,0.0361067503924647,0.0237691001697793,0.0554592720970537,0.0382608695652174,"רקפת"
1229,"כלנית",0.685185185185185,0.554545454545455,0.573770491803279,0.213740458015267,0.24113475177305,0.246753246753247,0.238709677419355,0.323741007194245,0.493421052631579,"כלנית"
1230,"לבנים",0.10062893081761,0.136612021857924,0.230046948356808,0.216216216216216,0.0794979079497908,0.0663716814159292,0.0958333333333333,0.100418410041841,0.0938775510204082,"לבנים"
1231,"פרי גן",0.0526315789473684,0.04,0.184782608695652,0.289473684210526,0.153153153153153,0.121739130434783,0.1,0.1875,0.185840707964602,"פריגן"
1232,"יבול",0.462857142857143,0.60431654676259,0.333333333333333,0.229050279329609,0.170588235294118,0.108974358974359,0.121019108280255,0.128048780487805,0.128048780487805,"יבול"
1233,"שקף",0.26775956284153,0.461267605633803,0.439169139465875,0.274725274725275,0.0714285714285714,0.0405405405405405,0.0334728033472803,0.0952380952380952,0.109803921568627,"שקף"
1234,"קבועה (שבט)",0.00694444444444444,0,0.363636363636364,0.0147783251231527,0.116402116402116,0.00247524752475248,0.00936768149882904,0.015748031496063,0,"קבועהשבט"
1235,"שורשים",0.0215827338129496,0.0188679245283019,0.0493273542600897,0.0996309963099631,0.0275862068965517,0.0318021201413428,0.0390070921985816,0.0689655172413793,0.0691823899371069,"שורשים"
1236,"נירית",0.0144144144144144,0.0206022187004754,0.0372272143774069,0.0943152454780362,0.0247678018575851,0.0225442834138486,0.0263975155279503,0.0412213740458015,0.0344287949921753,"נירית"
1237,"תלמי יוסף",0,0.0148148148148148,0.0740740740740741,0.150602409638554,0.103448275862069,0.0617283950617284,0.0649350649350649,0.096969696969697,0.197604790419162,"תלמייוסף"
1238,"סופה",0.015748031496063,0.0341880341880342,0.1,0.0972222222222222,0.0252100840336134,0.027027027027027,0.055045871559633,0.11304347826087,0.132075471698113,"סופה"
1239,"חולית",NA,0.0188679245283019,0.138461538461538,0.259259259259259,0.0543478260869565,0.010989010989011,0.0416666666666667,0.120879120879121,0.0869565217391304,"חולית"
1240,"עין הבשור",0.0292553191489362,0.0245535714285714,0.0896130346232179,0.168604651162791,0.0773381294964029,0.0723327305605787,0.074487895716946,0.128731343283582,0.0910815939278937,"עיןהבשור"
1241,"דקל",0.0252100840336134,0.00645161290322581,0.154761904761905,0.195121951219512,0.0425531914893617,0.0411764705882353,0.0549450549450549,0.0802139037433155,0.107954545454545,"דקל"
1242,"נתיב העשרה",0.0527777777777778,0.0555555555555556,0.12882096069869,0.164,0.101338432122371,0.0722433460076046,0.0973282442748092,0.117216117216117,0.115586690017513,"נתיבהעשרה"
1243,"קציר",NA,NA,0.0803212851405622,0.137454545454545,0.0335700451904455,0.0412371134020619,0.0435073627844712,0.0617608409986859,0.0678307588985897,"קציר"
1244,"תמרת",0.0220673635307782,0.0174672489082969,0.0276301806588735,0.059190031152648,0.0178384050367261,0.0211111111111111,0.0169109357384442,0.0231788079470199,0.0245614035087719,"תמרת"
1245,"סלמה",0.0412517780938834,0.0396694214876033,0.143042912873862,0.0407149950347567,0.132154006243496,0.101307189542484,0.0162889518413598,0.00845070422535211,0.00380228136882129,"סלמה"
1246,"עראמשה",0.0027027027027027,0.0443686006825939,0.230769230769231,0.0253456221198157,0.0997067448680352,0.0588235294117647,0.0311926605504587,0,0.00397614314115308,"עראמשה"
1247,"חריש",NA,0.167994687915007,0.403508771929825,0.305084745762712,0.317399049881235,0.332710280373832,0.329698149951315,0.416689317749388,0.444870018743379,"חריש"
1249,"הרדוף",0,0,0,0.0103448275862069,0.00892857142857143,0.0159744408945687,0.0159235668789809,0.015527950310559,0.012987012987013,"הרדוף"
1251,"עין תמר",NA,0.0128205128205128,0.125,0.133333333333333,0.148936170212766,0.0506329113924051,0.0842105263157895,0.136842105263158,0.112244897959184,"עיןתמר"
1252,"כורזים",0.0663716814159292,0.0379746835443038,0.0991379310344828,0.137339055793991,0.0404858299595142,0.0666666666666667,0.0555555555555556,0.114678899082569,0.0945945945945946,"כורזים"
1253,"אמנון",0.15748031496063,0.105263157894737,0.214765100671141,0.335329341317365,0.072463768115942,0.126903553299492,0.125,0.223744292237443,0.231707317073171,"אמנון"
1254,"נטף",0.0505050505050505,0.0594059405940594,0.0214592274678112,0.0544747081712062,0.0271186440677966,0.0285714285714286,0.016260162601626,0.0218181818181818,0.00709219858156028,"נטף"
1255,"לוטן",0.037037037037037,0.0602409638554217,0.0555555555555556,0.0481927710843374,0.0217391304347826,0.0333333333333333,0.0344827586206897,0.0309278350515464,0,"לוטן"
1256,"אשרת",0.181395348837209,0.179245283018868,0.15948275862069,0.268292682926829,0.0690789473684211,0.0952380952380952,0.087378640776699,0.196374622356495,0.208211143695015,"אשרת"
1257,"חנתון",NA,0.00763358778625954,0.0577617328519856,0.129518072289157,0.0763358778625954,0.04,0.0522388059701493,0.111940298507463,0.0778588807785888,"חנתון"
1258,"מסד",0.0518134715025907,0.037037037037037,0.0926640926640927,0.148550724637681,0.0271186440677966,0.0223880597014925,0.0488721804511278,0.0769230769230769,0.0950704225352113,"מסד"
1259,"נווה שלום",0,0,0,0.0220588235294118,0,0,0,0,0,"נווהשלום"
1260,"רתמים",NA,NA,0.713235294117647,0.694915254237288,0.58659217877095,0.633333333333333,0.606217616580311,0.651785714285714,0.627272727272727,"רתמים"
1261,"הר עמשא",NA,NA,0.407407407407407,0.504065040650406,0.0394736842105263,0.0714285714285714,0.0731707317073171,0.0224719101123595,0.0888888888888889,"הרעמשא"
1262,"צוקים",NA,NA,0.0543478260869565,0.0961538461538462,0.0218978102189781,0.0230769230769231,0.0434782608695652,0.0518518518518519,0.123076923076923,"צוקים"
1263,"כפר ורדים",0.0366510959396335,0.0362863680941484,0.0529500756429652,0.115114503816794,0.0368864362474586,0.0418181818181818,0.0371402042711235,0.0578817733990148,0.057741116751269,"כפרורדים"
1264,"כרמי יוסף",0.0208955223880597,0.0226415094339623,0.0468890892696123,0.0918003565062389,0.0317604355716878,0.0363128491620112,0.036144578313253,0.0535390199637024,0.0458015267175573,"כרמייוסף"
1265,"שומריה",NA,0.955882352941177,0.857142857142857,0.398268398268398,0.955223880597015,0.852517985611511,0.849462365591398,0.954022988505747,0.92057761732852,"שומריה"
1268,"מיתר",0.141732283464567,0.117029862792575,0.164785010809512,0.222475495782995,0.131609642301711,0.138024357239513,0.121017907634307,0.210631349782293,0.216640773347143,"מיתר"
1271,"להבים",0.0418885339013135,0.0297225891677675,0.0750931498996847,0.129859611231102,0.0521601685985248,0.0518817204301075,0.0472377902321858,0.103940756413647,0.123013839056894,"להבים"
1272,"חלוץ",0.0204081632653061,0.00641025641025641,0.0255102040816327,0.025974025974026,0.0177935943060498,0.0220588235294118,0.0222222222222222,0.0481099656357388,0.027027027027027,"חלוץ"
1274,"גן נר",0.0711252653927813,0.0546296296296296,0.125938281901585,0.17546362339515,0.0523560209424084,0.0719569603227976,0.0671591672263264,0.122199592668024,0.136633663366337,"גןנר"
1275,"אבטליון",0,0,0.0342465753424658,0.13903743315508,0.0567685589519651,0.0772532188841202,0.0815450643776824,0.051948051948052,0.040983606557377,"אבטליון"
1280,"ניצני סיני",NA,0.0700934579439252,0.191489361702128,0.201754385964912,0.0769230769230769,0.0743801652892562,0.0775193798449612,0.209459459459459,0.12,"ניצניסיני"
1282,"מירב",0.766917293233083,0.575268817204301,0.742718446601942,0.749003984063745,0.699346405228758,0.764912280701754,0.63973063973064,0.730886850152905,0.63768115942029,"מירב"
1283,"תל תאומים",0.371428571428571,0.330827067669173,0.389830508474576,0.316037735849057,0.172839506172839,0.236051502145923,0.22,0.345833333333333,0.364312267657993,"תלתאומים"
1284,"נופית",0.0214521452145215,0.0273062730627306,0.0414746543778802,0.0947775628626693,0.031496062992126,0.0224867724867725,0.0311890838206628,0.0680766688697951,0.039268788083954,"נופית"
1285,"כרכום",0.0610687022900763,0.0243055555555556,0.117056856187291,0.191044776119403,0.04375,0.0536277602523659,0.0308219178082192,0.0495049504950495,0.0620689655172414,"כרכום"
1286,"שגב-שלום",0.0116906474820144,0.0103181427343078,0.0398126463700234,0.0275897969807392,0.00250125062531266,0.00264550264550265,0.00507917538093815,0.0293353137764575,0.00156887354879197,"שגבשלום"
1287,"שני",0.171597633136095,0.112994350282486,0.229946524064171,0.236363636363636,0.235119047619048,0.26605504587156,0.210031347962382,0.139240506329114,0.190283400809717,"שני"
1288,"גבעת אלה",0.019036954087346,0.0158227848101266,0.0309090909090909,0.0716029292107404,0.0185042405551272,0.0232558139534884,0.0231023102310231,0.0348837209302326,0.0343612334801762,"גבעתאלה"
1290,"זמר",0.00396825396825397,0.0138972809667674,0.0191846522781775,0.00467289719626168,0.0511945392491468,0.0105596620908131,0.00249298846992833,0.00106100795755968,0.0007097232079489,"זמר"
1291,"כמהין",NA,NA,0.192307692307692,0.238805970149254,0.114285714285714,0.101694915254237,0.106508875739645,0.191489361702128,0.150943396226415,"כמהין"
1292,"ג'דיידה-מכר",0.0228865979381443,0.00475530017832376,0.0112270714737508,0.00638940520446097,0.0123913743160605,0.00624512099921936,0.00329505741387918,0.00326743996079072,0.00246457178065311,"גדיידהמכר"
1293,"גבעת אבני",0.189613526570048,0.154158215010142,0.187108325872874,0.228070175438596,0.0928196147110333,0.106678230702515,0.104166666666667,0.165090283748925,0.211457455770851,"גבעתאבני"
1294,"אור הגנוז",0.985294117647059,0.98,0.931372549019608,0.912,0.806451612903226,0.758241758241758,0.782608695652174,0.968944099378882,0.929906542056075,"אורהגנוז"
1295,"יאנוח-ג'ת",0.192982456140351,0.047047047047047,0.194547134935305,0.365546218487395,0.02710027100271,0.0786821705426357,0.0451388888888889,0.0943219145940873,0.0383202099737533,"יאנוחגת"
1296,"כסרא-סמיע",0.154396297854438,0.084077380952381,0.226005283240387,0.103372891942536,0.0918946824987093,0.0909090909090909,0.0180916253282755,0.0445062586926286,0.0107969151670951,"כסראסמיע"
1297,"כפר חנניה",0.362962962962963,0.247524752475248,0.256944444444444,0.228915662650602,0.136729222520107,0.142487046632124,0.140992167101828,0.232,0.2531328320802,"כפרחנניה"
1303,"חורה",0.00710563713879678,0.0243697478991597,0.0186585980837115,0.010443864229765,0.0136177939173854,0.0102739726027397,0.00146305779078274,0.00116076610562972,0.00376106194690265,"חורה"
1304,"שוהם",0.134256861729674,0.12491404996562,0.153181155900923,0.210961365678347,0.118010376348514,0.128591773477423,0.121495327102804,0.170480073217406,0.140743609604957,"שוהם"
1309,"אלעד",0.959012140707689,0.949173088579098,0.897349835675827,0.807689722390267,0.911207717960934,0.902541157574715,0.911820835204311,0.949146815340429,0.960177216479096,"אלעד"
1310,"לפיד",0.072562358276644,0.0534861509073543,0.0695142378559464,0.202898550724638,0.0536864710093057,0.0771470160116448,0.043609022556391,0.0777358490566038,0.0817562452687358,"לפיד"
1311,"אבשלום",0.0136986301369863,0.0224719101123595,0.0727272727272727,0.173913043478261,0.0212765957446809,0.0258064516129032,0.0254777070063694,0.0617283950617284,0.183673469387755,"אבשלום"
1313,"פוריה עילית",0.111969111969112,0.0707692307692308,0.121546961325967,0.183222958057395,0.0575916230366492,0.0777576853526221,0.0805604203152364,0.131672597864769,0.177152317880795,"פוריהעילית"
1314,"נווה זיו",0.0558375634517767,0.0627615062761506,0.144876325088339,0.187702265372168,0.103359173126615,0.111386138613861,0.0879396984924623,0.177033492822967,0.192941176470588,"נווהזיו"
1315,"מתן",0.0271084337349398,0.0218728639781271,0.04742145820984,0.111293859649123,0.0348776678813118,0.0343007915567282,0.0326255825996893,0.0759240759240759,0.0621707060063224,"מתן"
1316,"אל-עריאן",NA,NA,0,0,0,0,0.00970873786407767,0,0.1,"אלעריאן"
1317,"דמיידה",0.00840336134453781,0,0.00793650793650794,0.0162162162162162,0.00662251655629139,0,0.00840336134453781,0.00617283950617284,0.00571428571428571,"דמיידה"
1319,"בת חפר",0.0653937947494033,0.0572289156626506,0.0808119494446572,0.148687012065295,0.0392287234042553,0.0496065685939104,0.0482051282051282,0.0848546315077755,0.0846001321877065,"בתחפר"
1320,"עין חוד",NA,0.0666666666666667,0.330097087378641,0.157407407407407,0.304347826086957,0.00892857142857143,0,0,0,"עיןחוד"
1321,"ח'ואלד",0.0275229357798165,0.0188679245283019,0.0909090909090909,0.0347222222222222,0.0691244239631336,0.0119047619047619,0.0037037037037037,0.0181818181818182,0.0116279069767442,"חואלד"
1323,"בת הדר",0.0802919708029197,0.0833333333333333,0.118773946360153,0.208074534161491,0.0833333333333333,0.112781954887218,0.120906801007557,0.15989847715736,0.167901234567901,"בתהדר"
1326,"בסמ""ה",0.00344234079173838,0.00134892086330935,0.0348583877995643,0.0134604598990466,0.0143255073617191,0.0019321004692244,0.000451161741484322,0.00589159465828751,0.0144348894348894,"בסמה"
1327,"מעלה עירון",0.0136887608069164,0.00458115183246073,0.13459595959596,0.0109830752610731,0.0470788428814521,0.00917822838847385,0.00182058920887123,0.00158328055731476,0.0528401585204756,"מעלהעירון"
1330,"אחוזת ברק",0.0694444444444444,0.0442477876106195,0.0994764397905759,0.176116838487973,0.0545171339563863,0.0602409638554217,0.0568356374807988,0.125786163522013,0.115641215715345,"אחוזתברק"
1331,"כמאנה",0.472727272727273,0.141388174807198,0.243055555555556,0.0604395604395604,0.00982800982800983,0.0630630630630631,0.0182094081942337,0.0024390243902439,0.032258064516129,"כמאנה"
1332,"חוסנייה",0.0892857142857143,0.0162162162162162,0.108597285067873,0.0152091254752852,0.169565217391304,0.003690036900369,0,0.00862068965517241,0.00311526479750779,"חוסנייה"
1333,"נוף איילון",0.91512513601741,0.877877877877878,0.805246422893482,0.707244212098581,0.835172413793103,0.789897510980966,0.783901377810007,0.88839615668884,0.848648648648649,"נוףאיילון"
1334,"ראס אל-עין",0.0125,0,0.126126126126126,0,0,0.00531914893617021,0,0,0.0101522842639594,"ראסאלעין"
1335,"ערב אל נעים",NA,0.0649350649350649,0.00892857142857143,0.012987012987013,0.00387596899224806,0.0122950819672131,0.021505376344086,0.0423728813559322,0.003003003003003,"ערבאלנעים"
1337,"שמשית",0.0233853006681514,0.0244618395303327,0.03125,0.0828025477707006,0.0321615557217651,0.0257186081694402,0.0340488527017024,0.0535190615835777,0.0332348596750369,"שמשית"
1338,"כדיתה",NA,NA,0.32,0.307692307692308,0.128571428571429,0.158730158730159,0.2,0.1875,0.462686567164179,"כדיתה"
1342,"אבו קרינאת (יישוב",NA,NA,0.407407407407407,0.046875,0.0239234449760766,0.00346020761245675,0.00302114803625378,0.00398406374501992,0.00289017341040462,"אבוקרינאתיישוב"
1343,"מכחול",NA,NA,0.108108108108108,0.0625,0.0476190476190476,0.00778210116731518,0.00819672131147541,0,0.0036101083032491,"מכחול"
1344,"גבעות בר",NA,0.0609756097560976,0.122699386503067,0.161417322834646,0.0983981693363844,0.159329140461216,0.122448979591837,0.266409266409266,0.197822141560799,"גבעותבר"
1345,"צור יצחק",NA,0.0579710144927536,0.0792377131394183,0.158695652173913,0.0519618239660657,0.0632688927943761,0.0548611111111111,0.101694915254237,0.102272727272727,"צוריצחק"
1346,"תראבין א-צאנע(ישו",NA,NA,0.622641509433962,0.0833333333333333,0.00709219858156028,0.0195121951219512,0,0.00816326530612245,0.00411522633744856,"תראביןאצאנעישו"
1347,"קצר א-סר",0,0.00778210116731518,0.060702875399361,0.0169971671388102,0.0045662100456621,0.00216684723726977,0.00455062571103527,0.00120192307692308,0.00189933523266857,"קצראסר"
1348,"ביר הדאג'",NA,0.0208333333333333,0.0141643059490085,0,0.0043859649122807,0.00106609808102345,0,0.00857843137254902,0.00380228136882129,"בירהדאג"
1349,"דריג'את",0.0885416666666667,0.0108695652173913,0.0528846153846154,0.0631578947368421,0.018018018018018,0.00835654596100279,0.00236406619385343,0.0780780780780781,0.0116822429906542,"דריגאת"
1358,"אום בטין",0.0263157894736842,0.0050251256281407,0.115163147792706,0.0560271646859083,0.0126182965299685,0.00371057513914657,0.00347826086956522,0,0.000775795190069822,"אוםבטין"
1359,"אל סייד",NA,0.274193548387097,0.222222222222222,0.119760479041916,0.315985130111524,0.018705035971223,0.00455062571103527,0.00248756218905473,0.00275735294117647,"אלסייד"
1361,"בת חן",NA,0.0329411764705882,0.0477386934673367,0.085427135678392,0.0222929936305732,0.040625,0.0380952380952381,0.0776255707762557,0.0641025641025641,"בתחן"
1363,"בני נצרים",NA,NA,0.830508474576271,0.276470588235294,0.952191235059761,0.781376518218624,0.81203007518797,0.961977186311787,0.957792207792208,"בנינצרים"
1366,"נווה",NA,NA,0.94047619047619,0.216783216783217,0.974358974358974,0.857142857142857,0.878676470588235,0.992957746478873,0.986440677966102,"נווה"
1370,"מצפה אילן",NA,NA,0.760869565217391,0.75,0.731543624161074,0.782608695652174,0.730392156862745,0.848484848484849,0.774436090225564,"מצפהאילן"
1412,"מחנה תל נוף",0.0530973451327434,0.110091743119266,0.102040816326531,0.146341463414634,0.0647482014388489,0.0636363636363636,0.0714285714285714,0.16793893129771,0.0810810810810811,"מחנהתלנוף"
1414,"מחנה מרים",NA,NA,0.0606060606060606,0.140625,0.1,0.149253731343284,0.109756097560976,0.176470588235294,0.1875,"מחנהמרים"
1415,"מחנה יפה",0.0769230769230769,0.0793650793650794,0.146666666666667,0.153409090909091,0.0993788819875776,0.143835616438356,0.159509202453988,0.141891891891892,0.133333333333333,"מחנהיפה"
1416,"מחנה יוכבד",NA,0.037037037037037,0.21978021978022,0.163461538461538,0.072289156626506,0.0422535211267606,0.0810810810810811,0.140350877192982,0.140350877192982,"מחנהיוכבד"
1417,"מחנה עדי",NA,NA,0.119047619047619,0.231404958677686,NA,NA,NA,NA,NA,"מחנהעדי"
1418,"מחנה טלי",0.08,0.128205128205128,0.144329896907216,0.163636363636364,0.110091743119266,0.0823529411764706,0.114583333333333,0.1875,0.275,"מחנהטלי"
1419,"ניצן ב'",NA,0.641509433962264,0.598984771573604,0.377593360995851,0.28740157480315,0.325688073394495,0.287769784172662,0.479411764705882,0.546546546546547,"ניצןב"
2002,"תנובות",0.134969325153374,0.114613180515759,0.187654320987654,0.254424778761062,0.0912951167728238,0.0985010706638116,0.108796296296296,0.184757505773672,0.185589519650655,"תנובות"
2003,"תלמי אלעזר",0.0364238410596026,0.0536723163841808,0.0491400491400491,0.122401847575058,0.0159045725646123,0.0278330019880716,0.0463320463320463,0.0571428571428571,0.0557692307692308,"תלמיאלעזר"
2008,"שדה יצחק",0.0213903743315508,0.0288461538461538,0.101167315175097,0.144444444444444,0.03886925795053,0.0379310344827586,0.0215827338129496,0.0753424657534247,0.0993975903614458,"שדהיצחק"
2009,"יובל",0.118811881188119,0.0633484162895928,0.187279151943463,0.257062146892655,0.0809968847352025,0.108974358974359,0.123809523809524,0.202492211838006,0.162721893491124,"יובל"
2010,"כפר בן נון",0.00938967136150235,0.026578073089701,0.0427350427350427,0.115485564304462,0.0287081339712919,0.0387409200968523,0.0338164251207729,0.0797101449275362,0.111368909512761,"כפרבןנון"
2011,"ינון",0.307065217391304,0.276190476190476,0.238866396761134,0.235387045813586,0.103857566765579,0.110456553755523,0.117977528089888,0.198198198198198,0.322192513368984,"ינון"
2012,"אורות",0.00956937799043062,0.0245901639344262,0.0666666666666667,0.1,0.0285714285714286,0.0185185185185185,0.0378548895899054,0.0698412698412698,0.0524691358024691,"אורות"
2013,"בן שמן (מושב)",0.0247678018575851,0.0206489675516224,0.0627906976744186,0.14161220043573,0.0285714285714286,0.0383747178329571,0.0451612903225806,0.0734341252699784,0.0920770877944325,"בןשמןמושב"
2014,"גבעולים",0.438848920863309,0.291666666666667,0.345029239766082,0.193396226415094,0.158995815899582,0.163865546218487,0.145161290322581,0.19831223628692,0.269230769230769,"גבעולים"
2015,"שדי חמד",0.0260869565217391,0.0224215246636771,0.0463821892393321,0.138053097345133,0.046551724137931,0.0157342657342657,0.036036036036036,0.0682656826568266,0.0681399631675875,"שדיחמד"
2016,"רוויה",0.458715596330275,0.398373983739837,0.584507042253521,0.48,0.190751445086705,0.215469613259669,0.187845303867403,0.285714285714286,0.417112299465241,"רוויה"
2018,"גבעת חיים (איחוד)",0.00728597449908925,0.00516351118760757,0.00609756097560976,0.0274963820549928,0.00810810810810811,0.00404858299595142,0.00136798905608755,0.00953678474114441,0.00679347826086957,"גבעתחייםאיחוד"
2021,"אשל הנשיא",0.0303030303030303,0.0689655172413793,0.178571428571429,0.271186440677966,0.164556962025316,0.133333333333333,0.136986301369863,0.169491525423729,0.1875,"אשלהנשיא"
2023,"להב",0.00749063670411985,0,0.0242214532871972,0.0519031141868512,0.0224358974358974,0.0033112582781457,0.00895522388059702,0.0130890052356021,0.0132275132275132,"להב"
2024,"אום אל-קוטוף",0.00884955752212389,0.00677966101694915,0.0129032258064516,0.00963391136801541,0.113259668508287,0.0395256916996047,0.00172711571675302,0.0585106382978723,0,"אוםאלקוטוף"
2026,"ירדנה",0.25,0.163522012578616,0.294478527607362,0.333333333333333,0.0447761194029851,0.116504854368932,0.117370892018779,0.199004975124378,0.160550458715596,"ירדנה"
2029,"מדרך עוז",0.352490421455939,0.234848484848485,0.25609756097561,0.296675191815857,0.117647058823529,0.124378109452736,0.131386861313869,0.192019950124688,0.205882352941176,"מדרךעוז"
2030,"מנוחה",0.401360544217687,0.248618784530387,0.395555555555556,0.212765957446809,0.178461538461538,0.18960244648318,0.198830409356725,0.368731563421829,0.439890710382514,"מנוחה"
2033,"בית חלקיה",0.955882352941177,0.968888888888889,0.965986394557823,0.939024390243902,0.958974358974359,0.968503937007874,0.968085106382979,0.979487179487179,0.984848484848485,"ביתחלקיה"
2034,"חצור הגלילית",0.415392725355825,0.380451513596716,0.439565414214577,0.371434434639852,0.306841458418681,0.334990677439403,0.335393818544367,0.403105590062112,0.457376115435732,"חצורהגלילית"
2035,"עדנים",0.0140845070422535,0.0138888888888889,0.00888888888888889,0.074235807860262,0.0300429184549356,0.0172413793103448,0.0127659574468085,0.0789473684210526,0.0545454545454545,"עדנים"
2038,"ברקת",0.713178294573643,0.735849056603774,0.427385892116183,0.309495896834701,0.40506329113924,0.299356223175966,0.348862405200433,0.582122905027933,0.681503461918892,"ברקת"
2042,"עין גדי",0.0202702702702703,0.0106761565836299,0.0325732899022801,0.105442176870748,0.0153846153846154,0.0220125786163522,0.0255591054313099,0.0649350649350649,0.0247349823321555,"עיןגדי"
2043,"בחן",0.0116959064327485,0.0166666666666667,0.0284900284900285,0.0813397129186603,0.0217864923747277,0.015625,0.017353579175705,0.0368852459016393,0.0339321357285429,"בחן"
2044,"מלילות",0.366666666666667,0.288732394366197,0.46551724137931,0.175438596491228,0.171428571428571,0.193069306930693,0.205479452054795,0.24390243902439,0.308641975308642,"מלילות"
2045,"נחלה",0.527093596059113,0.472222222222222,0.365019011406844,0.325373134328358,0.207692307692308,0.197916666666667,0.275324675324675,0.3342175066313,0.414572864321608,"נחלה"
2046,"סגולה",0.0406091370558376,0.0209205020920502,0.1,0.154320987654321,0.0373563218390805,0.0309597523219814,0.0305810397553517,0.0848484848484849,0.0971428571428571,"סגולה"
2047,"ניר משה",0.0514285714285714,0.0878048780487805,0.113725490196078,0.142857142857143,0.0542372881355932,0.0771929824561404,0.0827586206896552,0.105263157894737,0.129568106312292,"נירמשה"
2048,"ניר עקיבא",0.164179104477612,0.194805194805195,0.330543933054393,0.251592356687898,0.305851063829787,0.296587926509186,0.344647519582245,0.424623115577889,0.343558282208589,"נירעקיבא"
2049,"שדה צבי",0.315315315315315,0.253333333333333,0.343283582089552,0.25,0.141935483870968,0.143730886850153,0.17910447761194,0.234177215189873,0.27299703264095,"שדהצבי"
2050,"תלמי ביל""ו",0.274509803921569,0.186666666666667,0.255813953488372,0.283720930232558,0.0912698412698413,0.130434782608696,0.107913669064748,0.228464419475655,0.321917808219178,"תלמיבילו"
2051,"רווחה",0.653658536585366,0.454198473282443,0.550335570469799,0.367469879518072,0.220630372492837,0.204610951008646,0.267241379310345,0.266666666666667,0.45,"רווחה"
2052,"אביטל",0.220833333333333,0.226053639846743,0.272030651340996,0.236111111111111,0.170648464163823,0.19281045751634,0.145454545454545,0.244147157190635,0.388379204892966,"אביטל"
2053,"פרזון",0.0802139037433155,0.141176470588235,0.152284263959391,0.237885462555066,0.145374449339207,0.130801687763713,0.134883720930233,0.222222222222222,0.307053941908714,"פרזון"
2054,"מיטב",0.118226600985222,0.227906976744186,0.202586206896552,0.227941176470588,0.121621621621622,0.0918727915194346,0.152777777777778,0.215094339622642,0.286206896551724,"מיטב"
2055,"מאור",0.174863387978142,0.150341685649203,0.103074141048825,0.189852700490998,0.0708092485549133,0.0935251798561151,0.112834978843441,0.150969529085873,0.169398907103825,"מאור"
2057,"שדי תרומות",0.351351351351351,0.159090909090909,0.238636363636364,0.251082251082251,0.0625,0.0958333333333333,0.0898876404494382,0.149193548387097,0.262798634812287,"שדיתרומות"
2059,"פעמי תש""ז",0.45625,0.431952662721893,0.446078431372549,0.378787878787879,0.243150684931507,0.281553398058252,0.319078947368421,0.349315068493151,0.409090909090909,"פעמיתשז"
2060,"ברוש",0.176,0.229508196721311,0.283950617283951,0.264864864864865,0.102040816326531,0.149606299212598,0.169117647058824,0.248995983935743,0.244755244755245,"ברוש"
2061,"תדהר",0.128,0.19811320754717,0.252941176470588,0.271929824561404,0.115894039735099,0.0869565217391304,0.125827814569536,0.19672131147541,0.245398773006135,"תדהר"
2062,"תאשור",0.0784313725490196,0.134615384615385,0.177914110429448,0.171428571428571,0.0669856459330144,0.0746268656716418,0.115183246073298,0.141361256544503,0.161434977578475,"תאשור"
2063,"דישון",0.167630057803468,0.145631067961165,0.239795918367347,0.359605911330049,0.117073170731707,0.184357541899441,0.187817258883249,0.196969696969697,0.289855072463768,"דישון"
2064,"זרועה",0.495238095238095,0.288288288288288,0.402985074626866,0.16374269005848,0.174528301886792,0.179245283018868,0.222707423580786,0.279475982532751,0.342629482071713,"זרועה"
2100,"טירת כרמל",0.273008794747925,0.187988955361252,0.265629892495564,0.322208565755885,0.124776880577986,0.153507313829787,0.148318042813456,0.200505544683627,0.245236508994004,"טירתכרמל"
2200,"דימונה",0.26404958677686,0.233790936156136,0.341473957207694,0.273601886909565,0.145526886906197,0.173759713090257,0.159503562399448,0.21891232242318,0.307671485030588,"דימונה"
2300,"קרית טבעון",0.0448890598948313,0.054470956857074,0.0635509936667395,0.117777543044259,0.0425861002268509,0.0482590750343952,0.0467477525118985,0.0704240472356414,0.0681350349938246,"קריתטבעון"
2400,"אור יהודה",0.293004632173981,0.245649215784574,0.281103689368874,0.319168466522678,0.18037378144019,0.226612558735583,0.222589943418384,0.257934056057968,0.310727930826463,"אוריהודה"
2500,"נשר",0.0996214385335724,0.0844696623043836,0.124841410809439,0.194715098604724,0.0628493850822552,0.0736063068136111,0.0743302329278957,0.117990357777214,0.141264861294584,"נשר"
2530,"באר יעקב",0.262755102040816,0.216344808284355,0.194053895723491,0.260663507109005,0.10440757499581,0.12649516631165,0.126315789473684,0.181316042267051,0.224459305634604,"באריעקב"
2550,"גדרה",0.23145738451529,0.164684591520165,0.172012755580567,0.214710378800747,0.103199498117942,0.119308044372043,0.11654797457692,0.180530273051049,0.221518096042811,"גדרה"
2560,"ערד",0.116770186335404,0.132042089580035,0.217100633356791,0.263316255997398,0.274661508704062,0.278458156696499,0.291121274246964,0.341047103233218,0.40401006575209,"ערד"
2600,"אילת",0.144224752846953,0.113992283250113,0.174729652817302,0.22357527705988,0.092668518273597,0.113185119964781,0.103861106202509,0.142605717547448,0.189688584433728,"אילת"
2610,"בית שמש",0.563616225944898,0.552341186996719,0.610414625080255,0.551655941909204,0.60740482880374,0.638905585074412,0.639422741744324,0.709182952672475,0.765850804485617,"ביתשמש"
2620,"קרית אונו",0.12708822311197,0.0910828811050814,0.105701918452413,0.16901339591278,0.0687673772011121,0.0770918939110945,0.0728773255000699,0.101609984688906,0.102848588913838,"קריתאונו"
2630,"קרית גת",0.286318395131762,0.254272351142292,0.325887793386266,0.290374957519918,0.237991107223559,0.270636139586384,0.265269232106233,0.316084279249202,0.38345328405628,"קריתגת"
2640,"ראש העין",0.28754229467856,0.205934950262658,0.207351330762272,0.262835669650397,0.14498933901919,0.167820990942994,0.166395712909441,0.232058036099836,0.264111204717776,"ראשהעין"
2650,"רמת השרון",0.0976953447800937,0.0698437705133255,0.0946258476735526,0.131180777172893,0.0653858991951934,0.0710780669144981,0.0661416740609287,0.0891485809682805,0.0889092575618698,"רמתהשרון"
2660,"יבנה",0.268937572968889,0.20126812731496,0.266265128700494,0.249052295044531,0.141894375689254,0.170653192616438,0.162956153323474,0.220739052580173,0.260747203264617,"יבנה"
2710,"אום אל-פחם",0.00918998048145738,0.0035068417795503,0.00833122948750315,0.0015747256532651,0.00231764630142278,0.00196034502072365,0.000981748404658842,0.00141997995322419,0.00512075288907342,"אוםאלפחם"
2720,"טירה",0.00309119010819165,0.00408899579073963,0.0124443429615253,0.00241150633020412,0.00236742424242424,0.00199021477734472,0.00250893332319623,0.00115074798619102,0.00176292813969107,"טירה"
2730,"טייבה",0.00321380243572395,0.0109505703422053,0.0124791409707611,0.00428611188421932,0.00719852459991671,0.00330390510751232,0.00160072032414587,0.00631141647359591,0.00264352623412448,"טייבה"
2800,"קרית שמונה",0.25293453724605,0.194360086767896,0.265640817979348,0.319330722677109,0.122977050379446,0.161716171617162,0.152277423412092,0.206292697007601,0.262592164875189,"קריתשמונה"
3000,"ירושלים",0.466040182394963,0.448478050272778,0.495879969644064,0.46121604788355,0.483239697134002,0.500940467810614,0.494344181139115,0.552200089282483,0.582334718549301,"ירושלים"
3400,"חברון",0.613333333333333,0.917808219178082,0.348178137651822,0.415584415584416,0.792035398230089,0.473913043478261,0.586046511627907,0.875621890547264,0.934883720930233,"חברון"
3488,"כפר עציון",0.705426356589147,0.546712802768166,0.582043343653251,0.676557863501484,0.619047619047619,0.598360655737705,0.607629427792916,0.610079575596817,0.616438356164384,"כפרעציון"
3555,"נתיב הגדוד",0.0540540540540541,0.0285714285714286,0.209876543209877,0.238095238095238,0.0654205607476635,0.0641025641025641,0.0301204819277108,0.141025641025641,0.161764705882353,"נתיבהגדוד"
3556,"אלמוג",0.0317460317460317,0.0326086956521739,0.00961538461538462,0.134615384615385,0.0514705882352941,0.047244094488189,0.0522388059701493,0.112,0.1,"אלמוג"
3557,"קדומים",0.804548248309773,0.754838709677419,0.724260958205912,0.672371638141809,0.726688102893891,0.679828734538535,0.664426308209313,0.800097276264591,0.808252427184466,"קדומים"
3558,"תומר",0.0666666666666667,0.0304878048780488,0.137362637362637,0.267045454545455,0.0769230769230769,0.0829268292682927,0.0793650793650794,0.178571428571429,0.176165803108808,"תומר"
3560,"אלקנה",0.77883008356546,0.693238042880704,0.74866569626395,0.722063037249284,0.719811320754717,0.697628458498024,0.658082975679542,0.769485120453472,0.73256330519769,"אלקנה"
3561,"מגדל עוז",0.807228915662651,0.727848101265823,0.864406779661017,0.739884393063584,0.699421965317919,0.672727272727273,0.705521472392638,0.757575757575758,0.706586826347305,"מגדלעוז"
3563,"תקוע",0.509646302250804,0.494007989347537,0.505767524401065,0.527110501029513,0.529375386518244,0.561023622047244,0.513312693498452,0.626490897677338,0.629850746268657,"תקוע"
3564,"כוכב השחר",0.841296928327645,0.909219858156028,0.761433868974042,0.577497129735936,0.820281124497992,0.733333333333333,0.786427145708583,0.920634920634921,0.927170868347339,"כוכבהשחר"
3565,"רימונים",0.222222222222222,0.194244604316547,0.202127659574468,0.26031746031746,0.162921348314607,0.150997150997151,0.107142857142857,0.289398280802292,0.402777777777778,"רימונים"
3566,"יפית",0.181818181818182,0.153846153846154,0.123076923076923,0.365853658536585,0.177570093457944,0.192307692307692,0.178217821782178,0.262626262626263,0.415841584158416,"יפית"
3567,"סלעית",0.0379746835443038,0.015748031496063,0.037037037037037,0.056782334384858,0.0379965457685665,0.0277324632952692,0.0270700636942675,0.0571870170015456,0.0488549618320611,"סלעית"
3568,"ריחן",0.135593220338983,0.102564102564103,0.134831460674157,0.262626262626263,0.109677419354839,0.12,0.115384615384615,0.236994219653179,0.228260869565217,"ריחן"
3569,"מבוא דותן",0.24,0.314516129032258,0.227941176470588,0.289940828402367,0.286458333333333,0.21875,0.302884615384615,0.45771144278607,0.636363636363636,"מבואדותן"
3570,"אריאל",0.131853255719507,0.0933098591549296,0.187162236682475,0.20829474117526,0.137158852344297,0.139165628891656,0.129918800749532,0.203521659284866,0.23036093418259,"אריאל"
3571,"שבי שומרון",0.741741741741742,0.704735376044568,0.42257217847769,0.416666666666667,0.648648648648649,0.417808219178082,0.533783783783784,0.76837416481069,0.781115879828326,"שבישומרון"
3572,"כפר תפוח",0.58,0.800524934383202,0.520958083832335,0.428571428571429,0.66735112936345,0.459677419354839,0.505154639175258,0.776892430278884,0.84,"כפרתפוח"
3573,"חלמיש",0.786666666666667,0.760589318600368,0.725524475524476,0.642289348171701,0.7166392092257,0.605704697986577,0.633217993079585,0.838487972508591,0.825396825396825,"חלמיש"
3574,"בית אל",0.864853005704256,0.858032378580324,0.729362985299661,0.606382978723404,0.826888967719049,0.734209565534867,0.768169959001118,0.883846153846154,0.888435878428465,"ביתאל"
3575,"בית חורון",0.582677165354331,0.462012320328542,0.554794520547945,0.54950495049505,0.490254872563718,0.514115898959881,0.478893740902475,0.64985590778098,0.608089260808926,"ביתחורון"
3576,"מצפה יריחו",0.693843594009983,0.874301675977654,0.544652701212789,0.56838905775076,0.748549323017408,0.56379821958457,0.627037392138063,0.811284046692607,0.816744186046512,"מצפהיריחו"
3578,"שדמות מחולה",0.84688995215311,0.758620689655172,0.851694915254237,0.76425855513308,0.806748466257669,0.759878419452888,0.790996784565916,0.863492063492064,0.879411764705882,"שדמותמחולה"
3579,"אלון מורה",0.791150442477876,0.871175523349436,0.573426573426573,0.587217043941411,0.872950819672131,0.724517906336088,0.757703081232493,0.906162464985994,0.909344490934449,"אלוןמורה"
3598,"ארגמן",0.0625,0.024390243902439,0.175,0.241379310344828,0.0843373493975904,0.0823529411764706,0.0697674418604651,0.126582278481013,0.378378378378378,"ארגמן"
3599,"מחולה",0.748743718592965,0.633165829145729,0.685512367491166,0.583850931677019,0.672289156626506,0.698473282442748,0.66015625,0.760147601476015,0.724738675958188,"מחולה"
3601,"קליה",0.0882352941176471,0.0694444444444444,0.172093023255814,0.299212598425197,0.164874551971326,0.0776255707762557,0.0675675675675676,0.150684931506849,0.139240506329114,"קליה"
3602,"ראש צורים",0.8125,0.711026615969582,0.776349614395887,0.798053527980535,0.793427230046948,0.795121951219512,0.726392251815981,0.775656324582339,0.702078521939954,"ראשצורים"
3603,"הר גילה",0.127753303964758,0.0980392156862745,0.198396793587174,0.286541244573082,0.125490196078431,0.158770806658131,0.136950904392765,0.197564276048714,0.269922879177378,"הרגילה"
3604,"אלון שבות",0.746010638297872,0.685121107266436,0.710407239819005,0.667269439421338,0.70835734870317,0.728214503351615,0.682510664229129,0.75150421179302,0.732461355529132,"אלוןשבות"
3605,"משואה",0.0123456790123457,0.0465116279069767,0.22680412371134,0.322916666666667,0.217821782178218,0.210526315789474,0.2,0.245454545454545,0.41025641025641,"משואה"
3606,"גלגל",0.0441176470588235,0,0.214285714285714,0.25609756097561,0.0581395348837209,0.0568181818181818,0.0777777777777778,0.181818181818182,0.24468085106383,"גלגל"
3607,"ייט""ב",0.151898734177215,0.402173913043478,0.375,0.401459854014599,0.414634146341463,0.44375,0.452830188679245,0.602484472049689,0.686813186813187,"ייטב"
3608,"מעלה אפרים",0.204545454545455,0.162393162393162,0.218057921635434,0.290625,0.246815286624204,0.264347826086957,0.247877758913413,0.355871886120996,0.427432216905901,"מעלהאפרים"
3609,"חמרה",0.1,0.0789473684210526,0.15,0.225806451612903,0.154639175257732,0.0344827586206897,0.0574712643678161,0.206896551724138,0.368932038834951,"חמרה"
3610,"מצפה שלם",0,0.0222222222222222,0.0288461538461538,0.127272727272727,0.024,0.203389830508475,0.225806451612903,0.272251308900524,0.252631578947368,"מצפהשלם"
3611,"קרית ארבע",0.499425507468403,0.634651600753296,0.458979328165375,0.371497438987647,0.552585705984893,0.380810488676996,0.432680538555692,0.63817097415507,0.731917513080948,"קריתארבע"
3612,"בקעות",0.104651162790698,0.0537634408602151,0.0990990990990991,0.165217391304348,0.0884955752212389,0.12962962962963,0.0865384615384615,0.108910891089109,0.201923076923077,"בקעות"
3613,"גיתית",0.47,0.371681415929204,0.590163934426229,0.473333333333333,0.567708333333333,0.5,0.502564102564103,0.636842105263158,0.62303664921466,"גיתית"
3614,"מכורה",0.0263157894736842,0.0277777777777778,0.0533333333333333,0.296296296296296,0.108695652173913,0.0729166666666667,0.0526315789473684,0.111111111111111,0.263157894736842,"מכורה"
3615,"פצאל",0.0684931506849315,0.0684931506849315,0.146496815286624,0.295454545454545,0.143589743589744,0.128205128205128,0.112903225806452,0.220430107526882,0.181818181818182,"פצאל"
3616,"מעלה אדומים",0.303863939180187,0.221745542297895,0.305723308770569,0.287713997985901,0.216122821740633,0.233083863030552,0.21102948576029,0.304901336728199,0.376492194674013,"מעלהאדומים"
3617,"עופרה",0.849865951742627,0.714751426242869,0.747353563867325,0.722785665990534,0.729458917835671,0.696465696465696,0.668302945301543,0.787899388171312,0.801082543978349,"עופרה"
3618,"אלעזר",0.700587084148728,0.600276625172891,0.691056910569106,0.646793134598013,0.689154568744663,0.682456140350877,0.65684575389948,0.744661921708185,0.695253955037469,"אלעזר"
3619,"רועי",0.352941176470588,0.338461538461538,0.323741007194245,0.402597402597403,0.0101010101010101,0.032967032967033,0.0232558139534884,0.012987012987013,0.104651162790698,"רועי"
3620,"נירן",0,0,0,0,0,NA,NA,NA,NA,"נירן"
3637,"מעלה שומרון",0.320261437908497,0.285714285714286,0.353846153846154,0.449023861171367,0.383795309168444,0.358744394618834,0.352668213457077,NA,NA,"מעלהשומרון"
3638,"כפר אדומים",0.53578947368421,0.42603550295858,0.412634408602151,0.42355740630577,0.399898631525596,0.436877946568884,0.387231815803244,0.478658536585366,0.38964303670186,"כפראדומים"
3639,"ורד יריחו",0.150537634408602,0.110091743119266,0.330935251798561,0.311111111111111,0.125,0.0833333333333333,0.0909090909090909,0.2,0.291457286432161,"ורדיריחו"
3640,"קרני שומרון",0.568516042780749,0.484922327139811,0.474834627552488,0.515292190060076,0.498777506112469,0.478551946441855,0.478607686729514,0.612173148758515,0.63229078613694,"קרנישומרון"
3641,"שילה",0.815270935960591,0.854803493449782,0.63102541630149,0.591291061879297,0.776723592662872,0.610180412371134,0.689611217335883,0.885696821515892,0.893159977388355,"שילה"
3643,"חיננית",0.491166077738516,0.445402298850575,0.389496717724289,0.48406374501992,0.500840336134454,0.475778546712803,0.476114649681529,0.555382215288612,0.609970674486804,"חיננית"
3644,"גבעון החדשה",0.111510791366906,0.0907590759075908,0.21173104434907,0.2630173564753,0.145251396648045,0.164756446991404,0.11614730878187,0.216763005780347,0.19969040247678,"גבעוןהחדשה"
3645,"בית הערבה",0.128205128205128,0.0555555555555556,0.2,0.294117647058824,0.174603174603175,0.185483870967742,0.21830985915493,0.351515151515152,0.351485148514851,"ביתהערבה"
3647,"יקיר",0.804123711340206,0.72316384180791,0.709635416666667,0.66747572815534,0.694230769230769,0.63963963963964,0.6215953307393,0.771563981042654,0.754098360655738,"יקיר"
3648,"מתתיהו",0.913385826771654,0.977011494252874,0.903061224489796,0.839449541284404,0.914201183431953,0.926686217008798,0.933333333333333,0.971098265895954,0.957219251336898,"מתתיהו"
3649,"שקד",0.160642570281124,0.1,0.156862745098039,0.364556962025316,0.152619589977221,0.174641148325359,0.146341463414634,0.271714922048998,0.293877551020408,"שקד"
3650,"אפרת",NA,0.536079769089478,0.610781178620375,0.583497483037864,0.584505755527133,0.624645624645625,0.56654478976234,0.706945428773919,0.663669375756528,"אפרת"
3651,"מעלה מכמש",0.792380952380952,0.735812133072407,0.676948051948052,0.612334801762115,0.737265415549598,0.640326975476839,0.633199464524766,0.781209781209781,0.768307322929172,"מעלהמכמש"
3652,"בית אריה",0.123432343234323,0.0731846769582619,0.204198473282443,0.327371048252912,0.126876876876877,0.159740754860846,0.135933358576297,0.237481031866464,0.261801016702978,"ביתאריה"
3653,"מעלה עמוס",0.912621359223301,0.906542056074766,0.824675324675325,0.740506329113924,0.871900826446281,0.831325301204819,0.860215053763441,0.944055944055944,0.935185185185185,"מעלהעמוס"
3654,"ברקן",0.108333333333333,0.0738060781476122,0.204574332909784,0.271205357142857,0.125126135216953,0.138888888888889,0.108433734939759,0.202634245187437,0.200379867046534,"ברקן"
3655,"ניל""י",0.135549872122762,0.102272727272727,0.221991701244813,0.29745889387145,0.105700712589074,0.168646080760095,0.117505995203837,0.210998877665544,0.2125,"נילי"
3656,"כרמל",0.904494382022472,0.928571428571429,0.8125,0.682242990654206,0.762114537444934,0.774509803921569,0.787037037037037,0.907488986784141,0.916279069767442,"כרמל"
3657,"מעון",0.961538461538462,0.92,0.8,0.691176470588235,0.877637130801688,0.75,0.781395348837209,0.941747572815534,0.956140350877193,"מעון"
3658,"עטרת",0.829411764705882,0.85929648241206,0.713615023474178,0.741803278688525,0.8359375,0.76078431372549,0.759493670886076,0.8828125,0.897727272727273,"עטרת"
3659,"פסגות",0.884669479606188,0.842391304347826,0.787153652392947,0.613333333333333,0.819136522753792,0.768098159509202,0.761282660332542,0.87085308056872,0.847946725860155,"פסגות"
3660,"עמנואל",0.813025210084034,0.934545454545455,0.742307692307692,0.667391304347826,0.885658914728682,0.797381546134663,0.859384429692215,0.945945945945946,0.961180124223602,"עמנואל"
3709,"מבוא חורון",0.894988066825776,0.920222634508349,0.772727272727273,0.592074592074592,0.869035532994924,0.783316378433367,0.833830845771144,0.921435499515034,0.920296570898981,"מבואחורון"
3710,"ברכה",0.626609442060086,0.717081850533808,0.281869688385269,0.285539215686274,0.37025641025641,0.364102564102564,0.354291417165669,0.549282296650718,0.482728077945084,"ברכה"
3712,"ענב",0.746212121212121,0.725631768953069,0.664804469273743,0.607843137254902,0.707729468599034,0.562945368171021,0.55607476635514,0.77030162412993,0.786492374727669,"ענב"
3713,"נעמ""ה",NA,0.0327868852459016,0.105263157894737,0.181818181818182,0.0612244897959184,0.0740740740740741,0.125,0.195652173913043,0.163636363636364,"נעמה"
3715,"עלמון",0.156441717791411,0.0726817042606516,0.179442508710801,0.25,0.124147339699864,0.1268758526603,0.0986486486486487,0.178378378378378,0.219195849546044,"עלמון"
3717,"חרמש",0.126760563380282,0.162790697674419,0.168316831683168,0.239669421487603,0.157142857142857,0.109375,0.106060606060606,0.238461538461538,0.235294117647059,"חרמש"
3719,"תלם",0.5,0.544117647058823,0.452631578947368,0.39,0.623711340206186,0.413636363636364,0.548780487804878,0.782051282051282,0.838888888888889,"תלם"
3720,"שערי תקווה",0.337942477876106,0.225636101776284,0.344073190135243,0.377902885292048,0.261849519390123,0.284975878704342,0.252040816326531,0.377021563342318,NA,"שעריתקווה"
3722,"אשכולות",0.1375,0.413612565445026,0.52734375,0.242424242424242,0.159259259259259,0.092436974789916,0.088,0.150943396226415,0.179577464788732,"אשכולות"
3723,"פני חבר",0.811881188118812,0.87962962962963,0.727941176470588,0.319277108433735,0.826815642458101,0.668604651162791,0.780346820809249,0.857142857142857,0.872037914691943,"פניחבר"
3725,"נווה דניאל",0.769607843137255,0.61003861003861,0.695609756097561,0.660238751147842,0.692047377326565,0.671268334771355,0.637229437229437,0.771084337349398,0.700173310225303,"נווהדניאל"
3726,"נוקדים",0.337579617834395,0.434666666666667,0.37953795379538,0.425925925925926,0.462857142857143,0.496495327102804,0.431638418079096,0.579339723109691,0.604696673189824,"נוקדים"
3727,"עלי זהב",0.459183673469388,0.477611940298507,0.428057553956835,0.643396226415094,0.710387323943662,0.713592233009709,0.656342182890855,0.766379880873594,0.733838089691322,"עליזהב"
3730,"גבעת זאב",0.267456104532462,0.219878373242113,0.387494559698245,0.4115611381697,0.467395054629097,0.488810230646266,0.488514201652144,0.587153854992531,0.656007451102142,"גבעתזאב"
3743,"טנא",0.158139534883721,0.25830258302583,0.354430379746835,0.403314917127072,0.413612565445026,0.408376963350785,0.432291666666667,0.558080808080808,0.5625,"טנא"
3744,"ברוכין",NA,NA,0.661971830985915,0.787878787878788,0.893229166666667,0.819121447028424,0.868354430379747,0.909282700421941,0.909326424870466,"ברוכין"
3745,"מצדות יהודה",0.793478260869565,0.805970149253731,0.768888888888889,0.70281124497992,0.837944664031621,0.828451882845188,0.813492063492063,0.902578796561605,0.905817174515235,"מצדותיהודה"
3746,"קרית נטפים",0.644444444444444,0.666666666666667,0.592452830188679,0.627450980392157,0.561046511627907,0.530555555555556,0.526315789473684,0.727019498607242,0.77319587628866,"קריתנטפים"
3747,"דולב",0.916870415647922,0.8389662027833,0.794871794871795,0.761513157894737,0.788321167883212,0.757942511346445,0.693313953488372,0.861717612809316,0.839595375722543,"דולב"
3748,"עתניאל",0.863309352517986,0.81021897810219,0.576666666666667,0.698507462686567,0.721621621621622,0.674285714285714,0.708092485549133,0.837142857142857,0.875722543352601,"עתניאל"
3749,"יצהר",0.353448275862069,0.923875432525952,0.220512820512821,0.223214285714286,0.902985074626866,0.382462686567164,0.649621212121212,0.966312056737589,0.982945736434109,"יצהר"
3750,"אלפי מנשה",0.0902828136330674,0.0574712643678161,0.12,0.209110219494926,0.0800185013876041,0.09197285279663,0.0848725742342764,0.148760330578512,0.159472966833258,"אלפימנשה"
3751,"מגדלים",0.18,0.0784313725490196,0.238805970149254,0.397849462365591,0.647398843930636,0.646706586826347,0.602209944751381,0.668316831683168,0.707964601769911,"מגדלים"
3752,"מעלה לבונה",0.767857142857143,0.773333333333333,0.597701149425287,0.480968858131488,0.776119402985075,0.539156626506024,0.668639053254438,0.889221556886228,0.897435897435897,"מעלהלבונה"
3754,"אספר",0.922330097087379,0.852272727272727,0.784883720930233,0.735135135135135,0.901960784313726,0.857664233576642,0.889679715302491,0.971428571428571,0.965714285714286,"אספר"
3756,"סוסיה",0.832,0.875444839857651,0.748031496062992,0.753521126760563,0.767399267399267,0.735177865612648,0.750950570342205,0.899606299212598,0.895973154362416,"סוסיה"
3759,"אדורה",0.191780821917808,0.223300970873786,0.388888888888889,0.4375,0.384615384615385,0.363157894736842,0.356020942408377,0.579234972677596,0.599033816425121,"אדורה"
3760,"אורנית",0.125282167042889,0.0962821734985701,0.168635335511435,0.235218232638142,0.13939152913104,0.152849207981897,0.138826872336107,0.206722008503746,0.189375987361769,"אורנית"
3762,"איתמר",0.809734513274336,0.936802973977695,0.587392550143267,0.489949748743719,0.788418708240535,0.636781609195402,0.773755656108597,0.921658986175115,0.939024390243902,"איתמר"
3763,"גבע בנימין",0.349256900212314,0.352453351762267,0.409167132476244,0.366496992133272,0.36280487804878,0.333474396953026,0.348225469728601,0.467596759675968,0.58489827856025,"גבעבנימין"
3764,"חגי",0.865030674846626,0.896039603960396,0.724299065420561,0.56,0.854477611940298,0.754789272030651,0.751908396946565,0.920962199312715,0.892857142857143,"חגי"
3765,"עלי",0.802208835341365,0.730550284629981,0.744338933528123,0.527868852459016,0.736086175942549,0.690753214941825,0.663240628778718,0.796772265391512,0.814946619217082,"עלי"
3766,"כרמי צור",0.872,0.886861313868613,0.757180156657963,0.661052631578947,0.775055679287305,0.700892857142857,0.744343891402715,0.853211009174312,0.871495327102804,"כרמיצור"
3767,"נחליאל",0.6,0.957142857142857,0.492307692307692,0.229508196721311,0.794573643410853,0.581395348837209,0.726190476190476,0.91497975708502,0.916666666666667,"נחליאל"
3768,"פדואל",0.846698113207547,0.852494577006508,0.796264855687606,0.738304093567251,0.843225083986562,0.814031180400891,0.77384780278671,0.879180151024811,0.872689938398357,"פדואל"
3769,"הר אדר",0.044971381847915,0.0278810408921933,0.0583250249252243,0.127529411764706,0.0574324324324324,0.0514928602336651,0.054159445407279,0.0853658536585366,0.0895966029723991,"הראדר"
3770,"חשמונאים",0.772686433063792,0.610863095238095,0.658282208588957,0.594470046082949,0.624164810690423,0.628359062321326,0.574171029668412,0.747742323901264,0.703048780487805,"חשמונאים"
3778,"עץ אפרים",0.34640522875817,0.306233062330623,0.378661087866109,0.449564134495641,0.421152030217186,0.417685794920038,0.400374181478017,0.566914498141264,NA,"עץאפרים"
3779,"כוכב יעקב",0.842880523731588,0.890219560878243,0.774022801302932,0.578986587183309,0.83793626707132,0.717814588782331,0.763367463026166,0.903645097485165,0.931274900398406,"כוכביעקב"
3780,"ביתר עילית",0.938038308265844,0.981799591002045,0.914838894048725,0.837443665498247,0.95024222850222,0.932248932392879,0.947527226439112,0.977047322187589,0.981636271529889,"ביתרעילית"
3781,"קדר",0.168776371308017,0.0828220858895705,0.267578125,0.240853658536585,0.0765957446808511,0.132956152758133,0.102209944751381,0.193687230989957,0.359893758300133,"קדר"
3784,"שמעה",0.182539682539683,0.221374045801527,0.253623188405797,0.417061611374408,0.479623824451411,0.477848101265823,0.46177370030581,0.582582582582583,0.639566395663957,"שמעה"
3787,"נעלה",0.16382252559727,0.103244837758112,0.247058823529412,0.31637519872814,0.134032634032634,0.142018779342723,0.117583603020496,0.208167330677291,0.24239934264585,"נעלה"
3788,"טלמון",0.905956112852665,0.845498783454988,0.725932350390286,0.657332350773766,0.862599771949829,0.763403263403263,0.805633802816901,0.922120064899946,0.917652626597255,"טלמון"
3790,"נופים",0.23469387755102,0.194029850746269,0.244094488188976,0.313915857605178,0.305851063829787,0.285714285714286,0.250632911392405,0.422222222222222,0.467948717948718,"נופים"
3791,"צופים",0.474860335195531,0.421505376344086,0.435933147632312,0.495124593716143,0.414847161572052,0.438549955791335,0.416884247171453,0.517825311942959,0.492103075644223,"צופים"
3793,"אבני חפץ",0.818181818181818,0.860045146726862,0.6796875,0.593451568894952,0.700584795321637,0.586326767091541,0.583427922814983,0.804226918798665,0.81992337164751,"אבניחפץ"
3794,"בת עין",0.477178423236515,0.686868686868687,0.528260869565217,0.402671755725191,0.567692307692308,0.446308724832215,0.512116316639742,0.801147227533461,0.868686868686869,"בתעין"
3795,"רבבה",0.892086330935252,0.892561983471074,0.815834767641997,0.773426573426573,0.852342158859471,0.769857433808554,0.787878787878788,0.91331546023235,0.933054393305439,"רבבה"
3796,"כפר האורנים",0.0425806451612903,0.04627539503386,0.0745986779981114,0.153776160145587,0.0520231213872832,0.0558375634517767,0.0509770603228547,0.0845969672785315,0.0651162790697674,"כפרהאורנים"
3797,"מודיעין עילית",0.986842105263158,0.986961325966851,0.966709075487701,0.939997986509614,0.981862854590127,0.981525445677041,0.984568553671839,0.991669744347327,0.992646782967548,"מודיעיןעילית"
4000,"חיפה",0.104198738265568,0.0948184989978472,0.128427200906984,0.193668093073014,0.100132800287734,0.105545604754169,0.103273984442524,0.13701210519399,0.141087833776938,"חיפה"
4001,"בוקעאתא",0.311111111111111,0.207792207792208,0,0.235294117647059,0.0958904109589041,0.207317073170732,0.25,0.0217391304347826,0.0736842105263158,"בוקעאתא"
4002,"אלי-עד",0.0333333333333333,0.135135135135135,0.197674418604651,0.232044198895028,0.0892857142857143,0.0747663551401869,0.0958904109589041,0.132420091324201,0.152263374485597,"אליעד"
4003,"אל-רום",0.0256410256410256,0,0.0108108108108108,0.0878048780487805,0.0159362549800797,0.016597510373444,0.04,0.0615384615384615,0.0547445255474453,"אלרום"
4004,"כפר חרוב",0.0147058823529412,0.0173410404624277,0.0903614457831325,0.125581395348837,0.00411522633744856,0.00833333333333333,0.00423728813559322,0.0323886639676113,0.0634328358208955,"כפרחרוב"
4005,"חספין",0.866666666666667,0.860674157303371,0.819734345351044,0.758680555555556,0.792393026941363,0.727564102564103,0.766129032258065,0.850420168067227,0.854037267080745,"חספין"
4006,"קשת",0.907692307692308,0.857707509881423,0.843003412969283,0.64983164983165,0.847305389221557,0.773162939297125,0.788961038961039,0.87741935483871,0.869300911854103,"קשת"
4007,"יונתן",0.756410256410256,0.681818181818182,0.682464454976303,0.665236051502146,0.663230240549828,0.641379310344828,0.63036303630363,0.72168284789644,0.705521472392638,"יונתן"
4008,"מעלה גמלא",0.0355029585798817,0.050761421319797,0.0495867768595041,0.130952380952381,0.0352564102564103,0.0337837837837838,0.0477815699658703,0.0566666666666667,0.0537974683544304,"מעלהגמלא"
4009,"שעל",0.100671140939597,0.125874125874126,0.110344827586207,0.229411764705882,0.0591715976331361,0.0745341614906832,0.072289156626506,0.121212121212121,0.11731843575419,"שעל"
4010,"אודם",0.0434782608695652,0,0.0793650793650794,0.2,0.0568181818181818,0.0510204081632653,0.0674157303370786,0.127659574468085,0.102040816326531,"אודם"
4011,"אבני איתן",0.625,0.641791044776119,0.610294117647059,0.575438596491228,0.652173913043478,0.57516339869281,0.553054662379421,0.722408026755853,0.743827160493827,"אבניאיתן"
4012,"אניעם",0.0886075949367089,0.0301724137931034,0.184615384615385,0.204301075268817,0.0490196078431373,0.0335820895522388,0.0625,0.106382978723404,0.129770992366412,"אניעם"
4013,"אורטל",0.0338983050847458,0.0991735537190083,0.112676056338028,0.160493827160494,0.0729166666666667,0.0666666666666667,0.0734463276836158,0.0575916230366492,0.0742857142857143,"אורטל"
4014,"נטור",NA,NA,0.35,0.406666666666667,0.404255319148936,0.305555555555556,0.338709677419355,0.451456310679612,0.43859649122807,"נטור"
4015,"בני יהודה",0.081140350877193,0.0617021276595745,0.169642857142857,0.198707592891761,0.0606060606060606,0.0663265306122449,0.0692567567567568,0.139575971731449,0.131623931623932,"בנייהודה"
4017,"אלוני הבשן",0.709302325581395,0.690265486725664,0.728571428571429,0.608974358974359,0.611464968152866,0.55421686746988,0.532894736842105,0.594594594594595,0.62962962962963,"אלוניהבשן"
4021,"גבעת יואב",0.104166666666667,0.0932835820895522,0.133779264214047,0.189504373177843,0.0732394366197183,0.0773809523809524,0.0609756097560976,0.0821114369501466,0.110795454545455,"גבעתיואב"
4022,"גשור",0.0660377358490566,0.0350877192982456,0.103174603174603,0.175182481751825,0.0443037974683544,0.0522875816993464,0.0264900662251656,0.0728476821192053,0.0980392156862745,"גשור"
4024,"קלע",NA,0.05,0.111111111111111,0.139784946236559,0.0634920634920635,0.0503597122302158,0.0354609929078014,0.0482758620689655,0.157894736842105,"קלע"
4025,"קדמת צבי",0.0457516339869281,0.0635838150289017,0.050761421319797,0.122171945701357,0.0448275862068966,0.0610687022900763,0.0602836879432624,0.063758389261745,0.0790378006872852,"קדמתצבי"
4026,"חד-נס",0.124293785310734,0.120622568093385,0.169014084507042,0.210023866348449,0.0552763819095477,0.0858725761772853,0.0552631578947368,0.103703703703704,0.144230769230769,"חדנס"
4028,"כנף",0.0660377358490566,0.146853146853147,0.157894736842105,0.225130890052356,0.1,0.0600858369098712,0.0884955752212389,0.147058823529412,0.110599078341014,"כנף"
4100,"קצרין",0.157081236520489,0.142319534724598,0.212974683544304,0.250570125427594,0.12872129288347,0.138662790697674,0.148942252715838,0.211854460093897,0.280089988751406,"קצרין"
4101,"מרום גולן",0.0436507936507936,0.0326086956521739,0.0649717514124294,0.115492957746479,0.0353535353535354,0.0171149144254279,0.0148148148148148,0.0497630331753555,0.0240963855421687,"מרוםגולן"
4201,"מג'דל שמס",0.315789473684211,0.192307692307692,0.0776699029126214,0.168224299065421,0.0656934306569343,0.0914285714285714,0.0122699386503067,0.00595238095238095,0.0384615384615385,"מגדלשמס"
4203,"מסעדה",0.416666666666667,0.525641025641026,0.1875,0.24,0.0845070422535211,0.0588235294117647,0.0256410256410256,0.0833333333333333,0.0792079207920792,"מסעדה"
4204,"מבוא חמה",0.0113636363636364,0.0497512437810945,0.0727272727272727,0.0871369294605809,0.024822695035461,0.0364963503649635,0.018796992481203,0.0571428571428571,0.0449438202247191,"מבואחמה"
4301,"אפיק",0.0275862068965517,0.0540540540540541,0.0564971751412429,0.143518518518519,0.0561797752808989,0.0414201183431953,0.0284090909090909,0.0574712643678161,0.105263157894737,"אפיק"
4303,"נווה אטי""ב",0.0659340659340659,0.0396039603960396,0.0654205607476635,0.175925925925926,0.0818181818181818,0.0505050505050505,0.13265306122449,0.116504854368932,0.125,"נווהאטיב"
4304,"נוב",0.710526315789474,0.561904761904762,0.749287749287749,0.639473684210526,0.656019656019656,0.651515151515151,0.59079283887468,0.73838630806846,0.71566265060241,"נוב"
4501,"ע'ג'ר",0.332247557003257,0.308300395256917,0.141534391534392,0.350877192982456,0.0567612687813022,0.230263157894737,0.275037369207773,0.308056872037915,0.137111517367459,"עגר"
4503,"עין זיוון",0.00854700854700855,0.0252100840336134,0.0608108108108108,0.0909090909090909,0.0268817204301075,0.0327868852459016,0.0320855614973262,0.0490196078431373,0.0695652173913043,"עיןזיוון"
4551,"נאות גולן",0.0493827160493827,0.0752688172043011,0.142201834862385,0.225296442687747,0.0549828178694158,0.0568561872909699,0.0659722222222222,0.111486486486486,0.10062893081761,"נאותגולן"
4701,"רמת מגשימים",0.76,0.652173913043478,0.75,0.644886363636364,0.759103641456583,0.674418604651163,0.703812316715543,0.806267806267806,0.80952380952381,"רמתמגשימים"
4702,"רמות",0.0352112676056338,0.0655172413793104,0.0560747663551402,0.0895061728395062,0.0547550432276657,0.0385756676557863,0.0267062314540059,0.0365853658536585,0.0747126436781609,"רמות"
5000,"תל אביב - יפו",0.121533792426381,0.101897321428571,0.110612043233797,0.15143966787197,0.0714010784713062,0.0785678617421896,0.0750875091252831,0.0974853062094588,0.103842796731328,"תלאביביפו"
6000,"באקה אל-גרביה",NA,0.00198952879581152,0.00307644977695739,0.00139692676112552,0.00597888309375398,0.00221790962018298,0.00364036572976634,0.00164609053497942,0.00155102884913659,"באקהאלגרביה"
6100,"בני ברק",0.863293775412383,0.878706666876862,0.888046096317884,0.868139555589474,0.911815854306555,0.908504908969593,0.913631756358579,0.93736229146994,0.945741914883912,"בניברק"
6200,"בת ים",0.188398154251813,0.157109368684827,0.199968730456535,0.242962289601783,0.121501133927739,0.137555333873683,0.135556759266424,0.180198583460308,0.221459186437437,"בתים"
6300,"גבעתיים",0.0773026315789474,0.0653599235077175,0.0769755613447463,0.141103744848593,0.0528350140951495,0.0562611833035112,0.0528041109240719,0.0788136348777081,0.0691088058469881,"גבעתיים"
6400,"הרצליה",0.107922323423269,0.087934732326843,0.107519918364143,0.16659525716734,0.0701334308170353,0.0792966157929662,0.0755749275071581,0.104873478743337,0.10662586390675,"הרצליה"
6500,"חדרה",0.180629342051492,0.144046275395034,0.191922857587226,0.286589455797523,0.116380774456522,0.134388360666199,0.129540809942862,0.177356837840797,0.210069236002721,"חדרה"
6600,"חולון",0.175220201082375,0.140394655136726,0.178770590253946,0.253429220881016,0.120422116527943,0.143162011394993,0.1408782379831,0.186602277075168,0.222382650204791,"חולון"
6700,"טבריה",0.348652407125356,0.264458169567659,0.366280711663372,0.322023838963351,0.266917660864463,0.285928071445812,0.282910913561566,0.352905261015569,0.424110706999024,"טבריה"
6800,"קרית אתא",0.221163468650742,0.171484782783265,0.232883501067399,0.273608156926297,0.144228571428571,0.157511668135383,0.153749759012917,0.215823152995928,0.251618871415356,"קריתאתא"
6900,"כפר סבא",0.120624267359276,0.095884166196327,0.115817185775954,0.165182286594543,0.0746794926655598,0.0845192340985423,0.0771984167957322,0.116608648018236,0.118833804896051,"כפרסבא"
7000,"לוד",0.203105590062112,0.201310282074613,0.23144074061037,0.213372603083093,0.162685391783699,0.174224194506078,0.166171328671329,0.258969686930595,0.319345540861309,"לוד"
7100,"אשקלון",0.234664246823956,0.166582990260066,0.244217449615109,0.216808656178098,0.146208605931349,0.163834107140322,0.162157287157287,0.21844086815296,0.267329692127931,"אשקלון"
7200,"נס ציונה",0.113151897037136,0.095137178532562,0.109638441363807,0.176549189911475,0.0609230528130387,0.0726320762144713,0.0692549019607843,0.10814651089359,0.12320606552938,"נסציונה"
7300,"נצרת",0.00471086524332267,0.00636942675159236,0.00739938639234795,0.00660514213401648,0.00339209997768355,0.00808506622204046,0.00204941692645191,0.00163680601636806,0.00267022696929239,"נצרת"
7400,"נתניה",0.247617928838071,0.206496491206509,0.245032040908797,0.283375052148519,0.181123931269196,0.211515427255592,0.201279119557592,0.247996951364741,0.274072697999876,"נתניה"
7500,"סח'נין",0.00714830346930995,0.00981469849246231,0.0043780193236715,0.00796996443156369,0.00229115262601339,0.0116771373941546,0.0012876792508048,0.000450740502253703,0.00222165799162118,"סחנין"
7600,"עכו",0.180669181404007,0.138284481208416,0.205580969807868,0.18753157915193,0.0993562949339575,0.118856471509693,0.103893147150338,0.156777156367935,0.198042556563775,"עכו"
7700,"עפולה",0.166299767280961,0.136472688723986,0.19820520800913,0.222280426052034,0.136289823693164,0.154664515881246,0.156111873190062,0.222461189535839,0.273974029581279,"עפולה"
7800,"פרדס חנה-כרכור",0.158994135132964,0.129424617625637,0.152952683702164,0.207173844037668,0.0856108765254513,0.104446839417084,0.10478904311058,0.136054421768707,0.148721886008491,"פרדסחנהכרכור"
7900,"פתח תקווה",0.255312951614891,0.218553157069916,0.243088655862726,0.296768748492886,0.211478005461346,0.223073980567669,0.222010966696834,0.273672931478136,0.292767373367207,"פתחתקווה"
8000,"צפת",0.414795870038837,0.45688056379822,0.445086705202312,0.365481513022497,0.442710560068405,0.410749646393211,0.443988510463685,0.525357115864258,0.595687331536388,"צפת"
8200,"קרית מוצקין",0.10933450687008,0.083533431843369,0.116534500045575,0.202781331242521,0.0619132405309162,0.0750418486914629,0.0690982776089159,0.120303230059328,0.129893307468477,"קריתמוצקין"
8300,"ראשון לציון",0.1146240234375,0.0994483723098438,0.124663927559935,0.203425005442276,0.0764713549209292,0.0875031026880229,0.0857832828114349,0.133578724166766,0.160871683889183,"ראשוןלציון"
8400,"רחובות",0.217478615149935,0.19615239532252,0.221008254622106,0.255195872128218,0.182140170940171,0.186552667578659,0.184102397750926,0.233626952290366,0.260627715826397,"רחובות"
8500,"רמלה",0.248554913294798,0.192591125198098,0.249845774213449,0.225903794442785,0.129987851602654,0.159948987157814,0.15359551198504,0.201798010711553,0.269325238029529,"רמלה"
8600,"רמת גן",0.133931628809497,0.109445897613837,0.126923748472226,0.198728942978643,0.0873023191479552,0.0957780012251078,0.0924263048924172,0.12591105585528,0.131633127449027,"רמתגן"
8700,"רעננה",0.150931430836306,0.127713596546909,0.177799917381479,0.209000513514775,0.149704530531845,0.162435850439883,0.154365304042577,0.210916275623611,0.188975185513705,"רעננה"
8800,"שפרעם",0.0233861785057371,0.00475912975912976,0.00768454552511061,0.0282861896838602,0.0126506024096386,0.00814601580204569,0.00294241277847835,0.00385925085130533,0.00267464815640323,"שפרעם"
8900,"טמרה",0.0590585186784712,0.00513626834381551,0.0220451732673267,0.00597071208597825,0.0328159987645742,0.0108622276772016,0.00737020254408473,0.0022013860578883,0.000903750564844103,"טמרה"
9000,"באר שבע",0.213264429604589,0.161869163680269,0.250902337316466,0.228340864409745,0.14740418065148,0.147739858605306,0.148469768097838,0.21082950565696,0.268302662568361,"בארשבע"
9100,"נהריה",0.157410986556715,0.113674252704222,0.179328751096812,0.221480026195154,0.0928010261343595,0.109940493610379,0.103971778638697,0.163840886860124,0.196636987125496,"נהריה"
9200,"בית שאן",0.433049300060864,0.321372854914197,0.443575553416747,0.332295134786811,0.237326018490298,0.271703853955375,0.263647151898734,0.343036894860311,0.42898300201671,"ביתשאן"
9300,"זכרון יעקב",0.187277755827736,0.159834653806407,0.184851644705659,0.243078769178023,0.155725190839695,0.168460843125976,0.166556782594363,0.198854469183608,0.19058860560277,"זכרוןיעקב"
9400,"יהוד-מונוסון",NA,0.101284796573876,0.134996142967344,0.202840977488865,0.0758592519110696,0.089643880474826,0.0861812778603269,0.132994620442319,0.151508404764555,"יהודמונוסון"
9500,"קרית ביאליק",0.09057330142545,0.0668359978086558,0.10915322969972,0.191991199119912,0.0589250829130889,0.0709390627894054,0.0704231788684764,0.118514727095063,0.134922714173435,"קריתביאליק"
9600,"קרית ים",0.116780045351474,0.0850114234100207,0.137800849457291,0.202867587713051,0.0609948771963422,0.0780716307211867,0.0741789898213943,0.115584685809405,0.159104359834287,"קריתים"
9700,"הוד השרון",0.0931422722620266,0.0624948572368962,0.0853336229680316,0.148640700562018,0.049051724137931,0.0570062309810172,0.054946316816903,0.082878243400017,0.0810219786303493,"הודהשרון"
9800,"בנימינה-גבעת עדה",0.117862223125381,0.0831118199539252,0.100800246229609,0.149906756562903,0.0557377049180328,0.0597471723220226,0.0595800524934383,0.090718954248366,0.0724489795918367,"בנימינהגבעתעדה"
