"SEMEL_YISHUV","locality","2006","2009","2013","2015","2019","2019_2","2020","2021","2022","loc"
7,"שחר",0.168067226890756,0.15547703180212,0.16887417218543,0.153846153846154,0.177897574123989,0.228116710875332,0.20671834625323,0.240793201133144,0.264,"שחר"
10,"תירוש",0.738636363636364,0.602272727272727,0.66497461928934,0.437209302325581,0.382978723404255,0.485714285714286,0.428571428571429,0.475770925110132,0.555970149253731,"תירוש"
11,"ניר ח""ן",0.092485549132948,0.202020202020202,0.143459915611814,0.126436781609195,0.0868055555555556,0.0975609756097561,0.14760147601476,0.180887372013652,0.147157190635452,"נירחן"
13,"חצבה",0.124161073825503,0.104234527687296,0.104347826086957,0.074585635359116,0.0769230769230769,0.101876675603217,0.0997442455242967,0.114583333333333,0.0737100737100737,"חצבה"
15,"נועם",0.590425531914894,0.497435897435897,0.523584905660377,0.267543859649123,0.162790697674419,0.215859030837004,0.209401709401709,0.368663594470046,0.44672131147541,"נועם"
16,"בית ניר",0.0118343195266272,0.00584795321637427,0.0034965034965035,0.0262295081967213,0.0151057401812689,0.0288184438040346,0.0204081632653061,0.0497076023391813,0.0328767123287671,"ביתניר"
18,"שדה משה",0.0904522613065327,0.133064516129032,0.0893470790378007,0.0542372881355932,0.0463576158940397,0.0792079207920792,0.0555555555555556,0.101639344262295,0.133540372670807,"שדהמשה"
21,"באר אורה",NA,NA,0.0434782608695652,0.0619469026548673,0.0797101449275362,0.13189448441247,0.152808988764045,0.162393162393162,0.115384615384615,"באראורה"
22,"מקווה ישראל",0.2421875,0.241935483870968,0.185840707964602,0.194444444444444,0.127450980392157,0.105263157894737,0.0769230769230769,0.173913043478261,0.225225225225225,"מקווהישראל"
23,"אמציה",0.0657894736842105,0.677083333333333,0.694545454545455,0.566929133858268,0.503105590062112,0.433566433566434,0.413533834586466,0.456310679611651,0.326923076923077,"אמציה"
24,"לכיש",0.0396039603960396,0.0602409638554217,0.0477453580901857,0.0320987654320988,0.0369565217391304,0.0453563714902808,0.0454545454545455,0.0683760683760684,0.0430327868852459,"לכיש"
26,"ראש פינה",0.114099429502852,0.142748091603053,0.0947647448641484,0.0915841584158416,0.0833333333333333,0.114070642733063,0.112379807692308,0.163103237629811,0.153569286142771,"ראשפינה"
27,"שדות מיכה",0.489208633093525,0.50625,0.568047337278107,0.333333333333333,0.256410256410256,0.360215053763441,0.351485148514851,0.420765027322404,0.519417475728155,"שדותמיכה"
28,"מזכרת בתיה",0.143593709719,0.164351851851852,0.141041058237416,0.118839311752698,0.110849349039058,0.141220893643801,0.127119693031316,0.172754195459033,0.148414476010845,"מזכרתבתיה"
29,"יסוד המעלה",0.107476635514019,0.12089552238806,0.101631116687578,0.104093567251462,0.0895856662933931,0.119953863898501,0.106861642294713,0.148309705561614,0.130337078651685,"יסודהמעלה"
31,"אופקים",0.586368977673326,0.562281839034607,0.513460642757336,0.501565887737894,0.477613041233311,0.513473266203375,0.499518768046198,0.563931089627099,0.577437975927291,"אופקים"
32,"עוצם",0.698412698412698,0.67843137254902,0.757679180887372,0.574534161490683,0.54320987654321,0.611111111111111,0.549723756906077,0.56,0.595300261096606,"עוצם"
33,"בת שלמה",0.173469387755102,0.143459915611814,0.0934256055363322,0.08125,0.0619718309859155,0.0976331360946746,0.0790960451977401,0.143661971830986,0.0897832817337461,"בתשלמה"
35,"גדות",0.0276497695852535,0.0491071428571429,0.0263157894736842,0.037037037037037,0.024390243902439,0.033195020746888,0.0413223140495868,0.0329218106995885,0.0240963855421687,"גדות"
36,"שדה דוד",0.303867403314917,0.278947368421053,0.435897435897436,0.165829145728643,0.163879598662207,0.236421725239617,0.177710843373494,0.26158940397351,0.32409972299169,"שדהדוד"
37,"איתן",0.751412429378531,0.704663212435233,0.671171171171171,0.122047244094488,0.382022471910112,0.277580071174377,0.307692307692308,0.485185185185185,0.567307692307692,"איתן"
39,"גפן",0.48936170212766,0.345454545454545,0.342541436464088,0.288659793814433,0.183783783783784,0.345971563981043,0.21875,0.296116504854369,0.443946188340807,"גפן"
41,"אליכין",0.53359375,0.40728021978022,0.298329355608592,0.245098039215686,0.186740890688259,0.252028397565923,0.219836400817996,0.283427981414559,0.322677322677323,"אליכין"
43,"מטולה",0.0793650793650794,0.123537061118335,0.0783410138248848,0.10314875135722,0.0715059588299025,0.104441776710684,0.114849187935035,0.146682188591385,0.111519607843137,"מטולה"
44,"זוהר",0.376470588235294,0.441025641025641,0.389189189189189,0.21608040201005,0.192118226600985,0.21608040201005,0.216748768472906,0.273684210526316,0.317204301075269,"זוהר"
46,"יבנאל",0.473135525260626,0.506236243580337,0.538461538461538,0.464709203839639,0.420298507462687,0.501683501683502,0.517660683265779,0.591800356506239,0.613782051282051,"יבנאל"
47,"כפר תבור",0.111455108359133,0.122855181880577,0.108342361863489,0.0921680993314231,0.0606305578011318,0.121299342105263,0.0931473122691834,0.137448559670782,0.129229514879739,"כפרתבור"
48,"מנחמיה",0.370705244122966,0.231800766283525,0.170474516695958,0.0996732026143791,0.09688013136289,0.133671742808799,0.13,0.216931216931217,0.253658536585366,"מנחמיה"
49,"אילניה",0.134199134199134,0.11328125,0.0905797101449275,0.0973154362416107,0.059375,0.116129032258065,0.0950819672131148,0.154340836012862,0.13013698630137,"אילניה"
52,"לוזית",0.48993288590604,0.634328358208955,0.542857142857143,0.322463768115942,0.201863354037267,0.262536873156342,0.25,0.268882175226586,0.33502538071066,"לוזית"
53,"עתלית",0.309512074913751,0.254195661072452,0.166152792052073,0.13737922705314,0.0938848008119767,0.134934389700421,0.127178520960904,0.167150837988827,0.156717907766021,"עתלית"
55,"נוגה",0.102857142857143,0.164772727272727,0.146788990825688,0.0794223826714801,0.115384615384615,0.12589928057554,0.124579124579125,0.14963503649635,0.303405572755418,"נוגה"
57,"כנרת (קבוצה)",0.0645994832041344,0.0739795918367347,0.0367647058823529,0.0547945205479452,0.0214285714285714,0.0478359908883827,0.0617848970251716,0.0904872389791183,0.0636792452830189,"כנרתקבוצה"
58,"מצפה",0.0649350649350649,0.0879120879120879,0.0776699029126214,0.099009900990099,0.029126213592233,0.0531914893617021,0.0434782608695652,0.0941176470588235,0.0941176470588235,"מצפה"
59,"נחושה",0.78448275862069,0.669291338582677,0.645161290322581,0.518099547511312,0.586378737541528,0.630691399662732,0.566343042071197,0.681818181818182,0.409160305343511,"נחושה"
62,"דגניה א'",0.0362537764350453,0.0240963855421687,0.0418994413407821,0.0163934426229508,0.0245231607629428,0.026865671641791,0.0323529411764706,0.0482954545454545,0.0325443786982249,"דגניהא"
63,"כנרת (מושבה)",0.0874524714828897,0.0609318996415771,0.0673076923076923,0.0536723163841808,0.0580474934036939,0.0609418282548476,0.0557029177718833,0.105691056910569,0.103448275862069,"כנרתמושבה"
64,"יד רמב""ם",0.36150234741784,0.352577319587629,0.3690036900369,0.203947368421053,0.14308426073132,0.195924764890282,0.160849772382398,0.219709208400646,0.315946348733234,"ידרמבם"
65,"מגדל",0.504347826086956,0.44336569579288,0.358592692828146,0.239485981308411,0.229367631296892,0.259340659340659,0.277301927194861,0.334080717488789,0.411885245901639,"מגדל"
66,"מרחביה (קיבוץ)",0.0547112462006079,0.0955882352941176,0.0505050505050505,0.0829346092503987,0.0785824345146379,0.103610675039246,0.0972644376899696,0.14630467571644,0.0972222222222222,"מרחביהקיבוץ"
67,"אור הנר",0.008,0.0462633451957295,0.0203562340966921,0.0203160270880361,0.0243407707910751,0.0572033898305085,0.0362473347547974,0.101871101871102,0.0602910602910603,"אורהנר"
69,"ניר עוז",0.00423728813559322,0.0299145299145299,0.0274509803921569,0.0298507462686567,0.00809716599190283,0.0267857142857143,0.0454545454545455,0.0625,0.0543933054393305,"נירעוז"
70,"אשדוד",0.507209619087878,0.523518612306913,0.343106687065476,0.385749494271353,0.392555485861094,0.470015173460239,0.452843503175507,0.469156050089705,0.485338882487489,"אשדוד"
71,"אשבול",0.215686274509804,0.281879194630872,0.377659574468085,0.168888888888889,0.156739811912226,0.162939297124601,0.182389937106918,0.271241830065359,0.304733727810651,"אשבול"
72,"גן שמואל",0.00818330605564648,0.00658978583196046,0.00627943485086342,0.00447093889716841,0.00447093889716841,0.00730994152046784,0.00594353640416048,0.00589970501474926,0.00902255639097744,"גןשמואל"
74,"עין הוד",0.0610328638497653,0.0423728813559322,0.0559440559440559,0.0386904761904762,0.018970189701897,0.0588235294117647,0.0428571428571429,0.0896358543417367,0.0510510510510511,"עיןהוד"
76,"כפר גלעדי",0.0537313432835821,0.0579710144927536,0.0285714285714286,0.0469613259668508,0.0335195530726257,0.0647887323943662,0.0473537604456825,0.0646067415730337,0.0451977401129944,"כפרגלעדי"
77,"איילת השחר",0.0477099236641221,0.104868913857678,0.0318791946308725,0.0473537604456825,0.0286195286195286,0.068904593639576,0.0581196581196581,0.0731707317073171,0.086734693877551,"איילתהשחר"
78,"קרית ענבים",0.0341463414634146,0.0386473429951691,0.0241545893719807,0.0436681222707424,0.0272727272727273,0.0574162679425837,0.0439024390243902,0.0616113744075829,0.0388349514563107,"קריתענבים"
79,"דגניה ב'",0.0434782608695652,0.0686274509803922,0.0266666666666667,0.0297029702970297,0.0235849056603774,0.0373134328358209,0.0372208436724566,0.0638820638820639,0.0347394540942928,"דגניהב"
80,"נהלל",0.079136690647482,0.0519187358916479,0.0251572327044025,0.0366795366795367,0.0146788990825688,0.0609318996415771,0.0392156862745098,0.0600343053173242,0.0501618122977346,"נהלל"
82,"עין חרוד (מאוחד)",0.0770975056689342,0.0782241014799154,0.0717299578059072,0.062111801242236,0.0450819672131148,0.0663983903420523,0.0625,0.101214574898785,0.048728813559322,"עיןחרודמאוחד"
84,"תל יוסף",0.0346320346320346,0.072289156626506,0.0656934306569343,0.0588235294117647,0.0313588850174216,0.0625,0.0649819494584837,0.0688405797101449,0.0573476702508961,"תליוסף"
85,"כפר יחזקאל",0.0474860335195531,0.0435779816513761,0.0388349514563107,0.0436363636363636,0.036144578313253,0.0769230769230769,0.0556492411467116,0.0899830220713073,0.066334991708126,"כפריחזקאל"
86,"גבע",0.0193370165745856,0.0350404312668464,0.00530503978779841,0.020671834625323,0.00530503978779841,0.0184210526315789,0.0132978723404255,0.0443864229765013,0.0170940170940171,"גבע"
89,"עין חרוד (איחוד)",0.037037037037037,0.0390625,0.0321782178217822,0.0268292682926829,0.010126582278481,0.0533333333333333,0.0372340425531915,0.073490813648294,0.0606060606060606,"עיןחרודאיחוד"
90,"חפצי-בה",0.0193050193050193,0.0310077519379845,0.023728813559322,0.0132013201320132,0.0381861575178998,0.0556844547563805,0.0484261501210654,0.0851581508515815,0.0904645476772616,"חפציבה"
92,"גיניגר",0.0378787878787879,0.0675675675675676,0.0304709141274238,0.0341207349081365,0.0203045685279188,0.031413612565445,0.0318302387267905,0.0673575129533679,0.0637119113573407,"גיניגר"
94,"בלפוריה",0.0685714285714286,0.125,0.1285140562249,0.125461254612546,0.0833333333333333,0.161490683229814,0.0911854103343465,0.166163141993958,0.125,"בלפוריה"
95,"בית אלפא",0.0207792207792208,0.0196629213483146,0.0183908045977011,0.0347648261758691,0.0233644859813084,0.0568720379146919,0.0506024096385542,0.070048309178744,0.0331384015594542,"ביתאלפא"
96,"יגור",0.0275,0.0311778290993072,0.0191873589164786,0.0370786516853933,0.0215285252960172,0.0374732334047109,0.0271444082519001,0.0540242557883131,0.0438202247191011,"יגור"
97,"מרחביה (מושב)",0.0593471810089021,0.0930232558139535,0.0678851174934726,0.065989847715736,0.0571428571428571,0.0731132075471698,0.0806451612903226,0.121212121212121,0.108294930875576,"מרחביהמושב"
98,"כפר מל""ל",0.0185185185185185,0.0405405405405405,0.0223214285714286,0.0423728813559322,0.0168776371308017,0.0258620689655172,0.0672645739910314,0.0852017937219731,0.0428571428571429,"כפרמלל"
99,"מצפה רמון",0.391865079365079,0.434239130434783,0.238911290322581,0.207106124357176,0.31021377672209,0.299759036144578,0.28957345971564,0.37741935483871,0.379837067209776,"מצפהרמון"
102,"מאיר שפיה",0.128205128205128,0.3,0.134615384615385,0.0612244897959184,0.0555555555555556,0.161290322580645,0.134615384615385,0.142857142857143,0.226415094339623,"מאירשפיה"
103,"תל עדשים",0.121739130434783,0.123076923076923,0.0871985157699443,0.0702614379084967,0.0550595238095238,0.0928462709284627,0.08,0.138438880706922,0.0855855855855856,"תלעדשים"
104,"מזרע",0.0113378684807256,0.0279569892473118,0.0105263157894737,0.0273684210526316,0.018,0.0328542094455852,0.0201207243460765,0.0236686390532544,0.032719836400818,"מזרע"
106,"כפר גדעון",0.71304347826087,0.727272727272727,0.640350877192982,0.569230769230769,0.572413793103448,0.657142857142857,0.597014925373134,0.696296296296296,0.74,"כפרגדעון"
107,"כפר סילבר",0.0588235294117647,0.147540983606557,0.160714285714286,0.235294117647059,0.0294117647058824,0.0571428571428571,0.0588235294117647,0.25,0.107142857142857,"כפרסילבר"
112,"כפר חסידים א'",0.408955223880597,0.375350140056022,0.365482233502538,0.336734693877551,0.290816326530612,0.316326530612245,0.29305912596401,0.383631713554987,0.300791556728232,"כפרחסידיםא"
113,"אדירים",0.496688741721854,0.581699346405229,0.632258064516129,0.5375,0.342857142857143,0.445026178010471,0.333333333333333,0.45,0.556818181818182,"אדירים"
115,"חופית",0.0344827586206897,0.025390625,0.032015065913371,0.0272232304900181,0.0210727969348659,0.0652591170825336,0.0403846153846154,0.0891608391608392,0.0369718309859155,"חופית"
122,"רמת ישי",0.0952201731275875,0.139427516158818,0.0795627859684799,0.0824594852240229,0.0561534861956013,0.105250596658711,0.0847897968823807,0.126750700280112,0.115729047072331,"רמתישי"
126,"שריד",0.0141509433962264,0.030952380952381,0.0136186770428016,0.0341555977229602,0.0201834862385321,0.0641025641025641,0.0445269016697588,0.0617977528089888,0.0357142857142857,"שריד"
127,"רמת רחל",0.0852017937219731,0.0762331838565022,0.0693877551020408,0.0386100386100386,0.0246478873239437,0.0633802816901408,0.0448275862068966,0.09375,0.0777385159010601,"רמתרחל"
128,"גת רימון",0.0977443609022556,0.145038167938931,0.1,0.0526315789473684,0.0547945205479452,0.115646258503401,0.0743243243243243,0.114649681528662,0.0774647887323944,"גתרימון"
130,"משמר העמק",0.00341880341880342,0.0135363790186125,0.00451807228915663,0.00741839762611276,0.0111888111888112,0.0125173852573018,0.0111888111888112,0.0219178082191781,0.0252454417952314,"משמרהעמק"
132,"כפר ברוך",0.0684931506849315,0.12,0.0562770562770563,0.06640625,0.0278745644599303,0.0515463917525773,0.0522648083623693,0.099290780141844,0.107462686567164,"כפרברוך"
133,"גבת",0.0355555555555556,0.0302375809935205,0.0198807157057654,0.0205607476635514,0.0108695652173913,0.0161001788908766,0.0181488203266788,0.027124773960217,0.0299295774647887,"גבת"
134,"יפעת",0.0340136054421769,0.0614035087719298,0.0234833659491194,0.0235507246376812,0.0184254606365159,0.0512,0.0429252782193959,0.0758293838862559,0.0601851851851852,"יפעת"
135,"רמת דוד",0.0336134453781513,0.0466101694915254,0.0681003584229391,0.0337078651685393,0.039568345323741,0.0384615384615385,0.0280701754385965,0.0513698630136986,0.0557377049180328,"רמתדוד"
139,"עין שמר",0.00968523002421308,0.0365853658536585,0.0212765957446809,0.0319634703196347,0.00932400932400932,0.0421545667447307,0.0304449648711944,0.033175355450237,0.0433839479392625,"עיןשמר"
140,"כפר יהושע",0.0306603773584906,0.0374449339207048,0.0162748643761302,0.0461538461538462,0.03003003003003,0.0489296636085627,0.0657698056801196,0.0791476407914764,0.0431654676258993,"כפריהושע"
141,"ברק",0.12962962962963,0.181818181818182,0.123762376237624,0.138392857142857,0.0694444444444444,0.0973451327433628,0.0871559633027523,0.104477611940299,0.200913242009132,"ברק"
142,"שדה יעקב",0.644366197183099,0.636363636363636,0.614349775784753,0.53276955602537,0.450396825396825,0.5,0.473053892215569,0.517786561264822,0.381226053639847,"שדהיעקב"
143,"בית זרע",0.0407124681933842,0.0503978779840849,0.0126903553299492,0.027363184079602,0.0208333333333333,0.0453333333333333,0.0268817204301075,0.0656167979002625,0.0328282828282828,"ביתזרע"
144,"גן שלמה",0.0111111111111111,0.0144404332129964,0.0247349823321555,0.026578073089701,0.0151975683890578,0.0188679245283019,0.021671826625387,0.0483383685800604,0.028125,"גןשלמה"
145,"גדיש",0.392405063291139,0.395348837209302,0.329411764705882,0.171875,0.108247422680412,0.132978723404255,0.138095238095238,0.144278606965174,0.220095693779904,"גדיש"
146,"דבורה",0.0915492957746479,0.148936170212766,0.0853658536585366,0.0683229813664596,0.0124223602484472,0.0909090909090909,0.0584415584415584,0.146853146853147,0.0863309352517986,"דבורה"
147,"גבעת ברנר",0.0304878048780488,0.0338983050847458,0.0294339622641509,0.0390279823269514,0.0247524752475248,0.0497159090909091,0.0413642960812772,0.0670430486944248,0.0476524176594254,"גבעתברנר"
154,"תל מונד",0.162925598991173,0.147568013190437,0.12351976680634,0.0903401797175866,0.0778375318426267,0.128936170212766,0.107757404795487,0.135318559556787,0.121021560574949,"תלמונד"
155,"באר טוביה",0.0446009389671361,0.0416666666666667,0.0374753451676529,0.0295748613678373,0.0378548895899054,0.0542168674698795,0.0514820592823713,0.0915915915915916,0.0833333333333333,"בארטוביה"
156,"עיינות",0.0625,0.147058823529412,0.0740740740740741,0.0588235294117647,0.132075471698113,0.132075471698113,0.1,0.170731707317073,0.173913043478261,"עיינות"
157,"עין ורד",0.0371681415929204,0.0553846153846154,0.03125,0.0390995260663507,0.0305429864253394,0.0524515393386545,0.0437869822485207,0.0906077348066298,0.0456100342075257,"עיןורד"
158,"נען",0.0258397932816537,0.0370843989769821,0.0255555555555556,0.0322222222222222,0.0262361251261352,0.0397959183673469,0.0401203610832497,0.0511022044088176,0.0474268415741675,"נען"
159,"בית חנן",0.0306748466257669,0.0453257790368272,0.0283505154639175,0.0378151260504202,0.0244498777506112,0.0668316831683168,0.0497512437810945,0.1025,0.0503978779840849,"ביתחנן"
160,"חולדה",0.0416666666666667,0.0761904761904762,0.0448979591836735,0.0464037122969838,0.0359848484848485,0.053639846743295,0.0448598130841121,0.0448598130841121,0.0706521739130435,"חולדה"
162,"חירות",0.0207612456747405,0.0398773006134969,0.0198863636363636,0.0336134453781513,0.024869109947644,0.0461133069828722,0.0452729693741678,0.0677290836653386,0.0240963855421687,"חירות"
163,"תימורים",0.024024024024024,0.0401002506265664,0.0486725663716814,0.0451612903225806,0.0503018108651912,0.0672268907563025,0.0606060606060606,0.0894854586129754,0.0641592920353982,"תימורים"
164,"מלאה",0.33125,0.353293413173653,0.318407960199005,0.217391304347826,0.15625,0.190697674418605,0.168103448275862,0.237442922374429,0.334883720930233,"מלאה"
165,"ניר יפה",0.0523809523809524,0.136792452830189,0.151515151515152,0.0944625407166124,0.0568561872909699,0.10738255033557,0.0953846153846154,0.136075949367089,0.186186186186186,"ניריפה"
166,"גן יבנה",0.258542332940582,0.247574055158325,0.212770318745516,0.160772578890098,0.129148570023765,0.190240685789647,0.169505271695053,0.221743096442491,0.231557537354299,"גןיבנה"
167,"עין החורש",0.012396694214876,0.0177514792899408,0.00196463654223969,0.00936329588014981,0.00535714285714286,0.0108108108108108,0.0147329650092081,0.015180265654649,0.0220588235294118,"עיןהחורש"
168,"כפר יונה",0.226707514867544,0.204716579059526,0.159338878686399,0.12677668606315,0.0963674836889438,0.159491701244813,0.143743793445879,0.182517426488262,0.193764076576577,"כפריונה"
170,"כפר יעבץ",0.570422535211268,0.391304347826087,0.532544378698225,0.344919786096257,0.244505494505494,0.29810298102981,0.308510638297872,0.428571428571429,0.438746438746439,"כפריעבץ"
171,"פרדסיה",0.148671955846844,0.124923453766075,0.0949008498583569,0.0766929562143051,0.0579937304075235,0.112791932059448,0.0978001590246488,0.139402911423637,0.11720356408499,"פרדסיה"
173,"גבעת חיים (מאוחד)",0.0380165289256198,0.0466988727858293,0.0207407407407407,0.032258064516129,0.0280649926144756,0.0417287630402385,0.0464767616191904,0.0550595238095238,0.0492537313432836,"גבעתחייםמאוחד"
174,"נטעים",0.0581395348837209,0.0996677740863787,0.0589812332439678,0.0631578947368421,0.0509708737864078,0.0702179176755448,0.0702576112412178,0.114942528735632,0.0765765765765766,"נטעים"
175,"אביחיל",0.0549084858569052,0.0596125186289121,0.052924791086351,0.040983606557377,0.0349462365591398,0.0724043715846995,0.0504774897680764,0.098250336473755,0.0677233429394813,"אביחיל"
176,"אפיקים",0.023598820058997,0.0575221238938053,0.0286123032904149,0.0443213296398892,0.0255376344086022,0.0463483146067416,0.0355677154582763,0.0702479338842975,0.0553191489361702,"אפיקים"
177,"כפר ביל""ו",0.0521415270018622,0.0570469798657718,0.0333333333333333,0.0441176470588235,0.0401146131805158,0.0661764705882353,0.0608695652173913,0.0791788856304985,0.0919881305637982,"כפרבילו"
178,"רמת יוחנן",0.0334928229665072,0.0792291220556745,0.0455407969639469,0.0516934046345811,0.0309278350515464,0.0570409982174688,0.0556521739130435,0.0683012259194396,0.0618556701030928,"רמתיוחנן"
182,"אבן יהודה",0.134033613445378,0.126151532242903,0.0900887573964497,0.071596082218237,0.0527638190954774,0.100533333333333,0.0784937682312384,0.105471847739889,0.0922916937475627,"אבןיהודה"
183,"ירקונה",0.0316455696202532,0.0643564356435644,0.0280373831775701,0.0341880341880342,0.0214592274678112,0.0484581497797357,0.0311111111111111,0.0779220779220779,0.0357142857142857,"ירקונה"
184,"רמת הכובש",0.0289156626506024,0.0396270396270396,0.0176991150442478,0.0269151138716356,0.0295275590551181,0.0399239543726236,0.0319548872180451,0.0573613766730402,0.0340264650283554,"רמתהכובש"
186,"נעורים",0.115384615384615,0.192982456140351,0.0810810810810811,0.113924050632911,0.08,0.111111111111111,0.164383561643836,0.164179104477612,0.19672131147541,"נעורים"
187,"כפר הס",0.0213903743315508,0.0387596899224806,0.0280504908835905,0.0226063829787234,0.00995024875621891,0.0320987654320988,0.0224719101123595,0.0480295566502463,0.0269277845777234,"כפרהס"
188,"אשדות יעקב  (מאוח",0.0593220338983051,0.0766129032258065,0.0638297872340425,0.0675675675675676,0.0458452722063037,0.0843023255813953,0.107734806629834,0.0994475138121547,0.106699751861042,"אשדותיעקבמאוח"
189,"כפר פינס",0.816239316239316,0.752895752895753,0.714776632302406,0.606060606060606,0.681528662420382,0.708609271523179,0.65814696485623,0.763934426229508,0.628205128205128,"כפרפינס"
190,"כפר ויתקין",0.0261066969353008,0.0343680709534368,0.0367577756833176,0.0240295748613678,0.0203327171903882,0.0359508041627247,0.0349056603773585,0.0604343720491029,0.0351377018043685,"כפרויתקין"
191,"הדר עם",0.0387323943661972,0.0477815699658703,0.0338028169014084,0.0425531914893617,0.0258823529411765,0.0702179176755448,0.0436893203883495,0.107579462102689,0.0595238095238095,"הדרעם"
192,"כפר החורש",0.0477941176470588,0.105084745762712,0.0340557275541796,0.0634441087613293,0.032520325203252,0.092436974789916,0.0740740740740741,0.087431693989071,0.0828877005347594,"כפרהחורש"
193,"כפר חיים",0.0472972972972973,0.0569620253164557,0.033033033033033,0.049079754601227,0.0276923076923077,0.0211480362537764,0.0260115606936416,0.0414201183431953,0.0177514792899408,"כפרחיים"
194,"משמר השרון",0.0274914089347079,0.0380622837370242,0.0122324159021407,0.0116279069767442,0.0204081632653061,0.0344827586206897,0.0286532951289398,0.0561797752808989,0.0419161676646707,"משמרהשרון"
195,"קדימה-צורן",NA,0.18790611324758,0.13365942441133,0.127810766085856,0.0995256576110392,0.145050609023846,0.130185612864597,0.164838930774503,0.159672295602742,"קדימהצורן"
196,"גיבתון",0.0727272727272727,0.0982658959537572,0.0641711229946524,0.0569948186528497,0.06,0.0917874396135266,0.0601851851851852,0.123348017621145,0.0925925925925926,"גיבתון"
197,"מעברות",0.0153550863723608,0.0273224043715847,0.00706713780918728,0.0120481927710843,0.0154109589041096,0.0229276895943563,0.0177304964539007,0.0444444444444444,0.0218579234972678,"מעברות"
198,"צופית",0.0484210526315789,0.0784671532846715,0.0458404074702886,0.04,0.0201342281879195,0.0387858347386172,0.0351758793969849,0.0762987012987013,0.0605095541401274,"צופית"
199,"אשדות יעקב  (איחו",0.0616438356164384,0.059375,0.0477453580901857,0.0602678571428571,0.026694045174538,0.0735294117647059,0.0700636942675159,0.117043121149897,0.0672268907563025,"אשדותיעקבאיחו"
200,"בית ינאי",0.0360824742268041,0.021505376344086,0.00442477876106195,0.0315315315315315,0.0102040816326531,0.0362694300518135,0.0104166666666667,0.0625,0.0199004975124378,"ביתינאי"
202,"בית עובד",0.0334928229665072,0.0261780104712042,0.0198019801980198,0.0222222222222222,0.0222222222222222,0.0421052631578947,0.0160427807486631,0.0890052356020942,0.027027027027027,"ביתעובד"
204,"אלישיב",0.481617647058824,0.364548494983278,0.257971014492754,0.162790697674419,0.125340599455041,0.196022727272727,0.16,0.233695652173913,0.23342175066313,"אלישיב"
205,"חגלה",0.0657894736842105,0.0524691358024691,0.0420168067226891,0.037037037037037,0.0269607843137255,0.0399002493765586,0.0326633165829146,0.0738916256157636,0.0413625304136253,"חגלה"
206,"רמות השבים",0.039344262295082,0.0347826086956522,0.0365408038976857,0.0323383084577114,0.0316027088036117,0.0685714285714286,0.061867266591676,0.0753275109170306,0.0541436464088398,"רמותהשבים"
207,"גבעת ח""ן",0.0515021459227468,0.0617283950617284,0.0306513409961686,0.0281124497991968,0.0311284046692607,0.036144578313253,0.0443548387096774,0.0864197530864197,0.0297872340425532,"גבעתחן"
208,"מוצא עילית",0.0816777041942605,0.0709046454767726,0.0481171548117155,0.0596421471172962,0.030441400304414,0.0716510903426791,0.0529500756429652,0.0843558282208589,0.0731995277449823,"מוצאעילית"
213,"משמרות",0.0268456375838926,0.0338983050847458,0.0214592274678112,0.0410958904109589,0.0266075388026608,0.0342612419700214,0.0425101214574899,0.0711610486891386,0.0395869191049914,"משמרות"
217,"כפר הרא""ה",0.759036144578313,0.676706827309237,0.699472759226713,0.569282136894825,0.57312925170068,0.614457831325301,0.586505190311419,0.673575129533679,0.47098976109215,"כפרהראה"
218,"גני עם",0.032258064516129,0.0529801324503311,0.0333333333333333,0.03125,0.0117647058823529,0.0778443113772455,0.0479041916167665,0.104046242774566,0.0352941176470588,"גניעם"
219,"חיבת ציון",0.243346007604563,0.187074829931973,0.195266272189349,0.165697674418605,0.15702479338843,0.171662125340599,0.175487465181058,0.225728155339806,0.134117647058824,"חיבתציון"
220,"כפר ביאליק",0.075187969924812,0.194945848375451,0.0701754385964912,0.0883280757097792,0.0831024930747922,0.0916666666666667,0.0654761904761905,0.106707317073171,0.0852272727272727,"כפרביאליק"
223,"עין עירון",0.0311111111111111,0.0364372469635627,0.0337837837837838,0.0276923076923077,0.0116618075801749,0.0181818181818182,0.0188087774294671,0.0823170731707317,0.034375,"עיןעירון"
224,"שושנת העמקים",NA,0.283524904214559,0.211726384364821,0.133928571428571,0.123809523809524,0.173633440514469,0.17981072555205,0.230769230769231,0.227129337539432,"שושנתהעמקים"
225,"גן השומרון",0.028735632183908,0.0806451612903226,0.0678733031674208,0.0376106194690266,0.023109243697479,0.0458167330677291,0.0534979423868313,0.0668058455114822,0.0313152400835073,"גןהשומרון"
229,"גני תקווה",0.251114870059972,0.234512635379061,0.202570379436965,0.168494953927161,0.145140781108084,0.19140764558771,0.171116928446771,0.200085251491901,0.182934508816121,"גניתקווה"
230,"מעש",0.10762331838565,0.113207547169811,0.0785854616895874,0.0715596330275229,0.0646950092421442,0.110280373831776,0.0847457627118644,0.128352490421456,0.115853658536585,"מעש"
232,"שפיים",0.00856164383561644,0.0194489465153971,0.0131964809384164,0.0112359550561798,0.00776196636481242,0.0278145695364238,0.0198412698412698,0.0394904458598726,0.0172413793103448,"שפיים"
233,"כפר ידידיה",0.0139372822299652,0.0422535211267606,0.0298507462686567,0.0251256281407035,0.0151515151515152,0.0253807106598985,0.0175879396984925,0.0411311053984576,0.0287206266318538,"כפרידידיה"
234,"ביצרון",0.0443159922928709,0.0486111111111111,0.0527156549520767,0.0405405405405405,0.0414285714285714,0.0489208633093525,0.0450070323488045,0.0754985754985755,0.0719754977029096,"ביצרון"
235,"חבצלת השרון",0.163265306122449,0.15948275862069,0.11353711790393,0.0821917808219178,0.103139013452915,0.11214953271028,0.120535714285714,0.131455399061033,0.143540669856459,"חבצלתהשרון"
237,"שער העמקים",0.0102564102564103,0.0198019801980198,0.00237529691211401,0.00688073394495413,0.0046189376443418,0.0458715596330275,0.0205949656750572,0.0675675675675676,0.0301624129930394,"שערהעמקים"
239,"גן חיים",0.0305555555555556,0.0690537084398977,0.0490654205607477,0.0569476082004556,0.0296127562642369,0.0623556581986143,0.0568720379146919,0.0679156908665105,0.0581395348837209,"גןחיים"
240,"יקנעם עילית",0.310676025120059,0.328060522696011,0.141334145598538,0.217781402936378,0.164377963053785,0.228786773644542,0.207454909819639,0.24722289791616,0.235701361025883,"יקנעםעילית"
241,"יקנעם (מושבה)",0.07223113964687,0.0725925925925926,0.0622462787550744,0.0541611624834875,0.0498084291187739,0.072632944228275,0.0559345156889495,0.0757381258023107,0.059445178335535,"יקנעםמושבה"
242,"בית השיטה",0.0431177446102819,0.0561797752808989,0.0323033707865169,0.0510752688172043,0.0349288486416559,0.0535947712418301,0.0489417989417989,0.0927152317880795,0.0655737704918033,"ביתהשיטה"
246,"נתיבות",0.729378869582584,0.67753190707924,0.616118769883351,0.431212764500445,0.57219219575934,0.583511591605481,0.583217945167544,0.638550774329962,0.671560066084494,"נתיבות"
247,"רשפון",0.0394736842105263,0.0391156462585034,0.0434131736526946,0.0264705882352941,0.0176470588235294,0.0589101620029455,0.0294985250737463,0.0716374269005848,0.0400593471810089,"רשפון"
248,"בית שערים",0.0811594202898551,0.0877659574468085,0.0494791666666667,0.0759803921568627,0.029023746701847,0.0549738219895288,0.0353535353535354,0.0866141732283465,0.0841836734693878,"ביתשערים"
249,"כפר סירקין",0.0542056074766355,0.0653266331658292,0.0434782608695652,0.0387481371087928,0.0400516795865633,0.0646766169154229,0.0656370656370656,0.0929936305732484,0.0681818181818182,"כפרסירקין"
250,"הזורע",0.0140105078809107,0.0172413793103448,0.0157894736842105,0.0307167235494881,0.0193236714975845,0.046031746031746,0.0360655737704918,0.0614173228346457,0.0353697749196141,"הזורע"
252,"ביתן אהרן",0.0506607929515418,0.0333333333333333,0.0103092783505155,0.0217391304347826,0.0735294117647059,0.16,0.103896103896104,0.153846153846154,0.103448275862069,"ביתןאהרן"
253,"חולתה",0.0452674897119342,0.0561797752808989,0.0294117647058824,0.0675675675675676,0.0372670807453416,0.0572289156626506,0.0718562874251497,0.104477611940299,0.0773638968481375,"חולתה"
254,"כפר המכבי",0.0289017341040462,0.0282485875706215,0.0609137055837563,0.025,0,0.0518867924528302,0.0325581395348837,0.055045871559633,0.0468085106382979,"כפרהמכבי"
255,"כפר חיטים",0.0883977900552486,0.117424242424242,0.130841121495327,0.0535211267605634,0.0524781341107872,0.111764705882353,0.0668604651162791,0.116279069767442,0.144508670520231,"כפרחיטים"
256,"ניר דוד (תל עמל)",0.00731707317073171,0.0124688279301746,0.0116009280742459,0.0112612612612613,0.0104384133611691,0.0417582417582418,0.0319148936170213,0.050314465408805,0.0328227571115974,"נירדודתלעמל"
257,"נופך",0.260869565217391,0.228723404255319,0.233183856502242,0.178707224334601,0.0984126984126984,0.145962732919255,0.123076923076923,0.222222222222222,0.206686930091185,"נופך"
259,"שדה נחום",0.0314465408805031,0.0424242424242424,0.0689655172413793,0.0674157303370786,0.0443864229765013,0.0533333333333333,0.0401002506265664,0.11264367816092,0.114688128772636,"שדהנחום"
262,"גינוסר",0.0578778135048231,0.0627177700348432,0.036697247706422,0.0491803278688525,0.0206185567010309,0.032,0.0243243243243243,0.0967741935483871,0.0692307692307692,"גינוסר"
263,"מסדה",0.0694444444444444,0.103225806451613,0.0127388535031847,0.0597826086956522,0.027027027027027,0.0457142857142857,0.0523255813953488,0.122093023255814,0.0786516853932584,"מסדה"
264,"שער הגולן",0.0191256830601093,0.024390243902439,0.00802139037433155,0.0319148936170213,0.0177664974619289,0.0247933884297521,0.0219178082191781,0.0357142857142857,0.0260115606936416,"שערהגולן"
265,"בית יוסף",0.590361445783133,0.453488372093023,0.485875706214689,0.256544502617801,0.113725490196078,0.151020408163265,0.168,0.215962441314554,0.32089552238806,"ביתיוסף"
267,"כפר שמריהו",0.0454985479186834,0.0513059701492537,0.0504424778761062,0.0383973288814691,0.0379851362510322,0.0848896434634974,0.054251012145749,0.100649350649351,0.0699919549477072,"כפרשמריהו"
268,"טירת צבי",0.646276595744681,0.588688946015424,0.626794258373206,0.571084337349398,0.513126491646778,0.566233766233766,0.495,0.621287128712871,0.318396226415094,"טירתצבי"
269,"מולדת",0.0425531914893617,0.0636942675159236,0.046242774566474,0.0401459854014599,0.0430622009569378,0.06282722513089,0.0532445923460899,0.0658978583196046,0.0629139072847682,"מולדת"
270,"עין השופט",0.0126582278481013,0.0225872689938398,0.0152091254752852,0.0407407407407407,0.0283018867924528,0.0590476190476191,0.0379506641366224,0.0614525139664804,0.0599250936329588,"עיןהשופט"
272,"מעוז חיים",0.043046357615894,0.0424028268551237,0.0452830188679245,0.0244755244755245,0.0162866449511401,0.0208333333333333,0.02,0.068259385665529,0.0594059405940594,"מעוזחיים"
273,"עין גב",0.0705128205128205,0.0546075085324232,0.0577617328519856,0.0410094637223975,0.0244648318042813,0.0378548895899054,0.0248447204968944,0.0595611285266458,0.07,"עיןגב"
274,"כפר מנחם",0.0175438596491228,0.0154867256637168,0.0206022187004754,0.0243111831442464,0.0133928571428571,0.056547619047619,0.0345864661654135,0.0432190760059613,0.0378457059679767,"כפרמנחם"
276,"צור משה",0.0522243713733075,0.053127677806341,0.0448765893792072,0.0471556886227545,0.0367491166077739,0.0614954577218728,0.0614525139664804,0.0835044490075291,0.0528097494922139,"צורמשה"
278,"אושה",0.0099009900990099,0.037914691943128,0.0043859649122807,0.032258064516129,0.0185873605947955,0.0383141762452107,0.0384615384615385,0.0543478260869565,0.0627177700348432,"אושה"
280,"חניתה",0.0546623794212219,0.0422960725075529,0.0268948655256724,0.0350877192982456,0.0230179028132992,0.0387096774193548,0.0332594235033259,0.0538116591928251,0.0559284116331096,"חניתה"
281,"פקיעין חדשה",0.321428571428571,0.476470588235294,0.571428571428571,0.36231884057971,0.289156626506024,0.308880308880309,0.315985130111524,0.37890625,0.430604982206406,"פקיעיןחדשה"
282,"שבי ציון",0.0629370629370629,0.0657596371882086,0.0699815837937385,0.0570902394106814,0.0543130990415335,0.10586319218241,0.0702614379084967,0.1456,0.0784,"שביציון"
284,"שדה ורבורג",0.0411214953271028,0.0421585160202361,0.0329815303430079,0.0339869281045752,0.0218790218790219,0.0377867746288799,0.0368852459016393,0.0583554376657825,0.0491132332878581,"שדהורבורג"
285,"אלונים",0.0176470588235294,0.0606936416184971,0.0284237726098191,0.0248138957816377,0.0277777777777778,0.0429292929292929,0.0293333333333333,0.0656565656565657,0.0381679389312977,"אלונים"
286,"מעלה החמישה",0.0229357798165138,0.0472103004291846,0.0180505415162455,0.0286532951289398,0.0359897172236504,0.0372208436724566,0.0314769975786925,0.0581113801452785,0.033175355450237,"מעלההחמישה"
287,"תל יצחק",0.0315457413249211,0.0399201596806387,0.0310786106032907,0.037037037037037,0.0297951582867784,0.0641509433962264,0.0446601941747573,0.0947867298578199,0.0616740088105727,"תליצחק"
288,"בית יהושע",0.0895140664961637,0.0840336134453782,0.0583657587548638,0.0396975425330813,0.0492700729927007,0.0601503759398496,0.0430711610486891,0.0718038528896672,0.0569948186528497,"ביתיהושע"
289,"עין המפרץ",0.00426439232409382,0.0127931769722814,0.00793650793650794,0.0117878192534381,0.00904159132007233,0.0191570881226054,0.0128913443830571,0.0294117647058824,0.0242085661080074,"עיןהמפרץ"
290,"מעין צבי",0.014367816091954,0.0417827298050139,0.0259433962264151,0.0271493212669683,0.0274261603375527,0.0386965376782077,0.0355648535564854,0.0714285714285714,0.0478170478170478,"מעיןצבי"
292,"שרונה",0.072992700729927,0.120401337792642,0.0530973451327434,0.0838150289017341,0.0371428571428571,0.0578034682080925,0.0695652173913043,0.109792284866469,0.0903614457831325,"שרונה"
293,"שדה יואב",0.0072992700729927,0.00662251655629139,0.0144927536231884,0.031390134529148,0.0272108843537415,0.0465116279069767,0.0324675324675325,0.0551948051948052,0.0463576158940397,"שדהיואב"
294,"אילון",0.0300925925925926,0.0927272727272727,0.0458553791887125,0.0526315789473684,0.0423861852433281,0.0687397708674304,0.0516962843295638,0.0996732026143791,0.0658307210031348,"אילון"
295,"כפר רופין",0.0210084033613445,0.0449438202247191,0.0371747211895911,0.0522388059701493,0.0520446096654275,0.0634920634920635,0.0722433460076046,0.0915492957746479,0.0703703703703704,"כפררופין"
296,"נווה איתן",0.0163934426229508,0.0638297872340425,0.0454545454545455,0.0571428571428571,0.00826446280991736,0.0769230769230769,0.072,0.101851851851852,0.110169491525424,"נווהאיתן"
297,"כפר מסריק",0.0025,0.0160857908847185,0.0188172043010753,0.038860103626943,0.0222222222222222,0.0616966580976864,0.058679706601467,0.0892018779342723,0.0394431554524362,"כפרמסריק"
298,"מסילות",0.0135135135135135,0.0439189189189189,0.0198019801980198,0.0460526315789474,0.0313588850174216,0.048951048951049,0.039568345323741,0.0818505338078292,0.0752688172043011,"מסילות"
300,"דליה",0.00811359026369168,0.0209205020920502,0.00819672131147541,0.0153256704980843,0.00403225806451613,0.0126315789473684,0.0100401606425703,0.0274509803921569,0.014,"דליה"
301,"בית עוזיאל",0.292682926829268,0.282868525896414,0.278745644599303,0.159159159159159,0.125748502994012,0.139880952380952,0.161473087818697,0.223564954682779,0.302452316076294,"ביתעוזיאל"
302,"דפנה",0.0320855614973262,0.0254452926208651,0.0252293577981651,0.0339366515837104,0.0239651416122004,0.0509977827050998,0.0246085011185682,0.0769230769230769,0.0466101694915254,"דפנה"
303,"דן",0.0343642611683849,0.0533333333333333,0.00900900900900901,0.0140449438202247,0.0148148148148148,0.0343980343980344,0.0263852242744063,0.050125313283208,0.0380710659898477,"דן"
304,"שדה אליהו",0.636118598382749,0.542234332425068,0.628571428571429,0.519083969465649,0.527363184079602,0.605633802816901,0.551724137931034,0.661616161616162,0.388888888888889,"שדהאליהו"
305,"גשר",0.0606060606060606,0.0465116279069767,0.0238907849829352,0.0355871886120996,0.0267175572519084,0.0241935483870968,0.00772200772200772,0.047808764940239,0.036,"גשר"
306,"שדמות דבורה",0.096,0.0839416058394161,0.0640243902439024,0.0353260869565217,0.0204081632653061,0.050125313283208,0.0469973890339426,0.1015625,0.0466321243523316,"שדמותדבורה"
307,"הזורעים",0.75,0.697068403908795,0.708215297450425,0.6,0.587677725118483,0.599045346062053,0.594339622641509,0.668934240362812,0.612975391498881,"הזורעים"
308,"מחניים",0.0462962962962963,0.10762331838565,0.0565371024734982,0.0672514619883041,0.0411311053984576,0.0680628272251309,0.0763358778625954,0.137019230769231,0.111111111111111,"מחניים"
309,"נהורה",0.302272727272727,0.292069632495164,0.317324185248714,0.193164933135215,0.152758132956153,0.239160839160839,0.199449793672627,0.24963503649635,0.333798882681564,"נהורה"
310,"כפר גליקסון",0.0164835164835165,0.0319148936170213,0.037037037037037,0.015625,0.00938967136150235,0.0514018691588785,0.0467289719626168,0.0545454545454545,0.0338164251207729,"כפרגליקסון"
311,"גן שורק",0.0529801324503311,0.09375,0.0890052356020942,0.0808080808080808,0.0353535353535354,0.113861386138614,0.0533980582524272,0.119402985074627,0.0714285714285714,"גןשורק"
312,"נווה ים",0.0521739130434783,0.047244094488189,0.123456790123457,0.116564417177914,0.0784313725490196,0.111111111111111,0.0632911392405063,0.202614379084967,0.206451612903226,"נווהים"
313,"אפק",0.00371747211895911,0.0428571428571429,0.0387323943661972,0.039344262295082,0.0424403183023873,0.0547945205479452,0.0441558441558442,0.0634517766497462,0.0456730769230769,"אפק"
315,"נגבה",0.019672131147541,0.029673590504451,0.0167865707434053,0.0348837209302326,0.0291666666666667,0.0727650727650728,0.0524109014675052,0.0711297071129707,0.0421940928270042,"נגבה"
316,"כפר נטר",0.0291005291005291,0.0520833333333333,0.0391061452513966,0.0303030303030303,0.0184254606365159,0.0623916811091854,0.0514184397163121,0.092896174863388,0.0625,"כפרנטר"
317,"בית אורן",0.0784313725490196,0.0764331210191083,0.0294117647058824,0.0880829015544041,0.0252525252525253,0.0439024390243902,0.0289855072463768,0.0669642857142857,0.0567685589519651,"ביתאורן"
318,"עמיעוז",0.316666666666667,0.344,0.453781512605042,0.286713286713287,0.233082706766917,0.130434782608696,0.244604316546763,0.240601503759398,0.269938650306748,"עמיעוז"
319,"עמיר",0.00961538461538462,0.0297619047619048,0.0116279069767442,0.0258620689655172,0.0134408602150538,0.0196078431372549,0.0258620689655172,0.0354223433242507,0.0453333333333333,"עמיר"
320,"כפר ורבורג",0.0780141843971631,0.0932539682539683,0.0705244122965642,0.0753768844221105,0.0353302611367127,0.0552147239263804,0.0573248407643312,0.104545454545455,0.0829493087557604,"כפרורבורג"
322,"בית הלל",0.0505050505050505,0.0711864406779661,0.0652173913043478,0.0332480818414322,0.0189125295508274,0.0471464019851117,0.0310077519379845,0.0669975186104218,0.0569306930693069,"ביתהלל"
324,"שאר ישוב",0.111702127659574,0.13265306122449,0.0479704797047971,0.0373831775700935,0.0341614906832298,0.063758389261745,0.076158940397351,0.13,0.124590163934426,"שארישוב"
325,"מצובה",0.0193798449612403,0.0453074433656958,0.0458333333333333,0.0681003584229391,0.0390243902439024,0.0758620689655172,0.0626086956521739,0.102112676056338,0.0687919463087248,"מצובה"
326,"בית יצחק-שער חפר",0.0416253716551041,0.0499092558983666,0.0251012145748988,0.0369515011547344,0.0260869565217391,0.058252427184466,0.0487609912070344,0.0724863600935308,0.0405727923627685,"ביתיצחקשערחפר"
327,"שדות ים",0.0392156862745098,0.0640732265446224,0.04,0.0463320463320463,0.0362694300518135,0.0522648083623693,0.0678260869565217,0.0809443507588533,0.0614617940199336,"שדותים"
329,"שדה נחמיה",0.0434782608695652,0.0546623794212219,0.0508474576271186,0.0617529880478088,0.0278260869565217,0.071304347826087,0.0609756097560976,0.0749128919860627,0.0926573426573427,"שדהנחמיה"
330,"אלומות",0.0151515151515152,0.0802919708029197,0.031055900621118,0.0169491525423729,0.0352422907488987,0.0625,0.0761904761904762,0.0926829268292683,0.0484581497797357,"אלומות"
331,"ניר צבי",0.0612959719789842,0.0801232665639445,0.026431718061674,0.0245310245310245,0.037940379403794,0.0575035063113604,0.0550595238095238,0.0830985915492958,0.0503703703703704,"נירצבי"
334,"קבוצת יבנה",0.565819861431871,0.536643026004728,0.51528384279476,0.441176470588235,0.338530066815145,0.424311926605505,0.378752886836028,0.467268623024831,0.176328502415459,"קבוצתיבנה"
335,"רמת השופט",0.04,0.0386740331491713,0.00689655172413793,0.0242914979757085,0.0175438596491228,0.037328094302554,0.034816247582205,0.0650095602294455,0.0424354243542435,"רמתהשופט"
336,"דורות",0.0201342281879195,0.0222929936305732,0.0110803324099723,0.0471204188481675,0.0239808153477218,0.047029702970297,0.0416666666666667,0.0748792270531401,0.0464547677261614,"דורות"
338,"איבים",0.136363636363636,0.0555555555555556,0.214285714285714,0.133333333333333,0.4,0.166666666666667,0.142857142857143,0.375,0.2,"איבים"
339,"רמת צבי",0.043859649122807,0.0513833992094862,0.113636363636364,0.088145896656535,0.032171581769437,0.0589812332439678,0.0536723163841808,0.0843989769820972,0.0571428571428571,"רמתצבי"
340,"גת (קיבוץ)",0.0204081632653061,0.0434782608695652,0.00955414012738853,0.027190332326284,0.00255102040816327,0.0426065162907268,0.0221130221130221,0.0472813238770686,0.0389016018306636,"גתקיבוץ"
342,"גברעם",0.0532544378698225,0.0918918918918919,0.0599078341013825,0.0616113744075829,0.0365853658536585,0.111111111111111,0.092436974789916,0.123076923076923,0.0922619047619048,"גברעם"
343,"חמדיה",0.0682926829268293,0.078125,0.0414746543778802,0.0707964601769911,0.0480769230769231,0.05,0.0660377358490566,0.0954545454545455,0.091703056768559,"חמדיה"
344,"מענית",0.0130293159609121,0.05,0.010126582278481,0.0269607843137255,0.0179775280898876,0.0248306997742664,0.0223713646532438,0.0459518599562363,0.0318471337579618,"מענית"
345,"כפר סאלד",0.0109090909090909,0.0390070921985816,0.012779552715655,0.027027027027027,0.00571428571428571,0.0257142857142857,0.0291777188328912,0.046070460704607,0.0426666666666667,"כפרסאלד"
346,"גליל ים",0.0478468899521531,0.0566037735849057,0.0284552845528455,0.0371747211895911,0.0333333333333333,0.0572519083969466,0.0545454545454545,0.0688405797101449,0.0683453237410072,"גלילים"
347,"מנרה",0.0238095238095238,0.032520325203252,0,0.0437956204379562,0.0137931034482759,0.0927152317880795,0.0567375886524823,0.0408163265306122,0.0503597122302158,"מנרה"
348,"ניר עם",0.0404040404040404,0.0529100529100529,0.0211640211640212,0.0418604651162791,0.0637450199203187,0.0653846153846154,0.0769230769230769,0.130597014925373,0.120253164556962,"נירעם"
351,"ניצן",0.776595744680851,0.601036269430052,0.633752244165171,0.469086021505376,0.561860465116279,0.507366482504604,0.485385296722763,0.655536028119508,0.575959933222037,"ניצן"
352,"גבולות",0.037037037037037,0.0689655172413793,0.0372670807453416,0.0807453416149068,0.12,0.165775401069519,0.193877551020408,0.111111111111111,0.0721649484536082,"גבולות"
353,"בית זיד",NA,NA,0,0.0147058823529412,0,0.0144927536231884,0.0273972602739726,0.015625,0.0147058823529412,"ביתזיד"
354,"רביבים",0.0558252427184466,0.0676691729323308,0.0357142857142857,0.0864745011086474,0.0431818181818182,0.0944700460829493,0.0787589498806683,0.139588100686499,0.0871670702179177,"רביבים"
355,"חורשים",0.0223880597014925,0.0943396226415094,0.064327485380117,0.0815217391304348,0.0408163265306122,0.0555555555555556,0.0357142857142857,0.0954773869346734,0.0961538461538462,"חורשים"
356,"הגושרים",0.04375,0.063953488372093,0.0359897172236504,0.0386473429951691,0.0317796610169492,0.0601336302895323,0.0373626373626374,0.0662650602409639,0.0456204379562044,"הגושרים"
357,"כפר בלום",0.0508474576271186,0.0365168539325843,0.0582278481012658,0.0665188470066519,0.0431372549019608,0.0795918367346939,0.0610997963340122,0.0724346076458753,0.0715705765407555,"כפרבלום"
358,"יד מרדכי",0.0402843601895735,0.0421836228287841,0.0289532293986637,0.0335429769392034,0.0323809523809524,0.0508474576271186,0.0357894736842105,0.0495689655172414,0.0376984126984127,"ידמרדכי"
359,"ניצנים",0.0434782608695652,0.0235294117647059,0.0111940298507463,0,0.0160642570281124,0.0354330708661417,0.0277777777777778,0.0584415584415584,0.0591549295774648,"ניצנים"
360,"גבעת ניל""י",0.0707070707070707,0.136752136752137,0.0469798657718121,0.039039039039039,0.0304709141274238,0.0638297872340425,0.0557184750733138,0.0967741935483871,0.0705882352941176,"גבעתנילי"
362,"רוחמה",0.024822695035461,0.0235690235690236,0.0355987055016181,0.0465116279069767,0.0286532951289398,0.0518731988472622,0.0397727272727273,0.0652173913043478,0.0300546448087432,"רוחמה"
363,"חפץ חיים",0.85781990521327,0.754166666666667,0.748407643312102,0.612099644128114,0.740863787375415,0.679577464788732,0.660839160839161,0.792387543252595,0.657980456026059,"חפץחיים"
364,"כפר אוריה",0.1256038647343,0.0847457627118644,0.121372031662269,0.0621890547263682,0.0675990675990676,0.0849056603773585,0.111627906976744,0.125307125307125,0.0974477958236659,"כפראוריה"
365,"בית קשת",0.0337837837837838,0.0710382513661202,0.0338983050847458,0.0448275862068966,0.00852272727272727,0.0254957507082153,0.0232558139534884,0.0359281437125748,0.0235294117647059,"ביתקשת"
366,"שמיר",0.0306406685236769,0.0458015267175573,0.0113378684807256,0.0211864406779661,0.00385356454720617,0.0281124497991968,0.014957264957265,0.0297619047619048,0.0327868852459016,"שמיר"
367,"עין העמק",0.217228464419476,0.304347826086957,0.205882352941176,0.129807692307692,0.0791208791208791,0.104925053533191,0.0700636942675159,0.177874186550976,0.255533199195171,"עיןהעמק"
368,"ביריה",0.467105263157895,0.495522388059702,0.413705583756345,0.218604651162791,0.220689655172414,0.241935483870968,0.275058275058275,0.342995169082126,0.432967032967033,"ביריה"
369,"גלעד (אבן יצחק)",0.025,0.0672268907563025,0.0329218106995885,0.018450184501845,0.00706713780918728,0.0510948905109489,0.0492957746478873,0.0482758620689655,0.0629370629370629,"גלעדאבןיצחק"
370,"גזר",0.0212765957446809,0.0314465408805031,0.0397727272727273,0.0261780104712042,0.0148514851485149,0.0392156862745098,0.00970873786407767,0.0287081339712919,0.023696682464455,"גזר"
372,"רמות נפתלי",0.168421052631579,0.172549019607843,0.130584192439863,0.0561056105610561,0.065625,0.0923566878980892,0.0897009966777409,0.143859649122807,0.145762711864407,"רמותנפתלי"
373,"בית הלוי",0.0366666666666667,0.0634441087613293,0.0412371134020619,0.0262529832935561,0.0213776722090261,0.0398126463700234,0.0542452830188679,0.0839328537170264,0.0504807692307692,"ביתהלוי"
374,"חוקוק",0.0671140939597315,0.0531914893617021,0.036144578313253,0.0428571428571429,0.0293159609120521,0.0553745928338762,0.0596026490066225,0.0764119601328904,0.060790273556231,"חוקוק"
375,"מגל",0.0175438596491228,0.0272952853598015,0.0122591943957968,0.0368509212730318,0.0122137404580153,0.0358255451713396,0.0255591054313099,0.0514705882352941,0.035036496350365,"מגל"
376,"עברון",0.0154525386313466,0.0262582056892779,0.00881057268722467,0.0123711340206186,0.00569259962049336,0.0610687022900763,0.0428015564202335,0.0656370656370656,0.0463320463320463,"עברון"
377,"המעפיל",0.0165016501650165,0.0443037974683544,0.0158013544018059,0.0251141552511416,0.0185950413223141,0.038135593220339,0.0303643724696356,0.0420168067226891,0.0165631469979296,"המעפיל"
378,"משגב עם",0.0636363636363636,0.104,0.0229007633587786,0.0609756097560976,0.0584795321637427,0.0823529411764706,0.0773809523809524,0.0982658959537572,0.08,"משגבעם"
379,"גאולים",0.227146814404432,0.257281553398058,0.208988764044944,0.128352490421456,0.0815939278937381,0.114503816793893,0.139489194499018,0.157790927021696,0.195075757575758,"גאולים"
380,"להבות הבשן",0.0528301886792453,0.0501672240802676,0.041343669250646,0.0629067245119306,0.0286298568507157,0.0598290598290598,0.0607287449392713,0.0858895705521472,0.0631808278867102,"להבותהבשן"
382,"מכמורת",0.0490506329113924,0.0637329286798179,0.0246376811594203,0.0217983651226158,0.0177838577291382,0.0465444287729196,0.0391304347826087,0.0802721088435374,0.0539083557951483,"מכמורת"
383,"עין הנצי""ב",0.66025641025641,0.564814814814815,0.703592814371258,0.597597597597598,0.564971751412429,0.598070739549839,0.601208459214502,0.673139158576052,0.277955271565495,"עיןהנציב"
385,"עמיעד",0.0283687943262411,0.0179856115107914,0.0145985401459854,0.0148698884758364,0.00743494423791822,0.0327272727272727,0.0225563909774436,0.0674157303370786,0.0319148936170213,"עמיעד"
386,"בני דרור",0.0507982583454282,0.0559440559440559,0.0511049723756906,0.0445344129554656,0.0478589420654912,0.0748730964467005,0.0485933503836317,0.0905923344947735,0.0675675675675676,"בנידרור"
387,"כפר מונש",0.038265306122449,0.040948275862069,0.0368098159509202,0.0204918032786885,0.0105042016806723,0.0484848484848485,0.0216919739696312,0.0390455531453362,0.0383795309168444,"כפרמונש"
388,"כפר קיש",0.0869565217391304,0.138121546961326,0.087719298245614,0.0615942028985507,0.0560747663551402,0.111111111111111,0.0943396226415094,0.126506024096386,0.0949554896142433,"כפרקיש"
389,"בצרה",0.0446009389671361,0.065173116089613,0.0509090909090909,0.0524412296564195,0.0309810671256454,0.0733333333333333,0.0385288966725044,0.0795847750865052,0.054726368159204,"בצרה"
390,"רגבה",0.017156862745098,0.0421455938697318,0.031404958677686,0.0583596214511041,0.0245499181669394,0.0568965517241379,0.0516962843295638,0.077175697865353,0.0529695024077047,"רגבה"
393,"גלאון",0,0.0285714285714286,0.0190839694656489,0.0229007633587786,0.0258064516129032,0.0408805031446541,0.0276073619631902,0.0398773006134969,0.0148367952522255,"גלאון"
394,"שובל",0.0397877984084881,0.0750670241286863,0.0130890052356021,0.0335051546391753,0.0228215767634855,0.0390946502057613,0.0177383592017738,0.043956043956044,0.0301075268817204,"שובל"
395,"משמר הנגב",0.0476190476190476,0.0255102040816327,0.0302375809935205,0.0224489795918367,0.0367504835589942,0.0726577437858509,0.0527306967984934,0.088768115942029,0.073345259391771,"משמרהנגב"
396,"נבטים",0.265432098765432,0.189111747851003,0.234256926952141,0.142259414225941,0.128801431127013,0.115248226950355,0.136200716845878,0.23469387755102,0.2144,"נבטים"
397,"חצרים",0.0153846153846154,0.00941619585687382,0.00715563506261181,0.0187713310580205,0.0130718954248366,0.0271646859083192,0.0200333889816361,0.0438311688311688,0.0378912685337726,"חצרים"
398,"שרשרת",0.666666666666667,0.566433566433566,0.574712643678161,0.135593220338983,0.286458333333333,0.305263157894737,0.338308457711443,0.388297872340426,0.450236966824645,"שרשרת"
399,"בארי",0.0130353817504655,0.0363321799307958,0.023961661341853,0.0299850074962519,0.0134128166915052,0.0324074074074074,0.0358744394618834,0.0415430267062315,0.0196671709531014,"בארי"
400,"אבן שמואל",0.845238095238095,0.829545454545455,0.760869565217391,0.495183044315992,0.570291777188329,0.543337645536869,0.526114649681529,0.680929095354523,0.643805309734513,"אבןשמואל"
402,"ניר יצחק",0.023121387283237,0.0168539325842697,0.00518134715025907,0.0183727034120735,0.0154639175257732,0.0235602094240838,0.0472222222222222,0.026246719160105,0.0110192837465565,"ניריצחק"
403,"אורים",0.029535864978903,0.0447154471544715,0.0277777777777778,0.05859375,0.02734375,0.0580912863070539,0.0379746835443038,0.0593220338983051,0.0526315789473684,"אורים"
405,"נווה אילן",0.0428571428571429,0.0416666666666667,0.0449172576832151,0.0650406504065041,0.0486815415821501,0.0835073068893528,0.0516528925619835,0.105906313645621,0.0673267326732673,"נווהאילן"
406,"חצור-אשדוד",0.0120772946859903,0.0189125295508274,0.00956937799043062,0.00448430493273543,0.00854700854700855,0.0266075388026608,0.041407867494824,0.0210970464135021,0.010351966873706,"חצוראשדוד"
407,"דברת",0.0710059171597633,0.0807453416149068,0.0558659217877095,0.0683229813664596,0.0536585365853659,0.0787037037037037,0.0526315789473684,0.130434782608696,0.0542635658914729,"דברת"
408,"נאות מרדכי",0.0577507598784195,0.089171974522293,0.0467836257309941,0.0764705882352941,0.0558510638297872,0.0862068965517241,0.0879120879120879,0.111405835543767,0.0659630606860158,"נאותמרדכי"
409,"יחיעם",0.0247933884297521,0.0233463035019455,0.010752688172043,0.04,0.0144927536231884,0.0410958904109589,0.0438144329896907,0.0687022900763359,0.042713567839196,"יחיעם"
413,"צאלים",0.0778688524590164,0.0688259109311741,0.0436507936507936,0.0598591549295775,0.0472972972972973,0.0469314079422383,0.0553505535055351,0.0559701492537313,0.0551181102362205,"צאלים"
414,"קלחים",0.287878787878788,0.340136054421769,0.240566037735849,0.14859437751004,0.1,0.129370629370629,0.12624584717608,0.176258992805755,0.181208053691275,"קלחים"
415,"שוקדה",0.554347826086957,0.528,0.669014084507042,0.41358024691358,0.533333333333333,0.627906976744186,0.55,0.688372093023256,0.588235294117647,"שוקדה"
416,"מעין ברוך",0.021978021978022,0.0273972602739726,0.0416666666666667,0.031700288184438,0.0358208955223881,0.0471976401179941,0.0538922155688623,0.0853658536585366,0.093167701863354,"מעיןברוך"
417,"יקום",0.0166204986149584,0.023936170212766,0.0147058823529412,0.0147420147420147,0.00928074245939675,0.0311004784688995,0.0212264150943396,0.0368663594470046,0.0113895216400911,"יקום"
418,"בני ציון",0.0536480686695279,0.0590476190476191,0.0465890183028286,0.0438066465256798,0.0258899676375405,0.041335453100159,0.0345911949685535,0.0759493670886076,0.0437601296596434,"בניציון"
419,"סעד",0.516049382716049,0.492924528301887,0.55531914893617,0.493697478991597,0.47239263803681,0.483588621444201,0.504444444444444,0.550420168067227,0.331196581196581,"סעד"
421,"משאבי שדה",0.0211267605633803,0.0465116279069767,0.00684931506849315,0.0252365930599369,0.0354838709677419,0.0709677419354839,0.0912162162162162,0.0763888888888889,0.126811594202899,"משאבישדה"
422,"חרב לאת",0.096085409252669,0.0802292263610315,0.0954907161803713,0.0650602409638554,0.0414634146341463,0.0931372549019608,0.0799031476997579,0.131147540983607,0.115023474178404,"חרבלאת"
423,"העוגן",0.032345013477089,0.0425,0.0306603773584906,0.0285087719298246,0.0151515151515152,0.0216919739696312,0.0305010893246187,0.0367170626349892,0.0284463894967177,"העוגן"
424,"גבים",0.00947867298578199,0.0478468899521531,0.0294117647058824,0.0520446096654275,0.0145348837209302,0.0598290598290598,0.0382352941176471,0.079646017699115,0.0640243902439024,"גבים"
425,"משמרת",0.0677966101694915,0.0651162790697674,0.0474137931034483,0.0337301587301587,0.0266666666666667,0.0424242424242424,0.0458891013384321,0.0862068965517241,0.0620300751879699,"משמרת"
426,"עין כרמל",0.0458015267175573,0.0572519083969466,0.0135135135135135,0.048,0.0338164251207729,0.0570719602977667,0.054320987654321,0.0714285714285714,0.0518518518518519,"עיןכרמל"
427,"כפר גלים",0.11864406779661,0.0612244897959184,0.0357142857142857,0.0677966101694915,0.0338983050847458,0.186440677966102,0.145833333333333,0.206896551724138,0.223880597014925,"כפרגלים"
428,"ברור חיל",0.011070110701107,0.0442176870748299,0.0258215962441315,0.0214132762312634,0.0314814814814815,0.071969696969697,0.0434782608695652,0.0815533980582524,0.0875486381322957,"ברורחיל"
429,"אלוני אבא",0.0459183673469388,0.0290697674418605,0.0238095238095238,0.0318725099601594,0.0189035916824197,0.0533333333333333,0.039622641509434,0.0546139359698682,0.036697247706422,"אלוניאבא"
430,"בית לחם הגלילית",0.069364161849711,0.0541237113402062,0.0658823529411765,0.0546697038724374,0.0392561983471074,0.0844155844155844,0.037280701754386,0.0829694323144105,0.0601336302895323,"ביתלחםהגלילית"
431,"דלתון",0.583941605839416,0.517441860465116,0.501474926253687,0.245901639344262,0.205689277899344,0.292307692307692,0.308163265306122,0.412844036697248,0.414772727272727,"דלתון"
432,"שמרת",0.032,0.0352941176470588,0.02,0.0348837209302326,0.0130718954248366,0.0575079872204473,0.0582822085889571,0.0654205607476635,0.0558823529411765,"שמרת"
433,"נחשולים",0.00383141762452107,0.0397111913357401,0.0186170212765957,0.0245700245700246,0.016548463356974,0.0360576923076923,0.0177215189873418,0.0608899297423888,0.0314009661835749,"נחשולים"
434,"החותרים",0.0209580838323353,0.0574018126888218,0.032345013477089,0.0301507537688442,0.0154525386313466,0.036036036036036,0.037199124726477,0.0563991323210412,0.0414847161572052,"החותרים"
435,"נצר סרני",0.0287206266318538,0.0452380952380952,0.0232558139534884,0.022883295194508,0.023109243697479,0.0248447204968944,0.0337972166998012,0.0577689243027888,0.0425138632162662,"נצרסרני"
436,"עין דור",0.0125944584382872,0.0347394540942928,0.0241448692152917,0.039451114922813,0.026890756302521,0.0539130434782609,0.0424028268551237,0.0813148788927336,0.0666666666666667,"עיןדור"
437,"רשפים",0.0187265917602996,0.0297397769516729,0.0178571428571429,0.0419354838709677,0.0604838709677419,0.110220440881764,0.112224448897796,0.186897880539499,0.0844036697247706,"רשפים"
439,"שלוחות",0.570342205323194,0.560606060606061,0.608996539792388,0.549645390070922,0.438405797101449,0.53515625,0.533073929961089,0.621951219512195,0.234309623430962,"שלוחות"
440,"יסודות",0.99009900990099,0.965367965367965,0.978102189781022,0.959409594095941,0.976897689768977,0.96271186440678,0.982758620689655,0.977564102564103,0.990625,"יסודות"
442,"גדעונה",0.282051282051282,0.2,0.273381294964029,0.171122994652406,0.126168224299065,0.190954773869347,0.185840707964602,0.25974025974026,0.321739130434783,"גדעונה"
443,"כפר הנשיא",0.0222222222222222,0.032258064516129,0.0463215258855586,0.0371287128712871,0.0195121951219512,0.0448877805486284,0.0350404312668464,0.0818858560794045,0.0497512437810945,"כפרהנשיא"
444,"רגבים",0.0457142857142857,0.0821256038647343,0.0528846153846154,0.027027027027027,0.0140350877192982,0.0277777777777778,0.0137931034482759,0.0633802816901408,0.0660377358490566,"רגבים"
445,"רמות מנשה",0.0116959064327485,0.0135746606334842,0.011844331641286,0.0177705977382876,0.0138674884437596,0.0334928229665072,0.0274390243902439,0.0429184549356223,0.0325779036827195,"רמותמנשה"
446,"אודים",0.0780487804878049,0.0708154506437768,0.0487364620938628,0.0493197278911565,0.0286168521462639,0.0696920583468395,0.0618892508143322,0.0851393188854489,0.0651465798045603,"אודים"
447,"נורדיה",0.0759368836291913,0.0866071428571429,0.0552,0.0629685157421289,0.0450680272108844,0.0850515463917526,0.0723404255319149,0.100436681222707,0.08207343412527,"נורדיה"
448,"בני עטרות",0.0597014925373134,0.0576441102756892,0.0534188034188034,0.0482897384305835,0.0366795366795367,0.0545454545454545,0.0607843137254902,0.0848126232741617,0.0515463917525773,"בניעטרות"
449,"נחלים",0.798732171156894,0.765601217656012,0.706611570247934,0.64343163538874,0.665359477124183,0.643243243243243,0.623853211009174,0.729946524064171,0.502063273727648,"נחלים"
450,"בארות יצחק",0.582329317269076,0.628352490421456,0.666666666666667,0.507194244604317,0.445229681978799,0.489051094890511,0.48,0.534296028880866,0.265384615384615,"בארותיצחק"
452,"יזרעאל",0.0261437908496732,0.0508982035928144,0.0120845921450151,0.0455840455840456,0.0170940170940171,0.0350877192982456,0.0353982300884956,0.046242774566474,0.0340909090909091,"יזרעאל"
453,"יפתח",0.0542372881355932,0.0551724137931034,0.0155763239875389,0.0427350427350427,0.0390625,0.0675675675675676,0.0471204188481675,0.0769230769230769,0.0621761658031088,"יפתח"
454,"סער",0.0170940170940171,0.0622406639004149,0.0382352941176471,0.0673316708229426,0.031390134529148,0.0945626477541371,0.0549199084668192,0.0904872389791183,0.0810234541577825,"סער"
456,"שורש",0.0582191780821918,0.0659025787965616,0.0934393638170974,0.0726429675425039,0.126891734575087,0.172897196261682,0.136792452830189,0.206315789473684,0.144957983193277,"שורש"
457,"גזית",0.0142857142857143,0.0343137254901961,0,0.0160550458715596,0.0195652173913043,0.0285714285714286,0.04,0.0685224839400428,0.046908315565032,"גזית"
460,"רמת רזיאל",0.152777777777778,0.117216117216117,0.0923076923076923,0.0988023952095808,0.0880681818181818,0.0932944606413994,0.111111111111111,0.12,0.146974063400576,"רמתרזיאל"
462,"טל שחר",0.0661764705882353,0.0656108597285068,0.0488798370672098,0.0387323943661972,0.0372168284789644,0.0585365853658537,0.0602605863192182,0.116242038216561,0.0878048780487805,"טלשחר"
463,"געתון",0.0150375939849624,0.0300751879699248,0.0159744408945687,0.0258064516129032,0.0208333333333333,0.0305343511450382,0.04,0.0384615384615385,0.0508905852417303,"געתון"
464,"הראל",0.0289855072463768,0.0166666666666667,0.021978021978022,0.0480769230769231,0,0.025,0,0.0756302521008403,0.0078740157480315,"הראל"
465,"צובה",0.028328611898017,0.0376344086021505,0.017632241813602,0.0254041570438799,0.0321782178217822,0.0373134328358209,0.0333333333333333,0.0402010050251256,0.0284974093264249,"צובה"
466,"בית דגן",0.307570977917981,0.261722647156635,0.214704159343878,0.169017833377695,0.134277471806976,0.173177083333333,0.17046944662995,0.234521575984991,0.287494010541447,"ביתדגן"
469,"קרית עקרון",0.370725707257073,0.330225153513759,0.262436349392871,0.186358099878197,0.16733694701871,0.22026508545518,0.204809004092769,0.258551673944687,0.336220071319409,"קריתעקרון"
472,"אבו גוש",0.0515399120050283,0.0179640718562874,0.0691218130311615,0.0215482841181165,0.0293000542593597,0.0295095594347465,0.0104399701715138,0.0133538777606574,0.00794510653665583,"אבוגוש"
473,"אבו סנאן",0.0861141011840689,0.0720019459985405,0.0812084851082066,0.178384963452837,0.0550073483098887,0.110023144027061,0.0826569488156369,0.184418145956607,0.0693050910442215,"אבוסנאן"
475,"דחי",0,0.0072992700729927,0.0728476821192053,0.0078125,0.0588235294117647,0.0037593984962406,0.00694444444444444,0,0.00460829493087558,"דחי"
478,"אכסאל",0.0100832967996493,0.00515084621044886,0.0432584269662921,0.0122868145974693,0.000624089868941127,0.00191737842077741,0.00184275184275184,0.00118511495615075,0.00441289332310054,"אכסאל"
480,"בית ג'ן",0.162284678150499,0.244121419410004,0.157308694622127,0.21725471242146,0.0514600775985297,0.104023116248055,0.140519055412672,0.367755222124154,0.0894039735099338,"ביתגן"
481,"מגאר",0.0773905996758509,0.139463781749765,0.222938923604112,0.24790747222645,0.106811989100817,0.184741869181477,0.135683636785342,0.20229656932237,0.169852243459401,"מגאר"
482,"בועיינה-נוג'ידאת",0.0417710944026733,0.00527811611855461,0.0288600288600289,0.0158026060438037,0.034430225472273,0.00687722873153337,0.00349080754014429,0.00925122867880891,0.00764525993883792,"בועיינהנוגידאת"
483,"בענה",NA,NA,0.0304857621440536,0.017571466037241,0.0418356997971602,0.00577200577200577,0.010561797752809,0.00368776889981561,0.00667022411953042,"בענה"
485,"ג'ולס",0.189621726479146,0.168635875402793,0.255813953488372,0.161393672406888,0.095723813260102,0.196842105263158,0.252930728241563,0.472060957910015,0.355022831050228,"גולס"
487,"ג'ש (גוש חלב)",0.0262881177707676,0.0368794326241135,0.0668058455114822,0.128676470588235,0.158590308370044,0.226960110041265,0.140779907468605,0.00269784172661871,0.00791765637371338,"גשגושחלב"
489,"דבוריה",0.00265051117001136,0.00341508848183794,0.0378719567177637,0.00510657193605684,0.00346666666666667,0.00425436632333184,0.00122299225438239,0.00115874855156431,0.00285306704707561,"דבוריה"
490,"דייר אל-אסד",NA,NA,0.0360566902876198,0.0622794636556104,0.0922841604350782,0.0777402221149203,0.0300422925477614,0.0561254112637894,0.0237244068898278,"דייראלאסד"
492,"דייר חנא",0.00348533255881499,0.0100225507391631,0.01764941837144,0.0118510158013544,0.0287904281174051,0.0242314647377939,0.0119637668774568,0.0204284014280048,0.0244457077885162,"דיירחנא"
494,"דאלית אל-כרמל",NA,0.13394495412844,0.0589257503949447,0.153765376537654,0.0305240410588871,0.0653991370010787,0.0460433680653337,0.304517133956386,0.160276816608997,"דאליתאלכרמל"
496,"חורפיש",0.114910536779324,0.111255975662755,0.172230285437833,0.269463869463869,0.216468590831918,0.2736298649722,0.225888324873096,0.355219650448748,0.174621653084983,"חורפיש"
497,"טייבה (בעמק)",0.0360824742268041,0.00814332247557003,0.135537190082645,0.00484652665589661,0.0300429184549356,0.0141065830721003,0.00284900284900285,0,0.00665557404326123,"טייבהבעמק"
498,"טורעאן",0.0108169655565044,0.0140515222482436,0.0185226511939299,0.0106201403375687,0.0045526974732529,0.010185028008827,0.0268701277160391,0.00911528150134048,0.00282201169119129,"טורעאן"
499,"יפיע",0.0143958868894602,0.012400561534862,0.0105070046697799,0.00634106853750675,0.0141869125731513,0.0113421550094518,0.00473988439306358,0.000895094880057286,0.00459259259259259,"יפיע"
502,"ירכא",0.349484536082474,0.475503753457132,0.263345800748045,0.24448132780083,0.196352841391009,0.166393634448865,0.194150197628459,0.392973560304238,0.164977280671094,"ירכא"
504,"כאבול",0.00574052812858783,0.00130293159609121,0.0155192996418623,0.00226638772663877,0.026100816895796,0.0347444763029179,0.00165587836820714,0.00268972142170989,0.000824946378485398,"כאבול"
505,"כאוכב אבו אל-היג'",0.00440528634361234,0.00205058099794942,0.00285306704707561,0.00170648464163823,0,0.000489476260401371,0.000470145745181006,0.0026542800265428,0.00176574455562095,"כאוכבאבואלהיג"
507,"כפר יאסיף",0.00392670157068063,0.0108561559338761,0.0107262569832402,0.0212389380530973,0.0119250425894378,0.0316914852997327,0.0139240506329114,0.0115581240275617,0.00801985869772771,"כפריאסיף"
508,"כפר כמא",0.0364963503649635,0.032064128256513,0.0538461538461538,0.0110803324099723,0.00376647834274953,0.0267379679144385,0.0164383561643836,0.0303030303030303,0.0236559139784946,"כפרכמא"
509,"כפר כנא",0.0115922263893624,0.0193318636594879,0.048536656041727,0.0162155989494119,0.0188900278225216,0.0127593476090092,0.0101468882875918,0.00527045769764216,0.00316263228317723,"כפרכנא"
510,"כפר מנדא",0.135779122541604,0.106815683400513,0.119154480961344,0.0779891646717903,0.0985896753592336,0.116806136680614,0.10435663627153,0.0444689959950283,0.0268932148081467,"כפרמנדא"
511,"עילוט",0.0609167671893848,0.0231292517006803,0.0367216604576903,0.0488958990536278,0.112056737588652,0.0185917721518987,0.00213349588540079,0.0717619603267211,0.0191424196018377,"עילוט"
512,"כפר מצר",0.0624133148404993,0.0852575488454707,0.150552486187845,0.00327510917030568,0.104302477183833,0.0402449693788276,0.0390824129141886,0.00580046403712297,0.0383141762452107,"כפרמצר"
514,"עין ראפה",0.00518134715025907,0.0211640211640212,0.0196078431372549,0.00554016620498615,0,0.0205278592375367,0.0277777777777778,0.0642570281124498,0.00795755968169761,"עיןראפה"
516,"מג'ד אל-כרום",NA,0.00760903671164104,0.0224885095206829,0.00450585761489937,0.0177351122681419,0.00595567867036011,0.00353223161347294,0.00365789932067584,0.00233516483516484,"מגדאלכרום"
517,"מזרעה",0.0163934426229508,0.0102929532858274,0.0362364907819453,0.00668576886341929,0.00357568533969011,0.00651302605210421,0.00224416517055655,0.00455432661027977,0.00618875709128417,"מזרעה"
518,"מעיליא",0.0633946830265849,0.0502665651180503,0.0336473755047106,0.0137535816618911,0.0163612565445026,0.0549707602339181,0.0317460317460317,0.00361881785283474,0.00174013921113689,"מעיליא"
520,"משהד",0.00860759493670886,0.0347257171615501,0.0105633802816901,0.00238237045860631,0.00597683974598431,0.00246457178065311,0.00159024648820567,0.00319829424307036,0.00943396226415094,"משהד"
521,"עין נקובא",0.0679347826086956,0.0181818181818182,0.288966725043783,0.0382081686429512,0.0118518518518519,0.0212765957446809,0.00533617929562433,0.106604866743917,0.00273722627737226,"עיןנקובא"
522,"נחף",0.119017632241814,0.0647446860493526,0.119481892677769,0.00137686860739575,0.00677886863020103,0.0115974560419005,0.00782420509405693,0.01621490803485,0.0127699530516432,"נחף"
523,"ניין",0.0258064516129032,0.0132075471698113,0.0166240409207161,0.00901916572717024,0.00149253731343284,0.00126262626262626,0.00114025085518814,0.00140252454417952,0.00677506775067751,"ניין"
524,"נאעורה",0.03003003003003,0.00337837837837838,0.0833333333333333,0.0038961038961039,0.010016694490818,0.00460829493087558,0.000962463907603465,0.02,0.00117647058823529,"נאעורה"
525,"סאג'ור",0.28006329113924,0.302934179222839,0.117781155015198,0.379551820728291,0.251552795031056,0.187096774193548,0.175932441942294,0.34878892733564,0.0498826291079812,"סאגור"
526,"סולם",0.123655913978495,0.0444915254237288,0.14018691588785,0.0422960725075529,0.0161849710982659,0.00329218106995885,0.00224719101123596,0.00244200244200244,0.0070859167404783,"סולם"
527,"שזור",0.164556962025316,0.266233766233766,0.219653179190751,0.116751269035533,0.0797872340425532,0.124352331606218,0.0737327188940092,0.166666666666667,0.238317757009346,"שזור"
528,"עוזייר",0.0500927643784787,0.00446428571428571,0.0664335664335664,0.00751072961373391,0.0473751600512164,0.0304114490161002,0.00547302580140735,0.0246913580246914,0,"עוזייר"
529,"אעבלין",0.0465731675046309,0.00589344648750589,0.0382796667417248,0.0301786080886882,0.0508550855085509,0.0293124888967845,0.0200549894873039,0.00368124729320052,0.00617066290550071,"אעבלין"
530,"עיילבון",0.00519480519480519,0.00948684777921518,0.00996168582375479,0.0667924528301887,0.0198852772466539,0.0674353598881901,0.0302197802197802,0.0375454178441663,0.0115984052192823,"עיילבון"
531,"עראבה",0.00256255652698221,0.00220235781837026,0.00507227998985544,0.00359293066614877,0.00239184692179701,0.00299227799227799,0.00149613498462306,0.000210570646451885,0.00174944115074351,"עראבה"
532,"עין מאהל",0.0119047619047619,0.0172413793103448,0.0201465201465201,0.0103891530198979,0.0347780949909162,0.00982244049867775,0.00319391634980989,0.0439827307069617,0.00999800039992002,"עיןמאהל"
534,"עספיא",NA,NA,0.01640625,0.11631139944393,0.0693202146690519,0.128957079044475,0.0843799058084772,0.338684619368203,0.178622521970161,"עספיא"
535,"פסוטה",0.047568710359408,0.17375,0.0614574187884109,0.0119136262099777,0.0574204946996466,0.179589131875414,0.093984962406015,0.00698080279232112,0.00803212851405622,"פסוטה"
536,"פקיעין (בוקייעה)",0.15032414910859,0.280408542246982,0.0465799412505246,0.390618992695117,0.267963477570464,0.302416488983653,0.309103260869565,0.449731389102072,0.375394321766562,"פקיעיןבוקייעה"
537,"פוריידיס",0.0035778175313059,0.141547049441786,0.00364600596619158,0.00216194968553459,0.0526510938079347,0.016687790452049,0.014070932922128,0.0384917517674784,0.00509770603228547,"פוריידיס"
538,"שעב",0.0280293229840448,0.0218778486782133,0.020497803806735,0.0215288611544462,0.02312543798178,0.0333825701624815,0.0055452865064695,0.00135777325186694,0.0024147298520978,"שעב"
539,"רומאנה",0.00277008310249307,0.00744416873449132,0,0,0.00209643605870021,0.00175131348511384,0.00344234079173838,0.0255009107468124,0,"רומאנה"
540,"ריחאניה",0.215217391304348,0.244897959183673,0.0313253012048193,0.00202839756592292,0.0413385826771654,0.110687022900763,0.0548446069469835,0.10952380952381,0.188796680497925,"ריחאניה"
541,"ג'סר א-זרקא",0.00539245056920312,0.0077574047954866,0.0756048387096774,0.0883855207639352,0.125,0.0106644790812141,0.00634595701125896,0.00904159132007233,0.00462512171372931,"גסראזרקא"
542,"ריינה",0.00523012552301255,0.0354027706516162,0.0206063007727363,0.00231875096614624,0.0354901960784314,0.0179833999385183,0.00648845055800675,0.00230414746543779,0.00449438202247191,"ריינה"
543,"ראמה",0.103387438249824,0.102734375,0.121182586094867,0.0936254980079681,0.0949234004205467,0.137841352405722,0.095344784665173,0.0727692751949177,0.0655919955530851,"ראמה"
546,"עין אל-אסד",0.287128712871287,0.201716738197425,0.0175438596491228,0.507194244604317,0.0869565217391304,0.331412103746398,0.271137026239067,0.520979020979021,0.407975460122699,"עיןאלאסד"
547,"טמרה (יזרעאל)",0.0348101265822785,0.0952380952380952,0,0.0432357043235704,0.00362976406533575,0.0017825311942959,0.00139082058414465,0.00449438202247191,0.00200803212851406,"טמרהיזרעאל"
549,"גנות הדר",0.068259385665529,0.0719602977667494,0.0725274725274725,0.0730223123732252,0.0444444444444444,0.0643382352941176,0.0588235294117647,0.112338858195212,0.108256880733945,"גנותהדר"
553,"ניר בנים",0.027027027027027,0.0434782608695652,0.0440414507772021,0.0533642691415313,0.0267489711934156,0.0406852248394004,0.0316027088036117,0.0533333333333333,0.0413943355119826,"נירבנים"
555,"שדמה",0.0518867924528302,0.0560747663551402,0.0375,0.0323741007194245,0.0170068027210884,0.0412371134020619,0.0469314079422383,0.0454545454545455,0.0324909747292419,"שדמה"
559,"בוסתן הגליל",0.163265306122449,0.180851063829787,0.139880952380952,0.119402985074627,0.0654867256637168,0.107913669064748,0.0727272727272727,0.155797101449275,0.170818505338078,"בוסתןהגליל"
562,"בית אלעזרי",0.119318181818182,0.118195956454121,0.0950354609929078,0.0776942355889724,0.0532837670384139,0.0741656365883807,0.0656136087484812,0.142857142857143,0.12958435207824,"ביתאלעזרי"
563,"משמר דוד",0.0222222222222222,0.0454545454545455,0.0261437908496732,0.0289389067524116,0.0478468899521531,0.107728337236534,0.0865603644646925,0.12770137524558,0.100977198697068,"משמרדוד"
564,"רבדים",0.0205761316872428,0.0664206642066421,0.0287539936102236,0.0340314136125654,0.0193236714975845,0.0386473429951691,0.0158730158730159,0.0533049040511727,0.0363247863247863,"רבדים"
565,"אזור",0.238018200202224,0.236650019208605,0.184810951760104,0.185740798020414,0.155535499398315,0.226552984165652,0.203767379279414,0.242155212000612,0.264546387219698,"אזור"
567,"צרעה",0.005859375,0.0119284294234592,0.0199275362318841,0.0185528756957328,0.0054249547920434,0.022181146025878,0.0181159420289855,0.0373831775700935,0.0257352941176471,"צרעה"
570,"מעונה",0.142335766423358,0.200581395348837,0.135593220338983,0.133630289532294,0.0641821946169772,0.106694560669456,0.0930735930735931,0.140461215932914,0.204166666666667,"מעונה"
571,"בית גמליאל",0.766528925619835,0.607495069033531,0.677902621722846,0.529411764705882,0.563847429519071,0.582491582491583,0.546052631578947,0.66832504145937,0.428822495606327,"ביתגמליאל"
572,"בית העמק",0.102564102564103,0.090032154340836,0.0222929936305732,0.0741839762611276,0.0455840455840456,0.0769230769230769,0.0445103857566766,0.0668523676880223,0.0592991913746631,"ביתהעמק"
573,"מבקיעים",0.117647058823529,0.221518987341772,0.145945945945946,0.134199134199134,0.0978260869565217,0.182481751824818,0.138297872340426,0.211320754716981,0.253378378378378,"מבקיעים"
574,"גשר הזיו",0.0413793103448276,0.0775316455696203,0.0489417989417989,0.0573870573870574,0.0366430260047281,0.0778588807785888,0.0674019607843137,0.10545905707196,0.0850801479654747,"גשרהזיו"
575,"יסעור",0.00555555555555556,0.0414507772020725,0.0321428571428571,0.0418006430868167,0.0152671755725191,0.0658227848101266,0.0460358056265985,0.0677083333333333,0.0492610837438424,"יסעור"
576,"כברי",0.0201207243460765,0.0400763358778626,0.0260416666666667,0.0377668308702791,0.0161550888529887,0.0475409836065574,0.0283333333333333,0.0548387096774194,0.0431309904153355,"כברי"
577,"יד בנימין",0.900826446280992,0.86414708886619,0.778011204481793,0.47361299052774,0.818975552968568,0.726639582124202,0.753440366972477,0.860518731988473,0.794227685729556,"ידבנימין"
578,"סאסא",0.02734375,0.0212014134275618,0.0122324159021407,0.029585798816568,0.0132890365448505,0.0133333333333333,0.0206185567010309,0.0559210526315789,0.0346020761245675,"סאסא"
579,"כפר ראש הנקרה",0.0368550368550369,0.0739299610894942,0.0382165605095541,0.0630630630630631,0.0519125683060109,0.091156462585034,0.0612813370473538,0.107336956521739,0.0822102425876011,"כפרראשהנקרה"
580,"כרם מהר""ל",0.135714285714286,0.0991957104557641,0.088785046728972,0.0648535564853557,0.0515873015873016,0.0634920634920635,0.0538922155688623,0.101796407185629,0.0582120582120582,"כרםמהרל"
582,"כפר הנגיד",0.0502092050209205,0.0859375,0.0779896013864818,0.0711864406779661,0.0697278911564626,0.0909090909090909,0.068561872909699,0.157545605306799,0.113074204946996,"כפרהנגיד"
584,"זיקים",0.00483091787439614,0.036734693877551,0.0254957507082153,0.0310880829015544,0.0303030303030303,0.0794979079497908,0.0552147239263804,0.0886319845857418,0.0746561886051081,"זיקים"
585,"לביא",0.665012406947891,0.676767676767677,0.682051282051282,0.569948186528497,0.522309711286089,0.591731266149871,0.578947368421053,0.641752577319588,0.401129943502825,"לביא"
586,"מגידו",0.0456852791878173,0.114803625377644,0.0532407407407407,0.03125,0.014957264957265,0.0387096774193548,0.0444915254237288,0.0372670807453416,0.0317460317460317,"מגידו"
587,"סביון",0.0749379652605459,0.0678952473326867,0.0449183303085299,0.0505008347245409,0.043613707165109,0.102056962025316,0.0776027660391856,0.112759643916914,0.093248787765759,"סביון"
588,"בני ראם",0.737417943107221,0.669865642994242,0.630794701986755,0.414746543778802,0.519040902679831,0.508379888268156,0.471567267683773,0.623249299719888,0.57202216066482,"בניראם"
589,"בצת",0.0736196319018405,0.126262626262626,0.0895522388059701,0.128571428571429,0.0558139534883721,0.0973451327433628,0.0758928571428571,0.111111111111111,0.121621621621622,"בצת"
590,"נווה אור",0.0276243093922652,0.0758293838862559,0.080188679245283,0.0599078341013825,0.0739130434782609,0.0729613733905579,0.0622406639004149,0.121212121212121,0.114035087719298,"נווהאור"
591,"עשרת",0.0479452054794521,0.0542635658914729,0.0397456279809221,0.0499219968798752,0.0371959942775393,0.0626822157434402,0.0486409155937053,0.0883233532934132,0.059190031152648,"עשרת"
592,"בני דרום",0.807339449541284,0.679841897233202,0.70863309352518,0.597402597402597,0.629072681704261,0.610687022900763,0.582697201017812,0.68075117370892,0.428571428571429,"בנידרום"
593,"ערוגות",0.0814249363867685,0.0946882217090069,0.0634249471458774,0.076171875,0.0477941176470588,0.0608365019011407,0.0515653775322284,0.104972375690608,0.0958408679927667,"ערוגות"
594,"צפריה",0.625482625482625,0.622775800711744,0.649315068493151,0.510204081632653,0.594036697247706,0.612048192771084,0.579462102689487,0.668965517241379,0.530751708428246,"צפריה"
595,"לוחמי הגיטאות",0.0326797385620915,0.0409556313993174,0.0121580547112462,0.0405797101449275,0.0162412993039443,0.036144578313253,0.0313253012048193,0.066815144766147,0.0789473684210526,"לוחמיהגיטאות"
596,"מלכיה",0.0829015544041451,0.100418410041841,0.0408163265306122,0.0489795918367347,0.0234375,0.0739299610894942,0.0544747081712062,0.0604838709677419,0.0564516129032258,"מלכיה"
597,"פלמחים",0.0284810126582278,0.0441640378548896,0.018716577540107,0.0738095238095238,0.0305882352941176,0.028436018957346,0.0339366515837104,0.0686695278969957,0.0506607929515418,"פלמחים"
598,"בית קמה",0.0106382978723404,0.046594982078853,0.0300230946882217,0.0404255319148936,0.0330882352941176,0.081374321880651,0.0422794117647059,0.0910683012259194,0.047787610619469,"ביתקמה"
599,"פרוד",0.0573248407643312,0.0961538461538462,0.0681818181818182,0.0546218487394958,0.0244648318042813,0.0728476821192053,0.0416666666666667,0.0634920634920635,0.0606060606060606,"פרוד"
602,"נירים",0,0.0433070866141732,0.0185873605947955,0.0321428571428571,0.0177304964539007,0.0401459854014599,0.0458015267175573,0.0833333333333333,0.0958904109589041,"נירים"
603,"אלקוש",0.279220779220779,0.465909090909091,0.294520547945205,0.204678362573099,0.125,0.176470588235294,0.170068027210884,0.297872340425532,0.417647058823529,"אלקוש"
604,"בית עריף",0.483679525222552,0.394329896907216,0.20253164556962,0.151459854014599,0.143598615916955,0.1875,0.162068965517241,0.256590509666081,0.318481848184819,"ביתעריף"
605,"כפר שמאי",0.471428571428571,0.394736842105263,0.441340782122905,0.290178571428571,0.288065843621399,0.351239669421488,0.338403041825095,0.408333333333333,0.476190476190476,"כפרשמאי"
606,"מזור",0.0720338983050847,0.0917602996254682,0.044404973357016,0.0358306188925081,0.0384615384615385,0.0526315789473684,0.0535714285714286,0.0737833594976452,0.0446280991735537,"מזור"
607,"מירון",0.840182648401826,0.810344827586207,0.789473684210526,0.568181818181818,0.718120805369127,0.67816091954023,0.777027027027027,0.811387900355872,0.776758409785933,"מירון"
609,"כפר חושן",0.360714285714286,0.321070234113712,0.410094637223975,0.244274809160305,0.219570405727924,0.29064039408867,0.246478873239437,0.351219512195122,0.393518518518519,"כפרחושן"
610,"סתריה",0.0329411764705882,0.0870445344129555,0.055363321799308,0.0545454545454545,0.0362204724409449,0.0803858520900322,0.0842607313195548,0.104838709677419,0.0894039735099338,"סתריה"
612,"צרופה",0.21763085399449,0.203883495145631,0.18494623655914,0.124760076775432,0.129699248120301,0.191369606003752,0.220703125,0.19047619047619,0.247292418772563,"צרופה"
613,"ציפורי",0.1015625,0.112068965517241,0.0697115384615385,0.0769230769230769,0.0565656565656566,0.0912951167728238,0.0767634854771784,0.09979633401222,0.0721649484536082,"ציפורי"
614,"שומרה",0.186335403726708,0.154285714285714,0.307228915662651,0.212121212121212,0.146464646464646,0.0895522388059701,0.0792079207920792,0.161458333333333,0.251231527093596,"שומרה"
615,"קדרון",0.0566615620214395,0.064,0.0383693045563549,0.0404157043879908,0.0289210233592881,0.0713489409141583,0.0479452054794521,0.0953984287317621,0.0599128540305011,"קדרון"
616,"רינתיה",0.16710182767624,0.0932400932400932,0.0813008130081301,0.0705009276437848,0.049645390070922,0.0922509225092251,0.0968342644320298,0.142857142857143,0.0994263862332696,"רינתיה"
617,"ברקאי",0.00803212851405622,0.0307692307692308,0.00649350649350649,0.018348623853211,0.0173913043478261,0.0269461077844311,0.024024024024024,0.0381231671554252,0.021021021021021,"ברקאי"
618,"חדיד",0.421875,0.376175548589342,0.362025316455696,0.250535331905782,0.198294243070362,0.196687370600414,0.193415637860082,0.310975609756098,0.351778656126482,"חדיד"
619,"בית גוברין",0.0824175824175824,0.0454545454545455,0.0166666666666667,0.0409090909090909,0.013215859030837,0.0178571428571429,0.00873362445414847,0.0401785714285714,0.039647577092511,"ביתגוברין"
620,"משואות יצחק",0.738636363636364,0.712765957446808,0.735751295336788,0.717557251908397,0.677835051546392,0.71313672922252,0.702349869451697,0.704960835509138,0.414438502673797,"משואותיצחק"
622,"עין צורים",0.676056338028169,0.779863481228669,0.6624,0.598591549295775,0.611859838274933,0.597796143250689,0.563025210084034,0.588405797101449,0.293963254593176,"עיןצורים"
623,"יראון",0.0358744394618834,0.0427350427350427,0.0232558139534884,0.0452488687782805,0.0136986301369863,0.00943396226415094,0.0502283105022831,0.0521327014218009,0.0506912442396313,"יראון"
627,"ג'לג'וליה",0.000946372239747634,0.00478645066273932,0.0216031836270608,0.00180831826401447,0.0479240806642942,0.00299465240641711,0.000592300098716683,0.00182291666666667,0.0010535187526338,"גלגוליה"
628,"ג'ת",NA,NA,0.00684655658477648,0.0067990209409845,0.00306957708049113,0.00393991627677912,0.00131090233777584,0.00682438580527752,0.000585823081429408,"גת"
633,"כפר ברא",0.0105017502917153,0.00834326579261025,0.00197628458498024,0.00138121546961326,0.017675050985724,0.0163316582914573,0,0.0170244263508512,0,"כפרברא"
634,"כפר קאסם",0.00105014439485429,0.00217627856365615,0.00480666524246956,0.00249625561657514,0.00320786997433704,0.00357039467335714,0.00197966345721227,0.00253865681975537,0.00137677833868747,"כפרקאסם"
635,"מוקייבלה",0.044559585492228,0.0207197382769902,0.0118226600985222,0.00225903614457831,0.00240963855421687,0.00317208564631245,0,0,0.000899280575539568,"מוקייבלה"
636,"צנדלה",0.00290697674418605,0.0024330900243309,0,0,0.0132978723404255,0,0,0,0,"צנדלה"
637,"ערערה",0.00265839610101905,0.00222799851466766,0.0282010860045542,0.001508864579404,0.015531660692951,0.00218579234972678,0.00198216055500496,0.000756715853197125,0.00392262951440552,"ערערה"
638,"קלנסווה",0.00201723821749496,0.00350017500875044,0.00804932351430039,0.00222066386161758,0.00333687244046716,0.00227100681302044,0.00144355692426138,0.00117118875658794,0.00277442702050663,"קלנסווה"
648,"מצר",0.0143884892086331,0.0140845070422535,0.0191082802547771,0.00923076923076923,0.00925925925925926,0.00955414012738853,0.00334448160535117,0.00986842105263158,0.0134228187919463,"מצר"
649,"מייסר",0,0.00859598853868195,0.141860465116279,0,0.00428265524625268,0.00546448087431694,0.003584229390681,0.00669642857142857,0.00168634064080944,"מייסר"
652,"אבטין",0.00645161290322581,0.0173661360347323,0.0339805825242718,0.00631313131313131,0.240829346092504,0.0133481646273637,0.00260642919200695,0.00612557427258806,0.027681660899654,"אבטין"
654,"כפר קרע",0.0059645852749301,0.00902612826603325,0.00286779466590192,0.00144230769230769,0.0144141088689164,0.00770171149144254,0.00519930675909879,0.0229365477984263,0.00188479208387325,"כפרקרע"
658,"שייח' דנון",0,0.00228050171037628,0.0900692840646651,0.00950118764845606,0.0510105871029836,0.00220264317180617,0.00334672021419009,0.00407331975560081,0.00509770603228547,"שייחדנון"
661,"שער אפרים",0.244618395303327,0.204355108877722,0.18048128342246,0.112845138055222,0.0708915145005371,0.127292340884574,0.109207708779443,0.184381778741866,0.194752774974773,"שעראפרים"
662,"חוסן",0.247838616714697,0.280104712041885,0.215496368038741,0.203252032520325,0.133962264150943,0.181308411214953,0.154425612052731,0.208576998050682,0.254512635379061,"חוסן"
663,"טירת יהודה",0.614173228346457,0.521252796420582,0.584269662921348,0.376644736842105,0.4171875,0.439418416801292,0.5,0.544881889763779,0.395993836671803,"טירתיהודה"
664,"כרם בן זמרה",0.412322274881517,0.376623376623377,0.332,0.25,0.14968152866242,0.196774193548387,0.189830508474576,0.251700680272109,0.295302013422819,"כרםבןזמרה"
665,"תקומה",0.613475177304965,0.437699680511182,0.573863636363636,0.377643504531722,0.409756097560976,0.446601941747573,0.43719806763285,0.487684729064039,0.369565217391304,"תקומה"
666,"עומר",0.0895101308027699,0.0965881787602114,0.0795025538529869,0.0776926351638995,0.0729382511396602,0.103157439446367,0.0788684097728247,0.144766146993318,0.13040629095675,"עומר"
667,"ברעם",0.0275862068965517,0.03125,0.0147058823529412,0.0205882352941176,0.00879765395894428,0.0300546448087432,0.0285714285714286,0.0601092896174863,0.0217983651226158,"ברעם"
668,"מפלסים",0.0134228187919463,0.0656716417910448,0.0409638554216867,0.062200956937799,0.0483193277310924,0.0712788259958071,0.06875,0.0761099365750529,0.0587044534412955,"מפלסים"
670,"משמר איילון",0.131221719457014,0.126086956521739,0.110714285714286,0.113636363636364,0.0785498489425982,0.0903954802259887,0.107142857142857,0.106666666666667,0.15727002967359,"משמראיילון"
672,"בית נקופה",0.136363636363636,0.140740740740741,0.11864406779661,0.0987261146496815,0.0833333333333333,0.138586956521739,0.122562674094708,0.173669467787115,0.214673913043478,"ביתנקופה"
673,"כפר טרומן",0.118155619596542,0.115,0.103614457831325,0.0519187358916479,0.0543478260869565,0.0838709677419355,0.0892448512585812,0.111111111111111,0.112334801762115,"כפרטרומן"
674,"לימן",0.0872727272727273,0.155223880597015,0.0941828254847645,0.120512820512821,0.0482233502538071,0.116161616161616,0.0958549222797927,0.161643835616438,0.0829015544041451,"לימן"
675,"הבונים",0.0188679245283019,0.0263157894736842,0.0248756218905473,0.0192307692307692,0.00980392156862745,0.0248756218905473,0.0292682926829268,0.0568720379146919,0.0295566502463054,"הבונים"
676,"עין השלושה",0.0333333333333333,0.0432432432432432,0.0425531914893617,0.0269058295964126,0.0815217391304348,0.106145251396648,0.0860215053763441,0.163157894736842,0.109195402298851,"עיןהשלושה"
677,"הסוללים",0.0551181102362205,0.0878048780487805,0.0346420323325635,0.0318091451292246,0.0403669724770642,0.0704761904761905,0.0560747663551402,0.0813308687615527,0.0502692998204668,"הסוללים"
678,"מעגן",0.0710059171597633,0.0517241379310345,0.0315789473684211,0.0631067961165049,0.0210970464135021,0.0769230769230769,0.0963302752293578,0.0865384615384615,0.0805687203791469,"מעגן"
679,"אביאל",0.116465863453815,0.0865671641791045,0.0375,0.0338983050847458,0.0268292682926829,0.0551378446115288,0.0556900726392252,0.113861386138614,0.0597014925373134,"אביאל"
680,"אומץ",0.0593607305936073,0.0445344129554656,0.0442477876106195,0.0484330484330484,0.0473684210526316,0.0426065162907268,0.0412371134020619,0.0712468193384224,0.0629722921914358,"אומץ"
681,"גבעת שמואל",0.372824137567254,0.362755344418052,0.383182890135805,0.35564790328674,0.374417437441744,0.413783012656376,0.38973136915078,0.465699585536659,0.340992097748855,"גבעתשמואל"
682,"אליקים",0.806646525679758,0.660869565217391,0.248648648648649,0.306264501160093,0.254041570438799,0.316666666666667,0.276190476190476,0.415143603133159,0.477973568281938,"אליקים"
683,"גבע כרמל",0.0648379052369077,0.092274678111588,0.104938271604938,0.0755813953488372,0.046594982078853,0.0683012259194396,0.0629770992366412,0.103578154425612,0.1,"גבעכרמל"
684,"היוגב",0.0710227272727273,0.111111111111111,0.0507246376811594,0.0462962962962963,0.0328227571115974,0.0677570093457944,0.0597701149425287,0.0842572062084257,0.054,"היוגב"
685,"בניה",0.0575539568345324,0.0748898678414097,0.0673267326732673,0.0741444866920152,0.0433962264150943,0.0637065637065637,0.044,0.105263157894737,0.0867768595041322,"בניה"
686,"נווה ימין",0.199600798403194,0.196994991652755,0.165402124430956,0.131972789115646,0.0957309184993532,0.13570487483531,0.136054421768707,0.15712187958884,0.222539229671897,"נווהימין"
687,"עין איילה",0.0550724637681159,0.05720823798627,0.0398406374501992,0.0465116279069767,0.0343642611683849,0.0601769911504425,0.0586080586080586,0.072463768115942,0.0533807829181495,"עיןאיילה"
688,"עלמה",0.63768115942029,0.487261146496815,0.391437308868502,0.182038834951456,0.129464285714286,0.186788154897494,0.232300884955752,0.274647887323944,0.438864628820961,"עלמה"
689,"מגדים",0.171428571428571,0.275574112734864,0.161061946902655,0.0985221674876847,0.0667752442996743,0.115823817292007,0.0998248686514886,0.154605263157895,0.127962085308057,"מגדים"
690,"כפר אחים",0.224899598393574,0.107936507936508,0.127478753541076,0.0911458333333333,0.0681818181818182,0.114285714285714,0.0894117647058824,0.167452830188679,0.145985401459854,"כפראחים"
692,"שפיר",0.525423728813559,0.324232081911263,0.364640883977901,0.216624685138539,0.230593607305936,0.256880733944954,0.246636771300448,0.354910714285714,0.303296703296703,"שפיר"
693,"נתיב הל""ה",0.0608695652173913,0.0474308300395257,0.00655737704918033,0.00934579439252336,0.0231884057971014,0.0343839541547278,0.0515759312320917,0.0514285714285714,0.0432432432432432,"נתיבהלה"
694,"מעגן מיכאל",0.0177935943060498,0.0357917570498915,0.0190380761523046,0.0192660550458716,0.0250431778929188,0.0371352785145889,0.0385650224215247,0.0591872791519435,0.0318181818181818,"מעגןמיכאל"
695,"מגן",0.0211267605633803,0.0165562913907285,0.0158227848101266,0.00890207715133531,0.00879765395894428,0.0303030303030303,0.03003003003003,0.040625,0.0317460317460317,"מגן"
696,"כפר חב""ד",0.609283196239718,0.899383983572895,0.383613445378151,0.129835312140942,0.799641577060932,0.584257602862254,0.68322762508809,0.876156583629893,0.883633889077918,"כפרחבד"
697,"בארותיים",0.0900900900900901,0.1,0.0819672131147541,0.0541044776119403,0.0554561717352415,0.0853432282003711,0.0738007380073801,0.102836879432624,0.0840480274442539,"בארותיים"
698,"בורגתה",0.0748299319727891,0.0794297352342159,0.0636042402826855,0.0544871794871795,0.034257748776509,0.0774299835255354,0.06645056726094,0.0950080515297907,0.0940032414910859,"בורגתה"
699,"ניר ישראל",0.0545977011494253,0.0859375,0.0799031476997579,0.0774487471526196,0.0623608017817372,0.11134903640257,0.0827886710239651,0.14,0.0883620689655172,"נירישראל"
700,"חצב",0.199017199017199,0.23841059602649,0.229906542056075,0.100486223662885,0.0776255707762557,0.126717557251908,0.120060790273556,0.200303490136571,0.273894436519258,"חצב"
701,"ארבל",0.152173913043478,0.178899082568807,0.122676579925651,0.101910828025478,0.0621301775147929,0.0852941176470588,0.0865671641791045,0.18018018018018,0.186991869918699,"ארבל"
702,"האון",0.133333333333333,0.155555555555556,0.0857142857142857,0.0792079207920792,0.0537634408602151,0.153846153846154,0.151162790697674,0.0941176470588235,0.0714285714285714,"האון"
703,"גבעת עוז",0.0418410041841004,0.0681818181818182,0.0740740740740741,0.0449438202247191,0.028673835125448,0.0738007380073801,0.0703125,0.0931174089068826,0.047244094488189,"גבעתעוז"
705,"נחשונים",0.0241545893719807,0.0185185185185185,0.00956937799043062,0.019047619047619,0.0202429149797571,0.0483870967741935,0.0285714285714286,0.037037037037037,0.0234375,"נחשונים"
706,"גיאה",0.0551948051948052,0.0801186943620178,0.0977443609022556,0.0692124105011933,0.0589569160997732,0.0760626398210291,0.0638297872340425,0.114942528735632,0.12093023255814,"גיאה"
707,"כפר דניאל",0.0201342281879195,0.0497925311203319,0.0313390313390313,0.0274725274725275,0.0238726790450928,0.0542005420054201,0.0414364640883978,0.0537634408602151,0.0635359116022099,"כפרדניאל"
708,"עמקה",0.417910447761194,0.386986301369863,0.305810397553517,0.173295454545455,0.141860465116279,0.210900473933649,0.208520179372197,0.303102625298329,0.358407079646018,"עמקה"
709,"תפרח",0.966817496229261,0.949554896142433,0.933246073298429,0.85956416464891,0.912943871706758,0.932339449541284,0.918013856812933,0.936435868331442,0.947033898305085,"תפרח"
710,"בית זית",0.0998573466476462,0.0980392156862745,0.0916030534351145,0.0860349127182045,0.0799536500579374,0.105747126436782,0.106285714285714,0.148538011695906,0.129789864029666,"ביתזית"
711,"עזריה",0.359872611464968,0.251798561151079,0.296370967741935,0.130662020905923,0.118110236220472,0.137318255250404,0.14375,0.20253164556962,0.254014598540146,"עזריה"
712,"בן עמי",0.0915750915750916,0.0951086956521739,0.095,0.0953488372093023,0.0505747126436782,0.120772946859903,0.0944309927360775,0.110843373493976,0.10831234256927,"בןעמי"
713,"רעים",0.0136363636363636,0.0256410256410256,0.0158730158730159,0.021505376344086,0.0147058823529412,0.0354330708661417,0.0438247011952191,0.0615942028985507,0.0427046263345196,"רעים"
714,"ארז",0.018018018018018,0.0572687224669604,0.024390243902439,0.0264900662251656,0.0258064516129032,0.0420711974110032,0.0543130990415335,0.086687306501548,0.0716510903426791,"ארז"
715,"להבות חביבה",0.0236686390532544,0.0612244897959184,0.0171821305841924,0.0418848167539267,0.0154185022026432,0.0302375809935205,0.0319829424307036,0.0378947368421053,0.0142276422764228,"להבותחביבה"
716,"אייל",0.0666666666666667,0.0576131687242798,0.013840830449827,0.0337837837837838,0.015625,0.0262295081967213,0.0130293159609121,0.0341614906832298,0.03003003003003,"אייל"
717,"חגור",0.114369501466276,0.110588235294118,0.116504854368932,0.0928571428571429,0.0786713286713287,0.0849220103986135,0.0888501742160279,0.145328719723183,0.124352331606218,"חגור"
718,"ירחיב",0.317307692307692,0.245614035087719,0.2,0.117296222664016,0.0929054054054054,0.1396933560477,0.137992831541219,0.186411149825784,0.256198347107438,"ירחיב"
719,"תל קציר",0.0141843971631206,0.05625,0.0638297872340425,0.0696517412935323,0.0181818181818182,0.0755555555555556,0.0954545454545455,0.0973451327433628,0.117408906882591,"תלקציר"
720,"ניר גלים",0.803448275862069,0.720634920634921,0.665903890160183,0.610278372591006,0.581308411214953,0.610687022900763,0.597806215722121,0.659963436928702,0.423371647509579,"נירגלים"
721,"שדה אילן",0.690582959641256,0.63519313304721,0.637010676156584,0.559210526315789,0.464968152866242,0.542372881355932,0.530944625407166,0.567398119122257,0.408823529411765,"שדהאילן"
722,"מגשימים",0.0868421052631579,0.0736342042755344,0.0622489959839357,0.0394190871369295,0.0399239543726236,0.0455407969639469,0.0490566037735849,0.10200364298725,0.106177606177606,"מגשימים"
723,"בית הגדי",0.698412698412698,0.474747474747475,0.546827794561934,0.102040816326531,0.233684210526316,0.196936542669584,0.198294243070362,0.318965517241379,0.405295315682281,"ביתהגדי"
726,"הודיה",0.284046692607004,0.251824817518248,0.212454212454212,0.164086687306502,0.13353115727003,0.149390243902439,0.15987460815047,0.217647058823529,0.283746556473829,"הודיה"
727,"תלמי יחיאל",0.129963898916967,0.144694533762058,0.121468926553672,0.0904645476772616,0.0706860706860707,0.0993377483443709,0.0831556503198294,0.154867256637168,0.164502164502165,"תלמייחיאל"
729,"משמר השבעה",0.102827763496144,0.0953545232273839,0.0411255411255411,0.0612244897959184,0.037037037037037,0.0909090909090909,0.0533333333333333,0.0894941634241245,0.0998185117967332,"משמרהשבעה"
730,"אליפלט",0.278048780487805,0.308370044052863,0.241379310344828,0.156996587030717,0.10410094637224,0.119760479041916,0.117816091954023,0.206153846153846,0.281329923273657,"אליפלט"
731,"מישר",0.0610932475884244,0.0745341614906832,0.0533707865168539,0.0586666666666667,0.0445026178010471,0.0763358778625954,0.0445026178010471,0.0833333333333333,0.0651041666666667,"מישר"
732,"משמר הירדן",0.225352112676056,0.171206225680934,0.148550724637681,0.123563218390805,0.0872817955112219,0.119897959183673,0.0975609756097561,0.192405063291139,0.228110599078341,"משמרהירדן"
734,"גן יאשיה",0.0433333333333333,0.0740740740740741,0.0588235294117647,0.0625,0.0468431771894094,0.069327731092437,0.0563380281690141,0.0914396887159533,0.0446601941747573,"גןיאשיה"
735,"רמות מאיר",0.158088235294118,0.113496932515337,0.12568306010929,0.125,0.106796116504854,0.111111111111111,0.102362204724409,0.144638403990025,0.124031007751938,"רמותמאיר"
736,"גילת",0.287128712871287,0.283673469387755,0.267790262172285,0.108955223880597,0.110817941952507,0.11826544021025,0.149156939040208,0.231182795698925,0.295953757225434,"גילת"
737,"עולש",0.0611246943765281,0.109913793103448,0.093984962406015,0.0699815837937385,0.0752508361204013,0.094017094017094,0.0753064798598949,0.144758735440932,0.0690846286701209,"עולש"
738,"דור",0.0576923076923077,0.085427135678392,0.0512820512820513,0.0502283105022831,0.0363636363636364,0.0717488789237668,0.0495495495495495,0.062780269058296,0.0654205607476635,"דור"
739,"שדה עוזיהו",0.351145038167939,0.336016096579477,0.361809045226131,0.107142857142857,0.104497354497354,0.106748466257669,0.200251889168766,0.245059288537549,0.342756183745583,"שדהעוזיהו"
740,"אשתאול",0.478005865102639,0.489156626506024,0.279116465863454,0.257299270072993,0.226016260162602,0.246598639455782,0.253731343283582,0.272413793103448,0.352842809364548,"אשתאול"
741,"שואבה",0.150197628458498,0.174496644295302,0.0990712074303406,0.0949554896142433,0.0786516853932584,0.0714285714285714,0.0617977528089888,0.0950920245398773,0.115044247787611,"שואבה"
742,"מסילת ציון",0.133879781420765,0.122194513715711,0.150980392156863,0.0740037950664137,0.0774647887323944,0.0938053097345133,0.101967799642218,0.15370705244123,0.155440414507772,"מסילתציון"
743,"כפר שמואל",0.0646153846153846,0.087719298245614,0.0700934579439252,0.0648148148148148,0.0261569416498994,0.054989816700611,0.0525252525252525,0.106339468302658,0.0932539682539683,"כפרשמואל"
744,"תלמי יפה",0.0123456790123457,0.125874125874126,0.0945454545454545,0.0936555891238671,0.0934065934065934,0.128133704735376,0.118598382749326,0.159217877094972,0.121761658031088,"תלמייפה"
745,"גמזו",0.727058823529412,0.643776824034335,0.711111111111111,0.584905660377358,0.654320987654321,0.646098003629764,0.648550724637681,0.726078799249531,0.501838235294118,"גמזו"
746,"ברכיה",0.738095238095238,0.585774058577406,0.625698324022346,0.130287648054146,0.403726708074534,0.361464968152866,0.420647149460709,0.567610062893082,0.59018759018759,"ברכיה"
747,"בית שקמה",0.337777777777778,0.357142857142857,0.314393939393939,0.136231884057971,0.165829145728643,0.174825174825175,0.245454545454545,0.352185089974293,0.479809976247031,"ביתשקמה"
748,"מסלול",0.118279569892473,0.184834123222749,0.153256704980843,0.153094462540717,0.179558011049724,0.151515151515152,0.172506738544474,0.286486486486487,0.286063569682152,"מסלול"
749,"פטיש",0.553516819571865,0.447976878612717,0.556410256410256,0.31198347107438,0.25417439703154,0.26173285198556,0.345149253731343,0.410207939508507,0.458333333333333,"פטיש"
750,"פדויים",0.408805031446541,0.473684210526316,0.403314917127072,0.364485981308411,0.211711711711712,0.2625,0.246963562753036,0.352941176470588,0.375,"פדויים"
751,"בית מאיר",0.740601503759398,0.664429530201342,0.635338345864662,0.42756183745583,0.474452554744526,0.494163424124514,0.496240601503759,0.576470588235294,0.575510204081633,"ביתמאיר"
752,"תעוז",0.436681222707424,0.396078431372549,0.37037037037037,0.240853658536585,0.205278592375367,0.201704545454545,0.220630372492837,0.327380952380952,0.303206997084548,"תעוז"
753,"ינוב",0.199438202247191,0.186813186813187,0.13189448441247,0.0804347826086956,0.0863157894736842,0.135021097046413,0.133909287257019,0.164079822616408,0.142543859649123,"ינוב"
755,"גורן",0.15546218487395,0.441176470588235,0.51004016064257,0.276923076923077,0.203921568627451,0.207171314741036,0.187265917602996,0.33195020746888,0.328301886792453,"גורן"
756,"בית עזרא",0.212471131639723,0.205702647657841,0.205263157894737,0.146496815286624,0.10958904109589,0.110773899848255,0.145367412140575,0.222397476340694,0.219626168224299,"ביתעזרא"
757,"מצליח",0.181236673773987,0.196296296296296,0.165884194053208,0.113854595336077,0.0851648351648352,0.134349030470914,0.11455525606469,0.163294797687861,0.239554317548747,"מצליח"
758,"יד חנה",0.0956521739130435,0.150684931506849,0.0451807228915663,0.0537084398976982,0.0405405405405405,0.0806100217864924,0.0481400437636762,0.103896103896104,0.0869565217391304,"ידחנה"
759,"יציץ",0.437984496124031,0.311284046692607,0.29153605015674,0.10969387755102,0.0845070422535211,0.130023640661939,0.135135135135135,0.172897196261682,0.344748858447489,"יציץ"
760,"בן זכאי",0.657439446366782,0.562130177514793,0.57258064516129,0.142857142857143,0.231732776617954,0.269230769230769,0.299009900990099,0.390041493775934,0.444897959183673,"בןזכאי"
761,"שובה",0.615384615384615,0.389423076923077,0.647482014388489,0.206081081081081,0.301492537313433,0.287009063444109,0.282352941176471,0.407284768211921,0.479768786127168,"שובה"
762,"בטחה",0.576433121019108,0.45014245014245,0.507772020725389,0.251716247139588,0.266806722689076,0.294820717131474,0.276955602536998,0.357142857142857,0.394174757281553,"בטחה"
763,"שתולים",0.324058919803601,0.280172413793103,0.215568862275449,0.141188959660297,0.121153846153846,0.148775894538606,0.140712945590994,0.247600767754319,0.314995563442768,"שתולים"
764,"כפר מרדכי",0.0445344129554656,0.0557491289198606,0.017910447761194,0.0263157894736842,0.0297297297297297,0.0455764075067024,0.0414364640883978,0.0581717451523546,0.0302197802197802,"כפרמרדכי"
765,"משגב דב",0.0652173913043478,0.0642201834862385,0.064,0.0491803278688525,0.0201005025125628,0.0671834625322997,0.0357142857142857,0.0936708860759494,0.0717948717948718,"משגבדב"
766,"קוממיות",0.992424242424242,1,0.993150684931507,0.970149253731343,0.985507246376812,0.985714285714286,0.983606557377049,0.993548387096774,0.995121951219512,"קוממיות"
767,"פורת",0.68944099378882,0.576719576719577,0.457516339869281,0.207815275310835,0.168852459016393,0.2734375,0.285074626865672,0.367986798679868,0.472834067547724,"פורת"
768,"כרמיה",0.118556701030928,0.18796992481203,0.105769230769231,0.0786516853932584,0.0508982035928144,0.065625,0.0319767441860465,0.0930930930930931,0.0917159763313609,"כרמיה"
769,"ניר עציון",0.575862068965517,0.62589928057554,0.692041522491349,0.551839464882943,0.541528239202658,0.536585365853659,0.559375,0.620915032679739,0.425324675324675,"נירעציון"
771,"מבוא ביתר",0.108433734939759,0.122905027932961,0.103053435114504,0.116094986807388,0.117903930131004,0.145739910313901,0.132034632034632,0.209643605870021,0.157464212678937,"מבואביתר"
772,"אמונים",0.156962025316456,0.171912832929782,0.206208425720621,0.129237288135593,0.099601593625498,0.157116451016636,0.154598825831703,0.212890625,0.23384030418251,"אמונים"
773,"עמיקם",0.0729613733905579,0.110714285714286,0.0462962962962963,0.0220385674931129,0.0253164556962025,0.0544554455445545,0.0736040609137056,0.0893300248138958,0.0482233502538071,"עמיקם"
774,"צוריאל",0.174825174825175,0.343949044585987,0.263157894736842,0.135678391959799,0.107476635514019,0.127358490566038,0.126168224299065,0.208333333333333,0.308035714285714,"צוריאל"
775,"יד נתן",0.117977528089888,0.124423963133641,0.0984251968503937,0.0748299319727891,0.0793650793650794,0.0900621118012422,0.0681114551083591,0.134185303514377,0.173202614379085,"ידנתן"
776,"מחסיה",0.517006802721088,0.386363636363636,0.434782608695652,0.358078602620087,0.263157894736842,0.311538461538462,0.268199233716475,0.404081632653061,0.480314960629921,"מחסיה"
777,"נחשון",0.00833333333333333,0.00357142857142857,0.0136986301369863,0.00657894736842105,0,0.0228571428571429,0.0203488372093023,0.03125,0.0142450142450142,"נחשון"
778,"תרום",0.648305084745763,0.509505703422053,0.496710526315789,0.374083129584352,0.345454545454545,0.31858407079646,0.29723991507431,0.382478632478632,0.38663967611336,"תרום"
779,"עמינדב",0.211072664359862,0.179941002949853,0.149659863945578,0.0840336134453782,0.119096509240246,0.142553191489362,0.127232142857143,0.183628318584071,0.187904967602592,"עמינדב"
780,"אורה",0.304469273743017,0.280542986425339,0.191335740072202,0.136963696369637,0.129084967320261,0.165341812400636,0.164725457570715,0.241563055062167,0.276559865092749,"אורה"
783,"אבן ספיר",0.232558139534884,0.210884353741497,0.124620060790274,0.113456464379947,0.0591549295774648,0.07202216066482,0.103151862464183,0.147727272727273,0.176630434782609,"אבןספיר"
784,"בית נחמיה",0.125423728813559,0.109919571045576,0.101382488479263,0.0694736842105263,0.0386178861788618,0.0622489959839357,0.0556745182012848,0.121535181236674,0.147843942505133,"ביתנחמיה"
785,"אחיהוד",0.566343042071197,0.455927051671733,0.361386138613861,0.244394618834081,0.235867446393762,0.247081712062257,0.25098814229249,0.34765625,0.472222222222222,"אחיהוד"
786,"כפר זיתים",0.394444444444444,0.403755868544601,0.352697095435685,0.172413793103448,0.141643059490085,0.215297450424929,0.174157303370787,0.253644314868805,0.361823361823362,"כפרזיתים"
787,"גבעת יערים",0.262054507337526,0.219844357976654,0.185970636215334,0.152716593245228,0.14965034965035,0.154277699859748,0.176890156918688,0.20211161387632,0.221538461538462,"גבעתיערים"
788,"זיתן",0.367245657568238,0.324074074074074,0.27304347826087,0.162079510703364,0.113636363636364,0.187888198757764,0.176046176046176,0.232371794871795,0.294205052005944,"זיתן"
789,"רנן",0.062015503875969,0.149425287356322,0.11587982832618,0.0709219858156028,0.0925925925925926,0.106666666666667,0.0917721518987342,0.151612903225806,0.255813953488372,"רנן"
791,"משען",0.460377358490566,0.288951841359773,0.399521531100478,0.255717255717256,0.197080291970803,0.178506375227687,0.209876543209877,0.294659300184162,0.330404217926186,"משען"
792,"נתיב השיירה",0.100436681222707,0.15,0.105263157894737,0.0928792569659443,0.0415335463258786,0.111475409836066,0.0879478827361563,0.177304964539007,0.113268608414239,"נתיבהשיירה"
793,"גבעתי",0.155405405405405,0.213483146067416,0.239185750636132,0.110859728506787,0.108352144469526,0.139917695473251,0.205702647657841,0.221978021978022,0.309751434034417,"גבעתי"
794,"עגור",0.460122699386503,0.241176470588235,0.248704663212435,0.169082125603865,0.165178571428571,0.180257510729614,0.214876033057851,0.241379310344828,0.375510204081633,"עגור"
795,"יערה",0.37984496124031,0.517460317460318,0.570121951219512,0.37037037037037,0.2875,0.33248730964467,0.29426433915212,0.292553191489362,0.284237726098191,"יערה"
796,"צלפון",0.392727272727273,0.297546012269939,0.321243523316062,0.174418604651163,0.119140625,0.129292929292929,0.128155339805825,0.252016129032258,0.294776119402985,"צלפון"
797,"אחיעזר",0.838160136286201,0.770710059171598,0.668848167539267,0.561320754716981,0.52565445026178,0.578736208625878,0.585127201565558,0.622885572139304,0.650717703349282,"אחיעזר"
798,"יגל",0.367213114754098,0.364942528735632,0.263565891472868,0.135667396061269,0.130522088353414,0.161616161616162,0.164300202839757,0.225263157894737,0.298245614035088,"יגל"
799,"זכריה",0.36734693877551,0.267175572519084,0.231263383297645,0.126353790613718,0.0972222222222222,0.136442141623489,0.136286201022147,0.256055363321799,0.260450160771704,"זכריה"
800,"בית חנניה",0.0619195046439628,0.0872093023255814,0.0598503740648379,0.0415754923413567,0.0309278350515464,0.0714285714285714,0.0802603036876356,0.090146750524109,0.0772442588726514,"ביתחנניה"
801,"חמד",0.680701754385965,0.587537091988131,0.663484486873508,0.649006622516556,0.562118126272912,0.580645161290323,0.579831932773109,0.668016194331984,0.446215139442231,"חמד"
802,"גבעת כ""ח",0.328767123287671,0.27027027027027,0.264150943396226,0.171366594360087,0.133891213389121,0.133200795228628,0.180873180873181,0.236051502145923,0.280078895463511,"גבעתכח"
803,"יושיביה",0.701388888888889,0.648275862068965,0.756476683937824,0.276150627615063,0.453488372093023,0.511363636363636,0.487084870848708,0.602230483271376,0.656957928802589,"יושיביה"
804,"אחיסמך",0.519444444444444,0.560157790927022,0.564322469982847,0.281437125748503,0.155653450807636,0.278184480234261,0.254716981132075,0.305555555555556,0.432249322493225,"אחיסמך"
805,"ישעי",0.73841059602649,0.584070796460177,0.510695187165775,0.360902255639098,0.366666666666667,0.411214953271028,0.372365339578454,0.421307506053269,0.558035714285714,"ישעי"
806,"עין יהב",0.0319488817891374,0.0515759312320917,0.0376344086021505,0.0236220472440945,0.0175879396984925,0.02,0.0336787564766839,0.0390243902439024,0.0260047281323877,"עיןיהב"
807,"חניאל",0.032345013477089,0.0563063063063063,0.0242825607064018,0.04149377593361,0.0143737166324435,0.0473251028806584,0.0300429184549356,0.0511727078891258,0.0575692963752665,"חניאל"
808,"ניר אליהו",0.0180995475113122,0.0617283950617284,0.00421940928270042,0.0102739726027397,0.0101010101010101,0.0324675324675325,0.0299003322259136,0.043613707165109,0.0477707006369427,"ניראליהו"
809,"נחם",0.616740088105727,0.579591836734694,0.424698795180723,0.252840909090909,0.238372093023256,0.283076923076923,0.265060240963855,0.347682119205298,0.423780487804878,"נחם"
810,"עופר",0.180851063829787,0.165217391304348,0.114982578397213,0.0803858520900322,0.0473186119873817,0.067524115755627,0.0738255033557047,0.110344827586207,0.140065146579805,"עופר"
811,"יכיני",0.452173913043478,0.305343511450382,0.254716981132075,0.131428571428571,0.160427807486631,0.180592991913747,0.164490861618799,0.286516853932584,0.316883116883117,"יכיני"
812,"שלומי",0.385242718446602,0.434244080145719,0.283294586516108,0.29143897996357,0.213153961136024,0.296976882039123,0.286370157819225,0.329246935201401,0.325360082304527,"שלומי"
813,"עין יעקב",0.171779141104294,0.269230769230769,0.302325581395349,0.185501066098081,0.153846153846154,0.204007285974499,0.190391459074733,0.244525547445255,0.379310344827586,"עיןיעקב"
814,"תלמים",0.74113475177305,0.77810650887574,0.638235294117647,0.178743961352657,0.39047619047619,0.329621380846325,0.356502242152466,0.505966587112172,0.610993657505285,"תלמים"
815,"זבדיאל",0.558823529411765,0.584313725490196,0.427609427609428,0.340909090909091,0.325443786982249,0.369627507163324,0.351274787535411,0.401129943502825,0.547314578005115,"זבדיאל"
816,"זנוח",0.564971751412429,0.404371584699454,0.306034482758621,0.227106227106227,0.180212014134276,0.269360269360269,0.232638888888889,0.317689530685921,0.377049180327869,"זנוח"
817,"עזריקם",0.250591016548463,0.241379310344828,0.256993006993007,0.0838509316770186,0.0726256983240224,0.103585657370518,0.130376344086022,0.158571428571429,0.222651222651223,"עזריקם"
818,"זרחיה",0.738775510204082,0.640287769784173,0.644859813084112,0.408450704225352,0.364321608040201,0.378378378378378,0.409090909090909,0.492990654205608,0.585746102449889,"זרחיה"
819,"אביגדור",0.0530503978779841,0.0843672456575682,0.081140350877193,0.0610526315789474,0.0542168674698795,0.0840163934426229,0.0847107438016529,0.117154811715481,0.0869565217391304,"אביגדור"
820,"חלץ",0.33469387755102,0.424778761061947,0.423423423423423,0.165322580645161,0.175,0.213114754098361,0.201550387596899,0.2578125,0.264925373134328,"חלץ"
821,"אחוזם",0.462962962962963,0.351464435146443,0.444444444444444,0.185873605947955,0.184115523465704,0.223728813559322,0.252707581227437,0.315972222222222,0.393103448275862,"אחוזם"
822,"מטע",0.169565217391304,0.169741697416974,0.139751552795031,0.122762148337596,0.0712468193384224,0.111959287531807,0.103015075376884,0.135467980295567,0.194244604316547,"מטע"
823,"בר גיורא",0.247524752475248,0.271551724137931,0.234657039711191,0.169491525423729,0.11214953271028,0.140939597315436,0.164516129032258,0.236842105263158,0.265060240963855,"ברגיורא"
824,"כוכב מיכאל",0.048048048048048,0.0760869565217391,0.0498915401301518,0.0567951318458418,0.0341555977229602,0.0528375733855186,0.0466926070038911,0.0846456692913386,0.0794824399260629,"כוכבמיכאל"
825,"נס הרים",0.266949152542373,0.227436823104693,0.185676392572944,0.126923076923077,0.104529616724739,0.0988074957410562,0.12248322147651,0.208191126279863,0.2203125,"נסהרים"
826,"עוזה",0.814345991561181,0.741803278688525,0.741444866920152,0.297945205479452,0.358974358974359,0.454225352112676,0.458333333333333,0.523076923076923,0.537593984962406,"עוזה"
827,"נווה מבטח",0.056140350877193,0.092948717948718,0.0672268907563025,0.0630630630630631,0.0485175202156334,0.0483870967741935,0.0670391061452514,0.0883977900552486,0.1,"נווהמבטח"
828,"ישרש",0.203030303030303,0.216624685138539,0.202702702702703,0.139763779527559,0.092057761732852,0.126142595978062,0.123076923076923,0.194495412844037,0.212880143112701,"ישרש"
829,"מבטחים",0.359756097560976,0.311557788944724,0.378995433789954,0.192982456140351,0.226495726495726,0.161943319838057,0.2125,0.267782426778243,0.428571428571429,"מבטחים"
831,"ירוחם",0.579733679766158,0.578582202111614,0.443645083932854,0.414705168648386,0.33010730065222,0.380158399333055,0.361667678607569,0.421408927438121,0.419825072886297,"ירוחם"
836,"גנות",0.0663716814159292,0.065843621399177,0.0657439446366782,0.0950704225352113,0.0561797752808989,0.108614232209738,0.082089552238806,0.127340823970037,0.118081180811808,"גנות"
837,"עזריאל",0.429090909090909,0.313432835820896,0.338308457711443,0.168514412416851,0.205588822355289,0.239669421487603,0.24248496993988,0.329004329004329,0.291242362525458,"עזריאל"
838,"פדיה",0.229787234042553,0.228476821192053,0.214484679665738,0.187793427230047,0.0849673202614379,0.107066381156317,0.125,0.182417582417582,0.247443762781186,"פדיה"
839,"פתחיה",0.253289473684211,0.217391304347826,0.228438228438228,0.139676113360324,0.0969072164948454,0.108786610878661,0.125523012552301,0.197424892703863,0.244047619047619,"פתחיה"
840,"כיסופים",0.0169491525423729,0.0225563909774436,0.0638297872340425,0.025974025974026,0.0318471337579618,0.0616438356164384,0.0576923076923077,0.116129032258065,0.0987654320987654,"כיסופים"
841,"אלישמע",0.28,0.289887640449438,0.240137221269297,0.155339805825243,0.0989345509893455,0.141269841269841,0.157894736842105,0.203675344563553,0.246875,"אלישמע"
842,"געש",0.010989010989011,0.0257731958762887,0.0072463768115942,0.0154867256637168,0.0214007782101167,0.0406976744186047,0.0325047801147228,0.052158273381295,0.0414414414414414,"געש"
843,"מרגליות",0.175,0.278145695364238,0.202797202797203,0.125714285714286,0.105820105820106,0.116751269035533,0.107142857142857,0.202127659574468,0.264840182648402,"מרגליות"
844,"נחל עוז",0.0290697674418605,0.0726256983240224,0.0217391304347826,0.036036036036036,0.036734693877551,0.055793991416309,0.036,0.076271186440678,0.04,"נחלעוז"
845,"כפר עזה",0.00963855421686747,0.0288888888888889,0.032520325203252,0.0491159135559921,0.0303030303030303,0.0538922155688623,0.0545112781954887,0.0977859778597786,0.0782918149466192,"כפרעזה"
846,"שפר",0.252252252252252,0.338709677419355,0.189473684210526,0.101941747572816,0.0858369098712446,0.232456140350877,0.149779735682819,0.188405797101449,0.251121076233184,"שפר"
848,"בית רבן",0.869230769230769,0.855421686746988,0.843478260869565,0.553784860557769,0.72791519434629,0.691699604743083,0.661290322580645,0.865800865800866,0.853080568720379,"ביתרבן"
849,"דבירה",0.0137614678899083,0.0375,0.0307262569832402,0.0276381909547739,0.0363636363636364,0.068359375,0.0510204081632653,0.0760456273764259,0.0478927203065134,"דבירה"
850,"אחיטוב",0.104477611940299,0.171641791044776,0.150776053215078,0.0972477064220184,0.0892531876138433,0.0786106032906764,0.145756457564576,0.140115163147793,0.194192377495463,"אחיטוב"
851,"ניצני עוז",0.111111111111111,0.119804400977995,0.108606557377049,0.091726618705036,0.0412186379928315,0.0577933450087566,0.0823117338003503,0.102420856610801,0.181494661921708,"ניצניעוז"
852,"גונן",0.00543478260869565,0.0492610837438424,0.0611353711790393,0.0737704918032787,0.0209205020920502,0.066079295154185,0.0341880341880342,0.0547945205479452,0.0538116591928251,"גונן"
853,"גאליה",0.03125,0.0602836879432624,0.0384615384615385,0.0546875,0.050381679389313,0.0914826498422713,0.0686427457098284,0.103395061728395,0.0868113522537563,"גאליה"
854,"רחוב",0.470149253731343,0.370588235294118,0.402234636871508,0.225806451612903,0.14468085106383,0.171673819742489,0.150406504065041,0.162393162393162,0.246963562753036,"רחוב"
856,"שעלבים",0.898843930635838,0.863905325443787,0.762532981530343,0.629277566539924,0.850722311396469,0.790297339593114,0.808777429467085,0.872841444270016,0.783987915407855,"שעלבים"
857,"כפר אביב",0.0588235294117647,0.0870712401055409,0.10997442455243,0.0745192307692308,0.0512195121951219,0.0933660933660934,0.0632603406326034,0.120481927710843,0.0929095354523227,"כפראביב"
858,"נווה ירק",0.0295748613678373,0.0464344941956882,0.0440528634361234,0.0457142857142857,0.0562130177514793,0.0676691729323308,0.0791044776119403,0.102564102564103,0.0630769230769231,"נווהירק"
859,"כסלון",0.409448818897638,0.417218543046358,0.377049180327869,0.293023255813953,0.235849056603774,0.274111675126904,0.253521126760563,0.342995169082126,0.410714285714286,"כסלון"
861,"שדה אליעזר",0.146853146853147,0.188271604938272,0.0889487870619946,0.106430155210643,0.0875,0.118279569892473,0.12035010940919,0.132420091324201,0.159235668789809,"שדהאליעזר"
862,"גני יוחנן",0.110726643598616,0.157232704402516,0.101036269430052,0.0708860759493671,0.0601503759398496,0.0843672456575682,0.0802005012531328,0.113989637305699,0.130434782608696,"גנייוחנן"
863,"גינתון",0.046242774566474,0.11166253101737,0.0646551724137931,0.0742971887550201,0.0487329434697856,0.0903846153846154,0.0812379110251451,0.133858267716535,0.121513944223108,"גינתון"
864,"בקוע",0.367816091954023,0.356060606060606,0.267741935483871,0.149717514124294,0.167865707434053,0.141203703703704,0.125874125874126,0.229426433915212,0.283898305084746,"בקוע"
865,"שיבולים",0.62111801242236,0.447674418604651,0.355329949238579,0.237864077669903,0.248826291079812,0.243523316062176,0.237623762376238,0.315789473684211,0.37962962962963,"שיבולים"
866,"יטבתה",0.0208333333333333,0.0304709141274238,0.0327455919395466,0.0321782178217822,0.0261904761904762,0.0265700483091787,0.0504587155963303,0.0367816091954023,0.0358851674641148,"יטבתה"
868,"אלוני יצחק",0.181818181818182,0.0909090909090909,0.142857142857143,0.037037037037037,0.0416666666666667,0.178571428571429,0.173913043478261,0.0434782608695652,0.25,"אלונייצחק"
870,"גבעת השלושה",0.0178571428571429,0.0378006872852234,0.0267857142857143,0.0518731988472622,0.0358974358974359,0.0465116279069767,0.0310880829015544,0.052757793764988,0.0778588807785888,"גבעתהשלושה"
871,"עינת",0.029810298102981,0.0439882697947214,0.0147783251231527,0.0225225225225225,0.019271948608137,0.021978021978022,0.0210970464135021,0.0476190476190476,0.0334728033472803,"עינת"
872,"גאולי תימן",0.263414634146341,0.272277227722772,0.248677248677249,0.150485436893204,0.131707317073171,0.150485436893204,0.120772946859903,0.197802197802198,0.177083333333333,"גאוליתימן"
873,"שלווה",0.727777777777778,0.699551569506726,0.603603603603604,0.203703703703704,0.253289473684211,0.306122448979592,0.277777777777778,0.43042071197411,0.461538461538462,"שלווה"
874,"מגדל העמק",0.45748514658615,0.480964912280702,0.265168354326171,0.356847409190043,0.360176792269084,0.408306566071562,0.392501115905371,0.436642768079801,0.444500107349889,"מגדלהעמק"
877,"בית חירות",0.0223463687150838,0.0155844155844156,0.0224719101123595,0.0199115044247788,0.00211416490486258,0.0148936170212766,0.0127931769722814,0.0423728813559322,0.0108225108225108,"ביתחירות"
880,"עין שריד",0.245080500894454,0.177364864864865,0.165477888730385,0.101542416452442,0.071863580998782,0.116867469879518,0.097051597051597,0.158924205378973,0.171462829736211,"עיןשריד"
885,"שדה בוקר",0.186206896551724,0.16304347826087,0.17,0.0421455938697318,0.0176056338028169,0.0444444444444444,0.03584229390681,0.0925266903914591,0.0415094339622641,"שדהבוקר"
888,"כפר הרי""ף",0.105960264900662,0.105113636363636,0.0675,0.0933333333333333,0.0359550561797753,0.0769230769230769,0.0724946695095949,0.0844444444444444,0.0893246187363834,"כפרהריף"
889,"כפר חסידים ב'",0.383720930232558,0.384615384615385,0.422222222222222,0.54,0.333333333333333,0.347826086956522,0.279220779220779,0.408805031446541,0.312101910828025,"כפרחסידיםב"
892,"עבדון",0.403587443946188,0.409961685823755,0.467105263157895,0.277286135693215,0.165289256198347,0.206434316353887,0.194666666666667,0.304709141274238,0.407960199004975,"עבדון"
913,"שבלי - אום אל-גנם",0.0179487179487179,0.0231388329979879,0.0949759119064005,0.0180351210251542,0.0225988700564972,0.0309544282029235,0.00949742777997626,0.0188323917137476,0.0106288751107174,"שבליאוםאלגנם"
916,"ישע",0.09375,0.142857142857143,0.118343195266272,0.132978723404255,0.0348258706467662,0.0682926829268293,0.0757575757575758,0.130890052356021,0.181395348837209,"ישע"
917,"עצמון שגב",NA,0.0307377049180328,0.0425894378194208,0.0357142857142857,0.0331325301204819,0.0477611940298507,0.0346907993966818,0.0536723163841808,0.0381231671554252,"עצמוןשגב"
919,"גבעת ישעיהו",0.132947976878613,0.133620689655172,0.104918032786885,0.0855614973262032,0.0531645569620253,0.0697674418604651,0.0895140664961637,0.136842105263158,0.128415300546448,"גבעתישעיהו"
921,"שער מנשה",0.333333333333333,0.25,0.2,0.166666666666667,0.272727272727273,0.181818181818182,0.272727272727273,0.461538461538462,0.25,"שערמנשה"
922,"רכסים",0.85736149372513,0.85759953501889,0.863846509477577,0.842105263157895,0.89609644087256,0.894517169417568,0.898311444652908,0.913635515761985,0.934041459653932,"רכסים"
939,"מסעודין אל-עזאזמה",0.024390243902439,0.021669341894061,0.0167296276308689,0.00717251793129483,0.00476839237057221,0.00274348422496571,0.000911161731207289,0.00162074554294976,0.0015271061338763,"מסעודיןאלעזאזמה"
942,"סואעד (חמרייה)",NA,0,0.0273972602739726,0.0833333333333333,0,0,0,0,0,"סואעדחמרייה"
944,"בסמת טבעון",0.0532786885245902,0.0354838709677419,0.0842729970326409,0.0131690739167375,0.0638428483732351,0.0505297473512632,0.0198222829801777,0.00968660968660969,0.00499583680266445,"בסמתטבעון"
956,"הוזייל (שבט)",0.0380952380952381,0.0606060606060606,0.0209424083769634,0.00974025974025974,0.00568181818181818,0,0.00218340611353712,0.00649350649350649,0.00753768844221105,"הוזיילשבט"
957,"עוקבי (בנו עוקבה)",0.00934579439252336,0.0701754385964912,0.00746268656716418,0.0122699386503067,0,0,0,0,0,"עוקביבנועוקבה"
958,"אבו עבדון (שבט)",NA,NA,0,0,0,0,0,0,0,"אבועבדוןשבט"
960,"אסד (שבט)",0,0,0.0602409638554217,0,0.0208333333333333,0,0.00769230769230769,0,0,"אסדשבט"
961,"אבו רוקייק (שבט)",0.0140664961636829,0.0107033639143731,0.026026026026026,0.0103092783505155,0.00806451612903226,0.00366876310272537,0.0023084025854109,0.00229357798165138,0.0105112279025323,"אבורוקייקשבט"
962,"טובא-זנגריה",0.0173469387755102,0.0490633363068689,0.152860802732707,0.0224719101123595,0.0216550657385924,0.0311850311850312,0.00737847222222222,0.0106312292358804,0.00672107537205953,"טובאזנגריה"
963,"אעצם (שבט)",0.0420499342969777,0.026284348864994,0.0176991150442478,0.0712098009188361,0.00742311770943796,0.00372935535428876,0.00295420974889217,0.00537273337810611,0.00287218764959311,"אעצםשבט"
964,"קודייראת א-צאנע(ש",0.0143884892086331,0.0418848167539267,0.0167785234899329,0.00523560209424084,0.0120481927710843,0.00757575757575758,0.0026246719160105,0.00344827586206897,0.00588235294117647,"קודייראתאצאנעש"
965,"אטרש (שבט)",0.0194174757281553,0.06,0.471264367816092,0.177777777777778,0.00888888888888889,0.0170212765957447,0.0136986301369863,0,0.00167224080267559,"אטרששבט"
966,"אבו רובייעה (שבט)",0.0294117647058824,0.04,0.111344537815126,0.024113475177305,0.0119521912350598,0.0055286800276434,0.00399201596806387,0.0165631469979296,0.00950441276306857,"אבורובייעהשבט"
967,"אבו ג'ווייעד (שבט",0.06,0.0202020202020202,0.0242718446601942,0.0065359477124183,0.0111111111111111,0.00187617260787992,0.00509337860780985,0.00290697674418605,0.00740740740740741,"אבוגווייעדשבט"
968,"אבו קורינאת (שבט)",0.0166975881261596,0.0212355212355212,0.127692307692308,0.0186170212765957,0.0127186009538951,0.00744416873449132,0.000753012048192771,0,0.00248138957816377,"אבוקורינאתשבט"
969,"עטאוונה (שבט)",0.0142857142857143,0.142857142857143,0,0.0175438596491228,0.2,0,0,0,0,"עטאוונהשבט"
970,"תראבין א-צאנע (שב",0.0285714285714286,0,0.494623655913978,0.0188679245283019,0.0384615384615385,0,0,0,0,"תראביןאצאנעשב"
972,"קוואעין (שבט)",0.00740740740740741,0.0571428571428571,0,0,0.015625,0,0,0.00869565217391304,0.0143884892086331,"קוואעיןשבט"
975,"זרזיר",0.0625407166123779,0.0536700868192581,0.0857002938295788,0.0286481647269472,0.0129101667563206,0.0105551211884285,0.00809289232934553,0.00423056583818086,0.00197005516154452,"זרזיר"
976,"ג'נאביב (שבט)",0,0.245901639344262,0,0.0901639344262295,0.0460526315789474,0.0436893203883495,0.0142857142857143,0.0308641975308642,0.0043859649122807,"גנאביבשבט"
978,"כעביה-טבאש-חג'אג'",0.307262569832402,0.107142857142857,0.139114160948222,0.0440867739678097,0.0413114754098361,0.0936128717698684,0.0095151789759855,0.00456919060052219,0.0138826690550828,"כעביהטבאשחגאג"
986,"ח'ואלד (שבט)",0.0925925925925926,0.0357142857142857,0.0754716981132075,0.101449275362319,NA,NA,NA,NA,NA,"חואלדשבט"
990,"ראס עלי",NA,0.0496894409937888,0.0112994350282486,0.0297029702970297,0.258064516129032,0,0.0105633802816901,0.00543478260869565,0,"ראסעלי"
993,"חמאם",0.0304449648711944,0.0246153846153846,0.409340659340659,0.029940119760479,0.0266990291262136,0.0089126559714795,0.00771604938271605,0.0448877805486284,0.00168918918918919,"חמאם"
994,"מנשית זבדה",0.175074183976261,0.00917431192660551,0.0411311053984576,0.00636942675159236,0.0121951219512195,0.00974658869395711,0,0.00255754475703325,0.00408997955010225,"מנשיתזבדה"
997,"רומת הייב",0.0946502057613169,0.0387596899224806,0.302521008403361,0.0995575221238938,0.0634615384615385,0.103092783505155,0.0277777777777778,0.186,0.228346456692913,"רומתהייב"
998,"ביר אל-מכסור",0.2,0.0517666392769104,0.00400534045393859,0.0733532934131736,0.0475949367088608,0.0341319330489006,0.0039314799213704,0.0173010380622837,0.00117343346632246,"ביראלמכסור"
1015,"מבשרת ציון",0.206251152498617,0.171543895055499,0.146996035376639,0.110712749175391,0.108045644951611,0.156584681291085,0.134596946677484,0.182206886205086,0.198420041278201,"מבשרתציון"
1020,"אור עקיבא",0.451305683563748,0.448430493273543,0.261329305135952,0.271913746630728,0.222142047211628,0.283467783110385,0.266875061053043,0.302775179295292,0.308759996323191,"אורעקיבא"
1024,"חרוצים",0.186335403726708,0.177111716621253,0.128787878787879,0.114093959731544,0.0592255125284738,0.0950226244343891,0.0875576036866359,0.0913348946135831,0.116772823779193,"חרוצים"
1031,"שדרות",0.474036654135338,0.464429040496169,0.329170286707211,0.319401876102907,0.317554858934169,0.345071517412935,0.336737736693007,0.436186127076608,0.427830993307965,"שדרות"
1034,"קרית מלאכי",0.464808813998704,0.486220944164869,0.425520778812938,0.242226773412772,0.343465045592705,0.353510684692543,0.362670713201821,0.455283053660336,0.515209276467318,"קריתמלאכי"
1041,"נצאצרה (שבט)",0,0.0178571428571429,0.0576131687242798,0.0136054421768707,0.0537634408602151,0.00666666666666667,0,0.00847457627118644,0,"נצאצרהשבט"
1043,"גיזו",0.219178082191781,0.0697674418604651,0.135922330097087,0.0882352941176471,0.0964912280701754,0.104347826086957,0.079646017699115,0.147540983606557,0.100840336134454,"גיזו"
1044,"יעף",NA,NA,0.0803571428571429,0.0161290322580645,0.0476190476190476,0.0719424460431655,0.0503597122302158,0.126865671641791,0.119402985074627,"יעף"
1045,"שתולה",0.282051282051282,0.39344262295082,0.352112676056338,0.217391304347826,0.197604790419162,0.226666666666667,0.216049382716049,0.317567567567568,0.375757575757576,"שתולה"
1046,"אוהד",0.128571428571429,0.150326797385621,0.148148148148148,0.0967741935483871,0.10752688172043,0.138728323699422,0.124324324324324,0.176795580110497,0.165,"אוהד"
1047,"חזון",0.676136363636364,0.55609756097561,0.49047619047619,0.331775700934579,0.160377358490566,0.265402843601896,0.242290748898678,0.29064039408867,0.401826484018265,"חזון"
1050,"בית חשמונאי",0.207920792079208,0.144155844155844,0.130518234165067,0.0840258541089566,0.0512367491166078,0.089143865842895,0.072192513368984,0.107583774250441,0.122156697556866,"ביתחשמונאי"
1051,"תלמי אליהו",0.318965517241379,0.216216216216216,0.228346456692913,0.165605095541401,0.17687074829932,0.192307692307692,0.209302325581395,0.268115942028986,0.22972972972973,"תלמיאליהו"
1052,"קטורה",0.0543478260869565,0.0746268656716418,0.0452261306532663,0.0933333333333333,0.0460251046025105,0.0858369098712446,0.0888888888888889,0.0892857142857143,0.0855855855855856,"קטורה"
1054,"תל שבע",0.0338208409506399,0.0338491295938104,0.0583892617449664,0.0186007773459189,0.0123196057726153,0.00503875968992248,0.00180799132164166,0.000917010545621275,0.00225459590704128,"תלשבע"
1057,"נווה זוהר",0.2,NA,0.142857142857143,0.1,0.136363636363636,0.114285714285714,0.0476190476190476,0.24,0.263157894736842,"נווהזוהר"
1058,"שדה ניצן",0.0754716981132075,0.119791666666667,0.0677966101694915,0.05,0.0697674418604651,0.0883720930232558,0.0758293838862559,0.10377358490566,0.0748898678414097,"שדהניצן"
1059,"כסיפה",0.0280571731074643,0.0482456140350877,0.0491474423269809,0.0131537738803633,0.0111311672683514,0.0168224299065421,0.00502804099787275,0.00387503027367401,0.00266058532877233,"כסיפה"
1060,"לקיה",0.00427350427350427,0.0076413652572593,0.00714498362607919,0.0124528301886792,0.00362100181050091,0.00408639813193228,0.00371057513914657,0.000945179584120983,0.00293901542983101,"לקיה"
1061,"נצרת עילית",0.397083062784077,0.430113802159323,0.080826975141521,0.271456995568418,0.274869724426083,0.289686344336392,0.263666320588634,0.278685198336208,0.277833167165171,"נצרתעילית"
1063,"מעלות-תרשיחא",0.376440062272963,0.451481001296499,0.209637166442695,0.323791403614979,0.292809348788993,0.337306529087351,0.303950319130585,0.330951939135276,0.312741992256248,"מעלותתרשיחא"
1064,"אמירים",0.0980392156862745,0.131313131313131,0.0856353591160221,0.0994764397905759,0.0861244019138756,0.134803921568627,0.142506142506143,0.143958868894602,0.171052631578947,"אמירים"
1065,"זמרת",0.797202797202797,0.687150837988827,0.74331550802139,0.12719298245614,0.354037267080745,0.315315315315315,0.318713450292398,0.427710843373494,0.450704225352113,"זמרת"
1066,"בני עי""ש",0.561319340329835,0.577367841409692,0.211330186059428,0.377391742195368,0.317284925019732,0.42560553633218,0.39951768488746,0.429227677289693,0.430156472261735,"בניעיש"
1067,"דוב""ב",0.265536723163842,0.365482233502538,0.331707317073171,0.193548387096774,0.0912698412698413,0.1285140562249,0.116,0.218487394957983,0.295546558704453,"דובב"
1068,"אדמית",0.0657894736842105,0.117647058823529,0.0521739130434783,0.0625,0.0670103092783505,0.106060606060606,0.112820512820513,0.128865979381443,0.102439024390244,"אדמית"
1069,"רם-און",0.0457142857142857,0.0654911838790932,0.0547045951859956,0.0416666666666667,0.0422535211267606,0.0501002004008016,0.053388090349076,0.0884086444007859,0.05,"רםאון"
1070,"אביעזר",0.364928909952607,0.238683127572016,0.236768802228412,0.182266009852217,0.119909502262443,0.167800453514739,0.157303370786517,0.245614035087719,0.191532258064516,"אביעזר"
1071,"נווה מיכאל",0.515527950310559,0.348314606741573,0.38135593220339,0.241007194244604,0.220338983050847,0.28133704735376,0.284960422163588,0.344213649851632,0.404825737265416,"נווהמיכאל"
1072,"גן הדרום",0.0926829268292683,0.0714285714285714,0.0753138075313808,0.0378787878787879,0.0290909090909091,0.0938628158844765,0.0962199312714777,0.120754716981132,0.109022556390977,"גןהדרום"
1077,"גבעת שפירא",0.0471698113207547,0.0344827586206897,0.0340136054421769,0.0289017341040462,0.0357142857142857,0.072289156626506,0.064327485380117,0.0470588235294118,0.0508474576271186,"גבעתשפירא"
1079,"צפרירים",0.201438848920863,0.230263157894737,0.125,0.147058823529412,0.115577889447236,0.124423963133641,0.126829268292683,0.174887892376682,0.278761061946903,"צפרירים"
1080,"מבועים",0.178861788617886,0.208053691275168,0.226168224299065,0.140983606557377,0.110456553755523,0.136577708006279,0.148425787106447,0.222950819672131,0.275109170305677,"מבועים"
1081,"אבן מנחם",0.0947368421052632,0.193181818181818,0.296296296296296,0.212121212121212,0.139303482587065,0.174358974358974,0.150259067357513,0.221052631578947,0.335051546391753,"אבןמנחם"
1082,"מעגלים",0.62979683972912,0.545842217484009,0.567398119122257,0.250670241286863,0.360766629086809,0.355712603062426,0.375291375291375,0.465416178194607,0.471186440677966,"מעגלים"
1083,"תושיה",0.827868852459016,0.803030303030303,0.761111111111111,0.458149779735683,0.66030534351145,0.631578947368421,0.598425196850394,0.74031007751938,0.703296703296703,"תושיה"
1084,"בן שמן (כפר נוער)",0.0714285714285714,0.0935672514619883,0.065359477124183,0.0239520958083832,0.0181818181818182,0.0548780487804878,0.0479041916167665,0.0974025974025974,0.0843373493975904,"בןשמןכפרנוער"
1085,"כרם שלום",0.0714285714285714,0.285714285714286,0.194444444444444,0.145833333333333,0.253731343283582,0.283582089552239,0.320987654320988,0.386666666666667,0.426966292134831,"כרםשלום"
1094,"כרם יבנה (ישיבה)",0.975609756097561,0.980263157894737,0.912408759124088,0.598639455782313,1,0.899280575539568,0.965277777777778,0.975806451612903,0.965811965811966,"כרםיבנהישיבה"
1095,"כפר מימון",0.832727272727273,0.715189873417722,0.695384615384615,0.577557755775578,0.645161290322581,0.608695652173913,0.6,0.709497206703911,0.545698924731183,"כפרמימון"
1098,"מרכז שפירא",0.842767295597484,0.770423991726991,0.785714285714286,0.580034423407917,0.628571428571429,0.650793650793651,0.642919200695048,0.73238255033557,0.679574791192103,"מרכזשפירא"
1102,"צוקי ים",0.08,0.108910891089109,0.115384615384615,0.0483870967741935,0.0336134453781513,0.0789473684210526,0.0504201680672269,0.0661764705882353,0.0909090909090909,"צוקיים"
1103,"גני הדר",0.0254237288135593,0.0486111111111111,0.0632911392405063,0.043010752688172,0.0609137055837563,0.099009900990099,0.0693069306930693,0.127962085308057,0.0530973451327434,"גניהדר"
1104,"פוריה - כפר עבודה",0.286885245901639,0.192307692307692,0.291390728476821,0.118918918918919,0.118918918918919,0.137931034482759,0.158469945355191,0.215568862275449,0.255208333333333,"פוריהכפרעבודה"
1105,"פוריה - נווה עובד",0.283505154639175,0.286975717439294,0.300917431192661,0.179153094462541,0.106628242074928,0.156432748538012,0.148936170212766,0.178947368421053,0.260330578512397,"פוריהנווהעובד"
1108,"אומן",0.428571428571429,0.510204081632653,0.205479452054795,0.248587570621469,0.173076923076923,0.289592760180996,0.212121212121212,0.259398496240602,0.297935103244838,"אומן"
1110,"חבר",0.32258064516129,0.330827067669173,0.208333333333333,0.203592814371257,0.0865800865800866,0.168,0.154440154440154,0.197879858657244,0.260387811634349,"חבר"
1112,"יודפת",0.0388349514563107,0.0224719101123595,0.0209580838323353,0.0348525469168901,0.0167014613778706,0.0303030303030303,0.0308008213552361,0.045360824742268,0.0259481037924152,"יודפת"
1113,"צור הדסה",0.128048780487805,0.12678936605317,0.0939520730315709,0.124535943300709,0.136342376052385,0.202064220183486,0.16655592469546,0.232721843003413,0.187461585740627,"צורהדסה"
1114,"שריגים (לי-און)",0.0598503740648379,0.07981220657277,0.0460251046025105,0.0415879017013233,0.0343137254901961,0.068259385665529,0.0477031802120141,0.0719424460431655,0.0744274809160305,"שריגיםליאון"
1115,"אביבים",0.515151515151515,0.397058823529412,0.53030303030303,0.258771929824561,0.155102040816327,0.277777777777778,0.272357723577236,0.409090909090909,0.481481481481481,"אביבים"
1123,"אדרת",0.486842105263158,0.361623616236162,0.392523364485981,0.301837270341207,0.242647058823529,0.247474747474747,0.245098039215686,0.342431761786601,0.334085778781038,"אדרת"
1124,"נאות הכיכר",0.0320855614973262,0.06875,0.053030303030303,0.0367647058823529,0.0204081632653061,0.0268456375838926,0.037037037037037,0.0559440559440559,0.0479452054794521,"נאותהכיכר"
1125,"אלמגור",0.0404624277456647,0.0636942675159236,0.0147058823529412,0.0406091370558376,0.012987012987013,0.0341880341880342,0.045662100456621,0.0692640692640693,0.0409090909090909,"אלמגור"
1126,"אילות",0.0387096774193548,0.0479452054794521,0.0279329608938547,0.0606060606060606,0.0121951219512195,0.0121951219512195,0.024390243902439,0.0650887573964497,0.0650887573964497,"אילות"
1127,"מעלה גלבוע",0.438709677419355,0.483695652173913,0.424528301886792,0.457831325301205,0.414141414141414,0.462068965517241,0.455172413793103,0.525423728813559,0.145631067961165,"מעלהגלבוע"
1128,"מי עמי",0.079646017699115,0.306049822064057,0.0437158469945355,0.0106382978723404,0.00975609756097561,0.0341463414634146,0.0255102040816327,0.043010752688172,0.0456852791878173,"מיעמי"
1129,"גרופית",0.0324675324675325,0.0382165605095541,0.0368421052631579,0.0378378378378378,0.00558659217877095,0.0225988700564972,0.029585798816568,0.0602409638554217,0.0481927710843374,"גרופית"
1130,"כפר רוזנואלד (זרע",0.163636363636364,0.210084033613445,0.314516129032258,0.189189189189189,0.0584415584415584,0.152173913043478,0.100671140939597,0.163265306122449,0.178343949044586,"כפררוזנואלדזרע"
1132,"שניר",0.0230414746543779,0.0595238095238095,0.01,0.0267558528428094,0.0124223602484472,0.0490196078431373,0.0488599348534202,0.0735294117647059,0.0279329608938547,"שניר"
1133,"ורדון",0.372727272727273,0.275,0.293233082706767,0.162162162162162,0.111764705882353,0.202614379084967,0.197674418604651,0.195804195804196,0.211538461538462,"ורדון"
1136,"צוחר",0.266666666666667,0.312820512820513,0.264248704663212,0.12639405204461,0.115853658536585,0.125,0.0986842105263158,0.178571428571429,0.242320819112628,"צוחר"
1137,"קרית יערים",0.934024505183789,0.927257525083612,0.924120913016656,0.850555555555556,0.910234899328859,0.918801734331888,0.932395466979289,0.938504823151125,0.954125046244913,"קריתיערים"
1138,"יעד",0.0274914089347079,0.0346820809248555,0.0222841225626741,0.0338164251207729,0.0164319248826291,0.0345679012345679,0.0294117647058824,0.039906103286385,0.0202247191011236,"יעד"
1139,"כרמיאל",0.320917717037247,0.398984419079033,0.133565823888405,0.290209083188418,0.24632754643681,0.334800131600592,0.302913418137054,0.317191804407713,0.292477820291805,"כרמיאל"
1140,"מדרשת בן גוריון",0.0736040609137056,0.0508474576271186,0.0354938271604938,0.0450204638472033,0.0336426914153132,0.0615006150061501,0.0423940149625935,0.086374695863747,0.0429128738621586,"מדרשתבןגוריון"
1141,"מבוא מודיעים",0.72,0.382978723404255,0.491525423728814,0.450819672131148,0.441666666666667,0.613207547169811,0.489795918367347,0.589473684210526,0.679611650485437,"מבואמודיעים"
1145,"אלומה",0.964788732394366,0.985365853658537,0.984251968503937,0.903703703703704,0.936842105263158,0.945848375451264,0.942857142857143,0.951219512195122,0.919020715630885,"אלומה"
1146,"עלומים",0.688073394495413,0.613733905579399,0.630597014925373,0.599236641221374,0.568345323741007,0.631178707224335,0.550943396226415,0.645522388059702,0.247967479674797,"עלומים"
1147,"נטועה",0.26241134751773,0.256756756756757,0.368421052631579,0.281767955801105,0.0983606557377049,0.197802197802198,0.259459459459459,0.23728813559322,0.300518134715026,"נטועה"
1148,"צור נתן",0.119047619047619,0.162162162162162,0.0967741935483871,0.0946745562130177,0.0175438596491228,0.0833333333333333,0.0609756097560976,0.0946745562130177,0.0764331210191083,"צורנתן"
1149,"עזר",0.111436950146628,0.160401002506266,0.145969498910675,0.0804828973843058,0.0894308943089431,0.141104294478528,0.113871635610766,0.173361522198731,0.178111587982833,"עזר"
1150,"צופר",0.0333333333333333,0.0730593607305936,0.0418604651162791,0.0404858299595142,0.0274509803921569,0.0528455284552846,0.0823970037453183,0.0565217391304348,0.0398406374501992,"צופר"
1151,"פארן",0.0420560747663551,0.0382978723404255,0.0505836575875486,0.0333333333333333,0.0145454545454545,0.0384615384615385,0.0231660231660232,0.0577617328519856,0.0224719101123595,"פארן"
1152,"אשלים",0.134615384615385,0.140845070422535,0.0964467005076142,0.114537444933921,0.0824742268041237,0.160714285714286,0.153846153846154,0.21875,0.155115511551155,"אשלים"
1153,"כישור",NA,NA,0.106666666666667,0.0714285714285714,0.0326086956521739,0.0208333333333333,0.0666666666666667,0.0898876404494382,0.0631578947368421,"כישור"
1155,"מגן שאול",0.132352941176471,0.24375,0.161904761904762,0.0891472868217054,0.0960264900662252,0.12012987012987,0.107936507936508,0.186379928315412,0.209726443768997,"מגןשאול"
1156,"סמר",0.0476190476190476,0.0444444444444444,0.0240963855421687,0.0260416666666667,0,0.0202702702702703,0.0136054421768707,0.028169014084507,0.00793650793650794,"סמר"
1157,"אחווה",0.0797101449275362,0.096551724137931,0.131944444444444,0.096551724137931,0.0563380281690141,0.10958904109589,0.0839160839160839,0.0896551724137931,0.0802919708029197,"אחווה"
1158,"יהל",0.0246913580246914,0.0659340659340659,0.0833333333333333,0.0588235294117647,0.0341880341880342,0.0859375,0.0333333333333333,0.137404580152672,0.0538461538461538,"יהל"
1160,"שכניה",0.0772200772200772,0.095679012345679,0.0455696202531646,0.0848329048843188,0.0582120582120582,0.0876826722338205,0.0685224839400428,0.0764044943820225,0.0462555066079295,"שכניה"
1161,"רהט",0.0196242171189979,0.0262504897479431,0.0252227760157076,0.00734667103968514,0.0114092276830491,0.0141010575793184,0.00402001072002859,0.0028424231657488,0.00291000694927033,"רהט"
1162,"בית רימון",0.655737704918033,0.621621621621622,0.74384236453202,0.639004149377593,0.652173913043478,0.741538461538462,0.726708074534162,0.792792792792793,0.409090909090909,"ביתרימון"
1163,"מורן",0.024390243902439,0.0681818181818182,0.0925925925925926,0.0765957446808511,0.0196078431372549,0.0588235294117647,0.0595238095238095,0.0749063670411985,0.0604982206405694,"מורן"
1165,"שילת",0.0541871921182266,0.0673076923076923,0.0532915360501567,0.0512820512820513,0.038265306122449,0.0976863753213368,0.0775,0.0891089108910891,0.0677966101694915,"שילת"
1166,"כפר רות",0.176923076923077,0.1796875,0.0921052631578947,0.147435897435897,0.164473684210526,0.10062893081761,0.155405405405405,0.16025641025641,0.105960264900662,"כפררות"
1167,"קיסריה",0.0721003134796238,0.0753119429590018,0.0644041650597763,0.0607443820224719,0.0496025437201908,0.0928822215129269,0.0794743429286608,0.117182756527019,0.0951552074267479,"קיסריה"
1169,"הוואשלה (שבט)",0.0319148936170213,0.0142450142450142,0.0246085011185682,0.00194174757281553,0.0163934426229508,0.00568181818181818,0.00173010380622837,0.00198019801980198,0,"הוואשלהשבט"
1170,"סייד (שבט)",0.0138888888888889,0.146788990825688,0.0988372093023256,0.0473282442748092,0.282758620689655,0.0154639175257732,0,0,0,"סיידשבט"
1171,"לוטם",0.0484848484848485,0.0710059171597633,0.036144578313253,0.0189873417721519,0.0279329608938547,0.050561797752809,0.0393258426966292,0.0647058823529412,0.0635359116022099,"לוטם"
1172,"תובל",0.0391061452513966,0.03125,0.0103626943005181,0.0358744394618834,0.024390243902439,0.0317460317460317,0.0357142857142857,0.0880829015544041,0.0408163265306122,"תובל"
1173,"לפידות",0.0574712643678161,0.193548387096774,0.241379310344828,0.21505376344086,0.0888888888888889,0.145833333333333,0.0631578947368421,0.208791208791209,0.217391304347826,"לפידות"
1174,"מנוף",0.0371747211895911,0.0347003154574132,0.0249307479224377,0.0216346153846154,0.00635593220338983,0.0463157894736842,0.0456521739130435,0.040948275862069,0.0480349344978166,"מנוף"
1175,"עידן",0.115384615384615,0.121621621621622,0.100671140939597,0.0751445086705202,0.0476190476190476,0.0614525139664804,0.0523255813953488,0.0977011494252874,0.0761421319796954,"עידן"
1176,"ספיר",0.264285714285714,0.205882352941176,0.106508875739645,0.142857142857143,0.197916666666667,0.201970443349754,0.204081632653061,0.258883248730964,0.147058823529412,"ספיר"
1177,"טללים",0.0615384615384615,0.333333333333333,0.0987654320987654,0.0780141843971631,0.0711111111111111,0.091324200913242,0.0987124463519313,0.161702127659574,0.125806451612903,"טללים"
1178,"מורשת",0.786542923433875,0.792656587473002,0.753378378378378,0.731811697574893,0.712793733681462,0.731578947368421,0.670170827858081,0.803995006242197,0.583333333333333,"מורשת"
1179,"קורנית",0.0441640378548896,0.0771513353115727,0.0257009345794393,0.018018018018018,0.0194931773879142,0.0379746835443038,0.0279569892473118,0.0631364562118126,0.0299145299145299,"קורנית"
1180,"צביה",0,0.0125,0.00549450549450549,0.0167597765363128,0.0396039603960396,0.0655737704918033,0.0353535353535354,0.0707070707070707,0.0638297872340425,"צביה"
1181,"טל-אל",0.188636363636364,0.230443974630021,0.0728597449908925,0.0970394736842105,0.0845481049562682,0.135693215339233,0.120863309352518,0.162200282087447,0.1268758526603,"טלאל"
1182,"אלון הגליל",0.0359897172236504,0.0354609929078014,0.0117647058823529,0.0235081374321881,0.00749625187406297,0.0374414976599064,0.0309951060358891,0.0627871362940276,0.0327332242225859,"אלוןהגליל"
1183,"כליל",0.0232558139534884,0.0402298850574713,0.0267857142857143,0.0178571428571429,0.0358208955223881,0.0301204819277108,0.0290697674418605,0.0582010582010582,0.047244094488189,"כליל"
1184,"מתת",0.171052631578947,0.126582278481013,0.0967741935483871,0.0566037735849057,0.00917431192660551,0.138613861386139,0.0769230769230769,0.087719298245614,0.0388349514563107,"מתת"
1186,"הושעיה",0.5678391959799,0.583218707015131,0.579004329004329,0.534261241970021,0.511520737327189,0.566854990583804,0.532180595581172,0.576887232059646,0.276026743075454,"הושעיה"
1188,"אשחר",0.229268292682927,0.228571428571429,0.247933884297521,0.273684210526316,0.222680412371134,0.273684210526316,0.259656652360515,0.301619433198381,0.124744376278119,"אשחר"
1190,"מצפה נטופה",0.637065637065637,0.613003095975232,0.704485488126649,0.567198177676538,0.58953722334004,0.684100418410042,0.64818763326226,0.653061224489796,0.417355371900826,"מצפהנטופה"
1191,"בר יוחאי",0.804469273743017,0.830097087378641,0.726235741444867,0.520833333333333,0.550970873786408,0.553444180522565,0.562091503267974,0.7,0.723044397463002,"בריוחאי"
1192,"ערערה-בנגב",0.0623875224955009,0.00675675675675676,0.00581395348837209,0.00999729802756012,0.0211190942738951,0.0112488521579431,0.0019657951641439,0.00160808637721112,0.00143703969822166,"ערערהבנגב"
1197,"נאות סמדר",0.0792682926829268,0.0628930817610063,0.0157068062827225,0.0248756218905473,0.0133333333333333,0.0440251572327044,0.0201342281879195,0,0.0387096774193548,"נאותסמדר"
1198,"כרמים",NA,NA,0.218390804597701,0.2,0.154320987654321,0.173160173160173,0.203592814371257,0.231638418079096,0.0944444444444444,"כרמים"
1199,"עדי",0.0875634517766497,0.0975336322869955,0.0546623794212219,0.0637707948243993,0.0421792618629174,0.103111111111111,0.0748422001803427,0.0937223695844386,0.086128739800544,"עדי"
1200,"מודיעין-מכבים-רעו",0.174438619826305,0.17387747396243,0.147094158282024,0.145836185261237,0.139160064385308,0.191258911383301,0.165185495703207,0.214592098512057,0.16343001261034,"מודיעיןמכביםרעו"
1201,"כמון",0.0258620689655172,0.048689138576779,0.0384615384615385,0.0595854922279793,0.0297029702970297,0.0358056265984655,0.0378787878787879,0.0481651376146789,0.039119804400978,"כמון"
1202,"מכמנים",0.0303030303030303,0.0584415584415584,0.0263157894736842,0.0375586854460094,0.03690036900369,0.0532319391634981,0.0555555555555556,0.101083032490975,0.0505415162454874,"מכמנים"
1203,"הררית",0.0442477876106195,0.0344827586206897,0.0429447852760736,0.0304568527918782,0.01953125,0.0197628458498024,0.0189393939393939,0.0519031141868512,0.022508038585209,"הררית"
1204,"גילון",0.074245939675174,0.106694560669456,0.0508744038155803,0.0417287630402385,0.0485294117647059,0.0918674698795181,0.0793650793650794,0.11046511627907,0.0671641791044776,"גילון"
1205,"מנות",0.136363636363636,0.177142857142857,0.217171717171717,0.117154811715481,0.0772200772200772,0.162162162162162,0.109433962264151,0.176691729323308,0.233333333333333,"מנות"
1206,"גיתה",0.405660377358491,0.422018348623853,0.0514705882352941,0.157894736842105,0.161764705882353,0.234848484848485,0.210144927536232,0.20863309352518,0.173611111111111,"גיתה"
1207,"לבון",0.203883495145631,0.0614525139664804,0.0785123966942149,0.0782918149466192,0.0445103857566766,0.0861538461538462,0.0690690690690691,0.103857566765579,0.0936708860759494,"לבון"
1208,"הילה",0.0364372469635627,0.0511182108626198,0.0448717948717949,0.0409356725146199,0.0340909090909091,0.0586510263929619,0.0421686746987952,0.0477611940298507,0.0242424242424242,"הילה"
1209,"חרשים",0.0112359550561798,0.0256410256410256,0.0234375,0.027972027972028,0.0164835164835165,0.0465116279069767,0.0180722891566265,0.043010752688172,0.053475935828877,"חרשים"
1210,"כחל",0.0662251655629139,0.0449438202247191,0.0609137055837563,0.0588235294117647,0.0268199233716475,0.0748031496062992,0.0546875,0.16412213740458,0.1,"כחל"
1211,"קדרים",NA,NA,0,0.0114942528735632,0.0078125,0.016260162601626,0.0144927536231884,0.0780141843971631,0.0441176470588235,"קדרים"
1212,"עמוקה",0.0476190476190476,0.0727272727272727,0.0526315789473684,0.0192307692307692,0.0467289719626168,0.0882352941176471,0.0736842105263158,0.0882352941176471,0.0480769230769231,"עמוקה"
1214,"טפחות",0.677966101694915,0.56875,0.557377049180328,0.414893617021277,0.477386934673367,0.50251256281407,0.517241379310345,0.53921568627451,0.671641791044776,"טפחות"
1219,"גורנות הגליל",0.297872340425532,0.247422680412371,0.205128205128205,0.224299065420561,0.2,0.179245283018868,0.186915887850467,0.280373831775701,0.248,"גורנותהגליל"
1220,"אבירים",0.0813953488372093,0.0818181818181818,0.0793650793650794,0.040983606557377,0.0394736842105263,0.0444444444444444,0.0377358490566038,0.0333333333333333,0.0466666666666667,"אבירים"
1221,"צורית",0.058659217877095,0.110576923076923,0.0776053215077605,0.0777537796976242,0.0453686200378072,0.118518518518519,0.0969479353680431,0.113513513513514,0.0730837789661319,"צורית"
1222,"מצפה אבי""ב",0.0421052631578947,0.0652818991097923,0.042654028436019,0.0589430894308943,0.0353356890459364,0.0822669104204753,0.0714285714285714,0.0844827586206897,0.0667838312829526,"מצפהאביב"
1223,"שדי אברהם",0.10752688172043,0.16260162601626,0.112676056338028,0.109090909090909,0.104972375690608,0.11731843575419,0.134408602150538,0.198924731182796,0.171597633136095,"שדיאברהם"
1224,"כוכב יאיר",0.149484536082474,0.138666666666667,0.120147255689424,0.122798353909465,0.113015978695073,0.159470153105109,0.129748482220295,0.163461538461538,0.0896333976495352,"כוכביאיר"
1226,"יובלים",0.0417335473515249,0.0481927710843374,0.0221300138312586,0.0373230373230373,0.0389447236180905,0.0559895833333333,0.0464807436918991,0.0726114649681529,0.0529715762273902,"יובלים"
1227,"יתד",0.51219512195122,0.691275167785235,0.470588235294118,0.134831460674157,0.127572016460905,0.131687242798354,0.126984126984127,0.224719101123595,0.288808664259928,"יתד"
1228,"רקפת",0.0361111111111111,0.0746268656716418,0.0406852248394004,0.0446927374301676,0.0537634408602151,0.0722135007849294,0.0611205432937182,0.0849220103986135,0.0765217391304348,"רקפת"
1229,"כלנית",0.768518518518518,0.609090909090909,0.573770491803279,0.16793893129771,0.24113475177305,0.253246753246753,0.238709677419355,0.323741007194245,0.493421052631579,"כלנית"
1230,"לבנים",0.20125786163522,0.262295081967213,0.230046948356808,0.135135135135135,0.0836820083682008,0.106194690265487,0.108333333333333,0.133891213389121,0.0979591836734694,"לבנים"
1231,"פרי גן",0.12280701754386,0.133333333333333,0.184782608695652,0.149122807017544,0.153153153153153,0.139130434782609,0.109090909090909,0.197916666666667,0.194690265486726,"פריגן"
1232,"יבול",0.514285714285714,0.658273381294964,0.333333333333333,0.184357541899441,0.182352941176471,0.179487179487179,0.146496815286624,0.164634146341463,0.134146341463415,"יבול"
1233,"שקף",0.289617486338798,0.5,0.439169139465875,0.205128205128205,0.0758928571428571,0.0720720720720721,0.0502092050209205,0.115079365079365,0.101960784313725,"שקף"
1234,"קבועה (שבט)",0.00694444444444444,0.00784313725490196,0.363636363636364,0.0147783251231527,0.116402116402116,0.00247524752475248,0.00936768149882904,0.0196850393700787,0,"קבועהשבט"
1235,"שורשים",0.0359712230215827,0.050314465408805,0.0493273542600897,0.0664206642066421,0.0344827586206897,0.0812720848056537,0.0673758865248227,0.0931034482758621,0.0566037735849057,"שורשים"
1236,"נירית",0.0576576576576577,0.0665610142630745,0.0372272143774069,0.0361757105943152,0.0294117647058824,0.0579710144927536,0.0388198757763975,0.067175572519084,0.0422535211267606,"נירית"
1237,"תלמי יוסף",0.0761904761904762,0.118518518518519,0.0740740740740741,0.108433734939759,0.114942528735632,0.117283950617284,0.11038961038961,0.127272727272727,0.173652694610778,"תלמייוסף"
1238,"סופה",0.0866141732283465,0.094017094017094,0.1,0.0763888888888889,0.0336134453781513,0.108108108108108,0.0825688073394495,0.165217391304348,0.169811320754717,"סופה"
1239,"חולית",NA,0.113207547169811,0.138461538461538,0.148148148148148,0.0760869565217391,0.0659340659340659,0.0833333333333333,0.153846153846154,0.130434782608696,"חולית"
1240,"עין הבשור",0.111702127659574,0.129464285714286,0.0896130346232179,0.143410852713178,0.079136690647482,0.126582278481013,0.106145251396648,0.152985074626866,0.0910815939278937,"עיןהבשור"
1241,"דקל",0.159663865546218,0.212903225806452,0.154761904761905,0.146341463414634,0.0585106382978723,0.0647058823529412,0.0934065934065934,0.133689839572193,0.119318181818182,"דקל"
1242,"נתיב העשרה",0.161111111111111,0.164251207729469,0.12882096069869,0.116,0.103250478011472,0.123574144486692,0.122137404580153,0.141025641025641,0.106830122591944,"נתיבהעשרה"
1243,"קציר",NA,NA,0.0803212851405622,0.126545454545455,0.078760490639122,0.126288659793814,0.119143239625167,0.122207621550591,0.108126259234385,"קציר"
1244,"תמרת",0.0452961672473868,0.0491266375545851,0.0276301806588735,0.0249221183800623,0.0220356768100735,0.0544444444444444,0.0304396843291995,0.0485651214128035,0.039766081871345,"תמרת"
1245,"סלמה",0.0412517780938834,0.0396694214876033,0.143042912873862,0.0337636544190665,0.133194588969823,0.101307189542484,0.018413597733711,0.0112676056338028,0.00304182509505703,"סלמה"
1246,"עראמשה",0.0027027027027027,0.0546075085324232,0.230769230769231,0.0230414746543779,0.0997067448680352,0.0620915032679739,0.0330275229357798,0.00279329608938547,0.00397614314115308,"עראמשה"
1247,"חריש",NA,0.337981407702523,0.403508771929825,0.314769975786925,0.349465558194774,0.416822429906542,0.391236611489776,0.483691220440337,0.480726917121669,"חריש"
1249,"הרדוף",0.00561797752808989,0.0198019801980198,0,0.00689655172413793,0.0148809523809524,0.0159744408945687,0.0159235668789809,0.0248447204968944,0.0194805194805195,"הרדוף"
1251,"עין תמר",NA,0.102564102564103,0.125,0.133333333333333,0.148936170212766,0.0632911392405063,0.0947368421052632,0.147368421052632,0.102040816326531,"עיןתמר"
1252,"כורזים",0.0884955752212389,0.0970464135021097,0.0991379310344828,0.055793991416309,0.0404858299595142,0.115555555555556,0.0833333333333333,0.13302752293578,0.0990990990990991,"כורזים"
1253,"אמנון",0.275590551181102,0.270676691729323,0.214765100671141,0.131736526946108,0.101449275362319,0.203045685279188,0.1875,0.26027397260274,0.247967479674797,"אמנון"
1254,"נטף",0.0606060606060606,0.0643564356435644,0.0214592274678112,0.0155642023346304,0.0305084745762712,0.0357142857142857,0.0203252032520325,0.0254545454545455,0.0141843971631206,"נטף"
1255,"לוטן",0.037037037037037,0.0963855421686747,0.0555555555555556,0.0843373493975904,0.0326086956521739,0.0555555555555556,0.0804597701149425,0.103092783505155,0.0416666666666667,"לוטן"
1256,"אשרת",0.246511627906977,0.306603773584906,0.15948275862069,0.153310104529617,0.0986842105263158,0.159863945578231,0.148867313915858,0.244712990936556,0.208211143695015,"אשרת"
1257,"חנתון",NA,0.0381679389312977,0.0577617328519856,0.0963855421686747,0.0763358778625954,0.0725,0.0646766169154229,0.131840796019901,0.0802919708029197,"חנתון"
1258,"מסד",0.0880829015544041,0.0987654320987654,0.0926640926640927,0.036231884057971,0.0305084745762712,0.0447761194029851,0.0601503759398496,0.111888111888112,0.0985915492957746,"מסד"
1259,"נווה שלום",0,0,0,0,0,0.00595238095238095,0,0,0,"נווהשלום"
1260,"רתמים",NA,NA,0.713235294117647,0.649717514124294,0.58659217877095,0.633333333333333,0.601036269430052,0.651785714285714,0.386363636363636,"רתמים"
1261,"הר עמשא",NA,NA,0.407407407407407,0.439024390243902,0.0394736842105263,0.157142857142857,0.121951219512195,0.0449438202247191,0.111111111111111,"הרעמשא"
1262,"צוקים",NA,NA,0.0543478260869565,0.0576923076923077,0.0218978102189781,0.0307692307692308,0.0507246376811594,0.0740740740740741,0.123076923076923,"צוקים"
1263,"כפר ורדים",0.0704275961192957,0.0928407976462896,0.0529500756429652,0.0586259541984733,0.0470519895440023,0.0975757575757576,0.0758279170535438,0.0945197044334975,0.0878807106598985,"כפרורדים"
1264,"כרמי יוסף",0.0507462686567164,0.0518867924528302,0.0468890892696123,0.0490196078431373,0.0426497277676951,0.0800744878957169,0.0648748841519926,0.0925589836660617,0.0706106870229008,"כרמייוסף"
1265,"שומריה",NA,0.975490196078431,0.857142857142857,0.393939393939394,0.955223880597015,0.852517985611511,0.849462365591398,0.954022988505747,0.913357400722022,"שומריה"
1268,"מיתר",0.198891805191018,0.195856873822976,0.164785010809512,0.158422612263506,0.137830482115086,0.182099362072298,0.150989632422243,0.232946298984035,0.207146556188503,"מיתר"
1271,"להבים",0.0848420305289315,0.0964332892998679,0.0750931498996847,0.0696544276457883,0.059799789251844,0.0951612903225806,0.0747264478249266,0.129595345146787,0.143003587903639,"להבים"
1272,"חלוץ",0.0340136054421769,0.0512820512820513,0.0255102040816327,0.0216450216450216,0.0177935943060498,0.0367647058823529,0.0259259259259259,0.0652920962199313,0.0439189189189189,"חלוץ"
1274,"גן נר",0.16135881104034,0.175925925925926,0.125938281901585,0.124821683309558,0.0706806282722513,0.114324142568931,0.103425117528543,0.157501697216565,0.15049504950495,"גןנר"
1275,"אבטליון",0.0178571428571429,0.0526315789473684,0.0342465753424658,0.0588235294117647,0.0611353711790393,0.107296137339056,0.055793991416309,0.0822510822510823,0.040983606557377,"אבטליון"
1280,"ניצני סיני",NA,0.154205607476636,0.191489361702128,0.157894736842105,0.0909090909090909,0.132231404958678,0.162790697674419,0.22972972972973,0.113333333333333,"ניצניסיני"
1282,"מירב",0.774436090225564,0.586021505376344,0.742718446601942,0.741035856573705,0.699346405228758,0.764912280701754,0.636363636363636,0.730886850152905,0.536231884057971,"מירב"
1283,"תל תאומים",0.438095238095238,0.406015037593985,0.389830508474576,0.264150943396226,0.172839506172839,0.236051502145923,0.224,0.345833333333333,0.327137546468401,"תלתאומים"
1284,"נופית",0.051980198019802,0.0664206642066421,0.0414746543778802,0.0425531914893617,0.0347769028871391,0.0787037037037037,0.059779077322937,0.101123595505618,0.0629654705484089,"נופית"
1285,"כרכום",0.0877862595419847,0.09375,0.117056856187291,0.107462686567164,0.046875,0.082018927444795,0.0479452054794521,0.0858085808580858,0.0689655172413793,"כרכום"
1286,"שגב-שלום",0.0134892086330935,0.0163370593293207,0.0398126463700234,0.0187402394586153,0.00250125062531266,0.00628306878306878,0.0044816253361219,0.0293353137764575,0.00156887354879197,"שגבשלום"
1287,"שני",0.378698224852071,0.485875706214689,0.229946524064171,0.263636363636364,0.30952380952381,0.382262996941896,0.329153605015674,0.253164556962025,0.299595141700405,"שני"
1288,"גבעת אלה",0.0447928331466965,0.0516877637130802,0.0309090909090909,0.0252237591537836,0.023130300693909,0.0539867109634551,0.0462046204620462,0.0606312292358804,0.0449339207048458,"גבעתאלה"
1290,"זמר",0.00396825396825397,0.0145015105740181,0.0191846522781775,0.00272585669781931,0.0516821062896148,0.0109116508271735,0.00280461202866937,0.00159151193633952,0.00106458481192335,"זמר"
1291,"כמהין",NA,NA,0.192307692307692,0.164179104477612,0.125714285714286,0.152542372881356,0.142011834319527,0.234042553191489,0.132075471698113,"כמהין"
1292,"ג'דיידה-מכר",0.0230927835051546,0.00653853774519517,0.0112270714737508,0.00534386617100372,0.0133569359510782,0.00691424110627858,0.0035946080878682,0.00375755595490933,0.00271102895871842,"גדיידהמכר"
1293,"גבעת אבני",0.231884057971014,0.253549695740365,0.187108325872874,0.137844611528822,0.102451838879159,0.144839549002602,0.138888888888889,0.196904557179708,0.217354675652906,"גבעתאבני"
1294,"אור הגנוז",0.985294117647059,0.98,0.931372549019608,0.896,0.806451612903226,0.758241758241758,0.782608695652174,0.968944099378882,0.929906542056075,"אורהגנוז"
1295,"יאנוח-ג'ת",0.205592105263158,0.194694694694695,0.194547134935305,0.397759103641457,0.202864885791715,0.275581395348837,0.227237654320988,0.386203660253402,0.362204724409449,"יאנוחגת"
1296,"כסרא-סמיע",0.206562894404712,0.259300595238095,0.226005283240387,0.450968144909432,0.305885389778007,0.307863915225878,0.157280420192588,0.233936022253129,0.176349614395887,"כסראסמיע"
1297,"כפר חנניה",0.385185185185185,0.321782178217822,0.256944444444444,0.159638554216867,0.144772117962467,0.186528497409326,0.172323759791123,0.261333333333333,0.273182957393484,"כפרחנניה"
1303,"חורה",0.00852676456655613,0.0310924369747899,0.0186585980837115,0.00913838120104439,0.0149795733091239,0.00656392694063927,0.00316995854669593,0.00261172373766686,0.00398230088495575,"חורה"
1304,"שוהם",0.164810978767478,0.170066468026587,0.153181155900923,0.134141958670261,0.123280902577617,0.170645890927369,0.144901911257051,0.195856560445961,0.128117738187452,"שוהם"
1309,"אלעד",0.961295008820172,0.952463416746039,0.897349835675827,0.803925522618808,0.911326822296332,0.903114782309413,0.912157611136057,0.949484710255111,0.958343942557417,"אלעד"
1310,"לפיד",0.112244897959184,0.0955109837631328,0.0695142378559464,0.0709382151029748,0.0622763063707946,0.121542940320233,0.0729323308270677,0.108679245283019,0.0908402725208176,"לפיד"
1311,"אבשלום",0.575342465753425,0.752808988764045,0.0727272727272727,0.376811594202899,0.368794326241135,0.52258064516129,0.490445859872611,0.481481481481481,0.433673469387755,"אבשלום"
1313,"פוריה עילית",0.173745173745174,0.196923076923077,0.121546961325967,0.0905077262693157,0.0680628272251309,0.159132007233273,0.120840630472855,0.158362989323843,0.193708609271523,"פוריהעילית"
1314,"נווה זיו",0.106598984771574,0.163179916317992,0.144876325088339,0.116504854368932,0.116279069767442,0.170792079207921,0.120603015075377,0.215311004784689,0.171764705882353,"נווהזיו"
1315,"מתן",0.0858433734939759,0.0991114149008886,0.04742145820984,0.0773026315789474,0.0494534096824571,0.0812664907651715,0.0662868979803211,0.107892107892108,0.089567966280295,"מתן"
1316,"אל-עריאן",NA,NA,0,0,0,0.0222222222222222,0.00970873786407767,0,0.1,"אלעריאן"
1317,"דמיידה",0.0168067226890756,0.00884955752212389,0.00793650793650794,0.0108108108108108,0.00662251655629139,0,0.00840336134453781,0.00617283950617284,0.00571428571428571,"דמיידה"
1319,"בת חפר",0.108353221957041,0.126506024096386,0.0808119494446572,0.0794889992902768,0.0452127659574468,0.098186794389326,0.0745299145299145,0.120013522650439,0.105419695968275,"בתחפר"
1320,"עין חוד",NA,0.0888888888888889,0.330097087378641,0.157407407407407,0.304347826086957,0.00892857142857143,0,0,0,"עיןחוד"
1321,"ח'ואלד",0.0275229357798165,0.0283018867924528,0.0909090909090909,0.0138888888888889,0.0691244239631336,0.0158730158730159,0.0037037037037037,0.0227272727272727,0.0155038759689922,"חואלד"
1323,"בת הדר",0.116788321167883,0.203125,0.118773946360153,0.114906832298137,0.0989583333333333,0.155388471177945,0.158690176322418,0.203045685279188,0.192592592592593,"בתהדר"
1326,"בסמ""ה",0.00344234079173838,0.00224820143884892,0.0348583877995643,0.00196298373527762,0.0147234381217668,0.00248412917471709,0.000451161741484322,0.00589159465828751,0.0144348894348894,"בסמה"
1327,"מעלה עירון",0.0136887608069164,0.00818062827225131,0.13459595959596,0.00936262153402953,0.0479296653431651,0.0096051227321238,0.00182058920887123,0.00189993666877771,0.0546014971378247,"מעלהעירון"
1330,"אחוזת ברק",0.132936507936508,0.15929203539823,0.0994764397905759,0.108247422680412,0.073208722741433,0.1285140562249,0.120583717357911,0.165094339622642,0.147516679021497,"אחוזתברק"
1331,"כמאנה",0.472727272727273,0.143958868894602,0.243055555555556,0.0586080586080586,0.00982800982800983,0.0612612612612613,0.0166919575113809,0.0024390243902439,0.0303605313092979,"כמאנה"
1332,"חוסנייה",0.0892857142857143,0.0162162162162162,0.108597285067873,0.0114068441064639,0.169565217391304,0.003690036900369,0,0.00862068965517241,0.00311526479750779,"חוסנייה"
1333,"נוף איילון",0.919477693144722,0.883883883883884,0.805246422893482,0.703510082150859,0.835172413793103,0.792825768667643,0.784626540971719,0.88839615668884,0.756756756756757,"נוףאיילון"
1334,"ראס אל-עין",0.0125,0,0.126126126126126,0.0072463768115942,0.032258064516129,0.0478723404255319,0.0222222222222222,0,0.0101522842639594,"ראסאלעין"
1335,"ערב אל נעים",NA,0.0909090909090909,0.00892857142857143,0.0173160173160173,0.00387596899224806,0.0122950819672131,0.021505376344086,0.0451977401129944,0.015015015015015,"ערבאלנעים"
1337,"שמשית",0.0412026726057906,0.050880626223092,0.03125,0.0493630573248408,0.0336574420344054,0.0537065052950076,0.0518134715025907,0.0762463343108504,0.0428360413589365,"שמשית"
1338,"כדיתה",NA,NA,0.32,0.246153846153846,0.142857142857143,0.158730158730159,0.166666666666667,0.1875,0.447761194029851,"כדיתה"
1342,"אבו קרינאת (יישוב",NA,NA,0.407407407407407,0.046875,0.0239234449760766,0.0242214532871972,0.00302114803625378,0.00398406374501992,0.00289017341040462,"אבוקרינאתיישוב"
1343,"מכחול",NA,NA,0.108108108108108,0.0208333333333333,0.0476190476190476,0.0116731517509728,0.00819672131147541,0,0.0036101083032491,"מכחול"
1344,"גבעות בר",NA,0.170731707317073,0.122699386503067,0.0826771653543307,0.109839816933638,0.207547169811321,0.161224489795918,0.299227799227799,0.203266787658802,"גבעותבר"
1345,"צור יצחק",NA,0.188405797101449,0.0792377131394183,0.0896739130434783,0.0572640509013786,0.115289982425308,0.0947916666666667,0.13728813559322,0.118686868686869,"צוריצחק"
1346,"תראבין א-צאנע(ישו",NA,NA,0.622641509433962,0.0833333333333333,0.0141843971631206,0.0195121951219512,0,0.00816326530612245,0.00411522633744856,"תראביןאצאנעישו"
1347,"קצר א-סר",0,0.0116731517509728,0.060702875399361,0.0141643059490085,0.0045662100456621,0.00216684723726977,0.00455062571103527,0.00120192307692308,0.00189933523266857,"קצראסר"
1348,"ביר הדאג'",NA,0.0208333333333333,0.0141643059490085,0,0.0043859649122807,0,0,0.00857843137254902,0.00506970849176172,"בירהדאג"
1349,"דריג'את",0.0885416666666667,0.0326086956521739,0.0528846153846154,0.00701754385964912,0.018018018018018,0.00835654596100279,0.00236406619385343,0.0810810810810811,0.0116822429906542,"דריגאת"
1358,"אום בטין",0.043859649122807,0.0150753768844221,0.115163147792706,0.0067911714770798,0.0126182965299685,0.00556586270871985,0.00347826086956522,0.000961538461538462,0.00155159038013964,"אוםבטין"
1359,"אל סייד",NA,0.290322580645161,0.222222222222222,0.0598802395209581,0.317843866171004,0.0172661870503597,0.00568828213879408,0.00248756218905473,0.00275735294117647,"אלסייד"
1361,"בת חן",NA,0.0776470588235294,0.0477386934673367,0.0402010050251256,0.0286624203821656,0.0875,0.053968253968254,0.114155251141553,0.0683760683760684,"בתחן"
1363,"בני נצרים",NA,NA,0.830508474576271,0.276470588235294,0.952191235059761,0.781376518218624,0.81203007518797,0.961977186311787,0.954545454545455,"בנינצרים"
1366,"נווה",NA,NA,0.94047619047619,0.216783216783217,0.974358974358974,0.857142857142857,0.878676470588235,0.992957746478873,0.986440677966102,"נווה"
1370,"מצפה אילן",NA,NA,0.760869565217391,0.75,0.731543624161074,0.782608695652174,0.730392156862745,0.848484848484849,0.360902255639098,"מצפהאילן"
1412,"מחנה תל נוף",0.106194690265487,0.128440366972477,0.102040816326531,0.0731707317073171,0.079136690647482,0.127272727272727,0.1,0.190839694656489,0.0630630630630631,"מחנהתלנוף"
1414,"מחנה מרים",NA,NA,0.0606060606060606,0.078125,0.1,0.164179104477612,0.134146341463415,0.191176470588235,0.1875,"מחנהמרים"
1415,"מחנה יפה",0.162393162393162,0.134920634920635,0.146666666666667,0.142045454545455,0.105590062111801,0.150684931506849,0.177914110429448,0.155405405405405,0.15,"מחנהיפה"
1416,"מחנה יוכבד",NA,0.0925925925925926,0.21978021978022,0.182692307692308,0.072289156626506,0.126760563380282,0.0945945945945946,0.175438596491228,0.105263157894737,"מחנהיוכבד"
1417,"מחנה עדי",NA,NA,0.119047619047619,0.140495867768595,NA,NA,NA,NA,NA,"מחנהעדי"
1418,"מחנה טלי",0.16,0.188034188034188,0.144329896907216,0.127272727272727,0.110091743119266,0.129411764705882,0.125,0.21875,0.25,"מחנהטלי"
1419,"ניצן ב'",NA,0.714285714285714,0.598984771573604,0.355809128630705,0.289370078740157,0.325688073394495,0.28537170263789,0.479411764705882,0.537537537537538,"ניצןב"
2002,"תנובות",0.168711656441718,0.174785100286533,0.187654320987654,0.110619469026549,0.0912951167728238,0.104925053533191,0.113425925925926,0.191685912240185,0.183406113537118,"תנובות"
2003,"תלמי אלעזר",0.109271523178808,0.124293785310734,0.0491400491400491,0.0577367205542725,0.0218687872763419,0.0675944333996024,0.0694980694980695,0.0933333333333333,0.075,"תלמיאלעזר"
2008,"שדה יצחק",0.053475935828877,0.110576923076923,0.101167315175097,0.0481481481481481,0.0424028268551237,0.0586206896551724,0.0467625899280576,0.11986301369863,0.0963855421686747,"שדהיצחק"
2009,"יובל",0.158415841584158,0.16289592760181,0.187279151943463,0.127118644067797,0.0841121495327103,0.118589743589744,0.126984126984127,0.205607476635514,0.159763313609467,"יובל"
2010,"כפר בן נון",0.0892018779342723,0.0963455149501661,0.0427350427350427,0.031496062992126,0.0334928229665072,0.0871670702179177,0.0603864734299517,0.118357487922705,0.122969837587007,"כפרבןנון"
2011,"ינון",0.326086956521739,0.345238095238095,0.238866396761134,0.134281200631912,0.105341246290801,0.114874815905744,0.123595505617978,0.1996996996997,0.318181818181818,"ינון"
2012,"אורות",0.0430622009569378,0.0491803278688525,0.0666666666666667,0.034375,0.0349206349206349,0.0277777777777778,0.056782334384858,0.0920634920634921,0.0493827160493827,"אורות"
2013,"בן שמן (מושב)",0.0712074303405573,0.0884955752212389,0.0627906976744186,0.0522875816993464,0.032967032967033,0.0519187358916479,0.0623655913978495,0.0885529157667387,0.11134903640257,"בןשמןמושב"
2014,"גבעולים",0.460431654676259,0.368055555555556,0.345029239766082,0.0849056603773585,0.158995815899582,0.168067226890756,0.145161290322581,0.19831223628692,0.269230769230769,"גבעולים"
2015,"שדי חמד",0.0695652173913043,0.0919282511210762,0.0463821892393321,0.0601769911504425,0.0482758620689655,0.0472027972027972,0.0648648648648649,0.0977859778597786,0.0810313075506446,"שדיחמד"
2016,"רוויה",0.486238532110092,0.447154471544715,0.584507042253521,0.306666666666667,0.190751445086705,0.215469613259669,0.187845303867403,0.285714285714286,0.411764705882353,"רוויה"
2018,"גבעת חיים (איחוד)",0.0236794171220401,0.0172117039586919,0.00609756097560976,0.020260492040521,0.0108108108108108,0.0175438596491228,0.012311901504788,0.0245231607629428,0.014945652173913,"גבעתחייםאיחוד"
2021,"אשל הנשיא",0.0606060606060606,0.172413793103448,0.178571428571429,0.135593220338983,0.164556962025316,0.173333333333333,0.178082191780822,0.186440677966102,0.21875,"אשלהנשיא"
2023,"להב",0.0149812734082397,0.0209205020920502,0.0242214532871972,0.0207612456747405,0.0224358974358974,0.0231788079470199,0.0238805970149254,0.0366492146596859,0.0317460317460317,"להב"
2024,"אום אל-קוטוף",0.00884955752212389,0.00677966101694915,0.0129032258064516,0.00963391136801541,0.113259668508287,0.041501976284585,0.00172711571675302,0.0638297872340425,0,"אוםאלקוטוף"
2026,"ירדנה",0.355555555555556,0.238993710691824,0.294478527607362,0.184615384615385,0.054726368159204,0.131067961165049,0.131455399061033,0.203980099502488,0.151376146788991,"ירדנה"
2029,"מדרך עוז",0.371647509578544,0.356060606060606,0.25609756097561,0.219948849104859,0.127877237851662,0.151741293532338,0.153284671532847,0.221945137157107,0.200980392156863,"מדרךעוז"
2030,"מנוחה",0.462585034013605,0.337016574585635,0.395555555555556,0.166666666666667,0.178461538461538,0.192660550458716,0.198830409356725,0.368731563421829,0.42896174863388,"מנוחה"
2033,"בית חלקיה",0.96078431372549,0.968888888888889,0.965986394557823,0.935975609756098,0.958974358974359,0.968503937007874,0.968085106382979,0.979487179487179,0.984848484848485,"ביתחלקיה"
2034,"חצור הגלילית",0.58908803373748,0.545664443304259,0.439565414214577,0.358506053765647,0.350471118394101,0.38864719287342,0.385443668993021,0.440993788819876,0.47541294854756,"חצורהגלילית"
2035,"עדנים",0.0704225352112676,0.0462962962962963,0.00888888888888889,0.0611353711790393,0.0429184549356223,0.0517241379310345,0.0297872340425532,0.0833333333333333,0.0636363636363636,"עדנים"
2038,"ברקת",0.73062015503876,0.76843910806175,0.427385892116183,0.262602579132474,0.40506329113924,0.303648068669528,0.348862405200433,0.584357541899441,0.675568743818002,"ברקת"
2042,"עין גדי",0.0337837837837838,0.0391459074733096,0.0325732899022801,0.0408163265306122,0.0153846153846154,0.0377358490566038,0.0383386581469649,0.0844155844155844,0.0353356890459364,"עיןגדי"
2043,"בחן",0.0350877192982456,0.0611111111111111,0.0284900284900285,0.0406698564593301,0.028322440087146,0.0491071428571429,0.0433839479392625,0.0635245901639344,0.0518962075848303,"בחן"
2044,"מלילות",0.433333333333333,0.338028169014085,0.46551724137931,0.181286549707602,0.171428571428571,0.227722772277228,0.223744292237443,0.253658536585366,0.308641975308642,"מלילות"
2045,"נחלה",0.586206896551724,0.527777777777778,0.365019011406844,0.17910447761194,0.207692307692308,0.200520833333333,0.285714285714286,0.3342175066313,0.412060301507538,"נחלה"
2046,"סגולה",0.0456852791878173,0.0376569037656904,0.1,0.0679012345679012,0.0459770114942529,0.0619195046439628,0.0519877675840979,0.103030303030303,0.102857142857143,"סגולה"
2047,"ניר משה",0.0685714285714286,0.141463414634146,0.113725490196078,0.0714285714285714,0.0542372881355932,0.115789473684211,0.103448275862069,0.131578947368421,0.136212624584718,"נירמשה"
2048,"ניר עקיבא",0.223880597014925,0.318181818181818,0.330543933054393,0.168789808917197,0.321808510638298,0.328083989501312,0.357702349869452,0.444723618090452,0.337423312883436,"נירעקיבא"
2049,"שדה צבי",0.36036036036036,0.313333333333333,0.343283582089552,0.159420289855072,0.141935483870968,0.155963302752294,0.188059701492537,0.246835443037975,0.264094955489614,"שדהצבי"
2050,"תלמי ביל""ו",0.326797385620915,0.36,0.255813953488372,0.172093023255814,0.103174603174603,0.146245059288538,0.12589928057554,0.243445692883895,0.332191780821918,"תלמיבילו"
2051,"רווחה",0.682926829268293,0.49618320610687,0.550335570469799,0.286144578313253,0.220630372492837,0.216138328530259,0.270114942528736,0.269565217391304,0.447222222222222,"רווחה"
2052,"אביטל",0.2875,0.375478927203065,0.272030651340996,0.138888888888889,0.177474402730375,0.212418300653595,0.157575757575758,0.254180602006689,0.373088685015291,"אביטל"
2053,"פרזון",0.181818181818182,0.305882352941176,0.152284263959391,0.13215859030837,0.154185022026432,0.147679324894515,0.134883720930233,0.222222222222222,0.286307053941909,"פרזון"
2054,"מיטב",0.226600985221675,0.311627906976744,0.202586206896552,0.125,0.125,0.106007067137809,0.163194444444444,0.218867924528302,0.258620689655172,"מיטב"
2055,"מאור",0.204918032786885,0.20501138952164,0.103074141048825,0.104746317512275,0.0708092485549133,0.113669064748201,0.1212976022567,0.178670360110803,0.169398907103825,"מאור"
2057,"שדי תרומות",0.391891891891892,0.318181818181818,0.238636363636364,0.121212121212121,0.0625,0.1,0.0898876404494382,0.149193548387097,0.249146757679181,"שדיתרומות"
2059,"פעמי תש""ז",0.48125,0.49112426035503,0.446078431372549,0.321969696969697,0.253424657534247,0.297734627831715,0.332236842105263,0.363013698630137,0.415584415584416,"פעמיתשז"
2060,"ברוש",0.224,0.344262295081967,0.283950617283951,0.178378378378378,0.114285714285714,0.177165354330709,0.198529411764706,0.261044176706827,0.258741258741259,"ברוש"
2061,"תדהר",0.184,0.264150943396226,0.252941176470588,0.149122807017544,0.122516556291391,0.117056856187291,0.142384105960265,0.20327868852459,0.248466257668712,"תדהר"
2062,"תאשור",0.150326797385621,0.275641025641026,0.177914110429448,0.114285714285714,0.0717703349282297,0.0945273631840796,0.130890052356021,0.151832460732984,0.161434977578475,"תאשור"
2063,"דישון",0.410404624277457,0.37378640776699,0.239795918367347,0.113300492610837,0.121951219512195,0.240223463687151,0.197969543147208,0.217171717171717,0.270531400966184,"דישון"
2064,"זרועה",0.533333333333333,0.36036036036036,0.402985074626866,0.140350877192982,0.174528301886792,0.188679245283019,0.222707423580786,0.283842794759825,0.354581673306773,"זרועה"
2100,"טירת כרמל",0.373962591353896,0.358375517717441,0.265629892495564,0.226151082537582,0.159116022099448,0.218999335106383,0.204249154997586,0.255626223091977,0.287141905396402,"טירתכרמל"
2200,"דימונה",0.491239669421488,0.47378432021171,0.341473957207694,0.298491713735957,0.201712081022426,0.256365809922295,0.232475293036084,0.286125539770949,0.351307454929349,"דימונה"
2300,"קרית טבעון",0.0868282672822881,0.113400819474572,0.0635509936667395,0.0672863631562269,0.050732109713343,0.0869933326277913,0.0685351665785299,0.0987654320987654,0.0851173322354879,"קריתטבעון"
2400,"אור יהודה",0.386590248881212,0.337534913700494,0.281103689368874,0.240226781857451,0.189691387946356,0.254325074754378,0.241005658161631,0.274504297028591,0.320279509350493,"אוריהודה"
2500,"נשר",0.304741980474198,0.326530612244898,0.124841410809439,0.210460675033128,0.175770643667146,0.257340519668571,0.235551315684872,0.251712763258056,0.261228533685601,"נשר"
2530,"באר יעקב",0.323660714285714,0.311782815561153,0.194053895723491,0.157109004739337,0.119909502262443,0.184335572669179,0.166679857538583,0.215658021133525,0.248505976095618,"באריעקב"
2550,"גדרה",0.270006506180872,0.240305067218201,0.172012755580567,0.136657040937659,0.122333751568381,0.166472732914436,0.151466421624933,0.206569054214484,0.232854527531334,"גדרה"
2560,"ערד",0.397133301481128,0.455535897197132,0.217100633356791,0.351386517036676,0.427775628626692,0.497095305385461,0.486989433843242,0.529460036107008,0.551424628622453,"ערד"
2600,"אילת",0.217244399949944,0.264525646845211,0.174729652817302,0.166805379123045,0.146497376890182,0.193660576711424,0.17405902102845,0.216810160300623,0.230114020460589,"אילת"
2610,"בית שמש",0.667220453181965,0.671637339695795,0.610414625080255,0.555611311175394,0.628565034686824,0.674224028081648,0.671144058934257,0.734565575700495,0.767918088737201,"ביתשמש"
2620,"קרית אונו",0.174789451884578,0.154847064627528,0.105701918452413,0.102962745673218,0.0838276181649676,0.129249159506911,0.108453396745466,0.134644829026122,0.124554220050192,"קריתאונו"
2630,"קרית גת",0.493476355010056,0.509129339809318,0.325887793386266,0.343050258656497,0.338472191850718,0.409043826124228,0.383877359474398,0.420357593293271,0.453510990079751,"קריתגת"
2640,"ראש העין",0.343525069209474,0.279814462948474,0.207351330762272,0.174252660023645,0.157750209989016,0.207715691497697,0.198518786127168,0.264847280997208,0.281750210614996,"ראשהעין"
2650,"רמת השרון",0.124736020567441,0.106559887969892,0.0946258476735526,0.0816594706213629,0.0707265511997923,0.108810408921933,0.0891748003549246,0.120608421443146,0.109440879926673,"רמתהשרון"
2660,"יבנה",0.32937298262482,0.296879904576558,0.266265128700494,0.16953642384106,0.166850467671445,0.226600383032476,0.205443862664375,0.255860328829562,0.282698937592345,"יבנה"
2710,"אום אל-פחם",0.00984059856864021,0.00398817300419446,0.00833122948750315,0.00127946459327789,0.00251078349320801,0.00224039430939845,0.00107099825962783,0.00167056465085199,0.00518995225243928,"אוםאלפחם"
2720,"טירה",0.00351271603203597,0.00505111244738425,0.0124443429615253,0.0013780036172595,0.00236742424242424,0.00232191724023551,0.00243290504067513,0.00138089758342923,0.00176292813969107,"טירה"
2730,"טייבה",0.00397496617050068,0.0114068441064639,0.0124791409707611,0.00428611188421932,0.00731750847760129,0.00352055462275903,0.00155069781401631,0.00631141647359591,0.00241365438767887,"טייבה"
2800,"קרית שמונה",0.420880361173815,0.414533622559653,0.265640817979348,0.264150943396226,0.21075249154247,0.265034836817015,0.249663103045548,0.29452516116617,0.31873500932753,"קריתשמונה"
3000,"ירושלים",0.53157222352474,0.511951720333916,0.495879969644064,0.4380381219495,0.498829066829713,0.531208529985345,0.517280925421176,0.571850278907215,0.582074046089913,"ירושלים"
3400,"חברון",0.622222222222222,0.936073059360731,0.348178137651822,0.393939393939394,0.79646017699115,0.478260869565217,0.590697674418605,0.875621890547264,0.906976744186046,"חברון"
3488,"כפר עציון",0.728682170542636,0.55363321799308,0.582043343653251,0.632047477744807,0.621848739495798,0.60655737704918,0.607629427792916,0.610079575596817,0.305936073059361,"כפרעציון"
3555,"נתיב הגדוד",0.108108108108108,0.0857142857142857,0.209876543209877,0.133333333333333,0.0654205607476635,0.102564102564103,0.0662650602409639,0.179487179487179,0.169117647058824,"נתיבהגדוד"
3556,"אלמוג",0.0634920634920635,0.0760869565217391,0.00961538461538462,0.0480769230769231,0.0514705882352941,0.102362204724409,0.0597014925373134,0.112,0.0909090909090909,"אלמוג"
3557,"קדומים",0.84880147510756,0.788269794721408,0.724260958205912,0.672860635696822,0.731281580156178,0.686964795432921,0.669227076332213,0.806420233463035,0.756796116504854,"קדומים"
3558,"תומר",0.166666666666667,0.158536585365854,0.137362637362637,0.204545454545455,0.0769230769230769,0.141463414634146,0.105820105820106,0.209183673469388,0.139896373056995,"תומר"
3560,"אלקנה",0.805571030640668,0.719626168224299,0.74866569626395,0.712989493791786,0.722169811320755,0.702569169960474,0.659036719122556,0.770429853566368,0.557974233673923,"אלקנה"
3561,"מגדל עוז",0.837349397590361,0.740506329113924,0.864406779661017,0.734104046242775,0.699421965317919,0.672727272727273,0.699386503067485,0.757575757575758,0.467065868263473,"מגדלעוז"
3563,"תקוע",0.67524115755627,0.599201065246338,0.505767524401065,0.53671928620453,0.552257266542981,0.588582677165354,0.53374613003096,0.644695543000628,0.487761194029851,"תקוע"
3564,"כוכב השחר",0.858361774744027,0.917730496453901,0.761433868974042,0.572904707233065,0.820281124497992,0.734358974358974,0.786427145708583,0.921626984126984,0.889822595704949,"כוכבהשחר"
3565,"רימונים",0.371647509578544,0.316546762589928,0.202127659574468,0.231746031746032,0.182584269662921,0.236467236467236,0.173076923076923,0.320916905444126,0.4,"רימונים"
3566,"יפית",0.227272727272727,0.246153846153846,0.123076923076923,0.24390243902439,0.196261682242991,0.201923076923077,0.178217821782178,0.262626262626263,0.386138613861386,"יפית"
3567,"סלעית",0.109704641350211,0.047244094488189,0.037037037037037,0.0378548895899054,0.0397236614853195,0.0538336052202284,0.0429936305732484,0.0741885625965997,0.0625954198473282,"סלעית"
3568,"ריחן",0.186440677966102,0.269230769230769,0.134831460674157,0.181818181818182,0.129032258064516,0.173333333333333,0.16025641025641,0.294797687861272,0.233695652173913,"ריחן"
3569,"מבוא דותן",0.32,0.467741935483871,0.227941176470588,0.325443786982249,0.322916666666667,0.265625,0.3125,0.462686567164179,0.574380165289256,"מבואדותן"
3570,"אריאל",0.477866522268851,0.405399061032864,0.187162236682475,0.305546979520428,0.27961611516545,0.358136156081362,0.31948782011243,0.367613697742249,0.353290870488323,"אריאל"
3571,"שבי שומרון",0.78978978978979,0.763231197771588,0.42257217847769,0.424019607843137,0.662162162162162,0.436073059360731,0.545045045045045,0.78619153674833,0.774678111587983,"שבישומרון"
3572,"כפר תפוח",0.606666666666667,0.826771653543307,0.520958083832335,0.428571428571429,0.671457905544148,0.461693548387097,0.507216494845361,0.778884462151394,0.826666666666667,"כפרתפוח"
3573,"חלמיש",0.807619047619048,0.773480662983425,0.725524475524476,0.643879173290938,0.72158154859967,0.609060402684564,0.634948096885813,0.84020618556701,0.744444444444444,"חלמיש"
3574,"בית אל",0.877577885037297,0.86799501867995,0.729362985299661,0.603448275862069,0.827598439162824,0.734574662285506,0.768915393216549,0.884615384615385,0.864714603409933,"ביתאל"
3575,"בית חורון",0.648293963254593,0.507186858316222,0.554794520547945,0.503300330033003,0.496251874062969,0.537890044576523,0.493449781659389,0.65850144092219,0.523012552301255,"ביתחורון"
3576,"מצפה יריחו",0.703826955074875,0.896648044692737,0.544652701212789,0.556231003039514,0.748549323017408,0.56379821958457,0.627037392138063,0.81420233463035,0.787906976744186,"מצפהיריחו"
3578,"שדמות מחולה",0.875598086124402,0.770114942528736,0.851694915254237,0.760456273764259,0.806748466257669,0.762917933130699,0.790996784565916,0.863492063492064,0.747058823529412,"שדמותמחולה"
3579,"אלון מורה",0.819469026548673,0.887278582930757,0.573426573426573,0.583222370173103,0.872950819672131,0.727272727272727,0.759103641456583,0.906162464985994,0.896792189679219,"אלוןמורה"
3598,"ארגמן",0.1375,0.134146341463415,0.175,0.195402298850575,0.120481927710843,0.105882352941176,0.0813953488372093,0.139240506329114,0.310810810810811,"ארגמן"
3599,"מחולה",0.758793969849246,0.648241206030151,0.685512367491166,0.58695652173913,0.674698795180723,0.698473282442748,0.65625,0.760147601476015,0.526132404181185,"מחולה"
3601,"קליה",0.169117647058824,0.145833333333333,0.172093023255814,0.196850393700787,0.175627240143369,0.150684931506849,0.144144144144144,0.19634703196347,0.164556962025316,"קליה"
3602,"ראש צורים",0.828125,0.722433460076046,0.776349614395887,0.776155717761557,0.793427230046948,0.797560975609756,0.726392251815981,0.775656324582339,0.503464203233256,"ראשצורים"
3603,"הר גילה",0.185022026431718,0.156862745098039,0.198396793587174,0.191027496382055,0.149019607843137,0.221510883482714,0.193798449612403,0.240866035182679,0.291773778920308,"הרגילה"
3604,"אלון שבות",0.766622340425532,0.69757785467128,0.710407239819005,0.654008438818565,0.710086455331412,0.734308348567946,0.685557586837294,0.752707581227437,0.505350772889417,"אלוןשבות"
3605,"משואה",0.160493827160494,0.13953488372093,0.22680412371134,0.270833333333333,0.217821782178218,0.315789473684211,0.238095238095238,0.281818181818182,0.403846153846154,"משואה"
3606,"גלגל",0.0588235294117647,0.15625,0.214285714285714,0.182926829268293,0.0581395348837209,0.147727272727273,0.1,0.204545454545455,0.202127659574468,"גלגל"
3607,"ייט""ב",0.556962025316456,0.902173913043478,0.375,0.751824817518248,0.426829268292683,0.54375,0.490566037735849,0.645962732919255,0.681318681318681,"ייטב"
3608,"מעלה אפרים",0.344405594405594,0.345299145299145,0.218057921635434,0.2859375,0.292993630573248,0.333913043478261,0.32088285229202,0.409252669039146,0.467304625199362,"מעלהאפרים"
3609,"חמרה",0.15,0.223684210526316,0.15,0.118279569892473,0.154639175257732,0.0689655172413793,0.0804597701149425,0.218390804597701,0.349514563106796,"חמרה"
3610,"מצפה שלם",0.0694444444444444,0.0555555555555556,0.0288461538461538,0.0727272727272727,0.04,0.254237288135593,0.247311827956989,0.282722513089005,0.168421052631579,"מצפהשלם"
3611,"קרית ארבע",0.634622749904251,0.756308851224106,0.458979328165375,0.405242542934619,0.577571179546775,0.413289630512515,0.455018359853121,0.65871438038436,0.74145891043398,"קריתארבע"
3612,"בקעות",0.186046511627907,0.118279569892473,0.0990990990990991,0.0956521739130435,0.0884955752212389,0.148148148148148,0.0961538461538462,0.138613861386139,0.173076923076923,"בקעות"
3613,"גיתית",0.55,0.47787610619469,0.590163934426229,0.42,0.567708333333333,0.515463917525773,0.512820512820513,0.642105263157895,0.549738219895288,"גיתית"
3614,"מכורה",0.118421052631579,0.125,0.0533333333333333,0.148148148148148,0.108695652173913,0.229166666666667,0.136842105263158,0.188888888888889,0.273684210526316,"מכורה"
3615,"פצאל",0.164383561643836,0.191780821917808,0.146496815286624,0.221590909090909,0.143589743589744,0.169230769230769,0.139784946236559,0.252688172043011,0.181818181818182,"פצאל"
3616,"מעלה אדומים",0.459832275256682,0.372905215176297,0.305723308770569,0.273514602215509,0.263563212716592,0.306284601189256,0.267736741471269,0.3490345851899,0.39766350372411,"מעלהאדומים"
3617,"עופרה",0.866845397676497,0.733496332518337,0.747353563867325,0.71737660581474,0.729458917835671,0.698544698544699,0.670406732117812,0.788579197824609,0.71041948579161,"עופרה"
3618,"אלעזר",0.737769080234834,0.627939142461964,0.691056910569106,0.635049683830172,0.69000853970965,0.68859649122807,0.662045060658579,0.745551601423488,0.572023313905079,"אלעזר"
3619,"רועי",0.360294117647059,0.384615384615385,0.323741007194245,0.37012987012987,0.0303030303030303,0.0769230769230769,0.116279069767442,0.0779220779220779,0.104651162790698,"רועי"
3620,"נירן",0.0555555555555556,0,0,0,0,NA,NA,NA,NA,"נירן"
3637,"מעלה שומרון",0.490196078431373,0.398671096345515,0.353846153846154,0.429501084598698,0.402985074626866,0.408071748878924,0.382830626450116,NA,NA,"מעלהשומרון"
3638,"כפר אדומים",0.626315789473684,0.472527472527473,0.412634408602151,0.378346222486615,0.404967055245819,0.463593504452593,0.400313971742543,0.491869918699187,0.295123177476119,"כפראדומים"
3639,"ורד יריחו",0.258064516129032,0.275229357798165,0.330935251798561,0.2,0.130681818181818,0.133333333333333,0.117647058823529,0.236842105263158,0.281407035175879,"ורדיריחו"
3640,"קרני שומרון",0.68048128342246,0.600060919890344,0.474834627552488,0.533042053522665,0.522738386308068,0.523431688569303,0.514382402707276,0.63963963963964,0.620033812341505,"קרנישומרון"
3641,"שילה",0.838669950738916,0.864628820960699,0.63102541630149,0.588235294117647,0.777356103731815,0.610180412371134,0.690248565965583,0.885696821515892,0.850197851893725,"שילה"
3643,"חיננית",0.812720848056537,0.752873563218391,0.389496717724289,0.701195219123506,0.648739495798319,0.617647058823529,0.60828025477707,0.670826833073323,0.636363636363636,"חיננית"
3644,"גבעון החדשה",0.383093525179856,0.250825082508251,0.21173104434907,0.188251001335113,0.180167597765363,0.25214899713467,0.168555240793201,0.260115606936416,0.230650154798762,"גבעוןהחדשה"
3645,"בית הערבה",0.230769230769231,0.25,0.2,0.254901960784314,0.19047619047619,0.290322580645161,0.288732394366197,0.4,0.272277227722772,"ביתהערבה"
3647,"יקיר",0.837113402061856,0.741996233521657,0.709635416666667,0.655339805825243,0.694230769230769,0.645645645645646,0.623540856031128,0.77345971563981,0.659380692167577,"יקיר"
3648,"מתתיהו",0.921259842519685,0.977011494252874,0.903061224489796,0.834862385321101,0.914201183431953,0.926686217008798,0.933333333333333,0.973988439306358,0.959893048128342,"מתתיהו"
3649,"שקד",0.27710843373494,0.279310344827586,0.156862745098039,0.281012658227848,0.175398633257403,0.220095693779904,0.190243902439024,0.311804008908686,0.275510204081633,"שקד"
3650,"אפרת",NA,0.564681186040409,0.610781178620375,0.566644780039396,0.586698337292161,0.634851634851635,0.56654478976234,0.709780297661233,0.520491094587584,"אפרת"
3651,"מעלה מכמש",0.811428571428571,0.75146771037182,0.676948051948052,0.606461086637298,0.738605898123324,0.641689373297003,0.63186077643909,0.785070785070785,0.687875150060024,"מעלהמכמש"
3652,"בית אריה",0.244884488448845,0.187535734705546,0.204198473282443,0.262063227953411,0.142267267267267,0.22531452535265,0.176448315032185,0.272003034901366,0.263253449527959,"ביתאריה"
3653,"מעלה עמוס",0.922330097087379,0.91588785046729,0.824675324675325,0.746835443037975,0.87603305785124,0.831325301204819,0.860215053763441,0.944055944055944,0.919753086419753,"מעלהעמוס"
3654,"ברקן",0.368333333333333,0.257597684515195,0.204574332909784,0.2421875,0.161453077699294,0.236625514403292,0.189759036144578,0.26241134751773,0.218423551756885,"ברקן"
3655,"ניל""י",0.317135549872123,0.270454545454545,0.221991701244813,0.233183856502242,0.121140142517815,0.251781472684086,0.18705035971223,0.25364758698092,0.220833333333333,"נילי"
3656,"כרמל",0.904494382022472,0.928571428571429,0.8125,0.686915887850467,0.762114537444934,0.774509803921569,0.787037037037037,0.911894273127753,0.883720930232558,"כרמל"
3657,"מעון",0.961538461538462,0.926666666666667,0.8,0.691176470588235,0.877637130801688,0.754545454545455,0.786046511627907,0.941747572815534,0.916666666666667,"מעון"
3658,"עטרת",0.852941176470588,0.889447236180904,0.713615023474178,0.754098360655738,0.8359375,0.76078431372549,0.759493670886076,0.8828125,0.833333333333333,"עטרת"
3659,"פסגות",0.893108298171589,0.849184782608696,0.787153652392947,0.612121212121212,0.819136522753792,0.771779141104294,0.760095011876485,0.872037914691943,0.806881243063263,"פסגות"
3660,"עמנואל",0.821428571428571,0.95,0.742307692307692,0.665942028985507,0.885658914728682,0.798004987531172,0.860591430295715,0.946574481458202,0.960662525879917,"עמנואל"
3709,"מבוא חורון",0.897374701670644,0.922077922077922,0.772727272727273,0.588578088578089,0.869035532994924,0.784333672431333,0.833830845771144,0.921435499515034,0.89805375347544,"מבואחורון"
3710,"ברכה",0.633047210300429,0.731316725978648,0.281869688385269,0.283088235294118,0.37025641025641,0.364102564102564,0.354291417165669,0.550239234449761,0.465899025686448,"ברכה"
3712,"ענב",0.803030303030303,0.76173285198556,0.664804469273743,0.607843137254902,0.710144927536232,0.565320665083135,0.558411214953271,0.77262180974478,0.734204793028322,"ענב"
3713,"נעמ""ה",NA,0.180327868852459,0.105263157894737,0.103896103896104,0.0714285714285714,0.123456790123457,0.159090909090909,0.195652173913043,0.163636363636364,"נעמה"
3715,"עלמון",0.337423312883436,0.18546365914787,0.179442508710801,0.209375,0.147339699863574,0.195088676671214,0.158108108108108,0.222972972972973,0.24254215304799,"עלמון"
3717,"חרמש",0.309859154929577,0.465116279069767,0.168316831683168,0.355371900826446,0.235714285714286,0.34375,0.25,0.376923076923077,0.345588235294118,"חרמש"
3719,"תלם",0.53448275862069,0.617647058823529,0.452631578947368,0.38,0.628865979381443,0.454545454545455,0.573170731707317,0.788461538461538,0.822222222222222,"תלם"
3720,"שערי תקווה",0.419800884955752,0.311569851176188,0.344073190135243,0.317382125263899,0.271461716937355,0.33631977946244,0.276190476190476,0.401954177897574,NA,"שעריתקווה"
3722,"אשכולות",0.325,0.481675392670157,0.52734375,0.175757575757576,0.177777777777778,0.180672268907563,0.136,0.173584905660377,0.165492957746479,"אשכולות"
3723,"פני חבר",0.811881188118812,0.87962962962963,0.727941176470588,0.319277108433735,0.826815642458101,0.668604651162791,0.780346820809249,0.857142857142857,0.872037914691943,"פניחבר"
3725,"נווה דניאל",0.792483660130719,0.637065637065637,0.695609756097561,0.6455463728191,0.693739424703892,0.676445211389129,0.63982683982684,0.773666092943201,0.519930675909879,"נווהדניאל"
3726,"נוקדים",0.735668789808917,0.757333333333333,0.37953795379538,0.566137566137566,0.555428571428571,0.600467289719626,0.506214689265537,0.649627263045793,0.580234833659491,"נוקדים"
3727,"עלי זהב",0.595238095238095,0.597014925373134,0.428057553956835,0.639622641509434,0.716549295774648,0.729773462783172,0.663716814159292,0.774983454665784,0.604542807221899,"עליזהב"
3730,"גבעת זאב",0.37260106165782,0.307867730900798,0.387494559698245,0.366316329146373,0.476135710178263,0.517583923270153,0.505148806155935,0.602091232908193,0.65279933767981,"גבעתזאב"
3743,"טנא",0.251162790697674,0.346863468634686,0.354430379746835,0.370165745856354,0.429319371727749,0.463350785340314,0.46875,0.580808080808081,0.519230769230769,"טנא"
3744,"ברוכין",NA,NA,0.661971830985915,0.782828282828283,0.893229166666667,0.82687338501292,0.873417721518987,0.909282700421941,0.843264248704663,"ברוכין"
3745,"מצדות יהודה",0.83695652173913,0.830845771144279,0.768888888888889,0.682730923694779,0.837944664031621,0.832635983263598,0.821428571428571,0.902578796561605,0.828254847645429,"מצדותיהודה"
3746,"קרית נטפים",0.777777777777778,0.703703703703704,0.592452830188679,0.601307189542484,0.561046511627907,0.538888888888889,0.529085872576177,0.727019498607242,0.716494845360825,"קריתנטפים"
3747,"דולב",0.921760391198044,0.840954274353877,0.794871794871795,0.758223684210526,0.788321167883212,0.760968229954614,0.694767441860465,0.863173216885007,0.778901734104046,"דולב"
3748,"עתניאל",0.866906474820144,0.817518248175182,0.576666666666667,0.683582089552239,0.721621621621622,0.677142857142857,0.708092485549133,0.837142857142857,0.736994219653179,"עתניאל"
3749,"יצהר",0.357758620689655,0.934256055363322,0.220512820512821,0.220982142857143,0.902985074626866,0.382462686567164,0.651515151515151,0.966312056737589,0.976744186046512,"יצהר"
3750,"אלפי מנשה",0.169325598259608,0.161494252873563,0.12,0.14113759735662,0.0969010175763182,0.165457523987831,0.134440028057049,0.190312213039486,0.175829168559746,"אלפימנשה"
3751,"מגדלים",0.32,0.411764705882353,0.238805970149254,0.440860215053763,0.653179190751445,0.688622754491018,0.61878453038674,0.688118811881188,0.694690265486726,"מגדלים"
3752,"מעלה לבונה",0.794642857142857,0.808888888888889,0.597701149425287,0.487889273356401,0.782089552238806,0.545180722891566,0.674556213017751,0.895209580838323,0.88034188034188,"מעלהלבונה"
3754,"אספר",0.922330097087379,0.863636363636364,0.784883720930233,0.745945945945946,0.901960784313726,0.857664233576642,0.889679715302491,0.971428571428571,0.937142857142857,"אספר"
3756,"סוסיה",0.836,0.875444839857651,0.748031496062992,0.748826291079812,0.771062271062271,0.733201581027668,0.750950570342205,0.901574803149606,0.818791946308725,"סוסיה"
3759,"אדורה",0.301369863013699,0.320388349514563,0.388888888888889,0.346590909090909,0.4,0.410526315789474,0.371727748691099,0.590163934426229,0.565217391304348,"אדורה"
3760,"אורנית",0.172310007524454,0.17318080711789,0.168635335511435,0.178671253493872,0.148538476834361,0.198313104299527,0.178201745484067,0.237092528851994,0.17259083728278,"אורנית"
3762,"איתמר",0.836283185840708,0.944237918215613,0.587392550143267,0.492462311557789,0.788418708240535,0.636781609195402,0.776018099547511,0.928571428571429,0.914634146341463,"איתמר"
3763,"גבע בנימין",0.451167728237792,0.463026952315135,0.409167132476244,0.322535863026377,0.378484320557491,0.371561574269996,0.375365344467641,0.492349234923492,0.587636932707355,"גבעבנימין"
3764,"חגי",0.883435582822086,0.900990099009901,0.724299065420561,0.56,0.854477611940298,0.754789272030651,0.751908396946565,0.920962199312715,0.85,"חגי"
3765,"עלי",0.863453815261044,0.785578747628083,0.744338933528123,0.528524590163934,0.745062836624776,0.703612982241274,0.673518742442563,0.801554094441124,0.787663107947805,"עלי"
3766,"כרמי צור",0.88,0.908759124087591,0.757180156657963,0.658947368421053,0.77728285077951,0.703125,0.746606334841629,0.853211009174312,0.820093457943925,"כרמיצור"
3767,"נחליאל",0.6,0.957142857142857,0.492307692307692,0.233606557377049,0.794573643410853,0.581395348837209,0.726190476190476,0.91497975708502,0.901515151515151,"נחליאל"
3768,"פדואל",0.882075471698113,0.856832971800434,0.796264855687606,0.735380116959064,0.843225083986562,0.815144766146993,0.77384780278671,0.88133764832794,0.799794661190965,"פדואל"
3769,"הר אדר",0.0727718724448078,0.0706319702602231,0.0583250249252243,0.0630588235294118,0.0625,0.0969277369104284,0.0849220103986135,0.111858704793944,0.106157112526539,"הראדר"
3770,"חשמונאים",0.791554357592093,0.624255952380952,0.658282208588957,0.570852534562212,0.625278396436526,0.633504859919954,0.575334496800465,0.751354605659241,0.54390243902439,"חשמונאים"
3778,"עץ אפרים",0.486928104575163,0.444444444444444,0.378661087866109,0.420921544209215,0.436260623229462,0.451552210724365,0.427502338634238,0.591078066914498,NA,"עץאפרים"
3779,"כוכב יעקב",0.848881614839062,0.902694610778443,0.774022801302932,0.576378539493294,0.838543247344461,0.720139494333043,0.764505119453925,0.903645097485165,0.925298804780876,"כוכביעקב"
3780,"ביתר עילית",0.941252088957449,0.984560327198364,0.914838894048725,0.837381071607411,0.9504945498587,0.932728755817859,0.947857243882891,0.977189005383961,0.980918608578183,"ביתרעילית"
3781,"קדר",0.320675105485232,0.254601226993865,0.267578125,0.178353658536585,0.0836879432624113,0.188118811881188,0.128453038674033,0.202295552367288,0.369189907038513,"קדר"
3784,"שמעה",0.238095238095238,0.366412213740458,0.253623188405797,0.383886255924171,0.498432601880878,0.512658227848101,0.467889908256881,0.588588588588589,0.631436314363144,"שמעה"
3787,"נעלה",0.31740614334471,0.289085545722714,0.247058823529412,0.251192368839428,0.157342657342657,0.246478873239437,0.179072276159655,0.264940239043825,0.290057518488085,"נעלה"
3788,"טלמון",0.915360501567398,0.851581508515815,0.725932350390286,0.65659543109801,0.863169897377423,0.763986013986014,0.806760563380282,0.922660897782585,0.876952200662565,"טלמון"
3790,"נופים",0.418367346938776,0.383084577114428,0.244094488188976,0.339805825242718,0.340425531914894,0.338624338624339,0.278481012658228,0.444444444444444,0.438034188034188,"נופים"
3791,"צופים",0.539106145251397,0.503225806451613,0.435933147632312,0.447453954496208,0.426200873362445,0.480106100795756,0.44473455178416,0.53475935828877,0.41812136325852,"צופים"
3793,"אבני חפץ",0.828877005347594,0.866817155756208,0.6796875,0.579809004092769,0.700584795321637,0.58864426419467,0.583427922814983,0.806451612903226,0.797892720306513,"אבניחפץ"
3794,"בת עין",0.481327800829876,0.734006734006734,0.528260869565217,0.396946564885496,0.567692307692308,0.447986577181208,0.510500807754443,0.804971319311663,0.843434343434343,"בתעין"
3795,"רבבה",0.89568345323741,0.892561983471074,0.815834767641997,0.774825174825175,0.852342158859471,0.769857433808554,0.787878787878788,0.91331546023235,0.902928870292887,"רבבה"
3796,"כפר האורנים",0.0606451612903226,0.0756207674943567,0.0745986779981114,0.0709736123748863,0.0569777043765483,0.100676818950931,0.0764655904842821,0.114924181963288,0.0728682170542636,"כפרהאורנים"
3797,"מודיעין עילית",0.988640666414237,0.988066298342541,0.966709075487701,0.93929326487466,0.981996872905964,0.981913929295981,0.984737665412421,0.991751815831589,0.992534233727256,"מודיעיןעילית"
4000,"חיפה",0.226327386881584,0.25774626976468,0.128427200906984,0.189074618882054,0.17312454176984,0.224545618639008,0.205600691443388,0.230458653972519,0.213495606880169,"חיפה"
4001,"בוקעאתא",0.5,0.688311688311688,0,0.0588235294117647,0.123287671232877,0.25609756097561,0.302631578947368,0.391304347826087,0.331578947368421,"בוקעאתא"
4002,"אלי-עד",0.191666666666667,0.324324324324324,0.197674418604651,0.176795580110497,0.102678571428571,0.135514018691589,0.155251141552511,0.187214611872146,0.152263374485597,"אליעד"
4003,"אל-רום",0.0448717948717949,0.0736196319018405,0.0108108108108108,0.0439024390243902,0.0358565737051793,0.0912863070539419,0.112,0.0961538461538462,0.0839416058394161,"אלרום"
4004,"כפר חרוב",0.0514705882352941,0.161849710982659,0.0903614457831325,0.0465116279069767,0.00823045267489712,0.0208333333333333,0.0169491525423729,0.0728744939271255,0.0485074626865672,"כפרחרוב"
4005,"חספין",0.869135802469136,0.865168539325843,0.819734345351044,0.756944444444444,0.792393026941363,0.727564102564103,0.766129032258065,0.850420168067227,0.77639751552795,"חספין"
4006,"קשת",0.930769230769231,0.865612648221344,0.843003412969283,0.646464646464647,0.847305389221557,0.776357827476038,0.788961038961039,0.87741935483871,0.772036474164134,"קשת"
4007,"יונתן",0.807692307692308,0.738636363636364,0.682464454976303,0.622317596566524,0.663230240549828,0.641379310344828,0.633663366336634,0.72168284789644,0.515337423312883,"יונתן"
4008,"מעלה גמלא",0.0946745562130177,0.147208121827411,0.0495867768595041,0.0515873015873016,0.0416666666666667,0.0641891891891892,0.068259385665529,0.0833333333333333,0.060126582278481,"מעלהגמלא"
4009,"שעל",0.355704697986577,0.34965034965035,0.110344827586207,0.117647058823529,0.0769230769230769,0.149068322981366,0.114457831325301,0.163636363636364,0.128491620111732,"שעל"
4010,"אודם",0.0652173913043478,0.137931034482759,0.0793650793650794,0.1125,0.0568181818181818,0.0816326530612245,0.0898876404494382,0.148936170212766,0.0816326530612245,"אודם"
4011,"אבני איתן",0.684782608695652,0.676616915422886,0.610294117647059,0.540350877192982,0.652173913043478,0.588235294117647,0.556270096463023,0.732441471571906,0.666666666666667,"אבניאיתן"
4012,"אניעם",0.158227848101266,0.185344827586207,0.184615384615385,0.0931899641577061,0.065359477124183,0.0559701492537313,0.0772058823529412,0.134751773049645,0.137404580152672,"אניעם"
4013,"אורטל",0.076271186440678,0.190082644628099,0.112676056338028,0.104938271604938,0.0729166666666667,0.0944444444444444,0.0847457627118644,0.0732984293193717,0.0742857142857143,"אורטל"
4014,"נטור",NA,NA,0.35,0.353333333333333,0.404255319148936,0.338888888888889,0.344086021505376,0.485436893203884,0.359649122807018,"נטור"
4015,"בני יהודה",0.149122807017544,0.206382978723404,0.169642857142857,0.140549273021002,0.0892255892255892,0.144557823129252,0.128378378378378,0.208480565371025,0.179487179487179,"בנייהודה"
4017,"אלוני הבשן",0.709302325581395,0.707964601769911,0.728571428571429,0.564102564102564,0.611464968152866,0.55421686746988,0.532894736842105,0.594594594594595,0.45679012345679,"אלוניהבשן"
4021,"גבעת יואב",0.220833333333333,0.223880597014925,0.133779264214047,0.154518950437318,0.0816901408450704,0.136904761904762,0.121951219512195,0.13782991202346,0.113636363636364,"גבעתיואב"
4022,"גשור",0.141509433962264,0.12280701754386,0.103174603174603,0.0948905109489051,0.0443037974683544,0.137254901960784,0.0993377483443709,0.185430463576159,0.117647058823529,"גשור"
4024,"קלע",NA,0.35,0.111111111111111,0.129032258064516,0.0952380952380952,0.165467625899281,0.106382978723404,0.158620689655172,0.173684210526316,"קלע"
4025,"קדמת צבי",0.0915032679738562,0.167630057803468,0.050761421319797,0.0950226244343891,0.0620689655172414,0.106870229007634,0.099290780141844,0.11744966442953,0.0790378006872852,"קדמתצבי"
4026,"חד-נס",0.203389830508475,0.237354085603113,0.169014084507042,0.126491646778043,0.0603015075376884,0.130193905817175,0.0815789473684211,0.133333333333333,0.137019230769231,"חדנס"
4028,"כנף",0.216981132075472,0.258741258741259,0.157894736842105,0.178010471204188,0.104,0.124463519313305,0.132743362831858,0.172268907563025,0.0967741935483871,"כנף"
4100,"קצרין",0.355140186915888,0.425590147109134,0.212974683544304,0.326681870011403,0.285228239296853,0.329360465116279,0.337907375643225,0.378521126760563,0.381889763779528,"קצרין"
4101,"מרום גולן",0.0753968253968254,0.072463768115942,0.0649717514124294,0.0985915492957746,0.0378787878787879,0.0635696821515892,0.037037037037037,0.104265402843602,0.0433734939759036,"מרוםגולן"
4201,"מג'דל שמס",0.515789473684211,0.692307692307692,0.0776699029126214,0.0560747663551402,0.0875912408759124,0.125714285714286,0.0429447852760736,0.0952380952380952,0.147435897435897,"מגדלשמס"
4203,"מסעדה",0.6875,0.91025641025641,0.1875,0.2,0.126760563380282,0.152941176470588,0.0384615384615385,0.180555555555556,0.188118811881188,"מסעדה"
4204,"מבוא חמה",0.0625,0.144278606965174,0.0727272727272727,0.0497925311203319,0.024822695035461,0.0839416058394161,0.0413533834586466,0.0678571428571429,0.048689138576779,"מבואחמה"
4301,"אפיק",0.0620689655172414,0.243243243243243,0.0564971751412429,0.087962962962963,0.0674157303370786,0.112426035502959,0.0909090909090909,0.103448275862069,0.142105263157895,"אפיק"
4303,"נווה אטי""ב",0.175824175824176,0.158415841584158,0.0654205607476635,0.166666666666667,0.1,0.0808080808080808,0.13265306122449,0.12621359223301,0.125,"נווהאטיב"
4304,"נוב",0.746710526315789,0.59047619047619,0.749287749287749,0.626315789473684,0.658476658476658,0.651515151515151,0.593350383631714,0.73838630806846,0.44578313253012,"נוב"
4501,"ע'ג'ר",0.335504885993485,0.308300395256917,0.141534391534392,0.0555555555555556,0.0651085141903172,0.233552631578947,0.292974588938714,0.322274881516588,0.206581352833638,"עגר"
4503,"עין זיוון",0.0769230769230769,0.100840336134454,0.0608108108108108,0.0974025974025974,0.0591397849462366,0.103825136612022,0.101604278074866,0.117647058823529,0.121739130434783,"עיןזיוון"
4551,"נאות גולן",0.141975308641975,0.268817204301075,0.142201834862385,0.150197628458498,0.0652920962199313,0.147157190635452,0.125,0.192567567567568,0.119496855345912,"נאותגולן"
4701,"רמת מגשימים",0.833333333333333,0.733695652173913,0.75,0.630681818181818,0.759103641456583,0.680232558139535,0.709677419354839,0.809116809116809,0.647058823529412,"רמתמגשימים"
4702,"רמות",0.0669014084507042,0.141379310344828,0.0560747663551402,0.037037037037037,0.0547550432276657,0.0771513353115727,0.0623145400593472,0.0792682926829268,0.0747126436781609,"רמות"
5000,"תל אביב - יפו",0.164296469011219,0.162808035714286,0.110612043233797,0.103445636993246,0.0851790538899331,0.122819071648213,0.106774235816034,0.134071321984347,0.129497810350795,"תלאביביפו"
6000,"באקה אל-גרביה",NA,0.00240837696335079,0.00307644977695739,0.0015964877270006,0.006233303650935,0.00258756122354681,0.00338638672536404,0.00230452674897119,0.00155102884913659,"באקהאלגרביה"
6100,"בני ברק",0.881623747975274,0.9001781407154,0.888046096317884,0.863446153063431,0.915656248490411,0.915010485177771,0.919076915823963,0.941502627055035,0.947406833006432,"בניברק"
6200,"בת ים",0.357432432432432,0.377835259881982,0.199968730456535,0.259427599554278,0.246668116437292,0.317164411746368,0.303133947225876,0.332250556736936,0.327783177450965,"בתים"
6300,"גבעתיים",0.110372340425532,0.113372490096981,0.0769755613447463,0.0768380815863346,0.0603911767270191,0.0982957378780323,0.080328401405747,0.112009272192339,0.0926559000353648,"גבעתיים"
6400,"הרצליה",0.162442000343702,0.162286050717019,0.107519918364143,0.107859391591066,0.0894717601900932,0.136732286367323,0.116754509145952,0.148769351112405,0.133325310318743,"הרצליה"
6500,"חדרה",0.333218069221339,0.338854401805869,0.191922857587226,0.2128739435675,0.183360224184783,0.249590538787144,0.225716311465154,0.261447498083872,0.26956017128907,"חדרה"
6600,"חולון",0.261798013609099,0.26475932016283,0.178770590253946,0.188479777394576,0.163020214030916,0.229309352232347,0.210100330477114,0.248823717981862,0.262280107257566,"חולון"
6700,"טבריה",0.488709356996225,0.422297086530663,0.366280711663372,0.295711954102577,0.302610991590065,0.353270576876659,0.357102326461131,0.412028085885825,0.456134125787279,"טבריה"
6800,"קרית אתא",0.370317190967237,0.371757809363206,0.232883501067399,0.245247982713799,0.206302040816327,0.262834948921309,0.241918899813637,0.286657769565069,0.294905738620052,"קריתאתא"
6900,"כפר סבא",0.193394166455973,0.184995441323319,0.115817185775954,0.120208226357632,0.0984372592985639,0.145285828053045,0.123937360178971,0.161721828559312,0.14544048644184,"כפרסבא"
7000,"לוד",0.396234472049689,0.420818926296633,0.23144074061037,0.238939716756486,0.260139125869537,0.294384199506235,0.269289044289044,0.343879410303131,0.365773708601786,"לוד"
7100,"אשקלון",0.458529945553539,0.440325333868862,0.244217449615109,0.283517816056215,0.277531198662709,0.347006289843961,0.322927072927073,0.36370884393917,0.366620472269775,"אשקלון"
7200,"נס ציונה",0.175224560933101,0.168623632510453,0.109638441363807,0.101177551361283,0.0739695972418116,0.121604598063145,0.103725490196078,0.141143037574992,0.143824223434297,"נסציונה"
7300,"נצרת",0.0056616820814245,0.00880878167773411,0.00739938639234795,0.00629649063242693,0.00557911180540058,0.0155724038128795,0.00548435515529385,0.00327361203273612,0.00277563066544867,"נצרת"
7400,"נתניה",0.382593259717545,0.369941130925314,0.245032040908797,0.251403269238063,0.248747959381312,0.319854409047438,0.294297714165976,0.330195779545563,0.330016011606203,"נתניה"
7500,"סח'נין",0.00724361418223408,0.0100502512562814,0.0043780193236715,0.00401791595310236,0.00252614263893785,0.0129745971046162,0.00146327187591454,0.000837089504185447,0.00253903770470992,"סחנין"
7600,"עכו",0.352618429432225,0.359018162201043,0.205580969807868,0.225815227952894,0.19662263835479,0.223732132367339,0.201449495332777,0.249897694721048,0.267464437135951,"עכו"
7700,"עפולה",0.363670671111391,0.36037493723149,0.19820520800913,0.245241836912869,0.222587380142283,0.271690286899412,0.261507392165828,0.318069839283619,0.345566280119436,"עפולה"
7800,"פרדס חנה-כרכור",0.264642082429501,0.254260742898762,0.152952683702164,0.150724791027405,0.108672451394367,0.156646830045452,0.144636455556577,0.176730966359146,0.168141992593262,"פרדסחנהכרכור"
7900,"פתח תקווה",0.366086732464739,0.36855568474799,0.243088655862726,0.268764568764569,0.268317308795521,0.326256598577003,0.308079002806318,0.351009330736682,0.331519743399507,"פתחתקווה"
8000,"צפת",0.545514824287203,0.597088278931751,0.445086705202312,0.398055496416152,0.505486675217329,0.476944837340877,0.500410340582684,0.585216536920868,0.624507567903794,"צפת"
8200,"קרית מוצקין",0.235147425553763,0.275212412264499,0.116534500045575,0.180538934510791,0.137665911298155,0.20908014534765,0.179736575481256,0.215351021753461,0.198680892337536,"קריתמוצקין"
8300,"ראשון לציון",0.224365234375,0.244295962499676,0.124663927559935,0.157746172266164,0.13314603487227,0.198331118865803,0.175808954704338,0.214639827977542,0.216337265131211,"ראשוןלציון"
8400,"רחובות",0.320280368418004,0.321549819475131,0.221008254622106,0.219985010521461,0.222851282051282,0.27093023255814,0.253764225664315,0.294046289786747,0.298832521857494,"רחובות"
8500,"רמלה",0.353058593587558,0.345126782884311,0.249845774213449,0.199820734986555,0.172444942840233,0.224575140137023,0.203972346574489,0.245122417750574,0.296426107354767,"רמלה"
8600,"רמת גן",0.184567971692729,0.179776330539689,0.126923748472226,0.126823767121678,0.103070680990364,0.154883672549496,0.136626211093444,0.171523730224813,0.158995815899582,"רמתגן"
8700,"רעננה",0.192178623332012,0.179027548559096,0.177799917381479,0.156481956958125,0.159462947449453,0.203399926686217,0.18244819386253,0.241204337771391,0.186270904095364,"רעננה"
8800,"שפרעם",0.0780415170359989,0.148795648795649,0.00768454552511061,0.140565723793677,0.146686746987952,0.11404422122864,0.0867486338797814,0.119788119561105,0.0846335095204738,"שפרעם"
8900,"טמרה",0.0614338155905852,0.0059748427672956,0.0220451732673267,0.00559361448054805,0.0330476411087947,0.0106167536054004,0.00731560845116558,0.0025275173257236,0.000968304176618682,"טמרה"
9000,"באר שבע",0.414641580537006,0.41166043697738,0.250902337316466,0.261000689633876,0.242402293339318,0.286919438147585,0.266616968549151,0.307352411708871,0.340485409764081,"בארשבע"
9100,"נהריה",0.303912726023279,0.334897065095181,0.179328751096812,0.230779305828422,0.188616321949655,0.251942899879687,0.227597719613216,0.268307792631236,0.283088677656118,"נהריה"
9200,"בית שאן",0.486305538648813,0.399234151184229,0.443575553416747,0.286113199441521,0.252565274814589,0.292190669371197,0.280261075949367,0.35700575815739,0.43176798232978,"ביתשאן"
9300,"זכרון יעקב",0.213091004872909,0.208175450683201,0.184851644705659,0.173052198508614,0.162555243069506,0.207658805160654,0.189467611669688,0.22676669893514,0.199559332703809,"זכרוןיעקב"
9400,"יהוד-מונוסון",NA,0.182869379014989,0.134996142967344,0.11520404478151,0.089572270525763,0.134202678205953,0.115839524517088,0.161087866108787,0.169097183568964,"יהודמונוסון"
9500,"קרית ביאליק",0.2171990427635,0.24891677872404,0.10915322969972,0.16039603960396,0.128708373086184,0.190451935543619,0.173887213234622,0.20887813503327,0.197580997292813,"קריתביאליק"
9600,"קרית ים",0.355442176870748,0.384357898092556,0.137800849457291,0.25784551108579,0.227509934408962,0.294281253049673,0.271125408104475,0.292915106117353,0.300207141448017,"קריתים"
9700,"הוד השרון",0.135758816413883,0.122644614498478,0.0853336229680316,0.0864266109005359,0.0608620689655172,0.102738733516882,0.0848596199115806,0.116380408024674,0.103443503294026,"הודהשרון"
9800,"בנימינה-גבעת עדה",0.162365372891689,0.148679780258728,0.100800246229609,0.0870750251040023,0.0628196721311475,0.0963406520292748,0.0846456692913386,0.119084967320261,0.0862244897959184,"בנימינהגבעתעדה"
