SEMEL_YISHUV,locality,loc,distance,treated,temporal_distance,number_of_red_alerts,temporal_group,year,party_percentage,party_source,post,year_election,X,SHEM_YISHUV,SHEM_YISHUV_ENGLISH,Religion_yishuv_Code,Religion_yishuv_Txt,Pop_Total,Male_Total,Female_Total,age_0_14,age_15_19,age_20_29,age_30_64,age_65_up,Shape_Area,density,age_65_up_percentage,ntl
13,חצבה,חצבה,102.69354006931124,0,NA,NA,no_red_alert,2006,0.72635994841362,Party_turnout,FALSE,2006,55,חצבה,HAZEVA,1,NA,439,NA,NA,NA,NA,NA,NA,NA,18.1046701907972,24.2478871679832,NA,18.7083333333333
13,חצבה,חצבה,102.69354006931124,0,NA,NA,no_red_alert,2009,0.71461716937355,Party_turnout,FALSE,2009,63,חצבה,HAZEVA,1,NA,439,NA,NA,NA,NA,NA,NA,NA,18.1046701907972,24.2478871679832,NA,16.2592592592593
13,חצבה,חצבה,102.69354006931124,0,NA,NA,no_red_alert,2013,0.75704989154013,Party_turnout,FALSE,2013,60,חצבה,HAZEVA,1,יהודי,490,250,240,140,20,60,210,50,18.1046701907972,27.0648398913708,0.102040816326531,12.875
13,חצבה,חצבה,102.69354006931124,0,NA,NA,no_red_alert,2015,0.763713080168776,Party_turnout,TRUE,2015,56,חצבה,HAZEVA,1,יהודי,570,280,290,170,50,50,210,70,18.1046701907972,31.4835892613905,0.12280701754386,11.25
13,חצבה,חצבה,102.69354006931124,0,NA,NA,no_red_alert,2019,0.802788844621514,Party_turnout,TRUE,2019,62,חצבה,HAZEVA,1,יהודי,620,312,308,186,74,36,213,0,18.1046701907972,34.2453076176528,0,NA
13,חצבה,חצבה,102.69354006931124,0,NA,NA,no_red_alert,2019,0.743027888446215,Party_turnout,TRUE,2019.2,62,חצבה,HAZEVA,1,יהודי,620,312,308,186,74,36,213,0,18.1046701907972,34.2453076176528,0,NA
13,חצבה,חצבה,102.69354006931124,0,NA,NA,no_red_alert,2020,0.763005780346821,Party_turnout,TRUE,2020,65,חצבה,HAZEVA,1,יהודי,695,351,337,202,131,24,223,0,18.1046701907972,38.3878851520463,0,NA
13,חצבה,חצבה,102.69354006931124,0,NA,NA,no_red_alert,2021,0.717996289424861,Party_turnout,TRUE,2021,54,חצבה,HAZEVA,1,יהודי,693,350,343,170,146,40,219,0,18.1046701907972,38.2774164177958,0,NA
13,חצבה,חצבה,102.69354006931124,0,NA,NA,no_red_alert,2022,0.720848056537102,Party_turnout,TRUE,2022,52,חצבה,HAZEVA,1,יהודי,723,368,355,185,136,51,230,0,18.1046701907972,39.9344474315532,0,NA
33,בת שלמה,בתשלמה,121.02849772612562,1,232,3,temporal_distance > 149,2006,0.713617279579139,Party_turnout,FALSE,2006,271,בת שלמה,BAT SHELOMO,1,NA,424,NA,NA,NA,NA,NA,NA,NA,0.579318823054349,731.894050610233,NA,37.1666666666667
33,בת שלמה,בתשלמה,121.02849772612562,1,232,3,temporal_distance > 149,2009,0.724242424242424,Party_turnout,FALSE,2009,267,בת שלמה,BAT SHELOMO,1,NA,500,NA,NA,NA,NA,NA,NA,NA,0.579318823054349,863.08260685169,NA,41.5
33,בת שלמה,בתשלמה,121.02849772612562,1,232,3,temporal_distance > 149,2013,0.785522788203753,Party_turnout,FALSE,2013,275,בת שלמה,BAT SHELOMO,1,יהודי,570,290,280,170,40,70,260,30,0.579318823054349,983.914171810926,0.0526315789473684,38
33,בת שלמה,בתשלמה,121.02849772612562,1,232,3,temporal_distance > 149,2015,0.81360201511335,Party_turnout,TRUE,2015,265,בת שלמה,BAT SHELOMO,1,יהודי,610,310,300,180,30,70,280,40,0.579318823054349,1052.96078035906,0.0655737704918033,35
33,בת שלמה,בתשלמה,121.02849772612562,1,232,3,temporal_distance > 149,2019,0.828703703703704,Party_turnout,TRUE,2019,272,בת שלמה,BAT SHELOMO,1,יהודי,656,327,329,199,44,71,290,0,0.579318823054349,1132.36438018942,0,NA
33,בת שלמה,בתשלמה,121.02849772612562,1,232,3,temporal_distance > 149,2019,0.777011494252874,Party_turnout,TRUE,2019.2,272,בת שלמה,BAT SHELOMO,1,יהודי,656,327,329,199,44,71,290,0,0.579318823054349,1132.36438018942,0,NA
33,בת שלמה,בתשלמה,121.02849772612562,1,232,3,temporal_distance > 149,2020,0.802721088435374,Party_turnout,TRUE,2020,263,בת שלמה,BAT SHELOMO,1,יהודי,658,332,326,193,54,69,284,0,0.579318823054349,1135.81671061682,0,NA
33,בת שלמה,בתשלמה,121.02849772612562,1,232,3,temporal_distance > 149,2021,0.807692307692308,Party_turnout,TRUE,2021,273,בת שלמה,BAT SHELOMO,1,יהודי,649,331,318,177,57,69,281,0,0.579318823054349,1120.28122369349,0,NA
33,בת שלמה,בתשלמה,121.02849772612562,1,232,3,temporal_distance > 149,2022,0.738041002277904,Party_turnout,TRUE,2022,262,בת שלמה,BAT SHELOMO,1,יהודי,633,320,313,164,57,66,276,70,0.579318823054349,1092.66258027424,0.110584518167457,NA
41,אליכין,אליכין,98.15321838009083,0,NA,NA,no_red_alert,2006,0.688769583534745,Party_turnout,FALSE,2006,342,אליכין,ELYAKHIN,1,NA,2698,NA,NA,NA,NA,NA,NA,NA,1.68978454195198,1596.6532614172,NA,61
41,אליכין,אליכין,98.15321838009083,0,NA,NA,no_red_alert,2009,0.704949543488707,Party_turnout,FALSE,2009,338,אליכין,ELYAKHIN,1,NA,2977,NA,NA,NA,NA,NA,NA,NA,1.68978454195198,1761.7630686579,NA,59
41,אליכין,אליכין,98.15321838009083,0,NA,NA,no_red_alert,2013,0.735511982570806,Party_turnout,FALSE,2013,341,אליכין,ELYAKHIN,1,יהודי,3360,1680,1690,970,260,440,1400,290,1.68978454195198,1988.41918397398,0.0863095238095238,63
41,אליכין,אליכין,98.15321838009083,0,NA,NA,no_red_alert,2015,0.795038633590891,Party_turnout,TRUE,2015,349,אליכין,ELYAKHIN,1,יהודי,3420,1710,1710,940,280,460,1440,310,1.68978454195198,2023.92666940209,0.0906432748538012,62
41,אליכין,אליכין,98.15321838009083,0,NA,NA,no_red_alert,2019,0.762633996937213,Party_turnout,TRUE,2019,348,אליכין,ELYAKHIN,1,יהודי,3415,1701,1715,840,269,492,1413,402,1.68978454195198,2020.96771228308,0.117715959004392,NA
41,אליכין,אליכין,98.15321838009083,0,NA,NA,no_red_alert,2019,0.764161849710983,Party_turnout,TRUE,2019.2,348,אליכין,ELYAKHIN,1,יהודי,3415,1701,1715,840,269,492,1413,402,1.68978454195198,2020.96771228308,0.117715959004392,NA
41,אליכין,אליכין,98.15321838009083,0,NA,NA,no_red_alert,2020,0.759208995734781,Party_turnout,TRUE,2020,350,אליכין,ELYAKHIN,1,יהודי,3485,1737,1747,845,262,509,1437,432,1.68978454195198,2062.3931119492,0.123959827833572,NA
41,אליכין,אליכין,98.15321838009083,0,NA,NA,no_red_alert,2021,0.73822188449848,Party_turnout,TRUE,2021,339,אליכין,ELYAKHIN,1,יהודי,3461,1722,1739,816,283,497,1417,448,1.68978454195198,2048.19011777796,0.129442357700087,NA
41,אליכין,אליכין,98.15321838009083,0,NA,NA,no_red_alert,2022,0.757791963950432,Party_turnout,TRUE,2022,343,אליכין,ELYAKHIN,1,יהודי,3462,1736,1726,785,295,496,1424,462,1.68978454195198,2048.78190920176,0.133448873483536,NA
47,כפר תבור,כפרתבור,146.42811679074296,1,6,2,temporal_distance == 6,2006,0.683806188234217,Party_turnout,FALSE,2006,398,כפר תבור,KEFAR TAVOR,1,NA,2568,NA,NA,NA,NA,NA,NA,NA,12.2738423660961,209.225434334529,NA,34.6111111111111
47,כפר תבור,כפרתבור,146.42811679074296,1,6,2,temporal_distance == 6,2009,0.706422018348624,Party_turnout,FALSE,2009,409,כפר תבור,KEFAR TAVOR,1,NA,2625,NA,NA,NA,NA,NA,NA,NA,12.2738423660961,213.869456825599,NA,40.8125
47,כפר תבור,כפרתבור,146.42811679074296,1,6,2,temporal_distance == 6,2013,0.735609368797142,Party_turnout,FALSE,2013,397,כפר תבור,KEFAR TAVOR,1,יהודי,3400,1680,1720,920,300,470,1470,240,12.2738423660961,277.011867888395,0.0705882352941176,46.4444444444444
47,כפר תבור,כפרתבור,146.42811679074296,1,6,2,temporal_distance == 6,2015,0.752962298025135,Party_turnout,TRUE,2015,408,כפר תבור,KEFAR TAVOR,1,יהודי,3800,1870,1920,1030,320,490,1620,330,12.2738423660961,309.601499404677,0.0868421052631579,51.1111111111111
47,כפר תבור,כפרתבור,146.42811679074296,1,6,2,temporal_distance == 6,2019,0.750151057401813,Party_turnout,TRUE,2019,403,כפר תבור,KEFAR TAVOR,1,יהודי,4311,2127,2184,1143,383,513,1781,490,12.2738423660961,351.234753666727,0.113662723266064,NA
47,כפר תבור,כפרתבור,146.42811679074296,1,6,2,temporal_distance == 6,2019,0.728387675740353,Party_turnout,TRUE,2019.2,403,כפר תבור,KEFAR TAVOR,1,יהודי,4311,2127,2184,1143,383,513,1781,490,12.2738423660961,351.234753666727,0.113662723266064,NA
47,כפר תבור,כפרתבור,146.42811679074296,1,6,2,temporal_distance == 6,2020,0.725461035098156,Party_turnout,TRUE,2020,405,כפר תבור,KEFAR TAVOR,1,יהודי,4402,2173,2228,1156,391,530,1796,529,12.2738423660961,358.648894836681,0.120172648796002,NA
47,כפר תבור,כפרתבור,146.42811679074296,1,6,2,temporal_distance == 6,2021,0.706206496519722,Party_turnout,TRUE,2021,407,כפר תבור,KEFAR TAVOR,1,יהודי,4425,2190,2235,1146,394,533,1796,557,12.2738423660961,360.522798648867,0.125875706214689,NA
47,כפר תבור,כפרתבור,146.42811679074296,1,6,2,temporal_distance == 6,2022,0.698781524511193,Party_turnout,TRUE,2022,411,כפר תבור,KEFAR TAVOR,1,יהודי,4410,2196,2214,1101,391,552,1749,616,12.2738423660961,359.300687467006,0.13968253968254,NA
53,עתלית,עתלית,126.3677446411235,1,232,1,temporal_distance > 149,2006,0.632632535287403,Party_turnout,FALSE,2006,460,עתלית,ATLIT,1,NA,4662,NA,NA,NA,NA,NA,NA,NA,9.46151869533657,492.73273669034,NA,52.3333333333333
53,עתלית,עתלית,126.3677446411235,1,232,1,temporal_distance > 149,2009,0.644028103044497,Party_turnout,FALSE,2009,458,עתלית,ATLIT,1,NA,5315,NA,NA,NA,NA,NA,NA,NA,9.46151869533657,561.749141035855,NA,52.8571428571429
53,עתלית,עתלית,126.3677446411235,1,232,1,temporal_distance > 149,2013,0.667347401860676,Party_turnout,FALSE,2013,466,עתלית,ATLIT,1,יהודי,6270,3080,3190,1630,370,760,2820,690,9.46151869533657,662.684311250199,0.110047846889952,55.8333333333333
53,עתלית,עתלית,126.3677446411235,1,232,1,temporal_distance > 149,2015,0.709354357553803,Party_turnout,TRUE,2015,463,עתלית,ATLIT,1,יהודי,6820,3350,3470,1860,390,780,3010,780,9.46151869533657,720.814513991445,0.114369501466276,53.75
53,עתלית,עתלית,126.3677446411235,1,232,1,temporal_distance > 149,2019,0.718087995654536,Party_turnout,TRUE,2019,467,עתלית,ATLIT,1,יהודי,8875,4433,4441,2795,502,849,3799,928,9.46151869533657,938.010089688281,0.10456338028169,NA
53,עתלית,עתלית,126.3677446411235,1,232,1,temporal_distance > 149,2019,0.715947136563877,Party_turnout,TRUE,2019.2,467,עתלית,ATLIT,1,יהודי,8875,4433,4441,2795,502,849,3799,928,9.46151869533657,938.010089688281,0.10456338028169,NA
53,עתלית,עתלית,126.3677446411235,1,232,1,temporal_distance > 149,2020,0.718966390812363,Party_turnout,TRUE,2020,465,עתלית,ATLIT,1,יהודי,9731,4854,4878,3150,561,882,4144,994,9.46151869533657,1028.4818234092,0.102147775151577,NA
53,עתלית,עתלית,126.3677446411235,1,232,1,temporal_distance > 149,2021,0.702757756189282,Party_turnout,TRUE,2021,462,עתלית,ATLIT,1,יהודי,10475,5202,5272,3454,604,882,4476,1059,9.46151869533657,1107.11613402645,0.10109785202864,NA
53,עתלית,עתלית,126.3677446411235,1,232,1,temporal_distance > 149,2022,0.72463976945245,Party_turnout,TRUE,2022,471,עתלית,ATLIT,1,יהודי,10929,5405,5524,3585,692,915,4650,1088,9.46151869533657,1155.0999741074,0.0995516515692195,NA
66,מרחביה (קיבוץ),מרחביהקיבוץ,135.53016759535137,1,6,3,temporal_distance == 6,2006,0.593262709066382,Party_turnout,FALSE,2006,601,מרחביה (קיבוץ),MERHAVYA(QIBBUZ),1,NA,759,NA,NA,NA,NA,NA,NA,NA,0.463263524519468,1638.37634484021,NA,54
66,מרחביה (קיבוץ),מרחביהקיבוץ,135.53016759535137,1,6,3,temporal_distance == 6,2009,0.708117443868739,Party_turnout,FALSE,2009,595,מרחביה (קיבוץ),MERHAVYA(QIBBUZ),1,NA,772,NA,NA,NA,NA,NA,NA,NA,0.463263524519468,1666.43812676765,NA,55
66,מרחביה (קיבוץ),מרחביהקיבוץ,135.53016759535137,1,6,3,temporal_distance == 6,2013,0.754740834386852,Party_turnout,FALSE,2013,602,מרחביה (קיבוץ),MERHAVYA(QIBBUZ),1,יהודי,1090,510,580,300,80,110,460,150,0.463263524519468,2352.87248468489,0.137614678899083,58
66,מרחביה (קיבוץ),מרחביהקיבוץ,135.53016759535137,1,6,3,temporal_distance == 6,2015,0.75417661097852,Party_turnout,TRUE,2015,606,מרחביה (קיבוץ),MERHAVYA(QIBBUZ),1,יהודי,1140,530,610,330,80,100,470,150,0.463263524519468,2460.80241517502,0.131578947368421,62
66,מרחביה (קיבוץ),מרחביהקיבוץ,135.53016759535137,1,6,3,temporal_distance == 6,2019,0.731981981981982,Party_turnout,TRUE,2019,604,מרחביה (קיבוץ),MERHAVYA(QIBBUZ),1,יהודי,1247,605,643,354,93,111,509,182,0.463263524519468,2691.77246642391,0.145950280673617,NA
66,מרחביה (קיבוץ),מרחביהקיבוץ,135.53016759535137,1,6,3,temporal_distance == 6,2019,0.717171717171717,Party_turnout,TRUE,2019.2,604,מרחביה (קיבוץ),MERHAVYA(QIBBUZ),1,יהודי,1247,605,643,354,93,111,509,182,0.463263524519468,2691.77246642391,0.145950280673617,NA
66,מרחביה (קיבוץ),מרחביהקיבוץ,135.53016759535137,1,6,3,temporal_distance == 6,2020,0.721132897603486,Party_turnout,TRUE,2020,594,מרחביה (קיבוץ),MERHAVYA(QIBBUZ),1,יהודי,1270,599,673,359,94,125,512,180,0.463263524519468,2741.42023444937,0.141732283464567,NA
66,מרחביה (קיבוץ),מרחביהקיבוץ,135.53016759535137,1,6,3,temporal_distance == 6,2021,0.707446808510638,Party_turnout,TRUE,2021,600,מרחביה (קיבוץ),MERHAVYA(QIBBUZ),1,יהודי,1299,605,694,353,101,136,520,192,0.463263524519468,2804.01959413364,0.147806004618938,NA
66,מרחביה (קיבוץ),מרחביהקיבוץ,135.53016759535137,1,6,3,temporal_distance == 6,2022,0.690526315789474,Party_turnout,TRUE,2022,603,מרחביה (קיבוץ),MERHAVYA(QIBBUZ),1,יהודי,1331,639,692,344,116,150,528,192,0.463263524519468,2873.09474964733,0.144252441773103,NA
72,גן שמואל,גןשמואל,104.12724532114004,0,NA,NA,no_red_alert,2006,0.752391298213933,Party_turnout,FALSE,2006,682,גן שמואל,GAN SHEMU'EL,1,NA,830,NA,NA,NA,NA,NA,NA,NA,0.647847112775246,1281.16647220121,NA,61
72,גן שמואל,גןשמואל,104.12724532114004,0,NA,NA,no_red_alert,2009,0.741463414634146,Party_turnout,FALSE,2009,672,גן שמואל,GAN SHEMU'EL,1,NA,792,NA,NA,NA,NA,NA,NA,NA,0.647847112775246,1222.51065781127,NA,59
72,גן שמואל,גןשמואל,104.12724532114004,0,NA,NA,no_red_alert,2013,0.762246117084827,Party_turnout,FALSE,2013,681,גן שמואל,GAN SHEMU'EL,1,יהודי,860,410,440,190,40,110,350,160,0.647847112775246,1327.473694088,0.186046511627907,63
72,גן שמואל,גןשמואל,104.12724532114004,0,NA,NA,no_red_alert,2015,0.7903981264637,Party_turnout,TRUE,2015,675,גן שמואל,GAN SHEMU'EL,1,יהודי,870,420,460,200,40,110,350,180,0.647847112775246,1342.90943471693,0.206896551724138,62
72,גן שמואל,גןשמואל,104.12724532114004,0,NA,NA,no_red_alert,2019,0.771526980482204,Party_turnout,TRUE,2019,671,גן שמואל,GAN SHEMU'EL,1,יהודי,933,449,484,232,45,88,367,200,0.647847112775246,1440.15460067919,0.214362272240086,NA
72,גן שמואל,גןשמואל,104.12724532114004,0,NA,NA,no_red_alert,2019,0.781714285714286,Party_turnout,TRUE,2019.2,671,גן שמואל,GAN SHEMU'EL,1,יהודי,933,449,484,232,45,88,367,200,0.647847112775246,1440.15460067919,0.214362272240086,NA
72,גן שמואל,גןשמואל,104.12724532114004,0,NA,NA,no_red_alert,2020,0.773823191733639,Party_turnout,TRUE,2020,678,גן שמואל,GAN SHEMU'EL,1,יהודי,943,456,488,237,48,81,381,196,0.647847112775246,1455.59034130812,0.207847295864263,NA
72,גן שמואל,גןשמואל,104.12724532114004,0,NA,NA,no_red_alert,2021,0.778669724770642,Party_turnout,TRUE,2021,679,גן שמואל,GAN SHEMU'EL,1,יהודי,948,455,492,243,52,80,374,198,0.647847112775246,1463.30821162259,0.208860759493671,NA
72,גן שמואל,גןשמואל,104.12724532114004,0,NA,NA,no_red_alert,2022,0.763761467889908,Party_turnout,TRUE,2022,668,גן שמואל,GAN SHEMU'EL,1,יהודי,964,464,501,249,54,78,377,204,0.647847112775246,1488.00539662887,0.211618257261411,NA
74,עין הוד,עיןהוד,130.85545269451796,1,232,1,temporal_distance > 149,2006,0.610400827662139,Party_turnout,FALSE,2006,694,עין הוד,EN HOD,1,NA,519,NA,NA,NA,NA,NA,NA,NA,0.301117855205259,1723.57763257254,NA,31
74,עין הוד,עיןהוד,130.85545269451796,1,232,1,temporal_distance > 149,2009,0.684057971014493,Party_turnout,FALSE,2009,692,עין הוד,EN HOD,1,NA,503,NA,NA,NA,NA,NA,NA,NA,0.301117855205259,1670.44229129863,NA,39.75
74,עין הוד,עיןהוד,130.85545269451796,1,232,1,temporal_distance > 149,2013,0.70935960591133,Party_turnout,FALSE,2013,697,עין הוד,EN HOD,1,יהודי,590,300,280,140,40,60,260,90,0.301117855205259,1959.36570947553,0.152542372881356,41
74,עין הוד,עיןהוד,130.85545269451796,1,232,1,temporal_distance > 149,2015,0.745575221238938,Party_turnout,TRUE,2015,695,עין הוד,EN HOD,1,יהודי,590,300,290,140,40,60,270,90,0.301117855205259,1959.36570947553,0.152542372881356,43
74,עין הוד,עיןהוד,130.85545269451796,1,232,1,temporal_distance > 149,2019,0.743951612903226,Party_turnout,TRUE,2019,685,עין הוד,EN HOD,1,יהודי,643,324,319,155,39,60,296,93,0.301117855205259,2135.37652744536,0.144634525660964,NA
74,עין הוד,עיןהוד,130.85545269451796,1,232,1,temporal_distance > 149,2019,0.721774193548387,Party_turnout,TRUE,2019.2,685,עין הוד,EN HOD,1,יהודי,643,324,319,155,39,60,296,93,0.301117855205259,2135.37652744536,0.144634525660964,NA
74,עין הוד,עיןהוד,130.85545269451796,1,232,1,temporal_distance > 149,2020,0.707661290322581,Party_turnout,TRUE,2020,696,עין הוד,EN HOD,1,יהודי,651,327,321,158,37,65,297,94,0.301117855205259,2161.94419808232,0.144393241167435,NA
74,עין הוד,עיןהוד,130.85545269451796,1,232,1,temporal_distance > 149,2021,0.698630136986301,Party_turnout,TRUE,2021,686,עין הוד,EN HOD,1,יהודי,665,338,328,153,47,64,302,99,0.301117855205259,2208.43762169699,0.148872180451128,NA
74,עין הוד,עיןהוד,130.85545269451796,1,232,1,temporal_distance > 149,2022,0.644787644787645,Party_turnout,TRUE,2022,690,עין הוד,EN HOD,1,יהודי,664,336,328,153,50,56,299,106,0.301117855205259,2205.11666286737,0.159638554216867,NA
80,נהלל,נהלל,136.37751654818305,1,6,1,temporal_distance == 6,2006,0.661515842238734,Party_turnout,FALSE,2006,772,נהלל,NAHALAL,1,NA,913,NA,NA,NA,NA,NA,NA,NA,7.05674444147492,129.379773856339,NA,57.2222222222222
80,נהלל,נהלל,136.37751654818305,1,6,1,temporal_distance == 6,2009,0.733113673805601,Party_turnout,FALSE,2009,760,נהלל,NAHALAL,1,NA,849,NA,NA,NA,NA,NA,NA,NA,7.05674444147492,120.310435929936,NA,57
80,נהלל,נהלל,136.37751654818305,1,6,1,temporal_distance == 6,2013,0.759873617693523,Party_turnout,FALSE,2013,765,נהלל,NAHALAL,1,יהודי,920,490,420,200,200,100,320,110,7.05674444147492,130.371732692039,0.119565217391304,61.8888888888889
80,נהלל,נהלל,136.37751654818305,1,6,1,temporal_distance == 6,2015,0.779279279279279,Party_turnout,TRUE,2015,766,נהלל,NAHALAL,1,יהודי,960,510,450,210,220,100,330,100,7.05674444147492,136.040068896041,0.104166666666667,55.5555555555556
80,נהלל,נהלל,136.37751654818305,1,6,1,temporal_distance == 6,2019,0.761442441054092,Party_turnout,TRUE,2019,764,נהלל,NAHALAL,1,יהודי,930,453,477,276,69,94,364,127,7.05674444147492,131.788816743039,0.136559139784946,NA
80,נהלל,נהלל,136.37751654818305,1,6,1,temporal_distance == 6,2019,0.754716981132076,Party_turnout,TRUE,2019.2,764,נהלל,NAHALAL,1,יהודי,930,453,477,276,69,94,364,127,7.05674444147492,131.788816743039,0.136559139784946,NA
80,נהלל,נהלל,136.37751654818305,1,6,1,temporal_distance == 6,2020,0.757738896366083,Party_turnout,TRUE,2020,771,נהלל,NAHALAL,1,יהודי,1181,594,588,365,195,101,394,126,7.05674444147492,167.35762642315,0.106689246401355,NA
80,נהלל,נהלל,136.37751654818305,1,6,1,temporal_distance == 6,2021,0.763089005235602,Party_turnout,TRUE,2021,761,נהלל,NAHALAL,1,יהודי,1253,639,614,370,236,96,422,128,7.05674444147492,177.560631590353,0.102154828411812,NA
80,נהלל,נהלל,136.37751654818305,1,6,1,temporal_distance == 6,2022,0.741626794258373,Party_turnout,TRUE,2022,758,נהלל,NAHALAL,1,יהודי,1351,689,662,395,276,96,455,128,7.05674444147492,191.448055290157,0.0947446336047372,NA
82,עין חרוד (מאוחד),עיןחרודמאוחד,136.0019124449435,1,6,1,temporal_distance == 6,2006,0.651568186464936,Party_turnout,FALSE,2006,773,עין חרוד (מאוחד),EN HAROD(ME'UHAD),1,NA,730,NA,NA,NA,NA,NA,NA,NA,0.694092443984341,1051.73310317216,NA,47
82,עין חרוד (מאוחד),עיןחרודמאוחד,136.0019124449435,1,6,1,temporal_distance == 6,2009,0.708955223880597,Party_turnout,FALSE,2009,778,עין חרוד (מאוחד),EN HAROD(ME'UHAD),1,NA,721,NA,NA,NA,NA,NA,NA,NA,0.694092443984341,1038.7665306673,NA,46.75
82,עין חרוד (מאוחד),עיןחרודמאוחד,136.0019124449435,1,6,1,temporal_distance == 6,2013,0.706056129985229,Party_turnout,FALSE,2013,779,עין חרוד (מאוחד),EN HAROD(ME'UHAD),1,יהודי,720,360,360,140,50,110,280,150,0.694092443984341,1037.32580038898,0.208333333333333,56
82,עין חרוד (מאוחד),עיןחרודמאוחד,136.0019124449435,1,6,1,temporal_distance == 6,2015,0.714285714285714,Party_turnout,TRUE,2015,785,עין חרוד (מאוחד),EN HAROD(ME'UHAD),1,יהודי,740,360,380,160,30,110,280,160,0.694092443984341,1066.14040595534,0.216216216216216,49
82,עין חרוד (מאוחד),עיןחרודמאוחד,136.0019124449435,1,6,1,temporal_distance == 6,2019,0.722058823529412,Party_turnout,TRUE,2019,784,עין חרוד (מאוחד),EN HAROD(ME'UHAD),1,יהודי,760,371,389,178,44,86,283,168,0.694092443984341,1094.9550115217,0.221052631578947,NA
82,עין חרוד (מאוחד),עיןחרודמאוחד,136.0019124449435,1,6,1,temporal_distance == 6,2019,0.737388724035608,Party_turnout,TRUE,2019.2,784,עין חרוד (מאוחד),EN HAROD(ME'UHAD),1,יהודי,760,371,389,178,44,86,283,168,0.694092443984341,1094.9550115217,0.221052631578947,NA
82,עין חרוד (מאוחד),עיןחרודמאוחד,136.0019124449435,1,6,1,temporal_distance == 6,2020,0.725146198830409,Party_turnout,TRUE,2020,783,עין חרוד (מאוחד),EN HAROD(ME'UHAD),1,יהודי,778,371,403,190,45,80,289,174,0.694092443984341,1120.88815653143,0.223650385604113,NA
82,עין חרוד (מאוחד),עיןחרודמאוחד,136.0019124449435,1,6,1,temporal_distance == 6,2021,0.716763005780347,Party_turnout,TRUE,2021,775,עין חרוד (מאוחד),EN HAROD(ME'UHAD),1,יהודי,780,371,408,186,53,80,285,178,0.694092443984341,1123.76961708806,0.228205128205128,NA
82,עין חרוד (מאוחד),עיןחרודמאוחד,136.0019124449435,1,6,1,temporal_distance == 6,2022,0.681556195965418,Party_turnout,TRUE,2022,782,עין חרוד (מאוחד),EN HAROD(ME'UHAD),1,יהודי,779,371,408,188,54,69,291,177,0.694092443984341,1122.32888680974,0.227214377406932,NA
84,תל יוסף,תליוסף,136.37592571146217,1,6,1,temporal_distance == 6,2006,0.865704772475028,Party_turnout,FALSE,2006,794,תל יוסף,TEL YOSEF,1,NA,371,NA,NA,NA,NA,NA,NA,NA,0.373182083028548,994.152765827236,NA,43.25
84,תל יוסף,תליוסף,136.37592571146217,1,6,1,temporal_distance == 6,2009,0.692520775623269,Party_turnout,FALSE,2009,789,תל יוסף,TEL YOSEF,1,NA,501,NA,NA,NA,NA,NA,NA,NA,0.373182083028548,1342.50818242438,NA,47
84,תל יוסף,תליוסף,136.37592571146217,1,6,1,temporal_distance == 6,2013,0.735294117647059,Party_turnout,FALSE,2013,795,תל יוסף,TEL YOSEF,1,יהודי,520,250,270,150,20,60,210,70,0.373182083028548,1393.42166638858,0.134615384615385,49.75
84,תל יוסף,תליוסף,136.37592571146217,1,6,1,temporal_distance == 6,2015,0.777479892761394,Party_turnout,TRUE,2015,799,תל יוסף,TEL YOSEF,1,יהודי,540,270,270,160,20,60,220,80,0.373182083028548,1447.01480740352,0.148148148148148,47.75
84,תל יוסף,תליוסף,136.37592571146217,1,6,1,temporal_distance == 6,2019,0.773584905660377,Party_turnout,TRUE,2019,793,תל יוסף,TEL YOSEF,1,יהודי,560,286,274,180,23,45,217,94,0.373182083028548,1500.60794841847,0.167857142857143,NA
84,תל יוסף,תליוסף,136.37592571146217,1,6,1,temporal_distance == 6,2019,0.739247311827957,Party_turnout,TRUE,2019.2,793,תל יוסף,TEL YOSEF,1,יהודי,560,286,274,180,23,45,217,94,0.373182083028548,1500.60794841847,0.167857142857143,NA
84,תל יוסף,תליוסף,136.37592571146217,1,6,1,temporal_distance == 6,2020,0.748648648648649,Party_turnout,TRUE,2020,798,תל יוסף,TEL YOSEF,1,יהודי,557,290,269,178,28,41,214,96,0.373182083028548,1492.56897726623,0.172351885098743,NA
84,תל יוסף,תליוסף,136.37592571146217,1,6,1,temporal_distance == 6,2021,0.747967479674797,Party_turnout,TRUE,2021,801,תל יוסף,TEL YOSEF,1,יהודי,564,288,276,174,37,38,223,91,0.373182083028548,1511.32657662146,0.161347517730496,NA
84,תל יוסף,תליוסף,136.37592571146217,1,6,1,temporal_distance == 6,2022,0.715384615384615,Party_turnout,TRUE,2022,788,תל יוסף,TEL YOSEF,1,יהודי,586,304,282,170,51,40,230,95,0.373182083028548,1570.2790317379,0.162116040955631,NA
85,כפר יחזקאל,כפריחזקאל,134.41721157998455,1,6,1,temporal_distance == 6,2006,0.835232996943463,Party_turnout,FALSE,2006,813,כפר יחזקאל,KEFAR YEHEZQEL,1,NA,723,NA,NA,NA,NA,NA,NA,NA,2.30290086553538,313.951855601009,NA,40.6666666666667
85,כפר יחזקאל,כפריחזקאל,134.41721157998455,1,6,1,temporal_distance == 6,2009,0.807763401109057,Party_turnout,FALSE,2009,816,כפר יחזקאל,KEFAR YEHEZQEL,1,NA,858,NA,NA,NA,NA,NA,NA,NA,2.30290086553538,372.573571377131,NA,38.75
85,כפר יחזקאל,כפריחזקאל,134.41721157998455,1,6,1,temporal_distance == 6,2013,0.796296296296296,Party_turnout,FALSE,2013,809,כפר יחזקאל,KEFAR YEHEZQEL,1,יהודי,1090,570,520,380,90,100,430,90,2.30290086553538,473.316075525725,0.0825688073394495,52.6666666666667
85,כפר יחזקאל,כפריחזקאל,134.41721157998455,1,6,1,temporal_distance == 6,2015,0.827123695976155,Party_turnout,TRUE,2015,814,כפר יחזקאל,KEFAR YEHEZQEL,1,יהודי,1150,590,560,390,110,110,440,110,2.30290086553538,499.370171426224,0.0956521739130435,44
85,כפר יחזקאל,כפריחזקאל,134.41721157998455,1,6,1,temporal_distance == 6,2019,0.817415730337079,Party_turnout,TRUE,2019,806,כפר יחזקאל,KEFAR YEHEZQEL,1,יהודי,1213,617,596,402,137,92,453,0,2.30290086553538,526.726972121748,0,NA
85,כפר יחזקאל,כפריחזקאל,134.41721157998455,1,6,1,temporal_distance == 6,2019,0.802469135802469,Party_turnout,TRUE,2019.2,806,כפר יחזקאל,KEFAR YEHEZQEL,1,יהודי,1213,617,596,402,137,92,453,0,2.30290086553538,526.726972121748,0,NA
85,כפר יחזקאל,כפריחזקאל,134.41721157998455,1,6,1,temporal_distance == 6,2020,0.818431911966988,Party_turnout,TRUE,2020,803,כפר יחזקאל,KEFAR YEHEZQEL,1,יהודי,1213,623,591,407,129,95,450,0,2.30290086553538,526.726972121748,0,NA
85,כפר יחזקאל,כפריחזקאל,134.41721157998455,1,6,1,temporal_distance == 6,2021,0.806275579809004,Party_turnout,TRUE,2021,807,כפר יחזקאל,KEFAR YEHEZQEL,1,יהודי,1254,642,612,403,156,96,467,134,2.30290086553538,544.530604320422,0.106858054226475,NA
85,כפר יחזקאל,כפריחזקאל,134.41721157998455,1,6,1,temporal_distance == 6,2022,0.794233289646134,Party_turnout,TRUE,2022,805,כפר יחזקאל,KEFAR YEHEZQEL,1,יהודי,1242,634,608,385,153,103,462,138,2.30290086553538,539.319785140322,0.111111111111111,NA
86,גבע,גבע,135.69908473710117,1,6,2,temporal_distance == 6,2006,0.795626600428409,Party_turnout,FALSE,2006,825,גבע,GEVA,1,NA,571,NA,NA,NA,NA,NA,NA,NA,0.482027089383002,1184.58072705184,NA,50
86,גבע,גבע,135.69908473710117,1,6,2,temporal_distance == 6,2009,0.777777777777778,Party_turnout,FALSE,2009,830,גבע,GEVA,1,NA,604,NA,NA,NA,NA,NA,NA,NA,0.482027089383002,1253.04160970107,NA,44.5
86,גבע,גבע,135.69908473710117,1,6,2,temporal_distance == 6,2013,0.754980079681275,Party_turnout,FALSE,2013,823,גבע,GEVA,1,יהודי,630,300,330,140,50,100,230,110,0.482027089383002,1306.98048693986,0.174603174603175,58
86,גבע,גבע,135.69908473710117,1,6,2,temporal_distance == 6,2015,0.758284600389864,Party_turnout,TRUE,2015,829,גבע,GEVA,1,יהודי,630,290,340,130,60,90,230,110,0.482027089383002,1306.98048693986,0.174603174603175,48
86,גבע,גבע,135.69908473710117,1,6,2,temporal_distance == 6,2019,0.719465648854962,Party_turnout,TRUE,2019,818,גבע,GEVA,1,יהודי,618,293,325,140,42,98,217,122,0.482027089383002,1282.08562052196,0.197411003236246,NA
86,גבע,גבע,135.69908473710117,1,6,2,temporal_distance == 6,2019,0.727969348659004,Party_turnout,TRUE,2019.2,818,גבע,GEVA,1,יהודי,618,293,325,140,42,98,217,122,0.482027089383002,1282.08562052196,0.197411003236246,NA
86,גבע,גבע,135.69908473710117,1,6,2,temporal_distance == 6,2020,0.731517509727626,Party_turnout,TRUE,2020,828,גבע,GEVA,1,יהודי,619,291,327,136,43,103,215,122,0.482027089383002,1284.16019272345,0.197092084006462,NA
86,גבע,גבע,135.69908473710117,1,6,2,temporal_distance == 6,2021,0.730916030534351,Party_turnout,TRUE,2021,821,גבע,GEVA,1,יהודי,605,289,316,132,39,99,212,126,0.482027089383002,1255.11618190256,0.208264462809917,NA
86,גבע,גבע,135.69908473710117,1,6,2,temporal_distance == 6,2022,0.682879377431907,Party_turnout,TRUE,2022,831,גבע,GEVA,1,יהודי,598,285,313,130,41,88,211,130,0.482027089383002,1240.59417649212,0.217391304347826,NA
89,עין חרוד (איחוד),עיןחרודאיחוד,136.57374429358003,0,NA,NA,no_red_alert,2006,0.635,Party_turnout,FALSE,2006,854,עין חרוד (איחוד),EN HAROD (IHUD),1,NA,600,NA,NA,NA,NA,NA,NA,NA,0.502245759862894,1194.63427658163,NA,50
89,עין חרוד (איחוד),עיןחרודאיחוד,136.57374429358003,0,NA,NA,no_red_alert,2009,0.712707182320442,Party_turnout,FALSE,2009,849,עין חרוד (איחוד),EN HAROD (IHUD),1,NA,515,NA,NA,NA,NA,NA,NA,NA,0.502245759862894,1025.39442073257,NA,48
89,עין חרוד (איחוד),עיןחרודאיחוד,136.57374429358003,0,NA,NA,no_red_alert,2013,0.76271186440678,Party_turnout,FALSE,2013,862,עין חרוד (איחוד),EN HAROD (IHUD),1,יהודי,550,270,280,120,30,70,220,110,0.502245759862894,1095.08142019983,0.2,57
89,עין חרוד (איחוד),עיןחרודאיחוד,136.57374429358003,0,NA,NA,no_red_alert,2015,0.775471698113208,Party_turnout,TRUE,2015,852,עין חרוד (איחוד),EN HAROD (IHUD),1,יהודי,530,260,270,130,30,70,200,110,0.502245759862894,1055.26027764711,0.207547169811321,47
89,עין חרוד (איחוד),עיןחרודאיחוד,136.57374429358003,0,NA,NA,no_red_alert,2019,0.75763358778626,Party_turnout,TRUE,2019,855,עין חרוד (איחוד),EN HAROD (IHUD),1,יהודי,546,258,289,150,23,56,201,119,0.502245759862894,1087.11719168928,0.217948717948718,NA
89,עין חרוד (איחוד),עיןחרודאיחוד,136.57374429358003,0,NA,NA,no_red_alert,2019,0.724470134874759,Party_turnout,TRUE,2019.2,855,עין חרוד (איחוד),EN HAROD (IHUD),1,יהודי,546,258,289,150,23,56,201,119,0.502245759862894,1087.11719168928,0.217948717948718,NA
89,עין חרוד (איחוד),עיןחרודאיחוד,136.57374429358003,0,NA,NA,no_red_alert,2020,0.731141199226306,Party_turnout,TRUE,2020,848,עין חרוד (איחוד),EN HAROD (IHUD),1,יהודי,540,259,283,138,31,55,201,115,0.502245759862894,1075.17084892347,0.212962962962963,NA
89,עין חרוד (איחוד),עיןחרודאיחוד,136.57374429358003,0,NA,NA,no_red_alert,2021,0.742690058479532,Party_turnout,TRUE,2021,850,עין חרוד (איחוד),EN HAROD (IHUD),1,יהודי,540,259,281,142,30,51,201,117,0.502245759862894,1075.17084892347,0.216666666666667,NA
89,עין חרוד (איחוד),עיןחרודאיחוד,136.57374429358003,0,NA,NA,no_red_alert,2022,0.721343873517787,Party_turnout,TRUE,2022,861,עין חרוד (איחוד),EN HAROD (IHUD),1,יהודי,537,261,276,139,28,54,199,117,0.502245759862894,1069.19767754056,0.217877094972067,NA
90,חפצי-בה,חפציבה,134.85874154490543,1,6,1,temporal_distance == 6,2006,0.772648631645172,Party_turnout,FALSE,2006,865,חפצי-בה,HEFZI-BAH,1,NA,374,NA,NA,NA,NA,NA,NA,NA,0.346464673876395,1079.47513325248,NA,25
90,חפצי-בה,חפציבה,134.85874154490543,1,6,1,temporal_distance == 6,2009,0.679790026246719,Party_turnout,FALSE,2009,871,חפצי-בה,HEFZI-BAH,1,NA,391,NA,NA,NA,NA,NA,NA,NA,0.346464673876395,1128.54218476396,NA,27.5
90,חפצי-בה,חפציבה,134.85874154490543,1,6,1,temporal_distance == 6,2013,0.725490196078431,Party_turnout,FALSE,2013,877,חפצי-בה,HEFZI-BAH,1,יהודי,450,210,240,80,30,50,160,110,0.346464673876395,1298.83371648026,0.244444444444444,31
90,חפצי-בה,חפציבה,134.85874154490543,1,6,1,temporal_distance == 6,2015,0.735576923076923,Party_turnout,TRUE,2015,866,חפצי-בה,HEFZI-BAH,1,יהודי,540,260,280,120,40,60,200,120,0.346464673876395,1558.60045977631,0.222222222222222,32
90,חפצי-בה,חפציבה,134.85874154490543,1,6,1,temporal_distance == 6,2019,0.742049469964664,Party_turnout,TRUE,2019,873,חפצי-בה,HEFZI-BAH,1,יהודי,732,340,392,215,42,64,291,123,0.346464673876395,2112.76951214123,0.168032786885246,NA
90,חפצי-בה,חפציבה,134.85874154490543,1,6,1,temporal_distance == 6,2019,0.763250883392226,Party_turnout,TRUE,2019.2,873,חפצי-בה,HEFZI-BAH,1,יהודי,732,340,392,215,42,64,291,123,0.346464673876395,2112.76951214123,0.168032786885246,NA
90,חפצי-בה,חפציבה,134.85874154490543,1,6,1,temporal_distance == 6,2020,0.73286467486819,Party_turnout,TRUE,2020,869,חפצי-בה,HEFZI-BAH,1,יהודי,725,329,398,219,42,65,282,117,0.346464673876395,2092.56543210709,0.161379310344828,NA
90,חפצי-בה,חפציבה,134.85874154490543,1,6,1,temporal_distance == 6,2021,0.730496453900709,Party_turnout,TRUE,2021,867,חפצי-בה,HEFZI-BAH,1,יהודי,757,342,415,221,54,69,287,125,0.346464673876395,2184.92694083457,0.165125495376486,NA
90,חפצי-בה,חפציבה,134.85874154490543,1,6,1,temporal_distance == 6,2022,0.700170357751278,Party_turnout,TRUE,2022,876,חפצי-בה,HEFZI-BAH,1,יהודי,758,341,416,218,57,72,290,122,0.346464673876395,2187.81323798231,0.160949868073879,NA
92,גיניגר,גיניגר,138.54723542930728,1,6,1,temporal_distance == 6,2006,0.681492681492681,Party_turnout,FALSE,2006,883,גיניגר,GINNEGAR,1,NA,481,NA,NA,NA,NA,NA,NA,NA,0.535763080023701,897.78489398471,NA,44.8333333333333
92,גיניגר,גיניגר,138.54723542930728,1,6,1,temporal_distance == 6,2009,0.678004535147392,Party_turnout,FALSE,2009,888,גיניגר,GINNEGAR,1,NA,548,NA,NA,NA,NA,NA,NA,NA,0.535763080023701,1022.8401702778,NA,54
92,גיניגר,גיניגר,138.54723542930728,1,6,1,temporal_distance == 6,2013,0.733333333333333,Party_turnout,FALSE,2013,884,גיניגר,GINNEGAR,1,יהודי,610,320,290,150,40,70,250,90,0.535763080023701,1138.56296326543,0.147540983606557,50.3333333333333
92,גיניגר,גיניגר,138.54723542930728,1,6,1,temporal_distance == 6,2015,0.712686567164179,Party_turnout,TRUE,2015,886,גיניגר,GINNEGAR,1,יהודי,660,330,320,170,40,90,260,100,0.535763080023701,1231.88779631998,0.151515151515152,58.5
92,גיניגר,גיניגר,138.54723542930728,1,6,1,temporal_distance == 6,2019,0.70990990990991,Party_turnout,TRUE,2019,889,גיניגר,GINNEGAR,1,יהודי,702,347,355,188,44,70,285,115,0.535763080023701,1310.28065608579,0.163817663817664,NA
92,גיניגר,גיניגר,138.54723542930728,1,6,1,temporal_distance == 6,2019,0.716417910447761,Party_turnout,TRUE,2019.2,889,גיניגר,GINNEGAR,1,יהודי,702,347,355,188,44,70,285,115,0.535763080023701,1310.28065608579,0.163817663817664,NA
92,גיניגר,גיניגר,138.54723542930728,1,6,1,temporal_distance == 6,2020,0.701851851851852,Party_turnout,TRUE,2020,885,גיניגר,GINNEGAR,1,יהודי,669,340,333,176,46,69,258,120,0.535763080023701,1248.68626626979,0.179372197309417,NA
92,גיניגר,גיניגר,138.54723542930728,1,6,1,temporal_distance == 6,2021,0.702359346642468,Party_turnout,TRUE,2021,879,גיניגר,GINNEGAR,1,יהודי,666,343,323,178,49,67,254,119,0.535763080023701,1243.08677628652,0.178678678678679,NA
92,גיניגר,גיניגר,138.54723542930728,1,6,1,temporal_distance == 6,2022,0.657657657657658,Party_turnout,TRUE,2022,881,גיניגר,GINNEGAR,1,יהודי,665,345,320,179,42,69,259,116,0.535763080023701,1241.22027962543,0.174436090225564,NA
94,בלפוריה,בלפוריה,136.96006874004232,1,6,1,temporal_distance == 6,2006,0.734162895927602,Party_turnout,FALSE,2006,902,בלפוריה,BALFURYA,1,NA,312,NA,NA,NA,NA,NA,NA,NA,1.08113543809135,288.585489853897,NA,61
94,בלפוריה,בלפוריה,136.96006874004232,1,6,1,temporal_distance == 6,2009,0.728395061728395,Party_turnout,FALSE,2009,907,בלפוריה,BALFURYA,1,NA,334,NA,NA,NA,NA,NA,NA,NA,1.08113543809135,308.93446670257,NA,59
94,בלפוריה,בלפוריה,136.96006874004232,1,6,1,temporal_distance == 6,2013,0.759146341463415,Party_turnout,FALSE,2013,905,בלפוריה,BALFURYA,1,יהודי,400,200,200,100,20,60,160,60,1.08113543809135,369.981397248586,0.15,62
94,בלפוריה,בלפוריה,136.96006874004232,1,6,1,temporal_distance == 6,2015,0.8,Party_turnout,TRUE,2015,900,בלפוריה,BALFURYA,1,יהודי,440,220,220,120,30,60,170,60,1.08113543809135,406.979536973445,0.136363636363636,61.5
94,בלפוריה,בלפוריה,136.96006874004232,1,6,1,temporal_distance == 6,2019,0.822335025380711,Party_turnout,TRUE,2019,893,בלפוריה,BALFURYA,1,יהודי,528,275,254,159,27,55,216,72,1.08113543809135,488.375444368134,0.136363636363636,NA
94,בלפוריה,בלפוריה,136.96006874004232,1,6,1,temporal_distance == 6,2019,0.819338422391858,Party_turnout,TRUE,2019.2,893,בלפוריה,BALFURYA,1,יהודי,528,275,254,159,27,55,216,72,1.08113543809135,488.375444368134,0.136363636363636,NA
94,בלפוריה,בלפוריה,136.96006874004232,1,6,1,temporal_distance == 6,2020,0.8275,Party_turnout,TRUE,2020,897,בלפוריה,BALFURYA,1,יהודי,544,283,263,161,30,56,222,75,1.08113543809135,503.174700258077,0.137867647058824,NA
94,בלפוריה,בלפוריה,136.96006874004232,1,6,1,temporal_distance == 6,2021,0.788095238095238,Party_turnout,TRUE,2021,903,בלפוריה,BALFURYA,1,יהודי,531,278,253,163,30,50,210,76,1.08113543809135,491.150304847498,0.143126177024482,NA
94,בלפוריה,בלפוריה,136.96006874004232,1,6,1,temporal_distance == 6,2022,0.777239709443099,Party_turnout,TRUE,2022,899,בלפוריה,BALFURYA,1,יהודי,556,290,266,166,38,56,217,78,1.08113543809135,514.274142175535,0.140287769784173,NA
95,בית אלפא,ביתאלפא,134.9359709591093,1,6,1,temporal_distance == 6,2006,1,Party_turnout,FALSE,2006,912,בית אלפא,BET ALFA,1,NA,542,NA,NA,NA,NA,NA,NA,NA,0.570794673756121,949.553359412699,NA,27
95,בית אלפא,ביתאלפא,134.9359709591093,1,6,1,temporal_distance == 6,2009,0.666666666666667,Party_turnout,FALSE,2009,909,בית אלפא,BET ALFA,1,NA,936,NA,NA,NA,NA,NA,NA,NA,0.570794673756121,1639.81908562783,NA,28.75
95,בית אלפא,ביתאלפא,134.9359709591093,1,6,1,temporal_distance == 6,2013,0.711507293354943,Party_turnout,FALSE,2013,921,בית אלפא,BET ALFA,1,יהודי,1120,550,570,360,60,200,340,160,0.570794673756121,1962.17668365724,0.142857142857143,38
95,בית אלפא,ביתאלפא,134.9359709591093,1,6,1,temporal_distance == 6,2015,0.736607142857143,Party_turnout,TRUE,2015,916,בית אלפא,BET ALFA,1,יהודי,860,430,440,240,50,140,290,150,0.570794673756121,1506.67138209395,0.174418604651163,35
95,בית אלפא,ביתאלפא,134.9359709591093,1,6,1,temporal_distance == 6,2019,0.722689075630252,Party_turnout,TRUE,2019,910,בית אלפא,BET ALFA,1,יהודי,1075,546,529,225,100,218,322,209,0.570794673756121,1883.33922761744,0.194418604651163,NA
95,בית אלפא,ביתאלפא,134.9359709591093,1,6,1,temporal_distance == 6,2019,0.717905405405405,Party_turnout,TRUE,2019.2,910,בית אלפא,BET ALFA,1,יהודי,1075,546,529,225,100,218,322,209,0.570794673756121,1883.33922761744,0.194418604651163,NA
95,בית אלפא,ביתאלפא,134.9359709591093,1,6,1,temporal_distance == 6,2020,0.695652173913043,Party_turnout,TRUE,2020,918,בית אלפא,BET ALFA,1,יהודי,1177,586,594,256,119,236,351,215,0.570794673756121,2062.03746130765,0.182667799490229,NA
95,בית אלפא,ביתאלפא,134.9359709591093,1,6,1,temporal_distance == 6,2021,0.714041095890411,Party_turnout,TRUE,2021,911,בית אלפא,BET ALFA,1,יהודי,1355,680,675,335,123,246,442,209,0.570794673756121,2373.88339853175,0.154243542435424,NA
95,בית אלפא,ביתאלפא,134.9359709591093,1,6,1,temporal_distance == 6,2022,0.715469613259669,Party_turnout,TRUE,2022,914,בית אלפא,BET ALFA,1,יהודי,1386,701,685,377,90,245,484,189,0.570794673756121,2428.19364602583,0.136363636363636,NA
96,יגור,יגור,138.3099953690837,0,NA,NA,no_red_alert,2006,0.85100414965833,Party_turnout,FALSE,2006,932,יגור,YAGUR,1,NA,1112,NA,NA,NA,NA,NA,NA,NA,1.40838525836612,789.556687983258,NA,61
96,יגור,יגור,138.3099953690837,0,NA,NA,no_red_alert,2009,0.712183156173344,Party_turnout,FALSE,2009,933,יגור,YAGUR,1,NA,1420,NA,NA,NA,NA,NA,NA,NA,1.40838525836612,1008.24684976279,NA,59
96,יגור,יגור,138.3099953690837,0,NA,NA,no_red_alert,2013,0.697492163009404,Party_turnout,FALSE,2013,936,יגור,YAGUR,1,יהודי,1500,760,740,330,70,250,610,250,1.40838525836612,1065.04948918605,0.166666666666667,62
96,יגור,יגור,138.3099953690837,0,NA,NA,no_red_alert,2015,0.706161137440758,Party_turnout,TRUE,2015,930,יגור,YAGUR,1,יהודי,1530,770,760,350,80,240,610,250,1.40838525836612,1086.35047896977,0.163398692810458,60.5
96,יגור,יגור,138.3099953690837,0,NA,NA,no_red_alert,2019,0.695067264573991,Party_turnout,TRUE,2019,926,יגור,YAGUR,1,יהודי,1617,797,820,392,97,188,630,311,1.40838525836612,1148.12334934256,0.192331478045764,NA
96,יגור,יגור,138.3099953690837,0,NA,NA,no_red_alert,2019,0.696947133283693,Party_turnout,TRUE,2019.2,926,יגור,YAGUR,1,יהודי,1617,797,820,392,97,188,630,311,1.40838525836612,1148.12334934256,0.192331478045764,NA
96,יגור,יגור,138.3099953690837,0,NA,NA,no_red_alert,2020,0.681448632668145,Party_turnout,TRUE,2020,927,יגור,YAGUR,1,יהודי,1636,808,827,399,96,187,635,319,1.40838525836612,1161.61397620559,0.194987775061125,NA
96,יגור,יגור,138.3099953690837,0,NA,NA,no_red_alert,2021,0.664473684210526,Party_turnout,TRUE,2021,928,יגור,YAGUR,1,יהודי,1655,818,836,398,105,194,638,319,1.40838525836612,1175.10460306861,0.192749244712991,NA
96,יגור,יגור,138.3099953690837,0,NA,NA,no_red_alert,2022,0.637401855817273,Party_turnout,TRUE,2022,929,יגור,YAGUR,1,יהודי,1662,821,842,397,106,197,640,322,1.40838525836612,1180.07483401814,0.193742478941035,NA
97,מרחביה (מושב),מרחביהמושב,135.3966890489619,0,NA,NA,no_red_alert,2006,0.614264551196973,Party_turnout,FALSE,2006,945,מרחביה (מושב),MERHAVYA(MOSHAV),1,NA,722,NA,NA,NA,NA,NA,NA,NA,0.668598036337642,1079.87155325025,NA,48
97,מרחביה (מושב),מרחביהמושב,135.3966890489619,0,NA,NA,no_red_alert,2009,0.776,Party_turnout,FALSE,2009,949,מרחביה (מושב),MERHAVYA(MOSHAV),1,NA,648,NA,NA,NA,NA,NA,NA,NA,0.668598036337642,969.19219737696,NA,51
97,מרחביה (מושב),מרחביהמושב,135.3966890489619,0,NA,NA,no_red_alert,2013,0.767535070140281,Party_turnout,FALSE,2013,944,מרחביה (מושב),MERHAVYA(MOSHAV),1,יהודי,660,310,340,180,60,80,260,70,0.668598036337642,987.140201032088,0.106060606060606,53
97,מרחביה (מושב),מרחביהמושב,135.3966890489619,0,NA,NA,no_red_alert,2015,0.78727634194831,Party_turnout,TRUE,2015,943,מרחביה (מושב),MERHAVYA(MOSHAV),1,יהודי,660,320,350,170,70,90,260,80,0.668598036337642,987.140201032088,0.121212121212121,62
97,מרחביה (מושב),מרחביהמושב,135.3966890489619,0,NA,NA,no_red_alert,2019,0.759927797833935,Party_turnout,TRUE,2019,941,מרחביה (מושב),MERHAVYA(MOSHAV),1,יהודי,662,320,342,139,62,113,253,95,0.668598036337642,990.13153497461,0.143504531722054,NA
97,מרחביה (מושב),מרחביהמושב,135.3966890489619,0,NA,NA,no_red_alert,2019,0.761989342806394,Party_turnout,TRUE,2019.2,941,מרחביה (מושב),MERHAVYA(MOSHAV),1,יהודי,662,320,342,139,62,113,253,95,0.668598036337642,990.13153497461,0.143504531722054,NA
97,מרחביה (מושב),מרחביהמושב,135.3966890489619,0,NA,NA,no_red_alert,2020,0.758741258741259,Party_turnout,TRUE,2020,938,מרחביה (מושב),MERHAVYA(MOSHAV),1,יהודי,666,327,339,128,62,121,256,99,0.668598036337642,996.114202859653,0.148648648648649,NA
97,מרחביה (מושב),מרחביהמושב,135.3966890489619,0,NA,NA,no_red_alert,2021,0.728353140916808,Party_turnout,TRUE,2021,951,מרחביה (מושב),MERHAVYA(MOSHAV),1,יהודי,663,332,331,118,62,120,266,97,0.668598036337642,991.627201945871,0.14630467571644,NA
97,מרחביה (מושב),מרחביהמושב,135.3966890489619,0,NA,NA,no_red_alert,2022,0.719734660033168,Party_turnout,TRUE,2022,942,מרחביה (מושב),MERHAVYA(MOSHAV),1,יהודי,671,329,343,121,58,125,269,98,0.668598036337642,1003.59253771596,0.146050670640835,NA
99,מצפה רמון,מצפהרמון,78.60132116030569,0,NA,NA,no_red_alert,2006,0.673895065963099,Party_turnout,FALSE,2006,968,מצפה רמון,MIZPE RAMON,1,NA,4347,NA,NA,NA,NA,NA,NA,NA,76.7966014596646,56.6040673334112,NA,18.607476635514
99,מצפה רמון,מצפהרמון,78.60132116030569,0,NA,NA,no_red_alert,2009,0.56236975290265,Party_turnout,FALSE,2009,973,מצפה רמון,MIZPE RAMON,1,NA,4749,NA,NA,NA,NA,NA,NA,NA,76.7966014596646,61.8386739743202,NA,15.3394495412844
99,מצפה רמון,מצפהרמון,78.60132116030569,0,NA,NA,no_red_alert,2013,0.587081891580161,Party_turnout,FALSE,2013,982,מצפה רמון,MIZPE RAMON,1,יהודי,5000,2700,2300,1420,580,890,1750,360,76.7966014596646,65.1070477724997,0.072,19.4672897196262
99,מצפה רמון,מצפהרמון,78.60132116030569,0,NA,NA,no_red_alert,2015,0.609392575928009,Party_turnout,TRUE,2015,975,מצפה רמון,MIZPE RAMON,1,יהודי,5000,2710,2290,1390,560,900,1760,390,76.7966014596646,65.1070477724997,0.078,20.9626168224299
99,מצפה רמון,מצפהרמון,78.60132116030569,0,NA,NA,no_red_alert,2019,0.577717391304348,Party_turnout,TRUE,2019,978,מצפה רמון,MIZPE RAMON,1,יהודי,5211,2840,2371,1378,562,1080,1734,458,76.7966014596646,67.8545651884992,0.0878909998080983,NA
99,מצפה רמון,מצפהרמון,78.60132116030569,0,NA,NA,no_red_alert,2019,0.569561666212905,Party_turnout,TRUE,2019.2,978,מצפה רמון,MIZPE RAMON,1,יהודי,5211,2840,2371,1378,562,1080,1734,458,76.7966014596646,67.8545651884992,0.0878909998080983,NA
99,מצפה רמון,מצפהרמון,78.60132116030569,0,NA,NA,no_red_alert,2020,0.577819956616052,Party_turnout,TRUE,2020,979,מצפה רמון,MIZPE RAMON,1,יהודי,5185,2854,2332,1368,570,1059,1734,454,76.7966014596646,67.5160085400822,0.0875602700096432,NA
99,מצפה רמון,מצפהרמון,78.60132116030569,0,NA,NA,no_red_alert,2021,0.504043126684636,Party_turnout,TRUE,2021,981,מצפה רמון,MIZPE RAMON,1,יהודי,5178,2851,2326,1319,567,1103,1715,472,76.7966014596646,67.4248586732007,0.0911548860563924,NA
99,מצפה רמון,מצפהרמון,78.60132116030569,0,NA,NA,no_red_alert,2022,0.530890612463225,Party_turnout,TRUE,2022,969,מצפה רמון,MIZPE RAMON,1,יהודי,5263,2872,2391,1352,603,1093,1749,465,76.7966014596646,68.5316784853332,0.0883526505795174,NA
102,מאיר שפיה,מאירשפיה,118.86046055949303,1,232,3,temporal_distance > 149,2006,0.289661319073084,Party_turnout,FALSE,2006,989,מאיר שפיה,ME'IR SHEFEYA,1,NA,408,NA,NA,NA,NA,NA,NA,NA,0.451156882792089,904.341739119654,NA,59
102,מאיר שפיה,מאירשפיה,118.86046055949303,1,232,3,temporal_distance > 149,2009,0.421052631578947,Party_turnout,FALSE,2009,983,מאיר שפיה,ME'IR SHEFEYA,1,NA,274,NA,NA,NA,NA,NA,NA,NA,0.451156882792089,607.327540487219,NA,55
102,מאיר שפיה,מאירשפיה,118.86046055949303,1,232,3,temporal_distance > 149,2013,0.525252525252525,Party_turnout,FALSE,2013,994,מאיר שפיה,ME'IR SHEFEYA,1,יהודי,300,200,100,50,180,20,50,0,0.451156882792089,664.957161117393,0,61
102,מאיר שפיה,מאירשפיה,118.86046055949303,1,232,3,temporal_distance > 149,2015,0.532608695652174,Party_turnout,TRUE,2015,987,מאיר שפיה,ME'IR SHEFEYA,1,יהודי,320,210,100,50,200,10,50,0,0.451156882792089,709.287638525219,0,59
102,מאיר שפיה,מאירשפיה,118.86046055949303,1,232,3,temporal_distance > 149,2019,0.509433962264151,Party_turnout,TRUE,2019,988,מאיר שפיה,ME'IR SHEFEYA,1,יהודי,297,183,114,52,164,24,0,0,0.451156882792089,658.307589506219,0,NA
102,מאיר שפיה,מאירשפיה,118.86046055949303,1,232,3,temporal_distance > 149,2019,0.533898305084746,Party_turnout,TRUE,2019.2,988,מאיר שפיה,ME'IR SHEFEYA,1,יהודי,297,183,114,52,164,24,0,0,0.451156882792089,658.307589506219,0,NA
102,מאיר שפיה,מאירשפיה,118.86046055949303,1,232,3,temporal_distance > 149,2020,0.482142857142857,Party_turnout,TRUE,2020,991,מאיר שפיה,ME'IR SHEFEYA,1,יהודי,335,187,137,95,154,26,0,0,0.451156882792089,742.535496581088,0,NA
102,מאיר שפיה,מאירשפיה,118.86046055949303,1,232,3,temporal_distance > 149,2021,0.504347826086956,Party_turnout,TRUE,2021,993,מאיר שפיה,ME'IR SHEFEYA,1,יהודי,351,196,155,66,196,31,0,0,0.451156882792089,777.999878507349,0,NA
102,מאיר שפיה,מאירשפיה,118.86046055949303,1,232,3,temporal_distance > 149,2022,0.4296875,Party_turnout,TRUE,2022,997,מאיר שפיה,ME'IR SHEFEYA,1,יהודי,365,204,161,82,197,24,0,0,0.451156882792089,809.031212692828,0,NA
103,תל עדשים,תלעדשים,139.2233885595602,1,6,1,temporal_distance == 6,2006,0.916963240102812,Party_turnout,FALSE,2006,1002,תל עדשים,TEL ADASHIM,1,NA,744,NA,NA,NA,NA,NA,NA,NA,3.16754572560216,234.8821657053,NA,57.2
103,תל עדשים,תלעדשים,139.2233885595602,1,6,1,temporal_distance == 6,2009,0.821428571428571,Party_turnout,FALSE,2009,1004,תל עדשים,TEL ADASHIM,1,NA,1191,NA,NA,NA,NA,NA,NA,NA,3.16754572560216,376.000886229855,NA,54.75
103,תל עדשים,תלעדשים,139.2233885595602,1,6,1,temporal_distance == 6,2013,0.766619519094767,Party_turnout,FALSE,2013,1001,תל עדשים,TEL ADASHIM,1,יהודי,1390,680,710,480,100,150,560,100,3.16754572560216,438.82555151931,0.0719424460431655,61.4
103,תל עדשים,תלעדשים,139.2233885595602,1,6,1,temporal_distance == 6,2015,0.817333333333333,Party_turnout,TRUE,2015,1000,תל עדשים,TEL ADASHIM,1,יהודי,1420,680,740,480,110,150,580,100,3.16754572560216,448.296606588072,0.0704225352112676,56.4
103,תל עדשים,תלעדשים,139.2233885595602,1,6,1,temporal_distance == 6,2019,0.804295942720764,Party_turnout,TRUE,2019,1011,תל עדשים,TEL ADASHIM,1,יהודי,1504,728,775,472,136,176,618,104,3.16754572560216,474.815560780606,0.0691489361702128,NA
103,תל עדשים,תלעדשים,139.2233885595602,1,6,1,temporal_distance == 6,2019,0.777777777777778,Party_turnout,TRUE,2019.2,1011,תל עדשים,TEL ADASHIM,1,יהודי,1504,728,775,472,136,176,618,104,3.16754572560216,474.815560780606,0.0691489361702128,NA
103,תל עדשים,תלעדשים,139.2233885595602,1,6,1,temporal_distance == 6,2020,0.764705882352941,Party_turnout,TRUE,2020,1009,תל עדשים,TEL ADASHIM,1,יהודי,1502,729,765,463,140,179,616,104,3.16754572560216,474.184157109355,0.0692410119840213,NA
103,תל עדשים,תלעדשים,139.2233885595602,1,6,1,temporal_distance == 6,2021,0.792584009269988,Party_turnout,TRUE,2021,1005,תל עדשים,TEL ADASHIM,1,יהודי,1528,755,773,453,156,180,633,105,3.16754572560216,482.392404835616,0.068717277486911,NA
103,תל עדשים,תלעדשים,139.2233885595602,1,6,1,temporal_distance == 6,2022,0.743875278396437,Party_turnout,TRUE,2022,1012,תל עדשים,TEL ADASHIM,1,יהודי,1523,750,773,418,176,184,636,110,3.16754572560216,480.813895657489,0.072225869993434,NA
104,מזרע,מזרע,138.56384311362606,1,6,1,temporal_distance == 6,2006,0.592310966094481,Party_turnout,FALSE,2006,1024,מזרע,MIZRA,1,NA,689,NA,NA,NA,NA,NA,NA,NA,0.680654772439668,1012.26058774321,NA,55
104,מזרע,מזרע,138.56384311362606,1,6,1,temporal_distance == 6,2009,0.702255639097744,Party_turnout,FALSE,2009,1013,מזרע,MIZRA,1,NA,614,NA,NA,NA,NA,NA,NA,NA,0.680654772439668,902.07257020948,NA,53.5
104,מזרע,מזרע,138.56384311362606,1,6,1,temporal_distance == 6,2013,0.732115677321157,Party_turnout,FALSE,2013,1017,מזרע,MIZRA,1,יהודי,590,300,300,120,30,80,240,130,0.680654772439668,866.812404598685,0.220338983050847,57
104,מזרע,מזרע,138.56384311362606,1,6,1,temporal_distance == 6,2015,0.72824427480916,Party_turnout,TRUE,2015,1015,מזרע,MIZRA,1,יהודי,610,300,310,140,30,70,250,130,0.680654772439668,896.195875941014,0.213114754098361,53
104,מזרע,מזרע,138.56384311362606,1,6,1,temporal_distance == 6,2019,0.735294117647059,Party_turnout,TRUE,2019,1020,מזרע,MIZRA,1,יהודי,757,365,392,174,46,63,262,211,0.680654772439668,1112.16439030713,0.278731836195509,NA
104,מזרע,מזרע,138.56384311362606,1,6,1,temporal_distance == 6,2019,0.714494875549048,Party_turnout,TRUE,2019.2,1020,מזרע,MIZRA,1,יהודי,757,365,392,174,46,63,262,211,0.680654772439668,1112.16439030713,0.278731836195509,NA
104,מזרע,מזרע,138.56384311362606,1,6,1,temporal_distance == 6,2020,0.724890829694323,Party_turnout,TRUE,2020,1014,מזרע,MIZRA,1,יהודי,802,387,415,195,40,66,271,230,0.680654772439668,1178.27720082737,0.286783042394015,NA
104,מזרע,מזרע,138.56384311362606,1,6,1,temporal_distance == 6,2021,0.719148936170213,Party_turnout,TRUE,2021,1016,מזרע,MIZRA,1,יהודי,792,388,404,205,41,61,269,216,0.680654772439668,1163.5854651562,0.272727272727273,NA
104,מזרע,מזרע,138.56384311362606,1,6,1,temporal_distance == 6,2022,0.697574893009986,Party_turnout,TRUE,2022,1026,מזרע,MIZRA,1,יהודי,864,416,448,208,99,71,269,216,0.680654772439668,1269.36596198858,0.25,NA
106,כפר גדעון,כפרגדעון,138.27964784353776,1,6,1,temporal_distance == 6,2006,1,Party_turnout,FALSE,2006,1035,כפר גדעון,KEFAR GID'ON,1,NA,221,NA,NA,NA,NA,NA,NA,NA,0.504970936345335,437.648949857313,NA,60
106,כפר גדעון,כפרגדעון,138.27964784353776,1,6,1,temporal_distance == 6,2009,0.678082191780822,Party_turnout,FALSE,2009,1042,כפר גדעון,KEFAR GID'ON,1,NA,284,NA,NA,NA,NA,NA,NA,NA,0.504970936345335,562.408605246502,NA,56
106,כפר גדעון,כפרגדעון,138.27964784353776,1,6,1,temporal_distance == 6,2013,0.730769230769231,Party_turnout,FALSE,2013,1039,כפר גדעון,KEFAR GID'ON,1,יהודי,300,150,140,120,10,40,110,20,0.504970936345335,594.093597091375,0.0666666666666667,62
106,כפר גדעון,כפרגדעון,138.27964784353776,1,6,1,temporal_distance == 6,2015,0.778443113772455,Party_turnout,TRUE,2015,1036,כפר גדעון,KEFAR GID'ON,1,יהודי,330,170,160,140,20,40,120,20,0.504970936345335,653.502956800512,0.0606060606060606,58
106,כפר גדעון,כפרגדעון,138.27964784353776,1,6,1,temporal_distance == 6,2019,0.802197802197802,Party_turnout,TRUE,2019,1031,כפר גדעון,KEFAR GID'ON,1,יהודי,346,180,166,135,31,41,106,0,0.504970936345335,685.187948645386,0,NA
106,כפר גדעון,כפרגדעון,138.27964784353776,1,6,1,temporal_distance == 6,2019,0.769230769230769,Party_turnout,TRUE,2019.2,1031,כפר גדעון,KEFAR GID'ON,1,יהודי,346,180,166,135,31,41,106,0,0.504970936345335,685.187948645386,0,NA
106,כפר גדעון,כפרגדעון,138.27964784353776,1,6,1,temporal_distance == 6,2020,0.728260869565217,Party_turnout,TRUE,2020,1030,כפר גדעון,KEFAR GID'ON,1,יהודי,334,177,154,122,32,37,0,0,0.504970936345335,661.424204761731,0,NA
106,כפר גדעון,כפרגדעון,138.27964784353776,1,6,1,temporal_distance == 6,2021,0.71957671957672,Party_turnout,TRUE,2021,1028,כפר גדעון,KEFAR GID'ON,1,יהודי,351,182,169,127,34,42,117,0,0.504970936345335,695.089508596909,0,NA
106,כפר גדעון,כפרגדעון,138.27964784353776,1,6,1,temporal_distance == 6,2022,0.710900473933649,Party_turnout,TRUE,2022,1041,כפר גדעון,KEFAR GID'ON,1,יהודי,363,190,173,130,34,45,119,0,0.504970936345335,718.853252480564,0,NA
112,כפר חסידים א',כפרחסידיםא,138.68998905979552,0,NA,NA,no_red_alert,2006,0.910870566559189,Party_turnout,FALSE,2006,1063,כפר חסידים א',KEFAR HASIDIM ALEF,1,NA,572,NA,NA,NA,NA,NA,NA,NA,3.42743946092989,166.888432755808,NA,60.5
112,כפר חסידים א',כפרחסידיםא,138.68998905979552,0,NA,NA,no_red_alert,2009,0.75,Party_turnout,FALSE,2009,1070,כפר חסידים א',KEFAR HASIDIM ALEF,1,NA,449,NA,NA,NA,NA,NA,NA,NA,3.42743946092989,131.001584453423,NA,59
112,כפר חסידים א',כפרחסידיםא,138.68998905979552,0,NA,NA,no_red_alert,2013,0.790419161676647,Party_turnout,FALSE,2013,1060,כפר חסידים א',KEFAR HASIDIM ALEF,1,יהודי,770,380,400,170,40,110,360,80,3.42743946092989,224.657505632818,0.103896103896104,62.8333333333333
112,כפר חסידים א',כפרחסידיםא,138.68998905979552,0,NA,NA,no_red_alert,2015,0.784431137724551,Party_turnout,TRUE,2015,1057,כפר חסידים א',KEFAR HASIDIM ALEF,1,יהודי,800,390,410,190,40,100,390,90,3.42743946092989,233.410395462668,0.1125,60.1666666666667
112,כפר חסידים א',כפרחסידיםא,138.68998905979552,0,NA,NA,no_red_alert,2019,0.762645914396887,Party_turnout,TRUE,2019,1062,כפר חסידים א',KEFAR HASIDIM ALEF,1,יהודי,842,427,415,182,46,102,399,114,3.42743946092989,245.664441224458,0.135391923990499,NA
112,כפר חסידים א',כפרחסידיםא,138.68998905979552,0,NA,NA,no_red_alert,2019,0.761627906976744,Party_turnout,TRUE,2019.2,1062,כפר חסידים א',KEFAR HASIDIM ALEF,1,יהודי,842,427,415,182,46,102,399,114,3.42743946092989,245.664441224458,0.135391923990499,NA
112,כפר חסידים א',כפרחסידיםא,138.68998905979552,0,NA,NA,no_red_alert,2020,0.749518304431599,Party_turnout,TRUE,2020,1059,כפר חסידים א',KEFAR HASIDIM ALEF,1,יהודי,838,422,414,179,49,95,395,120,3.42743946092989,244.497389247145,0.143198090692124,NA
112,כפר חסידים א',כפרחסידיםא,138.68998905979552,0,NA,NA,no_red_alert,2021,0.743833017077799,Party_turnout,TRUE,2021,1058,כפר חסידים א',KEFAR HASIDIM ALEF,1,יהודי,814,419,395,173,45,94,388,114,3.42743946092989,237.495077383265,0.14004914004914,NA
112,כפר חסידים א',כפרחסידיםא,138.68998905979552,0,NA,NA,no_red_alert,2022,0.704460966542751,Party_turnout,TRUE,2022,1068,כפר חסידים א',KEFAR HASIDIM ALEF,1,יהודי,840,442,398,186,46,102,388,118,3.42743946092989,245.080915235802,0.14047619047619,NA
113,אדירים,אדירים,128.45955691330678,1,6,1,temporal_distance == 6,2006,0.864244021841461,Party_turnout,FALSE,2006,1083,אדירים,ADDIRIM,1,NA,226,NA,NA,NA,NA,NA,NA,NA,0.603058134711404,374.756573191991,NA,23.5
113,אדירים,אדירים,128.45955691330678,1,6,1,temporal_distance == 6,2009,0.785714285714286,Party_turnout,FALSE,2009,1080,אדירים,ADDIRIM,1,NA,239,NA,NA,NA,NA,NA,NA,NA,0.603058134711404,396.313367225159,NA,22
113,אדירים,אדירים,128.45955691330678,1,6,1,temporal_distance == 6,2013,0.824468085106383,Party_turnout,FALSE,2013,1076,אדירים,ADDIRIM,1,יהודי,240,130,120,70,20,20,100,30,0.603058134711404,397.971582150787,0.125,26.25
113,אדירים,אדירים,128.45955691330678,1,6,1,temporal_distance == 6,2015,0.779904306220096,Party_turnout,TRUE,2015,1081,אדירים,ADDIRIM,1,יהודי,270,150,120,70,30,30,110,30,0.603058134711404,447.718029919635,0.111111111111111,27.5
113,אדירים,אדירים,128.45955691330678,1,6,1,temporal_distance == 6,2019,0.760869565217391,Party_turnout,TRUE,2019,1077,אדירים,ADDIRIM,1,יהודי,272,145,127,70,21,36,109,34,0.603058134711404,451.034459770892,0.125,NA
113,אדירים,אדירים,128.45955691330678,1,6,1,temporal_distance == 6,2019,0.830434782608696,Party_turnout,TRUE,2019.2,1077,אדירים,ADDIRIM,1,יהודי,272,145,127,70,21,36,109,34,0.603058134711404,451.034459770892,0.125,NA
113,אדירים,אדירים,128.45955691330678,1,6,1,temporal_distance == 6,2020,0.785407725321888,Party_turnout,TRUE,2020,1084,אדירים,ADDIRIM,1,יהודי,280,148,127,76,21,40,109,34,0.603058134711404,464.300179175918,0.121428571428571,NA
113,אדירים,אדירים,128.45955691330678,1,6,1,temporal_distance == 6,2021,0.769230769230769,Party_turnout,TRUE,2021,1072,אדירים,ADDIRIM,1,יהודי,278,146,132,72,19,39,110,38,0.603058134711404,460.983749324661,0.136690647482014,NA
113,אדירים,אדירים,128.45955691330678,1,6,1,temporal_distance == 6,2022,0.753191489361702,Party_turnout,TRUE,2022,1085,אדירים,ADDIRIM,1,יהודי,280,150,130,69,21,41,110,40,0.603058134711404,464.300179175918,0.142857142857143,NA
115,חופית,חופית,94.34880448359463,0,NA,NA,no_red_alert,2006,0.68827627093523,Party_turnout,FALSE,2006,1097,חופית,HOFIT,1,NA,780,NA,NA,NA,NA,NA,NA,NA,0.520483415812145,1498.60682646903,NA,61
115,חופית,חופית,94.34880448359463,0,NA,NA,no_red_alert,2009,0.744219653179191,Party_turnout,FALSE,2009,1090,חופית,HOFIT,1,NA,749,NA,NA,NA,NA,NA,NA,NA,0.520483415812145,1439.0468115709,NA,58
115,חופית,חופית,94.34880448359463,0,NA,NA,no_red_alert,2013,0.766906474820144,Party_turnout,FALSE,2013,1092,חופית,HOFIT,1,יהודי,770,390,380,170,60,70,330,150,0.520483415812145,1479.39391843738,0.194805194805195,62.75
115,חופית,חופית,94.34880448359463,0,NA,NA,no_red_alert,2015,0.785206258890469,Party_turnout,TRUE,2015,1089,חופית,HOFIT,1,יהודי,740,360,380,150,70,60,300,150,0.520483415812145,1421.75519434242,0.202702702702703,57.5
115,חופית,חופית,94.34880448359463,0,NA,NA,no_red_alert,2019,0.718019257221458,Party_turnout,TRUE,2019,1096,חופית,HOFIT,1,יהודי,774,377,397,155,68,90,302,159,0.520483415812145,1487.07908165004,0.205426356589147,NA
115,חופית,חופית,94.34880448359463,0,NA,NA,no_red_alert,2019,0.706919945725916,Party_turnout,TRUE,2019.2,1096,חופית,HOFIT,1,יהודי,774,377,397,155,68,90,302,159,0.520483415812145,1487.07908165004,0.205426356589147,NA
115,חופית,חופית,94.34880448359463,0,NA,NA,no_red_alert,2020,0.710204081632653,Party_turnout,TRUE,2020,1094,חופית,HOFIT,1,יהודי,803,398,402,165,70,95,315,158,0.520483415812145,1542.79651494184,0.196762141967621,NA
115,חופית,חופית,94.34880448359463,0,NA,NA,no_red_alert,2021,0.753280839895013,Party_turnout,TRUE,2021,1093,חופית,HOFIT,1,יהודי,824,410,414,168,74,93,333,158,0.520483415812145,1583.14362180831,0.191747572815534,NA
115,חופית,חופית,94.34880448359463,0,NA,NA,no_red_alert,2022,0.728426395939086,Party_turnout,TRUE,2022,1098,חופית,HOFIT,1,יהודי,815,404,411,168,71,92,327,160,0.520483415812145,1565.85200457982,0.196319018404908,NA
122,רמת ישי,רמתישי,137.8089060542768,1,6,1,temporal_distance == 6,2006,0.670683135316007,Party_turnout,FALSE,2006,1105,רמת ישי,RAMAT YISHAY,1,NA,5664,NA,NA,NA,NA,NA,NA,NA,2.32809748379227,2432.88781480655,NA,55.5
122,רמת ישי,רמתישי,137.8089060542768,1,6,1,temporal_distance == 6,2009,0.728574625195793,Party_turnout,FALSE,2009,1115,רמת ישי,RAMAT YISHAY,1,NA,6559,NA,NA,NA,NA,NA,NA,NA,2.32809748379227,2817.32188865045,NA,58
122,רמת ישי,רמתישי,137.8089060542768,1,6,1,temporal_distance == 6,2013,0.760438714643063,Party_turnout,FALSE,2013,1106,רמת ישי,RAMAT YISHAY,1,יהודי,7350,3650,3690,1810,540,1070,3360,570,2.32809748379227,3157.08429357841,0.0775510204081633,61.25
122,רמת ישי,רמתישי,137.8089060542768,1,6,1,temporal_distance == 6,2015,0.77544634640162,Party_turnout,TRUE,2015,1104,רמת ישי,RAMAT YISHAY,1,יהודי,7480,3720,3760,1830,550,1040,3340,730,2.32809748379227,3212.92387972333,0.0975935828877005,56
122,רמת ישי,רמתישי,137.8089060542768,1,6,1,temporal_distance == 6,2019,0.756971408400988,Party_turnout,TRUE,2019,1111,רמת ישי,RAMAT YISHAY,1,יהודי,7785,3855,3930,1900,594,1007,3263,1022,2.32809748379227,3343.93213952489,0.131278098908157,NA
122,רמת ישי,רמתישי,137.8089060542768,1,6,1,temporal_distance == 6,2019,0.741218005295675,Party_turnout,TRUE,2019.2,1111,רמת ישי,RAMAT YISHAY,1,יהודי,7785,3855,3930,1900,594,1007,3263,1022,2.32809748379227,3343.93213952489,0.131278098908157,NA
122,רמת ישי,רמתישי,137.8089060542768,1,6,1,temporal_distance == 6,2020,0.745703262013329,Party_turnout,TRUE,2020,1102,רמת ישי,RAMAT YISHAY,1,יהודי,7897,3915,3985,1897,618,1009,3281,1092,2.32809748379227,3392.04009066513,0.138280359630239,NA
122,רמת ישי,רמתישי,137.8089060542768,1,6,1,temporal_distance == 6,2021,0.736418166238218,Party_turnout,TRUE,2021,1107,רמת ישי,RAMAT YISHAY,1,יהודי,8071,3984,4087,1946,635,978,3298,1213,2.32809748379227,3466.77922904372,0.150291165902614,NA
122,רמת ישי,רמתישי,137.8089060542768,1,6,1,temporal_distance == 6,2022,0.726894946808511,Party_turnout,TRUE,2022,1108,רמת ישי,RAMAT YISHAY,1,יהודי,8120,3998,4122,1935,637,988,3289,1271,2.32809748379227,3487.82645766758,0.156527093596059,NA
126,שריד,שריד,135.82266569252,1,6,1,temporal_distance == 6,2006,0.825813418470351,Party_turnout,FALSE,2006,1126,שריד,SARID,1,NA,590,NA,NA,NA,NA,NA,NA,NA,2.13816282380689,275.937825422264,NA,44
126,שריד,שריד,135.82266569252,1,6,1,temporal_distance == 6,2009,0.671974522292994,Party_turnout,FALSE,2009,1119,שריד,SARID,1,NA,545,NA,NA,NA,NA,NA,NA,NA,2.13816282380689,254.891720093448,NA,51.3333333333333
126,שריד,שריד,135.82266569252,1,6,1,temporal_distance == 6,2013,0.717451523545706,Party_turnout,FALSE,2013,1128,שריד,SARID,1,יהודי,820,420,400,240,30,70,310,170,2.13816282380689,383.506808213994,0.207317073170732,53
126,שריד,שריד,135.82266569252,1,6,1,temporal_distance == 6,2015,0.730398899587345,Party_turnout,TRUE,2015,1122,שריד,SARID,1,יהודי,850,440,410,260,30,70,300,190,2.13816282380689,397.537545099872,0.223529411764706,58.5
126,שריד,שריד,135.82266569252,1,6,1,temporal_distance == 6,2019,0.727030625832224,Party_turnout,TRUE,2019,1131,שריד,SARID,1,יהודי,883,444,439,260,52,52,317,203,2.13816282380689,412.971355674338,0.229898074745187,NA
126,שריד,שריד,135.82266569252,1,6,1,temporal_distance == 6,2019,0.730053191489362,Party_turnout,TRUE,2019.2,1131,שריד,SARID,1,יהודי,883,444,439,260,52,52,317,203,2.13816282380689,412.971355674338,0.229898074745187,NA
126,שריד,שריד,135.82266569252,1,6,1,temporal_distance == 6,2020,0.714854111405836,Party_turnout,TRUE,2020,1117,שריד,SARID,1,יהודי,897,454,448,239,70,55,316,217,2.13816282380689,419.519032887748,0.241917502787068,NA
126,שריד,שריד,135.82266569252,1,6,1,temporal_distance == 6,2021,0.698952879581152,Party_turnout,TRUE,2021,1129,שריד,SARID,1,יהודי,875,440,435,235,70,55,316,201,2.13816282380689,409.229825838104,0.229714285714286,NA
126,שריד,שריד,135.82266569252,1,6,1,temporal_distance == 6,2022,0.690414507772021,Party_turnout,TRUE,2022,1123,שריד,SARID,1,יהודי,889,441,448,232,77,56,318,205,2.13816282380689,415.777503051514,0.230596175478065,NA
130,משמר העמק,משמרהעמק,127.96844452914114,1,6,3,temporal_distance == 6,2006,0.82720195063524,Party_turnout,FALSE,2006,1163,משמר העמק,MISHMAR HAEMEQ,1,NA,964,NA,NA,NA,NA,NA,NA,NA,0.868402801523399,1110.08393605928,NA,26.5
130,משמר העמק,משמרהעמק,127.96844452914114,1,6,3,temporal_distance == 6,2009,0.739076154806492,Party_turnout,FALSE,2009,1169,משמר העמק,MISHMAR HAEMEQ,1,NA,1111,NA,NA,NA,NA,NA,NA,NA,0.868402801523399,1279.36022091479,NA,32
130,משמר העמק,משמרהעמק,127.96844452914114,1,6,3,temporal_distance == 6,2013,0.762886597938144,Party_turnout,FALSE,2013,1166,משמר העמק,MISHMAR HAEMEQ,1,יהודי,1190,580,610,260,90,150,500,190,0.868402801523399,1370.33182978272,0.159663865546218,32.5
130,משמר העמק,משמרהעמק,127.96844452914114,1,6,3,temporal_distance == 6,2015,0.744493392070485,Party_turnout,TRUE,2015,1171,משמר העמק,MISHMAR HAEMEQ,1,יהודי,1220,590,620,260,90,160,510,190,0.868402801523399,1404.87801036548,0.155737704918033,31
130,משמר העמק,משמרהעמק,127.96844452914114,1,6,3,temporal_distance == 6,2019,0.763326226012793,Party_turnout,TRUE,2019,1168,משמר העמק,MISHMAR HAEMEQ,1,יהודי,1271,617,654,316,63,172,509,212,0.868402801523399,1463.60651735617,0.166797797010228,NA
130,משמר העמק,משמרהעמק,127.96844452914114,1,6,3,temporal_distance == 6,2019,0.756046267087277,Party_turnout,TRUE,2019.2,1168,משמר העמק,MISHMAR HAEMEQ,1,יהודי,1271,617,654,316,63,172,509,212,0.868402801523399,1463.60651735617,0.166797797010228,NA
130,משמר העמק,משמרהעמק,127.96844452914114,1,6,3,temporal_distance == 6,2020,0.751840168243954,Party_turnout,TRUE,2020,1176,משמר העמק,MISHMAR HAEMEQ,1,יהודי,1284,619,665,320,68,172,512,212,0.868402801523399,1478.57652894203,0.165109034267913,NA
130,משמר העמק,משמרהעמק,127.96844452914114,1,6,3,temporal_distance == 6,2021,0.771097046413502,Party_turnout,TRUE,2021,1174,משמר העמק,MISHMAR HAEMEQ,1,יהודי,1267,606,662,311,72,154,519,212,0.868402801523399,1459.00035994513,0.167324388318863,NA
130,משמר העמק,משמרהעמק,127.96844452914114,1,6,3,temporal_distance == 6,2022,0.762513312034079,Party_turnout,TRUE,2022,1167,משמר העמק,MISHMAR HAEMEQ,1,יהודי,1278,611,668,325,78,146,516,214,0.868402801523399,1471.66729282548,0.167449139280125,NA
132,כפר ברוך,כפרברוך,133.44289005450128,1,6,1,temporal_distance == 6,2006,0.811882859313022,Party_turnout,FALSE,2006,1180,כפר ברוך,KEFAR BARUKH,1,NA,289,NA,NA,NA,NA,NA,NA,NA,1.0742567626333,269.02320753521,NA,16.5
132,כפר ברוך,כפרברוך,133.44289005450128,1,6,1,temporal_distance == 6,2009,0.705179282868526,Party_turnout,FALSE,2009,1187,כפר ברוך,KEFAR BARUKH,1,NA,390,NA,NA,NA,NA,NA,NA,NA,1.0742567626333,363.041698749938,NA,26
132,כפר ברוך,כפרברוך,133.44289005450128,1,6,1,temporal_distance == 6,2013,0.78839590443686,Party_turnout,FALSE,2013,1181,כפר ברוך,KEFAR BARUKH,1,יהודי,500,250,250,180,30,40,200,60,1.0742567626333,465.438075320433,0.12,22.5
132,כפר ברוך,כפרברוך,133.44289005450128,1,6,1,temporal_distance == 6,2015,0.783536585365854,Party_turnout,TRUE,2015,1178,כפר ברוך,KEFAR BARUKH,1,יהודי,520,260,260,200,20,40,200,60,1.0742567626333,484.05559833325,0.115384615384615,34
132,כפר ברוך,כפרברוך,133.44289005450128,1,6,1,temporal_distance == 6,2019,0.792817679558011,Party_turnout,TRUE,2019,1189,כפר ברוך,KEFAR BARUKH,1,יהודי,602,306,295,227,46,47,211,0,1.0742567626333,560.387442685801,0,NA
132,כפר ברוך,כפרברוך,133.44289005450128,1,6,1,temporal_distance == 6,2019,0.803867403314917,Party_turnout,TRUE,2019.2,1189,כפר ברוך,KEFAR BARUKH,1,יהודי,602,306,295,227,46,47,211,0,1.0742567626333,560.387442685801,0,NA
132,כפר ברוך,כפרברוך,133.44289005450128,1,6,1,temporal_distance == 6,2020,0.775675675675676,Party_turnout,TRUE,2020,1185,כפר ברוך,KEFAR BARUKH,1,יהודי,614,316,294,235,51,35,223,70,1.0742567626333,571.557956493492,0.11400651465798,NA
132,כפר ברוך,כפרברוך,133.44289005450128,1,6,1,temporal_distance == 6,2021,0.752659574468085,Party_turnout,TRUE,2021,1190,כפר ברוך,KEFAR BARUKH,1,יהודי,667,346,321,248,59,40,253,68,1.0742567626333,620.894392477457,0.101949025487256,NA
132,כפר ברוך,כפרברוך,133.44289005450128,1,6,1,temporal_distance == 6,2022,0.770642201834862,Party_turnout,TRUE,2022,1179,כפר ברוך,KEFAR BARUKH,1,יהודי,709,369,340,260,62,43,272,71,1.0742567626333,659.991190804374,0.100141043723554,NA
133,גבת,גבת,136.75746510364797,1,6,1,temporal_distance == 6,2006,0.867518574408166,Party_turnout,FALSE,2006,1202,גבת,GEVAT,1,NA,668,NA,NA,NA,NA,NA,NA,NA,1.76532702918813,378.400142837677,NA,50.6666666666667
133,גבת,גבת,136.75746510364797,1,6,1,temporal_distance == 6,2009,0.762295081967213,Party_turnout,FALSE,2009,1195,גבת,GEVAT,1,NA,687,NA,NA,NA,NA,NA,NA,NA,1.76532702918813,389.163021151922,NA,55.3333333333333
133,גבת,גבת,136.75746510364797,1,6,1,temporal_distance == 6,2013,0.810593900481541,Party_turnout,FALSE,2013,1194,גבת,GEVAT,1,יהודי,790,370,420,200,30,90,330,140,1.76532702918813,447.509150960725,0.177215189873418,58.6666666666667
133,גבת,גבת,136.75746510364797,1,6,1,temporal_distance == 6,2015,0.838509316770186,Party_turnout,TRUE,2015,1198,גבת,GEVAT,1,יהודי,860,410,450,240,30,70,370,160,1.76532702918813,487.161860539524,0.186046511627907,57.3333333333333
133,גבת,גבת,136.75746510364797,1,6,1,temporal_distance == 6,2019,0.812041116005874,Party_turnout,TRUE,2019,1203,גבת,GEVAT,1,יהודי,933,444,489,279,50,57,370,178,1.76532702918813,528.513971957414,0.190782422293676,NA
133,גבת,גבת,136.75746510364797,1,6,1,temporal_distance == 6,2019,0.822320117474302,Party_turnout,TRUE,2019.2,1203,גבת,GEVAT,1,יהודי,933,444,489,279,50,57,370,178,1.76532702918813,528.513971957414,0.190782422293676,NA
133,גבת,גבת,136.75746510364797,1,6,1,temporal_distance == 6,2020,0.812041116005874,Party_turnout,TRUE,2020,1196,גבת,GEVAT,1,יהודי,932,442,494,269,58,65,362,178,1.76532702918813,527.947504677716,0.190987124463519,NA
133,גבת,גבת,136.75746510364797,1,6,1,temporal_distance == 6,2021,0.804347826086957,Party_turnout,TRUE,2021,1200,גבת,GEVAT,1,יהודי,958,452,506,273,71,67,362,184,1.76532702918813,542.675653949842,0.192066805845511,NA
133,גבת,גבת,136.75746510364797,1,6,1,temporal_distance == 6,2022,0.810541310541311,Party_turnout,TRUE,2022,1201,גבת,GEVAT,1,יהודי,965,453,512,279,72,67,360,187,1.76532702918813,546.640924907721,0.193782383419689,NA
134,יפעת,יפעת,137.93550269781147,1,6,1,temporal_distance == 6,2006,0.925978341127246,Party_turnout,FALSE,2006,1212,יפעת,YIF'AT,1,NA,717,NA,NA,NA,NA,NA,NA,NA,1.48386728582697,483.19685112568,NA,59
134,יפעת,יפעת,137.93550269781147,1,6,1,temporal_distance == 6,2009,0.696374622356495,Party_turnout,FALSE,2009,1207,יפעת,YIF'AT,1,NA,862,NA,NA,NA,NA,NA,NA,NA,1.48386728582697,580.914484895866,NA,59
134,יפעת,יפעת,137.93550269781147,1,6,1,temporal_distance == 6,2013,0.752941176470588,Party_turnout,FALSE,2013,1209,יפעת,YIF'AT,1,יהודי,1010,510,500,250,40,140,400,170,1.48386728582697,680.653862813022,0.168316831683168,61.5
134,יפעת,יפעת,137.93550269781147,1,6,1,temporal_distance == 6,2015,0.775280898876405,Party_turnout,TRUE,2015,1208,יפעת,YIF'AT,1,יהודי,1080,540,540,280,60,130,440,180,1.48386728582697,727.827892908974,0.166666666666667,61
134,יפעת,יפעת,137.93550269781147,1,6,1,temporal_distance == 6,2019,0.741656365883807,Party_turnout,TRUE,2019,1216,יפעת,YIF'AT,1,יהודי,1208,614,594,354,78,118,477,180,1.48386728582697,814.088976513,0.149006622516556,NA
134,יפעת,יפעת,137.93550269781147,1,6,1,temporal_distance == 6,2019,0.76997578692494,Party_turnout,TRUE,2019.2,1216,יפעת,YIF'AT,1,יהודי,1208,614,594,354,78,118,477,180,1.48386728582697,814.088976513,0.149006622516556,NA
134,יפעת,יפעת,137.93550269781147,1,6,1,temporal_distance == 6,2020,0.761158021712907,Party_turnout,TRUE,2020,1221,יפעת,YIF'AT,1,יהודי,1204,614,594,339,87,108,488,182,1.48386728582697,811.393317650374,0.151162790697674,NA
134,יפעת,יפעת,137.93550269781147,1,6,1,temporal_distance == 6,2021,0.750295857988166,Party_turnout,TRUE,2021,1214,יפעת,YIF'AT,1,יהודי,1212,615,597,332,100,104,496,180,1.48386728582697,816.784635375626,0.148514851485149,NA
134,יפעת,יפעת,137.93550269781147,1,6,1,temporal_distance == 6,2022,0.756410256410256,Party_turnout,TRUE,2022,1211,יפעת,YIF'AT,1,יהודי,1227,620,606,306,119,113,501,187,1.48386728582697,826.893356110473,0.15240423797881,NA
135,רמת דוד,רמתדוד,135.6700126470148,1,6,1,temporal_distance == 6,2006,1,Party_turnout,FALSE,2006,1228,רמת דוד,RAMAT DAWID,1,NA,233,NA,NA,NA,NA,NA,NA,NA,2.44903876212584,95.1393679852372,NA,46
135,רמת דוד,רמתדוד,135.6700126470148,1,6,1,temporal_distance == 6,2009,0.61340206185567,Party_turnout,FALSE,2009,1223,רמת דוד,RAMAT DAWID,1,NA,436,NA,NA,NA,NA,NA,NA,NA,2.44903876212584,178.02903193804,NA,54.25
135,רמת דוד,רמתדוד,135.6700126470148,1,6,1,temporal_distance == 6,2013,0.895238095238095,Party_turnout,FALSE,2013,1222,רמת דוד,RAMAT DAWID,1,יהודי,430,200,230,140,20,40,170,60,2.44903876212584,175.579091131554,0.13953488372093,55.25
135,רמת דוד,רמתדוד,135.6700126470148,1,6,1,temporal_distance == 6,2015,0.77521613832853,Party_turnout,TRUE,2015,1224,רמת דוד,RAMAT DAWID,1,יהודי,480,230,250,160,20,40,200,60,2.44903876212584,195.995264518944,0.125,52.75
135,רמת דוד,רמתדוד,135.6700126470148,1,6,1,temporal_distance == 6,2019,0.804597701149425,Party_turnout,TRUE,2019,1227,רמת דוד,RAMAT DAWID,1,יהודי,521,247,274,172,45,24,218,63,2.44903876212584,212.736526696603,0.120921305182342,NA
135,רמת דוד,רמתדוד,135.6700126470148,1,6,1,temporal_distance == 6,2019,0.811267605633803,Party_turnout,TRUE,2019.2,1227,רמת דוד,RAMAT DAWID,1,יהודי,521,247,274,172,45,24,218,63,2.44903876212584,212.736526696603,0.120921305182342,NA
135,רמת דוד,רמתדוד,135.6700126470148,1,6,1,temporal_distance == 6,2020,0.794444444444444,Party_turnout,TRUE,2020,1229,רמת דוד,RAMAT DAWID,1,יהודי,540,256,281,179,44,25,223,69,2.44903876212584,220.494672583812,0.127777777777778,NA
135,רמת דוד,רמתדוד,135.6700126470148,1,6,1,temporal_distance == 6,2021,0.778666666666667,Party_turnout,TRUE,2021,1233,רמת דוד,RAMAT DAWID,1,יהודי,542,254,287,177,46,31,222,67,2.44903876212584,221.311319519307,0.123616236162362,NA
135,רמת דוד,רמתדוד,135.6700126470148,1,6,1,temporal_distance == 6,2022,0.754950495049505,Party_turnout,TRUE,2022,1232,רמת דוד,RAMAT DAWID,1,יהודי,582,274,308,189,50,37,241,64,2.44903876212584,237.644258229219,0.109965635738832,NA
139,עין שמר,עיןשמר,107.50453183125508,0,NA,NA,no_red_alert,2006,0.509028635746099,Party_turnout,FALSE,2006,1238,עין שמר,EN SHEMER,1,NA,787,NA,NA,NA,NA,NA,NA,NA,0.631899670505414,1245.45087888799,NA,61
139,עין שמר,עיןשמר,107.50453183125508,0,NA,NA,no_red_alert,2009,0.701013513513513,Party_turnout,FALSE,2009,1248,עין שמר,EN SHEMER,1,NA,511,NA,NA,NA,NA,NA,NA,NA,0.631899670505414,808.672679938709,NA,59
139,עין שמר,עיןשמר,107.50453183125508,0,NA,NA,no_red_alert,2013,0.731833910034602,Party_turnout,FALSE,2013,1245,עין שמר,EN SHEMER,1,יהודי,550,280,280,100,50,90,190,130,0.631899670505414,870.39133848589,0.236363636363636,62.4
139,עין שמר,עיןשמר,107.50453183125508,0,NA,NA,no_red_alert,2015,0.744897959183674,Party_turnout,TRUE,2015,1246,עין שמר,EN SHEMER,1,יהודי,570,290,280,110,60,90,190,130,0.631899670505414,902.04193261265,0.228070175438596,61
139,עין שמר,עיןשמר,107.50453183125508,0,NA,NA,no_red_alert,2019,0.751736111111111,Party_turnout,TRUE,2019,1247,עין שמר,EN SHEMER,1,יהודי,571,286,285,121,39,85,198,127,0.631899670505414,903.624462318988,0.222416812609457,NA
139,עין שמר,עיןשמר,107.50453183125508,0,NA,NA,no_red_alert,2019,0.729131175468484,Party_turnout,TRUE,2019.2,1247,עין שמר,EN SHEMER,1,יהודי,571,286,285,121,39,85,198,127,0.631899670505414,903.624462318988,0.222416812609457,NA
139,עין שמר,עיןשמר,107.50453183125508,0,NA,NA,no_red_alert,2020,0.726190476190476,Party_turnout,TRUE,2020,1243,עין שמר,EN SHEMER,1,יהודי,586,297,287,127,41,72,210,136,0.631899670505414,927.362407914058,0.232081911262799,NA
139,עין שמר,עיןשמר,107.50453183125508,0,NA,NA,no_red_alert,2021,0.717428087986464,Party_turnout,TRUE,2021,1237,עין שמר,EN SHEMER,1,יהודי,635,322,313,154,44,70,231,136,0.631899670505414,1004.90636352462,0.214173228346457,NA
139,עין שמר,עיןשמר,107.50453183125508,0,NA,NA,no_red_alert,2022,0.713622291021672,Party_turnout,TRUE,2022,1251,עין שמר,EN SHEMER,1,יהודי,689,353,336,180,54,62,259,133,0.631899670505414,1090.36296766687,0.193033381712627,NA
140,כפר יהושע,כפריהושע,133.69447764586087,1,6,1,temporal_distance == 6,2006,0.927835051546392,Party_turnout,FALSE,2006,1261,כפר יהושע,KEFAR YEHOSHUA,1,NA,732,NA,NA,NA,NA,NA,NA,NA,7.51660514994527,97.384389015742,NA,35.5
140,כפר יהושע,כפריהושע,133.69447764586087,1,6,1,temporal_distance == 6,2009,0.813167259786477,Party_turnout,FALSE,2009,1255,כפר יהושע,KEFAR YEHOSHUA,1,NA,929,NA,NA,NA,NA,NA,NA,NA,7.51660514994527,123.593029228995,NA,47.9
140,כפר יהושע,כפריהושע,133.69447764586087,1,6,1,temporal_distance == 6,2013,0.82179675994109,Party_turnout,FALSE,2013,1256,כפר יהושע,KEFAR YEHOSHUA,1,יהודי,1080,520,560,350,90,90,400,150,7.51660514994527,143.681885433062,0.138888888888889,38.6
140,כפר יהושע,כפריהושע,133.69447764586087,1,6,1,temporal_distance == 6,2015,0.83026874115983,Party_turnout,TRUE,2015,1264,כפר יהושע,KEFAR YEHOSHUA,1,יהודי,1110,540,570,320,110,110,430,150,7.51660514994527,147.673048917314,0.135135135135135,47.4
140,כפר יהושע,כפריהושע,133.69447764586087,1,6,1,temporal_distance == 6,2019,0.803377563329312,Party_turnout,TRUE,2019,1259,כפר יהושע,KEFAR YEHOSHUA,1,יהודי,1224,603,621,340,117,150,475,143,7.51660514994527,162.83947015747,0.116830065359477,NA
140,כפר יהושע,כפריהושע,133.69447764586087,1,6,1,temporal_distance == 6,2019,0.789855072463768,Party_turnout,TRUE,2019.2,1259,כפר יהושע,KEFAR YEHOSHUA,1,יהודי,1224,603,621,340,117,150,475,143,7.51660514994527,162.83947015747,0.116830065359477,NA
140,כפר יהושע,כפריהושע,133.69447764586087,1,6,1,temporal_distance == 6,2020,0.810843373493976,Party_turnout,TRUE,2020,1266,כפר יהושע,KEFAR YEHOSHUA,1,יהודי,1222,602,619,327,115,156,483,141,7.51660514994527,162.573392591853,0.115384615384615,NA
140,כפר יהושע,כפריהושע,133.69447764586087,1,6,1,temporal_distance == 6,2021,0.773474178403756,Party_turnout,TRUE,2021,1257,כפר יהושע,KEFAR YEHOSHUA,1,יהודי,1244,614,630,319,127,170,486,144,7.51660514994527,165.500245813638,0.115755627009646,NA
140,כפר יהושע,כפריהושע,133.69447764586087,1,6,1,temporal_distance == 6,2022,0.772222222222222,Party_turnout,TRUE,2022,1258,כפר יהושע,KEFAR YEHOSHUA,1,יהודי,1251,619,632,309,137,168,487,150,7.51660514994527,166.431517293297,0.119904076738609,NA
141,ברק,ברק,127.55177156213912,1,6,1,temporal_distance == 6,2006,0.818901098901099,Party_turnout,FALSE,2006,1280,ברק,BARAQ,1,NA,273,NA,NA,NA,NA,NA,NA,NA,0.626241582358959,435.934003251029,NA,22
141,ברק,ברק,127.55177156213912,1,6,1,temporal_distance == 6,2009,0.66,Party_turnout,FALSE,2009,1274,ברק,BARAQ,1,NA,345,NA,NA,NA,NA,NA,NA,NA,0.626241582358959,550.905608504048,NA,23.8
141,ברק,ברק,127.55177156213912,1,6,1,temporal_distance == 6,2013,0.699658703071672,Party_turnout,FALSE,2013,1269,ברק,BARAQ,1,יהודי,420,200,220,100,30,50,170,60,0.626241582358959,670.667697309276,0.142857142857143,27
141,ברק,ברק,127.55177156213912,1,6,1,temporal_distance == 6,2015,0.723472668810289,Party_turnout,TRUE,2015,1278,ברק,BARAQ,1,יהודי,420,200,220,100,20,60,170,70,0.626241582358959,670.667697309276,0.166666666666667,28
141,ברק,ברק,127.55177156213912,1,6,1,temporal_distance == 6,2019,0.717607973421927,Party_turnout,TRUE,2019,1276,ברק,BARAQ,1,יהודי,411,190,221,95,22,53,172,69,0.626241582358959,656.296246652649,0.167883211678832,NA
141,ברק,ברק,127.55177156213912,1,6,1,temporal_distance == 6,2019,0.741830065359477,Party_turnout,TRUE,2019.2,1276,ברק,BARAQ,1,יהודי,411,190,221,95,22,53,172,69,0.626241582358959,656.296246652649,0.167883211678832,NA
141,ברק,ברק,127.55177156213912,1,6,1,temporal_distance == 6,2020,0.720394736842105,Party_turnout,TRUE,2020,1270,ברק,BARAQ,1,יהודי,411,193,219,89,22,62,165,73,0.626241582358959,656.296246652649,0.177615571776156,NA
141,ברק,ברק,127.55177156213912,1,6,1,temporal_distance == 6,2021,0.662295081967213,Party_turnout,TRUE,2021,1277,ברק,BARAQ,1,יהודי,396,189,207,83,22,62,158,69,0.626241582358959,632.343828891603,0.174242424242424,NA
141,ברק,ברק,127.55177156213912,1,6,1,temporal_distance == 6,2022,0.740740740740741,Party_turnout,TRUE,2022,1267,ברק,BARAQ,1,יהודי,396,188,208,85,23,56,157,75,0.626241582358959,632.343828891603,0.189393939393939,NA
142,שדה יעקב,שדהיעקב,135.8924574283133,1,6,1,temporal_distance == 6,2006,0.751427806254321,Party_turnout,FALSE,2006,1291,שדה יעקב,SEDE YA'AQOV,1,NA,921,NA,NA,NA,NA,NA,NA,NA,2.18103472728942,422.276632497556,NA,49
142,שדה יעקב,שדהיעקב,135.8924574283133,1,6,1,temporal_distance == 6,2009,0.82089552238806,Party_turnout,FALSE,2009,1288,שדה יעקב,SEDE YA'AQOV,1,NA,1154,NA,NA,NA,NA,NA,NA,NA,2.18103472728942,529.106660045798,NA,57.5
142,שדה יעקב,שדהיעקב,135.8924574283133,1,6,1,temporal_distance == 6,2013,0.854684512428298,Party_turnout,FALSE,2013,1290,שדה יעקב,SEDE YA'AQOV,1,יהודי,1270,810,460,450,320,100,330,70,2.18103472728942,582.292424833763,0.0551181102362205,53.6666666666667
142,שדה יעקב,שדהיעקב,135.8924574283133,1,6,1,temporal_distance == 6,2015,0.841637010676157,Party_turnout,TRUE,2015,1293,שדה יעקב,SEDE YA'AQOV,1,יהודי,1130,640,500,400,200,110,350,70,2.18103472728942,518.102708710356,0.0619469026548673,55.6666666666667
142,שדה יעקב,שדהיעקב,135.8924574283133,1,6,1,temporal_distance == 6,2019,0.820846905537459,Party_turnout,TRUE,2019,1287,שדה יעקב,SEDE YA'AQOV,1,יהודי,1103,593,509,385,158,126,340,92,2.18103472728942,505.723263457985,0.0834088848594742,NA
142,שדה יעקב,שדהיעקב,135.8924574283133,1,6,1,temporal_distance == 6,2019,0.789137380191693,Party_turnout,TRUE,2019.2,1287,שדה יעקב,SEDE YA'AQOV,1,יהודי,1103,593,509,385,158,126,340,92,2.18103472728942,505.723263457985,0.0834088848594742,NA
142,שדה יעקב,שדהיעקב,135.8924574283133,1,6,1,temporal_distance == 6,2020,0.799363057324841,Party_turnout,TRUE,2020,1295,שדה יעקב,SEDE YA'AQOV,1,יהודי,1096,590,504,385,144,124,341,102,2.18103472728942,502.513777651815,0.0930656934306569,NA
142,שדה יעקב,שדהיעקב,135.8924574283133,1,6,1,temporal_distance == 6,2021,0.778801843317972,Party_turnout,TRUE,2021,1286,שדה יעקב,SEDE YA'AQOV,1,יהודי,1094,583,511,361,155,127,351,99,2.18103472728942,501.596781707195,0.0904936014625228,NA
142,שדה יעקב,שדהיעקב,135.8924574283133,1,6,1,temporal_distance == 6,2022,0.780923994038748,Party_turnout,TRUE,2022,1285,שדה יעקב,SEDE YA'AQOV,1,יהודי,1096,583,513,331,175,133,349,108,2.18103472728942,502.513777651815,0.0985401459854015,NA
145,גדיש,גדיש,128.01530499261528,1,6,1,temporal_distance == 6,2006,0.793746630727763,Party_turnout,FALSE,2006,1337,גדיש,GADISH,1,NA,315,NA,NA,NA,NA,NA,NA,NA,0.262164551663418,1201.53544024676,NA,27
145,גדיש,גדיש,128.01530499261528,1,6,1,temporal_distance == 6,2009,0.656603773584906,Party_turnout,FALSE,2009,1335,גדיש,GADISH,1,NA,409,NA,NA,NA,NA,NA,NA,NA,0.262164551663418,1560.0888732092899,NA,30
145,גדיש,גדיש,128.01530499261528,1,6,1,temporal_distance == 6,2013,0.678571428571429,Party_turnout,FALSE,2013,1331,גדיש,GADISH,1,יהודי,380,190,200,90,30,50,150,60,0.262164551663418,1449.47132474213,0.157894736842105,31
145,גדיש,גדיש,128.01530499261528,1,6,1,temporal_distance == 6,2015,0.760617760617761,Party_turnout,TRUE,2015,1333,גדיש,GADISH,1,יהודי,400,190,210,90,40,60,160,60,0.262164551663418,1525.75928920224,0.15,31.75
145,גדיש,גדיש,128.01530499261528,1,6,1,temporal_distance == 6,2019,0.705454545454545,Party_turnout,TRUE,2019,1339,גדיש,GADISH,1,יהודי,397,198,199,80,40,66,162,49,0.262164551663418,1514.31609453322,0.123425692695214,NA
145,גדיש,גדיש,128.01530499261528,1,6,1,temporal_distance == 6,2019,0.683636363636364,Party_turnout,TRUE,2019.2,1339,גדיש,GADISH,1,יהודי,397,198,199,80,40,66,162,49,0.262164551663418,1514.31609453322,0.123425692695214,NA
145,גדיש,גדיש,128.01530499261528,1,6,1,temporal_distance == 6,2020,0.74468085106383,Party_turnout,TRUE,2020,1332,גדיש,GADISH,1,יהודי,412,207,202,92,36,69,165,50,0.262164551663418,1571.53206787831,0.121359223300971,NA
145,גדיש,גדיש,128.01530499261528,1,6,1,temporal_distance == 6,2021,0.705263157894737,Party_turnout,TRUE,2021,1338,גדיש,GADISH,1,יהודי,414,211,203,93,35,77,163,46,0.262164551663418,1579.16086432432,0.111111111111111,NA
145,גדיש,גדיש,128.01530499261528,1,6,1,temporal_distance == 6,2022,0.742049469964664,Party_turnout,TRUE,2022,1328,גדיש,GADISH,1,יהודי,407,210,197,93,28,69,170,50,0.262164551663418,1552.46007676328,0.122850122850123,NA
146,דבורה,דבורה,128.2604908852973,1,6,1,temporal_distance == 6,2006,0.606757067340841,Party_turnout,FALSE,2006,1352,דבורה,DEVORA,1,NA,229,NA,NA,NA,NA,NA,NA,NA,0.720778382792002,317.712081087875,NA,24
146,דבורה,דבורה,128.2604908852973,1,6,1,temporal_distance == 6,2009,0.602564102564103,Party_turnout,FALSE,2009,1354,דבורה,DEVORA,1,NA,209,NA,NA,NA,NA,NA,NA,NA,0.720778382792002,289.9643010802,NA,24
146,דבורה,דבורה,128.2604908852973,1,6,1,temporal_distance == 6,2013,0.719298245614035,Party_turnout,FALSE,2013,1347,דבורה,DEVORA,1,יהודי,220,100,110,60,10,20,90,40,0.720778382792002,305.225580084422,0.181818181818182,27
146,דבורה,דבורה,128.2604908852973,1,6,1,temporal_distance == 6,2015,0.74429223744292194,Party_turnout,TRUE,2015,1345,דבורה,DEVORA,1,יהודי,230,110,120,70,10,10,100,40,0.720778382792002,319.099470088259,0.173913043478261,29
146,דבורה,דבורה,128.2604908852973,1,6,1,temporal_distance == 6,2019,0.7,Party_turnout,TRUE,2019,1348,דבורה,DEVORA,1,יהודי,217,100,117,59,14,22,83,39,0.720778382792002,301.06341308327,0.179723502304147,NA
146,דבורה,דבורה,128.2604908852973,1,6,1,temporal_distance == 6,2019,0.717391304347826,Party_turnout,TRUE,2019.2,1348,דבורה,DEVORA,1,יהודי,217,100,117,59,14,22,83,39,0.720778382792002,301.06341308327,0.179723502304147,NA
146,דבורה,דבורה,128.2604908852973,1,6,1,temporal_distance == 6,2020,0.68859649122807,Party_turnout,TRUE,2020,1342,דבורה,DEVORA,1,יהודי,209,98,110,56,14,19,83,37,0.720778382792002,289.9643010802,0.177033492822967,NA
146,דבורה,דבורה,128.2604908852973,1,6,1,temporal_distance == 6,2021,0.647058823529412,Party_turnout,TRUE,2021,1353,דבורה,DEVORA,1,יהודי,218,101,118,62,15,21,85,36,0.720778382792002,302.450802083654,0.165137614678899,NA
146,דבורה,דבורה,128.2604908852973,1,6,1,temporal_distance == 6,2022,0.615044247787611,Party_turnout,TRUE,2022,1343,דבורה,DEVORA,1,יהודי,225,103,122,61,17,22,88,38,0.720778382792002,312.16252508634,0.168888888888889,NA
154,תל מונד,תלמונד,79.433112399535,0,NA,NA,no_red_alert,2006,0.6419678599692,Party_turnout,FALSE,2006,1385,תל מונד,TEL MOND,1,NA,9398,NA,NA,NA,NA,NA,NA,NA,7.12871178434754,1318.33075656602,NA,61
154,תל מונד,תלמונד,79.433112399535,0,NA,NA,no_red_alert,2009,0.722517730496454,Party_turnout,FALSE,2009,1383,תל מונד,TEL MOND,1,NA,10198,NA,NA,NA,NA,NA,NA,NA,7.12871178434754,1430.55299589916,NA,59
154,תל מונד,תלמונד,79.433112399535,0,NA,NA,no_red_alert,2013,0.74294544477291,Party_turnout,FALSE,2013,1377,תל מונד,TEL MOND,1,יהודי,11400,5780,5620,3510,1040,1220,4980,650,7.12871178434754,1599.16691049719,0.0570175438596491,63
154,תל מונד,תלמונד,79.433112399535,0,NA,NA,no_red_alert,2015,0.777570789865872,Party_turnout,TRUE,2015,1379,תל מונד,TEL MOND,1,יהודי,11940,6030,5910,3430,1230,1340,5170,770,7.12871178434754,1674.91692204706,0.0644891122278057,62.2222222222222
154,תל מונד,תלמונד,79.433112399535,0,NA,NA,no_red_alert,2019,0.766180443003782,Party_turnout,TRUE,2019,1372,תל מונד,TEL MOND,1,יהודי,13144,6650,6495,3454,1346,1697,5574,1073,7.12871178434754,1843.81139224343,0.0816342057212416,NA
154,תל מונד,תלמונד,79.433112399535,0,NA,NA,no_red_alert,2019,0.75716730851519,Party_turnout,TRUE,2019.2,1372,תל מונד,TEL MOND,1,יהודי,13144,6650,6495,3454,1346,1697,5574,1073,7.12871178434754,1843.81139224343,0.0816342057212416,NA
154,תל מונד,תלמונד,79.433112399535,0,NA,NA,no_red_alert,2020,0.748262792166772,Party_turnout,TRUE,2020,1384,תל מונד,TEL MOND,1,יהודי,13494,6807,6684,3511,1322,1815,5699,1147,7.12871178434754,1892.90862195168,0.0850007410701052,NA
154,תל מונד,תלמונד,79.433112399535,0,NA,NA,no_red_alert,2021,0.736922450641156,Party_turnout,TRUE,2021,1386,תל מונד,TEL MOND,1,יהודי,14179,7114,7065,3717,1359,1868,5958,1276,7.12871178434754,1988.99891438068,0.0899922420480993,NA
154,תל מונד,תלמונד,79.433112399535,0,NA,NA,no_red_alert,2022,0.747274813539874,Party_turnout,TRUE,2022,1373,תל מונד,TEL MOND,1,יהודי,14477,7284,7193,3741,1395,1896,6099,1347,7.12871178434754,2030.80169853227,0.0930441389790703,NA
157,עין ורד,עיןורד,84.25264508493477,1,227,5,temporal_distance > 149,2006,0.723415132924335,Party_turnout,FALSE,2006,1423,עין ורד,EN WERED,1,NA,1141,NA,NA,NA,NA,NA,NA,NA,2.40560298960173,474.309354008951,NA,61
157,עין ורד,עיןורד,84.25264508493477,1,227,5,temporal_distance > 149,2009,0.801955990220049,Party_turnout,FALSE,2009,1431,עין ורד,EN WERED,1,NA,1128,NA,NA,NA,NA,NA,NA,NA,2.40560298960173,468.905303525063,NA,59
157,עין ורד,עיןורד,84.25264508493477,1,227,5,temporal_distance > 149,2013,0.834547346514048,Party_turnout,FALSE,2013,1428,עין ורד,EN WERED,1,יהודי,1420,710,710,460,100,120,610,130,2.40560298960173,590.288591317012,0.0915492957746479,63
157,עין ורד,עיןורד,84.25264508493477,1,227,5,temporal_distance > 149,2015,0.838293650793651,Party_turnout,TRUE,2015,1430,עין ורד,EN WERED,1,יהודי,1470,730,750,470,120,110,640,140,2.40560298960173,611.073400870428,0.0952380952380952,62.25
157,עין ורד,עיןורד,84.25264508493477,1,227,5,temporal_distance > 149,2019,0.81267217630854,Party_turnout,TRUE,2019,1419,עין ורד,EN WERED,1,יהודי,1504,762,742,410,158,144,618,174,2.40560298960173,625.207071366751,0.115691489361702,NA
157,עין ורד,עיןורד,84.25264508493477,1,227,5,temporal_distance > 149,2019,0.805682859761687,Party_turnout,TRUE,2019.2,1419,עין ורד,EN WERED,1,יהודי,1504,762,742,410,158,144,618,174,2.40560298960173,625.207071366751,0.115691489361702,NA
157,עין ורד,עיןורד,84.25264508493477,1,227,5,temporal_distance > 149,2020,0.779411764705882,Party_turnout,TRUE,2020,1421,עין ורד,EN WERED,1,יהודי,1547,795,753,390,185,161,630,181,2.40560298960173,643.082007582689,0.117000646412411,NA
157,עין ורד,עיןורד,84.25264508493477,1,227,5,temporal_distance > 149,2021,0.803713527851459,Party_turnout,TRUE,2021,1429,עין ורד,EN WERED,1,יהודי,1567,810,758,375,198,168,637,187,2.40560298960173,651.395931404055,0.119336311423101,NA
157,עין ורד,עיןורד,84.25264508493477,1,227,5,temporal_distance > 149,2022,0.75885911840968,Party_turnout,TRUE,2022,1426,עין ורד,EN WERED,1,יהודי,1564,803,762,346,200,192,634,193,2.40560298960173,650.14884283085,0.123401534526854,NA
162,חירות,חירות,81.53736308037226,1,227,5,temporal_distance > 149,2006,0.758277162394692,Party_turnout,FALSE,2006,1483,חירות,HERUT,1,NA,1172,NA,NA,NA,NA,NA,NA,NA,0.837538395771975,1399.33883140933,NA,61
162,חירות,חירות,81.53736308037226,1,227,5,temporal_distance > 149,2009,0.847545219638243,Party_turnout,FALSE,2009,1479,חירות,HERUT,1,NA,1221,NA,NA,NA,NA,NA,NA,NA,0.837538395771975,1457.84361190341,NA,59
162,חירות,חירות,81.53736308037226,1,227,5,temporal_distance > 149,2013,0.839094159713945,Party_turnout,FALSE,2013,1484,חירות,HERUT,1,יהודי,1290,630,670,440,90,100,540,120,0.837538395771975,1540.22789463996,0.0930232558139535,63
162,חירות,חירות,81.53736308037226,1,227,5,temporal_distance > 149,2015,0.845153664302601,Party_turnout,TRUE,2015,1478,חירות,HERUT,1,יהודי,1270,610,660,400,110,110,530,120,0.837538395771975,1516.34839239748,0.094488188976378,62
162,חירות,חירות,81.53736308037226,1,227,5,temporal_distance > 149,2019,0.823466092572659,Party_turnout,TRUE,2019,1477,חירות,HERUT,1,יהודי,1298,630,668,342,137,141,549,129,0.837538395771975,1549.77969553695,0.0993836671802773,NA
162,חירות,חירות,81.53736308037226,1,227,5,temporal_distance > 149,2019,0.814377682403433,Party_turnout,TRUE,2019.2,1477,חירות,HERUT,1,יהודי,1298,630,668,342,137,141,549,129,0.837538395771975,1549.77969553695,0.0993836671802773,NA
162,חירות,חירות,81.53736308037226,1,227,5,temporal_distance > 149,2020,0.811015118790497,Party_turnout,TRUE,2020,1480,חירות,HERUT,1,יהודי,1267,606,662,311,143,142,541,130,0.837538395771975,1512.76646706111,0.102604577742699,NA
162,חירות,חירות,81.53736308037226,1,227,5,temporal_distance > 149,2021,0.807073954983923,Party_turnout,TRUE,2021,1481,חירות,HERUT,1,יהודי,1260,610,650,288,143,153,536,142,0.837538395771975,1504.40864127624,0.112698412698413,NA
162,חירות,חירות,81.53736308037226,1,227,5,temporal_distance > 149,2022,0.775700934579439,Party_turnout,TRUE,2022,1491,חירות,HERUT,1,יהודי,1246,603,643,264,137,181,526,140,0.837538395771975,1487.69298970651,0.112359550561798,NA
164,מלאה,מלאה,127.92109761778345,1,6,1,temporal_distance == 6,2006,0.701023696266906,Party_turnout,FALSE,2006,1521,מלאה,MELE'A,1,NA,343,NA,NA,NA,NA,NA,NA,NA,0.777061183015982,441.406683922526,NA,29
164,מלאה,מלאה,127.92109761778345,1,6,1,temporal_distance == 6,2009,0.745535714285714,Party_turnout,FALSE,2009,1516,מלאה,MELE'A,1,NA,326,NA,NA,NA,NA,NA,NA,NA,0.777061183015982,419.529384719369,NA,31
164,מלאה,מלאה,127.92109761778345,1,6,1,temporal_distance == 6,2013,0.83402489626556,Party_turnout,FALSE,2013,1519,מלאה,MELE'A,1,יהודי,360,180,180,100,30,50,150,30,0.777061183015982,463.283983125684,0.0833333333333333,30
164,מלאה,מלאה,127.92109761778345,1,6,1,temporal_distance == 6,2015,0.781954887218045,Party_turnout,TRUE,2015,1508,מלאה,MELE'A,1,יהודי,390,200,190,100,30,60,160,40,0.777061183015982,501.890981719491,0.102564102564103,30.5
164,מלאה,מלאה,127.92109761778345,1,6,1,temporal_distance == 6,2019,0.811594202898551,Party_turnout,TRUE,2019,1511,מלאה,MELE'A,1,יהודי,383,205,177,93,35,50,162,44,0.777061183015982,492.882682047602,0.114882506527415,NA
164,מלאה,מלאה,127.92109761778345,1,6,1,temporal_distance == 6,2019,0.776978417266187,Party_turnout,TRUE,2019.2,1511,מלאה,MELE'A,1,יהודי,383,205,177,93,35,50,162,44,0.777061183015982,492.882682047602,0.114882506527415,NA
164,מלאה,מלאה,127.92109761778345,1,6,1,temporal_distance == 6,2020,0.847826086956522,Party_turnout,TRUE,2020,1510,מלאה,MELE'A,1,יהודי,393,213,178,99,32,49,166,47,0.777061183015982,505.751681578871,0.119592875318066,NA
164,מלאה,מלאה,127.92109761778345,1,6,1,temporal_distance == 6,2021,0.794223826714801,Party_turnout,TRUE,2021,1509,מלאה,MELE'A,1,יהודי,375,203,172,92,29,48,158,48,0.777061183015982,482.587482422587,0.128,NA
164,מלאה,מלאה,127.92109761778345,1,6,1,temporal_distance == 6,2022,0.776173285198556,Party_turnout,TRUE,2022,1518,מלאה,MELE'A,1,יהודי,363,199,164,89,27,47,151,50,0.777061183015982,467.144682985064,0.137741046831956,NA
165,ניר יפה,ניריפה,128.91543426426327,1,6,1,temporal_distance == 6,2006,0.905022045237762,Party_turnout,FALSE,2006,1529,ניר יפה,NIR YAFE,1,NA,413,NA,NA,NA,NA,NA,NA,NA,0.85122733021643,485.181790268637,NA,30
165,ניר יפה,ניריפה,128.91543426426327,1,6,1,temporal_distance == 6,2009,0.62280701754386,Party_turnout,FALSE,2009,1532,ניר יפה,NIR YAFE,1,NA,585,NA,NA,NA,NA,NA,NA,NA,0.85122733021643,687.242971688021,NA,32
165,ניר יפה,ניריפה,128.91543426426327,1,6,1,temporal_distance == 6,2013,0.730027548209366,Party_turnout,FALSE,2013,1530,ניר יפה,NIR YAFE,1,יהודי,640,330,310,240,20,50,260,70,0.85122733021643,751.855558769801,0.109375,31
165,ניר יפה,ניריפה,128.91543426426327,1,6,1,temporal_distance == 6,2015,0.810026385224274,Party_turnout,TRUE,2015,1528,ניר יפה,NIR YAFE,1,יהודי,680,350,330,260,30,40,270,80,0.85122733021643,798.846531192913,0.117647058823529,32.5
165,ניר יפה,ניריפה,128.91543426426327,1,6,1,temporal_distance == 6,2019,0.746268656716418,Party_turnout,TRUE,2019,1525,ניר יפה,NIR YAFE,1,יהודי,724,364,360,242,79,40,278,84,0.85122733021643,850.536600858337,0.116022099447514,NA
165,ניר יפה,ניריפה,128.91543426426327,1,6,1,temporal_distance == 6,2019,0.730392156862745,Party_turnout,TRUE,2019.2,1525,ניר יפה,NIR YAFE,1,יהודי,724,364,360,242,79,40,278,84,0.85122733021643,850.536600858337,0.116022099447514,NA
165,ניר יפה,ניריפה,128.91543426426327,1,6,1,temporal_distance == 6,2020,0.770685579196217,Party_turnout,TRUE,2020,1533,ניר יפה,NIR YAFE,1,יהודי,724,364,355,221,91,50,280,82,0.85122733021643,850.536600858337,0.113259668508287,NA
165,ניר יפה,ניריפה,128.91543426426327,1,6,1,temporal_distance == 6,2021,0.713318284424379,Party_turnout,TRUE,2021,1522,ניר יפה,NIR YAFE,1,יהודי,730,359,371,217,91,60,282,81,0.85122733021643,857.585246721804,0.110958904109589,NA
165,ניר יפה,ניריפה,128.91543426426327,1,6,1,temporal_distance == 6,2022,0.724511930585683,Party_turnout,TRUE,2022,1536,ניר יפה,NIR YAFE,1,יהודי,724,361,363,197,97,69,277,83,0.85122733021643,850.536600858337,0.114640883977901,NA
167,עין החורש,עיןהחורש,97.06165630684865,0,NA,NA,no_red_alert,2006,0.749311111848876,Party_turnout,FALSE,2006,1555,עין החורש,EN HAHORESH,1,NA,728,NA,NA,NA,NA,NA,NA,NA,0.567130357244115,1283.65549595618,NA,47
167,עין החורש,עיןהחורש,97.06165630684865,0,NA,NA,no_red_alert,2009,0.775229357798165,Party_turnout,FALSE,2009,1559,עין החורש,EN HAHORESH,1,NA,720,NA,NA,NA,NA,NA,NA,NA,0.567130357244115,1269.54939160501,NA,55
167,עין החורש,עיןהחורש,97.06165630684865,0,NA,NA,no_red_alert,2013,0.786153846153846,Party_turnout,FALSE,2013,1557,עין החורש,EN HAHORESH,1,יהודי,740,360,390,150,40,90,290,180,0.567130357244115,1304.81465248293,0.243243243243243,46
167,עין החורש,עיןהחורש,97.06165630684865,0,NA,NA,no_red_alert,2015,0.809667673716012,Party_turnout,TRUE,2015,1553,עין החורש,EN HAHORESH,1,יהודי,740,350,390,150,40,80,280,190,0.567130357244115,1304.81465248293,0.256756756756757,55
167,עין החורש,עיןהחורש,97.06165630684865,0,NA,NA,no_red_alert,2019,0.818978102189781,Party_turnout,TRUE,2019,1566,עין החורש,EN HAHORESH,1,יהודי,836,401,434,214,43,68,311,199,0.567130357244115,1474.08790469693,0.238038277511962,NA
167,עין החורש,עיןהחורש,97.06165630684865,0,NA,NA,no_red_alert,2019,0.79971181556196,Party_turnout,TRUE,2019.2,1566,עין החורש,EN HAHORESH,1,יהודי,836,401,434,214,43,68,311,199,0.567130357244115,1474.08790469693,0.238038277511962,NA
167,עין החורש,עיןהחורש,97.06165630684865,0,NA,NA,no_red_alert,2020,0.767605633802817,Party_turnout,TRUE,2020,1563,עין החורש,EN HAHORESH,1,יהודי,846,406,441,212,45,69,312,208,0.567130357244115,1491.72053513589,0.245862884160756,NA
167,עין החורש,עיןהחורש,97.06165630684865,0,NA,NA,no_red_alert,2021,0.762247838616715,Party_turnout,TRUE,2021,1556,עין החורש,EN HAHORESH,1,יהודי,854,399,455,211,48,79,311,205,0.567130357244115,1505.82663948706,0.240046838407494,NA
167,עין החורש,עיןהחורש,97.06165630684865,0,NA,NA,no_red_alert,2022,0.756944444444444,Party_turnout,TRUE,2022,1565,עין החורש,EN HAHORESH,1,יהודי,874,408,466,226,46,78,322,201,0.567130357244115,1541.09190036497,0.229977116704806,NA
168,כפר יונה,כפריונה,88.35327177757681,0,NA,NA,no_red_alert,2006,0.633850946412089,Party_turnout,FALSE,2006,1569,כפר יונה,KEFAR YONA,1,NA,14118,NA,NA,NA,NA,NA,NA,NA,11.3418183519759,1244.77394733979,NA,60.8333333333333
168,כפר יונה,כפריונה,88.35327177757681,0,NA,NA,no_red_alert,2009,0.659592215013902,Party_turnout,FALSE,2009,1571,כפר יונה,KEFAR YONA,1,NA,17572,NA,NA,NA,NA,NA,NA,NA,11.3418183519759,1549.31065325506,NA,58.7857142857143
168,כפר יונה,כפריונה,88.35327177757681,0,NA,NA,no_red_alert,2013,0.719157472417252,Party_turnout,FALSE,2013,1568,כפר יונה,KEFAR YONA,1,יהודי,20550,10260,10280,6320,1370,2540,9020,1310,11.3418183519759,1811.87878012699,0.0637469586374696,62.8333333333333
168,כפר יונה,כפריונה,88.35327177757681,0,NA,NA,no_red_alert,2015,0.765763154080301,Party_turnout,TRUE,2015,1576,כפר יונה,KEFAR YONA,1,יהודי,21610,10830,10790,6550,1510,2580,9410,1570,11.3418183519759,1905.33822085373,0.0726515502082369,61.6111111111111
168,כפר יונה,כפריונה,88.35327177757681,0,NA,NA,no_red_alert,2019,0.739970186013352,Party_turnout,TRUE,2019,1578,כפר יונה,KEFAR YONA,1,יהודי,24778,12404,12374,7079,1886,2945,10558,2306,11.3418183519759,2184.65851162951,0.0930664298974897,NA
168,כפר יונה,כפריונה,88.35327177757681,0,NA,NA,no_red_alert,2019,0.73057092555332,Party_turnout,TRUE,2019.2,1578,כפר יונה,KEFAR YONA,1,יהודי,24778,12404,12374,7079,1886,2945,10558,2306,11.3418183519759,2184.65851162951,0.0930664298974897,NA
168,כפר יונה,כפריונה,88.35327177757681,0,NA,NA,no_red_alert,2020,0.736433638513309,Party_turnout,TRUE,2020,1577,כפר יונה,KEFAR YONA,1,יהודי,26182,13020,13163,7435,1976,3139,11139,2493,11.3418183519759,2308.4481859506,0.0952180887632725,NA
168,כפר יונה,כפריונה,88.35327177757681,0,NA,NA,no_red_alert,2021,0.714692969952677,Party_turnout,TRUE,2021,1575,כפר יונה,KEFAR YONA,1,יהודי,27897,13843,14055,7889,2167,3214,11927,2697,11.3418183519759,2459.65850750377,0.0966770620496828,NA
168,כפר יונה,כפריונה,88.35327177757681,0,NA,NA,no_red_alert,2022,0.737665960634396,Party_turnout,TRUE,2022,1579,כפר יונה,KEFAR YONA,1,יהודי,29450,14623,14826,8267,2314,3377,12582,2910,11.3418183519759,2596.58540509682,0.098811544991511,NA
170,כפר יעבץ,כפריעבץ,87.17192364509846,1,227,5,temporal_distance > 149,2006,0.833740650908856,Party_turnout,FALSE,2006,1596,כפר יעבץ,KEFAR YA'BEZ,1,NA,494,NA,NA,NA,NA,NA,NA,NA,0.67907481591641,727.460345195321,NA,61
170,כפר יעבץ,כפריעבץ,87.17192364509846,1,227,5,temporal_distance > 149,2009,0.716157205240175,Party_turnout,FALSE,2009,1589,כפר יעבץ,KEFAR YA'BEZ,1,NA,565,NA,NA,NA,NA,NA,NA,NA,0.67907481591641,832.014362419749,NA,59
170,כפר יעבץ,כפריעבץ,87.17192364509846,1,227,5,temporal_distance > 149,2013,0.785876993166287,Party_turnout,FALSE,2013,1591,כפר יעבץ,KEFAR YA'BEZ,1,יהודי,630,320,320,190,60,80,250,50,0.67907481591641,927.732828892818,0.0793650793650794,63
170,כפר יעבץ,כפריעבץ,87.17192364509846,1,227,5,temporal_distance > 149,2015,0.812095032397408,Party_turnout,TRUE,2015,1585,כפר יעבץ,KEFAR YA'BEZ,1,יהודי,670,330,330,200,50,90,260,60,0.67907481591641,986.636500568552,0.0895522388059701,61
170,כפר יעבץ,כפריעבץ,87.17192364509846,1,227,5,temporal_distance > 149,2019,0.789587852494577,Party_turnout,TRUE,2019,1592,כפר יעבץ,KEFAR YA'BEZ,1,יהודי,659,325,334,191,49,103,258,59,0.67907481591641,970.437990857725,0.0895295902883156,NA
170,כפר יעבץ,כפריעבץ,87.17192364509846,1,227,5,temporal_distance > 149,2019,0.793548387096774,Party_turnout,TRUE,2019.2,1592,כפר יעבץ,KEFAR YA'BEZ,1,יהודי,659,325,334,191,49,103,258,59,0.67907481591641,970.437990857725,0.0895295902883156,NA
170,כפר יעבץ,כפריעבץ,87.17192364509846,1,227,5,temporal_distance > 149,2020,0.79957805907173,Party_turnout,TRUE,2020,1597,כפר יעבץ,KEFAR YA'BEZ,1,יהודי,684,341,345,203,49,105,262,65,0.67907481591641,1007.25278565506,0.0950292397660819,NA
170,כפר יעבץ,כפריעבץ,87.17192364509846,1,227,5,temporal_distance > 149,2021,0.772357723577236,Party_turnout,TRUE,2021,1595,כפר יעבץ,KEFAR YA'BEZ,1,יהודי,676,340,336,200,47,105,259,63,0.67907481591641,995.472051319912,0.0931952662721894,NA
170,כפר יעבץ,כפריעבץ,87.17192364509846,1,227,5,temporal_distance > 149,2022,0.737945492662474,Party_turnout,TRUE,2022,1593,כפר יעבץ,KEFAR YA'BEZ,1,יהודי,661,332,329,191,51,106,247,66,0.67907481591641,973.383174441512,0.0998487140695915,NA
171,פרדסיה,פרדסיה,87.6552178593734,1,227,5,temporal_distance > 149,2006,0.556061776178148,Party_turnout,FALSE,2006,1608,פרדסייה,PARDESIYYA,1,NA,6191,NA,NA,NA,NA,NA,NA,NA,1.47451018374057,4198.68242909964,NA,61
171,פרדסיה,פרדסיה,87.6552178593734,1,227,5,temporal_distance > 149,2009,0.741425992779783,Party_turnout,FALSE,2009,1600,פרדסייה,PARDESIYYA,1,NA,5475,NA,NA,NA,NA,NA,NA,NA,1.47451018374057,3713.09744779851,NA,59
171,פרדסיה,פרדסיה,87.6552178593734,1,227,5,temporal_distance > 149,2013,0.756024738750267,Party_turnout,FALSE,2013,1605,פרדסייה,PARDESIYYA,1,יהודי,5460,2780,2680,1040,520,1060,2490,350,1.47451018374057,3702.92457807851,0.0641025641025641,63
171,פרדסיה,פרדסיה,87.6552178593734,1,227,5,temporal_distance > 149,2015,0.783078880407125,Party_turnout,TRUE,2015,1604,פרדסייה,PARDESIYYA,1,יהודי,5560,2840,2730,1070,460,1050,2520,470,1.47451018374057,3770.74370954515,0.0845323741007194,62
171,פרדסיה,פרדסיה,87.6552178593734,1,227,5,temporal_distance > 149,2019,0.772946859903382,Party_turnout,TRUE,2019,1602,פרדסייה,PARDESIYYA,1,יהודי,5930,3026,2904,1302,391,918,2581,739,1.47451018374057,4021.67449597171,0.124620573355818,NA
171,פרדסיה,פרדסיה,87.6552178593734,1,227,5,temporal_distance > 149,2019,0.7563614506111,Party_turnout,TRUE,2019.2,1602,פרדסייה,PARDESIYYA,1,יהודי,5930,3026,2904,1302,391,918,2581,739,1.47451018374057,4021.67449597171,0.124620573355818,NA
171,פרדסיה,פרדסיה,87.6552178593734,1,227,5,temporal_distance > 149,2020,0.755844155844156,Party_turnout,TRUE,2020,1603,פרדסייה,PARDESIYYA,1,יהודי,6641,3373,3269,1620,434,884,2879,824,1.47451018374057,4503.86852069952,0.124077699141696,NA
171,פרדסיה,פרדסיה,87.6552178593734,1,227,5,temporal_distance > 149,2021,0.757796451914099,Party_turnout,TRUE,2021,1601,פרדסייה,PARDESIYYA,1,יהודי,7251,3696,3555,1904,479,855,3130,883,1.47451018374057,4917.56522264602,0.121776306716315,NA
171,פרדסיה,פרדסיה,87.6552178593734,1,227,5,temporal_distance > 149,2022,0.764767381076843,Party_turnout,TRUE,2022,1599,פרדסייה,PARDESIYYA,1,יהודי,7421,3759,3662,1962,502,805,3185,967,1.47451018374057,5032.85774613931,0.130305888694246,NA
173,גבעת חיים (מאוחד),גבעתחייםמאוחד,97.119737592471,0,NA,NA,no_red_alert,2006,0.71747824041402,Party_turnout,FALSE,2006,1616,גבעת חיים (מאוחד),GIV'AT HAYYIM(ME'UHAD),1,NA,936,NA,NA,NA,NA,NA,NA,NA,0.965557470185612,969.38818133743,NA,56.5
173,גבעת חיים (מאוחד),גבעתחייםמאוחד,97.119737592471,0,NA,NA,no_red_alert,2009,0.731535756154748,Party_turnout,FALSE,2009,1614,גבעת חיים (מאוחד),GIV'AT HAYYIM(ME'UHAD),1,NA,893,NA,NA,NA,NA,NA,NA,NA,0.965557470185612,924.854322579407,NA,59
173,גבעת חיים (מאוחד),גבעתחייםמאוחד,97.119737592471,0,NA,NA,no_red_alert,2013,0.775229357798165,Party_turnout,FALSE,2013,1625,גבעת חיים (מאוחד),GIV'AT HAYYIM(ME'UHAD),1,יהודי,960,470,490,210,60,120,410,170,0.965557470185612,994.24428855121,0.177083333333333,58
173,גבעת חיים (מאוחד),גבעתחייםמאוחד,97.119737592471,0,NA,NA,no_red_alert,2015,0.79147465437788,Party_turnout,TRUE,2015,1619,גבעת חיים (מאוחד),GIV'AT HAYYIM(ME'UHAD),1,יהודי,980,490,490,220,60,110,400,190,0.965557470185612,1014.95771122936,0.193877551020408,60
173,גבעת חיים (מאוחד),גבעתחייםמאוחד,97.119737592471,0,NA,NA,no_red_alert,2019,0.767494356659142,Party_turnout,TRUE,2019,1620,גבעת חיים (מאוחד),GIV'AT HAYYIM(ME'UHAD),1,יהודי,1020,509,511,245,59,88,399,232,0.965557470185612,1056.38455658566,0.227450980392157,NA
173,גבעת חיים (מאוחד),גבעתחייםמאוחד,97.119737592471,0,NA,NA,no_red_alert,2019,0.752519596864502,Party_turnout,TRUE,2019.2,1620,גבעת חיים (מאוחד),GIV'AT HAYYIM(ME'UHAD),1,יהודי,1020,509,511,245,59,88,399,232,0.965557470185612,1056.38455658566,0.227450980392157,NA
173,גבעת חיים (מאוחד),גבעתחייםמאוחד,97.119737592471,0,NA,NA,no_red_alert,2020,0.750281214848144,Party_turnout,TRUE,2020,1622,גבעת חיים (מאוחד),GIV'AT HAYYIM(ME'UHAD),1,יהודי,1027,509,519,238,60,91,402,236,0.965557470185612,1063.63425452301,0.229795520934761,NA
173,גבעת חיים (מאוחד),גבעתחייםמאוחד,97.119737592471,0,NA,NA,no_red_alert,2021,0.753363228699552,Party_turnout,TRUE,2021,1626,גבעת חיים (מאוחד),GIV'AT HAYYIM(ME'UHAD),1,יהודי,1061,521,540,251,69,92,413,236,0.965557470185612,1098.84707307587,0.222431668237512,NA
173,גבעת חיים (מאוחד),גבעתחייםמאוחד,97.119737592471,0,NA,NA,no_red_alert,2022,0.732824427480916,Party_turnout,TRUE,2022,1623,גבעת חיים (מאוחד),GIV'AT HAYYIM(ME'UHAD),1,יהודי,1064,525,539,240,79,93,419,233,0.965557470185612,1101.95408647759,0.218984962406015,NA
175,אביחיל,אביחיל,90.49378127899992,0,NA,NA,no_red_alert,2006,0.732648355422236,Party_turnout,FALSE,2006,1654,אביחיל,AVIHAYIL,1,NA,1199,NA,NA,NA,NA,NA,NA,NA,0.983256010086339,1219.41792137606,NA,61
175,אביחיל,אביחיל,90.49378127899992,0,NA,NA,no_red_alert,2009,0.763574660633484,Party_turnout,FALSE,2009,1653,אביחיל,AVIHAYIL,1,NA,1272,NA,NA,NA,NA,NA,NA,NA,0.983256010086339,1293.66104753157,NA,59
175,אביחיל,אביחיל,90.49378127899992,0,NA,NA,no_red_alert,2013,0.761554621848739,Party_turnout,FALSE,2013,1649,אביחיל,AVIHAYIL,1,יהודי,1380,680,710,380,90,140,590,170,0.983256010086339,1403.5001930767,0.123188405797101,63
175,אביחיל,אביחיל,90.49378127899992,0,NA,NA,no_red_alert,2015,0.77449947312961,Party_turnout,TRUE,2015,1652,אביחיל,AVIHAYIL,1,יהודי,1400,680,710,390,90,130,590,200,0.983256010086339,1423.84077558506,0.142857142857143,63
175,אביחיל,אביחיל,90.49378127899992,0,NA,NA,no_red_alert,2019,0.766460905349794,Party_turnout,TRUE,2019,1645,אביחיל,AVIHAYIL,1,יהודי,1422,695,727,373,108,130,584,228,0.983256010086339,1446.21541634425,0.160337552742616,NA
175,אביחיל,אביחיל,90.49378127899992,0,NA,NA,no_red_alert,2019,0.744918699186992,Party_turnout,TRUE,2019.2,1645,אביחיל,AVIHAYIL,1,יהודי,1422,695,727,373,108,130,584,228,0.983256010086339,1446.21541634425,0.160337552742616,NA
175,אביחיל,אביחיל,90.49378127899992,0,NA,NA,no_red_alert,2020,0.746693794506612,Party_turnout,TRUE,2020,1651,אביחיל,AVIHAYIL,1,יהודי,1410,697,713,354,110,141,572,233,0.983256010086339,1434.01106683923,0.165248226950355,NA
175,אביחיל,אביחיל,90.49378127899992,0,NA,NA,no_red_alert,2021,0.757390417940877,Party_turnout,TRUE,2021,1648,אביחיל,AVIHAYIL,1,יהודי,1402,698,703,346,112,137,564,242,0.983256010086339,1425.87483383589,0.172610556348074,NA
175,אביחיל,אביחיל,90.49378127899992,0,NA,NA,no_red_alert,2022,0.707193515704154,Party_turnout,TRUE,2022,1646,אביחיל,AVIHAYIL,1,יהודי,1391,687,704,342,125,127,550,246,0.983256010086339,1414.68751345629,0.176851186196981,NA
178,רמת יוחנן,רמתיוחנן,145.2355551507509,0,NA,NA,no_red_alert,2006,0.658263729169189,Party_turnout,FALSE,2006,1696,רמת יוחנן,RAMAT YOHANAN,1,NA,751,NA,NA,NA,NA,NA,NA,NA,0.747641052684371,1004.49272722996,NA,57
178,רמת יוחנן,רמתיוחנן,145.2355551507509,0,NA,NA,no_red_alert,2009,0.688693098384728,Party_turnout,FALSE,2009,1702,רמת יוחנן,RAMAT YOHANAN,1,NA,800,NA,NA,NA,NA,NA,NA,NA,0.747641052684371,1070.03219944603,NA,58.4
178,רמת יוחנן,רמתיוחנן,145.2355551507509,0,NA,NA,no_red_alert,2013,0.702523240371846,Party_turnout,FALSE,2013,1688,רמת יוחנן,RAMAT YOHANAN,1,יהודי,880,450,430,210,50,150,340,130,0.747641052684371,1177.03541939063,0.147727272727273,62
178,רמת יוחנן,רמתיוחנן,145.2355551507509,0,NA,NA,no_red_alert,2015,0.710858585858586,Party_turnout,TRUE,2015,1699,רמת יוחנן,RAMAT YOHANAN,1,יהודי,930,470,460,220,60,160,350,140,0.747641052684371,1243.91243185601,0.150537634408602,62
178,רמת יוחנן,רמתיוחנן,145.2355551507509,0,NA,NA,no_red_alert,2019,0.704957678355502,Party_turnout,TRUE,2019,1697,רמת יוחנן,RAMAT YOHANAN,1,יהודי,1012,515,497,269,63,125,401,152,0.747641052684371,1353.59073229922,0.150197628458498,NA
178,רמת יוחנן,רמתיוחנן,145.2355551507509,0,NA,NA,no_red_alert,2019,0.678743961352657,Party_turnout,TRUE,2019.2,1697,רמת יוחנן,RAMAT YOHANAN,1,יהודי,1012,515,497,269,63,125,401,152,0.747641052684371,1353.59073229922,0.150197628458498,NA
178,רמת יוחנן,רמתיוחנן,145.2355551507509,0,NA,NA,no_red_alert,2020,0.686531585220501,Party_turnout,TRUE,2020,1700,רמת יוחנן,RAMAT YOHANAN,1,יהודי,1013,515,504,271,58,125,403,156,0.747641052684371,1354.92827254853,0.153998025666338,NA
178,רמת יוחנן,רמתיוחנן,145.2355551507509,0,NA,NA,no_red_alert,2021,0.6785290628707,Party_turnout,TRUE,2021,1695,רמת יוחנן,RAMAT YOHANAN,1,יהודי,1031,525,505,277,65,114,420,154,0.747641052684371,1379.00399703607,0.149369544131911,NA
178,רמת יוחנן,רמתיוחנן,145.2355551507509,0,NA,NA,no_red_alert,2022,0.677494199535963,Party_turnout,TRUE,2022,1694,רמת יוחנן,RAMAT YOHANAN,1,יהודי,1068,540,528,291,61,115,435,163,0.747641052684371,1428.49298626044,0.152621722846442,NA
182,אבן יהודה,אבןיהודה,80.99730979006287,1,227,5,temporal_distance > 149,2006,0.710359870417824,Party_turnout,FALSE,2006,1716,אבן יהודה,EVEN YEHUDA,1,NA,9711,NA,NA,NA,NA,NA,NA,NA,8.26351474350781,1175.16581036288,NA,61
182,אבן יהודה,אבןיהודה,80.99730979006287,1,227,5,temporal_distance > 149,2009,0.712839637719766,Party_turnout,FALSE,2009,1705,אבן יהודה,EVEN YEHUDA,1,NA,10411,NA,NA,NA,NA,NA,NA,NA,8.26351474350781,1259.87552792586,NA,59
182,אבן יהודה,אבןיהודה,80.99730979006287,1,227,5,temporal_distance > 149,2013,0.768309222423146,Party_turnout,FALSE,2013,1714,אבן יהודה,EVEN YEHUDA,1,יהודי,12700,6220,6480,3530,890,1380,5540,1370,8.26351474350781,1536.87630435677,0.107874015748032,63
182,אבן יהודה,אבןיהודה,80.99730979006287,1,227,5,temporal_distance > 149,2015,0.791331740169455,Party_turnout,TRUE,2015,1707,אבן יהודה,EVEN YEHUDA,1,יהודי,13220,6470,6750,3700,990,1340,5620,1580,8.26351474350781,1599.80352311784,0.119515885022693,62.9090909090909
182,אבן יהודה,אבןיהודה,80.99730979006287,1,227,5,temporal_distance > 149,2019,0.771076985660531,Party_turnout,TRUE,2019,1704,אבן יהודה,EVEN YEHUDA,1,יהודי,13826,6797,7029,3743,1158,1332,5664,1929,8.26351474350781,1673.13793575093,0.139519745407204,NA
182,אבן יהודה,אבןיהודה,80.99730979006287,1,227,5,temporal_distance > 149,2019,0.758328285887341,Party_turnout,TRUE,2019.2,1704,אבן יהודה,EVEN YEHUDA,1,יהודי,13826,6797,7029,3743,1158,1332,5664,1929,8.26351474350781,1673.13793575093,0.139519745407204,NA
182,אבן יהודה,אבןיהודה,80.99730979006287,1,227,5,temporal_distance > 149,2020,0.761852038248616,Party_turnout,TRUE,2020,1715,אבן יהודה,EVEN YEHUDA,1,יהודי,14019,6882,7135,3710,1162,1425,5697,2025,8.26351474350781,1696.49361502186,0.144446822169912,NA
182,אבן יהודה,אבןיהודה,80.99730979006287,1,227,5,temporal_distance > 149,2021,0.744626558052802,Party_turnout,TRUE,2021,1706,אבן יהודה,EVEN YEHUDA,1,יהודי,14266,7029,7238,3724,1251,1454,5804,2034,8.26351474350781,1726.38404393337,0.142576755923174,NA
182,אבן יהודה,אבןיהודה,80.99730979006287,1,227,5,temporal_distance > 149,2022,0.737849215461156,Party_turnout,TRUE,2022,1712,אבן יהודה,EVEN YEHUDA,1,יהודי,14365,7065,7300,3640,1343,1506,5797,2078,8.26351474350781,1738.36441827441,0.144657152801949,NA
184,רמת הכובש,רמתהכובש,80.33136050191965,1,227,5,temporal_distance > 149,2006,1,Party_turnout,FALSE,2006,1746,רמת הכובש,RAMAT HAKOVESH,1,NA,614,NA,NA,NA,NA,NA,NA,NA,0.643809868839255,953.697713747383,NA,61
184,רמת הכובש,רמתהכובש,80.33136050191965,1,227,5,temporal_distance > 149,2009,0.7426597582038,Party_turnout,FALSE,2009,1744,רמת הכובש,RAMAT HAKOVESH,1,NA,918,NA,NA,NA,NA,NA,NA,NA,0.643809868839255,1425.88680980472,NA,59
184,רמת הכובש,רמתהכובש,80.33136050191965,1,227,5,temporal_distance > 149,2013,0.754152823920266,Party_turnout,FALSE,2013,1740,רמת הכובש,RAMAT HAKOVESH,1,יהודי,1010,490,520,280,30,100,430,160,0.643809868839255,1568.78614150628,0.158415841584158,63
184,רמת הכובש,רמתהכובש,80.33136050191965,1,227,5,temporal_distance > 149,2015,0.77938808373591,Party_turnout,TRUE,2015,1737,רמת הכובש,RAMAT HAKOVESH,1,יהודי,1050,510,540,320,40,90,440,160,0.643809868839255,1630.91628572435,0.152380952380952,61
184,רמת הכובש,רמתהכובש,80.33136050191965,1,227,5,temporal_distance > 149,2019,0.776758409785933,Party_turnout,TRUE,2019,1739,רמת הכובש,RAMAT HAKOVESH,1,יהודי,1130,539,591,338,60,84,454,196,0.643809868839255,1755.17657416049,0.173451327433628,NA
184,רמת הכובש,רמתהכובש,80.33136050191965,1,227,5,temporal_distance > 149,2019,0.798179059180577,Party_turnout,TRUE,2019.2,1739,רמת הכובש,RAMAT HAKOVESH,1,יהודי,1130,539,591,338,60,84,454,196,0.643809868839255,1755.17657416049,0.173451327433628,NA
184,רמת הכובש,רמתהכובש,80.33136050191965,1,227,5,temporal_distance > 149,2020,0.795216741405082,Party_turnout,TRUE,2020,1747,רמת הכובש,RAMAT HAKOVESH,1,יהודי,1149,553,600,333,75,85,459,197,0.643809868839255,1784.68839266408,0.171453437771976,NA
184,רמת הכובש,רמתהכובש,80.33136050191965,1,227,5,temporal_distance > 149,2021,0.76798825256975,Party_turnout,TRUE,2021,1738,רמת הכובש,RAMAT HAKOVESH,1,יהודי,1183,571,613,343,82,98,469,192,0.643809868839255,1837.49901524944,0.162299239222316,NA
184,רמת הכובש,רמתהכובש,80.33136050191965,1,227,5,temporal_distance > 149,2022,0.762931034482759,Party_turnout,TRUE,2022,1736,רמת הכובש,RAMAT HAKOVESH,1,יהודי,1206,577,629,337,93,107,470,198,0.643809868839255,1873.22384817483,0.164179104477612,NA
186,נעורים,נעורים,92.82867430717543,0,NA,NA,no_red_alert,2006,0.173959587849592,Party_turnout,FALSE,2006,1758,נעורים,NE'URIM,1,NA,564,NA,NA,NA,NA,NA,NA,NA,0.336410551576955,1676.522919261,NA,61
186,נעורים,נעורים,92.82867430717543,0,NA,NA,no_red_alert,2009,0.456692913385827,Party_turnout,FALSE,2009,1757,נעורים,NE'URIM,1,NA,333,NA,NA,NA,NA,NA,NA,NA,0.336410551576955,989.861936372188,NA,59
186,נעורים,נעורים,92.82867430717543,0,NA,NA,no_red_alert,2013,0.471698113207547,Party_turnout,FALSE,2013,1752,נעורים,NE'URIM,1,יהודי,300,200,100,20,190,40,50,10,0.336410551576955,891.767510245214,0.0333333333333333,62.6666666666667
186,נעורים,נעורים,92.82867430717543,0,NA,NA,no_red_alert,2015,0.503184713375796,Party_turnout,TRUE,2015,1750,נעורים,NE'URIM,1,יהודי,250,180,70,10,190,10,40,0,0.336410551576955,743.139591871012,0,57.6666666666667
186,נעורים,נעורים,92.82867430717543,0,NA,NA,no_red_alert,2019,0.433526011560694,Party_turnout,TRUE,2019,1762,נעורים,NE'URIM,1,יהודי,422,282,140,42,242,55,77,0,0.336410551576955,1254.41963107827,0,NA
186,נעורים,נעורים,92.82867430717543,0,NA,NA,no_red_alert,2019,0.374358974358974,Party_turnout,TRUE,2019.2,1762,נעורים,NE'URIM,1,יהודי,422,282,140,42,242,55,77,0,0.336410551576955,1254.41963107827,0,NA
186,נעורים,נעורים,92.82867430717543,0,NA,NA,no_red_alert,2020,0.419540229885057,Party_turnout,TRUE,2020,1760,נעורים,NE'URIM,1,יהודי,413,263,139,79,220,34,75,0,0.336410551576955,1227.66660577091,0,NA
186,נעורים,נעורים,92.82867430717543,0,NA,NA,no_red_alert,2021,0.408284023668639,Party_turnout,TRUE,2021,1756,נעורים,NE'URIM,1,יהודי,404,259,145,48,228,53,0,0,0.336410551576955,1200.91358046356,0,NA
186,נעורים,נעורים,92.82867430717543,0,NA,NA,no_red_alert,2022,0.392405063291139,Party_turnout,TRUE,2022,1751,נעורים,NE'URIM,1,יהודי,457,259,197,54,270,55,0,0,0.336410551576955,1358.45917394021,0,NA
187,כפר הס,כפרהס,82.66147006521327,1,227,5,temporal_distance > 149,2006,0.850319752967325,Party_turnout,FALSE,2006,1765,כפר הס,KEFAR HESS,1,NA,1129,NA,NA,NA,NA,NA,NA,NA,3.09821520144953,364.403350507023,NA,61
187,כפר הס,כפרהס,82.66147006521327,1,227,5,temporal_distance > 149,2009,0.784242424242424,Party_turnout,FALSE,2009,1770,כפר הס,KEFAR HESS,1,NA,1496,NA,NA,NA,NA,NA,NA,NA,3.09821520144953,482.858646907446,NA,59
187,כפר הס,כפרהס,82.66147006521327,1,227,5,temporal_distance > 149,2013,0.786578657865787,Party_turnout,FALSE,2013,1768,כפר הס,KEFAR HESS,1,יהודי,1550,790,760,450,160,140,670,140,3.09821520144953,500.288036568544,0.0903225806451613,63
187,כפר הס,כפרהס,82.66147006521327,1,227,5,temporal_distance > 149,2015,0.792016806722689,Party_turnout,TRUE,2015,1772,כפר הס,KEFAR HESS,1,יהודי,1580,800,780,440,160,170,680,140,3.09821520144953,509.971030824709,0.0886075949367089,62.5
187,כפר הס,כפרהס,82.66147006521327,1,227,5,temporal_distance > 149,2019,0.770114942528736,Party_turnout,TRUE,2019,1774,כפר הס,KEFAR HESS,1,יהודי,1593,789,804,409,144,201,675,164,3.09821520144953,514.166995002381,0.102950408035154,NA
187,כפר הס,כפרהס,82.66147006521327,1,227,5,temporal_distance > 149,2019,0.77069457659372,Party_turnout,TRUE,2019.2,1774,כפר הס,KEFAR HESS,1,יהודי,1593,789,804,409,144,201,675,164,3.09821520144953,514.166995002381,0.102950408035154,NA
187,כפר הס,כפרהס,82.66147006521327,1,227,5,temporal_distance > 149,2020,0.761406844106464,Party_turnout,TRUE,2020,1769,כפר הס,KEFAR HESS,1,יהודי,1596,792,801,389,150,216,673,168,3.09821520144953,515.135294427997,0.105263157894737,NA
187,כפר הס,כפרהס,82.66147006521327,1,227,5,temporal_distance > 149,2021,0.75981308411215,Party_turnout,TRUE,2021,1763,כפר הס,KEFAR HESS,1,יהודי,1583,787,796,377,148,214,673,167,3.09821520144953,510.939330250326,0.105495893872394,NA
187,כפר הס,כפרהס,82.66147006521327,1,227,5,temporal_distance > 149,2022,0.765698219306467,Party_turnout,TRUE,2022,1766,כפר הס,KEFAR HESS,1,יהודי,1550,766,785,361,145,208,663,173,3.09821520144953,500.288036568544,0.111612903225806,NA
189,כפר פינס,כפרפינס,109.1648158014004,0,NA,NA,no_red_alert,2006,0.684752647613521,Party_turnout,FALSE,2006,1797,כפר פינס,KEFAR PINES,1,NA,976,NA,NA,NA,NA,NA,NA,NA,0.910340591453649,1072.12620107547,NA,59
189,כפר פינס,כפרפינס,109.1648158014004,0,NA,NA,no_red_alert,2009,0.852941176470588,Party_turnout,FALSE,2009,1802,כפר פינס,KEFAR PINES,1,NA,809,NA,NA,NA,NA,NA,NA,NA,0.910340591453649,888.678377735715,NA,56
189,כפר פינס,כפרפינס,109.1648158014004,0,NA,NA,no_red_alert,2013,0.864306784660767,Party_turnout,FALSE,2013,1806,כפר פינס,KEFAR PINES,1,יהודי,960,270,690,200,420,90,180,60,0.910340591453649,1054.55036171358,0.0625,62
189,כפר פינס,כפרפינס,109.1648158014004,0,NA,NA,no_red_alert,2015,0.85632183908046,Party_turnout,TRUE,2015,1798,כפר פינס,KEFAR PINES,1,יהודי,990,270,730,210,470,70,180,70,0.910340591453649,1087.50506051713,0.0707070707070707,61
189,כפר פינס,כפרפינס,109.1648158014004,0,NA,NA,no_red_alert,2019,0.846774193548387,Party_turnout,TRUE,2019,1794,כפר פינס,KEFAR PINES,1,יהודי,1034,290,743,241,450,74,191,78,0.910340591453649,1135.83861876234,0.0754352030947776,NA
189,כפר פינס,כפרפינס,109.1648158014004,0,NA,NA,no_red_alert,2019,0.803191489361702,Party_turnout,TRUE,2019.2,1794,כפר פינס,KEFAR PINES,1,יהודי,1034,290,743,241,450,74,191,78,0.910340591453649,1135.83861876234,0.0754352030947776,NA
189,כפר פינס,כפרפינס,109.1648158014004,0,NA,NA,no_red_alert,2020,0.826771653543307,Party_turnout,TRUE,2020,1795,כפר פינס,KEFAR PINES,1,יהודי,1088,300,785,346,381,88,193,80,0.910340591453649,1195.15707660872,0.0735294117647059,NA
189,כפר פינס,כפרפינס,109.1648158014004,0,NA,NA,no_red_alert,2021,0.794871794871795,Party_turnout,TRUE,2021,1800,כפר פינס,KEFAR PINES,1,יהודי,1106,317,788,261,464,98,204,81,0.910340591453649,1214.92989589085,0.0732368896925859,NA
189,כפר פינס,כפרפינס,109.1648158014004,0,NA,NA,no_red_alert,2022,0.789473684210526,Party_turnout,TRUE,2022,1796,כפר פינס,KEFAR PINES,1,יהודי,1102,321,782,259,473,79,210,82,0.910340591453649,1210.53593605038,0.0744101633393829,NA
190,כפר ויתקין,כפרויתקין,93.93397625345249,0,NA,NA,no_red_alert,2006,0.784696985010744,Party_turnout,FALSE,2006,1814,כפר ויתקין,KEFAR VITKIN,1,NA,1711,NA,NA,NA,NA,NA,NA,NA,1.97916898674175,864.504249744119,NA,61
190,כפר ויתקין,כפרויתקין,93.93397625345249,0,NA,NA,no_red_alert,2009,0.765849535080304,Party_turnout,FALSE,2009,1811,כפר ויתקין,KEFAR VITKIN,1,NA,1991,NA,NA,NA,NA,NA,NA,NA,1.97916898674175,1005.97776811253,NA,59
190,כפר ויתקין,כפרויתקין,93.93397625345249,0,NA,NA,no_red_alert,2013,0.800751879699248,Party_turnout,FALSE,2013,1810,כפר ויתקין,KEFAR VITKIN,1,יהודי,2020,1020,1000,580,160,200,880,210,1.97916898674175,1020.63038251497,0.103960396039604,63
190,כפר ויתקין,כפרויתקין,93.93397625345249,0,NA,NA,no_red_alert,2015,0.801622418879056,Party_turnout,TRUE,2015,1808,כפר ויתקין,KEFAR VITKIN,1,יהודי,2020,1010,1010,550,160,200,890,210,1.97916898674175,1020.63038251497,0.103960396039604,58.6666666666667
190,כפר ויתקין,כפרויתקין,93.93397625345249,0,NA,NA,no_red_alert,2019,0.771692745376956,Party_turnout,TRUE,2019,1822,כפר ויתקין,KEFAR VITKIN,1,יהודי,1973,979,994,463,206,226,840,237,1.97916898674175,996.883041931704,0.120121642169285,NA
190,כפר ויתקין,כפרויתקין,93.93397625345249,0,NA,NA,no_red_alert,2019,0.755349500713267,Party_turnout,TRUE,2019.2,1822,כפר ויתקין,KEFAR VITKIN,1,יהודי,1973,979,994,463,206,226,840,237,1.97916898674175,996.883041931704,0.120121642169285,NA
190,כפר ויתקין,כפרויתקין,93.93397625345249,0,NA,NA,no_red_alert,2020,0.760543245175125,Party_turnout,TRUE,2020,1812,כפר ויתקין,KEFAR VITKIN,1,יהודי,1961,977,987,448,197,238,836,242,1.97916898674175,990.819891144487,0.123406425293218,NA
190,כפר ויתקין,כפרויתקין,93.93397625345249,0,NA,NA,no_red_alert,2021,0.754273504273504,Party_turnout,TRUE,2021,1817,כפר ויתקין,KEFAR VITKIN,1,יהודי,1982,973,1010,442,213,246,832,251,1.97916898674175,1001.43040502212,0.126639757820383,NA
190,כפר ויתקין,כפרויתקין,93.93397625345249,0,NA,NA,no_red_alert,2022,0.731994459833795,Party_turnout,TRUE,2022,1820,כפר ויתקין,KEFAR VITKIN,1,יהודי,2002,995,1007,452,194,270,826,261,1.97916898674175,1011.53565633415,0.13036963036963,NA
191,הדר עם,הדרעם,91.795800237491,0,NA,NA,no_red_alert,2006,0.717768147345612,Party_turnout,FALSE,2006,1829,הדר עם,HADAR AM,1,NA,494,NA,NA,NA,NA,NA,NA,NA,0.401404417849883,1230.67903100346,NA,61
191,הדר עם,הדרעם,91.795800237491,0,NA,NA,no_red_alert,2009,0.756410256410256,Party_turnout,FALSE,2009,1836,הדר עם,HADAR AM,1,NA,461,NA,NA,NA,NA,NA,NA,NA,0.401404417849883,1148.46767872995,NA,59
191,הדר עם,הדרעם,91.795800237491,0,NA,NA,no_red_alert,2013,0.835680751173709,Party_turnout,FALSE,2013,1825,הדר עם,HADAR AM,1,יהודי,530,280,250,160,30,60,230,50,0.401404417849883,1320.36414257456,0.0943396226415094,63
191,הדר עם,הדרעם,91.795800237491,0,NA,NA,no_red_alert,2015,0.841163310961969,Party_turnout,TRUE,2015,1824,הדר עם,HADAR AM,1,יהודי,600,310,290,200,40,50,250,60,0.401404417849883,1494.75185951837,0.1,61
191,הדר עם,הדרעם,91.795800237491,0,NA,NA,no_red_alert,2019,0.835294117647059,Party_turnout,TRUE,2019,1823,הדר עם,HADAR AM,1,יהודי,675,347,328,209,63,50,276,78,0.401404417849883,1681.59584195816,0.115555555555556,NA
191,הדר עם,הדרעם,91.795800237491,0,NA,NA,no_red_alert,2019,0.808219178082192,Party_turnout,TRUE,2019.2,1823,הדר עם,HADAR AM,1,יהודי,675,347,328,209,63,50,276,78,0.401404417849883,1681.59584195816,0.115555555555556,NA
191,הדר עם,הדרעם,91.795800237491,0,NA,NA,no_red_alert,2020,0.800387596899225,Party_turnout,TRUE,2020,1828,הדר עם,HADAR AM,1,יהודי,692,355,339,211,73,53,275,80,0.401404417849883,1723.94714464452,0.115606936416185,NA
191,הדר עם,הדרעם,91.795800237491,0,NA,NA,no_red_alert,2021,0.780534351145038,Party_turnout,TRUE,2021,1827,הדר עם,HADAR AM,1,יהודי,696,354,342,198,69,67,282,79,0.401404417849883,1733.91215704131,0.113505747126437,NA
191,הדר עם,הדרעם,91.795800237491,0,NA,NA,no_red_alert,2022,0.770642201834862,Party_turnout,TRUE,2022,1832,הדר עם,HADAR AM,1,יהודי,686,344,342,185,73,67,278,84,0.401404417849883,1708.99962604933,0.122448979591837,NA
192,כפר החורש,כפרהחורש,142.8669008385307,1,6,1,temporal_distance == 6,2006,0.878264497288277,Party_turnout,FALSE,2006,1845,כפר החורש,KEFAR HAHORESH,1,NA,423,NA,NA,NA,NA,NA,NA,NA,0.569659758042155,742.548502028289,NA,61
192,כפר החורש,כפרהחורש,142.8669008385307,1,6,1,temporal_distance == 6,2009,0.732186732186732,Party_turnout,FALSE,2009,1846,כפר החורש,KEFAR HAHORESH,1,NA,545,NA,NA,NA,NA,NA,NA,NA,0.569659758042155,956.711426963163,NA,59
192,כפר החורש,כפרהחורש,142.8669008385307,1,6,1,temporal_distance == 6,2013,0.76,Party_turnout,FALSE,2013,1838,כפר החורש,KEFAR HAHORESH,1,יהודי,570,290,290,140,20,90,250,70,0.569659758042155,1000.5972722367,0.12280701754386,62.75
192,כפר החורש,כפרהחורש,142.8669008385307,1,6,1,temporal_distance == 6,2015,0.785882352941176,Party_turnout,TRUE,2015,1848,כפר החורש,KEFAR HAHORESH,1,יהודי,610,290,320,160,20,80,270,80,0.569659758042155,1070.81462467437,0.131147540983607,61.5
192,כפר החורש,כפרהחורש,142.8669008385307,1,6,1,temporal_distance == 6,2019,0.781052631578947,Party_turnout,TRUE,2019,1852,כפר החורש,KEFAR HAHORESH,1,יהודי,699,337,362,214,31,54,298,101,0.569659758042155,1227.04823384817,0.144492131616595,NA
192,כפר החורש,כפרהחורש,142.8669008385307,1,6,1,temporal_distance == 6,2019,0.749478079331942,Party_turnout,TRUE,2019.2,1852,כפר החורש,KEFAR HAHORESH,1,יהודי,699,337,362,214,31,54,298,101,0.569659758042155,1227.04823384817,0.144492131616595,NA
192,כפר החורש,כפרהחורש,142.8669008385307,1,6,1,temporal_distance == 6,2020,0.741596638655462,Party_turnout,TRUE,2020,1841,כפר החורש,KEFAR HAHORESH,1,יהודי,726,354,367,230,29,51,318,98,0.569659758042155,1274.44494674359,0.134986225895317,NA
192,כפר החורש,כפרהחורש,142.8669008385307,1,6,1,temporal_distance == 6,2021,0.765690376569038,Party_turnout,TRUE,2021,1844,כפר החורש,KEFAR HAHORESH,1,יהודי,735,362,373,238,33,48,319,98,0.569659758042155,1290.24385104206,0.133333333333333,NA
192,כפר החורש,כפרהחורש,142.8669008385307,1,6,1,temporal_distance == 6,2022,0.780793319415449,Party_turnout,TRUE,2022,1840,כפר החורש,KEFAR HAHORESH,1,יהודי,767,375,392,239,34,51,344,99,0.569659758042155,1346.41773299219,0.129074315514993,NA
193,כפר חיים,כפרחיים,92.50762074692584,0,NA,NA,no_red_alert,2006,0.868648910411622,Party_turnout,FALSE,2006,1857,כפר חיים,KEFAR HAYYIM,1,NA,500,NA,NA,NA,NA,NA,NA,NA,2.0892567281777,239.319559562272,NA,61
193,כפר חיים,כפרחיים,92.50762074692584,0,NA,NA,no_red_alert,2009,0.76997578692494,Party_turnout,FALSE,2009,1864,כפר חיים,KEFAR HAYYIM,1,NA,606,NA,NA,NA,NA,NA,NA,NA,2.0892567281777,290.055306189474,NA,59
193,כפר חיים,כפרחיים,92.50762074692584,0,NA,NA,no_red_alert,2013,0.808153477218225,Party_turnout,FALSE,2013,1863,כפר חיים,KEFAR HAYYIM,1,יהודי,590,310,290,160,30,60,250,100,2.0892567281777,282.397080283481,0.169491525423729,62
193,כפר חיים,כפרחיים,92.50762074692584,0,NA,NA,no_red_alert,2015,0.8175,Party_turnout,TRUE,2015,1862,כפר חיים,KEFAR HAYYIM,1,יהודי,600,300,300,160,40,50,250,100,2.0892567281777,287.183471474726,0.166666666666667,60.3333333333333
193,כפר חיים,כפרחיים,92.50762074692584,0,NA,NA,no_red_alert,2019,0.783653846153846,Party_turnout,TRUE,2019,1865,כפר חיים,KEFAR HAYYIM,1,יהודי,648,326,323,183,34,50,276,105,2.0892567281777,310.158149192704,0.162037037037037,NA
193,כפר חיים,כפרחיים,92.50762074692584,0,NA,NA,no_red_alert,2019,0.78436018957346,Party_turnout,TRUE,2019.2,1865,כפר חיים,KEFAR HAYYIM,1,יהודי,648,326,323,183,34,50,276,105,2.0892567281777,310.158149192704,0.162037037037037,NA
193,כפר חיים,כפרחיים,92.50762074692584,0,NA,NA,no_red_alert,2020,0.806976744186046,Party_turnout,TRUE,2020,1855,כפר חיים,KEFAR HAYYIM,1,יהודי,636,318,315,170,39,55,268,104,2.0892567281777,304.41447976321,0.163522012578616,NA
193,כפר חיים,כפרחיים,92.50762074692584,0,NA,NA,no_red_alert,2021,0.786542923433875,Party_turnout,TRUE,2021,1859,כפר חיים,KEFAR HAYYIM,1,יהודי,640,320,320,162,51,55,263,111,2.0892567281777,306.329036239708,0.1734375,NA
193,כפר חיים,כפרחיים,92.50762074692584,0,NA,NA,no_red_alert,2022,0.777522935779816,Party_turnout,TRUE,2022,1866,כפר חיים,KEFAR HAYYIM,1,יהודי,629,314,315,154,49,54,257,115,2.0892567281777,301.064005929338,0.182829888712242,NA
194,משמר השרון,משמרהשרון,92.83330015459968,0,NA,NA,no_red_alert,2006,0.682553214522524,Party_turnout,FALSE,2006,1879,משמר השרון,MISHMAR HASHARON,1,NA,459,NA,NA,NA,NA,NA,NA,NA,0.299826760087123,1530.88403405562,NA,61
194,משמר השרון,משמרהשרון,92.83330015459968,0,NA,NA,no_red_alert,2009,0.653932584269663,Party_turnout,FALSE,2009,1875,משמר השרון,MISHMAR HASHARON,1,NA,434,NA,NA,NA,NA,NA,NA,NA,0.299826760087123,1447.50255071925,NA,59
194,משמר השרון,משמרהשרון,92.83330015459968,0,NA,NA,no_red_alert,2013,0.677018633540373,Party_turnout,FALSE,2013,1882,משמר השרון,MISHMAR HASHARON,1,יהודי,520,270,250,130,20,70,220,80,0.299826760087123,1734.33485339634,0.153846153846154,62.5
194,משמר השרון,משמרהשרון,92.83330015459968,0,NA,NA,no_red_alert,2015,0.675834970530452,Party_turnout,TRUE,2015,1873,משמר השרון,MISHMAR HASHARON,1,יהודי,560,280,280,150,30,50,240,90,0.299826760087123,1867.74522673452,0.160714285714286,60.5
194,משמר השרון,משמרהשרון,92.83330015459968,0,NA,NA,no_red_alert,2019,0.671232876712329,Party_turnout,TRUE,2019,1880,משמר השרון,MISHMAR HASHARON,1,יהודי,617,311,306,201,26,44,242,102,0.299826760087123,2057.85500874143,0.165316045380875,NA
194,משמר השרון,משמרהשרון,92.83330015459968,0,NA,NA,no_red_alert,2019,0.675728155339806,Party_turnout,TRUE,2019.2,1880,משמר השרון,MISHMAR HASHARON,1,יהודי,617,311,306,201,26,44,242,102,0.299826760087123,2057.85500874143,0.165316045380875,NA
194,משמר השרון,משמרהשרון,92.83330015459968,0,NA,NA,no_red_alert,2020,0.677669902912621,Party_turnout,TRUE,2020,1871,משמר השרון,MISHMAR HASHARON,1,יהודי,622,314,314,201,28,38,247,108,0.299826760087123,2074.5313054087,0.173633440514469,NA
194,משמר השרון,משמרהשרון,92.83330015459968,0,NA,NA,no_red_alert,2021,0.684615384615385,Party_turnout,TRUE,2021,1881,משמר השרון,MISHMAR HASHARON,1,יהודי,613,303,310,200,31,38,240,104,0.299826760087123,2044.51397140761,0.169657422512235,NA
194,משמר השרון,משמרהשרון,92.83330015459968,0,NA,NA,no_red_alert,2022,0.647969052224371,Party_turnout,TRUE,2022,1874,משמר השרון,MISHMAR HASHARON,1,יהודי,627,315,313,206,27,40,246,108,0.299826760087123,2091.20760207597,0.172248803827751,NA
195,קדימה-צורן,קדימהצורן,83.91794237284721,1,227,5,temporal_distance > 149,2006,NA,Party_turnout,FALSE,2006,1891,צורן-קדימה*,ZORAN-QADIMA,1,NA,16634,NA,NA,NA,NA,NA,NA,NA,10.2494620251371,1622.91444752951,NA,61
195,קדימה-צורן,קדימהצורן,83.91794237284721,1,227,5,temporal_distance > 149,2009,0.716638434029738,Party_turnout,FALSE,2009,1897,קדימה-צורן,QADIMA-ZORAN,1,NA,16751,NA,NA,NA,NA,NA,NA,NA,10.2494620251371,1634.32968080839,NA,59
195,קדימה-צורן,קדימהצורן,83.91794237284721,1,227,5,temporal_distance > 149,2013,0.744340654716822,Party_turnout,FALSE,2013,1895,קדימה-צורן,QADIMA-ZORAN,1,יהודי,18620,9320,9320,5360,1740,2320,8100,1120,10.2494620251371,1816.68071498133,0.0601503759398496,63
195,קדימה-צורן,קדימהצורן,83.91794237284721,1,227,5,temporal_distance > 149,2015,0.778196338431402,Party_turnout,TRUE,2015,1884,קדימה-צורן,QADIMA-ZORAN,1,יהודי,20510,10260,10250,5860,1860,2530,8990,1290,10.2494620251371,2001.08063717868,0.0628961482203803,62.5
195,קדימה-צורן,קדימהצורן,83.91794237284721,1,227,5,temporal_distance > 149,2019,0.761374795417349,Party_turnout,TRUE,2019,1893,קדימה-צורן,QADIMA-ZORAN,1,יהודי,22683,11302,11381,6154,1939,2914,9794,1884,10.2494620251371,2213.09176465744,0.0830577965877529,NA
195,קדימה-צורן,קדימהצורן,83.91794237284721,1,227,5,temporal_distance > 149,2019,0.757489300998573,Party_turnout,TRUE,2019.2,1893,קדימה-צורן,QADIMA-ZORAN,1,יהודי,22683,11302,11381,6154,1939,2914,9794,1884,10.2494620251371,2213.09176465744,0.0830577965877529,NA
195,קדימה-צורן,קדימהצורן,83.91794237284721,1,227,5,temporal_distance > 149,2020,0.754798402679376,Party_turnout,TRUE,2020,1890,קדימה-צורן,QADIMA-ZORAN,1,יהודי,22715,11327,11390,5971,2012,2974,9765,1993,10.2494620251371,2216.21387974226,0.087739379264803,NA
195,קדימה-צורן,קדימהצורן,83.91794237284721,1,227,5,temporal_distance > 149,2021,0.743428571428571,Party_turnout,TRUE,2021,1896,קדימה-צורן,QADIMA-ZORAN,1,יהודי,22919,11456,11463,5926,2050,2985,9888,2072,10.2494620251371,2236.11736340801,0.0904053405471443,NA
195,קדימה-צורן,קדימהצורן,83.91794237284721,1,227,5,temporal_distance > 149,2022,0.742158985462419,Party_turnout,TRUE,2022,1883,קדימה-צורן,QADIMA-ZORAN,1,יהודי,23220,11591,11630,5863,2113,3023,9981,2245,10.2494620251371,2265.48475842462,0.0966838931955211,NA
197,מעברות,מעברות,93.41371525363986,0,NA,NA,no_red_alert,2006,0.825709616731437,Party_turnout,FALSE,2006,1920,מעברות,MA'BAROT,1,NA,808,NA,NA,NA,NA,NA,NA,NA,0.359669428552673,2246.50730881251,NA,61
197,מעברות,מעברות,93.41371525363986,0,NA,NA,no_red_alert,2009,0.768377253814147,Party_turnout,FALSE,2009,1916,מעברות,MA'BAROT,1,NA,918,NA,NA,NA,NA,NA,NA,NA,0.359669428552673,2552.34369986372,NA,59
197,מעברות,מעברות,93.41371525363986,0,NA,NA,no_red_alert,2013,0.771428571428571,Party_turnout,FALSE,2013,1922,מעברות,MA'BAROT,1,יהודי,920,460,460,200,40,120,390,170,0.359669428552673,2557.9043615192,0.184782608695652,62
197,מעברות,מעברות,93.41371525363986,0,NA,NA,no_red_alert,2015,0.79047619047619,Party_turnout,TRUE,2015,1927,מעברות,MA'BAROT,1,יהודי,960,480,490,230,40,100,400,190,0.359669428552673,2669.11759462873,0.197916666666667,59.75
197,מעברות,מעברות,93.41371525363986,0,NA,NA,no_red_alert,2019,0.797554347826087,Party_turnout,TRUE,2019,1926,מעברות,MA'BAROT,1,יהודי,986,491,495,248,59,72,404,204,0.359669428552673,2741.40619614992,0.206896551724138,NA
197,מעברות,מעברות,93.41371525363986,0,NA,NA,no_red_alert,2019,0.769647696476965,Party_turnout,TRUE,2019.2,1926,מעברות,MA'BAROT,1,יהודי,986,491,495,248,59,72,404,204,0.359669428552673,2741.40619614992,0.206896551724138,NA
197,מעברות,מעברות,93.41371525363986,0,NA,NA,no_red_alert,2020,0.758064516129032,Party_turnout,TRUE,2020,1923,מעברות,MA'BAROT,1,יהודי,992,494,497,241,63,78,406,204,0.359669428552673,2758.08818111635,0.205645161290323,NA
197,מעברות,מעברות,93.41371525363986,0,NA,NA,no_red_alert,2021,0.775862068965517,Party_turnout,TRUE,2021,1918,מעברות,MA'BAROT,1,יהודי,983,496,487,245,63,76,400,200,0.359669428552673,2733.06520366671,0.203458799593082,NA
197,מעברות,מעברות,93.41371525363986,0,NA,NA,no_red_alert,2022,0.739597315436242,Party_turnout,TRUE,2022,1921,מעברות,MA'BAROT,1,יהודי,997,501,496,240,66,87,403,200,0.359669428552673,2771.98983525504,0.200601805416249,NA
198,צופית,צופית,77.39779464193187,0,NA,NA,no_red_alert,2006,0.934129400999085,Party_turnout,FALSE,2006,1929,צופית,ZOFIT,1,NA,890,NA,NA,NA,NA,NA,NA,NA,0.884876517210462,1005.79005396786,NA,61
198,צופית,צופית,77.39779464193187,0,NA,NA,no_red_alert,2009,0.792507204610951,Party_turnout,FALSE,2009,1934,צופית,ZOFIT,1,NA,1237,NA,NA,NA,NA,NA,NA,NA,0.884876517210462,1397.9351648969,NA,59
198,צופית,צופית,77.39779464193187,0,NA,NA,no_red_alert,2013,0.786381842456609,Party_turnout,FALSE,2013,1942,צופית,ZOFIT,1,יהודי,1300,660,640,400,100,90,570,150,0.884876517210462,1469.13153950361,0.115384615384615,63
198,צופית,צופית,77.39779464193187,0,NA,NA,no_red_alert,2015,0.786369593709043,Party_turnout,TRUE,2015,1939,צופית,ZOFIT,1,יהודי,1300,650,650,380,100,100,570,150,0.884876517210462,1469.13153950361,0.115384615384615,63
198,צופית,צופית,77.39779464193187,0,NA,NA,no_red_alert,2019,0.749685534591195,Party_turnout,TRUE,2019,1938,צופית,ZOFIT,1,יהודי,1287,645,643,325,120,128,545,169,0.884876517210462,1454.44022410858,0.131313131313131,NA
198,צופית,צופית,77.39779464193187,0,NA,NA,no_red_alert,2019,0.737562189054726,Party_turnout,TRUE,2019.2,1938,צופית,ZOFIT,1,יהודי,1287,645,643,325,120,128,545,169,0.884876517210462,1454.44022410858,0.131313131313131,NA
198,צופית,צופית,77.39779464193187,0,NA,NA,no_red_alert,2020,0.747183979974969,Party_turnout,TRUE,2020,1937,צופית,ZOFIT,1,יהודי,1318,667,654,328,121,143,541,185,0.884876517210462,1489.47336081982,0.140364188163885,NA
198,צופית,צופית,77.39779464193187,0,NA,NA,no_red_alert,2021,0.73452380952381,Party_turnout,TRUE,2021,1933,צופית,ZOFIT,1,יהודי,1327,668,659,319,136,143,542,186,0.884876517210462,1499.64427147792,0.14016578749058,NA
198,צופית,צופית,77.39779464193187,0,NA,NA,no_red_alert,2022,0.731934731934732,Party_turnout,TRUE,2022,1932,צופית,ZOFIT,1,יהודי,1318,660,657,309,140,136,544,187,0.884876517210462,1489.47336081982,0.141881638846737,NA
200,בית ינאי,ביתינאי,93.6650553669118,0,NA,NA,no_red_alert,2006,0.687073671233099,Party_turnout,FALSE,2006,1967,בית ינאי,BET YANNAY,1,NA,399,NA,NA,NA,NA,NA,NA,NA,0.24738032191889,1612.90112691673,NA,60.5
200,בית ינאי,ביתינאי,93.6650553669118,0,NA,NA,no_red_alert,2009,0.676156583629893,Party_turnout,FALSE,2009,1960,בית ינאי,BET YANNAY,1,NA,392,NA,NA,NA,NA,NA,NA,NA,0.24738032191889,1584.60461591819,NA,57
200,בית ינאי,ביתינאי,93.6650553669118,0,NA,NA,no_red_alert,2013,0.731391585760518,Party_turnout,FALSE,2013,1971,בית ינאי,BET YANNAY,1,יהודי,430,210,220,110,30,40,190,50,0.24738032191889,1738.21424705311,0.116279069767442,62
200,בית ינאי,ביתינאי,93.6650553669118,0,NA,NA,no_red_alert,2015,0.691588785046729,Party_turnout,TRUE,2015,1969,בית ינאי,BET YANNAY,1,יהודי,420,210,210,100,30,50,190,50,0.24738032191889,1697.79065991234,0.119047619047619,55.75
200,בית ינאי,ביתינאי,93.6650553669118,0,NA,NA,no_red_alert,2019,0.638436482084691,Party_turnout,TRUE,2019,1965,בית ינאי,BET YANNAY,1,יהודי,372,201,172,85,27,36,163,60,0.24738032191889,1503.75744163665,0.161290322580645,NA
200,בית ינאי,ביתינאי,93.6650553669118,0,NA,NA,no_red_alert,2019,0.636963696369637,Party_turnout,TRUE,2019.2,1965,בית ינאי,BET YANNAY,1,יהודי,372,201,172,85,27,36,163,60,0.24738032191889,1503.75744163665,0.161290322580645,NA
200,בית ינאי,ביתינאי,93.6650553669118,0,NA,NA,no_red_alert,2020,0.646464646464647,Party_turnout,TRUE,2020,1962,בית ינאי,BET YANNAY,1,יהודי,369,205,168,82,24,38,163,62,0.24738032191889,1491.63036549441,0.168021680216802,NA
200,בית ינאי,ביתינאי,93.6650553669118,0,NA,NA,no_red_alert,2021,0.654237288135593,Party_turnout,TRUE,2021,1970,בית ינאי,BET YANNAY,1,יהודי,363,194,169,79,28,36,153,66,0.24738032191889,1467.37621320995,0.181818181818182,NA
200,בית ינאי,ביתינאי,93.6650553669118,0,NA,NA,no_red_alert,2022,0.652597402597403,Party_turnout,TRUE,2022,1961,בית ינאי,BET YANNAY,1,יהודי,378,202,177,83,33,34,162,67,0.24738032191889,1528.01159392111,0.177248677248677,NA
204,אלישיב,אלישיב,95.2812814389502,0,NA,NA,no_red_alert,2006,0.864618156706896,Party_turnout,FALSE,2006,1993,אלישיב,ELYASHIV,1,NA,487,NA,NA,NA,NA,NA,NA,NA,0.423481817360987,1149.99034205256,NA,61
204,אלישיב,אלישיב,95.2812814389502,0,NA,NA,no_red_alert,2009,0.788113695090439,Party_turnout,FALSE,2009,1998,אלישיב,ELYASHIV,1,NA,577,NA,NA,NA,NA,NA,NA,NA,0.423481817360987,1362.5142245674,NA,58.75
204,אלישיב,אלישיב,95.2812814389502,0,NA,NA,no_red_alert,2013,0.77728285077951,Party_turnout,FALSE,2013,2000,אלישיב,ELYASHIV,1,יהודי,690,350,330,210,30,80,300,70,0.423481817360987,1629.34976594715,0.101449275362319,63
204,אלישיב,אלישיב,95.2812814389502,0,NA,NA,no_red_alert,2015,0.830835117773019,Party_turnout,TRUE,2015,1995,אלישיב,ELYASHIV,1,יהודי,730,370,350,230,30,70,310,80,0.423481817360987,1723.80482484264,0.10958904109589,60
204,אלישיב,אלישיב,95.2812814389502,0,NA,NA,no_red_alert,2019,0.775898520084567,Party_turnout,TRUE,2019,1989,אלישיב,ELYASHIV,1,יהודי,714,358,356,215,35,76,289,101,0.423481817360987,1686.02280128445,0.141456582633053,NA
204,אלישיב,אלישיב,95.2812814389502,0,NA,NA,no_red_alert,2019,0.755888650963597,Party_turnout,TRUE,2019.2,1989,אלישיב,ELYASHIV,1,יהודי,714,358,356,215,35,76,289,101,0.423481817360987,1686.02280128445,0.141456582633053,NA
204,אלישיב,אלישיב,95.2812814389502,0,NA,NA,no_red_alert,2020,0.746268656716418,Party_turnout,TRUE,2020,1992,אלישיב,ELYASHIV,1,יהודי,723,361,359,202,44,81,291,105,0.423481817360987,1707.27518953593,0.145228215767635,NA
204,אלישיב,אלישיב,95.2812814389502,0,NA,NA,no_red_alert,2021,0.765560165975104,Party_turnout,TRUE,2021,1991,אלישיב,ELYASHIV,1,יהודי,716,362,354,195,39,84,289,108,0.423481817360987,1690.74555422922,0.150837988826816,NA
204,אלישיב,אלישיב,95.2812814389502,0,NA,NA,no_red_alert,2022,0.772540983606557,Party_turnout,TRUE,2022,1996,אלישיב,ELYASHIV,1,יהודי,715,360,355,183,50,86,284,113,0.423481817360987,1688.38417775683,0.158041958041958,NA
205,חגלה,חגלה,96.23702306846808,0,NA,NA,no_red_alert,2006,1,Party_turnout,FALSE,2006,2012,חגלה,HOGLA,1,NA,574,NA,NA,NA,NA,NA,NA,NA,0.764623743042193,750.696019085463,NA,57
205,חגלה,חגלה,96.23702306846808,0,NA,NA,no_red_alert,2009,0.836317135549872,Party_turnout,FALSE,2009,2010,חגלה,HOGLA,1,NA,755,NA,NA,NA,NA,NA,NA,NA,0.764623743042193,987.413753326697,NA,57
205,חגלה,חגלה,96.23702306846808,0,NA,NA,no_red_alert,2013,0.824884792626728,Party_turnout,FALSE,2013,2017,חגלה,HOGLA,1,יהודי,830,390,440,310,60,40,340,80,0.764623743042193,1085.50121226644,0.0963855421686747,60
205,חגלה,חגלה,96.23702306846808,0,NA,NA,no_red_alert,2015,0.837004405286344,Party_turnout,TRUE,2015,2005,חגלה,HOGLA,1,יהודי,830,390,440,300,70,50,340,80,0.764623743042193,1085.50121226644,0.0963855421686747,59
205,חגלה,חגלה,96.23702306846808,0,NA,NA,no_red_alert,2019,0.819639278557114,Party_turnout,TRUE,2019,2007,חגלה,HOGLA,1,יהודי,865,400,465,241,121,76,344,84,0.764623743042193,1131.27535977165,0.0971098265895954,NA
205,חגלה,חגלה,96.23702306846808,0,NA,NA,no_red_alert,2019,0.792490118577075,Party_turnout,TRUE,2019.2,2007,חגלה,HOGLA,1,יהודי,865,400,465,241,121,76,344,84,0.764623743042193,1131.27535977165,0.0971098265895954,NA
205,חגלה,חגלה,96.23702306846808,0,NA,NA,no_red_alert,2020,0.791252485089463,Party_turnout,TRUE,2020,2013,חגלה,HOGLA,1,יהודי,864,398,465,230,129,78,345,82,0.764623743042193,1129.96752698578,0.0949074074074074,NA
205,חגלה,חגלה,96.23702306846808,0,NA,NA,no_red_alert,2021,0.795366795366795,Party_turnout,TRUE,2021,2014,חגלה,HOGLA,1,יהודי,868,400,468,229,116,93,346,84,0.764623743042193,1135.19885812924,0.0967741935483871,NA
205,חגלה,חגלה,96.23702306846808,0,NA,NA,no_red_alert,2022,0.743682310469314,Party_turnout,TRUE,2022,2011,חגלה,HOGLA,1,יהודי,864,397,467,213,120,104,347,79,0.764623743042193,1129.96752698578,0.0914351851851852,NA
213,משמרות,משמרות,108.8387951231844,0,NA,NA,no_red_alert,2006,1,Party_turnout,FALSE,2006,2085,משמרות,MISHMAROT,1,NA,258,NA,NA,NA,NA,NA,NA,NA,0.43177195668382,597.537649229335,NA,60
213,משמרות,משמרות,108.8387951231844,0,NA,NA,no_red_alert,2009,0.744769874476987,Party_turnout,FALSE,2009,2089,משמרות,MISHMAROT,1,NA,304,NA,NA,NA,NA,NA,NA,NA,0.43177195668382,704.075369634565,NA,57.3333333333333
213,משמרות,משמרות,108.8387951231844,0,NA,NA,no_red_alert,2013,0.771523178807947,Party_turnout,FALSE,2013,2088,משמרות,MISHMAROT,1,יהודי,590,290,300,200,30,50,260,50,0.43177195668382,1366.46206606708,0.0847457627118644,62.6666666666667
213,משמרות,משמרות,108.8387951231844,0,NA,NA,no_red_alert,2015,0.799564270152505,Party_turnout,TRUE,2015,2087,משמרות,MISHMAROT,1,יהודי,800,390,410,300,30,60,350,60,0.43177195668382,1852.82992009096,0.075,61.6666666666667
213,משמרות,משמרות,108.8387951231844,0,NA,NA,no_red_alert,2019,0.795774647887324,Party_turnout,TRUE,2019,2090,משמרות,MISHMAROT,1,יהודי,1024,506,518,393,68,57,440,67,0.43177195668382,2371.62229771643,0.0654296875,NA
213,משמרות,משמרות,108.8387951231844,0,NA,NA,no_red_alert,2019,0.798290598290598,Party_turnout,TRUE,2019.2,2090,משמרות,MISHMAROT,1,יהודי,1024,506,518,393,68,57,440,67,0.43177195668382,2371.62229771643,0.0654296875,NA
213,משמרות,משמרות,108.8387951231844,0,NA,NA,no_red_alert,2020,0.816528925619835,Party_turnout,TRUE,2020,2079,משמרות,MISHMAROT,1,יהודי,1117,553,562,436,75,65,468,73,0.43177195668382,2587.01377592701,0.0653536257833483,NA
213,משמרות,משמרות,108.8387951231844,0,NA,NA,no_red_alert,2021,0.811550151975684,Party_turnout,TRUE,2021,2080,משמרות,MISHMAROT,1,יהודי,1234,609,624,473,99,69,517,75,0.43177195668382,2857.99015174031,0.0607779578606159,NA
213,משמרות,משמרות,108.8387951231844,0,NA,NA,no_red_alert,2022,0.791553133514986,Party_turnout,TRUE,2022,2082,משמרות,MISHMAROT,1,יהודי,1252,614,638,471,103,75,531,71,0.43177195668382,2899.67882494236,0.0567092651757189,NA
217,"כפר הרא""ה",כפרהראה,96.3634464387988,0,NA,NA,no_red_alert,2006,0.645768827389745,Party_turnout,FALSE,2006,2102,"כפר הרא""ה",KEFAR HARO'E,1,NA,1521,NA,NA,NA,NA,NA,NA,NA,0.579041288567425,2626.75569088178,NA,61
217,"כפר הרא""ה",כפרהראה,96.3634464387988,0,NA,NA,no_red_alert,2009,0.827529021558872,Party_turnout,FALSE,2009,2092,"כפר הרא""ה",KEFAR HARO'E,1,NA,1205,NA,NA,NA,NA,NA,NA,NA,0.579041288567425,2081.02604044217,NA,59
217,"כפר הרא""ה",כפרהראה,96.3634464387988,0,NA,NA,no_red_alert,2013,0.853293413173653,Party_turnout,FALSE,2013,2106,"כפר הרא""ה",KEFAR HARO'E,1,יהודי,1260,710,550,470,180,100,400,120,0.579041288567425,2176.0106314997,0.0952380952380952,63
217,"כפר הרא""ה",כפרהראה,96.3634464387988,0,NA,NA,no_red_alert,2015,0.846262341325811,Party_turnout,TRUE,2015,2101,"כפר הרא""ה",KEFAR HARO'E,1,יהודי,1390,800,590,500,240,120,410,130,0.579041288567425,2400.5196649084,0.0935251798561151,60
217,"כפר הרא""ה",כפרהראה,96.3634464387988,0,NA,NA,no_red_alert,2019,0.820083682008368,Party_turnout,TRUE,2019,2103,"כפר הרא""ה",KEFAR HARO'E,1,יהודי,1460,847,613,449,338,143,392,137,0.579041288567425,2521.40914443616,0.0938356164383562,NA
217,"כפר הרא""ה",כפרהראה,96.3634464387988,0,NA,NA,no_red_alert,2019,0.796982167352538,Party_turnout,TRUE,2019.2,2103,"כפר הרא""ה",KEFAR HARO'E,1,יהודי,1460,847,613,449,338,143,392,137,0.579041288567425,2521.40914443616,0.0938356164383562,NA
217,"כפר הרא""ה",כפרהראה,96.3634464387988,0,NA,NA,no_red_alert,2020,0.782726045883941,Party_turnout,TRUE,2020,2096,"כפר הרא""ה",KEFAR HARO'E,1,יהודי,1472,873,598,477,314,157,383,141,0.579041288567425,2542.13305521234,0.0957880434782609,NA
217,"כפר הרא""ה",כפרהראה,96.3634464387988,0,NA,NA,no_red_alert,2021,0.758169934640523,Party_turnout,TRUE,2021,2094,"כפר הרא""ה",KEFAR HARO'E,1,יהודי,1483,880,603,422,370,156,393,139,0.579041288567425,2561.12997342385,0.0937289278489548,NA
217,"כפר הרא""ה",כפרהראה,96.3634464387988,0,NA,NA,no_red_alert,2022,0.772965879265092,Party_turnout,TRUE,2022,2104,"כפר הרא""ה",KEFAR HARO'E,1,יהודי,1438,844,594,400,346,167,390,135,0.579041288567425,2483.41530801315,0.0938803894297636,NA
219,חיבת ציון,חיבתציון,97.17039651891552,0,NA,NA,no_red_alert,2006,0.830639631697522,Party_turnout,FALSE,2006,2122,חיבת ציון,HIBBAT ZIYYON,1,NA,492,NA,NA,NA,NA,NA,NA,NA,0.401445624028702,1225.57071381808,NA,61
219,חיבת ציון,חיבתציון,97.17039651891552,0,NA,NA,no_red_alert,2009,0.784574468085106,Party_turnout,FALSE,2009,2134,חיבת ציון,HIBBAT ZIYYON,1,NA,551,NA,NA,NA,NA,NA,NA,NA,0.401445624028702,1372.53955958082,NA,59
219,חיבת ציון,חיבתציון,97.17039651891552,0,NA,NA,no_red_alert,2013,0.816867469879518,Party_turnout,FALSE,2013,2135,חיבת ציון,HIBBAT ZIYYON,1,יהודי,640,340,310,180,40,60,280,70,0.401445624028702,1594.23832691783,0.109375,62.75
219,חיבת ציון,חיבתציון,97.17039651891552,0,NA,NA,no_red_alert,2015,0.857142857142857,Party_turnout,TRUE,2015,2132,חיבת ציון,HIBBAT ZIYYON,1,יהודי,660,340,320,190,50,60,280,70,0.401445624028702,1644.05827463401,0.106060606060606,60.75
219,חיבת ציון,חיבתציון,97.17039651891552,0,NA,NA,no_red_alert,2019,0.817567567567568,Party_turnout,TRUE,2019,2127,חיבת ציון,HIBBAT ZIYYON,1,יהודי,727,366,361,236,48,61,298,85,0.401445624028702,1810.95509948322,0.116918844566713,NA
219,חיבת ציון,חיבתציון,97.17039651891552,0,NA,NA,no_red_alert,2019,0.821428571428571,Party_turnout,TRUE,2019.2,2127,חיבת ציון,HIBBAT ZIYYON,1,יהודי,727,366,361,236,48,61,298,85,0.401445624028702,1810.95509948322,0.116918844566713,NA
219,חיבת ציון,חיבתציון,97.17039651891552,0,NA,NA,no_red_alert,2020,0.799554565701559,Party_turnout,TRUE,2020,2131,חיבת ציון,HIBBAT ZIYYON,1,יהודי,807,411,395,260,54,73,331,89,0.401445624028702,2010.2348903479501,0.110285006195787,NA
219,חיבת ציון,חיבתציון,97.17039651891552,0,NA,NA,no_red_alert,2021,0.827309236947791,Party_turnout,TRUE,2021,2123,חיבת ציון,HIBBAT ZIYYON,1,יהודי,844,436,408,275,62,69,341,98,0.401445624028702,2102.40179362288,0.116113744075829,NA
219,חיבת ציון,חיבתציון,97.17039651891552,0,NA,NA,no_red_alert,2022,0.792910447761194,Party_turnout,TRUE,2022,2128,חיבת ציון,HIBBAT ZIYYON,1,יהודי,875,453,422,280,60,79,358,98,0.401445624028702,2179.62271258297,0.112,NA
220,כפר ביאליק,כפרביאליק,146.5332998342666,0,NA,NA,no_red_alert,2006,0.620114595346623,Party_turnout,FALSE,2006,2151,כפר ביאליק,KEFAR BIALIK,1,NA,786,NA,NA,NA,NA,NA,NA,NA,0.822864933588134,955.199289599834,NA,61
220,כפר ביאליק,כפרביאליק,146.5332998342666,0,NA,NA,no_red_alert,2009,0.67639902676399,Party_turnout,FALSE,2009,2147,כפר ביאליק,KEFAR BIALIK,1,NA,727,NA,NA,NA,NA,NA,NA,NA,0.822864933588134,883.498579566259,NA,59
220,כפר ביאליק,כפרביאליק,146.5332998342666,0,NA,NA,no_red_alert,2013,0.70935960591133,Party_turnout,FALSE,2013,2149,כפר ביאליק,KEFAR BIALIK,1,יהודי,840,430,400,230,170,90,240,110,0.822864933588134,1020.82366827463,0.130952380952381,63
220,כפר ביאליק,כפרביאליק,146.5332998342666,0,NA,NA,no_red_alert,2015,0.762589928057554,Party_turnout,TRUE,2015,2140,כפר ביאליק,KEFAR BIALIK,1,יהודי,750,400,350,210,170,70,210,110,0.822864933588134,911.449703816636,0.146666666666667,63
220,כפר ביאליק,כפרביאליק,146.5332998342666,0,NA,NA,no_red_alert,2019,0.773504273504274,Party_turnout,TRUE,2019,2146,כפר ביאליק,KEFAR BIALIK,1,יהודי,855,454,401,271,152,58,261,115,0.822864933588134,1039.05266235096,0.134502923976608,NA
220,כפר ביאליק,כפרביאליק,146.5332998342666,0,NA,NA,no_red_alert,2019,0.764331210191083,Party_turnout,TRUE,2019.2,2146,כפר ביאליק,KEFAR BIALIK,1,יהודי,855,454,401,271,152,58,261,115,0.822864933588134,1039.05266235096,0.134502923976608,NA
220,כפר ביאליק,כפרביאליק,146.5332998342666,0,NA,NA,no_red_alert,2020,0.737634408602151,Party_turnout,TRUE,2020,2138,כפר ביאליק,KEFAR BIALIK,1,יהודי,848,450,397,298,122,51,262,115,0.822864933588134,1030.54579844868,0.13561320754717,NA
220,כפר ביאליק,כפרביאליק,146.5332998342666,0,NA,NA,no_red_alert,2021,0.712121212121212,Party_turnout,TRUE,2021,2137,כפר ביאליק,KEFAR BIALIK,1,יהודי,853,446,406,278,141,52,265,116,0.822864933588134,1036.62212980745,0.13599062133646,NA
220,כפר ביאליק,כפרביאליק,146.5332998342666,0,NA,NA,no_red_alert,2022,0.744725738396624,Party_turnout,TRUE,2022,2150,כפר ביאליק,KEFAR BIALIK,1,יהודי,835,439,396,269,137,48,264,117,0.822864933588134,1014.74733691585,0.140119760479042,NA
223,עין עירון,עיןעירון,109.5578926184212,0,NA,NA,no_red_alert,2006,0.748171797996927,Party_turnout,FALSE,2006,2157,עין עירון,EN IRON,1,NA,452,NA,NA,NA,NA,NA,NA,NA,1.23697260242239,365.408254891693,NA,59.5
223,עין עירון,עיןעירון,109.5578926184212,0,NA,NA,no_red_alert,2009,0.74251497005988,Party_turnout,FALSE,2009,2164,עין עירון,EN IRON,1,NA,502,NA,NA,NA,NA,NA,NA,NA,1.23697260242239,405.82952202573,NA,57.5
223,עין עירון,עיןעירון,109.5578926184212,0,NA,NA,no_red_alert,2013,0.81994459833795,Party_turnout,FALSE,2013,2163,עין עירון,EN IRON,1,יהודי,550,270,280,160,40,70,240,40,1.23697260242239,444.633938474405,0.0727272727272727,62
223,עין עירון,עיןעירון,109.5578926184212,0,NA,NA,no_red_alert,2015,0.83547557840617,Party_turnout,TRUE,2015,2158,עין עירון,EN IRON,1,יהודי,550,290,270,140,40,70,240,50,1.23697260242239,444.633938474405,0.0909090909090909,60
223,עין עירון,עיןעירון,109.5578926184212,0,NA,NA,no_red_alert,2019,0.839416058394161,Party_turnout,TRUE,2019,2152,עין עירון,EN IRON,1,יהודי,546,273,273,136,40,64,243,63,1.23697260242239,441.400237103682,0.115384615384615,NA
223,עין עירון,עיןעירון,109.5578926184212,0,NA,NA,no_red_alert,2019,0.814814814814815,Party_turnout,TRUE,2019.2,2152,עין עירון,EN IRON,1,יהודי,546,273,273,136,40,64,243,63,1.23697260242239,441.400237103682,0.115384615384615,NA
223,עין עירון,עיןעירון,109.5578926184212,0,NA,NA,no_red_alert,2020,0.804020100502513,Party_turnout,TRUE,2020,2166,עין עירון,EN IRON,1,יהודי,545,274,266,128,36,71,248,62,1.23697260242239,440.591811761001,0.113761467889908,NA
223,עין עירון,עיןעירון,109.5578926184212,0,NA,NA,no_red_alert,2021,0.802439024390244,Party_turnout,TRUE,2021,2155,עין עירון,EN IRON,1,יהודי,587,302,286,149,41,68,262,67,1.23697260242239,474.545676153592,0.114139693356048,NA
223,עין עירון,עיןעירון,109.5578926184212,0,NA,NA,no_red_alert,2022,0.756501182033097,Party_turnout,TRUE,2022,2161,עין עירון,EN IRON,1,יהודי,571,289,282,140,41,71,254,66,1.23697260242239,461.6108706707,0.115586690017513,NA
224,שושנת העמקים,שושנתהעמקים,90.93592108280492,0,NA,NA,no_red_alert,2006,NA,Party_turnout,FALSE,2006,2176,שושנת העמקים,SHOSHANNAT HAAMAQIM,1,NA,537,NA,NA,NA,NA,NA,NA,NA,0.0602597133638767,8911.42639124981,NA,61
224,שושנת העמקים,שושנתהעמקים,90.93592108280492,0,NA,NA,no_red_alert,2009,0.601351351351351,Party_turnout,FALSE,2009,2174,שושנת העמקים,SHOSHANNAT HAAMAQIM,1,NA,454,NA,NA,NA,NA,NA,NA,NA,0.0602597133638767,7534.05508682945,NA,59
224,שושנת העמקים,שושנתהעמקים,90.93592108280492,0,NA,NA,no_red_alert,2013,0.643006263048017,Party_turnout,FALSE,2013,2172,שושנת העמקים,SHOSHANNAT HAAMAQIM,1,יהודי,540,280,260,120,30,90,250,60,0.0602597133638767,8961.21089622886,0.111111111111111,63
224,שושנת העמקים,שושנתהעמקים,90.93592108280492,0,NA,NA,no_red_alert,2015,0.723768736616702,Party_turnout,TRUE,2015,2171,שושנת העמקים,SHOSHANNAT HAAMAQIM,1,יהודי,520,270,250,120,20,70,240,70,0.0602597133638767,8629.31419636853,0.134615384615385,61.5
224,שושנת העמקים,שושנתהעמקים,90.93592108280492,0,NA,NA,no_red_alert,2019,0.711060948081264,Party_turnout,TRUE,2019,2167,שושנת העמקים,SHOSHANNAT HAAMAQIM,1,יהודי,505,268,237,119,26,43,234,84,0.0602597133638767,8380.39167147329,0.166336633663366,NA
224,שושנת העמקים,שושנתהעמקים,90.93592108280492,0,NA,NA,no_red_alert,2019,0.70627802690583,Party_turnout,TRUE,2019.2,2167,שושנת העמקים,SHOSHANNAT HAAMAQIM,1,יהודי,505,268,237,119,26,43,234,84,0.0602597133638767,8380.39167147329,0.166336633663366,NA
224,שושנת העמקים,שושנתהעמקים,90.93592108280492,0,NA,NA,no_red_alert,2020,0.710467706013363,Party_turnout,TRUE,2020,2178,שושנת העמקים,SHOSHANNAT HAAMAQIM,1,יהודי,491,266,225,107,20,45,232,87,0.0602597133638767,8148.06398157106,0.177189409368635,NA
224,שושנת העמקים,שושנתהעמקים,90.93592108280492,0,NA,NA,no_red_alert,2021,0.697986577181208,Party_turnout,TRUE,2021,2180,שושנת העמקים,SHOSHANNAT HAAMAQIM,1,יהודי,491,263,229,104,26,44,230,88,0.0602597133638767,8148.06398157106,0.179226069246436,NA
224,שושנת העמקים,שושנתהעמקים,90.93592108280492,0,NA,NA,no_red_alert,2022,0.717832957110609,Party_turnout,TRUE,2022,2181,שושנת העמקים,SHOSHANNAT HAAMAQIM,1,יהודי,489,254,236,109,25,46,222,89,0.0602597133638767,8114.87431158503,0.18200408997955,NA
225,גן השומרון,גןהשומרון,106.7605035104498,0,NA,NA,no_red_alert,2006,0.738636363636364,Party_turnout,FALSE,2006,2182,גן השומרון,GAN HASHOMERON,1,NA,660,NA,NA,NA,NA,NA,NA,NA,0.936847982768991,704.489962234079,NA,60.8
225,גן השומרון,גןהשומרון,106.7605035104498,0,NA,NA,no_red_alert,2009,0.728155339805825,Party_turnout,FALSE,2009,2188,גן השומרון,GAN HASHOMERON,1,NA,705,NA,NA,NA,NA,NA,NA,NA,0.936847982768991,752.523368750039,NA,59
225,גן השומרון,גןהשומרון,106.7605035104498,0,NA,NA,no_red_alert,2013,0.778169014084507,Party_turnout,FALSE,2013,2184,גן השומרון,GAN HASHOMERON,1,יהודי,810,400,420,230,50,90,350,90,0.936847982768991,864.601317287279,0.111111111111111,62.4
225,גן השומרון,גןהשומרון,106.7605035104498,0,NA,NA,no_red_alert,2015,0.784722222222222,Party_turnout,TRUE,2015,2190,גן השומרון,GAN HASHOMERON,1,יהודי,800,390,420,210,60,80,350,100,0.936847982768991,853.927226950399,0.125,61.2
225,גן השומרון,גןהשומרון,106.7605035104498,0,NA,NA,no_red_alert,2019,0.768982229402262,Party_turnout,TRUE,2019,2194,גן השומרון,GAN HASHOMERON,1,יהודי,861,420,441,217,65,83,382,115,0.936847982768991,919.039178005367,0.133565621370499,NA
225,גן השומרון,גןהשומרון,106.7605035104498,0,NA,NA,no_red_alert,2019,0.799363057324841,Party_turnout,TRUE,2019.2,2194,גן השומרון,GAN HASHOMERON,1,יהודי,861,420,441,217,65,83,382,115,0.936847982768991,919.039178005367,0.133565621370499,NA
225,גן השומרון,גןהשומרון,106.7605035104498,0,NA,NA,no_red_alert,2020,0.775834658187599,Party_turnout,TRUE,2020,2191,גן השומרון,GAN HASHOMERON,1,יהודי,842,417,425,197,69,85,376,115,0.936847982768991,898.758406365295,0.136579572446556,NA
225,גן השומרון,גןהשומרון,106.7605035104498,0,NA,NA,no_red_alert,2021,0.761526232114467,Party_turnout,TRUE,2021,2185,גן השומרון,GAN HASHOMERON,1,יהודי,840,415,424,194,66,87,368,126,0.936847982768991,896.623588297919,0.15,NA
225,גן השומרון,גןהשומרון,106.7605035104498,0,NA,NA,no_red_alert,2022,0.746105919003115,Party_turnout,TRUE,2022,2195,גן השומרון,GAN HASHOMERON,1,יהודי,861,417,443,200,71,82,380,128,0.936847982768991,919.039178005367,0.148664343786295,NA
232,שפיים,שפיים,75.26329665137314,1,227,5,temporal_distance > 149,2006,0.766335936790482,Party_turnout,FALSE,2006,2230,שפיים,SHEFAYIM,1,NA,1001,NA,NA,NA,NA,NA,NA,NA,0.694563354333948,1441.19322413707,NA,61
232,שפיים,שפיים,75.26329665137314,1,227,5,temporal_distance > 149,2009,0.758282208588957,Party_turnout,FALSE,2009,2235,שפיים,SHEFAYIM,1,NA,1052,NA,NA,NA,NA,NA,NA,NA,0.694563354333948,1514.62065114106,NA,59
232,שפיים,שפיים,75.26329665137314,1,227,5,temporal_distance > 149,2013,0.777272727272727,Party_turnout,FALSE,2013,2233,שפיים,SHEFAYIM,1,יהודי,1150,570,580,320,70,130,510,110,0.694563354333948,1655.71649126636,0.0956521739130435,63
232,שפיים,שפיים,75.26329665137314,1,227,5,temporal_distance > 149,2015,0.788079470198676,Party_turnout,TRUE,2015,2236,שפיים,SHEFAYIM,1,יהודי,1210,600,610,340,70,140,520,140,0.694563354333948,1742.10169950635,0.115702479338843,58
232,שפיים,שפיים,75.26329665137314,1,227,5,temporal_distance > 149,2019,0.793032786885246,Party_turnout,TRUE,2019,2228,שפיים,SHEFAYIM,1,יהודי,1302,626,676,354,107,134,539,168,0.694563354333948,1874.55901880766,0.129032258064516,NA
232,שפיים,שפיים,75.26329665137314,1,227,5,temporal_distance > 149,2019,0.769308943089431,Party_turnout,TRUE,2019.2,2228,שפיים,SHEFAYIM,1,יהודי,1302,626,676,354,107,134,539,168,0.694563354333948,1874.55901880766,0.129032258064516,NA
232,שפיים,שפיים,75.26329665137314,1,227,5,temporal_distance > 149,2020,0.764646464646465,Party_turnout,TRUE,2020,2231,שפיים,SHEFAYIM,1,יהודי,1327,639,686,356,106,136,555,174,0.694563354333948,1910.55285557432,0.13112283345893,NA
232,שפיים,שפיים,75.26329665137314,1,227,5,temporal_distance > 149,2021,0.776900296150049,Party_turnout,TRUE,2021,2232,שפיים,SHEFAYIM,1,יהודי,1346,648,698,361,104,137,558,185,0.694563354333948,1937.90817151698,0.137444279346211,NA
232,שפיים,שפיים,75.26329665137314,1,227,5,temporal_distance > 149,2022,0.780230326295585,Party_turnout,TRUE,2022,2241,שפיים,SHEFAYIM,1,יהודי,1368,656,712,363,109,142,568,188,0.694563354333948,1969.58274787164,0.137426900584795,NA
233,כפר ידידיה,כפרידידיה,91.41950024384964,0,NA,NA,no_red_alert,2006,0.764539571360579,Party_turnout,FALSE,2006,2243,כפר ידידיה,KEFAR YEDIDYA,1,NA,589,NA,NA,NA,NA,NA,NA,NA,0.623672810932315,944.405447336267,NA,61
233,כפר ידידיה,כפרידידיה,91.41950024384964,0,NA,NA,no_red_alert,2009,0.813211845102506,Party_turnout,FALSE,2009,2252,כפר ידידיה,KEFAR YEDIDYA,1,NA,690,NA,NA,NA,NA,NA,NA,NA,0.623672810932315,1106.34933558918,NA,59
233,כפר ידידיה,כפרידידיה,91.41950024384964,0,NA,NA,no_red_alert,2013,0.841004184100418,Party_turnout,FALSE,2013,2250,כפר ידידיה,KEFAR YEDIDYA,1,יהודי,750,400,350,240,30,70,320,90,0.623672810932315,1202.55362564041,0.12,63
233,כפר ידידיה,כפרידידיה,91.41950024384964,0,NA,NA,no_red_alert,2015,0.815950920245399,Party_turnout,TRUE,2015,2251,כפר ידידיה,KEFAR YEDIDYA,1,יהודי,750,410,340,240,40,60,320,90,0.623672810932315,1202.55362564041,0.12,62
233,כפר ידידיה,כפרידידיה,91.41950024384964,0,NA,NA,no_red_alert,2019,0.823651452282158,Party_turnout,TRUE,2019,2254,כפר ידידיה,KEFAR YEDIDYA,1,יהודי,730,381,349,202,70,54,295,0,0.623672810932315,1170.48552895666,0,NA
233,כפר ידידיה,כפרידידיה,91.41950024384964,0,NA,NA,no_red_alert,2019,0.816115702479339,Party_turnout,TRUE,2019.2,2254,כפר ידידיה,KEFAR YEDIDYA,1,יהודי,730,381,349,202,70,54,295,0,0.623672810932315,1170.48552895666,0,NA
233,כפר ידידיה,כפרידידיה,91.41950024384964,0,NA,NA,no_red_alert,2020,0.817248459958932,Party_turnout,TRUE,2020,2253,כפר ידידיה,KEFAR YEDIDYA,1,יהודי,733,381,352,199,72,58,289,0,0.623672810932315,1175.29574345923,0,NA
233,כפר ידידיה,כפרידידיה,91.41950024384964,0,NA,NA,no_red_alert,2021,0.787449392712551,Party_turnout,TRUE,2021,2249,כפר ידידיה,KEFAR YEDIDYA,1,יהודי,751,387,364,187,87,65,295,0,0.623672810932315,1204.1570304746,0,NA
233,כפר ידידיה,כפרידידיה,91.41950024384964,0,NA,NA,no_red_alert,2022,0.753424657534247,Party_turnout,TRUE,2022,2256,כפר ידידיה,KEFAR YEDIDYA,1,יהודי,749,383,366,176,89,70,297,118,0.623672810932315,1200.95022080622,0.157543391188251,NA
235,חבצלת השרון,חבצלתהשרון,91.38927700046165,0,NA,NA,no_red_alert,2006,1,Party_turnout,FALSE,2006,2278,חבצלת השרון,HAVAZZELET HASHARON,1,NA,280,NA,NA,NA,NA,NA,NA,NA,0.474039447977878,590.668142059491,NA,61
235,חבצלת השרון,חבצלתהשרון,91.38927700046165,0,NA,NA,no_red_alert,2009,0.691394658753709,Party_turnout,FALSE,2009,2283,חבצלת השרון,HAVAZZELET HASHARON,1,NA,584,NA,NA,NA,NA,NA,NA,NA,0.474039447977878,1231.9649820098,NA,59
235,חבצלת השרון,חבצלתהשרון,91.38927700046165,0,NA,NA,no_red_alert,2013,0.670553935860058,Party_turnout,FALSE,2013,2272,חבצלת השרון,HAVAZZELET HASHARON,1,יהודי,540,320,230,200,20,30,220,60,0.474039447977878,1139.1457025433,0.111111111111111,63
235,חבצלת השרון,חבצלתהשרון,91.38927700046165,0,NA,NA,no_red_alert,2015,0.654069767441861,Party_turnout,TRUE,2015,2281,חבצלת השרון,HAVAZZELET HASHARON,1,יהודי,550,330,220,190,40,40,200,70,0.474039447977878,1160.24099333114,0.127272727272727,61.5
235,חבצלת השרון,חבצלתהשרון,91.38927700046165,0,NA,NA,no_red_alert,2019,0.663716814159292,Party_turnout,TRUE,2019,2273,חבצלת השרון,HAVAZZELET HASHARON,1,יהודי,482,277,205,108,64,38,184,88,0.474039447977878,1016.79301597384,0.182572614107884,NA
235,חבצלת השרון,חבצלתהשרון,91.38927700046165,0,NA,NA,no_red_alert,2019,0.627906976744186,Party_turnout,TRUE,2019.2,2273,חבצלת השרון,HAVAZZELET HASHARON,1,יהודי,482,277,205,108,64,38,184,88,0.474039447977878,1016.79301597384,0.182572614107884,NA
235,חבצלת השרון,חבצלתהשרון,91.38927700046165,0,NA,NA,no_red_alert,2020,0.651162790697674,Party_turnout,TRUE,2020,2277,חבצלת השרון,HAVAZZELET HASHARON,1,יהודי,487,283,203,112,64,42,176,93,0.474039447977878,1027.34066136776,0.190965092402464,NA
235,חבצלת השרון,חבצלתהשרון,91.38927700046165,0,NA,NA,no_red_alert,2021,0.624633431085044,Party_turnout,TRUE,2021,2284,חבצלת השרון,HAVAZZELET HASHARON,1,יהודי,485,276,209,103,68,46,180,89,0.474039447977878,1023.12160321019,0.183505154639175,NA
235,חבצלת השרון,חבצלתהשרון,91.38927700046165,0,NA,NA,no_red_alert,2022,0.614705882352941,Party_turnout,TRUE,2022,2274,חבצלת השרון,HAVAZZELET HASHARON,1,יהודי,474,276,198,98,70,44,178,84,0.474039447977878,999.916783343567,0.177215189873418,NA
237,שער העמקים,שערהעמקים,137.41068513368214,0,NA,NA,no_red_alert,2006,0.889801297648013,Party_turnout,FALSE,2006,2291,שער העמקים,SHA'AR HAAMAQIM,1,NA,548,NA,NA,NA,NA,NA,NA,NA,1.28713553380123,425.751589952318,NA,61
237,שער העמקים,שערהעמקים,137.41068513368214,0,NA,NA,no_red_alert,2009,0.761194029850746,Party_turnout,FALSE,2009,2299,שער העמקים,SHA'AR HAAMAQIM,1,NA,629,NA,NA,NA,NA,NA,NA,NA,1.28713553380123,488.682025693445,NA,58.5
237,שער העמקים,שערהעמקים,137.41068513368214,0,NA,NA,no_red_alert,2013,0.77962962962963,Party_turnout,FALSE,2013,2292,שער העמקים,SHA'AR HAAMAQIM,1,יהודי,670,330,340,120,40,80,250,180,1.28713553380123,520.535703043893,0.26865671641791,62.6666666666667
237,שער העמקים,שערהעמקים,137.41068513368214,0,NA,NA,no_red_alert,2015,0.788808664259928,Party_turnout,TRUE,2015,2290,שער העמקים,SHA'AR HAAMAQIM,1,יהודי,690,350,340,140,30,70,260,190,1.28713553380123,536.074082239233,0.27536231884058,56.6666666666667
237,שער העמקים,שערהעמקים,137.41068513368214,0,NA,NA,no_red_alert,2019,0.787658802177858,Party_turnout,TRUE,2019,2294,שער העמקים,SHA'AR HAAMAQIM,1,יהודי,738,359,379,177,23,68,274,196,1.28713553380123,573.366192308049,0.265582655826558,NA
237,שער העמקים,שערהעמקים,137.41068513368214,0,NA,NA,no_red_alert,2019,0.789855072463768,Party_turnout,TRUE,2019.2,2294,שער העמקים,SHA'AR HAAMAQIM,1,יהודי,738,359,379,177,23,68,274,196,1.28713553380123,573.366192308049,0.265582655826558,NA
237,שער העמקים,שערהעמקים,137.41068513368214,0,NA,NA,no_red_alert,2020,0.792418772563177,Party_turnout,TRUE,2020,2298,שער העמקים,SHA'AR HAAMAQIM,1,יהודי,763,375,391,183,26,63,290,201,1.28713553380123,592.789166302224,0.26343381389253,NA
237,שער העמקים,שערהעמקים,137.41068513368214,0,NA,NA,no_red_alert,2021,0.79144385026738,Party_turnout,TRUE,2021,2295,שער העמקים,SHA'AR HAAMAQIM,1,יהודי,769,378,391,185,36,60,294,192,1.28713553380123,597.450680060826,0.249674902470741,NA
237,שער העמקים,שערהעמקים,137.41068513368214,0,NA,NA,no_red_alert,2022,0.774021352313167,Party_turnout,TRUE,2022,2289,שער העמקים,SHA'AR HAAMAQIM,1,יהודי,782,381,401,192,35,64,293,196,1.28713553380123,607.550626537797,0.250639386189258,NA
239,גן חיים,גןחיים,76.64380338038589,0,NA,NA,no_red_alert,2006,0.826341631492807,Party_turnout,FALSE,2006,2306,גן חיים,GAN HAYYIM,1,NA,705,NA,NA,NA,NA,NA,NA,NA,0.749806201992897,940.242956281493,NA,61
239,גן חיים,גןחיים,76.64380338038589,0,NA,NA,no_red_alert,2009,0.795546558704453,Party_turnout,FALSE,2009,2304,גן חיים,GAN HAYYIM,1,NA,795,NA,NA,NA,NA,NA,NA,NA,0.749806201992897,1060.273971977,NA,59
239,גן חיים,גןחיים,76.64380338038589,0,NA,NA,no_red_alert,2013,0.815939278937381,Party_turnout,FALSE,2013,2307,גן חיים,GAN HAYYIM,1,יהודי,850,420,430,210,50,110,400,80,0.749806201992897,1133.62625934648,0.0941176470588235,63
239,גן חיים,גןחיים,76.64380338038589,0,NA,NA,no_red_alert,2015,0.848368522072937,Party_turnout,TRUE,2015,2303,גן חיים,GAN HAYYIM,1,יהודי,820,410,410,200,50,110,370,90,0.749806201992897,1093.61592078131,0.109756097560976,62.8
239,גן חיים,גןחיים,76.64380338038589,0,NA,NA,no_red_alert,2019,0.817504655493482,Party_turnout,TRUE,2019,2302,גן חיים,GAN HAYYIM,1,יהודי,816,402,414,180,62,103,358,113,0.749806201992897,1088.28120897262,0.138480392156863,NA
239,גן חיים,גןחיים,76.64380338038589,0,NA,NA,no_red_alert,2019,0.798892988929889,Party_turnout,TRUE,2019.2,2302,גן חיים,GAN HAYYIM,1,יהודי,816,402,414,180,62,103,358,113,0.749806201992897,1088.28120897262,0.138480392156863,NA
239,גן חיים,גןחיים,76.64380338038589,0,NA,NA,no_red_alert,2020,0.791744840525328,Party_turnout,TRUE,2020,2314,גן חיים,GAN HAYYIM,1,יהודי,815,402,414,180,61,97,357,120,0.749806201992897,1086.94753102045,0.147239263803681,NA
239,גן חיים,גןחיים,76.64380338038589,0,NA,NA,no_red_alert,2021,0.802607076350093,Party_turnout,TRUE,2021,2308,גן חיים,GAN HAYYIM,1,יהודי,811,400,411,175,61,94,358,123,0.749806201992897,1081.61281921176,0.151664611590629,NA
239,גן חיים,גןחיים,76.64380338038589,0,NA,NA,no_red_alert,2022,0.795955882352941,Party_turnout,TRUE,2022,2311,גן חיים,GAN HAYYIM,1,יהודי,818,402,416,167,72,92,355,131,0.749806201992897,1090.94856487697,0.160146699266504,NA
240,יקנעם עילית,יקנעםעילית,127.83003697897608,1,6,3,temporal_distance == 6,2006,0.635813186123304,Party_turnout,FALSE,2006,2328,יקנעם עילית,YOQNE'AM ILLIT,1,NA,18453,NA,NA,NA,NA,NA,NA,NA,8.17412665458458,2257.48887676586,NA,56.8333333333333
240,יקנעם עילית,יקנעםעילית,127.83003697897608,1,6,3,temporal_distance == 6,2009,0.654509136642746,Party_turnout,FALSE,2009,2332,יקנעם עילית,YOQNE'AM ILLIT,1,NA,19165,NA,NA,NA,NA,NA,NA,NA,8.17412665458458,2344.59298342913,NA,56.4166666666667
240,יקנעם עילית,יקנעםעילית,127.83003697897608,1,6,3,temporal_distance == 6,2013,0.684019453387218,Party_turnout,FALSE,2013,2320,יקנעם עילית,YOQNE'AM ILLIT,1,יהודי,20760,10220,10540,5990,1560,2310,9100,1780,8.17412665458458,2539.72086282226,0.0857418111753372,58.5833333333333
240,יקנעם עילית,יקנעםעילית,127.83003697897608,1,6,3,temporal_distance == 6,2015,0.723378054313306,Party_turnout,TRUE,2015,2319,יקנעם עילית,YOQNE'AM ILLIT,1,יהודי,21380,10510,10870,5870,1800,2440,9270,2010,8.17412665458458,2615.56994446724,0.0940130963517306,59.6666666666667
240,יקנעם עילית,יקנעםעילית,127.83003697897608,1,6,3,temporal_distance == 6,2019,0.699211437000057,Party_turnout,TRUE,2019,2324,יקנעם עילית,YOQNE'AM ILLIT,1,יהודי,23796,11715,12082,6179,2029,2895,10096,2594,8.17412665458458,2911.13668842575,0.109009917633216,NA
240,יקנעם עילית,יקנעםעילית,127.83003697897608,1,6,3,temporal_distance == 6,2019,0.69448951048951,Party_turnout,TRUE,2019.2,2324,יקנעם עילית,YOQNE'AM ILLIT,1,יהודי,23796,11715,12082,6179,2029,2895,10096,2594,8.17412665458458,2911.13668842575,0.109009917633216,NA
240,יקנעם עילית,יקנעםעילית,127.83003697897608,1,6,3,temporal_distance == 6,2020,0.694090959389178,Party_turnout,TRUE,2020,2331,יקנעם עילית,YOQNE'AM ILLIT,1,יהודי,24087,11876,12215,6139,1992,3023,10220,2713,8.17412665458458,2946.73682190751,0.112633370697887,NA
240,יקנעם עילית,יקנעםעילית,127.83003697897608,1,6,3,temporal_distance == 6,2021,0.671724287417362,Party_turnout,TRUE,2021,2322,יקנעם עילית,YOQNE'AM ILLIT,1,יהודי,24157,11903,12254,5991,2013,3074,10215,2862,8.17412665458458,2955.30042789968,0.118474976197376,NA
240,יקנעם עילית,יקנעםעילית,127.83003697897608,1,6,3,temporal_distance == 6,2022,0.675540062325041,Party_turnout,TRUE,2022,2325,יקנעם עילית,YOQNE'AM ILLIT,1,יהודי,24617,12119,12497,5960,2022,3204,10406,3026,8.17412665458458,3011.57555299112,0.122923183166105,NA
241,יקנעם (מושבה),יקנעםמושבה,130.76343279392603,1,6,3,temporal_distance == 6,2006,0.793174016371798,Party_turnout,FALSE,2006,2343,יקנעם (מושבה),YOQNE'AM(MOSHAVA),1,NA,1082,NA,NA,NA,NA,NA,NA,NA,1.46437827034715,738.880125381469,NA,52
241,יקנעם (מושבה),יקנעםמושבה,130.76343279392603,1,6,3,temporal_distance == 6,2009,0.74423710208562,Party_turnout,FALSE,2009,2339,יקנעם (מושבה),YOQNE'AM(MOSHAVA),1,NA,1235,NA,NA,NA,NA,NA,NA,NA,1.46437827034715,843.361326105466,NA,55
241,יקנעם (מושבה),יקנעםמושבה,130.76343279392603,1,6,3,temporal_distance == 6,2013,0.78046218487395,Party_turnout,FALSE,2013,2344,יקנעם (מושבה),YOQNE'AM(MOSHAVA),1,יהודי,1320,660,660,340,80,150,590,160,1.46437827034715,901.406437618798,0.121212121212121,54.5
241,יקנעם (מושבה),יקנעםמושבה,130.76343279392603,1,6,3,temporal_distance == 6,2015,0.77653061224489806,Party_turnout,TRUE,2015,2338,יקנעם (מושבה),YOQNE'AM(MOSHAVA),1,יהודי,1350,660,680,350,90,140,570,200,1.46437827034715,921.89294756468,0.148148148148148,60
241,יקנעם (מושבה),יקנעםמושבה,130.76343279392603,1,6,3,temporal_distance == 6,2019,0.777006937561943,Party_turnout,TRUE,2019,2333,יקנעם (מושבה),YOQNE'AM(MOSHAVA),1,יהודי,1401,685,717,384,97,137,532,250,1.46437827034715,956.720014472679,0.178443968593862,NA
241,יקנעם (מושבה),יקנעםמושבה,130.76343279392603,1,6,3,temporal_distance == 6,2019,0.758349705304519,Party_turnout,TRUE,2019.2,2333,יקנעם (מושבה),YOQNE'AM(MOSHAVA),1,יהודי,1401,685,717,384,97,137,532,250,1.46437827034715,956.720014472679,0.178443968593862,NA
241,יקנעם (מושבה),יקנעםמושבה,130.76343279392603,1,6,3,temporal_distance == 6,2020,0.729166666666667,Party_turnout,TRUE,2020,2347,יקנעם (מושבה),YOQNE'AM(MOSHAVA),1,יהודי,1386,683,701,379,85,142,526,254,1.46437827034715,946.476759499738,0.18326118326118301,NA
241,יקנעם (מושבה),יקנעםמושבה,130.76343279392603,1,6,3,temporal_distance == 6,2021,0.765225933202358,Party_turnout,TRUE,2021,2342,יקנעם (מושבה),YOQNE'AM(MOSHAVA),1,יהודי,1376,682,694,379,87,136,506,268,1.46437827034715,939.647922851111,0.194767441860465,NA
241,יקנעם (מושבה),יקנעםמושבה,130.76343279392603,1,6,3,temporal_distance == 6,2022,0.74288518155054,Party_turnout,TRUE,2022,2335,יקנעם (מושבה),YOQNE'AM(MOSHAVA),1,יהודי,1382,680,702,360,104,139,513,265,1.46437827034715,943.745224840287,0.191751085383502,NA
242,בית השיטה,ביתהשיטה,137.39191599405146,1,6,1,temporal_distance == 6,2006,0.863189600507292,Party_turnout,FALSE,2006,2361,בית השיטה,BET HASHITTA,1,NA,830,NA,NA,NA,NA,NA,NA,NA,13.1590026152151,63.0746891896131,NA,23.3333333333333
242,בית השיטה,ביתהשיטה,137.39191599405146,1,6,1,temporal_distance == 6,2009,0.686813186813187,Party_turnout,FALSE,2009,2355,בית השיטה,BET HASHITTA,1,NA,993,NA,NA,NA,NA,NA,NA,NA,13.1590026152151,75.4616462232359,NA,21.5294117647059
242,בית השיטה,ביתהשיטה,137.39191599405146,1,6,1,temporal_distance == 6,2013,0.722672064777328,Party_turnout,FALSE,2013,2351,בית השיטה,BET HASHITTA,1,יהודי,1170,580,590,310,60,120,460,230,13.1590026152151,88.9125136769244,0.196581196581197,26.5555555555556
242,בית השיטה,ביתהשיטה,137.39191599405146,1,6,1,temporal_distance == 6,2015,0.745526838966203,Party_turnout,TRUE,2015,2358,בית השיטה,BET HASHITTA,1,יהודי,1220,600,620,340,70,100,460,250,13.1590026152151,92.7121937485879,0.204918032786885,27
242,בית השיטה,ביתהשיטה,137.39191599405146,1,6,1,temporal_distance == 6,2019,0.745210727969349,Party_turnout,TRUE,2019,2362,בית השיטה,BET HASHITTA,1,יהודי,1263,614,649,354,74,116,469,248,13.1590026152151,95.9799186102184,0.196357878068092,NA
242,בית השיטה,ביתהשיטה,137.39191599405146,1,6,1,temporal_distance == 6,2019,0.737957610789981,Party_turnout,TRUE,2019.2,2362,בית השיטה,BET HASHITTA,1,יהודי,1263,614,649,354,74,116,469,248,13.1590026152151,95.9799186102184,0.196357878068092,NA
242,בית השיטה,ביתהשיטה,137.39191599405146,1,6,1,temporal_distance == 6,2020,0.72822966507177,Party_turnout,TRUE,2020,2356,בית השיטה,BET HASHITTA,1,יהודי,1263,603,657,355,74,112,472,250,13.1590026152151,95.9799186102184,0.197941409342835,NA
242,בית השיטה,ביתהשיטה,137.39191599405146,1,6,1,temporal_distance == 6,2021,0.735265700483092,Party_turnout,TRUE,2021,2350,בית השיטה,BET HASHITTA,1,יהודי,1258,605,653,349,75,107,485,244,13.1590026152151,95.5999506030521,0.1939586645469,NA
242,בית השיטה,ביתהשיטה,137.39191599405146,1,6,1,temporal_distance == 6,2022,0.700285442435776,Party_turnout,TRUE,2022,2353,בית השיטה,BET HASHITTA,1,יהודי,1275,610,665,342,96,105,487,242,13.1590026152151,96.8918418274177,0.189803921568627,NA
248,בית שערים,ביתשערים,137.0742797939644,1,6,1,temporal_distance == 6,2006,1,Party_turnout,FALSE,2006,2406,בית שערים,BET SHE'ARIM,1,NA,528,NA,NA,NA,NA,NA,NA,NA,2.18625256612309,241.509150489556,NA,51.6666666666667
248,בית שערים,ביתשערים,137.0742797939644,1,6,1,temporal_distance == 6,2009,0.756487025948104,Party_turnout,FALSE,2009,2399,בית שערים,BET SHE'ARIM,1,NA,688,NA,NA,NA,NA,NA,NA,NA,2.18625256612309,314.693741546997,NA,56.5
248,בית שערים,ביתשערים,137.0742797939644,1,6,1,temporal_distance == 6,2013,0.851769911504425,Party_turnout,FALSE,2013,2402,בית שערים,BET SHE'ARIM,1,יהודי,740,360,380,220,40,80,310,100,2.18625256612309,338.478733640666,0.135135135135135,57.6666666666667
248,בית שערים,ביתשערים,137.0742797939644,1,6,1,temporal_distance == 6,2015,0.868085106382979,Party_turnout,TRUE,2015,2398,בית שערים,BET SHE'ARIM,1,יהודי,750,350,390,230,40,60,300,120,2.18625256612309,343.052770581756,0.16,54.3333333333333
248,בית שערים,ביתשערים,137.0742797939644,1,6,1,temporal_distance == 6,2019,0.81104033970276,Party_turnout,TRUE,2019,2403,בית שערים,BET SHE'ARIM,1,יהודי,766,357,409,227,56,60,301,120,2.18625256612309,350.3712296875,0.156657963446475,NA
248,בית שערים,ביתשערים,137.0742797939644,1,6,1,temporal_distance == 6,2019,0.806315789473684,Party_turnout,TRUE,2019.2,2403,בית שערים,BET SHE'ARIM,1,יהודי,766,357,409,227,56,60,301,120,2.18625256612309,350.3712296875,0.156657963446475,NA
248,בית שערים,ביתשערים,137.0742797939644,1,6,1,temporal_distance == 6,2020,0.815195071868583,Party_turnout,TRUE,2020,2394,בית שערים,BET SHE'ARIM,1,יהודי,786,361,425,240,62,54,308,122,2.18625256612309,359.51930356968,0.155216284987277,NA
248,בית שערים,ביתשערים,137.0742797939644,1,6,1,temporal_distance == 6,2021,0.762,Party_turnout,TRUE,2021,2397,בית שערים,BET SHE'ARIM,1,יהודי,813,378,435,250,62,68,311,124,2.18625256612309,371.869203310623,0.152521525215252,NA
248,בית שערים,ביתשערים,137.0742797939644,1,6,1,temporal_distance == 6,2022,0.747148288973384,Party_turnout,TRUE,2022,2404,בית שערים,BET SHE'ARIM,1,יהודי,815,380,434,246,64,71,310,124,2.18625256612309,372.784010698841,0.152147239263804,NA
250,הזורע,הזורע,130.16438162683295,1,6,3,temporal_distance == 6,2006,0.637252725729581,Party_turnout,FALSE,2006,2430,הזורע,HAZOREA,1,NA,901,NA,NA,NA,NA,NA,NA,NA,0.616712844809904,1460.97167844416,NA,39.8
250,הזורע,הזורע,130.16438162683295,1,6,3,temporal_distance == 6,2009,0.672433679354095,Party_turnout,FALSE,2009,2437,הזורע,HAZOREA,1,NA,834,NA,NA,NA,NA,NA,NA,NA,0.616712844809904,1352.33116517473,NA,49
250,הזורע,הזורע,130.16438162683295,1,6,3,temporal_distance == 6,2013,0.675294117647059,Party_turnout,FALSE,2013,2425,הזורע,HAZOREA,1,יהודי,840,390,440,170,50,130,300,190,0.616712844809904,1362.06016636304,0.226190476190476,41.8
250,הזורע,הזורע,130.16438162683295,1,6,3,temporal_distance == 6,2015,0.701670644391408,Party_turnout,TRUE,2015,2435,הזורע,HAZOREA,1,יהודי,840,390,450,170,60,120,300,200,0.616712844809904,1362.06016636304,0.238095238095238,55
250,הזורע,הזורע,130.16438162683295,1,6,3,temporal_distance == 6,2019,0.706349206349206,Party_turnout,TRUE,2019,2427,הזורע,HAZOREA,1,יהודי,914,435,480,204,61,110,325,214,0.616712844809904,1482.05118101883,0.234135667396061,NA
250,הזורע,הזורע,130.16438162683295,1,6,3,temporal_distance == 6,2019,0.701890989988877,Party_turnout,TRUE,2019.2,2427,הזורע,HAZOREA,1,יהודי,914,435,480,204,61,110,325,214,0.616712844809904,1482.05118101883,0.234135667396061,NA
250,הזורע,הזורע,130.16438162683295,1,6,3,temporal_distance == 6,2020,0.67439293598234,Party_turnout,TRUE,2020,2431,הזורע,HAZOREA,1,יהודי,923,440,481,203,60,114,329,217,0.616712844809904,1496.64468280129,0.23510292524377,NA
250,הזורע,הזורע,130.16438162683295,1,6,3,temporal_distance == 6,2021,0.697036223929748,Party_turnout,TRUE,2021,2426,הזורע,HAZOREA,1,יהודי,933,442,490,208,57,113,336,220,0.616712844809904,1512.8596847818,0.235798499464094,NA
250,הזורע,הזורע,130.16438162683295,1,6,3,temporal_distance == 6,2022,0.679389312977099,Party_turnout,TRUE,2022,2424,הזורע,HAZOREA,1,יהודי,930,439,491,207,60,105,333,223,0.616712844809904,1507.99518418765,0.239784946236559,NA
252,ביתן אהרן,ביתןאהרן,92.32401023584066,0,NA,NA,no_red_alert,2006,1,Party_turnout,FALSE,2006,2446,ביתן אהרן,BITAN AHARON,1,NA,213,NA,NA,NA,NA,NA,NA,NA,0.429787056418375,495.59426422711,NA,61
252,ביתן אהרן,ביתןאהרן,92.32401023584066,0,NA,NA,no_red_alert,2009,0.647482014388489,Party_turnout,FALSE,2009,2442,ביתן אהרן,BITAN AHARON,1,NA,387,NA,NA,NA,NA,NA,NA,NA,0.429787056418375,900.445916694327,NA,59
252,ביתן אהרן,ביתןאהרן,92.32401023584066,0,NA,NA,no_red_alert,2013,0.720588235294118,Party_turnout,FALSE,2013,2449,ביתן אהרן,BITAN AHARON,1,יהודי,380,140,240,30,10,10,50,280,0.429787056418375,884.158781250244,0.736842105263158,63
252,ביתן אהרן,ביתןאהרן,92.32401023584066,0,NA,NA,no_red_alert,2015,0.678832116788321,Party_turnout,TRUE,2015,2452,ביתן אהרן,BITAN AHARON,1,יהודי,360,130,240,30,10,10,50,260,0.429787056418375,837.624108552863,0.722222222222222,60
252,ביתן אהרן,ביתןאהרן,92.32401023584066,0,NA,NA,no_red_alert,2019,0.761111111111111,Party_turnout,TRUE,2019,2450,ביתן אהרן,BITAN AHARON,1,יהודי,152,76,76,38,6,10,0,46,0.429787056418375,353.663512500098,0.302631578947368,NA
252,ביתן אהרן,ביתןאהרן,92.32401023584066,0,NA,NA,no_red_alert,2019,0.38860103626943,Party_turnout,TRUE,2019.2,2450,ביתן אהרן,BITAN AHARON,1,יהודי,152,76,76,38,6,10,0,46,0.429787056418375,353.663512500098,0.302631578947368,NA
252,ביתן אהרן,ביתןאהרן,92.32401023584066,0,NA,NA,no_red_alert,2020,0.36150234741784,Party_turnout,TRUE,2020,2451,ביתן אהרן,BITAN AHARON,1,יהודי,137,69,49,34,10,0,0,0,0.429787056418375,318.762507977062,0,NA
252,ביתן אהרן,ביתןאהרן,92.32401023584066,0,NA,NA,no_red_alert,2021,0.408071748878924,Party_turnout,TRUE,2021,2443,ביתן אהרן,BITAN AHARON,1,יהודי,142,72,70,28,9,10,55,39,0.429787056418375,330.396176151407,0.274647887323944,NA
252,ביתן אהרן,ביתןאהרן,92.32401023584066,0,NA,NA,no_red_alert,2022,0.3625,Party_turnout,TRUE,2022,2445,ביתן אהרן,BITAN AHARON,1,יהודי,167,84,82,38,10,10,72,38,0.429787056418375,388.564517023134,0.227544910179641,NA
254,כפר המכבי,כפרהמכבי,144.78299053275452,0,NA,NA,no_red_alert,2006,0.741040965954461,Party_turnout,FALSE,2006,2474,כפר המכבי,KEFAR HAMAKKABBI,1,NA,289,NA,NA,NA,NA,NA,NA,NA,0.499426066810446,578.664229213506,NA,58
254,כפר המכבי,כפרהמכבי,144.78299053275452,0,NA,NA,no_red_alert,2009,0.670454545454545,Party_turnout,FALSE,2009,2471,כפר המכבי,KEFAR HAMAKKABBI,1,NA,302,NA,NA,NA,NA,NA,NA,NA,0.499426066810446,604.694108036259,NA,58.75
254,כפר המכבי,כפרהמכבי,144.78299053275452,0,NA,NA,no_red_alert,2013,0.692307692307692,Party_turnout,FALSE,2013,2473,כפר המכבי,KEFAR HAMAKKABBI,1,יהודי,350,180,180,90,20,40,140,70,0.499426066810446,700.804429843347,0.2,63
254,כפר המכבי,כפרהמכבי,144.78299053275452,0,NA,NA,no_red_alert,2015,0.692041522491349,Party_turnout,TRUE,2015,2476,כפר המכבי,KEFAR HAMAKKABBI,1,יהודי,370,180,190,100,20,40,140,70,0.499426066810446,740.850397262966,0.189189189189189,62
254,כפר המכבי,כפרהמכבי,144.78299053275452,0,NA,NA,no_red_alert,2019,0.708196721311475,Party_turnout,TRUE,2019,2479,כפר המכבי,KEFAR HAMAKKABBI,1,יהודי,386,191,196,105,18,41,153,68,0.499426066810446,772.887171198662,0.176165803108808,NA
254,כפר המכבי,כפרהמכבי,144.78299053275452,0,NA,NA,no_red_alert,2019,0.690553745928339,Party_turnout,TRUE,2019.2,2479,כפר המכבי,KEFAR HAMAKKABBI,1,יהודי,386,191,196,105,18,41,153,68,0.499426066810446,772.887171198662,0.176165803108808,NA
254,כפר המכבי,כפרהמכבי,144.78299053275452,0,NA,NA,no_red_alert,2020,0.700325732899023,Party_turnout,TRUE,2020,2483,כפר המכבי,KEFAR HAMAKKABBI,1,יהודי,402,194,204,107,24,38,161,72,0.499426066810446,804.923945134358,0.17910447761194,NA
254,כפר המכבי,כפרהמכבי,144.78299053275452,0,NA,NA,no_red_alert,2021,0.693037974683544,Party_turnout,TRUE,2021,2469,כפר המכבי,KEFAR HAMAKKABBI,1,יהודי,410,199,211,109,28,34,164,75,0.499426066810446,820.942332102206,0.182926829268293,NA
254,כפר המכבי,כפרהמכבי,144.78299053275452,0,NA,NA,no_red_alert,2022,0.727554179566563,Party_turnout,TRUE,2022,2482,כפר המכבי,KEFAR HAMAKKABBI,1,יהודי,417,202,214,109,36,32,164,76,0.499426066810446,834.958420699073,0.182254196642686,NA
256,ניר דוד (תל עמל),נירדודתלעמל,135.14472685491333,1,6,1,temporal_distance == 6,2006,0.932390381895332,Party_turnout,FALSE,2006,2499,ניר דוד (תל עמל),NIR DAWID (TEL AMAL),1,NA,505,NA,NA,NA,NA,NA,NA,NA,0.879536165492001,574.166270601857,NA,34.3333333333333
256,ניר דוד (תל עמל),נירדודתלעמל,135.14472685491333,1,6,1,temporal_distance == 6,2009,0.75092936802974,Party_turnout,FALSE,2009,2509,ניר דוד (תל עמל),NIR DAWID (TEL AMAL),1,NA,573,NA,NA,NA,NA,NA,NA,NA,0.879536165492001,651.479748623493,NA,36
256,ניר דוד (תל עמל),נירדודתלעמל,135.14472685491333,1,6,1,temporal_distance == 6,2013,0.773214285714286,Party_turnout,FALSE,2013,2510,ניר דוד (תל עמל),NIR DAWID (TEL AMAL),1,יהודי,640,320,320,150,40,70,260,110,0.879536165492001,727.656263733047,0.171875,45.1666666666667
256,ניר דוד (תל עמל),נירדודתלעמל,135.14472685491333,1,6,1,temporal_distance == 6,2015,0.76949740034662,Party_turnout,TRUE,2015,2503,ניר דוד (תל עמל),NIR DAWID (TEL AMAL),1,יהודי,660,340,330,170,50,70,260,120,0.879536165492001,750.395521974704,0.181818181818182,42.1666666666667
256,ניר דוד (תל עמל),נירדודתלעמל,135.14472685491333,1,6,1,temporal_distance == 6,2019,0.788524590163934,Party_turnout,TRUE,2019,2504,ניר דוד (תל עמל),NIR DAWID (TEL AMAL),1,יהודי,729,366,363,196,48,76,273,136,0.879536165492001,828.845962908424,0.186556927297668,NA
256,ניר דוד (תל עמל),נירדודתלעמל,135.14472685491333,1,6,1,temporal_distance == 6,2019,0.745901639344262,Party_turnout,TRUE,2019.2,2504,ניר דוד (תל עמל),NIR DAWID (TEL AMAL),1,יהודי,729,366,363,196,48,76,273,136,0.879536165492001,828.845962908424,0.186556927297668,NA
256,ניר דוד (תל עמל),נירדודתלעמל,135.14472685491333,1,6,1,temporal_distance == 6,2020,0.760904684975767,Party_turnout,TRUE,2020,2507,ניר דוד (תל עמל),NIR DAWID (TEL AMAL),1,יהודי,739,371,368,197,46,76,278,142,0.879536165492001,840.215592029252,0.192151556156969,NA
256,ניר דוד (תל עמל),נירדודתלעמל,135.14472685491333,1,6,1,temporal_distance == 6,2021,0.7632,Party_turnout,TRUE,2021,2505,ניר דוד (תל עמל),NIR DAWID (TEL AMAL),1,יהודי,743,371,372,198,51,72,283,140,0.879536165492001,844.763443677584,0.18842530282638,NA
256,ניר דוד (תל עמל),נירדודתלעמל,135.14472685491333,1,6,1,temporal_distance == 6,2022,0.719188767550702,Party_turnout,TRUE,2022,2501,ניר דוד (תל עמל),NIR DAWID (TEL AMAL),1,יהודי,770,380,390,207,58,70,292,144,0.879536165492001,875.461442303822,0.187012987012987,NA
259,שדה נחום,שדהנחום,138.77230656888997,1,6,1,temporal_distance == 6,2006,0.76096995751398,Party_turnout,FALSE,2006,2529,שדה נחום,SEDE NAHUM,1,NA,329,NA,NA,NA,NA,NA,NA,NA,0.341029358571454,964.726325552018,NA,43.75
259,שדה נחום,שדהנחום,138.77230656888997,1,6,1,temporal_distance == 6,2009,0.657370517928287,Party_turnout,FALSE,2009,2533,שדה נחום,SEDE NAHUM,1,NA,366,NA,NA,NA,NA,NA,NA,NA,0.341029358571454,1073.22138344085,NA,21
259,שדה נחום,שדהנחום,138.77230656888997,1,6,1,temporal_distance == 6,2013,0.703448275862069,Party_turnout,FALSE,2013,2542,שדה נחום,SEDE NAHUM,1,יהודי,480,230,260,150,40,40,180,60,0.341029358571454,1407.50345369291,0.125,40.75
259,שדה נחום,שדהנחום,138.77230656888997,1,6,1,temporal_distance == 6,2015,0.743093922651934,Party_turnout,TRUE,2015,2538,שדה נחום,SEDE NAHUM,1,יהודי,570,280,290,170,70,50,230,60,0.341029358571454,1671.41035126033,0.105263157894737,38.75
259,שדה נחום,שדהנחום,138.77230656888997,1,6,1,temporal_distance == 6,2019,0.775757575757576,Party_turnout,TRUE,2019,2536,שדה נחום,SEDE NAHUM,1,יהודי,806,403,403,249,71,91,335,59,0.341029358571454,2363.43288265935,0.0732009925558313,NA
259,שדה נחום,שדהנחום,138.77230656888997,1,6,1,temporal_distance == 6,2019,0.726396917148362,Party_turnout,TRUE,2019.2,2536,שדה נחום,SEDE NAHUM,1,יהודי,806,403,403,249,71,91,335,59,0.341029358571454,2363.43288265935,0.0732009925558313,NA
259,שדה נחום,שדהנחום,138.77230656888997,1,6,1,temporal_distance == 6,2020,0.728597449908925,Party_turnout,TRUE,2020,2543,שדה נחום,SEDE NAHUM,1,יהודי,912,451,459,295,71,102,384,0,0.341029358571454,2674.25656201654,0,NA
259,שדה נחום,שדהנחום,138.77230656888997,1,6,1,temporal_distance == 6,2021,0.723051409618574,Party_turnout,TRUE,2021,2534,שדה נחום,SEDE NAHUM,1,יהודי,992,495,497,309,89,108,418,0,0.341029358571454,2908.84047096535,0,NA
259,שדה נחום,שדהנחום,138.77230656888997,1,6,1,temporal_distance == 6,2022,0.696801112656467,Party_turnout,TRUE,2022,2532,שדה נחום,SEDE NAHUM,1,יהודי,1078,544,534,333,99,104,462,0,0.341029358571454,3161.01817308533,0,NA
265,בית יוסף,ביתיוסף,145.1154736816928,1,6,1,temporal_distance == 6,2006,0.699940345993239,Party_turnout,FALSE,2006,2591,בית יוסף,BET YOSEF,1,NA,329,NA,NA,NA,NA,NA,NA,NA,1.40778239707508,233.700890623123,NA,16
265,בית יוסף,ביתיוסף,145.1154736816928,1,6,1,temporal_distance == 6,2009,0.593103448275862,Party_turnout,FALSE,2009,2598,בית יוסף,BET YOSEF,1,NA,438,NA,NA,NA,NA,NA,NA,NA,1.40778239707508,311.127629461787,NA,15.5
265,בית יוסף,ביתיוסף,145.1154736816928,1,6,1,temporal_distance == 6,2013,0.560747663551402,Party_turnout,FALSE,2013,2599,בית יוסף,BET YOSEF,1,יהודי,440,230,200,90,50,80,180,40,1.40778239707508,312.548303568918,0.0909090909090909,24
265,בית יוסף,ביתיוסף,145.1154736816928,1,6,1,temporal_distance == 6,2015,0.603715170278638,Party_turnout,TRUE,2015,2602,בית יוסף,BET YOSEF,1,יהודי,430,240,200,70,50,80,190,40,1.40778239707508,305.444933033261,0.0930232558139535,23
265,בית יוסף,ביתיוסף,145.1154736816928,1,6,1,temporal_distance == 6,2019,0.719887955182073,Party_turnout,TRUE,2019,2596,בית יוסף,BET YOSEF,1,יהודי,481,257,224,108,31,94,194,55,1.40778239707508,341.672122765113,0.114345114345114,NA
265,בית יוסף,ביתיוסף,145.1154736816928,1,6,1,temporal_distance == 6,2019,0.669398907103825,Party_turnout,TRUE,2019.2,2596,בית יוסף,BET YOSEF,1,יהודי,481,257,224,108,31,94,194,55,1.40778239707508,341.672122765113,0.114345114345114,NA
265,בית יוסף,ביתיוסף,145.1154736816928,1,6,1,temporal_distance == 6,2020,0.683923705722071,Party_turnout,TRUE,2020,2594,בית יוסף,BET YOSEF,1,יהודי,485,252,224,110,24,97,199,55,1.40778239707508,344.513470979376,0.11340206185567,NA
265,בית יוסף,ביתיוסף,145.1154736816928,1,6,1,temporal_distance == 6,2021,0.581967213114754,Party_turnout,TRUE,2021,2600,בית יוסף,BET YOSEF,1,יהודי,488,256,232,115,21,93,197,62,1.40778239707508,346.644482140073,0.127049180327869,NA
265,בית יוסף,ביתיוסף,145.1154736816928,1,6,1,temporal_distance == 6,2022,0.7289972899729,Party_turnout,TRUE,2022,2595,בית יוסף,BET YOSEF,1,יהודי,493,256,237,115,24,92,195,66,1.40778239707508,350.196167407901,0.133874239350913,NA
268,טירת צבי,טירתצבי,132.49616082208553,1,6,1,temporal_distance == 6,2006,0.801538730547298,Party_turnout,FALSE,2006,2632,טירת צבי,TIRAT ZEVI,1,NA,645,NA,NA,NA,NA,NA,NA,NA,1.94233563846461,332.074429993913,NA,13
268,טירת צבי,טירתצבי,132.49616082208553,1,6,1,temporal_distance == 6,2009,0.782,Party_turnout,FALSE,2009,2625,טירת צבי,TIRAT ZEVI,1,NA,610,NA,NA,NA,NA,NA,NA,NA,1.94233563846461,314.054887281065,NA,21
268,טירת צבי,טירתצבי,132.49616082208553,1,6,1,temporal_distance == 6,2013,0.789473684210526,Party_turnout,FALSE,2013,2626,טירת צבי,TIRAT ZEVI,1,יהודי,720,370,340,240,30,140,220,80,1.94233563846461,370.687735807159,0.111111111111111,17
268,טירת צבי,טירתצבי,132.49616082208553,1,6,1,temporal_distance == 6,2015,0.797323135755258,Party_turnout,TRUE,2015,2627,טירת צבי,TIRAT ZEVI,1,יהודי,760,400,360,300,40,110,230,90,1.94233563846461,391.281498907556,0.118421052631579,22
268,טירת צבי,טירתצבי,132.49616082208553,1,6,1,temporal_distance == 6,2019,0.807692307692308,Party_turnout,TRUE,2019,2621,טירת צבי,TIRAT ZEVI,1,יהודי,901,511,390,320,164,83,231,105,1.94233563846461,463.874513836458,0.1165371809101,NA
268,טירת צבי,טירתצבי,132.49616082208553,1,6,1,temporal_distance == 6,2019,0.757225433526012,Party_turnout,TRUE,2019.2,2621,טירת צבי,TIRAT ZEVI,1,יהודי,901,511,390,320,164,83,231,105,1.94233563846461,463.874513836458,0.1165371809101,NA
268,טירת צבי,טירתצבי,132.49616082208553,1,6,1,temporal_distance == 6,2020,0.781007751937985,Party_turnout,TRUE,2020,2633,טירת צבי,TIRAT ZEVI,1,יהודי,923,530,391,353,158,76,227,109,1.94233563846461,475.201083541677,0.118093174431203,NA
268,טירת צבי,טירתצבי,132.49616082208553,1,6,1,temporal_distance == 6,2021,0.77992277992278,Party_turnout,TRUE,2021,2629,טירת צבי,TIRAT ZEVI,1,יהודי,975,554,421,339,202,79,249,106,1.94233563846461,501.972975572194,0.108717948717949,NA
268,טירת צבי,טירתצבי,132.49616082208553,1,6,1,temporal_distance == 6,2022,0.756227758007117,Party_turnout,TRUE,2022,2630,טירת צבי,TIRAT ZEVI,1,יהודי,1021,572,449,344,222,90,260,108,1.94233563846461,525.655803137651,0.105778648383937,NA
269,מולדת,מולדת,141.34677179990592,1,6,1,temporal_distance == 6,2006,0.719066743163129,Party_turnout,FALSE,2006,2644,מולדת,MOLEDET,1,NA,747,NA,NA,NA,NA,NA,NA,NA,0.59052868923206,1264.96817787366,NA,20
269,מולדת,מולדת,141.34677179990592,1,6,1,temporal_distance == 6,2009,0.750397456279809,Party_turnout,FALSE,2009,2646,מולדת,MOLEDET,1,NA,864,NA,NA,NA,NA,NA,NA,NA,0.59052868923206,1463.09572380568,NA,22
269,מולדת,מולדת,141.34677179990592,1,6,1,temporal_distance == 6,2013,0.776785714285714,Party_turnout,FALSE,2013,2641,מולדת,MOLEDET,1,יהודי,960,470,480,320,70,90,380,100,0.59052868923206,1625.66191533965,0.104166666666667,20
269,מולדת,מולדת,141.34677179990592,1,6,1,temporal_distance == 6,2015,0.802037845705968,Party_turnout,TRUE,2015,2638,מולדת,MOLEDET,1,יהודי,990,490,500,310,90,90,380,110,0.59052868923206,1676.46385019401,0.111111111111111,25
269,מולדת,מולדת,141.34677179990592,1,6,1,temporal_distance == 6,2019,0.782771535580524,Party_turnout,TRUE,2019,2642,מולדת,MOLEDET,1,יהודי,1068,541,527,299,118,122,407,121,0.59052868923206,1808.54888081536,0.113295880149813,NA
269,מולדת,מולדת,141.34677179990592,1,6,1,temporal_distance == 6,2019,0.727272727272727,Party_turnout,TRUE,2019.2,2642,מולדת,MOLEDET,1,יהודי,1068,541,527,299,118,122,407,121,0.59052868923206,1808.54888081536,0.113295880149813,NA
269,מולדת,מולדת,141.34677179990592,1,6,1,temporal_distance == 6,2020,0.73561811505508,Party_turnout,TRUE,2020,2645,מולדת,MOLEDET,1,יהודי,1088,548,539,289,126,143,412,118,0.59052868923206,1842.41683738493,0.108455882352941,NA
269,מולדת,מולדת,141.34677179990592,1,6,1,temporal_distance == 6,2021,0.719194312796208,Party_turnout,TRUE,2021,2647,מולדת,MOLEDET,1,יהודי,1096,554,542,282,117,164,410,125,0.59052868923206,1855.96402001276,0.114051094890511,NA
269,מולדת,מולדת,141.34677179990592,1,6,1,temporal_distance == 6,2022,0.685164212910532,Party_turnout,TRUE,2022,2637,מולדת,MOLEDET,1,יהודי,1082,549,533,263,124,169,401,126,0.59052868923206,1832.25645041406,0.11645101663586,NA
270,עין השופט,עיןהשופט,124.67385432827206,1,6,3,temporal_distance == 6,2006,0.651364354302557,Party_turnout,FALSE,2006,2655,עין השופט,EN HASHOFET,1,NA,731,NA,NA,NA,NA,NA,NA,NA,0.706451856676064,1034.74850139037,NA,32.2
270,עין השופט,עיןהשופט,124.67385432827206,1,6,3,temporal_distance == 6,2009,0.638132295719844,Party_turnout,FALSE,2009,2662,עין השופט,EN HASHOFET,1,NA,801,NA,NA,NA,NA,NA,NA,NA,0.706451856676064,1133.83522518972,NA,39.5
270,עין השופט,עיןהשופט,124.67385432827206,1,6,3,temporal_distance == 6,2013,0.641304347826087,Party_turnout,FALSE,2013,2651,עין השופט,EN HASHOFET,1,יהודי,830,430,400,180,40,140,310,160,0.706451856676064,1174.88543933516,0.192771084337349,38.2
270,עין השופט,עיןהשופט,124.67385432827206,1,6,3,temporal_distance == 6,2015,0.643281807372176,Party_turnout,TRUE,2015,2663,עין השופט,EN HASHOFET,1,יהודי,820,420,400,170,50,130,300,170,0.706451856676064,1160.73019307811,0.207317073170732,42.8
270,עין השופט,עיןהשופט,124.67385432827206,1,6,3,temporal_distance == 6,2019,0.607101947308133,Party_turnout,TRUE,2019,2656,עין השופט,EN HASHOFET,1,יהודי,861,451,410,192,47,121,316,184,0.706451856676064,1218.76670273202,0.213704994192799,NA
270,עין השופט,עיןהשופט,124.67385432827206,1,6,3,temporal_distance == 6,2019,0.598863636363636,Party_turnout,TRUE,2019.2,2656,עין השופט,EN HASHOFET,1,יהודי,861,451,410,192,47,121,316,184,0.706451856676064,1218.76670273202,0.213704994192799,NA
270,עין השופט,עיןהשופט,124.67385432827206,1,6,3,temporal_distance == 6,2020,0.595480225988701,Party_turnout,TRUE,2020,2649,עין השופט,EN HASHOFET,1,יהודי,836,443,396,185,57,100,308,186,0.706451856676064,1183.37858708939,0.222488038277512,NA
270,עין השופט,עיןהשופט,124.67385432827206,1,6,3,temporal_distance == 6,2021,0.618390804597701,Party_turnout,TRUE,2021,2658,עין השופט,EN HASHOFET,1,יהודי,882,458,424,197,62,112,326,184,0.706451856676064,1248.49271987183,0.208616780045351,NA
270,עין השופט,עיןהשופט,124.67385432827206,1,6,3,temporal_distance == 6,2022,0.588558855885589,Party_turnout,TRUE,2022,2661,עין השופט,EN HASHOFET,1,יהודי,864,446,418,188,65,100,323,189,0.706451856676064,1223.01327660914,0.21875,NA
272,מעוז חיים,מעוזחיים,140.17595408355135,1,6,1,temporal_distance == 6,2006,0.586508296005503,Party_turnout,FALSE,2006,2671,מעוז חיים,MA'OZ HAYYIM,1,NA,537,NA,NA,NA,NA,NA,NA,NA,0.46485985451267,1155.18686930485,NA,35
272,מעוז חיים,מעוזחיים,140.17595408355135,1,6,1,temporal_distance == 6,2009,0.646118721461187,Party_turnout,FALSE,2009,2674,מעוז חיים,MA'OZ HAYYIM,1,NA,441,NA,NA,NA,NA,NA,NA,NA,0.46485985451267,948.673015574375,NA,38.75
272,מעוז חיים,מעוזחיים,140.17595408355135,1,6,1,temporal_distance == 6,2013,0.646489104116223,Party_turnout,FALSE,2013,2668,מעוז חיים,MA'OZ HAYYIM,1,יהודי,430,220,210,80,40,60,160,90,0.46485985451267,925.009969834424,0.209302325581395,38
272,מעוז חיים,מעוזחיים,140.17595408355135,1,6,1,temporal_distance == 6,2015,0.646396396396396,Party_turnout,TRUE,2015,2664,מעוז חיים,MA'OZ HAYYIM,1,יהודי,460,240,220,80,40,80,160,100,0.46485985451267,989.545549125198,0.217391304347826,43
272,מעוז חיים,מעוזחיים,140.17595408355135,1,6,1,temporal_distance == 6,2019,0.663793103448276,Party_turnout,TRUE,2019,2670,מעוז חיים,MA'OZ HAYYIM,1,יהודי,469,244,225,83,31,73,175,105,0.46485985451267,1008.90622291243,0.223880597014925,NA
272,מעוז חיים,מעוזחיים,140.17595408355135,1,6,1,temporal_distance == 6,2019,0.619354838709677,Party_turnout,TRUE,2019.2,2670,מעוז חיים,MA'OZ HAYYIM,1,יהודי,469,244,225,83,31,73,175,105,0.46485985451267,1008.90622291243,0.223880597014925,NA
272,מעוז חיים,מעוזחיים,140.17595408355135,1,6,1,temporal_distance == 6,2020,0.616016427104723,Party_turnout,TRUE,2020,2665,מעוז חיים,MA'OZ HAYYIM,1,יהודי,488,257,233,94,41,69,179,105,0.46485985451267,1049.77875646325,0.215163934426229,NA
272,מעוז חיים,מעוזחיים,140.17595408355135,1,6,1,temporal_distance == 6,2021,0.606625258799172,Party_turnout,TRUE,2021,2677,מעוז חיים,MA'OZ HAYYIM,1,יהודי,502,265,237,107,27,76,189,102,0.46485985451267,1079.89536013228,0.203187250996016,NA
272,מעוז חיים,מעוזחיים,140.17595408355135,1,6,1,temporal_distance == 6,2022,0.607214428857715,Party_turnout,TRUE,2022,2675,מעוז חיים,MA'OZ HAYYIM,1,יהודי,505,261,244,105,26,79,191,103,0.46485985451267,1086.34891806136,0.203960396039604,NA
276,צור משה,צורמשה,86.73760373217539,1,227,5,temporal_distance > 149,2006,0.925425285627575,Party_turnout,FALSE,2006,2714,צור משה,ZUR MOSHE,1,NA,2243,NA,NA,NA,NA,NA,NA,NA,2.05243772336851,1092.8468008855,NA,61
276,צור משה,צורמשה,86.73760373217539,1,227,5,temporal_distance > 149,2009,0.80437756497948,Party_turnout,FALSE,2009,2717,צור משה,ZUR MOSHE,1,NA,2932,NA,NA,NA,NA,NA,NA,NA,2.05243772336851,1428.54517173263,NA,59
276,צור משה,צורמשה,86.73760373217539,1,227,5,temporal_distance > 149,2013,0.808433734939759,Party_turnout,FALSE,2013,2715,צור משה,ZUR MOSHE,1,יהודי,3310,1720,1590,1170,200,200,1470,280,2.05243772336851,1612.7164114717,0.0845921450151057,63
276,צור משה,צורמשה,86.73760373217539,1,227,5,temporal_distance > 149,2015,0.795481569560048,Party_turnout,TRUE,2015,2723,צור משה,ZUR MOSHE,1,יהודי,3110,1600,1510,1120,250,220,1310,220,2.05243772336851,1515.27131108066,0.0707395498392283,62.25
276,צור משה,צורמשה,86.73760373217539,1,227,5,temporal_distance > 149,2019,0.779484366428963,Party_turnout,TRUE,2019,2722,צור משה,ZUR MOSHE,1,יהודי,3291,1712,1579,908,372,292,1389,329,2.05243772336851,1603.4591269345501,0.099969614099058,NA
276,צור משה,צורמשה,86.73760373217539,1,227,5,temporal_distance > 149,2019,0.783060109289617,Party_turnout,TRUE,2019.2,2722,צור משה,ZUR MOSHE,1,יהודי,3291,1712,1579,908,372,292,1389,329,2.05243772336851,1603.4591269345501,0.099969614099058,NA
276,צור משה,צורמשה,86.73760373217539,1,227,5,temporal_distance > 149,2020,0.772629310344828,Party_turnout,TRUE,2020,2709,צור משה,ZUR MOSHE,1,יהודי,3312,1726,1585,865,397,318,1389,343,2.05243772336851,1613.69086247561,0.103562801932367,NA
276,צור משה,צורמשה,86.73760373217539,1,227,5,temporal_distance > 149,2021,0.766929133858268,Party_turnout,TRUE,2021,2720,צור משה,ZUR MOSHE,1,יהודי,3264,1702,1562,804,411,344,1376,330,2.05243772336851,1590.30403838176,0.101102941176471,NA
276,צור משה,צורמשה,86.73760373217539,1,227,5,temporal_distance > 149,2022,0.751906456532791,Party_turnout,TRUE,2022,2721,צור משה,ZUR MOSHE,1,יהודי,3253,1685,1567,741,428,382,1374,328,2.05243772336851,1584.94455786025,0.100830003074085,NA
278,אושה,אושה,145.3549321507911,0,NA,NA,no_red_alert,2006,0.778295888088173,Party_turnout,FALSE,2006,2731,אושה,USHA,1,NA,350,NA,NA,NA,NA,NA,NA,NA,0.306711044452318,1141.13921337584,NA,59.25
278,אושה,אושה,145.3549321507911,0,NA,NA,no_red_alert,2009,0.654320987654321,Party_turnout,FALSE,2009,2737,אושה,USHA,1,NA,417,NA,NA,NA,NA,NA,NA,NA,0.306711044452318,1359.5858627935,NA,59
278,אושה,אושה,145.3549321507911,0,NA,NA,no_red_alert,2013,0.688427299703264,Party_turnout,FALSE,2013,2732,אושה,USHA,1,יהודי,450,220,230,80,30,60,180,100,0.306711044452318,1467.17898862608,0.222222222222222,63
278,אושה,אושה,145.3549321507911,0,NA,NA,no_red_alert,2015,0.723032069970845,Party_turnout,TRUE,2015,2738,אושה,USHA,1,יהודי,460,230,230,90,30,50,200,90,0.306711044452318,1499.7829661511,0.195652173913043,62.25
278,אושה,אושה,145.3549321507911,0,NA,NA,no_red_alert,2019,0.741046831955923,Party_turnout,TRUE,2019,2730,אושה,USHA,1,יהודי,533,274,260,134,24,60,220,95,0.306711044452318,1737.79200208378,0.178236397748593,NA
278,אושה,אושה,145.3549321507911,0,NA,NA,no_red_alert,2019,0.699731903485255,Party_turnout,TRUE,2019.2,2730,אושה,USHA,1,יהודי,533,274,260,134,24,60,220,95,0.306711044452318,1737.79200208378,0.178236397748593,NA
278,אושה,אושה,145.3549321507911,0,NA,NA,no_red_alert,2020,0.706521739130435,Party_turnout,TRUE,2020,2726,אושה,USHA,1,יהודי,556,283,270,145,25,58,228,100,0.306711044452318,1812.78115039133,0.179856115107914,NA
278,אושה,אושה,145.3549321507911,0,NA,NA,no_red_alert,2021,0.722513089005236,Party_turnout,TRUE,2021,2729,אושה,USHA,1,יהודי,588,300,289,164,26,56,245,99,0.306711044452318,1917.11387847141,0.168367346938776,NA
278,אושה,אושה,145.3549321507911,0,NA,NA,no_red_alert,2022,0.71712158808933,Party_turnout,TRUE,2022,2734,אושה,USHA,1,יהודי,628,322,306,186,24,53,264,100,0.306711044452318,2047.5297885715,0.159235668789809,NA
284,שדה ורבורג,שדהורבורג,77.80849933318709,1,227,5,temporal_distance > 149,2006,0.717701882948902,Party_turnout,FALSE,2006,2791,שדה ורבורג,SEDE WARBURG,1,NA,1174,NA,NA,NA,NA,NA,NA,NA,1.17340974318462,1000.50302702769,NA,61
284,שדה ורבורג,שדהורבורג,77.80849933318709,1,227,5,temporal_distance > 149,2009,0.773609314359638,Party_turnout,FALSE,2009,2787,שדה ורבורג,SEDE WARBURG,1,NA,1260,NA,NA,NA,NA,NA,NA,NA,1.17340974318462,1073.793708735,NA,59
284,שדה ורבורג,שדהורבורג,77.80849933318709,1,227,5,temporal_distance > 149,2013,0.802950474183351,Party_turnout,FALSE,2013,2786,שדה ורבורג,SEDE WARBURG,1,יהודי,1470,740,730,470,90,120,650,150,1.17340974318462,1252.7593268575,0.102040816326531,63
284,שדה ורבורג,שדהורבורג,77.80849933318709,1,227,5,temporal_distance > 149,2015,0.811640211640212,Party_turnout,TRUE,2015,2788,שדה ורבורג,SEDE WARBURG,1,יהודי,1480,760,730,430,130,130,630,170,1.17340974318462,1261.28149914905,0.114864864864865,62
284,שדה ורבורג,שדהורבורג,77.80849933318709,1,227,5,temporal_distance > 149,2019,0.789847715736041,Party_turnout,TRUE,2019,2789,שדה ורבורג,SEDE WARBURG,1,יהודי,1478,752,726,387,146,144,610,191,1.17340974318462,1259.57706469074,0.129228687415426,NA
284,שדה ורבורג,שדהורבורג,77.80849933318709,1,227,5,temporal_distance > 149,2019,0.742,Party_turnout,TRUE,2019.2,2789,שדה ורבורג,SEDE WARBURG,1,יהודי,1478,752,726,387,146,144,610,191,1.17340974318462,1259.57706469074,0.129228687415426,NA
284,שדה ורבורג,שדהורבורג,77.80849933318709,1,227,5,temporal_distance > 149,2020,0.734468937875752,Party_turnout,TRUE,2020,2785,שדה ורבורג,SEDE WARBURG,1,יהודי,1442,732,711,362,140,155,591,194,1.17340974318462,1228.89724444117,0.134535367545076,NA
284,שדה ורבורג,שדהורבורג,77.80849933318709,1,227,5,temporal_distance > 149,2021,0.756513026052104,Party_turnout,TRUE,2021,2796,שדה ורבורג,SEDE WARBURG,1,יהודי,1436,716,720,343,151,152,588,201,1.17340974318462,1223.78394106624,0.139972144846797,NA
284,שדה ורבורג,שדהורבורג,77.80849933318709,1,227,5,temporal_distance > 149,2022,0.723258096172718,Party_turnout,TRUE,2022,2795,שדה ורבורג,SEDE WARBURG,1,יהודי,1411,705,707,321,144,171,570,206,1.17340974318462,1202.47851033737,0.145995747696669,NA
285,אלונים,אלונים,137.98540462280647,0,NA,NA,no_red_alert,2006,0.593264700750305,Party_turnout,FALSE,2006,2802,אלונים,ALLONIM,1,NA,521,NA,NA,NA,NA,NA,NA,NA,2.7881374048505,186.863100467581,NA,60
285,אלונים,אלונים,137.98540462280647,0,NA,NA,no_red_alert,2009,0.7,Party_turnout,FALSE,2009,2807,אלונים,ALLONIM,1,NA,445,NA,NA,NA,NA,NA,NA,NA,2.7881374048505,159.604759516456,NA,59
285,אלונים,אלונים,137.98540462280647,0,NA,NA,no_red_alert,2013,0.762278978388998,Party_turnout,FALSE,2013,2801,אלונים,ALLONIM,1,יהודי,480,240,240,90,20,80,200,90,2.7881374048505,172.157942849211,0.1875,62
285,אלונים,אלונים,137.98540462280647,0,NA,NA,no_red_alert,2015,0.789168278529981,Party_turnout,TRUE,2015,2803,אלונים,ALLONIM,1,יהודי,470,240,230,100,20,50,210,90,2.7881374048505,168.571319039853,0.191489361702128,58
285,אלונים,אלונים,137.98540462280647,0,NA,NA,no_red_alert,2019,0.77387914230019506,Party_turnout,TRUE,2019,2811,אלונים,ALLONIM,1,יהודי,515,254,261,144,27,37,200,0,2.7881374048505,184.711126181966,0,NA
285,אלונים,אלונים,137.98540462280647,0,NA,NA,no_red_alert,2019,0.781496062992126,Party_turnout,TRUE,2019.2,2811,אלונים,ALLONIM,1,יהודי,515,254,261,144,27,37,200,0,2.7881374048505,184.711126181966,0,NA
285,אלונים,אלונים,137.98540462280647,0,NA,NA,no_red_alert,2020,0.735812133072407,Party_turnout,TRUE,2020,2809,אלונים,ALLONIM,1,יהודי,525,262,262,163,21,38,198,105,2.7881374048505,188.297749991325,0.2,NA
285,אלונים,אלונים,137.98540462280647,0,NA,NA,no_red_alert,2021,0.783464566929134,Party_turnout,TRUE,2021,2800,אלונים,ALLONIM,1,יהודי,548,275,273,177,17,32,210,113,2.7881374048505,196.546984752849,0.206204379562044,NA
285,אלונים,אלונים,137.98540462280647,0,NA,NA,no_red_alert,2022,0.758157389635317,Party_turnout,TRUE,2022,2813,אלונים,ALLONIM,1,יהודי,552,278,274,171,23,33,211,114,2.7881374048505,197.981634276593,0.206521739130435,NA
287,תל יצחק,תליצחק,80.90791563369203,1,227,5,temporal_distance > 149,2006,0.545885067886115,Party_turnout,FALSE,2006,2841,תל יצחק,TEL YIZHAQ,1,NA,851,NA,NA,NA,NA,NA,NA,NA,0.428121002084631,1987.75578833148,NA,61
287,תל יצחק,תליצחק,80.90791563369203,1,227,5,temporal_distance > 149,2009,0.82018927444795,Party_turnout,FALSE,2009,2838,תל יצחק,TEL YIZHAQ,1,NA,671,NA,NA,NA,NA,NA,NA,NA,0.428121002084631,1567.3139059582,NA,59
287,תל יצחק,תליצחק,80.90791563369203,1,227,5,temporal_distance > 149,2013,0.832831325301205,Party_turnout,FALSE,2013,2833,תל יצחק,TEL YIZHAQ,1,יהודי,970,480,490,130,170,40,160,480,0.428121002084631,2265.71458834494,0.494845360824742,63
287,תל יצחק,תליצחק,80.90791563369203,1,227,5,temporal_distance > 149,2015,0.845925925925926,Party_turnout,TRUE,2015,2829,תל יצחק,TEL YIZHAQ,1,יהודי,1020,510,510,170,170,50,160,480,0.428121002084631,2382.50400011529,0.470588235294118,62.5
287,תל יצחק,תליצחק,80.90791563369203,1,227,5,temporal_distance > 149,2019,0.81447963800905,Party_turnout,TRUE,2019,2837,תל יצחק,TEL YIZHAQ,1,יהודי,1021,472,549,170,203,37,179,431,0.428121002084631,2384.8397883507,0.422135161606268,NA
287,תל יצחק,תליצחק,80.90791563369203,1,227,5,temporal_distance > 149,2019,0.819018404907976,Party_turnout,TRUE,2019.2,2837,תל יצחק,TEL YIZHAQ,1,יהודי,1021,472,549,170,203,37,179,431,0.428121002084631,2384.8397883507,0.422135161606268,NA
287,תל יצחק,תליצחק,80.90791563369203,1,227,5,temporal_distance > 149,2020,0.807339449541284,Party_turnout,TRUE,2020,2832,תל יצחק,TEL YIZHAQ,1,יהודי,803,338,462,129,24,32,168,450,0.428121002084631,1875.63795303194,0.560398505603985,NA
287,תל יצחק,תליצחק,80.90791563369203,1,227,5,temporal_distance > 149,2021,0.326687116564417,Party_turnout,TRUE,2021,2836,תל יצחק,TEL YIZHAQ,1,יהודי,823,343,479,132,27,31,174,458,0.428121002084631,1922.35371774008,0.556500607533414,NA
287,תל יצחק,תליצחק,80.90791563369203,1,227,5,temporal_distance > 149,2022,0.335285505124451,Party_turnout,TRUE,2022,2831,תל יצחק,TEL YIZHAQ,1,יהודי,834,354,479,137,28,34,184,450,0.428121002084631,1948.04738832956,0.539568345323741,NA
288,בית יהושע,ביתיהושע,81.25074636041013,1,227,5,temporal_distance > 149,2006,0.778905023547881,Party_turnout,FALSE,2006,2851,בית יהושע,BET YEHOSHUA,1,NA,784,NA,NA,NA,NA,NA,NA,NA,1.22435874630292,640.3351978065,NA,61
288,בית יהושע,ביתיהושע,81.25074636041013,1,227,5,temporal_distance > 149,2009,0.811224489795918,Party_turnout,FALSE,2009,2854,בית יהושע,BET YEHOSHUA,1,NA,901,NA,NA,NA,NA,NA,NA,NA,1.22435874630292,735.895425030174,NA,59
288,בית יהושע,ביתיהושע,81.25074636041013,1,227,5,temporal_distance > 149,2013,0.795384615384615,Party_turnout,FALSE,2013,2844,בית יהושע,BET YEHOSHUA,1,יהודי,1010,480,530,350,60,70,450,80,1.22435874630292,824.921619623169,0.0792079207920792,63
288,בית יהושע,ביתיהושע,81.25074636041013,1,227,5,temporal_distance > 149,2015,0.801815431164902,Party_turnout,TRUE,2015,2845,בית יהושע,BET YEHOSHUA,1,יהודי,1060,510,550,360,80,60,460,90,1.22435874630292,865.759323564911,0.0849056603773585,63
288,בית יהושע,ביתיהושע,81.25074636041013,1,227,5,temporal_distance > 149,2019,0.766759776536313,Party_turnout,TRUE,2019,2856,בית יהושע,BET YEHOSHUA,1,יהודי,1046,509,537,304,104,89,432,117,1.22435874630292,854.324766461223,0.111854684512428,NA
288,בית יהושע,ביתיהושע,81.25074636041013,1,227,5,temporal_distance > 149,2019,0.752112676056338,Party_turnout,TRUE,2019.2,2856,בית יהושע,BET YEHOSHUA,1,יהודי,1046,509,537,304,104,89,432,117,1.22435874630292,854.324766461223,0.111854684512428,NA
288,בית יהושע,ביתיהושע,81.25074636041013,1,227,5,temporal_distance > 149,2020,0.751753155680224,Party_turnout,TRUE,2020,2846,בית יהושע,BET YEHOSHUA,1,יהודי,1079,530,545,295,98,114,450,122,1.22435874630292,881.277651062772,0.11306765523633,NA
288,בית יהושע,ביתיהושע,81.25074636041013,1,227,5,temporal_distance > 149,2021,0.756291390728477,Party_turnout,TRUE,2021,2858,בית יהושע,BET YEHOSHUA,1,יהודי,1118,537,581,299,106,123,461,131,1.22435874630292,913.13106013733,0.117173524150268,NA
288,בית יהושע,ביתיהושע,81.25074636041013,1,227,5,temporal_distance > 149,2022,0.733921815889029,Party_turnout,TRUE,2022,2847,בית יהושע,BET YEHOSHUA,1,יהודי,1117,539,578,291,113,117,464,130,1.22435874630292,912.314306058495,0.116383169203223,NA
290,מעין צבי,מעיןצבי,115.64492963739175,1,232,3,temporal_distance > 149,2006,0.786762093294757,Party_turnout,FALSE,2006,2876,מעיין צבי,MA'YAN ZEVI,1,NA,462,NA,NA,NA,NA,NA,NA,NA,0.166231928100748,2779.24948160378,NA,60.5
290,מעין צבי,מעיןצבי,115.64492963739175,1,232,3,temporal_distance > 149,2009,0.675324675324675,Party_turnout,FALSE,2009,2881,מעיין צבי,MA'YAN ZEVI,1,NA,538,NA,NA,NA,NA,NA,NA,NA,0.166231928100748,3236.44203701912,NA,59
290,מעין צבי,מעיןצבי,115.64492963739175,1,232,3,temporal_distance > 149,2013,0.71356783919598,Party_turnout,FALSE,2013,2875,מעיין צבי,MA'YAN ZEVI,1,יהודי,620,290,330,140,30,70,270,110,0.166231928100748,3729.7287415462,0.17741935483871,63
290,מעין צבי,מעיןצבי,115.64492963739175,1,232,3,temporal_distance > 149,2015,0.719155844155844,Party_turnout,TRUE,2015,2877,מעיין צבי,MA'YAN ZEVI,1,יהודי,680,310,370,170,40,70,280,120,0.166231928100748,4090.67023266357,0.176470588235294,60.5
290,מעין צבי,מעיןצבי,115.64492963739175,1,232,3,temporal_distance > 149,2019,0.716440422322775,Party_turnout,TRUE,2019,2887,מעיין צבי,MA'YAN ZEVI,1,יהודי,749,348,401,196,45,70,291,149,0.166231928100748,4505.75294744855,0.198931909212283,NA
290,מעין צבי,מעיןצבי,115.64492963739175,1,232,3,temporal_distance > 149,2019,0.731054977711738,Party_turnout,TRUE,2019.2,2887,מעיין צבי,MA'YAN ZEVI,1,יהודי,749,348,401,196,45,70,291,149,0.166231928100748,4505.75294744855,0.198931909212283,NA
290,מעין צבי,מעיןצבי,115.64492963739175,1,232,3,temporal_distance > 149,2020,0.720059880239521,Party_turnout,TRUE,2020,2879,מעיין צבי,MA'YAN ZEVI,1,יהודי,743,341,400,184,44,72,292,151,0.166231928100748,4469.65879833682,0.203230148048452,NA
290,מעין צבי,מעיןצבי,115.64492963739175,1,232,3,temporal_distance > 149,2021,0.70414201183432,Party_turnout,TRUE,2021,2882,מעיין צבי,MA'YAN ZEVI,1,יהודי,762,353,409,186,53,69,298,156,0.166231928100748,4583.95693719065,0.204724409448819,NA
290,מעין צבי,מעיןצבי,115.64492963739175,1,232,3,temporal_distance > 149,2022,0.704678362573099,Party_turnout,TRUE,2022,2885,מעיין צבי,MA'YAN ZEVI,1,יהודי,750,349,401,172,62,64,294,160,0.166231928100748,4511.76863896718,0.213333333333333,NA
295,כפר רופין,כפררופין,136.67956147782445,1,6,1,temporal_distance == 6,2006,0.615589606928714,Party_turnout,FALSE,2006,2942,כפר רופין,KEFAR RUPPIN,1,NA,418,NA,NA,NA,NA,NA,NA,NA,2.01395502728906,207.551804452486,NA,16.5
295,כפר רופין,כפררופין,136.67956147782445,1,6,1,temporal_distance == 6,2009,0.675949367088608,Party_turnout,FALSE,2009,2943,כפר רופין,KEFAR RUPPIN,1,NA,420,NA,NA,NA,NA,NA,NA,NA,2.01395502728906,208.544875287187,NA,15.3333333333333
295,כפר רופין,כפררופין,136.67956147782445,1,6,1,temporal_distance == 6,2013,0.675,Party_turnout,FALSE,2013,2945,כפר רופין,KEFAR RUPPIN,1,יהודי,430,210,220,100,30,60,180,50,2.01395502728906,213.510229460691,0.116279069767442,14
295,כפר רופין,כפררופין,136.67956147782445,1,6,1,temporal_distance == 6,2015,0.676767676767677,Party_turnout,TRUE,2015,2946,כפר רופין,KEFAR RUPPIN,1,יהודי,400,200,200,90,30,60,170,70,2.01395502728906,198.614166940178,0.175,14.5
295,כפר רופין,כפררופין,136.67956147782445,1,6,1,temporal_distance == 6,2019,0.696891191709845,Party_turnout,TRUE,2019,2934,כפר רופין,KEFAR RUPPIN,1,יהודי,531,262,269,148,74,54,186,0,2.01395502728906,263.660306613086,0,NA
295,כפר רופין,כפררופין,136.67956147782445,1,6,1,temporal_distance == 6,2019,0.657963446475196,Party_turnout,TRUE,2019.2,2934,כפר רופין,KEFAR RUPPIN,1,יהודי,531,262,269,148,74,54,186,0,2.01395502728906,263.660306613086,0,NA
295,כפר רופין,כפררופין,136.67956147782445,1,6,1,temporal_distance == 6,2020,0.66751269035533,Party_turnout,TRUE,2020,2947,כפר רופין,KEFAR RUPPIN,1,יהודי,534,269,258,134,96,48,180,0,2.01395502728906,265.149912865137,0,NA
295,כפר רופין,כפררופין,136.67956147782445,1,6,1,temporal_distance == 6,2021,0.71,Party_turnout,TRUE,2021,2938,כפר רופין,KEFAR RUPPIN,1,יהודי,526,266,260,129,95,50,176,0,2.01395502728906,261.177629526334,0,NA
295,כפר רופין,כפררופין,136.67956147782445,1,6,1,temporal_distance == 6,2022,0.680798004987531,Party_turnout,TRUE,2022,2944,כפר רופין,KEFAR RUPPIN,1,יהודי,546,271,275,140,92,54,181,0,2.01395502728906,271.108337873342,0,NA
296,נווה איתן,נווהאיתן,139.00271516658202,1,6,1,temporal_distance == 6,2006,1,Party_turnout,FALSE,2006,2956,נווה איתן,NEWE ETAN,1,NA,160,NA,NA,NA,NA,NA,NA,NA,0.368207250152819,434.537885752098,NA,35
296,נווה איתן,נווהאיתן,139.00271516658202,1,6,1,temporal_distance == 6,2009,0.655813953488372,Party_turnout,FALSE,2009,2963,נווה איתן,NEWE ETAN,1,NA,366,NA,NA,NA,NA,NA,NA,NA,0.368207250152819,994.005413657924,NA,39.25
296,נווה איתן,נווהאיתן,139.00271516658202,1,6,1,temporal_distance == 6,2013,0.627358490566038,Party_turnout,FALSE,2013,2959,נווה איתן,NEWE ETAN,1,יהודי,330,160,170,60,20,60,120,60,0.368207250152819,896.234389363702,0.181818181818182,37
296,נווה איתן,נווהאיתן,139.00271516658202,1,6,1,temporal_distance == 6,2015,0.615720524017467,Party_turnout,TRUE,2015,2962,נווה איתן,NEWE ETAN,1,יהודי,320,170,160,50,20,70,110,70,0.368207250152819,869.075771504196,0.21875,49
296,נווה איתן,נווהאיתן,139.00271516658202,1,6,1,temporal_distance == 6,2019,0.648936170212766,Party_turnout,TRUE,2019,2957,נווה איתן,NEWE ETAN,1,יהודי,311,172,139,66,14,42,113,77,0.368207250152819,844.633015430641,0.247588424437299,NA
296,נווה איתן,נווהאיתן,139.00271516658202,1,6,1,temporal_distance == 6,2019,0.629032258064516,Party_turnout,TRUE,2019.2,2957,נווה איתן,NEWE ETAN,1,יהודי,311,172,139,66,14,42,113,77,0.368207250152819,844.633015430641,0.247588424437299,NA
296,נווה איתן,נווהאיתן,139.00271516658202,1,6,1,temporal_distance == 6,2020,0.654450261780105,Party_turnout,TRUE,2020,2960,נווה איתן,NEWE ETAN,1,יהודי,303,164,135,62,16,36,112,77,0.368207250152819,822.906121143036,0.254125412541254,NA
296,נווה איתן,נווהאיתן,139.00271516658202,1,6,1,temporal_distance == 6,2021,0.58695652173913,Party_turnout,TRUE,2021,2950,נווה איתן,NEWE ETAN,1,יהודי,307,173,134,61,15,41,120,72,0.368207250152819,833.769568286838,0.234527687296417,NA
296,נווה איתן,נווהאיתן,139.00271516658202,1,6,1,temporal_distance == 6,2022,0.626315789473684,Party_turnout,TRUE,2022,2955,נווה איתן,NEWE ETAN,1,יהודי,308,168,140,66,15,39,118,69,0.368207250152819,836.485430072789,0.224025974025974,NA
298,מסילות,מסילות,135.62439871067568,1,6,1,temporal_distance == 6,2006,0.761387711864407,Party_turnout,FALSE,2006,2988,מסילות,MESILLOT,1,NA,384,NA,NA,NA,NA,NA,NA,NA,0.49443733187141,776.640385438913,NA,48.5
298,מסילות,מסילות,135.62439871067568,1,6,1,temporal_distance == 6,2009,0.607802874743327,Party_turnout,FALSE,2009,2991,מסילות,MESILLOT,1,NA,492,NA,NA,NA,NA,NA,NA,NA,0.49443733187141,995.070493843608,NA,49
298,מסילות,מסילות,135.62439871067568,1,6,1,temporal_distance == 6,2013,0.644067796610169,Party_turnout,FALSE,2013,2980,מסילות,MESILLOT,1,יהודי,460,230,230,70,30,70,170,110,0.49443733187141,930.350461723698,0.239130434782609,56.75
298,מסילות,מסילות,135.62439871067568,1,6,1,temporal_distance == 6,2015,0.671081677704194,Party_turnout,TRUE,2015,2985,מסילות,MESILLOT,1,יהודי,430,220,220,70,20,60,160,120,0.49443733187141,869.675431611283,0.27906976744186,55.5
298,מסילות,מסילות,135.62439871067568,1,6,1,temporal_distance == 6,2019,0.666666666666667,Party_turnout,TRUE,2019,2984,מסילות,MESILLOT,1,יהודי,433,215,217,84,9,43,166,130,0.49443733187141,875.742934622525,0.300230946882217,NA
298,מסילות,מסילות,135.62439871067568,1,6,1,temporal_distance == 6,2019,0.658256880733945,Party_turnout,TRUE,2019.2,2984,מסילות,MESILLOT,1,יהודי,433,215,217,84,9,43,166,130,0.49443733187141,875.742934622525,0.300230946882217,NA
298,מסילות,מסילות,135.62439871067568,1,6,1,temporal_distance == 6,2020,0.646511627906977,Party_turnout,TRUE,2020,2982,מסילות,MESILLOT,1,יהודי,444,218,227,94,7,44,171,128,0.49443733187141,897.990445663744,0.288288288288288,NA
298,מסילות,מסילות,135.62439871067568,1,6,1,temporal_distance == 6,2021,0.645977011494253,Party_turnout,TRUE,2021,2986,מסילות,MESILLOT,1,יהודי,463,224,239,112,7,37,180,128,0.49443733187141,936.41796473494,0.27645788336933,NA
298,מסילות,מסילות,135.62439871067568,1,6,1,temporal_distance == 6,2022,0.643020594965675,Party_turnout,TRUE,2022,2987,מסילות,MESILLOT,1,יהודי,484,235,249,133,5,31,191,123,0.49443733187141,978.89048581363,0.254132231404959,NA
300,דליה,דליה,122.73683150421948,1,6,3,temporal_distance == 6,2006,0.770327467141902,Party_turnout,FALSE,2006,3003,דלייה,DALIYYA,1,NA,737,NA,NA,NA,NA,NA,NA,NA,0.58644072556131,1256.73400205039,NA,26.3333333333333
300,דליה,דליה,122.73683150421948,1,6,3,temporal_distance == 6,2009,0.721556886227545,Party_turnout,FALSE,2009,3005,דלייה,DALIYYA,1,NA,746,NA,NA,NA,NA,NA,NA,NA,0.58644072556131,1272.0808216141,NA,38
300,דליה,דליה,122.73683150421948,1,6,3,temporal_distance == 6,2013,0.734328358208955,Party_turnout,FALSE,2013,3007,דלייה,DALIYYA,1,יהודי,770,360,410,180,20,100,310,160,0.58644072556131,1313.00567378399,0.207792207792208,32.5
300,דליה,דליה,122.73683150421948,1,6,3,temporal_distance == 6,2015,0.77910447761194,Party_turnout,TRUE,2015,2998,דלייה,DALIYYA,1,יהודי,790,370,430,200,30,80,310,170,0.58644072556131,1347.1097172589,0.215189873417722,42.1666666666667
300,דליה,דליה,122.73683150421948,1,6,3,temporal_distance == 6,2019,0.756838905775076,Party_turnout,TRUE,2019,3002,דלייה,DALIYYA,1,יהודי,815,388,428,216,45,66,311,178,0.58644072556131,1389.73977160253,0.21840490797546,NA
300,דליה,דליה,122.73683150421948,1,6,3,temporal_distance == 6,2019,0.729646697388633,Party_turnout,TRUE,2019.2,3002,דלייה,DALIYYA,1,יהודי,815,388,428,216,45,66,311,178,0.58644072556131,1389.73977160253,0.21840490797546,NA
300,דליה,דליה,122.73683150421948,1,6,3,temporal_distance == 6,2020,0.754545454545455,Party_turnout,TRUE,2020,3000,דלייה,DALIYYA,1,יהודי,845,403,444,226,50,67,315,187,0.58644072556131,1440.8958368149,0.221301775147929,NA
300,דליה,דליה,122.73683150421948,1,6,3,temporal_distance == 6,2021,0.756676557863502,Party_turnout,TRUE,2021,2999,דלייה,DALIYYA,1,יהודי,844,401,443,220,54,69,315,187,0.58644072556131,1439.19063464115,0.221563981042654,NA
300,דליה,דליה,122.73683150421948,1,6,3,temporal_distance == 6,2022,0.72463768115942,Party_turnout,TRUE,2022,2995,דלייה,DALIYYA,1,יהודי,870,417,453,233,61,58,328,190,0.58644072556131,1483.52589115853,0.218390804597701,NA
304,שדה אליהו,שדהאליהו,133.16891699762087,1,6,1,temporal_distance == 6,2006,0.661500501195158,Party_turnout,FALSE,2006,3061,שדה אליהו,SEDE ELIYYAHU,1,NA,655,NA,NA,NA,NA,NA,NA,NA,1.14867630560388,570.221564425548,NA,27
304,שדה אליהו,שדהאליהו,133.16891699762087,1,6,1,temporal_distance == 6,2009,0.672131147540984,Party_turnout,FALSE,2009,3057,שדה אליהו,SEDE ELIYYAHU,1,NA,613,NA,NA,NA,NA,NA,NA,NA,1.14867630560388,533.657738920398,NA,33
304,שדה אליהו,שדהאליהו,133.16891699762087,1,6,1,temporal_distance == 6,2013,0.65546218487395,Party_turnout,FALSE,2013,3068,שדה אליהו,SEDE ELIYYAHU,1,יהודי,700,370,330,190,60,160,210,80,1.14867630560388,609.397091752494,0.114285714285714,35
304,שדה אליהו,שדהאליהו,133.16891699762087,1,6,1,temporal_distance == 6,2015,0.661616161616162,Party_turnout,TRUE,2015,3062,שדה אליהו,SEDE ELIYYAHU,1,יהודי,690,360,320,180,50,150,210,100,1.14867630560388,600.691419013172,0.144927536231884,35
304,שדה אליהו,שדהאליהו,133.16891699762087,1,6,1,temporal_distance == 6,2019,0.653721682847896,Party_turnout,TRUE,2019,3063,שדה אליהו,SEDE ELIYYAHU,1,יהודי,691,362,329,194,46,157,197,97,1.14867630560388,601.561986287104,0.140376266280753,NA
304,שדה אליהו,שדהאליהו,133.16891699762087,1,6,1,temporal_distance == 6,2019,0.578861788617886,Party_turnout,TRUE,2019.2,3063,שדה אליהו,SEDE ELIYYAHU,1,יהודי,691,362,329,194,46,157,197,97,1.14867630560388,601.561986287104,0.140376266280753,NA
304,שדה אליהו,שדהאליהו,133.16891699762087,1,6,1,temporal_distance == 6,2020,0.614886731391586,Party_turnout,TRUE,2020,3067,שדה אליהו,SEDE ELIYYAHU,1,יהודי,704,365,338,199,50,149,207,99,1.14867630560388,612.879360848222,0.140625,NA
304,שדה אליהו,שדהאליהו,133.16891699762087,1,6,1,temporal_distance == 6,2021,0.615863141524106,Party_turnout,TRUE,2021,3059,שדה אליהו,SEDE ELIYYAHU,1,יהודי,694,354,340,193,54,150,202,96,1.14867630560388,604.173688108901,0.138328530259366,NA
304,שדה אליהו,שדהאליהו,133.16891699762087,1,6,1,temporal_distance == 6,2022,0.612307692307692,Party_turnout,TRUE,2022,3066,שדה אליהו,SEDE ELIYYAHU,1,יהודי,703,349,353,204,50,152,201,96,1.14867630560388,612.00879357429,0.136557610241821,NA
310,כפר גליקסון,כפרגליקסון,111.69335665719242,1,232,4,temporal_distance > 149,2006,0.706462682299114,Party_turnout,FALSE,2006,3157,כפר גליקסון,KEFAR GLIKSON,1,NA,269,NA,NA,NA,NA,NA,NA,NA,0.352537296132406,763.039834227835,NA,51.25
310,כפר גליקסון,כפרגליקסון,111.69335665719242,1,232,4,temporal_distance > 149,2009,0.697416974169742,Party_turnout,FALSE,2009,3151,כפר גליקסון,KEFAR GLIKSON,1,NA,253,NA,NA,NA,NA,NA,NA,NA,0.352537296132406,717.654565277481,NA,49
310,כפר גליקסון,כפרגליקסון,111.69335665719242,1,232,4,temporal_distance > 149,2013,0.722433460076046,Party_turnout,FALSE,2013,3158,כפר גליקסון,KEFAR GLIKSON,1,יהודי,280,140,140,60,10,40,120,50,0.352537296132406,794.242206631204,0.178571428571429,56.75
310,כפר גליקסון,כפרגליקסון,111.69335665719242,1,232,4,temporal_distance > 149,2015,0.746153846153846,Party_turnout,TRUE,2015,3154,כפר גליקסון,KEFAR GLIKSON,1,יהודי,270,140,130,70,10,30,120,50,0.352537296132406,765.876413537232,0.185185185185185,53.25
310,כפר גליקסון,כפרגליקסון,111.69335665719242,1,232,4,temporal_distance > 149,2019,0.767025089605735,Party_turnout,TRUE,2019,3155,כפר גליקסון,KEFAR GLIKSON,1,יהודי,338,171,168,102,15,19,145,0,0.352537296132406,958.763806576239,0,NA
310,כפר גליקסון,כפרגליקסון,111.69335665719242,1,232,4,temporal_distance > 149,2019,0.75886524822695,Party_turnout,TRUE,2019.2,3155,כפר גליקסון,KEFAR GLIKSON,1,יהודי,338,171,168,102,15,19,145,0,0.352537296132406,958.763806576239,0,NA
310,כפר גליקסון,כפרגליקסון,111.69335665719242,1,232,4,temporal_distance > 149,2020,0.753521126760563,Party_turnout,TRUE,2020,3150,כפר גליקסון,KEFAR GLIKSON,1,יהודי,350,171,176,111,16,17,150,0,0.352537296132406,992.802758289005,0,NA
310,כפר גליקסון,כפרגליקסון,111.69335665719242,1,232,4,temporal_distance > 149,2021,0.766550522648084,Party_turnout,TRUE,2021,3153,כפר גליקסון,KEFAR GLIKSON,1,יהודי,352,171,180,113,14,19,148,0,0.352537296132406,998.475916907799,0,NA
310,כפר גליקסון,כפרגליקסון,111.69335665719242,1,232,4,temporal_distance > 149,2022,0.711340206185567,Party_turnout,TRUE,2022,3144,כפר גליקסון,KEFAR GLIKSON,1,יהודי,356,176,181,114,17,0,150,60,0.352537296132406,1009.82223414539,0.168539325842697,NA
312,נווה ים,נווהים,127.1174588369539,1,232,1,temporal_distance > 149,2006,0.617103338209868,Party_turnout,FALSE,2006,3186,נווה ים,NEWE YAM,1,NA,206,NA,NA,NA,NA,NA,NA,NA,0.30888464107424,666.915646189375,NA,43.25
312,נווה ים,נווהים,127.1174588369539,1,232,1,temporal_distance > 149,2009,0.731428571428571,Party_turnout,FALSE,2009,3178,נווה ים,NEWE YAM,1,NA,172,NA,NA,NA,NA,NA,NA,NA,0.30888464107424,556.842190022197,NA,48
312,נווה ים,נווהים,127.1174588369539,1,232,1,temporal_distance > 149,2013,0.73972602739726,Party_turnout,FALSE,2013,3184,נווה ים,NEWE YAM,1,יהודי,240,120,120,70,10,30,100,20,0.30888464107424,776.989102356554,0.0833333333333333,43
312,נווה ים,נווהים,127.1174588369539,1,232,1,temporal_distance > 149,2015,0.795121951219512,Party_turnout,TRUE,2015,3188,נווה ים,NEWE YAM,1,יהודי,250,130,120,80,10,20,110,30,0.30888464107424,809.363648288077,0.12,48.25
312,נווה ים,נווהים,127.1174588369539,1,232,1,temporal_distance > 149,2019,0.729857819905213,Party_turnout,TRUE,2019,3183,נווה ים,NEWE YAM,1,יהודי,232,117,115,62,15,19,0,0,0.30888464107424,751.089465611335,0,NA
312,נווה ים,נווהים,127.1174588369539,1,232,1,temporal_distance > 149,2019,0.77511961722488,Party_turnout,TRUE,2019.2,3183,נווה ים,NEWE YAM,1,יהודי,232,117,115,62,15,19,0,0,0.30888464107424,751.089465611335,0,NA
312,נווה ים,נווהים,127.1174588369539,1,232,1,temporal_distance > 149,2020,0.752380952380952,Party_turnout,TRUE,2020,3187,נווה ים,NEWE YAM,1,יהודי,237,116,115,66,18,21,95,0,0.30888464107424,767.276738577097,0,NA
312,נווה ים,נווהים,127.1174588369539,1,232,1,temporal_distance > 149,2021,0.728571428571429,Party_turnout,TRUE,2021,3180,נווה ים,NEWE YAM,1,יהודי,237,118,119,67,17,17,99,0,0.30888464107424,767.276738577097,0,NA
312,נווה ים,נווהים,127.1174588369539,1,232,1,temporal_distance > 149,2022,0.734597156398104,Party_turnout,TRUE,2022,3174,נווה ים,NEWE YAM,1,יהודי,235,116,118,62,19,20,99,0,0.30888464107424,760.801829390792,0,NA
313,אפק,אפק,149.9459326151302,0,NA,NA,no_red_alert,2006,0.834218038549555,Party_turnout,FALSE,2006,3203,אפק,AFEQ,1,NA,426,NA,NA,NA,NA,NA,NA,NA,1.50393176553316,283.257531866134,NA,57.5
313,אפק,אפק,149.9459326151302,0,NA,NA,no_red_alert,2009,0.70959595959596,Party_turnout,FALSE,2009,3189,אפק,AFEQ,1,NA,483,NA,NA,NA,NA,NA,NA,NA,1.50393176553316,321.158187538364,NA,54.5
313,אפק,אפק,149.9459326151302,0,NA,NA,no_red_alert,2013,0.71608040201005,Party_turnout,FALSE,2013,3200,אפק,AFEQ,1,יהודי,520,250,270,140,20,50,230,80,1.50393176553316,345.760367536126,0.153846153846154,62.5
313,אפק,אפק,149.9459326151302,0,NA,NA,no_red_alert,2015,0.738498789346247,Party_turnout,TRUE,2015,3197,אפק,AFEQ,1,יהודי,560,260,300,150,40,50,230,100,1.50393176553316,372.357318885059,0.178571428571429,60
313,אפק,אפק,149.9459326151302,0,NA,NA,no_red_alert,2019,0.767676767676768,Party_turnout,TRUE,2019,3202,אפק,AFEQ,1,יהודי,713,343,370,231,39,47,286,110,1.50393176553316,474.090657794727,0.154277699859748,NA
313,אפק,אפק,149.9459326151302,0,NA,NA,no_red_alert,2019,0.734406438631791,Party_turnout,TRUE,2019.2,3202,אפק,AFEQ,1,יהודי,713,343,370,231,39,47,286,110,1.50393176553316,474.090657794727,0.154277699859748,NA
313,אפק,אפק,149.9459326151302,0,NA,NA,no_red_alert,2020,0.765285996055227,Party_turnout,TRUE,2020,3196,אפק,AFEQ,1,יהודי,728,352,369,230,38,51,299,110,1.50393176553316,484.064514550577,0.151098901098901,NA
313,אפק,אפק,149.9459326151302,0,NA,NA,no_red_alert,2021,0.759152215799615,Party_turnout,TRUE,2021,3194,אפק,AFEQ,1,יהודי,762,373,389,242,45,49,316,111,1.50393176553316,506.67192319717,0.145669291338583,NA
313,אפק,אפק,149.9459326151302,0,NA,NA,no_red_alert,2022,0.768382352941177,Party_turnout,TRUE,2022,3191,אפק,AFEQ,1,יהודי,763,371,392,244,44,54,308,114,1.50393176553316,507.336846980893,0.149410222804718,NA
316,כפר נטר,כפרנטר,82.35930663742346,1,227,5,temporal_distance > 149,2006,0.827094474153298,Party_turnout,FALSE,2006,3227,כפר נטר,KEFAR NETTER,1,NA,765,NA,NA,NA,NA,NA,NA,NA,1.9237789222947,397.654840238867,NA,61
316,כפר נטר,כפרנטר,82.35930663742346,1,227,5,temporal_distance > 149,2009,0.818950930626058,Party_turnout,FALSE,2009,3221,כפר נטר,KEFAR NETTER,1,NA,1051,NA,NA,NA,NA,NA,NA,NA,1.9237789222947,546.320571360849,NA,59
316,כפר נטר,כפרנטר,82.35930663742346,1,227,5,temporal_distance > 149,2013,0.798816568047337,Party_turnout,FALSE,2013,3225,כפר נטר,KEFAR NETTER,1,יהודי,1110,550,570,350,50,70,530,110,1.9237789222947,576.989376032866,0.0990990990990991,63
316,כפר נטר,כפרנטר,82.35930663742346,1,227,5,temporal_distance > 149,2015,0.80952380952381,Party_turnout,TRUE,2015,3222,כפר נטר,KEFAR NETTER,1,יהודי,1160,570,590,360,70,80,520,120,1.9237789222947,602.979888466779,0.103448275862069,63
316,כפר נטר,כפרנטר,82.35930663742346,1,227,5,temporal_distance > 149,2019,0.821428571428571,Party_turnout,TRUE,2019,3231,כפר נטר,KEFAR NETTER,1,יהודי,1193,576,617,360,92,92,511,138,1.9237789222947,620.133626673162,0.115674769488684,NA
316,כפר נטר,כפרנטר,82.35930663742346,1,227,5,temporal_distance > 149,2019,0.781842818428184,Party_turnout,TRUE,2019.2,3231,כפר נטר,KEFAR NETTER,1,יהודי,1193,576,617,360,92,92,511,138,1.9237789222947,620.133626673162,0.115674769488684,NA
316,כפר נטר,כפרנטר,82.35930663742346,1,227,5,temporal_distance > 149,2020,0.790502793296089,Party_turnout,TRUE,2020,3228,כפר נטר,KEFAR NETTER,1,יהודי,1157,564,595,349,93,89,485,141,1.9237789222947,601.420457720744,0.121866897147796,NA
316,כפר נטר,כפרנטר,82.35930663742346,1,227,5,temporal_distance > 149,2021,0.78909612625538,Party_turnout,TRUE,2021,3232,כפר נטר,KEFAR NETTER,1,יהודי,1159,569,590,340,103,94,485,136,1.9237789222947,602.460078218101,0.117342536669543,NA
316,כפר נטר,כפרנטר,82.35930663742346,1,227,5,temporal_distance > 149,2022,0.770538243626062,Party_turnout,TRUE,2022,3233,כפר נטר,KEFAR NETTER,1,יהודי,1143,561,582,319,112,97,473,142,1.9237789222947,594.143114239249,0.124234470691164,NA
317,בית אורן,ביתאורן,134.95993941389716,1,232,1,temporal_distance > 149,2006,0.784981343283582,Party_turnout,FALSE,2006,3244,בית אורן,BET OREN,1,NA,320,NA,NA,NA,NA,NA,NA,NA,0.202733342761514,1578.42807523,NA,28.75
317,בית אורן,ביתאורן,134.95993941389716,1,232,1,temporal_distance > 149,2009,0.585820895522388,Party_turnout,FALSE,2009,3237,בית אורן,BET OREN,1,NA,447,NA,NA,NA,NA,NA,NA,NA,0.202733342761514,2204.8667175869,NA,33
317,בית אורן,ביתאורן,134.95993941389716,1,232,1,temporal_distance > 149,2013,0.638059701492537,Party_turnout,FALSE,2013,3247,בית אורן,BET OREN,1,יהודי,440,230,210,100,20,70,210,40,0.202733342761514,2170.33860344125,0.0909090909090909,30.75
317,בית אורן,ביתאורן,134.95993941389716,1,232,1,temporal_distance > 149,2015,0.689285714285714,Party_turnout,TRUE,2015,3234,בית אורן,BET OREN,1,יהודי,450,230,220,110,20,70,220,40,0.202733342761514,2219.66448079218,0.0888888888888889,38.25
317,בית אורן,ביתאורן,134.95993941389716,1,232,1,temporal_distance > 149,2019,0.655629139072848,Party_turnout,TRUE,2019,3235,בית אורן,BET OREN,1,יהודי,507,262,245,140,17,54,258,39,0.202733342761514,2500.82198169253,0.0769230769230769,NA
317,בית אורן,ביתאורן,134.95993941389716,1,232,1,temporal_distance > 149,2019,0.667752442996743,Party_turnout,TRUE,2019.2,3235,בית אורן,BET OREN,1,יהודי,507,262,245,140,17,54,258,39,0.202733342761514,2500.82198169253,0.0769230769230769,NA
317,בית אורן,ביתאורן,134.95993941389716,1,232,1,temporal_distance > 149,2020,0.64797507788162,Party_turnout,TRUE,2020,3236,בית אורן,BET OREN,1,יהודי,540,275,261,157,15,54,276,38,0.202733342761514,2663.59737695062,0.0703703703703704,NA
317,בית אורן,ביתאורן,134.95993941389716,1,232,1,temporal_distance > 149,2021,0.662721893491124,Party_turnout,TRUE,2021,3245,בית אורן,BET OREN,1,יהודי,560,281,279,168,16,50,283,44,0.202733342761514,2762.2491316525,0.0785714285714286,NA
317,בית אורן,ביתאורן,134.95993941389716,1,232,1,temporal_distance > 149,2022,0.639664804469274,Party_turnout,TRUE,2022,3243,בית אורן,BET OREN,1,יהודי,594,299,295,187,22,45,296,44,0.202733342761514,2929.95711464568,0.0740740740740741,NA
326,בית יצחק-שער חפר,ביתיצחקשערחפר,88.97792187436126,0,NA,NA,no_red_alert,2006,0.777297659277989,Party_turnout,FALSE,2006,3342,בית יצחק-שער חפר,BET YIZHAQ-SH. HEFER,1,NA,1714,NA,NA,NA,NA,NA,NA,NA,5.80641957205294,295.190517793393,NA,61
326,בית יצחק-שער חפר,ביתיצחקשערחפר,88.97792187436126,0,NA,NA,no_red_alert,2009,0.779971791255289,Party_turnout,FALSE,2009,3345,בית יצחק-שער חפר,BET YIZHAQ-SH. HEFER,1,NA,1815,NA,NA,NA,NA,NA,NA,NA,5.80641957205294,312.585058223459,NA,59
326,בית יצחק-שער חפר,ביתיצחקשערחפר,88.97792187436126,0,NA,NA,no_red_alert,2013,0.793610223642172,Party_turnout,FALSE,2013,3340,בית יצחק-שער חפר,BET YIZHAQ-SH. HEFER,1,יהודי,2070,980,1080,550,120,220,890,290,5.80641957205294,356.501967230061,0.140096618357488,63
326,בית יצחק-שער חפר,ביתיצחקשערחפר,88.97792187436126,0,NA,NA,no_red_alert,2015,0.805813234384663,Party_turnout,TRUE,2015,3344,בית יצחק-שער חפר,BET YIZHAQ-SH. HEFER,1,יהודי,2110,1010,1100,550,130,210,900,330,5.80641957205294,363.390894133057,0.156398104265403,62.7142857142857
326,בית יצחק-שער חפר,ביתיצחקשערחפר,88.97792187436126,0,NA,NA,no_red_alert,2019,0.785980148883375,Party_turnout,TRUE,2019,3339,בית יצחק-שער חפר,BET YIZHAQ-SH. HEFER,1,יהודי,2131,1023,1109,553,147,197,856,378,5.80641957205294,367.00758075713,0.177381511027687,NA
326,בית יצחק-שער חפר,ביתיצחקשערחפר,88.97792187436126,0,NA,NA,no_red_alert,2019,0.767801857585139,Party_turnout,TRUE,2019.2,3339,בית יצחק-שער חפר,BET YIZHAQ-SH. HEFER,1,יהודי,2131,1023,1109,553,147,197,856,378,5.80641957205294,367.00758075713,0.177381511027687,NA
326,בית יצחק-שער חפר,ביתיצחקשערחפר,88.97792187436126,0,NA,NA,no_red_alert,2020,0.767627222562845,Party_turnout,TRUE,2020,3346,בית יצחק-שער חפר,BET YIZHAQ-SH. HEFER,1,יהודי,2136,1026,1112,544,152,196,858,386,5.80641957205294,367.868696620005,0.180711610486891,NA
326,בית יצחק-שער חפר,ביתיצחקשערחפר,88.97792187436126,0,NA,NA,no_red_alert,2021,0.778787878787879,Party_turnout,TRUE,2021,3343,בית יצחק-שער חפר,BET YIZHAQ-SH. HEFER,1,יהודי,2144,1024,1120,540,158,187,841,415,5.80641957205294,369.246482000604,0.193563432835821,NA
326,בית יצחק-שער חפר,ביתיצחקשערחפר,88.97792187436126,0,NA,NA,no_red_alert,2022,0.762967430639324,Party_turnout,TRUE,2022,3352,בית יצחק-שער חפר,BET YIZHAQ-SH. HEFER,1,יהודי,2138,1020,1118,512,175,190,841,418,5.80641957205294,368.213142965155,0.195509822263798,NA
327,שדות ים,שדותים,106.0926105347298,1,232,2,temporal_distance > 149,2006,0.874293859880682,Party_turnout,FALSE,2006,3361,שדות ים,SEDOT YAM,1,NA,682,NA,NA,NA,NA,NA,NA,NA,0.513668716827008,1327.70398052035,NA,61
327,שדות ים,שדותים,106.0926105347298,1,232,2,temporal_distance > 149,2009,0.755593803786575,Party_turnout,FALSE,2009,3364,שדות ים,SEDOT YAM,1,NA,773,NA,NA,NA,NA,NA,NA,NA,0.513668716827008,1504.8609632584,NA,57.75
327,שדות ים,שדותים,106.0926105347298,1,232,2,temporal_distance > 149,2013,0.782324058919804,Party_turnout,FALSE,2013,3356,שדות ים,SEDOT YAM,1,יהודי,880,430,440,240,40,120,370,120,0.513668716827008,1713.16642647787,0.136363636363636,63
327,שדות ים,שדותים,106.0926105347298,1,232,2,temporal_distance > 149,2015,0.813186813186813,Party_turnout,TRUE,2015,3368,שדות ים,SEDOT YAM,1,יהודי,970,500,470,270,50,120,400,130,0.513668716827008,1888.37662918584,0.134020618556701,61
327,שדות ים,שדותים,106.0926105347298,1,232,2,temporal_distance > 149,2019,0.831896551724138,Party_turnout,TRUE,2019,3363,שדות ים,SEDOT YAM,1,יהודי,1096,544,552,310,74,112,444,157,0.513668716827008,2133.67091297699,0.143248175182482,NA
327,שדות ים,שדותים,106.0926105347298,1,232,2,temporal_distance > 149,2019,0.826647564469914,Party_turnout,TRUE,2019.2,3363,שדות ים,SEDOT YAM,1,יהודי,1096,544,552,310,74,112,444,157,0.513668716827008,2133.67091297699,0.143248175182482,NA
327,שדות ים,שדותים,106.0926105347298,1,232,2,temporal_distance > 149,2020,0.805322128851541,Party_turnout,TRUE,2020,3359,שדות ים,SEDOT YAM,1,יהודי,1108,550,557,319,74,111,443,161,0.513668716827008,2157.03227333805,0.145306859205776,NA
327,שדות ים,שדותים,106.0926105347298,1,232,2,temporal_distance > 149,2021,0.821329639889197,Party_turnout,TRUE,2021,3354,שדות ים,SEDOT YAM,1,יהודי,1127,559,568,326,67,114,458,163,0.513668716827008,2194.02109390973,0.144631765749778,NA
327,שדות ים,שדותים,106.0926105347298,1,232,2,temporal_distance > 149,2022,0.805073431241656,Party_turnout,TRUE,2022,3360,שדות ים,SEDOT YAM,1,יהודי,1162,578,584,338,68,133,461,160,0.513668716827008,2262.15839496283,0.137693631669535,NA
335,רמת השופט,רמתהשופט,125.94198279137724,0,NA,NA,no_red_alert,2006,0.83753094851874,Party_turnout,FALSE,2006,3455,רמת השופט,RAMAT HASHOFET,1,NA,578,NA,NA,NA,NA,NA,NA,NA,0.539892359975494,1070.58377345113,NA,45
335,רמת השופט,רמתהשופט,125.94198279137724,0,NA,NA,no_red_alert,2009,0.659420289855073,Party_turnout,FALSE,2009,3452,רמת השופט,RAMAT HASHOFET,1,NA,726,NA,NA,NA,NA,NA,NA,NA,0.539892359975494,1344.71249052858,NA,44.2
335,רמת השופט,רמתהשופט,125.94198279137724,0,NA,NA,no_red_alert,2013,0.716393442622951,Party_turnout,FALSE,2013,3456,רמת השופט,RAMAT HASHOFET,1,יהודי,1000,500,510,310,40,110,420,120,0.539892359975494,1852.22106133413,0.12,55
335,רמת השופט,רמתהשופט,125.94198279137724,0,NA,NA,no_red_alert,2015,0.716981132075472,Party_turnout,TRUE,2015,3445,רמת השופט,RAMAT HASHOFET,1,יהודי,1020,510,520,320,40,110,430,130,0.539892359975494,1889.26548256082,0.127450980392157,51
335,רמת השופט,רמתהשופט,125.94198279137724,0,NA,NA,no_red_alert,2019,0.717270194986072,Party_turnout,TRUE,2019,3444,רמת השופט,RAMAT HASHOFET,1,יהודי,1101,552,549,331,106,88,432,144,0.539892359975494,2039.29538852888,0.130790190735695,NA
335,רמת השופט,רמתהשופט,125.94198279137724,0,NA,NA,no_red_alert,2019,0.70873786407767,Party_turnout,TRUE,2019.2,3444,רמת השופט,RAMAT HASHOFET,1,יהודי,1101,552,549,331,106,88,432,144,0.539892359975494,2039.29538852888,0.130790190735695,NA
335,רמת השופט,רמתהשופט,125.94198279137724,0,NA,NA,no_red_alert,2020,0.709413369713506,Party_turnout,TRUE,2020,3457,רמת השופט,RAMAT HASHOFET,1,יהודי,1124,563,563,323,126,81,438,156,0.539892359975494,2081.89647293957,0.138790035587189,NA
335,רמת השופט,רמתהשופט,125.94198279137724,0,NA,NA,no_red_alert,2021,0.706594885598923,Party_turnout,TRUE,2021,3449,רמת השופט,RAMAT HASHOFET,1,יהודי,1166,579,587,330,119,93,455,169,0.539892359975494,2159.6897575156,0.144939965694683,NA
335,רמת השופט,רמתהשופט,125.94198279137724,0,NA,NA,no_red_alert,2022,0.676178660049628,Party_turnout,TRUE,2022,3446,רמת השופט,RAMAT HASHOFET,1,יהודי,1186,589,598,321,135,96,462,172,0.539892359975494,2196.73417874228,0.145025295109612,NA
339,רמת צבי,רמתצבי,139.5667432670901,1,6,1,temporal_distance == 6,2006,0.802673607003431,Party_turnout,FALSE,2006,3502,רמת צבי,RAMAT ZEVI,1,NA,428,NA,NA,NA,NA,NA,NA,NA,2.05379323650456,208.394882402296,NA,23.6666666666667
339,רמת צבי,רמתצבי,139.5667432670901,1,6,1,temporal_distance == 6,2009,0.734104046242775,Party_turnout,FALSE,2009,3501,רמת צבי,RAMAT ZEVI,1,NA,492,NA,NA,NA,NA,NA,NA,NA,2.05379323650456,239.556733976471,NA,23
339,רמת צבי,רמתצבי,139.5667432670901,1,6,1,temporal_distance == 6,2013,0.798449612403101,Party_turnout,FALSE,2013,3495,רמת צבי,RAMAT ZEVI,1,יהודי,590,300,290,170,30,70,250,60,2.05379323650456,287.273319199427,0.101694915254237,26
339,רמת צבי,רמתצבי,139.5667432670901,1,6,1,temporal_distance == 6,2015,0.832911392405063,Party_turnout,TRUE,2015,3490,רמת צבי,RAMAT ZEVI,1,יהודי,590,300,290,180,40,60,240,80,2.05379323650456,287.273319199427,0.135593220338983,27.3333333333333
339,רמת צבי,רמתצבי,139.5667432670901,1,6,1,temporal_distance == 6,2019,0.838202247191011,Party_turnout,TRUE,2019,3493,רמת צבי,RAMAT ZEVI,1,יהודי,710,363,348,239,53,58,268,92,2.05379323650456,345.701790901006,0.129577464788732,NA
339,רמת צבי,רמתצבי,139.5667432670901,1,6,1,temporal_distance == 6,2019,0.836322869955157,Party_turnout,TRUE,2019.2,3493,רמת צבי,RAMAT ZEVI,1,יהודי,710,363,348,239,53,58,268,92,2.05379323650456,345.701790901006,0.129577464788732,NA
339,רמת צבי,רמתצבי,139.5667432670901,1,6,1,temporal_distance == 6,2020,0.795964125560538,Party_turnout,TRUE,2020,3500,רמת צבי,RAMAT ZEVI,1,יהודי,747,380,370,252,45,69,283,0,2.05379323650456,363.717236342326,0,NA
339,רמת צבי,רמתצבי,139.5667432670901,1,6,1,temporal_distance == 6,2021,0.837606837606838,Party_turnout,TRUE,2021,3492,רמת צבי,RAMAT ZEVI,1,יהודי,765,390,375,263,50,61,291,0,2.05379323650456,372.481507097562,0,NA
339,רמת צבי,רמתצבי,139.5667432670901,1,6,1,temporal_distance == 6,2022,0.790983606557377,Party_turnout,TRUE,2022,3488,רמת צבי,RAMAT ZEVI,1,יהודי,768,392,376,259,55,63,290,100,2.05379323650456,373.942218890102,0.130208333333333,NA
343,חמדיה,חמדיה,140.5171363818557,1,6,1,temporal_distance == 6,2006,0.800010646792654,Party_turnout,FALSE,2006,3538,חמדיה,HAMADYA,1,NA,325,NA,NA,NA,NA,NA,NA,NA,0.368079306051242,882.961890703943,NA,39
343,חמדיה,חמדיה,140.5171363818557,1,6,1,temporal_distance == 6,2009,0.678200692041522,Party_turnout,FALSE,2009,3543,חמדיה,HAMADYA,1,NA,363,NA,NA,NA,NA,NA,NA,NA,0.368079306051242,986.200511770866,NA,29
343,חמדיה,חמדיה,140.5171363818557,1,6,1,temporal_distance == 6,2013,0.718032786885246,Party_turnout,FALSE,2013,3547,חמדיה,HAMADYA,1,יהודי,380,190,190,90,20,40,150,80,0.368079306051242,1032.38621066923,0.210526315789474,45
343,חמדיה,חמדיה,140.5171363818557,1,6,1,temporal_distance == 6,2015,0.720634920634921,Party_turnout,TRUE,2015,3545,חמדיה,HAMADYA,1,יהודי,400,190,210,100,20,40,160,90,0.368079306051242,1086.72232702024,0.225,44
343,חמדיה,חמדיה,140.5171363818557,1,6,1,temporal_distance == 6,2019,0.708474576271186,Party_turnout,TRUE,2019,3544,חמדיה,HAMADYA,1,יהודי,381,189,192,100,17,36,140,89,0.368079306051242,1035.10301648678,0.233595800524934,NA
343,חמדיה,חמדיה,140.5171363818557,1,6,1,temporal_distance == 6,2019,0.733333333333333,Party_turnout,TRUE,2019.2,3544,חמדיה,HAMADYA,1,יהודי,381,189,192,100,17,36,140,89,0.368079306051242,1035.10301648678,0.233595800524934,NA
343,חמדיה,חמדיה,140.5171363818557,1,6,1,temporal_distance == 6,2020,0.690553745928339,Party_turnout,TRUE,2020,3539,חמדיה,HAMADYA,1,יהודי,403,198,207,108,21,35,152,87,0.368079306051242,1094.87274447289,0.215880893300248,NA
343,חמדיה,חמדיה,140.5171363818557,1,6,1,temporal_distance == 6,2021,0.697160883280757,Party_turnout,TRUE,2021,3536,חמדיה,HAMADYA,1,יהודי,421,203,218,113,23,38,160,86,0.368079306051242,1143.7752491888,0.204275534441805,NA
343,חמדיה,חמדיה,140.5171363818557,1,6,1,temporal_distance == 6,2022,0.68955223880597,Party_turnout,TRUE,2022,3537,חמדיה,HAMADYA,1,יהודי,439,217,222,127,22,37,170,82,0.368079306051242,1192.67775390471,0.186788154897494,NA
344,מענית,מענית,107.82468648445656,0,NA,NA,no_red_alert,2006,0.903663676645412,Party_turnout,FALSE,2006,3551,מענית,MA'ANIT,1,NA,475,NA,NA,NA,NA,NA,NA,NA,0.41270272624106,1150.94950868474,NA,61
344,מענית,מענית,107.82468648445656,0,NA,NA,no_red_alert,2009,0.753303964757709,Party_turnout,FALSE,2009,3550,מענית,MA'ANIT,1,NA,618,NA,NA,NA,NA,NA,NA,NA,0.41270272624106,1497.44588708877,NA,59
344,מענית,מענית,107.82468648445656,0,NA,NA,no_red_alert,2013,0.817248459958932,Party_turnout,FALSE,2013,3557,מענית,MA'ANIT,1,יהודי,670,320,350,180,30,80,300,80,0.41270272624106,1623.44457014479,0.119402985074627,62
344,מענית,מענית,107.82468648445656,0,NA,NA,no_red_alert,2015,0.845360824742268,Party_turnout,TRUE,2015,3562,מענית,MA'ANIT,1,יהודי,680,330,340,180,30,80,300,90,0.41270272624106,1647.6750861171,0.132352941176471,60
344,מענית,מענית,107.82468648445656,0,NA,NA,no_red_alert,2019,0.825602968460111,Party_turnout,TRUE,2019,3556,מענית,MA'ANIT,1,יהודי,812,387,425,249,39,66,351,107,0.41270272624106,1967.51789695159,0.131773399014778,NA
344,מענית,מענית,107.82468648445656,0,NA,NA,no_red_alert,2019,0.81021897810219,Party_turnout,TRUE,2019.2,3556,מענית,MA'ANIT,1,יהודי,812,387,425,249,39,66,351,107,0.41270272624106,1967.51789695159,0.131773399014778,NA
344,מענית,מענית,107.82468648445656,0,NA,NA,no_red_alert,2020,0.809782608695652,Party_turnout,TRUE,2020,3549,מענית,MA'ANIT,1,יהודי,833,398,437,255,47,65,356,110,0.41270272624106,2018.40198049344,0.132052821128451,NA
344,מענית,מענית,107.82468648445656,0,NA,NA,no_red_alert,2021,0.817051509769094,Party_turnout,TRUE,2021,3552,מענית,MA'ANIT,1,יהודי,874,415,458,272,50,64,371,117,0.41270272624106,2117.74709597992,0.133867276887872,NA
344,מענית,מענית,107.82468648445656,0,NA,NA,no_red_alert,2022,0.802721088435374,Party_turnout,TRUE,2022,3554,מענית,MA'ANIT,1,יהודי,883,421,462,266,58,61,375,123,0.41270272624106,2139.554560355,0.139297848244621,NA
353,בית זיד,ביתזיד,136.00013823361527,0,NA,NA,no_red_alert,2006,NA,Party_turnout,FALSE,2006,3667,בית זיד,BET ZEID,1,NA,220,NA,NA,NA,NA,NA,NA,NA,0.395349642082809,556.469455343327,NA,57
353,בית זיד,ביתזיד,136.00013823361527,0,NA,NA,no_red_alert,2009,NA,Party_turnout,FALSE,2009,3657,בית זיד,BET ZEID,1,NA,228,NA,NA,NA,NA,NA,NA,NA,0.395349642082809,576.704708264903,NA,57.25
353,בית זיד,ביתזיד,136.00013823361527,0,NA,NA,no_red_alert,2013,0.481481481481481,Party_turnout,FALSE,2013,3654,בית זיד,BET ZEID,1,יהודי,50,30,20,10,0,0,30,0,0.395349642082809,126.470330759847,0,61
353,בית זיד,ביתזיד,136.00013823361527,0,NA,NA,no_red_alert,2015,0.62962962962963,Party_turnout,TRUE,2015,3660,בית זיד,BET ZEID,1,יהודי,70,40,30,20,0,10,40,10,0.395349642082809,177.058463063786,0.142857142857143,56
353,בית זיד,ביתזיד,136.00013823361527,0,NA,NA,no_red_alert,2019,0.619469026548673,Party_turnout,TRUE,2019,3664,בית זיד,BET ZEID,1,יהודי,83,48,35,23,0,0,0,0,0.395349642082809,209.940749061346,0,NA
353,בית זיד,ביתזיד,136.00013823361527,0,NA,NA,no_red_alert,2019,0.649122807017544,Party_turnout,TRUE,2019.2,3664,בית זיד,BET ZEID,1,יהודי,83,48,35,23,0,0,0,0,0.395349642082809,209.940749061346,0,NA
353,בית זיד,ביתזיד,136.00013823361527,0,NA,NA,no_red_alert,2020,0.654867256637168,Party_turnout,TRUE,2020,3659,בית זיד,BET ZEID,1,יהודי,79,44,15,22,0,0,0,0,0.395349642082809,199.823122600558,0,NA
353,בית זיד,ביתזיד,136.00013823361527,0,NA,NA,no_red_alert,2021,0.571428571428571,Party_turnout,TRUE,2021,3662,בית זיד,BET ZEID,1,יהודי,76,43,33,18,0,0,41,0,0.395349642082809,192.234902754968,0,NA
353,בית זיד,ביתזיד,136.00013823361527,0,NA,NA,no_red_alert,2022,0.638888888888889,Party_turnout,TRUE,2022,3665,בית זיד,BET ZEID,1,יהודי,74,41,33,0,5,0,0,0,0.395349642082809,187.176089524574,0,NA
355,חורשים,חורשים,75.01617283379231,1,227,3,temporal_distance > 149,2006,0.682837342030167,Party_turnout,FALSE,2006,3695,חורשים,HORESHIM,1,NA,223,NA,NA,NA,NA,NA,NA,NA,0.301220975375873,740.320290516734,NA,61
355,חורשים,חורשים,75.01617283379231,1,227,3,temporal_distance > 149,2009,0.636,Party_turnout,FALSE,2009,3690,חורשים,HORESHIM,1,NA,286,NA,NA,NA,NA,NA,NA,NA,0.301220975375873,949.469072142538,NA,59
355,חורשים,חורשים,75.01617283379231,1,227,3,temporal_distance > 149,2013,0.647727272727273,Party_turnout,FALSE,2013,3696,חורשים,HORESHIM,1,יהודי,300,140,160,70,20,50,130,40,0.301220975375873,995.946579170494,0.133333333333333,63
355,חורשים,חורשים,75.01617283379231,1,227,3,temporal_distance > 149,2015,0.673992673992674,Party_turnout,TRUE,2015,3693,חורשים,HORESHIM,1,יהודי,310,150,160,70,20,50,130,40,0.301220975375873,1029.14479847618,0.129032258064516,61.75
355,חורשים,חורשים,75.01617283379231,1,227,3,temporal_distance > 149,2019,0.678200692041522,Party_turnout,TRUE,2019,3697,חורשים,HORESHIM,1,יהודי,335,162,173,77,20,41,139,57,0.301220975375873,1112.14034674039,0.170149253731343,NA
355,חורשים,חורשים,75.01617283379231,1,227,3,temporal_distance > 149,2019,0.673469387755102,Party_turnout,TRUE,2019.2,3697,חורשים,HORESHIM,1,יהודי,335,162,173,77,20,41,139,57,0.301220975375873,1112.14034674039,0.170149253731343,NA
355,חורשים,חורשים,75.01617283379231,1,227,3,temporal_distance > 149,2020,0.662162162162162,Party_turnout,TRUE,2020,3687,חורשים,HORESHIM,1,יהודי,338,165,173,76,20,42,144,0,0.301220975375873,1122.09981253209,0,NA
355,חורשים,חורשים,75.01617283379231,1,227,3,temporal_distance > 149,2021,0.667785234899329,Party_turnout,TRUE,2021,3694,חורשים,HORESHIM,1,יהודי,351,172,179,85,20,39,142,0,0.301220975375873,1165.25749762948,0,NA
355,חורשים,חורשים,75.01617283379231,1,227,3,temporal_distance > 149,2022,0.677524429967427,Party_turnout,TRUE,2022,3689,חורשים,HORESHIM,1,יהודי,350,172,178,81,21,30,153,63,0.301220975375873,1161.93767569891,0.18,NA
360,"גבעת ניל""י",גבעתנילי,117.37125316681716,1,232,4,temporal_distance > 149,2006,0.764852684118527,Party_turnout,FALSE,2006,3759,"גבעת ניל""י",GIV'AT NILI,1,NA,461,NA,NA,NA,NA,NA,NA,NA,0.706490558206601,652.52110540618,NA,40.4
360,"גבעת ניל""י",גבעתנילי,117.37125316681716,1,232,4,temporal_distance > 149,2009,0.73374613003096,Party_turnout,FALSE,2009,3769,"גבעת ניל""י",GIV'AT NILI,1,NA,567,NA,NA,NA,NA,NA,NA,NA,0.706490558206601,802.558496237102,NA,30.5
360,"גבעת ניל""י",גבעתנילי,117.37125316681716,1,232,4,temporal_distance > 149,2013,0.79155672823219,Party_turnout,FALSE,2013,3768,"גבעת ניל""י",GIV'AT NILI,1,יהודי,690,350,350,230,50,60,330,30,0.706490558206601,976.658487484303,0.0434782608695652,38.2
360,"גבעת ניל""י",גבעתנילי,117.37125316681716,1,232,4,temporal_distance > 149,2015,0.808252427184466,Party_turnout,TRUE,2015,3767,"גבעת ניל""י",GIV'AT NILI,1,יהודי,730,360,370,240,60,60,330,40,0.706490558206601,1033.27637081673,0.0547945205479452,33.4
360,"גבעת ניל""י",גבעתנילי,117.37125316681716,1,232,4,temporal_distance > 149,2019,0.835648148148148,Party_turnout,TRUE,2019,3758,"גבעת ניל""י",GIV'AT NILI,1,יהודי,730,375,355,211,60,67,327,64,0.706490558206601,1033.27637081673,0.0876712328767123,NA
360,"גבעת ניל""י",גבעתנילי,117.37125316681716,1,232,4,temporal_distance > 149,2019,0.763341067285383,Party_turnout,TRUE,2019.2,3758,"גבעת ניל""י",GIV'AT NILI,1,יהודי,730,375,355,211,60,67,327,64,0.706490558206601,1033.27637081673,0.0876712328767123,NA
360,"גבעת ניל""י",גבעתנילי,117.37125316681716,1,232,4,temporal_distance > 149,2020,0.776765375854214,Party_turnout,TRUE,2020,3764,"גבעת ניל""י",GIV'AT NILI,1,יהודי,713,366,342,188,58,82,315,70,0.706490558206601,1009.21377040045,0.0981767180925666,NA
360,"גבעת ניל""י",גבעתנילי,117.37125316681716,1,232,4,temporal_distance > 149,2021,0.768018018018018,Party_turnout,TRUE,2021,3771,"גבעת ניל""י",GIV'AT NILI,1,יהודי,715,365,350,181,67,82,315,71,0.706490558206601,1012.04466456707,0.0993006993006993,NA
360,"גבעת ניל""י",גבעתנילי,117.37125316681716,1,232,4,temporal_distance > 149,2022,0.76457399103139,Party_turnout,TRUE,2022,3765,"גבעת ניל""י",GIV'AT NILI,1,יהודי,704,363,341,170,67,80,312,74,0.706490558206601,996.474746650652,0.105113636363636,NA
367,עין העמק,עיןהעמק,127.19673424490702,1,6,3,temporal_distance == 6,2006,0.551779563719862,Party_turnout,FALSE,2006,3862,עין העמק,EN HAEMEQ,1,NA,670,NA,NA,NA,NA,NA,NA,NA,0.644169054659418,1040.09963712746,NA,53
367,עין העמק,עיןהעמק,127.19673424490702,1,6,3,temporal_distance == 6,2009,0.67151767151767106,Party_turnout,FALSE,2009,3855,עין העמק,EN HAEMEQ,1,NA,682,NA,NA,NA,NA,NA,NA,NA,0.644169054659418,1058.72828734467,NA,54
367,עין העמק,עיןהעמק,127.19673424490702,1,6,3,temporal_distance == 6,2013,0.667307692307692,Party_turnout,FALSE,2013,3854,עין העמק,EN HAEMEQ,1,יהודי,720,360,350,180,50,90,330,70,0.644169054659418,1117.71901303249,0.0972222222222222,58.5
367,עין העמק,עיןהעמק,127.19673424490702,1,6,3,temporal_distance == 6,2015,0.757685352622061,Party_turnout,TRUE,2015,3857,עין העמק,EN HAEMEQ,1,יהודי,750,380,370,190,50,100,340,70,0.644169054659418,1164.29063857552,0.0933333333333333,58
367,עין העמק,עיןהעמק,127.19673424490702,1,6,3,temporal_distance == 6,2019,0.801056338028169,Party_turnout,TRUE,2019,3856,עין העמק,EN HAEMEQ,1,יהודי,803,410,393,205,66,94,341,0,0.644169054659418,1246.56717703485,0,NA
367,עין העמק,עיןהעמק,127.19673424490702,1,6,3,temporal_distance == 6,2019,0.798290598290598,Party_turnout,TRUE,2019.2,3856,עין העמק,EN HAEMEQ,1,יהודי,803,410,393,205,66,94,341,0,0.644169054659418,1246.56717703485,0,NA
367,עין העמק,עיןהעמק,127.19673424490702,1,6,3,temporal_distance == 6,2020,0.801694915254237,Party_turnout,TRUE,2020,3850,עין העמק,EN HAEMEQ,1,יהודי,820,414,406,201,70,97,348,104,0.644169054659418,1272.95776484256,0.126829268292683,NA
367,עין העמק,עיןהעמק,127.19673424490702,1,6,3,temporal_distance == 6,2021,0.764510779436153,Party_turnout,TRUE,2021,3860,עין העמק,EN HAEMEQ,1,יהודי,829,411,418,207,59,100,357,108,0.644169054659418,1286.92925250547,0.130277442702051,NA
367,עין העמק,עיןהעמק,127.19673424490702,1,6,3,temporal_distance == 6,2022,0.792663476874003,Party_turnout,TRUE,2022,3853,עין העמק,EN HAEMEQ,1,יהודי,847,425,422,211,52,107,364,113,0.644169054659418,1314.87222783128,0.133412042502952,NA
369,גלעד (אבן יצחק),גלעדאבןיצחק,119.9001400317119,1,6,3,temporal_distance == 6,2006,0.758620689655172,Party_turnout,FALSE,2006,3890,גלעד (אבן יצחק),GAL'ED (EVEN YIZHAQ),1,NA,405,NA,NA,NA,NA,NA,NA,NA,0.323093716888242,1253.50627025684,NA,30
369,גלעד (אבן יצחק),גלעדאבןיצחק,119.9001400317119,1,6,3,temporal_distance == 6,2009,0.701754385964912,Party_turnout,FALSE,2009,3881,גלעד (אבן יצחק),GAL'ED (EVEN YIZHAQ),1,NA,408,NA,NA,NA,NA,NA,NA,NA,0.323093716888242,1262.79150188837,NA,22.75
369,גלעד (אבן יצחק),גלעדאבןיצחק,119.9001400317119,1,6,3,temporal_distance == 6,2013,0.698275862068966,Party_turnout,FALSE,2013,3880,גלעד (אבן יצחק),GAL'ED (EVEN YIZHAQ),1,יהודי,440,220,220,110,20,50,190,60,0.323093716888242,1361.83397262472,0.136363636363636,26
369,גלעד (אבן יצחק),גלעדאבןיצחק,119.9001400317119,1,6,3,temporal_distance == 6,2015,0.759776536312849,Party_turnout,TRUE,2015,3882,גלעד (אבן יצחק),GAL'ED (EVEN YIZHAQ),1,יהודי,460,240,230,130,20,50,200,70,0.323093716888242,1423.73551683493,0.152173913043478,25
369,גלעד (אבן יצחק),גלעדאבןיצחק,119.9001400317119,1,6,3,temporal_distance == 6,2019,0.752659574468085,Party_turnout,TRUE,2019,3883,גלעד (אבן יצחק),GAL'ED (EVEN YIZHAQ),1,יהודי,492,254,239,155,23,47,194,0,0.323093716888242,1522.77798757127,0,NA
369,גלעד (אבן יצחק),גלעדאבןיצחק,119.9001400317119,1,6,3,temporal_distance == 6,2019,0.740540540540541,Party_turnout,TRUE,2019.2,3883,גלעד (אבן יצחק),GAL'ED (EVEN YIZHAQ),1,יהודי,492,254,239,155,23,47,194,0,0.323093716888242,1522.77798757127,0,NA
369,גלעד (אבן יצחק),גלעדאבןיצחק,119.9001400317119,1,6,3,temporal_distance == 6,2020,0.769647696476965,Party_turnout,TRUE,2020,3878,גלעד (אבן יצחק),GAL'ED (EVEN YIZHAQ),1,יהודי,499,258,237,161,23,43,196,0,0.323093716888242,1544.44352804485,0,NA
369,גלעד (אבן יצחק),גלעדאבןיצחק,119.9001400317119,1,6,3,temporal_distance == 6,2021,0.795640326975477,Party_turnout,TRUE,2021,3892,גלעד (אבן יצחק),GAL'ED (EVEN YIZHAQ),1,יהודי,497,253,244,159,29,40,189,0,0.323093716888242,1538.25337362383,0,NA
369,גלעד (אבן יצחק),גלעדאבןיצחק,119.9001400317119,1,6,3,temporal_distance == 6,2022,0.777173913043478,Party_turnout,TRUE,2022,3879,גלעד (אבן יצחק),GAL'ED (EVEN YIZHAQ),1,יהודי,491,248,243,156,28,41,184,0,0.323093716888242,1519.68291036076,0,NA
373,בית הלוי,ביתהלוי,93.20148537126292,0,NA,NA,no_red_alert,2006,0.848019981230649,Party_turnout,FALSE,2006,3945,בית הלוי,BET HALEWI,1,NA,571,NA,NA,NA,NA,NA,NA,NA,1.14342267893483,499.377885815525,NA,58.5
373,בית הלוי,ביתהלוי,93.20148537126292,0,NA,NA,no_red_alert,2009,0.76905311778291,Party_turnout,FALSE,2009,3948,בית הלוי,BET HALEWI,1,NA,708,NA,NA,NA,NA,NA,NA,NA,1.14342267893483,619.193595722227,NA,54
373,בית הלוי,ביתהלוי,93.20148537126292,0,NA,NA,no_red_alert,2013,0.820675105485232,Party_turnout,FALSE,2013,3937,בית הלוי,BET HALEWI,1,יהודי,760,370,380,210,40,80,340,80,1.14342267893483,664.671091453239,0.105263157894737,61
373,בית הלוי,ביתהלוי,93.20148537126292,0,NA,NA,no_red_alert,2015,0.818713450292398,Party_turnout,TRUE,2015,3938,בית הלוי,BET HALEWI,1,יהודי,810,400,420,240,40,80,360,90,1.14342267893483,708.399452733057,0.111111111111111,58.5
373,בית הלוי,ביתהלוי,93.20148537126292,0,NA,NA,no_red_alert,2019,0.813102119460501,Party_turnout,TRUE,2019,3947,בית הלוי,BET HALEWI,1,יהודי,828,417,411,231,60,70,351,115,1.14342267893483,724.141662793791,0.138888888888889,NA
373,בית הלוי,ביתהלוי,93.20148537126292,0,NA,NA,no_red_alert,2019,0.803001876172608,Party_turnout,TRUE,2019.2,3947,בית הלוי,BET HALEWI,1,יהודי,828,417,411,231,60,70,351,115,1.14342267893483,724.141662793791,0.138888888888889,NA
373,בית הלוי,ביתהלוי,93.20148537126292,0,NA,NA,no_red_alert,2020,0.79182156133829,Party_turnout,TRUE,2020,3942,בית הלוי,BET HALEWI,1,יהודי,828,416,412,229,58,69,350,122,1.14342267893483,724.141662793791,0.147342995169082,NA
373,בית הלוי,ביתהלוי,93.20148537126292,0,NA,NA,no_red_alert,2021,0.776536312849162,Party_turnout,TRUE,2021,3943,בית הלוי,BET HALEWI,1,יהודי,840,423,417,238,55,70,349,130,1.14342267893483,734.636469500948,0.154761904761905,NA
373,בית הלוי,ביתהלוי,93.20148537126292,0,NA,NA,no_red_alert,2022,0.764705882352941,Party_turnout,TRUE,2022,3950,בית הלוי,BET HALEWI,1,יהודי,834,427,406,228,57,68,340,140,1.14342267893483,729.38906614737,0.167865707434053,NA
375,מגל,מגל,101.32368351375628,0,NA,NA,no_red_alert,2006,0.96206167292147,Party_turnout,FALSE,2006,3971,מגל,MAGGAL,1,NA,522,NA,NA,NA,NA,NA,NA,NA,0.400784385710058,1302.4459500217,NA,58
375,מגל,מגל,101.32368351375628,0,NA,NA,no_red_alert,2009,0.808,Party_turnout,FALSE,2009,3980,מגל,MAGGAL,1,NA,696,NA,NA,NA,NA,NA,NA,NA,0.400784385710058,1736.59460002893,NA,58.25
375,מגל,מגל,101.32368351375628,0,NA,NA,no_red_alert,2013,0.838945827232797,Party_turnout,FALSE,2013,3972,מגל,MAGGAL,1,יהודי,1000,500,510,370,40,70,450,80,0.400784385710058,2495.10718394962,0.08,62
375,מגל,מגל,101.32368351375628,0,NA,NA,no_red_alert,2015,0.836820083682008,Party_turnout,TRUE,2015,3967,מגל,MAGGAL,1,יהודי,1060,520,540,380,60,60,460,90,0.400784385710058,2644.81361498659,0.0849056603773585,60
375,מגל,מגל,101.32368351375628,0,NA,NA,no_red_alert,2019,0.816708229426434,Party_turnout,TRUE,2019,3975,מגל,MAGGAL,1,יהודי,1139,576,563,360,112,76,467,123,0.400784385710058,2841.92708251861,0.107989464442493,NA
375,מגל,מגל,101.32368351375628,0,NA,NA,no_red_alert,2019,0.8025,Party_turnout,TRUE,2019.2,3975,מגל,MAGGAL,1,יהודי,1139,576,563,360,112,76,467,123,0.400784385710058,2841.92708251861,0.107989464442493,NA
375,מגל,מגל,101.32368351375628,0,NA,NA,no_red_alert,2020,0.776951672862453,Party_turnout,TRUE,2020,3976,מגל,MAGGAL,1,יהודי,1150,576,571,348,118,82,475,127,0.400784385710058,2869.37326154206,0.110434782608696,NA
375,מגל,מגל,101.32368351375628,0,NA,NA,no_red_alert,2021,0.820265379975875,Party_turnout,TRUE,2021,3979,מגל,MAGGAL,1,יהודי,1178,590,587,336,129,99,481,131,0.400784385710058,2939.23626269265,0.111205432937182,NA
375,מגל,מגל,101.32368351375628,0,NA,NA,no_red_alert,2022,0.774886877828054,Party_turnout,TRUE,2022,3981,מגל,MAGGAL,1,יהודי,1219,614,606,328,141,120,497,133,0.400784385710058,3041.53565723458,0.109105824446267,NA
377,המעפיל,המעפיל,98.21783842975825,0,NA,NA,no_red_alert,2006,0.81534092920824,Party_turnout,FALSE,2006,4001,המעפיל,HAMA'PIL,1,NA,499,NA,NA,NA,NA,NA,NA,NA,0.382445425766545,1304.76132378847,NA,47
377,המעפיל,המעפיל,98.21783842975825,0,NA,NA,no_red_alert,2009,0.709534368070953,Party_turnout,FALSE,2009,4000,המעפיל,HAMA'PIL,1,NA,542,NA,NA,NA,NA,NA,NA,NA,0.382445425766545,1417.19566631934,NA,45
377,המעפיל,המעפיל,98.21783842975825,0,NA,NA,no_red_alert,2013,0.784452296819788,Party_turnout,FALSE,2013,3997,המעפיל,HAMA'PIL,1,יהודי,760,360,400,240,30,70,340,80,0.382445425766545,1987.21163542933,0.105263157894737,54
377,המעפיל,המעפיל,98.21783842975825,0,NA,NA,no_red_alert,2015,0.770577933450088,Party_turnout,TRUE,2015,4011,המעפיל,HAMA'PIL,1,יהודי,810,390,420,260,50,50,350,100,0.382445425766545,2117.94924302336,0.123456790123457,50
377,המעפיל,המעפיל,98.21783842975825,0,NA,NA,no_red_alert,2019,0.773162939297125,Party_turnout,TRUE,2019,4010,המעפיל,HAMA'PIL,1,יהודי,869,423,446,270,73,66,347,111,0.382445425766545,2272.21961998432,0.127733026467204,NA
377,המעפיל,המעפיל,98.21783842975825,0,NA,NA,no_red_alert,2019,0.750793650793651,Party_turnout,TRUE,2019.2,4010,המעפיל,HAMA'PIL,1,יהודי,869,423,446,270,73,66,347,111,0.382445425766545,2272.21961998432,0.127733026467204,NA
377,המעפיל,המעפיל,98.21783842975825,0,NA,NA,no_red_alert,2020,0.77672955974842794,Party_turnout,TRUE,2020,4002,המעפיל,HAMA'PIL,1,יהודי,856,427,435,258,78,77,339,104,0.382445425766545,2238.22784200987,0.121495327102804,NA
377,המעפיל,המעפיל,98.21783842975825,0,NA,NA,no_red_alert,2021,0.74414976599064,Party_turnout,TRUE,2021,4007,המעפיל,HAMA'PIL,1,יהודי,871,432,439,252,86,85,341,106,0.382445425766545,2277.44912428808,0.121699196326062,NA
377,המעפיל,המעפיל,98.21783842975825,0,NA,NA,no_red_alert,2022,0.741935483870968,Party_turnout,TRUE,2022,3998,המעפיל,HAMA'PIL,1,יהודי,870,430,440,236,103,84,342,105,0.382445425766545,2274.8343721362,0.120689655172414,NA
379,גאולים,גאולים,88.29408822462874,0,NA,NA,no_red_alert,2006,0.66496531397146,Party_turnout,FALSE,2006,4041,גאולים,GE'ULIM,1,NA,774,NA,NA,NA,NA,NA,NA,NA,1.10705744301315,699.150712444834,NA,61
379,גאולים,גאולים,88.29408822462874,0,NA,NA,no_red_alert,2009,0.708688245315162,Party_turnout,FALSE,2009,4040,גאולים,GE'ULIM,1,NA,812,NA,NA,NA,NA,NA,NA,NA,1.10705744301315,733.475941221195,NA,59
379,גאולים,גאולים,88.29408822462874,0,NA,NA,no_red_alert,2013,0.697674418604651,Party_turnout,FALSE,2013,4032,גאולים,GE'ULIM,1,יהודי,910,440,470,240,60,110,390,100,1.10705744301315,821.998899644443,0.10989010989011,63
379,גאולים,גאולים,88.29408822462874,0,NA,NA,no_red_alert,2015,0.816074188562597,Party_turnout,TRUE,2015,4039,גאולים,GE'ULIM,1,יהודי,900,430,470,230,60,110,390,110,1.10705744301315,812.965944703295,0.122222222222222,61.5
379,גאולים,גאולים,88.29408822462874,0,NA,NA,no_red_alert,2019,0.781710914454277,Party_turnout,TRUE,2019,4030,גאולים,GE'ULIM,1,יהודי,968,463,505,255,69,107,407,131,1.10705744301315,874.3900383031,0.135330578512397,NA
379,גאולים,גאולים,88.29408822462874,0,NA,NA,no_red_alert,2019,0.763425253991292,Party_turnout,TRUE,2019.2,4030,גאולים,GE'ULIM,1,יהודי,968,463,505,255,69,107,407,131,1.10705744301315,874.3900383031,0.135330578512397,NA
379,גאולים,גאולים,88.29408822462874,0,NA,NA,no_red_alert,2020,0.739507959479016,Party_turnout,TRUE,2020,4036,גאולים,GE'ULIM,1,יהודי,968,470,498,249,70,111,407,131,1.10705744301315,874.3900383031,0.135330578512397,NA
379,גאולים,גאולים,88.29408822462874,0,NA,NA,no_red_alert,2021,0.725714285714286,Party_turnout,TRUE,2021,4028,גאולים,GE'ULIM,1,יהודי,986,473,512,247,71,117,418,133,1.10705744301315,890.649357197166,0.134888438133874,NA
379,גאולים,גאולים,88.29408822462874,0,NA,NA,no_red_alert,2022,0.73370319001387,Party_turnout,TRUE,2022,4034,גאולים,GE'ULIM,1,יהודי,993,474,520,239,79,110,426,140,1.10705744301315,896.972425655969,0.14098690835851,NA
382,מכמורת,מכמורת,96.39038239772236,0,NA,NA,no_red_alert,2006,0.755139566590126,Party_turnout,FALSE,2006,4064,מכמורת,MIKHMORET,1,NA,1072,NA,NA,NA,NA,NA,NA,NA,0.62838982998151,1705.94740534159,NA,59
382,מכמורת,מכמורת,96.39038239772236,0,NA,NA,no_red_alert,2009,0.670385395537525,Party_turnout,FALSE,2009,4071,מכמורת,MIKHMORET,1,NA,1311,NA,NA,NA,NA,NA,NA,NA,0.62838982998151,2086.28456007726,NA,53
382,מכמורת,מכמורת,96.39038239772236,0,NA,NA,no_red_alert,2013,0.698189134808853,Party_turnout,FALSE,2013,4067,מכמורת,MIKHMORET,1,יהודי,1250,620,630,290,70,140,570,180,0.62838982998151,1989.21106033301,0.144,62
382,מכמורת,מכמורת,96.39038239772236,0,NA,NA,no_red_alert,2015,0.708653846153846,Party_turnout,TRUE,2015,4070,מכמורת,MIKHMORET,1,יהודי,1330,660,680,330,70,150,600,190,0.62838982998151,2116.52056819432,0.142857142857143,55
382,מכמורת,מכמורת,96.39038239772236,0,NA,NA,no_red_alert,2019,0.700478468899521,Party_turnout,TRUE,2019,4061,מכמורת,MIKHMORET,1,יהודי,1403,679,724,367,79,128,631,197,0.62838982998151,2232.69049411777,0.140413399857448,NA
382,מכמורת,מכמורת,96.39038239772236,0,NA,NA,no_red_alert,2019,0.673933649289099,Party_turnout,TRUE,2019.2,4061,מכמורת,MIKHMORET,1,יהודי,1403,679,724,367,79,128,631,197,0.62838982998151,2232.69049411777,0.140413399857448,NA
382,מכמורת,מכמורת,96.39038239772236,0,NA,NA,no_red_alert,2020,0.664114832535885,Party_turnout,TRUE,2020,4066,מכמורת,MIKHMORET,1,יהודי,1462,706,755,380,97,122,653,210,0.62838982998151,2326.58125616549,0.143638850889193,NA
382,מכמורת,מכמורת,96.39038239772236,0,NA,NA,no_red_alert,2021,0.690140845070423,Party_turnout,TRUE,2021,4065,מכמורת,MIKHMORET,1,יהודי,1504,720,784,398,103,129,671,204,0.62838982998151,2393.41874779268,0.13563829787234,NA
382,מכמורת,מכמורת,96.39038239772236,0,NA,NA,no_red_alert,2022,0.677301731996354,Party_turnout,TRUE,2022,4057,מכמורת,MIKHMORET,1,יהודי,1506,721,784,394,107,131,661,213,0.62838982998151,2396.60148548921,0.141434262948207,NA
383,"עין הנצי""ב",עיןהנציב,135.12071251316345,1,6,1,temporal_distance == 6,2006,0.877826972501529,Party_turnout,FALSE,2006,4073,"עין הנצי""ב",EN HANAZIV,1,NA,507,NA,NA,NA,NA,NA,NA,NA,1.03496269995717,489.872726834487,NA,34.5
383,"עין הנצי""ב",עיןהנציב,135.12071251316345,1,6,1,temporal_distance == 6,2009,0.775656324582339,Party_turnout,FALSE,2009,4074,"עין הנצי""ב",EN HANAZIV,1,NA,571,NA,NA,NA,NA,NA,NA,NA,1.03496269995717,551.710704186375,NA,44
383,"עין הנצי""ב",עיןהנציב,135.12071251316345,1,6,1,temporal_distance == 6,2013,0.804295942720764,Party_turnout,FALSE,2013,4086,"עין הנצי""ב",EN HANAZIV,1,יהודי,610,260,350,170,90,100,180,70,1.03496269995717,589.393221635181,0.114754098360656,43.5
383,"עין הנצי""ב",עיןהנציב,135.12071251316345,1,6,1,temporal_distance == 6,2015,0.776223776223776,Party_turnout,TRUE,2015,4079,"עין הנצי""ב",EN HANAZIV,1,יהודי,610,270,340,170,80,90,190,80,1.03496269995717,589.393221635181,0.131147540983607,55
383,"עין הנצי""ב",עיןהנציב,135.12071251316345,1,6,1,temporal_distance == 6,2019,0.797297297297297,Party_turnout,TRUE,2019,4072,"עין הנצי""ב",EN HANAZIV,1,יהודי,604,264,340,193,59,73,193,84,1.03496269995717,583.595911258442,0.139072847682119,NA
383,"עין הנצי""ב",עיןהנציב,135.12071251316345,1,6,1,temporal_distance == 6,2019,0.735849056603774,Party_turnout,TRUE,2019.2,4072,"עין הנצי""ב",EN HANAZIV,1,יהודי,604,264,340,193,59,73,193,84,1.03496269995717,583.595911258442,0.139072847682119,NA
383,"עין הנצי""ב",עיןהנציב,135.12071251316345,1,6,1,temporal_distance == 6,2020,0.762672811059908,Party_turnout,TRUE,2020,4084,"עין הנצי""ב",EN HANAZIV,1,יהודי,609,261,348,190,72,72,188,87,1.03496269995717,588.427003239058,0.142857142857143,NA
383,"עין הנצי""ב",עיןהנציב,135.12071251316345,1,6,1,temporal_distance == 6,2021,0.71824480369515,Party_turnout,TRUE,2021,4082,"עין הנצי""ב",EN HANAZIV,1,יהודי,621,270,351,196,74,72,188,92,1.03496269995717,600.021623992537,0.148148148148148,NA
383,"עין הנצי""ב",עיןהנציב,135.12071251316345,1,6,1,temporal_distance == 6,2022,0.714611872146119,Party_turnout,TRUE,2022,4081,"עין הנצי""ב",EN HANAZIV,1,יהודי,641,279,361,199,81,79,192,91,1.03496269995717,619.345991915002,0.141965678627145,NA
386,בני דרור,בנידרור,82.71959747065966,1,227,5,temporal_distance > 149,2006,0.711385669327282,Party_turnout,FALSE,2006,4113,בני דרור,BENE DEROR,1,NA,1161,NA,NA,NA,NA,NA,NA,NA,0.702473533362217,1652.73130568088,NA,61
386,בני דרור,בנידרור,82.71959747065966,1,227,5,temporal_distance > 149,2009,0.736520854526958,Party_turnout,FALSE,2009,4109,בני דרור,BENE DEROR,1,NA,1169,NA,NA,NA,NA,NA,NA,NA,0.702473533362217,1664.11963509126,NA,59
386,בני דרור,בנידרור,82.71959747065966,1,227,5,temporal_distance > 149,2013,0.704457364341085,Party_turnout,FALSE,2013,4116,בני דרור,BENE DEROR,1,יהודי,1210,530,670,170,70,130,380,470,0.702473533362217,1722.48482331944,0.388429752066116,63
386,בני דרור,בנידרור,82.71959747065966,1,227,5,temporal_distance > 149,2015,0.72147001934236,Party_turnout,TRUE,2015,4108,בני דרור,BENE DEROR,1,יהודי,1220,530,680,190,60,130,390,450,0.702473533362217,1736.72023508241,0.368852459016393,63
386,בני דרור,בנידרור,82.71959747065966,1,227,5,temporal_distance > 149,2019,0.801792828685259,Party_turnout,TRUE,2019,4104,בני דרור,BENE DEROR,1,יהודי,1171,516,655,183,46,92,363,487,0.702473533362217,1666.96671744385,0.415883859948762,NA
386,בני דרור,בנידרור,82.71959747065966,1,227,5,temporal_distance > 149,2019,0.800202839756592,Party_turnout,TRUE,2019.2,4104,בני דרור,BENE DEROR,1,יהודי,1171,516,655,183,46,92,363,487,0.702473533362217,1666.96671744385,0.415883859948762,NA
386,בני דרור,בנידרור,82.71959747065966,1,227,5,temporal_distance > 149,2020,0.800203873598369,Party_turnout,TRUE,2020,4111,בני דרור,BENE DEROR,1,יהודי,1209,533,676,182,47,100,355,525,0.702473533362217,1721.06128214314,0.43424317617866,NA
386,בני דרור,בנידרור,82.71959747065966,1,227,5,temporal_distance > 149,2021,0.586734693877551,Party_turnout,TRUE,2021,4115,בני דרור,BENE DEROR,1,יהודי,1201,529,672,195,52,87,354,515,0.702473533362217,1709.67295273277,0.428809325562032,NA
386,בני דרור,בנידרור,82.71959747065966,1,227,5,temporal_distance > 149,2022,0.532307692307692,Party_turnout,TRUE,2022,4106,בני דרור,BENE DEROR,1,יהודי,1196,521,676,185,52,84,350,525,0.702473533362217,1702.55524685128,0.438963210702341,NA
387,כפר מונש,כפרמונש,92.18302234793828,0,NA,NA,no_red_alert,2006,0.775462247232701,Party_turnout,FALSE,2006,4121,כפר מונש,KEFAR MONASH,1,NA,785,NA,NA,NA,NA,NA,NA,NA,0.902202274282273,870.093129198205,NA,61
387,כפר מונש,כפרמונש,92.18302234793828,0,NA,NA,no_red_alert,2009,0.754807692307692,Party_turnout,FALSE,2009,4127,כפר מונש,KEFAR MONASH,1,NA,922,NA,NA,NA,NA,NA,NA,NA,0.902202274282273,1021.94377722388,NA,58.5
387,כפר מונש,כפרמונש,92.18302234793828,0,NA,NA,no_red_alert,2013,0.80327868852459,Party_turnout,FALSE,2013,4120,כפר מונש,KEFAR MONASH,1,יהודי,950,480,470,290,50,110,430,70,0.902202274282273,1052.97894616343,0.0736842105263158,63
387,כפר מונש,כפרמונש,92.18302234793828,0,NA,NA,no_red_alert,2015,0.794498381877023,Party_turnout,TRUE,2015,4117,כפר מונש,KEFAR MONASH,1,יהודי,950,470,480,290,60,100,420,80,0.902202274282273,1052.97894616343,0.0842105263157895,60
387,כפר מונש,כפרמונש,92.18302234793828,0,NA,NA,no_red_alert,2019,0.764423076923077,Party_turnout,TRUE,2019,4123,כפר מונש,KEFAR MONASH,1,יהודי,943,457,486,275,62,83,411,110,0.902202274282273,1045.22015392854,0.116648992576882,NA
387,כפר מונש,כפרמונש,92.18302234793828,0,NA,NA,no_red_alert,2019,0.788216560509554,Party_turnout,TRUE,2019.2,4123,כפר מונש,KEFAR MONASH,1,יהודי,943,457,486,275,62,83,411,110,0.902202274282273,1045.22015392854,0.116648992576882,NA
387,כפר מונש,כפרמונש,92.18302234793828,0,NA,NA,no_red_alert,2020,0.734076433121019,Party_turnout,TRUE,2020,4124,כפר מונש,KEFAR MONASH,1,יהודי,939,458,481,277,62,77,409,114,0.902202274282273,1040.78655836575,0.121405750798722,NA
387,כפר מונש,כפרמונש,92.18302234793828,0,NA,NA,no_red_alert,2021,0.744372990353698,Party_turnout,TRUE,2021,4131,כפר מונש,KEFAR MONASH,1,יהודי,926,453,473,260,64,78,406,119,0.902202274282273,1026.37737278667,0.128509719222462,NA
387,כפר מונש,כפרמונש,92.18302234793828,0,NA,NA,no_red_alert,2022,0.751602564102564,Party_turnout,TRUE,2022,4122,כפר מונש,KEFAR MONASH,1,יהודי,913,443,470,252,65,79,389,127,0.902202274282273,1011.96818720759,0.139101861993428,NA
388,כפר קיש,כפרקיש,148.75314360833542,1,6,1,temporal_distance == 6,2006,0.629087402472166,Party_turnout,FALSE,2006,4132,כפר קיש,KEFAR KISCH,1,NA,305,NA,NA,NA,NA,NA,NA,NA,0.966212437497487,315.66557018243,NA,15
388,כפר קיש,כפרקיש,148.75314360833542,1,6,1,temporal_distance == 6,2009,0.686792452830189,Party_turnout,FALSE,2009,4144,כפר קיש,KEFAR KISCH,1,NA,356,NA,NA,NA,NA,NA,NA,NA,0.966212437497487,368.448993393263,NA,19
388,כפר קיש,כפרקיש,148.75314360833542,1,6,1,temporal_distance == 6,2013,0.687687687687688,Party_turnout,FALSE,2013,4138,כפר קיש,KEFAR KISCH,1,יהודי,480,250,230,150,30,60,230,30,0.966212437497487,496.785159631366,0.0625,18
388,כפר קיש,כפרקיש,148.75314360833542,1,6,1,temporal_distance == 6,2015,0.74331550802139,Party_turnout,TRUE,2015,4135,כפר קיש,KEFAR KISCH,1,יהודי,520,270,260,160,40,50,240,40,0.966212437497487,538.18392293398006,0.0769230769230769,28
388,כפר קיש,כפרקיש,148.75314360833542,1,6,1,temporal_distance == 6,2019,0.752314814814815,Party_turnout,TRUE,2019,4133,כפר קיש,KEFAR KISCH,1,יהודי,619,321,298,179,48,68,256,0,0.966212437497487,640.645862107949,0,NA
388,כפר קיש,כפרקיש,148.75314360833542,1,6,1,temporal_distance == 6,2019,0.719817767653758,Party_turnout,TRUE,2019.2,4133,כפר קיש,KEFAR KISCH,1,יהודי,619,321,298,179,48,68,256,0,0.966212437497487,640.645862107949,0,NA
388,כפר קיש,כפרקיש,148.75314360833542,1,6,1,temporal_distance == 6,2020,0.726244343891403,Party_turnout,TRUE,2020,4134,כפר קיש,KEFAR KISCH,1,יהודי,664,344,315,190,50,80,269,0,0.966212437497487,687.219470823389,0,NA
388,כפר קיש,כפרקיש,148.75314360833542,1,6,1,temporal_distance == 6,2021,0.715811965811966,Party_turnout,TRUE,2021,4142,כפר קיש,KEFAR KISCH,1,יהודי,685,356,329,194,54,82,281,0,0.966212437497487,708.953821557262,0,NA
388,כפר קיש,כפרקיש,148.75314360833542,1,6,1,temporal_distance == 6,2022,0.688391038696538,Party_turnout,TRUE,2022,4136,כפר קיש,KEFAR KISCH,1,יהודי,686,362,325,191,53,87,278,0,0.966212437497487,709.988790639827,0,NA
389,בצרה,בצרה,77.02208289412017,1,227,5,temporal_distance > 149,2006,0.80082265264977,Party_turnout,FALSE,2006,4154,בצרה,BAZRA,1,NA,868,NA,NA,NA,NA,NA,NA,NA,1.28760477125216,674.119900282673,NA,61
389,בצרה,בצרה,77.02208289412017,1,227,5,temporal_distance > 149,2009,0.7671875,Party_turnout,FALSE,2009,4157,בצרה,BAZRA,1,NA,1037,NA,NA,NA,NA,NA,NA,NA,1.28760477125216,805.371355522041,NA,59
389,בצרה,בצרה,77.02208289412017,1,227,5,temporal_distance > 149,2013,0.795093795093795,Party_turnout,FALSE,2013,4160,בצרה,BAZRA,1,יהודי,1100,580,530,320,80,90,510,100,1.28760477125216,854.299412800622,0.0909090909090909,63
389,בצרה,בצרה,77.02208289412017,1,227,5,temporal_distance > 149,2015,0.804630969609262,Party_turnout,TRUE,2015,4153,בצרה,BAZRA,1,יהודי,1120,570,550,320,100,80,500,110,1.28760477125216,869.832129396997,0.0982142857142857,61
389,בצרה,בצרה,77.02208289412017,1,227,5,temporal_distance > 149,2019,0.75,Party_turnout,TRUE,2019,4150,בצרה,BAZRA,1,יהודי,1213,612,601,344,111,105,508,145,1.28760477125216,942.059261570141,0.119538334707337,NA
389,בצרה,בצרה,77.02208289412017,1,227,5,temporal_distance > 149,2019,0.772200772200772,Party_turnout,TRUE,2019.2,4150,בצרה,BAZRA,1,יהודי,1213,612,601,344,111,105,508,145,1.28760477125216,942.059261570141,0.119538334707337,NA
389,בצרה,בצרה,77.02208289412017,1,227,5,temporal_distance > 149,2020,0.745123537061118,Party_turnout,TRUE,2020,4152,בצרה,BAZRA,1,יהודי,1202,599,606,327,109,120,500,146,1.28760477125216,933.516267442134,0.121464226289517,NA
389,בצרה,בצרה,77.02208289412017,1,227,5,temporal_distance > 149,2021,0.738853503184713,Party_turnout,TRUE,2021,4149,בצרה,BAZRA,1,יהודי,1205,605,600,308,110,136,497,153,1.28760477125216,935.84617493159,0.126970954356846,NA
389,בצרה,בצרה,77.02208289412017,1,227,5,temporal_distance > 149,2022,0.742927429274293,Party_turnout,TRUE,2022,4151,בצרה,BAZRA,1,יהודי,1178,588,590,296,106,130,489,156,1.28760477125216,914.877007526484,0.132427843803056,NA
407,דברת,דברת,141.53411589584653,1,6,1,temporal_distance == 6,2006,0.74382292381606,Party_turnout,FALSE,2006,4373,דברת,DAVERAT,1,NA,282,NA,NA,NA,NA,NA,NA,NA,0.330312446372629,853.737130092498,NA,58.6666666666667
407,דברת,דברת,141.53411589584653,1,6,1,temporal_distance == 6,2009,0.649193548387097,Party_turnout,FALSE,2009,4378,דברת,DAVERAT,1,NA,306,NA,NA,NA,NA,NA,NA,NA,0.330312446372629,926.395609249306,NA,56.6666666666667
407,דברת,דברת,141.53411589584653,1,6,1,temporal_distance == 6,2013,0.733870967741935,Party_turnout,FALSE,2013,4379,דברת,DAVERAT,1,יהודי,300,140,150,70,10,30,120,70,0.330312446372629,908.230989460104,0.233333333333333,61.3333333333333
407,דברת,דברת,141.53411589584653,1,6,1,temporal_distance == 6,2015,0.693617021276596,Party_turnout,TRUE,2015,4377,דברת,DAVERAT,1,יהודי,350,180,180,110,20,30,140,60,0.330312446372629,1059.60282103679,0.17142857142857101,58.6666666666667
407,דברת,דברת,141.53411589584653,1,6,1,temporal_distance == 6,2019,0.682119205298013,Party_turnout,TRUE,2019,4376,דברת,DAVERAT,1,יהודי,493,245,249,177,30,25,196,66,0.330312446372629,1492.5262593461,0.133874239350913,NA
407,דברת,דברת,141.53411589584653,1,6,1,temporal_distance == 6,2019,0.693290734824281,Party_turnout,TRUE,2019.2,4376,דברת,DAVERAT,1,יהודי,493,245,249,177,30,25,196,66,0.330312446372629,1492.5262593461,0.133874239350913,NA
407,דברת,דברת,141.53411589584653,1,6,1,temporal_distance == 6,2020,0.703363914373089,Party_turnout,TRUE,2020,4380,דברת,DAVERAT,1,יהודי,520,263,252,196,32,24,212,56,0.330312446372629,1574.26704839751,0.107692307692308,NA
407,דברת,דברת,141.53411589584653,1,6,1,temporal_distance == 6,2021,0.729106628242075,Party_turnout,TRUE,2021,4381,דברת,DAVERAT,1,יהודי,554,277,277,213,39,29,217,56,0.330312446372629,1677.19989386966,0.101083032490975,NA
407,דברת,דברת,141.53411589584653,1,6,1,temporal_distance == 6,2022,0.693548387096774,Party_turnout,TRUE,2022,4375,דברת,DAVERAT,1,יהודי,563,283,280,215,43,29,221,55,0.330312446372629,1704.44682355346,0.0976909413854352,NA
417,יקום,יקום,79.23213646144511,1,227,5,temporal_distance > 149,2006,0.867754883596468,Party_turnout,FALSE,2006,4492,יקום,YAQUM,1,NA,555,NA,NA,NA,NA,NA,NA,NA,0.519009791025305,1069.3439884893,NA,61
417,יקום,יקום,79.23213646144511,1,227,5,temporal_distance > 149,2009,0.771894093686354,Party_turnout,FALSE,2009,4504,יקום,YAQUM,1,NA,637,NA,NA,NA,NA,NA,NA,NA,0.519009791025305,1227.33715435619,NA,59
417,יקום,יקום,79.23213646144511,1,227,5,temporal_distance > 149,2013,0.811881188118812,Party_turnout,FALSE,2013,4502,יקום,YAQUM,1,יהודי,670,330,340,160,30,90,290,100,0.519009791025305,1290.91976988799,0.149253731343284,63
417,יקום,יקום,79.23213646144511,1,227,5,temporal_distance > 149,2015,0.803149606299213,Party_turnout,TRUE,2015,4505,יקום,YAQUM,1,יהודי,710,350,360,170,40,80,320,100,0.519009791025305,1367.98960689623,0.140845070422535,61
417,יקום,יקום,79.23213646144511,1,227,5,temporal_distance > 149,2019,0.804832713754647,Party_turnout,TRUE,2019,4503,יקום,YAQUM,1,יהודי,770,390,380,205,42,69,332,120,0.519009791025305,1483.59436240858,0.155844155844156,NA
417,יקום,יקום,79.23213646144511,1,227,5,temporal_distance > 149,2019,0.77634011090573,Party_turnout,TRUE,2019.2,4503,יקום,YAQUM,1,יהודי,770,390,380,205,42,69,332,120,0.519009791025305,1483.59436240858,0.155844155844156,NA
417,יקום,יקום,79.23213646144511,1,227,5,temporal_distance > 149,2020,0.78348623853211,Party_turnout,TRUE,2020,4497,יקום,YAQUM,1,יהודי,775,391,384,209,39,68,326,133,0.519009791025305,1493.22809203461,0.171612903225806,NA
417,יקום,יקום,79.23213646144511,1,227,5,temporal_distance > 149,2021,0.782374100719424,Party_turnout,TRUE,2021,4501,יקום,YAQUM,1,יהודי,794,400,394,216,44,68,330,137,0.519009791025305,1529.83626461353,0.172544080604534,NA
417,יקום,יקום,79.23213646144511,1,227,5,temporal_distance > 149,2022,0.764298093587522,Party_turnout,TRUE,2022,4498,יקום,YAQUM,1,יהודי,813,416,397,225,43,70,342,133,0.519009791025305,1566.44443719244,0.163591635916359,NA
418,בני ציון,בניציון,77.10316423177865,1,227,5,temporal_distance > 149,2006,0.850941131503598,Party_turnout,FALSE,2006,4514,בני ציון,BENE ZIYYON,1,NA,985,NA,NA,NA,NA,NA,NA,NA,1.99617449632588,493.443835603037,NA,61
418,בני ציון,בניציון,77.10316423177865,1,227,5,temporal_distance > 149,2009,0.793363499245852,Party_turnout,FALSE,2009,4515,בני ציון,BENE ZIYYON,1,NA,1228,NA,NA,NA,NA,NA,NA,NA,1.99617449632588,615.17668032541,NA,59
418,בני ציון,בניציון,77.10316423177865,1,227,5,temporal_distance > 149,2013,0.796565389696169,Party_turnout,FALSE,2013,4520,בני ציון,BENE ZIYYON,1,יהודי,1350,680,670,400,100,130,610,100,1.99617449632588,676.293581790964,0.0740740740740741,63
418,בני ציון,בניציון,77.10316423177865,1,227,5,temporal_distance > 149,2015,0.821561338289963,Party_turnout,TRUE,2015,4521,בני ציון,BENE ZIYYON,1,יהודי,1390,680,710,410,110,140,610,130,1.99617449632588,696.331910140326,0.0935251798561151,59
418,בני ציון,בניציון,77.10316423177865,1,227,5,temporal_distance > 149,2019,0.75121359223301,Party_turnout,TRUE,2019,4513,בני ציון,BENE ZIYYON,1,יהודי,1370,670,700,350,136,157,564,163,1.99617449632588,686.312745965645,0.118978102189781,NA
418,בני ציון,בניציון,77.10316423177865,1,227,5,temporal_distance > 149,2019,0.75750300120048,Party_turnout,TRUE,2019.2,4513,בני ציון,BENE ZIYYON,1,יהודי,1370,670,700,350,136,157,564,163,1.99617449632588,686.312745965645,0.118978102189781,NA
418,בני ציון,בניציון,77.10316423177865,1,227,5,temporal_distance > 149,2020,0.752955082742317,Party_turnout,TRUE,2020,4511,בני ציון,BENE ZIYYON,1,יהודי,1348,655,692,333,135,158,556,166,1.99617449632588,675.291665373496,0.123145400593472,NA
418,בני ציון,בניציון,77.10316423177865,1,227,5,temporal_distance > 149,2021,0.738317757009346,Party_turnout,TRUE,2021,4510,בני ציון,BENE ZIYYON,1,יהודי,1334,655,679,318,130,163,551,173,1.99617449632588,668.278250451219,0.129685157421289,NA
418,בני ציון,בניציון,77.10316423177865,1,227,5,temporal_distance > 149,2022,0.72196261682243,Party_turnout,TRUE,2022,4517,בני ציון,BENE ZIYYON,1,יהודי,1322,665,657,293,135,172,543,179,1.99617449632588,662.266751946411,0.135400907715582,NA
422,חרב לאת,חרבלאת,97.68828579979169,0,NA,NA,no_red_alert,2006,0.607557230597431,Party_turnout,FALSE,2006,4555,חרב לאת,HEREV LE'ET,1,NA,796,NA,NA,NA,NA,NA,NA,NA,0.642343020534109,1239.21327788091,NA,61
422,חרב לאת,חרבלאת,97.68828579979169,0,NA,NA,no_red_alert,2009,0.784444444444444,Party_turnout,FALSE,2009,4559,חרב לאת,HEREV LE'ET,1,NA,769,NA,NA,NA,NA,NA,NA,NA,0.642343020534109,1197.17966167139,NA,59
422,חרב לאת,חרבלאת,97.68828579979169,0,NA,NA,no_red_alert,2013,0.79957805907173,Party_turnout,FALSE,2013,4564,חרב לאת,HEREV LE'ET,1,יהודי,840,530,310,190,200,100,280,60,0.642343020534109,1307.71250429644,0.0714285714285714,63
422,חרב לאת,חרבלאת,97.68828579979169,0,NA,NA,no_red_alert,2015,0.823529411764706,Party_turnout,TRUE,2015,4560,חרב לאת,HEREV LE'ET,1,יהודי,850,530,320,200,140,160,290,70,0.642343020534109,1323.28051029997,0.0823529411764706,61.5
422,חרב לאת,חרבלאת,97.68828579979169,0,NA,NA,no_red_alert,2019,0.786948176583493,Party_turnout,TRUE,2019,4554,חרב לאת,HEREV LE'ET,1,יהודי,972,645,327,184,267,141,285,93,0.642343020534109,1513.21018354303,0.095679012345679,NA
422,חרב לאת,חרבלאת,97.68828579979169,0,NA,NA,no_red_alert,2019,0.761194029850746,Party_turnout,TRUE,2019.2,4554,חרב לאת,HEREV LE'ET,1,יהודי,972,645,327,184,267,141,285,93,0.642343020534109,1513.21018354303,0.095679012345679,NA
422,חרב לאת,חרבלאת,97.68828579979169,0,NA,NA,no_red_alert,2020,0.756855575868373,Party_turnout,TRUE,2020,4561,חרב לאת,HEREV LE'ET,1,יהודי,928,588,342,211,203,120,293,101,0.642343020534109,1444.7109571275,0.108836206896552,NA
422,חרב לאת,חרבלאת,97.68828579979169,0,NA,NA,no_red_alert,2021,0.750877192982456,Party_turnout,TRUE,2021,4557,חרב לאת,HEREV LE'ET,1,יהודי,932,587,345,191,195,151,290,104,0.642343020534109,1450.93815952891,0.111587982832618,NA
422,חרב לאת,חרבלאת,97.68828579979169,0,NA,NA,no_red_alert,2022,0.72572402044293,Party_turnout,TRUE,2022,4552,חרב לאת,HEREV LE'ET,1,יהודי,940,585,355,200,189,131,310,109,0.642343020534109,1463.39256433173,0.115957446808511,NA
423,העוגן,העוגן,94.01642314384937,0,NA,NA,no_red_alert,2006,0.974610819914687,Party_turnout,FALSE,2006,4570,העוגן,HAOGEN,1,NA,543,NA,NA,NA,NA,NA,NA,NA,0.40042944144464,1356.04414610725,NA,58.5
423,העוגן,העוגן,94.01642314384937,0,NA,NA,no_red_alert,2009,0.715044247787611,Party_turnout,FALSE,2009,4577,העוגן,HAOGEN,1,NA,726,NA,NA,NA,NA,NA,NA,NA,0.40042944144464,1813.05349921522,NA,56
423,העוגן,העוגן,94.01642314384937,0,NA,NA,no_red_alert,2013,0.728205128205128,Party_turnout,FALSE,2013,4573,העוגן,HAOGEN,1,יהודי,830,410,420,180,20,100,360,170,0.40042944144464,2072.77466163723,0.204819277108434,61.5
423,העוגן,העוגן,94.01642314384937,0,NA,NA,no_red_alert,2015,0.766169154228856,Party_turnout,TRUE,2015,4580,העוגן,HAOGEN,1,יהודי,860,420,440,190,20,100,370,180,0.40042944144464,2147.6942277205,0.209302325581395,58.25
423,העוגן,העוגן,94.01642314384937,0,NA,NA,no_red_alert,2019,0.762295081967213,Party_turnout,TRUE,2019,4571,העוגן,HAOGEN,1,יהודי,922,453,469,245,29,77,390,182,0.40042944144464,2302.52799762594,0.197396963123644,NA
423,העוגן,העוגן,94.01642314384937,0,NA,NA,no_red_alert,2019,0.752442996742671,Party_turnout,TRUE,2019.2,4571,העוגן,HAOGEN,1,יהודי,922,453,469,245,29,77,390,182,0.40042944144464,2302.52799762594,0.197396963123644,NA
423,העוגן,העוגן,94.01642314384937,0,NA,NA,no_red_alert,2020,0.744749596122779,Party_turnout,TRUE,2020,4568,העוגן,HAOGEN,1,יהודי,933,462,469,245,38,72,395,183,0.40042944144464,2329.9985051898,0.196141479099678,NA
423,העוגן,העוגן,94.01642314384937,0,NA,NA,no_red_alert,2021,0.7424,Party_turnout,TRUE,2021,4578,העוגן,HAOGEN,1,יהודי,952,467,485,243,41,76,403,188,0.40042944144464,2377.44756370921,0.197478991596639,NA
423,העוגן,העוגן,94.01642314384937,0,NA,NA,no_red_alert,2022,0.706336939721793,Party_turnout,TRUE,2022,4572,העוגן,HAOGEN,1,יהודי,965,467,498,250,49,73,401,192,0.40042944144464,2409.91270901196,0.198963730569948,NA
425,משמרת,משמרת,79.37736751504774,1,227,5,temporal_distance > 149,2006,0.859305183199285,Party_turnout,FALSE,2006,4597,משמרת,MISHMERET,1,NA,746,NA,NA,NA,NA,NA,NA,NA,2.63296659996936,283.330597512585,NA,61
425,משמרת,משמרת,79.37736751504774,1,227,5,temporal_distance > 149,2009,0.817325800376648,Party_turnout,FALSE,2009,4610,משמרת,MISHMERET,1,NA,971,NA,NA,NA,NA,NA,NA,NA,2.63296659996936,368.785536440644,NA,59
425,משמרת,משמרת,79.37736751504774,1,227,5,temporal_distance > 149,2013,0.807291666666667,Party_turnout,FALSE,2013,4603,משמרת,MISHMERET,1,יהודי,1020,530,490,350,80,90,450,60,2.63296659996936,387.395723140532,0.0588235294117647,63
425,משמרת,משמרת,79.37736751504774,1,227,5,temporal_distance > 149,2015,0.810289389067524,Party_turnout,TRUE,2015,4604,משמרת,MISHMERET,1,יהודי,1050,540,510,340,90,100,470,70,2.63296659996936,398.789714997607,0.0666666666666667,60.75
425,משמרת,משמרת,79.37736751504774,1,227,5,temporal_distance > 149,2019,0.803053435114504,Party_turnout,TRUE,2019,4608,משמרת,MISHMERET,1,יהודי,1059,527,532,290,122,101,452,93,2.63296659996936,402.207912554729,0.0878186968838527,NA
425,משמרת,משמרת,79.37736751504774,1,227,5,temporal_distance > 149,2019,0.75920245398773,Party_turnout,TRUE,2019.2,4608,משמרת,MISHMERET,1,יהודי,1059,527,532,290,122,101,452,93,2.63296659996936,402.207912554729,0.0878186968838527,NA
425,משמרת,משמרת,79.37736751504774,1,227,5,temporal_distance > 149,2020,0.795144157814871,Party_turnout,TRUE,2020,4605,משמרת,MISHMERET,1,יהודי,1044,508,537,265,124,123,444,88,2.63296659996936,396.510916626192,0.0842911877394636,NA
425,משמרת,משמרת,79.37736751504774,1,227,5,temporal_distance > 149,2021,0.796946564885496,Party_turnout,TRUE,2021,4611,משמרת,MISHMERET,1,יהודי,1049,516,533,253,131,123,451,91,2.63296659996936,398.409915269038,0.0867492850333651,NA
425,משמרת,משמרת,79.37736751504774,1,227,5,temporal_distance > 149,2022,0.785819793205318,Party_turnout,TRUE,2022,4599,משמרת,MISHMERET,1,יהודי,1058,526,531,252,132,130,446,97,2.63296659996936,401.82811282616,0.0916824196597354,NA
426,עין כרמל,עיןכרמל,127.4922521478047,1,232,1,temporal_distance > 149,2006,1,Party_turnout,FALSE,2006,4624,עין כרמל,EN KARMEL,1,NA,417,NA,NA,NA,NA,NA,NA,NA,0.364654813825848,1143.54722381137,NA,45
426,עין כרמל,עיןכרמל,127.4922521478047,1,232,1,temporal_distance > 149,2009,0.745762711864407,Party_turnout,FALSE,2009,4619,עין כרמל,EN KARMEL,1,NA,580,NA,NA,NA,NA,NA,NA,NA,0.364654813825848,1590.54529930598,NA,47.25
426,עין כרמל,עיןכרמל,127.4922521478047,1,232,1,temporal_distance > 149,2013,0.822368421052632,Party_turnout,FALSE,2013,4617,עין כרמל,EN KARMEL,1,יהודי,840,390,450,290,40,70,360,90,0.364654813825848,2303.54836451211,0.107142857142857,45
426,עין כרמל,עיןכרמל,127.4922521478047,1,232,1,temporal_distance > 149,2015,0.8,Party_turnout,TRUE,2015,4620,עין כרמל,EN KARMEL,1,יהודי,890,420,470,300,60,70,390,80,0.364654813825848,2440.66433859021,0.0898876404494382,49
426,עין כרמל,עיןכרמל,127.4922521478047,1,232,1,temporal_distance > 149,2019,0.800383877159309,Party_turnout,TRUE,2019,4622,עין כרמל,EN KARMEL,1,יהודי,922,433,489,275,79,75,397,97,0.364654813825848,2528.4185620002,0.105206073752712,NA
426,עין כרמל,עיןכרמל,127.4922521478047,1,232,1,temporal_distance > 149,2019,0.774378585086042,Party_turnout,TRUE,2019.2,4622,עין כרמל,EN KARMEL,1,יהודי,922,433,489,275,79,75,397,97,0.364654813825848,2528.4185620002,0.105206073752712,NA
426,עין כרמל,עיןכרמל,127.4922521478047,1,232,1,temporal_distance > 149,2020,0.771428571428571,Party_turnout,TRUE,2020,4612,עין כרמל,EN KARMEL,1,יהודי,926,436,485,266,81,80,403,96,0.364654813825848,2539.38783992645,0.103671706263499,NA
426,עין כרמל,עיןכרמל,127.4922521478047,1,232,1,temporal_distance > 149,2021,0.78544776119403,Party_turnout,TRUE,2021,4613,עין כרמל,EN KARMEL,1,יהודי,930,437,493,255,95,84,400,96,0.364654813825848,2550.3571178527,0.103225806451613,NA
426,עין כרמל,עיןכרמל,127.4922521478047,1,232,1,temporal_distance > 149,2022,0.74585635359116,Party_turnout,TRUE,2022,4625,עין כרמל,EN KARMEL,1,יהודי,928,436,492,240,98,96,401,94,0.364654813825848,2544.87247888957,0.101293103448276,NA
427,כפר גלים,כפרגלים,137.05314277344337,0,NA,NA,no_red_alert,2006,0.739055907172996,Party_turnout,FALSE,2006,4633,כפר גלים,KEFAR GALLIM,1,NA,288,NA,NA,NA,NA,NA,NA,NA,0.37004176804678,778.290519797732,NA,60
427,כפר גלים,כפרגלים,137.05314277344337,0,NA,NA,no_red_alert,2009,0.632911392405063,Party_turnout,FALSE,2009,4631,כפר גלים,KEFAR GALLIM,1,NA,285,NA,NA,NA,NA,NA,NA,NA,0.37004176804678,770.183326883172,NA,57
427,כפר גלים,כפרגלים,137.05314277344337,0,NA,NA,no_red_alert,2013,0.674698795180723,Party_turnout,FALSE,2013,4637,כפר גלים,KEFAR GALLIM,1,יהודי,300,190,110,80,130,20,70,0,0.37004176804678,810.719291455971,0,62
427,כפר גלים,כפרגלים,137.05314277344337,0,NA,NA,no_red_alert,2015,0.714285714285714,Party_turnout,TRUE,2015,4639,כפר גלים,KEFAR GALLIM,1,יהודי,290,180,120,80,130,20,60,0,0.37004176804678,783.695315074105,0,63
427,כפר גלים,כפרגלים,137.05314277344337,0,NA,NA,no_red_alert,2019,0.685393258426966,Party_turnout,TRUE,2019,4641,כפר גלים,KEFAR GALLIM,1,יהודי,389,231,158,95,187,33,0,0,0.37004176804678,1051.23268125458,0,NA
427,כפר גלים,כפרגלים,137.05314277344337,0,NA,NA,no_red_alert,2019,0.602040816326531,Party_turnout,TRUE,2019.2,4641,כפר גלים,KEFAR GALLIM,1,יהודי,389,231,158,95,187,33,0,0,0.37004176804678,1051.23268125458,0,NA
427,כפר גלים,כפרגלים,137.05314277344337,0,NA,NA,no_red_alert,2020,0.521276595744681,Party_turnout,TRUE,2020,4629,כפר גלים,KEFAR GALLIM,1,יהודי,385,221,162,124,162,29,0,0,0.37004176804678,1040.42309070183,0,NA
427,כפר גלים,כפרגלים,137.05314277344337,0,NA,NA,no_red_alert,2021,0.547169811320755,Party_turnout,TRUE,2021,4627,כפר גלים,KEFAR GALLIM,1,יהודי,380,221,159,89,182,35,0,0,0.37004176804678,1026.9111025109,0,NA
427,כפר גלים,כפרגלים,137.05314277344337,0,NA,NA,no_red_alert,2022,0.586206896551724,Party_turnout,TRUE,2022,4636,כפר גלים,KEFAR GALLIM,1,יהודי,402,228,174,71,220,33,0,0,0.37004176804678,1086.363850551,0,NA
429,אלוני אבא,אלוניאבא,140.92476887503258,1,6,1,temporal_distance == 6,2006,0.902419544280009,Party_turnout,FALSE,2006,4664,אלוני אבא,ALLONE ABBA,1,NA,387,NA,NA,NA,NA,NA,NA,NA,0.892675148161718,433.528367846856,NA,55
429,אלוני אבא,אלוניאבא,140.92476887503258,1,6,1,temporal_distance == 6,2009,0.844282238442822,Party_turnout,FALSE,2009,4666,אלוני אבא,ALLONE ABBA,1,NA,775,NA,NA,NA,NA,NA,NA,NA,0.892675148161718,868.176964034402,NA,57
429,אלוני אבא,אלוניאבא,140.92476887503258,1,6,1,temporal_distance == 6,2013,0.84,Party_turnout,FALSE,2013,4670,אלוני אבא,ALLONE ABBA,1,יהודי,980,480,500,380,70,60,420,40,0.892675148161718,1097.82377387576,0.0408163265306122,62
429,אלוני אבא,אלוניאבא,140.92476887503258,1,6,1,temporal_distance == 6,2015,0.821603927986907,Party_turnout,TRUE,2015,4658,אלוני אבא,ALLONE ABBA,1,יהודי,1000,490,510,350,90,80,430,50,0.892675148161718,1120.22834068955,0.05,55
429,אלוני אבא,אלוניאבא,140.92476887503258,1,6,1,temporal_distance == 6,2019,0.795795795795796,Party_turnout,TRUE,2019,4659,אלוני אבא,ALLONE ABBA,1,יהודי,992,500,492,275,132,107,396,83,0.892675148161718,1111.26651396403,0.0836693548387097,NA
429,אלוני אבא,אלוניאבא,140.92476887503258,1,6,1,temporal_distance == 6,2019,0.775811209439528,Party_turnout,TRUE,2019.2,4659,אלוני אבא,ALLONE ABBA,1,יהודי,992,500,492,275,132,107,396,83,0.892675148161718,1111.26651396403,0.0836693548387097,NA
429,אלוני אבא,אלוניאבא,140.92476887503258,1,6,1,temporal_distance == 6,2020,0.777126099706745,Party_turnout,TRUE,2020,4669,אלוני אבא,ALLONE ABBA,1,יהודי,992,497,487,260,131,120,394,87,0.892675148161718,1111.26651396403,0.0877016129032258,NA
429,אלוני אבא,אלוניאבא,140.92476887503258,1,6,1,temporal_distance == 6,2021,0.754609929078014,Party_turnout,TRUE,2021,4657,אלוני אבא,ALLONE ABBA,1,יהודי,1000,500,500,245,135,133,393,92,0.892675148161718,1120.22834068955,0.092,NA
429,אלוני אבא,אלוניאבא,140.92476887503258,1,6,1,temporal_distance == 6,2022,0.73252688172043,Party_turnout,TRUE,2022,4665,אלוני אבא,ALLONE ABBA,1,יהודי,990,501,489,228,134,136,399,0,0.892675148161718,1109.02605728266,0,NA
430,בית לחם הגלילית,ביתלחםהגלילית,141.74043281889269,1,6,1,temporal_distance == 6,2006,0.755927943024717,Party_turnout,FALSE,2006,4672,בית לחם הגלילית,BET LEHEM HAGELILIT,1,NA,651,NA,NA,NA,NA,NA,NA,NA,2.1466627565665,303.261421948386,NA,54.5
430,בית לחם הגלילית,ביתלחםהגלילית,141.74043281889269,1,6,1,temporal_distance == 6,2009,0.757281553398058,Party_turnout,FALSE,2009,4681,בית לחם הגלילית,BET LEHEM HAGELILIT,1,NA,784,NA,NA,NA,NA,NA,NA,NA,2.1466627565665,365.218056539992,NA,54
430,בית לחם הגלילית,ביתלחםהגלילית,141.74043281889269,1,6,1,temporal_distance == 6,2013,0.774545454545455,Party_turnout,FALSE,2013,4673,בית לחם הגלילית,BET LEHEM HAGELILIT,1,יהודי,780,390,390,200,60,110,350,60,2.1466627565665,363.354699108666,0.0769230769230769,60.5
430,בית לחם הגלילית,ביתלחםהגלילית,141.74043281889269,1,6,1,temporal_distance == 6,2015,0.791071428571429,Party_turnout,TRUE,2015,4684,בית לחם הגלילית,BET LEHEM HAGELILIT,1,יהודי,780,390,390,190,60,100,350,70,2.1466627565665,363.354699108666,0.0897435897435897,53.5
430,בית לחם הגלילית,ביתלחםהגלילית,141.74043281889269,1,6,1,temporal_distance == 6,2019,0.780998389694042,Party_turnout,TRUE,2019,4674,בית לחם הגלילית,BET LEHEM HAGELILIT,1,יהודי,843,419,425,212,56,104,365,107,2.1466627565665,392.702578652058,0.126927639383155,NA
430,בית לחם הגלילית,ביתלחםהגלילית,141.74043281889269,1,6,1,temporal_distance == 6,2019,0.736507936507937,Party_turnout,TRUE,2019.2,4674,בית לחם הגלילית,BET LEHEM HAGELILIT,1,יהודי,843,419,425,212,56,104,365,107,2.1466627565665,392.702578652058,0.126927639383155,NA
430,בית לחם הגלילית,ביתלחםהגלילית,141.74043281889269,1,6,1,temporal_distance == 6,2020,0.723809523809524,Party_turnout,TRUE,2020,4686,בית לחם הגלילית,BET LEHEM HAGELILIT,1,יהודי,836,418,413,208,60,105,352,111,2.1466627565665,389.441703147236,0.132775119617225,NA
430,בית לחם הגלילית,ביתלחםהגלילית,141.74043281889269,1,6,1,temporal_distance == 6,2021,0.736757624398074,Party_turnout,TRUE,2021,4678,בית לחם הגלילית,BET LEHEM HAGELILIT,1,יהודי,823,404,419,202,58,98,349,0,2.1466627565665,383.385791495425,0,NA
430,בית לחם הגלילית,ביתלחםהגלילית,141.74043281889269,1,6,1,temporal_distance == 6,2022,0.743377483443709,Party_turnout,TRUE,2022,4680,בית לחם הגלילית,BET LEHEM HAGELILIT,1,יהודי,824,403,420,197,65,94,338,0,2.1466627565665,383.851630853257,0,NA
433,נחשולים,נחשולים,119.86275233306884,0,NA,NA,no_red_alert,2006,0.799158138754595,Party_turnout,FALSE,2006,4723,נחשולים,NAHSHOLIM,1,NA,399,NA,NA,NA,NA,NA,NA,NA,0.453237012311127,880.334105913894,NA,41.75
433,נחשולים,נחשולים,119.86275233306884,0,NA,NA,no_red_alert,2009,0.750670241286863,Party_turnout,FALSE,2009,4722,נחשולים,NAHSHOLIM,1,NA,428,NA,NA,NA,NA,NA,NA,NA,0.453237012311127,944.318289050492,NA,36
433,נחשולים,נחשולים,119.86275233306884,0,NA,NA,no_red_alert,2013,0.764705882352941,Party_turnout,FALSE,2013,4731,נחשולים,NAHSHOLIM,1,יהודי,600,280,320,150,30,70,260,80,0.453237012311127,1323.8106855848,0.133333333333333,47
433,נחשולים,נחשולים,119.86275233306884,0,NA,NA,no_red_alert,2015,0.8,Party_turnout,TRUE,2015,4725,נחשולים,NAHSHOLIM,1,יהודי,640,300,350,190,30,60,280,90,0.453237012311127,1412.06473129046,0.140625,35.5
433,נחשולים,נחשולים,119.86275233306884,0,NA,NA,no_red_alert,2019,0.796610169491525,Party_turnout,TRUE,2019,4727,נחשולים,NAHSHOLIM,1,יהודי,687,314,373,200,42,60,293,91,0.453237012311127,1515.7632349946,0.132459970887918,NA
433,נחשולים,נחשולים,119.86275233306884,0,NA,NA,no_red_alert,2019,0.779439252336449,Party_turnout,TRUE,2019.2,4727,נחשולים,NAHSHOLIM,1,יהודי,687,314,373,200,42,60,293,91,0.453237012311127,1515.7632349946,0.132459970887918,NA
433,נחשולים,נחשולים,119.86275233306884,0,NA,NA,no_red_alert,2020,0.754253308128544,Party_turnout,TRUE,2020,4724,נחשולים,NAHSHOLIM,1,יהודי,697,315,381,203,46,57,296,95,0.453237012311127,1537.82674642101,0.136298421807747,NA
433,נחשולים,נחשולים,119.86275233306884,0,NA,NA,no_red_alert,2021,0.795158286778399,Party_turnout,TRUE,2021,4718,נחשולים,NAHSHOLIM,1,יהודי,700,320,380,198,47,61,296,98,0.453237012311127,1544.44579984894,0.14,NA
433,נחשולים,נחשולים,119.86275233306884,0,NA,NA,no_red_alert,2022,0.76007326007326,Party_turnout,TRUE,2022,4726,נחשולים,NAHSHOLIM,1,יהודי,704,320,383,203,49,56,301,95,0.453237012311127,1553.2712044195,0.134943181818182,NA
434,החותרים,החותרים,135.4236556924116,0,NA,NA,no_red_alert,2006,0.893487405115312,Party_turnout,FALSE,2006,4735,החותרים,HAHOTERIM,1,NA,516,NA,NA,NA,NA,NA,NA,NA,0.378827819188269,1362.09637693888,NA,49
434,החותרים,החותרים,135.4236556924116,0,NA,NA,no_red_alert,2009,0.720430107526882,Party_turnout,FALSE,2009,4734,החותרים,HAHOTERIM,1,NA,593,NA,NA,NA,NA,NA,NA,NA,0.378827819188269,1565.35494481542,NA,52.5
434,החותרים,החותרים,135.4236556924116,0,NA,NA,no_red_alert,2013,0.775467775467775,Party_turnout,FALSE,2013,4741,החותרים,HAHOTERIM,1,יהודי,660,340,320,160,30,70,300,100,0.378827819188269,1742.21629608462,0.151515151515152,54
434,החותרים,החותרים,135.4236556924116,0,NA,NA,no_red_alert,2015,0.79324055666004,Party_turnout,TRUE,2015,4746,החותרים,HAHOTERIM,1,יהודי,730,360,370,200,30,60,330,110,0.378827819188269,1926.99681233602,0.150684931506849,60
434,החותרים,החותרים,135.4236556924116,0,NA,NA,no_red_alert,2019,0.786458333333333,Party_turnout,TRUE,2019,4740,החותרים,HAHOTERIM,1,יהודי,858,418,440,267,36,65,370,0,0.378827819188269,2264.88118491,0,NA
434,החותרים,החותרים,135.4236556924116,0,NA,NA,no_red_alert,2019,0.755102040816326,Party_turnout,TRUE,2019.2,4740,החותרים,HAHOTERIM,1,יהודי,858,418,440,267,36,65,370,0,0.378827819188269,2264.88118491,0,NA
434,החותרים,החותרים,135.4236556924116,0,NA,NA,no_red_alert,2020,0.774576271186441,Party_turnout,TRUE,2020,4745,החותרים,HAHOTERIM,1,יהודי,874,430,443,270,37,64,376,127,0.378827819188269,2307.11673148175,0.145308924485126,NA
434,החותרים,החותרים,135.4236556924116,0,NA,NA,no_red_alert,2021,0.77257525083612,Party_turnout,TRUE,2021,4736,החותרים,HAHOTERIM,1,יהודי,915,459,456,287,40,67,386,133,0.378827819188269,2415.34531957186,0.145355191256831,NA
434,החותרים,החותרים,135.4236556924116,0,NA,NA,no_red_alert,2022,0.752864157119476,Party_turnout,TRUE,2022,4742,החותרים,HAHOTERIM,1,יהודי,903,455,448,278,44,68,377,137,0.378827819188269,2383.66865964305,0.15171650055371,NA
436,עין דור,עיןדור,146.15003515988576,1,6,1,temporal_distance == 6,2006,0.652715936099161,Party_turnout,FALSE,2006,4763,עין דור,EN DOR,1,NA,688,NA,NA,NA,NA,NA,NA,NA,0.48854051263927,1408.27624772238,NA,29.75
436,עין דור,עיןדור,146.15003515988576,1,6,1,temporal_distance == 6,2009,0.578796561604584,Party_turnout,FALSE,2009,4774,עין דור,EN DOR,1,NA,653,NA,NA,NA,NA,NA,NA,NA,0.48854051263927,1336.63428744581,NA,34.5
436,עין דור,עיןדור,146.15003515988576,1,6,1,temporal_distance == 6,2013,0.644243208279431,Party_turnout,FALSE,2013,4764,עין דור,EN DOR,1,יהודי,870,420,450,210,70,130,330,130,0.48854051263927,1780.81444116057,0.149425287356322,34.25
436,עין דור,עיןדור,146.15003515988576,1,6,1,temporal_distance == 6,2015,0.668957617411226,Party_turnout,TRUE,2015,4766,עין דור,EN DOR,1,יהודי,990,480,510,270,50,130,380,150,0.48854051263927,2026.44401925169,0.151515151515152,43.25
436,עין דור,עיןדור,146.15003515988576,1,6,1,temporal_distance == 6,2019,0.658185840707965,Party_turnout,TRUE,2019,4769,עין דור,EN DOR,1,יהודי,1031,513,518,328,42,100,402,160,0.48854051263927,2110.36745843282,0.155189136760427,NA
436,עין דור,עיןדור,146.15003515988576,1,6,1,temporal_distance == 6,2019,0.638274336283186,Party_turnout,TRUE,2019.2,4769,עין דור,EN DOR,1,יהודי,1031,513,518,328,42,100,402,160,0.48854051263927,2110.36745843282,0.155189136760427,NA
436,עין דור,עיןדור,146.15003515988576,1,6,1,temporal_distance == 6,2020,0.625137816979052,Party_turnout,TRUE,2020,4768,עין דור,EN DOR,1,יהודי,1046,526,521,330,58,92,410,156,0.48854051263927,2141.0711556942,0.149139579349904,NA
436,עין דור,עיןדור,146.15003515988576,1,6,1,temporal_distance == 6,2021,0.626898047722343,Party_turnout,TRUE,2021,4770,עין דור,EN DOR,1,יהודי,1053,522,531,331,68,82,414,159,0.48854051263927,2155.39954774952,0.150997150997151,NA
436,עין דור,עיןדור,146.15003515988576,1,6,1,temporal_distance == 6,2022,0.617044228694714,Party_turnout,TRUE,2022,4775,עין דור,EN DOR,1,יהודי,1056,530,526,327,66,83,418,162,0.48854051263927,2161.5402872018,0.153409090909091,NA
437,רשפים,רשפים,134.03721163914344,1,6,1,temporal_distance == 6,2006,1,Party_turnout,FALSE,2006,4778,רשפים,RESHAFIM,1,NA,324,NA,NA,NA,NA,NA,NA,NA,1.04999470807682,308.572983756692,NA,42.5
437,רשפים,רשפים,134.03721163914344,1,6,1,temporal_distance == 6,2009,0.756302521008403,Party_turnout,FALSE,2009,4783,רשפים,RESHAFIM,1,NA,517,NA,NA,NA,NA,NA,NA,NA,1.04999470807682,492.383433957437,NA,49
437,רשפים,רשפים,134.03721163914344,1,6,1,temporal_distance == 6,2013,0.76775956284153,Party_turnout,FALSE,2013,4782,רשפים,RESHAFIM,1,יהודי,590,290,310,140,40,80,240,90,1.04999470807682,561.907593877926,0.152542372881356,49
437,רשפים,רשפים,134.03721163914344,1,6,1,temporal_distance == 6,2015,0.79539641943734,Party_turnout,TRUE,2015,4784,רשפים,RESHAFIM,1,יהודי,730,360,370,230,40,80,300,90,1.04999470807682,695.241599204891,0.123287671232877,55.5
437,רשפים,רשפים,134.03721163914344,1,6,1,temporal_distance == 6,2019,0.833613445378151,Party_turnout,TRUE,2019,4777,רשפים,RESHAFIM,1,יהודי,1089,561,528,409,54,86,443,99,1.04999470807682,1037.14808429332,0.0909090909090909,NA
437,רשפים,רשפים,134.03721163914344,1,6,1,temporal_distance == 6,2019,0.819376026272578,Party_turnout,TRUE,2019.2,4777,רשפים,RESHAFIM,1,יהודי,1089,561,528,409,54,86,443,99,1.04999470807682,1037.14808429332,0.0909090909090909,NA
437,רשפים,רשפים,134.03721163914344,1,6,1,temporal_distance == 6,2020,0.811688311688312,Party_turnout,TRUE,2020,4790,רשפים,RESHAFIM,1,יהודי,1152,592,559,448,55,91,459,99,1.04999470807682,1097.14838669046,0.0859375,NA
437,רשפים,רשפים,134.03721163914344,1,6,1,temporal_distance == 6,2021,0.8125,Party_turnout,TRUE,2021,4785,רשפים,RESHAFIM,1,יהודי,1200,615,584,463,64,96,469,106,1.04999470807682,1142.86290280256,0.0883333333333333,NA
437,רשפים,רשפים,134.03721163914344,1,6,1,temporal_distance == 6,2022,0.789017341040462,Party_turnout,TRUE,2022,4789,רשפים,RESHAFIM,1,יהודי,1256,645,610,482,82,93,494,105,1.04999470807682,1196.19650493335,0.0835987261146497,NA
439,שלוחות,שלוחות,133.18787792199944,1,6,2,temporal_distance == 6,2006,0.824102849291766,Party_turnout,FALSE,2006,4795,שלוחות,SHELUHOT,1,NA,397,NA,NA,NA,NA,NA,NA,NA,2.19332744247934,181.003525652891,NA,41.3333333333333
439,שלוחות,שלוחות,133.18787792199944,1,6,2,temporal_distance == 6,2009,0.686528497409326,Party_turnout,FALSE,2009,4804,שלוחות,SHELUHOT,1,NA,442,NA,NA,NA,NA,NA,NA,NA,2.19332744247934,201.52029808206,NA,39.5
439,שלוחות,שלוחות,133.18787792199944,1,6,2,temporal_distance == 6,2013,0.733502538071066,Party_turnout,FALSE,2013,4797,שלוחות,SHELUHOT,1,יהודי,500,240,260,130,30,90,170,70,2.19332744247934,227.964138101878,0.14,50.6666666666667
439,שלוחות,שלוחות,133.18787792199944,1,6,2,temporal_distance == 6,2015,0.737662337662338,Party_turnout,TRUE,2015,4800,שלוחות,SHELUHOT,1,יהודי,470,220,260,120,30,80,170,70,2.19332744247934,214.286289815766,0.148936170212766,53
439,שלוחות,שלוחות,133.18787792199944,1,6,2,temporal_distance == 6,2019,0.765193370165746,Party_turnout,TRUE,2019,4801,שלוחות,SHELUHOT,1,יהודי,451,208,243,138,14,56,159,86,2.19332744247934,205.623652567894,0.190687361419069,NA
439,שלוחות,שלוחות,133.18787792199944,1,6,2,temporal_distance == 6,2019,0.721910112359551,Party_turnout,TRUE,2019.2,4801,שלוחות,SHELUHOT,1,יהודי,451,208,243,138,14,56,159,86,2.19332744247934,205.623652567894,0.190687361419069,NA
439,שלוחות,שלוחות,133.18787792199944,1,6,2,temporal_distance == 6,2020,0.728813559322034,Party_turnout,TRUE,2020,4796,שלוחות,SHELUHOT,1,יהודי,431,197,231,131,12,44,156,88,2.19332744247934,196.505087043819,0.204176334106729,NA
439,שלוחות,שלוחות,133.18787792199944,1,6,2,temporal_distance == 6,2021,0.725663716814159,Party_turnout,TRUE,2021,4803,שלוחות,SHELUHOT,1,יהודי,457,213,244,146,17,46,158,92,2.19332744247934,208.359222225117,0.201312910284464,NA
439,שלוחות,שלוחות,133.18787792199944,1,6,2,temporal_distance == 6,2022,0.704678362573099,Party_turnout,TRUE,2022,4806,שלוחות,SHELUHOT,1,יהודי,465,227,238,161,16,36,162,93,2.19332744247934,212.006648434747,0.2,NA
442,גדעונה,גדעונה,133.6212138992669,0,NA,NA,no_red_alert,2006,0.796998031496063,Party_turnout,FALSE,2006,4822,גדעונה,GID'ONA,1,NA,160,NA,NA,NA,NA,NA,NA,NA,0.0737311824139807,2170.04522050987,NA,31
442,גדעונה,גדעונה,133.6212138992669,0,NA,NA,no_red_alert,2009,0.617283950617284,Party_turnout,FALSE,2009,4826,גדעונה,GID'ONA,1,NA,206,NA,NA,NA,NA,NA,NA,NA,0.0737311824139807,2793.93322140645,NA,37.3333333333333
442,גדעונה,גדעונה,133.6212138992669,0,NA,NA,no_red_alert,2013,0.674757281553398,Party_turnout,FALSE,2013,4828,גדעונה,GID'ONA,1,יהודי,340,170,170,120,20,40,150,20,0.0737311824139807,4611.34609358347,0.0588235294117647,38
442,גדעונה,גדעונה,133.6212138992669,0,NA,NA,no_red_alert,2015,0.748031496062992,Party_turnout,TRUE,2015,4832,גדעונה,GID'ONA,1,יהודי,410,210,200,140,20,50,170,30,0.0737311824139807,5560.74087755653,0.0731707317073171,45
442,גדעונה,גדעונה,133.6212138992669,0,NA,NA,no_red_alert,2019,0.737931034482759,Party_turnout,TRUE,2019,4827,גדעונה,GID'ONA,1,יהודי,471,235,236,165,32,52,181,40,0.0737311824139807,6388.07061787592,0.0849256900212314,NA
442,גדעונה,גדעונה,133.6212138992669,0,NA,NA,no_red_alert,2019,0.690721649484536,Party_turnout,TRUE,2019.2,4827,גדעונה,GID'ONA,1,יהודי,471,235,236,165,32,52,181,40,0.0737311824139807,6388.07061787592,0.0849256900212314,NA
442,גדעונה,גדעונה,133.6212138992669,0,NA,NA,no_red_alert,2020,0.774744027303754,Party_turnout,TRUE,2020,4833,גדעונה,GID'ONA,1,יהודי,496,236,250,174,30,57,191,44,0.0737311824139807,6727.14018358059,0.0887096774193548,NA
442,גדעונה,גדעונה,133.6212138992669,0,NA,NA,no_red_alert,2021,0.738019169329074,Party_turnout,TRUE,2021,4836,גדעונה,GID'ONA,1,יהודי,505,242,264,174,28,63,195,47,0.0737311824139807,6849.20522723427,0.0930693069306931,NA
442,גדעונה,גדעונה,133.6212138992669,0,NA,NA,no_red_alert,2022,0.721875,Party_turnout,TRUE,2022,4829,גדעונה,GID'ONA,1,יהודי,509,243,266,174,30,64,196,0,0.0737311824139807,6903.45635774702,0,NA
444,רגבים,רגבים,114.88078356978818,1,232,4,temporal_distance > 149,2006,0.719955776672195,Party_turnout,FALSE,2006,4855,רגבים,REGAVIM,1,NA,270,NA,NA,NA,NA,NA,NA,NA,0.30496357381005,885.351639301592,NA,57
444,רגבים,רגבים,114.88078356978818,1,232,4,temporal_distance > 149,2009,0.607558139534884,Party_turnout,FALSE,2009,4866,רגבים,REGAVIM,1,NA,289,NA,NA,NA,NA,NA,NA,NA,0.30496357381005,947.65416206726,NA,44.75
444,רגבים,רגבים,114.88078356978818,1,232,4,temporal_distance > 149,2013,0.62089552238806,Party_turnout,FALSE,2013,4865,רגבים,REGAVIM,1,יהודי,370,180,190,110,10,40,170,50,0.30496357381005,1213.25965385774,0.135135135135135,57
444,רגבים,רגבים,114.88078356978818,1,232,4,temporal_distance > 149,2015,0.688654353562005,Party_turnout,TRUE,2015,4862,רגבים,REGAVIM,1,יהודי,420,200,210,130,20,30,180,60,0.30496357381005,1377.21366113581,0.142857142857143,51
444,רגבים,רגבים,114.88078356978818,1,232,4,temporal_distance > 149,2019,0.697560975609756,Party_turnout,TRUE,2019,4852,רגבים,REGAVIM,1,יהודי,480,235,245,157,27,26,205,0,0.30496357381005,1573.9584698695,0,NA
444,רגבים,רגבים,114.88078356978818,1,232,4,temporal_distance > 149,2019,0.693975903614458,Party_turnout,TRUE,2019.2,4852,רגבים,REGAVIM,1,יהודי,480,235,245,157,27,26,205,0,0.30496357381005,1573.9584698695,0,NA
444,רגבים,רגבים,114.88078356978818,1,232,4,temporal_distance > 149,2020,0.70048309178744,Party_turnout,TRUE,2020,4861,רגבים,REGAVIM,1,יהודי,505,251,253,168,31,27,213,66,0.30496357381005,1655.93547350853,0.130693069306931,NA
444,רגבים,רגבים,114.88078356978818,1,232,4,temporal_distance > 149,2021,0.668235294117647,Party_turnout,TRUE,2021,4859,רגבים,REGAVIM,1,יהודי,528,253,275,179,35,24,220,70,0.30496357381005,1731.35431685645,0.132575757575758,NA
444,רגבים,רגבים,114.88078356978818,1,232,4,temporal_distance > 149,2022,0.715883668903803,Party_turnout,TRUE,2022,4853,רגבים,REGAVIM,1,יהודי,546,257,289,177,39,27,229,75,0.30496357381005,1790.37775947655,0.137362637362637,NA
445,רמות מנשה,רמותמנשה,122.86276047926935,1,6,3,temporal_distance == 6,2006,1,Party_turnout,FALSE,2006,4867,רמות מנשה,RAMOT MENASHE,1,NA,468,NA,NA,NA,NA,NA,NA,NA,0.480008811424015,974.982102123524,NA,31
445,רמות מנשה,רמותמנשה,122.86276047926935,1,6,3,temporal_distance == 6,2009,0.747068676716918,Party_turnout,FALSE,2009,4872,רמות מנשה,RAMOT MENASHE,1,NA,857,NA,NA,NA,NA,NA,NA,NA,0.480008811424015,1785.38389213645,NA,43
445,רמות מנשה,רמותמנשה,122.86276047926935,1,6,3,temporal_distance == 6,2013,0.793882978723404,Party_turnout,FALSE,2013,4876,רמות מנשה,RAMOT MENASHE,1,יהודי,1060,530,530,370,60,80,450,110,0.480008811424015,2208.29279540798,0.10377358490566,46
445,רמות מנשה,רמותמנשה,122.86276047926935,1,6,3,temporal_distance == 6,2015,0.794871794871795,Party_turnout,TRUE,2015,4881,רמות מנשה,RAMOT MENASHE,1,יהודי,1090,540,550,390,60,80,450,110,0.480008811424015,2270.79164810821,0.100917431192661,52
445,רמות מנשה,רמותמנשה,122.86276047926935,1,6,3,temporal_distance == 6,2019,0.791717417783191,Party_turnout,TRUE,2019,4880,רמות מנשה,RAMOT MENASHE,1,יהודי,1159,588,571,373,110,97,465,115,0.480008811424015,2414.53900931873,0.0992234685073339,NA
445,רמות מנשה,רמותמנשה,122.86276047926935,1,6,3,temporal_distance == 6,2019,0.758745476477684,Party_turnout,TRUE,2019.2,4880,רמות מנשה,RAMOT MENASHE,1,יהודי,1159,588,571,373,110,97,465,115,0.480008811424015,2414.53900931873,0.0992234685073339,NA
445,רמות מנשה,רמותמנשה,122.86276047926935,1,6,3,temporal_distance == 6,2020,0.777514792899408,Party_turnout,TRUE,2020,4873,רמות מנשה,RAMOT MENASHE,1,יהודי,1212,613,598,369,135,101,489,118,0.480008811424015,2524.95364908913,0.0973597359735974,NA
445,רמות מנשה,רמותמנשה,122.86276047926935,1,6,3,temporal_distance == 6,2021,0.7847533632287,Party_turnout,TRUE,2021,4874,רמות מנשה,RAMOT MENASHE,1,יהודי,1232,624,608,366,135,112,500,120,0.480008811424015,2566.61955088928,0.0974025974025974,NA
445,רמות מנשה,רמותמנשה,122.86276047926935,1,6,3,temporal_distance == 6,2022,0.761596548004315,Party_turnout,TRUE,2022,4870,רמות מנשה,RAMOT MENASHE,1,יהודי,1244,634,610,355,142,119,511,116,0.480008811424015,2591.61909196937,0.0932475884244373,NA
446,אודים,אודים,80.77249215761745,0,NA,NA,no_red_alert,2006,0.917366946778711,Party_turnout,FALSE,2006,4883,אודים,UDIM,1,NA,822,NA,NA,NA,NA,NA,NA,NA,1.69948573764804,483.6757271865,NA,61
446,אודים,אודים,80.77249215761745,0,NA,NA,no_red_alert,2009,0.778333333333333,Party_turnout,FALSE,2009,4895,אודים,UDIM,1,NA,1196,NA,NA,NA,NA,NA,NA,NA,1.69948573764804,703.742298923423,NA,59
446,אודים,אודים,80.77249215761745,0,NA,NA,no_red_alert,2013,0.81021897810219,Party_turnout,FALSE,2013,4888,אודים,UDIM,1,יהודי,1250,630,620,330,90,130,570,130,1.69948573764804,735.516616767792,0.104,63
446,אודים,אודים,80.77249215761745,0,NA,NA,no_red_alert,2015,0.826330532212885,Party_turnout,TRUE,2015,4894,אודים,UDIM,1,יהודי,1310,660,650,350,110,120,590,140,1.69948573764804,770.821414372646,0.106870229007634,63
446,אודים,אודים,80.77249215761745,0,NA,NA,no_red_alert,2019,0.785536159600998,Party_turnout,TRUE,2019,4882,אודים,UDIM,1,יהודי,1379,678,701,355,108,141,612,161,1.69948573764804,811.421931618228,0.116751269035533,NA
446,אודים,אודים,80.77249215761745,0,NA,NA,no_red_alert,2019,0.773182957393484,Party_turnout,TRUE,2019.2,4882,אודים,UDIM,1,יהודי,1379,678,701,355,108,141,612,161,1.69948573764804,811.421931618228,0.116751269035533,NA
446,אודים,אודים,80.77249215761745,0,NA,NA,no_red_alert,2020,0.762081784386617,Party_turnout,TRUE,2020,4889,אודים,UDIM,1,יהודי,1406,695,712,357,97,159,625,168,1.69948573764804,827.309090540412,0.119487908961593,NA
446,אודים,אודים,80.77249215761745,0,NA,NA,no_red_alert,2021,0.776710684273709,Party_turnout,TRUE,2021,4890,אודים,UDIM,1,יהודי,1405,702,702,354,94,158,631,168,1.69948573764804,826.720677246998,0.119572953736655,NA
446,אודים,אודים,80.77249215761745,0,NA,NA,no_red_alert,2022,0.740696278511405,Party_turnout,TRUE,2022,4896,אודים,UDIM,1,יהודי,1404,696,708,357,94,161,626,165,1.69948573764804,826.132263953584,0.117521367521368,NA
447,נורדיה,נורדיה,87.947131550637,0,NA,NA,no_red_alert,2006,0.589261484783873,Party_turnout,FALSE,2006,4901,נורדייה,NORDIYYA,1,NA,2079,NA,NA,NA,NA,NA,NA,NA,1.00201056149711,2074.82842984584,NA,61
447,נורדיה,נורדיה,87.947131550637,0,NA,NA,no_red_alert,2009,0.732467532467532,Party_turnout,FALSE,2009,4907,נורדייה,NORDIYYA,1,NA,1858,NA,NA,NA,NA,NA,NA,NA,1.00201056149711,1854.27187236824,NA,59
447,נורדיה,נורדיה,87.947131550637,0,NA,NA,no_red_alert,2013,0.758208955223881,Party_turnout,FALSE,2013,4902,נורדייה,NORDIYYA,1,יהודי,2000,950,1050,270,120,290,730,590,1.00201056149711,1995.98694549865,0.295,63
447,נורדיה,נורדיה,87.947131550637,0,NA,NA,no_red_alert,2015,0.791396582203889,Party_turnout,TRUE,2015,4908,נורדייה,NORDIYYA,1,יהודי,2010,950,1060,310,100,250,720,630,1.00201056149711,2005.96688022614,0.313432835820896,63
447,נורדיה,נורדיה,87.947131550637,0,NA,NA,no_red_alert,2019,0.766839378238342,Party_turnout,TRUE,2019,4905,נורדייה,NORDIYYA,1,יהודי,1950,919,1031,349,64,200,649,688,1.00201056149711,1946.08727186118,0.352820512820513,NA
447,נורדיה,נורדיה,87.947131550637,0,NA,NA,no_red_alert,2019,0.755167958656331,Party_turnout,TRUE,2019.2,4905,נורדייה,NORDIYYA,1,יהודי,1950,919,1031,349,64,200,649,688,1.00201056149711,1946.08727186118,0.352820512820513,NA
447,נורדיה,נורדיה,87.947131550637,0,NA,NA,no_red_alert,2020,0.763225806451613,Party_turnout,TRUE,2020,4903,נורדייה,NORDIYYA,1,יהודי,2233,1068,1168,424,98,247,735,729,1.00201056149711,2228.51942464924,0.326466636811464,NA
447,נורדיה,נורדיה,87.947131550637,0,NA,NA,no_red_alert,2021,0.60328947368421,Party_turnout,TRUE,2021,4900,נורדייה,NORDIYYA,1,יהודי,1924,911,1013,365,83,155,633,686,1.00201056149711,1920.1394415697,0.356548856548857,NA
447,נורדיה,נורדיה,87.947131550637,0,NA,NA,no_red_alert,2022,0.606139777922926,Party_turnout,TRUE,2022,4904,נורדייה,NORDIYYA,1,יהודי,1991,938,1053,374,91,142,644,740,1.00201056149711,1987.0050042439,0.371672526368659,NA
452,יזרעאל,יזרעאל,132.45389734501876,1,6,1,temporal_distance == 6,2006,0.618694759396482,Party_turnout,FALSE,2006,4959,יזרעאל,YIZRE'EL,1,NA,487,NA,NA,NA,NA,NA,NA,NA,0.429230058075137,1134.58969342438,NA,36
452,יזרעאל,יזרעאל,132.45389734501876,1,6,1,temporal_distance == 6,2009,0.60427807486631,Party_turnout,FALSE,2009,4971,יזרעאל,YIZRE'EL,1,NA,535,NA,NA,NA,NA,NA,NA,NA,0.429230058075137,1246.41783569208,NA,34
452,יזרעאל,יזרעאל,132.45389734501876,1,6,1,temporal_distance == 6,2013,0.579130434782609,Party_turnout,FALSE,2013,4966,יזרעאל,YIZRE'EL,1,יהודי,550,270,280,140,40,70,200,110,0.429230058075137,1281.36413015074,0.2,44
452,יזרעאל,יזרעאל,132.45389734501876,1,6,1,temporal_distance == 6,2015,0.624778761061947,Party_turnout,TRUE,2015,4967,יזרעאל,YIZRE'EL,1,יהודי,570,270,290,150,40,70,190,120,0.429230058075137,1327.95918942895,0.210526315789474,36.5
452,יזרעאל,יזרעאל,132.45389734501876,1,6,1,temporal_distance == 6,2019,0.625441696113074,Party_turnout,TRUE,2019,4960,יזרעאל,YIZRE'EL,1,יהודי,553,263,290,148,35,61,189,120,0.429230058075137,1288.35338904247,0.216998191681736,NA
452,יזרעאל,יזרעאל,132.45389734501876,1,6,1,temporal_distance == 6,2019,0.606007067137809,Party_turnout,TRUE,2019.2,4960,יזרעאל,YIZRE'EL,1,יהודי,553,263,290,148,35,61,189,120,0.429230058075137,1288.35338904247,0.216998191681736,NA
452,יזרעאל,יזרעאל,132.45389734501876,1,6,1,temporal_distance == 6,2020,0.604982206405694,Party_turnout,TRUE,2020,4970,יזרעאל,YIZRE'EL,1,יהודי,552,258,292,144,38,53,196,121,0.429230058075137,1286.02363607856,0.219202898550725,NA
452,יזרעאל,יזרעאל,132.45389734501876,1,6,1,temporal_distance == 6,2021,0.617021276595745,Party_turnout,TRUE,2021,4968,יזרעאל,YIZRE'EL,1,יהודי,535,254,282,133,40,48,190,122,0.429230058075137,1246.41783569208,0.22803738317757,NA
452,יזרעאל,יזרעאל,132.45389734501876,1,6,1,temporal_distance == 6,2022,0.624778761061947,Party_turnout,TRUE,2022,4958,יזרעאל,YIZRE'EL,1,יהודי,542,259,283,137,41,42,199,122,0.429230058075137,1262.72610643946,0.225092250922509,NA
457,גזית,גזית,145.98987155157408,1,6,1,temporal_distance == 6,2006,0.829998955125723,Party_turnout,FALSE,2006,5031,גזית,GAZIT,1,NA,562,NA,NA,NA,NA,NA,NA,NA,0.62409805989074,900.499514608952,NA,21
457,גזית,גזית,145.98987155157408,1,6,1,temporal_distance == 6,2009,0.725978647686833,Party_turnout,FALSE,2009,5025,גזית,GAZIT,1,NA,591,NA,NA,NA,NA,NA,NA,NA,0.62409805989074,946.966571412617,NA,20
457,גזית,גזית,145.98987155157408,1,6,1,temporal_distance == 6,2013,0.754749568221071,Party_turnout,FALSE,2013,5020,גזית,GAZIT,1,יהודי,640,310,330,120,30,90,250,140,0.62409805989074,1025.47987428777,0.21875,18
457,גזית,גזית,145.98987155157408,1,6,1,temporal_distance == 6,2015,0.746575342465753,Party_turnout,TRUE,2015,5026,גזית,GAZIT,1,יהודי,660,320,340,140,30,80,260,150,0.62409805989074,1057.52612035927,0.227272727272727,23
457,גזית,גזית,145.98987155157408,1,6,1,temporal_distance == 6,2019,0.729001584786054,Party_turnout,TRUE,2019,5022,גזית,GAZIT,1,יהודי,743,359,384,189,47,67,294,0,0.62409805989074,1190.51804155596,0,NA
457,גזית,גזית,145.98987155157408,1,6,1,temporal_distance == 6,2019,0.722662440570523,Party_turnout,TRUE,2019.2,5022,גזית,GAZIT,1,יהודי,743,359,384,189,47,67,294,0,0.62409805989074,1190.51804155596,0,NA
457,גזית,גזית,145.98987155157408,1,6,1,temporal_distance == 6,2020,0.710900473933649,Party_turnout,TRUE,2020,5018,גזית,GAZIT,1,יהודי,771,371,396,192,40,85,296,158,0.62409805989074,1235.38278605605,0.204928664072633,NA
457,גזית,גזית,145.98987155157408,1,6,1,temporal_distance == 6,2021,0.712977099236641,Party_turnout,TRUE,2021,5024,גזית,GAZIT,1,יהודי,805,395,409,212,43,73,310,165,0.62409805989074,1289.86140437759,0.204968944099379,NA
457,גזית,גזית,145.98987155157408,1,6,1,temporal_distance == 6,2022,0.685672514619883,Party_turnout,TRUE,2022,5030,גזית,GAZIT,1,יהודי,807,391,416,213,44,71,315,166,0.62409805989074,1293.06602898474,0.205700123915737,NA
475,דחי,דחי,139.1312258485705,1,6,1,temporal_distance == 6,2006,0.393736557146036,Party_turnout,FALSE,2006,5174,דחי,DAHI,2,NA,556,NA,NA,NA,NA,NA,NA,NA,0.239168043845771,2324.72528963167,NA,48
475,דחי,דחי,139.1312258485705,1,6,1,temporal_distance == 6,2009,0.402816901408451,Party_turnout,FALSE,2009,5173,דחי,DAHI,2,NA,576,NA,NA,NA,NA,NA,NA,NA,0.239168043845771,2408.34850148892,NA,54
475,דחי,דחי,139.1312258485705,1,6,1,temporal_distance == 6,2013,0.389175257731959,Party_turnout,FALSE,2013,5172,דחי,DAHI,2,לא יהודי,620,320,300,190,60,80,250,40,0.239168043845771,2592.31956757488,0.0645161290322581,48
475,דחי,דחי,139.1312258485705,1,6,1,temporal_distance == 6,2015,0.603729603729604,Party_turnout,TRUE,2015,5170,דחי,DAHI,2,לא יהודי,640,330,300,190,70,80,260,40,0.239168043845771,2675.94277943214,0.0625,59.75
475,דחי,דחי,139.1312258485705,1,6,1,temporal_distance == 6,2019,0.276985743380855,Party_turnout,TRUE,2019,5169,דחי,DAHI,2,לא יהודי,703,366,337,168,85,124,277,0,0.239168043845771,2939.35589678249,0,NA
475,דחי,דחי,139.1312258485705,1,6,1,temporal_distance == 6,2019,0.538,Party_turnout,TRUE,2019.2,5169,דחי,DAHI,2,לא יהודי,703,366,337,168,85,124,277,0,0.239168043845771,2939.35589678249,0,NA
475,דחי,דחי,139.1312258485705,1,6,1,temporal_distance == 6,2020,0.571428571428571,Party_turnout,TRUE,2020,5183,דחי,DAHI,2,לא יהודי,715,372,342,173,84,119,289,0,0.239168043845771,2989.52982389684,0,NA
475,דחי,דחי,139.1312258485705,1,6,1,temporal_distance == 6,2021,0.200378071833648,Party_turnout,TRUE,2021,5175,דחי,DAHI,2,לא יהודי,712,368,343,168,76,124,286,0,0.239168043845771,2976.98634211825,0,NA
475,דחי,דחי,139.1312258485705,1,6,1,temporal_distance == 6,2022,0.399267399267399,Party_turnout,TRUE,2022,5182,דחי,DAHI,2,לא יהודי,723,376,346,170,70,133,286,0,0.239168043845771,3022.97910863974,0,NA
478,אכסאל,אכסאל,141.57001054402852,1,6,1,temporal_distance == 6,2006,0.349246012921675,Party_turnout,FALSE,2006,5195,אכסאל,IKSAL,2,NA,11543,NA,NA,NA,NA,NA,NA,NA,9.09334711990552,1269.38957105598,NA,45.9285714285714
478,אכסאל,אכסאל,141.57001054402852,1,6,1,temporal_distance == 6,2009,0.409474463360474,Party_turnout,FALSE,2009,5194,אכסאל,IKSAL,2,NA,12150,NA,NA,NA,NA,NA,NA,NA,9.09334711990552,1336.14166926537,NA,49.7272727272727
478,אכסאל,אכסאל,141.57001054402852,1,6,1,temporal_distance == 6,2013,0.467401166558652,Party_turnout,FALSE,2013,5189,אכסאל,IKSAL,2,לא יהודי,13090,6730,6360,4510,1440,2140,4540,460,9.09334711990552,1439.51394655833,0.0351413292589763,53.2857142857143
478,אכסאל,אכסאל,141.57001054402852,1,6,1,temporal_distance == 6,2015,0.663244353182752,Party_turnout,TRUE,2015,5186,אכסאל,IKSAL,2,לא יהודי,13740,7090,6650,4500,1510,2370,4840,520,9.09334711990552,1510.99477660133,0.0378457059679767,56.9285714285714
478,אכסאל,אכסאל,141.57001054402852,1,6,1,temporal_distance == 6,2019,0.515850144092219,Party_turnout,TRUE,2019,5184,אכסאל,IKSAL,2,לא יהודי,14784,7632,7152,4456,1595,2728,5313,693,9.09334711990552,1625.80398670117,0.046875,NA
478,אכסאל,אכסאל,141.57001054402852,1,6,1,temporal_distance == 6,2019,0.608659011903508,Party_turnout,TRUE,2019.2,5184,אכסאל,IKSAL,2,לא יהודי,14784,7632,7152,4456,1595,2728,5313,693,9.09334711990552,1625.80398670117,0.046875,NA
478,אכסאל,אכסאל,141.57001054402852,1,6,1,temporal_distance == 6,2020,0.679983397322818,Party_turnout,TRUE,2020,5199,אכסאל,IKSAL,2,לא יהודי,14940,7719,7216,4407,1577,2814,5417,725,9.09334711990552,1642.95938591149,0.0485274431057564,NA
478,אכסאל,אכסאל,141.57001054402852,1,6,1,temporal_distance == 6,2021,0.427910717876533,Party_turnout,TRUE,2021,5188,אכסאל,IKSAL,2,לא יהודי,15146,7831,7315,4393,1557,2878,5543,775,9.09334711990552,1665.61331050974,0.0511686253796382,NA
478,אכסאל,אכסאל,141.57001054402852,1,6,1,temporal_distance == 6,2022,0.508315606265713,Party_turnout,TRUE,2022,5198,אכסאל,IKSAL,2,לא יהודי,15336,7904,7432,4337,1547,2928,5698,827,9.09334711990552,1686.50770698384,0.053925404277517,NA
489,דבוריה,דבוריה,145.6142463903271,1,6,1,temporal_distance == 6,2006,0.523124366770157,Party_turnout,FALSE,2006,5300,דבורייה,DABURIYYA,2,NA,8506,NA,NA,NA,NA,NA,NA,NA,5.04728773394138,1685.26155994632,NA,41
489,דבוריה,דבוריה,145.6142463903271,1,6,1,temporal_distance == 6,2009,0.633566978193146,Party_turnout,FALSE,2009,5302,דבורייה,DABURIYYA,2,NA,9003,NA,NA,NA,NA,NA,NA,NA,5.04728773394138,1783.73028734972,NA,47
489,דבוריה,דבוריה,145.6142463903271,1,6,1,temporal_distance == 6,2013,0.58133472367049,Party_turnout,FALSE,2013,5293,דבורייה,DABURIYYA,2,לא יהודי,9550,4870,4680,3150,930,1470,3460,540,5.04728773394138,1892.10532535709,0.056544502617801,51.2857142857143
489,דבוריה,דבוריה,145.6142463903271,1,6,1,temporal_distance == 6,2015,0.742838327296674,Party_turnout,TRUE,2015,5303,דבורייה,DABURIYYA,2,לא יהודי,9890,5030,4860,3090,1070,1530,3600,600,5.04728773394138,1959.46823746404,0.0606673407482305,49
489,דבוריה,דבוריה,145.6142463903271,1,6,1,temporal_distance == 6,2019,0.548860171337302,Party_turnout,TRUE,2019,5295,דבורייה,DABURIYYA,2,לא יהודי,10510,5370,5141,2970,1159,1810,3859,714,5.04728773394138,2082.30648895319,0.0679352997145576,NA
489,דבוריה,דבוריה,145.6142463903271,1,6,1,temporal_distance == 6,2019,0.644508255563532,Party_turnout,TRUE,2019.2,5295,דבורייה,DABURIYYA,2,לא יהודי,10510,5370,5141,2970,1159,1810,3859,714,5.04728773394138,2082.30648895319,0.0679352997145576,NA
489,דבוריה,דבוריה,145.6142463903271,1,6,1,temporal_distance == 6,2020,0.699247052138088,Party_turnout,TRUE,2020,5290,דבורייה,DABURIYYA,2,לא יהודי,10683,5443,5237,2953,1101,1907,3970,752,5.04728773394138,2116.58232364291,0.0703922119254891,NA
489,דבוריה,דבוריה,145.6142463903271,1,6,1,temporal_distance == 6,2021,0.478404401650619,Party_turnout,TRUE,2021,5299,דבורייה,DABURIYYA,2,לא יהודי,10782,5491,5291,2934,1096,1900,4082,771,5.04728773394138,2136.19681863876,0.0715080690038954,NA
489,דבוריה,דבוריה,145.6142463903271,1,6,1,temporal_distance == 6,2022,0.563667912439936,Party_turnout,TRUE,2022,5301,דבורייה,DABURIYYA,2,לא יהודי,10831,5541,5290,2872,1050,1919,4189,802,5.04728773394138,2145.90500303064,0.0740467177545933,NA
494,דאלית אל-כרמל,דאליתאלכרמל,131.28524880987538,1,232,1,temporal_distance > 149,2006,NA,Party_turnout,FALSE,2006,5353,עיר כרמל,IR KARMEL,2,NA,24439,NA,NA,NA,NA,NA,NA,NA,8.97240781457225,2723.79505090129,NA,51.6363636363636
494,דאלית אל-כרמל,דאליתאלכרמל,131.28524880987538,1,232,1,temporal_distance > 149,2009,0.448327827044572,Party_turnout,FALSE,2009,5361,דאלית אל-כרמל,DALIYAT AL-KARMEL,2,NA,15500,NA,NA,NA,NA,NA,NA,NA,8.97240781457225,1727.51844547527,NA,51.3333333333333
494,דאלית אל-כרמל,דאליתאלכרמל,131.28524880987538,1,232,1,temporal_distance > 149,2013,0.578799927706488,Party_turnout,FALSE,2013,5356,דאלית אל-כרמל,DALIYAT AL-KARMEL,2,לא יהודי,16250,8250,8000,4190,1400,2710,7020,920,8.97240781457225,1811.10804767568,0.0566153846153846,53.9090909090909
494,דאלית אל-כרמל,דאליתאלכרמל,131.28524880987538,1,232,1,temporal_distance > 149,2015,0.586406425425339,Party_turnout,TRUE,2015,5358,דאלית אל-כרמל,DALIYAT AL-KARMEL,2,לא יהודי,16780,8540,8240,4220,1440,2770,7280,1070,8.97240781457225,1870.17803323064,0.0637663885578069,51.9090909090909
494,דאלית אל-כרמל,דאליתאלכרמל,131.28524880987538,1,232,1,temporal_distance > 149,2019,0.597693786034593,Party_turnout,TRUE,2019,5350,דאלית אל-כרמל,DALIYAT AL-KARMEL,2,לא יהודי,17653,8979,8674,4205,1386,2809,7885,1369,8.97240781457225,1967.47633019193,0.0775505579788138,NA
494,דאלית אל-כרמל,דאליתאלכרמל,131.28524880987538,1,232,1,temporal_distance > 149,2019,0.593290404642658,Party_turnout,TRUE,2019.2,5350,דאלית אל-כרמל,DALIYAT AL-KARMEL,2,לא יהודי,17653,8979,8674,4205,1386,2809,7885,1369,8.97240781457225,1967.47633019193,0.0775505579788138,NA
494,דאלית אל-כרמל,דאליתאלכרמל,131.28524880987538,1,232,1,temporal_distance > 149,2020,0.56330260773654806,Party_turnout,TRUE,2020,5351,דאלית אל-כרמל,DALIYAT AL-KARMEL,2,לא יהודי,17866,9087,8778,4193,1375,2795,8063,1440,8.97240781457225,1991.21577721685,0.0806000223888951,NA
494,דאלית אל-כרמל,דאליתאלכרמל,131.28524880987538,1,232,1,temporal_distance > 149,2021,0.400571914367416,Party_turnout,TRUE,2021,5357,דאלית אל-כרמל,DALIYAT AL-KARMEL,2,לא יהודי,18061,9168,8893,4161,1406,2787,8162,1543,8.97240781457225,2012.94907378896,0.08543270029345,NA
494,דאלית אל-כרמל,דאליתאלכרמל,131.28524880987538,1,232,1,temporal_distance > 149,2022,0.550758547814929,Party_turnout,TRUE,2022,5355,דאלית אל-כרמל,DALIYAT AL-KARMEL,2,לא יהודי,18190,9240,8950,4100,1433,2737,8301,1619,8.97240781457225,2027.32648536743,0.0890049477735019,NA
497,טייבה (בעמק),טייבהבעמק,142.92744793852177,0,NA,NA,no_red_alert,2006,0.663152873061608,Party_turnout,FALSE,2006,5389,טייבה (בעמק),TAYIBE(BAEMEQ),2,NA,1534,NA,NA,NA,NA,NA,NA,NA,0.368358023084362,4164.42673667157,NA,24
497,טייבה (בעמק),טייבהבעמק,142.92744793852177,0,NA,NA,no_red_alert,2009,0.733175914994097,Party_turnout,FALSE,2009,5387,טייבה (בעמק),TAYIBE(BAEMEQ),2,NA,1547,NA,NA,NA,NA,NA,NA,NA,0.368358023084362,4199.71848867726,NA,22
497,טייבה (בעמק),טייבהבעמק,142.92744793852177,0,NA,NA,no_red_alert,2013,0.64968814968815,Party_turnout,FALSE,2013,5393,טייבה (בעמק),TAYIBE(BAEMEQ),2,לא יהודי,1670,830,840,560,200,320,540,60,0.368358023084362,4533.63275765419,0.0359281437125748,27
497,טייבה (בעמק),טייבהבעמק,142.92744793852177,0,NA,NA,no_red_alert,2015,0.592979127134725,Party_turnout,TRUE,2015,5390,טייבה (בעמק),TAYIBE(BAEMEQ),2,לא יהודי,1750,880,880,570,210,340,580,60,0.368358023084362,4750.8127699969,0.0342857142857143,24
497,טייבה (בעמק),טייבהבעמק,142.92744793852177,0,NA,NA,no_red_alert,2019,0.395641240569992,Party_turnout,TRUE,2019,5385,טייבה (בעמק),TAYIBE(BAEMEQ),2,לא יהודי,1865,937,927,575,193,366,648,0,0.368358023084362,5063.00903773956,0,NA
497,טייבה (בעמק),טייבהבעמק,142.92744793852177,0,NA,NA,no_red_alert,2019,0.524979524979525,Party_turnout,TRUE,2019.2,5385,טייבה (בעמק),TAYIBE(BAEMEQ),2,לא יהודי,1865,937,927,575,193,366,648,0,0.368358023084362,5063.00903773956,0,NA
497,טייבה (בעמק),טייבהבעמק,142.92744793852177,0,NA,NA,no_red_alert,2020,0.571544715447154,Party_turnout,TRUE,2020,5386,טייבה (בעמק),TAYIBE(BAEMEQ),2,לא יהודי,1918,967,948,592,182,391,665,0,0.368358023084362,5206.89079591661,0,NA
497,טייבה (בעמק),טייבהבעמק,142.92744793852177,0,NA,NA,no_red_alert,2021,0.365141955835962,Party_turnout,TRUE,2021,5382,טייבה (בעמק),TAYIBE(BAEMEQ),2,לא יהודי,1965,989,976,602,176,391,701,94,0.368358023084362,5334.48405316795,0.0478371501272265,NA
497,טייבה (בעמק),טייבהבעמק,142.92744793852177,0,NA,NA,no_red_alert,2022,0.461302681992337,Party_turnout,TRUE,2022,5383,טייבה (בעמק),TAYIBE(BAEMEQ),2,לא יהודי,1986,1003,983,618,170,373,725,98,0.368358023084362,5391.49380640792,0.0493454179254783,NA
499,יפיע,יפיע,139.89603720158735,1,6,1,temporal_distance == 6,2006,0.382614805141674,Party_turnout,FALSE,2006,5423,יפיע,YAFI,2,NA,16888,NA,NA,NA,NA,NA,NA,NA,4.08033975277958,4138.87103114285,NA,59.6
499,יפיע,יפיע,139.89603720158735,1,6,1,temporal_distance == 6,2009,0.447860962566845,Party_turnout,FALSE,2009,5411,יפיע,YAFI,2,NA,16477,NA,NA,NA,NA,NA,NA,NA,4.08033975277958,4038.1441248307,NA,58.6666666666667
499,יפיע,יפיע,139.89603720158735,1,6,1,temporal_distance == 6,2013,0.555931583279978,Party_turnout,FALSE,2013,5421,יפיע,YAFI,2,לא יהודי,17670,8880,8800,5570,1900,2870,6460,870,4.08033975277958,4330.52173852997,0.0492359932088285,61.8
499,יפיע,יפיע,139.89603720158735,1,6,1,temporal_distance == 6,2015,0.647175678010019,Party_turnout,TRUE,2015,5419,יפיע,YAFI,2,לא יהודי,18230,9160,9080,5540,1990,3050,6740,920,4.08033975277958,4467.76521185068,0.0504662643993417,61.4
499,יפיע,יפיע,139.89603720158735,1,6,1,temporal_distance == 6,2019,0.446944336317633,Party_turnout,TRUE,2019,5410,יפיע,YAFI,2,לא יהודי,19151,9664,9487,5288,1965,3468,7285,1145,4.08033975277958,4693.48170993704,0.0597880006265991,NA
499,יפיע,יפיע,139.89603720158735,1,6,1,temporal_distance == 6,2019,0.616880621108463,Party_turnout,TRUE,2019.2,5410,יפיע,YAFI,2,לא יהודי,19151,9664,9487,5288,1965,3468,7285,1145,4.08033975277958,4693.48170993704,0.0597880006265991,NA
499,יפיע,יפיע,139.89603720158735,1,6,1,temporal_distance == 6,2020,0.66037020179032,Party_turnout,TRUE,2020,5420,יפיע,YAFI,2,לא יהודי,19300,9778,9523,5220,1872,3557,7442,1209,4.08033975277958,4729.99827694559,0.0626424870466321,NA
499,יפיע,יפיע,139.89603720158735,1,6,1,temporal_distance == 6,2021,0.422056631892697,Party_turnout,TRUE,2021,5413,יפיע,YAFI,2,לא יהודי,19538,9901,9637,5221,1796,3659,7583,1279,4.08033975277958,4788.32675310688,0.0654621762718804,NA
499,יפיע,יפיע,139.89603720158735,1,6,1,temporal_distance == 6,2022,0.494588744588745,Party_turnout,TRUE,2022,5418,יפיע,YAFI,2,לא יהודי,19704,9980,9724,5163,1805,3607,7769,1359,4.08033975277958,4829.00963984124,0.0689707673568818,NA
509,כפר כנא,כפרכנא,149.54272541848368,1,6,1,temporal_distance == 6,2006,0.590148534056424,Party_turnout,FALSE,2006,5513,כפר כנא,KAFAR KANNA,2,NA,18007,NA,NA,NA,NA,NA,NA,NA,10.0526944071553,1791.26105605906,NA,57.25
509,כפר כנא,כפרכנא,149.54272541848368,1,6,1,temporal_distance == 6,2009,0.580777096114519,Party_turnout,FALSE,2009,5511,כפר כנא,KAFAR KANNA,2,NA,18765,NA,NA,NA,NA,NA,NA,NA,10.0526944071553,1866.66372615918,NA,53.5333333333333
509,כפר כנא,כפרכנא,149.54272541848368,1,6,1,temporal_distance == 6,2013,0.598272322955867,Party_turnout,FALSE,2013,5505,כפר כנא,KAFAR KANNA,2,לא יהודי,20520,10370,10150,7220,2240,3360,6890,810,10.0526944071553,2041.2437868791,0.0394736842105263,61.0833333333333
509,כפר כנא,כפרכנא,149.54272541848368,1,6,1,temporal_distance == 6,2015,0.699729772691146,Party_turnout,TRUE,2015,5503,כפר כנא,KAFAR KANNA,2,לא יהודי,21300,10800,10500,7160,2430,3570,7220,920,10.0526944071553,2118.83492497685,0.0431924882629108,58
509,כפר כנא,כפרכנא,149.54272541848368,1,6,1,temporal_distance == 6,2019,0.483710850111857,Party_turnout,TRUE,2019,5508,כפר כנא,KAFAR KANNA,2,לא יהודי,22751,11607,11144,6933,2551,4123,7978,1166,10.0526944071553,2263.17433700226,0.051250494483759,NA
509,כפר כנא,כפרכנא,149.54272541848368,1,6,1,temporal_distance == 6,2019,0.628786310632719,Party_turnout,TRUE,2019.2,5508,כפר כנא,KAFAR KANNA,2,לא יהודי,22751,11607,11144,6933,2551,4123,7978,1166,10.0526944071553,2263.17433700226,0.051250494483759,NA
509,כפר כנא,כפרכנא,149.54272541848368,1,6,1,temporal_distance == 6,2020,0.710316649642492,Party_turnout,TRUE,2020,5516,כפר כנא,KAFAR KANNA,2,לא יהודי,23265,11880,11384,7018,2437,4338,8220,1252,10.0526944071553,2314.30490749232,0.0538147431764453,NA
509,כפר כנא,כפרכנא,149.54272541848368,1,6,1,temporal_distance == 6,2021,0.481335176772664,Party_turnout,TRUE,2021,5515,כפר כנא,KAFAR KANNA,2,לא יהודי,23705,12110,11595,7022,2430,4453,8478,1321,10.0526944071553,2358.07426744489,0.0557266399493778,NA
509,כפר כנא,כפרכנא,149.54272541848368,1,6,1,temporal_distance == 6,2022,0.525288152673679,Party_turnout,TRUE,2022,5509,כפר כנא,KAFAR KANNA,2,לא יהודי,24108,12310,11799,7073,2384,4537,8726,1388,10.0526944071553,2398.16302212872,0.057574249211879903,NA
511,עילוט,עילוט,143.17972498965,1,6,1,temporal_distance == 6,2006,0.454412705013454,Party_turnout,FALSE,2006,5545,עילוט,ILUT,2,NA,6628,NA,NA,NA,NA,NA,NA,NA,3.07729651107425,2153.83859701132,NA,60.25
511,עילוט,עילוט,143.17972498965,1,6,1,temporal_distance == 6,2009,0.414387308533917,Party_turnout,FALSE,2009,5536,עילוט,ILUT,2,NA,6890,NA,NA,NA,NA,NA,NA,NA,3.07729651107425,2238.97826394207,NA,58.5
511,עילוט,עילוט,143.17972498965,1,6,1,temporal_distance == 6,2013,0.464491362763916,Party_turnout,FALSE,2013,5548,עילוט,ILUT,2,לא יהודי,7290,3730,3570,2580,850,1230,2370,250,3.07729651107425,2368.96248826381,0.0342935528120713,63
511,עילוט,עילוט,143.17972498965,1,6,1,temporal_distance == 6,2015,0.433743016759777,Party_turnout,TRUE,2015,5538,עילוט,ILUT,2,לא יהודי,7580,3890,3690,2630,810,1360,2520,270,3.07729651107425,2463.20105089708,0.0356200527704486,58.75
511,עילוט,עילוט,143.17972498965,1,6,1,temporal_distance == 6,2019,0.280876883930319,Party_turnout,TRUE,2019,5535,עילוט,ILUT,2,לא יהודי,8356,4283,4073,2670,905,1588,2880,311,3.07729651107425,2715.37044608126,0.0372187649593107,NA
511,עילוט,עילוט,143.17972498965,1,6,1,temporal_distance == 6,2019,0.493431221020093,Party_turnout,TRUE,2019.2,5535,עילוט,ILUT,2,לא יהודי,8356,4283,4073,2670,905,1588,2880,311,3.07729651107425,2715.37044608126,0.0372187649593107,NA
511,עילוט,עילוט,143.17972498965,1,6,1,temporal_distance == 6,2020,0.628163653663178,Party_turnout,TRUE,2020,5543,עילוט,ILUT,2,לא יהודי,8536,4376,4161,2696,911,1623,2966,340,3.07729651107425,2773.86334702605,0.0398313027179007,NA
511,עילוט,עילוט,143.17972498965,1,6,1,temporal_distance == 6,2021,0.321790384969608,Party_turnout,TRUE,2021,5539,עילוט,ILUT,2,לא יהודי,8654,4428,4226,2683,887,1663,3061,358,3.07729651107425,2812.20869320096,0.0413681534550497,NA
511,עילוט,עילוט,143.17972498965,1,6,1,temporal_distance == 6,2022,0.463978965819457,Party_turnout,TRUE,2022,5547,עילוט,ILUT,2,לא יהודי,8863,4516,4347,2729,863,1708,3192,373,3.07729651107425,2880.12545040908,0.0420850727744556,NA
512,כפר מצר,כפרמצר,145.6107882685356,1,6,1,temporal_distance == 6,2006,0.566371574462942,Party_turnout,FALSE,2006,5552,כפר מצר,KAFAR MISR,2,NA,2300,NA,NA,NA,NA,NA,NA,NA,0.373338572855322,6160.62782479031,NA,25.75
512,כפר מצר,כפרמצר,145.6107882685356,1,6,1,temporal_distance == 6,2009,0.451010886469673,Party_turnout,FALSE,2009,5556,כפר מצר,KAFAR MISR,2,NA,2397,NA,NA,NA,NA,NA,NA,NA,0.373338572855322,6420.44560696624,NA,27
512,כפר מצר,כפרמצר,145.6107882685356,1,6,1,temporal_distance == 6,2013,0.510076441973593,Party_turnout,FALSE,2013,5553,כפר מצר,KAFAR MISR,2,לא יהודי,2540,1320,1220,900,290,390,860,90,0.373338572855322,6803.47594563799,0.0354330708661417,27.75
512,כפר מצר,כפרמצר,145.6107882685356,1,6,1,temporal_distance == 6,2015,0.613029315960912,Party_turnout,TRUE,2015,5550,כפר מצר,KAFAR MISR,2,לא יהודי,2600,1350,1240,860,330,420,900,90,0.373338572855322,6964.18797584991,0.0346153846153846,35
512,כפר מצר,כפרמצר,145.6107882685356,1,6,1,temporal_distance == 6,2019,0.451170759565962,Party_turnout,TRUE,2019,5549,כפר מצר,KAFAR MISR,2,לא יהודי,2750,1424,1326,786,346,517,977,121,0.373338572855322,7365.96805137971,0.044,NA
512,כפר מצר,כפרמצר,145.6107882685356,1,6,1,temporal_distance == 6,2019,0.651123595505618,Party_turnout,TRUE,2019.2,5549,כפר מצר,KAFAR MISR,2,לא יהודי,2750,1424,1326,786,346,517,977,121,0.373338572855322,7365.96805137971,0.044,NA
512,כפר מצר,כפרמצר,145.6107882685356,1,6,1,temporal_distance == 6,2020,0.650662251655629,Party_turnout,TRUE,2020,5558,כפר מצר,KAFAR MISR,2,לא יהודי,2778,1447,1328,790,318,535,1004,131,0.373338572855322,7440.96699881194,0.0471562275017999,NA
512,כפר מצר,כפרמצר,145.6107882685356,1,6,1,temporal_distance == 6,2021,0.467024128686327,Party_turnout,TRUE,2021,5560,כפר מצר,KAFAR MISR,2,לא יהודי,2805,1468,1338,770,311,546,1038,139,0.373338572855322,7513.28741240731,0.049554367201426,NA
512,כפר מצר,כפרמצר,145.6107882685356,1,6,1,temporal_distance == 6,2022,0.540832049306626,Party_turnout,TRUE,2022,5557,כפר מצר,KAFAR MISR,2,לא יהודי,2828,1479,1349,758,304,561,1058,148,0.373338572855322,7574.89369065521,0.0523338048090523,NA
520,משהד,משהד,148.51410936982876,0,NA,NA,no_red_alert,2006,0.487245744766091,Party_turnout,FALSE,2006,5630,משהד,MESHHED,2,NA,6885,NA,NA,NA,NA,NA,NA,NA,7.18499330561727,958.247239370045,NA,60.1666666666667
520,משהד,משהד,148.51410936982876,0,NA,NA,no_red_alert,2009,0.503885685635498,Party_turnout,FALSE,2009,5629,משהד,MESHHED,2,NA,7062,NA,NA,NA,NA,NA,NA,NA,7.18499330561727,982.881917854939,NA,57.3333333333333
520,משהד,משהד,148.51410936982876,0,NA,NA,no_red_alert,2013,0.563266199649737,Party_turnout,FALSE,2013,5639,משהד,MESHHED,2,לא יהודי,7590,3880,3720,2610,850,1420,2410,310,7.18499330561727,1056.36841638615,0.0408432147562582,62.75
520,משהד,משהד,148.51410936982876,0,NA,NA,no_red_alert,2015,0.686773996331771,Party_turnout,TRUE,2015,5632,משהד,MESHHED,2,לא יהודי,7860,4030,3830,2620,880,1460,2550,350,7.18499330561727,1093.9467394987,0.044529262086514,59.4166666666667
520,משהד,משהד,148.51410936982876,0,NA,NA,no_red_alert,2019,0.492769540545488,Party_turnout,TRUE,2019,5637,משהד,MESHHED,2,לא יהודי,8373,4323,4051,2622,863,1603,2878,406,7.18499330561727,1165.34555341255,0.0484891914487042,NA
520,משהד,משהד,148.51410936982876,0,NA,NA,no_red_alert,2019,0.589563019140484,Party_turnout,TRUE,2019.2,5637,משהד,MESHHED,2,לא יהודי,8373,4323,4051,2622,863,1603,2878,406,7.18499330561727,1165.34555341255,0.0484891914487042,NA
520,משהד,משהד,148.51410936982876,0,NA,NA,no_red_alert,2020,0.677753934191702,Party_turnout,TRUE,2020,5627,משהד,MESHHED,2,לא יהודי,8485,4387,4100,2599,846,1655,2958,427,7.18499330561727,1180.93359855553,0.0503241013553329,NA
520,משהד,משהד,148.51410936982876,0,NA,NA,no_red_alert,2021,0.49608899704502,Party_turnout,TRUE,2021,5638,משהד,MESHHED,2,לא יהודי,8655,4486,4169,2636,840,1650,3084,445,7.18499330561727,1204.59402421899,0.0514153668399769,NA
520,משהד,משהד,148.51410936982876,0,NA,NA,no_red_alert,2022,0.484259879437374,Party_turnout,TRUE,2022,5635,משהד,MESHHED,2,לא יהודי,8771,4556,4214,2637,841,1637,3183,473,7.18499330561727,1220.73878525994,0.0539277163379318,NA
523,ניין,ניין,140.13126435206604,0,NA,NA,no_red_alert,2006,0.320638396274377,Party_turnout,FALSE,2006,5677,ניין,NEIN,2,NA,1641,NA,NA,NA,NA,NA,NA,NA,0.464320557686493,3534.19630648358,NA,56.8
523,ניין,ניין,140.13126435206604,0,NA,NA,no_red_alert,2009,0.576719576719577,Party_turnout,FALSE,2009,5675,ניין,NEIN,2,NA,1598,NA,NA,NA,NA,NA,NA,NA,0.464320557686493,3441.58787188347,NA,58
523,ניין,ניין,140.13126435206604,0,NA,NA,no_red_alert,2013,0.744821092278719,Party_turnout,FALSE,2013,5684,ניין,NEIN,2,לא יהודי,1730,860,860,540,210,260,630,90,0.464320557686493,3725.87422926057,0.0520231213872832,57.4
523,ניין,ניין,140.13126435206604,0,NA,NA,no_red_alert,2015,0.780678851174935,Party_turnout,TRUE,2015,5683,ניין,NEIN,2,לא יהודי,1770,890,880,530,210,280,650,100,0.464320557686493,3812.02161028394,0.0564971751412429,60.4
523,ניין,ניין,140.13126435206604,0,NA,NA,no_red_alert,2019,0.520976353928299,Party_turnout,TRUE,2019,5678,ניין,NEIN,2,לא יהודי,1876,937,940,486,199,356,707,127,0.464320557686493,4040.31216999586,0.0676972281449893,NA
523,ניין,ניין,140.13126435206604,0,NA,NA,no_red_alert,2019,0.6,Party_turnout,TRUE,2019.2,5678,ניין,NEIN,2,לא יהודי,1876,937,940,486,199,356,707,127,0.464320557686493,4040.31216999586,0.0676972281449893,NA
523,ניין,ניין,140.13126435206604,0,NA,NA,no_red_alert,2020,0.655018587360595,Party_turnout,TRUE,2020,5674,ניין,NEIN,2,לא יהודי,1898,956,943,476,204,364,721,133,0.464320557686493,4087.69322955871,0.0700737618545838,NA
523,ניין,ניין,140.13126435206604,0,NA,NA,no_red_alert,2021,0.539752005835157,Party_turnout,TRUE,2021,5682,ניין,NEIN,2,לא יהודי,1959,986,973,500,196,375,753,134,0.464320557686493,4219.06798561934,0.0684022460439,NA
523,ניין,ניין,140.13126435206604,0,NA,NA,no_red_alert,2022,0.516597510373444,Party_turnout,TRUE,2022,5681,ניין,NEIN,2,לא יהודי,1994,1000,994,507,183,388,767,147,0.464320557686493,4294.44694401479,0.0737211634904714,NA
524,נאעורה,נאעורה,140.98120144874008,1,6,1,temporal_distance == 6,2006,0.324442257217848,Party_turnout,FALSE,2006,5697,נאעורה,NA'URA,2,NA,1778,NA,NA,NA,NA,NA,NA,NA,0.710482072162955,2502.52619969304,NA,25
524,נאעורה,נאעורה,140.98120144874008,1,6,1,temporal_distance == 6,2009,0.562264150943396,Party_turnout,FALSE,2009,5687,נאעורה,NA'URA,2,NA,1865,NA,NA,NA,NA,NA,NA,NA,0.710482072162955,2624.97826908185,NA,33.5
524,נאעורה,נאעורה,140.98120144874008,1,6,1,temporal_distance == 6,2013,0.549166666666667,Party_turnout,FALSE,2013,5689,נאעורה,NA'URA,2,לא יהודי,2030,1030,1010,760,180,320,710,70,0.710482072162955,2857.21495240544,0.0344827586206897,33
524,נאעורה,נאעורה,140.98120144874008,1,6,1,temporal_distance == 6,2015,0.615566037735849,Party_turnout,TRUE,2015,5699,נאעורה,NA'URA,2,לא יהודי,2130,1080,1050,780,190,330,750,80,0.710482072162955,2997.96445745005,0.0375586854460094,44
524,נאעורה,נאעורה,140.98120144874008,1,6,1,temporal_distance == 6,2019,0.431386347642505,Party_turnout,TRUE,2019,5695,נאעורה,NA'URA,2,לא יהודי,2324,1185,1138,775,268,358,818,107,0.710482072162955,3271.01849723658,0.0460413080895009,NA
524,נאעורה,נאעורה,140.98120144874008,1,6,1,temporal_distance == 6,2019,0.60854583046175,Party_turnout,TRUE,2019.2,5695,נאעורה,NA'URA,2,לא יהודי,2324,1185,1138,775,268,358,818,107,0.710482072162955,3271.01849723658,0.0460413080895009,NA
524,נאעורה,נאעורה,140.98120144874008,1,6,1,temporal_distance == 6,2020,0.711368277739959,Party_turnout,TRUE,2020,5692,נאעורה,NA'URA,2,לא יהודי,2350,1200,1145,753,270,387,830,110,0.710482072162955,3307.61336854817,0.0468085106382979,NA
524,נאעורה,נאעורה,140.98120144874008,1,6,1,temporal_distance == 6,2021,0.395424836601307,Party_turnout,TRUE,2021,5688,נאעורה,NA'URA,2,לא יהודי,2393,1223,1170,759,258,413,845,119,0.710482072162955,3368.13565571735,0.0497283744254074,NA
524,נאעורה,נאעורה,140.98120144874008,1,6,1,temporal_distance == 6,2022,0.540880503144654,Party_turnout,TRUE,2022,5700,נאעורה,NA'URA,2,לא יהודי,2421,1235,1186,749,261,409,874,128,0.710482072162955,3407.54551712984,0.0528707145807518,NA
526,סולם,סולם,137.10858256388252,0,NA,NA,no_red_alert,2006,0.433151503397765,Party_turnout,FALSE,2006,5727,סולם,SULAM,2,NA,2434,NA,NA,NA,NA,NA,NA,NA,0.389428375702383,6250.18656026278,NA,30.3333333333333
526,סולם,סולם,137.10858256388252,0,NA,NA,no_red_alert,2009,0.622309197651663,Party_turnout,FALSE,2009,5718,סולם,SULAM,2,NA,2176,NA,NA,NA,NA,NA,NA,NA,0.389428375702383,5587.6770563401,NA,49
526,סולם,סולם,137.10858256388252,0,NA,NA,no_red_alert,2013,0.643908181283108,Party_turnout,FALSE,2013,5720,סולם,SULAM,2,לא יהודי,2360,1190,1170,750,220,430,850,120,0.389428375702383,6060.16445448651,0.0508474576271186,35
526,סולם,סולם,137.10858256388252,0,NA,NA,no_red_alert,2015,0.742920599666852,Party_turnout,TRUE,2015,5719,סולם,SULAM,2,לא יהודי,2470,1250,1220,780,210,450,890,140,0.389428375702383,6342.62974685664,0.0566801619433198,56.6666666666667
526,סולם,סולם,137.10858256388252,0,NA,NA,no_red_alert,2019,0.443482688391039,Party_turnout,TRUE,2019,5726,סולם,SULAM,2,לא יהודי,2609,1308,1301,733,268,452,980,176,0.389428375702383,6699.56316176072,0.0674587964737447,NA
526,סולם,סולם,137.10858256388252,0,NA,NA,no_red_alert,2019,0.614646464646465,Party_turnout,TRUE,2019.2,5726,סולם,SULAM,2,לא יהודי,2609,1308,1301,733,268,452,980,176,0.389428375702383,6699.56316176072,0.0674587964737447,NA
526,סולם,סולם,137.10858256388252,0,NA,NA,no_red_alert,2020,0.665009940357853,Party_turnout,TRUE,2020,5723,סולם,SULAM,2,לא יהודי,2642,1318,1321,733,252,466,1008,183,0.389428375702383,6784.30274947176,0.0692657077971234,NA
526,סולם,סולם,137.10858256388252,0,NA,NA,no_red_alert,2021,0.396726047183438,Party_turnout,TRUE,2021,5730,סולם,SULAM,2,לא יהודי,2661,1328,1333,722,250,453,1047,188,0.389428375702383,6833.09220906296,0.0706501315295002,NA
526,סולם,סולם,137.10858256388252,0,NA,NA,no_red_alert,2022,0.532303370786517,Party_turnout,TRUE,2022,5721,סולם,SULAM,2,לא יהודי,2710,1357,1353,727,233,464,1094,192,0.389428375702383,6958.91765748239,0.0708487084870849,NA
529,אעבלין,אעבלין,149.93115530801782,0,NA,NA,no_red_alert,2006,0.570445776851075,Party_turnout,FALSE,2006,5765,אעבלין,I'BILLIN,2,NA,10951,NA,NA,NA,NA,NA,NA,NA,12.0237715306805,910.779115526008,NA,58.4705882352941
529,אעבלין,אעבלין,149.93115530801782,0,NA,NA,no_red_alert,2009,0.629694578401286,Party_turnout,FALSE,2009,5770,אעבלין,I'BILLIN,2,NA,11463,NA,NA,NA,NA,NA,NA,NA,12.0237715306805,953.361428296469,NA,57.0625
529,אעבלין,אעבלין,149.93115530801782,0,NA,NA,no_red_alert,2013,0.592108735814199,Party_turnout,FALSE,2013,5771,אעבלין,I'BILLIN,2,לא יהודי,12280,6150,6130,3820,1290,1910,4650,600,12.0237715306805,1021.31015785402,0.0488599348534202,61.7058823529412
529,אעבלין,אעבלין,149.93115530801782,0,NA,NA,no_red_alert,2015,0.610696517412935,Party_turnout,TRUE,2015,5762,אעבלין,I'BILLIN,2,לא יהודי,12690,6400,6290,3790,1390,2000,4860,650,12.0237715306805,1055.40927550224,0.0512214342001576,58.2941176470588
529,אעבלין,אעבלין,149.93115530801782,0,NA,NA,no_red_alert,2019,0.505778076966229,Party_turnout,TRUE,2019,5774,אעבלין,I'BILLIN,2,לא יהודי,13305,6698,6607,3619,1345,2318,5192,834,12.0237715306805,1106.55795197457,0.0626832018038331,NA
529,אעבלין,אעבלין,149.93115530801782,0,NA,NA,no_red_alert,2019,0.62854609929078,Party_turnout,TRUE,2019.2,5774,אעבלין,I'BILLIN,2,לא יהודי,13305,6698,6607,3619,1345,2318,5192,834,12.0237715306805,1106.55795197457,0.0626832018038331,NA
529,אעבלין,אעבלין,149.93115530801782,0,NA,NA,no_red_alert,2020,0.684534270650264,Party_turnout,TRUE,2020,5776,אעבלין,I'BILLIN,2,לא יהודי,13545,6816,6732,3627,1323,2381,5341,873,12.0237715306805,1126.51841108573,0.0644518272425249,NA
529,אעבלין,אעבלין,149.93115530801782,0,NA,NA,no_red_alert,2021,0.497486362177773,Party_turnout,TRUE,2021,5766,אעבלין,I'BILLIN,2,לא יהודי,13692,6912,6781,3604,1293,2391,5484,920,12.0237715306805,1138.74419229131,0.0671925211802512,NA
529,אעבלין,אעבלין,149.93115530801782,0,NA,NA,no_red_alert,2022,0.593069101473335,Party_turnout,TRUE,2022,5772,אעבלין,I'BILLIN,2,לא יהודי,13843,6966,6877,3557,1299,2420,5588,977,12.0237715306805,1151.30264781541,0.0705771870259337,NA
532,עין מאהל,עיןמאהל,147.04154698208208,1,6,2,temporal_distance == 6,2006,0.55447276561006,Party_turnout,FALSE,2006,5815,עין מאהל,EIN MAHEL,2,NA,10836,NA,NA,NA,NA,NA,NA,NA,5.20661346180887,2081.19924390073,NA,49.125
532,עין מאהל,עיןמאהל,147.04154698208208,1,6,2,temporal_distance == 6,2009,0.558832758079699,Party_turnout,FALSE,2009,5820,עין מאהל,EIN MAHEL,2,NA,11175,NA,NA,NA,NA,NA,NA,NA,5.20661346180887,2146.30874405599,NA,49.5
532,עין מאהל,עיןמאהל,147.04154698208208,1,6,2,temporal_distance == 6,2013,0.613648947951274,Party_turnout,FALSE,2013,5819,עין מאהל,EIN MAHEL,2,לא יהודי,12070,6150,5920,4110,1260,2030,4220,440,5.20661346180887,2318.20550700276,0.0364540182270091,51.875
532,עין מאהל,עיןמאהל,147.04154698208208,1,6,2,temporal_distance == 6,2015,0.739665673189063,Party_turnout,TRUE,2015,5808,עין מאהל,EIN MAHEL,2,לא יהודי,12480,6360,6120,3970,1430,2180,4420,490,5.20661346180887,2396.95151014038,0.0392628205128205,54.375
532,עין מאהל,עיןמאהל,147.04154698208208,1,6,2,temporal_distance == 6,2019,0.4435318275154,Party_turnout,TRUE,2019,5817,עין מאהל,EIN MAHEL,2,לא יהודי,13335,6776,6560,3751,1562,2483,4907,634,5.20661346180887,2561.16573619567,0.0475440569928759,NA
532,עין מאהל,עיןמאהל,147.04154698208208,1,6,2,temporal_distance == 6,2019,0.598337638998091,Party_turnout,TRUE,2019.2,5817,עין מאהל,EIN MAHEL,2,לא יהודי,13335,6776,6560,3751,1562,2483,4907,634,5.20661346180887,2561.16573619567,0.0475440569928759,NA
532,עין מאהל,עיןמאהל,147.04154698208208,1,6,2,temporal_distance == 6,2020,0.72952086553323,Party_turnout,TRUE,2020,5821,עין מאהל,EIN MAHEL,2,לא יהודי,13567,6878,6688,3773,1458,2575,5063,698,5.20661346180887,2605.72445016623,0.0514483673619813,NA
532,עין מאהל,עיןמאהל,147.04154698208208,1,6,2,temporal_distance == 6,2021,0.402292693379044,Party_turnout,TRUE,2021,5814,עין מאהל,EIN MAHEL,2,לא יהודי,13748,6975,6773,3755,1359,2705,5189,741,5.20661346180887,2640.48792960016,0.0538987489089322,NA
532,עין מאהל,עיןמאהל,147.04154698208208,1,6,2,temporal_distance == 6,2022,0.520644095788604,Party_turnout,TRUE,2022,5822,עין מאהל,EIN MAHEL,2,לא יהודי,13931,7074,6856,3793,1267,2792,5285,794,5.20661346180887,2675.63553587866,0.0569951905821549,NA
534,עספיא,עספיא,134.05622410374838,1,232,1,temporal_distance > 149,2006,NA,Party_turnout,FALSE,2006,NA,NA,NA,NA,NA,NA,NA,NA,NA,NA,NA,NA,NA,NA,NA,NA,NA
534,עספיא,עספיא,134.05622410374838,1,232,1,temporal_distance > 149,2009,NA,Party_turnout,FALSE,2009,5832,עספיא,ISIFYA,2,NA,10543,NA,NA,NA,NA,NA,NA,NA,7.18057087150781,1468.26766125715,NA,55
534,עספיא,עספיא,134.05622410374838,1,232,1,temporal_distance > 149,2013,0.498528847383907,Party_turnout,FALSE,2013,5828,עספיא,ISIFYA,2,לא יהודי,11550,5830,5720,3050,980,1870,4830,810,7.18057087150781,1608.5072073907,0.0701298701298701,60.1111111111111
534,עספיא,עספיא,134.05622410374838,1,232,1,temporal_distance > 149,2015,0.531299380089948,Party_turnout,TRUE,2015,5833,עספיא,ISIFYA,2,לא יהודי,11790,5950,5830,2980,990,1890,5050,880,7.18057087150781,1641.93073377804,0.0746395250212044,54
534,עספיא,עספיא,134.05622410374838,1,232,1,temporal_distance > 149,2019,0.504397194701102,Party_turnout,TRUE,2019,5826,עספיא,ISIFYA,2,לא יהודי,12503,6296,6207,2915,1057,1920,5508,1103,7.18057087150781,1741.22646008709,0.0882188274814045,NA
534,עספיא,עספיא,134.05622410374838,1,232,1,temporal_distance > 149,2019,0.571066828140482,Party_turnout,TRUE,2019.2,5826,עספיא,ISIFYA,2,לא יהודי,12503,6296,6207,2915,1057,1920,5508,1103,7.18057087150781,1741.22646008709,0.0882188274814045,NA
534,עספיא,עספיא,134.05622410374838,1,232,1,temporal_distance > 149,2020,0.560087241003272,Party_turnout,TRUE,2020,5831,עספיא,ISIFYA,2,לא יהודי,12612,6355,6259,2896,1025,1958,5584,1149,7.18057087150781,1756.40631165467,0.0911037107516651,NA
534,עספיא,עספיא,134.05622410374838,1,232,1,temporal_distance > 149,2021,0.416988416988417,Party_turnout,TRUE,2021,5834,עספיא,ISIFYA,2,לא יהודי,12746,6419,6327,2851,1026,2007,5649,1213,7.18057087150781,1775.06778055427,0.0951671112505884,NA
534,עספיא,עספיא,134.05622410374838,1,232,1,temporal_distance > 149,2022,0.517468619246862,Party_turnout,TRUE,2022,5837,עספיא,ISIFYA,2,לא יהודי,12896,6498,6398,2859,1029,2003,5761,1245,7.18057087150781,1795.95748454636,0.0965415632754342,NA
537,פוריידיס,פוריידיס,118.5765640046022,1,232,3,temporal_distance > 149,2006,0.27510095375768,Party_turnout,FALSE,2006,5870,פוריידיס,FUREIDIS,2,NA,10265,NA,NA,NA,NA,NA,NA,NA,4.05764897766898,2529.79004751096,NA,59.4285714285714
537,פוריידיס,פוריידיס,118.5765640046022,1,232,3,temporal_distance > 149,2009,0.393636930754835,Party_turnout,FALSE,2009,5878,פוריידיס,FUREIDIS,2,NA,11012,NA,NA,NA,NA,NA,NA,NA,4.05764897766898,2713.886800116,NA,54.1666666666667
537,פוריידיס,פוריידיס,118.5765640046022,1,232,3,temporal_distance > 149,2013,0.425750834260289,Party_turnout,FALSE,2013,5880,פוריידיס,FUREIDIS,2,לא יהודי,11870,6020,5850,3920,1140,2050,4280,480,4.05764897766898,2925.339295076,0.0404380791912384,62.4285714285714
537,פוריידיס,פוריידיס,118.5765640046022,1,232,3,temporal_distance > 149,2015,0.671302978611731,Party_turnout,TRUE,2015,5883,פוריידיס,FUREIDIS,2,לא יהודי,12390,6260,6130,3930,1280,2070,4580,530,4.05764897766898,3053.49232232448,0.0427764326069411,58.4285714285714
537,פוריידיס,פוריידיס,118.5765640046022,1,232,3,temporal_distance > 149,2019,0.640400471142521,Party_turnout,TRUE,2019,5873,פוריידיס,FUREIDIS,2,לא יהודי,13247,6676,6571,3939,1350,2215,5083,660,4.05764897766898,3264.69836915516,0.0498226013437005,NA
537,פוריידיס,פוריידיס,118.5765640046022,1,232,3,temporal_distance > 149,2019,0.557906976744186,Party_turnout,TRUE,2019.2,5873,פוריידיס,FUREIDIS,2,לא יהודי,13247,6676,6571,3939,1350,2215,5083,660,4.05764897766898,3264.69836915516,0.0498226013437005,NA
537,פוריידיס,פוריידיס,118.5765640046022,1,232,3,temporal_distance > 149,2020,0.60050597976081,Party_turnout,TRUE,2020,5872,פוריידיס,FUREIDIS,2,לא יהודי,13450,6770,6680,3917,1281,2375,5188,689,4.05764897766898,3314.72733940793,0.0512267657992565,NA
537,פוריידיס,פוריידיס,118.5765640046022,1,232,3,temporal_distance > 149,2021,0.290275599372619,Party_turnout,TRUE,2021,5871,פוריידיס,FUREIDIS,2,לא יהודי,13570,6822,6748,3864,1260,2405,5302,736,4.05764897766898,3344.30111492681,0.0542372881355932,NA
537,פוריידיס,פוריידיס,118.5765640046022,1,232,3,temporal_distance > 149,2022,0.387271937445699,Party_turnout,TRUE,2022,5877,פוריידיס,FUREIDIS,2,לא יהודי,13722,6897,6825,3842,1255,2404,5441,780,4.05764897766898,3381.76123058406,0.0568430257979886,NA
541,ג'סר א-זרקא,גסראזרקא,111.0296346501246,1,232,4,temporal_distance > 149,2006,0.279788404884744,Party_turnout,FALSE,2006,5934,ג'סר א-זרקא,JISR AZ-ZARQA,2,NA,11409,NA,NA,NA,NA,NA,NA,NA,1.60407823874766,7112.49596460287,NA,61
541,ג'סר א-זרקא,גסראזרקא,111.0296346501246,1,232,4,temporal_distance > 149,2009,0.222687122268712,Party_turnout,FALSE,2009,5932,ג'סר א-זרקא,JISR AZ-ZARQA,2,NA,12391,NA,NA,NA,NA,NA,NA,NA,1.60407823874766,7724.68555503498,NA,55.5
541,ג'סר א-זרקא,גסראזרקא,111.0296346501246,1,232,4,temporal_distance > 149,2013,0.409551176792556,Party_turnout,FALSE,2013,5942,ג'סר א-זרקא,JISR AZ-ZARQA,2,לא יהודי,13430,6660,6770,5190,1400,2330,4230,270,1.60407823874766,8372.40957179564,0.0201042442293373,63
541,ג'סר א-זרקא,גסראזרקא,111.0296346501246,1,232,4,temporal_distance > 149,2015,0.580852156057495,Party_turnout,TRUE,2015,5935,ג'סר א-זרקא,JISR AZ-ZARQA,2,לא יהודי,13960,6900,7060,5220,1520,2370,4520,330,1.60407823874766,8702.81739555229,0.0236389684813754,59
541,ג'סר א-זרקא,גסראזרקא,111.0296346501246,1,232,4,temporal_distance > 149,2019,0.217721518987342,Party_turnout,TRUE,2019,5943,ג'סר א-זרקא,JISR AZ-ZARQA,2,לא יהודי,14930,7427,7503,5151,1723,2627,4990,438,1.60407823874766,9307.52605412576,0.0293369055592766,NA
541,ג'סר א-זרקא,גסראזרקא,111.0296346501246,1,232,4,temporal_distance > 149,2019,0.420127070569548,Party_turnout,TRUE,2019.2,5943,ג'סר א-זרקא,JISR AZ-ZARQA,2,לא יהודי,14930,7427,7503,5151,1723,2627,4990,438,1.60407823874766,9307.52605412576,0.0293369055592766,NA
541,ג'סר א-זרקא,גסראזרקא,111.0296346501246,1,232,4,temporal_distance > 149,2020,0.555418165467626,Party_turnout,TRUE,2020,5929,ג'סר א-זרקא,JISR AZ-ZARQA,2,לא יהודי,15125,7530,7595,5109,1677,2741,5132,466,1.60407823874766,9429.09119682868,0.0308099173553719,NA
541,ג'סר א-זרקא,גסראזרקא,111.0296346501246,1,232,4,temporal_distance > 149,2021,0.24455574912892,Party_turnout,TRUE,2021,5937,ג'סר א-זרקא,JISR AZ-ZARQA,2,לא יהודי,15315,7646,7670,5068,1678,2798,5284,487,1.60407823874766,9547.53928459049,0.0317988899771466,NA
541,ג'סר א-זרקא,גסראזרקא,111.0296346501246,1,232,4,temporal_distance > 149,2022,0.433786610878661,Party_turnout,TRUE,2022,5930,ג'סר א-זרקא,JISR AZ-ZARQA,2,לא יהודי,15502,7736,7766,5035,1636,2882,5413,536,1.60407823874766,9664.11713938764,0.0345761837182299,NA
542,ריינה,ריינה,145.88012048320294,1,6,1,temporal_distance == 6,2006,0.447469578765882,Party_turnout,FALSE,2006,5945,ריינה,REINE,2,NA,16308,NA,NA,NA,NA,NA,NA,NA,10.8413270951527,1504.24388609135,NA,60.125
542,ריינה,ריינה,145.88012048320294,1,6,1,temporal_distance == 6,2009,0.462299278566442,Party_turnout,FALSE,2009,5953,ריינה,REINE,2,NA,17263,NA,NA,NA,NA,NA,NA,NA,10.8413270951527,1592.33273274436,NA,57.3529411764706
542,ריינה,ריינה,145.88012048320294,1,6,1,temporal_distance == 6,2013,0.536982866694526,Party_turnout,FALSE,2013,5956,ריינה,REINE,2,לא יהודי,17760,8990,8770,5510,1980,2960,6500,800,10.8413270951527,1638.17582885592,0.045045045045045,62.4375
542,ריינה,ריינה,145.88012048320294,1,6,1,temporal_distance == 6,2015,0.639815992952922,Party_turnout,TRUE,2015,5954,ריינה,REINE,2,לא יהודי,18480,9340,9140,5550,2140,3180,6740,870,10.8413270951527,1704.58836245819,0.0470779220779221,60.5
542,ריינה,ריינה,145.88012048320294,1,6,1,temporal_distance == 6,2019,0.460999201348833,Party_turnout,TRUE,2019,5957,ריינה,REINE,2,לא יהודי,19001,9685,9316,5268,1996,3543,7103,1091,10.8413270951527,1752.64520968983,0.0574180306299668,NA
542,ריינה,ריינה,145.88012048320294,1,6,1,temporal_distance == 6,2019,0.57765068191817,Party_turnout,TRUE,2019.2,5957,ריינה,REINE,2,לא יהודי,19001,9685,9316,5268,1996,3543,7103,1091,10.8413270951527,1752.64520968983,0.0574180306299668,NA
542,ריינה,ריינה,145.88012048320294,1,6,1,temporal_distance == 6,2020,0.67890870933893,Party_turnout,TRUE,2020,5947,ריינה,REINE,2,לא יהודי,19140,9762,9377,5256,1911,3587,7228,1158,10.8413270951527,1765.46651826027,0.0605015673981191,NA
542,ריינה,ריינה,145.88012048320294,1,6,1,temporal_distance == 6,2021,0.452674897119342,Party_turnout,TRUE,2021,5955,ריינה,REINE,2,לא יהודי,19265,9838,9427,5244,1850,3592,7365,1214,10.8413270951527,1776.99647201066,0.0630158318193615,NA
542,ריינה,ריינה,145.88012048320294,1,6,1,temporal_distance == 6,2022,0.527886947069153,Party_turnout,TRUE,2022,5958,ריינה,REINE,2,לא יהודי,19397,9901,9496,5220,1781,3604,7470,1321,10.8413270951527,1789.17210317108,0.0681033149456101,NA
547,טמרה (יזרעאל),טמרהיזרעאל,143.4555401007914,1,6,1,temporal_distance == 6,2006,0.446801717170856,Party_turnout,FALSE,2006,5998,טמרה (יזרעאל),TAMRA (YIZRE'EL),2,NA,1261,NA,NA,NA,NA,NA,NA,NA,0.2859297912759,4410.17354075999,NA,28.5
547,טמרה (יזרעאל),טמרהיזרעאל,143.4555401007914,1,6,1,temporal_distance == 6,2009,0.685560053981107,Party_turnout,FALSE,2009,5993,טמרה (יזרעאל),TAMRA (YIZRE'EL),2,NA,1357,NA,NA,NA,NA,NA,NA,NA,0.2859297912759,4745.92029723339,NA,31.3333333333333
547,טמרה (יזרעאל),טמרהיזרעאל,143.4555401007914,1,6,1,temporal_distance == 6,2013,0.504181600955794,Party_turnout,FALSE,2013,5994,טמרה (יזרעאל),TAMRA (YIZRE'EL),2,לא יהודי,1460,740,730,530,170,200,510,50,0.2859297912759,5106.14858803297,0.0342465753424658,29
547,טמרה (יזרעאל),טמרהיזרעאל,143.4555401007914,1,6,1,temporal_distance == 6,2015,0.821714285714286,Party_turnout,TRUE,2015,6004,טמרה (יזרעאל),TAMRA (YIZRE'EL),2,לא יהודי,1510,760,750,520,180,230,520,60,0.2859297912759,5281.01669036287,0.0397350993377483,37.5
547,טמרה (יזרעאל),טמרהיזרעאל,143.4555401007914,1,6,1,temporal_distance == 6,2019,0.545454545454545,Party_turnout,TRUE,2019,6001,טמרה (יזרעאל),TAMRA (YIZRE'EL),2,לא יהודי,1601,801,801,504,184,251,581,0,0.2859297912759,5599.27663660328,0,NA
547,טמרה (יזרעאל),טמרהיזרעאל,143.4555401007914,1,6,1,temporal_distance == 6,2019,0.548104956268222,Party_turnout,TRUE,2019.2,6001,טמרה (יזרעאל),TAMRA (YIZRE'EL),2,לא יהודי,1601,801,801,504,184,251,581,0,0.2859297912759,5599.27663660328,0,NA
547,טמרה (יזרעאל),טמרהיזרעאל,143.4555401007914,1,6,1,temporal_distance == 6,2020,0.693857965451056,Party_turnout,TRUE,2020,6002,טמרה (יזרעאל),TAMRA (YIZRE'EL),2,לא יהודי,1623,809,811,500,159,286,594,84,0.2859297912759,5676.21860162843,0.0517560073937153,NA
547,טמרה (יזרעאל),טמרהיזרעאל,143.4555401007914,1,6,1,temporal_distance == 6,2021,0.425373134328358,Party_turnout,TRUE,2021,5997,טמרה (יזרעאל),TAMRA (YIZRE'EL),2,לא יהודי,1656,823,833,491,157,307,610,91,0.2859297912759,5791.63154916617,0.054951690821256,NA
547,טמרה (יזרעאל),טמרהיזרעאל,143.4555401007914,1,6,1,temporal_distance == 6,2022,0.457399103139013,Party_turnout,TRUE,2022,5999,טמרה (יזרעאל),TAMRA (YIZRE'EL),2,לא יהודי,1677,843,834,497,147,318,615,101,0.2859297912759,5865.07615214472,0.060226595110316,NA
549,גנות הדר,גנותהדר,89.11942088314495,0,NA,NA,no_red_alert,2006,0.660483870967742,Party_turnout,FALSE,2006,6006,גנות הדר,GANNOT HADAR,1,NA,682,NA,NA,NA,NA,NA,NA,NA,0.222103079953466,3070.64629694865,NA,61
549,גנות הדר,גנותהדר,89.11942088314495,0,NA,NA,no_red_alert,2009,0.8,Party_turnout,FALSE,2009,6010,גנות הדר,GANNOT HADAR,1,NA,778,NA,NA,NA,NA,NA,NA,NA,0.222103079953466,3502.87803376254,NA,59
549,גנות הדר,גנותהדר,89.11942088314495,0,NA,NA,no_red_alert,2013,0.791304347826087,Party_turnout,FALSE,2013,6016,גנות הדר,GANNOT HADAR,1,יהודי,870,450,430,270,70,120,380,40,0.222103079953466,3917.10011487584,0.0459770114942529,63
549,גנות הדר,גנותהדר,89.11942088314495,0,NA,NA,no_red_alert,2015,0.823333333333333,Party_turnout,TRUE,2015,6013,גנות הדר,GANNOT HADAR,1,יהודי,910,470,440,250,90,130,390,50,0.222103079953466,4097.19667188163,0.0549450549450549,63
549,גנות הדר,גנותהדר,89.11942088314495,0,NA,NA,no_red_alert,2019,0.769559032716927,Party_turnout,TRUE,2019,6007,גנות הדר,GANNOT HADAR,1,יהודי,971,507,463,229,101,145,400,0,0.222103079953466,4371.84392131545,0,NA
549,גנות הדר,גנותהדר,89.11942088314495,0,NA,NA,no_red_alert,2019,0.767605633802817,Party_turnout,TRUE,2019.2,6007,גנות הדר,GANNOT HADAR,1,יהודי,971,507,463,229,101,145,400,0,0.222103079953466,4371.84392131545,0,NA
549,גנות הדר,גנותהדר,89.11942088314495,0,NA,NA,no_red_alert,2020,0.76437587657784,Party_turnout,TRUE,2020,6011,גנות הדר,GANNOT HADAR,1,יהודי,965,506,453,213,106,145,397,0,0.222103079953466,4344.82943776459,0,NA
549,גנות הדר,גנותהדר,89.11942088314495,0,NA,NA,no_red_alert,2021,0.755894590846047,Party_turnout,TRUE,2021,6020,גנות הדר,GANNOT HADAR,1,יהודי,963,501,463,192,121,138,399,115,0.222103079953466,4335.8246099143,0.119418483904465,NA
549,גנות הדר,גנותהדר,89.11942088314495,0,NA,NA,no_red_alert,2022,0.727636849132176,Party_turnout,TRUE,2022,6009,גנות הדר,GANNOT HADAR,1,יהודי,946,489,457,177,109,157,383,0,0.222103079953466,4259.28357318684,0,NA
580,"כרם מהר""ל",כרםמהרל,125.40000044281226,0,NA,NA,no_red_alert,2006,0.587352423271919,Party_turnout,FALSE,2006,6311,"כרם מהר""ל",KEREM MAHARAL,1,NA,566,NA,NA,NA,NA,NA,NA,NA,0.476158340490427,1188.68021804898,NA,21
580,"כרם מהר""ל",כרםמהרל,125.40000044281226,0,NA,NA,no_red_alert,2009,0.799145299145299,Party_turnout,FALSE,2009,6305,"כרם מהר""ל",KEREM MAHARAL,1,NA,536,NA,NA,NA,NA,NA,NA,NA,0.476158340490427,1125.67596620893,NA,24
580,"כרם מהר""ל",כרםמהרל,125.40000044281226,0,NA,NA,no_red_alert,2013,0.762411347517731,Party_turnout,FALSE,2013,6312,"כרם מהר""ל",KEREM MAHARAL,1,יהודי,710,370,340,230,40,70,320,40,0.476158340490427,1491.10062688123,0.0563380281690141,21
580,"כרם מהר""ל",כרםמהרל,125.40000044281226,0,NA,NA,no_red_alert,2015,0.79933110367893,Party_turnout,TRUE,2015,6308,"כרם מהר""ל",KEREM MAHARAL,1,יהודי,710,360,340,220,50,80,310,60,0.476158340490427,1491.10062688123,0.0845070422535211,16
580,"כרם מהר""ל",כרםמהרל,125.40000044281226,0,NA,NA,no_red_alert,2019,0.777777777777778,Party_turnout,TRUE,2019,6306,"כרם מהר""ל",KEREM MAHARAL,1,יהודי,777,400,377,234,58,78,321,0,0.476158340490427,1631.81012265734,0,NA
580,"כרם מהר""ל",כרםמהרל,125.40000044281226,0,NA,NA,no_red_alert,2019,0.775384615384615,Party_turnout,TRUE,2019.2,6306,"כרם מהר""ל",KEREM MAHARAL,1,יהודי,777,400,377,234,58,78,321,0,0.476158340490427,1631.81012265734,0,NA
580,"כרם מהר""ל",כרםמהרל,125.40000044281226,0,NA,NA,no_red_alert,2020,0.767584097859327,Party_turnout,TRUE,2020,6313,"כרם מהר""ל",KEREM MAHARAL,1,יהודי,785,400,381,217,69,83,326,0,0.476158340490427,1648.61125648136,0,NA
580,"כרם מהר""ל",כרםמהרל,125.40000044281226,0,NA,NA,no_red_alert,2021,0.74591381872214,Party_turnout,TRUE,2021,6309,"כרם מהר""ל",KEREM MAHARAL,1,יהודי,768,397,371,202,77,79,314,0,0.476158340490427,1612.90884710533,0,NA
580,"כרם מהר""ל",כרםמהרל,125.40000044281226,0,NA,NA,no_red_alert,2022,0.714710252600297,Party_turnout,TRUE,2022,6307,"כרם מהר""ל",KEREM MAHARAL,1,יהודי,749,382,367,182,70,86,312,0,0.476158340490427,1573.00615427329,0,NA
586,מגידו,מגידו,126.76871560899062,1,6,3,temporal_distance == 6,2006,0.835782717255604,Party_turnout,FALSE,2006,6372,מגידו,MEGIDDO,1,NA,356,NA,NA,NA,NA,NA,NA,NA,0.323202747999609,1101.4757832456,NA,50.5
586,מגידו,מגידו,126.76871560899062,1,6,3,temporal_distance == 6,2009,0.801932367149758,Party_turnout,FALSE,2009,6367,מגידו,MEGIDDO,1,NA,619,NA,NA,NA,NA,NA,NA,NA,0.323202747999609,1915.20648828379,NA,43
586,מגידו,מגידו,126.76871560899062,1,6,3,temporal_distance == 6,2013,0.796703296703297,Party_turnout,FALSE,2013,6366,מגידו,MEGIDDO,1,יהודי,830,400,430,300,60,60,330,80,0.323202747999609,2568.04747217374,0.0963855421686747,57.25
586,מגידו,מגידו,126.76871560899062,1,6,3,temporal_distance == 6,2015,0.765811965811966,Party_turnout,TRUE,2015,6379,מגידו,MEGIDDO,1,יהודי,850,410,440,290,70,60,350,80,0.323202747999609,2629.92813415383,0.0941176470588235,46.25
586,מגידו,מגידו,126.76871560899062,1,6,3,temporal_distance == 6,2019,0.755233494363929,Party_turnout,TRUE,2019,6378,מגידו,MEGIDDO,1,יהודי,847,416,432,253,85,87,334,88,0.323202747999609,2620.64603485681,0.103896103896104,NA
586,מגידו,מגידו,126.76871560899062,1,6,3,temporal_distance == 6,2019,0.740858505564388,Party_turnout,TRUE,2019.2,6378,מגידו,MEGIDDO,1,יהודי,847,416,432,253,85,87,334,88,0.323202747999609,2620.64603485681,0.103896103896104,NA
586,מגידו,מגידו,126.76871560899062,1,6,3,temporal_distance == 6,2020,0.744479495268139,Party_turnout,TRUE,2020,6376,מגידו,MEGIDDO,1,יהודי,847,421,429,239,95,93,328,92,0.323202747999609,2620.64603485681,0.1086186540732,NA
586,מגידו,מגידו,126.76871560899062,1,6,3,temporal_distance == 6,2021,0.743076923076923,Party_turnout,TRUE,2021,6369,מגידו,MEGIDDO,1,יהודי,859,425,434,227,102,103,335,92,0.323202747999609,2657.77443204487,0.107101280558789,NA
586,מגידו,מגידו,126.76871560899062,1,6,3,temporal_distance == 6,2022,0.73900293255132,Party_turnout,TRUE,2022,6373,מגידו,MEGIDDO,1,יהודי,867,427,440,210,108,119,337,0,0.323202747999609,2682.5266968369,0,NA
590,נווה אור,נווהאור,148.09779090541176,1,6,1,temporal_distance == 6,2006,0.48921322915131,Party_turnout,FALSE,2006,6428,נווה אור,NEWE UR,1,NA,378,NA,NA,NA,NA,NA,NA,NA,0.430229957964051,878.599904545895,NA,17
590,נווה אור,נווהאור,148.09779090541176,1,6,1,temporal_distance == 6,2009,0.66984126984127,Party_turnout,FALSE,2009,6438,נווה אור,NEWE UR,1,NA,323,NA,NA,NA,NA,NA,NA,NA,0.430229957964051,750.761294096096,NA,15
590,נווה אור,נווהאור,148.09779090541176,1,6,1,temporal_distance == 6,2013,0.707641196013289,Party_turnout,FALSE,2013,6425,נווה אור,NEWE UR,1,יהודי,290,150,140,60,20,50,130,30,0.430229957964051,674.058127826216,0.103448275862069,29
590,נווה אור,נווהאור,148.09779090541176,1,6,1,temporal_distance == 6,2015,0.674922600619195,Party_turnout,TRUE,2015,6429,נווה אור,NEWE UR,1,יהודי,330,170,160,80,20,40,150,40,0.430229957964051,767.031662698798,0.121212121212121,23
590,נווה אור,נווהאור,148.09779090541176,1,6,1,temporal_distance == 6,2019,0.683431952662722,Party_turnout,TRUE,2019,6435,נווה אור,NEWE UR,1,יהודי,349,180,170,90,23,34,143,0,0.430229957964051,811.194091763274,0,NA
590,נווה אור,נווהאור,148.09779090541176,1,6,1,temporal_distance == 6,2019,0.688235294117647,Party_turnout,TRUE,2019.2,6435,נווה אור,NEWE UR,1,יהודי,349,180,170,90,23,34,143,0,0.430229957964051,811.194091763274,0,NA
590,נווה אור,נווהאור,148.09779090541176,1,6,1,temporal_distance == 6,2020,0.704678362573099,Party_turnout,TRUE,2020,6431,נווה אור,NEWE UR,1,יהודי,350,185,161,90,21,36,144,0,0.430229957964051,813.518430135088,0,NA
590,נווה אור,נווהאור,148.09779090541176,1,6,1,temporal_distance == 6,2021,0.67536231884058,Party_turnout,TRUE,2021,6426,נווה אור,NEWE UR,1,יהודי,350,182,168,92,18,35,145,0,0.430229957964051,813.518430135088,0,NA
590,נווה אור,נווהאור,148.09779090541176,1,6,1,temporal_distance == 6,2022,0.663768115942029,Party_turnout,TRUE,2022,6437,נווה אור,NEWE UR,1,יהודי,356,180,177,96,16,37,144,0,0.430229957964051,827.464460365976,0,NA
612,צרופה,צרופה,123.86639038319962,1,232,3,temporal_distance > 149,2006,0.763210891887975,Party_turnout,FALSE,2006,6707,צרופה,ZERUFA,1,NA,839,NA,NA,NA,NA,NA,NA,NA,2.09818433692576,399.869537311147,NA,43.5
612,צרופה,צרופה,123.86639038319962,1,232,3,temporal_distance > 149,2009,0.753176043557169,Party_turnout,FALSE,2009,6705,צרופה,ZERUFA,1,NA,964,NA,NA,NA,NA,NA,NA,NA,2.09818433692576,459.444855742486,NA,38.6666666666667
612,צרופה,צרופה,123.86639038319962,1,232,3,temporal_distance > 149,2013,0.765089722675367,Party_turnout,FALSE,2013,6698,צרופה,ZERUFA,1,יהודי,1080,530,550,310,110,140,430,90,2.09818433692576,514.730751246768,0.0833333333333333,41.5
612,צרופה,צרופה,123.86639038319962,1,232,3,temporal_distance > 149,2015,0.790030211480363,Party_turnout,TRUE,2015,6701,צרופה,ZERUFA,1,יהודי,1090,540,550,320,90,140,450,90,2.09818433692576,519.496776721276,0.0825688073394495,31
612,צרופה,צרופה,123.86639038319962,1,232,3,temporal_distance > 149,2019,0.757834757834758,Party_turnout,TRUE,2019,6696,צרופה,ZERUFA,1,יהודי,1097,550,547,299,90,160,444,104,2.09818433692576,522.832994553431,0.0948040109389243,NA
612,צרופה,צרופה,123.86639038319962,1,232,3,temporal_distance > 149,2019,0.760683760683761,Party_turnout,TRUE,2019.2,6696,צרופה,ZERUFA,1,יהודי,1097,550,547,299,90,160,444,104,2.09818433692576,522.832994553431,0.0948040109389243,NA
612,צרופה,צרופה,123.86639038319962,1,232,3,temporal_distance > 149,2020,0.727272727272727,Party_turnout,TRUE,2020,6700,צרופה,ZERUFA,1,יהודי,1123,571,553,299,90,160,465,109,2.09818433692576,535.224660787149,0.0970614425645592,NA
612,צרופה,צרופה,123.86639038319962,1,232,3,temporal_distance > 149,2021,0.744884038199181,Party_turnout,TRUE,2021,6708,צרופה,ZERUFA,1,יהודי,1152,583,569,304,94,158,481,115,2.09818433692576,549.04613466322,0.0998263888888889,NA
612,צרופה,צרופה,123.86639038319962,1,232,3,temporal_distance > 149,2022,0.741633199464525,Party_turnout,TRUE,2022,6699,צרופה,ZERUFA,1,יהודי,1154,591,563,303,94,153,484,120,2.09818433692576,549.999339758121,0.103986135181976,NA
613,ציפורי,ציפורי,146.4485867970999,1,6,1,temporal_distance == 6,2006,0.642682106477032,Party_turnout,FALSE,2006,6721,ציפורי,ZIPPORI,1,NA,616,NA,NA,NA,NA,NA,NA,NA,3.24677212635252,189.726896753923,NA,53.75
613,ציפורי,ציפורי,146.4485867970999,1,6,1,temporal_distance == 6,2009,0.735729386892178,Party_turnout,FALSE,2009,6710,ציפורי,ZIPPORI,1,NA,723,NA,NA,NA,NA,NA,NA,NA,3.24677212635252,222.682705118647,NA,49
613,ציפורי,ציפורי,146.4485867970999,1,6,1,temporal_distance == 6,2013,0.764705882352941,Party_turnout,FALSE,2013,6714,ציפורי,ZIPPORI,1,יהודי,830,410,420,280,80,100,330,40,3.24677212635252,255.638513483371,0.0481927710843374,58.25
613,ציפורי,ציפורי,146.4485867970999,1,6,1,temporal_distance == 6,2015,0.77891156462585,Party_turnout,TRUE,2015,6720,ציפורי,ZIPPORI,1,יהודי,950,490,470,350,120,100,340,50,3.24677212635252,292.598298565304,0.0526315789473684,51.25
613,ציפורי,ציפורי,146.4485867970999,1,6,1,temporal_distance == 6,2019,0.765432098765432,Party_turnout,TRUE,2019,6722,ציפורי,ZIPPORI,1,יהודי,972,496,477,335,102,102,350,0,3.24677212635252,299.374259163658,0,NA
613,ציפורי,ציפורי,146.4485867970999,1,6,1,temporal_distance == 6,2019,0.720610687022901,Party_turnout,TRUE,2019.2,6722,ציפורי,ZIPPORI,1,יהודי,972,496,477,335,102,102,350,0,3.24677212635252,299.374259163658,0,NA
613,ציפורי,ציפורי,146.4485867970999,1,6,1,temporal_distance == 6,2020,0.73587786259542,Party_turnout,TRUE,2020,6724,ציפורי,ZIPPORI,1,יהודי,984,486,495,344,87,108,359,0,3.24677212635252,303.070237671852,0,NA
613,ציפורי,ציפורי,146.4485867970999,1,6,1,temporal_distance == 6,2021,0.721407624633431,Party_turnout,TRUE,2021,6715,ציפורי,ZIPPORI,1,יהודי,1014,491,523,357,102,96,360,0,3.24677212635252,312.310183942335,0,NA
613,ציפורי,ציפורי,146.4485867970999,1,6,1,temporal_distance == 6,2022,0.692857142857143,Party_turnout,TRUE,2022,6718,ציפורי,ZIPPORI,1,יהודי,1030,490,540,363,102,105,353,107,3.24677212635252,317.238155286593,0.103883495145631,NA
617,ברקאי,ברקאי,109.65003508674096,0,NA,NA,no_red_alert,2006,0.775350461583549,Party_turnout,FALSE,2006,6777,ברקאי,BARQAY,1,NA,347,NA,NA,NA,NA,NA,NA,NA,0.429544775517765,807.831964855661,NA,61
617,ברקאי,ברקאי,109.65003508674096,0,NA,NA,no_red_alert,2009,0.629186602870813,Party_turnout,FALSE,2009,6775,ברקאי,BARQAY,1,NA,387,NA,NA,NA,NA,NA,NA,NA,0.429544775517765,900.953805184844,NA,58.8
617,ברקאי,ברקאי,109.65003508674096,0,NA,NA,no_red_alert,2013,0.661016949152542,Party_turnout,FALSE,2013,6772,ברקאי,BARQAY,1,יהודי,510,260,250,140,30,50,220,70,0.429544775517765,1187.30346419708,0.137254901960784,62
617,ברקאי,ברקאי,109.65003508674096,0,NA,NA,no_red_alert,2015,0.681818181818182,Party_turnout,TRUE,2015,6779,ברקאי,BARQAY,1,יהודי,530,260,260,150,30,60,220,70,0.429544775517765,1233.86438436167,0.132075471698113,60
617,ברקאי,ברקאי,109.65003508674096,0,NA,NA,no_red_alert,2019,0.679060665362035,Party_turnout,TRUE,2019,6778,ברקאי,BARQAY,1,יהודי,553,265,289,149,32,62,233,77,0.429544775517765,1287.40944255095,0.139240506329114,NA
617,ברקאי,ברקאי,109.65003508674096,0,NA,NA,no_red_alert,2019,0.654970760233918,Party_turnout,TRUE,2019.2,6778,ברקאי,BARQAY,1,יהודי,553,265,289,149,32,62,233,77,0.429544775517765,1287.40944255095,0.139240506329114,NA
617,ברקאי,ברקאי,109.65003508674096,0,NA,NA,no_red_alert,2020,0.644787644787645,Party_turnout,TRUE,2020,6774,ברקאי,BARQAY,1,יהודי,556,271,289,144,37,61,236,78,0.429544775517765,1294.39358057564,0.140287769784173,NA
617,ברקאי,ברקאי,109.65003508674096,0,NA,NA,no_red_alert,2021,0.64952380952381,Party_turnout,TRUE,2021,6783,ברקאי,BARQAY,1,יהודי,546,271,275,134,44,57,229,81,0.429544775517765,1271.11312049335,0.148351648351648,NA
617,ברקאי,ברקאי,109.65003508674096,0,NA,NA,no_red_alert,2022,0.62803738317757,Party_turnout,TRUE,2022,6771,ברקאי,BARQAY,1,יהודי,560,283,277,143,46,50,240,84,0.429544775517765,1303.70576460856,0.15,NA
628,ג'ת,גת,101.568050155498,0,NA,NA,no_red_alert,2006,NA,Party_turnout,FALSE,2006,NA,NA,NA,NA,NA,NA,NA,NA,NA,NA,NA,NA,NA,NA,NA,NA,NA
628,ג'ת,גת,101.568050155498,0,NA,NA,no_red_alert,2009,NA,Party_turnout,FALSE,2009,NA,NA,NA,NA,NA,NA,NA,NA,NA,NA,NA,NA,NA,NA,NA,NA,NA
628,ג'ת,גת,101.568050155498,0,NA,NA,no_red_alert,2013,0.388922795239548,Party_turnout,FALSE,2013,6883,ג'ת,JATT,2,לא יהודי,10710,5480,5230,3340,1200,1820,3830,520,6.57175926395154,1629.70059763878,0.0485527544351074,62.125
628,ג'ת,גת,101.568050155498,0,NA,NA,no_red_alert,2015,0.526854219948849,Party_turnout,TRUE,2015,6884,ג'ת,JATT,2,לא יהודי,11160,5700,5460,3340,1260,1940,4050,580,6.57175926395154,1698.17541266562,0.0519713261648745,60.875
628,ג'ת,גת,101.568050155498,0,NA,NA,no_red_alert,2019,0.373432012042148,Party_turnout,TRUE,2019,6880,ג'ת,JATT,2,לא יהודי,12100,6135,5965,3390,1224,2187,4556,743,6.57175926395154,1841.2116929439,0.061404958677686,NA
628,ג'ת,גת,101.568050155498,0,NA,NA,no_red_alert,2019,0.508562918838421,Party_turnout,TRUE,2019.2,6880,ג'ת,JATT,2,לא יהודי,12100,6135,5965,3390,1224,2187,4556,743,6.57175926395154,1841.2116929439,0.061404958677686,NA
628,ג'ת,גת,101.568050155498,0,NA,NA,no_red_alert,2020,0.561568531639384,Party_turnout,TRUE,2020,6875,ג'ת,JATT,2,לא יהודי,12269,6219,6050,3414,1137,2272,4653,793,6.57175926395154,1866.92779014287,0.0646344445350069,NA
628,ג'ת,גת,101.568050155498,0,NA,NA,no_red_alert,2021,0.2660485021398,Party_turnout,TRUE,2021,6881,ג'ת,JATT,2,לא יהודי,12473,6321,6151,3439,1163,2209,4821,841,6.57175926395154,1897.96970628837,0.0674256393810631,NA
628,ג'ת,גת,101.568050155498,0,NA,NA,no_red_alert,2022,0.398320680929377,Party_turnout,TRUE,2022,6887,ג'ת,JATT,2,לא יהודי,12645,6434,6211,3469,1099,2240,4934,903,6.57175926395154,1924.14230225419,0.07141162514828,NA
635,מוקייבלה,מוקייבלה,126.76095322147552,1,6,1,temporal_distance == 6,2006,0.587540748350579,Party_turnout,FALSE,2006,6925,מוקייבלה,MUQEIBLE,2,NA,3098,NA,NA,NA,NA,NA,NA,NA,0.402026709098949,7705.95567379953,NA,42.2
635,מוקייבלה,מוקייבלה,126.76095322147552,1,6,1,temporal_distance == 6,2009,0.55166270783848,Party_turnout,FALSE,2009,6924,מוקייבלה,MUQEIBLE,2,NA,3104,NA,NA,NA,NA,NA,NA,NA,0.402026709098949,7720.88005534982,NA,43
635,מוקייבלה,מוקייבלה,126.76095322147552,1,6,1,temporal_distance == 6,2013,0.543343653250774,Party_turnout,FALSE,2013,6927,מוקייבלה,MUQEIBLE,2,לא יהודי,3510,1770,1740,1310,420,530,1130,120,0.402026709098949,8730.76320691942,0.0341880341880342,48.6
635,מוקייבלה,מוקייבלה,126.76095322147552,1,6,1,temporal_distance == 6,2015,0.636104513064133,Party_turnout,TRUE,2015,6933,מוקייבלה,MUQEIBLE,2,לא יהודי,3720,1890,1830,1340,440,620,1200,120,0.402026709098949,9253.11656117955,0.032258064516129,45.8
635,מוקייבלה,מוקייבלה,126.76095322147552,1,6,1,temporal_distance == 6,2019,0.338639076800637,Party_turnout,TRUE,2019,6921,מוקייבלה,MUQEIBLE,2,לא יהודי,4081,2057,2025,1338,464,758,1366,158,0.402026709098949,10151.066851122,0.0387160009801519,NA
635,מוקייבלה,מוקייבלה,126.76095322147552,1,6,1,temporal_distance == 6,2019,0.500196463654224,Party_turnout,TRUE,2019.2,6921,מוקייבלה,MUQEIBLE,2,לא יהודי,4081,2057,2025,1338,464,758,1366,158,0.402026709098949,10151.066851122,0.0387160009801519,NA
635,מוקייבלה,מוקייבלה,126.76095322147552,1,6,1,temporal_distance == 6,2020,0.605989887203423,Party_turnout,TRUE,2020,6932,מוקייבלה,MUQEIBLE,2,לא יהודי,4137,2087,2050,1333,456,790,1391,167,0.402026709098949,10290.3610789247,0.0403674160019338,NA
635,מוקייבלה,מוקייבלה,126.76095322147552,1,6,1,temporal_distance == 6,2021,0.359802431610942,Party_turnout,TRUE,2021,6923,מוקייבלה,MUQEIBLE,2,לא יהודי,4260,2143,2117,1370,462,822,1433,174,0.402026709098949,10596.3109007056,0.0408450704225352,NA
635,מוקייבלה,מוקייבלה,126.76095322147552,1,6,1,temporal_distance == 6,2022,0.407367280606717,Party_turnout,TRUE,2022,6920,מוקייבלה,MUQEIBLE,2,לא יהודי,4281,2153,2127,1339,459,845,1457,181,0.402026709098949,10648.5462361316,0.0422798411586078,NA
636,צנדלה,צנדלה,128.99741814292221,1,6,1,temporal_distance == 6,2006,0.354762708387105,Party_turnout,FALSE,2006,6937,צנדלה,SANDALA,2,NA,1467,NA,NA,NA,NA,NA,NA,NA,0.390028537317275,3761.26324009631,NA,39.75
636,צנדלה,צנדלה,128.99741814292221,1,6,1,temporal_distance == 6,2009,0.456830601092896,Party_turnout,FALSE,2009,6939,צנדלה,SANDALA,2,NA,1377,NA,NA,NA,NA,NA,NA,NA,0.390028537317275,3530.51089407813,NA,43
636,צנדלה,צנדלה,128.99741814292221,1,6,1,temporal_distance == 6,2013,0.43495145631068,Party_turnout,FALSE,2013,6941,צנדלה,SANDALA,2,לא יהודי,1510,760,750,480,160,250,540,90,0.390028537317275,3871.51158319388,0.0596026490066225,49.75
636,צנדלה,צנדלה,128.99741814292221,1,6,1,temporal_distance == 6,2015,0.678506375227687,Party_turnout,TRUE,2015,6946,צנדלה,SANDALA,2,לא יהודי,1570,790,790,490,160,260,570,90,0.390028537317275,4025.34648053934,0.0573248407643312,48.25
636,צנדלה,צנדלה,128.99741814292221,1,6,1,temporal_distance == 6,2019,0.320299500831947,Party_turnout,TRUE,2019,6938,צנדלה,SANDALA,2,לא יהודי,1644,839,804,466,167,274,623,112,0.390028537317275,4215.07618726539,0.0681265206812652,NA
636,צנדלה,צנדלה,128.99741814292221,1,6,1,temporal_distance == 6,2019,0.520197856553998,Party_turnout,TRUE,2019.2,6938,צנדלה,SANDALA,2,לא יהודי,1644,839,804,466,167,274,623,112,0.390028537317275,4215.07618726539,0.0681265206812652,NA
636,צנדלה,צנדלה,128.99741814292221,1,6,1,temporal_distance == 6,2020,0.59935379644588,Party_turnout,TRUE,2020,6936,צנדלה,SANDALA,2,לא יהודי,1668,849,819,455,168,287,633,125,0.390028537317275,4276.61014620358,0.0749400479616307,NA
636,צנדלה,צנדלה,128.99741814292221,1,6,1,temporal_distance == 6,2021,0.266192733017378,Party_turnout,TRUE,2021,6940,צנדלה,SANDALA,2,לא יהודי,1678,849,829,442,169,290,645,134,0.390028537317275,4302.24929576115,0.0798569725864124,NA
636,צנדלה,צנדלה,128.99741814292221,1,6,1,temporal_distance == 6,2022,0.366464339908953,Party_turnout,TRUE,2022,6943,צנדלה,SANDALA,2,לא יהודי,1710,864,847,453,161,295,663,137,0.390028537317275,4384.29457434539,0.0801169590643275,NA
637,ערערה,ערערה,113.9513536082734,0,NA,NA,no_red_alert,2006,0.618179661379214,Party_turnout,FALSE,2006,6949,ערערה,AR'ARA,2,NA,15969,NA,NA,NA,NA,NA,NA,NA,9.18255575863772,1739.05832098852,NA,59.0769230769231
637,ערערה,ערערה,113.9513536082734,0,NA,NA,no_red_alert,2009,0.56131100082713,Party_turnout,FALSE,2009,6958,ערערה,AR'ARA,2,NA,22105,NA,NA,NA,NA,NA,NA,NA,9.18255575863772,2407.28187021425,NA,56.9285714285714
637,ערערה,ערערה,113.9513536082734,0,NA,NA,no_red_alert,2013,0.531319290465632,Party_turnout,FALSE,2013,6950,ערערה,AR'ARA,2,לא יהודי,23330,11760,11570,7820,2440,3450,8400,1210,9.18255575863772,2540.68699534487,0.0518645520788684,61.2307692307692
637,ערערה,ערערה,113.9513536082734,0,NA,NA,no_red_alert,2015,0.696906318082789,Party_turnout,TRUE,2015,6951,ערערה,AR'ARA,2,לא יהודי,24000,12140,11850,7690,2630,3670,8670,1330,9.18255575863772,2613.6514311306,0.0554166666666667,57.3076923076923
637,ערערה,ערערה,113.9513536082734,0,NA,NA,no_red_alert,2019,0.391700092564023,Party_turnout,TRUE,2019,6960,ערערה,AR'ARA,2,לא יהודי,25245,12791,12454,7323,2832,4265,9269,1557,9.18255575863772,2749.2345991205,0.0616755793226381,NA
637,ערערה,ערערה,113.9513536082734,0,NA,NA,no_red_alert,2019,0.561244674376141,Party_turnout,TRUE,2019.2,6960,ערערה,AR'ARA,2,לא יהודי,25245,12791,12454,7323,2832,4265,9269,1557,9.18255575863772,2749.2345991205,0.0616755793226381,NA
637,ערערה,ערערה,113.9513536082734,0,NA,NA,no_red_alert,2020,0.686361583621858,Party_turnout,TRUE,2020,6961,ערערה,AR'ARA,2,לא יהודי,25530,12935,12596,7300,2785,4339,9490,1616,9.18255575863772,2780.27170986518,0.063298080689385,NA
637,ערערה,ערערה,113.9513536082734,0,NA,NA,no_red_alert,2021,0.390799561883899,Party_turnout,TRUE,2021,6953,ערערה,AR'ARA,2,לא יהודי,25823,13078,12744,7306,2728,4447,9684,1657,9.18255575863772,2812.18003775356,0.0641676025248809,NA
637,ערערה,ערערה,113.9513536082734,0,NA,NA,no_red_alert,2022,0.524509459174344,Party_turnout,TRUE,2022,6964,ערערה,AR'ARA,2,לא יהודי,26147,13252,12895,7298,2671,4554,9918,1706,9.18255575863772,2847.46433207382,0.0652464909932306,NA
638,קלנסווה,קלנסווה,88.24962753282794,1,227,5,temporal_distance > 149,2006,0.585948661923323,Party_turnout,FALSE,2006,6977,קלנסווה,QALANSAWE,2,NA,17380,NA,NA,NA,NA,NA,NA,NA,8.40452807594796,2067.93288605198,NA,61
638,קלנסווה,קלנסווה,88.24962753282794,1,227,5,temporal_distance > 149,2009,0.586395939086294,Party_turnout,FALSE,2009,6965,קלנסווה,QALANSAWE,2,NA,18700,NA,NA,NA,NA,NA,NA,NA,8.40452807594796,2224.99107992935,NA,59
638,קלנסווה,קלנסווה,88.24962753282794,1,227,5,temporal_distance > 149,2013,0.526021314387211,Party_turnout,FALSE,2013,6979,קלנסווה,QALANSAWE,2,לא יהודי,20650,10580,10070,7670,2290,3260,6740,690,8.40452807594796,2457.0088663391,0.0334140435835351,63
638,קלנסווה,קלנסווה,88.24962753282794,1,227,5,temporal_distance > 149,2015,0.707884567951986,Party_turnout,TRUE,2015,6972,קלנסווה,QALANSAWE,2,לא יהודי,21450,10940,10510,7600,2530,3460,7100,760,8.40452807594796,2552.1956505072,0.0354312354312354,61.25
638,קלנסווה,קלנסווה,88.24962753282794,1,227,5,temporal_distance > 149,2019,0.476656895688854,Party_turnout,TRUE,2019,6967,קלנסווה,QALANSAWE,2,לא יהודי,23143,11854,11290,7583,2595,4099,7900,968,8.40452807594796,2753.63468250294,0.0418269023030722,NA
638,קלנסווה,קלנסווה,88.24962753282794,1,227,5,temporal_distance > 149,2019,0.655478775913129,Party_turnout,TRUE,2019.2,6967,קלנסווה,QALANSAWE,2,לא יהודי,23143,11854,11290,7583,2595,4099,7900,968,8.40452807594796,2753.63468250294,0.0418269023030722,NA
638,קלנסווה,קלנסווה,88.24962753282794,1,227,5,temporal_distance > 149,2020,0.725850198205717,Party_turnout,TRUE,2020,6966,קלנסווה,QALANSAWE,2,לא יהודי,23513,12036,11477,7591,2513,4281,8094,1034,8.40452807594796,2797.65857018069,0.0439756730319398,NA
638,קלנסווה,קלנסווה,88.24962753282794,1,227,5,temporal_distance > 149,2021,0.350317181805912,Party_turnout,TRUE,2021,6970,קלנסווה,QALANSAWE,2,לא יהודי,23877,12220,11657,7568,2487,4401,8332,1090,8.40452807594796,2840.96855697717,0.0456506261255602,NA
638,קלנסווה,קלנסווה,88.24962753282794,1,227,5,temporal_distance > 149,2022,0.542736705577172,Party_turnout,TRUE,2022,6980,קלנסווה,QALANSAWE,2,לא יהודי,24205,12379,11826,7574,2433,4488,8546,1165,8.40452807594796,2879.99513848609,0.0481305515389382,NA
648,מצר,מצר,107.1856192789955,0,NA,NA,no_red_alert,2006,0.655470737913486,Party_turnout,FALSE,2006,6985,מצר,MEZER,1,NA,400,NA,NA,NA,NA,NA,NA,NA,0.32004222243641,1249.83509036679,NA,54
648,מצר,מצר,107.1856192789955,0,NA,NA,no_red_alert,2009,0.72264631043257,Party_turnout,FALSE,2009,6994,מצר,MEZER,1,NA,368,NA,NA,NA,NA,NA,NA,NA,0.32004222243641,1149.84828313745,NA,54
648,מצר,מצר,107.1856192789955,0,NA,NA,no_red_alert,2013,0.740566037735849,Party_turnout,FALSE,2013,6995,מצר,MEZER,1,יהודי,400,190,210,80,30,60,180,50,0.32004222243641,1249.83509036679,0.125,60
648,מצר,מצר,107.1856192789955,0,NA,NA,no_red_alert,2015,0.750577367205543,Party_turnout,TRUE,2015,6987,מצר,MEZER,1,יהודי,390,190,210,70,30,60,170,70,0.32004222243641,1218.58921310762,0.179487179487179,57
648,מצר,מצר,107.1856192789955,0,NA,NA,no_red_alert,2019,0.75,Party_turnout,TRUE,2019,6982,מצר,MEZER,1,יהודי,383,181,203,75,20,46,169,0,0.32004222243641,1196.71709902621,0,NA
648,מצר,מצר,107.1856192789955,0,NA,NA,no_red_alert,2019,0.732558139534884,Party_turnout,TRUE,2019.2,6982,מצר,MEZER,1,יהודי,383,181,203,75,20,46,169,0,0.32004222243641,1196.71709902621,0,NA
648,מצר,מצר,107.1856192789955,0,NA,NA,no_red_alert,2020,0.695348837209302,Party_turnout,TRUE,2020,6991,מצר,MEZER,1,יהודי,391,187,200,77,18,49,162,0,0.32004222243641,1221.71380083354,0,NA
648,מצר,מצר,107.1856192789955,0,NA,NA,no_red_alert,2021,0.698850574712644,Party_turnout,TRUE,2021,6984,מצר,MEZER,1,יהודי,390,188,202,82,20,40,166,0,0.32004222243641,1218.58921310762,0,NA
648,מצר,מצר,107.1856192789955,0,NA,NA,no_red_alert,2022,0.695348837209302,Party_turnout,TRUE,2022,6990,מצר,MEZER,1,יהודי,396,190,206,88,17,40,168,0,0.32004222243641,1237.33673946313,0,NA
649,מייסר,מייסר,107.29442399606474,0,NA,NA,no_red_alert,2006,0.41532367651897,Party_turnout,FALSE,2006,7009,מייסר,MEISER,2,NA,1601,NA,NA,NA,NA,NA,NA,NA,0.412767657124674,3878.69536860643,NA,57
649,מייסר,מייסר,107.29442399606474,0,NA,NA,no_red_alert,2009,0.381310418904404,Party_turnout,FALSE,2009,6999,מייסר,MEISER,2,NA,1717,NA,NA,NA,NA,NA,NA,NA,0.412767657124674,4159.72513922376,NA,57
649,מייסר,מייסר,107.29442399606474,0,NA,NA,no_red_alert,2013,0.41793893129771,Party_turnout,FALSE,2013,6996,מייסר,MEISER,2,לא יהודי,1810,920,890,630,190,250,660,80,0.412767657124674,4385.03348980489,0.0441988950276243,61
649,מייסר,מייסר,107.29442399606474,0,NA,NA,no_red_alert,2015,0.612137203166227,Party_turnout,TRUE,2015,7005,מייסר,MEISER,2,לא יהודי,1880,940,940,630,210,280,680,90,0.412767657124674,4554.62042034983,0.0478723404255319,59
649,מייסר,מייסר,107.29442399606474,0,NA,NA,no_red_alert,2019,0.365129007036747,Party_turnout,TRUE,2019,7004,מייסר,MEISER,2,לא יהודי,2017,998,1019,593,227,337,753,108,0.412767657124674,4886.52627013065,0.0535448686167576,NA
649,מייסר,מייסר,107.29442399606474,0,NA,NA,no_red_alert,2019,0.567152724481965,Party_turnout,TRUE,2019.2,7004,מייסר,MEISER,2,לא יהודי,2017,998,1019,593,227,337,753,108,0.412767657124674,4886.52627013065,0.0535448686167576,NA
649,מייסר,מייסר,107.29442399606474,0,NA,NA,no_red_alert,2020,0.63499245852187,Party_turnout,TRUE,2020,7007,מייסר,MEISER,2,לא יהודי,2072,1021,1048,604,216,372,764,116,0.412767657124674,5019.77314413024,0.055984555984556,NA
649,מייסר,מייסר,107.29442399606474,0,NA,NA,no_red_alert,2021,0.330396475770925,Party_turnout,TRUE,2021,6998,מייסר,MEISER,2,לא יהודי,2084,1026,1058,584,212,382,780,124,0.412767657124674,5048.84518936652,0.0595009596928983,NA
649,מייסר,מייסר,107.29442399606474,0,NA,NA,no_red_alert,2022,0.42064606741573,Party_turnout,TRUE,2022,7002,מייסר,MEISER,2,לא יהודי,2115,1040,1075,596,202,382,798,137,0.412767657124674,5123.94797289356,0.0647754137115839,NA
652,אבטין,אבטין,141.8103992034824,0,NA,NA,no_red_alert,2006,0.498121324849998,Party_turnout,FALSE,2006,7016,אבטין,IBTIN,2,NA,2221,NA,NA,NA,NA,NA,NA,NA,0.593412968978183,3742.7560840546,NA,57
652,אבטין,אבטין,141.8103992034824,0,NA,NA,no_red_alert,2009,0.51865671641791,Party_turnout,FALSE,2009,7025,אבטין,IBTIN,2,NA,2439,NA,NA,NA,NA,NA,NA,NA,0.593412968978183,4110.12250743322,NA,57
652,אבטין,אבטין,141.8103992034824,0,NA,NA,no_red_alert,2013,0.412263535551207,Party_turnout,FALSE,2013,7015,אבטין,IBTIN,2,לא יהודי,2650,1340,1310,920,300,450,870,110,0.593412968978183,4465.6927612538,0.0415094339622641,61.8
652,אבטין,אבטין,141.8103992034824,0,NA,NA,no_red_alert,2015,0.494485294117647,Party_turnout,TRUE,2015,7021,אבטין,IBTIN,2,לא יהודי,2690,1360,1330,890,300,490,900,110,0.593412968978183,4533.09944444254,0.0408921933085502,58.8
652,אבטין,אבטין,141.8103992034824,0,NA,NA,no_red_alert,2019,0.36358511837655,Party_turnout,TRUE,2019,7013,אבטין,IBTIN,2,לא יהודי,2835,1444,1391,841,322,546,984,143,0.593412968978183,4777.44867100171,0.0504409171075838,NA
652,אבטין,אבטין,141.8103992034824,0,NA,NA,no_red_alert,2019,0.506406685236769,Party_turnout,TRUE,2019.2,7013,אבטין,IBTIN,2,לא יהודי,2835,1444,1391,841,322,546,984,143,0.593412968978183,4777.44867100171,0.0504409171075838,NA
652,אבטין,אבטין,141.8103992034824,0,NA,NA,no_red_alert,2020,0.638613861386139,Party_turnout,TRUE,2020,7011,אבטין,IBTIN,2,לא יהודי,2887,1471,1415,834,325,552,1034,142,0.593412968978183,4865.07735914707,0.0491860062348459,NA
652,אבטין,אבטין,141.8103992034824,0,NA,NA,no_red_alert,2021,0.350746268656716,Party_turnout,TRUE,2021,7020,אבטין,IBTIN,2,לא יהודי,2900,1479,1421,825,312,551,1057,156,0.593412968978183,4886.98453118341,0.0537931034482759,NA
652,אבטין,אבטין,141.8103992034824,0,NA,NA,no_red_alert,2022,0.452196382428941,Party_turnout,TRUE,2022,7024,אבטין,IBTIN,2,לא יהודי,2915,1479,1437,814,313,548,1078,163,0.593412968978183,4912.26203737918,0.055917667238422,NA
654,כפר קרע,כפרקרע,112.0986466742463,0,NA,NA,no_red_alert,2006,0.616724359453453,Party_turnout,FALSE,2006,7035,כפר קרע,KAFAR QARA,2,NA,14430,NA,NA,NA,NA,NA,NA,NA,7.81302449821803,1846.9160058683,NA,60.75
654,כפר קרע,כפרקרע,112.0986466742463,0,NA,NA,no_red_alert,2009,0.695409836065574,Party_turnout,FALSE,2009,7034,כפר קרע,KAFAR QARA,2,NA,15318,NA,NA,NA,NA,NA,NA,NA,7.81302449821803,1960.57237546019,NA,57.9090909090909
654,כפר קרע,כפרקרע,112.0986466742463,0,NA,NA,no_red_alert,2013,0.671688757509297,Party_turnout,FALSE,2013,7037,כפר קרע,KAFAR QARA,2,לא יהודי,17140,8670,8470,5420,1800,2870,6310,750,7.81302449821803,2193.77271937509,0.043757292882147,61.9166666666667
654,כפר קרע,כפרקרע,112.0986466742463,0,NA,NA,no_red_alert,2015,0.746325821679879,Party_turnout,TRUE,2015,7029,כפר קרע,KAFAR QARA,2,לא יהודי,17690,8940,8750,5360,1830,3060,6610,830,7.81302449821803,2264.16799333404,0.0469191633691351,58.6666666666667
654,כפר קרע,כפרקרע,112.0986466742463,0,NA,NA,no_red_alert,2019,0.472127507731346,Party_turnout,TRUE,2019,7027,כפר קרע,KAFAR QARA,2,לא יהודי,19018,9626,9393,5342,1825,3451,7330,1071,7.81302449821803,2434.14058209309,0.056315069933747,NA
654,כפר קרע,כפרקרע,112.0986466742463,0,NA,NA,no_red_alert,2019,0.644984326018809,Party_turnout,TRUE,2019.2,7027,כפר קרע,KAFAR QARA,2,לא יהודי,19018,9626,9393,5342,1825,3451,7330,1071,7.81302449821803,2434.14058209309,0.056315069933747,NA
654,כפר קרע,כפרקרע,112.0986466742463,0,NA,NA,no_red_alert,2020,0.719422225673682,Party_turnout,TRUE,2020,7028,כפר קרע,KAFAR QARA,2,לא יהודי,19295,9790,9505,5288,1802,3546,7502,1157,7.81302449821803,2469.59420188696,0.0599637211712879,NA
654,כפר קרע,כפרקרע,112.0986466742463,0,NA,NA,no_red_alert,2021,0.455479969765684,Party_turnout,TRUE,2021,7026,כפר קרע,KAFAR QARA,2,לא יהודי,19691,9972,9719,5378,1789,3556,7730,1237,7.81302449821803,2520.2787991374,0.0628205779290031,NA
654,כפר קרע,כפרקרע,112.0986466742463,0,NA,NA,no_red_alert,2022,0.622060429559519,Party_turnout,TRUE,2022,7030,כפר קרע,KAFAR QARA,2,לא יהודי,20018,10129,9889,5380,1800,3542,7974,1321,7.81302449821803,2562.13198929117,0.0659906084523929,NA
661,שער אפרים,שעראפרים,89.8461182408628,1,227,5,temporal_distance > 149,2006,0.740476914990733,Party_turnout,FALSE,2006,7061,שער אפרים,SHA'AR EFRAYIM,1,NA,1184,NA,NA,NA,NA,NA,NA,NA,1.06625731906459,1110.42614088568,NA,61
661,שער אפרים,שעראפרים,89.8461182408628,1,227,5,temporal_distance > 149,2009,0.739077669902913,Party_turnout,FALSE,2009,7071,שער אפרים,SHA'AR EFRAYIM,1,NA,1432,NA,NA,NA,NA,NA,NA,NA,1.06625731906459,1343.01540012525,NA,59
661,שער אפרים,שעראפרים,89.8461182408628,1,227,5,temporal_distance > 149,2013,0.77482088024565,Party_turnout,FALSE,2013,7066,שער אפרים,SHA'AR EFRAYIM,1,יהודי,1660,840,810,580,120,120,750,90,1.06625731906459,1556.84746103904,0.0542168674698795,63
661,שער אפרים,שעראפרים,89.8461182408628,1,227,5,temporal_distance > 149,2015,0.809893307468477,Party_turnout,TRUE,2015,7058,שער אפרים,SHA'AR EFRAYIM,1,יהודי,1740,890,850,570,150,140,790,90,1.06625731906459,1631.87625434213,0.0517241379310345,62
661,שער אפרים,שעראפרים,89.8461182408628,1,227,5,temporal_distance > 149,2019,0.764081632653061,Party_turnout,TRUE,2019,7070,שער אפרים,SHA'AR EFRAYIM,1,יהודי,1907,982,925,545,213,191,846,112,1.06625731906459,1788.49886036232,0.0587309910854746,NA
661,שער אפרים,שעראפרים,89.8461182408628,1,227,5,temporal_distance > 149,2019,0.762642740619902,Party_turnout,TRUE,2019.2,7070,שער אפרים,SHA'AR EFRAYIM,1,יהודי,1907,982,925,545,213,191,846,112,1.06625731906459,1788.49886036232,0.0587309910854746,NA
661,שער אפרים,שעראפרים,89.8461182408628,1,227,5,temporal_distance > 149,2020,0.755052546483428,Party_turnout,TRUE,2020,7068,שער אפרים,SHA'AR EFRAYIM,1,יהודי,1921,988,928,539,198,217,844,123,1.06625731906459,1801.62889919036,0.0640291514836023,NA
661,שער אפרים,שעראפרים,89.8461182408628,1,227,5,temporal_distance > 149,2021,0.723921568627451,Party_turnout,TRUE,2021,7059,שער אפרים,SHA'AR EFRAYIM,1,יהודי,1956,1002,954,530,206,235,857,129,1.06625731906459,1834.45399626046,0.0659509202453988,NA
661,שער אפרים,שעראפרים,89.8461182408628,1,227,5,temporal_distance > 149,2022,0.734467455621302,Party_turnout,TRUE,2022,7057,שער אפרים,SHA'AR EFRAYIM,1,יהודי,1997,1033,964,510,220,260,873,135,1.06625731906459,1872.9062528283,0.0676014021031547,NA
675,הבונים,הבונים,122.71216880281123,1,232,3,temporal_distance > 149,2006,0.726117822892016,Party_turnout,FALSE,2006,7242,הבונים,HABONIM,1,NA,259,NA,NA,NA,NA,NA,NA,NA,0.317004891618077,817.022092870541,NA,39
675,הבונים,הבונים,122.71216880281123,1,232,3,temporal_distance > 149,2009,0.627049180327869,Party_turnout,FALSE,2009,7244,הבונים,HABONIM,1,NA,242,NA,NA,NA,NA,NA,NA,NA,0.317004891618077,763.395160133864,NA,32.3333333333333
675,הבונים,הבונים,122.71216880281123,1,232,3,temporal_distance > 149,2013,0.724014336917563,Party_turnout,FALSE,2013,7239,הבונים,HABONIM,1,יהודי,330,160,160,80,10,30,160,40,0.317004891618077,1040.99340018254,0.121212121212121,36
675,הבונים,הבונים,122.71216880281123,1,232,3,temporal_distance > 149,2015,0.722222222222222,Party_turnout,TRUE,2015,7248,הבונים,HABONIM,1,יהודי,350,170,180,90,20,30,160,40,0.317004891618077,1104.08390928451,0.114285714285714,24
675,הבונים,הבונים,122.71216880281123,1,232,3,temporal_distance > 149,2019,0.698630136986301,Party_turnout,TRUE,2019,7246,הבונים,HABONIM,1,יהודי,369,189,180,104,20,27,158,0,0.317004891618077,1164.01989293139,0,NA
675,הבונים,הבונים,122.71216880281123,1,232,3,temporal_distance > 149,2019,0.672240802675585,Party_turnout,TRUE,2019.2,7246,הבונים,HABONIM,1,יהודי,369,189,180,104,20,27,158,0,0.317004891618077,1164.01989293139,0,NA
675,הבונים,הבונים,122.71216880281123,1,232,3,temporal_distance > 149,2020,0.683333333333333,Party_turnout,TRUE,2020,7250,הבונים,HABONIM,1,יהודי,373,189,171,102,22,23,162,0,0.317004891618077,1176.63799475178,0,NA
675,הבונים,הבונים,122.71216880281123,1,232,3,temporal_distance > 149,2021,0.691803278688525,Party_turnout,TRUE,2021,7238,הבונים,HABONIM,1,יהודי,386,196,190,101,26,24,167,0,0.317004891618077,1217.64682566806,0,NA
675,הבונים,הבונים,122.71216880281123,1,232,3,temporal_distance > 149,2022,0.644444444444444,Party_turnout,TRUE,2022,7237,הבונים,HABONIM,1,יהודי,383,192,191,103,25,26,159,0,0.317004891618077,1208.18324930277,0,NA
677,הסוללים,הסוללים,145.74222755735644,1,6,1,temporal_distance == 6,2006,0.768156424581006,Party_turnout,FALSE,2006,7269,הסוללים,HASOLELIM,1,NA,716,NA,NA,NA,NA,NA,NA,NA,1.06709947801073,670.977743644626,NA,56.5
677,הסוללים,הסוללים,145.74222755735644,1,6,1,temporal_distance == 6,2009,0.794970986460348,Party_turnout,FALSE,2009,7274,הסוללים,HASOLELIM,1,NA,792,NA,NA,NA,NA,NA,NA,NA,1.06709947801073,742.19884492534,NA,55
677,הסוללים,הסוללים,145.74222755735644,1,6,1,temporal_distance == 6,2013,0.734348561759729,Party_turnout,FALSE,2013,7267,הסוללים,HASOLELIM,1,יהודי,820,420,400,190,90,110,370,60,1.06709947801073,768.438198028761,0.0731707317073171,62
677,הסוללים,הסוללים,145.74222755735644,1,6,1,temporal_distance == 6,2015,0.791208791208791,Party_turnout,TRUE,2015,7279,הסוללים,HASOLELIM,1,יהודי,910,460,440,220,90,130,400,60,1.06709947801073,852.778975861186,0.0659340659340659,59
677,הסוללים,הסוללים,145.74222755735644,1,6,1,temporal_distance == 6,2019,0.77247191011236,Party_turnout,TRUE,2019,7281,הסוללים,HASOLELIM,1,יהודי,932,474,458,231,77,127,417,80,1.06709947801073,873.395610442446,0.0858369098712446,NA
677,הסוללים,הסוללים,145.74222755735644,1,6,1,temporal_distance == 6,2019,0.746817538896747,Party_turnout,TRUE,2019.2,7281,הסוללים,HASOLELIM,1,יהודי,932,474,458,231,77,127,417,80,1.06709947801073,873.395610442446,0.0858369098712446,NA
677,הסוללים,הסוללים,145.74222755735644,1,6,1,temporal_distance == 6,2020,0.745125348189415,Party_turnout,TRUE,2020,7280,הסוללים,HASOLELIM,1,יהודי,962,494,468,235,75,139,424,89,1.06709947801073,901.509203053254,0.0925155925155925,NA
677,הסוללים,הסוללים,145.74222755735644,1,6,1,temporal_distance == 6,2021,0.731182795698925,Party_turnout,TRUE,2021,7271,הסוללים,HASOLELIM,1,יהודי,989,507,482,251,71,135,435,96,1.06709947801073,926.811436402982,0.0970677451971689,NA
677,הסוללים,הסוללים,145.74222755735644,1,6,1,temporal_distance == 6,2022,0.732894736842105,Party_turnout,TRUE,2022,7270,הסוללים,HASOLELIM,1,יהודי,983,507,476,256,69,120,426,112,1.06709947801073,921.18871788082,0.113936927772126,NA
679,אביאל,אביאל,113.41040437861628,1,232,4,temporal_distance > 149,2006,0.774046037876653,Party_turnout,FALSE,2006,7297,אביאל,AVI'EL,1,NA,511,NA,NA,NA,NA,NA,NA,NA,1.61964076369639,315.502061601476,NA,39
679,אביאל,אביאל,113.41040437861628,1,232,4,temporal_distance > 149,2009,0.779069767441861,Party_turnout,FALSE,2009,7310,אביאל,AVI'EL,1,NA,676,NA,NA,NA,NA,NA,NA,NA,1.61964076369639,417.37650419295,NA,36.3333333333333
679,אביאל,אביאל,113.41040437861628,1,232,4,temporal_distance > 149,2013,0.811359026369168,Party_turnout,FALSE,2013,7301,אביאל,AVI'EL,1,יהודי,780,390,390,270,40,70,360,40,1.61964076369639,481.588274068788,0.0512820512820513,50
679,אביאל,אביאל,113.41040437861628,1,232,4,temporal_distance > 149,2015,0.81980198019802,Party_turnout,TRUE,2015,7302,אביאל,AVI'EL,1,יהודי,820,410,410,280,50,80,370,50,1.61964076369639,506.285108636419,0.0609756097560976,38
679,אביאל,אביאל,113.41040437861628,1,232,4,temporal_distance > 149,2019,0.790786948176583,Party_turnout,TRUE,2019,7305,אביאל,AVI'EL,1,יהודי,821,414,407,270,65,73,344,0,1.61964076369639,506.902529500609,0,NA
679,אביאל,אביאל,113.41040437861628,1,232,4,temporal_distance > 149,2019,0.767307692307692,Party_turnout,TRUE,2019.2,7305,אביאל,AVI'EL,1,יהודי,821,414,407,270,65,73,344,0,1.61964076369639,506.902529500609,0,NA
679,אביאל,אביאל,113.41040437861628,1,232,4,temporal_distance > 149,2020,0.795761078998073,Party_turnout,TRUE,2020,7308,אביאל,AVI'EL,1,יהודי,792,399,385,252,55,79,337,0,1.61964076369639,488.997324439077,0,NA
679,אביאל,אביאל,113.41040437861628,1,232,4,temporal_distance > 149,2021,0.783109404990403,Party_turnout,TRUE,2021,7306,אביאל,AVI'EL,1,יהודי,820,406,415,262,63,73,353,68,1.61964076369639,506.285108636419,0.0829268292682927,NA
679,אביאל,אביאל,113.41040437861628,1,232,4,temporal_distance > 149,2022,0.740402193784278,Party_turnout,TRUE,2022,7309,אביאל,AVI'EL,1,יהודי,816,406,410,244,71,67,364,69,1.61964076369639,503.815425179656,0.0845588235294118,NA
680,אומץ,אומץ,97.48086356126242,0,NA,NA,no_red_alert,2006,0.834511337890436,Party_turnout,FALSE,2006,7314,אומץ,OMEZ,1,NA,452,NA,NA,NA,NA,NA,NA,NA,1.26174154272344,358.235014616677,NA,54
680,אומץ,אומץ,97.48086356126242,0,NA,NA,no_red_alert,2009,0.725433526011561,Party_turnout,FALSE,2009,7315,אומץ,OMEZ,1,NA,629,NA,NA,NA,NA,NA,NA,NA,1.26174154272344,498.517310163474,NA,51
680,אומץ,אומץ,97.48086356126242,0,NA,NA,no_red_alert,2013,0.758849557522124,Party_turnout,FALSE,2013,7319,אומץ,OMEZ,1,יהודי,750,380,370,230,60,80,340,50,1.26174154272344,594.416506554222,0.0666666666666667,59.5
680,אומץ,אומץ,97.48086356126242,0,NA,NA,no_red_alert,2015,0.768052516411379,Party_turnout,TRUE,2015,7322,אומץ,OMEZ,1,יהודי,780,390,390,230,70,80,350,60,1.26174154272344,618.19316681639,0.0769230769230769,53
680,אומץ,אומץ,97.48086356126242,0,NA,NA,no_red_alert,2019,0.745098039215686,Party_turnout,TRUE,2019,7326,אומץ,OMEZ,1,יהודי,849,434,415,239,85,91,352,83,1.26174154272344,672.879485419379,0.0977620730270907,NA
680,אומץ,אומץ,97.48086356126242,0,NA,NA,no_red_alert,2019,0.779296875,Party_turnout,TRUE,2019.2,7326,אומץ,OMEZ,1,יהודי,849,434,415,239,85,91,352,83,1.26174154272344,672.879485419379,0.0977620730270907,NA
680,אומץ,אומץ,97.48086356126242,0,NA,NA,no_red_alert,2020,0.7578125,Party_turnout,TRUE,2020,7312,אומץ,OMEZ,1,יהודי,830,423,405,228,77,91,349,85,1.26174154272344,657.820933920005,0.102409638554217,NA
680,אומץ,אומץ,97.48086356126242,0,NA,NA,no_red_alert,2021,0.772102161100196,Party_turnout,TRUE,2021,7325,אומץ,OMEZ,1,יהודי,824,416,408,216,84,83,353,88,1.26174154272344,653.065601867571,0.106796116504854,NA
680,אומץ,אומץ,97.48086356126242,0,NA,NA,no_red_alert,2022,0.741154562383613,Party_turnout,TRUE,2022,7324,אומץ,OMEZ,1,יהודי,860,435,425,224,92,87,365,93,1.26174154272344,681.597594182174,0.108139534883721,NA
682,אליקים,אליקים,126.7292609199739,1,6,3,temporal_distance == 6,2006,0.772127112006266,Party_turnout,FALSE,2006,7343,אליקים,ELYAQIM,1,NA,662,NA,NA,NA,NA,NA,NA,NA,0.508373127669934,1302.19314115637,NA,55
682,אליקים,אליקים,126.7292609199739,1,6,3,temporal_distance == 6,2009,0.718106995884774,Party_turnout,FALSE,2009,7348,אליקים,ELYAQIM,1,NA,746,NA,NA,NA,NA,NA,NA,NA,0.508373127669934,1467.42610770794,NA,51
682,אליקים,אליקים,126.7292609199739,1,6,3,temporal_distance == 6,2013,0.714011516314779,Party_turnout,FALSE,2013,7345,אליקים,ELYAQIM,1,יהודי,820,420,410,210,60,100,360,90,0.508373127669934,1612.98848300336,0.109756097560976,60
682,אליקים,אליקים,126.7292609199739,1,6,3,temporal_distance == 6,2015,0.767317939609236,Party_turnout,TRUE,2015,7346,אליקים,ELYAQIM,1,יהודי,860,440,420,220,60,110,360,90,0.508373127669934,1691.67084802791,0.104651162790698,56
682,אליקים,אליקים,126.7292609199739,1,6,3,temporal_distance == 6,2019,0.733898305084746,Party_turnout,TRUE,2019,7351,אליקים,ELYAQIM,1,יהודי,910,485,425,267,54,104,356,129,0.508373127669934,1790.02380430861,0.141758241758242,NA
682,אליקים,אליקים,126.7292609199739,1,6,3,temporal_distance == 6,2019,0.721561969439728,Party_turnout,TRUE,2019.2,7351,אליקים,ELYAQIM,1,יהודי,910,485,425,267,54,104,356,129,0.508373127669934,1790.02380430861,0.141758241758242,NA
682,אליקים,אליקים,126.7292609199739,1,6,3,temporal_distance == 6,2020,0.721843003412969,Party_turnout,TRUE,2020,7357,אליקים,ELYAQIM,1,יהודי,927,490,439,276,59,115,347,130,0.508373127669934,1823.46380944404,0.140237324703344,NA
682,אליקים,אליקים,126.7292609199739,1,6,3,temporal_distance == 6,2021,0.661512027491409,Party_turnout,TRUE,2021,7355,אליקים,ELYAQIM,1,יהודי,969,512,457,285,72,114,359,139,0.508373127669934,1906.08029271982,0.143446852425181,NA
682,אליקים,אליקים,126.7292609199739,1,6,3,temporal_distance == 6,2022,0.73194221508828206,Party_turnout,TRUE,2022,7356,אליקים,ELYAQIM,1,יהודי,969,511,458,291,62,112,364,139,0.508373127669934,1906.08029271982,0.143446852425181,NA
683,גבע כרמל,גבעכרמל,125.34148436308388,1,232,1,temporal_distance > 149,2006,0.834900117508813,Party_turnout,FALSE,2006,7359,גבע כרמל,GEVA  KARMEL,1,NA,851,NA,NA,NA,NA,NA,NA,NA,1.99986827319678,425.52802672332,NA,44.25
683,גבע כרמל,גבעכרמל,125.34148436308388,1,232,1,temporal_distance > 149,2009,0.754838709677419,Party_turnout,FALSE,2009,7364,גבע כרמל,GEVA  KARMEL,1,NA,1085,NA,NA,NA,NA,NA,NA,NA,1.99986827319678,542.535733248887,NA,40
683,גבע כרמל,גבעכרמל,125.34148436308388,1,232,1,temporal_distance > 149,2013,0.757763975155279,Party_turnout,FALSE,2013,7358,גבע כרמל,GEVA  KARMEL,1,יהודי,1100,560,550,350,60,120,490,80,1.99986827319678,550.036227256936,0.0727272727272727,42.5
683,גבע כרמל,גבעכרמל,125.34148436308388,1,232,1,temporal_distance > 149,2015,0.802469135802469,Party_turnout,TRUE,2015,7363,גבע כרמל,GEVA  KARMEL,1,יהודי,1170,580,590,380,80,120,500,100,1.99986827319678,585.038532627832,0.0854700854700855,38.25
683,גבע כרמל,גבעכרמל,125.34148436308388,1,232,1,temporal_distance > 149,2019,0.778085991678225,Party_turnout,TRUE,2019,7362,גבע כרמל,GEVA  KARMEL,1,יהודי,1200,582,618,361,101,110,505,123,1.99986827319678,600.03952064393,0.1025,NA
683,גבע כרמל,גבעכרמל,125.34148436308388,1,232,1,temporal_distance > 149,2019,0.788461538461538,Party_turnout,TRUE,2019.2,7362,גבע כרמל,GEVA  KARMEL,1,יהודי,1200,582,618,361,101,110,505,123,1.99986827319678,600.03952064393,0.1025,NA
683,גבע כרמל,גבעכרמל,125.34148436308388,1,232,1,temporal_distance > 149,2020,0.727524204702628,Party_turnout,TRUE,2020,7367,גבע כרמל,GEVA  KARMEL,1,יהודי,1221,599,622,344,106,130,514,127,1.99986827319678,610.540212255199,0.104013104013104,NA
683,גבע כרמל,גבעכרמל,125.34148436308388,1,232,1,temporal_distance > 149,2021,0.729138166894665,Party_turnout,TRUE,2021,7371,גבע כרמל,GEVA  KARMEL,1,יהודי,1192,587,604,323,106,130,506,127,1.99986827319678,596.03925717297,0.106543624161074,NA
683,גבע כרמל,גבעכרמל,125.34148436308388,1,232,1,temporal_distance > 149,2022,0.754458161865569,Party_turnout,TRUE,2022,7368,גבע כרמל,GEVA  KARMEL,1,יהודי,1205,595,609,311,106,143,513,132,1.99986827319678,602.53968531328,0.10954356846473,NA
684,היוגב,היוגב,130.05157721574295,1,6,1,temporal_distance == 6,2006,0.779749500504866,Party_turnout,FALSE,2006,7375,היוגב,HAYOGEV,1,NA,534,NA,NA,NA,NA,NA,NA,NA,4.17276035535357,127.972841602295,NA,19.6666666666667
684,היוגב,היוגב,130.05157721574295,1,6,1,temporal_distance == 6,2009,0.720408163265306,Party_turnout,FALSE,2009,7383,היוגב,HAYOGEV,1,NA,534,NA,NA,NA,NA,NA,NA,NA,4.17276035535357,127.972841602295,NA,18.2
684,היוגב,היוגב,130.05157721574295,1,6,1,temporal_distance == 6,2013,0.791586998087954,Party_turnout,FALSE,2013,7374,היוגב,HAYOGEV,1,יהודי,610,320,290,140,30,90,280,70,4.17276035535357,146.186204826592,0.114754098360656,18.8333333333333
684,היוגב,היוגב,130.05157721574295,1,6,1,temporal_distance == 6,2015,0.808193668528864,Party_turnout,TRUE,2015,7378,היוגב,HAYOGEV,1,יהודי,630,320,320,170,20,80,280,80,4.17276035535357,150.979195148775,0.126984126984127,17
684,היוגב,היוגב,130.05157721574295,1,6,1,temporal_distance == 6,2019,0.80385288966725,Party_turnout,TRUE,2019,7380,היוגב,HAYOGEV,1,יהודי,711,356,355,233,27,56,286,0,4.17276035535357,170.390805953618,0,NA
684,היוגב,היוגב,130.05157721574295,1,6,1,temporal_distance == 6,2019,0.766903914590747,Party_turnout,TRUE,2019.2,7380,היוגב,HAYOGEV,1,יהודי,711,356,355,233,27,56,286,0,4.17276035535357,170.390805953618,0,NA
684,היוגב,היוגב,130.05157721574295,1,6,1,temporal_distance == 6,2020,0.771681415929204,Party_turnout,TRUE,2020,7386,היוגב,HAYOGEV,1,יהודי,745,368,371,251,26,59,292,0,4.17276035535357,178.53888950133,0,NA
684,היוגב,היוגב,130.05157721574295,1,6,1,temporal_distance == 6,2021,0.786086956521739,Party_turnout,TRUE,2021,7385,היוגב,HAYOGEV,1,יהודי,790,399,391,267,34,51,312,0,4.17276035535357,189.323117726242,0,NA
684,היוגב,היוגב,130.05157721574295,1,6,1,temporal_distance == 6,2022,0.810679611650485,Party_turnout,TRUE,2022,7373,היוגב,HAYOGEV,1,יהודי,833,424,408,299,36,46,318,133,4.17276035535357,199.628046918936,0.159663865546218,NA
686,נווה ימין,נווהימין,75.59912247694501,0,NA,NA,no_red_alert,2006,0.566971213871483,Party_turnout,FALSE,2006,7405,נווה ימין,NEWE YAMIN,1,NA,1113,NA,NA,NA,NA,NA,NA,NA,1.98260311129033,561.383160180571,NA,61
686,נווה ימין,נווהימין,75.59912247694501,0,NA,NA,no_red_alert,2009,0.704439252336449,Party_turnout,FALSE,2009,7409,נווה ימין,NEWE YAMIN,1,NA,1074,NA,NA,NA,NA,NA,NA,NA,1.98260311129033,541.712052141899,NA,59
686,נווה ימין,נווהימין,75.59912247694501,0,NA,NA,no_red_alert,2013,0.717532467532468,Party_turnout,FALSE,2013,7416,נווה ימין,NEWE YAMIN,1,יהודי,1130,580,540,280,60,140,540,110,1.98260311129033,569.95774573589,0.0973451327433628,63
686,נווה ימין,נווהימין,75.59912247694501,0,NA,NA,no_red_alert,2015,0.776260504201681,Party_turnout,TRUE,2015,7408,נווה ימין,NEWE YAMIN,1,יהודי,1160,610,550,270,80,150,540,130,1.98260311129033,585.089367304099,0.112068965517241,63
686,נווה ימין,נווהימין,75.59912247694501,0,NA,NA,no_red_alert,2019,0.762278978388998,Party_turnout,TRUE,2019,7414,נווה ימין,NEWE YAMIN,1,יהודי,1155,601,554,247,72,152,521,165,1.98260311129033,582.567430376065,0.142857142857143,NA
686,נווה ימין,נווהימין,75.59912247694501,0,NA,NA,no_red_alert,2019,0.748773307163886,Party_turnout,TRUE,2019.2,7414,נווה ימין,NEWE YAMIN,1,יהודי,1155,601,554,247,72,152,521,165,1.98260311129033,582.567430376065,0.142857142857143,NA
686,נווה ימין,נווהימין,75.59912247694501,0,NA,NA,no_red_alert,2020,0.737,Party_turnout,TRUE,2020,7410,נווה ימין,NEWE YAMIN,1,יהודי,1079,562,518,226,73,136,478,166,1.98260311129033,544.233989069934,0.153846153846154,NA
686,נווה ימין,נווהימין,75.59912247694501,0,NA,NA,no_red_alert,2021,0.71413612565445,Party_turnout,TRUE,2021,7403,נווה ימין,NEWE YAMIN,1,יהודי,1065,552,513,214,79,131,470,172,1.98260311129033,537.172565671436,0.16150234741784,NA
686,נווה ימין,נווהימין,75.59912247694501,0,NA,NA,no_red_alert,2022,0.738170347003155,Party_turnout,TRUE,2022,7406,נווה ימין,NEWE YAMIN,1,יהודי,1037,528,508,196,76,141,445,178,1.98260311129033,523.049718874441,0.171648987463838,NA
687,עין איילה,עיןאיילה,121.83909767977184,1,232,3,temporal_distance > 149,2006,0.789557198886261,Party_turnout,FALSE,2006,7428,עין איילה,EN AYYALA,1,NA,789,NA,NA,NA,NA,NA,NA,NA,2.44819374802152,322.278414703747,NA,42
687,עין איילה,עיןאיילה,121.83909767977184,1,232,3,temporal_distance > 149,2009,0.787769784172662,Party_turnout,FALSE,2009,7422,עין איילה,EN AYYALA,1,NA,1013,NA,NA,NA,NA,NA,NA,NA,2.44819374802152,413.774441184912,NA,38
687,עין איילה,עיןאיילה,121.83909767977184,1,232,3,temporal_distance > 149,2013,0.792125984251968,Party_turnout,FALSE,2013,7427,עין איילה,EN AYYALA,1,יהודי,1140,580,550,420,80,100,490,50,2.44819374802152,465.649420484501,0.043859649122807,41
687,עין איילה,עיןאיילה,121.83909767977184,1,232,3,temporal_distance > 149,2015,0.779788838612368,Party_turnout,TRUE,2015,7431,עין איילה,EN AYYALA,1,יהודי,1130,590,540,390,110,100,480,50,2.44819374802152,461.564776445163,0.0442477876106195,33.75
687,עין איילה,עיןאיילה,121.83909767977184,1,232,3,temporal_distance > 149,2019,0.790760869565217,Party_turnout,TRUE,2019,7419,עין איילה,EN AYYALA,1,יהודי,1150,575,575,329,141,118,499,62,2.44819374802152,469.734064523839,0.0539130434782609,NA
687,עין איילה,עיןאיילה,121.83909767977184,1,232,3,temporal_distance > 149,2019,0.757697456492637,Party_turnout,TRUE,2019.2,7419,עין איילה,EN AYYALA,1,יהודי,1150,575,575,329,141,118,499,62,2.44819374802152,469.734064523839,0.0539130434782609,NA
687,עין איילה,עיןאיילה,121.83909767977184,1,232,3,temporal_distance > 149,2020,0.733870967741935,Party_turnout,TRUE,2020,7430,עין איילה,EN AYYALA,1,יהודי,1150,572,575,321,132,122,510,65,2.44819374802152,469.734064523839,0.0565217391304348,NA
687,עין איילה,עיןאיילה,121.83909767977184,1,232,3,temporal_distance > 149,2021,0.723598435462842,Party_turnout,TRUE,2021,7432,עין איילה,EN AYYALA,1,יהודי,1159,575,584,312,138,131,509,71,2.44819374802152,473.410244159243,0.0612597066436583,NA
687,עין איילה,עיןאיילה,121.83909767977184,1,232,3,temporal_distance > 149,2022,0.713197969543147,Party_turnout,TRUE,2022,7418,עין איילה,EN AYYALA,1,יהודי,1147,581,567,297,136,138,491,85,2.44819374802152,468.508671312037,0.0741063644289451,NA
689,מגדים,מגדים,132.48365147975645,1,232,1,temporal_distance > 149,2006,0.818441485431321,Party_turnout,FALSE,2006,7460,מגדים,MEGADIM,1,NA,789,NA,NA,NA,NA,NA,NA,NA,2.94014924349424,268.353724473628,NA,51.25
689,מגדים,מגדים,132.48365147975645,1,232,1,temporal_distance > 149,2009,0.765079365079365,Party_turnout,FALSE,2009,7452,מגדים,MEGADIM,1,NA,1096,NA,NA,NA,NA,NA,NA,NA,2.94014924349424,372.770192678196,NA,50
689,מגדים,מגדים,132.48365147975645,1,232,1,temporal_distance > 149,2013,0.754316069057105,Party_turnout,FALSE,2013,7459,מגדים,MEGADIM,1,יהודי,1250,610,630,370,80,110,560,130,2.94014924349424,425.14848617495,0.104,53.25
689,מגדים,מגדים,132.48365147975645,1,232,1,temporal_distance > 149,2015,0.794838709677419,Party_turnout,TRUE,2015,7455,מגדים,MEGADIM,1,יהודי,1280,630,640,380,80,120,560,140,2.94014924349424,435.352049843149,0.109375,51
689,מגדים,מגדים,132.48365147975645,1,232,1,temporal_distance > 149,2019,0.789002557544757,Party_turnout,TRUE,2019,7461,מגדים,MEGADIM,1,יהודי,1329,663,666,368,95,115,582,171,2.94014924349424,452.017870501207,0.128668171557562,NA
689,מגדים,מגדים,132.48365147975645,1,232,1,temporal_distance > 149,2019,0.772040302267002,Party_turnout,TRUE,2019.2,7461,מגדים,MEGADIM,1,יהודי,1329,663,666,368,95,115,582,171,2.94014924349424,452.017870501207,0.128668171557562,NA
689,מגדים,מגדים,132.48365147975645,1,232,1,temporal_distance > 149,2020,0.725888324873096,Party_turnout,TRUE,2020,7451,מגדים,MEGADIM,1,יהודי,1379,695,684,388,91,130,586,184,2.94014924349424,469.023809948205,0.133430021754895,NA
689,מגדים,מגדים,132.48365147975645,1,232,1,temporal_distance > 149,2021,0.752157829839704,Party_turnout,TRUE,2021,7448,מגדים,MEGADIM,1,יהודי,1388,683,706,374,106,136,581,190,2.94014924349424,472.084879048665,0.136887608069164,NA
689,מגדים,מגדים,132.48365147975645,1,232,1,temporal_distance > 149,2022,0.752969121140142,Party_turnout,TRUE,2022,7458,מגדים,MEGADIM,1,יהודי,1391,686,705,367,108,133,590,192,2.94014924349424,473.105235415484,0.13803019410496,NA
694,מעגן מיכאל,מעגןמיכאל,113.29560822754392,1,232,4,temporal_distance > 149,2006,0.765762873548458,Party_turnout,FALSE,2006,7513,מעגן מיכאל,MA'AGAN MIKHA'EL,1,NA,1359,NA,NA,NA,NA,NA,NA,NA,0.800810813396687,1697.0300316447,NA,57
694,מעגן מיכאל,מעגןמיכאל,113.29560822754392,1,232,4,temporal_distance > 149,2009,0.709800918836141,Party_turnout,FALSE,2009,7508,מעגן מיכאל,MA'AGAN MIKHA'EL,1,NA,1526,NA,NA,NA,NA,NA,NA,NA,0.800810813396687,1905.56867423828,NA,54
694,מעגן מיכאל,מעגןמיכאל,113.29560822754392,1,232,4,temporal_distance > 149,2013,0.693213296398892,Party_turnout,FALSE,2013,7521,מעגן מיכאל,MA'AGAN MIKHA'EL,1,יהודי,1770,870,900,410,150,280,690,240,0.800810813396687,2210.25986461451,0.135593220338983,61
694,מעגן מיכאל,מעגןמיכאל,113.29560822754392,1,232,4,temporal_distance > 149,2015,0.717477003942181,Party_turnout,TRUE,2015,7510,מעגן מיכאל,MA'AGAN MIKHA'EL,1,יהודי,1890,950,940,440,170,300,720,260,0.800810813396687,2360.10799102906,0.137566137566138,54
694,מעגן מיכאל,מעגןמיכאל,113.29560822754392,1,232,4,temporal_distance > 149,2019,0.691895113230036,Party_turnout,TRUE,2019,7515,מעגן מיכאל,MA'AGAN MIKHA'EL,1,יהודי,2039,1031,1009,495,174,328,760,283,0.800810813396687,2546.16941466045,0.138793526238352,NA
694,מעגן מיכאל,מעגןמיכאל,113.29560822754392,1,232,4,temporal_distance > 149,2019,0.674556213017751,Party_turnout,TRUE,2019.2,7515,מעגן מיכאל,MA'AGAN MIKHA'EL,1,יהודי,2039,1031,1009,495,174,328,760,283,0.800810813396687,2546.16941466045,0.138793526238352,NA
694,מעגן מיכאל,מעגןמיכאל,113.29560822754392,1,232,4,temporal_distance > 149,2020,0.655699177438308,Party_turnout,TRUE,2020,7511,מעגן מיכאל,MA'AGAN MIKHA'EL,1,יהודי,2064,1037,1031,516,170,309,769,300,0.800810813396687,2577.38777433014,0.145348837209302,NA
694,מעגן מיכאל,מעגןמיכאל,113.29560822754392,1,232,4,temporal_distance > 149,2021,0.655491329479769,Party_turnout,TRUE,2021,7520,מעגן מיכאל,MA'AGAN MIKHA'EL,1,יהודי,2068,1043,1025,517,162,325,768,296,0.800810813396687,2582.3827118773,0.143133462282398,NA
694,מעגן מיכאל,מעגןמיכאל,113.29560822754392,1,232,4,temporal_distance > 149,2022,0.635788262370541,Party_turnout,TRUE,2022,7518,מעגן מיכאל,MA'AGAN MIKHA'EL,1,יהודי,2074,1042,1032,528,178,300,773,295,0.800810813396687,2589.87511819802,0.142237222757956,NA
697,בארותיים,בארותיים,91.7043321577716,0,NA,NA,no_red_alert,2006,0.884330455218924,Party_turnout,FALSE,2006,7562,בארותיים,BE'EROTAYIM,1,NA,666,NA,NA,NA,NA,NA,NA,NA,3.65671245088637,182.130809831264,NA,61
697,בארותיים,בארותיים,91.7043321577716,0,NA,NA,no_red_alert,2009,0.780718336483932,Party_turnout,FALSE,2009,7555,בארותיים,BE'EROTAYIM,1,NA,911,NA,NA,NA,NA,NA,NA,NA,3.65671245088637,249.130882516939,NA,59
697,בארותיים,בארותיים,91.7043321577716,0,NA,NA,no_red_alert,2013,0.817420435510888,Party_turnout,FALSE,2013,7564,בארותיים,BE'EROTAYIM,1,יהודי,1070,550,520,360,70,90,490,60,3.65671245088637,292.61256234152,0.0560747663551402,62.5
697,בארותיים,בארותיים,91.7043321577716,0,NA,NA,no_red_alert,2015,0.82262996941896,Party_turnout,TRUE,2015,7556,בארותיים,BE'EROTAYIM,1,יהודי,1120,570,550,360,90,90,500,80,3.65671245088637,306.286046563086,0.0714285714285714,59.6666666666667
697,בארותיים,בארותיים,91.7043321577716,0,NA,NA,no_red_alert,2019,0.794034090909091,Party_turnout,TRUE,2019,7567,בארותיים,BE'EROTAYIM,1,יהודי,1143,582,561,336,100,88,506,114,3.65671245088637,312.575849305006,0.0997375328083989,NA
697,בארותיים,בארותיים,91.7043321577716,0,NA,NA,no_red_alert,2019,0.758087201125176,Party_turnout,TRUE,2019.2,7567,בארותיים,BE'EROTAYIM,1,יהודי,1143,582,561,336,100,88,506,114,3.65671245088637,312.575849305006,0.0997375328083989,NA
697,בארותיים,בארותיים,91.7043321577716,0,NA,NA,no_red_alert,2020,0.775714285714286,Party_turnout,TRUE,2020,7565,בארותיים,BE'EROTAYIM,1,יהודי,1143,571,567,314,109,105,496,119,3.65671245088637,312.575849305006,0.10411198600175,NA
697,בארותיים,בארותיים,91.7043321577716,0,NA,NA,no_red_alert,2021,0.787204450625869,Party_turnout,TRUE,2021,7557,בארותיים,BE'EROTAYIM,1,יהודי,1155,582,573,302,123,107,499,123,3.65671245088637,315.857485518182,0.106493506493506,NA
697,בארותיים,בארותיים,91.7043321577716,0,NA,NA,no_red_alert,2022,0.775862068965517,Party_turnout,TRUE,2022,7560,בארותיים,BE'EROTAYIM,1,יהודי,1179,587,592,309,118,116,506,128,3.65671245088637,322.420757944534,0.108566581849025,NA
698,בורגתה,בורגתה,91.66339871283556,0,NA,NA,no_red_alert,2006,0.725167444085636,Party_turnout,FALSE,2006,7568,בורגתה,BURGETA,1,NA,929,NA,NA,NA,NA,NA,NA,NA,0.987042320900301,941.195712006189,NA,61
698,בורגתה,בורגתה,91.66339871283556,0,NA,NA,no_red_alert,2009,0.739520958083832,Party_turnout,FALSE,2009,7581,בורגתה,BURGETA,1,NA,1012,NA,NA,NA,NA,NA,NA,NA,0.987042320900301,1025.28531813807,NA,58
698,בורגתה,בורגתה,91.66339871283556,0,NA,NA,no_red_alert,2013,0.791666666666667,Party_turnout,FALSE,2013,7572,בורגתה,BURGETA,1,יהודי,1090,550,540,300,70,130,500,90,0.987042320900301,1104.30928534634,0.0825688073394495,62
698,בורגתה,בורגתה,91.66339871283556,0,NA,NA,no_red_alert,2015,0.808236808236808,Party_turnout,TRUE,2015,7580,בורגתה,BURGETA,1,יהודי,1130,570,560,300,80,140,500,110,0.987042320900301,1144.83439673519,0.0973451327433628,57.8333333333333
698,בורגתה,בורגתה,91.66339871283556,0,NA,NA,no_red_alert,2019,0.78117048346056,Party_turnout,TRUE,2019,7582,בורגתה,BURGETA,1,יהודי,1136,570,565,297,84,113,492,148,0.987042320900301,1150.91316344352,0.130281690140845,NA
698,בורגתה,בורגתה,91.66339871283556,0,NA,NA,no_red_alert,2019,0.768647281921618,Party_turnout,TRUE,2019.2,7582,בורגתה,BURGETA,1,יהודי,1136,570,565,297,84,113,492,148,0.987042320900301,1150.91316344352,0.130281690140845,NA
698,בורגתה,בורגתה,91.66339871283556,0,NA,NA,no_red_alert,2020,0.768368617683686,Party_turnout,TRUE,2020,7577,בורגתה,BURGETA,1,יהודי,1135,575,563,281,85,124,491,154,0.987042320900301,1149.9000356588,0.13568281938326,NA
698,בורגתה,בורגתה,91.66339871283556,0,NA,NA,no_red_alert,2021,0.758830694275274,Party_turnout,TRUE,2021,7571,בורגתה,BURGETA,1,יהודי,1147,586,561,271,90,133,493,159,0.987042320900301,1162.05756907546,0.138622493461203,NA
698,בורגתה,בורגתה,91.66339871283556,0,NA,NA,no_red_alert,2022,0.738922155688623,Party_turnout,TRUE,2022,7575,בורגתה,BURGETA,1,יהודי,1153,590,563,265,90,139,494,166,0.987042320900301,1168.13633578378,0.143972246313964,NA
703,גבעת עוז,גבעתעוז,125.4116747861623,0,NA,NA,no_red_alert,2006,0.81156365278928,Party_turnout,FALSE,2006,7653,גבעת עוז,GIV'AT OZ,1,NA,359,NA,NA,NA,NA,NA,NA,NA,0.344220320979946,1042.93668362745,NA,48.25
703,גבעת עוז,גבעתעוז,125.4116747861623,0,NA,NA,no_red_alert,2009,0.712365591397849,Party_turnout,FALSE,2009,7648,גבעת עוז,GIV'AT OZ,1,NA,490,NA,NA,NA,NA,NA,NA,NA,0.344220320979946,1423.5068940876,NA,49
703,גבעת עוז,גבעתעוז,125.4116747861623,0,NA,NA,no_red_alert,2013,0.663390663390663,Party_turnout,FALSE,2013,7651,גבעת עוז,GIV'AT OZ,1,יהודי,490,250,240,110,20,50,200,110,0.344220320979946,1423.5068940876,0.224489795918367,55
703,גבעת עוז,גבעתעוז,125.4116747861623,0,NA,NA,no_red_alert,2015,0.675879396984925,Party_turnout,TRUE,2015,7646,גבעת עוז,GIV'AT OZ,1,יהודי,470,240,230,90,30,60,180,110,0.344220320979946,1365.40457187994,0.234042553191489,49.5
703,גבעת עוז,גבעתעוז,125.4116747861623,0,NA,NA,no_red_alert,2019,0.680487804878049,Party_turnout,TRUE,2019,7652,גבעת עוז,GIV'AT OZ,1,יהודי,464,236,228,91,30,57,184,103,0.344220320979946,1347.97387521765,0.22198275862069,NA
703,גבעת עוז,גבעתעוז,125.4116747861623,0,NA,NA,no_red_alert,2019,0.669950738916256,Party_turnout,TRUE,2019.2,7652,גבעת עוז,GIV'AT OZ,1,יהודי,464,236,228,91,30,57,184,103,0.344220320979946,1347.97387521765,0.22198275862069,NA
703,גבעת עוז,גבעתעוז,125.4116747861623,0,NA,NA,no_red_alert,2020,0.640897755610973,Party_turnout,TRUE,2020,7644,גבעת עוז,GIV'AT OZ,1,יהודי,465,243,221,93,34,56,180,102,0.344220320979946,1350.87899132803,0.219354838709677,NA
703,גבעת עוז,גבעתעוז,125.4116747861623,0,NA,NA,no_red_alert,2021,0.620603015075377,Party_turnout,TRUE,2021,7650,גבעת עוז,GIV'AT OZ,1,יהודי,475,244,231,100,32,53,190,103,0.344220320979946,1379.93015243186,0.216842105263158,NA
703,גבעת עוז,גבעתעוז,125.4116747861623,0,NA,NA,no_red_alert,2022,0.623471882640587,Party_turnout,TRUE,2022,7649,גבעת עוז,GIV'AT OZ,1,יהודי,501,262,239,111,33,58,201,100,0.344220320979946,1455.46317130181,0.199600798403194,NA
715,להבות חביבה,להבותחביבה,101.05622086578728,0,NA,NA,no_red_alert,2006,1,Party_turnout,FALSE,2006,7809,להבות חביבה,LAHAVOT HAVIVA,1,NA,264,NA,NA,NA,NA,NA,NA,NA,0.36832407273468,716.76010215648,NA,60
715,להבות חביבה,להבותחביבה,101.05622086578728,0,NA,NA,no_red_alert,2009,0.668918918918919,Party_turnout,FALSE,2009,7821,להבות חביבה,LAHAVOT HAVIVA,1,NA,616,NA,NA,NA,NA,NA,NA,NA,0.36832407273468,1672.44023836512,NA,57.25
715,להבות חביבה,להבותחביבה,101.05622086578728,0,NA,NA,no_red_alert,2013,0.74234693877551,Party_turnout,FALSE,2013,7820,להבות חביבה,LAHAVOT HAVIVA,1,יהודי,890,440,450,290,60,120,360,50,0.36832407273468,2416.35034439116,0.0561797752808989,61
715,להבות חביבה,להבותחביבה,101.05622086578728,0,NA,NA,no_red_alert,2015,0.79296066252588,Party_turnout,TRUE,2015,7816,להבות חביבה,LAHAVOT HAVIVA,1,יהודי,970,480,490,330,50,140,400,50,0.36832407273468,2633.55037534767,0.0515463917525773,59
715,להבות חביבה,להבותחביבה,101.05622086578728,0,NA,NA,no_red_alert,2019,0.789930555555556,Party_turnout,TRUE,2019,7817,להבות חביבה,LAHAVOT HAVIVA,1,יהודי,1021,503,518,346,88,67,457,63,0.36832407273468,2772.01539508245,0.0617042115572968,NA
715,להבות חביבה,להבותחביבה,101.05622086578728,0,NA,NA,no_red_alert,2019,0.776666666666667,Party_turnout,TRUE,2019.2,7817,להבות חביבה,LAHAVOT HAVIVA,1,יהודי,1021,503,518,346,88,67,457,63,0.36832407273468,2772.01539508245,0.0617042115572968,NA
715,להבות חביבה,להבותחביבה,101.05622086578728,0,NA,NA,no_red_alert,2020,0.77175697865353,Party_turnout,TRUE,2020,7822,להבות חביבה,LAHAVOT HAVIVA,1,יהודי,1042,511,532,343,96,74,465,64,0.36832407273468,2829.03040320853,0.0614203454894434,NA
715,להבות חביבה,להבותחביבה,101.05622086578728,0,NA,NA,no_red_alert,2021,0.758785942492013,Party_turnout,TRUE,2021,7814,להבות חביבה,LAHAVOT HAVIVA,1,יהודי,1061,513,548,335,99,81,476,70,0.36832407273468,2880.6154105607,0.0659754948162111,NA
715,להבות חביבה,להבותחביבה,101.05622086578728,0,NA,NA,no_red_alert,2022,0.756508422664625,Party_turnout,TRUE,2022,7810,להבות חביבה,LAHAVOT HAVIVA,1,יהודי,1061,511,550,319,112,89,468,73,0.36832407273468,2880.6154105607,0.0688030160226202,NA
716,אייל,אייל,81.90397230366582,1,227,5,temporal_distance > 149,2006,0.76203418178017,Party_turnout,FALSE,2006,7829,אייל,EYAL,1,NA,424,NA,NA,NA,NA,NA,NA,NA,0.305881037420713,1386.15980766675,NA,61
716,אייל,אייל,81.90397230366582,1,227,5,temporal_distance > 149,2009,0.780254777070064,Party_turnout,FALSE,2009,7835,אייל,EYAL,1,NA,423,NA,NA,NA,NA,NA,NA,NA,0.305881037420713,1382.89056283734,NA,59
716,אייל,אייל,81.90397230366582,1,227,5,temporal_distance > 149,2013,0.803324099722992,Party_turnout,FALSE,2013,7824,אייל,EYAL,1,יהודי,480,260,220,110,30,80,220,20,0.305881037420713,1569.2375181133,0.0416666666666667,63
716,אייל,אייל,81.90397230366582,1,227,5,temporal_distance > 149,2015,0.818681318681319,Party_turnout,TRUE,2015,7831,אייל,EYAL,1,יהודי,480,260,230,130,30,70,220,40,0.305881037420713,1569.2375181133,0.0833333333333333,61.25
716,אייל,אייל,81.90397230366582,1,227,5,temporal_distance > 149,2019,0.827763496143959,Party_turnout,TRUE,2019,7826,אייל,EYAL,1,יהודי,534,279,255,166,17,60,238,0,0.305881037420713,1745.77673890104,0,NA
716,אייל,אייל,81.90397230366582,1,227,5,temporal_distance > 149,2019,0.787179487179487,Party_turnout,TRUE,2019.2,7826,אייל,EYAL,1,יהודי,534,279,255,166,17,60,238,0,0.305881037420713,1745.77673890104,0,NA
716,אייל,אייל,81.90397230366582,1,227,5,temporal_distance > 149,2020,0.78772378516624,Party_turnout,TRUE,2020,7836,אייל,EYAL,1,יהודי,535,280,253,158,26,61,225,0,0.305881037420713,1749.04598373045,0,NA
716,אייל,אייל,81.90397230366582,1,227,5,temporal_distance > 149,2021,0.819796954314721,Party_turnout,TRUE,2021,7827,אייל,EYAL,1,יהודי,549,292,257,161,29,55,233,0,0.305881037420713,1794.81541134208,0,NA
716,אייל,אייל,81.90397230366582,1,227,5,temporal_distance > 149,2022,0.81219512195122,Party_turnout,TRUE,2022,7832,אייל,EYAL,1,יהודי,566,299,267,166,31,49,244,0,0.305881037420713,1850.39257344193,0,NA
718,ירחיב,ירחיב,76.13485329503202,1,227,3,temporal_distance > 149,2006,0.614604071671697,Party_turnout,FALSE,2006,7866,ירחיב,YARHIV,1,NA,736,NA,NA,NA,NA,NA,NA,NA,0.403598030948601,1823.59660742183,NA,61
718,ירחיב,ירחיב,76.13485329503202,1,227,3,temporal_distance > 149,2009,0.671785028790787,Party_turnout,FALSE,2009,7865,ירחיב,YARHIV,1,NA,736,NA,NA,NA,NA,NA,NA,NA,0.403598030948601,1823.59660742183,NA,59
718,ירחיב,ירחיב,76.13485329503202,1,227,3,temporal_distance > 149,2013,0.711290322580645,Party_turnout,FALSE,2013,7861,ירחיב,YARHIV,1,יהודי,920,470,450,240,80,140,380,80,0.403598030948601,2279.49575927729,0.0869565217391304,63
718,ירחיב,ירחיב,76.13485329503202,1,227,3,temporal_distance > 149,2015,0.753323485967504,Party_turnout,TRUE,2015,7862,ירחיב,YARHIV,1,יהודי,960,490,460,240,80,160,400,80,0.403598030948601,2378.60427055021,0.0833333333333333,61
718,ירחיב,ירחיב,76.13485329503202,1,227,3,temporal_distance > 149,2019,0.74468085106383,Party_turnout,TRUE,2019,7859,ירחיב,YARHIV,1,יהודי,1082,563,519,259,99,174,463,85,0.403598030948601,2680.88522993264,0.0785582255083179,NA
718,ירחיב,ירחיב,76.13485329503202,1,227,3,temporal_distance > 149,2019,0.744010088272383,Party_turnout,TRUE,2019.2,7859,ירחיב,YARHIV,1,יהודי,1082,563,519,259,99,174,463,85,0.403598030948601,2680.88522993264,0.0785582255083179,NA
718,ירחיב,ירחיב,76.13485329503202,1,227,3,temporal_distance > 149,2020,0.711392405063291,Party_turnout,TRUE,2020,7867,ירחיב,YARHIV,1,יהודי,1097,558,536,253,102,173,475,94,0.403598030948601,2718.05092165998,0.0856882406563355,NA
718,ירחיב,ירחיב,76.13485329503202,1,227,3,temporal_distance > 149,2021,0.693509615384615,Party_turnout,TRUE,2021,7860,ירחיב,YARHIV,1,יהודי,1088,556,532,245,100,175,470,99,0.403598030948601,2695.75150662358,0.0909926470588235,NA
718,ירחיב,ירחיב,76.13485329503202,1,227,3,temporal_distance > 149,2022,0.738442822384428,Party_turnout,TRUE,2022,7858,ירחיב,YARHIV,1,יהודי,1087,556,530,242,90,177,469,109,0.403598030948601,2693.27379384175,0.100275988960442,NA
734,גן יאשיה,גןיאשיה,95.57052683888844,0,NA,NA,no_red_alert,2006,0.764765270065623,Party_turnout,FALSE,2006,8044,גן יאשיה,GAN YOSHIYYA,1,NA,665,NA,NA,NA,NA,NA,NA,NA,1.91823048727787,346.673668472285,NA,59
734,גן יאשיה,גןיאשיה,95.57052683888844,0,NA,NA,no_red_alert,2009,0.806324110671937,Party_turnout,FALSE,2009,8038,גן יאשיה,GAN YOSHIYYA,1,NA,844,NA,NA,NA,NA,NA,NA,NA,1.91823048727787,439.988836376856,NA,53.3333333333333
734,גן יאשיה,גןיאשיה,95.57052683888844,0,NA,NA,no_red_alert,2013,0.816254416961131,Party_turnout,FALSE,2013,8035,גן יאשיה,GAN YOSHIYYA,1,יהודי,950,510,440,260,80,120,430,60,1.91823048727787,495.248097817551,0.0631578947368421,61
734,גן יאשיה,גןיאשיה,95.57052683888844,0,NA,NA,no_red_alert,2015,0.829310344827586,Party_turnout,TRUE,2015,8047,גן יאשיה,GAN YOSHIYYA,1,יהודי,980,520,460,260,100,120,430,70,1.91823048727787,510.887511432842,0.0714285714285714,54
734,גן יאשיה,גןיאשיה,95.57052683888844,0,NA,NA,no_red_alert,2019,0.790064102564103,Party_turnout,TRUE,2019,8042,גן יאשיה,GAN YOSHIYYA,1,יהודי,997,529,469,251,103,133,423,87,1.91823048727787,519.74984581484,0.0872617853560682,NA
734,גן יאשיה,גןיאשיה,95.57052683888844,0,NA,NA,no_red_alert,2019,0.754358161648177,Party_turnout,TRUE,2019.2,8042,גן יאשיה,GAN YOSHIYYA,1,יהודי,997,529,469,251,103,133,423,87,1.91823048727787,519.74984581484,0.0872617853560682,NA
734,גן יאשיה,גןיאשיה,95.57052683888844,0,NA,NA,no_red_alert,2020,0.777777777777778,Party_turnout,TRUE,2020,8037,גן יאשיה,GAN YOSHIYYA,1,יהודי,1008,532,476,252,93,138,433,92,1.91823048727787,525.48429747378,0.0912698412698413,NA
734,גן יאשיה,גןיאשיה,95.57052683888844,0,NA,NA,no_red_alert,2021,0.779969650986343,Party_turnout,TRUE,2021,8039,גן יאשיה,GAN YOSHIYYA,1,יהודי,1019,532,487,246,107,135,431,100,1.91823048727787,531.21874913272,0.098135426889107,NA
734,גן יאשיה,גןיאשיה,95.57052683888844,0,NA,NA,no_red_alert,2022,0.761061946902655,Party_turnout,TRUE,2022,8034,גן יאשיה,GAN YOSHIYYA,1,יהודי,1040,538,501,256,102,137,438,105,1.91823048727787,542.166338663424,0.100961538461538,NA
737,עולש,עולש,93.4649065263428,0,NA,NA,no_red_alert,2006,0.812011293732125,Party_turnout,FALSE,2006,8083,עולש,OLESH,1,NA,796,NA,NA,NA,NA,NA,NA,NA,2.61828021434801,304.016352275043,NA,61
737,עולש,עולש,93.4649065263428,0,NA,NA,no_red_alert,2009,0.776666666666667,Party_turnout,FALSE,2009,8090,עולש,OLESH,1,NA,971,NA,NA,NA,NA,NA,NA,NA,2.61828021434801,370.854118164656,NA,58.25
737,עולש,עולש,93.4649065263428,0,NA,NA,no_red_alert,2013,0.787923416789396,Party_turnout,FALSE,2013,8082,עולש,OLESH,1,יהודי,1050,520,530,290,80,140,480,60,2.61828021434801,401.026595337682,0.0571428571428571,61.6666666666667
737,עולש,עולש,93.4649065263428,0,NA,NA,no_red_alert,2015,0.79330422125182,Party_turnout,TRUE,2015,8091,עולש,OLESH,1,יהודי,1070,530,540,290,90,130,480,70,2.61828021434801,408.665197153638,0.0654205607476635,57.6666666666667
737,עולש,עולש,93.4649065263428,0,NA,NA,no_red_alert,2019,0.794195250659631,Party_turnout,TRUE,2019,8087,עולש,OLESH,1,יהודי,1131,549,582,303,86,139,503,100,2.61828021434801,431.962932692303,0.0884173297966401,NA
737,עולש,עולש,93.4649065263428,0,NA,NA,no_red_alert,2019,0.773087071240106,Party_turnout,TRUE,2019.2,8087,עולש,OLESH,1,יהודי,1131,549,582,303,86,139,503,100,2.61828021434801,431.962932692303,0.0884173297966401,NA
737,עולש,עולש,93.4649065263428,0,NA,NA,no_red_alert,2020,0.750328515111695,Party_turnout,TRUE,2020,8088,עולש,OLESH,1,יהודי,1163,576,586,336,78,136,508,105,2.61828021434801,444.184695597832,0.0902837489251935,NA
737,עולש,עולש,93.4649065263428,0,NA,NA,no_red_alert,2021,0.782383419689119,Party_turnout,TRUE,2021,8078,עולש,OLESH,1,יהודי,1184,585,599,351,75,142,502,113,2.61828021434801,452.205227504586,0.0954391891891892,NA
737,עולש,עולש,93.4649065263428,0,NA,NA,no_red_alert,2022,0.736975857687421,Party_turnout,TRUE,2022,8081,עולש,OLESH,1,יהודי,1192,587,605,353,76,136,508,120,2.61828021434801,455.260668230968,0.100671140939597,NA
738,דור,דור,119.08621003533382,1,232,3,temporal_distance > 149,2006,0.68160025915128,Party_turnout,FALSE,2006,8105,דור,DOR,1,NA,343,NA,NA,NA,NA,NA,NA,NA,0.579548407523729,591.840121631179,NA,39
738,דור,דור,119.08621003533382,1,232,3,temporal_distance > 149,2009,0.744444444444444,Party_turnout,FALSE,2009,8099,דור,DOR,1,NA,397,NA,NA,NA,NA,NA,NA,NA,0.579548407523729,685.016117456496,NA,39
738,דור,דור,119.08621003533382,1,232,3,temporal_distance > 149,2013,0.734082397003745,Party_turnout,FALSE,2013,8093,דור,DOR,1,יהודי,370,190,180,60,20,80,180,40,0.579548407523729,638.428119543838,0.108108108108108,44
738,דור,דור,119.08621003533382,1,232,3,temporal_distance > 149,2015,0.827067669172932,Party_turnout,TRUE,2015,8104,דור,DOR,1,יהודי,400,200,200,90,20,70,200,30,0.579548407523729,690.192561669014,0.075,34
738,דור,דור,119.08621003533382,1,232,3,temporal_distance > 149,2019,0.800724637681159,Party_turnout,TRUE,2019,8102,דור,DOR,1,יהודי,443,215,228,117,13,44,224,43,0.579548407523729,764.388262048433,0.0970654627539503,NA
738,דור,דור,119.08621003533382,1,232,3,temporal_distance > 149,2019,0.815217391304348,Party_turnout,TRUE,2019.2,8102,דור,DOR,1,יהודי,443,215,228,117,13,44,224,43,0.579548407523729,764.388262048433,0.0970654627539503,NA
738,דור,דור,119.08621003533382,1,232,3,temporal_distance > 149,2020,0.778947368421053,Party_turnout,TRUE,2020,8103,דור,DOR,1,יהודי,447,218,226,126,11,38,223,0,0.579548407523729,771.290187665123,0,NA
738,דור,דור,119.08621003533382,1,232,3,temporal_distance > 149,2021,0.777003484320557,Party_turnout,TRUE,2021,8096,דור,DOR,1,יהודי,451,219,231,134,8,36,221,0,0.579548407523729,778.192113281813,0,NA
738,דור,דור,119.08621003533382,1,232,3,temporal_distance > 149,2022,0.748251748251748,Party_turnout,TRUE,2022,8095,דור,DOR,1,יהודי,465,227,237,143,5,35,223,0,0.579548407523729,802.348852940229,0,NA
753,ינוב,ינוב,89.49153002575937,0,NA,NA,no_red_alert,2006,0.713017225238719,Party_turnout,FALSE,2006,8325,ינוב,YANUV,1,NA,784,NA,NA,NA,NA,NA,NA,NA,1.35319429778182,579.369866755385,NA,61
753,ינוב,ינוב,89.49153002575937,0,NA,NA,no_red_alert,2009,0.677064220183486,Party_turnout,FALSE,2009,8332,ינוב,YANUV,1,NA,851,NA,NA,NA,NA,NA,NA,NA,1.35319429778182,628.882342613306,NA,59
753,ינוב,ינוב,89.49153002575937,0,NA,NA,no_red_alert,2013,0.738137082601054,Party_turnout,FALSE,2013,8323,ינוב,YANUV,1,יהודי,850,460,390,210,70,120,360,90,1.35319429778182,628.143350436323,0.105882352941176,63
753,ינוב,ינוב,89.49153002575937,0,NA,NA,no_red_alert,2015,0.777027027027027,Party_turnout,TRUE,2015,8319,ינוב,YANUV,1,יהודי,930,500,430,240,70,140,390,90,1.35319429778182,687.262724595035,0.0967741935483871,61
753,ינוב,ינוב,89.49153002575937,0,NA,NA,no_red_alert,2019,0.776872964169381,Party_turnout,TRUE,2019,8318,ינוב,YANUV,1,יהודי,936,502,433,231,60,129,388,126,1.35319429778182,691.696677656939,0.134615384615385,NA
753,ינוב,ינוב,89.49153002575937,0,NA,NA,no_red_alert,2019,0.767741935483871,Party_turnout,TRUE,2019.2,8318,ינוב,YANUV,1,יהודי,936,502,433,231,60,129,388,126,1.35319429778182,691.696677656939,0.134615384615385,NA
753,ינוב,ינוב,89.49153002575937,0,NA,NA,no_red_alert,2020,0.745571658615137,Party_turnout,TRUE,2020,8320,ינוב,YANUV,1,יהודי,934,499,431,223,61,137,384,129,1.35319429778182,690.218693302971,0.138115631691649,NA
753,ינוב,ינוב,89.49153002575937,0,NA,NA,no_red_alert,2021,0.729032258064516,Party_turnout,TRUE,2021,8329,ינוב,YANUV,1,יהודי,952,501,451,228,65,133,392,134,1.35319429778182,703.520552488681,0.140756302521008,NA
753,ינוב,ינוב,89.49153002575937,0,NA,NA,no_red_alert,2022,0.740740740740741,Party_turnout,TRUE,2022,8327,ינוב,YANUV,1,יהודי,937,495,442,213,64,130,393,140,1.35319429778182,692.435669833923,0.149413020277481,NA
758,יד חנה,ידחנה,93.95337388725562,0,NA,NA,no_red_alert,2006,0.931427653765858,Party_turnout,FALSE,2006,8380,יד חנה,YAD HANNA,1,NA,208,NA,NA,NA,NA,NA,NA,NA,0.300112189847711,693.074147056632,NA,61
758,יד חנה,ידחנה,93.95337388725562,0,NA,NA,no_red_alert,2009,0.721951219512195,Party_turnout,FALSE,2009,8382,יד חנה,YAD HANNA,1,NA,279,NA,NA,NA,NA,NA,NA,NA,0.300112189847711,929.652341484616,NA,59
758,יד חנה,ידחנה,93.95337388725562,0,NA,NA,no_red_alert,2013,0.811735941320293,Party_turnout,FALSE,2013,8388,יד חנה,YAD HANNA,1,יהודי,700,360,340,250,30,40,340,40,0.300112189847711,2332.4610718252,0.0571428571428571,62
758,יד חנה,ידחנה,93.95337388725562,0,NA,NA,no_red_alert,2015,0.818371607515658,Party_turnout,TRUE,2015,8391,יד חנה,YAD HANNA,1,יהודי,800,410,390,310,30,30,380,50,0.300112189847711,2665.66979637166,0.0625,62
758,יד חנה,ידחנה,93.95337388725562,0,NA,NA,no_red_alert,2019,0.798922800718133,Party_turnout,TRUE,2019,8387,יד חנה,YAD HANNA,1,יהודי,968,492,476,375,51,41,427,0,0.300112189847711,3225.46045360971,0,NA
758,יד חנה,ידחנה,93.95337388725562,0,NA,NA,no_red_alert,2019,0.809859154929577,Party_turnout,TRUE,2019.2,8387,יד חנה,YAD HANNA,1,יהודי,968,492,476,375,51,41,427,0,0.300112189847711,3225.46045360971,0,NA
758,יד חנה,ידחנה,93.95337388725562,0,NA,NA,no_red_alert,2020,0.792027729636049,Party_turnout,TRUE,2020,8381,יד חנה,YAD HANNA,1,יהודי,959,480,477,361,56,48,420,74,0.300112189847711,3195.47166840053,0.0771637122002086,NA
758,יד חנה,ידחנה,93.95337388725562,0,NA,NA,no_red_alert,2021,0.792808219178082,Party_turnout,TRUE,2021,8392,יד חנה,YAD HANNA,1,יהודי,986,493,492,373,64,51,414,82,0.300112189847711,3285.43802402807,0.0831643002028398,NA
758,יד חנה,ידחנה,93.95337388725562,0,NA,NA,no_red_alert,2022,0.802980132450331,Party_turnout,TRUE,2022,8390,יד חנה,YAD HANNA,1,יהודי,1009,504,505,377,70,60,423,78,0.300112189847711,3362.07603067376,0.0773042616451933,NA
767,פורת,פורת,86.25314587988296,1,227,5,temporal_distance > 149,2006,0.4840296451761,Party_turnout,FALSE,2006,8517,פורת,PORAT,1,NA,1027,NA,NA,NA,NA,NA,NA,NA,2.32735012901174,441.274386349464,NA,61
767,פורת,פורת,86.25314587988296,1,227,5,temporal_distance > 149,2009,0.552367288378766,Party_turnout,FALSE,2009,8520,פורת,PORAT,1,NA,1103,NA,NA,NA,NA,NA,NA,NA,2.32735012901174,473.92955028574403,NA,59
767,פורת,פורת,86.25314587988296,1,227,5,temporal_distance > 149,2013,0.599740932642487,Party_turnout,FALSE,2013,8513,פורת,PORAT,1,יהודי,1170,610,560,370,110,150,460,80,2.32735012901174,502.717655334833,0.0683760683760684,63
767,פורת,פורת,86.25314587988296,1,227,5,temporal_distance > 149,2015,0.705955334987593,Party_turnout,TRUE,2015,8515,פורת,PORAT,1,יהודי,1210,640,570,350,120,170,490,80,2.32735012901174,519.904583722348,0.0661157024793388,61.3333333333333
767,פורת,פורת,86.25314587988296,1,227,5,temporal_distance > 149,2019,0.686450167973124,Party_turnout,TRUE,2019,8521,פורת,PORAT,1,יהודי,1275,673,602,352,111,193,528,93,2.32735012901174,547.833342352061,0.0729411764705882,NA
767,פורת,פורת,86.25314587988296,1,227,5,temporal_distance > 149,2019,0.714128035320088,Party_turnout,TRUE,2019.2,8521,פורת,PORAT,1,יהודי,1275,673,602,352,111,193,528,93,2.32735012901174,547.833342352061,0.0729411764705882,NA
767,פורת,פורת,86.25314587988296,1,227,5,temporal_distance > 149,2020,0.744469026548673,Party_turnout,TRUE,2020,8524,פורת,PORAT,1,יהודי,1278,681,597,348,100,200,532,98,2.32735012901174,549.122361981125,0.0766823161189358,NA
767,פורת,פורת,86.25314587988296,1,227,5,temporal_distance > 149,2021,0.670341786108049,Party_turnout,TRUE,2021,8516,פורת,PORAT,1,יהודי,1284,677,607,346,108,207,514,111,2.32735012901174,551.700401239252,0.0864485981308411,NA
767,פורת,פורת,86.25314587988296,1,227,5,temporal_distance > 149,2022,0.741341991341991,Party_turnout,TRUE,2022,8519,פורת,PORAT,1,יהודי,1295,687,609,335,113,206,523,119,2.32735012901174,556.426806545819,0.0918918918918919,NA
769,ניר עציון,נירעציון,131.1111148182597,1,232,2,temporal_distance > 149,2006,0.725718320751862,Party_turnout,FALSE,2006,8553,ניר עציון,NIR EZYON,1,NA,879,NA,NA,NA,NA,NA,NA,NA,0.481250539724658,1826.49145807277,NA,25
769,ניר עציון,נירעציון,131.1111148182597,1,232,2,temporal_distance > 149,2009,0.692118226600985,Party_turnout,FALSE,2009,8552,ניר עציון,NIR EZYON,1,NA,890,NA,NA,NA,NA,NA,NA,NA,0.481250539724658,1849.34857529553,NA,34.5
769,ניר עציון,נירעציון,131.1111148182597,1,232,2,temporal_distance > 149,2013,0.698564593301435,Party_turnout,FALSE,2013,8554,ניר עציון,NIR EZYON,1,יהודי,850,480,370,180,300,150,180,40,0.481250539724658,1766.23178539461,0.0470588235294118,37
769,ניר עציון,נירעציון,131.1111148182597,1,232,2,temporal_distance > 149,2015,0.753768844221106,Party_turnout,TRUE,2015,8551,ניר עציון,NIR EZYON,1,יהודי,900,480,420,210,300,150,210,40,0.481250539724658,1870.12777277076,0.0444444444444444,37
769,ניר עציון,נירעציון,131.1111148182597,1,232,2,temporal_distance > 149,2019,0.745049504950495,Party_turnout,TRUE,2019,8548,ניר עציון,NIR EZYON,1,יהודי,985,527,458,246,334,145,212,0,0.481250539724658,2046.75095131022,0,NA
769,ניר עציון,נירעציון,131.1111148182597,1,232,2,temporal_distance > 149,2019,0.707317073170732,Party_turnout,TRUE,2019.2,8548,ניר עציון,NIR EZYON,1,יהודי,985,527,458,246,334,145,212,0,0.481250539724658,2046.75095131022,0,NA
769,ניר עציון,נירעציון,131.1111148182597,1,232,2,temporal_distance > 149,2020,0.778588807785888,Party_turnout,TRUE,2020,8550,ניר עציון,NIR EZYON,1,יהודי,966,526,435,268,332,101,215,0,0.481250539724658,2007.27047610728,0,NA
769,ניר עציון,נירעציון,131.1111148182597,1,232,2,temporal_distance > 149,2021,0.71830985915493,Party_turnout,TRUE,2021,8543,ניר עציון,NIR EZYON,1,יהודי,972,524,448,240,358,99,224,0,0.481250539724658,2019.73799459242,0,NA
769,ניר עציון,נירעציון,131.1111148182597,1,232,2,temporal_distance > 149,2022,0.71461716937355,Party_turnout,TRUE,2022,8555,ניר עציון,NIR EZYON,1,יהודי,1010,528,482,245,352,134,225,53,0.481250539724658,2098.6989449983,0.0524752475247525,NA
773,עמיקם,עמיקם,117.7745887280277,1,232,4,temporal_distance > 149,2006,0.681921817352734,Party_turnout,FALSE,2006,8589,עמיקם,AMMIQAM,1,NA,561,NA,NA,NA,NA,NA,NA,NA,1.08531440533277,516.900906542367,NA,25
773,עמיקם,עמיקם,117.7745887280277,1,232,4,temporal_distance > 149,2009,0.783333333333333,Party_turnout,FALSE,2009,8596,עמיקם,AMMIQAM,1,NA,628,NA,NA,NA,NA,NA,NA,NA,1.08531440533277,578.634169890564,NA,25
773,עמיקם,עמיקם,117.7745887280277,1,232,4,temporal_distance > 149,2013,0.755813953488372,Party_turnout,FALSE,2013,8594,עמיקם,AMMIQAM,1,יהודי,700,330,360,220,60,70,320,30,1.08531440533277,644.974393190119,0.0428571428571429,27
773,עמיקם,עמיקם,117.7745887280277,1,232,4,temporal_distance > 149,2015,0.78448275862069,Party_turnout,TRUE,2015,8602,עמיקם,AMMIQAM,1,יהודי,710,340,370,210,60,80,330,30,1.08531440533277,654.188313092835,0.0422535211267606,25
773,עמיקם,עמיקם,117.7745887280277,1,232,4,temporal_distance > 149,2019,0.770428015564202,Party_turnout,TRUE,2019,8601,עמיקם,AMMIQAM,1,יהודי,739,356,383,194,61,87,338,58,1.08531440533277,680.908680810711,0.078484438430311207,NA
773,עמיקם,עמיקם,117.7745887280277,1,232,4,temporal_distance > 149,2019,0.776923076923077,Party_turnout,TRUE,2019.2,8601,עמיקם,AMMIQAM,1,יהודי,739,356,383,194,61,87,338,58,1.08531440533277,680.908680810711,0.078484438430311207,NA
773,עמיקם,עמיקם,117.7745887280277,1,232,4,temporal_distance > 149,2020,0.755258126195029,Party_turnout,TRUE,2020,8595,עמיקם,AMMIQAM,1,יהודי,770,377,388,195,64,95,354,0,1.08531440533277,709.471832509131,0,NA
773,עמיקם,עמיקם,117.7745887280277,1,232,4,temporal_distance > 149,2021,0.734061930783242,Party_turnout,TRUE,2021,8588,עמיקם,AMMIQAM,1,יהודי,740,363,377,185,58,92,339,0,1.08531440533277,681.830072800983,0,NA
773,עמיקם,עמיקם,117.7745887280277,1,232,4,temporal_distance > 149,2022,0.718978102189781,Party_turnout,TRUE,2022,8591,עמיקם,AMMIQAM,1,יהודי,741,368,372,178,57,96,343,0,1.08531440533277,682.751464791254,0,NA
800,בית חנניה,ביתחנניה,110.98141721639152,1,232,4,temporal_distance > 149,2006,0.791520115089007,Party_turnout,FALSE,2006,8950,בית חנניה,BET HANANYA,1,NA,687,NA,NA,NA,NA,NA,NA,NA,0.568390980494658,1208.67505568459,NA,61
800,בית חנניה,ביתחנניה,110.98141721639152,1,232,4,temporal_distance > 149,2009,0.768888888888889,Party_turnout,FALSE,2009,8955,בית חנניה,BET HANANYA,1,NA,779,NA,NA,NA,NA,NA,NA,NA,0.568390980494658,1370.53547071077,NA,59
800,בית חנניה,ביתחנניה,110.98141721639152,1,232,4,temporal_distance > 149,2013,0.784046692607004,Party_turnout,FALSE,2013,8951,בית חנניה,BET HANANYA,1,יהודי,860,430,420,230,90,100,380,50,0.568390980494658,1513.04301002729,0.0581395348837209,63
800,בית חנניה,ביתחנניה,110.98141721639152,1,232,4,temporal_distance > 149,2015,0.826714801444043,Party_turnout,TRUE,2015,8961,בית חנניה,BET HANANYA,1,יהודי,900,460,440,230,100,110,400,70,0.568390980494658,1583.41710351693,0.0777777777777778,61.5
800,בית חנניה,ביתחנניה,110.98141721639152,1,232,4,temporal_distance > 149,2019,0.788617886178862,Party_turnout,TRUE,2019,8960,בית חנניה,BET HANANYA,1,יהודי,907,471,436,226,84,119,397,0,0.568390980494658,1595.73256987762,0,NA
800,בית חנניה,ביתחנניה,110.98141721639152,1,232,4,temporal_distance > 149,2019,0.772727272727273,Party_turnout,TRUE,2019.2,8960,בית חנניה,BET HANANYA,1,יהודי,907,471,436,226,84,119,397,0,0.568390980494658,1595.73256987762,0,NA
800,בית חנניה,ביתחנניה,110.98141721639152,1,232,4,temporal_distance > 149,2020,0.753267973856209,Party_turnout,TRUE,2020,8956,בית חנניה,BET HANANYA,1,יהודי,914,473,438,228,77,133,392,0,0.568390980494658,1608.04803623831,0,NA
800,בית חנניה,ביתחנניה,110.98141721639152,1,232,4,temporal_distance > 149,2021,0.762360446570973,Party_turnout,TRUE,2021,8958,בית חנניה,BET HANANYA,1,יהודי,923,477,447,232,82,118,398,0,0.568390980494658,1623.88220727348,0,NA
800,בית חנניה,ביתחנניה,110.98141721639152,1,232,4,temporal_distance > 149,2022,0.762738853503185,Party_turnout,TRUE,2022,8953,בית חנניה,BET HANANYA,1,יהודי,918,474,444,224,82,125,389,0,0.568390980494658,1615.08544558727,0,NA
806,עין יהב,עיןיהב,107.38184224814027,0,NA,NA,no_red_alert,2006,0.74968908464381,Party_turnout,FALSE,2006,9050,עין יהב,EN YAHAV,1,NA,581,NA,NA,NA,NA,NA,NA,NA,24.0031419819715,24.2051644920646,NA,15.2941176470588
806,עין יהב,עיןיהב,107.38184224814027,0,NA,NA,no_red_alert,2009,0.762008733624454,Party_turnout,FALSE,2009,9045,עין יהב,EN YAHAV,1,NA,623,NA,NA,NA,NA,NA,NA,NA,24.0031419819715,25.9549354192018,NA,22.3823529411765
806,עין יהב,עיןיהב,107.38184224814027,0,NA,NA,no_red_alert,2013,0.801282051282051,Party_turnout,FALSE,2013,9039,עין יהב,EN YAHAV,1,יהודי,680,350,330,230,40,50,240,120,24.0031419819715,28.3296245346022,0.176470588235294,17.2941176470588
806,עין יהב,עיןיהב,107.38184224814027,0,NA,NA,no_red_alert,2015,0.795031055900621,Party_turnout,TRUE,2015,9041,עין יהב,EN YAHAV,1,יהודי,670,350,320,210,50,50,240,120,24.0031419819715,27.9130124090934,0.17910447761194,15.3235294117647
806,עין יהב,עיןיהב,107.38184224814027,0,NA,NA,no_red_alert,2019,0.756653992395437,Party_turnout,TRUE,2019,9048,עין יהב,EN YAHAV,1,יהודי,742,387,356,195,89,81,262,0,24.0031419819715,30.9126197127572,0,NA
806,עין יהב,עיןיהב,107.38184224814027,0,NA,NA,no_red_alert,2019,0.757575757575758,Party_turnout,TRUE,2019.2,9048,עין יהב,EN YAHAV,1,יהודי,742,387,356,195,89,81,262,0,24.0031419819715,30.9126197127572,0,NA
806,עין יהב,עיןיהב,107.38184224814027,0,NA,NA,no_red_alert,2020,0.718808193668529,Party_turnout,TRUE,2020,9043,עין יהב,EN YAHAV,1,יהודי,770,393,374,196,107,83,271,0,24.0031419819715,32.079133664182,0,NA
806,עין יהב,עיןיהב,107.38184224814027,0,NA,NA,no_red_alert,2021,0.72310405643739,Party_turnout,TRUE,2021,9049,עין יהב,EN YAHAV,1,יהודי,803,408,394,192,118,83,298,0,24.0031419819715,33.4539536783612,0,NA
806,עין יהב,עיןיהב,107.38184224814027,0,NA,NA,no_red_alert,2022,0.687702265372168,Party_turnout,TRUE,2022,9046,עין יהב,EN YAHAV,1,יהודי,856,439,418,208,115,103,321,0,24.0031419819715,35.6619979435581,0,NA
807,חניאל,חניאל,91.98357025534364,0,NA,NA,no_red_alert,2006,0.721088296941454,Party_turnout,FALSE,2006,9064,חניאל,HANNI'EL,1,NA,785,NA,NA,NA,NA,NA,NA,NA,0.770992885818478,1018.16763090706,NA,61
807,חניאל,חניאל,91.98357025534364,0,NA,NA,no_red_alert,2009,0.736318407960199,Party_turnout,FALSE,2009,9061,חניאל,HANNI'EL,1,NA,943,NA,NA,NA,NA,NA,NA,NA,0.770992885818478,1223.09818591766,NA,58
807,חניאל,חניאל,91.98357025534364,0,NA,NA,no_red_alert,2013,0.728434504792332,Party_turnout,FALSE,2013,9059,חניאל,HANNI'EL,1,יהודי,950,470,480,220,80,130,420,100,0.770992885818478,1232.17738772192,0.105263157894737,62
807,חניאל,חניאל,91.98357025534364,0,NA,NA,no_red_alert,2015,0.748837209302326,Party_turnout,TRUE,2015,9067,חניאל,HANNI'EL,1,יהודי,930,460,480,200,80,140,410,100,0.770992885818478,1206.2368111383,0.10752688172043,58
807,חניאל,חניאל,91.98357025534364,0,NA,NA,no_red_alert,2019,0.739788199697428,Party_turnout,TRUE,2019,9056,חניאל,HANNI'EL,1,יהודי,923,453,470,199,62,129,406,128,0.770992885818478,1197.15760933404,0.138678223185265,NA
807,חניאל,חניאל,91.98357025534364,0,NA,NA,no_red_alert,2019,0.742770167427702,Party_turnout,TRUE,2019.2,9056,חניאל,HANNI'EL,1,יהודי,923,453,470,199,62,129,406,128,0.770992885818478,1197.15760933404,0.138678223185265,NA
807,חניאל,חניאל,91.98357025534364,0,NA,NA,no_red_alert,2020,0.712328767123288,Party_turnout,TRUE,2020,9066,חניאל,HANNI'EL,1,יהודי,920,448,475,201,52,125,408,134,0.770992885818478,1193.26652284649,0.145652173913043,NA
807,חניאל,חניאל,91.98357025534364,0,NA,NA,no_red_alert,2021,0.710407239819005,Party_turnout,TRUE,2021,9060,חניאל,HANNI'EL,1,יהודי,903,433,470,197,60,113,398,136,0.770992885818478,1171.21703275042,0.150609080841639,NA
807,חניאל,חניאל,91.98357025534364,0,NA,NA,no_red_alert,2022,0.726429675425039,Party_turnout,TRUE,2022,9057,חניאל,HANNI'EL,1,יהודי,916,441,475,208,61,109,403,137,0.770992885818478,1188.07840752977,0.149563318777293,NA
808,ניר אליהו,ניראליהו,79.21260109019367,1,227,5,temporal_distance > 149,2006,0.704142257675849,Party_turnout,FALSE,2006,9077,ניר אליהו,NIR ELIYYAHU,1,NA,355,NA,NA,NA,NA,NA,NA,NA,0.401762936493226,883.605648392072,NA,61
808,ניר אליהו,ניראליהו,79.21260109019367,1,227,5,temporal_distance > 149,2009,0.707246376811594,Party_turnout,FALSE,2009,9070,ניר אליהו,NIR ELIYYAHU,1,NA,344,NA,NA,NA,NA,NA,NA,NA,0.401762936493226,856.226318441895,NA,59
808,ניר אליהו,ניראליהו,79.21260109019367,1,227,5,temporal_distance > 149,2013,0.705014749262537,Party_turnout,FALSE,2013,9079,ניר אליהו,NIR ELIYYAHU,1,יהודי,380,190,180,80,10,50,180,50,0.401762936493226,945.831398278838,0.131578947368421,63
808,ניר אליהו,ניראליהו,79.21260109019367,1,227,5,temporal_distance > 149,2015,0.747448979591837,Party_turnout,TRUE,2015,9076,ניר אליהו,NIR ELIYYAHU,1,יהודי,510,260,240,140,30,40,230,60,0.401762936493226,1269.40529769002,0.117647058823529,61.75
808,ניר אליהו,ניראליהו,79.21260109019367,1,227,5,temporal_distance > 149,2019,0.712918660287081,Party_turnout,TRUE,2019,9080,ניר אליהו,NIR ELIYYAHU,1,יהודי,555,285,270,186,17,40,232,80,0.401762936493226,1381.4116474862,0.144144144144144,NA
808,ניר אליהו,ניראליהו,79.21260109019367,1,227,5,temporal_distance > 149,2019,0.737470167064439,Party_turnout,TRUE,2019.2,9080,ניר אליהו,NIR ELIYYAHU,1,יהודי,555,285,270,186,17,40,232,80,0.401762936493226,1381.4116474862,0.144144144144144,NA
808,ניר אליהו,ניראליהו,79.21260109019367,1,227,5,temporal_distance > 149,2020,0.724220623501199,Party_turnout,TRUE,2020,9081,ניר אליהו,NIR ELIYYAHU,1,יהודי,563,287,271,186,24,41,226,86,0.401762936493226,1401.32388744996,0.152753108348135,NA
808,ניר אליהו,ניראליהו,79.21260109019367,1,227,5,temporal_distance > 149,2021,0.76303317535545,Party_turnout,TRUE,2021,9069,ניר אליהו,NIR ELIYYAHU,1,יהודי,564,288,276,170,39,43,226,88,0.401762936493226,1403.81291744543,0.156028368794326,NA
808,ניר אליהו,ניראליהו,79.21260109019367,1,227,5,temporal_distance > 149,2022,0.743529411764706,Party_turnout,TRUE,2022,9073,ניר אליהו,NIR ELIYYAHU,1,יהודי,575,292,283,163,52,42,232,88,0.401762936493226,1431.19224739561,0.15304347826087,NA
810,עופר,עופר,122.61212185748576,1,232,3,temporal_distance > 149,2006,0.791918069228326,Party_turnout,FALSE,2006,9104,עופר,OFER,1,NA,402,NA,NA,NA,NA,NA,NA,NA,0.609615438957994,659.432117872756,NA,26
810,עופר,עופר,122.61212185748576,1,232,3,temporal_distance > 149,2009,0.760517799352751,Party_turnout,FALSE,2009,9110,עופר,OFER,1,NA,631,NA,NA,NA,NA,NA,NA,NA,0.609615438957994,1035.07877208385,NA,30
810,עופר,עופר,122.61212185748576,1,232,3,temporal_distance > 149,2013,0.768617021276596,Party_turnout,FALSE,2013,9101,עופר,OFER,1,יהודי,630,310,320,170,40,70,300,40,0.609615438957994,1033.43839368119,0.0634920634920635,22
810,עופר,עופר,122.61212185748576,1,232,3,temporal_distance > 149,2015,0.809895833333333,Party_turnout,TRUE,2015,9100,עופר,OFER,1,יהודי,640,310,330,170,40,80,290,60,0.609615438957994,1049.84217770787,0.09375,21
810,עופר,עופר,122.61212185748576,1,232,3,temporal_distance > 149,2019,0.794486215538847,Party_turnout,TRUE,2019,9106,עופר,OFER,1,יהודי,651,306,345,183,30,83,290,65,0.609615438957994,1067.88634013722,0.0998463901689708,NA
810,עופר,עופר,122.61212185748576,1,232,3,temporal_distance > 149,2019,0.78,Party_turnout,TRUE,2019.2,9106,עופר,OFER,1,יהודי,651,306,345,183,30,83,290,65,0.609615438957994,1067.88634013722,0.0998463901689708,NA
810,עופר,עופר,122.61212185748576,1,232,3,temporal_distance > 149,2020,0.756962025316456,Party_turnout,TRUE,2020,9109,עופר,OFER,1,יהודי,662,319,345,186,32,86,293,65,0.609615438957994,1085.93050256658,0.0981873111782477,NA
810,עופר,עופר,122.61212185748576,1,232,3,temporal_distance > 149,2021,0.74234693877551,Party_turnout,TRUE,2021,9108,עופר,OFER,1,יהודי,660,316,344,182,36,81,287,75,0.609615438957994,1082.64974576124,0.113636363636364,NA
810,עופר,עופר,122.61212185748576,1,232,3,temporal_distance > 149,2022,0.763681592039801,Party_turnout,TRUE,2022,9098,עופר,OFER,1,יהודי,657,314,344,165,47,72,297,78,0.609615438957994,1077.72861055324,0.118721461187215,NA
837,עזריאל,עזריאל,85.97771900051627,1,227,5,temporal_distance > 149,2006,0.772083287124321,Party_turnout,FALSE,2006,9445,עזריאל,AZRI'EL,1,NA,568,NA,NA,NA,NA,NA,NA,NA,1.22730429250551,462.802911607556,NA,60.5
837,עזריאל,עזריאל,85.97771900051627,1,227,5,temporal_distance > 149,2009,0.777011494252874,Party_turnout,FALSE,2009,9457,עזריאל,AZRI'EL,1,NA,661,NA,NA,NA,NA,NA,NA,NA,1.22730429250551,538.578740444708,NA,59
837,עזריאל,עזריאל,85.97771900051627,1,227,5,temporal_distance > 149,2013,0.797244094488189,Party_turnout,FALSE,2013,9455,עזריאל,AZRI'EL,1,יהודי,790,410,380,290,40,70,320,70,1.22730429250551,643.687148186565,0.0886075949367089,63
837,עזריאל,עזריאל,85.97771900051627,1,227,5,temporal_distance > 149,2015,0.843866171003718,Party_turnout,TRUE,2015,9443,עזריאל,AZRI'EL,1,יהודי,860,450,410,320,40,90,340,70,1.22730429250551,700.722718279045,0.0813953488372093,61
837,עזריאל,עזריאל,85.97771900051627,1,227,5,temporal_distance > 149,2019,0.832504145936982,Party_turnout,TRUE,2019,9454,עזריאל,AZRI'EL,1,יהודי,904,468,436,295,75,95,363,75,1.22730429250551,736.573648051462,0.0829646017699115,NA
837,עזריאל,עזריאל,85.97771900051627,1,227,5,temporal_distance > 149,2019,0.814070351758794,Party_turnout,TRUE,2019.2,9454,עזריאל,AZRI'EL,1,יהודי,904,468,436,295,75,95,363,75,1.22730429250551,736.573648051462,0.0829646017699115,NA
837,עזריאל,עזריאל,85.97771900051627,1,227,5,temporal_distance > 149,2020,0.820723684210526,Party_turnout,TRUE,2020,9450,עזריאל,AZRI'EL,1,יהודי,868,454,410,259,78,94,352,85,1.22730429250551,707.241069146757,0.097926267281106,NA
837,עזריאל,עזריאל,85.97771900051627,1,227,5,temporal_distance > 149,2021,0.777038269550749,Party_turnout,TRUE,2021,9444,עזריאל,AZRI'EL,1,יהודי,872,456,416,253,82,98,353,88,1.22730429250551,710.500244580613,0.100917431192661,NA
837,עזריאל,עזריאל,85.97771900051627,1,227,5,temporal_distance > 149,2022,0.796116504854369,Party_turnout,TRUE,2022,9453,עזריאל,AZRI'EL,1,יהודי,876,453,424,249,86,96,358,88,1.22730429250551,713.759420014469,0.100456621004566,NA
842,געש,געש,76.73263252236173,1,227,5,temporal_distance > 149,2006,0.822742244218731,Party_turnout,FALSE,2006,9528,געש,GA'ASH,1,NA,515,NA,NA,NA,NA,NA,NA,NA,0.6852650832801,751.533986723639,NA,61
842,געש,געש,76.73263252236173,1,227,5,temporal_distance > 149,2009,0.746641074856046,Party_turnout,FALSE,2009,9522,געש,GA'ASH,1,NA,578,NA,NA,NA,NA,NA,NA,NA,0.6852650832801,843.469212284006,NA,58.5
842,געש,געש,76.73263252236173,1,227,5,temporal_distance > 149,2013,0.747779751332149,Party_turnout,FALSE,2013,9523,געש,GA'ASH,1,יהודי,650,310,350,130,40,90,290,110,0.6852650832801,948.538041495855,0.169230769230769,63
842,געש,געש,76.73263252236173,1,227,5,temporal_distance > 149,2015,0.786206896551724,Party_turnout,TRUE,2015,9524,געש,GA'ASH,1,יהודי,680,330,360,140,40,90,290,120,0.6852650832801,992.316720334125,0.176470588235294,56
842,געש,געש,76.73263252236173,1,227,5,temporal_distance > 149,2019,0.791987673343606,Party_turnout,TRUE,2019,9521,געש,GA'ASH,1,יהודי,819,404,415,202,38,86,356,137,0.6852650832801,1195.15793228478,0.167277167277167,NA
842,געש,געש,76.73263252236173,1,227,5,temporal_distance > 149,2019,0.78419452887538,Party_turnout,TRUE,2019.2,9521,געש,GA'ASH,1,יהודי,819,404,415,202,38,86,356,137,0.6852650832801,1195.15793228478,0.167277167277167,NA
842,געש,געש,76.73263252236173,1,227,5,temporal_distance > 149,2020,0.779761904761905,Party_turnout,TRUE,2020,9518,געש,GA'ASH,1,יהודי,874,435,436,231,36,85,383,139,0.6852650832801,1275.41884348827,0.159038901601831,NA
842,געש,געש,76.73263252236173,1,227,5,temporal_distance > 149,2021,0.792318634423898,Party_turnout,TRUE,2021,9527,געש,GA'ASH,1,יהודי,921,462,459,255,38,79,406,143,0.6852650832801,1344.0054403349,0.155266015200869,NA
842,געש,געש,76.73263252236173,1,227,5,temporal_distance > 149,2022,0.769655172413793,Party_turnout,TRUE,2022,9525,געש,GA'ASH,1,יהודי,946,477,469,270,35,81,413,146,0.6852650832801,1380.48767270012,0.154334038054968,NA
850,אחיטוב,אחיטוב,99.155745721868,0,NA,NA,no_red_alert,2006,0.661937317047589,Party_turnout,FALSE,2006,9629,אחיטוב,AHITUV,1,NA,813,NA,NA,NA,NA,NA,NA,NA,1.83539084532608,442.95742352118,NA,53.5
850,אחיטוב,אחיטוב,99.155745721868,0,NA,NA,no_red_alert,2009,0.671666666666667,Party_turnout,FALSE,2009,9627,אחיטוב,AHITUV,1,NA,998,NA,NA,NA,NA,NA,NA,NA,1.83539084532608,543.753393203122,NA,50.5
850,אחיטוב,אחיטוב,99.155745721868,0,NA,NA,no_red_alert,2013,0.702325581395349,Party_turnout,FALSE,2013,9626,אחיטוב,AHITUV,1,יהודי,1030,540,490,280,80,120,450,110,1.83539084532608,561.188371742701,0.106796116504854,60
850,אחיטוב,אחיטוב,99.155745721868,0,NA,NA,no_red_alert,2015,0.808605341246291,Party_turnout,TRUE,2015,9630,אחיטוב,AHITUV,1,יהודי,1060,550,520,270,90,140,450,110,1.83539084532608,577.533664123556,0.10377358490566,55.5
850,אחיטוב,אחיטוב,99.155745721868,0,NA,NA,no_red_alert,2019,0.791842475386779,Party_turnout,TRUE,2019,9634,אחיטוב,AHITUV,1,יהודי,1093,558,535,268,102,149,459,116,1.83539084532608,595.513485742497,0.106129917657823,NA
850,אחיטוב,אחיטוב,99.155745721868,0,NA,NA,no_red_alert,2019,0.772598870056497,Party_turnout,TRUE,2019.2,9634,אחיטוב,AHITUV,1,יהודי,1093,558,535,268,102,149,459,116,1.83539084532608,595.513485742497,0.106129917657823,NA
850,אחיטוב,אחיטוב,99.155745721868,0,NA,NA,no_red_alert,2020,0.764705882352941,Party_turnout,TRUE,2020,9637,אחיטוב,AHITUV,1,יהודי,1079,553,527,249,107,146,459,118,1.83539084532608,587.885682631431,0.109360518999073,NA
850,אחיטוב,אחיטוב,99.155745721868,0,NA,NA,no_red_alert,2021,0.73006993006993,Party_turnout,TRUE,2021,9624,אחיטוב,AHITUV,1,יהודי,1091,551,540,247,105,153,457,129,1.83539084532608,594.423799583773,0.118240146654445,NA
850,אחיטוב,אחיטוב,99.155745721868,0,NA,NA,no_red_alert,2022,0.742934051144011,Party_turnout,TRUE,2022,9623,אחיטוב,AHITUV,1,יהודי,1105,556,549,249,93,157,462,142,1.83539084532608,602.051602694839,0.128506787330317,NA
851,ניצני עוז,ניצניעוז,91.86416375219682,0,NA,NA,no_red_alert,2006,0.773279789599949,Party_turnout,FALSE,2006,9638,ניצני עוז,NIZZANE OZ,1,NA,811,NA,NA,NA,NA,NA,NA,NA,1.59482552637489,508.519575707719,NA,61
851,ניצני עוז,ניצניעוז,91.86416375219682,0,NA,NA,no_red_alert,2009,0.727112676056338,Party_turnout,FALSE,2009,9652,ניצני עוז,NIZZANE OZ,1,NA,939,NA,NA,NA,NA,NA,NA,NA,1.59482552637489,588.779138828049,NA,59
851,ניצני עוז,ניצניעוז,91.86416375219682,0,NA,NA,no_red_alert,2013,0.744712990936556,Party_turnout,FALSE,2013,9641,ניצני עוז,NIZZANE OZ,1,יהודי,1070,500,560,310,100,120,480,70,1.59482552637489,670.919785459012,0.0654205607476635,62.6666666666667
851,ניצני עוז,ניצניעוז,91.86416375219682,0,NA,NA,no_red_alert,2015,0.806078147612156,Party_turnout,TRUE,2015,9648,ניצני עוז,NIZZANE OZ,1,יהודי,1110,520,590,310,90,140,490,70,1.59482552637489,696.000898934116,0.0630630630630631,62.3333333333333
851,ניצני עוז,ניצניעוז,91.86416375219682,0,NA,NA,no_red_alert,2019,0.748663101604278,Party_turnout,TRUE,2019,9650,ניצני עוז,NIZZANE OZ,1,יהודי,1115,544,571,301,87,139,505,81,1.59482552637489,699.136038118504,0.0726457399103139,NA
851,ניצני עוז,ניצניעוז,91.86416375219682,0,NA,NA,no_red_alert,2019,0.775815217391304,Party_turnout,TRUE,2019.2,9650,ניצני עוז,NIZZANE OZ,1,יהודי,1115,544,571,301,87,139,505,81,1.59482552637489,699.136038118504,0.0726457399103139,NA
851,ניצני עוז,ניצניעוז,91.86416375219682,0,NA,NA,no_red_alert,2020,0.769851951547779,Party_turnout,TRUE,2020,9644,ניצני עוז,NIZZANE OZ,1,יהודי,1109,548,559,302,86,138,488,95,1.59482552637489,695.373871097238,0.0856627592425609,NA
851,ניצני עוז,ניצניעוז,91.86416375219682,0,NA,NA,no_red_alert,2021,0.730978260869565,Party_turnout,TRUE,2021,9651,ניצני עוז,NIZZANE OZ,1,יהודי,1114,549,566,293,91,138,486,107,1.59482552637489,698.509010281626,0.0960502692998205,NA
851,ניצני עוז,ניצניעוז,91.86416375219682,0,NA,NA,no_red_alert,2022,0.738562091503268,Party_turnout,TRUE,2022,9639,ניצני עוז,NIZZANE OZ,1,יהודי,1121,548,573,288,92,142,483,116,1.59482552637489,702.898205139769,0.103479036574487,NA
854,רחוב,רחוב,132.1266124140684,1,6,2,temporal_distance == 6,2006,0.529937514830341,Party_turnout,FALSE,2006,9694,רחוב,REHOV,1,NA,329,NA,NA,NA,NA,NA,NA,NA,1.6071443199906,204.710924779876,NA,39
854,רחוב,רחוב,132.1266124140684,1,6,2,temporal_distance == 6,2009,0.685258964143426,Party_turnout,FALSE,2009,9685,רחוב,REHOV,1,NA,352,NA,NA,NA,NA,NA,NA,NA,1.6071443199906,219.022022864791,NA,39
854,רחוב,רחוב,132.1266124140684,1,6,2,temporal_distance == 6,2013,0.672862453531598,Party_turnout,FALSE,2013,9690,רחוב,REHOV,1,יהודי,350,180,170,90,30,50,140,40,1.6071443199906,217.77757955306,0.114285714285714,52
854,רחוב,רחוב,132.1266124140684,1,6,2,temporal_distance == 6,2015,0.780918727915194,Party_turnout,TRUE,2015,9695,רחוב,REHOV,1,יהודי,360,180,180,80,40,50,140,50,1.6071443199906,223.999796111718,0.138888888888889,44
854,רחוב,רחוב,132.1266124140684,1,6,2,temporal_distance == 6,2019,0.729813664596273,Party_turnout,TRUE,2019,9691,רחוב,REHOV,1,יהודי,401,211,191,85,42,68,151,54,1.6071443199906,249.51088400222,0.134663341645885,NA
854,רחוב,רחוב,132.1266124140684,1,6,2,temporal_distance == 6,2019,0.719135802469136,Party_turnout,TRUE,2019.2,9691,רחוב,REHOV,1,יהודי,401,211,191,85,42,68,151,54,1.6071443199906,249.51088400222,0.134663341645885,NA
854,רחוב,רחוב,132.1266124140684,1,6,2,temporal_distance == 6,2020,0.75,Party_turnout,TRUE,2020,9689,רחוב,REHOV,1,יהודי,400,207,194,88,33,72,155,52,1.6071443199906,248.888662346354,0.13,NA
854,רחוב,רחוב,132.1266124140684,1,6,2,temporal_distance == 6,2021,0.712121212121212,Party_turnout,TRUE,2021,9688,רחוב,REHOV,1,יהודי,406,210,196,83,35,75,155,58,1.6071443199906,252.621992281549,0.142857142857143,NA
854,רחוב,רחוב,132.1266124140684,1,6,2,temporal_distance == 6,2022,0.738095238095238,Party_turnout,TRUE,2022,9686,רחוב,REHOV,1,יהודי,400,207,193,87,32,66,154,60,1.6071443199906,248.888662346354,0.15,NA
868,אלוני יצחק,אלונייצחק,112.3518143761318,0,NA,NA,no_red_alert,2006,0.255302120848339,Party_turnout,FALSE,2006,9854,אלוני יצחק,ALLONE YIZHAQ,1,NA,210,NA,NA,NA,NA,NA,NA,NA,0.136795946933768,1535.13320172911,NA,49
868,אלוני יצחק,אלונייצחק,112.3518143761318,0,NA,NA,no_red_alert,2009,0.189655172413793,Party_turnout,FALSE,2009,9848,אלוני יצחק,ALLONE YIZHAQ,1,NA,274,NA,NA,NA,NA,NA,NA,NA,0.136795946933768,2002.98332035131,NA,47.5
868,אלוני יצחק,אלונייצחק,112.3518143761318,0,NA,NA,no_red_alert,2013,0.243478260869565,Party_turnout,FALSE,2013,9850,אלוני יצחק,ALLONE YIZHAQ,1,יהודי,290,150,140,50,190,10,30,0,0.136795946933768,2119.94585000686,0,56
868,אלוני יצחק,אלונייצחק,112.3518143761318,0,NA,NA,no_red_alert,2015,0.226890756302521,Party_turnout,TRUE,2015,9857,אלוני יצחק,ALLONE YIZHAQ,1,יהודי,290,150,140,60,190,10,40,0,0.136795946933768,2119.94585000686,0,51
868,אלוני יצחק,אלונייצחק,112.3518143761318,0,NA,NA,no_red_alert,2019,0.210526315789474,Party_turnout,TRUE,2019,9849,אלוני יצחק,ALLONE YIZHAQ,1,יהודי,309,156,153,46,197,29,0,0,0.136795946933768,2258.83885397283,0,NA
868,אלוני יצחק,אלונייצחק,112.3518143761318,0,NA,NA,no_red_alert,2019,0.220472440944882,Party_turnout,TRUE,2019.2,9849,אלוני יצחק,ALLONE YIZHAQ,1,יהודי,309,156,153,46,197,29,0,0,0.136795946933768,2258.83885397283,0,NA
868,אלוני יצחק,אלונייצחק,112.3518143761318,0,NA,NA,no_red_alert,2020,0.191666666666667,Party_turnout,TRUE,2020,9861,אלוני יצחק,ALLONE YIZHAQ,1,יהודי,299,129,158,72,161,30,0,0,0.136795946933768,2185.73727293811,0,NA
868,אלוני יצחק,אלונייצחק,112.3518143761318,0,NA,NA,no_red_alert,2021,0.184,Party_turnout,TRUE,2021,9856,אלוני יצחק,ALLONE YIZHAQ,1,יהודי,305,133,172,50,174,46,0,0,0.136795946933768,2229.59822155894,0,NA
868,אלוני יצחק,אלונייצחק,112.3518143761318,0,NA,NA,no_red_alert,2022,0.192,Party_turnout,TRUE,2022,9852,אלוני יצחק,ALLONE YIZHAQ,1,יהודי,304,122,181,62,174,35,0,0,0.136795946933768,2222.28806345547,0,NA
872,גאולי תימן,גאוליתימן,96.30581334993656,0,NA,NA,no_red_alert,2006,0.911168798277827,Party_turnout,FALSE,2006,9906,גאולי תימן,GE'ULE TEMAN,1,NA,298,NA,NA,NA,NA,NA,NA,NA,0.215552065692429,1382.49660954405,NA,61
872,גאולי תימן,גאוליתימן,96.30581334993656,0,NA,NA,no_red_alert,2009,0.769811320754717,Party_turnout,FALSE,2009,9898,גאולי תימן,GE'ULE TEMAN,1,NA,351,NA,NA,NA,NA,NA,NA,NA,0.215552065692429,1628.37687902672,NA,59
872,גאולי תימן,גאוליתימן,96.30581334993656,0,NA,NA,no_red_alert,2013,0.682142857142857,Party_turnout,FALSE,2013,9904,גאולי תימן,GE'ULE TEMAN,1,יהודי,370,190,170,90,20,40,170,50,0.215552065692429,1716.52263601107,0.135135135135135,63
872,גאולי תימן,גאוליתימן,96.30581334993656,0,NA,NA,no_red_alert,2015,0.754578754578755,Party_turnout,TRUE,2015,9897,גאולי תימן,GE'ULE TEMAN,1,יהודי,370,190,180,90,20,40,170,60,0.215552065692429,1716.52263601107,0.162162162162162,60
872,גאולי תימן,גאוליתימן,96.30581334993656,0,NA,NA,no_red_alert,2019,0.772388059701492,Party_turnout,TRUE,2019,9899,גאולי תימן,GE'ULE TEMAN,1,יהודי,359,188,172,102,10,31,154,63,0.215552065692429,1665.4908819675,0.175487465181058,NA
872,גאולי תימן,גאוליתימן,96.30581334993656,0,NA,NA,no_red_alert,2019,0.786259541984733,Party_turnout,TRUE,2019.2,9899,גאולי תימן,GE'ULE TEMAN,1,יהודי,359,188,172,102,10,31,154,63,0.215552065692429,1665.4908819675,0.175487465181058,NA
872,גאולי תימן,גאוליתימן,96.30581334993656,0,NA,NA,no_red_alert,2020,0.793103448275862,Party_turnout,TRUE,2020,9892,גאולי תימן,GE'ULE TEMAN,1,יהודי,363,188,176,102,15,31,148,67,0.215552065692429,1684.04788343789,0.184573002754821,NA
872,גאולי תימן,גאוליתימן,96.30581334993656,0,NA,NA,no_red_alert,2021,0.708171206225681,Party_turnout,TRUE,2021,9893,גאולי תימן,GE'ULE TEMAN,1,יהודי,358,185,172,102,17,27,145,66,0.215552065692429,1660.8516315999,0.184357541899441,NA
872,גאולי תימן,גאוליתימן,96.30581334993656,0,NA,NA,no_red_alert,2022,0.765873015873016,Party_turnout,TRUE,2022,9903,גאולי תימן,GE'ULE TEMAN,1,יהודי,357,185,172,94,26,26,141,70,0.215552065692429,1656.2123812323,0.196078431372549,NA
874,מגדל העמק,מגדלהעמק,137.7829746721675,1,6,1,temporal_distance == 6,2006,0.5174694494558,Party_turnout,FALSE,2006,9933,מגדל העמק,MIGDAL HAEMEQ,1,NA,24705,NA,NA,NA,NA,NA,NA,NA,7.60220124686841,3249.71665413051,NA,57.7
874,מגדל העמק,מגדלהעמק,137.7829746721675,1,6,1,temporal_distance == 6,2009,0.591033851784081,Party_turnout,FALSE,2009,9929,מגדל העמק,MIGDAL HAEMEQ,1,NA,23956,NA,NA,NA,NA,NA,NA,NA,7.60220124686841,3151.19255884843,NA,58.2727272727273
874,מגדל העמק,מגדלהעמק,137.7829746721675,1,6,1,temporal_distance == 6,2013,0.613515791561307,Party_turnout,FALSE,2013,9932,מגדל העמק,MIGDAL HAEMEQ,1,יהודי,24810,12310,12510,6150,2150,3590,9900,3030,7.60220124686841,3263.52844318875,0.122128174123337,61.1
874,מגדל העמק,מגדלהעמק,137.7829746721675,1,6,1,temporal_distance == 6,2015,0.654161213707528,Party_turnout,TRUE,2015,9931,מגדל העמק,MIGDAL HAEMEQ,1,יהודי,24960,12340,12610,6090,2140,3500,9970,3250,7.60220124686841,3283.2595704148,0.130208333333333,61
874,מגדל העמק,מגדלהעמק,137.7829746721675,1,6,1,temporal_distance == 6,2019,0.632526439482961,Party_turnout,TRUE,2019,9922,מגדל העמק,MIGDAL HAEMEQ,1,יהודי,25674,12814,12860,6324,2170,3434,10015,3732,7.60220124686841,3377.1797360108,0.145361065669549,NA
874,מגדל העמק,מגדלהעמק,137.7829746721675,1,6,1,temporal_distance == 6,2019,0.636560761761101,Party_turnout,TRUE,2019.2,9922,מגדל העמק,MIGDAL HAEMEQ,1,יהודי,25674,12814,12860,6324,2170,3434,10015,3732,7.60220124686841,3377.1797360108,0.145361065669549,NA
874,מגדל העמק,מגדלהעמק,137.7829746721675,1,6,1,temporal_distance == 6,2020,0.63673162006966,Party_turnout,TRUE,2020,9934,מגדל העמק,MIGDAL HAEMEQ,1,יהודי,25717,12776,12953,6297,2157,3418,10006,3839,7.60220124686841,3382.83599248226,0.149278687249679,NA
874,מגדל העמק,מגדלהעמק,137.7829746721675,1,6,1,temporal_distance == 6,2021,0.605486120863175,Party_turnout,TRUE,2021,9928,מגדל העמק,MIGDAL HAEMEQ,1,יהודי,26028,12915,13113,6361,2185,3457,10035,3989,7.60220124686841,3423.74519626427,0.153258029814046,NA
874,מגדל העמק,מגדלהעמק,137.7829746721675,1,6,1,temporal_distance == 6,2022,0.639734918977804,Party_turnout,TRUE,2022,9936,מגדל העמק,MIGDAL HAEMEQ,1,יהודי,27088,13481,13608,6767,2215,3463,10515,4131,7.60220124686841,3563.17849532836,0.152502953337271,NA
877,בית חירות,ביתחירות,93.70515960366666,0,NA,NA,no_red_alert,2006,0.824623535170309,Party_turnout,FALSE,2006,9957,בית חירות,BET HERUT,1,NA,681,NA,NA,NA,NA,NA,NA,NA,0.360913068498649,1886.88096785431,NA,61
877,בית חירות,ביתחירות,93.70515960366666,0,NA,NA,no_red_alert,2009,0.802469135802469,Party_turnout,FALSE,2009,9958,בית חירות,BET HERUT,1,NA,845,NA,NA,NA,NA,NA,NA,NA,0.360913068498649,2341.28402031849,NA,57.8
877,בית חירות,ביתחירות,93.70515960366666,0,NA,NA,no_red_alert,2013,0.805054151624549,Party_turnout,FALSE,2013,9960,בית חירות,BET HERUT,1,יהודי,850,430,430,240,50,90,380,80,0.360913068498649,2355.13777191801,0.0941176470588235,62
877,בית חירות,ביתחירות,93.70515960366666,0,NA,NA,no_red_alert,2015,0.807486631016043,Party_turnout,TRUE,2015,9961,בית חירות,BET HERUT,1,יהודי,880,430,450,250,70,80,390,90,0.360913068498649,2438.26028151511,0.102272727272727,56
877,בית חירות,ביתחירות,93.70515960366666,0,NA,NA,no_red_alert,2019,0.790969899665552,Party_turnout,TRUE,2019,9954,בית חירות,BET HERUT,1,יהודי,916,452,464,243,76,91,387,117,0.360913068498649,2538.00729303164,0.127729257641921,NA
877,בית חירות,ביתחירות,93.70515960366666,0,NA,NA,no_red_alert,2019,0.780889621087315,Party_turnout,TRUE,2019.2,9954,בית חירות,BET HERUT,1,יהודי,916,452,464,243,76,91,387,117,0.360913068498649,2538.00729303164,0.127729257641921,NA
877,בית חירות,ביתחירות,93.70515960366666,0,NA,NA,no_red_alert,2020,0.770491803278688,Party_turnout,TRUE,2020,9965,בית חירות,BET HERUT,1,יהודי,904,450,450,232,76,97,380,119,0.360913068498649,2504.7582891928,0.131637168141593,NA
877,בית חירות,ביתחירות,93.70515960366666,0,NA,NA,no_red_alert,2021,0.787021630615641,Party_turnout,TRUE,2021,9952,בית חירות,BET HERUT,1,יהודי,904,442,461,232,72,101,375,123,0.360913068498649,2504.7582891928,0.136061946902655,NA
877,בית חירות,ביתחירות,93.70515960366666,0,NA,NA,no_red_alert,2022,0.747572815533981,Party_turnout,TRUE,2022,9962,בית חירות,BET HERUT,1,יהודי,918,454,464,226,78,108,372,132,0.360913068498649,2543.54879367145,0.143790849673203,NA
880,עין שריד,עיןשריד,85.97249851754445,1,227,5,temporal_distance > 149,2006,0.693301868153234,Party_turnout,FALSE,2006,9970,עין שריד,EN SARID,1,NA,1237,NA,NA,NA,NA,NA,NA,NA,0.308190834576884,4013.74687763924,NA,61
880,עין שריד,עיןשריד,85.97249851754445,1,227,5,temporal_distance > 149,2009,0.713095238095238,Party_turnout,FALSE,2009,9981,עין שריד,EN SARID,1,NA,1270,NA,NA,NA,NA,NA,NA,NA,0.308190834576884,4120.82339094732,NA,59
880,עין שריד,עיןשריד,85.97249851754445,1,227,5,temporal_distance > 149,2013,0.729253112033195,Party_turnout,FALSE,2013,9980,עין שריד,EN SARID,1,יהודי,1500,760,730,390,130,250,650,80,0.308190834576884,4867.11424127636,0.0533333333333333,63
880,עין שריד,עיןשריד,85.97249851754445,1,227,5,temporal_distance > 149,2015,0.764362220058423,Party_turnout,TRUE,2015,9969,עין שריד,EN SARID,1,יהודי,1570,790,770,410,140,250,690,90,0.308190834576884,5094.24623920259,0.0573248407643312,62
880,עין שריד,עיןשריד,85.97249851754445,1,227,5,temporal_distance > 149,2019,0.764159702878366,Party_turnout,TRUE,2019,9974,עין שריד,EN SARID,1,יהודי,1630,822,808,436,108,242,710,134,0.308190834576884,5288.93080885365,0.0822085889570552,NA
880,עין שריד,עיןשריד,85.97249851754445,1,227,5,temporal_distance > 149,2019,0.75614194722475,Party_turnout,TRUE,2019.2,9974,עין שריד,EN SARID,1,יהודי,1630,822,808,436,108,242,710,134,0.308190834576884,5288.93080885365,0.0822085889570552,NA
880,עין שריד,עיןשריד,85.97249851754445,1,227,5,temporal_distance > 149,2020,0.742286751361162,Party_turnout,TRUE,2020,9972,עין שריד,EN SARID,1,יהודי,1616,821,790,417,109,245,700,145,0.308190834576884,5243.5044092684,0.0897277227722772,NA
880,עין שריד,עיןשריד,85.97249851754445,1,227,5,temporal_distance > 149,2021,0.743427017225748,Party_turnout,TRUE,2021,9968,עין שריד,EN SARID,1,יהודי,1647,850,797,410,131,237,715,155,0.308190834576884,5344.09143692145,0.0941105039465695,NA
880,עין שריד,עיןשריד,85.97249851754445,1,227,5,temporal_distance > 149,2022,0.757194244604317,Party_turnout,TRUE,2022,9971,עין שריד,EN SARID,1,יהודי,1638,852,786,407,129,219,715,169,0.308190834576884,5314.88875147379,0.103174603174603,NA
889,כפר חסידים ב',כפרחסידיםב,139.69052226901442,0,NA,NA,no_red_alert,2006,0.674818652849741,Party_turnout,FALSE,2006,10055,כפר חסידים ב',KEFAR HASIDIM BET,1,NA,193,NA,NA,NA,NA,NA,NA,NA,0.255729723766579,754.70304021508,NA,60.5
889,כפר חסידים ב',כפרחסידיםב,139.69052226901442,0,NA,NA,no_red_alert,2009,0.736,Party_turnout,FALSE,2009,10044,כפר חסידים ב',KEFAR HASIDIM BET,1,NA,185,NA,NA,NA,NA,NA,NA,NA,0.255729723766579,723.420012641398,NA,59
889,כפר חסידים ב',כפרחסידיםב,139.69052226901442,0,NA,NA,no_red_alert,2013,0.741935483870968,Party_turnout,FALSE,2013,10050,כפר חסידים ב',KEFAR HASIDIM BET,1,יהודי,230,120,120,60,10,30,90,40,0.255729723766579,899.38704274336,0.173913043478261,63
889,כפר חסידים ב',כפרחסידיםב,139.69052226901442,0,NA,NA,no_red_alert,2015,0.725631768953069,Party_turnout,TRUE,2015,10042,כפר חסידים ב',KEFAR HASIDIM BET,1,יהודי,260,120,130,70,20,30,90,50,0.255729723766579,1016.69839614467,0.192307692307692,60.25
889,כפר חסידים ב',כפרחסידיםב,139.69052226901442,0,NA,NA,no_red_alert,2019,0.73972602739726,Party_turnout,TRUE,2019,10056,כפר חסידים ב',KEFAR HASIDIM BET,1,יהודי,302,150,152,93,19,26,100,64,0.255729723766579,1180.9342909065,0.211920529801325,NA
889,כפר חסידים ב',כפרחסידיםב,139.69052226901442,0,NA,NA,no_red_alert,2019,0.748837209302326,Party_turnout,TRUE,2019.2,10056,כפר חסידים ב',KEFAR HASIDIM BET,1,יהודי,302,150,152,93,19,26,100,64,0.255729723766579,1180.9342909065,0.211920529801325,NA
889,כפר חסידים ב',כפרחסידיםב,139.69052226901442,0,NA,NA,no_red_alert,2020,0.759803921568627,Party_turnout,TRUE,2020,10049,כפר חסידים ב',KEFAR HASIDIM BET,1,יהודי,306,154,149,89,23,28,99,67,0.255729723766579,1196.57580469334,0.218954248366013,NA
889,כפר חסידים ב',כפרחסידיםב,139.69052226901442,0,NA,NA,no_red_alert,2021,0.726027397260274,Party_turnout,TRUE,2021,10047,כפר חסידים ב',KEFAR HASIDIM BET,1,יהודי,305,153,152,90,23,24,101,68,0.255729723766579,1192.66542624663,0.222950819672131,NA
889,כפר חסידים ב',כפרחסידיםב,139.69052226901442,0,NA,NA,no_red_alert,2022,0.699115044247788,Party_turnout,TRUE,2022,10048,כפר חסידים ב',KEFAR HASIDIM BET,1,יהודי,303,153,150,91,21,27,0,69,0.255729723766579,1184.84466935321,0.227722772277228,NA
913,שבלי - אום אל-גנם,שבליאוםאלגנם,146.65367103443248,0,NA,NA,no_red_alert,2006,0.392094722621081,Party_turnout,FALSE,2006,10114,שבלי - אום אל-גנם,SHIBLI-UMM AL-GHANAM,2,NA,4962,NA,NA,NA,NA,NA,NA,NA,2.87517455835849,1725.80825938893,NA,48.75
913,שבלי - אום אל-גנם,שבליאוםאלגנם,146.65367103443248,0,NA,NA,no_red_alert,2009,0.33553500660502,Party_turnout,FALSE,2009,10104,שבלי - אום אל-גנם,SHIBLI-UMM AL-GHANAM,2,NA,4980,NA,NA,NA,NA,NA,NA,NA,2.87517455835849,1732.06874884258,NA,51.5
913,שבלי - אום אל-גנם,שבליאוםאלגנם,146.65367103443248,0,NA,NA,no_red_alert,2013,0.439335508751112,Party_turnout,FALSE,2013,10107,שבלי - אום אל-גנם,SHIBLI-UMM AL-GHANAM,2,לא יהודי,5470,2740,2730,1980,540,750,1940,250,2.87517455835849,1902.49318396966,0.0457038391224863,57.5
913,שבלי - אום אל-גנם,שבליאוםאלגנם,146.65367103443248,0,NA,NA,no_red_alert,2015,0.592861126603458,Party_turnout,TRUE,2015,10113,שבלי - אום אל-גנם,SHIBLI-UMM AL-GHANAM,2,לא יהודי,5690,2860,2840,1980,590,820,2030,280,2.87517455835849,1979.01027729202,0.0492091388400703,54
913,שבלי - אום אל-גנם,שבליאוםאלגנם,146.65367103443248,0,NA,NA,no_red_alert,2019,0.396300863131936,Party_turnout,TRUE,2019,10112,שבלי - אום אל-גנם,SHIBLI-UMM AL-GHANAM,2,לא יהודי,6053,3042,3010,1878,687,964,2181,341,2.87517455835849,2105.26348127392,0.056335701305138,NA
913,שבלי - אום אל-גנם,שבליאוםאלגנם,146.65367103443248,0,NA,NA,no_red_alert,2019,0.567200388161087,Party_turnout,TRUE,2019.2,10112,שבלי - אום אל-גנם,SHIBLI-UMM AL-GHANAM,2,לא יהודי,6053,3042,3010,1878,687,964,2181,341,2.87517455835849,2105.26348127392,0.056335701305138,NA
913,שבלי - אום אל-גנם,שבליאוםאלגנם,146.65367103443248,0,NA,NA,no_red_alert,2020,0.608768567321514,Party_turnout,TRUE,2020,10109,שבלי - אום אל-גנם,SHIBLI-UMM AL-GHANAM,2,לא יהודי,6151,3098,3053,1870,661,1015,2244,361,2.87517455835849,2139.34836829934,0.0586896439603317,NA
913,שבלי - אום אל-גנם,שבליאוםאלגנם,146.65367103443248,0,NA,NA,no_red_alert,2021,0.372889197316678,Party_turnout,TRUE,2021,10101,שבלי - אום אל-גנם,SHIBLI-UMM AL-GHANAM,2,לא יהודי,6279,3174,3105,1862,665,1072,2297,382,2.87517455835849,2183.86740441416,0.0608377130116261,NA
913,שבלי - אום אל-גנם,שבליאוםאלגנם,146.65367103443248,0,NA,NA,no_red_alert,2022,0.500439753737907,Party_turnout,TRUE,2022,10110,שבלי - אום אל-גנם,SHIBLI-UMM AL-GHANAM,2,לא יהודי,6370,3206,3164,1853,650,1112,2356,400,2.87517455835849,2215.51765665205,0.0627943485086342,NA
921,שער מנשה,שערמנשה,106.045433405176,0,NA,NA,no_red_alert,2006,0.010371650821089,Party_turnout,FALSE,2006,10166,שער מנשה,SHA'AR MENASHE,1,NA,1157,NA,NA,NA,NA,NA,NA,NA,0.558551276398722,2071.43023190243,NA,61
921,שער מנשה,שערמנשה,106.045433405176,0,NA,NA,no_red_alert,2009,0.0364963503649635,Party_turnout,FALSE,2009,10162,שער מנשה,SHA'AR MENASHE,1,NA,411,NA,NA,NA,NA,NA,NA,NA,0.558551276398722,735.832173994725,NA,59
921,שער מנשה,שערמנשה,106.045433405176,0,NA,NA,no_red_alert,2013,0.0901639344262295,Party_turnout,FALSE,2013,10172,שער מנשה,SHA'AR MENASHE,1,יהודי,340,180,160,0,0,10,240,90,0.558551276398722,608.717613523617,0.264705882352941,62
921,שער מנשה,שערמנשה,106.045433405176,0,NA,NA,no_red_alert,2015,0.108333333333333,Party_turnout,TRUE,2015,10168,שער מנשה,SHA'AR MENASHE,1,יהודי,540,380,160,0,0,50,450,50,0.558551276398722,966.786797949273,0.0925925925925926,60
921,שער מנשה,שערמנשה,106.045433405176,0,NA,NA,no_red_alert,2019,0.099236641221374,Party_turnout,TRUE,2019,10169,שער מנשה,SHA'AR MENASHE,1,יהודי,574,389,185,0,0,48,407,119,0.558551276398722,1027.65855930164,0.207317073170732,NA
921,שער מנשה,שערמנשה,106.045433405176,0,NA,NA,no_red_alert,2019,0.0916030534351145,Party_turnout,TRUE,2019.2,10169,שער מנשה,SHA'AR MENASHE,1,יהודי,574,389,185,0,0,48,407,119,0.558551276398722,1027.65855930164,0.207317073170732,NA
921,שער מנשה,שערמנשה,106.045433405176,0,NA,NA,no_red_alert,2020,0.0808823529411765,Party_turnout,TRUE,2020,10163,שער מנשה,SHA'AR MENASHE,1,יהודי,528,359,161,0,0,43,371,111,0.558551276398722,945.302646883734,0.210227272727273,NA
921,שער מנשה,שערמנשה,106.045433405176,0,NA,NA,no_red_alert,2021,0.10655737704918,Party_turnout,TRUE,2021,10171,שער מנשה,SHA'AR MENASHE,1,יהודי,511,350,162,0,0,39,352,120,0.558551276398722,914.866766207553,0.234833659491194,NA
921,שער מנשה,שערמנשה,106.045433405176,0,NA,NA,no_red_alert,2022,0.159090909090909,Party_turnout,TRUE,2022,10174,שער מנשה,SHA'AR MENASHE,1,יהודי,533,370,163,0,0,53,351,129,0.558551276398722,954.254376494375,0.24202626641651,NA
922,רכסים,רכסים,139.95081994397145,0,NA,NA,no_red_alert,2006,0.760406358309142,Party_turnout,FALSE,2006,10175,רכסים,REKHASIM,1,NA,8580,NA,NA,NA,NA,NA,NA,NA,2.82086405766892,3041.62122831621,NA,56.6666666666667
922,רכסים,רכסים,139.95081994397145,0,NA,NA,no_red_alert,2009,0.774380718589601,Party_turnout,FALSE,2009,10185,רכסים,REKHASIM,1,NA,9237,NA,NA,NA,NA,NA,NA,NA,2.82086405766892,3274.52858810686,NA,58.2
922,רכסים,רכסים,139.95081994397145,0,NA,NA,no_red_alert,2013,0.851234809878479,Party_turnout,FALSE,2013,10188,רכסים,REKHASIM,1,יהודי,10090,5120,4970,4330,1040,1710,2610,400,2.82086405766892,3576.91820439517,0.0396432111000991,61
922,רכסים,רכסים,139.95081994397145,0,NA,NA,no_red_alert,2015,0.859000183116645,Party_turnout,TRUE,2015,10176,רכסים,REKHASIM,1,יהודי,10680,5350,5330,4670,1090,1730,2760,430,2.82086405766892,3786.07397650549,0.0402621722846442,59
922,רכסים,רכסים,139.95081994397145,0,NA,NA,no_red_alert,2019,0.863078684770162,Party_turnout,TRUE,2019,10183,רכסים,REKHASIM,1,יהודי,12668,6550,6117,5564,1329,2099,3144,531,2.82086405766892,4490.82257812468,0.041916640353647,NA
922,רכסים,רכסים,139.95081994397145,0,NA,NA,no_red_alert,2019,0.855046759109965,Party_turnout,TRUE,2019.2,10183,רכסים,REKHASIM,1,יהודי,12668,6550,6117,5564,1329,2099,3144,531,2.82086405766892,4490.82257812468,0.041916640353647,NA
922,רכסים,רכסים,139.95081994397145,0,NA,NA,no_red_alert,2020,0.845753078623303,Party_turnout,TRUE,2020,10177,רכסים,REKHASIM,1,יהודי,13264,6908,6359,5790,1467,2159,3284,564,2.82086405766892,4702.10535808697,0.0425211097708082,NA
922,רכסים,רכסים,139.95081994397145,0,NA,NA,no_red_alert,2021,0.816749962138422,Party_turnout,TRUE,2021,10181,רכסים,REKHASIM,1,יהודי,13736,7151,6585,6011,1446,2237,3434,607,2.82086405766892,4869.42997577523,0.0441904484566104,NA
922,רכסים,רכסים,139.95081994397145,0,NA,NA,no_red_alert,2022,0.842127903642099,Party_turnout,TRUE,2022,10189,רכסים,REKHASIM,1,יהודי,14198,7361,6837,6257,1467,2284,3553,638,2.82086405766892,5033.20958037687,0.0449359064656994,NA
942,סואעד (חמרייה),סואעדחמרייה,146.45046882493926,0,NA,NA,no_red_alert,2006,NA,Party_turnout,FALSE,2006,10223,סואעד (חמרייה)*,SAWA'ID(HAMRIYYE),2,NA,46,NA,NA,NA,NA,NA,NA,NA,0.0100555294879102,4574.59749437421,NA,53.5
942,סואעד (חמרייה),סואעדחמרייה,146.45046882493926,0,NA,NA,no_red_alert,2009,0.609756097560976,Party_turnout,FALSE,2009,10216,סואעד (חמרייה)*,SAWA'ID(HAMRIYYE),2,NA,134,NA,NA,NA,NA,NA,NA,NA,0.0100555294879102,13326.0013966553,NA,56
942,סואעד (חמרייה),סואעדחמרייה,146.45046882493926,0,NA,NA,no_red_alert,2013,0.768421052631579,Party_turnout,FALSE,2013,10217,סואעד (חמרייה)*,SAWA'ID(HAMRIYYE),2,לא יהודי,140,70,70,50,20,10,40,10,0.0100555294879102,13922.6880263563,0.0714285714285714,59.25
942,סואעד (חמרייה),סואעדחמרייה,146.45046882493926,0,NA,NA,no_red_alert,2015,0.424778761061947,Party_turnout,TRUE,2015,10212,סואעד (חמרייה)*,SAWA'ID(HAMRIYYE),2,לא יהודי,160,80,80,50,20,20,50,20,0.0100555294879102,15911.6434586929,0.125,60.25
942,סואעד (חמרייה),סואעדחמרייה,146.45046882493926,0,NA,NA,no_red_alert,2019,0.340277777777778,Party_turnout,TRUE,2019,10213,סואעד (חמרייה)*,SAWA'ID(HAMRIYYE),2,לא יהודי,182,97,85,47,23,38,52,0,0.0100555294879102,18099.4944342632,0,NA
942,סואעד (חמרייה),סואעדחמרייה,146.45046882493926,0,NA,NA,no_red_alert,2019,0.452054794520548,Party_turnout,TRUE,2019.2,10213,סואעד (חמרייה)*,SAWA'ID(HAMRIYYE),2,לא יהודי,182,97,85,47,23,38,52,0,0.0100555294879102,18099.4944342632,0,NA
942,סואעד (חמרייה),סואעדחמרייה,146.45046882493926,0,NA,NA,no_red_alert,2020,0.56,Party_turnout,TRUE,2020,10219,סואעד (חמרייה)*,SAWA'ID(HAMRIYYE),2,לא יהודי,196,103,81,44,26,49,57,0,0.0100555294879102,19491.7632368988,0,NA
942,סואעד (חמרייה),סואעדחמרייה,146.45046882493926,0,NA,NA,no_red_alert,2021,0.319277108433735,Party_turnout,TRUE,2021,10224,סואעד (חמרייה)*,SAWA'ID(HAMRIYYE),2,לא יהודי,198,105,93,45,26,49,57,0,0.0100555294879102,19690.6587801325,0,NA
942,סואעד (חמרייה),סואעדחמרייה,146.45046882493926,0,NA,NA,no_red_alert,2022,0.323699421965318,Party_turnout,TRUE,2022,10218,סואעד (חמרייה)*,SAWA'ID(HAMRIYYE),2,לא יהודי,196,105,91,39,28,50,57,0,0.0100555294879102,19491.7632368988,0,NA
944,בסמת טבעון,בסמתטבעון,139.64683419933692,0,NA,NA,no_red_alert,2006,0.394448558295063,Party_turnout,FALSE,2006,10236,בסמת טבעון,BASMAT TAB'UN,2,NA,6332,NA,NA,NA,NA,NA,NA,NA,3.42282722020635,1849.93269967576,NA,60.2
944,בסמת טבעון,בסמתטבעון,139.64683419933692,0,NA,NA,no_red_alert,2009,0.328556806550665,Party_turnout,FALSE,2009,10234,בסמת טבעון,BASMAT TAB'UN,2,NA,6781,NA,NA,NA,NA,NA,NA,NA,3.42282722020635,1981.11080803874,NA,57.75
944,בסמת טבעון,בסמתטבעון,139.64683419933692,0,NA,NA,no_red_alert,2013,0.39638195557591,Party_turnout,FALSE,2013,10227,בסמת טבעון,BASMAT TAB'UN,2,לא יהודי,7190,3580,3620,2350,750,1140,2610,340,3.42282722020635,2100.60267066783,0.0472878998609179,62.4
944,בסמת טבעון,בסמתטבעון,139.64683419933692,0,NA,NA,no_red_alert,2015,0.513960481099656,Party_turnout,TRUE,2015,10239,בסמת טבעון,BASMAT TAB'UN,2,לא יהודי,7510,3730,3780,2360,800,1250,2730,360,3.42282722020635,2194.092636539,0.0479360852197071,56
944,בסמת טבעון,בסמתטבעון,139.64683419933692,0,NA,NA,no_red_alert,2019,0.318590848171549,Party_turnout,TRUE,2019,10231,בסמת טבעון,BASMAT TAB'UN,2,לא יהודי,7916,3916,4000,2204,852,1409,3010,440,3.42282722020635,2312.70803073805,0.0555836280949975,NA
944,בסמת טבעון,בסמתטבעון,139.64683419933692,0,NA,NA,no_red_alert,2019,0.471455576559546,Party_turnout,TRUE,2019.2,10231,בסמת טבעון,BASMAT TAB'UN,2,לא יהודי,7916,3916,4000,2204,852,1409,3010,440,3.42282722020635,2312.70803073805,0.0555836280949975,NA
944,בסמת טבעון,בסמתטבעון,139.64683419933692,0,NA,NA,no_red_alert,2020,0.546639359523366,Party_turnout,TRUE,2020,10238,בסמת טבעון,BASMAT TAB'UN,2,לא יהודי,7997,3959,4038,2155,866,1458,3065,453,3.42282722020635,2336.37267834919,0.0566462423408778,NA
944,בסמת טבעון,בסמתטבעון,139.64683419933692,0,NA,NA,no_red_alert,2021,0.326174008008737,Party_turnout,TRUE,2021,10235,בסמת טבעון,BASMAT TAB'UN,2,לא יהודי,8068,3992,4077,2148,828,1498,3117,476,3.42282722020635,2357.11576452685,0.0589985126425384,NA
944,בסמת טבעון,בסמתטבעון,139.64683419933692,0,NA,NA,no_red_alert,2022,0.430216082182076,Party_turnout,TRUE,2022,10228,בסמת טבעון,BASMAT TAB'UN,2,לא יהודי,8145,4048,4097,2166,774,1522,3179,503,3.42282722020635,2379.6117875646,0.061755678330264,NA
975,זרזיר,זרזיר,141.4575663168932,0,NA,NA,no_red_alert,2006,0.399623540959028,Party_turnout,FALSE,2006,10293,זרזיר,ZARZIR,2,NA,6463,NA,NA,NA,NA,NA,NA,NA,4.03283747897984,1602.59371563738,NA,60
975,זרזיר,זרזיר,141.4575663168932,0,NA,NA,no_red_alert,2009,0.35729788388497,Party_turnout,FALSE,2009,10288,זרזיר,ZARZIR,2,NA,6419,NA,NA,NA,NA,NA,NA,NA,4.03283747897984,1591.68328340962,NA,58
975,זרזיר,זרזיר,141.4575663168932,0,NA,NA,no_red_alert,2013,0.487465181058496,Party_turnout,FALSE,2013,10297,זרזיר,ZARZIR,2,לא יהודי,7060,3590,3480,2500,770,1240,2300,250,4.03283747897984,1750.62844381865,0.0354107648725212,62.2
975,זרזיר,זרזיר,141.4575663168932,0,NA,NA,no_red_alert,2015,0.486614853195164,Party_turnout,TRUE,2015,10294,זרזיר,ZARZIR,2,לא יהודי,7460,3780,3680,2580,800,1340,2480,270,4.03283747897984,1849.81419134378,0.0361930294906166,57.8
975,זרזיר,זרזיר,141.4575663168932,0,NA,NA,no_red_alert,2019,0.361567877629063,Party_turnout,TRUE,2019,10290,זרזיר,ZARZIR,2,לא יהודי,8119,4126,3993,2635,823,1509,2796,354,4.03283747897984,2013.22271039144,0.0436014287473827,NA
975,זרזיר,זרזיר,141.4575663168932,0,NA,NA,no_red_alert,2019,0.487639177203246,Party_turnout,TRUE,2019.2,10290,זרזיר,ZARZIR,2,לא יהודי,8119,4126,3993,2635,823,1509,2796,354,4.03283747897984,2013.22271039144,0.0436014287473827,NA
975,זרזיר,זרזיר,141.4575663168932,0,NA,NA,no_red_alert,2020,0.533643988816403,Party_turnout,TRUE,2020,10295,זרזיר,ZARZIR,2,לא יהודי,8275,4196,4082,2652,829,1521,2896,377,4.03283747897984,2051.90515192625,0.045558912386707,NA
975,זרזיר,זרזיר,141.4575663168932,0,NA,NA,no_red_alert,2021,0.343789435731026,Party_turnout,TRUE,2021,10298,זרזיר,ZARZIR,2,לא יהודי,8412,4259,4153,2652,820,1535,3007,398,4.03283747897984,2085.87627045361,0.0473133618640038,NA
975,זרזיר,זרזיר,141.4575663168932,0,NA,NA,no_red_alert,2022,0.443923611111111,Party_turnout,TRUE,2022,10289,זרזיר,ZARZIR,2,לא יהודי,8565,4335,4229,2666,820,1551,3112,417,4.03283747897984,2123.81481888197,0.0486865148861646,NA
978,כעביה-טבאש-חג'אג',כעביהטבאשחגאג,142.86513423789813,1,6,1,temporal_distance == 6,2006,0.524049059066085,Party_turnout,FALSE,2006,10308,כעביה-טבאש-חג'אג'רה,KA'ABIYYE-TABBASH-HAJAJRE,2,NA,4064,NA,NA,NA,NA,NA,NA,NA,1.5643188911477,2597.93576808265,NA,55.3333333333333
978,כעביה-טבאש-חג'אג',כעביהטבאשחגאג,142.86513423789813,1,6,1,temporal_distance == 6,2009,0.44365920691009,Party_turnout,FALSE,2009,10311,כעביה-טבאש-חג'אג'רה,KA'ABIYYE-TABBASH-HAJAJRE,2,NA,4370,NA,NA,NA,NA,NA,NA,NA,1.5643188911477,2793.54805770699,NA,54
978,כעביה-טבאש-חג'אג',כעביהטבאשחגאג,142.86513423789813,1,6,1,temporal_distance == 6,2013,0.56650417827298,Party_turnout,FALSE,2013,10316,כעביה-טבאש-חג'אג'רה,KA'ABIYYE-TABBASH-HAJAJRE,2,לא יהודי,4760,2420,2340,1680,510,830,1570,170,1.5643188911477,3042.85783860075,0.0357142857142857,61
978,כעביה-טבאש-חג'אג',כעביהטבאשחגאג,142.86513423789813,1,6,1,temporal_distance == 6,2015,0.464747736093144,Party_turnout,TRUE,2015,10307,כעביה-טבאש-חג'אג'רה,KA'ABIYYE-TABBASH-HAJAJRE,2,לא יהודי,4980,2510,2470,1710,540,900,1640,190,1.5643188911477,3183.49412525876,0.0381526104417671,52.6666666666667
978,כעביה-טבאש-חג'אג',כעביהטבאשחגאג,142.86513423789813,1,6,1,temporal_distance == 6,2019,0.434272955623779,Party_turnout,TRUE,2019,10318,כעביה-טבאש-חג'אג'רה,KA'ABIYYE-TABBASH-HAJAJRE,2,לא יהודי,5504,2769,2735,1747,587,1049,1881,240,1.5643188911477,3518.46418984422,0.0436046511627907,NA
978,כעביה-טבאש-חג'אג',כעביהטבאשחגאג,142.86513423789813,1,6,1,temporal_distance == 6,2019,0.568951279933939,Party_turnout,TRUE,2019.2,10318,כעביה-טבאש-חג'אג'רה,KA'ABIYYE-TABBASH-HAJAJRE,2,לא יהודי,5504,2769,2735,1747,587,1049,1881,240,1.5643188911477,3518.46418984422,0.0436046511627907,NA
978,כעביה-טבאש-חג'אג',כעביהטבאשחגאג,142.86513423789813,1,6,1,temporal_distance == 6,2020,0.600162645703443,Party_turnout,TRUE,2020,10310,כעביה-טבאש-חג'אג'רה,KA'ABIYYE-TABBASH-HAJAJRE,2,לא יהודי,5623,2827,2797,1764,581,1064,1962,252,1.5643188911477,3594.53563580924,0.0448159345545083,NA
978,כעביה-טבאש-חג'אג',כעביהטבאשחגאג,142.86513423789813,1,6,1,temporal_distance == 6,2021,0.404517993170475,Party_turnout,TRUE,2021,10315,כעביה-טבאש-חג'אג'רה,KA'ABIYYE-TABBASH-HAJAJRE,2,לא יהודי,5732,2880,2851,1752,571,1119,2027,264,1.5643188911477,3664.21452328981,0.0460572226099093,NA
978,כעביה-טבאש-חג'אג',כעביהטבאשחגאג,142.86513423789813,1,6,1,temporal_distance == 6,2022,0.563549761845074,Party_turnout,TRUE,2022,10309,כעביה-טבאש-חג'אג'רה,KA'ABIYYE-TABBASH-HAJAJRE,2,לא יהודי,5878,2948,2930,1773,562,1126,2136,280,1.5643188911477,3757.54587716285,0.0476352500850629,NA
990,ראס עלי,ראסעלי,144.35354219571985,0,NA,NA,no_red_alert,2006,0.670102440074456,Party_turnout,FALSE,2006,10335,ראס עלי,RAS ALI,2,NA,523,NA,NA,NA,NA,NA,NA,NA,0.490620800652554,1065.99638520091,NA,53
990,ראס עלי,ראסעלי,144.35354219571985,0,NA,NA,no_red_alert,2009,0.609665427509294,Party_turnout,FALSE,2009,10331,ראס עלי,RAS ALI,2,NA,525,NA,NA,NA,NA,NA,NA,NA,0.490620800652554,1070.07285321315,NA,53
990,ראס עלי,ראסעלי,144.35354219571985,0,NA,NA,no_red_alert,2013,0.59271523178807894,Party_turnout,FALSE,2013,10340,ראס עלי,RAS ALI,2,לא יהודי,540,270,260,220,70,80,160,10,0.490620800652554,1100.64636330496,0.0185185185185185,59
990,ראס עלי,ראסעלי,144.35354219571985,0,NA,NA,no_red_alert,2015,0.625,Party_turnout,TRUE,2015,10330,ראס עלי,RAS ALI,2,לא יהודי,560,280,280,210,70,90,180,10,0.490620800652554,1141.41104342736,0.0178571428571429,54.75
990,ראס עלי,ראסעלי,144.35354219571985,0,NA,NA,no_red_alert,2019,0.405128205128205,Party_turnout,TRUE,2019,10338,ראס עלי,RAS ALI,2,לא יהודי,643,332,311,224,81,123,198,18,0.490620800652554,1310.58446593535,0.0279937791601866,NA
990,ראס עלי,ראסעלי,144.35354219571985,0,NA,NA,no_red_alert,2019,0.596009975062344,Party_turnout,TRUE,2019.2,10338,ראס עלי,RAS ALI,2,לא יהודי,643,332,311,224,81,123,198,18,0.490620800652554,1310.58446593535,0.0279937791601866,NA
990,ראס עלי,ראסעלי,144.35354219571985,0,NA,NA,no_red_alert,2020,0.704433497536946,Party_turnout,TRUE,2020,10332,ראס עלי,RAS ALI,2,לא יהודי,650,334,316,214,83,130,201,0,0.490620800652554,1324.85210397819,0,NA
990,ראס עלי,ראסעלי,144.35354219571985,0,NA,NA,no_red_alert,2021,0.433962264150943,Party_turnout,TRUE,2021,10336,ראס עלי,RAS ALI,2,לא יהודי,656,338,318,201,90,129,211,0,0.490620800652554,1337.08150801491,0,NA
990,ראס עלי,ראסעלי,144.35354219571985,0,NA,NA,no_red_alert,2022,0.536036036036036,Party_turnout,TRUE,2022,10329,ראס עלי,RAS ALI,2,לא יהודי,663,343,320,201,81,145,214,0,0.490620800652554,1351.34914605775,0,NA
994,מנשית זבדה,מנשיתזבדה,139.31139525304442,1,6,1,temporal_distance == 6,2006,0.605302822691148,Party_turnout,FALSE,2006,10361,מנשית זבדה,MANSHIYYET ZABDA,2,NA,979,NA,NA,NA,NA,NA,NA,NA,1.22324059012108,800.33315433319,NA,58
994,מנשית זבדה,מנשיתזבדה,139.31139525304442,1,6,1,temporal_distance == 6,2009,0.587921847246892,Party_turnout,FALSE,2009,10359,מנשית זבדה,MANSHIYYET ZABDA,2,NA,1031,NA,NA,NA,NA,NA,NA,NA,1.22324059012108,842.843189088375,NA,57
994,מנשית זבדה,מנשיתזבדה,139.31139525304442,1,6,1,temporal_distance == 6,2013,0.599085365853659,Party_turnout,FALSE,2013,10360,מנשית זבדה,MANSHIYYET ZABDA,2,לא יהודי,1140,560,580,380,130,230,370,30,1.22324059012108,931.950761940589,0.0263157894736842,62
994,מנשית זבדה,מנשיתזבדה,139.31139525304442,1,6,1,temporal_distance == 6,2015,0.651577503429355,Party_turnout,TRUE,2015,10366,מנשית זבדה,MANSHIYYET ZABDA,2,לא יהודי,1210,600,610,400,120,260,390,40,1.22324059012108,989.175808726415,0.0330578512396694,55
994,מנשית זבדה,מנשיתזבדה,139.31139525304442,1,6,1,temporal_distance == 6,2019,0.505441354292624,Party_turnout,TRUE,2019,10367,מנשית זבדה,MANSHIYYET ZABDA,2,לא יהודי,1389,695,693,467,118,286,474,0,1.22324059012108,1135.50842836445,0,NA
994,מנשית זבדה,מנשיתזבדה,139.31139525304442,1,6,1,temporal_distance == 6,2019,0.610451306413302,Party_turnout,TRUE,2019.2,10367,מנשית זבדה,MANSHIYYET ZABDA,2,לא יהודי,1389,695,693,467,118,286,474,0,1.22324059012108,1135.50842836445,0,NA
994,מנשית זבדה,מנשיתזבדה,139.31139525304442,1,6,1,temporal_distance == 6,2020,0.69600938967136206,Party_turnout,TRUE,2020,10369,מנשית זבדה,MANSHIYYET ZABDA,2,לא יהודי,1425,710,706,477,123,281,494,50,1.22324059012108,1164.93845242574,0.0350877192982456,NA
994,מנשית זבדה,מנשיתזבדה,139.31139525304442,1,6,1,temporal_distance == 6,2021,0.446952595936795,Party_turnout,TRUE,2021,10370,מנשית זבדה,MANSHIYYET ZABDA,2,לא יהודי,1471,735,735,499,124,263,530,55,1.22324059012108,1202.54348317071,0.0373895309313392,NA
994,מנשית זבדה,מנשיתזבדה,139.31139525304442,1,6,1,temporal_distance == 6,2022,0.531823085221144,Party_turnout,TRUE,2022,10356,מנשית זבדה,MANSHIYYET ZABDA,2,לא יהודי,1522,763,759,521,126,265,552,57,1.22324059012108,1244.23601725752,0.0374507227332457,NA
998,ביר אל-מכסור,ביראלמכסור,147.31941504983223,0,NA,NA,no_red_alert,2006,0.372641677225999,Party_turnout,FALSE,2006,10386,ביר אל-מכסור,BIR EL-MAKSUR,2,NA,7257,NA,NA,NA,NA,NA,NA,NA,4.50709828413875,1610.12685823574,NA,54
998,ביר אל-מכסור,ביראלמכסור,147.31941504983223,0,NA,NA,no_red_alert,2009,0.273543583004818,Party_turnout,FALSE,2009,10394,ביר אל-מכסור,BIR EL-MAKSUR,2,NA,7616,NA,NA,NA,NA,NA,NA,NA,4.50709828413875,1689.77899301686,NA,54.6
998,ביר אל-מכסור,ביראלמכסור,147.31941504983223,0,NA,NA,no_red_alert,2013,0.440717177559283,Party_turnout,FALSE,2013,10396,ביר אל-מכסור,BIR EL-MAKSUR,2,לא יהודי,8300,4210,4090,2860,850,1480,2780,320,4.50709828413875,1841.53960636029,0.0385542168674699,63
998,ביר אל-מכסור,ביראלמכסור,147.31941504983223,0,NA,NA,no_red_alert,2015,0.488493347716649,Party_turnout,TRUE,2015,10399,ביר אל-מכסור,BIR EL-MAKSUR,2,לא יהודי,8710,4420,4290,2920,880,1560,3010,350,4.50709828413875,1932.50722546965,0.0401836969001148,56.8571428571429
998,ביר אל-מכסור,ביראלמכסור,147.31941504983223,0,NA,NA,no_red_alert,2019,0.317015209125475,Party_turnout,TRUE,2019,10392,ביר אל-מכסור,BIR EL-MAKSUR,2,לא יהודי,9522,4830,4692,2946,949,1729,3425,473,4.50709828413875,2112.66748575454,0.0496744381432472,NA
998,ביר אל-מכסור,ביראלמכסור,147.31941504983223,0,NA,NA,no_red_alert,2019,0.483354271356784,Party_turnout,TRUE,2019.2,10392,ביר אל-מכסור,BIR EL-MAKSUR,2,לא יהודי,9522,4830,4692,2946,949,1729,3425,473,4.50709828413875,2112.66748575454,0.0496744381432472,NA
998,ביר אל-מכסור,ביראלמכסור,147.31941504983223,0,NA,NA,no_red_alert,2020,0.55218128564822,Party_turnout,TRUE,2020,10397,ביר אל-מכסור,BIR EL-MAKSUR,2,לא יהודי,9732,4944,4790,2967,945,1774,3529,517,4.50709828413875,2159.26065651787,0.0531237155774764,NA
998,ביר אל-מכסור,ביראלמכסור,147.31941504983223,0,NA,NA,no_red_alert,2021,0.391928251121076,Party_turnout,TRUE,2021,10400,ביר אל-מכסור,BIR EL-MAKSUR,2,לא יהודי,9959,5047,4912,2997,945,1838,3642,536,4.50709828413875,2209.62565539062,0.053820664725374,NA
998,ביר אל-מכסור,ביראלמכסור,147.31941504983223,0,NA,NA,no_red_alert,2022,0.614933485910456,Party_turnout,TRUE,2022,10391,ביר אל-מכסור,BIR EL-MAKSUR,2,לא יהודי,10175,5148,5027,3030,926,1867,3771,582,4.50709828413875,2257.55005960433,0.0571990171990172,NA
1020,אור עקיבא,אורעקיבא,106.36605012043756,1,232,4,temporal_distance > 149,2006,0.492808558538013,Party_turnout,FALSE,2006,10419,אור עקיבא,OR AQIVA,1,NA,15767,NA,NA,NA,NA,NA,NA,NA,4.54121728656148,3471.97656598776,NA,61
1020,אור עקיבא,אורעקיבא,106.36605012043756,1,232,4,temporal_distance > 149,2009,0.513426736719206,Party_turnout,FALSE,2009,10430,אור עקיבא,OR AQIVA,1,NA,16117,NA,NA,NA,NA,NA,NA,NA,4.54121728656148,3549.04841212816,NA,59
1020,אור עקיבא,אורעקיבא,106.36605012043756,1,232,4,temporal_distance > 149,2013,0.524561155152888,Party_turnout,FALSE,2013,10428,אור עקיבא,OR AQIVA,1,יהודי,16550,8100,8460,3820,1120,2490,7110,2030,4.54121728656148,3644.39729606758,0.122658610271903,63
1020,אור עקיבא,אורעקיבא,106.36605012043756,1,232,4,temporal_distance > 149,2015,0.640681678187667,Party_turnout,TRUE,2015,10433,אור עקיבא,OR AQIVA,1,יהודי,17090,8310,8780,4030,1060,2430,7360,2210,4.54121728656148,3763.30814439848,0.129315389116442,62
1020,אור עקיבא,אורעקיבא,106.36605012043756,1,232,4,temporal_distance > 149,2019,0.629703608247423,Party_turnout,TRUE,2019,10425,אור עקיבא,OR AQIVA,1,יהודי,18972,9327,9645,4679,1101,2485,8063,2646,4.54121728656148,4177.73447135916,0.139468690702087,NA
1020,אור עקיבא,אורעקיבא,106.36605012043756,1,232,4,temporal_distance > 149,2019,0.627291242362525,Party_turnout,TRUE,2019.2,10425,אור עקיבא,OR AQIVA,1,יהודי,18972,9327,9645,4679,1101,2485,8063,2646,4.54121728656148,4177.73447135916,0.139468690702087,NA
1020,אור עקיבא,אורעקיבא,106.36605012043756,1,232,4,temporal_distance > 149,2020,0.645808514640416,Party_turnout,TRUE,2020,10427,אור עקיבא,OR AQIVA,1,יהודי,19446,9576,9874,4776,1197,2450,8243,2780,4.54121728656148,4282.11177156073,0.142959991772087,NA
1020,אור עקיבא,אורעקיבא,106.36605012043756,1,232,4,temporal_distance > 149,2021,0.593811394891945,Party_turnout,TRUE,2021,10424,אור עקיבא,OR AQIVA,1,יהודי,19902,9814,10088,4877,1215,2461,8445,2904,4.54121728656148,4382.52537681794,0.145914983418752,NA
1020,אור עקיבא,אורעקיבא,106.36605012043756,1,232,4,temporal_distance > 149,2022,0.639409327029709,Party_turnout,TRUE,2022,10420,אור עקיבא,OR AQIVA,1,יהודי,20874,10293,10580,5088,1259,2560,8857,3110,4.54121728656148,4596.56490381357,0.148989173134042,NA
1024,חרוצים,חרוצים,78.29834184720848,1,227,5,temporal_distance > 149,2006,0.742645144493621,Party_turnout,FALSE,2006,10444,חרוצים,HARUZIM,1,NA,668,NA,NA,NA,NA,NA,NA,NA,0.2041639586979,3271.88013134304,NA,61
1024,חרוצים,חרוצים,78.29834184720848,1,227,5,temporal_distance > 149,2009,0.670309653916211,Party_turnout,FALSE,2009,10440,חרוצים,HARUZIM,1,NA,783,NA,NA,NA,NA,NA,NA,NA,0.2041639586979,3835.15290844551,NA,59
1024,חרוצים,חרוצים,78.29834184720848,1,227,5,temporal_distance > 149,2013,0.72463768115942,Party_turnout,FALSE,2013,10437,חרוצים,HARUZIM,1,יהודי,840,410,430,210,50,80,410,80,0.2041639586979,4114.34028492239,0.0952380952380952,63
1024,חרוצים,חרוצים,78.29834184720848,1,227,5,temporal_distance > 149,2015,0.774696707105719,Party_turnout,TRUE,2015,10447,חרוצים,HARUZIM,1,יהודי,890,440,450,220,50,100,410,100,0.2041639586979,4359.24149235824,0.112359550561798,58
1024,חרוצים,חרוצים,78.29834184720848,1,227,5,temporal_distance > 149,2019,0.756849315068493,Party_turnout,TRUE,2019,10438,חרוצים,HARUZIM,1,יהודי,846,414,432,208,58,91,362,127,0.2041639586979,4143.72842981469,0.150118203309693,NA
1024,חרוצים,חרוצים,78.29834184720848,1,227,5,temporal_distance > 149,2019,0.766031195840555,Party_turnout,TRUE,2019.2,10438,חרוצים,HARUZIM,1,יהודי,846,414,432,208,58,91,362,127,0.2041639586979,4143.72842981469,0.150118203309693,NA
1024,חרוצים,חרוצים,78.29834184720848,1,227,5,temporal_distance > 149,2020,0.773451327433628,Party_turnout,TRUE,2020,10435,חרוצים,HARUZIM,1,יהודי,857,425,433,207,57,96,368,129,0.2041639586979,4197.60669545058,0.150525087514586,NA
1024,חרוצים,חרוצים,78.29834184720848,1,227,5,temporal_distance > 149,2021,0.746503496503496,Party_turnout,TRUE,2021,10439,חרוצים,HARUZIM,1,יהודי,907,450,456,214,66,100,389,139,0.2041639586979,4442.50790288643,0.153252480705623,NA
1024,חרוצים,חרוצים,78.29834184720848,1,227,5,temporal_distance > 149,2022,0.769105691056911,Party_turnout,TRUE,2022,10443,חרוצים,HARUZIM,1,יהודי,916,457,459,213,66,105,397,137,0.2041639586979,4486.59012022489,0.149563318777293,NA
1044,יעף,יעף,86.8511599814999,1,227,5,temporal_distance > 149,2006,NA,Party_turnout,FALSE,2006,10501,יעף,YE'AF,1,NA,128,NA,NA,NA,NA,NA,NA,NA,0.11569481872135,1106.35896589532,NA,61
1044,יעף,יעף,86.8511599814999,1,227,5,temporal_distance > 149,2009,NA,Party_turnout,FALSE,2009,10502,יעף,YE'AF,1,NA,147,NA,NA,NA,NA,NA,NA,NA,0.11569481872135,1270.58412489541,NA,59
1044,יעף,יעף,86.8511599814999,1,227,5,temporal_distance > 149,2013,0.896,Party_turnout,FALSE,2013,10507,יעף,YE'AF,1,יהודי,270,130,140,100,20,30,120,0,0.11569481872135,2333.72594368544,0,63
1044,יעף,יעף,86.8511599814999,1,227,5,temporal_distance > 149,2015,0.867132867132867,Party_turnout,TRUE,2015,10508,יעף,YE'AF,1,יהודי,290,140,150,110,20,30,130,10,0.11569481872135,2506.59453210659,0.0344827586206897,60.5
1044,יעף,יעף,86.8511599814999,1,227,5,temporal_distance > 149,2019,0.864705882352941,Party_turnout,TRUE,2019,10510,יעף,YE'AF,1,יהודי,300,154,146,102,21,28,134,0,0.11569481872135,2593.02882631716,0,NA
1044,יעף,יעף,86.8511599814999,1,227,5,temporal_distance > 149,2019,0.842424242424242,Party_turnout,TRUE,2019.2,10510,יעף,YE'AF,1,יהודי,300,154,146,102,21,28,134,0,0.11569481872135,2593.02882631716,0,NA
1044,יעף,יעף,86.8511599814999,1,227,5,temporal_distance > 149,2020,0.818713450292398,Party_turnout,TRUE,2020,10513,יעף,YE'AF,1,יהודי,308,159,149,102,24,26,140,0,0.11569481872135,2662.17626168562,0,NA
1044,יעף,יעף,86.8511599814999,1,227,5,temporal_distance > 149,2021,0.771428571428571,Party_turnout,TRUE,2021,10503,יעף,YE'AF,1,יהודי,315,161,154,100,32,28,140,0,0.11569481872135,2722.68026763302,0,NA
1044,יעף,יעף,86.8511599814999,1,227,5,temporal_distance > 149,2022,0.724324324324324,Party_turnout,TRUE,2022,10512,יעף,YE'AF,1,יהודי,301,153,148,88,34,30,134,0,0.11569481872135,2601.67225573822,0,NA
1057,נווה זוהר,נווהזוהר,86.54028058670674,0,NA,NA,no_red_alert,2006,0.602755453501722,Party_turnout,FALSE,2006,10654,נווה זוהר,NEWE ZOHAR,1,NA,78,NA,NA,NA,NA,NA,NA,NA,0.187830858939939,415.267227335319,NA,24.3333333333333
1057,נווה זוהר,נווהזוהר,86.54028058670674,0,NA,NA,no_red_alert,2009,NA,Party_turnout,FALSE,2009,10665,נווה זוהר,NEWE ZOHAR,1,NA,91,NA,NA,NA,NA,NA,NA,NA,0.187830858939939,484.478431891205,NA,37
1057,נווה זוהר,נווהזוהר,86.54028058670674,0,NA,NA,no_red_alert,2013,0.388888888888889,Party_turnout,FALSE,2013,10653,נווה זוהר,NEWE ZOHAR,1,יהודי,80,40,30,10,0,10,50,0,0.187830858939939,425.915104959301,0,28
1057,נווה זוהר,נווהזוהר,86.54028058670674,0,NA,NA,no_red_alert,2015,0.563380281690141,Party_turnout,TRUE,2015,10656,נווה זוהר,NEWE ZOHAR,1,יהודי,70,40,30,10,0,10,40,10,0.187830858939939,372.675716839389,0.142857142857143,23.3333333333333
1057,נווה זוהר,נווהזוהר,86.54028058670674,0,NA,NA,no_red_alert,2019,0.379310344827586,Party_turnout,TRUE,2019,10659,נווה זוהר,NEWE ZOHAR,1,יהודי,56,27,28,0,0,0,0,0,0.187830858939939,298.140573471511,0,NA
1057,נווה זוהר,נווהזוהר,86.54028058670674,0,NA,NA,no_red_alert,2019,0.625,Party_turnout,TRUE,2019.2,10659,נווה זוהר,NEWE ZOHAR,1,יהודי,56,27,28,0,0,0,0,0,0.187830858939939,298.140573471511,0,NA
1057,נווה זוהר,נווהזוהר,86.54028058670674,0,NA,NA,no_red_alert,2020,0.381818181818182,Party_turnout,TRUE,2020,10658,נווה זוהר,NEWE ZOHAR,1,יהודי,53,28,8,0,0,0,0,0,0.187830858939939,282.168757035537,0,NA
1057,נווה זוהר,נווהזוהר,86.54028058670674,0,NA,NA,no_red_alert,2021,0.454545454545455,Party_turnout,TRUE,2021,10661,נווה זוהר,NEWE ZOHAR,1,יהודי,52,25,27,0,4,0,0,0,0.187830858939939,276.844818223546,0,NA
1057,נווה זוהר,נווהזוהר,86.54028058670674,0,NA,NA,no_red_alert,2022,0.333333333333333,Party_turnout,TRUE,2022,10657,נווה זוהר,NEWE ZOHAR,1,יהודי,53,26,26,0,0,0,0,0,0.187830858939939,282.168757035537,0,NA
1061,נצרת עילית,נצרתעילית,142.6241443853567,1,6,2,temporal_distance == 6,2006,0.489583182178162,Party_turnout,FALSE,2006,10713,נצרת עילית,NAZERAT ILLIT,4,NA,43577,NA,NA,NA,NA,NA,NA,NA,32.830025520643,1327.35199893766,NA,49.6444444444444
1061,נצרת עילית,נצרתעילית,142.6241443853567,1,6,2,temporal_distance == 6,2009,0.538332486019319,Party_turnout,FALSE,2009,10719,נצרת עילית,NAZERAT ILLIT,4,NA,40898,NA,NA,NA,NA,NA,NA,NA,32.830025520643,1245.74986925563,NA,49.5106382978723
1061,נצרת עילית,נצרתעילית,142.6241443853567,1,6,2,temporal_distance == 6,2013,0.53079096764339,Party_turnout,FALSE,2013,10715,נצרת עילית,NAZERAT ILLIT,4,מעורב,40450,19310,21160,7610,2540,5380,17780,7190,32.830025520643,1232.10382442638,0.177750309023486,52.8444444444444
1061,נצרת עילית,נצרתעילית,142.6241443853567,1,6,2,temporal_distance == 6,2015,0.577839179266764,Party_turnout,TRUE,2015,10721,נצרת עילית,NAZERAT ILLIT,4,מעורב,40220,19180,21030,7660,2550,5250,17310,7460,32.830025520643,1225.0980424828,0.185479860765788,53.5777777777778
1061,נצרת עילית,נצרתעילית,142.6241443853567,1,6,2,temporal_distance == 6,2019,0.551830354869915,Party_turnout,TRUE,2019,10720,נוף הגליל,NOF HAGALIL,4,מעורב,41733,20018,21716,8563,2649,5465,17290,7758,32.830025520643,1271.183903703,0.185896053482855,NA
1061,נצרת עילית,נצרתעילית,142.6241443853567,1,6,2,temporal_distance == 6,2019,0.562824901737036,Party_turnout,TRUE,2019.2,10720,נוף הגליל,NOF HAGALIL,4,מעורב,41733,20018,21716,8563,2649,5465,17290,7758,32.830025520643,1271.183903703,0.185896053482855,NA
1061,נצרת עילית,נצרתעילית,142.6241443853567,1,6,2,temporal_distance == 6,2020,0.566790469693524,Party_turnout,TRUE,2020,10724,נוף הגליל,NOF HAGALIL,4,מעורב,41945,20147,21793,8676,2658,5605,17186,7820,32.830025520643,1277.64140705969,0.186434616760043,NA
1061,נצרת עילית,נצרתעילית,142.6241443853567,1,6,2,temporal_distance == 6,2021,0.504641775983855,Party_turnout,TRUE,2021,10712,נוף הגליל,NOF HAGALIL,4,מעורב,42659,20522,22139,9192,2653,5756,17247,7810,32.830025520643,1299.38979100631,0.183079772146558,NA
1061,נצרת עילית,נצרתעילית,142.6241443853567,1,6,2,temporal_distance == 6,2022,0.52798576617985,Party_turnout,TRUE,2022,10723,נוף הגליל,NOF HAGALIL,4,מעורב,44184,21212,22974,10044,2655,5794,17830,7861,32.830025520643,1345.84117128443,0.177915082382763,NA
1069,רם-און,רםאון,125.66097294247815,1,6,1,temporal_distance == 6,2006,0.966647886079166,Party_turnout,FALSE,2006,10832,רם-און,RAM-ON,1,NA,633,NA,NA,NA,NA,NA,NA,NA,1.06599586099467,593.810936009969,NA,20
1069,רם-און,רםאון,125.66097294247815,1,6,1,temporal_distance == 6,2009,0.832635983263598,Party_turnout,FALSE,2009,10826,רם-און,RAM-ON,1,NA,861,NA,NA,NA,NA,NA,NA,NA,1.06599586099467,807.69544376711406,NA,21.5
1069,רם-און,רםאון,125.66097294247815,1,6,1,temporal_distance == 6,2013,0.827898550724638,Party_turnout,FALSE,2013,10833,רם-און,RAM-ON,1,יהודי,940,490,440,340,70,60,350,120,1.06599586099467,881.804549525072,0.127659574468085,20
1069,רם-און,רםאון,125.66097294247815,1,6,1,temporal_distance == 6,2015,0.802447552447552,Party_turnout,TRUE,2015,10831,רם-און,RAM-ON,1,יהודי,1000,520,480,340,100,70,370,120,1.06599586099467,938.089946303268,0.12,26
1069,רם-און,רםאון,125.66097294247815,1,6,1,temporal_distance == 6,2019,0.773291925465838,Party_turnout,TRUE,2019,10824,רם-און,RAM-ON,1,יהודי,978,501,477,279,110,103,373,115,1.06599586099467,917.451967484596,0.11758691206544,NA
1069,רם-און,רםאון,125.66097294247815,1,6,1,temporal_distance == 6,2019,0.774343122102009,Party_turnout,TRUE,2019.2,10824,רם-און,RAM-ON,1,יהודי,978,501,477,279,110,103,373,115,1.06599586099467,917.451967484596,0.11758691206544,NA
1069,רם-און,רםאון,125.66097294247815,1,6,1,temporal_distance == 6,2020,0.748466257668712,Party_turnout,TRUE,2020,10822,רם-און,RAM-ON,1,יהודי,985,511,466,264,108,128,373,112,1.06599586099467,924.018597108719,0.113705583756345,NA
1069,רם-און,רםאון,125.66097294247815,1,6,1,temporal_distance == 6,2021,0.760059612518629,Party_turnout,TRUE,2021,10820,רם-און,RAM-ON,1,יהודי,984,505,479,256,104,134,379,109,1.06599586099467,923.080507162416,0.110772357723577,NA
1069,רם-און,רםאון,125.66097294247815,1,6,1,temporal_distance == 6,2022,0.727802037845706,Party_turnout,TRUE,2022,10828,רם-און,RAM-ON,1,יהודי,957,483,475,220,117,142,376,103,1.06599586099467,897.752078612228,0.107628004179728,NA
1077,גבעת שפירא,גבעתשפירא,91.88965019680244,0,NA,NA,no_red_alert,2006,1,Party_turnout,FALSE,2006,10894,גבעת שפירא,GIV'AT SHAPPIRA,1,NA,218,NA,NA,NA,NA,NA,NA,NA,0.119946787935517,1817.4725955746,NA,61
1077,גבעת שפירא,גבעתשפירא,91.88965019680244,0,NA,NA,no_red_alert,2009,0.729559748427673,Party_turnout,FALSE,2009,10893,גבעת שפירא,GIV'AT SHAPPIRA,1,NA,359,NA,NA,NA,NA,NA,NA,NA,0.119946787935517,2992.99386151964,NA,59
1077,גבעת שפירא,גבעתשפירא,91.88965019680244,0,NA,NA,no_red_alert,2013,0.798913043478261,Party_turnout,FALSE,2013,10905,גבעת שפירא,GIV'AT SHAPPIRA,1,יהודי,380,190,190,130,30,20,160,40,0.119946787935517,3168.07149687315,0.105263157894737,63
1077,גבעת שפירא,גבעתשפירא,91.88965019680244,0,NA,NA,no_red_alert,2015,0.828571428571429,Party_turnout,TRUE,2015,10899,גבעת שפירא,GIV'AT SHAPPIRA,1,יהודי,430,200,230,120,50,20,170,70,0.119946787935517,3584.92300961962,0.162790697674419,62
1077,גבעת שפירא,גבעתשפירא,91.88965019680244,0,NA,NA,no_red_alert,2019,0.792452830188679,Party_turnout,TRUE,2019,10901,גבעת שפירא,GIV'AT SHAPPIRA,1,יהודי,410,192,218,111,41,32,150,76,0.119946787935517,3418.18240452104,0.185365853658537,NA
1077,גבעת שפירא,גבעתשפירא,91.88965019680244,0,NA,NA,no_red_alert,2019,0.783018867924528,Party_turnout,TRUE,2019.2,10901,גבעת שפירא,GIV'AT SHAPPIRA,1,יהודי,410,192,218,111,41,32,150,76,0.119946787935517,3418.18240452104,0.185365853658537,NA
1077,גבעת שפירא,גבעתשפירא,91.88965019680244,0,NA,NA,no_red_alert,2020,0.8,Party_turnout,TRUE,2020,10895,גבעת שפירא,GIV'AT SHAPPIRA,1,יהודי,406,191,212,95,44,34,150,83,0.119946787935517,3384.83428350132,0.204433497536946,NA
1077,גבעת שפירא,גבעתשפירא,91.88965019680244,0,NA,NA,no_red_alert,2021,0.776255707762557,Party_turnout,TRUE,2021,10904,גבעת שפירא,GIV'AT SHAPPIRA,1,יהודי,418,193,225,101,52,36,162,70,0.119946787935517,3484.87864656047,0.167464114832536,NA
1077,גבעת שפירא,גבעתשפירא,91.88965019680244,0,NA,NA,no_red_alert,2022,0.783185840707965,Party_turnout,TRUE,2022,10898,גבעת שפירא,GIV'AT SHAPPIRA,1,יהודי,423,197,227,102,44,46,161,72,0.119946787935517,3526.56379783512,0.170212765957447,NA
1102,צוקי ים,צוקיים,91.64805803802643,0,NA,NA,no_red_alert,2006,0.662576687116564,Party_turnout,FALSE,2006,11067,צוקי ים,ZUQI YAM,1,NA,250,NA,NA,NA,NA,NA,NA,NA,0.0829846484949045,3012.60539791707,NA,61
1102,צוקי ים,צוקיים,91.64805803802643,0,NA,NA,no_red_alert,2009,0.742647058823529,Party_turnout,FALSE,2009,11059,צוקי ים,ZUQI YAM,1,NA,214,NA,NA,NA,NA,NA,NA,NA,0.0829846484949045,2578.79022061701,NA,58
1102,צוקי ים,צוקיים,91.64805803802643,0,NA,NA,no_red_alert,2013,0.734265734265734,Party_turnout,FALSE,2013,11070,צוקי ים,ZUQI YAM,1,יהודי,240,110,130,60,10,20,90,50,0.0829846484949045,2892.10118200039,0.208333333333333,63
1102,צוקי ים,צוקיים,91.64805803802643,0,NA,NA,no_red_alert,2015,0.760736196319018,Party_turnout,TRUE,2015,11058,צוקי ים,ZUQI YAM,1,יהודי,270,120,150,70,10,20,110,50,0.0829846484949045,3253.61382975044,0.185185185185185,60
1102,צוקי ים,צוקיים,91.64805803802643,0,NA,NA,no_red_alert,2019,0.753164556962025,Party_turnout,TRUE,2019,11061,צוקי ים,ZUQI YAM,1,יהודי,268,128,140,59,24,19,107,59,0.0829846484949045,3229.5129865671,0.220149253731343,NA
1102,צוקי ים,צוקיים,91.64805803802643,0,NA,NA,no_red_alert,2019,0.703703703703704,Party_turnout,TRUE,2019.2,11061,צוקי ים,ZUQI YAM,1,יהודי,268,128,140,59,24,19,107,59,0.0829846484949045,3229.5129865671,0.220149253731343,NA
1102,צוקי ים,צוקיים,91.64805803802643,0,NA,NA,no_red_alert,2020,0.721212121212121,Party_turnout,TRUE,2020,11057,צוקי ים,ZUQI YAM,1,יהודי,285,142,132,57,28,24,118,58,0.0829846484949045,3434.37015362546,0.203508771929825,NA
1102,צוקי ים,צוקיים,91.64805803802643,0,NA,NA,no_red_alert,2021,0.71957671957672,Party_turnout,TRUE,2021,11065,צוקי ים,ZUQI YAM,1,יהודי,300,155,145,56,32,22,131,60,0.0829846484949045,3615.12647750048,0.2,NA
1102,צוקי ים,צוקיים,91.64805803802643,0,NA,NA,no_red_alert,2022,0.683937823834197,Party_turnout,TRUE,2022,11069,צוקי ים,ZUQI YAM,1,יהודי,296,155,141,54,23,28,130,60,0.0829846484949045,3566.92479113381,0.202702702702703,NA
1108,אומן,אומן,128.3928241732222,1,6,1,temporal_distance == 6,2006,0.344266822128809,Party_turnout,FALSE,2006,11131,אומן,OMEN,1,NA,436,NA,NA,NA,NA,NA,NA,NA,0.174090013400421,2504.45152759662,NA,26.5
1108,אומן,אומן,128.3928241732222,1,6,1,temporal_distance == 6,2009,0.564885496183206,Party_turnout,FALSE,2009,11118,אומן,OMEN,1,NA,247,NA,NA,NA,NA,NA,NA,NA,0.174090013400421,1418.80625531276,NA,31
1108,אומן,אומן,128.3928241732222,1,6,1,temporal_distance == 6,2013,0.543478260869565,Party_turnout,FALSE,2013,11129,אומן,OMEN,1,יהודי,320,160,160,90,20,40,150,20,0.174090013400421,1838.1295615388,0.0625,30.5
1108,אומן,אומן,128.3928241732222,1,6,1,temporal_distance == 6,2015,0.591973244147157,Party_turnout,TRUE,2015,11126,אומן,OMEN,1,יהודי,330,170,160,90,20,30,160,30,0.174090013400421,1895.57111033689,0.0909090909090909,31
1108,אומן,אומן,128.3928241732222,1,6,1,temporal_distance == 6,2019,0.602305475504323,Party_turnout,TRUE,2019,11122,אומן,OMEN,1,יהודי,387,185,202,102,27,46,173,0,0.174090013400421,2222.98793848599,0,NA
1108,אומן,אומן,128.3928241732222,1,6,1,temporal_distance == 6,2019,0.622535211267606,Party_turnout,TRUE,2019.2,11122,אומן,OMEN,1,יהודי,387,185,202,102,27,46,173,0,0.174090013400421,2222.98793848599,0,NA
1108,אומן,אומן,128.3928241732222,1,6,1,temporal_distance == 6,2020,0.629427792915531,Party_turnout,TRUE,2020,11128,אומן,OMEN,1,יהודי,467,228,239,141,31,55,201,0,0.174090013400421,2682.52032887069,0,NA
1108,אומן,אומן,128.3928241732222,1,6,1,temporal_distance == 6,2021,0.644067796610169,Party_turnout,TRUE,2021,11123,אומן,OMEN,1,יהודי,559,269,291,181,29,65,236,0,0.174090013400421,3210.98257781309,0,NA
1108,אומן,אומן,128.3928241732222,1,6,1,temporal_distance == 6,2022,0.67935871743487,Party_turnout,TRUE,2022,11130,אומן,OMEN,1,יהודי,659,317,342,229,34,70,273,0,0.174090013400421,3785.39806579397,0,NA
1110,חבר,חבר,128.23379504436446,1,6,1,temporal_distance == 6,2006,0.428371114746436,Party_turnout,FALSE,2006,11145,חבר,HEVER,1,NA,389,NA,NA,NA,NA,NA,NA,NA,0.218003229839834,1784.37723278594,NA,23.25
1110,חבר,חבר,128.23379504436446,1,6,1,temporal_distance == 6,2009,0.623255813953488,Party_turnout,FALSE,2009,11136,חבר,HEVER,1,NA,377,NA,NA,NA,NA,NA,NA,NA,0.218003229839834,1729.33217676169,NA,25
1110,חבר,חבר,128.23379504436446,1,6,1,temporal_distance == 6,2013,0.659090909090909,Party_turnout,FALSE,2013,11137,חבר,HEVER,1,יהודי,390,200,190,130,40,50,160,10,0.218003229839834,1788.96432078796,0.0256410256410256,27.75
1110,חבר,חבר,128.23379504436446,1,6,1,temporal_distance == 6,2015,0.719148936170213,Party_turnout,TRUE,2015,11138,חבר,HEVER,1,יהודי,430,220,210,140,50,40,180,10,0.218003229839834,1972.44784086877,0.0232558139534884,29.25
1110,חבר,חבר,128.23379504436446,1,6,1,temporal_distance == 6,2019,0.666666666666667,Party_turnout,TRUE,2019,11133,חבר,HEVER,1,יהודי,616,307,310,216,63,73,243,0,0.218003229839834,2825.64620924457,0,NA
1110,חבר,חבר,128.23379504436446,1,6,1,temporal_distance == 6,2019,0.72463768115942,Party_turnout,TRUE,2019.2,11133,חבר,HEVER,1,יהודי,616,307,310,216,63,73,243,0,0.218003229839834,2825.64620924457,0,NA
1110,חבר,חבר,128.23379504436446,1,6,1,temporal_distance == 6,2020,0.715469613259669,Party_turnout,TRUE,2020,11141,חבר,HEVER,1,יהודי,678,333,341,238,56,77,282,0,0.218003229839834,3110.04566536984,0,NA
1110,חבר,חבר,128.23379504436446,1,6,1,temporal_distance == 6,2021,0.701711491442543,Party_turnout,TRUE,2021,11135,חבר,HEVER,1,יהודי,800,399,401,283,67,93,324,0,0.218003229839834,3669.67040161633,0,NA
1110,חבר,חבר,128.23379504436446,1,6,1,temporal_distance == 6,2022,0.722554890219561,Party_turnout,TRUE,2022,11142,חבר,HEVER,1,יהודי,874,439,434,310,69,89,366,0,0.218003229839834,4009.11491376584,0,NA
1124,נאות הכיכר,נאותהכיכר,95.98394510562352,0,NA,NA,no_red_alert,2006,1,Party_turnout,FALSE,2006,11260,נאות הכיכר,NE'OT HAKIKKAR,1,NA,239,NA,NA,NA,NA,NA,NA,NA,13.3156840461182,17.9487587098218,NA,12.7894736842105
1124,נאות הכיכר,נאותהכיכר,95.98394510562352,0,NA,NA,no_red_alert,2009,0.581818181818182,Party_turnout,FALSE,2009,11256,נאות הכיכר,NE'OT HAKIKKAR,1,NA,405,NA,NA,NA,NA,NA,NA,NA,13.3156840461182,30.415260575221,NA,16.0588235294118
1124,נאות הכיכר,נאותהכיכר,95.98394510562352,0,NA,NA,no_red_alert,2013,0.703703703703704,Party_turnout,FALSE,2013,11261,נאות הכיכר,NE'OT HAKIKKAR,1,יהודי,400,220,180,90,20,60,190,50,13.3156840461182,30.0397635310825,0.125,15.5263157894737
1124,נאות הכיכר,נאותהכיכר,95.98394510562352,0,NA,NA,no_red_alert,2015,0.686868686868687,Party_turnout,TRUE,2015,11262,נאות הכיכר,NE'OT HAKIKKAR,1,יהודי,410,220,200,90,30,50,170,80,13.3156840461182,30.7907576193596,0.195121951219512,12.2631578947368
1124,נאות הכיכר,נאותהכיכר,95.98394510562352,0,NA,NA,no_red_alert,2019,0.696682464454976,Party_turnout,TRUE,2019,11265,נאות הכיכר,NE'OT HAKIKKAR,1,יהודי,447,242,206,94,33,50,169,102,13.3156840461182,33.5694357459847,0.228187919463087,NA
1124,נאות הכיכר,נאותהכיכר,95.98394510562352,0,NA,NA,no_red_alert,2019,0.696261682242991,Party_turnout,TRUE,2019.2,11265,נאות הכיכר,NE'OT HAKIKKAR,1,יהודי,447,242,206,94,33,50,169,102,13.3156840461182,33.5694357459847,0.228187919463087,NA
1124,נאות הכיכר,נאותהכיכר,95.98394510562352,0,NA,NA,no_red_alert,2020,0.615384615384615,Party_turnout,TRUE,2020,11263,נאות הכיכר,NE'OT HAKIKKAR,1,יהודי,444,236,206,94,29,53,164,0,13.3156840461182,33.3441375195016,0,NA
1124,נאות הכיכר,נאותהכיכר,95.98394510562352,0,NA,NA,no_red_alert,2021,0.65,Party_turnout,TRUE,2021,11254,נאות הכיכר,NE'OT HAKIKKAR,1,יהודי,443,237,206,97,32,48,166,0,13.3156840461182,33.2690381106739,0,NA
1124,נאות הכיכר,נאותהכיכר,95.98394510562352,0,NA,NA,no_red_alert,2022,0.648888888888889,Party_turnout,TRUE,2022,11259,נאות הכיכר,NE'OT HAKIKKAR,1,יהודי,448,245,203,98,28,53,165,0,13.3156840461182,33.6445351548124,0,NA
1127,מעלה גלבוע,מעלהגלבוע,130.40607605972454,1,6,1,temporal_distance == 6,2006,1,Party_turnout,FALSE,2006,11306,מעלה גלבוע,MA'ALE GILBOA,1,NA,310,NA,NA,NA,NA,NA,NA,NA,0.584090844167271,530.739358604332,NA,21
1127,מעלה גלבוע,מעלהגלבוע,130.40607605972454,1,6,1,temporal_distance == 6,2009,0.814159292035398,Party_turnout,FALSE,2009,11298,מעלה גלבוע,MA'ALE GILBOA,1,NA,470,NA,NA,NA,NA,NA,NA,NA,0.584090844167271,804.669350142051,NA,16.25
1127,מעלה גלבוע,מעלהגלבוע,130.40607605972454,1,6,1,temporal_distance == 6,2013,0.809885931558935,Party_turnout,FALSE,2013,11309,מעלה גלבוע,MA'ALE GILBOA,1,יהודי,590,350,240,220,70,110,190,0,0.584090844167271,1010.11684379534,0,27
1127,מעלה גלבוע,מעלהגלבוע,130.40607605972454,1,6,1,temporal_distance == 6,2015,0.825082508250825,Party_turnout,TRUE,2015,11308,מעלה גלבוע,MA'ALE GILBOA,1,יהודי,670,390,280,270,80,90,230,10,0.584090844167271,1147.0818395642,0.0149253731343284,29
1127,מעלה גלבוע,מעלהגלבוע,130.40607605972454,1,6,1,temporal_distance == 6,2019,0.846153846153846,Party_turnout,TRUE,2019,11297,מעלה גלבוע,MA'ALE GILBOA,1,יהודי,840,500,340,366,78,109,253,34,0.584090844167271,1438.13245557303,0.0404761904761905,NA
1127,מעלה גלבוע,מעלהגלבוע,130.40607605972454,1,6,1,temporal_distance == 6,2019,0.816901408450704,Party_turnout,TRUE,2019.2,11297,מעלה גלבוע,MA'ALE GILBOA,1,יהודי,840,500,340,366,78,109,253,34,0.584090844167271,1438.13245557303,0.0404761904761905,NA
1127,מעלה גלבוע,מעלהגלבוע,130.40607605972454,1,6,1,temporal_distance == 6,2020,0.805555555555556,Party_turnout,TRUE,2020,11311,מעלה גלבוע,MA'ALE GILBOA,1,יהודי,803,464,334,350,109,56,247,0,0.584090844167271,1374.78614502993,0,NA
1127,מעלה גלבוע,מעלהגלבוע,130.40607605972454,1,6,1,temporal_distance == 6,2021,0.806539509536785,Party_turnout,TRUE,2021,11299,מעלה גלבוע,MA'ALE GILBOA,1,יהודי,830,483,346,353,95,82,254,0,0.584090844167271,1421.01183110192,0,NA
1127,מעלה גלבוע,מעלהגלבוע,130.40607605972454,1,6,1,temporal_distance == 6,2022,0.803108808290155,Party_turnout,TRUE,2022,11303,מעלה גלבוע,MA'ALE GILBOA,1,יהודי,843,476,367,355,115,60,267,0,0.584090844167271,1443.26864291436,0,NA
1128,מי עמי,מיעמי,118.055678573303,0,NA,NA,no_red_alert,2006,0.619259259259259,Party_turnout,FALSE,2006,11325,מי עמי,ME AMMI,1,NA,270,NA,NA,NA,NA,NA,NA,NA,0.406536581827511,664.146874031027,NA,50.75
1128,מי עמי,מיעמי,118.055678573303,0,NA,NA,no_red_alert,2009,1.42424242424242,Party_turnout,FALSE,2009,11318,מי עמי,ME AMMI,1,NA,276,NA,NA,NA,NA,NA,NA,NA,0.406536581827511,678.905693453939,NA,51
1128,מי עמי,מיעמי,118.055678573303,0,NA,NA,no_red_alert,2013,0.828828828828829,Party_turnout,FALSE,2013,11321,מי עמי,ME AMMI,1,יהודי,330,170,160,110,10,30,160,0,0.406536581827511,811.735068260144,0,53.5
1128,מי עמי,מיעמי,118.055678573303,0,NA,NA,no_red_alert,2015,0.84,Party_turnout,TRUE,2015,11317,מי עמי,ME AMMI,1,יהודי,330,170,160,110,10,30,160,10,0.406536581827511,811.735068260144,0.0303030303030303,57.75
1128,מי עמי,מיעמי,118.055678573303,0,NA,NA,no_red_alert,2019,0.81496062992126,Party_turnout,TRUE,2019,11326,מי עמי,ME AMMI,1,יהודי,366,188,178,126,17,28,153,0,0.406536581827511,900.287984797614,0,NA
1128,מי עמי,מיעמי,118.055678573303,0,NA,NA,no_red_alert,2019,0.80078125,Party_turnout,TRUE,2019.2,11326,מי עמי,ME AMMI,1,יהודי,366,188,178,126,17,28,153,0,0.406536581827511,900.287984797614,0,NA
1128,מי עמי,מיעמי,118.055678573303,0,NA,NA,no_red_alert,2020,0.776470588235294,Party_turnout,TRUE,2020,11320,מי עמי,ME AMMI,1,יהודי,364,190,172,119,19,27,153,0,0.406536581827511,895.36837832331,0,NA
1128,מי עמי,מיעמי,118.055678573303,0,NA,NA,no_red_alert,2021,0.73046875,Party_turnout,TRUE,2021,11316,מי עמי,ME AMMI,1,יהודי,363,186,177,114,21,27,152,0,0.406536581827511,892.908575086158,0,NA
1128,מי עמי,מיעמי,118.055678573303,0,NA,NA,no_red_alert,2022,0.760617760617761,Party_turnout,TRUE,2022,11323,מי עמי,ME AMMI,1,יהודי,361,186,175,108,27,25,149,0,0.406536581827511,887.988968611854,0,NA
1148,צור נתן,צורנתן,86.68271468213628,1,227,5,temporal_distance > 149,2006,0.747718575213424,Party_turnout,FALSE,2006,11570,צור נתן,ZUR NATAN,1,NA,237,NA,NA,NA,NA,NA,NA,NA,0.210275888696017,1127.09070673631,NA,50
1148,צור נתן,צורנתן,86.68271468213628,1,227,5,temporal_distance > 149,2009,0.718446601941748,Party_turnout,FALSE,2009,11575,צור נתן,ZUR NATAN,1,NA,241,NA,NA,NA,NA,NA,NA,NA,0.210275888696017,1146.11333469811,NA,55.6666666666667
1148,צור נתן,צורנתן,86.68271468213628,1,227,5,temporal_distance > 149,2013,0.748792270531401,Party_turnout,FALSE,2013,11567,צור נתן,ZUR NATAN,1,יהודי,290,140,150,90,10,20,140,30,0.210275888696017,1379.14052723009,0.103448275862069,58
1148,צור נתן,צורנתן,86.68271468213628,1,227,5,temporal_distance > 149,2015,0.795348837209302,Party_turnout,TRUE,2015,11572,צור נתן,ZUR NATAN,1,יהודי,300,140,150,80,20,10,140,50,0.210275888696017,1426.69709713457,0.166666666666667,60.5
1148,צור נתן,צורנתן,86.68271468213628,1,227,5,temporal_distance > 149,2019,0.747826086956522,Party_turnout,TRUE,2019,11578,צור נתן,ZUR NATAN,1,יהודי,313,147,166,81,20,19,133,59,0.210275888696017,1488.5206380104,0.188498402555911,NA
1148,צור נתן,צורנתן,86.68271468213628,1,227,5,temporal_distance > 149,2019,0.741228070175439,Party_turnout,TRUE,2019.2,11578,צור נתן,ZUR NATAN,1,יהודי,313,147,166,81,20,19,133,59,0.210275888696017,1488.5206380104,0.188498402555911,NA
1148,צור נתן,צורנתן,86.68271468213628,1,227,5,temporal_distance > 149,2020,0.728070175438597,Party_turnout,TRUE,2020,11581,צור נתן,ZUR NATAN,1,יהודי,306,151,149,71,23,20,128,0,0.210275888696017,1455.23103907726,0,NA
1148,צור נתן,צורנתן,86.68271468213628,1,227,5,temporal_distance > 149,2021,0.755555555555556,Party_turnout,TRUE,2021,11571,צור נתן,ZUR NATAN,1,יהודי,299,145,154,60,25,21,126,0,0.210275888696017,1421.94144014412,0,NA
1148,צור נתן,צורנתן,86.68271468213628,1,227,5,temporal_distance > 149,2022,0.68859649122807,Party_turnout,TRUE,2022,11573,צור נתן,ZUR NATAN,1,יהודי,290,139,151,56,22,24,124,0,0.210275888696017,1379.14052723009,0,NA
1150,צופר,צופר,110.24107357862832,0,NA,NA,no_red_alert,2006,0.659620991253644,Party_turnout,FALSE,2006,11598,צופר,ZOFAR,1,NA,343,NA,NA,NA,NA,NA,NA,NA,24.5094606697506,13.9945959897571,NA,8.54545454545454
1150,צופר,צופר,110.24107357862832,0,NA,NA,no_red_alert,2009,0.758620689655172,Party_turnout,FALSE,2009,11609,צופר,ZOFAR,1,NA,319,NA,NA,NA,NA,NA,NA,NA,24.5094606697506,13.0153822761881,NA,11.3548387096774
1150,צופר,צופר,110.24107357862832,0,NA,NA,no_red_alert,2013,0.772241992882562,Party_turnout,FALSE,2013,11601,צופר,ZOFAR,1,יהודי,380,190,180,80,30,80,180,0,24.5094606697506,15.5042171315093,0,9.15151515151515
1150,צופר,צופר,110.24107357862832,0,NA,NA,no_red_alert,2015,0.794871794871795,Party_turnout,TRUE,2015,11606,צופר,ZOFAR,1,יהודי,390,200,200,90,30,70,200,10,24.5094606697506,15.9122228454964,0.0256410256410256,9.6969696969697
1150,צופר,צופר,110.24107357862832,0,NA,NA,no_red_alert,2019,0.763473053892216,Party_turnout,TRUE,2019,11604,צופר,ZOFAR,1,יהודי,451,234,217,119,24,69,209,0,24.5094606697506,18.4010577008176,0,NA
1150,צופר,צופר,110.24107357862832,0,NA,NA,no_red_alert,2019,0.721407624633431,Party_turnout,TRUE,2019.2,11604,צופר,ZOFAR,1,יהודי,451,234,217,119,24,69,209,0,24.5094606697506,18.4010577008176,0,NA
1150,צופר,צופר,110.24107357862832,0,NA,NA,no_red_alert,2020,0.758522727272727,Party_turnout,TRUE,2020,11605,צופר,ZOFAR,1,יהודי,466,235,228,118,24,60,228,0,24.5094606697506,19.0130662717982,0,NA
1150,צופר,צופר,110.24107357862832,0,NA,NA,no_red_alert,2021,0.6398891966759,Party_turnout,TRUE,2021,11597,צופר,ZOFAR,1,יהודי,463,228,235,120,21,55,222,0,24.5094606697506,18.8906645576021,0,NA
1150,צופר,צופר,110.24107357862832,0,NA,NA,no_red_alert,2022,0.655352480417755,Party_turnout,TRUE,2022,11607,צופר,ZOFAR,1,יהודי,492,243,249,136,20,50,232,0,24.5094606697506,20.0738811281646,0,NA
1151,פארן,פארן,124.9449082621544,0,NA,NA,no_red_alert,2006,0.653148021569074,Party_turnout,FALSE,2006,11625,פארן,PARAN,1,NA,399,NA,NA,NA,NA,NA,NA,NA,9.04839466427121,44.0962198052108,NA,21.6153846153846
1151,פארן,פארן,124.9449082621544,0,NA,NA,no_red_alert,2009,0.683139534883721,Party_turnout,FALSE,2009,11623,פארן,PARAN,1,NA,405,NA,NA,NA,NA,NA,NA,NA,9.04839466427121,44.7593208549132,NA,17
1151,פארן,פארן,124.9449082621544,0,NA,NA,no_red_alert,2013,0.736389684813754,Party_turnout,FALSE,2013,11622,פארן,PARAN,1,יהודי,440,220,210,120,30,60,220,10,9.04839466427121,48.6274103115107,0.0227272727272727,18.7692307692308
1151,פארן,פארן,124.9449082621544,0,NA,NA,no_red_alert,2015,0.746556473829201,Party_turnout,TRUE,2015,11613,פארן,PARAN,1,יהודי,440,220,220,120,30,60,200,20,9.04839466427121,48.6274103115107,0.0454545454545455,10.9230769230769
1151,פארן,פארן,124.9449082621544,0,NA,NA,no_red_alert,2019,0.758241758241758,Party_turnout,TRUE,2019,11612,פארן,PARAN,1,יהודי,501,250,251,131,62,54,194,60,9.04839466427121,55.3689376501519,0.119760479041916,NA
1151,פארן,פארן,124.9449082621544,0,NA,NA,no_red_alert,2019,0.710382513661202,Party_turnout,TRUE,2019.2,11612,פארן,PARAN,1,יהודי,501,250,251,131,62,54,194,60,9.04839466427121,55.3689376501519,0.119760479041916,NA
1151,פארן,פארן,124.9449082621544,0,NA,NA,no_red_alert,2020,0.702702702702703,Party_turnout,TRUE,2020,11616,פארן,PARAN,1,יהודי,509,254,251,133,61,49,200,0,9.04839466427121,56.2530723830885,0,NA
1151,פארן,פארן,124.9449082621544,0,NA,NA,no_red_alert,2021,0.722077922077922,Party_turnout,TRUE,2021,11624,פארן,PARAN,1,יהודי,508,255,253,133,59,53,194,0,9.04839466427121,56.1425555414714,0,NA
1151,פארן,פארן,124.9449082621544,0,NA,NA,no_red_alert,2022,0.670854271356784,Party_turnout,TRUE,2022,11615,פארן,PARAN,1,יהודי,537,273,264,145,64,53,206,0,9.04839466427121,59.3475439483665,0,NA
1155,מגן שאול,מגןשאול,127.82007026312432,1,6,1,temporal_distance == 6,2006,0.842404220933549,Party_turnout,FALSE,2006,11678,מגן שאול,MAGEN SHA'UL,1,NA,268,NA,NA,NA,NA,NA,NA,NA,1.46857816886885,182.489434802386,NA,47
1155,מגן שאול,מגןשאול,127.82007026312432,1,6,1,temporal_distance == 6,2009,0.590405904059041,Party_turnout,FALSE,2009,11682,מגן שאול,MAGEN SHA'UL,1,NA,297,NA,NA,NA,NA,NA,NA,NA,1.46857816886885,202.236425881749,NA,43
1155,מגן שאול,מגןשאול,127.82007026312432,1,6,1,temporal_distance == 6,2013,0.684713375796178,Party_turnout,FALSE,2013,11680,מגן שאול,MAGEN SHA'UL,1,יהודי,510,260,250,170,20,60,240,30,1.46857816886885,347.274670706033,0.0588235294117647,56
1155,מגן שאול,מגןשאול,127.82007026312432,1,6,1,temporal_distance == 6,2015,0.760233918128655,Party_turnout,TRUE,2015,11677,מגן שאול,MAGEN SHA'UL,1,יהודי,610,310,300,210,30,60,270,50,1.46857816886885,415.367743393491,0.0819672131147541,48
1155,מגן שאול,מגןשאול,127.82007026312432,1,6,1,temporal_distance == 6,2019,0.805851063829787,Party_turnout,TRUE,2019,11681,מגן שאול,MAGEN SHA'UL,1,יהודי,676,345,330,257,23,47,265,0,1.46857816886885,460.309171367213,0,NA
1155,מגן שאול,מגןשאול,127.82007026312432,1,6,1,temporal_distance == 6,2019,0.802083333333333,Party_turnout,TRUE,2019.2,11681,מגן שאול,MAGEN SHA'UL,1,יהודי,676,345,330,257,23,47,265,0,1.46857816886885,460.309171367213,0,NA
1155,מגן שאול,מגןשאול,127.82007026312432,1,6,1,temporal_distance == 6,2020,0.816062176165803,Party_turnout,TRUE,2020,11672,מגן שאול,MAGEN SHA'UL,1,יהודי,704,366,336,281,29,41,268,0,1.46857816886885,479.375231719701,0,NA
1155,מגן שאול,מגןשאול,127.82007026312432,1,6,1,temporal_distance == 6,2021,0.72279792746114,Party_turnout,TRUE,2021,11685,מגן שאול,MAGEN SHA'UL,1,יהודי,735,385,350,287,40,47,276,0,1.46857816886885,500.484084252813,0,NA
1155,מגן שאול,מגןשאול,127.82007026312432,1,6,1,temporal_distance == 6,2022,0.796610169491525,Party_turnout,TRUE,2022,11679,מגן שאול,MAGEN SHA'UL,1,יהודי,761,395,366,293,42,51,282,94,1.46857816886885,518.188283151552,0.123521681997372,NA
1167,קיסריה,קיסריה,106.19464519715676,1,149,18,temporal_distance > 149,2006,0.509751344321131,Party_turnout,FALSE,2006,11829,קיסריה,QESARYYA,1,NA,4431,NA,NA,NA,NA,NA,NA,NA,5.96959765332211,742.261079778824,NA,61
1167,קיסריה,קיסריה,106.19464519715676,1,149,18,temporal_distance > 149,2009,0.668047337278107,Party_turnout,FALSE,2009,11825,קיסריה,QESARYYA,1,NA,4177,NA,NA,NA,NA,NA,NA,NA,5.96959765332211,699.712148552504,NA,58.7777777777778
1167,קיסריה,קיסריה,106.19464519715676,1,149,18,temporal_distance > 149,2013,0.660587639311044,Party_turnout,FALSE,2013,11831,קיסריה,QESARYYA,1,יהודי,4630,2320,2320,1000,430,570,2030,600,5.96959765332211,775.59665975535,0.129589632829374,62.875
1167,קיסריה,קיסריה,106.19464519715676,1,149,18,temporal_distance > 149,2015,0.676206244087039,Party_turnout,TRUE,2015,11826,קיסריה,QESARYYA,1,יהודי,4850,2410,2440,970,430,660,2080,720,5.96959765332211,812.450064754524,0.148453608247423,61.5
1167,קיסריה,קיסריה,106.19464519715676,1,149,18,temporal_distance > 149,2019,0.660100586756077,Party_turnout,TRUE,2019,11832,קיסריה,QESARYYA,1,יהודי,5343,2662,2680,1031,480,734,2173,924,5.96959765332211,895.035195048128,0.172936552498596,NA
1167,קיסריה,קיסריה,106.19464519715676,1,149,18,temporal_distance > 149,2019,0.644321443214432,Party_turnout,TRUE,2019.2,11832,קיסריה,QESARYYA,1,יהודי,5343,2662,2680,1031,480,734,2173,924,5.96959765332211,895.035195048128,0.172936552498596,NA
1167,קיסריה,קיסריה,106.19464519715676,1,149,18,temporal_distance > 149,2020,0.647189648200566,Party_turnout,TRUE,2020,11834,קיסריה,QESARYYA,1,יהודי,5561,2791,2770,1100,463,762,2274,962,5.96959765332211,931.553569092765,0.172990469340047,NA
1167,קיסריה,קיסריה,106.19464519715676,1,149,18,temporal_distance > 149,2021,0.641418055017435,Party_turnout,TRUE,2021,11835,קיסריה,QESARYYA,1,יהודי,5783,2916,2867,1133,477,809,2337,1027,5.96959765332211,968.742005046477,0.177589486425731,NA
1167,קיסריה,קיסריה,106.19464519715676,1,149,18,temporal_distance > 149,2022,0.634544787077827,Party_turnout,TRUE,2022,11823,קיסריה,QESARYYA,1,יהודי,5997,3034,2963,1159,518,821,2426,1074,5.96959765332211,1004.59031718204,0.179089544772386,NA
1175,עידן,עידן,101.71805924712578,0,NA,NA,no_red_alert,2006,0.553854346957795,Party_turnout,FALSE,2006,11913,עידן,IDDAN,1,NA,261,NA,NA,NA,NA,NA,NA,NA,25.368193878373,10.2884738760416,NA,8.74285714285714
1175,עידן,עידן,101.71805924712578,0,NA,NA,no_red_alert,2009,0.56015037593985,Party_turnout,FALSE,2009,11915,עידן,IDDAN,1,NA,288,NA,NA,NA,NA,NA,NA,NA,25.368193878373,11.3527987597701,NA,8.54545454545454
1175,עידן,עידן,101.71805924712578,0,NA,NA,no_red_alert,2013,0.620833333333333,Party_turnout,FALSE,2013,11903,עידן,IDDAN,1,יהודי,350,170,180,130,20,40,150,0,25.368193878373,13.7968040483317,0,8.85714285714286
1175,עידן,עידן,101.71805924712578,0,NA,NA,no_red_alert,2015,0.667953667953668,Party_turnout,TRUE,2015,11911,עידן,IDDAN,1,יהודי,360,170,190,130,30,50,150,0,25.368193878373,14.1909984497126,0,7.94285714285714
1175,עידן,עידן,101.71805924712578,0,NA,NA,no_red_alert,2019,0.638513513513513,Party_turnout,TRUE,2019,11902,עידן,IDDAN,1,יהודי,392,191,200,130,43,36,176,0,25.368193878373,15.4524205341315,0,NA
1175,עידן,עידן,101.71805924712578,0,NA,NA,no_red_alert,2019,0.608108108108108,Party_turnout,TRUE,2019.2,11902,עידן,IDDAN,1,יהודי,392,191,200,130,43,36,176,0,25.368193878373,15.4524205341315,0,NA
1175,עידן,עידן,101.71805924712578,0,NA,NA,no_red_alert,2020,0.580536912751678,Party_turnout,TRUE,2020,11912,עידן,IDDAN,1,יהודי,393,197,195,124,39,44,170,0,25.368193878373,15.4918399742696,0,NA
1175,עידן,עידן,101.71805924712578,0,NA,NA,no_red_alert,2021,0.561290322580645,Party_turnout,TRUE,2021,11901,עידן,IDDAN,1,יהודי,407,198,210,124,47,46,173,0,25.368193878373,16.0437121362028,0,NA
1175,עידן,עידן,101.71805924712578,0,NA,NA,no_red_alert,2022,0.585294117647059,Party_turnout,TRUE,2022,11906,עידן,IDDAN,1,יהודי,432,208,225,136,46,42,188,0,25.368193878373,17.0291981396551,0,NA
1176,ספיר,ספיר,106.4520019792378,0,NA,NA,no_red_alert,2006,0.477453580901857,Party_turnout,FALSE,2006,11927,ספיר,SAPPIR,1,NA,377,NA,NA,NA,NA,NA,NA,NA,8.59527566628654,43.8613041206713,NA,21.3076923076923
1176,ספיר,ספיר,106.4520019792378,0,NA,NA,no_red_alert,2009,0.612099644128114,Party_turnout,FALSE,2009,11919,ספיר,SAPPIR,1,NA,351,NA,NA,NA,NA,NA,NA,NA,8.59527566628654,40.8363865951078,NA,25.7
1176,ספיר,ספיר,106.4520019792378,0,NA,NA,no_red_alert,2013,0.609929078014184,Party_turnout,FALSE,2013,11928,ספיר,SAPPIR,1,יהודי,360,170,180,120,30,40,160,20,8.59527566628654,41.8834734308798,0.0555555555555556,26.4615384615385
1176,ספיר,ספיר,106.4520019792378,0,NA,NA,no_red_alert,2015,0.698581560283688,Party_turnout,TRUE,2015,11921,ספיר,SAPPIR,1,יהודי,370,190,190,120,30,50,150,30,8.59527566628654,43.0469032484042,0.0810810810810811,23.5384615384615
1176,ספיר,ספיר,106.4520019792378,0,NA,NA,no_red_alert,2019,0.633116883116883,Party_turnout,TRUE,2019,11929,ספיר,SAPPIR,1,יהודי,447,216,230,148,41,45,182,0,8.59527566628654,52.0053128433424,0,NA
1176,ספיר,ספיר,106.4520019792378,0,NA,NA,no_red_alert,2019,0.638629283489097,Party_turnout,TRUE,2019.2,11929,ספיר,SAPPIR,1,יהודי,447,216,230,148,41,45,182,0,8.59527566628654,52.0053128433424,0,NA
1176,ספיר,ספיר,106.4520019792378,0,NA,NA,no_red_alert,2020,0.593373493975904,Party_turnout,TRUE,2020,11924,ספיר,SAPPIR,1,יהודי,485,245,232,165,44,49,197,0,8.59527566628654,56.4263461499353,0,NA
1176,ספיר,ספיר,106.4520019792378,0,NA,NA,no_red_alert,2021,0.567335243553009,Party_turnout,TRUE,2021,11916,ספיר,SAPPIR,1,יהודי,503,258,245,168,39,59,210,0,8.59527566628654,58.5205198214793,0,NA
1176,ספיר,ספיר,106.4520019792378,0,NA,NA,no_red_alert,2022,0.577777777777778,Party_turnout,TRUE,2022,11920,ספיר,SAPPIR,1,יהודי,498,247,251,166,33,63,205,0,8.59527566628654,57.938804912717,0,NA
1182,אלון הגליל,אלוןהגליל,145.83999974033102,0,NA,NA,no_red_alert,2006,0.588512241054614,Party_turnout,FALSE,2006,12007,אלון הגליל,ALLON HAGALIL,1,NA,944,NA,NA,NA,NA,NA,NA,NA,0.469181629631772,2012.01398430898,NA,54
1182,אלון הגליל,אלוןהגליל,145.83999974033102,0,NA,NA,no_red_alert,2009,0.742105263157895,Party_turnout,FALSE,2009,12014,אלון הגליל,ALLON HAGALIL,1,NA,914,NA,NA,NA,NA,NA,NA,NA,0.469181629631772,1948.07286192628,NA,54.5
1182,אלון הגליל,אלוןהגליל,145.83999974033102,0,NA,NA,no_red_alert,2013,0.769578313253012,Party_turnout,FALSE,2013,12011,אלון הגליל,ALLON HAGALIL,1,יהודי,930,480,450,220,100,180,410,20,0.469181629631772,1982.17479386372,0.021505376344086,62
1182,אלון הגליל,אלוןהגליל,145.83999974033102,0,NA,NA,no_red_alert,2015,0.787749287749288,Party_turnout,TRUE,2015,12018,אלון הגליל,ALLON HAGALIL,1,יהודי,1000,520,490,240,110,190,440,20,0.469181629631772,2131.37074609002,0.02,58
1182,אלון הגליל,אלוןהגליל,145.83999974033102,0,NA,NA,no_red_alert,2019,0.805555555555556,Party_turnout,TRUE,2019,12019,אלון הגליל,ALLON HAGALIL,1,יהודי,1118,569,549,279,109,180,502,0,0.469181629631772,2382.87249412864,0,NA
1182,אלון הגליל,אלוןהגליל,145.83999974033102,0,NA,NA,no_red_alert,2019,0.774154589371981,Party_turnout,TRUE,2019.2,12019,אלון הגליל,ALLON HAGALIL,1,יהודי,1118,569,549,279,109,180,502,0,0.469181629631772,2382.87249412864,0,NA
1182,אלון הגליל,אלוןהגליל,145.83999974033102,0,NA,NA,no_red_alert,2020,0.741545893719807,Party_turnout,TRUE,2020,12020,אלון הגליל,ALLON HAGALIL,1,יהודי,1147,587,546,290,112,176,504,0,0.469181629631772,2444.68224576525,0,NA
1182,אלון הגליל,אלוןהגליל,145.83999974033102,0,NA,NA,no_red_alert,2021,0.769411764705882,Party_turnout,TRUE,2021,12010,אלון הגליל,ALLON HAGALIL,1,יהודי,1131,582,549,282,102,173,497,0,0.469181629631772,2410.58031382781,0,NA
1182,אלון הגליל,אלוןהגליל,145.83999974033102,0,NA,NA,no_red_alert,2022,0.707514450867052,Party_turnout,TRUE,2022,12009,אלון הגליל,ALLON HAGALIL,1,יהודי,1135,578,557,278,104,155,502,0,0.469181629631772,2419.10579681217,0,NA
1186,הושעיה,הושעיה,149.2058779160983,1,6,1,temporal_distance == 6,2006,0.68525152783213406,Party_turnout,FALSE,2006,12066,הושעיה,HOSHA'AYA,1,NA,1475,NA,NA,NA,NA,NA,NA,NA,0.693877592789261,2125.73516615628,NA,54
1186,הושעיה,הושעיה,149.2058779160983,1,6,1,temporal_distance == 6,2009,0.794341675734494,Party_turnout,FALSE,2009,12076,הושעיה,HOSHA'AYA,1,NA,1640,NA,NA,NA,NA,NA,NA,NA,0.693877592789261,2363.52926948902,NA,54
1186,הושעיה,הושעיה,149.2058779160983,1,6,1,temporal_distance == 6,2013,0.820603907637655,Party_turnout,FALSE,2013,12079,הושעיה,HOSHA'AYA,1,יהודי,1900,940,950,720,190,270,690,40,0.693877592789261,2738.23512928606,0.0210526315789474,58
1186,הושעיה,הושעיה,149.2058779160983,1,6,1,temporal_distance == 6,2015,0.778333333333333,Party_turnout,TRUE,2015,12077,הושעיה,HOSHA'AYA,1,יהודי,1930,980,950,670,220,280,710,50,0.693877592789261,2781.4704208011,0.0259067357512953,52
1186,הושעיה,הושעיה,149.2058779160983,1,6,1,temporal_distance == 6,2019,0.811194029850746,Party_turnout,TRUE,2019,12070,הושעיה,HOSHA'AYA,1,יהודי,2051,1021,1031,675,206,335,740,0,0.693877592789261,2955.85276324511,0,NA
1186,הושעיה,הושעיה,149.2058779160983,1,6,1,temporal_distance == 6,2019,0.786084381939304,Party_turnout,TRUE,2019.2,12070,הושעיה,HOSHA'AYA,1,יהודי,2051,1021,1031,675,206,335,740,0,0.693877592789261,2955.85276324511,0,NA
1186,הושעיה,הושעיה,149.2058779160983,1,6,1,temporal_distance == 6,2020,0.758369723435226,Party_turnout,TRUE,2020,12067,הושעיה,HOSHA'AYA,1,יהודי,2095,1045,1043,660,198,364,756,117,0.693877592789261,3019.26452413384,0.0558472553699284,NA
1186,הושעיה,הושעיה,149.2058779160983,1,6,1,temporal_distance == 6,2021,0.75561797752809,Party_turnout,TRUE,2021,12080,הושעיה,HOSHA'AYA,1,יהודי,2092,1037,1054,645,194,361,751,138,0.693877592789261,3014.94099498233,0.0659655831739962,NA
1186,הושעיה,הושעיה,149.2058779160983,1,6,1,temporal_distance == 6,2022,0.722567287784679,Party_turnout,TRUE,2022,12078,הושעיה,HOSHA'AYA,1,יהודי,2057,1024,1032,606,193,360,749,148,0.693877592789261,2964.49982154812,0.0719494409333982,NA
1197,נאות סמדר,נאותסמדר,148.96908352382994,0,NA,NA,no_red_alert,2006,0.712408505462523,Party_turnout,FALSE,2006,12185,נאות סמדר,NE'OT SMADAR,1,NA,149,NA,NA,NA,NA,NA,NA,NA,0.310050719893206,480.566534569963,NA,11
1197,נאות סמדר,נאותסמדר,148.96908352382994,0,NA,NA,no_red_alert,2009,0.567857142857143,Party_turnout,FALSE,2009,12189,נאות סמדר,NE'OT SMADAR,1,NA,184,NA,NA,NA,NA,NA,NA,NA,0.310050719893206,593.451291012571,NA,11.75
1197,נאות סמדר,נאותסמדר,148.96908352382994,0,NA,NA,no_red_alert,2013,0.618122977346278,Party_turnout,FALSE,2013,12197,נאות סמדר,NE'OT SMADAR,1,יהודי,200,90,110,40,20,40,100,10,0.310050719893206,645.055751100621,0.05,12
1197,נאות סמדר,נאותסמדר,148.96908352382994,0,NA,NA,no_red_alert,2015,0.603603603603604,Party_turnout,TRUE,2015,12191,נאות סמדר,NE'OT SMADAR,1,יהודי,210,100,110,40,20,50,100,10,0.310050719893206,677.308538655652,0.0476190476190476,8
1197,נאות סמדר,נאותסמדר,148.96908352382994,0,NA,NA,no_red_alert,2019,0.58984375,Party_turnout,TRUE,2019,12187,נאות סמדר,NE'OT SMADAR,1,יהודי,227,112,115,49,9,35,0,0,0.310050719893206,732.138277499205,0,NA
1197,נאות סמדר,נאותסמדר,148.96908352382994,0,NA,NA,no_red_alert,2019,0.609195402298851,Party_turnout,TRUE,2019.2,12187,נאות סמדר,NE'OT SMADAR,1,יהודי,227,112,115,49,9,35,0,0,0.310050719893206,732.138277499205,0,NA
1197,נאות סמדר,נאותסמדר,148.96908352382994,0,NA,NA,no_red_alert,2020,0.576923076923077,Party_turnout,TRUE,2020,12194,נאות סמדר,NE'OT SMADAR,1,יהודי,227,114,108,52,8,31,0,0,0.310050719893206,732.138277499205,0,NA
1197,נאות סמדר,נאותסמדר,148.96908352382994,0,NA,NA,no_red_alert,2021,0.610687022900763,Party_turnout,TRUE,2021,12195,נאות סמדר,NE'OT SMADAR,1,יהודי,227,114,113,45,11,33,114,0,0.310050719893206,732.138277499205,0,NA
1197,נאות סמדר,נאותסמדר,148.96908352382994,0,NA,NA,no_red_alert,2022,0.578358208955224,Party_turnout,TRUE,2022,12190,נאות סמדר,NE'OT SMADAR,1,יהודי,233,117,116,50,10,31,118,0,0.310050719893206,751.489950032224,0,NA
1199,עדי,עדי,146.37806043813933,0,NA,NA,no_red_alert,2006,0.628127906461757,Party_turnout,FALSE,2006,12229,עדי,ADI,1,NA,1742,NA,NA,NA,NA,NA,NA,NA,0.899062772090924,1937.57327527719,NA,50
1199,עדי,עדי,146.37806043813933,0,NA,NA,no_red_alert,2009,0.787028921998247,Party_turnout,FALSE,2009,12222,עדי,ADI,1,NA,1657,NA,NA,NA,NA,NA,NA,NA,0.899062772090924,1843.03037722979,NA,54
1199,עדי,עדי,146.37806043813933,0,NA,NA,no_red_alert,2013,0.745440126883426,Party_turnout,FALSE,2013,12223,עדי,ADI,1,יהודי,1730,880,850,400,180,300,740,120,0.899062772090924,1924.22604261167,0.069364161849711,58
1199,עדי,עדי,146.37806043813933,0,NA,NA,no_red_alert,2015,0.802670623145401,Party_turnout,TRUE,2015,12221,עדי,ADI,1,יהודי,1860,940,920,450,180,290,800,150,0.899062772090924,2068.82106315475,0.0806451612903226,60
1199,עדי,עדי,146.37806043813933,0,NA,NA,no_red_alert,2019,0.77079107505071,Party_turnout,TRUE,2019,12219,עדי,ADI,1,יהודי,1910,989,921,437,168,299,807,199,0.899062772090924,2124.43453259439,0.104188481675393,NA
1199,עדי,עדי,146.37806043813933,0,NA,NA,no_red_alert,2019,0.757046979865772,Party_turnout,TRUE,2019.2,12219,עדי,ADI,1,יהודי,1910,989,921,437,168,299,807,199,0.899062772090924,2124.43453259439,0.104188481675393,NA
1199,עדי,עדי,146.37806043813933,0,NA,NA,no_red_alert,2020,0.744466800804829,Party_turnout,TRUE,2020,12215,עדי,ADI,1,יהודי,1858,963,891,413,159,290,789,207,0.899062772090924,2066.59652437716,0.111410118406889,NA
1199,עדי,עדי,146.37806043813933,0,NA,NA,no_red_alert,2021,0.764189189189189,Party_turnout,TRUE,2021,12217,עדי,ADI,1,יהודי,1867,964,903,410,151,283,808,214,0.899062772090924,2076.6069488763,0.114622388859132,NA
1199,עדי,עדי,146.37806043813933,0,NA,NA,no_red_alert,2022,0.735059760956175,Party_turnout,TRUE,2022,12220,עדי,ADI,1,יהודי,1892,971,921,418,153,285,809,228,0.899062772090924,2104.41368359612,0.120507399577167,NA
1224,כוכב יאיר,כוכביאיר,82.4526126720678,1,227,10,temporal_distance > 149,2006,0.557873869597133,Party_turnout,FALSE,2006,12533,כוכב יאיר,KOKHAV YA'IR,1,NA,11749,NA,NA,NA,NA,NA,NA,NA,3.04666359600624,3856.34961976154,NA,59.75
1224,כוכב יאיר,כוכביאיר,82.4526126720678,1,227,10,temporal_distance > 149,2009,0.750564784053156,Party_turnout,FALSE,2009,12534,כוכב יאיר,KOKHAV YA'IR,1,NA,9390,NA,NA,NA,NA,NA,NA,NA,3.04666359600624,3082.05999911149,NA,58.5
1224,כוכב יאיר,כוכביאיר,82.4526126720678,1,227,10,temporal_distance > 149,2013,0.781820552947314,Party_turnout,FALSE,2013,12543,כוכב יאיר,KOKHAV YA'IR,1,יהודי,9200,4630,4590,1950,1000,1490,4090,660,3.04666359600624,3019.69669774501,0.0717391304347826,62.5
1224,כוכב יאיר,כוכביאיר,82.4526126720678,1,227,10,temporal_distance > 149,2015,0.78343621399177,Party_turnout,TRUE,2015,12539,כוכב יאיר,KOKHAV YA'IR,1,יהודי,9050,4550,4520,1860,930,1490,3930,840,3.04666359600624,2970.46251245569,0.0928176795580111,60.75
1224,כוכב יאיר,כוכביאיר,82.4526126720678,1,227,10,temporal_distance > 149,2019,0.776157915107728,Party_turnout,TRUE,2019,12544,כוכב יאיר,KOKHAV YA'IR,1,יהודי,8703,4360,4341,1720,734,1406,3717,1124,3.04666359600624,2856.5674304864,0.129150867516948,NA
1224,כוכב יאיר,כוכביאיר,82.4526126720678,1,227,10,temporal_distance > 149,2019,0.752875791650511,Party_turnout,TRUE,2019.2,12544,כוכב יאיר,KOKHAV YA'IR,1,יהודי,8703,4360,4341,1720,734,1406,3717,1124,3.04666359600624,2856.5674304864,0.129150867516948,NA
1224,כוכב יאיר,כוכביאיר,82.4526126720678,1,227,10,temporal_distance > 149,2020,0.749707906010645,Party_turnout,TRUE,2020,12537,כוכב יאיר,KOKHAV YA'IR,1,יהודי,8736,4401,4323,1775,712,1355,3708,1186,3.04666359600624,2867.39895125005,0.135760073260073,NA
1224,כוכב יאיר,כוכביאיר,82.4526126720678,1,227,10,temporal_distance > 149,2021,0.753033823909114,Party_turnout,TRUE,2021,12541,כוכב יאיר,KOKHAV YA'IR,1,יהודי,8948,4511,4438,1900,721,1279,3782,1268,3.04666359600624,2936.98326645896,0.141707644166294,NA
1224,כוכב יאיר,כוכביאיר,82.4526126720678,1,227,10,temporal_distance > 149,2022,0.729850555626517,Party_turnout,TRUE,2022,12540,כוכב יאיר,KOKHAV YA'IR,1,יהודי,8976,4529,4447,1911,697,1242,3781,1346,3.04666359600624,2946.17364771296,0.149955436720143,NA
1236,נירית,נירית,76.60215171328122,1,227,3,temporal_distance > 149,2006,0.641203185238488,Party_turnout,FALSE,2006,12704,נירית,NIRIT,1,NA,1115,NA,NA,NA,NA,NA,NA,NA,0.331434882568972,3364.16007680775,NA,59.75
1236,נירית,נירית,76.60215171328122,1,227,3,temporal_distance > 149,2009,0.797738693467337,Party_turnout,FALSE,2009,12706,נירית,NIRIT,1,NA,1081,NA,NA,NA,NA,NA,NA,NA,0.331434882568972,3261.57582334455,NA,58.5
1236,נירית,נירית,76.60215171328122,1,227,3,temporal_distance > 149,2013,0.829968119022317,Party_turnout,FALSE,2013,12710,נירית,NIRIT,1,יהודי,1210,600,620,290,110,200,580,20,0.331434882568972,3650.79254971962,0.0165289256198347,63
1236,נירית,נירית,76.60215171328122,1,227,3,temporal_distance > 149,2015,0.816455696202532,Party_turnout,TRUE,2015,12703,נירית,NIRIT,1,יהודי,1170,580,590,270,110,190,560,50,0.331434882568972,3530.1051927041,0.0427350427350427,60.25
1236,נירית,נירית,76.60215171328122,1,227,3,temporal_distance > 149,2019,0.798765432098765,Party_turnout,TRUE,2019,12708,נירית,NIRIT,1,יהודי,926,469,457,140,90,151,429,0,0.331434882568972,2793.9123149094,0,NA
1236,נירית,נירית,76.60215171328122,1,227,3,temporal_distance > 149,2019,0.744324970131422,Party_turnout,TRUE,2019.2,12708,נירית,NIRIT,1,יהודי,926,469,457,140,90,151,429,0,0.331434882568972,2793.9123149094,0,NA
1236,נירית,נירית,76.60215171328122,1,227,3,temporal_distance > 149,2020,0.771531100478469,Party_turnout,TRUE,2020,12707,נירית,NIRIT,1,יהודי,938,471,461,146,83,151,422,0,0.331434882568972,2830.11852201405,0,NA
1236,נירית,נירית,76.60215171328122,1,227,3,temporal_distance > 149,2021,0.770857814336075,Party_turnout,TRUE,2021,12700,נירית,NIRIT,1,יהודי,952,487,466,149,77,151,422,0,0.331434882568972,2872.35909696949,0,NA
1236,נירית,נירית,76.60215171328122,1,227,3,temporal_distance > 149,2022,0.727891156462585,Party_turnout,TRUE,2022,12701,נירית,NIRIT,1,יהודי,962,490,472,148,82,143,421,0,0.331434882568972,2902.53093622337,0,NA
1244,תמרת,תמרת,140.752941995203,1,6,1,temporal_distance == 6,2006,0.558258811461429,Party_turnout,FALSE,2006,12821,תמרת,TIMRAT,1,NA,1707,NA,NA,NA,NA,NA,NA,NA,0.596228701676364,2862.99534926879,NA,59.1666666666667
1244,תמרת,תמרת,140.752941995203,1,6,1,temporal_distance == 6,2009,0.743775100401606,Party_turnout,FALSE,2009,12823,תמרת,TIMRAT,1,NA,1370,NA,NA,NA,NA,NA,NA,NA,0.596228701676364,2297.77599794859,NA,58
1244,תמרת,תמרת,140.752941995203,1,6,1,temporal_distance == 6,2013,0.777227722772277,Party_turnout,FALSE,2013,12819,תמרת,TIMRAT,1,יהודי,1330,660,660,220,110,230,630,140,0.596228701676364,2230.68764764352,0.105263157894737,62.8333333333333
1244,תמרת,תמרת,140.752941995203,1,6,1,temporal_distance == 6,2015,0.8003314001657,Party_turnout,TRUE,2015,12825,תמרת,TIMRAT,1,יהודי,1330,670,660,230,100,200,610,190,0.596228701676364,2230.68764764352,0.142857142857143,58.5
1244,תמרת,תמרת,140.752941995203,1,6,1,temporal_distance == 6,2019,0.800167926112511,Party_turnout,TRUE,2019,12820,תמרת,TIMRAT,1,יהודי,1292,633,659,267,61,172,513,280,0.596228701676364,2166.95371485371,0.21671826625387,NA
1244,תמרת,תמרת,140.752941995203,1,6,1,temporal_distance == 6,2019,0.760135135135135,Party_turnout,TRUE,2019.2,12820,תמרת,TIMRAT,1,יהודי,1292,633,659,267,61,172,513,280,0.596228701676364,2166.95371485371,0.21671826625387,NA
1244,תמרת,תמרת,140.752941995203,1,6,1,temporal_distance == 6,2020,0.768041237113402,Party_turnout,TRUE,2020,12817,תמרת,TIMRAT,1,יהודי,1275,625,651,264,65,161,495,290,0.596228701676364,2138.44116597405,0.227450980392157,NA
1244,תמרת,תמרת,140.752941995203,1,6,1,temporal_distance == 6,2021,0.780550774526678,Party_turnout,TRUE,2021,12822,תמרת,TIMRAT,1,יהודי,1256,616,640,261,65,136,486,310,0.596228701676364,2106.57419957914,0.246815286624204,NA
1244,תמרת,תמרת,140.752941995203,1,6,1,temporal_distance == 6,2022,0.734536082474227,Party_turnout,TRUE,2022,12814,תמרת,TIMRAT,1,יהודי,1291,632,658,288,55,127,492,326,0.596228701676364,2165.27650609608,0.252517428350116,NA
1247,חריש,חריש,108.38883700187654,0,NA,NA,no_red_alert,2006,NA,Party_turnout,FALSE,2006,12863,קציר-חריש,QAZIR-HARISH,1,NA,3873,NA,NA,NA,NA,NA,NA,NA,9.53428316116843,406.21826880222,NA,48.8333333333333
1247,חריש,חריש,108.38883700187654,0,NA,NA,no_red_alert,2009,0.679447168970129,Party_turnout,FALSE,2009,12866,קציר-חריש,QAZIR-HARISH,1,NA,3417,NA,NA,NA,NA,NA,NA,NA,9.53428316116843,358.390866123725,NA,53.6666666666667
1247,חריש,חריש,108.38883700187654,0,NA,NA,no_red_alert,2013,0.697231833910035,Party_turnout,FALSE,2013,12867,חריש,HARISH,1,יהודי,1000,490,510,430,40,120,370,40,9.53428316116843,104.8846549967,0.04,53.1666666666667
1247,חריש,חריש,108.38883700187654,0,NA,NA,no_red_alert,2015,0.687086092715232,Party_turnout,TRUE,2015,12871,חריש,HARISH,1,יהודי,970,490,480,430,40,80,370,50,9.53428316116843,101.738115346799,0.0515463917525773,55.8333333333333
1247,חריש,חריש,108.38883700187654,0,NA,NA,no_red_alert,2019,0.746807573756055,Party_turnout,TRUE,2019,12860,חריש,HARISH,1,יהודי,13232,6513,6719,6066,373,1395,4982,415,9.53428316116843,1387.83375491634,0.031363361547763,NA
1247,חריש,חריש,108.38883700187654,0,NA,NA,no_red_alert,2019,0.746564619933902,Party_turnout,TRUE,2019.2,12860,חריש,HARISH,1,יהודי,13232,6513,6719,6066,373,1395,4982,415,9.53428316116843,1387.83375491634,0.031363361547763,NA
1247,חריש,חריש,108.38883700187654,0,NA,NA,no_red_alert,2020,0.725840483893656,Party_turnout,TRUE,2020,12864,חריש,HARISH,1,יהודי,19567,9697,9871,8781,587,2081,7457,661,9.53428316116843,2052.27804432043,0.0337813665865999,NA
1247,חריש,חריש,108.38883700187654,0,NA,NA,no_red_alert,2021,0.67895798935975,Party_turnout,TRUE,2021,12859,חריש,HARISH,1,יהודי,27006,13393,13613,11945,863,3009,10178,1009,9.53428316116843,2832.51499284089,0.0373620676886618,NA
1247,חריש,חריש,108.38883700187654,0,NA,NA,no_red_alert,2022,0.713996178122647,Party_turnout,TRUE,2022,12870,חריש,HARISH,1,יהודי,33380,16543,16837,14507,1206,3548,12676,1442,9.53428316116843,3501.04978378986,0.0431995206710605,NA
1249,הרדוף,הרדוף,144.30892832540587,0,NA,NA,no_red_alert,2006,1,Party_turnout,FALSE,2006,12891,הרדוף,HARDUF,1,NA,431,NA,NA,NA,NA,NA,NA,NA,1.03852221168029,415.01278947386,NA,53
1249,הרדוף,הרדוף,144.30892832540587,0,NA,NA,no_red_alert,2009,0.748148148148148,Party_turnout,FALSE,2009,12888,הרדוף,HARDUF,1,NA,1006,NA,NA,NA,NA,NA,NA,NA,1.03852221168029,968.684144340379,NA,51
1249,הרדוף,הרדוף,144.30892832540587,0,NA,NA,no_red_alert,2013,0.810725552050473,Party_turnout,FALSE,2013,12894,הרדוף,HARDUF,1,יהודי,1040,500,540,320,120,140,460,10,1.03852221168029,1001.42297228031,0.00961538461538462,59
1249,הרדוף,הרדוף,144.30892832540587,0,NA,NA,no_red_alert,2015,0.811111111111111,Party_turnout,TRUE,2015,12896,הרדוף,HARDUF,1,יהודי,1030,510,520,320,120,120,470,10,1.03852221168029,991.793905239156,0.00970873786407767,54
1249,הרדוף,הרדוף,144.30892832540587,0,NA,NA,no_red_alert,2019,0.83046683046683,Party_turnout,TRUE,2019,12890,הרדוף,HARDUF,1,יהודי,1095,537,558,297,137,149,489,0,1.03852221168029,1054.38284100668,0,NA
1249,הרדוף,הרדוף,144.30892832540587,0,NA,NA,no_red_alert,2019,0.781553398058252,Party_turnout,TRUE,2019.2,12890,הרדוף,HARDUF,1,יהודי,1095,537,558,297,137,149,489,0,1.03852221168029,1054.38284100668,0,NA
1249,הרדוף,הרדוף,144.30892832540587,0,NA,NA,no_red_alert,2020,0.775308641975309,Party_turnout,TRUE,2020,12900,הרדוף,HARDUF,1,יהודי,1106,535,563,298,131,160,488,0,1.03852221168029,1064.97481475195,0,NA
1249,הרדוף,הרדוף,144.30892832540587,0,NA,NA,no_red_alert,2021,0.768321513002364,Party_turnout,TRUE,2021,12899,הרדוף,HARDUF,1,יהודי,1117,553,564,282,145,159,489,0,1.03852221168029,1075.56678849722,0,NA
1249,הרדוף,הרדוף,144.30892832540587,0,NA,NA,no_red_alert,2022,0.686666666666667,Party_turnout,TRUE,2022,12897,הרדוף,HARDUF,1,יהודי,1131,564,566,292,134,159,494,0,1.03852221168029,1089.04748235484,0,NA
1251,עין תמר,עיןתמר,99.57160753228358,0,NA,NA,no_red_alert,2006,NA,Party_turnout,FALSE,2006,12907,עין תמר,EN TAMAR,1,NA,163,NA,NA,NA,NA,NA,NA,NA,0.248143392029295,656.878261665564,NA,16
1251,עין תמר,עיןתמר,99.57160753228358,0,NA,NA,no_red_alert,2009,0.678260869565217,Party_turnout,FALSE,2009,12903,עין תמר,EN TAMAR,1,NA,174,NA,NA,NA,NA,NA,NA,NA,0.248143392029295,701.207469508026,NA,22
1251,עין תמר,עיןתמר,99.57160753228358,0,NA,NA,no_red_alert,2013,0.774193548387097,Party_turnout,FALSE,2013,12908,עין תמר,EN TAMAR,1,יהודי,180,90,90,40,10,30,90,0,0.248143392029295,725.387037422096,0,23
1251,עין תמר,עיןתמר,99.57160753228358,0,NA,NA,no_red_alert,2015,0.75,Party_turnout,TRUE,2015,12917,עין תמר,EN TAMAR,1,יהודי,190,100,90,50,10,30,90,0,0.248143392029295,765.686317278879,0,13
1251,עין תמר,עיןתמר,99.57160753228358,0,NA,NA,no_red_alert,2019,0.657342657342657,Party_turnout,TRUE,2019,12910,עין תמר,EN TAMAR,1,יהודי,195,105,89,55,8,27,96,0,0.248143392029295,785.83595720727,0,NA
1251,עין תמר,עיןתמר,99.57160753228358,0,NA,NA,no_red_alert,2019,0.548611111111111,Party_turnout,TRUE,2019.2,12910,עין תמר,EN TAMAR,1,יהודי,195,105,89,55,8,27,96,0,0.248143392029295,785.83595720727,0,NA
1251,עין תמר,עיןתמר,99.57160753228358,0,NA,NA,no_red_alert,2020,0.646258503401361,Party_turnout,TRUE,2020,12906,עין תמר,EN TAMAR,1,יהודי,197,103,84,55,9,24,96,0,0.248143392029295,793.895813178627,0,NA
1251,עין תמר,עיןתמר,99.57160753228358,0,NA,NA,no_red_alert,2021,0.648648648648649,Party_turnout,TRUE,2021,12904,עין תמר,EN TAMAR,1,יהודי,197,101,97,51,12,22,95,0,0.248143392029295,793.895813178627,0,NA
1251,עין תמר,עיןתמר,99.57160753228358,0,NA,NA,no_red_alert,2022,0.620253164556962,Party_turnout,TRUE,2022,12911,עין תמר,EN TAMAR,1,יהודי,202,103,99,49,16,18,95,0,0.248143392029295,814.045453107018,0,NA
1257,חנתון,חנתון,149.13475920632186,0,NA,NA,no_red_alert,2006,NA,Party_turnout,FALSE,2006,13005,חנתון,HANNATON,1,NA,114,NA,NA,NA,NA,NA,NA,NA,1.0193823388824,111.832426020823,NA,50
1257,חנתון,חנתון,149.13475920632186,0,NA,NA,no_red_alert,2009,0.676923076923077,Party_turnout,FALSE,2009,12997,חנתון,HANNATON,1,NA,448,NA,NA,NA,NA,NA,NA,NA,1.0193823388824,439.481814537971,NA,56
1257,חנתון,חנתון,149.13475920632186,0,NA,NA,no_red_alert,2013,0.775910364145658,Party_turnout,FALSE,2013,13006,חנתון,HANNATON,1,יהודי,720,360,360,310,30,50,320,20,1.0193823388824,706.310059078883,0.0277777777777778,61
1257,חנתון,חנתון,149.13475920632186,0,NA,NA,no_red_alert,2015,0.787735849056604,Party_turnout,TRUE,2015,12999,חנתון,HANNATON,1,יהודי,790,390,400,330,40,40,350,30,1.0193823388824,774.979092600441,0.0379746835443038,57
1257,חנתון,חנתון,149.13475920632186,0,NA,NA,no_red_alert,2019,0.755769230769231,Party_turnout,TRUE,2019,12993,חנתון,HANNATON,1,יהודי,983,500,483,402,103,64,376,0,1.0193823388824,964.309427881308,0,NA
1257,חנתון,חנתון,149.13475920632186,0,NA,NA,no_red_alert,2019,0.758034026465028,Party_turnout,TRUE,2019.2,12993,חנתון,HANNATON,1,יהודי,983,500,483,402,103,64,376,0,1.0193823388824,964.309427881308,0,NA
1257,חנתון,חנתון,149.13475920632186,0,NA,NA,no_red_alert,2020,0.755639097744361,Party_turnout,TRUE,2020,12998,חנתון,HANNATON,1,יהודי,992,504,483,387,130,61,377,0,1.0193823388824,973.138303619794,0,NA
1257,חנתון,חנתון,149.13475920632186,0,NA,NA,no_red_alert,2021,0.747680890538033,Party_turnout,TRUE,2021,13004,חנתון,HANNATON,1,יהודי,1007,512,495,382,122,88,375,0,1.0193823388824,987.853096517271,0,NA
1257,חנתון,חנתון,149.13475920632186,0,NA,NA,no_red_alert,2022,0.740143369175627,Party_turnout,TRUE,2022,13001,חנתון,HANNATON,1,יהודי,1008,516,492,366,142,81,375,0,1.0193823388824,988.834082710436,0,NA
1262,צוקים,צוקים,115.92801298218691,0,NA,NA,no_red_alert,2006,NA,Party_turnout,FALSE,2006,13078,צוקים,ZUQIM,NA,NA,NA,NA,NA,NA,NA,NA,NA,NA,2.54823089273188,NA,NA,6.5
1262,צוקים,צוקים,115.92801298218691,0,NA,NA,no_red_alert,2009,NA,Party_turnout,FALSE,2009,13079,צוקים,ZUQIM,1,NA,108,NA,NA,NA,NA,NA,NA,NA,2.54823089273188,42.3823446721567,NA,9.66666666666667
1262,צוקים,צוקים,115.92801298218691,0,NA,NA,no_red_alert,2013,0.869158878504673,Party_turnout,FALSE,2013,13075,צוקים,ZUQIM,1,יהודי,220,110,110,100,10,10,100,0,2.54823089273188,86.3344058136525,0,11
1262,צוקים,צוקים,115.92801298218691,0,NA,NA,no_red_alert,2015,0.792592592592593,Party_turnout,TRUE,2015,13074,צוקים,ZUQIM,1,יהודי,290,140,150,120,10,20,130,10,2.54823089273188,113.804444027087,0.0344827586206897,9.25
1262,צוקים,צוקים,115.92801298218691,0,NA,NA,no_red_alert,2019,0.76536312849162,Party_turnout,TRUE,2019,13076,צוקים,ZUQIM,1,יהודי,344,164,180,135,24,17,160,0,2.54823089273188,134.995616363166,0,NA
1262,צוקים,צוקים,115.92801298218691,0,NA,NA,no_red_alert,2019,0.730337078651685,Party_turnout,TRUE,2019.2,13076,צוקים,ZUQIM,1,יהודי,344,164,180,135,24,17,160,0,2.54823089273188,134.995616363166,0,NA
1262,צוקים,צוקים,115.92801298218691,0,NA,NA,no_red_alert,2020,0.726315789473684,Party_turnout,TRUE,2020,13072,צוקים,ZUQIM,1,יהודי,341,161,176,124,26,22,160,0,2.54823089273188,133.818329011161,0,NA
1262,צוקים,צוקים,115.92801298218691,0,NA,NA,no_red_alert,2021,0.665024630541872,Party_turnout,TRUE,2021,13068,צוקים,ZUQIM,1,יהודי,346,167,179,114,36,22,161,0,2.54823089273188,135.780474597835,0,NA
1262,צוקים,צוקים,115.92801298218691,0,NA,NA,no_red_alert,2022,0.59009009009009,Party_turnout,TRUE,2022,13069,צוקים,ZUQIM,1,יהודי,372,185,188,119,37,27,175,0,2.54823089273188,145.98363164854,0,NA
1274,גן נר,גןנר,130.0032926297957,1,6,1,temporal_distance == 6,2006,0.527015483193489,Party_turnout,FALSE,2006,13213,גן נר,GAN NER,1,NA,2699,NA,NA,NA,NA,NA,NA,NA,1.15011946204141,2346.71274513466,NA,29.5
1274,גן נר,גןנר,130.0032926297957,1,6,1,temporal_distance == 6,2009,0.689283449587825,Party_turnout,FALSE,2009,13215,גן נר,GAN NER,1,NA,2402,NA,NA,NA,NA,NA,NA,NA,1.15011946204141,2088.47870093125,NA,37
1274,גן נר,גןנר,130.0032926297957,1,6,1,temporal_distance == 6,2013,0.695551704217215,Party_turnout,FALSE,2013,13211,גן נר,GAN NER,1,יהודי,2600,1290,1310,720,300,390,1100,80,1.15011946204141,2260.63473040019,0.0307692307692308,40
1274,גן נר,גןנר,130.0032926297957,1,6,1,temporal_distance == 6,2015,0.742751713231418,Party_turnout,TRUE,2015,13210,גן נר,GAN NER,1,יהודי,2640,1310,1340,650,320,440,1130,100,1.15011946204141,2295.4137262525,0.0378787878787879,42
1274,גן נר,גןנר,130.0032926297957,1,6,1,temporal_distance == 6,2019,0.728136882129278,Party_turnout,TRUE,2019,13209,גן נר,GAN NER,1,יהודי,2670,1345,1325,584,280,499,1145,162,1.15011946204141,2321.49797314173,0.0606741573033708,NA
1274,גן נר,גןנר,130.0032926297957,1,6,1,temporal_distance == 6,2019,0.713200379867047,Party_turnout,TRUE,2019.2,13209,גן נר,GAN NER,1,יהודי,2670,1345,1325,584,280,499,1145,162,1.15011946204141,2321.49797314173,0.0606741573033708,NA
1274,גן נר,גןנר,130.0032926297957,1,6,1,temporal_distance == 6,2020,0.710138029509757,Party_turnout,TRUE,2020,13208,גן נר,GAN NER,1,יהודי,2710,1378,1333,576,261,516,1161,0,1.15011946204141,2356.27696899404,0,NA
1274,גן נר,גןנר,130.0032926297957,1,6,1,temporal_distance == 6,2021,0.687267657992565,Party_turnout,TRUE,2021,13203,גן נר,GAN NER,1,יהודי,2671,1359,1313,551,248,508,1153,213,1.15011946204141,2322.36744803804,0.0797454137027331,NA
1274,גן נר,גןנר,130.0032926297957,1,6,1,temporal_distance == 6,2022,0.69880624426079,Party_turnout,TRUE,2022,13212,גן נר,GAN NER,1,יהודי,2676,1351,1325,541,239,504,1148,245,1.15011946204141,2326.71482251958,0.0915545590433483,NA
1282,מירב,מירב,128.65093145014808,1,6,1,temporal_distance == 6,2006,0.751336477987421,Party_turnout,FALSE,2006,13305,מירב,MERAV,1,NA,424,NA,NA,NA,NA,NA,NA,NA,0.893636532273434,474.465831115177,NA,17
1282,מירב,מירב,128.65093145014808,1,6,1,temporal_distance == 6,2009,0.885714285714286,Party_turnout,FALSE,2009,13302,מירב,MERAV,1,NA,503,NA,NA,NA,NA,NA,NA,NA,0.893636532273434,562.868662855977,NA,22
1282,מירב,מירב,128.65093145014808,1,6,1,temporal_distance == 6,2013,0.814229249011858,Party_turnout,FALSE,2013,13300,מירב,MERAV,1,יהודי,620,320,300,320,60,60,180,0,0.893636532273434,693.794375687288,0,24
1282,מירב,מירב,128.65093145014808,1,6,1,temporal_distance == 6,2015,0.826229508196721,Party_turnout,TRUE,2015,13292,מירב,MERAV,1,יהודי,670,340,330,330,60,70,200,10,0.893636532273434,749.745535016908,0.0149253731343284,29
1282,מירב,מירב,128.65093145014808,1,6,1,temporal_distance == 6,2019,0.831521739130435,Party_turnout,TRUE,2019,13298,מירב,MERAV,1,יהודי,723,356,367,338,68,84,229,0,0.893636532273434,809.053763906305,0,NA
1282,מירב,מירב,128.65093145014808,1,6,1,temporal_distance == 6,2019,0.75197889182058,Party_turnout,TRUE,2019.2,13298,מירב,MERAV,1,יהודי,723,356,367,338,68,84,229,0,0.893636532273434,809.053763906305,0,NA
1282,מירב,מירב,128.65093145014808,1,6,1,temporal_distance == 6,2020,0.771428571428571,Party_turnout,TRUE,2020,13303,מירב,MERAV,1,יהודי,743,365,374,337,57,103,241,0,0.893636532273434,831.434227638153,0,NA
1282,מירב,מירב,128.65093145014808,1,6,1,temporal_distance == 6,2021,0.76046511627907,Party_turnout,TRUE,2021,13306,מירב,MERAV,1,יהודי,744,368,376,331,63,102,243,0,0.893636532273434,832.553250824745,0,NA
1282,מירב,מירב,128.65093145014808,1,6,1,temporal_distance == 6,2022,0.740343347639485,Party_turnout,TRUE,2022,13304,מירב,MERAV,1,יהודי,787,385,402,345,61,113,260,0,0.893636532273434,880.671247848218,0,NA
1283,תל תאומים,תלתאומים,132.49073592163526,1,6,1,temporal_distance == 6,2006,0.485222534864138,Party_turnout,FALSE,2006,13319,תל תאומים,TEL TE'OMIM,1,NA,362,NA,NA,NA,NA,NA,NA,NA,0.772570662647987,468.565553290937,NA,33.5
1283,תל תאומים,תלתאומים,132.49073592163526,1,6,1,temporal_distance == 6,2009,0.599099099099099,Party_turnout,FALSE,2009,13310,תל תאומים,TEL TE'OMIM,1,NA,370,NA,NA,NA,NA,NA,NA,NA,0.772570662647987,478.92059314267,NA,37.3333333333333
1283,תל תאומים,תלתאומים,132.49073592163526,1,6,1,temporal_distance == 6,2013,0.661710037174721,Party_turnout,FALSE,2013,13318,תל תאומים,TEL TE'OMIM,1,יהודי,450,220,230,110,40,110,180,10,0.772570662647987,582.470991660004,0.0222222222222222,41
1283,תל תאומים,תלתאומים,132.49073592163526,1,6,1,temporal_distance == 6,2015,0.71864406779661,Party_turnout,TRUE,2015,13317,תל תאומים,TEL TE'OMIM,1,יהודי,510,260,260,130,70,110,190,10,0.772570662647987,660.133790548005,0.0196078431372549,41
1283,תל תאומים,תלתאומים,132.49073592163526,1,6,1,temporal_distance == 6,2019,0.751533742331288,Party_turnout,TRUE,2019,13308,תל תאומים,TEL TE'OMIM,1,יהודי,575,286,288,203,22,96,231,0,0.772570662647987,744.268489343339,0,NA
1283,תל תאומים,תלתאומים,132.49073592163526,1,6,1,temporal_distance == 6,2019,0.710365853658537,Party_turnout,TRUE,2019.2,13308,תל תאומים,TEL TE'OMIM,1,יהודי,575,286,288,203,22,96,231,0,0.772570662647987,744.268489343339,0,NA
1283,תל תאומים,תלתאומים,132.49073592163526,1,6,1,temporal_distance == 6,2020,0.750741839762611,Party_turnout,TRUE,2020,13314,תל תאומים,TEL TE'OMIM,1,יהודי,607,303,302,222,20,92,245,0,0.772570662647987,785.688648750273,0,NA
1283,תל תאומים,תלתאומים,132.49073592163526,1,6,1,temporal_distance == 6,2021,0.699708454810496,Party_turnout,TRUE,2021,13321,תל תאומים,TEL TE'OMIM,1,יהודי,603,306,297,224,17,86,240,0,0.772570662647987,780.511128824406,0,NA
1283,תל תאומים,תלתאומים,132.49073592163526,1,6,1,temporal_distance == 6,2022,0.779710144927536,Party_turnout,TRUE,2022,13312,תל תאומים,TEL TE'OMIM,1,יהודי,628,316,312,236,26,75,243,0,0.772570662647987,812.870628361073,0,NA
1284,נופית,נופית,142.6436524194244,0,NA,NA,no_red_alert,2006,0.726693279923611,Party_turnout,FALSE,2006,13332,נופית,NOFIT,1,NA,2469,NA,NA,NA,NA,NA,NA,NA,0.594029875477981,4156.35661087473,NA,56.2
1284,נופית,נופית,142.6436524194244,0,NA,NA,no_red_alert,2009,0.809892729439809,Party_turnout,FALSE,2009,13333,נופית,NOFIT,1,NA,2562,NA,NA,NA,NA,NA,NA,NA,0.594029875477981,4312.91439330136,NA,54
1284,נופית,נופית,142.6436524194244,0,NA,NA,no_red_alert,2013,0.820140010770059,Party_turnout,FALSE,2013,13331,נופית,NOFIT,1,יהודי,2740,1420,1330,760,280,350,1230,130,0.594029875477981,4612.5626220319,0.0474452554744526,62
1284,נופית,נופית,142.6436524194244,0,NA,NA,no_red_alert,2015,0.807172557172557,Party_turnout,TRUE,2015,13330,נופית,NOFIT,1,יהודי,2730,1410,1310,690,300,360,1200,180,0.594029875477981,4595.7284518785,0.0659340659340659,53.6
1284,נופית,נופית,142.6436524194244,0,NA,NA,no_red_alert,2019,0.767453540934204,Party_turnout,TRUE,2019,13323,נופית,NOFIT,1,יהודי,2689,1374,1315,582,305,399,1102,302,0.594029875477981,4526.70835424956,0.11230940870212,NA
1284,נופית,נופית,142.6436524194244,0,NA,NA,no_red_alert,2019,0.753486055776892,Party_turnout,TRUE,2019.2,13323,נופית,NOFIT,1,יהודי,2689,1374,1315,582,305,399,1102,302,0.594029875477981,4526.70835424956,0.11230940870212,NA
1284,נופית,נופית,142.6436524194244,0,NA,NA,no_red_alert,2020,0.759368836291913,Party_turnout,TRUE,2020,13322,נופית,NOFIT,1,יהודי,2598,1325,1272,525,292,405,1058,318,0.594029875477981,4373.51740585361,0.122401847575058,NA
1284,נופית,נופית,142.6436524194244,0,NA,NA,no_red_alert,2021,0.751984126984127,Party_turnout,TRUE,2021,13335,נופית,NOFIT,1,יהודי,2551,1305,1246,488,274,418,1037,0,0.594029875477981,4294.39680613262,0,NA
1284,נופית,נופית,142.6436524194244,0,NA,NA,no_red_alert,2022,0.731262327416174,Party_turnout,TRUE,2022,13329,נופית,NOFIT,1,יהודי,2546,1295,1250,468,281,424,1035,339,0.594029875477981,4285.97972105592,0.133150039277298,NA
1288,גבעת אלה,גבעתאלה,143.46289300096626,0,NA,NA,no_red_alert,2006,0.646218585128091,Party_turnout,FALSE,2006,13382,גבעת אלה,GIV'AT ELA,1,NA,1674,NA,NA,NA,NA,NA,NA,NA,0.599465621726552,2792.48707403541,NA,59
1288,גבעת אלה,גבעתאלה,143.46289300096626,0,NA,NA,no_red_alert,2009,0.701030927835051,Party_turnout,FALSE,2009,13385,גבעת אלה,GIV'AT ELA,1,NA,1570,NA,NA,NA,NA,NA,NA,NA,0.599465621726552,2618.99922714193,NA,58
1288,גבעת אלה,גבעתאלה,143.46289300096626,0,NA,NA,no_red_alert,2013,0.760165403170227,Party_turnout,FALSE,2013,13383,גבעת אלה,GIV'AT ELA,1,יהודי,1790,880,900,340,160,380,850,60,0.599465621726552,2985.9927494166,0.0335195530726257,63
1288,גבעת אלה,גבעתאלה,143.46289300096626,0,NA,NA,no_red_alert,2015,0.778128950695322,Party_turnout,TRUE,2015,13393,גבעת אלה,GIV'AT ELA,1,יהודי,1910,950,960,410,130,350,920,110,0.599465621726552,3186.17103429369,0.0575916230366492,58
1288,גבעת אלה,גבעתאלה,143.46289300096626,0,NA,NA,no_red_alert,2019,0.797172710510141,Party_turnout,TRUE,2019,13394,גבעת אלה,GIV'AT ELA,1,יהודי,1964,992,972,495,113,255,864,238,0.599465621726552,3276.25126248838,0.121181262729124,NA
1288,גבעת אלה,גבעתאלה,143.46289300096626,0,NA,NA,no_red_alert,2019,0.73955773955774,Party_turnout,TRUE,2019.2,13394,גבעת אלה,GIV'AT ELA,1,יהודי,1964,992,972,495,113,255,864,238,0.599465621726552,3276.25126248838,0.121181262729124,NA
1288,גבעת אלה,גבעתאלה,143.46289300096626,0,NA,NA,no_red_alert,2020,0.752795031055901,Party_turnout,TRUE,2020,13390,גבעת אלה,GIV'AT ELA,1,יהודי,1937,975,954,484,121,221,838,273,0.599465621726552,3231.21114839104,0.140939597315436,NA
1288,גבעת אלה,גבעתאלה,143.46289300096626,0,NA,NA,no_red_alert,2021,0.755,Party_turnout,TRUE,2021,13388,גבעת אלה,GIV'AT ELA,1,יהודי,1887,945,942,456,124,208,786,312,0.599465621726552,3147.80352969225,0.165341812400636,NA
1288,גבעת אלה,גבעתאלה,143.46289300096626,0,NA,NA,no_red_alert,2022,0.725590299936184,Party_turnout,TRUE,2022,13392,גבעת אלה,GIV'AT ELA,1,יהודי,1896,944,952,456,135,201,765,339,0.599465621726552,3162.81690105803,0.17879746835443,NA
1290,זמר,זמר,97.67995906158012,0,NA,NA,no_red_alert,2006,0.567380919163103,Party_turnout,FALSE,2006,13405,זמר,ZEMER,2,NA,5232,NA,NA,NA,NA,NA,NA,NA,8.16990382936273,640.399215128596,NA,52
1290,זמר,זמר,97.67995906158012,0,NA,NA,no_red_alert,2009,0.505385996409336,Party_turnout,FALSE,2009,13400,זמר,ZEMER,2,NA,5730,NA,NA,NA,NA,NA,NA,NA,8.16990382936273,701.354645008955,NA,55.4545454545455
1290,זמר,זמר,97.67995906158012,0,NA,NA,no_red_alert,2013,0.55558468799161,Party_turnout,FALSE,2013,13408,זמר,ZEMER,2,לא יהודי,6290,3170,3110,2000,660,1070,2220,340,8.16990382936273,769.898903508958,0.0540540540540541,60.5833333333333
1290,זמר,זמר,97.67995906158012,0,NA,NA,no_red_alert,2015,0.631849315068493,Party_turnout,TRUE,2015,13411,זמר,ZEMER,2,לא יהודי,6490,3290,3200,2030,680,1100,2320,370,8.16990382936273,794.378995830388,0.0570107858243451,57.1666666666667
1290,זמר,זמר,97.67995906158012,0,NA,NA,no_red_alert,2019,0.450108459869848,Party_turnout,TRUE,2019,13410,זמר,ZEMER,2,לא יהודי,7094,3587,3507,2137,686,1242,2606,423,8.16990382936273,868.308874641105,0.0596278545249507,NA
1290,זמר,זמר,97.67995906158012,0,NA,NA,no_red_alert,2019,0.611467693624305,Party_turnout,TRUE,2019.2,13410,זמר,ZEMER,2,לא יהודי,7094,3587,3507,2137,686,1242,2606,423,8.16990382936273,868.308874641105,0.0596278545249507,NA
1290,זמר,זמר,97.67995906158012,0,NA,NA,no_red_alert,2020,0.685593220338983,Party_turnout,TRUE,2020,13404,זמר,ZEMER,2,לא יהודי,7252,3673,3579,2162,681,1253,2699,457,8.16990382936273,887.648147575034,0.0630170987313844,NA
1290,זמר,זמר,97.67995906158012,0,NA,NA,no_red_alert,2021,0.393708881578947,Party_turnout,TRUE,2021,13398,זמר,ZEMER,2,לא יהודי,7360,3729,3630,2189,653,1268,2770,480,8.16990382936273,900.867397428606,0.0652173913043478,NA
1290,זמר,זמר,97.67995906158012,0,NA,NA,no_red_alert,2022,0.564708217546645,Party_turnout,TRUE,2022,13399,זמר,ZEMER,2,לא יהודי,7457,3777,3680,2204,648,1279,2821,506,8.16990382936273,912.740242204499,0.0678557060480086,NA
1315,מתן,מתן,76.5324720437069,1,227,3,temporal_distance > 149,2006,0.704150744171791,Party_turnout,FALSE,2006,13623,מתן,MATTAN,1,NA,3186,NA,NA,NA,NA,NA,NA,NA,0.567849766501028,5610.63891886663,NA,61
1315,מתן,מתן,76.5324720437069,1,227,3,temporal_distance > 149,2009,0.802281368821293,Party_turnout,FALSE,2009,13627,מתן,MATTAN,1,NA,3454,NA,NA,NA,NA,NA,NA,NA,0.567849766501028,6082.59473501737,NA,59
1315,מתן,מתן,76.5324720437069,1,227,3,temporal_distance > 149,2013,0.798212605832549,Party_turnout,FALSE,2013,13626,מתן,MATTAN,1,יהודי,3570,1800,1780,1070,470,400,1510,120,0.567849766501028,6286.8741181274,0.0336134453781513,63
1315,מתן,מתן,76.5324720437069,1,227,3,temporal_distance > 149,2015,0.793747286148502,Party_turnout,TRUE,2015,13632,מתן,MATTAN,1,יהודי,3610,1790,1820,980,470,500,1530,140,0.567849766501028,6357.31528471706,0.038781163434903,60
1315,מתן,מתן,76.5324720437069,1,227,3,temporal_distance > 149,2019,0.768341307814992,Party_turnout,TRUE,2019,13630,מתן,MATTAN,1,יהודי,3617,1811,1806,808,466,649,1522,173,0.567849766501028,6369.64248887025,0.0478296931158419,NA
1315,מתן,מתן,76.5324720437069,1,227,3,temporal_distance > 149,2019,0.752969121140142,Party_turnout,TRUE,2019.2,13630,מתן,MATTAN,1,יהודי,3617,1811,1806,808,466,649,1522,173,0.567849766501028,6369.64248887025,0.0478296931158419,NA
1315,מתן,מתן,76.5324720437069,1,227,3,temporal_distance > 149,2020,0.755659640905542,Party_turnout,TRUE,2020,13633,מתן,MATTAN,1,יהודי,3632,1828,1804,790,456,660,1537,189,0.567849766501028,6396.05792634137,0.0520374449339207,NA
1315,מתן,מתן,76.5324720437069,1,227,3,temporal_distance > 149,2021,0.760531309297913,Party_turnout,TRUE,2021,13625,מתן,MATTAN,1,יהודי,3630,1837,1794,756,441,663,1564,205,0.567849766501028,6392.53586801189,0.0564738292011019,NA
1315,מתן,מתן,76.5324720437069,1,227,3,temporal_distance > 149,2022,0.717571644042232,Party_turnout,TRUE,2022,13624,מתן,MATTAN,1,יהודי,3570,1802,1768,721,387,686,1556,223,0.567849766501028,6286.8741181274,0.0624649859943978,NA
1316,אל-עריאן,אלעריאן,116.60890152679782,0,NA,NA,no_red_alert,2006,NA,Party_turnout,FALSE,2006,13643,אל -עריאן,AL-ARYAN,2,NA,286,NA,NA,NA,NA,NA,NA,NA,0.0565462878041163,5057.80328128243,NA,50
1316,אל-עריאן,אלעריאן,116.60890152679782,0,NA,NA,no_red_alert,2009,NA,Party_turnout,FALSE,2009,13651,אל -עריאן,AL-ARYAN,2,NA,175,NA,NA,NA,NA,NA,NA,NA,0.0565462878041163,3094.8097000854,NA,52
1316,אל-עריאן,אלעריאן,116.60890152679782,0,NA,NA,no_red_alert,2013,0.728971962616822,Party_turnout,FALSE,2013,13650,אל -עריאן,AL-ARYAN,2,לא יהודי,170,90,80,50,20,30,60,10,0.0565462878041163,3006.38656579725,0.0588235294117647,54
1316,אל-עריאן,אלעריאן,116.60890152679782,0,NA,NA,no_red_alert,2015,0.7,Party_turnout,TRUE,2015,13638,אל -עריאן,AL-ARYAN,2,לא יהודי,180,100,80,50,20,40,60,10,0.0565462878041163,3183.23283437356,0.0555555555555556,53
1316,אל-עריאן,אלעריאן,116.60890152679782,0,NA,NA,no_red_alert,2019,0.5,Party_turnout,TRUE,2019,13639,אל -עריאן,AL-ARYAN,2,לא יהודי,191,107,84,51,22,36,72,0,0.0565462878041163,3377.7637298075,0,NA
1316,אל-עריאן,אלעריאן,116.60890152679782,0,NA,NA,no_red_alert,2019,0.716535433070866,Party_turnout,TRUE,2019.2,13639,אל -עריאן,AL-ARYAN,2,לא יהודי,191,107,84,51,22,36,72,0,0.0565462878041163,3377.7637298075,0,NA
1316,אל-עריאן,אלעריאן,116.60890152679782,0,NA,NA,no_red_alert,2020,0.818897637795276,Party_turnout,TRUE,2020,13647,אל -עריאן,AL-ARYAN,2,לא יהודי,189,103,74,46,20,40,73,0,0.0565462878041163,3342.39447609223,0,NA
1316,אל-עריאן,אלעריאן,116.60890152679782,0,NA,NA,no_red_alert,2021,0.646153846153846,Party_turnout,TRUE,2021,13642,אל -עריאן,AL-ARYAN,2,לא יהודי,191,104,87,45,22,39,76,0,0.0565462878041163,3377.7637298075,0,NA
1316,אל-עריאן,אלעריאן,116.60890152679782,0,NA,NA,no_red_alert,2022,0.763358778625954,Party_turnout,TRUE,2022,13646,אל -עריאן,AL-ARYAN,2,לא יהודי,190,104,86,43,20,42,74,0,0.0565462878041163,3360.07910294987,0,NA
1319,בת חפר,בתחפר,94.89959749148136,0,NA,NA,no_red_alert,2006,0.62933686439903,Party_turnout,FALSE,2006,13685,בת חפר,BAT HEFER,1,NA,5423,NA,NA,NA,NA,NA,NA,NA,0.802937095846783,6753.95373815786,NA,60.8333333333333
1319,בת חפר,בתחפר,94.89959749148136,0,NA,NA,no_red_alert,2009,0.752252252252252,Party_turnout,FALSE,2009,13683,בת חפר,BAT HEFER,1,NA,5222,NA,NA,NA,NA,NA,NA,NA,0.802937095846783,6503.62279562242,NA,59
1319,בת חפר,בתחפר,94.89959749148136,0,NA,NA,no_red_alert,2013,0.766044340723454,Party_turnout,FALSE,2013,13693,בת חפר,BAT HEFER,1,יהודי,5550,2820,2730,1830,640,560,2330,180,0.802937095846783,6912.12304015787,0.0324324324324324,62
1319,בת חפר,בתחפר,94.89959749148136,0,NA,NA,no_red_alert,2015,0.792331374195354,Party_turnout,TRUE,2015,13696,בת חפר,BAT HEFER,1,יהודי,5450,2760,2680,1580,720,650,2290,210,0.802937095846783,6787.58028267755,0.0385321100917431,60.8333333333333
1319,בת חפר,בתחפר,94.89959749148136,0,NA,NA,no_red_alert,2019,0.761460957178841,Party_turnout,TRUE,2019,13682,בת חפר,BAT HEFER,1,יהודי,5301,2706,2595,1139,713,899,2285,266,0.802937095846783,6602.01157403187,0.0501792114695341,NA
1319,בת חפר,בתחפר,94.89959749148136,0,NA,NA,no_red_alert,2019,0.730606136193565,Party_turnout,TRUE,2019.2,13682,בת חפר,BAT HEFER,1,יהודי,5301,2706,2595,1139,713,899,2285,266,0.802937095846783,6602.01157403187,0.0501792114695341,NA
1319,בת חפר,בתחפר,94.89959749148136,0,NA,NA,no_red_alert,2020,0.725024727992087,Party_turnout,TRUE,2020,13684,בת חפר,BAT HEFER,1,יהודי,5283,2688,2598,1055,697,956,2291,284,0.802937095846783,6579.59387768541,0.0537573348476245,NA
1319,בת חפר,בתחפר,94.89959749148136,0,NA,NA,no_red_alert,2021,0.721586760769044,Party_turnout,TRUE,2021,13694,בת חפר,BAT HEFER,1,יהודי,5241,2676,2565,1004,660,979,2300,299,0.802937095846783,6527.28591954368,0.0570501812631177,NA
1319,בת חפר,בתחפר,94.89959749148136,0,NA,NA,no_red_alert,2022,0.722632959694729,Party_turnout,TRUE,2022,13691,בת חפר,BAT HEFER,1,יהודי,5209,2659,2551,989,596,1019,2295,311,0.802937095846783,6487.43223714997,0.0597043578421962,NA
1320,עין חוד,עיןחוד,130.7845989772766,1,232,1,temporal_distance > 149,2006,NA,Party_turnout,FALSE,2006,13700,עין חוד,EIN HOD,2,NA,65,NA,NA,NA,NA,NA,NA,NA,0.0602358057259144,1079.09239723237,NA,17
1320,עין חוד,עיןחוד,130.7845989772766,1,232,1,temporal_distance > 149,2009,0.407079646017699,Party_turnout,FALSE,2009,13707,עין חוד,EIN HOD,2,NA,118,NA,NA,NA,NA,NA,NA,NA,0.0602358057259144,1958.96773651414,NA,26
1320,עין חוד,עיןחוד,130.7845989772766,1,232,1,temporal_distance > 149,2013,0.776978417266187,Party_turnout,FALSE,2013,13710,עין חוד,EIN HOD,2,לא יהודי,260,130,130,80,30,50,90,10,0.0602358057259144,4316.36958892946,0.0384615384615385,18
1320,עין חוד,עיןחוד,130.7845989772766,1,232,1,temporal_distance > 149,2015,0.685534591194969,Party_turnout,TRUE,2015,13705,עין חוד,EIN HOD,2,לא יהודי,270,140,140,80,30,60,90,10,0.0602358057259144,4482.38380388829,0.037037037037037,28
1320,עין חוד,עיןחוד,130.7845989772766,1,232,1,temporal_distance > 149,2019,0.368983957219251,Party_turnout,TRUE,2019,13697,עין חוד,EIN HOD,2,לא יהודי,305,155,150,86,35,60,111,0,0.0602358057259144,5063.43355624418,0,NA
1320,עין חוד,עיןחוד,130.7845989772766,1,232,1,temporal_distance > 149,2019,0.601036269430052,Party_turnout,TRUE,2019.2,13697,עין חוד,EIN HOD,2,לא יהודי,305,155,150,86,35,60,111,0,0.0602358057259144,5063.43355624418,0,NA
1320,עין חוד,עיןחוד,130.7845989772766,1,232,1,temporal_distance > 149,2020,0.706185567010309,Party_turnout,TRUE,2020,13701,עין חוד,EIN HOD,2,לא יהודי,316,160,146,93,34,61,115,0,0.0602358057259144,5246.04919269889,0,NA
1320,עין חוד,עיןחוד,130.7845989772766,1,232,1,temporal_distance > 149,2021,0.494949494949495,Party_turnout,TRUE,2021,13703,עין חוד,EIN HOD,2,לא יהודי,318,160,158,93,35,58,119,0,0.0602358057259144,5279.25203569065,0,NA
1320,עין חוד,עיןחוד,130.7845989772766,1,232,1,temporal_distance > 149,2022,0.529126213592233,Party_turnout,TRUE,2022,13699,עין חוד,EIN HOD,2,לא יהודי,325,166,159,96,34,61,119,0,0.0602358057259144,5395.46198616183,0,NA
1321,ח'ואלד,חואלד,143.67766212835687,0,NA,NA,no_red_alert,2006,0.738461538461539,Party_turnout,FALSE,2006,13714,ח'ואלד,KHAWALED,2,NA,299,NA,NA,NA,NA,NA,NA,NA,0.599262426198564,498.946683336571,NA,53.5
1321,ח'ואלד,חואלד,143.67766212835687,0,NA,NA,no_red_alert,2009,0.568527918781726,Party_turnout,FALSE,2009,13716,ח'ואלד,KHAWALED,2,NA,370,NA,NA,NA,NA,NA,NA,NA,0.599262426198564,617.42566165395,NA,55
1321,ח'ואלד,חואלד,143.67766212835687,0,NA,NA,no_red_alert,2013,0.439655172413793,Party_turnout,FALSE,2013,13726,ח'ואלד,KHAWALED,2,לא יהודי,400,190,200,150,30,50,150,20,0.599262426198564,667.487201788054,0.05,61.25
1321,ח'ואלד,חואלד,143.67766212835687,0,NA,NA,no_red_alert,2015,0.588,Party_turnout,TRUE,2015,13719,ח'ואלד,KHAWALED,2,לא יהודי,460,220,230,170,50,50,170,20,0.599262426198564,767.610282056263,0.0434782608695652,55.25
1321,ח'ואלד,חואלד,143.67766212835687,0,NA,NA,no_red_alert,2019,0.454918032786885,Party_turnout,TRUE,2019,13725,ח'ואלד,KHAWALED,2,לא יהודי,710,353,357,230,75,104,272,0,0.599262426198564,1184.7897831738,0,NA
1321,ח'ואלד,חואלד,143.67766212835687,0,NA,NA,no_red_alert,2019,0.521384928716904,Party_turnout,TRUE,2019.2,13725,ח'ואלד,KHAWALED,2,לא יהודי,710,353,357,230,75,104,272,0,0.599262426198564,1184.7897831738,0,NA
1321,ח'ואלד,חואלד,143.67766212835687,0,NA,NA,no_red_alert,2020,0.546,Party_turnout,TRUE,2020,13712,ח'ואלד,KHAWALED,2,לא יהודי,710,351,353,217,71,114,278,0,0.599262426198564,1184.7897831738,0,NA
1321,ח'ואלד,חואלד,143.67766212835687,0,NA,NA,no_red_alert,2021,0.432748538011696,Party_turnout,TRUE,2021,13713,ח'ואלד,KHAWALED,2,לא יהודי,729,362,367,221,70,124,281,0,0.599262426198564,1216.49542525873,0,NA
1321,ח'ואלד,חואלד,143.67766212835687,0,NA,NA,no_red_alert,2022,0.471014492753623,Party_turnout,TRUE,2022,13715,ח'ואלד,KHAWALED,2,לא יהודי,773,383,390,232,73,133,296,0,0.599262426198564,1289.91901745542,0,NA
1326,"בסמ""ה",בסמה,112.0343594520856,0,NA,NA,no_red_alert,2006,0.400933215545847,Party_turnout,FALSE,2006,13784,"בסמ""ה",BASMA,2,NA,7761,NA,NA,NA,NA,NA,NA,NA,3.96713081773752,1956.32570655337,NA,48.3333333333333
1326,"בסמ""ה",בסמה,112.0343594520856,0,NA,NA,no_red_alert,2009,0.517241379310345,Party_turnout,FALSE,2009,13798,"בסמ""ה",BASMA,2,NA,7761,NA,NA,NA,NA,NA,NA,NA,3.96713081773752,1956.32570655337,NA,41.7142857142857
1326,"בסמ""ה",בסמה,112.0343594520856,0,NA,NA,no_red_alert,2013,0.555755395683453,Party_turnout,FALSE,2013,13796,"בסמ""ה",BASMA,2,לא יהודי,8490,4390,4100,3120,940,1390,2730,300,3.96713081773752,2140.08571687129,0.0353356890459364,46.5
1326,"בסמ""ה",בסמה,112.0343594520856,0,NA,NA,no_red_alert,2015,0.66507528461256,Party_turnout,TRUE,2015,13792,"בסמ""ה",BASMA,2,לא יהודי,8910,4590,4320,3100,1040,1540,2890,340,3.96713081773752,2245.95568166351,0.0381593714927048,41.5
1326,"בסמ""ה",בסמה,112.0343594520856,0,NA,NA,no_red_alert,2019,0.397138858653398,Party_turnout,TRUE,2019,13788,"בסמ""ה",BASMA,2,לא יהודי,10010,5124,4886,3159,1135,1894,3374,449,3.96713081773752,2523.23416088123,0.0448551448551449,NA
1326,"בסמ""ה",בסמה,112.0343594520856,0,NA,NA,no_red_alert,2019,0.560336906584992,Party_turnout,TRUE,2019.2,13788,"בסמ""ה",BASMA,2,לא יהודי,10010,5124,4886,3159,1135,1894,3374,449,3.96713081773752,2523.23416088123,0.0448551448551449,NA
1326,"בסמ""ה",בסמה,112.0343594520856,0,NA,NA,no_red_alert,2020,0.672842295526435,Party_turnout,TRUE,2020,13790,"בסמ""ה",BASMA,2,לא יהודי,10257,5259,5004,3170,1102,2005,3511,469,3.96713081773752,2585.49578303284,0.0457248708199279,NA
1326,"בסמ""ה",בסמה,112.0343594520856,0,NA,NA,no_red_alert,2021,0.377939042089985,Party_turnout,TRUE,2021,13791,"בסמ""ה",BASMA,2,לא יהודי,10497,5386,5111,3221,1090,2038,3653,497,3.96713081773752,2645.99290577126,0.047346861007907,NA
1326,"בסמ""ה",בסמה,112.0343594520856,0,NA,NA,no_red_alert,2022,0.456602732165034,Party_turnout,TRUE,2022,13787,"בסמ""ה",BASMA,2,לא יהודי,10743,5511,5232,3267,1063,2101,3775,536,3.96713081773752,2708.00245657813,0.0498929535511496,NA
1327,מעלה עירון,מעלהעירון,121.79751197558303,0,NA,NA,no_red_alert,2006,0.418307427280764,Party_turnout,FALSE,2006,13809,מעלה עירון,MA'ALE IRON,2,NA,11837,NA,NA,NA,NA,NA,NA,NA,6.22744322262316,1900.78007568152,NA,54.4444444444444
1327,מעלה עירון,מעלהעירון,121.79751197558303,0,NA,NA,no_red_alert,2009,0.449254379614883,Party_turnout,FALSE,2009,13811,מעלה עירון,MA'ALE IRON,2,NA,12801,NA,NA,NA,NA,NA,NA,NA,6.22744322262316,2055.57875718502,NA,52.25
1327,מעלה עירון,מעלהעירון,121.79751197558303,0,NA,NA,no_red_alert,2013,0.515693336763571,Party_turnout,FALSE,2013,13814,מעלה עירון,MA'ALE IRON,2,לא יהודי,13650,6900,6750,4690,1640,2060,4730,530,6.22744322262316,2191.91079099879,0.0388278388278388,58.5555555555556
1327,מעלה עירון,מעלהעירון,121.79751197558303,0,NA,NA,no_red_alert,2015,0.662738095238095,Party_turnout,TRUE,2015,13803,מעלה עירון,MA'ALE IRON,2,לא יהודי,14140,7160,6980,4580,1740,2300,4920,590,6.22744322262316,2270.59476811157,0.0417256011315417,53.4444444444444
1327,מעלה עירון,מעלהעירון,121.79751197558303,0,NA,NA,no_red_alert,2019,0.371369078604893,Party_turnout,TRUE,2019,13804,מעלה עירון,MA'ALE IRON,2,לא יהודי,15065,7661,7405,4333,1754,2853,5378,747,6.22744322262316,2419.13084735508,0.0495851310985728,NA
1327,מעלה עירון,מעלהעירון,121.79751197558303,0,NA,NA,no_red_alert,2019,0.485004108463435,Party_turnout,TRUE,2019.2,13804,מעלה עירון,MA'ALE IRON,2,לא יהודי,15065,7661,7405,4333,1754,2853,5378,747,6.22744322262316,2419.13084735508,0.0495851310985728,NA
1327,מעלה עירון,מעלהעירון,121.79751197558303,0,NA,NA,no_red_alert,2020,0.613177041228779,Party_turnout,TRUE,2020,13801,מעלה עירון,MA'ALE IRON,2,לא יהודי,15380,7814,7565,4368,1678,2992,5555,787,6.22744322262316,2469.71340407043,0.0511703511053316,NA
1327,מעלה עירון,מעלהעירון,121.79751197558303,0,NA,NA,no_red_alert,2021,0.314254965267586,Party_turnout,TRUE,2021,13800,מעלה עירון,MA'ALE IRON,2,לא יהודי,15642,7953,7689,4388,1631,3112,5682,829,6.22744322262316,2511.785244894,0.0529983378084644,NA
1327,מעלה עירון,מעלהעירון,121.79751197558303,0,NA,NA,no_red_alert,2022,0.430698632702753,Party_turnout,TRUE,2022,13805,מעלה עירון,MA'ALE IRON,2,לא יהודי,15861,8058,7803,4386,1559,3214,5825,877,6.22744322262316,2546.95216527706,0.0552928566925162,NA
1330,אחוזת ברק,אחוזתברק,140.6819719244554,1,6,1,temporal_distance == 6,2006,0.578076248049922,Party_turnout,FALSE,2006,13826,אחוזת ברק,AHUZZAT BARAQ,1,NA,1282,NA,NA,NA,NA,NA,NA,NA,0.333011328612359,3849.71888296421,NA,59.6666666666667
1330,אחוזת ברק,אחוזתברק,140.6819719244554,1,6,1,temporal_distance == 6,2009,0.761160714285714,Party_turnout,FALSE,2009,13819,אחוזת ברק,AHUZZAT BARAQ,1,NA,1302,NA,NA,NA,NA,NA,NA,NA,0.333011328612359,3909.77689985913,NA,58
1330,אחוזת ברק,אחוזתברק,140.6819719244554,1,6,1,temporal_distance == 6,2013,0.754111198120595,Party_turnout,FALSE,2013,13832,אחוזת ברק,AHUZZAT BARAQ,1,יהודי,2030,1020,1010,670,180,220,890,70,0.333011328612359,6095.88871483413,0.0344827586206897,61
1330,אחוזת ברק,אחוזתברק,140.6819719244554,1,6,1,temporal_distance == 6,2015,0.787449392712551,Party_turnout,TRUE,2015,13821,אחוזת ברק,AHUZZAT BARAQ,1,יהודי,2100,1050,1050,660,200,230,910,100,0.333011328612359,6306.09177396634,0.0476190476190476,59.3333333333333
1330,אחוזת ברק,אחוזתברק,140.6819719244554,1,6,1,temporal_distance == 6,2019,0.774850299401198,Party_turnout,TRUE,2019,13825,אחוזת ברק,AHUZZAT BARAQ,1,יהודי,2279,1148,1132,625,239,293,978,143,0.333011328612359,6843.61102517585,0.0627468187801667,NA
1330,אחוזת ברק,אחוזתברק,140.6819719244554,1,6,1,temporal_distance == 6,2019,0.740390301596688,Party_turnout,TRUE,2019.2,13825,אחוזת ברק,AHUZZAT BARAQ,1,יהודי,2279,1148,1132,625,239,293,978,143,0.333011328612359,6843.61102517585,0.0627468187801667,NA
1330,אחוזת ברק,אחוזתברק,140.6819719244554,1,6,1,temporal_distance == 6,2020,0.761237594862814,Party_turnout,TRUE,2020,13824,אחוזת ברק,AHUZZAT BARAQ,1,יהודי,2388,1184,1207,644,245,322,1015,162,0.333011328612359,7170.92721725315,0.0678391959798995,NA
1330,אחוזת ברק,אחוזתברק,140.6819719244554,1,6,1,temporal_distance == 6,2021,0.707573244886678,Party_turnout,TRUE,2021,13827,אחוזת ברק,AHUZZAT BARAQ,1,יהודי,2427,1199,1228,651,246,320,1044,167,0.333011328612359,7288.04035019824,0.0688092295014421,NA
1330,אחוזת ברק,אחוזתברק,140.6819719244554,1,6,1,temporal_distance == 6,2022,0.730561555075594,Party_turnout,TRUE,2022,13823,אחוזת ברק,AHUZZAT BARAQ,1,יהודי,2429,1209,1221,627,238,340,1049,175,0.333011328612359,7294.04615188773,0.0720461095100865,NA
1337,שמשית,שמשית,144.4239039091017,1,6,1,temporal_distance == 6,2006,0.742561313926184,Party_turnout,FALSE,2006,13926,שמשית,SHIMSHIT,1,NA,2297,NA,NA,NA,NA,NA,NA,NA,1.18619399393151,1936.44548172668,NA,60
1337,שמשית,שמשית,144.4239039091017,1,6,1,temporal_distance == 6,2009,0.8208,Party_turnout,FALSE,2009,13917,שמשית,SHIMSHIT,1,NA,2495,NA,NA,NA,NA,NA,NA,NA,1.18619399393151,2103.36590200612,NA,58
1337,שמשית,שמשית,144.4239039091017,1,6,1,temporal_distance == 6,2013,0.823823109843081,Party_turnout,FALSE,2013,13930,שמשית,SHIMSHIT,1,יהודי,2660,1340,1320,1020,350,190,1070,30,1.18619399393151,2242.46625223899,0.0112781954887218,63
1337,שמשית,שמשית,144.4239039091017,1,6,1,temporal_distance == 6,2015,0.821685173089484,Party_turnout,TRUE,2015,13924,שמשית,SHIMSHIT,1,יהודי,2590,1310,1280,830,420,250,1060,40,1.18619399393151,2183.45398244323,0.0154440154440154,58.5
1337,שמשית,שמשית,144.4239039091017,1,6,1,temporal_distance == 6,2019,0.747068676716918,Party_turnout,TRUE,2019,13923,שמשית,SHIMSHIT,1,יהודי,2514,1293,1222,531,431,463,1028,0,1.18619399393151,2119.38351809355,0,NA
1337,שמשית,שמשית,144.4239039091017,1,6,1,temporal_distance == 6,2019,0.733665559246955,Party_turnout,TRUE,2019.2,13923,שמשית,SHIMSHIT,1,יהודי,2514,1293,1222,531,431,463,1028,0,1.18619399393151,2119.38351809355,0,NA
1337,שמשית,שמשית,144.4239039091017,1,6,1,temporal_distance == 6,2020,0.737848170398689,Party_turnout,TRUE,2020,13920,שמשית,SHIMSHIT,1,יהודי,2517,1292,1223,474,419,509,1052,0,1.18619399393151,2121.91261537051,0,NA
1337,שמשית,שמשית,144.4239039091017,1,6,1,temporal_distance == 6,2021,0.713016204913748,Party_turnout,TRUE,2021,13925,שמשית,SHIMSHIT,1,יהודי,2481,1275,1206,419,413,534,1039,0,1.18619399393151,2091.56344804697,0,NA
1337,שמשית,שמשית,144.4239039091017,1,6,1,temporal_distance == 6,2022,0.691836734693878,Party_turnout,TRUE,2022,13918,שמשית,SHIMSHIT,1,יהודי,2441,1251,1190,381,369,576,1031,0,1.18619399393151,2057.84215102082,0,NA
1345,צור יצחק,צוריצחק,85.79686295492061,1,227,5,temporal_distance > 149,2006,NA,Party_turnout,FALSE,2006,NA,NA,NA,NA,NA,NA,NA,NA,NA,NA,NA,NA,NA,NA,NA,NA,NA
1345,צור יצחק,צוריצחק,85.79686295492061,1,227,5,temporal_distance > 149,2009,0.909090909090909,Party_turnout,FALSE,2009,14032,צור יצחק,ZUR YIZHAQ,1,NA,291,NA,NA,NA,NA,NA,NA,NA,0.573061865933991,507.798576905341,NA,58.5
1345,צור יצחק,צוריצחק,85.79686295492061,1,227,5,temporal_distance > 149,2013,0.849957374254049,Party_turnout,FALSE,2013,14035,צור יצחק,ZUR YIZHAQ,1,יהודי,2690,1350,1340,1100,60,170,1280,80,0.573061865933991,4694.08306486381,0.0297397769516729,63
1345,צור יצחק,צוריצחק,85.79686295492061,1,227,5,temporal_distance > 149,2015,0.890444015444015,Party_turnout,TRUE,2015,14034,צור יצחק,ZUR YIZHAQ,1,יהודי,4250,2110,2140,1780,120,220,1980,150,0.573061865933991,7416.30224002646,0.0352941176470588,62
1345,צור יצחק,צוריצחק,85.79686295492061,1,227,5,temporal_distance > 149,2019,0.846268656716418,Party_turnout,TRUE,2019,14038,צור יצחק,ZUR YIZHAQ,1,יהודי,6361,3125,3236,2719,207,260,2866,311,0.573061865933991,11100.0231879549,0.0488916836975318,NA
1345,צור יצחק,צוריצחק,85.79686295492061,1,227,5,temporal_distance > 149,2019,0.832651869158878,Party_turnout,TRUE,2019.2,14038,צור יצחק,ZUR YIZHAQ,1,יהודי,6361,3125,3236,2719,207,260,2866,311,0.573061865933991,11100.0231879549,0.0488916836975318,NA
1345,צור יצחק,צוריצחק,85.79686295492061,1,227,5,temporal_distance > 149,2020,0.821154392948536,Party_turnout,TRUE,2020,14031,צור יצחק,ZUR YIZHAQ,1,יהודי,6584,3239,3345,2780,256,273,2934,341,0.573061865933991,11489.1609290198,0.0517922235722965,NA
1345,צור יצחק,צוריצחק,85.79686295492061,1,227,5,temporal_distance > 149,2021,0.806222707423581,Party_turnout,TRUE,2021,14037,צור יצחק,ZUR YIZHAQ,1,יהודי,6855,3382,3473,2846,314,293,3019,383,0.573061865933991,11962.0592600897,0.0558716265499635,NA
1345,צור יצחק,צוריצחק,85.79686295492061,1,227,5,temporal_distance > 149,2022,0.808613659531091,Party_turnout,TRUE,2022,14036,צור יצחק,ZUR YIZHAQ,1,יהודי,7080,3488,3593,2889,365,304,3098,424,0.573061865933991,12354.6870257382,0.0598870056497175,NA
1361,בת חן,בתחן,92.10639208070062,0,NA,NA,no_red_alert,2006,NA,Party_turnout,FALSE,2006,14157,בת חן,BAT HEN,1,NA,547,NA,NA,NA,NA,NA,NA,NA,0.21607977740436,2531.4724337964,NA,61
1361,בת חן,בתחן,92.10639208070062,0,NA,NA,no_red_alert,2009,0.775583482944345,Party_turnout,FALSE,2009,14146,בת חן,BAT HEN,1,NA,428,NA,NA,NA,NA,NA,NA,NA,0.21607977740436,1980.74991163594,NA,59
1361,בת חן,בתחן,92.10639208070062,0,NA,NA,no_red_alert,2013,0.774566473988439,Party_turnout,FALSE,2013,14160,בת חן,BAT HEN,1,יהודי,420,210,220,130,30,40,190,50,0.21607977740436,1943.72654880163,0.119047619047619,63
1361,בת חן,בתחן,92.10639208070062,0,NA,NA,no_red_alert,2015,0.806,Party_turnout,TRUE,2015,14150,בת חן,BAT HEN,1,יהודי,420,200,220,110,40,50,160,70,0.21607977740436,1943.72654880163,0.166666666666667,62
1361,בת חן,בתחן,92.10639208070062,0,NA,NA,no_red_alert,2019,0.728110599078341,Party_turnout,TRUE,2019,14147,בת חן,BAT HEN,1,יהודי,412,208,205,104,44,38,154,0,0.21607977740436,1906.70318596731,0,NA
1361,בת חן,בתחן,92.10639208070062,0,NA,NA,no_red_alert,2019,0.765957446808511,Party_turnout,TRUE,2019.2,14147,בת חן,BAT HEN,1,יהודי,412,208,205,104,44,38,154,0,0.21607977740436,1906.70318596731,0,NA
1361,בת חן,בתחן,92.10639208070062,0,NA,NA,no_red_alert,2020,0.764988009592326,Party_turnout,TRUE,2020,14149,בת חן,BAT HEN,1,יהודי,428,213,214,99,44,47,160,78,0.21607977740436,1980.74991163594,0.182242990654206,NA
1361,בת חן,בתחן,92.10639208070062,0,NA,NA,no_red_alert,2021,0.537897310513447,Party_turnout,TRUE,2021,14153,בת חן,BAT HEN,1,יהודי,430,210,219,101,40,46,160,83,0.21607977740436,1990.00575234452,0.193023255813953,NA
1361,בת חן,בתחן,92.10639208070062,0,NA,NA,no_red_alert,2022,0.592405063291139,Party_turnout,TRUE,2022,14159,בת חן,BAT HEN,1,יהודי,407,198,210,96,33,42,152,0,0.21607977740436,1883.56358419586,0,NA
1370,מצפה אילן,מצפהאילן,110.36770370309408,0,NA,NA,no_red_alert,2006,NA,Party_turnout,FALSE,2006,NA,NA,NA,NA,NA,NA,NA,NA,NA,NA,NA,NA,NA,NA,NA,NA,NA
1370,מצפה אילן,מצפהאילן,110.36770370309408,0,NA,NA,no_red_alert,2009,NA,Party_turnout,FALSE,2009,14240,מצפה אילן,MITSPE ILAN,NA,NA,NA,NA,NA,NA,NA,NA,NA,NA,0.150148033270017,NA,NA,47
1370,מצפה אילן,מצפהאילן,110.36770370309408,0,NA,NA,no_red_alert,2013,0.958333333333333,Party_turnout,FALSE,2013,14236,מצפה אילן,MITSPE ILAN,1,יהודי,300,150,150,200,0,0,100,0,0.150148033270017,1998.02816904367,0,42.5
1370,מצפה אילן,מצפהאילן,110.36770370309408,0,NA,NA,no_red_alert,2015,0.989690721649485,Party_turnout,TRUE,2015,14244,מצפה אילן,MITSPE ILAN,1,יהודי,320,150,170,200,10,0,100,0,0.150148033270017,2131.23004697992,0,52.25
1370,מצפה אילן,מצפהאילן,110.36770370309408,0,NA,NA,no_red_alert,2019,0.903030303030303,Party_turnout,TRUE,2019,14239,מצפה אילן,MITSPE ILAN,1,יהודי,626,298,328,357,59,16,193,0,0.150148033270017,4169.21877940447,0,NA
1370,מצפה אילן,מצפהאילן,110.36770370309408,0,NA,NA,no_red_alert,2019,0.876190476190476,Party_turnout,TRUE,2019.2,14239,מצפה אילן,MITSPE ILAN,1,יהודי,626,298,328,357,59,16,193,0,0.150148033270017,4169.21877940447,0,NA
1370,מצפה אילן,מצפהאילן,110.36770370309408,0,NA,NA,no_red_alert,2020,0.890829694323144,Party_turnout,TRUE,2020,14242,מצפה אילן,MITSPE ILAN,1,יהודי,725,356,366,380,103,0,0,0,0.150148033270017,4828.56807518888,0,NA
1370,מצפה אילן,מצפהאילן,110.36770370309408,0,NA,NA,no_red_alert,2021,0.84981684981685,Party_turnout,TRUE,2021,14247,מצפה אילן,MITSPE ILAN,1,יהודי,752,369,383,387,96,41,0,0,0.150148033270017,5008.39061040281,0,NA
1370,מצפה אילן,מצפהאילן,110.36770370309408,0,NA,NA,no_red_alert,2022,0.821538461538462,Party_turnout,TRUE,2022,14237,מצפה אילן,MITSPE ILAN,1,יהודי,763,374,389,387,93,52,0,0,0.150148033270017,5081.65164326775,0,NA
2002,תנובות,תנובות,89.82861610636884,0,NA,NA,no_red_alert,2006,0.680403919961247,Party_turnout,FALSE,2006,15243,תנובות,TENUVOT,1,NA,705,NA,NA,NA,NA,NA,NA,NA,0.758825542244007,929.067303026157,NA,61
2002,תנובות,תנובות,89.82861610636884,0,NA,NA,no_red_alert,2009,0.676982591876209,Party_turnout,FALSE,2009,15241,תנובות,TENUVOT,1,NA,751,NA,NA,NA,NA,NA,NA,NA,0.758825542244007,989.687297266161,NA,59
2002,תנובות,תנובות,89.82861610636884,0,NA,NA,no_red_alert,2013,0.746350364963504,Party_turnout,FALSE,2013,15237,תנובות,TENUVOT,1,יהודי,810,410,400,220,60,90,370,70,0.758825542244007,1067.43902900878,0.0864197530864197,63
2002,תנובות,תנובות,89.82861610636884,0,NA,NA,no_red_alert,2015,0.793345008756567,Party_turnout,TRUE,2015,15234,תנובות,TENUVOT,1,יהודי,830,430,410,220,60,100,370,90,0.758825542244007,1093.79554824356,0.108433734939759,61
2002,תנובות,תנובות,89.82861610636884,0,NA,NA,no_red_alert,2019,0.773095623987034,Party_turnout,TRUE,2019,15239,תנובות,TENUVOT,1,יהודי,830,426,404,199,62,106,364,100,0.758825542244007,1093.79554824356,0.120481927710843,NA
2002,תנובות,תנובות,89.82861610636884,0,NA,NA,no_red_alert,2019,0.772652388797364,Party_turnout,TRUE,2019.2,15239,תנובות,TENUVOT,1,יהודי,830,426,404,199,62,106,364,100,0.758825542244007,1093.79554824356,0.120481927710843,NA
2002,תנובות,תנובות,89.82861610636884,0,NA,NA,no_red_alert,2020,0.718801996672213,Party_turnout,TRUE,2020,15232,תנובות,TENUVOT,1,יהודי,829,427,402,194,58,112,362,103,0.758825542244007,1092.47772228182,0.124246079613993,NA
2002,תנובות,תנובות,89.82861610636884,0,NA,NA,no_red_alert,2021,0.709150326797386,Party_turnout,TRUE,2021,15233,תנובות,TENUVOT,1,יהודי,847,433,414,199,60,105,373,110,0.758825542244007,1116.19858959313,0.12987012987013,NA
2002,תנובות,תנובות,89.82861610636884,0,NA,NA,no_red_alert,2022,0.726698262243286,Party_turnout,TRUE,2022,15235,תנובות,TENUVOT,1,יהודי,863,443,420,205,58,104,380,116,0.758825542244007,1137.28380498095,0.13441483198146,NA
2003,תלמי אלעזר,תלמיאלעזר,104.1250534735319,0,NA,NA,no_red_alert,2006,0.614794230514755,Party_turnout,FALSE,2006,15260,תלמי אלעזר,TALME EL'AZAR,1,NA,693,NA,NA,NA,NA,NA,NA,NA,0.783338814103236,884.674661236268,NA,49
2003,תלמי אלעזר,תלמיאלעזר,104.1250534735319,0,NA,NA,no_red_alert,2009,0.777292576419214,Party_turnout,FALSE,2009,15253,תלמי אלעזר,TALME EL'AZAR,1,NA,644,NA,NA,NA,NA,NA,NA,NA,0.783338814103236,822.121907411481,NA,55
2003,תלמי אלעזר,תלמיאלעזר,104.1250534735319,0,NA,NA,no_red_alert,2013,0.776515151515151,Party_turnout,FALSE,2013,15247,תלמי אלעזר,TALME EL'AZAR,1,יהודי,760,380,370,190,70,110,340,50,0.783338814103236,970.205977690568,0.0657894736842105,55
2003,תלמי אלעזר,תלמיאלעזר,104.1250534735319,0,NA,NA,no_red_alert,2015,0.786618444846293,Party_turnout,TRUE,2015,15249,תלמי אלעזר,TALME EL'AZAR,1,יהודי,770,390,380,200,60,110,340,60,0.783338814103236,982.971845818076,0.0779220779220779,58
2003,תלמי אלעזר,תלמיאלעזר,104.1250534735319,0,NA,NA,no_red_alert,2019,0.793375394321767,Party_turnout,TRUE,2019,15250,תלמי אלעזר,TALME EL'AZAR,1,יהודי,945,478,467,268,65,124,414,75,0.783338814103236,1206.37453804946,0.0793650793650794,NA
2003,תלמי אלעזר,תלמיאלעזר,104.1250534735319,0,NA,NA,no_red_alert,2019,0.771822358346095,Party_turnout,TRUE,2019.2,15250,תלמי אלעזר,TALME EL'AZAR,1,יהודי,945,478,467,268,65,124,414,75,0.783338814103236,1206.37453804946,0.0793650793650794,NA
2003,תלמי אלעזר,תלמיאלעזר,104.1250534735319,0,NA,NA,no_red_alert,2020,0.781626506024096,Party_turnout,TRUE,2020,15252,תלמי אלעזר,TALME EL'AZAR,1,יהודי,966,479,479,268,77,108,433,80,0.783338814103236,1233.18286111722,0.082815734989648,NA
2003,תלמי אלעזר,תלמיאלעזר,104.1250534735319,0,NA,NA,no_red_alert,2021,0.763081395348837,Party_turnout,TRUE,2021,15246,תלמי אלעזר,TALME EL'AZAR,1,יהודי,951,474,476,261,75,98,430,89,0.783338814103236,1214.03405892596,0.0935856992639327,NA
2003,תלמי אלעזר,תלמיאלעזר,104.1250534735319,0,NA,NA,no_red_alert,2022,0.762043795620438,Party_turnout,TRUE,2022,15251,תלמי אלעזר,TALME EL'AZAR,1,יהודי,931,462,469,250,62,105,409,105,0.783338814103236,1188.50232267095,0.112781954887218,NA
2008,שדה יצחק,שדהיצחק,100.93773844013026,0,NA,NA,no_red_alert,2006,0.728781068217874,Party_turnout,FALSE,2006,15286,שדה יצחק,SEDE YIZHAQ,1,NA,496,NA,NA,NA,NA,NA,NA,NA,1.25667228239106,394.693196428479,NA,50
2008,שדה יצחק,שדהיצחק,100.93773844013026,0,NA,NA,no_red_alert,2009,0.663522012578616,Party_turnout,FALSE,2009,15285,שדה יצחק,SEDE YIZHAQ,1,NA,629,NA,NA,NA,NA,NA,NA,NA,1.25667228239106,500.528267244986,NA,48
2008,שדה יצחק,שדהיצחק,100.93773844013026,0,NA,NA,no_red_alert,2013,0.708791208791209,Party_turnout,FALSE,2013,15281,שדה יצחק,SEDE YIZHAQ,1,יהודי,680,340,340,210,110,70,250,40,1.25667228239106,541.11164026485,0.0588235294117647,54
2008,שדה יצחק,שדהיצחק,100.93773844013026,0,NA,NA,no_red_alert,2015,0.740437158469945,Party_turnout,TRUE,2015,15275,שדה יצחק,SEDE YIZHAQ,1,יהודי,700,350,350,200,120,70,270,50,1.25667228239106,557.026688507934,0.0714285714285714,56
2008,שדה יצחק,שדהיצחק,100.93773844013026,0,NA,NA,no_red_alert,2019,0.716455696202532,Party_turnout,TRUE,2019,15276,שדה יצחק,SEDE YIZHAQ,1,יהודי,687,331,356,167,115,88,262,0,1.25667228239106,546.681907149929,0,NA
2008,שדה יצחק,שדהיצחק,100.93773844013026,0,NA,NA,no_red_alert,2019,0.734848484848485,Party_turnout,TRUE,2019.2,15276,שדה יצחק,SEDE YIZHAQ,1,יהודי,687,331,356,167,115,88,262,0,1.25667228239106,546.681907149929,0,NA
2008,שדה יצחק,שדהיצחק,100.93773844013026,0,NA,NA,no_red_alert,2020,0.694789081885856,Party_turnout,TRUE,2020,15287,שדה יצחק,SEDE YIZHAQ,1,יהודי,717,341,368,175,115,88,275,0,1.25667228239106,570.554479514555,0,NA
2008,שדה יצחק,שדהיצחק,100.93773844013026,0,NA,NA,no_red_alert,2021,0.685446009389671,Party_turnout,TRUE,2021,15283,שדה יצחק,SEDE YIZHAQ,1,יהודי,736,360,376,171,124,86,288,0,1.25667228239106,585.673775345485,0,NA
2008,שדה יצחק,שדהיצחק,100.93773844013026,0,NA,NA,no_red_alert,2022,0.748878923766816,Party_turnout,TRUE,2022,15284,שדה יצחק,SEDE YIZHAQ,1,יהודי,730,368,362,178,103,83,294,70,1.25667228239106,580.89926087256,0.0958904109589041,NA
2015,שדי חמד,שדיחמד,75.32317572050505,1,227,3,temporal_distance > 149,2006,0.674172537100956,Party_turnout,FALSE,2006,15384,שדי חמד,SEDE HEMED,1,NA,773,NA,NA,NA,NA,NA,NA,NA,0.617251404131148,1252.32602927503,NA,61
2015,שדי חמד,שדיחמד,75.32317572050505,1,227,3,temporal_distance > 149,2009,0.760135135135135,Party_turnout,FALSE,2009,15391,שדי חמד,SEDE HEMED,1,NA,924,NA,NA,NA,NA,NA,NA,NA,0.617251404131148,1496.95892761983,NA,59
2015,שדי חמד,שדיחמד,75.32317572050505,1,227,3,temporal_distance > 149,2013,0.786026200873362,Party_turnout,FALSE,2013,15394,שדי חמד,SEDE HEMED,1,יהודי,1020,510,520,320,50,100,470,70,0.617251404131148,1652.48712789202,0.0686274509803922,63
2015,שדי חמד,שדיחמד,75.32317572050505,1,227,3,temporal_distance > 149,2015,0.81700288184438,Party_turnout,TRUE,2015,15392,שדי חמד,SEDE HEMED,1,יהודי,1020,500,520,310,50,100,470,80,0.617251404131148,1652.48712789202,0.0784313725490196,62
2015,שדי חמד,שדיחמד,75.32317572050505,1,227,3,temporal_distance > 149,2019,0.810320781032078,Party_turnout,TRUE,2019,15389,שדי חמד,SEDE HEMED,1,יהודי,1019,510,509,274,88,96,464,97,0.617251404131148,1650.86704247252,0.0951913640824338,NA
2015,שדי חמד,שדיחמד,75.32317572050505,1,227,3,temporal_distance > 149,2019,0.799442896935933,Party_turnout,TRUE,2019.2,15389,שדי חמד,SEDE HEMED,1,יהודי,1019,510,509,274,88,96,464,97,0.617251404131148,1650.86704247252,0.0951913640824338,NA
2015,שדי חמד,שדיחמד,75.32317572050505,1,227,3,temporal_distance > 149,2020,0.772099447513812,Party_turnout,TRUE,2020,15393,שדי חמד,SEDE HEMED,1,יהודי,981,494,480,253,90,92,445,101,0.617251404131148,1589.30379653145,0.102956167176351,NA
2015,שדי חמד,שדיחמד,75.32317572050505,1,227,3,temporal_distance > 149,2021,0.762306610407876,Party_turnout,TRUE,2021,15380,שדי חמד,SEDE HEMED,1,יהודי,953,477,476,238,86,95,424,112,0.617251404131148,1543.94140478539,0.117523609653725,NA
2015,שדי חמד,שדיחמד,75.32317572050505,1,227,3,temporal_distance > 149,2022,0.751373626373626,Party_turnout,TRUE,2022,15381,שדי חמד,SEDE HEMED,1,יהודי,965,480,485,229,90,99,429,118,0.617251404131148,1563.38242981941,0.122279792746114,NA
2016,רוויה,רוויה,131.05799883427335,1,6,1,temporal_distance == 6,2006,0.893244739756368,Party_turnout,FALSE,2006,15407,רוויה,REWAYA,1,NA,215,NA,NA,NA,NA,NA,NA,NA,1.33175483219565,161.441126251092,NA,28.6666666666667
2016,רוויה,רוויה,131.05799883427335,1,6,1,temporal_distance == 6,2009,0.642487046632124,Party_turnout,FALSE,2009,15398,רוויה,REWAYA,1,NA,346,NA,NA,NA,NA,NA,NA,NA,1.33175483219565,259.807579920362,NA,34
2016,רוויה,רוויה,131.05799883427335,1,6,1,temporal_distance == 6,2013,0.676190476190476,Party_turnout,FALSE,2013,15396,רוויה,REWAYA,1,יהודי,370,170,190,110,40,50,130,40,1.33175483219565,277.82891494374,0.108108108108108,33.3333333333333
2016,רוויה,רוויה,131.05799883427335,1,6,1,temporal_distance == 6,2015,0.687782805429864,Party_turnout,TRUE,2015,15401,רוויה,REWAYA,1,יהודי,380,180,200,110,40,40,140,40,1.33175483219565,285.337804536814,0.105263157894737,33
2016,רוויה,רוויה,131.05799883427335,1,6,1,temporal_distance == 6,2019,0.683794466403162,Party_turnout,TRUE,2019,15402,רוויה,REWAYA,1,יהודי,444,216,227,145,46,52,161,0,1.33175483219565,333.394697932488,0,NA
2016,רוויה,רוויה,131.05799883427335,1,6,1,temporal_distance == 6,2019,0.709803921568627,Party_turnout,TRUE,2019.2,15402,רוויה,REWAYA,1,יהודי,444,216,227,145,46,52,161,0,1.33175483219565,333.394697932488,0,NA
2016,רוויה,רוויה,131.05799883427335,1,6,1,temporal_distance == 6,2020,0.709803921568627,Party_turnout,TRUE,2020,15403,רוויה,REWAYA,1,יהודי,444,221,220,142,45,56,159,0,1.33175483219565,333.394697932488,0,NA
2016,רוויה,רוויה,131.05799883427335,1,6,1,temporal_distance == 6,2021,0.648648648648649,Party_turnout,TRUE,2021,15406,רוויה,REWAYA,1,יהודי,445,221,224,136,48,59,158,0,1.33175483219565,334.145586891795,0,NA
2016,רוויה,רוויה,131.05799883427335,1,6,1,temporal_distance == 6,2022,0.690036900369004,Party_turnout,TRUE,2022,15399,רוויה,REWAYA,1,יהודי,459,233,226,143,52,64,159,0,1.33175483219565,344.658032322099,0,NA
2018,גבעת חיים (איחוד),גבעתחייםאיחוד,98.0644361254225,0,NA,NA,no_red_alert,2006,0.780821917808219,Party_turnout,FALSE,2006,15410,גבעת חיים (איחוד),GIV'AT HAYYIM (IHUD),1,NA,803,NA,NA,NA,NA,NA,NA,NA,0.676990782132974,1186.13136425582,NA,59
2018,גבעת חיים (איחוד),גבעתחייםאיחוד,98.0644361254225,0,NA,NA,no_red_alert,2009,0.737974683544304,Party_turnout,FALSE,2009,15411,גבעת חיים (איחוד),GIV'AT HAYYIM (IHUD),1,NA,785,NA,NA,NA,NA,NA,NA,NA,0.676990782132974,1159.54311449666,NA,58
2018,גבעת חיים (איחוד),גבעתחייםאיחוד,98.0644361254225,0,NA,NA,no_red_alert,2013,0.755172413793103,Party_turnout,FALSE,2013,15416,גבעת חיים (איחוד),GIV'AT HAYYIM (IHUD),1,יהודי,990,480,500,240,40,110,430,160,0.676990782132974,1462.35373675375,0.161616161616162,59
2018,גבעת חיים (איחוד),גבעתחייםאיחוד,98.0644361254225,0,NA,NA,no_red_alert,2015,0.770345596432553,Party_turnout,TRUE,2015,15412,גבעת חיים (איחוד),GIV'AT HAYYIM (IHUD),1,יהודי,1070,530,540,290,50,120,420,190,0.676990782132974,1580.52373568335,0.177570093457944,61
2018,גבעת חיים (איחוד),גבעתחייםאיחוד,98.0644361254225,0,NA,NA,no_red_alert,2019,0.772679874869656,Party_turnout,TRUE,2019,15417,גבעת חיים (איחוד),GIV'AT HAYYIM (IHUD),1,יהודי,1176,568,609,336,71,82,465,221,0.676990782132974,1737.09898426506,0.187925170068027,NA
2018,גבעת חיים (איחוד),גבעתחייםאיחוד,98.0644361254225,0,NA,NA,no_red_alert,2019,0.769709543568465,Party_turnout,TRUE,2019.2,15417,גבעת חיים (איחוד),GIV'AT HAYYIM (IHUD),1,יהודי,1176,568,609,336,71,82,465,221,0.676990782132974,1737.09898426506,0.187925170068027,NA
2018,גבעת חיים (איחוד),גבעתחייםאיחוד,98.0644361254225,0,NA,NA,no_red_alert,2020,0.753086419753086,Party_turnout,TRUE,2020,15423,גבעת חיים (איחוד),GIV'AT HAYYIM (IHUD),1,יהודי,1192,576,614,339,82,79,471,221,0.676990782132974,1760.73298405098,0.185402684563758,NA
2018,גבעת חיים (איחוד),גבעתחייםאיחוד,98.0644361254225,0,NA,NA,no_red_alert,2021,0.743434343434343,Party_turnout,TRUE,2021,15414,גבעת חיים (איחוד),GIV'AT HAYYIM (IHUD),1,יהודי,1207,583,624,345,81,82,473,225,0.676990782132974,1782.88985885028,0.186412593206297,NA
2018,גבעת חיים (איחוד),גבעתחייםאיחוד,98.0644361254225,0,NA,NA,no_red_alert,2022,0.737051792828685,Party_turnout,TRUE,2022,15413,גבעת חיים (איחוד),GIV'AT HAYYIM (IHUD),1,יהודי,1198,579,619,329,84,86,472,226,0.676990782132974,1769.5957339707,0.18864774624374,NA
2024,אום אל-קוטוף,אוםאלקוטוף,110.22831565759697,0,NA,NA,no_red_alert,2006,0.49424108383016,Party_turnout,FALSE,2006,15457,אום אל-קוטוף,UMM AL-QUTUF,2,NA,821,NA,NA,NA,NA,NA,NA,NA,0.782834833390113,1048.75251455612,NA,47
2024,אום אל-קוטוף,אוםאלקוטוף,110.22831565759697,0,NA,NA,no_red_alert,2009,0.597194388777555,Party_turnout,FALSE,2009,15467,אום אל-קוטוף,UMM AL-QUTUF,2,NA,924,NA,NA,NA,NA,NA,NA,NA,0.782834833390113,1180.32560712528,NA,54
2024,אום אל-קוטוף,אוםאלקוטוף,110.22831565759697,0,NA,NA,no_red_alert,2013,0.547368421052632,Party_turnout,FALSE,2013,15455,אום אל-קוטוף,UMM AL-QUTUF,2,לא יהודי,1010,520,490,340,110,170,360,30,0.782834833390113,1290.1827523772,0.0297029702970297,51
2024,אום אל-קוטוף,אוםאלקוטוף,110.22831565759697,0,NA,NA,no_red_alert,2015,0.830670926517572,Party_turnout,TRUE,2015,15464,אום אל-קוטוף,UMM AL-QUTUF,2,לא יהודי,1040,530,500,350,110,170,380,30,0.782834833390113,1328.5050123488,0.0288461538461538,56
2024,אום אל-קוטוף,אוםאלקוטוף,110.22831565759697,0,NA,NA,no_red_alert,2019,0.523809523809524,Party_turnout,TRUE,2019,15459,אום אל-קוטוף,UMM AL-QUTUF,2,לא יהודי,1117,580,536,334,127,192,412,0,0.782834833390113,1426.86547960924,0,NA
2024,אום אל-קוטוף,אוםאלקוטוף,110.22831565759697,0,NA,NA,no_red_alert,2019,0.720338983050847,Party_turnout,TRUE,2019.2,15459,אום אל-קוטוף,UMM AL-QUTUF,2,לא יהודי,1117,580,536,334,127,192,412,0,0.782834833390113,1426.86547960924,0,NA
2024,אום אל-קוטוף,אוםאלקוטוף,110.22831565759697,0,NA,NA,no_red_alert,2020,0.808926080892608,Party_turnout,TRUE,2020,15466,אום אל-קוטוף,UMM AL-QUTUF,2,לא יהודי,1150,596,552,336,129,199,428,0,0.782834833390113,1469.019965578,0,NA
2024,אום אל-קוטוף,אוםאלקוטוף,110.22831565759697,0,NA,NA,no_red_alert,2021,0.512096774193548,Party_turnout,TRUE,2021,15454,אום אל-קוטוף,UMM AL-QUTUF,2,לא יהודי,1169,602,567,334,124,215,434,0,0.782834833390113,1493.29073022668,0,NA
2024,אום אל-קוטוף,אוםאלקוטוף,110.22831565759697,0,NA,NA,no_red_alert,2022,0.579081632653061,Party_turnout,TRUE,2022,15463,אום אל-קוטוף,UMM AL-QUTUF,2,לא יהודי,1201,610,590,342,125,220,443,0,0.782834833390113,1534.16780752972,0,NA
2026,ירדנה,ירדנה,146.82564373575866,1,6,1,temporal_distance == 6,2006,0.493273542600897,Party_turnout,FALSE,2006,15480,ירדנה,YARDENA,1,NA,446,NA,NA,NA,NA,NA,NA,NA,1.17746401656933,378.780152704344,NA,15
2026,ירדנה,ירדנה,146.82564373575866,1,6,1,temporal_distance == 6,2009,0.596296296296296,Party_turnout,FALSE,2009,15481,ירדנה,YARDENA,1,NA,330,NA,NA,NA,NA,NA,NA,NA,1.17746401656933,280.263341687071,NA,16
2026,ירדנה,ירדנה,146.82564373575866,1,6,1,temporal_distance == 6,2013,0.600732600732601,Party_turnout,FALSE,2013,15477,ירדנה,YARDENA,1,יהודי,350,180,170,90,20,50,150,40,1.17746401656933,297.248998759015,0.114285714285714,23.3333333333333
2026,ירדנה,ירדנה,146.82564373575866,1,6,1,temporal_distance == 6,2015,0.692307692307692,Party_turnout,TRUE,2015,15478,ירדנה,YARDENA,1,יהודי,340,170,180,90,20,50,140,40,1.17746401656933,288.756170223043,0.117647058823529,22
2026,ירדנה,ירדנה,146.82564373575866,1,6,1,temporal_distance == 6,2019,0.719858156028369,Party_turnout,TRUE,2019,15476,ירדנה,YARDENA,1,יהודי,371,185,186,105,22,44,155,46,1.17746401656933,315.083938684555,0.123989218328841,NA
2026,ירדנה,ירדנה,146.82564373575866,1,6,1,temporal_distance == 6,2019,0.72280701754386,Party_turnout,TRUE,2019.2,15476,ירדנה,YARDENA,1,יהודי,371,185,186,105,22,44,155,46,1.17746401656933,315.083938684555,0.123989218328841,NA
2026,ירדנה,ירדנה,146.82564373575866,1,6,1,temporal_distance == 6,2020,0.747368421052632,Party_turnout,TRUE,2020,15473,ירדנה,YARDENA,1,יהודי,360,179,171,99,25,42,152,42,1.17746401656933,305.741827294986,0.116666666666667,NA
2026,ירדנה,ירדנה,146.82564373575866,1,6,1,temporal_distance == 6,2021,0.725631768953069,Party_turnout,TRUE,2021,15471,ירדנה,YARDENA,1,יהודי,370,177,193,105,30,38,152,46,1.17746401656933,314.234655830958,0.124324324324324,NA
2026,ירדנה,ירדנה,146.82564373575866,1,6,1,temporal_distance == 6,2022,0.777385159010601,Party_turnout,TRUE,2022,15483,ירדנה,YARDENA,1,יהודי,384,184,200,111,33,33,161,46,1.17746401656933,326.124615781319,0.119791666666667,NA
2029,מדרך עוז,מדרךעוז,126.93594924623056,1,6,3,temporal_distance == 6,2006,0.808281102667924,Party_turnout,FALSE,2006,15493,מדרך עוז,MIDRAKH OZ,1,NA,447,NA,NA,NA,NA,NA,NA,NA,0.88188084649971,506.87119668626,NA,28.6666666666667
2029,מדרך עוז,מדרךעוז,126.93594924623056,1,6,3,temporal_distance == 6,2009,0.67258883248731,Party_turnout,FALSE,2009,15497,מדרך עוז,MIDRAKH OZ,1,NA,536,NA,NA,NA,NA,NA,NA,NA,0.88188084649971,607.79186000858,NA,30
2029,מדרך עוז,מדרךעוז,126.93594924623056,1,6,3,temporal_distance == 6,2013,0.681818181818182,Party_turnout,FALSE,2013,15486,מדרך עוז,MIDRAKH OZ,1,יהודי,670,330,340,210,40,70,290,70,0.88188084649971,759.739825010725,0.104477611940299,32.5
2029,מדרך עוז,מדרךעוז,126.93594924623056,1,6,3,temporal_distance == 6,2015,0.765957446808511,Party_turnout,TRUE,2015,15495,מדרך עוז,MIDRAKH OZ,1,יהודי,750,370,380,240,40,70,320,80,0.88188084649971,850.45502799708,0.106666666666667,31.1666666666667
2029,מדרך עוז,מדרךעוז,126.93594924623056,1,6,3,temporal_distance == 6,2019,0.70990990990991,Party_turnout,TRUE,2019,15496,מדרך עוז,MIDRAKH OZ,1,יהודי,794,376,418,247,51,80,324,93,0.88188084649971,900.348389639576,0.117128463476071,NA
2029,מדרך עוז,מדרךעוז,126.93594924623056,1,6,3,temporal_distance == 6,2019,0.724324324324324,Party_turnout,TRUE,2019.2,15496,מדרך עוז,MIDRAKH OZ,1,יהודי,794,376,418,247,51,80,324,93,0.88188084649971,900.348389639576,0.117128463476071,NA
2029,מדרך עוז,מדרךעוז,126.93594924623056,1,6,3,temporal_distance == 6,2020,0.734402852049911,Party_turnout,TRUE,2020,15492,מדרך עוז,MIDRAKH OZ,1,יהודי,794,377,417,235,52,94,316,97,0.88188084649971,900.348389639576,0.122166246851385,NA
2029,מדרך עוז,מדרךעוז,126.93594924623056,1,6,3,temporal_distance == 6,2021,0.712765957446808,Party_turnout,TRUE,2021,15484,מדרך עוז,MIDRAKH OZ,1,יהודי,828,396,432,240,67,103,323,95,0.88188084649971,938.902350908776,0.114734299516908,NA
2029,מדרך עוז,מדרךעוז,126.93594924623056,1,6,3,temporal_distance == 6,2022,0.712543554006969,Party_turnout,TRUE,2022,15494,מדרך עוז,MIDRAKH OZ,1,יהודי,822,398,423,232,64,105,326,95,0.88188084649971,932.0987106848,0.115571776155718,NA
2042,עין גדי,עיןגדי,77.43737497714292,0,NA,NA,no_red_alert,2006,0.609007605181757,Party_turnout,FALSE,2006,15599,עין גדי,EN GEDI,1,NA,589,NA,NA,NA,NA,NA,NA,NA,0.323759923629677,1819.24925542579,NA,16.2
2042,עין גדי,עיןגדי,77.43737497714292,0,NA,NA,no_red_alert,2009,0.643835616438356,Party_turnout,FALSE,2009,15593,עין גדי,EN GEDI,1,NA,529,NA,NA,NA,NA,NA,NA,NA,0.323759923629677,1633.9267506286,NA,21
2042,עין גדי,עיןגדי,77.43737497714292,0,NA,NA,no_red_alert,2013,0.697516930022573,Party_turnout,FALSE,2013,15602,עין גדי,EN GEDI,1,יהודי,520,280,240,100,80,60,190,100,0.323759923629677,1606.12837490902,0.192307692307692,22.2
2042,עין גדי,עיןגדי,77.43737497714292,0,NA,NA,no_red_alert,2015,0.673469387755102,Party_turnout,TRUE,2015,15595,עין גדי,EN GEDI,1,יהודי,560,310,250,100,100,60,190,100,0.323759923629677,1729.67671144048,0.178571428571429,20
2042,עין גדי,עיןגדי,77.43737497714292,0,NA,NA,no_red_alert,2019,0.683438155136268,Party_turnout,TRUE,2019,15591,עין גדי,EN GEDI,1,יהודי,610,347,263,98,96,88,215,0,0.323759923629677,1884.11213210481,0,NA
2042,עין גדי,עיןגדי,77.43737497714292,0,NA,NA,no_red_alert,2019,0.668058455114823,Party_turnout,TRUE,2019.2,15591,עין גדי,EN GEDI,1,יהודי,610,347,263,98,96,88,215,0,0.323759923629677,1884.11213210481,0,NA
2042,עין גדי,עיןגדי,77.43737497714292,0,NA,NA,no_red_alert,2020,0.655601659751037,Party_turnout,TRUE,2020,15592,עין גדי,EN GEDI,1,יהודי,592,305,288,124,68,62,225,113,0.323759923629677,1828.51538066565,0.190878378378378,NA
2042,עין גדי,עיןגדי,77.43737497714292,0,NA,NA,no_red_alert,2021,0.627291242362525,Party_turnout,TRUE,2021,15589,עין גדי,EN GEDI,1,יהודי,588,303,285,115,75,57,229,112,0.323759923629677,1816.1605470125,0.19047619047619,NA
2042,עין גדי,עיןגדי,77.43737497714292,0,NA,NA,no_red_alert,2022,0.592050209205021,Party_turnout,TRUE,2022,15590,עין גדי,EN GEDI,1,יהודי,604,308,296,98,114,60,222,112,0.323759923629677,1865.57988162509,0.185430463576159,NA
2043,בחן,בחן,97.04874929780696,0,NA,NA,no_red_alert,2006,1,Party_turnout,FALSE,2006,15606,בחן,BAHAN,1,NA,260,NA,NA,NA,NA,NA,NA,NA,0.421665966442102,616.601814449969,NA,58
2043,בחן,בחן,97.04874929780696,0,NA,NA,no_red_alert,2009,0.677902621722846,Party_turnout,FALSE,2009,15608,בחן,BAHAN,1,NA,393,NA,NA,NA,NA,NA,NA,NA,0.421665966442102,932.01735799553,NA,57.25
2043,בחן,בחן,97.04874929780696,0,NA,NA,no_red_alert,2013,0.791011235955056,Party_turnout,FALSE,2013,15611,בחן,BAHAN,1,יהודי,840,460,370,370,30,40,340,60,0.421665966442102,1992.09816976144,0.0714285714285714,62
2043,בחן,בחן,97.04874929780696,0,NA,NA,no_red_alert,2015,0.803846153846154,Party_turnout,TRUE,2015,15607,בחן,BAHAN,1,יהודי,930,500,430,410,40,50,360,70,0.421665966442102,2205.53725937873,0.0752688172043011,57
2043,בחן,בחן,97.04874929780696,0,NA,NA,no_red_alert,2019,0.798611111111111,Party_turnout,TRUE,2019,15604,בחן,BAHAN,1,יהודי,1084,573,511,451,95,50,418,70,0.421665966442102,2570.75525716833,0.0645756457564576,NA
2043,בחן,בחן,97.04874929780696,0,NA,NA,no_red_alert,2019,0.773747841105354,Party_turnout,TRUE,2019.2,15604,בחן,BAHAN,1,יהודי,1084,573,511,451,95,50,418,70,0.421665966442102,2570.75525716833,0.0645756457564576,NA
2043,בחן,בחן,97.04874929780696,0,NA,NA,no_red_alert,2020,0.780033840947547,Party_turnout,TRUE,2020,15612,בחן,BAHAN,1,יהודי,1112,586,527,454,98,57,433,70,0.421665966442102,2637.15852949371,0.0629496402877698,NA
2043,בחן,בחן,97.04874929780696,0,NA,NA,no_red_alert,2021,0.777424483306836,Party_turnout,TRUE,2021,15618,בחן,BAHAN,1,יהודי,1140,599,541,410,152,61,444,70,0.421665966442102,2703.56180181909,0.0614035087719298,NA
2043,בחן,בחן,97.04874929780696,0,NA,NA,no_red_alert,2022,0.745535714285714,Party_turnout,TRUE,2022,15616,בחן,BAHAN,1,יהודי,1147,600,548,393,164,71,442,74,0.421665966442102,2720.16261990044,0.0645161290322581,NA
2052,אביטל,אביטל,130.68442977073406,1,6,1,temporal_distance == 6,2006,0.693740226508079,Party_turnout,FALSE,2006,15743,אביטל,AVITAL,1,NA,449,NA,NA,NA,NA,NA,NA,NA,1.3417111956734,334.64727837696,NA,34.5
2052,אביטל,אביטל,130.68442977073406,1,6,1,temporal_distance == 6,2009,0.703208556149733,Party_turnout,FALSE,2009,15753,אביטל,AVITAL,1,NA,471,NA,NA,NA,NA,NA,NA,NA,1.3417111956734,351.044249700553,NA,33
2052,אביטל,אביטל,130.68442977073406,1,6,1,temporal_distance == 6,2013,0.696808510638298,Party_turnout,FALSE,2013,15751,אביטל,AVITAL,1,יהודי,480,250,230,140,30,50,190,70,1.3417111956734,357.752101605659,0.145833333333333,38
2052,אביטל,אביטל,130.68442977073406,1,6,1,temporal_distance == 6,2015,0.765171503957784,Party_turnout,TRUE,2015,15747,אביטל,AVITAL,1,יהודי,500,260,240,150,30,60,190,70,1.3417111956734,372.658439172561,0.14,31
2052,אביטל,אביטל,130.68442977073406,1,6,1,temporal_distance == 6,2019,0.763020833333333,Party_turnout,TRUE,2019,15745,אביטל,AVITAL,1,יהודי,494,261,233,137,44,50,186,77,1.3417111956734,368.18653790249,0.15587044534413,NA
2052,אביטל,אביטל,130.68442977073406,1,6,1,temporal_distance == 6,2019,0.793814432989691,Party_turnout,TRUE,2019.2,15745,אביטל,AVITAL,1,יהודי,494,261,233,137,44,50,186,77,1.3417111956734,368.18653790249,0.15587044534413,NA
2052,אביטל,אביטל,130.68442977073406,1,6,1,temporal_distance == 6,2020,0.79136690647482,Party_turnout,TRUE,2020,15739,אביטל,AVITAL,1,יהודי,494,269,222,129,46,49,192,78,1.3417111956734,368.18653790249,0.157894736842105,NA
2052,אביטל,אביטל,130.68442977073406,1,6,1,temporal_distance == 6,2021,0.753148614609572,Party_turnout,TRUE,2021,15740,אביטל,AVITAL,1,יהודי,489,269,220,124,45,54,186,0,1.3417111956734,364.459953510765,0,NA
2052,אביטל,אביטל,130.68442977073406,1,6,1,temporal_distance == 6,2022,0.792270531400966,Party_turnout,TRUE,2022,15744,אביטל,AVITAL,1,יהודי,515,281,234,133,46,61,195,0,1.3417111956734,383.838192347738,0,NA
2053,פרזון,פרזון,130.25225855640318,1,6,1,temporal_distance == 6,2006,0.636438651799505,Party_turnout,FALSE,2006,15762,פרזון,PERAZON,1,NA,313,NA,NA,NA,NA,NA,NA,NA,0.845837849935751,370.047285095808,NA,38
2053,פרזון,פרזון,130.25225855640318,1,6,1,temporal_distance == 6,2009,0.605633802816901,Party_turnout,FALSE,2009,15761,פרזון,PERAZON,1,NA,293,NA,NA,NA,NA,NA,NA,NA,0.845837849935751,346.402091159973,NA,37
2053,פרזון,פרזון,130.25225855640318,1,6,1,temporal_distance == 6,2013,0.664429530201342,Party_turnout,FALSE,2013,15764,פרזון,PERAZON,1,יהודי,320,150,170,80,20,50,120,50,0.845837849935751,378.32310297335,0.15625,42.4
2053,פרזון,פרזון,130.25225855640318,1,6,1,temporal_distance == 6,2015,0.754966887417219,Party_turnout,TRUE,2015,15765,פרזון,PERAZON,1,יהודי,320,160,160,80,20,50,130,50,0.845837849935751,378.32310297335,0.15625,37.6
2053,פרזון,פרזון,130.25225855640318,1,6,1,temporal_distance == 6,2019,0.711598746081505,Party_turnout,TRUE,2019,15767,פרזון,PERAZON,1,יהודי,322,160,162,82,20,42,132,47,0.845837849935751,380.687622366933,0.145962732919255,NA
2053,פרזון,פרזון,130.25225855640318,1,6,1,temporal_distance == 6,2019,0.75,Party_turnout,TRUE,2019.2,15767,פרזון,PERAZON,1,יהודי,322,160,162,82,20,42,132,47,0.845837849935751,380.687622366933,0.145962732919255,NA
2053,פרזון,פרזון,130.25225855640318,1,6,1,temporal_distance == 6,2020,0.744827586206897,Party_turnout,TRUE,2020,15754,פרזון,PERAZON,1,יהודי,363,174,188,94,25,52,146,46,0.845837849935751,429.160269935394,0.126721763085399,NA
2053,פרזון,פרזון,130.25225855640318,1,6,1,temporal_distance == 6,2021,0.692982456140351,Party_turnout,TRUE,2021,15758,פרזון,PERAZON,1,יהודי,361,172,189,96,26,49,139,50,0.845837849935751,426.79575054181,0.138504155124654,NA
2053,פרזון,פרזון,130.25225855640318,1,6,1,temporal_distance == 6,2022,0.72972972972973,Party_turnout,TRUE,2022,15756,פרזון,PERAZON,1,יהודי,353,171,182,96,23,42,141,0,0.845837849935751,417.337672967476,0,NA
2054,מיטב,מיטב,129.57262359554764,1,6,1,temporal_distance == 6,2006,0.712401055408971,Party_turnout,FALSE,2006,15777,מיטב,METAV,1,NA,379,NA,NA,NA,NA,NA,NA,NA,1.1396110456137,332.569609130018,NA,34.5
2054,מיטב,מיטב,129.57262359554764,1,6,1,temporal_distance == 6,2009,0.665644171779141,Party_turnout,FALSE,2009,15770,מיטב,METAV,1,NA,437,NA,NA,NA,NA,NA,NA,NA,1.1396110456137,383.464166727751,NA,29.5
2054,מיטב,מיטב,129.57262359554764,1,6,1,temporal_distance == 6,2013,0.678260869565217,Party_turnout,FALSE,2013,15783,מיטב,METAV,1,יהודי,450,230,220,120,40,60,180,50,1.1396110456137,394.871567568623,0.111111111111111,35.5
2054,מיטב,מיטב,129.57262359554764,1,6,1,temporal_distance == 6,2015,0.776203966005666,Party_turnout,TRUE,2015,15782,מיטב,METAV,1,יהודי,460,250,220,120,30,60,190,60,1.1396110456137,403.64649129237,0.130434782608696,33.5
2054,מיטב,מיטב,129.57262359554764,1,6,1,temporal_distance == 6,2019,0.785145888594164,Party_turnout,TRUE,2019,15778,מיטב,METAV,1,יהודי,471,259,212,126,31,71,186,55,1.1396110456137,413.298907388492,0.116772823779193,NA
2054,מיטב,מיטב,129.57262359554764,1,6,1,temporal_distance == 6,2019,0.757333333333333,Party_turnout,TRUE,2019.2,15778,מיטב,METAV,1,יהודי,471,259,212,126,31,71,186,55,1.1396110456137,413.298907388492,0.116772823779193,NA
2054,מיטב,מיטב,129.57262359554764,1,6,1,temporal_distance == 6,2020,0.774798927613941,Party_turnout,TRUE,2020,15769,מיטב,METAV,1,יהודי,458,247,211,116,32,72,184,54,1.1396110456137,401.89150654762,0.117903930131004,NA
2054,מיטב,מיטב,129.57262359554764,1,6,1,temporal_distance == 6,2021,0.738161559888579,Party_turnout,TRUE,2021,15775,מיטב,METAV,1,יהודי,460,250,210,113,38,68,187,52,1.1396110456137,403.64649129237,0.11304347826087,NA
2054,מיטב,מיטב,129.57262359554764,1,6,1,temporal_distance == 6,2022,0.796703296703297,Party_turnout,TRUE,2022,15781,מיטב,METAV,1,יהודי,456,248,208,113,38,65,185,55,1.1396110456137,400.136521802871,0.120614035087719,NA
2055,מאור,מאור,103.39816044206748,0,NA,NA,no_red_alert,2006,0.730874523204069,Party_turnout,FALSE,2006,15789,מאור,MA'OR,1,NA,832,NA,NA,NA,NA,NA,NA,NA,0.986969785806204,842.984265542012,NA,58.5
2055,מאור,מאור,103.39816044206748,0,NA,NA,no_red_alert,2009,0.730578512396694,Party_turnout,FALSE,2009,15790,מאור,MA'OR,1,NA,997,NA,NA,NA,NA,NA,NA,NA,0.986969785806204,1010.16263551128,NA,55
2055,מאור,מאור,103.39816044206748,0,NA,NA,no_red_alert,2013,0.777310924369748,Party_turnout,FALSE,2013,15797,מאור,MA'OR,1,יהודי,1170,570,600,390,90,120,510,60,0.986969785806204,1185.44662341845,0.0512820512820513,60.5
2055,מאור,מאור,103.39816044206748,0,NA,NA,no_red_alert,2015,0.805263157894737,Party_turnout,TRUE,2015,15786,מאור,MA'OR,1,יהודי,1260,610,650,420,100,140,530,70,0.986969785806204,1276.63482521987,0.0555555555555556,59
2055,מאור,מאור,103.39816044206748,0,NA,NA,no_red_alert,2019,0.787741203178207,Party_turnout,TRUE,2019,15798,מאור,MA'OR,1,יהודי,1398,676,722,432,127,164,584,93,0.986969785806204,1416.45673464872,0.0665236051502146,NA
2055,מאור,מאור,103.39816044206748,0,NA,NA,no_red_alert,2019,0.7718715393134,Party_turnout,TRUE,2019.2,15798,מאור,MA'OR,1,יהודי,1398,676,722,432,127,164,584,93,0.986969785806204,1416.45673464872,0.0665236051502146,NA
2055,מאור,מאור,103.39816044206748,0,NA,NA,no_red_alert,2020,0.774509803921569,Party_turnout,TRUE,2020,15785,מאור,MA'OR,1,יהודי,1435,722,714,440,129,165,606,95,0.986969785806204,1453.94521761152,0.0662020905923345,NA
2055,מאור,מאור,103.39816044206748,0,NA,NA,no_red_alert,2021,0.769148936170213,Party_turnout,TRUE,2021,15794,מאור,MA'OR,1,יהודי,1441,724,717,434,123,180,601,104,0.986969785806204,1460.02443106495,0.0721721027064539,NA
2055,מאור,מאור,103.39816044206748,0,NA,NA,no_red_alert,2022,0.756172839506173,Party_turnout,TRUE,2022,15793,מאור,MA'OR,1,יהודי,1479,739,740,436,139,174,617,113,0.986969785806204,1498.52611626999,0.0764029749830967,NA
2057,שדי תרומות,שדיתרומות,131.4628288008537,1,6,1,temporal_distance == 6,2006,0.44285235461706,Party_turnout,FALSE,2006,15807,שדי תרומות,SEDE TERUMOT,1,NA,442,NA,NA,NA,NA,NA,NA,NA,1.4886103305012,296.921223065261,NA,29.5
2057,שדי תרומות,שדיתרומות,131.4628288008537,1,6,1,temporal_distance == 6,2009,0.556962025316456,Party_turnout,FALSE,2009,15813,שדי תרומות,SEDE TERUMOT,1,NA,424,NA,NA,NA,NA,NA,NA,NA,1.4886103305012,284.829408551291,NA,37
2057,שדי תרומות,שדיתרומות,131.4628288008537,1,6,1,temporal_distance == 6,2013,0.552469135802469,Party_turnout,FALSE,2013,15809,שדי תרומות,SEDE TERUMOT,1,יהודי,420,220,200,100,40,60,170,50,1.4886103305012,282.142338659298,0.119047619047619,34
2057,שדי תרומות,שדיתרומות,131.4628288008537,1,6,1,temporal_distance == 6,2015,0.67741935483871,Party_turnout,TRUE,2015,15803,שדי תרומות,SEDE TERUMOT,1,יהודי,430,230,210,110,40,60,180,50,1.4886103305012,288.860013389281,0.116279069767442,37.5
2057,שדי תרומות,שדיתרומות,131.4628288008537,1,6,1,temporal_distance == 6,2019,0.707988980716253,Party_turnout,TRUE,2019,15811,שדי תרומות,SEDE TERUMOT,1,יהודי,463,239,224,115,38,68,191,52,1.4886103305012,311.028339998226,0.11231101511879,NA
2057,שדי תרומות,שדיתרומות,131.4628288008537,1,6,1,temporal_distance == 6,2019,0.659340659340659,Party_turnout,TRUE,2019.2,15811,שדי תרומות,SEDE TERUMOT,1,יהודי,463,239,224,115,38,68,191,52,1.4886103305012,311.028339998226,0.11231101511879,NA
2057,שדי תרומות,שדיתרומות,131.4628288008537,1,6,1,temporal_distance == 6,2020,0.723577235772358,Party_turnout,TRUE,2020,15805,שדי תרומות,SEDE TERUMOT,1,יהודי,458,240,215,101,42,73,191,51,1.4886103305012,307.669502633234,0.111353711790393,NA
2057,שדי תרומות,שדיתרומות,131.4628288008537,1,6,1,temporal_distance == 6,2021,0.676630434782609,Party_turnout,TRUE,2021,15801,שדי תרומות,SEDE TERUMOT,1,יהודי,478,249,229,109,43,72,202,51,1.4886103305012,321.104852093201,0.106694560669456,NA
2057,שדי תרומות,שדיתרומות,131.4628288008537,1,6,1,temporal_distance == 6,2022,0.757105943152455,Party_turnout,TRUE,2022,15810,שדי תרומות,SEDE TERUMOT,1,יהודי,494,255,239,114,43,77,206,53,1.4886103305012,331.853131661174,0.107287449392713,NA
2100,טירת כרמל,טירתכרמל,135.5565984780548,0,NA,NA,no_red_alert,2006,0.523619851528055,Party_turnout,FALSE,2006,15905,טירת כרמל,TIRAT KARMEL,1,NA,18734,NA,NA,NA,NA,NA,NA,NA,5.92611152252586,3161.26349104127,NA,56.875
2100,טירת כרמל,טירתכרמל,135.5565984780548,0,NA,NA,no_red_alert,2009,0.566559897501602,Party_turnout,FALSE,2009,15909,טירת כרמל,TIRAT KARMEL,1,NA,18658,NA,NA,NA,NA,NA,NA,NA,5.92611152252586,3148.43889270033,NA,57.7
2100,טירת כרמל,טירתכרמל,135.5565984780548,0,NA,NA,no_red_alert,2013,0.614558999936865,Party_turnout,FALSE,2013,15904,טירת כרמל,TIRAT KARMEL,1,יהודי,18740,9280,9460,3920,1190,2890,8300,2410,5.92611152252586,3162.27595933134,0.128601921024546,59.875
2100,טירת כרמל,טירתכרמל,135.5565984780548,0,NA,NA,no_red_alert,2015,0.664500154750851,Party_turnout,TRUE,2015,15913,טירת כרמל,TIRAT KARMEL,1,יהודי,19370,9530,9830,4150,1180,2850,8530,2660,5.92611152252586,3268.58512978912,0.137325761486835,62.375
2100,טירת כרמל,טירתכרמל,135.5565984780548,0,NA,NA,no_red_alert,2019,0.647132714363736,Party_turnout,TRUE,2019,15910,טירת כרמל,TIRAT KARMEL,1,יהודי,23112,11382,11729,5410,1260,2932,10126,3381,5.92611152252586,3900.02785336531,0.14628764278297,NA
2100,טירת כרמל,טירתכרמל,135.5565984780548,0,NA,NA,no_red_alert,2019,0.651843876177658,Party_turnout,TRUE,2019.2,15910,טירת כרמל,TIRAT KARMEL,1,יהודי,23112,11382,11729,5410,1260,2932,10126,3381,5.92611152252586,3900.02785336531,0.14628764278297,NA
2100,טירת כרמל,טירתכרמל,135.5565984780548,0,NA,NA,no_red_alert,2020,0.663797683561789,Party_turnout,TRUE,2020,15906,טירת כרמל,TIRAT KARMEL,1,יהודי,24297,11975,12316,5803,1316,2952,10642,3584,5.92611152252586,4099.99034065494,0.147507922788822,NA
2100,טירת כרמל,טירתכרמל,135.5565984780548,0,NA,NA,no_red_alert,2021,0.62829785066721,Party_turnout,TRUE,2021,15908,טירת כרמל,TIRAT KARMEL,1,יהודי,26807,13186,13622,6626,1397,3058,11833,3891,5.92611152252586,4523.53957533593,0.145148655201999,NA
2100,טירת כרמל,טירתכרמל,135.5565984780548,0,NA,NA,no_red_alert,2022,0.68516924192306,Party_turnout,TRUE,2022,15918,טירת כרמל,TIRAT KARMEL,1,יהודי,28751,14158,14594,7239,1529,3132,12689,4164,5.92611152252586,4851.57930131993,0.144829745052346,NA
2300,קרית טבעון,קריתטבעון,134.32867087170175,0,NA,NA,no_red_alert,2006,0.76336272305045,Party_turnout,FALSE,2006,15950,קריית טבעון,QIRYAT TIV'ON,1,NA,13980,NA,NA,NA,NA,NA,NA,NA,8.1927288477288691,1706.39114998606,NA,59.0833333333333
2300,קרית טבעון,קריתטבעון,134.32867087170175,0,NA,NA,no_red_alert,2009,0.682988637292569,Party_turnout,FALSE,2009,15938,קריית טבעון,QIRYAT TIV'ON,1,NA,16516,NA,NA,NA,NA,NA,NA,NA,8.1927288477288691,2015.93392225821,NA,57.9090909090909
2300,קרית טבעון,קריתטבעון,134.32867087170175,0,NA,NA,no_red_alert,2013,0.718130753627711,Party_turnout,FALSE,2013,15942,קריית טבעון,QIRYAT TIV'ON,1,יהודי,17480,8370,9100,3680,1310,2040,7460,2980,8.1927288477288691,2133.59923474651,0.170480549199085,62
2300,קרית טבעון,קריתטבעון,134.32867087170175,0,NA,NA,no_red_alert,2015,0.722905282331512,Party_turnout,TRUE,2015,15941,קריית טבעון,QIRYAT TIV'ON,1,יהודי,17860,8530,9330,3790,1400,2030,7430,3210,8.1927288477288691,2179.98182680622,0.17973124300112,56.6666666666667
2300,קרית טבעון,קריתטבעון,134.32867087170175,0,NA,NA,no_red_alert,2019,0.712496337532962,Party_turnout,TRUE,2019,15945,קריית טבעון,QIRYAT TIV'ON,1,יהודי,18129,8709,9420,3742,1405,2017,7343,3622,8.1927288477288691,2212.81581960638,0.199790391086105,NA
2300,קרית טבעון,קריתטבעון,134.32867087170175,0,NA,NA,no_red_alert,2019,0.694167643610785,Party_turnout,TRUE,2019.2,15945,קריית טבעון,QIRYAT TIV'ON,1,יהודי,18129,8709,9420,3742,1405,2017,7343,3622,8.1927288477288691,2212.81581960638,0.199790391086105,NA
2300,קרית טבעון,קריתטבעון,134.32867087170175,0,NA,NA,no_red_alert,2020,0.691571720712825,Party_turnout,TRUE,2020,15949,קריית טבעון,QIRYAT TIV'ON,1,יהודי,18310,8774,9543,3800,1348,2073,7366,3723,8.1927288477288691,2234.90858056114,0.203331512834517,NA
2300,קרית טבעון,קריתטבעון,134.32867087170175,0,NA,NA,no_red_alert,2021,0.67143267710878,Party_turnout,TRUE,2021,15937,קריית טבעון,QIRYAT TIV'ON,1,יהודי,18520,8904,9615,3818,1433,2027,7469,3771,8.1927288477288691,2260.54106564676,0.203617710583153,NA
2300,קרית טבעון,קריתטבעון,134.32867087170175,0,NA,NA,no_red_alert,2022,0.674511975633393,Party_turnout,TRUE,2022,15936,קריית טבעון,QIRYAT TIV'ON,1,יהודי,19180,9210,9969,3963,1495,2090,7767,3862,8.1927288477288691,2341.10030448731,0.201355578727841,NA
2500,נשר,נשר,137.62815736378172,0,NA,NA,no_red_alert,2006,0.589136394078388,Party_turnout,FALSE,2006,15976,נשר,NESHER,1,NA,21246,NA,NA,NA,NA,NA,NA,NA,12.8848462185425,1648.9137425191,NA,58.8333333333333
2500,נשר,נשר,137.62815736378172,0,NA,NA,no_red_alert,2009,0.621998320738875,Party_turnout,FALSE,2009,15972,נשר,NESHER,1,NA,23634,NA,NA,NA,NA,NA,NA,NA,12.8848462185425,1834.2477356065301,NA,57.6470588235294
2500,נשר,נשר,137.62815736378172,0,NA,NA,no_red_alert,2013,0.629450687952946,Party_turnout,FALSE,2013,15974,נשר,NESHER,1,יהודי,23310,11350,11970,4410,1380,3610,10560,3350,12.8848462185425,1809.10191744894,0.143715143715144,61.3888888888889
2500,נשר,נשר,137.62815736378172,0,NA,NA,no_red_alert,2015,0.672895744901128,Party_turnout,TRUE,2015,15978,נשר,NESHER,1,יהודי,23420,11360,12060,4430,1300,3560,10410,3710,12.8848462185425,1817.63907793454,0.158411614005124,62.3888888888889
2500,נשר,נשר,137.62815736378172,0,NA,NA,no_red_alert,2019,0.643564862104188,Party_turnout,TRUE,2019,15982,נשר,NESHER,1,יהודי,24147,11712,12434,4626,1351,3245,10620,4293,12.8848462185425,1874.06194768939,0.177786060380171,NA
2500,נשר,נשר,137.62815736378172,0,NA,NA,no_red_alert,2019,0.636622874019758,Party_turnout,TRUE,2019.2,15982,נשר,NESHER,1,יהודי,24147,11712,12434,4626,1351,3245,10620,4293,12.8848462185425,1874.06194768939,0.177786060380171,NA
2500,נשר,נשר,137.62815736378172,0,NA,NA,no_red_alert,2020,0.639638274224512,Party_turnout,TRUE,2020,15979,נשר,NESHER,1,יהודי,24038,11667,12363,4473,1349,3228,10483,4484,12.8848462185425,1865.60239775365,0.186537981529245,NA
2500,נשר,נשר,137.62815736378172,0,NA,NA,no_red_alert,2021,0.601244372502403,Party_turnout,TRUE,2021,15969,נשר,NESHER,1,יהודי,23759,11537,12222,4364,1335,3127,10307,4603,12.8848462185425,1843.94905434017,0.193737110147733,NA
2500,נשר,נשר,137.62815736378172,0,NA,NA,no_red_alert,2022,0.621665648544085,Party_turnout,TRUE,2022,15968,נשר,NESHER,1,יהודי,23762,11471,12289,4338,1351,3064,10284,4704,12.8848462185425,1844.18188598978,0.197963134416295,NA
2710,אום אל-פחם,אוםאלפחם,116.86008129899014,0,NA,NA,no_red_alert,2006,0.515475101137645,Party_turnout,FALSE,2006,16146,אום אל-פחם,UMM AL-FAHM,2,NA,42211,NA,NA,NA,NA,NA,NA,NA,25.9473598012094,1626.79364387711,NA,55.8108108108108
2710,אום אל-פחם,אוםאלפחם,116.86008129899014,0,NA,NA,no_red_alert,2009,0.590224655769386,Party_turnout,FALSE,2009,16155,אום אל-פחם,UMM AL-FAHM,2,NA,46040,NA,NA,NA,NA,NA,NA,NA,25.9473598012094,1774.36164421839,NA,53.8787878787879
2710,אום אל-פחם,אוםאלפחם,116.86008129899014,0,NA,NA,no_red_alert,2013,0.567424081545976,Party_turnout,FALSE,2013,16144,אום אל-פחם,UMM AL-FAHM,2,לא יהודי,0,0,0,0,0,0,0,0,25.9473598012094,0,NA,57.6486486486486
2710,אום אל-פחם,אוםאלפחם,116.86008129899014,0,NA,NA,no_red_alert,2015,0.674208740901755,Party_turnout,TRUE,2015,16152,אום אל-פחם,UMM AL-FAHM,2,לא יהודי,52500,26680,25820,17850,6200,8380,18110,1960,25.9473598012094,2023.32724416736,0.0373333333333333,56.4054054054054
2710,אום אל-פחם,אוםאלפחם,116.86008129899014,0,NA,NA,no_red_alert,2019,0.451353686635945,Party_turnout,TRUE,2019,16145,אום אל-פחם,UMM AL-FAHM,2,לא יהודי,56109,28601,27508,17181,6367,10208,19887,2466,25.9473598012094,2162.41653986641,0.0439501684221783,NA
2710,אום אל-פחם,אוםאלפחם,116.86008129899014,0,NA,NA,no_red_alert,2019,0.513345271595464,Party_turnout,TRUE,2019.2,16145,אום אל-פחם,UMM AL-FAHM,2,לא יהודי,56109,28601,27508,17181,6367,10208,19887,2466,25.9473598012094,2162.41653986641,0.0439501684221783,NA
2710,אום אל-פחם,אוםאלפחם,116.86008129899014,0,NA,NA,no_red_alert,2020,0.631038055501106,Party_turnout,TRUE,2020,16154,אום אל-פחם,UMM AL-FAHM,2,לא יהודי,56776,28947,27830,16958,6230,10601,20343,2644,25.9473598012094,2188.12243075897,0.0465689728054107,NA
2710,אום אל-פחם,אוםאלפחם,116.86008129899014,0,NA,NA,no_red_alert,2021,0.33147473208943,Party_turnout,TRUE,2021,16143,אום אל-פחם,UMM AL-FAHM,2,לא יהודי,57677,29408,28269,16874,6115,10990,20902,2797,25.9473598012094,2222.84658022554,0.048494200461189,NA
2710,אום אל-פחם,אוםאלפחם,116.86008129899014,0,NA,NA,no_red_alert,2022,0.382855351825733,Party_turnout,TRUE,2022,16142,אום אל-פחם,UMM AL-FAHM,2,לא יהודי,58665,29908,28757,16884,5934,11391,21511,2945,25.9473598012094,2260.92367198244,0.0502002897809597,NA
2720,טירה,טירה,81.57242934510087,1,227,5,temporal_distance > 149,2006,0.543447551367395,Party_turnout,FALSE,2006,16160,טירה,TIRE,2,NA,21109,NA,NA,NA,NA,NA,NA,NA,11.8736994738243,1777.79470050889,NA,61
2720,טירה,טירה,81.57242934510087,1,227,5,temporal_distance > 149,2009,0.618467670504872,Party_turnout,FALSE,2009,16171,טירה,TIRE,2,NA,22571,NA,NA,NA,NA,NA,NA,NA,11.8736994738243,1900.92397485367,NA,59
2720,טירה,טירה,81.57242934510087,1,227,5,temporal_distance > 149,2013,0.58834388185654,Party_turnout,FALSE,2013,16159,טירה,TIRE,2,לא יהודי,24050,12150,11900,7030,2540,4040,9030,1400,11.8736994738243,2025.48498494665,0.0582120582120582,63
2720,טירה,טירה,81.57242934510087,1,227,5,temporal_distance > 149,2015,0.725995898328258,Party_turnout,TRUE,2015,16164,טירה,TIRE,2,לא יהודי,24870,12550,12330,7090,2560,4280,9480,1470,11.8736994738243,2094.54517985959,0.0591073582629674,61.8888888888889
2720,טירה,טירה,81.57242934510087,1,227,5,temporal_distance > 149,2019,0.596486320147709,Party_turnout,TRUE,2019,16169,טירה,TIRE,2,לא יהודי,26552,13331,13221,7043,2555,4713,10420,1821,11.8736994738243,2236.20279918101,0.0685824043386562,NA
2720,טירה,טירה,81.57242934510087,1,227,5,temporal_distance > 149,2019,0.672409017891763,Party_turnout,TRUE,2019.2,16169,טירה,TIRE,2,לא יהודי,26552,13331,13221,7043,2555,4713,10420,1821,11.8736994738243,2236.20279918101,0.0685824043386562,NA
2720,טירה,טירה,81.57242934510087,1,227,5,temporal_distance > 149,2020,0.724750520890449,Party_turnout,TRUE,2020,16161,טירה,TIRE,2,לא יהודי,27039,13592,13444,7109,2528,4810,10668,1924,11.8736994738243,2277.21781737931,0.0711564776803876,NA
2720,טירה,טירה,81.57242934510087,1,227,5,temporal_distance > 149,2021,0.470984649943841,Party_turnout,TRUE,2021,16162,טירה,TIRE,2,לא יהודי,27392,13768,13624,7128,2508,4840,10897,2020,11.8736994738243,2306.94738909183,0.0737441588785047,NA
2720,טירה,טירה,81.57242934510087,1,227,5,temporal_distance > 149,2022,0.622703038459548,Party_turnout,TRUE,2022,16158,טירה,TIRE,2,לא יהודי,27802,13976,13826,7188,2417,4879,11196,2124,11.8736994738243,2341.4774865483,0.0763973814833465,NA
2730,טייבה,טייבה,84.98322159127888,1,227,5,temporal_distance > 149,2006,0.608977083637981,Party_turnout,FALSE,2006,16181,טייבה,TAYIBE,2,NA,33858,NA,NA,NA,NA,NA,NA,NA,18.9068354008579,1790.78091505803,NA,59.125
2730,טייבה,טייבה,84.98322159127888,1,227,5,temporal_distance > 149,2009,0.643899845320959,Party_turnout,FALSE,2009,16185,טייבה,TAYIBE,2,NA,36522,NA,NA,NA,NA,NA,NA,NA,18.9068354008579,1931.68233740178,NA,58.6296296296296
2730,טייבה,טייבה,84.98322159127888,1,227,5,temporal_distance > 149,2013,0.604838709677419,Party_turnout,FALSE,2013,16179,טייבה,TAYIBE,2,לא יהודי,39560,20000,19560,13600,4020,6000,14030,1910,18.9068354008579,2092.36496543493,0.0482810920121335,61.3333333333333
2730,טייבה,טייבה,84.98322159127888,1,227,5,temporal_distance > 149,2015,0.739501633986928,Party_turnout,TRUE,2015,16188,טייבה,TAYIBE,2,לא יהודי,40940,20640,20300,13540,4400,6320,14630,2060,18.9068354008579,2165.35444097336,0.0503175378602833,61.8333333333333
2730,טייבה,טייבה,84.98322159127888,1,227,5,temporal_distance > 149,2019,0.618292063031007,Party_turnout,TRUE,2019,16178,טייבה,TAYIBE,2,לא יהודי,43957,22120,21837,13239,4767,7470,16013,2468,18.9068354008579,2324.92635959614,0.0561457788293105,NA
2730,טייבה,טייבה,84.98322159127888,1,227,5,temporal_distance > 149,2019,0.666177418200043,Party_turnout,TRUE,2019.2,16178,טייבה,TAYIBE,2,לא יהודי,43957,22120,21837,13239,4767,7470,16013,2468,18.9068354008579,2324.92635959614,0.0561457788293105,NA
2730,טייבה,טייבה,84.98322159127888,1,227,5,temporal_distance > 149,2020,0.70941919102867,Party_turnout,TRUE,2020,16184,טייבה,TAYIBE,2,לא יהודי,44586,22411,22175,13118,4754,7766,16350,2598,18.9068354008579,2358.19475098286,0.0582694119230252,NA
2730,טייבה,טייבה,84.98322159127888,1,227,5,temporal_distance > 149,2021,0.434015888234488,Party_turnout,TRUE,2021,16175,טייבה,TAYIBE,2,לא יהודי,45388,22851,22537,13172,4750,7994,16765,2708,18.9068354008579,2400.61327227403,0.0596633471402133,NA
2730,טייבה,טייבה,84.98322159127888,1,227,5,temporal_distance > 149,2022,0.577131413939135,Party_turnout,TRUE,2022,16176,טייבה,TAYIBE,2,לא יהודי,46020,23179,22842,13076,4784,8148,17184,2829,18.9068354008579,2434.04033643366,0.0614732724902216,NA
3555,נתיב הגדוד,נתיבהגדוד,96.55487402802493,0,NA,NA,no_red_alert,2006,0.715167785234899,Party_turnout,FALSE,2006,16242,נתיב הגדוד,NETIV HAGEDUD,1,NA,125,NA,NA,NA,NA,NA,NA,NA,0.125367963993017,997.064928062183,NA,23.3333333333333
3555,נתיב הגדוד,נתיבהגדוד,96.55487402802493,0,NA,NA,no_red_alert,2009,0.538461538461538,Party_turnout,FALSE,2009,16250,נתיב הגדוד,NETIV HAGEDUD,1,NA,175,NA,NA,NA,NA,NA,NA,NA,0.125367963993017,1395.89089928706,NA,25.5
3555,נתיב הגדוד,נתיבהגדוד,96.55487402802493,0,NA,NA,no_red_alert,2013,0.570422535211268,Party_turnout,FALSE,2013,16251,נתיב הגדוד,NETIV HAGEDUD,1,יהודי,170,80,90,30,10,40,90,0,0.125367963993017,1356.00830216457,0,23
3555,נתיב הגדוד,נתיבהגדוד,96.55487402802493,0,NA,NA,no_red_alert,2015,0.704697986577181,Party_turnout,TRUE,2015,16244,נתיב הגדוד,NETIV HAGEDUD,1,יהודי,180,90,90,40,10,30,100,10,0.125367963993017,1435.77349640954,0.0555555555555556,27
3555,נתיב הגדוד,נתיבהגדוד,96.55487402802493,0,NA,NA,no_red_alert,2019,0.694805194805195,Party_turnout,TRUE,2019,16252,נתיב הגדוד,NETIV HAGEDUD,1,יהודי,212,105,107,63,0,29,0,32,0.125367963993017,1691.02211799346,0.150943396226415,NA
3555,נתיב הגדוד,נתיבהגדוד,96.55487402802493,0,NA,NA,no_red_alert,2019,0.684210526315789,Party_turnout,TRUE,2019.2,16252,נתיב הגדוד,NETIV HAGEDUD,1,יהודי,212,105,107,63,0,29,0,32,0.125367963993017,1691.02211799346,0.150943396226415,NA
3555,נתיב הגדוד,נתיבהגדוד,96.55487402802493,0,NA,NA,no_red_alert,2020,0.716738197424893,Party_turnout,TRUE,2020,16245,נתיב הגדוד,Netiv HaGedud,1,יהודי,222,108,101,67,7,26,0,0,0.125367963993017,1770.78731223844,0,NA
3555,נתיב הגדוד,נתיבהגדוד,96.55487402802493,0,NA,NA,no_red_alert,2021,0.661016949152542,Party_turnout,TRUE,2021,16240,נתיב הגדוד,NETIV HAGEDUD,1,יהודי,220,107,113,68,8,19,87,0,0.125367963993017,1754.8342733894401,0,NA
3555,נתיב הגדוד,נתיבהגדוד,96.55487402802493,0,NA,NA,no_red_alert,2022,0.608888888888889,Party_turnout,TRUE,2022,16238,נתיב הגדוד,NETIV HAGEDUD,1,יהודי,214,106,107,69,10,12,0,0,0.125367963993017,1706.97515684246,0,NA
3556,אלמוג,אלמוג,88.58289585775094,0,NA,NA,no_red_alert,2006,0.422669491525424,Party_turnout,FALSE,2006,16263,אלמוג,ALMOG,1,NA,192,NA,NA,NA,NA,NA,NA,NA,0.152111003517624,1262.23610100471,NA,19.5
3556,אלמוג,אלמוג,88.58289585775094,0,NA,NA,no_red_alert,2009,0.796610169491525,Party_turnout,FALSE,2009,16260,אלמוג,ALMOG,1,NA,152,NA,NA,NA,NA,NA,NA,NA,0.152111003517624,999.270246628731,NA,27.6666666666667
3556,אלמוג,אלמוג,88.58289585775094,0,NA,NA,no_red_alert,2013,0.742857142857143,Party_turnout,FALSE,2013,16256,אלמוג,ALMOG,1,יהודי,170,90,80,50,10,30,80,0,0.152111003517624,1117.60488109792,0,23
3556,אלמוג,אלמוג,88.58289585775094,0,NA,NA,no_red_alert,2015,0.724137931034483,Party_turnout,TRUE,2015,16258,אלמוג,ALMOG,1,יהודי,210,110,100,60,20,20,110,0,0.152111003517624,1380.5707354739,0,29.5
3556,אלמוג,אלמוג,88.58289585775094,0,NA,NA,no_red_alert,2019,0.701030927835051,Party_turnout,TRUE,2019,16267,אלמוג,ALMOG,1,יהודי,254,129,125,93,10,35,113,0,0.152111003517624,1669.83317528748,0,NA
3556,אלמוג,אלמוג,88.58289585775094,0,NA,NA,no_red_alert,2019,0.646464646464647,Party_turnout,TRUE,2019.2,16267,אלמוג,ALMOG,1,יהודי,254,129,125,93,10,35,113,0,0.152111003517624,1669.83317528748,0,NA
3556,אלמוג,אלמוג,88.58289585775094,0,NA,NA,no_red_alert,2020,0.699481865284974,Party_turnout,TRUE,2020,16254,אלמוג,Almog,1,יהודי,247,122,115,89,11,35,105,0,0.152111003517624,1623.81415077169,0,NA
3556,אלמוג,אלמוג,88.58289585775094,0,NA,NA,no_red_alert,2021,0.661375661375661,Party_turnout,TRUE,2021,16253,אלמוג,ALMOG,1,יהודי,255,127,129,90,13,34,110,0,0.152111003517624,1676.40732164688,0,NA
3556,אלמוג,אלמוג,88.58289585775094,0,NA,NA,no_red_alert,2022,0.569230769230769,Party_turnout,TRUE,2022,16255,אלמוג,ALMOG,1,יהודי,236,117,119,78,14,29,105,0,0.152111003517624,1551.49854081829,0,NA
3557,קדומים,קדומים,92.290384191096,0,NA,NA,no_red_alert,2006,0.922109636854865,Party_turnout,FALSE,2006,16281,קדומים,QEDUMIM,1,NA,3208,NA,NA,NA,NA,NA,NA,NA,2.31564256723636,1385.36061022088,NA,45.3333333333333
3557,קדומים,קדומים,92.290384191096,0,NA,NA,no_red_alert,2009,0.824207492795389,Party_turnout,FALSE,2009,16274,קדומים,QEDUMIM,1,NA,3767,NA,NA,NA,NA,NA,NA,NA,2.31564256723636,1626.76228762532,NA,46
3557,קדומים,קדומים,92.290384191096,0,NA,NA,no_red_alert,2013,0.856646394439618,Party_turnout,FALSE,2013,16279,קדומים,QEDUMIM,1,יהודי,4170,1990,2190,1710,390,600,1270,200,2.31564256723636,1800.79605505644,0.0479616306954436,56.6666666666667
3557,קדומים,קדומים,92.290384191096,0,NA,NA,no_red_alert,2015,0.861880772460118,Party_turnout,TRUE,2015,16269,קדומים,QEDUMIM,1,יהודי,4340,2110,2230,1820,340,580,1330,280,2.31564256723636,1874.2098031043,0.0645161290322581,51
3557,קדומים,קדומים,92.290384191096,0,NA,NA,no_red_alert,2019,0.836719049444231,Party_turnout,TRUE,2019,16280,קדומים,QEDUMIM,1,יהודי,4544,2240,2304,1873,375,563,1361,371,2.31564256723636,1962.30630076174,0.0816461267605634,NA
3557,קדומים,קדומים,92.290384191096,0,NA,NA,no_red_alert,2019,0.800531914893617,Party_turnout,TRUE,2019.2,16280,קדומים,QEDUMIM,1,יהודי,4544,2240,2304,1873,375,563,1361,371,2.31564256723636,1962.30630076174,0.0816461267605634,NA
3557,קדומים,קדומים,92.290384191096,0,NA,NA,no_red_alert,2020,0.799156765044078,Party_turnout,TRUE,2020,16268,קדומים,Qedumim,1,יהודי,4586,2263,2320,1812,414,599,1379,382,2.31564256723636,1980.44381498533,0.0832969908416921,NA
3557,קדומים,קדומים,92.290384191096,0,NA,NA,no_red_alert,2021,0.774436090225564,Party_turnout,TRUE,2021,16273,קדומים,QEDUMIM,1,יהודי,4590,2266,2324,1787,432,597,1363,411,2.31564256723636,1982.17119729234,0.0895424836601307,NA
3557,קדומים,קדומים,92.290384191096,0,NA,NA,no_red_alert,2022,0.760220994475138,Party_turnout,TRUE,2022,16271,קדומים,QEDUMIM,1,יהודי,4548,2242,2306,1744,442,575,1369,417,2.31564256723636,1964.03368306875,0.091688654353562,NA
3558,תומר,תומר,97.68460656778308,0,NA,NA,no_red_alert,2006,0.516400709219858,Party_turnout,FALSE,2006,16294,תומר,TOMER,1,NA,282,NA,NA,NA,NA,NA,NA,NA,0.147686105383797,1909.45518718336,NA,32
3558,תומר,תומר,97.68460656778308,0,NA,NA,no_red_alert,2009,0.683333333333333,Party_turnout,FALSE,2009,16287,תומר,TOMER,1,NA,233,NA,NA,NA,NA,NA,NA,NA,0.147686105383797,1577.67042061604,NA,29
3558,תומר,תומר,97.68460656778308,0,NA,NA,no_red_alert,2013,0.752066115702479,Party_turnout,FALSE,2013,16295,תומר,TOMER,1,יהודי,230,120,110,40,10,60,120,0,0.147686105383797,1557.3570675609,0,33.6666666666667
3558,תומר,תומר,97.68460656778308,0,NA,NA,no_red_alert,2015,0.728395061728395,Party_turnout,TRUE,2015,16296,תומר,TOMER,1,יהודי,250,120,120,60,10,50,120,0,0.147686105383797,1692.77942126184,0,28.3333333333333
3558,תומר,תומר,97.68460656778308,0,NA,NA,no_red_alert,2019,0.829365079365079,Party_turnout,TRUE,2019,16297,תומר,TOMER,1,יהודי,276,141,135,86,6,17,0,0,0.147686105383797,1868.82848107307,0,NA
3558,תומר,תומר,97.68460656778308,0,NA,NA,no_red_alert,2019,0.827309236947791,Party_turnout,TRUE,2019.2,16297,תומר,TOMER,1,יהודי,276,141,135,86,6,17,0,0,0.147686105383797,1868.82848107307,0,NA
3558,תומר,תומר,97.68460656778308,0,NA,NA,no_red_alert,2020,0.768292682926829,Party_turnout,TRUE,2020,16283,תומר,Tomer,1,יהודי,288,147,134,91,6,14,0,0,0.147686105383797,1950.08189329364,0,NA
3558,תומר,תומר,97.68460656778308,0,NA,NA,no_red_alert,2021,0.795180722891566,Party_turnout,TRUE,2021,16288,תומר,TOMER,1,יהודי,301,151,151,102,4,9,0,0,0.147686105383797,2038.10642319926,0,NA
3558,תומר,תומר,97.68460656778308,0,NA,NA,no_red_alert,2022,0.775590551181102,Party_turnout,TRUE,2022,16285,תומר,TOMER,1,יהודי,310,156,154,109,8,0,0,0,0.147686105383797,2099.04648236469,0,NA
3560,אלקנה,אלקנה,75.47768096094212,0,NA,NA,no_red_alert,2006,0.960860236322045,Party_turnout,FALSE,2006,16307,אלקנה,ELQANA,1,NA,2968,NA,NA,NA,NA,NA,NA,NA,1.16067669596746,2557.12896650008,NA,55.5
3560,אלקנה,אלקנה,75.47768096094212,0,NA,NA,no_red_alert,2009,0.831814038286235,Party_turnout,FALSE,2009,16310,אלקנה,ELQANA,1,NA,3478,NA,NA,NA,NA,NA,NA,NA,1.16067669596746,2996.52781182186,NA,57.5
3560,אלקנה,אלקנה,75.47768096094212,0,NA,NA,no_red_alert,2013,0.843137254901961,Party_turnout,FALSE,2013,16309,אלקנה,ELQANA,1,יהודי,3870,1840,2030,1260,280,710,1270,350,1.16067669596746,3334.26182626526,0.0904392764857881,61.5
3560,אלקנה,אלקנה,75.47768096094212,0,NA,NA,no_red_alert,2015,0.855397148676171,Party_turnout,TRUE,2015,16312,אלקנה,ELQANA,1,יהודי,3950,1910,2040,1290,250,730,1260,410,1.16067669596746,3403.18713533534,0.10379746835443,60
3560,אלקנה,אלקנה,75.47768096094212,0,NA,NA,no_red_alert,2019,0.848860455817673,Party_turnout,TRUE,2019,16299,אלקנה,ELQANA,1,יהודי,3838,1861,1977,1224,286,578,1232,517,1.16067669596746,3306.69170263723,0.13470557582074,NA
3560,אלקנה,אלקנה,75.47768096094212,0,NA,NA,no_red_alert,2019,0.809105431309904,Party_turnout,TRUE,2019.2,16299,אלקנה,ELQANA,1,יהודי,3838,1861,1977,1224,286,578,1232,517,1.16067669596746,3306.69170263723,0.13470557582074,NA
3560,אלקנה,אלקנה,75.47768096094212,0,NA,NA,no_red_alert,2020,0.82807570977918,Party_turnout,TRUE,2020,16298,אלקנה,Elqana,1,יהודי,3912,1940,1973,1246,274,576,1267,549,1.16067669596746,3370.44761352706,0.140337423312883,NA
3560,אלקנה,אלקנה,75.47768096094212,0,NA,NA,no_red_alert,2021,0.811638591117917,Party_turnout,TRUE,2021,16300,אלקנה,ELQANA,1,יהודי,4072,2020,2052,1304,321,561,1316,569,1.16067669596746,3508.29823166722,0.139734774066798,NA
3560,אלקנה,אלקנה,75.47768096094212,0,NA,NA,no_red_alert,2022,0.806220951018949,Party_turnout,TRUE,2022,16308,אלקנה,ELQANA,1,יהודי,4301,2126,2175,1409,332,600,1384,576,1.16067669596746,3705.59692888033,0.133922343641014,NA
3564,כוכב השחר,כוכבהשחר,86.59070897886916,0,NA,NA,no_red_alert,2006,0.666480496028892,Party_turnout,FALSE,2006,16357,כוכב השחר,KOKHAV HASHAHAR,1,NA,1530,NA,NA,NA,NA,NA,NA,NA,0.176517465295602,8667.69754164445,NA,33
3564,כוכב השחר,כוכבהשחר,86.59070897886916,0,NA,NA,no_red_alert,2009,0.864303178484108,Party_turnout,FALSE,2009,16353,כוכב השחר,KOKHAV HASHAHAR,1,NA,1421,NA,NA,NA,NA,NA,NA,NA,0.176517465295602,8050.19490632468,NA,32
3564,כוכב השחר,כוכבהשחר,86.59070897886916,0,NA,NA,no_red_alert,2013,0.869098712446352,Party_turnout,FALSE,2013,16350,כוכב השחר,KOKHAV HASHAHAR,1,יהודי,1600,800,790,810,60,250,460,10,0.176517465295602,9064.25886707916,0.00625,35
3564,כוכב השחר,כוכבהשחר,86.59070897886916,0,NA,NA,no_red_alert,2015,0.859960552268245,Party_turnout,TRUE,2015,16352,כוכב השחר,KOKHAV HASHAHAR,1,יהודי,1950,1060,880,880,280,280,490,20,0.176517465295602,11047.0654942527,0.0102564102564103,33
3564,כוכב השחר,כוכבהשחר,86.59070897886916,0,NA,NA,no_red_alert,2019,0.847068819031436,Party_turnout,TRUE,2019,16351,כוכב השחר,KOKHAV HASHAHAR,1,יהודי,2227,1193,1034,1027,252,283,620,0,0.176517465295602,12616.3153106158,0,NA
3564,כוכב השחר,כוכבהשחר,86.59070897886916,0,NA,NA,no_red_alert,2019,0.813333333333333,Party_turnout,TRUE,2019.2,16351,כוכב השחר,KOKHAV HASHAHAR,1,יהודי,2227,1193,1034,1027,252,283,620,0,0.176517465295602,12616.3153106158,0,NA
3564,כוכב השחר,כוכבהשחר,86.59070897886916,0,NA,NA,no_red_alert,2020,0.811993517017828,Party_turnout,TRUE,2020,16346,כוכב השחר,Kokhav HaShahar,1,יהודי,2450,1325,1114,1102,330,312,655,0,0.176517465295602,13879.646390215,0,NA
3564,כוכב השחר,כוכבהשחר,86.59070897886916,0,NA,NA,no_red_alert,2021,0.78582554517134,Party_turnout,TRUE,2021,16348,כוכב השחר,KOKHAV HASHAHAR,1,יהודי,2515,1349,1166,1112,370,295,675,0,0.176517465295602,14247.8819066901,0,NA
3564,כוכב השחר,כוכבהשחר,86.59070897886916,0,NA,NA,no_red_alert,2022,0.78939617083947,Party_turnout,TRUE,2022,16356,כוכב השחר,KOKHAV HASHAHAR,1,יהודי,2501,1331,1170,1125,300,325,678,0,0.176517465295602,14168.5696416031,0,NA
3565,רימונים,רימונים,84.7342167808495,0,NA,NA,no_red_alert,2006,0.619858874897665,Party_turnout,FALSE,2006,16360,רימונים,RIMMONIM,1,NA,565,NA,NA,NA,NA,NA,NA,NA,0.189191494715046,2986.39217820539,NA,21.3333333333333
3565,רימונים,רימונים,84.7342167808495,0,NA,NA,no_red_alert,2009,0.655963302752294,Party_turnout,FALSE,2009,16371,רימונים,RIMMONIM,1,NA,615,NA,NA,NA,NA,NA,NA,NA,0.189191494715046,3250.67467185188,NA,27.6666666666667
3565,רימונים,רימונים,84.7342167808495,0,NA,NA,no_red_alert,2013,0.652777777777778,Party_turnout,FALSE,2013,16363,רימונים,RIMMONIM,1,יהודי,540,270,280,120,60,100,230,30,0.189191494715046,2854.25093138214,0.0555555555555556,21.3333333333333
3565,רימונים,רימונים,84.7342167808495,0,NA,NA,no_red_alert,2015,0.698237885462555,Party_turnout,TRUE,2015,16368,רימונים,RIMMONIM,1,יהודי,600,300,300,140,60,110,260,30,0.189191494715046,3171.38992375794,0.05,29
3565,רימונים,רימונים,84.7342167808495,0,NA,NA,no_red_alert,2019,0.695906432748538,Party_turnout,TRUE,2019,16367,רימונים,RIMMONIM,1,יהודי,700,351,349,211,47,128,269,0,0.189191494715046,3699.95491105093,0,NA
3565,רימונים,רימונים,84.7342167808495,0,NA,NA,no_red_alert,2019,0.692156862745098,Party_turnout,TRUE,2019.2,16367,רימונים,RIMMONIM,1,יהודי,700,351,349,211,47,128,269,0,0.189191494715046,3699.95491105093,0,NA
3565,רימונים,רימונים,84.7342167808495,0,NA,NA,no_red_alert,2020,0.719056974459725,Party_turnout,TRUE,2020,16369,רימונים,Rimmonim,1,יהודי,699,355,339,206,42,122,280,0,0.189191494715046,3694.669261178,0,NA
3565,רימונים,רימונים,84.7342167808495,0,NA,NA,no_red_alert,2021,0.669847328244275,Party_turnout,TRUE,2021,16361,רימונים,RIMMONIM,1,יהודי,715,371,344,219,50,106,287,0,0.189191494715046,3779.23965914487,0,NA
3565,רימונים,רימונים,84.7342167808495,0,NA,NA,no_red_alert,2022,0.703125,Party_turnout,TRUE,2022,16372,רימונים,RIMMONIM,1,יהודי,707,367,340,209,45,113,283,0,0.189191494715046,3736.95446016144,0,NA
3566,יפית,יפית,103.03500089395226,0,NA,NA,no_red_alert,2006,0.439453125,Party_turnout,FALSE,2006,16381,יפית,YAFIT,1,NA,104,NA,NA,NA,NA,NA,NA,NA,0.218024764259626,477.010033026138,NA,20.3333333333333
3566,יפית,יפית,103.03500089395226,0,NA,NA,no_red_alert,2009,0.532786885245902,Party_turnout,FALSE,2009,16383,יפית,YAFIT,1,NA,106,NA,NA,NA,NA,NA,NA,NA,0.218024764259626,486.183302892025,NA,16.5
3566,יפית,יפית,103.03500089395226,0,NA,NA,no_red_alert,2013,0.5078125,Party_turnout,FALSE,2013,16375,יפית,YAFIT,1,יהודי,130,60,70,50,10,10,50,10,0.218024764259626,596.262541282672,0.0769230769230769,20.6666666666667
3566,יפית,יפית,103.03500089395226,0,NA,NA,no_red_alert,2015,0.607407407407407,Party_turnout,TRUE,2015,16386,יפית,YAFIT,1,יהודי,150,70,80,60,10,20,60,20,0.218024764259626,687.995239941545,0.133333333333333,18.6666666666667
3566,יפית,יפית,103.03500089395226,0,NA,NA,no_red_alert,2019,0.677215189873418,Party_turnout,TRUE,2019,16384,יפית,YAFIT,1,יהודי,202,96,106,81,9,18,0,18,0.218024764259626,926.500256454613,0.0891089108910891,NA
3566,יפית,יפית,103.03500089395226,0,NA,NA,no_red_alert,2019,0.660377358490566,Party_turnout,TRUE,2019.2,16384,יפית,YAFIT,1,יהודי,202,96,106,81,9,18,0,18,0.218024764259626,926.500256454613,0.0891089108910891,NA
3566,יפית,יפית,103.03500089395226,0,NA,NA,no_red_alert,2020,0.64375,Party_turnout,TRUE,2020,16385,יפית,Yafit,1,יהודי,218,106,101,88,13,15,0,0,0.218024764259626,999.886415381712,0,NA
3566,יפית,יפית,103.03500089395226,0,NA,NA,no_red_alert,2021,0.596385542168675,Party_turnout,TRUE,2021,16378,יפית,YAFIT,1,יהודי,221,105,116,88,10,17,0,0,0.218024764259626,1013.64632018054,0,NA
3566,יפית,יפית,103.03500089395226,0,NA,NA,no_red_alert,2022,0.573863636363636,Party_turnout,TRUE,2022,16376,יפית,YAFIT,1,יהודי,225,107,118,88,10,17,0,0,0.218024764259626,1031.99285991232,0,NA
3567,סלעית,סלעית,89.13661576558079,0,NA,NA,no_red_alert,2006,0.835150512569867,Party_turnout,FALSE,2006,16397,סלעית,SAL'IT,1,NA,429,NA,NA,NA,NA,NA,NA,NA,0.113237837975365,3788.48631932843,NA,27.5
3567,סלעית,סלעית,89.13661576558079,0,NA,NA,no_red_alert,2009,0.729885057471264,Party_turnout,FALSE,2009,16392,סלעית,SAL'IT,1,NA,497,NA,NA,NA,NA,NA,NA,NA,0.113237837975365,4388.99230933854,NA,33.5
3567,סלעית,סלעית,89.13661576558079,0,NA,NA,no_red_alert,2013,0.798387096774194,Party_turnout,FALSE,2013,16394,סלעית,SAL'IT,1,יהודי,560,290,270,180,50,40,250,40,0.113237837975365,4945.34344714201,0.0714285714285714,36.5
3567,סלעית,סלעית,89.13661576558079,0,NA,NA,no_red_alert,2015,0.779411764705882,Party_turnout,TRUE,2015,16395,סלעית,SAL'IT,1,יהודי,690,340,350,260,50,50,290,50,0.113237837975365,6093.36960451427,0.072463768115942,39.5
3567,סלעית,סלעית,89.13661576558079,0,NA,NA,no_red_alert,2019,0.815492957746479,Party_turnout,TRUE,2019,16400,סלעית,SAL'IT,1,יהודי,1331,690,641,573,69,81,532,0,0.113237837975365,11754.0216574036,0,NA
3567,סלעית,סלעית,89.13661576558079,0,NA,NA,no_red_alert,2019,0.830623306233062,Party_turnout,TRUE,2019.2,16400,סלעית,SAL'IT,1,יהודי,1331,690,641,573,69,81,532,0,0.113237837975365,11754.0216574036,0,NA
3567,סלעית,סלעית,89.13661576558079,0,NA,NA,no_red_alert,2020,0.817945383615085,Party_turnout,TRUE,2020,16391,סלעית,Sal'it,1,יהודי,1408,725,682,618,77,76,562,0,0.113237837975365,12434.0063813856,0,NA
3567,סלעית,סלעית,89.13661576558079,0,NA,NA,no_red_alert,2021,0.809226932668329,Party_turnout,TRUE,2021,16399,סלעית,SAL'IT,1,יהודי,1426,733,693,608,89,83,563,0,0.113237837975365,12592.9638493295,0,NA
3567,סלעית,סלעית,89.13661576558079,0,NA,NA,no_red_alert,2022,0.799757281553398,Party_turnout,TRUE,2022,16389,סלעית,SAL'IT,1,יהודי,1450,751,699,608,103,84,567,0,0.113237837975365,12804.9071399213,0,NA
3568,ריחן,ריחן,114.12451317449415,0,NA,NA,no_red_alert,2006,0.588235294117647,Party_turnout,FALSE,2006,16405,ריחן,REHAN,1,NA,153,NA,NA,NA,NA,NA,NA,NA,0.223381558267021,684.926728898139,NA,32
3568,ריחן,ריחן,114.12451317449415,0,NA,NA,no_red_alert,2009,0.696428571428571,Party_turnout,FALSE,2009,16409,ריחן,REHAN,1,NA,164,NA,NA,NA,NA,NA,NA,NA,0.223381558267021,734.169827054214,NA,36.5
3568,ריחן,ריחן,114.12451317449415,0,NA,NA,no_red_alert,2013,0.741666666666667,Party_turnout,FALSE,2013,16417,ריחן,REHAN,1,יהודי,180,90,90,60,20,20,90,0,0.223381558267021,805.796151644869,0,36
3568,ריחן,ריחן,114.12451317449415,0,NA,NA,no_red_alert,2015,0.763358778625954,Party_turnout,TRUE,2015,16407,ריחן,REHAN,1,יהודי,210,110,100,70,20,20,100,0,0.223381558267021,940.095510252347,0,42
3568,ריחן,ריחן,114.12451317449415,0,NA,NA,no_red_alert,2019,0.807291666666667,Party_turnout,TRUE,2019,16415,ריחן,REHAN,1,יהודי,330,173,156,118,17,28,157,0,0.223381558267021,1477.29294468226,0,NA
3568,ריחן,ריחן,114.12451317449415,0,NA,NA,no_red_alert,2019,0.762626262626263,Party_turnout,TRUE,2019.2,16415,ריחן,REHAN,1,יהודי,330,173,156,118,17,28,157,0,0.223381558267021,1477.29294468226,0,NA
3568,ריחן,ריחן,114.12451317449415,0,NA,NA,no_red_alert,2020,0.753623188405797,Party_turnout,TRUE,2020,16416,ריחן,Rehan,1,יהודי,352,188,156,130,16,23,171,0,0.223381558267021,1575.77914099441,0,NA
3568,ריחן,ריחן,114.12451317449415,0,NA,NA,no_red_alert,2021,0.790909090909091,Party_turnout,TRUE,2021,16410,ריחן,REHAN,1,יהודי,384,203,181,149,20,23,176,0,0.223381558267021,1719.03179017572,0,NA
3568,ריחן,ריחן,114.12451317449415,0,NA,NA,no_red_alert,2022,0.768595041322314,Party_turnout,TRUE,2022,16413,ריחן,REHAN,1,יהודי,408,214,194,163,21,22,185,0,0.223381558267021,1826.4712770617,0,NA
3569,מבוא דותן,מבואדותן,111.73036747468,0,NA,NA,no_red_alert,2006,0.506466915634508,Party_turnout,FALSE,2006,16431,מבוא דותן,MEVO DOTAN,1,NA,311,NA,NA,NA,NA,NA,NA,NA,0.120843098861371,2573.5851110271,NA,22
3569,מבוא דותן,מבואדותן,111.73036747468,0,NA,NA,no_red_alert,2009,0.556053811659193,Party_turnout,FALSE,2009,16429,מבוא דותן,MEVO DOTAN,1,NA,281,NA,NA,NA,NA,NA,NA,NA,0.120843098861371,2325.32931253574,NA,30
3569,מבוא דותן,מבואדותן,111.73036747468,0,NA,NA,no_red_alert,2013,0.576763485477178,Party_turnout,FALSE,2013,16422,מבוא דותן,MEVO DOTAN,1,יהודי,270,150,120,80,10,60,110,10,0.120843098861371,2234.30218642224,0.037037037037037,22.6666666666667
3569,מבוא דותן,מבואדותן,111.73036747468,0,NA,NA,no_red_alert,2015,0.637735849056604,Party_turnout,TRUE,2015,16424,מבוא דותן,MEVO DOTAN,1,יהודי,360,190,170,140,20,60,130,20,0.120843098861371,2979.06958189632,0.0555555555555556,34.3333333333333
3569,מבוא דותן,מבואדותן,111.73036747468,0,NA,NA,no_red_alert,2019,0.698181818181818,Party_turnout,TRUE,2019,16427,מבוא דותן,MEVO DOTAN,1,יהודי,448,227,220,202,15,48,153,0,0.120843098861371,3707.28659080431,0,NA
3569,מבוא דותן,מבואדותן,111.73036747468,0,NA,NA,no_red_alert,2019,0.685714285714286,Party_turnout,TRUE,2019.2,16427,מבוא דותן,MEVO DOTAN,1,יהודי,448,227,220,202,15,48,153,0,0.120843098861371,3707.28659080431,0,NA
3569,מבוא דותן,מבואדותן,111.73036747468,0,NA,NA,no_red_alert,2020,0.724137931034483,Party_turnout,TRUE,2020,16426,מבוא דותן,Mevo Dotan,1,יהודי,478,242,234,217,16,46,166,0,0.120843098861371,3955.54238929567,0,NA
3569,מבוא דותן,מבואדותן,111.73036747468,0,NA,NA,no_red_alert,2021,0.667774086378738,Party_turnout,TRUE,2021,16430,מבוא דותן,MEVO DOTAN,1,יהודי,509,259,249,252,13,37,169,0,0.120843098861371,4212.07338107007,0,NA
3569,מבוא דותן,מבואדותן,111.73036747468,0,NA,NA,no_red_alert,2022,0.731117824773414,Party_turnout,TRUE,2022,16423,מבוא דותן,MEVO DOTAN,1,יהודי,612,312,300,324,18,37,196,0,0.120843098861371,5064.41828922374,0,NA
3570,אריאל,אריאל,79.21968965069473,0,NA,NA,no_red_alert,2006,0.606390665560521,Party_turnout,FALSE,2006,16446,אריאל,ARI'EL,1,NA,16432,NA,NA,NA,NA,NA,NA,NA,14.0434660888154,1170.0815095133,NA,39
3570,אריאל,אריאל,79.21968965069473,0,NA,NA,no_red_alert,2009,0.653012048192771,Party_turnout,FALSE,2009,16434,אריאל,ARI'EL,1,NA,17553,NA,NA,NA,NA,NA,NA,NA,14.0434660888154,1249.90510811143,NA,46.8695652173913
3570,אריאל,אריאל,79.21968965069473,0,NA,NA,no_red_alert,2013,0.659212688433236,Party_turnout,FALSE,2013,16443,אריאל,ARI'EL,1,יהודי,18100,8900,9210,3580,1120,4090,7450,1840,14.0434660888154,1288.85560626769,0.101657458563536,47.2857142857143
3570,אריאל,אריאל,79.21968965069473,0,NA,NA,no_red_alert,2015,0.695983086680761,Party_turnout,TRUE,2015,16438,אריאל,ARI'EL,1,יהודי,18720,9280,9450,3830,1100,4190,7560,2050,14.0434660888154,1333.00425134427,0.109508547008547,54.5238095238095
3570,אריאל,אריאל,79.21968965069473,0,NA,NA,no_red_alert,2019,0.66763655601111,Party_turnout,TRUE,2019,16440,אריאל,ARI'EL,1,יהודי,20541,10324,10216,4358,1050,4683,7993,2460,14.0434660888154,1462.6730943836901,0.119760479041916,NA
3570,אריאל,אריאל,79.21968965069473,0,NA,NA,no_red_alert,2019,0.64206008583691,Party_turnout,TRUE,2019.2,16440,אריאל,ARI'EL,1,יהודי,20541,10324,10216,4358,1050,4683,7993,2460,14.0434660888154,1462.6730943836901,0.119760479041916,NA
3570,אריאל,אריאל,79.21968965069473,0,NA,NA,no_red_alert,2020,0.640036973458339,Party_turnout,TRUE,2020,16433,אריאל,ARI'EL,1,יהודי,19575,9806,9778,4291,1122,3750,7870,2542,14.0434660888154,1393.8866570547,0.129859514687101,NA
3570,אריאל,אריאל,79.21968965069473,0,NA,NA,no_red_alert,2021,0.616161616161616,Party_turnout,TRUE,2021,16441,אריאל,ARI'EL,1,יהודי,19647,9857,9789,4352,1024,3796,7827,2649,14.0434660888154,1399.01359648295,0.134829744999237,NA
3570,אריאל,אריאל,79.21968965069473,0,NA,NA,no_red_alert,2022,0.618082618862042,Party_turnout,TRUE,2022,16445,אריאל,ARI'EL,1,יהודי,20520,10298,10223,4341,1061,4468,7876,2774,14.0434660888154,1461.17773705045,0.135185185185185,NA
3571,שבי שומרון,שבישומרון,98.6011540937461,1,208,2,temporal_distance > 149,2006,0.855393967399617,Party_turnout,FALSE,2006,16459,שבי שומרון,SHAVE SHOMERON,1,NA,631,NA,NA,NA,NA,NA,NA,NA,0.208006843474885,3033.55403821696,NA,32.3333333333333
3571,שבי שומרון,שבישומרון,98.6011540937461,1,208,2,temporal_distance > 149,2009,0.75103734439834,Party_turnout,FALSE,2009,16452,שבי שומרון,SHAVE SHOMERON,1,NA,711,NA,NA,NA,NA,NA,NA,NA,0.208006843474885,3418.15676889423,NA,36
3571,שבי שומרון,שבישומרון,98.6011540937461,1,208,2,temporal_distance > 149,2013,0.792607802874743,Party_turnout,FALSE,2013,16450,שבי שומרון,SHAVE SHOMERON,1,יהודי,780,410,380,320,40,140,250,40,0.208006843474885,3749.87662410338,0.0512820512820513,47
3571,שבי שומרון,שבישומרון,98.6011540937461,1,208,2,temporal_distance > 149,2015,0.786538461538462,Party_turnout,TRUE,2015,16458,שבי שומרון,SHAVE SHOMERON,1,יהודי,880,450,430,390,40,140,260,50,0.208006843474885,4230.63003744996,0.0568181818181818,47.6666666666667
3571,שבי שומרון,שבישומרון,98.6011540937461,1,208,2,temporal_distance > 149,2019,0.819521178637201,Party_turnout,TRUE,2019,16451,שבי שומרון,SHAVE SHOMERON,1,יהודי,977,518,459,434,52,149,271,0,0.208006843474885,4696.96084839615,0,NA
3571,שבי שומרון,שבישומרון,98.6011540937461,1,208,2,temporal_distance > 149,2019,0.795289855072464,Party_turnout,TRUE,2019.2,16451,שבי שומרון,SHAVE SHOMERON,1,יהודי,977,518,459,434,52,149,271,0,0.208006843474885,4696.96084839615,0,NA
3571,שבי שומרון,שבישומרון,98.6011540937461,1,208,2,temporal_distance > 149,2020,0.797853309481216,Party_turnout,TRUE,2020,16461,שבי שומרון,Shave Shomeron,1,יהודי,1032,545,485,450,74,158,273,0,0.208006843474885,4961.37522573677,0,NA
3571,שבי שומרון,שבישומרון,98.6011540937461,1,208,2,temporal_distance > 149,2021,0.793650793650794,Party_turnout,TRUE,2021,16460,שבי שומרון,SHAVE SHOMERON,1,יהודי,1050,561,489,469,77,153,274,0,0.208006843474885,5047.91084013916,0,NA
3571,שבי שומרון,שבישומרון,98.6011540937461,1,208,2,temporal_distance > 149,2022,0.79421768707483,Party_turnout,TRUE,2022,16449,שבי שומרון,SHAVE SHOMERON,1,יהודי,1083,573,510,475,86,160,281,0,0.208006843474885,5206.55946654353,0,NA
3572,כפר תפוח,כפרתפוח,90.80348278011598,0,NA,NA,no_red_alert,2006,0.786225870262159,Party_turnout,FALSE,2006,16466,כפר תפוח,KEFAR TAPPUAH,1,NA,721,NA,NA,NA,NA,NA,NA,NA,0.116694935956947,6178.50289806921,NA,40
3572,כפר תפוח,כפרתפוח,90.80348278011598,0,NA,NA,no_red_alert,2009,0.782786885245902,Party_turnout,FALSE,2009,16468,כפר תפוח,KEFAR TAPPUAH,1,NA,916,NA,NA,NA,NA,NA,NA,NA,0.116694935956947,7849.52656675644,NA,33
3572,כפר תפוח,כפרתפוח,90.80348278011598,0,NA,NA,no_red_alert,2013,0.812903225806452,Party_turnout,FALSE,2013,16465,כפר תפוח,KEFAR TAPPUAH,1,יהודי,920,470,440,450,30,150,260,20,0.116694935956947,7883.80397534489,0.0217391304347826,55
3572,כפר תפוח,כפרתפוח,90.80348278011598,0,NA,NA,no_red_alert,2015,0.759183673469388,Party_turnout,TRUE,2015,16464,כפר תפוח,KEFAR TAPPUAH,1,יהודי,970,500,480,500,20,140,280,30,0.116694935956947,8312.2715827006,0.0309278350515464,46
3572,כפר תפוח,כפרתפוח,90.80348278011598,0,NA,NA,no_red_alert,2019,0.81063122923588,Party_turnout,TRUE,2019,16469,כפר תפוח,KEFAR TAPPUAH,1,יהודי,1312,637,675,687,76,155,347,0,0.116694935956947,11242.9900170136,0,NA
3572,כפר תפוח,כפרתפוח,90.80348278011598,0,NA,NA,no_red_alert,2019,0.818481848184819,Party_turnout,TRUE,2019.2,16469,כפר תפוח,KEFAR TAPPUAH,1,יהודי,1312,637,675,687,76,155,347,0,0.116694935956947,11242.9900170136,0,NA
3572,כפר תפוח,כפרתפוח,90.80348278011598,0,NA,NA,no_red_alert,2020,0.781350482315113,Party_turnout,TRUE,2020,16470,כפר תפוח,Kefar Tappuah,1,יהודי,1472,729,743,715,143,200,366,0,0.116694935956947,12614.0863605518,0,NA
3572,כפר תפוח,כפרתפוח,90.80348278011598,0,NA,NA,no_red_alert,2021,0.752238805970149,Party_turnout,TRUE,2021,16475,כפר תפוח,KEFAR TAPPUAH,1,יהודי,1522,757,765,723,133,242,374,0,0.116694935956947,13042.5539679075,0,NA
3572,כפר תפוח,כפרתפוח,90.80348278011598,0,NA,NA,no_red_alert,2022,0.725895316804408,Party_turnout,TRUE,2022,16467,כפר תפוח,KEFAR TAPPUAH,1,יהודי,1639,843,796,719,162,329,373,0,0.116694935956947,14045.1681691199,0,NA
3574,בית אל,ביתאל,75.61760464552256,1,208,16,temporal_distance > 149,2006,0.846192337408478,Party_turnout,FALSE,2006,16498,בית אל,BET EL,1,NA,5163,NA,NA,NA,NA,NA,NA,NA,1.52838823836953,3378.06839282397,NA,61
3574,בית אל,ביתאל,75.61760464552256,1,208,16,temporal_distance > 149,2009,0.859069932552361,Party_turnout,FALSE,2009,16495,בית אל,BET EL,1,NA,5492,NA,NA,NA,NA,NA,NA,NA,1.52838823836953,3593.32783524874,NA,57
3574,בית אל,ביתאל,75.61760464552256,1,208,16,temporal_distance > 149,2013,0.856866537717602,Party_turnout,FALSE,2013,16497,בית אל,BET EL,1,יהודי,5900,3100,2800,2270,1060,1010,1370,190,1.52838823836953,3860.27571521623,0.0322033898305085,62
3574,בית אל,ביתאל,75.61760464552256,1,208,16,temporal_distance > 149,2015,0.850467289719626,Party_turnout,TRUE,2015,16504,בית אל,BET EL,1,יהודי,6050,3140,2900,2260,1100,1050,1410,230,1.52838823836953,3958.41831814546,0.0380165289256198,61
3574,בית אל,ביתאל,75.61760464552256,1,208,16,temporal_distance > 149,2019,0.851416515973478,Party_turnout,TRUE,2019,16501,בית אל,BET EL,1,יהודי,5973,3188,2785,1960,1193,1184,1332,302,1.52838823836953,3908.03844864179,0.0505608571906914,NA
3574,בית אל,ביתאל,75.61760464552256,1,208,16,temporal_distance > 149,2019,0.815805109922757,Party_turnout,TRUE,2019.2,16501,בית אל,BET EL,1,יהודי,5973,3188,2785,1960,1193,1184,1332,302,1.52838823836953,3908.03844864179,0.0505608571906914,NA
3574,בית אל,ביתאל,75.61760464552256,1,208,16,temporal_distance > 149,2020,0.801190476190476,Party_turnout,TRUE,2020,16499,בית אל,Bet El,1,יהודי,5686,2922,2759,1884,948,1206,1327,321,1.52838823836953,3720.2589350372,0.0564544495251495,NA
3574,בית אל,ביתאל,75.61760464552256,1,208,16,temporal_distance > 149,2021,0.766019988242211,Party_turnout,TRUE,2021,16494,בית אל,BET EL,1,יהודי,5681,2926,2755,1881,874,1252,1327,347,1.52838823836953,3716.98751493956,0.0610807956345714,NA
3574,בית אל,ביתאל,75.61760464552256,1,208,16,temporal_distance > 149,2022,0.771909791607194,Party_turnout,TRUE,2022,16493,בית אל,BET EL,1,יהודי,6108,3297,2810,1915,1259,1211,1349,375,1.52838823836953,3996.36679127809,0.0613948919449902,NA
3576,מצפה יריחו,מצפהיריחו,83.61589953860624,0,NA,NA,no_red_alert,2006,0.72557000448415,Party_turnout,FALSE,2006,16533,מצפה יריחו,MIZPE YERIHO,1,NA,1641,NA,NA,NA,NA,NA,NA,NA,0.133033958972417,12335.1963113437,NA,20.3333333333333
3576,מצפה יריחו,מצפהיריחו,83.61589953860624,0,NA,NA,no_red_alert,2009,0.804031354983203,Party_turnout,FALSE,2009,16537,מצפה יריחו,MIZPE YERIHO,1,NA,1752,NA,NA,NA,NA,NA,NA,NA,0.133033958972417,13169.5697364254,NA,48
3576,מצפה יריחו,מצפהיריחו,83.61589953860624,0,NA,NA,no_red_alert,2013,0.849813432835821,Party_turnout,FALSE,2013,16529,מצפה יריחו,MIZPE YERIHO,1,יהודי,2160,1270,900,830,390,410,500,30,0.133033958972417,16236.4558394286,0.0138888888888889,51.6666666666667
3576,מצפה יריחו,מצפהיריחו,83.61589953860624,0,NA,NA,no_red_alert,2015,0.84819897084048,Party_turnout,TRUE,2015,16536,מצפה יריחו,MIZPE YERIHO,1,יהודי,2310,1350,960,900,410,410,550,40,0.133033958972417,17363.9874949445,0.0173160173160173,46
3576,מצפה יריחו,מצפהיריחו,83.61589953860624,0,NA,NA,no_red_alert,2019,0.815251572327044,Party_turnout,TRUE,2019,16532,מצפה יריחו,MIZPE YERIHO,1,יהודי,2560,1477,1083,1011,391,461,615,0,0.133033958972417,19243.2069208043,0,NA
3576,מצפה יריחו,מצפהיריחו,83.61589953860624,0,NA,NA,no_red_alert,2019,0.793427230046948,Party_turnout,TRUE,2019.2,16532,מצפה יריחו,MIZPE YERIHO,1,יהודי,2560,1477,1083,1011,391,461,615,0,0.133033958972417,19243.2069208043,0,NA
3576,מצפה יריחו,מצפהיריחו,83.61589953860624,0,NA,NA,no_red_alert,2020,0.793470007593014,Party_turnout,TRUE,2020,16525,מצפה יריחו,Mizpe Yeriho,1,יהודי,2578,1483,1094,1014,396,449,621,0,0.133033958972417,19378.5107194662,0,NA
3576,מצפה יריחו,מצפהיריחו,83.61589953860624,0,NA,NA,no_red_alert,2021,0.767631774313289,Party_turnout,TRUE,2021,16523,מצפה יריחו,MIZPE YERIHO,1,יהודי,2638,1508,1130,1020,406,448,655,109,0.133033958972417,19829.5233816725,0.0413191811978772,NA
3576,מצפה יריחו,מצפהיריחו,83.61589953860624,0,NA,NA,no_red_alert,2022,0.769835596854896,Party_turnout,TRUE,2022,16524,מצפה יריחו,MIZPE YERIHO,1,יהודי,2657,1551,1106,1053,358,449,668,132,0.133033958972417,19972.3440580379,0.049680090327437,NA
3578,שדמות מחולה,שדמותמחולה,127.5286617910207,0,NA,NA,no_red_alert,2006,0.609026297085999,Party_turnout,FALSE,2006,16545,שדמות מחולה,SHADMOT MEHOLA,1,NA,536,NA,NA,NA,NA,NA,NA,NA,0.122924064532677,4360.41553000807,NA,16
3578,שדמות מחולה,שדמותמחולה,127.5286617910207,0,NA,NA,no_red_alert,2009,0.828571428571429,Party_turnout,FALSE,2009,16549,שדמות מחולה,SHADMOT MEHOLA,1,NA,492,NA,NA,NA,NA,NA,NA,NA,0.122924064532677,4002.47097157458,NA,17
3578,שדמות מחולה,שדמותמחולה,127.5286617910207,0,NA,NA,no_red_alert,2013,0.644021739130435,Party_turnout,FALSE,2013,16538,שדמות מחולה,SHADMOT MEHOLA,1,יהודי,540,280,260,250,30,80,180,10,0.122924064532677,4392.95594441112,0.0185185185185185,20
3578,שדמות מחולה,שדמותמחולה,127.5286617910207,0,NA,NA,no_red_alert,2015,0.819314641744548,Party_turnout,TRUE,2015,16543,שדמות מחולה,SHADMOT MEHOLA,1,יהודי,550,280,270,250,30,70,190,20,0.122924064532677,4474.30698041873,0.0363636363636364,16.5
3578,שדמות מחולה,שדמותמחולה,127.5286617910207,0,NA,NA,no_red_alert,2019,0.857894736842105,Party_turnout,TRUE,2019,16551,שדמות מחולה,SHADMOT MEHOLA,1,יהודי,666,347,319,282,51,94,204,0,0.122924064532677,5417.97899810705,0,NA
3578,שדמות מחולה,שדמותמחולה,127.5286617910207,0,NA,NA,no_red_alert,2019,0.839285714285714,Party_turnout,TRUE,2019.2,16551,שדמות מחולה,SHADMOT MEHOLA,1,יהודי,666,347,319,282,51,94,204,0,0.122924064532677,5417.97899810705,0,NA
3578,שדמות מחולה,שדמותמחולה,127.5286617910207,0,NA,NA,no_red_alert,2020,0.79539641943734,Party_turnout,TRUE,2020,16539,שדמות מחולה,Shadmot Mehola,1,יהודי,666,350,314,261,59,104,206,0,0.122924064532677,5417.97899810705,0,NA
3578,שדמות מחולה,שדמותמחולה,127.5286617910207,0,NA,NA,no_red_alert,2021,0.75417661097852,Party_turnout,TRUE,2021,16550,שדמות מחולה,SHADMOT MEHOLA,1,יהודי,677,361,316,274,42,115,208,0,0.122924064532677,5507.46513771542,0,NA
3578,שדמות מחולה,שדמותמחולה,127.5286617910207,0,NA,NA,no_red_alert,2022,0.778032036613272,Party_turnout,TRUE,2022,16552,שדמות מחולה,SHADMOT MEHOLA,1,יהודי,702,365,337,275,59,106,216,0,0.122924064532677,5710.84272773446,0,NA
3579,אלון מורה,אלוןמורה,104.64756026352978,0,NA,NA,no_red_alert,2006,0.805923174160927,Party_turnout,FALSE,2006,16556,אלון מורה,ELON MORE,1,NA,1314,NA,NA,NA,NA,NA,NA,NA,0.258587476465575,5081.45258215909,NA,31.3333333333333
3579,אלון מורה,אלוןמורה,104.64756026352978,0,NA,NA,no_red_alert,2009,0.786163522012579,Party_turnout,FALSE,2009,16566,אלון מורה,ELON MORE,1,NA,1431,NA,NA,NA,NA,NA,NA,NA,0.258587476465575,5533.91068878969,NA,37
3579,אלון מורה,אלוןמורה,104.64756026352978,0,NA,NA,no_red_alert,2013,0.815819209039548,Party_turnout,FALSE,2013,16557,אלון מורה,ELON MORE,1,יהודי,1650,930,730,680,160,420,350,50,0.258587476465575,6380.81945248287,0.0303030303030303,43.6666666666667
3579,אלון מורה,אלוןמורה,104.64756026352978,0,NA,NA,no_red_alert,2015,0.830752212389381,Party_turnout,TRUE,2015,16565,אלון מורה,ELON MORE,1,יהודי,1790,1020,770,740,160,470,360,60,0.258587476465575,6922.2223151177805,0.0335195530726257,47
3579,אלון מורה,אלוןמורה,104.64756026352978,0,NA,NA,no_red_alert,2019,0.800218340611354,Party_turnout,TRUE,2019,16553,אלון מורה,ELON MORE,1,יהודי,1920,1100,820,833,190,403,411,0,0.258587476465575,7424.95354470734,0,NA
3579,אלון מורה,אלוןמורה,104.64756026352978,0,NA,NA,no_red_alert,2019,0.787648970747562,Party_turnout,TRUE,2019.2,16553,אלון מורה,ELON MORE,1,יהודי,1920,1100,820,833,190,403,411,0,0.258587476465575,7424.95354470734,0,NA
3579,אלון מורה,אלוןמורה,104.64756026352978,0,NA,NA,no_red_alert,2020,0.774891774891775,Party_turnout,TRUE,2020,16562,אלון מורה,Elon More,1,יהודי,2007,1151,855,866,234,394,428,0,0.258587476465575,7761.39675220189,0,NA
3579,אלון מורה,אלוןמורה,104.64756026352978,0,NA,NA,no_red_alert,2021,0.755274261603376,Party_turnout,TRUE,2021,16563,אלון מורה,ELON MORE,1,יהודי,2009,1140,869,862,219,398,436,0,0.258587476465575,7769.13107881096,0,NA
3579,אלון מורה,אלוןמורה,104.64756026352978,0,NA,NA,no_red_alert,2022,0.741503604531411,Party_turnout,TRUE,2022,16561,אלון מורה,ELON MORE,1,יהודי,2105,1235,870,871,253,439,441,0,0.258587476465575,8140.37875604633,0,NA
3598,ארגמן,ארגמן,113.98717714754754,0,NA,NA,no_red_alert,2006,0.481927710843373,Party_turnout,FALSE,2006,16575,ארגמן,ARGAMAN,1,NA,166,NA,NA,NA,NA,NA,NA,NA,0.184006779186344,902.140675110082,NA,18.3333333333333
3598,ארגמן,ארגמן,113.98717714754754,0,NA,NA,no_red_alert,2009,0.60431654676259,Party_turnout,FALSE,2009,16582,ארגמן,ARGAMAN,1,NA,165,NA,NA,NA,NA,NA,NA,NA,0.184006779186344,896.7060927299,NA,15
3598,ארגמן,ארגמן,113.98717714754754,0,NA,NA,no_red_alert,2013,0.634328358208955,Party_turnout,FALSE,2013,16576,ארגמן,ARGAMAN,1,יהודי,130,70,60,20,10,30,70,0,0.184006779186344,706.495709423558,0,19.3333333333333
3598,ארגמן,ארגמן,113.98717714754754,0,NA,NA,no_red_alert,2015,0.676923076923077,Party_turnout,TRUE,2015,16580,ארגמן,ARGAMAN,1,יהודי,130,70,60,20,10,30,70,10,0.184006779186344,706.495709423558,0.0769230769230769,17
3598,ארגמן,ארגמן,113.98717714754754,0,NA,NA,no_red_alert,2019,0.6484375,Party_turnout,TRUE,2019,16579,ארגמן,ARGAMAN,1,יהודי,132,72,60,28,0,20,0,0,0.184006779186344,717.36487418392,0,NA
3598,ארגמן,ארגמן,113.98717714754754,0,NA,NA,no_red_alert,2019,0.6640625,Party_turnout,TRUE,2019.2,16579,ארגמן,ARGAMAN,1,יהודי,132,72,60,28,0,20,0,0,0.184006779186344,717.36487418392,0,NA
3598,ארגמן,ארגמן,113.98717714754754,0,NA,NA,no_red_alert,2020,0.693548387096774,Party_turnout,TRUE,2020,16572,ארגמן,Argaman,1,יהודי,133,71,43,30,0,13,0,0,0.184006779186344,722.799456564102,0,NA
3598,ארגמן,ארגמן,113.98717714754754,0,NA,NA,no_red_alert,2021,0.663934426229508,Party_turnout,TRUE,2021,16573,ארגמן,ARGAMAN,1,יהודי,133,70,63,32,0,0,0,0,0.184006779186344,722.799456564102,0,NA
3598,ארגמן,ארגמן,113.98717714754754,0,NA,NA,no_red_alert,2022,0.628099173553719,Party_turnout,TRUE,2022,16577,ארגמן,ARGAMAN,1,יהודי,131,68,63,32,7,0,0,0,0.184006779186344,711.930291803739,0,NA
3599,מחולה,מחולה,127.71025711007776,0,NA,NA,no_red_alert,2006,0.73956416139307,Party_turnout,FALSE,2006,16588,מחולה,MEHOLA,1,NA,351,NA,NA,NA,NA,NA,NA,NA,0.141970132080478,2472.35101395152,NA,22.5
3599,מחולה,מחולה,127.71025711007776,0,NA,NA,no_red_alert,2009,0.763358778625954,Party_turnout,FALSE,2009,16583,מחולה,MEHOLA,1,NA,376,NA,NA,NA,NA,NA,NA,NA,0.141970132080478,2648.44439101359,NA,21
3599,מחולה,מחולה,127.71025711007776,0,NA,NA,no_red_alert,2013,0.84070796460177,Party_turnout,FALSE,2013,16591,מחולה,MEHOLA,1,יהודי,440,230,210,180,30,50,160,10,0.141970132080478,3099.2434362925,0.0227272727272727,25.5
3599,מחולה,מחולה,127.71025711007776,0,NA,NA,no_red_alert,2015,0.822335025380711,Party_turnout,TRUE,2015,16589,מחולה,MEHOLA,1,יהודי,470,240,230,200,40,40,170,30,0.141970132080478,3310.55548876699,0.0638297872340425,20
3599,מחולה,מחולה,127.71025711007776,0,NA,NA,no_red_alert,2019,0.857438016528926,Party_turnout,TRUE,2019,16592,מחולה,MEHOLA,1,יהודי,609,297,311,249,69,57,180,0,0.141970132080478,4289.63466523212,0,NA
3599,מחולה,מחולה,127.71025711007776,0,NA,NA,no_red_alert,2019,0.784431137724551,Party_turnout,TRUE,2019.2,16592,מחולה,MEHOLA,1,יהודי,609,297,311,249,69,57,180,0,0.141970132080478,4289.63466523212,0,NA
3599,מחולה,מחולה,127.71025711007776,0,NA,NA,no_red_alert,2020,0.755162241887906,Party_turnout,TRUE,2020,16585,מחולה,Mehola,1,יהודי,628,308,322,259,66,64,182,0,0.141970132080478,4423.4656317993,0,NA
3599,מחולה,מחולה,127.71025711007776,0,NA,NA,no_red_alert,2021,0.763380281690141,Party_turnout,TRUE,2021,16586,מחולה,MEHOLA,1,יהודי,649,312,336,264,69,67,185,0,0.141970132080478,4571.38406853144,0,NA
3599,מחולה,מחולה,127.71025711007776,0,NA,NA,no_red_alert,2022,0.732824427480916,Party_turnout,TRUE,2022,16595,מחולה,MEHOLA,1,יהודי,688,329,359,281,73,75,194,0,0.141970132080478,4846.08973674828,0,NA
3601,קליה,קליה,87.92497145255115,0,NA,NA,no_red_alert,2006,0.650694532942526,Party_turnout,FALSE,2006,16600,קליה,QALYA,1,NA,266,NA,NA,NA,NA,NA,NA,NA,0.190125811370221,1399.07358229249,NA,23
3601,קליה,קליה,87.92497145255115,0,NA,NA,no_red_alert,2009,0.634361233480176,Party_turnout,FALSE,2009,16606,קליה,QALYA,1,NA,300,NA,NA,NA,NA,NA,NA,NA,0.190125811370221,1577.9025364201,NA,25.3333333333333
3601,קליה,קליה,87.92497145255115,0,NA,NA,no_red_alert,2013,0.742372881355932,Party_turnout,FALSE,2013,16607,קליה,QALYA,1,יהודי,370,190,190,100,30,70,170,0,0.190125811370221,1946.07979491812,0,27
3601,קליה,קליה,87.92497145255115,0,NA,NA,no_red_alert,2015,0.772727272727273,Party_turnout,TRUE,2015,16604,קליה,QALYA,1,יהודי,390,200,200,110,30,70,180,0,0.190125811370221,2051.27329734612,0,22
3601,קליה,קליה,87.92497145255115,0,NA,NA,no_red_alert,2019,0.75,Party_turnout,TRUE,2019,16612,קליה,QALYA,1,יהודי,438,222,216,120,26,64,207,0,0.190125811370221,2303.73770317334,0,NA
3601,קליה,קליה,87.92497145255115,0,NA,NA,no_red_alert,2019,0.706070287539936,Party_turnout,TRUE,2019.2,16612,קליה,QALYA,1,יהודי,438,222,216,120,26,64,207,0,0.190125811370221,2303.73770317334,0,NA
3601,קליה,קליה,87.92497145255115,0,NA,NA,no_red_alert,2020,0.69811320754717,Party_turnout,TRUE,2020,16598,קליה,Qalya,1,יהודי,463,238,222,118,40,62,217,0,0.190125811370221,2435.22958120835,0,NA
3601,קליה,קליה,87.92497145255115,0,NA,NA,no_red_alert,2021,0.676923076923077,Party_turnout,TRUE,2021,16608,קליה,QALYA,1,יהודי,489,255,234,137,25,68,222,0,0.190125811370221,2571.98113436476,0,NA
3601,קליה,קליה,87.92497145255115,0,NA,NA,no_red_alert,2022,0.699115044247788,Party_turnout,TRUE,2022,16601,קליה,QALYA,1,יהודי,490,251,239,142,26,57,225,0,0.190125811370221,2577.24080948616,0,NA
3605,משואה,משואה,107.653062545437,0,NA,NA,no_red_alert,2006,0.638532688669329,Party_turnout,FALSE,2006,16662,משואה,MASSU'A,1,NA,142,NA,NA,NA,NA,NA,NA,NA,0.173451908505759,818.670726792756,NA,16.5
3605,משואה,משואה,107.653062545437,0,NA,NA,no_red_alert,2009,0.632352941176471,Party_turnout,FALSE,2009,16658,משואה,MASSU'A,1,NA,136,NA,NA,NA,NA,NA,NA,NA,0.173451908505759,784.079005942358,NA,15
3605,משואה,משואה,107.653062545437,0,NA,NA,no_red_alert,2013,0.723880597014925,Party_turnout,FALSE,2013,16661,משואה,MASSU'A,1,יהודי,150,80,60,40,0,20,70,20,0.173451908505759,864.793021259953,0.133333333333333,18.5
3605,משואה,משואה,107.653062545437,0,NA,NA,no_red_alert,2015,0.734848484848485,Party_turnout,TRUE,2015,16672,משואה,MASSU'A,1,יהודי,150,80,70,40,10,10,70,30,0.173451908505759,864.793021259953,0.2,20
3605,משואה,משואה,107.653062545437,0,NA,NA,no_red_alert,2019,0.673333333333333,Party_turnout,TRUE,2019,16668,משואה,MASSU'A,1,יהודי,184,94,90,62,11,0,0,36,0.173451908505759,1060.81277274554,0.195652173913043,NA
3605,משואה,משואה,107.653062545437,0,NA,NA,no_red_alert,2019,0.633333333333333,Party_turnout,TRUE,2019.2,16668,משואה,MASSU'A,1,יהודי,184,94,90,62,11,0,0,36,0.173451908505759,1060.81277274554,0.195652173913043,NA
3605,משואה,משואה,107.653062545437,0,NA,NA,no_red_alert,2020,0.67741935483871,Party_turnout,TRUE,2020,16667,משואה,Massu'a,1,יהודי,181,90,79,55,12,0,0,0,0.173451908505759,1043.51691232034,0,NA
3605,משואה,משואה,107.653062545437,0,NA,NA,no_red_alert,2021,0.700636942675159,Party_turnout,TRUE,2021,16663,משואה,MASSU'A,1,יהודי,263,133,131,95,12,42,0,0,0.173451908505759,1516.27043060912,0,NA
3605,משואה,משואה,107.653062545437,0,NA,NA,no_red_alert,2022,0.745283018867924,Party_turnout,TRUE,2022,16660,משואה,MASSU'A,1,יהודי,297,147,150,114,14,42,0,0,0.173451908505759,1712.29018209471,0,NA
3606,גלגל,גלגל,97.09261626210524,0,NA,NA,no_red_alert,2006,0.584901841732443,Party_turnout,FALSE,2006,16682,גלגל,GILGAL,1,NA,162,NA,NA,NA,NA,NA,NA,NA,0.259432464231882,624.439969298537,NA,28
3606,גלגל,גלגל,97.09261626210524,0,NA,NA,no_red_alert,2009,0.581818181818182,Party_turnout,FALSE,2009,16676,גלגל,GILGAL,1,NA,170,NA,NA,NA,NA,NA,NA,NA,0.259432464231882,655.276510992292,NA,28
3606,גלגל,גלגל,97.09261626210524,0,NA,NA,no_red_alert,2013,0.573770491803279,Party_turnout,FALSE,2013,16673,גלגל,GILGAL,1,יהודי,170,80,90,30,20,50,70,0,0.259432464231882,655.276510992292,0,28.5
3606,גלגל,גלגל,97.09261626210524,0,NA,NA,no_red_alert,2015,0.621212121212121,Party_turnout,TRUE,2015,16686,גלגל,GILGAL,1,יהודי,170,70,100,30,20,40,80,10,0.259432464231882,655.276510992292,0.0588235294117647,29.5
3606,גלגל,גלגל,97.09261626210524,0,NA,NA,no_red_alert,2019,0.585034013605442,Party_turnout,TRUE,2019,16681,גלגל,GILGAL,1,יהודי,203,97,107,43,12,46,94,0,0.259432464231882,782.477245479031,0,NA
3606,גלגל,גלגל,97.09261626210524,0,NA,NA,no_red_alert,2019,0.585526315789474,Party_turnout,TRUE,2019.2,16681,גלגל,GILGAL,1,יהודי,203,97,107,43,12,46,94,0,0.259432464231882,782.477245479031,0,NA
3606,גלגל,גלגל,97.09261626210524,0,NA,NA,no_red_alert,2020,0.587096774193548,Party_turnout,TRUE,2020,16674,גלגל,Gilgal,1,יהודי,217,94,110,57,7,44,101,0,0.259432464231882,836.441193443102,0,NA
3606,גלגל,גלגל,97.09261626210524,0,NA,NA,no_red_alert,2021,0.54320987654321,Party_turnout,TRUE,2021,16680,גלגל,GILGAL,1,יהודי,222,101,122,62,4,43,101,0,0.259432464231882,855.714032001699,0,NA
3606,גלגל,גלגל,97.09261626210524,0,NA,NA,no_red_alert,2022,0.594936708860759,Party_turnout,TRUE,2022,16675,גלגל,GILGAL,1,יהודי,229,104,125,69,5,39,104,0,0.259432464231882,882.696005983734,0,NA
3607,"ייט""ב",ייטב,92.27704702806376,0,NA,NA,no_red_alert,2006,0.691729323308271,Party_turnout,FALSE,2006,16702,"ייט""ב",YITAV,1,NA,175,NA,NA,NA,NA,NA,NA,NA,0.128833289680894,1358.3445740883801,NA,12.3333333333333
3607,"ייט""ב",ייטב,92.27704702806376,0,NA,NA,no_red_alert,2009,0.760330578512397,Party_turnout,FALSE,2009,16695,"ייט""ב",YITAV,1,NA,118,NA,NA,NA,NA,NA,NA,NA,0.128833289680894,915.912341385311,NA,10
3607,"ייט""ב",ייטב,92.27704702806376,0,NA,NA,no_red_alert,2013,0.789473684210526,Party_turnout,FALSE,2013,16693,"ייט""ב",YITAV,1,יהודי,230,110,110,110,0,40,60,0,0.128833289680894,1785.25286880188,0,13.3333333333333
3607,"ייט""ב",ייטב,92.27704702806376,0,NA,NA,no_red_alert,2015,0.821428571428571,Party_turnout,TRUE,2015,16700,"ייט""ב",YITAV,1,יהודי,280,130,150,130,20,40,90,0,0.128833289680894,2173.35131854142,0,14
3607,"ייט""ב",ייטב,92.27704702806376,0,NA,NA,no_red_alert,2019,0.803921568627451,Party_turnout,TRUE,2019,16694,"ייט""ב",YITAV,1,יהודי,358,164,194,168,31,36,114,0,0.128833289680894,2778.7849001351,0,NA
3607,"ייט""ב",ייטב,92.27704702806376,0,NA,NA,no_red_alert,2019,0.77511961722488,Party_turnout,TRUE,2019.2,16694,"ייט""ב",YITAV,1,יהודי,358,164,194,168,31,36,114,0,0.128833289680894,2778.7849001351,0,NA
3607,"ייט""ב",ייטב,92.27704702806376,0,NA,NA,no_red_alert,2020,0.780487804878049,Party_turnout,TRUE,2020,16699,"ייט""ב",Yitav,1,יהודי,321,147,164,141,30,31,106,0,0.128833289680894,2491.59204732784,0,NA
3607,"ייט""ב",ייטב,92.27704702806376,0,NA,NA,no_red_alert,2021,0.686440677966102,Party_turnout,TRUE,2021,16689,"ייט""ב",YITAV,1,יהודי,296,132,164,123,29,28,102,0,0.128833289680894,2297.54282245807,0,NA
3607,"ייט""ב",ייטב,92.27704702806376,0,NA,NA,no_red_alert,2022,0.688888888888889,Party_turnout,TRUE,2022,16698,"ייט""ב",YITAV,1,יהודי,261,116,145,108,20,21,97,0,0.128833289680894,2025.87390764039,0,NA
3608,מעלה אפרים,מעלהאפרים,97.4101264500562,0,NA,NA,no_red_alert,2006,0.436763501947456,Party_turnout,FALSE,2006,16712,מעלה אפרים,MA'ALE EFRAYIM,1,NA,1384,NA,NA,NA,NA,NA,NA,NA,5.65759353057147,244.626976561924,NA,26.4
3608,מעלה אפרים,מעלהאפרים,97.4101264500562,0,NA,NA,no_red_alert,2009,0.490909090909091,Party_turnout,FALSE,2009,16710,מעלה אפרים,MA'ALE EFRAYIM,1,NA,1271,NA,NA,NA,NA,NA,NA,NA,5.65759353057147,224.653820238588,NA,22.625
3608,מעלה אפרים,מעלהאפרים,97.4101264500562,0,NA,NA,no_red_alert,2013,0.507640067911715,Party_turnout,FALSE,2013,16717,מעלה אפרים,MA'ALE EFRAYIM,1,יהודי,1100,560,540,250,70,250,440,90,5.65759353057147,194.428955359911,0.0818181818181818,27.4
3608,מעלה אפרים,מעלהאפרים,97.4101264500562,0,NA,NA,no_red_alert,2015,0.55793991416309,Party_turnout,TRUE,2015,16704,מעלה אפרים,MA'ALE EFRAYIM,1,יהודי,1210,610,600,330,80,240,460,110,5.65759353057147,213.87185089590201,0.0909090909090909,32.4
3608,מעלה אפרים,מעלהאפרים,97.4101264500562,0,NA,NA,no_red_alert,2019,0.556338028169014,Party_turnout,TRUE,2019,16709,מעלה אפרים,MA'ALE EFRAYIM,1,יהודי,1260,662,599,393,81,222,420,142,5.65759353057147,222.709530684989,0.112698412698413,NA
3608,מעלה אפרים,מעלהאפרים,97.4101264500562,0,NA,NA,no_red_alert,2019,0.516444444444444,Party_turnout,TRUE,2019.2,16709,מעלה אפרים,MA'ALE EFRAYIM,1,יהודי,1260,662,599,393,81,222,420,142,5.65759353057147,222.709530684989,0.112698412698413,NA
3608,מעלה אפרים,מעלהאפרים,97.4101264500562,0,NA,NA,no_red_alert,2020,0.532490974729242,Party_turnout,TRUE,2020,16707,מעלה אפרים,Ma'ale Efrayim,1,יהודי,1255,663,590,402,119,175,418,141,5.65759353057147,221.82576270608,0.112350597609562,NA
3608,מעלה אפרים,מעלהאפרים,97.4101264500562,0,NA,NA,no_red_alert,2021,0.50990990990991,Party_turnout,TRUE,2021,16716,מעלה אפרים,MA'ALE EFRAYIM,1,יהודי,1318,687,631,444,107,190,435,140,5.65759353057147,232.96123924033,0.106221547799697,NA
3608,מעלה אפרים,מעלהאפרים,97.4101264500562,0,NA,NA,no_red_alert,2022,0.542168674698795,Party_turnout,TRUE,2022,16711,מעלה אפרים,MA'ALE EFRAYIM,1,יהודי,1377,722,655,472,112,200,448,144,5.65759353057147,243.389701391452,0.104575163398693,NA
3609,חמרה,חמרה,109.6374846154058,0,NA,NA,no_red_alert,2006,0.533333333333333,Party_turnout,FALSE,2006,16719,חמרה,HAMRA,1,NA,132,NA,NA,NA,NA,NA,NA,NA,0.152110182613303,867.792002693028,NA,12
3609,חמרה,חמרה,109.6374846154058,0,NA,NA,no_red_alert,2009,0.598425196850394,Party_turnout,FALSE,2009,16729,חמרה,HAMRA,1,NA,91,NA,NA,NA,NA,NA,NA,NA,0.152110182613303,598.250547311102,NA,11.3333333333333
3609,חמרה,חמרה,109.6374846154058,0,NA,NA,no_red_alert,2013,0.64,Party_turnout,FALSE,2013,16727,חמרה,HAMRA,1,יהודי,110,60,50,30,0,10,50,20,0.152110182613303,723.16000224419,0.181818181818182,12.5
3609,חמרה,חמרה,109.6374846154058,0,NA,NA,no_red_alert,2015,0.704545454545455,Party_turnout,TRUE,2015,16728,חמרה,HAMRA,1,יהודי,130,70,60,40,10,10,50,30,0.152110182613303,854.643639015861,0.230769230769231,14.5
3609,חמרה,חמרה,109.6374846154058,0,NA,NA,no_red_alert,2019,0.718518518518519,Party_turnout,TRUE,2019,16724,חמרה,HAMRA,1,יהודי,173,69,104,44,46,12,0,0,0.152110182613303,1137.33345807495,0,NA
3609,חמרה,חמרה,109.6374846154058,0,NA,NA,no_red_alert,2019,0.647058823529412,Party_turnout,TRUE,2019.2,16724,חמרה,HAMRA,1,יהודי,173,69,104,44,46,12,0,0,0.152110182613303,1137.33345807495,0,NA
3609,חמרה,חמרה,109.6374846154058,0,NA,NA,no_red_alert,2020,0.66412213740458,Party_turnout,TRUE,2020,16730,חמרה,Hamra,1,יהודי,256,81,166,84,82,15,0,0,0.152110182613303,1682.99055067739,0,NA
3609,חמרה,חמרה,109.6374846154058,0,NA,NA,no_red_alert,2021,0.639705882352941,Party_turnout,TRUE,2021,16731,חמרה,HAMRA,1,יהודי,273,89,184,68,111,15,0,0,0.152110182613303,1794.75164193331,0,NA
3609,חמרה,חמרה,109.6374846154058,0,NA,NA,no_red_alert,2022,0.702702702702703,Party_turnout,TRUE,2022,16732,חמרה,HAMRA,1,יהודי,224,93,131,69,55,11,0,0,0.152110182613303,1472.61673184271,0,NA
3610,מצפה שלם,מצפהשלם,78.46922007417987,0,NA,NA,no_red_alert,2006,0.50642725974291,Party_turnout,FALSE,2006,16736,מצפה שלם,MIZPE SHALEM,1,NA,169,NA,NA,NA,NA,NA,NA,NA,0.202813437369269,833.278120977243,NA,14.6666666666667
3610,מצפה שלם,מצפהשלם,78.46922007417987,0,NA,NA,no_red_alert,2009,0.716535433070866,Party_turnout,FALSE,2009,16747,מצפה שלם,MIZPE SHALEM,1,NA,163,NA,NA,NA,NA,NA,NA,NA,0.202813437369269,803.694282362666,NA,15.5
3610,מצפה שלם,מצפהשלם,78.46922007417987,0,NA,NA,no_red_alert,2013,0.724137931034483,Party_turnout,FALSE,2013,16733,מצפה שלם,MIZPE SHALEM,1,יהודי,170,90,80,30,20,30,90,0,0.202813437369269,838.208760746339,0,16.6666666666667
3610,מצפה שלם,מצפהשלם,78.46922007417987,0,NA,NA,no_red_alert,2015,0.728476821192053,Party_turnout,TRUE,2015,16746,מצפה שלם,MIZPE SHALEM,1,יהודי,170,90,80,30,20,30,90,0,0.202813437369269,838.208760746339,0,14
3610,מצפה שלם,מצפהשלם,78.46922007417987,0,NA,NA,no_red_alert,2019,0.722543352601156,Party_turnout,TRUE,2019,16742,מצפה שלם,MIZPE SHALEM,1,יהודי,207,97,110,37,20,44,104,0,0.202813437369269,1020.64243220289,0,NA
3610,מצפה שלם,מצפהשלם,78.46922007417987,0,NA,NA,no_red_alert,2019,0.757446808510638,Party_turnout,TRUE,2019.2,16742,מצפה שלם,MIZPE SHALEM,1,יהודי,207,97,110,37,20,44,104,0,0.202813437369269,1020.64243220289,0,NA
3610,מצפה שלם,מצפהשלם,78.46922007417987,0,NA,NA,no_red_alert,2020,0.745019920318725,Party_turnout,TRUE,2020,16743,מצפה שלם,Mizpe Shalem,1,יהודי,243,142,94,39,59,38,103,0,0.202813437369269,1198.14546389035,0,NA
3610,מצפה שלם,מצפהשלם,78.46922007417987,0,NA,NA,no_red_alert,2021,0.723484848484849,Party_turnout,TRUE,2021,16740,מצפה שלם,MIZPE SHALEM,1,יהודי,238,141,97,39,53,33,107,0,0.202813437369269,1173.49226504487,0,NA
3610,מצפה שלם,מצפהשלם,78.46922007417987,0,NA,NA,no_red_alert,2022,0.720754716981132,Party_turnout,TRUE,2022,16738,מצפה שלם,MIZPE SHALEM,1,יהודי,243,142,100,44,43,39,110,0,0.202813437369269,1198.14546389035,0,NA
3612,בקעות,בקעות,114.12434445818651,0,NA,NA,no_red_alert,2006,0.588375701157656,Party_turnout,FALSE,2006,16768,בקעות,BEQA'OT,1,NA,171,NA,NA,NA,NA,NA,NA,NA,0.148730657786898,1149.72933317494,NA,12
3612,בקעות,בקעות,114.12434445818651,0,NA,NA,no_red_alert,2009,0.65034965034965,Party_turnout,FALSE,2009,16770,בקעות,BEQA'OT,1,NA,159,NA,NA,NA,NA,NA,NA,NA,0.148730657786898,1069.04657295214,NA,14.5
3612,בקעות,בקעות,114.12434445818651,0,NA,NA,no_red_alert,2013,0.755102040816326,Party_turnout,FALSE,2013,16777,בקעות,BEQA'OT,1,יהודי,170,80,90,50,0,20,80,20,0.148730657786898,1143.00576982304,0.117647058823529,11
3612,בקעות,בקעות,114.12434445818651,0,NA,NA,no_red_alert,2015,0.809859154929577,Party_turnout,TRUE,2015,16771,בקעות,BEQA'OT,1,יהודי,180,90,90,60,0,10,80,30,0.148730657786898,1210.24140334204,0.166666666666667,11.5
3612,בקעות,בקעות,114.12434445818651,0,NA,NA,no_red_alert,2019,0.830882352941177,Party_turnout,TRUE,2019,16776,בקעות,BEQA'OT,1,יהודי,182,93,88,62,11,0,0,0,0.148730657786898,1223.68853004584,0,NA
3612,בקעות,בקעות,114.12434445818651,0,NA,NA,no_red_alert,2019,0.776978417266187,Party_turnout,TRUE,2019.2,16776,בקעות,BEQA'OT,1,יהודי,182,93,88,62,11,0,0,0,0.148730657786898,1223.68853004584,0,NA
3612,בקעות,בקעות,114.12434445818651,0,NA,NA,no_red_alert,2020,0.742857142857143,Party_turnout,TRUE,2020,16775,בקעות,Beqa'ot,1,יהודי,193,105,80,68,13,0,75,0,0.148730657786898,1297.64772691675,0,NA
3612,בקעות,בקעות,114.12434445818651,0,NA,NA,no_red_alert,2021,0.701388888888889,Party_turnout,TRUE,2021,16766,בקעות,BEQA'OT,1,יהודי,186,101,85,60,14,0,0,0,0.148730657786898,1250.58278345344,0,NA
3612,בקעות,בקעות,114.12434445818651,0,NA,NA,no_red_alert,2022,0.717241379310345,Party_turnout,TRUE,2022,16772,בקעות,BEQA'OT,1,יהודי,187,103,85,58,16,11,0,0,0.148730657786898,1257.30634680534,0,NA
3613,גיתית,גיתית,99.50026035947634,0,NA,NA,no_red_alert,2006,0.895405450780682,Party_turnout,FALSE,2006,16786,גיתית,GITTIT,1,NA,214,NA,NA,NA,NA,NA,NA,NA,0.144238863180105,1483.6500737862,NA,21.5
3613,גיתית,גיתית,99.50026035947634,0,NA,NA,no_red_alert,2009,0.729032258064516,Party_turnout,FALSE,2009,16789,גיתית,GITTIT,1,NA,258,NA,NA,NA,NA,NA,NA,NA,0.144238863180105,1788.69962166748,NA,11.5
3613,גיתית,גיתית,99.50026035947634,0,NA,NA,no_red_alert,2013,0.730538922155689,Party_turnout,FALSE,2013,16790,גיתית,GITTIT,1,יהודי,320,170,150,170,0,30,120,10,0.144238863180105,2218.54216640927,0.03125,17.5
3613,גיתית,גיתית,99.50026035947634,0,NA,NA,no_red_alert,2015,0.802139037433155,Party_turnout,TRUE,2015,16780,גיתית,GITTIT,1,יהודי,380,200,170,200,10,30,130,10,0.144238863180105,2634.51882261101,0.0263157894736842,20
3613,גיתית,גיתית,99.50026035947634,0,NA,NA,no_red_alert,2019,0.796680497925311,Party_turnout,TRUE,2019,16778,גיתית,GITTIT,1,יהודי,504,270,235,284,10,20,0,0,0.144238863180105,3494.2039120946,0,NA
3613,גיתית,גיתית,99.50026035947634,0,NA,NA,no_red_alert,2019,0.801652892561983,Party_turnout,TRUE,2019.2,16778,גיתית,GITTIT,1,יהודי,504,270,235,284,10,20,0,0,0.144238863180105,3494.2039120946,0,NA
3613,גיתית,גיתית,99.50026035947634,0,NA,NA,no_red_alert,2020,0.809128630705394,Party_turnout,TRUE,2020,16792,גיתית,Gittit,1,יהודי,496,270,220,269,15,16,0,0,0.144238863180105,3438.74035793437,0,NA
3613,גיתית,גיתית,99.50026035947634,0,NA,NA,no_red_alert,2021,0.772357723577236,Party_turnout,TRUE,2021,16788,גיתית,GITTIT,1,יהודי,498,270,228,272,19,0,0,0,0.144238863180105,3452.60624647443,0,NA
3613,גיתית,גיתית,99.50026035947634,0,NA,NA,no_red_alert,2022,0.754940711462451,Party_turnout,TRUE,2022,16785,גיתית,GITTIT,1,יהודי,502,270,232,259,36,16,0,0,0.144238863180105,3480.33802355455,0,NA
3614,מכורה,מכורה,106.15941276454603,0,NA,NA,no_red_alert,2006,0.811594202898551,Party_turnout,FALSE,2006,16798,מכורה,MEKHORA,1,NA,114,NA,NA,NA,NA,NA,NA,NA,0.121899921291921,935.193384801272,NA,9
3614,מכורה,מכורה,106.15941276454603,0,NA,NA,no_red_alert,2009,0.654867256637168,Party_turnout,FALSE,2009,16804,מכורה,MEKHORA,1,NA,121,NA,NA,NA,NA,NA,NA,NA,0.121899921291921,992.617540008368,NA,9
3614,מכורה,מכורה,106.15941276454603,0,NA,NA,no_red_alert,2013,0.726415094339623,Party_turnout,FALSE,2013,16797,מכורה,MEKHORA,1,יהודי,130,70,60,40,10,10,60,10,0.121899921291921,1066.44859670321,0.0769230769230769,12.5
3614,מכורה,מכורה,106.15941276454603,0,NA,NA,no_red_alert,2015,0.704347826086957,Party_turnout,TRUE,2015,16799,מכורה,MEKHORA,1,יהודי,140,80,70,50,10,10,60,10,0.121899921291921,1148.48310414191,0.0714285714285714,13
3614,מכורה,מכורה,106.15941276454603,0,NA,NA,no_red_alert,2019,0.699248120300752,Party_turnout,TRUE,2019,16795,מכורה,MEKHORA,1,יהודי,166,88,78,55,9,0,0,0,0.121899921291921,1361.77282348255,0,NA
3614,מכורה,מכורה,106.15941276454603,0,NA,NA,no_red_alert,2019,0.711111111111111,Party_turnout,TRUE,2019.2,16795,מכורה,MEKHORA,1,יהודי,166,88,78,55,9,0,0,0,0.121899921291921,1361.77282348255,0,NA
3614,מכורה,מכורה,106.15941276454603,0,NA,NA,no_red_alert,2020,0.711111111111111,Party_turnout,TRUE,2020,16801,מכורה,Mekhora,1,יהודי,178,93,82,62,10,16,0,0,0.121899921291921,1460.214232409,0,NA
3614,מכורה,מכורה,106.15941276454603,0,NA,NA,no_red_alert,2021,0.661870503597122,Party_turnout,TRUE,2021,16794,מכורה,MEKHORA,1,יהודי,186,98,88,61,13,19,0,0,0.121899921291921,1525.84183835997,0,NA
3614,מכורה,מכורה,106.15941276454603,0,NA,NA,no_red_alert,2022,0.664335664335664,Party_turnout,TRUE,2022,16806,מכורה,MEKHORA,1,יהודי,179,95,85,58,12,18,0,0,0.121899921291921,1468.41768315287,0,NA
3615,פצאל,פצאל,99.40094149757049,0,NA,NA,no_red_alert,2006,0.670060080106809,Party_turnout,FALSE,2006,16815,פצאל,PEZA'EL,1,NA,214,NA,NA,NA,NA,NA,NA,NA,0.194473794362942,1100.40533070803,NA,29
3615,פצאל,פצאל,99.40094149757049,0,NA,NA,no_red_alert,2009,0.654708520179372,Party_turnout,FALSE,2009,16811,פצאל,PEZA'EL,1,NA,205,NA,NA,NA,NA,NA,NA,NA,0.194473794362942,1054.12660184648,NA,23.6666666666667
3615,פצאל,פצאל,99.40094149757049,0,NA,NA,no_red_alert,2013,0.700892857142857,Party_turnout,FALSE,2013,16817,פצאל,PEZA'EL,1,יהודי,220,130,100,40,0,40,110,20,0.194473794362942,1131.25781661574,0.0909090909090909,25
3615,פצאל,פצאל,99.40094149757049,0,NA,NA,no_red_alert,2015,0.782222222222222,Party_turnout,TRUE,2015,16808,פצאל,PEZA'EL,1,יהודי,250,140,110,70,0,40,110,30,0.194473794362942,1285.52024615425,0.12,23
3615,פצאל,פצאל,99.40094149757049,0,NA,NA,no_red_alert,2019,0.847826086956522,Party_turnout,TRUE,2019,16814,פצאל,PEZA'EL,1,יהודי,304,163,140,102,11,24,0,0,0.194473794362942,1563.19261932356,0,NA
3615,פצאל,פצאל,99.40094149757049,0,NA,NA,no_red_alert,2019,0.819327731092437,Party_turnout,TRUE,2019.2,16814,פצאל,PEZA'EL,1,יהודי,304,163,140,102,11,24,0,0,0.194473794362942,1563.19261932356,0,NA
3615,פצאל,פצאל,99.40094149757049,0,NA,NA,no_red_alert,2020,0.782426778242678,Party_turnout,TRUE,2020,16821,פצאל,Peza'el,1,יהודי,321,172,145,109,15,23,122,0,0.194473794362942,1650.60799606205,0,NA
3615,פצאל,פצאל,99.40094149757049,0,NA,NA,no_red_alert,2021,0.766393442622951,Party_turnout,TRUE,2021,16822,פצאל,PEZA'EL,1,יהודי,361,189,172,129,17,21,133,0,0.194473794362942,1856.29123544673,0,NA
3615,פצאל,פצאל,99.40094149757049,0,NA,NA,no_red_alert,2022,0.776951672862453,Party_turnout,TRUE,2022,16810,פצאל,PEZA'EL,1,יהודי,371,193,177,136,19,17,136,0,0.194473794362942,1907.7120452929,0,NA
3617,עופרה,עופרה,79.81042874172581,1,208,4,temporal_distance > 149,2006,0.943176104646673,Party_turnout,FALSE,2006,16845,עפרה,OFRA,1,NA,2531,NA,NA,NA,NA,NA,NA,NA,0.106180000266873,23836.8807085947,NA,57
3617,עופרה,עופרה,79.81042874172581,1,208,4,temporal_distance > 149,2009,0.838513513513514,Party_turnout,FALSE,2009,16843,עפרה,OFRA,1,NA,3177,NA,NA,NA,NA,NA,NA,NA,0.106180000266873,29920.8889811164,NA,53.3333333333333
3617,עופרה,עופרה,79.81042874172581,1,208,4,temporal_distance > 149,2013,0.847579199043634,Party_turnout,FALSE,2013,16851,עפרה,OFRA,1,יהודי,3550,1410,2140,1310,760,440,950,100,0.106180000266873,33433.7915904825,0.028169014084507,59
3617,עופרה,עופרה,79.81042874172581,1,208,4,temporal_distance > 149,2015,0.833333333333333,Party_turnout,TRUE,2015,16850,עפרה,OFRA,1,יהודי,3190,1440,1750,1280,330,500,950,120,0.106180000266873,30043.3225841238,0.0376175548589342,55
3617,עופרה,עופרה,79.81042874172581,1,208,4,temporal_distance > 149,2019,0.80203317281969,Party_turnout,TRUE,2019,16844,עפרה,OFRA,1,יהודי,3043,1358,1686,1082,313,544,931,175,0.106180000266873,28658.8810731939,0.0575090371344068,NA
3617,עופרה,עופרה,79.81042874172581,1,208,4,temporal_distance > 149,2019,0.769026077700905,Party_turnout,TRUE,2019.2,16844,עפרה,OFRA,1,יהודי,3043,1358,1686,1082,313,544,931,175,0.106180000266873,28658.8810731939,0.0575090371344068,NA
3617,עופרה,עופרה,79.81042874172581,1,208,4,temporal_distance > 149,2020,0.754756871035941,Party_turnout,TRUE,2020,16839,עפרה,Ofra,1,יהודי,3013,1424,1589,1045,305,542,939,182,0.106180000266873,28376.3419893307,0.0604049120477929,NA
3617,עופרה,עופרה,79.81042874172581,1,208,4,temporal_distance > 149,2021,0.751914241960184,Party_turnout,TRUE,2021,16847,עפרה,OFRA,1,יהודי,3026,1426,1600,1007,300,558,967,194,0.106180000266873,28498.7755923381,0.0641110376734964,NA
3617,עופרה,עופרה,79.81042874172581,1,208,4,temporal_distance > 149,2022,0.731129748396645,Party_turnout,TRUE,2022,16848,עפרה,OFRA,1,יהודי,3497,1361,2136,952,782,585,971,208,0.106180000266873,32934.6392089908,0.0594795539033457,NA
3619,רועי,רועי,116.879832838521,0,NA,NA,no_red_alert,2006,0.917410714285714,Party_turnout,FALSE,2006,16871,רועי,RO'I,1,NA,128,NA,NA,NA,NA,NA,NA,NA,0.177462849279088,721.277723872787,NA,15
3619,רועי,רועי,116.879832838521,0,NA,NA,no_red_alert,2009,0.742857142857143,Party_turnout,FALSE,2009,16873,רועי,RO'I,1,NA,150,NA,NA,NA,NA,NA,NA,NA,0.177462849279088,845.247332663423,NA,25
3619,רועי,רועי,116.879832838521,0,NA,NA,no_red_alert,2013,0.794285714285714,Party_turnout,FALSE,2013,16875,רועי,RO'I,1,יהודי,150,80,70,30,10,20,70,10,0.177462849279088,845.247332663423,0.0666666666666667,15.6666666666667
3619,רועי,רועי,116.879832838521,0,NA,NA,no_red_alert,2015,0.810526315789474,Party_turnout,TRUE,2015,16870,רועי,RO'I,1,יהודי,160,90,80,40,10,20,80,20,0.177462849279088,901.597154840984,0.125,21.6666666666667
3619,רועי,רועי,116.879832838521,0,NA,NA,no_red_alert,2019,0.767441860465116,Party_turnout,TRUE,2019,16881,רועי,RO'I,1,יהודי,175,95,80,32,16,21,0,0,0.177462849279088,986.121888107327,0,NA
3619,רועי,רועי,116.879832838521,0,NA,NA,no_red_alert,2019,0.691729323308271,Party_turnout,TRUE,2019.2,16881,רועי,RO'I,1,יהודי,175,95,80,32,16,21,0,0,0.177462849279088,986.121888107327,0,NA
3619,רועי,רועי,116.879832838521,0,NA,NA,no_red_alert,2020,0.656488549618321,Party_turnout,TRUE,2020,16872,רועי,Ro'i,1,יהודי,167,88,71,29,16,19,79,0,0.177462849279088,941.042030365277,0,NA
3619,רועי,רועי,116.879832838521,0,NA,NA,no_red_alert,2021,0.583333333333333,Party_turnout,TRUE,2021,16879,רועי,RO'I,1,יהודי,171,89,81,33,13,18,75,0,0.177462849279088,963.581959236302,0,NA
3619,רועי,רועי,116.879832838521,0,NA,NA,no_red_alert,2022,0.666666666666667,Party_turnout,TRUE,2022,16876,רועי,RO'I,1,יהודי,170,90,79,30,13,24,67,0,0.177462849279088,957.946977018546,0,NA
3620,נירן,נירן,95.93934658476375,0,NA,NA,no_red_alert,2006,0.712669683257919,Party_turnout,FALSE,2006,16891,נירן,NIRAN,1,NA,52,NA,NA,NA,NA,NA,NA,NA,0.224898525774904,231.215388454994,NA,18.5
3620,נירן,נירן,95.93934658476375,0,NA,NA,no_red_alert,2009,0.781818181818182,Party_turnout,FALSE,2009,16884,נירן,NIRAN,1,NA,54,NA,NA,NA,NA,NA,NA,NA,0.224898525774904,240.108288010956,NA,18
3620,נירן,נירן,95.93934658476375,0,NA,NA,no_red_alert,2013,0.735294117647059,Party_turnout,FALSE,2013,16894,נירן,NIRAN,1,יהודי,70,40,30,10,0,20,30,0,0.224898525774904,311.251484458646,0,24
3620,נירן,נירן,95.93934658476375,0,NA,NA,no_red_alert,2015,0.763888888888889,Party_turnout,TRUE,2015,16890,נירן,NIRAN,1,יהודי,90,50,40,20,0,20,40,0,0.224898525774904,400.18048001826,0,26
3620,נירן,נירן,95.93934658476375,0,NA,NA,no_red_alert,2019,0.791666666666667,Party_turnout,TRUE,2019,16889,נערן,NA'ARAN,1,יהודי,101,54,47,36,0,0,0,0,0.224898525774904,449.091427576047,0,NA
3620,נירן,נירן,95.93934658476375,0,NA,NA,no_red_alert,2019,NA,Party_turnout,TRUE,2019.2,16889,נערן,NA'ARAN,1,יהודי,101,54,47,36,0,0,0,0,0.224898525774904,449.091427576047,0,NA
3620,נירן,נירן,95.93934658476375,0,NA,NA,no_red_alert,2020,NA,Party_turnout,TRUE,2020,16896,נערן,Na'aran,1,יהודי,105,57,46,39,0,0,0,0,0.224898525774904,466.87722668797,0,NA
3620,נירן,נירן,95.93934658476375,0,NA,NA,no_red_alert,2021,NA,Party_turnout,TRUE,2021,16886,נערן,NA'ARAN,1,יהודי,104,55,49,43,0,0,0,0,0.224898525774904,462.430776909989,0,NA
3620,נירן,נירן,95.93934658476375,0,NA,NA,no_red_alert,2022,NA,Party_turnout,TRUE,2022,16885,נערן,NA'ARAN,1,יהודי,109,58,51,44,0,0,0,0,0.224898525774904,484.663025799892,0,NA
3637,מעלה שומרון,מעלהשומרון,83.90346843796318,0,NA,NA,no_red_alert,2006,0.990116617078759,Party_turnout,FALSE,2006,16902,מעלה שומרון,MA'ALE SHOMERON,1,NA,570,NA,NA,NA,NA,NA,NA,NA,0.116970322239799,4873.030945674,NA,44
3637,מעלה שומרון,מעלהשומרון,83.90346843796318,0,NA,NA,no_red_alert,2009,0.736585365853659,Party_turnout,FALSE,2009,16908,מעלה שומרון,MA'ALE SHOMERON,1,NA,787,NA,NA,NA,NA,NA,NA,NA,0.116970322239799,6728.20237586919,NA,49
3637,מעלה שומרון,מעלהשומרון,83.90346843796318,0,NA,NA,no_red_alert,2013,0.762183235867446,Party_turnout,FALSE,2013,16909,מעלה שומרון,MA'ALE SHOMERON,1,יהודי,940,480,450,360,50,120,360,50,0.116970322239799,8036.22647181326,0.0531914893617021,50.3333333333333
3637,מעלה שומרון,מעלהשומרון,83.90346843796318,0,NA,NA,no_red_alert,2015,0.81305114638448,Party_turnout,TRUE,2015,16906,מעלה שומרון,MA'ALE SHOMERON,1,יהודי,1020,520,500,400,40,130,380,60,0.116970322239799,8720.16063962716,0.0588235294117647,49
3637,מעלה שומרון,מעלהשומרון,83.90346843796318,0,NA,NA,no_red_alert,2019,0.792580101180438,Party_turnout,TRUE,2019,16907,מעלה שומרון,MA'ALE SHOMERON,1,יהודי,996,480,516,383,65,94,367,87,0.116970322239799,8514.98038928299,0.0873493975903614,NA
3637,מעלה שומרון,מעלהשומרון,83.90346843796318,0,NA,NA,no_red_alert,2019,0.765811965811966,Party_turnout,TRUE,2019.2,16907,מעלה שומרון,MA'ALE SHOMERON,1,יהודי,996,480,516,383,65,94,367,87,0.116970322239799,8514.98038928299,0.0873493975903614,NA
3637,מעלה שומרון,מעלהשומרון,83.90346843796318,0,NA,NA,no_red_alert,2020,0.755244755244755,Party_turnout,TRUE,2020,NA,NA,NA,NA,NA,NA,NA,NA,NA,NA,NA,NA,NA,NA,NA,NA,NA
3637,מעלה שומרון,מעלהשומרון,83.90346843796318,0,NA,NA,no_red_alert,2021,NA,Party_turnout,TRUE,2021,NA,NA,NA,NA,NA,NA,NA,NA,NA,NA,NA,NA,NA,NA,NA,NA,NA
3637,מעלה שומרון,מעלהשומרון,83.90346843796318,0,NA,NA,no_red_alert,2022,NA,Party_turnout,TRUE,2022,NA,NA,NA,NA,NA,NA,NA,NA,NA,NA,NA,NA,NA,NA,NA,NA,NA
3638,כפר אדומים,כפראדומים,78.95345527203482,0,NA,NA,no_red_alert,2006,0.850723584851555,Party_turnout,FALSE,2006,16911,כפר אדומים,KEFAR ADUMMIM,1,NA,2312,NA,NA,NA,NA,NA,NA,NA,0.131829115932319,17537.8556068522,NA,50
3638,כפר אדומים,כפראדומים,78.95345527203482,0,NA,NA,no_red_alert,2009,0.809134287661895,Party_turnout,FALSE,2009,16921,כפר אדומים,KEFAR ADUMMIM,1,NA,3093,NA,NA,NA,NA,NA,NA,NA,0.131829115932319,23462.1917785441,NA,45.6666666666667
3638,כפר אדומים,כפראדומים,78.95345527203482,0,NA,NA,no_red_alert,2013,0.823204419889503,Party_turnout,FALSE,2013,16922,כפר אדומים,KEFAR ADUMMIM,1,יהודי,3720,1920,1800,1580,310,400,1350,80,0.131829115932319,28218.3489868038,0.021505376344086,62
3638,כפר אדומים,כפראדומים,78.95345527203482,0,NA,NA,no_red_alert,2015,0.815227934044617,Party_turnout,TRUE,2015,16914,כפר אדומים,KEFAR ADUMMIM,1,יהודי,4150,2090,2060,1700,410,460,1470,110,0.131829115932319,31480.1473911924,0.0265060240963855,55
3638,כפר אדומים,כפראדומים,78.95345527203482,0,NA,NA,no_red_alert,2019,0.792467948717949,Party_turnout,TRUE,2019,16915,כפר אדומים,KEFAR ADUMMIM,1,יהודי,4674,2364,2310,1874,438,544,1669,148,0.131829115932319,35454.9900979357,0.0316645271715875,NA
3638,כפר אדומים,כפראדומים,78.95345527203482,0,NA,NA,no_red_alert,2019,0.757323832145685,Party_turnout,TRUE,2019.2,16915,כפר אדומים,KEFAR ADUMMIM,1,יהודי,4674,2364,2310,1874,438,544,1669,148,0.131829115932319,35454.9900979357,0.0316645271715875,NA
3638,כפר אדומים,כפראדומים,78.95345527203482,0,NA,NA,no_red_alert,2020,0.756511444356748,Party_turnout,TRUE,2020,16913,כפר אדומים,Kefar Adummim,1,יהודי,4784,2439,2347,1870,487,564,1705,158,0.131829115932319,36289.4036432444,0.0330267558528428,NA
3638,כפר אדומים,כפראדומים,78.95345527203482,0,NA,NA,no_red_alert,2021,0.751905487804878,Party_turnout,TRUE,2021,16923,כפר אדומים,KEFAR ADUMMIM,1,יהודי,4927,2510,2417,1902,525,578,1747,173,0.131829115932319,37374.1412521457,0.0351126446113253,NA
3638,כפר אדומים,כפראדומים,78.95345527203482,0,NA,NA,no_red_alert,2022,0.716182274847506,Party_turnout,TRUE,2022,16916,כפר אדומים,KEFAR ADUMMIM,1,יהודי,4957,2571,2386,1899,441,635,1797,186,0.131829115932319,37601.7085826845,0.0375226951785354,NA
3639,ורד יריחו,ורדיריחו,87.67503884215952,0,NA,NA,no_red_alert,2006,0.664717348927875,Party_turnout,FALSE,2006,16928,ורד יריחו,WERED YERIHO,1,NA,180,NA,NA,NA,NA,NA,NA,NA,0.169434357799679,1062.35832175675,NA,35.6666666666667
3639,ורד יריחו,ורדיריחו,87.67503884215952,0,NA,NA,no_red_alert,2009,0.677018633540373,Party_turnout,FALSE,2009,16939,ורד יריחו,WERED YERIHO,1,NA,194,NA,NA,NA,NA,NA,NA,NA,0.169434357799679,1144.98619122672,NA,45.6666666666667
3639,ורד יריחו,ורדיריחו,87.67503884215952,0,NA,NA,no_red_alert,2013,0.830409356725146,Party_turnout,FALSE,2013,16933,ורד יריחו,WERED YERIHO,1,יהודי,220,110,110,70,10,30,100,10,0.169434357799679,1298.43794881381,0.0454545454545455,49.6666666666667
3639,ורד יריחו,ורדיריחו,87.67503884215952,0,NA,NA,no_red_alert,2015,0.786127167630058,Party_turnout,TRUE,2015,16932,ורד יריחו,WERED YERIHO,1,יהודי,240,120,120,80,20,20,100,10,0.169434357799679,1416.47776234234,0.0416666666666667,47
3639,ורד יריחו,ורדיריחו,87.67503884215952,0,NA,NA,no_red_alert,2019,0.783185840707965,Party_turnout,TRUE,2019,16937,ורד יריחו,WERED YERIHO,1,יהודי,341,174,167,121,25,35,136,0,0.169434357799679,2012.57882066141,0,NA
3639,ורד יריחו,ורדיריחו,87.67503884215952,0,NA,NA,no_red_alert,2019,0.780172413793103,Party_turnout,TRUE,2019.2,16937,ורד יריחו,WERED YERIHO,1,יהודי,341,174,167,121,25,35,136,0,0.169434357799679,2012.57882066141,0,NA
3639,ורד יריחו,ורדיריחו,87.67503884215952,0,NA,NA,no_red_alert,2020,0.794117647058823,Party_turnout,TRUE,2020,16935,ורד יריחו,Wered Yeriho,1,יהודי,360,183,180,131,22,36,145,0,0.169434357799679,2124.71664351351,0,NA
3639,ורד יריחו,ורדיריחו,87.67503884215952,0,NA,NA,no_red_alert,2021,0.752941176470588,Party_turnout,TRUE,2021,16938,ורד יריחו,WERED YERIHO,1,יהודי,364,182,182,128,27,32,148,0,0.169434357799679,2148.32460621921,0,NA
3639,ורד יריחו,ורדיריחו,87.67503884215952,0,NA,NA,no_red_alert,2022,0.745318352059925,Party_turnout,TRUE,2022,16927,ורד יריחו,WERED YERIHO,1,יהודי,377,189,188,121,34,36,154,0,0.169434357799679,2225.05048501276,0,NA
3640,קרני שומרון,קרנישומרון,83.74648402297059,0,NA,NA,no_red_alert,2006,0.665821281133003,Party_turnout,FALSE,2006,16949,קרני שומרון,QARNE SHOMERON,1,NA,6333,NA,NA,NA,NA,NA,NA,NA,7.19756291616176,879.881158909993,NA,49.5
3640,קרני שומרון,קרנישומרון,83.74648402297059,0,NA,NA,no_red_alert,2009,0.731718061674009,Party_turnout,FALSE,2009,16950,קרני שומרון,QARNE SHOMERON,1,NA,6207,NA,NA,NA,NA,NA,NA,NA,7.19756291616176,862.375233436654,NA,48.7272727272727
3640,קרני שומרון,קרנישומרון,83.74648402297059,0,NA,NA,no_red_alert,2013,0.744329022683909,Party_turnout,FALSE,2013,16953,קרני שומרון,QARNE SHOMERON,1,יהודי,6560,3430,3130,1860,600,1460,2260,380,7.19756291616176,911.419611945296,0.0579268292682927,57.25
3640,קרני שומרון,קרנישומרון,83.74648402297059,0,NA,NA,no_red_alert,2015,0.775698969939037,Party_turnout,TRUE,2015,16941,קרני שומרון,QARNE SHOMERON,1,יהודי,6910,3590,3310,2020,650,1380,2380,470,7.19756291616176,960.047182704572,0.0680173661360347,52.25
3640,קרני שומרון,קרנישומרון,83.74648402297059,0,NA,NA,no_red_alert,2019,0.771498310176493,Party_turnout,TRUE,2019,16955,קרני שומרון,QARNE SHOMERON,1,יהודי,8135,4202,3933,2740,627,1357,2753,657,7.19756291616176,1130.24368036204,0.0807621389059619,NA
3640,קרני שומרון,קרנישומרון,83.74648402297059,0,NA,NA,no_red_alert,2019,0.75130014858841,Party_turnout,TRUE,2019.2,16955,קרני שומרון,QARNE SHOMERON,1,יהודי,8135,4202,3933,2740,627,1357,2753,657,7.19756291616176,1130.24368036204,0.0807621389059619,NA
3640,קרני שומרון,קרנישומרון,83.74648402297059,0,NA,NA,no_red_alert,2020,0.755276564774381,Party_turnout,TRUE,2020,16944,קרני שומרון,Qarne Shomeron,1,יהודי,9418,4764,4652,3247,675,1450,3240,806,7.19756291616176,1308.4984611739,0.0855808027181992,NA
3640,קרני שומרון,קרנישומרון,83.74648402297059,0,NA,NA,no_red_alert,2021,0.725599111252182,Party_turnout,TRUE,2021,16952,קרני שומרון,QARNE SHOMERON,1,יהודי,9663,4882,4780,3375,669,1460,3313,846,7.19756291616176,1342.53776070539,0.0875504501707544,NA
3640,קרני שומרון,קרנישומרון,83.74648402297059,0,NA,NA,no_red_alert,2022,0.735457920792079,Party_turnout,TRUE,2022,16945,קרני שומרון,QARNE SHOMERON,1,יהודי,9920,5063,4857,3441,839,1388,3352,899,7.19756291616176,1378.24429123435,0.090625,NA
3641,שילה,שילה,88.55567929195131,0,NA,NA,no_red_alert,2006,0.835799217684284,Party_turnout,FALSE,2006,16956,שילה,SHILO,1,NA,2068,NA,NA,NA,NA,NA,NA,NA,0.164786767216773,12549.5513682819,NA,43
3641,שילה,שילה,88.55567929195131,0,NA,NA,no_red_alert,2009,0.788215200683177,Party_turnout,FALSE,2009,16963,שילה,SHILO,1,NA,2002,NA,NA,NA,NA,NA,NA,NA,0.164786767216773,12149.0337714218,NA,40
3641,שילה,שילה,88.55567929195131,0,NA,NA,no_red_alert,2013,0.823148813803019,Party_turnout,FALSE,2013,16967,שילה,SHILO,1,יהודי,2950,1510,1440,1470,120,580,730,40,0.164786767216773,17901.9228899573,0.0135593220338983,53.6666666666667
3641,שילה,שילה,88.55567929195131,0,NA,NA,no_red_alert,2015,0.842985842985843,Party_turnout,TRUE,2015,16958,שילה,SHILO,1,יהודי,3380,1710,1670,1740,140,590,840,70,0.164786767216773,20511.3557179849,0.0207100591715976,50.6666666666667
3641,שילה,שילה,88.55567929195131,0,NA,NA,no_red_alert,2019,0.825769431403234,Party_turnout,TRUE,2019,16959,שילה,SHILO,1,יהודי,4356,2183,2173,2299,188,650,1106,112,0.164786767216773,26434.161392764,0.0257116620752984,NA
3641,שילה,שילה,88.55567929195131,0,NA,NA,no_red_alert,2019,0.802583979328165,Party_turnout,TRUE,2019.2,16959,שילה,SHILO,1,יהודי,4356,2183,2173,2299,188,650,1106,112,0.164786767216773,26434.161392764,0.0257116620752984,NA
3641,שילה,שילה,88.55567929195131,0,NA,NA,no_red_alert,2020,0.796146044624746,Party_turnout,TRUE,2020,16960,שילה,Shilo,1,יהודי,4485,2236,2249,2359,263,572,1170,121,0.164786767216773,27216.9912411723,0.0269788182831661,NA
3641,שילה,שילה,88.55567929195131,0,NA,NA,no_red_alert,2021,0.759610930986568,Party_turnout,TRUE,2021,16965,שילה,SHILO,1,יהודי,4783,2365,2418,2552,229,619,1251,131,0.164786767216773,29025.3888754799,0.0273886681998746,NA
3641,שילה,שילה,88.55567929195131,0,NA,NA,no_red_alert,2022,0.784417884019478,Party_turnout,TRUE,2022,16962,שילה,SHILO,1,יהודי,5072,2539,2534,2712,240,645,1321,155,0.164786767216773,30779.1704738519,0.0305599369085174,NA
3643,חיננית,חיננית,117.29052647494284,0,NA,NA,no_red_alert,2006,0.63802964005871,Party_turnout,FALSE,2006,16971,חיננית,HINNANIT,1,NA,779,NA,NA,NA,NA,NA,NA,NA,0.640554692421747,1216.13346872042,NA,31
3643,חיננית,חיננית,117.29052647494284,0,NA,NA,no_red_alert,2009,0.809744779582367,Party_turnout,FALSE,2009,16979,חיננית,HINNANIT,1,NA,766,NA,NA,NA,NA,NA,NA,NA,0.640554692421747,1195.83855845936,NA,38
3643,חיננית,חיננית,117.29052647494284,0,NA,NA,no_red_alert,2013,0.82078853046595,Party_turnout,FALSE,2013,16973,חיננית,HINNANIT,1,יהודי,980,510,470,430,70,100,360,20,0.640554692421747,1529.92400429526,0.0204081632653061,43
3643,חיננית,חיננית,117.29052647494284,0,NA,NA,no_red_alert,2015,0.8096,Party_turnout,TRUE,2015,16984,חיננית,HINNANIT,1,יהודי,1090,570,520,480,70,120,400,20,0.640554692421747,1701.65016804269,0.018348623853211,41
3643,חיננית,חיננית,117.29052647494284,0,NA,NA,no_red_alert,2019,0.782383419689119,Party_turnout,TRUE,2019,16981,חיננית,HINNANIT,1,יהודי,1410,729,681,642,82,147,519,0,0.640554692421747,2201.21718985339,0,NA
3643,חיננית,חיננית,117.29052647494284,0,NA,NA,no_red_alert,2019,0.752910737386805,Party_turnout,TRUE,2019.2,16981,חיננית,HINNANIT,1,יהודי,1410,729,681,642,82,147,519,0,0.640554692421747,2201.21718985339,0,NA
3643,חיננית,חיננית,117.29052647494284,0,NA,NA,no_red_alert,2020,0.777777777777778,Party_turnout,TRUE,2020,16978,חיננית,Hinnanit,1,יהודי,1478,765,707,665,80,170,536,0,0.640554692421747,2307.37518198816,0,NA
3643,חיננית,חיננית,117.29052647494284,0,NA,NA,no_red_alert,2021,0.76094674556213,Party_turnout,TRUE,2021,16974,חיננית,HINNANIT,1,יהודי,1513,776,737,692,74,166,546,0,0.640554692421747,2362.01532499871,0,NA
3643,חיננית,חיננית,117.29052647494284,0,NA,NA,no_red_alert,2022,0.759423503325942,Party_turnout,TRUE,2022,16976,חיננית,HINNANIT,1,יהודי,1659,857,802,761,83,177,598,0,0.640554692421747,2589.94277869984,0,NA
3645,בית הערבה,ביתהערבה,92.68414144208664,0,NA,NA,no_red_alert,2006,1,Party_turnout,FALSE,2006,17004,בית הערבה,BET HAARAVA,1,NA,87,NA,NA,NA,NA,NA,NA,NA,0.141124289203551,616.477861401417,NA,20
3645,בית הערבה,ביתהערבה,92.68414144208664,0,NA,NA,no_red_alert,2009,0.72,Party_turnout,FALSE,2009,17014,בית הערבה,BET HAARAVA,1,NA,95,NA,NA,NA,NA,NA,NA,NA,0.141124289203551,673.165480840628,NA,25
3645,בית הערבה,ביתהערבה,92.68414144208664,0,NA,NA,no_red_alert,2013,0.901960784313726,Party_turnout,FALSE,2013,17011,בית הערבה,BET HAARAVA,1,יהודי,130,60,70,70,0,10,50,0,0.141124289203551,921.173815887175,0,26
3645,בית הערבה,ביתהערבה,92.68414144208664,0,NA,NA,no_red_alert,2015,0.854838709677419,Party_turnout,TRUE,2015,17009,בית הערבה,BET HAARAVA,1,יהודי,160,80,80,80,10,0,70,0,0.141124289203551,1133.75238878422,0,32.5
3645,בית הערבה,ביתהערבה,92.68414144208664,0,NA,NA,no_red_alert,2019,0.868965517241379,Party_turnout,TRUE,2019,17008,בית הערבה,BET HAARAVA,1,יהודי,350,175,176,164,21,38,0,0,0.141124289203551,2480.08335046547,0,NA
3645,בית הערבה,ביתהערבה,92.68414144208664,0,NA,NA,no_red_alert,2019,0.823529411764706,Party_turnout,TRUE,2019.2,17008,בית הערבה,BET HAARAVA,1,יהודי,350,175,176,164,21,38,0,0,0.141124289203551,2480.08335046547,0,NA
3645,בית הערבה,ביתהערבה,92.68414144208664,0,NA,NA,no_red_alert,2020,0.811428571428571,Party_turnout,TRUE,2020,17007,בית הערבה,Bet HaArava,1,יהודי,399,200,197,184,26,38,0,0,0.141124289203551,2827.29501953064,0,NA
3645,בית הערבה,ביתהערבה,92.68414144208664,0,NA,NA,no_red_alert,2021,0.813725490196078,Party_turnout,TRUE,2021,17005,בית הערבה,BET HAARAVA,1,יהודי,451,225,227,212,29,37,0,0,0.141124289203551,3195.76454588551,0,NA
3645,בית הערבה,ביתהערבה,92.68414144208664,0,NA,NA,no_red_alert,2022,0.857740585774059,Party_turnout,TRUE,2022,17013,בית הערבה,BET HAARAVA,1,יהודי,508,256,252,248,31,33,0,0,0.141124289203551,3599.66383438989,0,NA
3647,יקיר,יקיר,85.02834230020092,0,NA,NA,no_red_alert,2006,0.924400449025411,Party_turnout,FALSE,2006,17043,יקיר,YAQIR,1,NA,1025,NA,NA,NA,NA,NA,NA,NA,0.133974301640029,7650.72097747547,NA,42.3333333333333
3647,יקיר,יקיר,85.02834230020092,0,NA,NA,no_red_alert,2009,0.830985915492958,Party_turnout,FALSE,2009,17033,יקיר,YAQIR,1,NA,1204,NA,NA,NA,NA,NA,NA,NA,0.133974301640029,8986.79810427363,NA,41.3333333333333
3647,יקיר,יקיר,85.02834230020092,0,NA,NA,no_red_alert,2013,0.882016036655212,Party_turnout,FALSE,2013,17035,יקיר,YAQIR,1,יהודי,1720,850,860,790,120,230,530,40,0.133974301640029,12838.2830061052,0.0232558139534884,52
3647,יקיר,יקיר,85.02834230020092,0,NA,NA,no_red_alert,2015,0.864016736401674,Party_turnout,TRUE,2015,17039,יקיר,YAQIR,1,יהודי,1860,930,940,870,140,200,610,50,0.133974301640029,13883.2595298579,0.0268817204301075,51.6666666666667
3647,יקיר,יקיר,85.02834230020092,0,NA,NA,no_red_alert,2019,0.881856540084388,Party_turnout,TRUE,2019,17045,יקיר,YAQIR,1,יהודי,2288,1148,1140,1082,151,251,722,0,0.133974301640029,17077.9020453306,0,NA
3647,יקיר,יקיר,85.02834230020092,0,NA,NA,no_red_alert,2019,0.832917705735661,Party_turnout,TRUE,2019.2,17045,יקיר,YAQIR,1,יהודי,2288,1148,1140,1082,151,251,722,0,0.133974301640029,17077.9020453306,0,NA
3647,יקיר,יקיר,85.02834230020092,0,NA,NA,no_red_alert,2020,0.84971098265896,Party_turnout,TRUE,2020,17041,יקיר,Yaqir,1,יהודי,2368,1185,1181,1099,155,264,754,0,0.133974301640029,17675.031487475,0,NA
3647,יקיר,יקיר,85.02834230020092,0,NA,NA,no_red_alert,2021,0.82642689601251,Party_turnout,TRUE,2021,17037,יקיר,YAQIR,1,יהודי,2485,1240,1245,1149,191,257,789,0,0.133974301640029,18548.3332966113,0,NA
3647,יקיר,יקיר,85.02834230020092,0,NA,NA,no_red_alert,2022,0.796376811594203,Party_turnout,TRUE,2022,17040,יקיר,YAQIR,1,יהודי,2586,1298,1288,1142,233,281,819,111,0.133974301640029,19302.2092173186,0.04292343387471,NA
3649,שקד,שקד,116.22245577276564,0,NA,NA,no_red_alert,2006,0.722767823319948,Party_turnout,FALSE,2006,17064,שקד,SHAQED,1,NA,536,NA,NA,NA,NA,NA,NA,NA,0.510374679415985,1050.20883993175,NA,33
3649,שקד,שקד,116.22245577276564,0,NA,NA,no_red_alert,2009,0.743654822335025,Party_turnout,FALSE,2009,17075,שקד,SHAQED,1,NA,613,NA,NA,NA,NA,NA,NA,NA,0.510374679415985,1201.07839342941,NA,39
3649,שקד,שקד,116.22245577276564,0,NA,NA,no_red_alert,2013,0.754716981132076,Party_turnout,FALSE,2013,17061,שקד,SHAQED,1,יהודי,740,390,360,220,60,100,330,30,0.510374679415985,1449.91518945801,0.0405405405405405,49
3649,שקד,שקד,116.22245577276564,0,NA,NA,no_red_alert,2015,0.773255813953488,Party_turnout,TRUE,2015,17066,שקד,SHAQED,1,יהודי,850,430,420,280,70,100,360,50,0.510374679415985,1665.4431230261,0.0588235294117647,44
3649,שקד,שקד,116.22245577276564,0,NA,NA,no_red_alert,2019,0.740740740740741,Party_turnout,TRUE,2019,17071,שקד,SHAQED,1,יהודי,962,500,461,362,49,99,384,0,0.510374679415985,1884.88974629542,0,NA
3649,שקד,שקד,116.22245577276564,0,NA,NA,no_red_alert,2019,0.717948717948718,Party_turnout,TRUE,2019.2,17071,שקד,SHAQED,1,יהודי,962,500,461,362,49,99,384,0,0.510374679415985,1884.88974629542,0,NA
3649,שקד,שקד,116.22245577276564,0,NA,NA,no_red_alert,2020,0.71280276816609,Party_turnout,TRUE,2020,17073,שקד,Shaqed,1,יהודי,1018,529,490,384,60,106,398,0,0.510374679415985,1994.61305793008,0,NA
3649,שקד,שקד,116.22245577276564,0,NA,NA,no_red_alert,2021,0.741407528641571,Party_turnout,TRUE,2021,17068,שקד,SHAQED,1,יהודי,1081,551,529,413,68,101,419,0,0.510374679415985,2118.05178351907,0,NA
3649,שקד,שקד,116.22245577276564,0,NA,NA,no_red_alert,2022,0.729970326409496,Party_turnout,TRUE,2022,17070,שקד,SHAQED,1,יהודי,1128,571,557,417,74,112,443,0,0.510374679415985,2210.14099149816,0,NA
3651,מעלה מכמש,מעלהמכמש,79.0884450859718,0,NA,NA,no_red_alert,2006,0.779593932167462,Party_turnout,FALSE,2006,17100,מעלה מכמש,MA'ALE MIKHMAS,1,NA,1184,NA,NA,NA,NA,NA,NA,NA,0.142814904096402,8290.45124870709,NA,32.3333333333333
3651,מעלה מכמש,מעלהמכמש,79.0884450859718,0,NA,NA,no_red_alert,2009,0.839869281045752,Party_turnout,FALSE,2009,17102,מעלה מכמש,MA'ALE MIKHMAS,1,NA,1076,NA,NA,NA,NA,NA,NA,NA,0.142814904096402,7534.22765507503,NA,32
3651,מעלה מכמש,מעלהמכמש,79.0884450859718,0,NA,NA,no_red_alert,2013,0.877840909090909,Party_turnout,FALSE,2013,17097,מעלה מכמש,MA'ALE MIKHMAS,1,יהודי,1290,680,610,650,60,140,410,20,0.142814904096402,9032.67070171634,0.0155038759689922,35
3651,מעלה מכמש,מעלהמכמש,79.0884450859718,0,NA,NA,no_red_alert,2015,0.873239436619718,Party_turnout,TRUE,2015,17101,מעלה מכמש,MA'ALE MIKHMAS,1,יהודי,1350,690,670,640,90,160,440,30,0.142814904096402,9452.79492040082,0.0222222222222222,37
3651,מעלה מכמש,מעלהמכמש,79.0884450859718,0,NA,NA,no_red_alert,2019,0.806486486486486,Party_turnout,TRUE,2019,17105,מעלה מכמש,MA'ALE MIKHMAS,1,יהודי,1529,769,760,682,110,195,491,0,0.142814904096402,10706.1655061429,0,NA
3651,מעלה מכמש,מעלהמכמש,79.0884450859718,0,NA,NA,no_red_alert,2019,0.786096256684492,Party_turnout,TRUE,2019.2,17105,מעלה מכמש,MA'ALE MIKHMAS,1,יהודי,1529,769,760,682,110,195,491,0,0.142814904096402,10706.1655061429,0,NA
3651,מעלה מכמש,מעלהמכמש,79.0884450859718,0,NA,NA,no_red_alert,2020,0.783246073298429,Party_turnout,TRUE,2020,17093,מעלה מכמש,Ma'ale Mikhmas,1,יהודי,1636,809,826,664,174,230,513,0,0.142814904096402,11455.3870294635,0,NA
3651,מעלה מכמש,מעלהמכמש,79.0884450859718,0,NA,NA,no_red_alert,2021,0.775672981056829,Party_turnout,TRUE,2021,17095,מעלה מכמש,MA'ALE MIKHMAS,1,יהודי,1691,829,862,685,180,243,525,0,0.142814904096402,11840.500896591,0,NA
3651,מעלה מכמש,מעלהמכמש,79.0884450859718,0,NA,NA,no_red_alert,2022,0.776951672862453,Party_turnout,TRUE,2022,17092,מעלה מכמש,MA'ALE MIKHMAS,1,יהודי,1744,848,896,714,150,259,557,0,0.142814904096402,12211.6106230956,0,NA
3654,ברקן,ברקן,81.0012351048294,0,NA,NA,no_red_alert,2006,0.697522989219985,Party_turnout,FALSE,2006,17147,ברקן,BARQAN,1,NA,1257,NA,NA,NA,NA,NA,NA,NA,0.0107168962728769,117291.421694667,NA,57
3654,ברקן,ברקן,81.0012351048294,0,NA,NA,no_red_alert,2009,0.737513283740701,Party_turnout,FALSE,2009,17140,ברקן,BARQAN,1,NA,1357,NA,NA,NA,NA,NA,NA,NA,0.0107168962728769,126622.481495356,NA,54
3654,ברקן,ברקן,81.0012351048294,0,NA,NA,no_red_alert,2013,0.72744014732965,Party_turnout,FALSE,2013,17139,ברקן,BARQAN,1,יהודי,1540,780,750,460,110,170,690,90,0.0107168962728769,143698.320930618,0.0584415584415584,63
3654,ברקן,ברקן,81.0012351048294,0,NA,NA,no_red_alert,2015,0.761016949152542,Party_turnout,TRUE,2015,17138,ברקן,BARQAN,1,יהודי,1740,880,860,540,130,190,770,120,0.0107168962728769,162360.440531997,0.0689655172413793,59
3654,ברקן,ברקן,81.0012351048294,0,NA,NA,no_red_alert,2019,0.745318352059925,Party_turnout,TRUE,2019,17142,ברקן,BARQAN,1,יהודי,1895,951,944,565,140,217,809,162,0.0107168962728769,176823.583223065,0.0854881266490765,NA
3654,ברקן,ברקן,81.0012351048294,0,NA,NA,no_red_alert,2019,0.712618526622903,Party_turnout,TRUE,2019.2,17142,ברקן,BARQAN,1,יהודי,1895,951,944,565,140,217,809,162,0.0107168962728769,176823.583223065,0.0854881266490765,NA
3654,ברקן,ברקן,81.0012351048294,0,NA,NA,no_red_alert,2020,0.724837074583635,Party_turnout,TRUE,2020,17143,ברקן,Barqan,1,יהודי,1932,972,962,563,147,216,834,172,0.0107168962728769,180276.07534932,0.0890269151138716,NA
3654,ברקן,ברקן,81.0012351048294,0,NA,NA,no_red_alert,2021,0.694736842105263,Party_turnout,TRUE,2021,17145,ברקן,BARQAN,1,יהודי,2005,1002,1003,585,144,231,862,184,0.0107168962728769,187087.749003824,0.0917705735660848,NA
3654,ברקן,ברקן,81.0012351048294,0,NA,NA,no_red_alert,2022,0.700198544010589,Party_turnout,TRUE,2022,17141,ברקן,BARQAN,1,יהודי,2040,1021,1019,596,135,236,885,188,0.0107168962728769,190353.619934065,0.092156862745098,NA
3658,עטרת,עטרת,76.83295939865731,1,208,2,temporal_distance > 149,2006,1,Party_turnout,FALSE,2006,17207,עטרת,ATERET,1,NA,406,NA,NA,NA,NA,NA,NA,NA,0.00126570088371732,320770.890834486,NA,23
3658,עטרת,עטרת,76.83295939865731,1,208,2,temporal_distance > 149,2009,0.881057268722467,Party_turnout,FALSE,2009,17204,עטרת,ATERET,1,NA,761,NA,NA,NA,NA,NA,NA,NA,0.00126570088371732,601247.901293212,NA,25
3658,עטרת,עטרת,76.83295939865731,1,208,2,temporal_distance > 149,2013,0.848605577689243,Party_turnout,FALSE,2013,17200,עטרת,ATERET,1,יהודי,800,470,340,360,150,80,200,0,0.00126570088371732,632060.868639382,0,37
3658,עטרת,עטרת,76.83295939865731,1,208,2,temporal_distance > 149,2015,0.874551971326165,Party_turnout,TRUE,2015,17199,עטרת,ATERET,1,יהודי,890,520,380,410,150,90,240,0,0.00126570088371732,703167.716361312,0,37
3658,עטרת,עטרת,76.83295939865731,1,208,2,temporal_distance > 149,2019,0.86779661016949206,Party_turnout,TRUE,2019,17196,עטרת,ATERET,1,יהודי,900,521,379,418,156,75,247,0,0.00126570088371732,711068.477219305,0,NA
3658,עטרת,עטרת,76.83295939865731,1,208,2,temporal_distance > 149,2019,0.855704697986577,Party_turnout,TRUE,2019.2,17196,עטרת,ATERET,1,יהודי,900,521,379,418,156,75,247,0,0.00126570088371732,711068.477219305,0,NA
3658,עטרת,עטרת,76.83295939865731,1,208,2,temporal_distance > 149,2020,0.792642140468227,Party_turnout,TRUE,2020,17201,עטרת,Ateret,1,יהודי,944,560,380,420,191,76,252,0,0.00126570088371732,745831.824994471,0,NA
3658,עטרת,עטרת,76.83295939865731,1,208,2,temporal_distance > 149,2021,0.823151125401929,Party_turnout,TRUE,2021,17210,עטרת,ATERET,1,יהודי,954,561,393,393,204,101,249,0,0.00126570088371732,753732.585852463,0,NA
3658,עטרת,עטרת,76.83295939865731,1,208,2,temporal_distance > 149,2022,0.807339449541284,Party_turnout,TRUE,2022,17198,עטרת,ATERET,1,יהודי,891,509,382,393,150,88,243,0,0.00126570088371732,703957.792447112,0,NA
3660,עמנואל,עמנואל,85.7249349319036,0,NA,NA,no_red_alert,2006,0.617823816716974,Party_turnout,FALSE,2006,17238,עמנואל,IMMANU'EL,1,NA,2678,NA,NA,NA,NA,NA,NA,NA,4.87535003615156,549.293892775322,NA,29.7142857142857
3660,עמנואל,עמנואל,85.7249349319036,0,NA,NA,no_red_alert,2009,0.66388557806913,Party_turnout,FALSE,2009,17229,עמנואל,IMMANU'EL,1,NA,2895,NA,NA,NA,NA,NA,NA,NA,4.87535003615156,593.803517395279,NA,31.1428571428571
3660,עמנואל,עמנואל,85.7249349319036,0,NA,NA,no_red_alert,2013,0.738122171945701,Party_turnout,FALSE,2013,17239,עמנואל,IMMANU'EL,1,יהודי,3120,1570,1540,1460,230,470,850,110,4.87535003615156,639.954049835327,0.0352564102564103,33.2857142857143
3660,עמנואל,עמנואל,85.7249349319036,0,NA,NA,no_red_alert,2015,0.728414442700157,Party_turnout,TRUE,2015,17237,עמנואל,IMMANU'EL,1,יהודי,3250,1630,1620,1530,250,500,870,110,4.87535003615156,666.618801911799,0.0338461538461538,41.5714285714286
3660,עמנואל,עמנואל,85.7249349319036,0,NA,NA,no_red_alert,2019,0.726849697533737,Party_turnout,TRUE,2019,17232,עמנואל,IMMANU'EL,1,יהודי,3906,1958,1947,1824,287,667,979,148,4.87535003615156,801.173243159226,0.0378904249871992,NA
3660,עמנואל,עמנואל,85.7249349319036,0,NA,NA,no_red_alert,2019,0.732362312243969,Party_turnout,TRUE,2019.2,17232,עמנואל,IMMANU'EL,1,יהודי,3906,1958,1947,1824,287,667,979,148,4.87535003615156,801.173243159226,0.0378904249871992,NA
3660,עמנואל,עמנואל,85.7249349319036,0,NA,NA,no_red_alert,2020,0.73374613003096,Party_turnout,TRUE,2020,17230,עמנואל,Immanu'el,1,יהודי,4129,2052,2079,1930,283,740,1014,162,4.87535003615156,846.913548644251,0.0392346815209494,NA
3660,עמנואל,עמנואל,85.7249349319036,0,NA,NA,no_red_alert,2021,0.672979797979798,Party_turnout,TRUE,2021,17240,עמנואל,IMMANU'EL,1,יהודי,4372,2168,2205,2065,304,754,1087,163,4.87535003615156,896.756123679503,0.0372827081427264,NA
3660,עמנואל,עמנואל,85.7249349319036,0,NA,NA,no_red_alert,2022,0.75808336579665,Party_turnout,TRUE,2022,17226,עמנואל,IMMANU'EL,1,יהודי,4656,2328,2329,2211,319,813,1130,185,4.87535003615156,955.008351292718,0.039733676975945,NA
3710,ברכה,ברכה,97.52863744031512,0,NA,NA,no_red_alert,2006,0.921188533935802,Party_turnout,FALSE,2006,17259,ברכה,BERAKHA,1,NA,1182,NA,NA,NA,NA,NA,NA,NA,0.168741564285859,7004.79461004412,NA,52
3710,ברכה,ברכה,97.52863744031512,0,NA,NA,no_red_alert,2009,0.781944444444444,Party_turnout,FALSE,2009,17268,ברכה,BERAKHA,1,NA,1531,NA,NA,NA,NA,NA,NA,NA,0.168741564285859,9073.04614888117,NA,54.3333333333333
3710,ברכה,ברכה,97.52863744031512,0,NA,NA,no_red_alert,2013,0.80634201585504,Party_turnout,FALSE,2013,17265,ברכה,BERAKHA,1,יהודי,2050,1080,960,1050,80,420,450,50,0.168741564285859,12148.7554573523,0.024390243902439,62
3710,ברכה,ברכה,97.52863744031512,0,NA,NA,no_red_alert,2015,0.858342077649528,Party_turnout,TRUE,2015,17267,ברכה,BERAKHA,1,יהודי,2270,1190,1080,1200,90,400,530,50,0.168741564285859,13452.5243357023,0.0220264317180617,60
3710,ברכה,ברכה,97.52863744031512,0,NA,NA,no_red_alert,2019,0.886466848319709,Party_turnout,TRUE,2019,17257,ברכה,BERAKHA,1,יהודי,2757,1417,1340,1472,141,396,688,0,0.168741564285859,16338.5945345953,0,NA
3710,ברכה,ברכה,97.52863744031512,0,NA,NA,no_red_alert,2019,0.86613475177305,Party_turnout,TRUE,2019.2,17257,ברכה,BERAKHA,1,יהודי,2757,1417,1340,1472,141,396,688,0,0.168741564285859,16338.5945345953,0,NA
3710,ברכה,ברכה,97.52863744031512,0,NA,NA,no_red_alert,2020,0.86414445399828,Party_turnout,TRUE,2020,17263,ברכה,Berakha,1,יהודי,2927,1500,1423,1509,202,411,741,64,0.168741564285859,17346.0523042294,0.0218653911855142,NA
3710,ברכה,ברכה,97.52863744031512,0,NA,NA,no_red_alert,2021,0.846963562753036,Party_turnout,TRUE,2021,17262,ברכה,BERAKHA,1,יהודי,3062,1572,1490,1566,227,426,777,64,0.168741564285859,18146.0922977623,0.0209013716525147,NA
3710,ברכה,ברכה,97.52863744031512,0,NA,NA,no_red_alert,2022,0.852298417483044,Party_turnout,TRUE,2022,17261,ברכה,BERAKHA,1,יהודי,3165,1632,1532,1586,265,446,797,70,0.168741564285859,18756.4931817171,0.0221169036334913,NA
3712,ענב,ענב,97.58929692237484,0,NA,NA,no_red_alert,2006,0.732646258887714,Party_turnout,FALSE,2006,17281,ענב,ENAV,1,NA,571,NA,NA,NA,NA,NA,NA,NA,0.121012289011167,4718.52904085887,NA,23.5
3712,ענב,ענב,97.58929692237484,0,NA,NA,no_red_alert,2009,0.767955801104972,Party_turnout,FALSE,2009,17280,ענב,ENAV,1,NA,565,NA,NA,NA,NA,NA,NA,NA,0.121012289011167,4668.94729962392,NA,34
3712,ענב,ענב,97.58929692237484,0,NA,NA,no_red_alert,2013,0.824884792626728,Party_turnout,FALSE,2013,17282,ענב,ENAV,1,יהודי,680,340,340,280,40,130,210,20,0.121012289011167,5619.26400662702,0.0294117647058824,38.5
3712,ענב,ענב,97.58929692237484,0,NA,NA,no_red_alert,2015,0.839160839160839,Party_turnout,TRUE,2015,17285,ענב,ENAV,1,יהודי,710,360,350,300,50,100,230,30,0.121012289011167,5867.17271280175,0.0422535211267606,43
3712,ענב,ענב,97.58929692237484,0,NA,NA,no_red_alert,2019,0.844897959183673,Party_turnout,TRUE,2019,17276,ענב,ENAV,1,יהודי,891,449,442,428,35,108,271,0,0.121012289011167,7362.88857338923,0,NA
3712,ענב,ענב,97.58929692237484,0,NA,NA,no_red_alert,2019,0.842,Party_turnout,TRUE,2019.2,17276,ענב,ENAV,1,יהודי,891,449,442,428,35,108,271,0,0.121012289011167,7362.88857338923,0,NA
3712,ענב,ענב,97.58929692237484,0,NA,NA,no_red_alert,2020,0.849504950495049,Party_turnout,TRUE,2020,17278,ענב,Enav,1,יהודי,925,466,458,438,41,107,286,0,0.121012289011167,7643.85177372058,0,NA
3712,ענב,ענב,97.58929692237484,0,NA,NA,no_red_alert,2021,0.83752417794971,Party_turnout,TRUE,2021,17271,ענב,ENAV,1,יהודי,983,494,489,479,43,100,301,0,0.121012289011167,8123.14193899171,0,NA
3712,ענב,ענב,97.58929692237484,0,NA,NA,no_red_alert,2022,0.819642857142857,Party_turnout,TRUE,2022,17274,ענב,ENAV,1,יהודי,1062,538,523,528,48,97,325,0,0.121012289011167,8775.96819858515,0,NA
3713,"נעמ""ה",נעמה,93.97699897274325,0,NA,NA,no_red_alert,2006,NA,Party_turnout,FALSE,2006,17289,נעמי,NO'OMI,1,NA,129,NA,NA,NA,NA,NA,NA,NA,0.119998216338219,1075.0159788743,NA,21
3713,"נעמ""ה",נעמה,93.97699897274325,0,NA,NA,no_red_alert,2009,0.642105263157895,Party_turnout,FALSE,2009,17295,"נעמ""ה",NA'AMA,1,NA,102,NA,NA,NA,NA,NA,NA,NA,0.119998216338219,850.012634458748,NA,18
3713,"נעמ""ה",נעמה,93.97699897274325,0,NA,NA,no_red_alert,2013,0.644067796610169,Party_turnout,FALSE,2013,17300,"נעמ""ה",NA'AMA,1,יהודי,100,50,50,10,10,30,50,0,0.119998216338219,833.345720057596,0,34
3713,"נעמ""ה",נעמה,93.97699897274325,0,NA,NA,no_red_alert,2015,0.611111111111111,Party_turnout,TRUE,2015,17299,"נעמ""ה",NA'AMA,1,יהודי,120,60,60,20,0,40,60,0,0.119998216338219,1000.01486406912,0,27
3713,"נעמ""ה",נעמה,93.97699897274325,0,NA,NA,no_red_alert,2019,0.710144927536232,Party_turnout,TRUE,2019,17286,"נעמ""ה",NA'AMA,1,יהודי,165,84,81,49,4,31,0,0,0.119998216338219,1375.02043809503,0,NA
3713,"נעמ""ה",נעמה,93.97699897274325,0,NA,NA,no_red_alert,2019,0.573426573426573,Party_turnout,TRUE,2019.2,17286,"נעמ""ה",NA'AMA,1,יהודי,165,84,81,49,4,31,0,0,0.119998216338219,1375.02043809503,0,NA
3713,"נעמ""ה",נעמה,93.97699897274325,0,NA,NA,no_red_alert,2020,0.606896551724138,Party_turnout,TRUE,2020,17290,"נעמ""ה",Na'ama,1,יהודי,171,91,70,51,5,0,0,0,0.119998216338219,1425.02118129849,0,NA
3713,"נעמ""ה",נעמה,93.97699897274325,0,NA,NA,no_red_alert,2021,0.621621621621622,Party_turnout,TRUE,2021,17287,"נעמ""ה",NA'AMA,1,יהודי,197,101,95,69,6,17,0,0,0.119998216338219,1641.69106851346,0,NA
3713,"נעמ""ה",נעמה,93.97699897274325,0,NA,NA,no_red_alert,2022,0.64327485380117,Party_turnout,TRUE,2022,17298,"נעמ""ה",NA'AMA,1,יהודי,247,126,122,100,0,26,0,0,0.119998216338219,2058.36392854226,0,NA
3715,עלמון,עלמון,75.59275239048279,0,NA,NA,no_red_alert,2006,0.634743474347435,Party_turnout,FALSE,2006,17305,עלמון,ALMON,1,NA,808,NA,NA,NA,NA,NA,NA,NA,0.174926954565863,4619.07086878241,NA,54
3715,עלמון,עלמון,75.59275239048279,0,NA,NA,no_red_alert,2009,0.742115027829313,Party_turnout,FALSE,2009,17311,עלמון,ALMON,1,NA,826,NA,NA,NA,NA,NA,NA,NA,0.174926954565863,4721.9709623939,NA,49
3715,עלמון,עלמון,75.59275239048279,0,NA,NA,no_red_alert,2013,0.768308921438083,Party_turnout,FALSE,2013,17302,עלמון,ALMON,1,יהודי,1190,580,610,400,110,150,490,40,0.174926954565863,6802.8395220929,0.0336134453781513,60.3333333333333
3715,עלמון,עלמון,75.59275239048279,0,NA,NA,no_red_alert,2015,0.775757575757576,Party_turnout,TRUE,2015,17314,עלמון,ALMON,1,יהודי,1290,640,650,430,120,180,510,60,0.174926954565863,7374.5067088234,0.0465116279069767,55.6666666666667
3715,עלמון,עלמון,75.59275239048279,0,NA,NA,no_red_alert,2019,0.770767613038906,Party_turnout,TRUE,2019,17307,עלמון,ALMON,1,יהודי,1420,723,697,446,117,208,562,88,0.174926954565863,8117.67405157304,0.0619718309859155,NA
3715,עלמון,עלמון,75.59275239048279,0,NA,NA,no_red_alert,2019,0.753326509723644,Party_turnout,TRUE,2019.2,17307,עלמון,ALMON,1,יהודי,1420,723,697,446,117,208,562,88,0.174926954565863,8117.67405157304,0.0619718309859155,NA
3715,עלמון,עלמון,75.59275239048279,0,NA,NA,no_red_alert,2020,0.749746707193516,Party_turnout,TRUE,2020,17308,עלמון,Almon,1,יהודי,1440,741,702,434,131,205,575,95,0.174926954565863,8232.00748891914,0.0659722222222222,NA
3715,עלמון,עלמון,75.59275239048279,0,NA,NA,no_red_alert,2021,0.724070450097847,Party_turnout,TRUE,2021,17306,עלמון,ALMON,1,יהודי,1442,739,703,432,132,204,573,101,0.174926954565863,8243.44083265375,0.0700416088765603,NA
3715,עלמון,עלמון,75.59275239048279,0,NA,NA,no_red_alert,2022,0.751205400192864,Party_turnout,TRUE,2022,17310,עלמון,ALMON,1,יהודי,1467,745,722,438,127,214,588,101,0.174926954565863,8386.35762933637,0.0688479890933879,NA
3717,חרמש,חרמש,109.1461987431246,0,NA,NA,no_red_alert,2006,0.421049247781921,Party_turnout,FALSE,2006,17325,חרמש,HERMESH,1,NA,202,NA,NA,NA,NA,NA,NA,NA,0.267038051375884,756.446502508603,NA,14.6666666666667
3717,חרמש,חרמש,109.1461987431246,0,NA,NA,no_red_alert,2009,0.571428571428571,Party_turnout,FALSE,2009,17322,חרמש,HERMESH,1,NA,177,NA,NA,NA,NA,NA,NA,NA,0.267038051375884,662.826885861498,NA,19
3717,חרמש,חרמש,109.1461987431246,0,NA,NA,no_red_alert,2013,0.605882352941176,Party_turnout,FALSE,2013,17324,חרמש,HERMESH,1,יהודי,190,100,90,50,20,20,90,20,0.267038051375884,711.509086517993,0.105263157894737,17
3717,חרמש,חרמש,109.1461987431246,0,NA,NA,no_red_alert,2015,0.674033149171271,Party_turnout,TRUE,2015,17328,חרמש,HERMESH,1,יהודי,220,110,110,60,20,30,100,20,0.267038051375884,823.852626494518,0.0909090909090909,24.6666666666667
3717,חרמש,חרמש,109.1461987431246,0,NA,NA,no_red_alert,2019,0.691176470588235,Party_turnout,TRUE,2019,17326,חרמש,HERMESH,1,יהודי,224,119,105,51,16,30,105,0,0.267038051375884,838.831765158054,0,NA
3717,חרמש,חרמש,109.1461987431246,0,NA,NA,no_red_alert,2019,0.689655172413793,Party_turnout,TRUE,2019.2,17326,חרמש,HERMESH,1,יהודי,224,119,105,51,16,30,105,0,0.267038051375884,838.831765158054,0,NA
3717,חרמש,חרמש,109.1461987431246,0,NA,NA,no_red_alert,2020,0.63768115942029,Party_turnout,TRUE,2020,17323,חרמש,Hermesh,1,יהודי,228,118,102,52,19,26,101,0,0.267038051375884,853.810903821591,0,NA
3717,חרמש,חרמש,109.1461987431246,0,NA,NA,no_red_alert,2021,0.617924528301887,Party_turnout,TRUE,2021,17318,חרמש,HERMESH,1,יהודי,235,119,116,56,15,31,100,0,0.267038051375884,880.02439648278,0,NA
3717,חרמש,חרמש,109.1461987431246,0,NA,NA,no_red_alert,2022,0.647887323943662,Party_turnout,TRUE,2022,17321,חרמש,HERMESH,1,יהודי,245,122,123,62,15,34,97,0,0.267038051375884,917.472243141622,0,NA
3720,שערי תקווה,שעריתקווה,77.40825556994554,0,NA,NA,no_red_alert,2006,0.784405440868026,Party_turnout,FALSE,2006,17354,שערי תקווה,SHA'ARE TIQWA,1,NA,3773,NA,NA,NA,NA,NA,NA,NA,0.0597977215828765,63096.0494836048,NA,60
3720,שערי תקווה,שעריתקווה,77.40825556994554,0,NA,NA,no_red_alert,2009,0.765198398252639,Party_turnout,FALSE,2009,17356,שערי תקווה,SHA'ARE TIQWA,1,NA,4488,NA,NA,NA,NA,NA,NA,NA,0.0597977215828765,75053.0267909935,NA,54.5
3720,שערי תקווה,שעריתקווה,77.40825556994554,0,NA,NA,no_red_alert,2013,0.778086419753086,Party_turnout,FALSE,2013,17346,שערי תקווה,SHA'ARE TIQWA,1,יהודי,5260,2620,2640,1610,410,660,2200,370,0.0597977215828765,87963.2176739362,0.0703422053231939,62
3720,שערי תקווה,שעריתקווה,77.40825556994554,0,NA,NA,no_red_alert,2015,0.807812057741296,Party_turnout,TRUE,2015,17353,שערי תקווה,SHA'ARE TIQWA,1,יהודי,5640,2830,2810,1750,440,660,2350,440,0.0597977215828765,94317.9748442966,0.0780141843971631,59
3720,שערי תקווה,שעריתקווה,77.40825556994554,0,NA,NA,no_red_alert,2019,0.781540847983454,Party_turnout,TRUE,2019,17359,שערי תקווה,SHA'ARE TIQWA,1,יהודי,6039,3039,3000,1847,481,741,2411,560,0.0597977215828765,100990.469873175,0.0927305845338632,NA
3720,שערי תקווה,שעריתקווה,77.40825556994554,0,NA,NA,no_red_alert,2019,0.747433264887064,Party_turnout,TRUE,2019.2,17359,שערי תקווה,SHA'ARE TIQWA,1,יהודי,6039,3039,3000,1847,481,741,2411,560,0.0597977215828765,100990.469873175,0.0927305845338632,NA
3720,שערי תקווה,שעריתקווה,77.40825556994554,0,NA,NA,no_red_alert,2020,0.753260035796471,Party_turnout,TRUE,2020,17358,שערי תקווה,Sha'are Tiqwa,1,יהודי,6057,3052,3006,1826,483,758,2414,576,0.0597977215828765,101291.484686508,0.0950965824665676,NA
3720,שערי תקווה,שעריתקווה,77.40825556994554,0,NA,NA,no_red_alert,2021,0.75240263024785,Party_turnout,TRUE,2021,17348,שערי תקווה,SHA'ARE TIQWA,1,יהודי,6122,3080,3042,1804,520,765,2444,588,0.0597977215828765,102378.482623543,0.096047043449853,NA
3720,שערי תקווה,שעריתקווה,77.40825556994554,0,NA,NA,no_red_alert,2022,NA,Party_turnout,TRUE,2022,NA,NA,NA,NA,NA,NA,NA,NA,NA,NA,NA,NA,NA,NA,NA,NA,NA
3727,עלי זהב,עליזהב,75.53462345524844,0,NA,NA,no_red_alert,2006,0.760545028237368,Party_turnout,FALSE,2006,17436,עלי זהב,ALE ZAHAV,1,NA,723,NA,NA,NA,NA,NA,NA,NA,0.00446751799634265,161834.826539454,NA,45
3727,עלי זהב,עליזהב,75.53462345524844,0,NA,NA,no_red_alert,2009,0.747228381374723,Party_turnout,FALSE,2009,17447,עלי זהב,ALE ZAHAV,1,NA,457,NA,NA,NA,NA,NA,NA,NA,0.00446751799634265,102293.936000733,NA,42
3727,עלי זהב,עליזהב,75.53462345524844,0,NA,NA,no_red_alert,2013,0.707808564231738,Party_turnout,FALSE,2013,17449,עלי זהב,ALE ZAHAV,1,יהודי,740,360,380,350,30,100,240,20,0.00446751799634265,165640.071423507,0.027027027027027,57
3727,עלי זהב,עליזהב,75.53462345524844,0,NA,NA,no_red_alert,2015,0.809741248097412,Party_turnout,TRUE,2015,17445,עלי זהב,ALE ZAHAV,1,יהודי,1300,650,650,690,40,110,440,20,0.00446751799634265,290989.314662918,0.0153846153846154,52
3727,עלי זהב,עליזהב,75.53462345524844,0,NA,NA,no_red_alert,2019,0.845353159851301,Party_turnout,TRUE,2019,17438,עלי זהב,ALE ZAHAV,1,יהודי,3399,1700,1699,1966,95,234,1070,0,0.00446751799634265,760825.138876353,0,NA
3727,עלי זהב,עליזהב,75.53462345524844,0,NA,NA,no_red_alert,2019,0.834231805929919,Party_turnout,TRUE,2019.2,17438,עלי זהב,ALE ZAHAV,1,יהודי,3399,1700,1699,1966,95,234,1070,0,0.00446751799634265,760825.138876353,0,NA
3727,עלי זהב,עליזהב,75.53462345524844,0,NA,NA,no_red_alert,2020,0.84223602484472,Party_turnout,TRUE,2020,17435,עלי זהב,Ale Zahav,1,יהודי,3829,1941,1884,2214,106,241,1229,39,0.00446751799634265,857075.450649472,0.0101854270044398,NA
3727,עלי זהב,עליזהב,75.53462345524844,0,NA,NA,no_red_alert,2021,0.85,Party_turnout,TRUE,2021,17448,עלי זהב,ALE ZAHAV,1,יהודי,4280,2195,2085,2474,143,236,1385,43,0.00446751799634265,958026.359044068,0.0100467289719626,NA
3727,עלי זהב,עליזהב,75.53462345524844,0,NA,NA,no_red_alert,2022,0.835603112840467,Party_turnout,TRUE,2022,17440,עלי זהב,ALE ZAHAV,1,יהודי,4647,2362,2285,2652,191,230,1530,0,0.00446751799634265,1040174.88095275,0,NA
3746,קרית נטפים,קריתנטפים,81.990714594768,0,NA,NA,no_red_alert,2006,0.928943937418514,Party_turnout,FALSE,2006,17508,קריית נטפים,QIRYAT NETAFIM,1,NA,472,NA,NA,NA,NA,NA,NA,NA,0.00287080474468757,164413.828865734,NA,57
3746,קרית נטפים,קריתנטפים,81.990714594768,0,NA,NA,no_red_alert,2009,0.810408921933085,Party_turnout,FALSE,2009,17515,קריית נטפים,QIRYAT NETAFIM,1,NA,633,NA,NA,NA,NA,NA,NA,NA,0.00287080474468757,220495.664559343,NA,52
3746,קרית נטפים,קריתנטפים,81.990714594768,0,NA,NA,no_red_alert,2013,0.849358974358974,Party_turnout,FALSE,2013,17513,קריית נטפים,QIRYAT NETAFIM,1,יהודי,760,390,370,400,30,90,230,10,0.00287080474468757,264734.131224488,0.0131578947368421,63
3746,קרית נטפים,קריתנטפים,81.990714594768,0,NA,NA,no_red_alert,2015,0.869318181818182,Party_turnout,TRUE,2015,17512,קריית נטפים,QIRYAT NETAFIM,1,יהודי,870,450,420,440,40,100,260,10,0.00287080474468757,303050.9133754,0.0114942528735632,58
3746,קרית נטפים,קריתנטפים,81.990714594768,0,NA,NA,no_red_alert,2019,0.841463414634146,Party_turnout,TRUE,2019,17511,קריית נטפים,QIRYAT NETAFIM,1,יהודי,958,481,478,481,67,102,288,0,0.00287080474468757,333704.33909613,0,NA
3746,קרית נטפים,קריתנטפים,81.990714594768,0,NA,NA,no_red_alert,2019,0.867469879518072,Party_turnout,TRUE,2019.2,17511,קריית נטפים,QIRYAT NETAFIM,1,יהודי,958,481,478,481,67,102,288,0,0.00287080474468757,333704.33909613,0,NA
3746,קרית נטפים,קריתנטפים,81.990714594768,0,NA,NA,no_red_alert,2020,0.861904761904762,Party_turnout,TRUE,2020,17505,קריית נטפים,Qiryat Netafim,1,יהודי,963,481,479,466,77,106,293,0,0.00287080474468757,335446.011012081,0,NA
3746,קרית נטפים,קריתנטפים,81.990714594768,0,NA,NA,no_red_alert,2021,0.836829836829837,Party_turnout,TRUE,2021,17517,קריית נטפים,QIRYAT NETAFIM,1,יהודי,991,494,497,465,87,106,310,0,0.00287080474468757,345199.373741404,0,NA
3746,קרית נטפים,קריתנטפים,81.990714594768,0,NA,NA,no_red_alert,2022,0.820675105485232,Party_turnout,TRUE,2022,17510,קריית נטפים,QIRYAT NETAFIM,1,יהודי,1009,494,515,451,106,111,311,0,0.00287080474468757,351469.392638826,0,NA
3749,יצהר,יצהר,94.44039225735185,0,NA,NA,no_red_alert,2006,0.84112927191679,Party_turnout,FALSE,2006,17553,יצהר,YIZHAR,1,NA,673,NA,NA,NA,NA,NA,NA,NA,0.145577224452376,4622.9758984048,NA,29.5
3749,יצהר,יצהר,94.44039225735185,0,NA,NA,no_red_alert,2009,0.718905472636816,Party_turnout,FALSE,2009,17562,יצהר,YIZHAR,1,NA,893,NA,NA,NA,NA,NA,NA,NA,0.145577224452376,6134.20130352969,NA,31
3749,יצהר,יצהר,94.44039225735185,0,NA,NA,no_red_alert,2013,0.782,Party_turnout,FALSE,2013,17559,יצהר,YIZHAR,1,יהודי,1220,640,580,740,30,230,210,10,0.145577224452376,8380.43179205624,0.00819672131147541,43
3749,יצהר,יצהר,94.44039225735185,0,NA,NA,no_red_alert,2015,0.831168831168831,Party_turnout,TRUE,2015,17555,יצהר,YIZHAR,1,יהודי,1380,740,640,830,50,240,260,10,0.145577224452376,9479.50481396526,0.0072463768115942,41.5
3749,יצהר,יצהר,94.44039225735185,0,NA,NA,no_red_alert,2019,0.81638846737481,Party_turnout,TRUE,2019,17551,יצהר,YIZHAR,1,יהודי,1726,944,783,1009,81,301,325,0,0.145577224452376,11856.2502238435,0,NA
3749,יצהר,יצהר,94.44039225735185,0,NA,NA,no_red_alert,2019,0.807228915662651,Party_turnout,TRUE,2019.2,17551,יצהר,YIZHAR,1,יהודי,1726,944,783,1009,81,301,325,0,0.145577224452376,11856.2502238435,0,NA
3749,יצהר,יצהר,94.44039225735185,0,NA,NA,no_red_alert,2020,0.773391812865497,Party_turnout,TRUE,2020,17548,יצהר,Yizhar,1,יהודי,1839,996,840,1058,119,288,366,0,0.145577224452376,12632.4705455667,0,NA
3749,יצהר,יצהר,94.44039225735185,0,NA,NA,no_red_alert,2021,0.76797829036635,Party_turnout,TRUE,2021,17561,יצהר,YIZHAR,1,יהודי,2020,1088,932,1176,116,304,415,0,0.145577224452376,13875.7969016013,0,NA
3749,יצהר,יצהר,94.44039225735185,0,NA,NA,no_red_alert,2022,0.77710843373494,Party_turnout,TRUE,2022,17556,יצהר,YIZHAR,1,יהודי,2093,1124,968,1206,129,305,440,0,0.145577224452376,14377.2489678473,0,NA
3750,אלפי מנשה,אלפימנשה,76.99213127593997,1,227,3,temporal_distance > 149,2006,0.679386645570341,Party_turnout,FALSE,2006,17564,אלפי מנשה,ALFE MENASHE,1,NA,5826,NA,NA,NA,NA,NA,NA,NA,4.61703248436758,1261.84947143555,NA,50.3333333333333
3750,אלפי מנשה,אלפימנשה,76.99213127593997,1,227,3,temporal_distance > 149,2009,0.739911261356434,Party_turnout,FALSE,2009,17569,אלפי מנשה,ALFE MENASHE,1,NA,6708,NA,NA,NA,NA,NA,NA,NA,4.61703248436758,1452.88126577234,NA,56.1428571428571
3750,אלפי מנשה,אלפימנשה,76.99213127593997,1,227,3,temporal_distance > 149,2013,0.767924528301887,Party_turnout,FALSE,2013,17574,אלפי מנשה,ALFE MENASHE,1,יהודי,7580,3820,3760,2330,530,830,3500,390,4.61703248436758,1641.74716674931,0.0514511873350923,58.6666666666667
3750,אלפי מנשה,אלפימנשה,76.99213127593997,1,227,3,temporal_distance > 149,2015,0.791837495341036,Party_turnout,TRUE,2015,17568,אלפי מנשה,ALFE MENASHE,1,יהודי,7640,3820,3820,2270,610,820,3410,530,4.61703248436758,1654.74252690828,0.0693717277486911,56.1666666666667
3750,אלפי מנשה,אלפימנשה,76.99213127593997,1,227,3,temporal_distance > 149,2019,0.75871125897391,Party_turnout,TRUE,2019,17571,אלפי מנשה,ALFE MENASHE,1,יהודי,7952,4006,3946,2191,696,888,3416,759,4.61703248436758,1722.3183997349,0.0954476861167002,NA
3750,אלפי מנשה,אלפימנשה,76.99213127593997,1,227,3,temporal_distance > 149,2019,0.741388263804743,Party_turnout,TRUE,2019.2,17571,אלפי מנשה,ALFE MENASHE,1,יהודי,7952,4006,3946,2191,696,888,3416,759,4.61703248436758,1722.3183997349,0.0954476861167002,NA
3750,אלפי מנשה,אלפימנשה,76.99213127593997,1,227,3,temporal_distance > 149,2020,0.737628865979381,Party_turnout,TRUE,2020,17563,אלפי מנשה,Alfe Menashe,1,יהודי,7997,4012,3984,2154,694,918,3418,813,4.61703248436758,1732.06491985412,0.101663123671377,NA
3750,אלפי מנשה,אלפימנשה,76.99213127593997,1,227,3,temporal_distance > 149,2021,0.73399428667450906,Party_turnout,TRUE,2021,17577,אלפי מנשה,ALFE MENASHE,1,יהודי,7966,3990,3976,2073,738,929,3368,859,4.61703248436758,1725.35065043865,0.107833291488828,NA
3750,אלפי מנשה,אלפימנשה,76.99213127593997,1,227,3,temporal_distance > 149,2022,0.735083928868207,Party_turnout,TRUE,2022,17575,אלפי מנשה,ALFE MENASHE,1,יהודי,7975,4020,3955,1996,771,971,3345,894,4.61703248436758,1727.2999544625,0.112100313479624,NA
3751,מגדלים,מגדלים,95.04148632670396,0,NA,NA,no_red_alert,2006,0.536759015632255,Party_turnout,FALSE,2006,17580,מגדלים,MIGDALIM,1,NA,142,NA,NA,NA,NA,NA,NA,NA,0.162185564275927,875.540314786677,NA,21
3751,מגדלים,מגדלים,95.04148632670396,0,NA,NA,no_red_alert,2009,0.56043956043956,Party_turnout,FALSE,2009,17584,מגדלים,MIGDALIM,1,NA,136,NA,NA,NA,NA,NA,NA,NA,0.162185564275927,838.545653598507,NA,19
3751,מגדלים,מגדלים,95.04148632670396,0,NA,NA,no_red_alert,2013,0.621621621621622,Party_turnout,FALSE,2013,17590,מגדלים,MIGDALIM,1,יהודי,150,90,60,40,10,30,70,0,0.162185564275927,924.866529704236,0,27
3751,מגדלים,מגדלים,95.04148632670396,0,NA,NA,no_red_alert,2015,0.694029850746269,Party_turnout,TRUE,2015,17579,מגדלים,MIGDALIM,1,יהודי,270,160,110,100,10,70,90,10,0.162185564275927,1664.75975346762,0.037037037037037,31
3751,מגדלים,מגדלים,95.04148632670396,0,NA,NA,no_red_alert,2019,0.765486725663717,Party_turnout,TRUE,2019,17588,מגדלים,MIGDALIM,1,יהודי,447,248,199,206,12,83,131,0,0.162185564275927,2756.10225851862,0,NA
3751,מגדלים,מגדלים,95.04148632670396,0,NA,NA,no_red_alert,2019,0.733624454148472,Party_turnout,TRUE,2019.2,17588,מגדלים,MIGDALIM,1,יהודי,447,248,199,206,12,83,131,0,0.162185564275927,2756.10225851862,0,NA
3751,מגדלים,מגדלים,95.04148632670396,0,NA,NA,no_red_alert,2020,0.736842105263158,Party_turnout,TRUE,2020,17587,מגדלים,Migdalim,1,יהודי,503,270,226,233,15,88,153,0,0.162185564275927,3101.38576294154,0,NA
3751,מגדלים,מגדלים,95.04148632670396,0,NA,NA,no_red_alert,2021,0.747252747252747,Party_turnout,TRUE,2021,17582,מגדלים,MIGDALIM,1,יהודי,543,280,263,257,22,85,162,0,0.162185564275927,3348.01683752933,0,NA
3751,מגדלים,מגדלים,95.04148632670396,0,NA,NA,no_red_alert,2022,0.760942760942761,Party_turnout,TRUE,2022,17586,מגדלים,MIGDALIM,1,יהודי,592,301,291,291,22,83,180,0,0.162185564275927,3650.13990389938,0,NA
3752,מעלה לבונה,מעלהלבונה,85.16492841950549,0,NA,NA,no_red_alert,2006,0.864110939660528,Party_turnout,FALSE,2006,17603,מעלה לבונה,MA'ALE LEVONA,1,NA,556,NA,NA,NA,NA,NA,NA,NA,0.100561792748781,5528.93882261005,NA,32.6666666666667
3752,מעלה לבונה,מעלהלבונה,85.16492841950549,0,NA,NA,no_red_alert,2009,0.729032258064516,Party_turnout,FALSE,2009,17605,מעלה לבונה,MA'ALE LEVONA,1,NA,713,NA,NA,NA,NA,NA,NA,NA,0.100561792748781,7090.16795057728,NA,35
3752,מעלה לבונה,מעלהלבונה,85.16492841950549,0,NA,NA,no_red_alert,2013,0.754335260115607,Party_turnout,FALSE,2013,17606,מעלה לבונה,MA'ALE LEVONA,1,יהודי,730,300,440,240,200,120,150,20,0.100561792748781,7259.21823831895,0.0273972602739726,38
3752,מעלה לבונה,מעלהלבונה,85.16492841950549,0,NA,NA,no_red_alert,2015,0.81058495821727,Party_turnout,TRUE,2015,17598,מעלה לבונה,MA'ALE LEVONA,1,יהודי,770,310,460,250,210,130,150,20,0.100561792748781,7656.98362124054,0.025974025974026,41
3752,מעלה לבונה,מעלהלבונה,85.16492841950549,0,NA,NA,no_red_alert,2019,0.827160493827161,Party_turnout,TRUE,2019,17596,מעלה לבונה,MA'ALE LEVONA,1,יהודי,906,353,552,286,263,152,174,0,0.100561792748781,9009.38592317393,0,NA
3752,מעלה לבונה,מעלהלבונה,85.16492841950549,0,NA,NA,no_red_alert,2019,0.794258373205742,Party_turnout,TRUE,2019.2,17596,מעלה לבונה,MA'ALE LEVONA,1,יהודי,906,353,552,286,263,152,174,0,0.100561792748781,9009.38592317393,0,NA
3752,מעלה לבונה,מעלהלבונה,85.16492841950549,0,NA,NA,no_red_alert,2020,0.786542923433875,Party_turnout,TRUE,2020,17593,מעלה לבונה,Ma'ale Levona,1,יהודי,946,387,560,335,239,150,185,0,0.100561792748781,9407.15130609552,0,NA
3752,מעלה לבונה,מעלהלבונה,85.16492841950549,0,NA,NA,no_red_alert,2021,0.774941995359629,Party_turnout,TRUE,2021,17604,מעלה לבונה,MA'ALE LEVONA,1,יהודי,976,405,571,313,274,157,198,0,0.100561792748781,9705.47534328671,0,NA
3752,מעלה לבונה,מעלהלבונה,85.16492841950549,0,NA,NA,no_red_alert,2022,0.761388286334056,Party_turnout,TRUE,2022,17607,מעלה לבונה,MA'ALE LEVONA,1,יהודי,1018,418,600,348,261,159,216,0,0.100561792748781,10123.1289953544,0,NA
3762,איתמר,איתמר,98.74020381031222,0,NA,NA,no_red_alert,2006,0.878415502318849,Party_turnout,FALSE,2006,17680,איתמר,ITAMAR,1,NA,698,NA,NA,NA,NA,NA,NA,NA,0.15211074303919,4588.76201676409,NA,21.5
3762,איתמר,איתמר,98.74020381031222,0,NA,NA,no_red_alert,2009,0.749303621169916,Party_turnout,FALSE,2009,17682,איתמר,ITAMAR,1,NA,1032,NA,NA,NA,NA,NA,NA,NA,0.15211074303919,6784.53066088903,NA,28
3762,איתמר,איתמר,98.74020381031222,0,NA,NA,no_red_alert,2013,0.770419426048565,Party_turnout,FALSE,2013,17668,איתמר,ITAMAR,1,יהודי,1030,610,410,490,90,220,220,10,0.15211074303919,6771.38234565475,0.00970873786407767,35
3762,איתמר,איתמר,98.74020381031222,0,NA,NA,no_red_alert,2015,0.820618556701031,Party_turnout,TRUE,2015,17677,איתמר,ITAMAR,1,יהודי,1310,850,460,520,300,210,250,20,0.15211074303919,8612.1464784541,0.0152671755725191,45
3762,איתמר,איתמר,98.74020381031222,0,NA,NA,no_red_alert,2019,0.783595113438045,Party_turnout,TRUE,2019,17681,איתמר,ITAMAR,1,יהודי,1269,725,544,583,131,235,296,24,0.15211074303919,8342.60601615134,0.0189125295508274,NA
3762,איתמר,איתמר,98.74020381031222,0,NA,NA,no_red_alert,2019,0.763986013986014,Party_turnout,TRUE,2019.2,17681,איתמר,ITAMAR,1,יהודי,1269,725,544,583,131,235,296,24,0.15211074303919,8342.60601615134,0.0189125295508274,NA
3762,איתמר,איתמר,98.74020381031222,0,NA,NA,no_red_alert,2020,0.746621621621622,Party_turnout,TRUE,2020,17670,איתמר,Itamar,1,יהודי,1285,739,544,578,174,203,300,0,0.15211074303919,8447.79253802559,0,NA
3762,איתמר,איתמר,98.74020381031222,0,NA,NA,no_red_alert,2021,0.705691056910569,Party_turnout,TRUE,2021,17669,איתמר,ITAMAR,1,יהודי,1354,757,597,642,137,222,322,0,0.15211074303919,8901.40941360828,0,NA
3762,איתמר,איתמר,98.74020381031222,0,NA,NA,no_red_alert,2022,0.727810650887574,Party_turnout,TRUE,2022,17678,איתמר,ITAMAR,1,יהודי,1470,830,640,678,149,262,349,0,0.15211074303919,9664.01169719658,0,NA
3765,עלי,עלי,88.10917478550147,0,NA,NA,no_red_alert,2006,0.849086242702994,Party_turnout,FALSE,2006,17713,עלי,ELI,1,NA,2530,NA,NA,NA,NA,NA,NA,NA,0.178307247676516,14188.9913784655,NA,54.3333333333333
3765,עלי,עלי,88.10917478550147,0,NA,NA,no_red_alert,2009,0.750882145377558,Party_turnout,FALSE,2009,17718,עלי,ELI,1,NA,2921,NA,NA,NA,NA,NA,NA,NA,0.178307247676516,16381.835500592,NA,49
3765,עלי,עלי,88.10917478550147,0,NA,NA,no_red_alert,2013,0.803623611922852,Party_turnout,FALSE,2013,17720,עלי,ELI,1,יהודי,3650,2010,1640,1650,240,820,840,100,0.178307247676516,20470.2840045056,0.0273972602739726,60.6666666666667
3765,עלי,עלי,88.10917478550147,0,NA,NA,no_red_alert,2015,0.804736842105263,Party_turnout,TRUE,2015,17726,עלי,ELI,1,יהודי,4090,2240,1850,1800,330,900,950,110,0.178307247676516,22937.9346790213,0.0268948655256724,50
3765,עלי,עלי,88.10917478550147,0,NA,NA,no_red_alert,2019,0.794299287410926,Party_turnout,TRUE,2019,17717,עלי,ELI,1,יהודי,4415,2384,2031,1973,323,947,1047,123,0.178307247676516,24760.6311999704,0.0278595696489241,NA
3765,עלי,עלי,88.10917478550147,0,NA,NA,no_red_alert,2019,0.763500931098696,Party_turnout,TRUE,2019.2,17717,עלי,ELI,1,יהודי,4415,2384,2031,1973,323,947,1047,123,0.178307247676516,24760.6311999704,0.0278595696489241,NA
3765,עלי,עלי,88.10917478550147,0,NA,NA,no_red_alert,2020,0.769730733519034,Party_turnout,TRUE,2020,17724,עלי,Eli,1,יהודי,4600,2511,2088,1939,582,860,1095,124,0.178307247676516,25798.1661426646,0.0269565217391304,NA
3765,עלי,עלי,88.10917478550147,0,NA,NA,no_red_alert,2021,0.751788908765653,Party_turnout,TRUE,2021,17716,עלי,ELI,1,יהודי,4613,2526,2086,1959,445,945,1128,133,0.178307247676516,25871.0740035025,0.0288315629742033,NA
3765,עלי,עלי,88.10917478550147,0,NA,NA,no_red_alert,2022,0.729076790336497,Party_turnout,TRUE,2022,17725,עלי,ELI,1,יהודי,4701,2617,2084,1990,408,1001,1162,141,0.178307247676516,26364.6041384057,0.0299936183790683,NA
3778,עץ אפרים,עץאפרים,78.30348559784233,0,NA,NA,no_red_alert,2006,0.875694931721272,Party_turnout,FALSE,2006,17821,עץ אפרים,EZ EFRAYIM,1,NA,679,NA,NA,NA,NA,NA,NA,NA,0.059797532266913,11354.9836299131,NA,51.5
3778,עץ אפרים,עץאפרים,78.30348559784233,0,NA,NA,no_red_alert,2009,0.77639751552795,Party_turnout,FALSE,2009,17819,עץ אפרים,EZ EFRAYIM,1,NA,730,NA,NA,NA,NA,NA,NA,NA,0.059797532266913,12207.861634516299,NA,52
3778,עץ אפרים,עץאפרים,78.30348559784233,0,NA,NA,no_red_alert,2013,0.795341098169717,Party_turnout,FALSE,2013,17818,עץ אפרים,EZ EFRAYIM,1,יהודי,1220,640,580,430,90,180,470,60,0.059797532266913,20402.1797179588,0.0491803278688525,60.5
3778,עץ אפרים,עץאפרים,78.30348559784233,0,NA,NA,no_red_alert,2015,0.845026178010471,Party_turnout,TRUE,2015,17820,עץ אפרים,EZ EFRAYIM,1,יהודי,1820,920,900,730,120,220,680,80,0.059797532266913,30436.0385956435,0.043956043956044,57.5
3778,עץ אפרים,עץאפרים,78.30348559784233,0,NA,NA,no_red_alert,2019,0.816640986132512,Party_turnout,TRUE,2019,17815,עץ אפרים,EZ EFRAYIM,1,יהודי,2428,1242,1186,1056,146,244,888,93,0.059797532266913,40603.6822583639,0.0383031301482702,NA
3778,עץ אפרים,עץאפרים,78.30348559784233,0,NA,NA,no_red_alert,2019,0.805429864253394,Party_turnout,TRUE,2019.2,17815,עץ אפרים,EZ EFRAYIM,1,יהודי,2428,1242,1186,1056,146,244,888,93,0.059797532266913,40603.6822583639,0.0383031301482702,NA
3778,עץ אפרים,עץאפרים,78.30348559784233,0,NA,NA,no_red_alert,2020,0.790560471976401,Party_turnout,TRUE,2020,17822,עץ אפרים,Ez Efrayim,1,יהודי,2460,1253,1200,1054,154,251,904,97,0.059797532266913,41138.8213985071,0.0394308943089431,NA
3778,עץ אפרים,עץאפרים,78.30348559784233,0,NA,NA,no_red_alert,2021,0.777537796976242,Party_turnout,TRUE,2021,17817,עץ אפרים,EZ EFRAYIM,1,יהודי,2519,1284,1235,1083,160,251,918,107,0.059797532266913,42125.4841881461,0.0424771734815403,NA
3778,עץ אפרים,עץאפרים,78.30348559784233,0,NA,NA,no_red_alert,2022,NA,Party_turnout,TRUE,2022,NA,NA,NA,NA,NA,NA,NA,NA,NA,NA,NA,NA,NA,NA,NA,NA,NA
3790,נופים,נופים,83.94409669063586,0,NA,NA,no_red_alert,2006,0.618296529968454,Party_turnout,FALSE,2006,17970,נופים,NOFIM,1,NA,409,NA,NA,NA,NA,NA,NA,NA,0.131829079095667,3102.50213993525,NA,41.3333333333333
3790,נופים,נופים,83.94409669063586,0,NA,NA,no_red_alert,2009,0.637223974763407,Party_turnout,FALSE,2009,17966,נופים,NOFIM,1,NA,409,NA,NA,NA,NA,NA,NA,NA,0.131829079095667,3102.50213993525,NA,42.3333333333333
3790,נופים,נופים,83.94409669063586,0,NA,NA,no_red_alert,2013,0.695652173913043,Party_turnout,FALSE,2013,17972,נופים,NOFIM,1,יהודי,460,230,230,120,40,50,190,50,0.131829079095667,3489.36670995162,0.108695652173913,47.6666666666667
3790,נופים,נופים,83.94409669063586,0,NA,NA,no_red_alert,2015,0.731764705882353,Party_turnout,TRUE,2015,17963,נופים,NOFIM,1,יהודי,640,320,320,230,30,80,250,60,0.131829079095667,4854.7710747153,0.09375,51.6666666666667
3790,נופים,נופים,83.94409669063586,0,NA,NA,no_red_alert,2019,0.76056338028169,Party_turnout,TRUE,2019,17973,נופים,NOFIM,1,יהודי,864,437,427,371,38,77,322,0,0.131829079095667,6553.94095086565,0,NA
3790,נופים,נופים,83.94409669063586,0,NA,NA,no_red_alert,2019,0.743137254901961,Party_turnout,TRUE,2019.2,17973,נופים,NOFIM,1,יהודי,864,437,427,371,38,77,322,0,0.131829079095667,6553.94095086565,0,NA
3790,נופים,נופים,83.94409669063586,0,NA,NA,no_red_alert,2020,0.752362948960302,Party_turnout,TRUE,2020,17971,נופים,Nofim,1,יהודי,949,475,474,410,49,81,349,0,0.131829079095667,7198.71523422628,0,NA
3790,נופים,נופים,83.94409669063586,0,NA,NA,no_red_alert,2021,0.716049382716049,Party_turnout,TRUE,2021,17962,נופים,NOFIM,1,יהודי,1042,521,522,467,54,96,368,0,0.131829079095667,7904.17415602085,0,NA
3790,נופים,נופים,83.94409669063586,0,NA,NA,no_red_alert,2022,0.737421383647799,Party_turnout,TRUE,2022,17974,נופים,NOFIM,1,יהודי,1174,587,586,535,65,103,413,0,0.131829079095667,8905.47069018088,0,NA
3791,צופים,צופים,82.5932612491398,0,NA,NA,no_red_alert,2006,0.596721047978783,Party_turnout,FALSE,2006,17982,צופים,ZUFIM,1,NA,1082,NA,NA,NA,NA,NA,NA,NA,0.0597978141714258,18094.3068737959,NA,56.5
3791,צופים,צופים,82.5932612491398,0,NA,NA,no_red_alert,2009,0.756493506493506,Party_turnout,FALSE,2009,17985,צופים,ZUFIM,1,NA,1127,NA,NA,NA,NA,NA,NA,NA,0.0597978141714258,18846.8427419297,NA,56
3791,צופים,צופים,82.5932612491398,0,NA,NA,no_red_alert,2013,0.795353982300885,Party_turnout,FALSE,2013,17989,צופים,ZUFIM,1,יהודי,1620,780,840,590,130,210,650,40,0.0597978141714258,27091.2912528183,0.0246913580246914,63
3791,צופים,צופים,82.5932612491398,0,NA,NA,no_red_alert,2015,0.840579710144927,Party_turnout,TRUE,2015,17978,צופים,ZUFIM,1,יהודי,1980,960,1020,760,150,230,790,60,0.0597978141714258,33111.578197889,0.0303030303030303,57.5
3791,צופים,צופים,82.5932612491398,0,NA,NA,no_red_alert,2019,0.808750882145378,Party_turnout,TRUE,2019,17987,צופים,ZUFIM,1,יהודי,2406,1204,1202,916,165,292,935,98,0.0597978141714258,40235.5844162227,0.0407315045719036,NA
3791,צופים,צופים,82.5932612491398,0,NA,NA,no_red_alert,2019,0.786953504510756,Party_turnout,TRUE,2019.2,17987,צופים,ZUFIM,1,יהודי,2406,1204,1202,916,165,292,935,98,0.0597978141714258,40235.5844162227,0.0407315045719036,NA
3791,צופים,צופים,82.5932612491398,0,NA,NA,no_red_alert,2020,0.797091412742382,Party_turnout,TRUE,2020,17988,צופים,Zufim,1,יהודי,2433,1210,1221,910,167,285,968,103,0.0597978141714258,40687.105937103,0.042334566378956,NA
3791,צופים,צופים,82.5932612491398,0,NA,NA,no_red_alert,2021,0.759647935003385,Party_turnout,TRUE,2021,17990,צופים,ZUFIM,1,יהודי,2489,1241,1249,917,173,283,1008,108,0.0597978141714258,41623.5950174473,0.0433909200482121,NA
3791,צופים,צופים,82.5932612491398,0,NA,NA,no_red_alert,2022,0.766200762388818,Party_turnout,TRUE,2022,17991,צופים,ZUFIM,1,יהודי,2553,1293,1261,932,195,267,1034,124,0.0597978141714258,42693.8682521266,0.0485703094398747,NA
3793,אבני חפץ,אבניחפץ,94.24588048615358,0,NA,NA,no_red_alert,2006,0.660442950957134,Party_turnout,FALSE,2006,18005,אבני חפץ,AVNE HEFEZ,1,NA,1247,NA,NA,NA,NA,NA,NA,NA,0.181028279355343,6888.42651789362,NA,24
3793,אבני חפץ,אבניחפץ,94.24588048615358,0,NA,NA,no_red_alert,2009,0.880392156862745,Party_turnout,FALSE,2009,17993,אבני חפץ,AVNE HEFEZ,1,NA,1409,NA,NA,NA,NA,NA,NA,NA,0.181028279355343,7783.3143253505305,NA,28
3793,אבני חפץ,אבניחפץ,94.24588048615358,0,NA,NA,no_red_alert,2013,0.839634941329857,Party_turnout,FALSE,2013,18000,אבני חפץ,AVNE HEFEZ,1,יהודי,1680,850,830,850,110,190,510,20,0.181028279355343,9280.31800325684,0.0119047619047619,31
3793,אבני חפץ,אבניחפץ,94.24588048615358,0,NA,NA,no_red_alert,2015,0.860655737704918,Party_turnout,TRUE,2015,18003,אבני חפץ,AVNE HEFEZ,1,יהודי,1710,850,860,810,140,220,530,20,0.181028279355343,9446.03796760071,0.0116959064327485,37.6666666666667
3793,אבני חפץ,אבניחפץ,94.24588048615358,0,NA,NA,no_red_alert,2019,0.809254013220019,Party_turnout,TRUE,2019,17994,אבני חפץ,AVNE HEFEZ,1,יהודי,1923,994,929,797,169,314,614,0,0.181028279355343,10622.6497144422,0,NA
3793,אבני חפץ,אבניחפץ,94.24588048615358,0,NA,NA,no_red_alert,2019,0.800925925925926,Party_turnout,TRUE,2019.2,17994,אבני חפץ,AVNE HEFEZ,1,יהודי,1923,994,929,797,169,314,614,0,0.181028279355343,10622.6497144422,0,NA
3793,אבני חפץ,אבניחפץ,94.24588048615358,0,NA,NA,no_red_alert,2020,0.796747967479675,Party_turnout,TRUE,2020,18002,אבני חפץ,Avne Hefez,1,יהודי,2081,1063,1015,841,176,381,648,0,0.181028279355343,11495.4415266533,0,NA
3793,אבני חפץ,אבניחפץ,94.24588048615358,0,NA,NA,no_red_alert,2021,0.739130434782609,Party_turnout,TRUE,2021,18006,אבני חפץ,AVNE HEFEZ,1,יהודי,2223,1135,1088,894,184,424,679,0,0.181028279355343,12279.8493578809,0,NA
3793,אבני חפץ,אבניחפץ,94.24588048615358,0,NA,NA,no_red_alert,2022,0.772459499263623,Party_turnout,TRUE,2022,17998,אבני חפץ,AVNE HEFEZ,1,יהודי,2363,1208,1154,930,209,454,723,0,0.181028279355343,13053.2091914857,0,NA
3795,רבבה,רבבה,82.96730957936757,0,NA,NA,no_red_alert,2006,0.820759392233153,Party_turnout,FALSE,2006,18033,רבבה,REVAVA,1,NA,909,NA,NA,NA,NA,NA,NA,NA,0.00220715228780668,411842.900474849,NA,55
3795,רבבה,רבבה,82.96730957936757,0,NA,NA,no_red_alert,2009,0.9453125,Party_turnout,FALSE,2009,18029,רבבה,REVAVA,1,NA,1110,NA,NA,NA,NA,NA,NA,NA,0.00220715228780668,502910.472527043,NA,52.5
3795,רבבה,רבבה,82.96730957936757,0,NA,NA,no_red_alert,2013,0.929712460063898,Party_turnout,FALSE,2013,18023,רבבה,REVAVA,1,יהודי,1680,850,830,980,100,160,440,10,0.00220715228780668,761161.796257146,0.00595238095238095,63
3795,רבבה,רבבה,82.96730957936757,0,NA,NA,no_red_alert,2015,0.909783989834816,Party_turnout,TRUE,2015,18028,רבבה,REVAVA,1,יהודי,1970,980,990,1150,110,160,540,10,0.00220715228780668,892552.820611059,0.0050761421319797,57
3795,רבבה,רבבה,82.96730957936757,0,NA,NA,no_red_alert,2019,0.878787878787879,Party_turnout,TRUE,2019,18026,רבבה,REVAVA,1,יהודי,2632,1297,1334,1432,189,282,0,0,0.00220715228780668,1192486.8141362,0,NA
3795,רבבה,רבבה,82.96730957936757,0,NA,NA,no_red_alert,2019,0.853913043478261,Party_turnout,TRUE,2019.2,18026,רבבה,REVAVA,1,יהודי,2632,1297,1334,1432,189,282,0,0,0.00220715228780668,1192486.8141362,0,NA
3795,רבבה,רבבה,82.96730957936757,0,NA,NA,no_red_alert,2020,0.859060402684564,Party_turnout,TRUE,2020,18025,רבבה,Revava,1,יהודי,2786,1368,1408,1449,241,319,759,0,0.00220715228780668,1262259.9787931,0,NA
3795,רבבה,רבבה,82.96730957936757,0,NA,NA,no_red_alert,2021,0.852359208523592,Party_turnout,TRUE,2021,18031,רבבה,REVAVA,1,יהודי,2908,1433,1474,1476,281,333,798,0,0.00220715228780668,1317534.8235213,0,NA
3795,רבבה,רבבה,82.96730957936757,0,NA,NA,no_red_alert,2022,0.821551132463967,Party_turnout,TRUE,2022,18032,רבבה,REVAVA,1,יהודי,2950,1461,1489,1464,259,385,820,0,0.00220715228780668,1336563.86842773,0,NA
4000,חיפה,חיפה,137.47541041673486,0,NA,NA,no_red_alert,2006,0.574189565761282,Party_turnout,FALSE,2006,18106,חיפה,HAIFA,4,NA,266280,NA,NA,NA,NA,NA,NA,NA,64.5543004703389,4124.89947315514,NA,60.6521739130435
4000,חיפה,חיפה,137.47541041673486,0,NA,NA,no_red_alert,2009,0.580387588329833,Party_turnout,FALSE,2009,18096,חיפה,HAIFA,4,NA,266274,NA,NA,NA,NA,NA,NA,NA,64.5543004703389,4124.80652814674,NA,58.8988764044944
4000,חיפה,חיפה,137.47541041673486,0,NA,NA,no_red_alert,2013,0.586025279440413,Party_turnout,FALSE,2013,18103,חיפה,HAIFA,4,מעורב,273180,131260,141990,52050,15160,39320,113640,52940,64.5543004703389,4231.78623282455,0.193791639212241,62.6630434782609
4000,חיפה,חיפה,137.47541041673486,0,NA,NA,no_red_alert,2015,0.622006461849602,Party_turnout,TRUE,2015,18104,חיפה,HAIFA,4,מעורב,278880,134050,144960,54630,15390,39160,114700,55240,64.5543004703389,4320.08399081233,0.198078026391279,62.9782608695652
4000,חיפה,חיפה,137.47541041673486,0,NA,NA,no_red_alert,2019,0.587438373960124,Party_turnout,TRUE,2019,18102,חיפה,HAIFA,4,מעורב,285317,137696,147627,57194,15929,37650,115356,58502,64.5543004703389,4419.79849399957,0.205042111055423,NA
4000,חיפה,חיפה,137.47541041673486,0,NA,NA,no_red_alert,2019,0.582886108540854,Party_turnout,TRUE,2019.2,18102,חיפה,HAIFA,4,מעורב,285317,137696,147627,57194,15929,37650,115356,58502,64.5543004703389,4419.79849399957,0.205042111055423,NA
4000,חיפה,חיפה,137.47541041673486,0,NA,NA,no_red_alert,2020,0.582821569782115,Party_turnout,TRUE,2020,18098,חיפה,HAIFA,4,מעורב,283735,136781,146898,56466,16515,36469,114824,58998,64.5543004703389,4395.29199344928,0.207933459037482,NA
4000,חיפה,חיפה,137.47541041673486,0,NA,NA,no_red_alert,2021,0.5511105775003,Party_turnout,TRUE,2021,18107,חיפה,HAIFA,4,מעורב,282834,136489,146340,56034,16160,36671,114147,59262,64.5543004703389,4381.33475135332,0.209529264515582,NA
4000,חיפה,חיפה,137.47541041673486,0,NA,NA,no_red_alert,2022,0.55528796803689,Party_turnout,TRUE,2022,18105,חיפה,HAIFA,4,מעורב,290305,140319,149990,56926,16703,38097,117822,60085,64.5543004703389,4497.06677765624,0.206971977747541,NA
6000,באקה אל-גרביה,באקהאלגרביה,103.5157296030792,0,NA,NA,no_red_alert,2006,NA,Party_turnout,FALSE,2006,18981,באקה-ג'ת*,BAQA -JATT,2,NA,31664,NA,NA,NA,NA,NA,NA,NA,9.5021134593176,3332.31129427852,NA,58.8461538461538
6000,באקה אל-גרביה,באקהאלגרביה,103.5157296030792,0,NA,NA,no_red_alert,2009,0.49751345808767,Party_turnout,FALSE,2009,18979,באקה-ג'ת*,BAQA -JATT,2,NA,34305,NA,NA,NA,NA,NA,NA,NA,9.5021134593176,3610.2494615407,NA,57.2727272727273
6000,באקה אל-גרביה,באקהאלגרביה,103.5157296030792,0,NA,NA,no_red_alert,2013,0.4326171875,Party_turnout,FALSE,2013,18984,באקה אל-גרביה,BAQA AL-GHARBIYYE,2,לא יהודי,27100,13730,13360,9490,2790,4200,9430,1180,9.5021134593176,2851.99709685914,0.0435424354243542,61.7692307692308
6000,באקה אל-גרביה,באקהאלגרביה,103.5157296030792,0,NA,NA,no_red_alert,2015,0.615112736136502,Party_turnout,TRUE,2015,18977,באקה אל-גרביה,BAQA AL-GHARBIYYE,2,לא יהודי,28130,14210,13920,9360,3120,4420,9920,1310,9.5021134593176,2960.39403448885,0.0465694987557767,60.2307692307692
6000,באקה אל-גרביה,באקהאלגרביה,103.5157296030792,0,NA,NA,no_red_alert,2019,0.428816742688489,Party_turnout,TRUE,2019,18985,באקה אל-גרביה,BAQA AL-GHARBIYYE,2,לא יהודי,29950,15106,14845,8908,3353,5126,10945,1619,9.5021134593176,3151.93037088308,0.0540567612687813,NA
6000,באקה אל-גרביה,באקהאלגרביה,103.5157296030792,0,NA,NA,no_red_alert,2019,0.578660312417262,Party_turnout,TRUE,2019.2,18985,באקה אל-גרביה,BAQA AL-GHARBIYYE,2,לא יהודי,29950,15106,14845,8908,3353,5126,10945,1619,9.5021134593176,3151.93037088308,0.0540567612687813,NA
6000,באקה אל-גרביה,באקהאלגרביה,103.5157296030792,0,NA,NA,no_red_alert,2020,0.618923565883395,Party_turnout,TRUE,2020,18978,באקה אל-גרביה,BAQA AL-GHARBIYYE,2,לא יהודי,30456,15407,15050,8926,3295,5344,11205,1686,9.5021134593176,3205.18168199048,0.0553585500394011,NA
6000,באקה אל-גרביה,באקהאלגרביה,103.5157296030792,0,NA,NA,no_red_alert,2021,0.313345150671056,Party_turnout,TRUE,2021,18990,באקה אל-גרביה,BAQA AL-GHARBIYYE,2,לא יהודי,30973,15655,15317,8894,3301,5530,11490,1759,9.5021134593176,3259.59063029588,0.0567913989603848,NA
6000,באקה אל-גרביה,באקהאלגרביה,103.5157296030792,0,NA,NA,no_red_alert,2022,0.475463837620501,Party_turnout,TRUE,2022,18988,באקה אל-גרביה,BAQA AL-GHARBIYYE,2,לא יהודי,31397,15857,15541,8853,3230,5651,11809,1855,9.5021134593176,3304.21228229102,0.0590820779055324,NA
6500,חדרה,חדרה,97.4413884761851,1,208,4,temporal_distance > 149,2006,0.534793670795616,Party_turnout,FALSE,2006,19068,חדרה,HADERA,1,NA,76332,NA,NA,NA,NA,NA,NA,NA,50.6859448716254,1505.97962005699,NA,58.76
6500,חדרה,חדרה,97.4413884761851,1,208,4,temporal_distance > 149,2009,0.561766445627471,Party_turnout,FALSE,2009,19055,חדרה,HADERA,1,NA,80379,NA,NA,NA,NA,NA,NA,NA,50.6859448716254,1585.82423990673,NA,58.0307692307692
6500,חדרה,חדרה,97.4413884761851,1,208,4,temporal_distance > 149,2013,0.577455640518438,Party_turnout,FALSE,2013,19062,חדרה,HADERA,1,יהודי,85390,42000,43410,19150,5710,12520,36380,11660,50.6859448716254,1684.68793895963,0.136549947300621,61.4
6500,חדרה,חדרה,97.4413884761851,1,208,4,temporal_distance > 149,2015,0.648789224817309,Party_turnout,TRUE,2015,19066,חדרה,HADERA,1,יהודי,88790,43580,45200,20350,5810,12220,37680,12770,50.6859448716254,1751.76767888775,0.143822502534069,61.4666666666667
6500,חדרה,חדרה,97.4413884761851,1,208,4,temporal_distance > 149,2019,0.628321276004814,Party_turnout,TRUE,2019,19060,חדרה,HADERA,1,יהודי,97332,47945,49389,23038,6212,12286,40743,15006,50.6859448716254,1920.29566078954,0.15417334484034,NA
6500,חדרה,חדרה,97.4413884761851,1,208,4,temporal_distance > 149,2019,0.622931177500691,Party_turnout,TRUE,2019.2,19060,חדרה,HADERA,1,יהודי,97332,47945,49389,23038,6212,12286,40743,15006,50.6859448716254,1920.29566078954,0.15417334484034,NA
6500,חדרה,חדרה,97.4413884761851,1,208,4,temporal_distance > 149,2020,0.630254186368505,Party_turnout,TRUE,2020,19064,חדרה,HADERA,1,יהודי,98915,48573,50330,23424,6282,12288,41186,15676,50.6859448716254,1951.52719852666,0.158479502603245,NA
6500,חדרה,חדרה,97.4413884761851,1,208,4,temporal_distance > 149,2021,0.590772278246553,Party_turnout,TRUE,2021,19058,חדרה,HADERA,1,יהודי,100633,49303,51330,23882,6408,12292,41798,16196,50.6859448716254,1985.42219652564,0.160941241938529,NA
6500,חדרה,חדרה,97.4413884761851,1,208,4,temporal_distance > 149,2022,0.627481563743901,Party_turnout,TRUE,2022,19067,חדרה,HADERA,1,יהודי,103044,50566,52474,24337,6665,12239,42808,16925,50.6859448716254,2032.98962386879,0.164250223205621,NA
6800,קרית אתא,קריתאתא,141.91997313797418,0,NA,NA,no_red_alert,2006,0.579887519732362,Party_turnout,FALSE,2006,19104,קריית אתא,QIRYAT ATTA,1,NA,49466,NA,NA,NA,NA,NA,NA,NA,16.3424855973285,3026.83454762145,NA,60.5909090909091
6800,קרית אתא,קריתאתא,141.91997313797418,0,NA,NA,no_red_alert,2009,0.603841479398518,Party_turnout,FALSE,2009,19115,קריית אתא,QIRYAT ATTA,1,NA,50787,NA,NA,NA,NA,NA,NA,NA,16.3424855973285,3107.6668048771,NA,58.875
6800,קרית אתא,קריתאתא,141.91997313797418,0,NA,NA,no_red_alert,2013,0.609739321824059,Party_turnout,FALSE,2013,19111,קריית אתא,QIRYAT ATTA,1,יהודי,53390,26040,27340,11430,3380,8050,23090,7420,16.3424855973285,3266.94490149819,0.138977336579884,62.9090909090909
6800,קרית אתא,קריתאתא,141.91997313797418,0,NA,NA,no_red_alert,2015,0.669652630403217,Party_turnout,TRUE,2015,19106,קריית אתא,QIRYAT ATTA,1,יהודי,55470,27130,28330,12110,3460,7960,23660,8300,16.3424855973285,3394.22052230951,0.14963043086353,62.6363636363636
6800,קרית אתא,קריתאתא,141.91997313797418,0,NA,NA,no_red_alert,2019,0.657375268840101,Party_turnout,TRUE,2019,19110,קריית אתא,QIRYAT ATTA,1,יהודי,59031,28881,30150,13442,3652,7588,24653,9699,16.3424855973285,3612.11883274657,0.164303501550033,NA
6800,קרית אתא,קריתאתא,141.91997313797418,0,NA,NA,no_red_alert,2019,0.652896415778206,Party_turnout,TRUE,2019.2,19110,קריית אתא,QIRYAT ATTA,1,יהודי,59031,28881,30150,13442,3652,7588,24653,9699,16.3424855973285,3612.11883274657,0.164303501550033,NA
6800,קרית אתא,קריתאתא,141.91997313797418,0,NA,NA,no_red_alert,2020,0.661316550864818,Party_turnout,TRUE,2020,19114,קריית אתא,QIRYAT ATTA,1,יהודי,59362,29070,30292,13396,3642,7620,24663,10041,16.3424855973285,3632.37278971222,0.169148613591186,NA
6800,קרית אתא,קריתאתא,141.91997313797418,0,NA,NA,no_red_alert,2021,0.617795328516216,Party_turnout,TRUE,2021,19107,קריית אתא,QIRYAT ATTA,1,יהודי,60103,29417,30687,13636,3695,7624,24835,10316,16.3424855973285,3677.71472962625,0.171638686920786,NA
6800,קרית אתא,קריתאתא,141.91997313797418,0,NA,NA,no_red_alert,2022,0.649707626420688,Party_turnout,TRUE,2022,19112,קריית אתא,QIRYAT ATTA,1,יהודי,61142,29925,31217,13889,3824,7527,25229,10674,16.3424855973285,3741.2913498296,0.174577213699257,NA
7300,נצרת,נצרת,141.18477731567188,1,6,1,temporal_distance == 6,2006,0.535105142545222,Party_turnout,FALSE,2006,19187,נצרת,NAZARETH,2,NA,64816,NA,NA,NA,NA,NA,NA,NA,14.1958537010931,4565.84023509688,NA,60.9473684210526
7300,נצרת,נצרת,141.18477731567188,1,6,1,temporal_distance == 6,2009,0.478433706766438,Party_turnout,FALSE,2009,19194,נצרת,NAZARETH,2,NA,72201,NA,NA,NA,NA,NA,NA,NA,14.1958537010931,5086.06255884705,NA,58.6875
7300,נצרת,נצרת,141.18477731567188,1,6,1,temporal_distance == 6,2013,0.550539571867839,Party_turnout,FALSE,2013,19189,נצרת,NAZARETH,2,לא יהודי,74370,37200,37170,21250,7650,11930,28180,5350,14.1958537010931,5238.85365163162,0.0719376092510421,62.5263157894737
7300,נצרת,נצרת,141.18477731567188,1,6,1,temporal_distance == 6,2015,0.6140855124737,Party_turnout,TRUE,2015,19191,נצרת,NAZARETH,2,לא יהודי,75740,37850,37930,20910,7770,12480,28930,5670,14.1958537010931,5335.36070424337,0.0748613678373383,62
7300,נצרת,נצרת,141.18477731567188,1,6,1,temporal_distance == 6,2019,0.398309987552813,Party_turnout,TRUE,2019,19183,נצרת,NAZARETH,2,לא יהודי,77444,38755,38687,19456,7449,13678,30243,6621,14.1958537010931,5455.39575362323,0.0854940343990496,NA
7300,נצרת,נצרת,141.18477731567188,1,6,1,temporal_distance == 6,2019,0.557527827616841,Party_turnout,TRUE,2019.2,19183,נצרת,NAZARETH,2,לא יהודי,77444,38755,38687,19456,7449,13678,30243,6621,14.1958537010931,5455.39575362323,0.0854940343990496,NA
7300,נצרת,נצרת,141.18477731567188,1,6,1,temporal_distance == 6,2020,0.603372751354814,Party_turnout,TRUE,2020,19193,נצרת,NAZARETH,2,לא יהודי,77792,38867,38927,19334,7122,13853,30604,6879,14.1958537010931,5479.90995384869,0.0884281160016454,NA
7300,נצרת,נצרת,141.18477731567188,1,6,1,temporal_distance == 6,2021,0.390330007674597,Party_turnout,TRUE,2021,19185,נצרת,NAZARETH,2,לא יהודי,77926,38899,39028,19138,6904,13851,31001,7039,14.1958537010931,5489.34932979758,0.0903292867592331,NA
7300,נצרת,נצרת,141.18477731567188,1,6,1,temporal_distance == 6,2022,0.482854214620541,Party_turnout,TRUE,2022,19192,נצרת,NAZARETH,2,לא יהודי,78008,38917,39088,18893,6636,13735,31330,7418,14.1958537010931,5495.12566433346,0.0950928109937442,NA
7400,נתניה,נתניה,80.13912094644284,0,NA,NA,no_red_alert,2006,0.551622259724097,Party_turnout,FALSE,2006,19198,נתניה,NETANYA,1,NA,173820,NA,NA,NA,NA,NA,NA,NA,29.028353979978,5987.93855552024,NA,61
7400,נתניה,נתניה,80.13912094644284,0,NA,NA,no_red_alert,2009,0.551214185360527,Party_turnout,FALSE,2009,19202,נתניה,NETANYA,1,NA,183006,NA,NA,NA,NA,NA,NA,NA,29.028353979978,6304.38777638671,NA,58.95
7400,נתניה,נתניה,80.13912094644284,0,NA,NA,no_red_alert,2013,0.584772390060222,Party_turnout,FALSE,2013,19213,נתניה,NETANYA,1,יהודי,196970,96080,100910,46410,12200,26340,81180,30850,29.028353979978,6785.43468692223,0.156622835964868,62.925
7400,נתניה,נתניה,80.13912094644284,0,NA,NA,no_red_alert,2015,0.631907361142356,Party_turnout,TRUE,2015,19210,נתניה,NETANYA,1,יהודי,207870,101230,106640,49860,12640,26410,84540,34560,29.028353979978,7160.9296256817,0.166257757252129,62.875
7400,נתניה,נתניה,80.13912094644284,0,NA,NA,no_red_alert,2019,0.603258138443272,Party_turnout,TRUE,2019,19207,נתניה,NETANYA,1,יהודי,221352,107851,113503,53182,13733,26359,88004,40005,29.028353979978,7625.37208112713,0.180730239618345,NA
7400,נתניה,נתניה,80.13912094644284,0,NA,NA,no_red_alert,2019,0.592254502719397,Party_turnout,TRUE,2019.2,19207,נתניה,NETANYA,1,יהודי,221352,107851,113503,53182,13733,26359,88004,40005,29.028353979978,7625.37208112713,0.180730239618345,NA
7400,נתניה,נתניה,80.13912094644284,0,NA,NA,no_red_alert,2020,0.598002307529806,Party_turnout,TRUE,2020,19204,נתניה,NETANYA,1,יהודי,222118,108263,113856,52936,13935,26481,87821,40863,29.028353979978,7651.76007407114,0.183969781827677,NA
7400,נתניה,נתניה,80.13912094644284,0,NA,NA,no_red_alert,2021,0.564959093096626,Party_turnout,TRUE,2021,19205,נתניה,NETANYA,1,יהודי,224065,109134,114930,53024,14256,26511,88078,42090,29.028353979978,7718.83242689359,0.187847276459956,NA
7400,נתניה,נתניה,80.13912094644284,0,NA,NA,no_red_alert,2022,0.582860362667759,Party_turnout,TRUE,2022,19200,נתניה,NETANYA,1,יהודי,233104,113567,119534,54372,15070,27160,92535,43867,29.028353979978,8030.21763344834,0.188186388907955,NA
7700,עפולה,עפולה,131.89497432146717,0,NA,NA,no_red_alert,2006,0.516234073759624,Party_turnout,FALSE,2006,19250,עפולה,AFULA,1,NA,39274,NA,NA,NA,NA,NA,NA,NA,29.269301062621,1341.8154371358,NA,49.9230769230769
7700,עפולה,עפולה,131.89497432146717,0,NA,NA,no_red_alert,2009,0.55930746561886,Party_turnout,FALSE,2009,19246,עפולה,AFULA,1,NA,40597,NA,NA,NA,NA,NA,NA,NA,29.269301062621,1387.01637982894,NA,53.8205128205128
7700,עפולה,עפולה,131.89497432146717,0,NA,NA,no_red_alert,2013,0.572170361726954,Party_turnout,FALSE,2013,19255,עפולה,AFULA,1,יהודי,42770,20740,22040,9570,2910,6840,17800,5680,29.269301062621,1461.25798865148,0.13280336684592,50.4871794871795
7700,עפולה,עפולה,131.89497432146717,0,NA,NA,no_red_alert,2015,0.650685507612078,Party_turnout,TRUE,2015,19248,עפולה,AFULA,1,יהודי,44920,21790,23150,10210,3070,7100,18310,6280,29.269301062621,1534.71379121404,0.139804096170971,58.8717948717949
7700,עפולה,עפולה,131.89497432146717,0,NA,NA,no_red_alert,2019,0.647204599524187,Party_turnout,TRUE,2019,19251,עפולה,AFULA,1,יהודי,54249,26354,27896,13862,3423,8030,21091,7838,29.269301062621,1853.44364335642,0.144481925934119,NA
7700,עפולה,עפולה,131.89497432146717,0,NA,NA,no_red_alert,2019,0.63951135061325,Party_turnout,TRUE,2019.2,19251,עפולה,AFULA,1,יהודי,54249,26354,27896,13862,3423,8030,21091,7838,29.269301062621,1853.44364335642,0.144481925934119,NA
7700,עפולה,עפולה,131.89497432146717,0,NA,NA,no_red_alert,2020,0.632336390412107,Party_turnout,TRUE,2020,19257,עפולה,AFULA,1,יהודי,56768,27686,29079,14884,3597,7982,21972,8251,29.269301062621,1939.50651156808,0.145345969560316,NA
7700,עפולה,עפולה,131.89497432146717,0,NA,NA,no_red_alert,2021,0.593040394270186,Party_turnout,TRUE,2021,19249,עפולה,AFULA,1,יהודי,59074,28830,30245,15712,3709,8253,22685,8720,29.269301062621,2018.29213050263,0.14761147035921,NA
7700,עפולה,עפולה,131.89497432146717,0,NA,NA,no_red_alert,2022,0.632701111837803,Party_turnout,TRUE,2022,19254,עפולה,AFULA,1,יהודי,61519,29963,31553,16565,3815,8487,23438,9209,29.269301062621,2101.82675248656,0.149693590598027,NA
7800,פרדס חנה-כרכור,פרדסחנהכרכור,104.49162273150289,0,NA,NA,no_red_alert,2006,0.598825030721779,Party_turnout,FALSE,2006,19263,פרדס חנה-כרכור,PARDES HANNA-KARKUR,1,NA,29835,NA,NA,NA,NA,NA,NA,NA,22.5129073055318,1325.23976557524,NA,59.75
7800,פרדס חנה-כרכור,פרדסחנהכרכור,104.49162273150289,0,NA,NA,no_red_alert,2009,0.613280562884784,Party_turnout,FALSE,2009,19270,פרדס חנה-כרכור,PARDES HANNA-KARKUR,1,NA,31251,NA,NA,NA,NA,NA,NA,NA,22.5129073055318,1388.1370173954,NA,57.7058823529412
7800,פרדס חנה-כרכור,פרדסחנהכרכור,104.49162273150289,0,NA,NA,no_red_alert,2013,0.653325951119196,Party_turnout,FALSE,2013,19272,פרדס חנה-כרכור,PARDES HANNA-KARKUR,1,יהודי,35780,17550,18230,9610,2380,4430,15650,3700,22.5129073055318,1589.31050150099,0.103409726103969,62.3214285714286
7800,פרדס חנה-כרכור,פרדסחנהכרכור,104.49162273150289,0,NA,NA,no_red_alert,2015,0.716183257663878,Party_turnout,TRUE,2015,19275,פרדס חנה-כרכור,PARDES HANNA-KARKUR,1,יהודי,38020,18710,19320,10610,2550,4310,16510,4070,22.5129073055318,1688.80897895661,0.1070489216202,61.5
7800,פרדס חנה-כרכור,פרדסחנהכרכור,104.49162273150289,0,NA,NA,no_red_alert,2019,0.721679720046659,Party_turnout,TRUE,2019,19261,פרדס חנה-כרכור,PARDES HANNA-KARKUR,1,יהודי,43011,21056,21956,12341,2834,4459,18439,4940,22.5129073055318,1910.50402403742,0.114854339587547,NA
7800,פרדס חנה-כרכור,פרדסחנהכרכור,104.49162273150289,0,NA,NA,no_red_alert,2019,0.709680622207513,Party_turnout,TRUE,2019.2,19261,פרדס חנה-כרכור,PARDES HANNA-KARKUR,1,יהודי,43011,21056,21956,12341,2834,4459,18439,4940,22.5129073055318,1910.50402403742,0.114854339587547,NA
7800,פרדס חנה-כרכור,פרדסחנהכרכור,104.49162273150289,0,NA,NA,no_red_alert,2020,0.7145287401446,Party_turnout,TRUE,2020,19267,פרדס חנה-כרכור,PARDES HANNA-KARKUR,1,יהודי,43760,21373,22390,12291,2913,4581,18645,5330,22.5129073055318,1943.77382743664,0.121800731261426,NA
7800,פרדס חנה-כרכור,פרדסחנהכרכור,104.49162273150289,0,NA,NA,no_red_alert,2021,0.691697446603501,Party_turnout,TRUE,2021,19269,פרדס חנה-כרכור,PARDES HANNA-KARKUR,1,יהודי,44210,21629,22580,12197,3079,4560,18796,5582,22.5129073055318,1963.76236085407,0.126261026916987,NA
7800,פרדס חנה-כרכור,פרדסחנהכרכור,104.49162273150289,0,NA,NA,no_red_alert,2022,0.694480022492268,Party_turnout,TRUE,2022,19271,פרדס חנה-כרכור,PARDES HANNA-KARKUR,1,יהודי,44840,21953,22886,12095,3293,4597,19075,5781,22.5129073055318,1991.74630763846,0.128925066904549,NA
8200,קרית מוצקין,קריתמוצקין,147.2245815911075,0,NA,NA,no_red_alert,2006,0.587734817511343,Party_turnout,FALSE,2006,19314,קריית מוצקין,QIRYAT MOTZKIN,1,NA,39707,NA,NA,NA,NA,NA,NA,NA,3.7755171988438,10516.9697047493,NA,61
8200,קרית מוצקין,קריתמוצקין,147.2245815911075,0,NA,NA,no_red_alert,2009,0.641117415975556,Party_turnout,FALSE,2009,19316,קריית מוצקין,QIRYAT MOTZKIN,1,NA,38088,NA,NA,NA,NA,NA,NA,NA,3.7755171988438,10088.1542829851,NA,59
8200,קרית מוצקין,קריתמוצקין,147.2245815911075,0,NA,NA,no_red_alert,2013,0.636540720158125,Party_turnout,FALSE,2013,19321,קריית מוצקין,QIRYAT MOTZKIN,1,יהודי,39220,18540,20690,7310,2130,5100,17340,7320,3.7755171988438,10387.9807545336,0.186639469658338,63
8200,קרית מוצקין,קריתמוצקין,147.2245815911075,0,NA,NA,no_red_alert,2015,0.690252768619494,Party_turnout,TRUE,2015,19317,קריית מוצקין,QIRYAT MOTZKIN,1,יהודי,40170,18990,21170,7730,2200,4820,17470,7950,3.7755171988438,10639.6019099851,0.197908887229276,63
8200,קרית מוצקין,קריתמוצקין,147.2245815911075,0,NA,NA,no_red_alert,2019,0.668890203884017,Party_turnout,TRUE,2019,19313,קריית מוצקין,QIRYAT MOTZKIN,1,יהודי,43303,20485,22818,8686,2404,4676,18264,9276,3.7755171988438,11469.4219942266,0.21421148650209,NA
8200,קרית מוצקין,קריתמוצקין,147.2245815911075,0,NA,NA,no_red_alert,2019,0.656208455198086,Party_turnout,TRUE,2019.2,19313,קריית מוצקין,QIRYAT MOTZKIN,1,יהודי,43303,20485,22818,8686,2404,4676,18264,9276,3.7755171988438,11469.4219942266,0.21421148650209,NA
8200,קרית מוצקין,קריתמוצקין,147.2245815911075,0,NA,NA,no_red_alert,2020,0.653721597640926,Party_turnout,TRUE,2020,19310,קריית מוצקין,QIRYAT MOTZKIN,1,יהודי,45467,21497,23970,9344,2460,4879,19175,9609,3.7755171988438,12042.5884999077,0.211340092814569,NA
8200,קרית מוצקין,קריתמוצקין,147.2245815911075,0,NA,NA,no_red_alert,2021,0.619109217267793,Party_turnout,TRUE,2021,19318,קריית מוצקין,QIRYAT MOTZKIN,1,יהודי,46564,21997,24567,9684,2537,4905,19499,9941,3.7755171988438,12333.1447183606,0.213491109011253,NA
8200,קרית מוצקין,קריתמוצקין,147.2245815911075,0,NA,NA,no_red_alert,2022,0.6334716796875,Party_turnout,TRUE,2022,19308,קריית מוצקין,QIRYAT MOTZKIN,1,יהודי,48002,22708,25294,9942,2659,4981,20078,10338,3.7755171988438,12714.0196884019,0.215366026415566,NA
8800,שפרעם,שפרעם,146.41713415161706,0,NA,NA,no_red_alert,2006,0.555611492076836,Party_turnout,FALSE,2006,19403,שפרעם,SHEFAR'AM,2,NA,33528,NA,NA,NA,NA,NA,NA,NA,19.6348067899614,1707.57982793809,NA,57.2962962962963
8800,שפרעם,שפרעם,146.41713415161706,0,NA,NA,no_red_alert,2009,0.48655030325478,Party_turnout,FALSE,2009,19404,שפרעם,SHEFAR'AM,2,NA,36233,NA,NA,NA,NA,NA,NA,NA,19.6348067899614,1845.34538015035,NA,57.1538461538462
8800,שפרעם,שפרעם,146.41713415161706,0,NA,NA,no_red_alert,2013,0.54090626939789,Party_turnout,FALSE,2013,19407,שפרעם,SHEFAR'AM,2,לא יהודי,38720,19420,19290,11380,4000,5930,15150,2250,19.6348067899614,1972.00820024347,0.0581095041322314,62.2592592592593
8800,שפרעם,שפרעם,146.41713415161706,0,NA,NA,no_red_alert,2015,0.591804938848641,Party_turnout,TRUE,2015,19415,שפרעם,SHEFAR'AM,2,לא יהודי,40020,20090,19930,11270,4180,6380,15770,2420,19.6348067899614,2038.21715324751,0.0604697651174413,60.7407407407407
8800,שפרעם,שפרעם,146.41713415161706,0,NA,NA,no_red_alert,2019,0.474150353214072,Party_turnout,TRUE,2019,19411,שפרעם,SHEFAR'AM,2,לא יהודי,42137,21158,20979,10574,4298,7487,16810,2968,19.6348067899614,2146.0358867164,0.070436908180459,NA
8800,שפרעם,שפרעם,146.41713415161706,0,NA,NA,no_red_alert,2019,0.592187119869322,Party_turnout,TRUE,2019.2,19411,שפרעם,SHEFAR'AM,2,לא יהודי,42137,21158,20979,10574,4298,7487,16810,2968,19.6348067899614,2146.0358867164,0.070436908180459,NA
8800,שפרעם,שפרעם,146.41713415161706,0,NA,NA,no_red_alert,2020,0.659340659340659,Party_turnout,TRUE,2020,19414,שפרעם,SHEFAR'AM,2,לא יהודי,42510,21394,21113,10341,4247,7684,17091,3147,19.6348067899614,2165.03276323218,0.074029640084686,NA
8800,שפרעם,שפרעם,146.41713415161706,0,NA,NA,no_red_alert,2021,0.448252733248373,Party_turnout,TRUE,2021,19416,שפרעם,SHEFAR'AM,2,לא יהודי,43023,21643,21379,10286,4175,7826,17451,3286,19.6348067899614,2191.15983468685,0.0763777514352788,NA
8800,שפרעם,שפרעם,146.41713415161706,0,NA,NA,no_red_alert,2022,0.514655870445344,Party_turnout,TRUE,2022,19409,שפרעם,SHEFAR'AM,2,לא יהודי,43543,21914,21630,10316,3988,7904,17854,3480,19.6348067899614,2217.64341588846,0.0799209976345222,NA
9200,בית שאן,ביתשאן,136.2836899214357,1,6,1,temporal_distance == 6,2006,0.528247047433831,Party_turnout,FALSE,2006,19473,בית שאן,BET SHE'AN,1,NA,16432,NA,NA,NA,NA,NA,NA,NA,7.32248219306738,2244.04779236707,NA,56.5555555555556
9200,בית שאן,ביתשאן,136.2836899214357,1,6,1,temporal_distance == 6,2009,0.562480352090538,Party_turnout,FALSE,2009,19479,בית שאן,BET SHE'AN,1,NA,16954,NA,NA,NA,NA,NA,NA,NA,7.32248219306738,2315.33509443715,NA,54.3333333333333
9200,בית שאן,ביתשאן,136.2836899214357,1,6,1,temporal_distance == 6,2013,0.633481772209223,Party_turnout,FALSE,2013,19472,בית שאן,BET SHE'AN,1,יהודי,17260,8750,8510,4600,1360,2900,6910,1490,7.32248219306738,2357.1242025472,0.0863267670915411,60.4444444444444
9200,בית שאן,ביתשאן,136.2836899214357,1,6,1,temporal_distance == 6,2015,0.702508960573477,Party_turnout,TRUE,2015,19467,בית שאן,BET SHE'AN,1,יהודי,17340,8740,8580,4550,1370,2850,7000,1600,7.32248219306738,2368.04945956943,0.0922722029988466,60.6666666666667
9200,בית שאן,ביתשאן,136.2836899214357,1,6,1,temporal_distance == 6,2019,0.698589562764457,Party_turnout,TRUE,2019,19469,בית שאן,BET SHE'AN,1,יהודי,18463,9307,9157,4863,1421,2896,7242,2040,7.32248219306738,2521.41275501906,0.110491252775822,NA
9200,בית שאן,ביתשאן,136.2836899214357,1,6,1,temporal_distance == 6,2019,0.694586455634148,Party_turnout,TRUE,2019.2,19469,בית שאן,BET SHE'AN,1,יהודי,18463,9307,9157,4863,1421,2896,7242,2040,7.32248219306738,2521.41275501906,0.110491252775822,NA
9200,בית שאן,ביתשאן,136.2836899214357,1,6,1,temporal_distance == 6,2020,0.707062264939407,Party_turnout,TRUE,2020,19475,בית שאן,BET SHE'AN,1,יהודי,18706,9417,9289,4864,1429,2940,7335,2138,7.32248219306738,2554.59822322409,0.114294878648562,NA
9200,בית שאן,ביתשאן,136.2836899214357,1,6,1,temporal_distance == 6,2021,0.651599972354689,Party_turnout,TRUE,2021,19480,בית שאן,BET SHE'AN,1,יהודי,18900,9507,9393,4946,1391,2925,7399,2237,7.32248219306738,2581.09197150301,0.118359788359788,NA
9200,בית שאן,ביתשאן,136.2836899214357,1,6,1,temporal_distance == 6,2022,0.706602624813963,Party_turnout,TRUE,2022,19471,בית שאן,BET SHE'AN,1,יהודי,19073,9573,9499,4982,1382,2914,7462,2332,7.32248219306738,2604.7178398136,0.122267079117077,NA
9300,זכרון יעקב,זכרוןיעקב,112.70510401797786,1,232,3,temporal_distance > 149,2006,0.676545672167614,Party_turnout,FALSE,2006,19495,זכרון יעקב,ZIKHRON YA'AQOV,1,NA,17101,NA,NA,NA,NA,NA,NA,NA,31.5269361389198,542.425052807111,NA,45.05
9300,זכרון יעקב,זכרוןיעקב,112.70510401797786,1,232,3,temporal_distance > 149,2009,0.717629726632837,Party_turnout,FALSE,2009,19483,זכרון יעקב,ZIKHRON YA'AQOV,1,NA,18774,NA,NA,NA,NA,NA,NA,NA,31.5269361389198,595.490786585621,NA,48.4634146341463
9300,זכרון יעקב,זכרוןיעקב,112.70510401797786,1,232,3,temporal_distance > 149,2013,0.746588831059221,Party_turnout,FALSE,2013,19487,זכרון יעקב,ZIKHRON YA'AQOV,1,יהודי,21430,10520,10910,6120,2050,2630,8790,1870,31.5269361389198,679.736207336202,0.0872608492767149,49.125
9300,זכרון יעקב,זכרוןיעקב,112.70510401797786,1,232,3,temporal_distance > 149,2015,0.769751544629946,Party_turnout,TRUE,2015,19489,זכרון יעקב,ZIKHRON YA'AQOV,1,יהודי,22540,11150,11380,6160,2310,2810,9150,2110,31.5269361389198,714.944195676995,0.0936113575865129,53.15
9300,זכרון יעקב,זכרוןיעקב,112.70510401797786,1,232,3,temporal_distance > 149,2019,0.746368581505171,Party_turnout,TRUE,2019,19484,זכרון יעקב,ZIKHRON YA'AQOV,1,יהודי,23205,11365,11840,6006,2153,2906,9420,2723,31.5269361389198,736.037269773055,0.117345399698341,NA
9300,זכרון יעקב,זכרוןיעקב,112.70510401797786,1,232,3,temporal_distance > 149,2019,0.72470741994891,Party_turnout,TRUE,2019.2,19484,זכרון יעקב,ZIKHRON YA'AQOV,1,יהודי,23205,11365,11840,6006,2153,2906,9420,2723,31.5269361389198,736.037269773055,0.117345399698341,NA
9300,זכרון יעקב,זכרוןיעקב,112.70510401797786,1,232,3,temporal_distance > 149,2020,0.72044983722995,Party_turnout,TRUE,2020,19488,זכרון יעקב,ZIKHRON YA'AQOV,1,יהודי,23435,11521,11915,5934,2136,3037,9452,2876,31.5269361389198,743.332618708535,0.122722423725197,NA
9300,זכרון יעקב,זכרוןיעקב,112.70510401797786,1,232,3,temporal_distance > 149,2021,0.71857291546201,Party_turnout,TRUE,2021,19492,זכרון יעקב,ZIKHRON YA'AQOV,1,יהודי,23857,11706,12151,5979,2177,3054,9583,3063,31.5269361389198,756.717998059719,0.128389990359224,NA
9300,זכרון יעקב,זכרוןיעקב,112.70510401797786,1,232,3,temporal_distance > 149,2022,0.712169489630499,Party_turnout,TRUE,2022,19485,זכרון יעקב,ZIKHRON YA'AQOV,1,יהודי,24145,11809,12338,5867,2217,3124,9703,3236,31.5269361389198,765.853043683276,0.134023607372127,NA
9500,קרית ביאליק,קריתביאליק,145.90875464472597,0,NA,NA,no_red_alert,2006,0.615486642358866,Party_turnout,FALSE,2006,19512,קריית ביאליק,QIRYAT BIALIK,1,NA,36497,NA,NA,NA,NA,NA,NA,NA,8.10843006178686,4501.1179379843,NA,60.8333333333333
9500,קרית ביאליק,קריתביאליק,145.90875464472597,0,NA,NA,no_red_alert,2009,0.620712721965459,Party_turnout,FALSE,2009,19519,קריית ביאליק,QIRYAT BIALIK,1,NA,37359,NA,NA,NA,NA,NA,NA,NA,8.10843006178686,4607.42705003577,NA,58.6363636363636
9500,קרית ביאליק,קריתביאליק,145.90875464472597,0,NA,NA,no_red_alert,2013,0.626423079215593,Party_turnout,FALSE,2013,19515,קריית ביאליק,QIRYAT BIALIK,1,יהודי,38580,18590,20020,7410,2020,5150,17180,6820,8.10843006178686,4758.01107070265,0.176775531363401,63
9500,קרית ביאליק,קריתביאליק,145.90875464472597,0,NA,NA,no_red_alert,2015,0.67698567132496,Party_turnout,TRUE,2015,19518,קריית ביאליק,QIRYAT BIALIK,1,יהודי,39070,18800,20310,7830,1990,4810,17070,7380,8.10843006178686,4818.4420044674,0.188891732787305,62.9166666666667
9500,קרית ביאליק,קריתביאליק,145.90875464472597,0,NA,NA,no_red_alert,2019,0.64780829924021,Party_turnout,TRUE,2019,19513,קריית ביאליק,QIRYAT BIALIK,1,יהודי,40231,19337,20894,8339,2249,4421,17013,8204,8.10843006178686,4961.626318959,0.203922348437772,NA
9500,קרית ביאליק,קריתביאליק,145.90875464472597,0,NA,NA,no_red_alert,2019,0.635109461315874,Party_turnout,TRUE,2019.2,19513,קריית ביאליק,QIRYAT BIALIK,1,יהודי,40231,19337,20894,8339,2249,4421,17013,8204,8.10843006178686,4961.626318959,0.203922348437772,NA
9500,קרית ביאליק,קריתביאליק,145.90875464472597,0,NA,NA,no_red_alert,2020,0.639697981704661,Party_turnout,TRUE,2020,19521,קריית ביאליק,QIRYAT BIALIK,1,יהודי,41910,20172,21748,8836,2285,4597,17602,8590,8.10843006178686,5168.69476343048,0.204963015986638,NA
9500,קרית ביאליק,קריתביאליק,145.90875464472597,0,NA,NA,no_red_alert,2021,0.609626724600062,Party_turnout,TRUE,2021,19516,קריית ביאליק,QIRYAT BIALIK,1,יהודי,43268,20841,22427,9276,2368,4705,18141,8778,8.10843006178686,5336.17477986423,0.202875104002958,NA
9500,קרית ביאליק,קריתביאליק,145.90875464472597,0,NA,NA,no_red_alert,2022,0.626465707212232,Party_turnout,TRUE,2022,19517,קריית ביאליק,QIRYAT BIALIK,1,יהודי,44619,21454,23167,9704,2422,4796,18707,8995,8.10843006178686,5502.7914972442,0.201595732759587,NA
9600,קרית ים,קריתים,147.93826554990383,0,NA,NA,no_red_alert,2006,0.528695946044078,Party_turnout,FALSE,2006,19528,קריית ים,QIRYAT YAM,1,NA,37201,NA,NA,NA,NA,NA,NA,NA,4.54896371891345,8177.90650765746,NA,61
9600,קרית ים,קריתים,147.93826554990383,0,NA,NA,no_red_alert,2009,0.553268556315759,Party_turnout,FALSE,2009,19530,קריית ים,QIRYAT YAM,1,NA,37811,NA,NA,NA,NA,NA,NA,NA,4.54896371891345,8312.00298274337,NA,58.8
9600,קרית ים,קריתים,147.93826554990383,0,NA,NA,no_red_alert,2013,0.546817427502602,Party_turnout,FALSE,2013,19529,קריית ים,QIRYAT YAM,1,יהודי,38680,18510,20140,6530,2040,5420,17150,7530,4.54896371891345,8503.03550216904,0.194674250258532,62.75
9600,קרית ים,קריתים,147.93826554990383,0,NA,NA,no_red_alert,2015,0.593127338229181,Party_turnout,TRUE,2015,19537,קריית ים,QIRYAT YAM,1,יהודי,39280,18810,20480,6880,1940,5160,17250,8080,4.54896371891345,8634.93367438469,0.205702647657841,63
9600,קרית ים,קריתים,147.93826554990383,0,NA,NA,no_red_alert,2019,0.578370678792527,Party_turnout,TRUE,2019,19531,קריית ים,QIRYAT YAM,1,יהודי,39899,18969,20925,7086,2024,4445,17198,9144,4.54896371891345,8771.00862205384,0.229178676157297,NA
9600,קרית ים,קריתים,147.93826554990383,0,NA,NA,no_red_alert,2019,0.566590927756029,Party_turnout,TRUE,2019.2,19531,קריית ים,QIRYAT YAM,1,יהודי,39899,18969,20925,7086,2024,4445,17198,9144,4.54896371891345,8771.00862205384,0.229178676157297,NA
9600,קרית ים,קריתים,147.93826554990383,0,NA,NA,no_red_alert,2020,0.575229232243055,Party_turnout,TRUE,2020,19538,קריית ים,QIRYAT YAM,1,יהודי,39465,18771,20680,6845,2009,4298,17019,9294,4.54896371891345,8675.60227748452,0.235499809958191,NA
9600,קרית ים,קריתים,147.93826554990383,0,NA,NA,no_red_alert,2021,0.534260917481747,Party_turnout,TRUE,2021,19541,קריית ים,QIRYAT YAM,1,יהודי,39440,18823,20618,6855,2053,4237,16836,9468,4.54896371891345,8670.10652030887,0.24006085192697799,NA
9600,קרית ים,קריתים,147.93826554990383,0,NA,NA,no_red_alert,2022,0.556306673182386,Party_turnout,TRUE,2022,19533,קריית ים,QIRYAT YAM,1,יהודי,41095,19604,21491,7177,2185,4286,17560,9883,4.54896371891345,9033.92564533704,0.240491543983453,NA
9800,בנימינה-גבעת עדה,בנימינהגבעתעדה,108.84539277361044,1,227,9,temporal_distance > 149,2006,0.754339155611774,Party_turnout,FALSE,2006,19571,בנימינה-גבעת עדה*,BINYAMINA-GIV'AT ADA,1,NA,10593,NA,NA,NA,NA,NA,NA,NA,25.3977302341043,417.084515126302,NA,51.8333333333333
9800,בנימינה-גבעת עדה,בנימינהגבעתעדה,108.84539277361044,1,227,9,temporal_distance > 149,2009,0.72349879395709,Party_turnout,FALSE,2009,19566,בנימינה-גבעת עדה*,BINYAMINA-GIV'AT ADA,1,NA,12454,NA,NA,NA,NA,NA,NA,NA,25.3977302341043,490.358779513166,NA,50.3529411764706
9800,בנימינה-גבעת עדה,בנימינהגבעתעדה,108.84539277361044,1,227,9,temporal_distance > 149,2013,0.751236342725704,Party_turnout,FALSE,2013,19559,בנימינה-גבעת עדה*,BINYAMINA-GIV'AT ADA,1,יהודי,14260,7050,7210,4540,1020,1440,6260,1030,25.3977302341043,561.467496054098,0.0722300140252454,57.9166666666667
9800,בנימינה-גבעת עדה,בנימינהגבעתעדה,108.84539277361044,1,227,9,temporal_distance > 149,2015,0.765739225313693,Party_turnout,TRUE,2015,19565,בנימינה-גבעת עדה*,BINYAMINA-GIV'AT ADA,1,יהודי,14780,7340,7440,4500,1190,1470,6480,1160,25.3977302341043,581.941766597446,0.078484438430311207,53.75
9800,בנימינה-גבעת עדה,בנימינהגבעתעדה,108.84539277361044,1,227,9,temporal_distance > 149,2019,0.759654521989477,Party_turnout,TRUE,2019,19557,בנימינה-גבעת עדה*,BINYAMINA-GIV'AT ADA,1,יהודי,15846,7900,7946,4505,1479,1621,6843,1398,25.3977302341043,623.914021211307,0.0882241575160924,NA
9800,בנימינה-גבעת עדה,בנימינהגבעתעדה,108.84539277361044,1,227,9,temporal_distance > 149,2019,0.74304870834155,Party_turnout,TRUE,2019.2,19557,בנימינה-גבעת עדה*,BINYAMINA-GIV'AT ADA,1,יהודי,15846,7900,7946,4505,1479,1621,6843,1398,25.3977302341043,623.914021211307,0.0882241575160924,NA
9800,בנימינה-גבעת עדה,בנימינהגבעתעדה,108.84539277361044,1,227,9,temporal_distance > 149,2020,0.744467193136395,Party_turnout,TRUE,2020,19563,בנימינה-גבעת עדה*,BINYAMINA-GIV'AT ADA,1,יהודי,15922,7938,7984,4406,1491,1702,6875,1448,25.3977302341043,626.906414598412,0.0909433488255244,NA
9800,בנימינה-גבעת עדה,בנימינהגבעתעדה,108.84539277361044,1,227,9,temporal_distance > 149,2021,0.730476190476191,Party_turnout,TRUE,2021,19558,בנימינה-גבעת עדה*,BINYAMINA-GIV'AT ADA,1,יהודי,16076,8028,8048,4349,1550,1738,6933,1501,25.3977302341043,632.969948567018,0.0933689972630007,NA
9800,בנימינה-גבעת עדה,בנימינהגבעתעדה,108.84539277361044,1,227,9,temporal_distance > 149,2022,0.72182936908807,Party_turnout,TRUE,2022,19560,בנימינה-גבעת עדה*,BINYAMINA-GIV'AT ADA,1,יהודי,16281,8156,8124,4258,1632,1831,7020,1543,25.3977302341043,641.041535992761,0.0947730483385541,NA
