SEMEL_YISHUV,locality,loc,distance,treated,temporal_distance,number_of_red_alerts,temporal_group,year,party_percentage,party_source,post,year_election,X,SHEM_YISHUV,SHEM_YISHUV_ENGLISH,Religion_yishuv_Code,Religion_yishuv_Txt,Pop_Total,Male_Total,Female_Total,age_0_14,age_15_19,age_20_29,age_30_64,age_65_up,Shape_Area,density,age_65_up_percentage,ntl
13,חצבה,חצבה,102.69354006931124,0,NA,NA,no_red_alert,2006,0.0469798657718121,Party_habait_hayehudi,FALSE,2006,55,חצבה,HAZEVA,1,NA,439,NA,NA,NA,NA,NA,NA,NA,18.1046701907972,24.2478871679832,NA,18.7083333333333
13,חצבה,חצבה,102.69354006931124,0,NA,NA,no_red_alert,2009,0.0423452768729642,Party_habait_hayehudi,FALSE,2009,63,חצבה,HAZEVA,1,NA,439,NA,NA,NA,NA,NA,NA,NA,18.1046701907972,24.2478871679832,NA,16.2592592592593
13,חצבה,חצבה,102.69354006931124,0,NA,NA,no_red_alert,2013,0.0985507246376812,Party_habait_hayehudi,FALSE,2013,60,חצבה,HAZEVA,1,יהודי,490,250,240,140,20,60,210,50,18.1046701907972,27.0648398913708,0.102040816326531,12.875
13,חצבה,חצבה,102.69354006931124,0,NA,NA,no_red_alert,2015,0.0662983425414365,Party_habait_hayehudi,TRUE,2015,56,חצבה,HAZEVA,1,יהודי,570,280,290,170,50,50,210,70,18.1046701907972,31.4835892613905,0.12280701754386,11.25
33,בת שלמה,בתשלמה,121.02849772612562,1,232,3,temporal_distance > 149,2006,0.0816326530612245,Party_habait_hayehudi,FALSE,2006,271,בת שלמה,BAT SHELOMO,1,NA,424,NA,NA,NA,NA,NA,NA,NA,0.579318823054349,731.894050610233,NA,37.1666666666667
33,בת שלמה,בתשלמה,121.02849772612562,1,232,3,temporal_distance > 149,2009,0.0421940928270042,Party_habait_hayehudi,FALSE,2009,267,בת שלמה,BAT SHELOMO,1,NA,500,NA,NA,NA,NA,NA,NA,NA,0.579318823054349,863.08260685169,NA,41.5
33,בת שלמה,בתשלמה,121.02849772612562,1,232,3,temporal_distance > 149,2013,0.0657439446366782,Party_habait_hayehudi,FALSE,2013,275,בת שלמה,BAT SHELOMO,1,יהודי,570,290,280,170,40,70,260,30,0.579318823054349,983.914171810926,0.0526315789473684,38
33,בת שלמה,בתשלמה,121.02849772612562,1,232,3,temporal_distance > 149,2015,0.053125,Party_habait_hayehudi,TRUE,2015,265,בת שלמה,BAT SHELOMO,1,יהודי,610,310,300,180,30,70,280,40,0.579318823054349,1052.96078035906,0.0655737704918033,35
41,אליכין,אליכין,98.15321838009083,0,NA,NA,no_red_alert,2006,0.1546875,Party_habait_hayehudi,FALSE,2006,342,אליכין,ELYAKHIN,1,NA,2698,NA,NA,NA,NA,NA,NA,NA,1.68978454195198,1596.6532614172,NA,61
41,אליכין,אליכין,98.15321838009083,0,NA,NA,no_red_alert,2009,0.129807692307692,Party_habait_hayehudi,FALSE,2009,338,אליכין,ELYAKHIN,1,NA,2977,NA,NA,NA,NA,NA,NA,NA,1.68978454195198,1761.7630686579,NA,59
41,אליכין,אליכין,98.15321838009083,0,NA,NA,no_red_alert,2013,0.159904534606205,Party_habait_hayehudi,FALSE,2013,341,אליכין,ELYAKHIN,1,יהודי,3360,1680,1690,970,260,440,1400,290,1.68978454195198,1988.41918397398,0.0863095238095238,63
41,אליכין,אליכין,98.15321838009083,0,NA,NA,no_red_alert,2015,0.109391124871001,Party_habait_hayehudi,TRUE,2015,349,אליכין,ELYAKHIN,1,יהודי,3420,1710,1710,940,280,460,1440,310,1.68978454195198,2023.92666940209,0.0906432748538012,62
47,כפר תבור,כפרתבור,146.42811679074296,1,6,2,temporal_distance == 6,2006,0.0425696594427245,Party_habait_hayehudi,FALSE,2006,398,כפר תבור,KEFAR TAVOR,1,NA,2568,NA,NA,NA,NA,NA,NA,NA,12.2738423660961,209.225434334529,NA,34.6111111111111
47,כפר תבור,כפרתבור,146.42811679074296,1,6,2,temporal_distance == 6,2009,0.0356897735072066,Party_habait_hayehudi,FALSE,2009,409,כפר תבור,KEFAR TAVOR,1,NA,2625,NA,NA,NA,NA,NA,NA,NA,12.2738423660961,213.869456825599,NA,40.8125
47,כפר תבור,כפרתבור,146.42811679074296,1,6,2,temporal_distance == 6,2013,0.0780065005417118,Party_habait_hayehudi,FALSE,2013,397,כפר תבור,KEFAR TAVOR,1,יהודי,3400,1680,1720,920,300,470,1470,240,12.2738423660961,277.011867888395,0.0705882352941176,46.4444444444444
47,כפר תבור,כפרתבור,146.42811679074296,1,6,2,temporal_distance == 6,2015,0.0687679083094556,Party_habait_hayehudi,TRUE,2015,408,כפר תבור,KEFAR TAVOR,1,יהודי,3800,1870,1920,1030,320,490,1620,330,12.2738423660961,309.601499404677,0.0868421052631579,51.1111111111111
53,עתלית,עתלית,126.3677446411235,1,232,1,temporal_distance > 149,2006,0.0862493839329719,Party_habait_hayehudi,FALSE,2006,460,עתלית,ATLIT,1,NA,4662,NA,NA,NA,NA,NA,NA,NA,9.46151869533657,492.73273669034,NA,52.3333333333333
53,עתלית,עתלית,126.3677446411235,1,232,1,temporal_distance > 149,2009,0.067949242734343,Party_habait_hayehudi,FALSE,2009,458,עתלית,ATLIT,1,NA,5315,NA,NA,NA,NA,NA,NA,NA,9.46151869533657,561.749141035855,NA,52.8571428571429
53,עתלית,עתלית,126.3677446411235,1,232,1,temporal_distance > 149,2013,0.0890715998629668,Party_habait_hayehudi,FALSE,2013,466,עתלית,ATLIT,1,יהודי,6270,3080,3190,1630,370,760,2820,690,9.46151869533657,662.684311250199,0.110047846889952,55.8333333333333
53,עתלית,עתלית,126.3677446411235,1,232,1,temporal_distance > 149,2015,0.0486111111111111,Party_habait_hayehudi,TRUE,2015,463,עתלית,ATLIT,1,יהודי,6820,3350,3470,1860,390,780,3010,780,9.46151869533657,720.814513991445,0.114369501466276,53.75
66,מרחביה (קיבוץ),מרחביהקיבוץ,135.53016759535137,1,6,3,temporal_distance == 6,2006,0.0060790273556231,Party_habait_hayehudi,FALSE,2006,601,מרחביה (קיבוץ),MERHAVYA(QIBBUZ),1,NA,759,NA,NA,NA,NA,NA,NA,NA,0.463263524519468,1638.37634484021,NA,54
66,מרחביה (קיבוץ),מרחביהקיבוץ,135.53016759535137,1,6,3,temporal_distance == 6,2009,0.0196078431372549,Party_habait_hayehudi,FALSE,2009,595,מרחביה (קיבוץ),MERHAVYA(QIBBUZ),1,NA,772,NA,NA,NA,NA,NA,NA,NA,0.463263524519468,1666.43812676765,NA,55
66,מרחביה (קיבוץ),מרחביהקיבוץ,135.53016759535137,1,6,3,temporal_distance == 6,2013,0.0437710437710438,Party_habait_hayehudi,FALSE,2013,602,מרחביה (קיבוץ),MERHAVYA(QIBBUZ),1,יהודי,1090,510,580,300,80,110,460,150,0.463263524519468,2352.87248468489,0.137614678899083,58
66,מרחביה (קיבוץ),מרחביהקיבוץ,135.53016759535137,1,6,3,temporal_distance == 6,2015,0.0398724082934609,Party_habait_hayehudi,TRUE,2015,606,מרחביה (קיבוץ),MERHAVYA(QIBBUZ),1,יהודי,1140,530,610,330,80,100,470,150,0.463263524519468,2460.80241517502,0.131578947368421,62
72,גן שמואל,גןשמואל,104.12724532114004,0,NA,NA,no_red_alert,2006,0.0016366612111293,Party_habait_hayehudi,FALSE,2006,682,גן שמואל,GAN SHEMU'EL,1,NA,830,NA,NA,NA,NA,NA,NA,NA,0.647847112775246,1281.16647220121,NA,61
72,גן שמואל,גןשמואל,104.12724532114004,0,NA,NA,no_red_alert,2009,0,Party_habait_hayehudi,FALSE,2009,672,גן שמואל,GAN SHEMU'EL,1,NA,792,NA,NA,NA,NA,NA,NA,NA,0.647847112775246,1222.51065781127,NA,59
72,גן שמואל,גןשמואל,104.12724532114004,0,NA,NA,no_red_alert,2013,0.00627943485086342,Party_habait_hayehudi,FALSE,2013,681,גן שמואל,GAN SHEMU'EL,1,יהודי,860,410,440,190,40,110,350,160,0.647847112775246,1327.473694088,0.186046511627907,63
72,גן שמואל,גןשמואל,104.12724532114004,0,NA,NA,no_red_alert,2015,0.0029806259314456,Party_habait_hayehudi,TRUE,2015,675,גן שמואל,GAN SHEMU'EL,1,יהודי,870,420,460,200,40,110,350,180,0.647847112775246,1342.90943471693,0.206896551724138,62
74,עין הוד,עיןהוד,130.85545269451796,1,232,1,temporal_distance > 149,2006,0,Party_habait_hayehudi,FALSE,2006,694,עין הוד,EN HOD,1,NA,519,NA,NA,NA,NA,NA,NA,NA,0.301117855205259,1723.57763257254,NA,31
74,עין הוד,עיןהוד,130.85545269451796,1,232,1,temporal_distance > 149,2009,0.0169491525423729,Party_habait_hayehudi,FALSE,2009,692,עין הוד,EN HOD,1,NA,503,NA,NA,NA,NA,NA,NA,NA,0.301117855205259,1670.44229129863,NA,39.75
74,עין הוד,עיןהוד,130.85545269451796,1,232,1,temporal_distance > 149,2013,0.048951048951049,Party_habait_hayehudi,FALSE,2013,697,עין הוד,EN HOD,1,יהודי,590,300,280,140,40,60,260,90,0.301117855205259,1959.36570947553,0.152542372881356,41
74,עין הוד,עיןהוד,130.85545269451796,1,232,1,temporal_distance > 149,2015,0.0297619047619048,Party_habait_hayehudi,TRUE,2015,695,עין הוד,EN HOD,1,יהודי,590,300,290,140,40,60,270,90,0.301117855205259,1959.36570947553,0.152542372881356,43
80,נהלל,נהלל,136.37751654818305,1,6,1,temporal_distance == 6,2006,0.026378896882494,Party_habait_hayehudi,FALSE,2006,772,נהלל,NAHALAL,1,NA,913,NA,NA,NA,NA,NA,NA,NA,7.05674444147492,129.379773856339,NA,57.2222222222222
80,נהלל,נהלל,136.37751654818305,1,6,1,temporal_distance == 6,2009,0.00225733634311512,Party_habait_hayehudi,FALSE,2009,760,נהלל,NAHALAL,1,NA,849,NA,NA,NA,NA,NA,NA,NA,7.05674444147492,120.310435929936,NA,57
80,נהלל,נהלל,136.37751654818305,1,6,1,temporal_distance == 6,2013,0.0251572327044025,Party_habait_hayehudi,FALSE,2013,765,נהלל,NAHALAL,1,יהודי,920,490,420,200,200,100,320,110,7.05674444147492,130.371732692039,0.119565217391304,61.8888888888889
80,נהלל,נהלל,136.37751654818305,1,6,1,temporal_distance == 6,2015,0.0250965250965251,Party_habait_hayehudi,TRUE,2015,766,נהלל,NAHALAL,1,יהודי,960,510,450,210,220,100,330,100,7.05674444147492,136.040068896041,0.104166666666667,55.5555555555556
82,עין חרוד (מאוחד),עיןחרודמאוחד,136.0019124449435,1,6,1,temporal_distance == 6,2006,0.0385487528344671,Party_habait_hayehudi,FALSE,2006,773,עין חרוד (מאוחד),EN HAROD(ME'UHAD),1,NA,730,NA,NA,NA,NA,NA,NA,NA,0.694092443984341,1051.73310317216,NA,47
82,עין חרוד (מאוחד),עיןחרודמאוחד,136.0019124449435,1,6,1,temporal_distance == 6,2009,0.0422832980972516,Party_habait_hayehudi,FALSE,2009,778,עין חרוד (מאוחד),EN HAROD(ME'UHAD),1,NA,721,NA,NA,NA,NA,NA,NA,NA,0.694092443984341,1038.7665306673,NA,46.75
82,עין חרוד (מאוחד),עיןחרודמאוחד,136.0019124449435,1,6,1,temporal_distance == 6,2013,0.0654008438818565,Party_habait_hayehudi,FALSE,2013,779,עין חרוד (מאוחד),EN HAROD(ME'UHAD),1,יהודי,720,360,360,140,50,110,280,150,0.694092443984341,1037.32580038898,0.208333333333333,56
82,עין חרוד (מאוחד),עיןחרודמאוחד,136.0019124449435,1,6,1,temporal_distance == 6,2015,0.041407867494824,Party_habait_hayehudi,TRUE,2015,785,עין חרוד (מאוחד),EN HAROD(ME'UHAD),1,יהודי,740,360,380,160,30,110,280,160,0.694092443984341,1066.14040595534,0.216216216216216,49
84,תל יוסף,תליוסף,136.37592571146217,1,6,1,temporal_distance == 6,2006,0.00865800865800866,Party_habait_hayehudi,FALSE,2006,794,תל יוסף,TEL YOSEF,1,NA,371,NA,NA,NA,NA,NA,NA,NA,0.373182083028548,994.152765827236,NA,43.25
84,תל יוסף,תליוסף,136.37592571146217,1,6,1,temporal_distance == 6,2009,0.0160642570281124,Party_habait_hayehudi,FALSE,2009,789,תל יוסף,TEL YOSEF,1,NA,501,NA,NA,NA,NA,NA,NA,NA,0.373182083028548,1342.50818242438,NA,47
84,תל יוסף,תליוסף,136.37592571146217,1,6,1,temporal_distance == 6,2013,0.0547445255474453,Party_habait_hayehudi,FALSE,2013,795,תל יוסף,TEL YOSEF,1,יהודי,520,250,270,150,20,60,210,70,0.373182083028548,1393.42166638858,0.134615384615385,49.75
84,תל יוסף,תליוסף,136.37592571146217,1,6,1,temporal_distance == 6,2015,0.0484429065743945,Party_habait_hayehudi,TRUE,2015,799,תל יוסף,TEL YOSEF,1,יהודי,540,270,270,160,20,60,220,80,0.373182083028548,1447.01480740352,0.148148148148148,47.75
85,כפר יחזקאל,כפריחזקאל,134.41721157998455,1,6,1,temporal_distance == 6,2006,0.0167597765363128,Party_habait_hayehudi,FALSE,2006,813,כפר יחזקאל,KEFAR YEHEZQEL,1,NA,723,NA,NA,NA,NA,NA,NA,NA,2.30290086553538,313.951855601009,NA,40.6666666666667
85,כפר יחזקאל,כפריחזקאל,134.41721157998455,1,6,1,temporal_distance == 6,2009,0.00458715596330275,Party_habait_hayehudi,FALSE,2009,816,כפר יחזקאל,KEFAR YEHEZQEL,1,NA,858,NA,NA,NA,NA,NA,NA,NA,2.30290086553538,372.573571377131,NA,38.75
85,כפר יחזקאל,כפריחזקאל,134.41721157998455,1,6,1,temporal_distance == 6,2013,0.0388349514563107,Party_habait_hayehudi,FALSE,2013,809,כפר יחזקאל,KEFAR YEHEZQEL,1,יהודי,1090,570,520,380,90,100,430,90,2.30290086553538,473.316075525725,0.0825688073394495,52.6666666666667
85,כפר יחזקאל,כפריחזקאל,134.41721157998455,1,6,1,temporal_distance == 6,2015,0.0363636363636364,Party_habait_hayehudi,TRUE,2015,814,כפר יחזקאל,KEFAR YEHEZQEL,1,יהודי,1150,590,560,390,110,110,440,110,2.30290086553538,499.370171426224,0.0956521739130435,44
86,גבע,גבע,135.69908473710117,1,6,2,temporal_distance == 6,2006,0.00276243093922652,Party_habait_hayehudi,FALSE,2006,825,גבע,GEVA,1,NA,571,NA,NA,NA,NA,NA,NA,NA,0.482027089383002,1184.58072705184,NA,50
86,גבע,גבע,135.69908473710117,1,6,2,temporal_distance == 6,2009,0.00539083557951483,Party_habait_hayehudi,FALSE,2009,830,גבע,GEVA,1,NA,604,NA,NA,NA,NA,NA,NA,NA,0.482027089383002,1253.04160970107,NA,44.5
86,גבע,גבע,135.69908473710117,1,6,2,temporal_distance == 6,2013,0.00530503978779841,Party_habait_hayehudi,FALSE,2013,823,גבע,GEVA,1,יהודי,630,300,330,140,50,100,230,110,0.482027089383002,1306.98048693986,0.174603174603175,58
86,גבע,גבע,135.69908473710117,1,6,2,temporal_distance == 6,2015,0.0103359173126615,Party_habait_hayehudi,TRUE,2015,829,גבע,GEVA,1,יהודי,630,290,340,130,60,90,230,110,0.482027089383002,1306.98048693986,0.174603174603175,48
89,עין חרוד (איחוד),עיןחרודאיחוד,136.57374429358003,0,NA,NA,no_red_alert,2006,0.00264550264550265,Party_habait_hayehudi,FALSE,2006,854,עין חרוד (איחוד),EN HAROD (IHUD),1,NA,600,NA,NA,NA,NA,NA,NA,NA,0.502245759862894,1194.63427658163,NA,50
89,עין חרוד (איחוד),עיןחרודאיחוד,136.57374429358003,0,NA,NA,no_red_alert,2009,0.00520833333333333,Party_habait_hayehudi,FALSE,2009,849,עין חרוד (איחוד),EN HAROD (IHUD),1,NA,515,NA,NA,NA,NA,NA,NA,NA,0.502245759862894,1025.39442073257,NA,48
89,עין חרוד (איחוד),עיןחרודאיחוד,136.57374429358003,0,NA,NA,no_red_alert,2013,0.0272277227722772,Party_habait_hayehudi,FALSE,2013,862,עין חרוד (איחוד),EN HAROD (IHUD),1,יהודי,550,270,280,120,30,70,220,110,0.502245759862894,1095.08142019983,0.2,57
89,עין חרוד (איחוד),עיןחרודאיחוד,136.57374429358003,0,NA,NA,no_red_alert,2015,0.0146341463414634,Party_habait_hayehudi,TRUE,2015,852,עין חרוד (איחוד),EN HAROD (IHUD),1,יהודי,530,260,270,130,30,70,200,110,0.502245759862894,1055.26027764711,0.207547169811321,47
90,חפצי-בה,חפציבה,134.85874154490543,1,6,1,temporal_distance == 6,2006,0.0115830115830116,Party_habait_hayehudi,FALSE,2006,865,חפצי-בה,HEFZI-BAH,1,NA,374,NA,NA,NA,NA,NA,NA,NA,0.346464673876395,1079.47513325248,NA,25
90,חפצי-בה,חפציבה,134.85874154490543,1,6,1,temporal_distance == 6,2009,0.0232558139534884,Party_habait_hayehudi,FALSE,2009,871,חפצי-בה,HEFZI-BAH,1,NA,391,NA,NA,NA,NA,NA,NA,NA,0.346464673876395,1128.54218476396,NA,27.5
90,חפצי-בה,חפציבה,134.85874154490543,1,6,1,temporal_distance == 6,2013,0.023728813559322,Party_habait_hayehudi,FALSE,2013,877,חפצי-בה,HEFZI-BAH,1,יהודי,450,210,240,80,30,50,160,110,0.346464673876395,1298.83371648026,0.244444444444444,31
90,חפצי-בה,חפציבה,134.85874154490543,1,6,1,temporal_distance == 6,2015,0.0099009900990099,Party_habait_hayehudi,TRUE,2015,866,חפצי-בה,HEFZI-BAH,1,יהודי,540,260,280,120,40,60,200,120,0.346464673876395,1558.60045977631,0.222222222222222,32
92,גיניגר,גיניגר,138.54723542930728,1,6,1,temporal_distance == 6,2006,0,Party_habait_hayehudi,FALSE,2006,883,גיניגר,GINNEGAR,1,NA,481,NA,NA,NA,NA,NA,NA,NA,0.535763080023701,897.78489398471,NA,44.8333333333333
92,גיניגר,גיניגר,138.54723542930728,1,6,1,temporal_distance == 6,2009,0.0135135135135135,Party_habait_hayehudi,FALSE,2009,888,גיניגר,GINNEGAR,1,NA,548,NA,NA,NA,NA,NA,NA,NA,0.535763080023701,1022.8401702778,NA,54
92,גיניגר,גיניגר,138.54723542930728,1,6,1,temporal_distance == 6,2013,0.0304709141274238,Party_habait_hayehudi,FALSE,2013,884,גיניגר,GINNEGAR,1,יהודי,610,320,290,150,40,70,250,90,0.535763080023701,1138.56296326543,0.147540983606557,50.3333333333333
92,גיניגר,גיניגר,138.54723542930728,1,6,1,temporal_distance == 6,2015,0.015748031496063,Party_habait_hayehudi,TRUE,2015,886,גיניגר,GINNEGAR,1,יהודי,660,330,320,170,40,90,260,100,0.535763080023701,1231.88779631998,0.151515151515152,58.5
94,בלפוריה,בלפוריה,136.96006874004232,1,6,1,temporal_distance == 6,2006,0.0228571428571429,Party_habait_hayehudi,FALSE,2006,902,בלפוריה,BALFURYA,1,NA,312,NA,NA,NA,NA,NA,NA,NA,1.08113543809135,288.585489853897,NA,61
94,בלפוריה,בלפוריה,136.96006874004232,1,6,1,temporal_distance == 6,2009,0.0568181818181818,Party_habait_hayehudi,FALSE,2009,907,בלפוריה,BALFURYA,1,NA,334,NA,NA,NA,NA,NA,NA,NA,1.08113543809135,308.93446670257,NA,59
94,בלפוריה,בלפוריה,136.96006874004232,1,6,1,temporal_distance == 6,2013,0.104417670682731,Party_habait_hayehudi,FALSE,2013,905,בלפוריה,BALFURYA,1,יהודי,400,200,200,100,20,60,160,60,1.08113543809135,369.981397248586,0.15,62
94,בלפוריה,בלפוריה,136.96006874004232,1,6,1,temporal_distance == 6,2015,0.0848708487084871,Party_habait_hayehudi,TRUE,2015,900,בלפוריה,BALFURYA,1,יהודי,440,220,220,120,30,60,170,60,1.08113543809135,406.979536973445,0.136363636363636,61.5
95,בית אלפא,ביתאלפא,134.9359709591093,1,6,1,temporal_distance == 6,2006,0.0025974025974026,Party_habait_hayehudi,FALSE,2006,912,בית אלפא,BET ALFA,1,NA,542,NA,NA,NA,NA,NA,NA,NA,0.570794673756121,949.553359412699,NA,27
95,בית אלפא,ביתאלפא,134.9359709591093,1,6,1,temporal_distance == 6,2009,0.00280898876404494,Party_habait_hayehudi,FALSE,2009,909,בית אלפא,BET ALFA,1,NA,936,NA,NA,NA,NA,NA,NA,NA,0.570794673756121,1639.81908562783,NA,28.75
95,בית אלפא,ביתאלפא,134.9359709591093,1,6,1,temporal_distance == 6,2013,0.00919540229885057,Party_habait_hayehudi,FALSE,2013,921,בית אלפא,BET ALFA,1,יהודי,1120,550,570,360,60,200,340,160,0.570794673756121,1962.17668365724,0.142857142857143,38
95,בית אלפא,ביתאלפא,134.9359709591093,1,6,1,temporal_distance == 6,2015,0.0184049079754601,Party_habait_hayehudi,TRUE,2015,916,בית אלפא,BET ALFA,1,יהודי,860,430,440,240,50,140,290,150,0.570794673756121,1506.67138209395,0.174418604651163,35
96,יגור,יגור,138.3099953690837,0,NA,NA,no_red_alert,2006,0.005,Party_habait_hayehudi,FALSE,2006,932,יגור,YAGUR,1,NA,1112,NA,NA,NA,NA,NA,NA,NA,1.40838525836612,789.556687983258,NA,61
96,יגור,יגור,138.3099953690837,0,NA,NA,no_red_alert,2009,0.00346420323325635,Party_habait_hayehudi,FALSE,2009,933,יגור,YAGUR,1,NA,1420,NA,NA,NA,NA,NA,NA,NA,1.40838525836612,1008.24684976279,NA,59
96,יגור,יגור,138.3099953690837,0,NA,NA,no_red_alert,2013,0.0191873589164786,Party_habait_hayehudi,FALSE,2013,936,יגור,YAGUR,1,יהודי,1500,760,740,330,70,250,610,250,1.40838525836612,1065.04948918605,0.166666666666667,62
96,יגור,יגור,138.3099953690837,0,NA,NA,no_red_alert,2015,0.0303370786516854,Party_habait_hayehudi,TRUE,2015,930,יגור,YAGUR,1,יהודי,1530,770,760,350,80,240,610,250,1.40838525836612,1086.35047896977,0.163398692810458,60.5
97,מרחביה (מושב),מרחביהמושב,135.3966890489619,0,NA,NA,no_red_alert,2006,0.0207715133531157,Party_habait_hayehudi,FALSE,2006,945,מרחביה (מושב),MERHAVYA(MOSHAV),1,NA,722,NA,NA,NA,NA,NA,NA,NA,0.668598036337642,1079.87155325025,NA,48
97,מרחביה (מושב),מרחביהמושב,135.3966890489619,0,NA,NA,no_red_alert,2009,0.0232558139534884,Party_habait_hayehudi,FALSE,2009,949,מרחביה (מושב),MERHAVYA(MOSHAV),1,NA,648,NA,NA,NA,NA,NA,NA,NA,0.668598036337642,969.19219737696,NA,51
97,מרחביה (מושב),מרחביהמושב,135.3966890489619,0,NA,NA,no_red_alert,2013,0.0574412532637076,Party_habait_hayehudi,FALSE,2013,944,מרחביה (מושב),MERHAVYA(MOSHAV),1,יהודי,660,310,340,180,60,80,260,70,0.668598036337642,987.140201032088,0.106060606060606,53
97,מרחביה (מושב),מרחביהמושב,135.3966890489619,0,NA,NA,no_red_alert,2015,0.0406091370558376,Party_habait_hayehudi,TRUE,2015,943,מרחביה (מושב),MERHAVYA(MOSHAV),1,יהודי,660,320,350,170,70,90,260,80,0.668598036337642,987.140201032088,0.121212121212121,62
99,מצפה רמון,מצפהרמון,78.60132116030569,0,NA,NA,no_red_alert,2006,0.13343253968254,Party_habait_hayehudi,FALSE,2006,968,מצפה רמון,MIZPE RAMON,1,NA,4347,NA,NA,NA,NA,NA,NA,NA,76.7966014596646,56.6040673334112,NA,18.607476635514
99,מצפה רמון,מצפהרמון,78.60132116030569,0,NA,NA,no_red_alert,2009,0.148369565217391,Party_habait_hayehudi,FALSE,2009,973,מצפה רמון,MIZPE RAMON,1,NA,4749,NA,NA,NA,NA,NA,NA,NA,76.7966014596646,61.8386739743202,NA,15.3394495412844
99,מצפה רמון,מצפהרמון,78.60132116030569,0,NA,NA,no_red_alert,2013,0.183467741935484,Party_habait_hayehudi,FALSE,2013,982,מצפה רמון,MIZPE RAMON,1,יהודי,5000,2700,2300,1420,580,890,1750,360,76.7966014596646,65.1070477724997,0.072,19.4672897196262
99,מצפה רמון,מצפהרמון,78.60132116030569,0,NA,NA,no_red_alert,2015,0.0593735390369331,Party_habait_hayehudi,TRUE,2015,975,מצפה רמון,MIZPE RAMON,1,יהודי,5000,2710,2290,1390,560,900,1760,390,76.7966014596646,65.1070477724997,0.078,20.9626168224299
102,מאיר שפיה,מאירשפיה,118.86046055949303,1,232,3,temporal_distance > 149,2006,0,Party_habait_hayehudi,FALSE,2006,989,מאיר שפיה,ME'IR SHEFEYA,1,NA,408,NA,NA,NA,NA,NA,NA,NA,0.451156882792089,904.341739119654,NA,59
102,מאיר שפיה,מאירשפיה,118.86046055949303,1,232,3,temporal_distance > 149,2009,0,Party_habait_hayehudi,FALSE,2009,983,מאיר שפיה,ME'IR SHEFEYA,1,NA,274,NA,NA,NA,NA,NA,NA,NA,0.451156882792089,607.327540487219,NA,55
102,מאיר שפיה,מאירשפיה,118.86046055949303,1,232,3,temporal_distance > 149,2013,0.134615384615385,Party_habait_hayehudi,FALSE,2013,994,מאיר שפיה,ME'IR SHEFEYA,1,יהודי,300,200,100,50,180,20,50,0,0.451156882792089,664.957161117393,0,61
102,מאיר שפיה,מאירשפיה,118.86046055949303,1,232,3,temporal_distance > 149,2015,0.0408163265306122,Party_habait_hayehudi,TRUE,2015,987,מאיר שפיה,ME'IR SHEFEYA,1,יהודי,320,210,100,50,200,10,50,0,0.451156882792089,709.287638525219,0,59
103,תל עדשים,תלעדשים,139.2233885595602,1,6,1,temporal_distance == 6,2006,0.0405797101449275,Party_habait_hayehudi,FALSE,2006,1002,תל עדשים,TEL ADASHIM,1,NA,744,NA,NA,NA,NA,NA,NA,NA,3.16754572560216,234.8821657053,NA,57.2
103,תל עדשים,תלעדשים,139.2233885595602,1,6,1,temporal_distance == 6,2009,0.0307692307692308,Party_habait_hayehudi,FALSE,2009,1004,תל עדשים,TEL ADASHIM,1,NA,1191,NA,NA,NA,NA,NA,NA,NA,3.16754572560216,376.000886229855,NA,54.75
103,תל עדשים,תלעדשים,139.2233885595602,1,6,1,temporal_distance == 6,2013,0.0779220779220779,Party_habait_hayehudi,FALSE,2013,1001,תל עדשים,TEL ADASHIM,1,יהודי,1390,680,710,480,100,150,560,100,3.16754572560216,438.82555151931,0.0719424460431655,61.4
103,תל עדשים,תלעדשים,139.2233885595602,1,6,1,temporal_distance == 6,2015,0.0522875816993464,Party_habait_hayehudi,TRUE,2015,1000,תל עדשים,TEL ADASHIM,1,יהודי,1420,680,740,480,110,150,580,100,3.16754572560216,448.296606588072,0.0704225352112676,56.4
104,מזרע,מזרע,138.56384311362606,1,6,1,temporal_distance == 6,2006,0,Party_habait_hayehudi,FALSE,2006,1024,מזרע,MIZRA,1,NA,689,NA,NA,NA,NA,NA,NA,NA,0.680654772439668,1012.26058774321,NA,55
104,מזרע,מזרע,138.56384311362606,1,6,1,temporal_distance == 6,2009,0,Party_habait_hayehudi,FALSE,2009,1013,מזרע,MIZRA,1,NA,614,NA,NA,NA,NA,NA,NA,NA,0.680654772439668,902.07257020948,NA,53.5
104,מזרע,מזרע,138.56384311362606,1,6,1,temporal_distance == 6,2013,0.00842105263157895,Party_habait_hayehudi,FALSE,2013,1017,מזרע,MIZRA,1,יהודי,590,300,300,120,30,80,240,130,0.680654772439668,866.812404598685,0.220338983050847,57
104,מזרע,מזרע,138.56384311362606,1,6,1,temporal_distance == 6,2015,0.0231578947368421,Party_habait_hayehudi,TRUE,2015,1015,מזרע,MIZRA,1,יהודי,610,300,310,140,30,70,250,130,0.680654772439668,896.195875941014,0.213114754098361,53
106,כפר גדעון,כפרגדעון,138.27964784353776,1,6,1,temporal_distance == 6,2006,0.121739130434783,Party_habait_hayehudi,FALSE,2006,1035,כפר גדעון,KEFAR GID'ON,1,NA,221,NA,NA,NA,NA,NA,NA,NA,0.504970936345335,437.648949857313,NA,60
106,כפר גדעון,כפרגדעון,138.27964784353776,1,6,1,temporal_distance == 6,2009,0.141414141414141,Party_habait_hayehudi,FALSE,2009,1042,כפר גדעון,KEFAR GID'ON,1,NA,284,NA,NA,NA,NA,NA,NA,NA,0.504970936345335,562.408605246502,NA,56
106,כפר גדעון,כפרגדעון,138.27964784353776,1,6,1,temporal_distance == 6,2013,0.0789473684210526,Party_habait_hayehudi,FALSE,2013,1039,כפר גדעון,KEFAR GID'ON,1,יהודי,300,150,140,120,10,40,110,20,0.504970936345335,594.093597091375,0.0666666666666667,62
106,כפר גדעון,כפרגדעון,138.27964784353776,1,6,1,temporal_distance == 6,2015,0.1,Party_habait_hayehudi,TRUE,2015,1036,כפר גדעון,KEFAR GID'ON,1,יהודי,330,170,160,140,20,40,120,20,0.504970936345335,653.502956800512,0.0606060606060606,58
112,כפר חסידים א',כפרחסידיםא,138.68998905979552,0,NA,NA,no_red_alert,2006,0.283582089552239,Party_habait_hayehudi,FALSE,2006,1063,כפר חסידים א',KEFAR HASIDIM ALEF,1,NA,572,NA,NA,NA,NA,NA,NA,NA,3.42743946092989,166.888432755808,NA,60.5
112,כפר חסידים א',כפרחסידיםא,138.68998905979552,0,NA,NA,no_red_alert,2009,0.235294117647059,Party_habait_hayehudi,FALSE,2009,1070,כפר חסידים א',KEFAR HASIDIM ALEF,1,NA,449,NA,NA,NA,NA,NA,NA,NA,3.42743946092989,131.001584453423,NA,59
112,כפר חסידים א',כפרחסידיםא,138.68998905979552,0,NA,NA,no_red_alert,2013,0.299492385786802,Party_habait_hayehudi,FALSE,2013,1060,כפר חסידים א',KEFAR HASIDIM ALEF,1,יהודי,770,380,400,170,40,110,360,80,3.42743946092989,224.657505632818,0.103896103896104,62.8333333333333
112,כפר חסידים א',כפרחסידיםא,138.68998905979552,0,NA,NA,no_red_alert,2015,0.244897959183673,Party_habait_hayehudi,TRUE,2015,1057,כפר חסידים א',KEFAR HASIDIM ALEF,1,יהודי,800,390,410,190,40,100,390,90,3.42743946092989,233.410395462668,0.1125,60.1666666666667
113,אדירים,אדירים,128.45955691330678,1,6,1,temporal_distance == 6,2006,0.0264900662251656,Party_habait_hayehudi,FALSE,2006,1083,אדירים,ADDIRIM,1,NA,226,NA,NA,NA,NA,NA,NA,NA,0.603058134711404,374.756573191991,NA,23.5
113,אדירים,אדירים,128.45955691330678,1,6,1,temporal_distance == 6,2009,0.0326797385620915,Party_habait_hayehudi,FALSE,2009,1080,אדירים,ADDIRIM,1,NA,239,NA,NA,NA,NA,NA,NA,NA,0.603058134711404,396.313367225159,NA,22
113,אדירים,אדירים,128.45955691330678,1,6,1,temporal_distance == 6,2013,0.154838709677419,Party_habait_hayehudi,FALSE,2013,1076,אדירים,ADDIRIM,1,יהודי,240,130,120,70,20,20,100,30,0.603058134711404,397.971582150787,0.125,26.25
113,אדירים,אדירים,128.45955691330678,1,6,1,temporal_distance == 6,2015,0.1375,Party_habait_hayehudi,TRUE,2015,1081,אדירים,ADDIRIM,1,יהודי,270,150,120,70,30,30,110,30,0.603058134711404,447.718029919635,0.111111111111111,27.5
115,חופית,חופית,94.34880448359463,0,NA,NA,no_red_alert,2006,0.00811359026369168,Party_habait_hayehudi,FALSE,2006,1097,חופית,HOFIT,1,NA,780,NA,NA,NA,NA,NA,NA,NA,0.520483415812145,1498.60682646903,NA,61
115,חופית,חופית,94.34880448359463,0,NA,NA,no_red_alert,2009,0.00390625,Party_habait_hayehudi,FALSE,2009,1090,חופית,HOFIT,1,NA,749,NA,NA,NA,NA,NA,NA,NA,0.520483415812145,1439.0468115709,NA,58
115,חופית,חופית,94.34880448359463,0,NA,NA,no_red_alert,2013,0.0263653483992467,Party_habait_hayehudi,FALSE,2013,1092,חופית,HOFIT,1,יהודי,770,390,380,170,60,70,330,150,0.520483415812145,1479.39391843738,0.194805194805195,62.75
115,חופית,חופית,94.34880448359463,0,NA,NA,no_red_alert,2015,0.014519056261343,Party_habait_hayehudi,TRUE,2015,1089,חופית,HOFIT,1,יהודי,740,360,380,150,70,60,300,150,0.520483415812145,1421.75519434242,0.202702702702703,57.5
122,רמת ישי,רמתישי,137.8089060542768,1,6,1,temporal_distance == 6,2006,0.0365073391042529,Party_habait_hayehudi,FALSE,2006,1105,רמת ישי,RAMAT YISHAY,1,NA,5664,NA,NA,NA,NA,NA,NA,NA,2.32809748379227,2432.88781480655,NA,55.5
122,רמת ישי,רמתישי,137.8089060542768,1,6,1,temporal_distance == 6,2009,0.0307787011388119,Party_habait_hayehudi,FALSE,2009,1115,רמת ישי,RAMAT YISHAY,1,NA,6559,NA,NA,NA,NA,NA,NA,NA,2.32809748379227,2817.32188865045,NA,58
122,רמת ישי,רמתישי,137.8089060542768,1,6,1,temporal_distance == 6,2013,0.0635485510930351,Party_habait_hayehudi,FALSE,2013,1106,רמת ישי,RAMAT YISHAY,1,יהודי,7350,3650,3690,1810,540,1070,3360,570,2.32809748379227,3157.08429357841,0.0775510204081633,61.25
122,רמת ישי,רמתישי,137.8089060542768,1,6,1,temporal_distance == 6,2015,0.055767397521449,Party_habait_hayehudi,TRUE,2015,1104,רמת ישי,RAMAT YISHAY,1,יהודי,7480,3720,3760,1830,550,1040,3340,730,2.32809748379227,3212.92387972333,0.0975935828877005,56
126,שריד,שריד,135.82266569252,1,6,1,temporal_distance == 6,2006,0.00235849056603774,Party_habait_hayehudi,FALSE,2006,1126,שריד,SARID,1,NA,590,NA,NA,NA,NA,NA,NA,NA,2.13816282380689,275.937825422264,NA,44
126,שריד,שריד,135.82266569252,1,6,1,temporal_distance == 6,2009,0.00476190476190476,Party_habait_hayehudi,FALSE,2009,1119,שריד,SARID,1,NA,545,NA,NA,NA,NA,NA,NA,NA,2.13816282380689,254.891720093448,NA,51.3333333333333
126,שריד,שריד,135.82266569252,1,6,1,temporal_distance == 6,2013,0.0116731517509728,Party_habait_hayehudi,FALSE,2013,1128,שריד,SARID,1,יהודי,820,420,400,240,30,70,310,170,2.13816282380689,383.506808213994,0.207317073170732,53
126,שריד,שריד,135.82266569252,1,6,1,temporal_distance == 6,2015,0.0227703984819734,Party_habait_hayehudi,TRUE,2015,1122,שריד,SARID,1,יהודי,850,440,410,260,30,70,300,190,2.13816282380689,397.537545099872,0.223529411764706,58.5
130,משמר העמק,משמרהעמק,127.96844452914114,1,6,3,temporal_distance == 6,2006,0.00170940170940171,Party_habait_hayehudi,FALSE,2006,1163,משמר העמק,MISHMAR HAEMEQ,1,NA,964,NA,NA,NA,NA,NA,NA,NA,0.868402801523399,1110.08393605928,NA,26.5
130,משמר העמק,משמרהעמק,127.96844452914114,1,6,3,temporal_distance == 6,2009,0.00169204737732657,Party_habait_hayehudi,FALSE,2009,1169,משמר העמק,MISHMAR HAEMEQ,1,NA,1111,NA,NA,NA,NA,NA,NA,NA,0.868402801523399,1279.36022091479,NA,32
130,משמר העמק,משמרהעמק,127.96844452914114,1,6,3,temporal_distance == 6,2013,0.00451807228915663,Party_habait_hayehudi,FALSE,2013,1166,משמר העמק,MISHMAR HAEMEQ,1,יהודי,1190,580,610,260,90,150,500,190,0.868402801523399,1370.33182978272,0.159663865546218,32.5
130,משמר העמק,משמרהעמק,127.96844452914114,1,6,3,temporal_distance == 6,2015,0.0029673590504451,Party_habait_hayehudi,TRUE,2015,1171,משמר העמק,MISHMAR HAEMEQ,1,יהודי,1220,590,620,260,90,160,510,190,0.868402801523399,1404.87801036548,0.155737704918033,31
132,כפר ברוך,כפרברוך,133.44289005450128,1,6,1,temporal_distance == 6,2006,0.0273972602739726,Party_habait_hayehudi,FALSE,2006,1180,כפר ברוך,KEFAR BARUKH,1,NA,289,NA,NA,NA,NA,NA,NA,NA,1.0742567626333,269.02320753521,NA,16.5
132,כפר ברוך,כפרברוך,133.44289005450128,1,6,1,temporal_distance == 6,2009,0.0285714285714286,Party_habait_hayehudi,FALSE,2009,1187,כפר ברוך,KEFAR BARUKH,1,NA,390,NA,NA,NA,NA,NA,NA,NA,1.0742567626333,363.041698749938,NA,26
132,כפר ברוך,כפרברוך,133.44289005450128,1,6,1,temporal_distance == 6,2013,0.0346320346320346,Party_habait_hayehudi,FALSE,2013,1181,כפר ברוך,KEFAR BARUKH,1,יהודי,500,250,250,180,30,40,200,60,1.0742567626333,465.438075320433,0.12,22.5
132,כפר ברוך,כפרברוך,133.44289005450128,1,6,1,temporal_distance == 6,2015,0.0390625,Party_habait_hayehudi,TRUE,2015,1178,כפר ברוך,KEFAR BARUKH,1,יהודי,520,260,260,200,20,40,200,60,1.0742567626333,484.05559833325,0.115384615384615,34
133,גבת,גבת,136.75746510364797,1,6,1,temporal_distance == 6,2006,0.00444444444444444,Party_habait_hayehudi,FALSE,2006,1202,גבת,GEVAT,1,NA,668,NA,NA,NA,NA,NA,NA,NA,1.76532702918813,378.400142837677,NA,50.6666666666667
133,גבת,גבת,136.75746510364797,1,6,1,temporal_distance == 6,2009,0.00863930885529158,Party_habait_hayehudi,FALSE,2009,1195,גבת,GEVAT,1,NA,687,NA,NA,NA,NA,NA,NA,NA,1.76532702918813,389.163021151922,NA,55.3333333333333
133,גבת,גבת,136.75746510364797,1,6,1,temporal_distance == 6,2013,0.0198807157057654,Party_habait_hayehudi,FALSE,2013,1194,גבת,GEVAT,1,יהודי,790,370,420,200,30,90,330,140,1.76532702918813,447.509150960725,0.177215189873418,58.6666666666667
133,גבת,גבת,136.75746510364797,1,6,1,temporal_distance == 6,2015,0.0168224299065421,Party_habait_hayehudi,TRUE,2015,1198,גבת,GEVAT,1,יהודי,860,410,450,240,30,70,370,160,1.76532702918813,487.161860539524,0.186046511627907,57.3333333333333
134,יפעת,יפעת,137.93550269781147,1,6,1,temporal_distance == 6,2006,0.00226757369614512,Party_habait_hayehudi,FALSE,2006,1212,יפעת,YIF'AT,1,NA,717,NA,NA,NA,NA,NA,NA,NA,1.48386728582697,483.19685112568,NA,59
134,יפעת,יפעת,137.93550269781147,1,6,1,temporal_distance == 6,2009,0.00657894736842105,Party_habait_hayehudi,FALSE,2009,1207,יפעת,YIF'AT,1,NA,862,NA,NA,NA,NA,NA,NA,NA,1.48386728582697,580.914484895866,NA,59
134,יפעת,יפעת,137.93550269781147,1,6,1,temporal_distance == 6,2013,0.0136986301369863,Party_habait_hayehudi,FALSE,2013,1209,יפעת,YIF'AT,1,יהודי,1010,510,500,250,40,140,400,170,1.48386728582697,680.653862813022,0.168316831683168,61.5
134,יפעת,יפעת,137.93550269781147,1,6,1,temporal_distance == 6,2015,0.0108695652173913,Party_habait_hayehudi,TRUE,2015,1208,יפעת,YIF'AT,1,יהודי,1080,540,540,280,60,130,440,180,1.48386728582697,727.827892908974,0.166666666666667,61
135,רמת דוד,רמתדוד,135.6700126470148,1,6,1,temporal_distance == 6,2006,0.0168067226890756,Party_habait_hayehudi,FALSE,2006,1228,רמת דוד,RAMAT DAWID,1,NA,233,NA,NA,NA,NA,NA,NA,NA,2.44903876212584,95.1393679852372,NA,46
135,רמת דוד,רמתדוד,135.6700126470148,1,6,1,temporal_distance == 6,2009,0.0211864406779661,Party_habait_hayehudi,FALSE,2009,1223,רמת דוד,RAMAT DAWID,1,NA,436,NA,NA,NA,NA,NA,NA,NA,2.44903876212584,178.02903193804,NA,54.25
135,רמת דוד,רמתדוד,135.6700126470148,1,6,1,temporal_distance == 6,2013,0.0573476702508961,Party_habait_hayehudi,FALSE,2013,1222,רמת דוד,RAMAT DAWID,1,יהודי,430,200,230,140,20,40,170,60,2.44903876212584,175.579091131554,0.13953488372093,55.25
135,רמת דוד,רמתדוד,135.6700126470148,1,6,1,temporal_distance == 6,2015,0.0299625468164794,Party_habait_hayehudi,TRUE,2015,1224,רמת דוד,RAMAT DAWID,1,יהודי,480,230,250,160,20,40,200,60,2.44903876212584,195.995264518944,0.125,52.75
139,עין שמר,עיןשמר,107.50453183125508,0,NA,NA,no_red_alert,2006,0.00484261501210654,Party_habait_hayehudi,FALSE,2006,1238,עין שמר,EN SHEMER,1,NA,787,NA,NA,NA,NA,NA,NA,NA,0.631899670505414,1245.45087888799,NA,61
139,עין שמר,עיןשמר,107.50453183125508,0,NA,NA,no_red_alert,2009,0.00975609756097561,Party_habait_hayehudi,FALSE,2009,1248,עין שמר,EN SHEMER,1,NA,511,NA,NA,NA,NA,NA,NA,NA,0.631899670505414,808.672679938709,NA,59
139,עין שמר,עיןשמר,107.50453183125508,0,NA,NA,no_red_alert,2013,0.0141843971631206,Party_habait_hayehudi,FALSE,2013,1245,עין שמר,EN SHEMER,1,יהודי,550,280,280,100,50,90,190,130,0.631899670505414,870.39133848589,0.236363636363636,62.4
139,עין שמר,עיןשמר,107.50453183125508,0,NA,NA,no_red_alert,2015,0.0228310502283105,Party_habait_hayehudi,TRUE,2015,1246,עין שמר,EN SHEMER,1,יהודי,570,290,280,110,60,90,190,130,0.631899670505414,902.04193261265,0.228070175438596,61
140,כפר יהושע,כפריהושע,133.69447764586087,1,6,1,temporal_distance == 6,2006,0.0165094339622642,Party_habait_hayehudi,FALSE,2006,1261,כפר יהושע,KEFAR YEHOSHUA,1,NA,732,NA,NA,NA,NA,NA,NA,NA,7.51660514994527,97.384389015742,NA,35.5
140,כפר יהושע,כפריהושע,133.69447764586087,1,6,1,temporal_distance == 6,2009,0.0110132158590308,Party_habait_hayehudi,FALSE,2009,1255,כפר יהושע,KEFAR YEHOSHUA,1,NA,929,NA,NA,NA,NA,NA,NA,NA,7.51660514994527,123.593029228995,NA,47.9
140,כפר יהושע,כפריהושע,133.69447764586087,1,6,1,temporal_distance == 6,2013,0.0144665461121157,Party_habait_hayehudi,FALSE,2013,1256,כפר יהושע,KEFAR YEHOSHUA,1,יהודי,1080,520,560,350,90,90,400,150,7.51660514994527,143.681885433062,0.138888888888889,38.6
140,כפר יהושע,כפריהושע,133.69447764586087,1,6,1,temporal_distance == 6,2015,0.0307692307692308,Party_habait_hayehudi,TRUE,2015,1264,כפר יהושע,KEFAR YEHOSHUA,1,יהודי,1110,540,570,320,110,110,430,150,7.51660514994527,147.673048917314,0.135135135135135,47.4
141,ברק,ברק,127.55177156213912,1,6,1,temporal_distance == 6,2006,0.0617283950617284,Party_habait_hayehudi,FALSE,2006,1280,ברק,BARAQ,1,NA,273,NA,NA,NA,NA,NA,NA,NA,0.626241582358959,435.934003251029,NA,22
141,ברק,ברק,127.55177156213912,1,6,1,temporal_distance == 6,2009,0.0242424242424242,Party_habait_hayehudi,FALSE,2009,1274,ברק,BARAQ,1,NA,345,NA,NA,NA,NA,NA,NA,NA,0.626241582358959,550.905608504048,NA,23.8
141,ברק,ברק,127.55177156213912,1,6,1,temporal_distance == 6,2013,0.099009900990099,Party_habait_hayehudi,FALSE,2013,1269,ברק,BARAQ,1,יהודי,420,200,220,100,30,50,170,60,0.626241582358959,670.667697309276,0.142857142857143,27
141,ברק,ברק,127.55177156213912,1,6,1,temporal_distance == 6,2015,0.0848214285714286,Party_habait_hayehudi,TRUE,2015,1278,ברק,BARAQ,1,יהודי,420,200,220,100,20,60,170,70,0.626241582358959,670.667697309276,0.166666666666667,28
142,שדה יעקב,שדהיעקב,135.8924574283133,1,6,1,temporal_distance == 6,2006,0.598591549295775,Party_habait_hayehudi,FALSE,2006,1291,שדה יעקב,SEDE YA'AQOV,1,NA,921,NA,NA,NA,NA,NA,NA,NA,2.18103472728942,422.276632497556,NA,49
142,שדה יעקב,שדהיעקב,135.8924574283133,1,6,1,temporal_distance == 6,2009,0.572727272727273,Party_habait_hayehudi,FALSE,2009,1288,שדה יעקב,SEDE YA'AQOV,1,NA,1154,NA,NA,NA,NA,NA,NA,NA,2.18103472728942,529.106660045798,NA,57.5
142,שדה יעקב,שדהיעקב,135.8924574283133,1,6,1,temporal_distance == 6,2013,0.600896860986547,Party_habait_hayehudi,FALSE,2013,1290,שדה יעקב,SEDE YA'AQOV,1,יהודי,1270,810,460,450,320,100,330,70,2.18103472728942,582.292424833763,0.0551181102362205,53.6666666666667
142,שדה יעקב,שדהיעקב,135.8924574283133,1,6,1,temporal_distance == 6,2015,0.520084566596195,Party_habait_hayehudi,TRUE,2015,1293,שדה יעקב,SEDE YA'AQOV,1,יהודי,1130,640,500,400,200,110,350,70,2.18103472728942,518.102708710356,0.0619469026548673,55.6666666666667
145,גדיש,גדיש,128.01530499261528,1,6,1,temporal_distance == 6,2006,0.0759493670886076,Party_habait_hayehudi,FALSE,2006,1337,גדיש,GADISH,1,NA,315,NA,NA,NA,NA,NA,NA,NA,0.262164551663418,1201.53544024676,NA,27
145,גדיש,גדיש,128.01530499261528,1,6,1,temporal_distance == 6,2009,0.0465116279069767,Party_habait_hayehudi,FALSE,2009,1335,גדיש,GADISH,1,NA,409,NA,NA,NA,NA,NA,NA,NA,0.262164551663418,1560.0888732092899,NA,30
145,גדיש,גדיש,128.01530499261528,1,6,1,temporal_distance == 6,2013,0.105882352941176,Party_habait_hayehudi,FALSE,2013,1331,גדיש,GADISH,1,יהודי,380,190,200,90,30,50,150,60,0.262164551663418,1449.47132474213,0.157894736842105,31
145,גדיש,גדיש,128.01530499261528,1,6,1,temporal_distance == 6,2015,0.046875,Party_habait_hayehudi,TRUE,2015,1333,גדיש,GADISH,1,יהודי,400,190,210,90,40,60,160,60,0.262164551663418,1525.75928920224,0.15,31.75
146,דבורה,דבורה,128.2604908852973,1,6,1,temporal_distance == 6,2006,0.0211267605633803,Party_habait_hayehudi,FALSE,2006,1352,דבורה,DEVORA,1,NA,229,NA,NA,NA,NA,NA,NA,NA,0.720778382792002,317.712081087875,NA,24
146,דבורה,דבורה,128.2604908852973,1,6,1,temporal_distance == 6,2009,0.0425531914893617,Party_habait_hayehudi,FALSE,2009,1354,דבורה,DEVORA,1,NA,209,NA,NA,NA,NA,NA,NA,NA,0.720778382792002,289.9643010802,NA,24
146,דבורה,דבורה,128.2604908852973,1,6,1,temporal_distance == 6,2013,0.0548780487804878,Party_habait_hayehudi,FALSE,2013,1347,דבורה,DEVORA,1,יהודי,220,100,110,60,10,20,90,40,0.720778382792002,305.225580084422,0.181818181818182,27
146,דבורה,דבורה,128.2604908852973,1,6,1,temporal_distance == 6,2015,0.0434782608695652,Party_habait_hayehudi,TRUE,2015,1345,דבורה,DEVORA,1,יהודי,230,110,120,70,10,10,100,40,0.720778382792002,319.099470088259,0.173913043478261,29
154,תל מונד,תלמונד,79.433112399535,0,NA,NA,no_red_alert,2006,0.0474148802017655,Party_habait_hayehudi,FALSE,2006,1385,תל מונד,TEL MOND,1,NA,9398,NA,NA,NA,NA,NA,NA,NA,7.12871178434754,1318.33075656602,NA,61
154,תל מונד,תלמונד,79.433112399535,0,NA,NA,no_red_alert,2009,0.0319455894476505,Party_habait_hayehudi,FALSE,2009,1383,תל מונד,TEL MOND,1,NA,10198,NA,NA,NA,NA,NA,NA,NA,7.12871178434754,1430.55299589916,NA,59
154,תל מונד,תלמונד,79.433112399535,0,NA,NA,no_red_alert,2013,0.0816177810165786,Party_habait_hayehudi,FALSE,2013,1377,תל מונד,TEL MOND,1,יהודי,11400,5780,5620,3510,1040,1220,4980,650,7.12871178434754,1599.16691049719,0.0570175438596491,63
154,תל מונד,תלמונד,79.433112399535,0,NA,NA,no_red_alert,2015,0.0609756097560976,Party_habait_hayehudi,TRUE,2015,1379,תל מונד,TEL MOND,1,יהודי,11940,6030,5910,3430,1230,1340,5170,770,7.12871178434754,1674.91692204706,0.0644891122278057,62.2222222222222
157,עין ורד,עיןורד,84.25264508493477,1,227,5,temporal_distance > 149,2006,0.015929203539823,Party_habait_hayehudi,FALSE,2006,1423,עין ורד,EN WERED,1,NA,1141,NA,NA,NA,NA,NA,NA,NA,2.40560298960173,474.309354008951,NA,61
157,עין ורד,עיןורד,84.25264508493477,1,227,5,temporal_distance > 149,2009,0.00615384615384615,Party_habait_hayehudi,FALSE,2009,1431,עין ורד,EN WERED,1,NA,1128,NA,NA,NA,NA,NA,NA,NA,2.40560298960173,468.905303525063,NA,59
157,עין ורד,עיןורד,84.25264508493477,1,227,5,temporal_distance > 149,2013,0.02875,Party_habait_hayehudi,FALSE,2013,1428,עין ורד,EN WERED,1,יהודי,1420,710,710,460,100,120,610,130,2.40560298960173,590.288591317012,0.0915492957746479,63
157,עין ורד,עיןורד,84.25264508493477,1,227,5,temporal_distance > 149,2015,0.0272511848341232,Party_habait_hayehudi,TRUE,2015,1430,עין ורד,EN WERED,1,יהודי,1470,730,750,470,120,110,640,140,2.40560298960173,611.073400870428,0.0952380952380952,62.25
162,חירות,חירות,81.53736308037226,1,227,5,temporal_distance > 149,2006,0.00519031141868512,Party_habait_hayehudi,FALSE,2006,1483,חירות,HERUT,1,NA,1172,NA,NA,NA,NA,NA,NA,NA,0.837538395771975,1399.33883140933,NA,61
162,חירות,חירות,81.53736308037226,1,227,5,temporal_distance > 149,2009,0.0138036809815951,Party_habait_hayehudi,FALSE,2009,1479,חירות,HERUT,1,NA,1221,NA,NA,NA,NA,NA,NA,NA,0.837538395771975,1457.84361190341,NA,59
162,חירות,חירות,81.53736308037226,1,227,5,temporal_distance > 149,2013,0.0198863636363636,Party_habait_hayehudi,FALSE,2013,1484,חירות,HERUT,1,יהודי,1290,630,670,440,90,100,540,120,0.837538395771975,1540.22789463996,0.0930232558139535,63
162,חירות,חירות,81.53736308037226,1,227,5,temporal_distance > 149,2015,0.0210084033613445,Party_habait_hayehudi,TRUE,2015,1478,חירות,HERUT,1,יהודי,1270,610,660,400,110,110,530,120,0.837538395771975,1516.34839239748,0.094488188976378,62
164,מלאה,מלאה,127.92109761778345,1,6,1,temporal_distance == 6,2006,0.05625,Party_habait_hayehudi,FALSE,2006,1521,מלאה,MELE'A,1,NA,343,NA,NA,NA,NA,NA,NA,NA,0.777061183015982,441.406683922526,NA,29
164,מלאה,מלאה,127.92109761778345,1,6,1,temporal_distance == 6,2009,0.0479041916167665,Party_habait_hayehudi,FALSE,2009,1516,מלאה,MELE'A,1,NA,326,NA,NA,NA,NA,NA,NA,NA,0.777061183015982,419.529384719369,NA,31
164,מלאה,מלאה,127.92109761778345,1,6,1,temporal_distance == 6,2013,0.199004975124378,Party_habait_hayehudi,FALSE,2013,1519,מלאה,MELE'A,1,יהודי,360,180,180,100,30,50,150,30,0.777061183015982,463.283983125684,0.0833333333333333,30
164,מלאה,מלאה,127.92109761778345,1,6,1,temporal_distance == 6,2015,0.101449275362319,Party_habait_hayehudi,TRUE,2015,1508,מלאה,MELE'A,1,יהודי,390,200,190,100,30,60,160,40,0.777061183015982,501.890981719491,0.102564102564103,30.5
165,ניר יפה,ניריפה,128.91543426426327,1,6,1,temporal_distance == 6,2006,0.00952380952380952,Party_habait_hayehudi,FALSE,2006,1529,ניר יפה,NIR YAFE,1,NA,413,NA,NA,NA,NA,NA,NA,NA,0.85122733021643,485.181790268637,NA,30
165,ניר יפה,ניריפה,128.91543426426327,1,6,1,temporal_distance == 6,2009,0.0471698113207547,Party_habait_hayehudi,FALSE,2009,1532,ניר יפה,NIR YAFE,1,NA,585,NA,NA,NA,NA,NA,NA,NA,0.85122733021643,687.242971688021,NA,32
165,ניר יפה,ניריפה,128.91543426426327,1,6,1,temporal_distance == 6,2013,0.109848484848485,Party_habait_hayehudi,FALSE,2013,1530,ניר יפה,NIR YAFE,1,יהודי,640,330,310,240,20,50,260,70,0.85122733021643,751.855558769801,0.109375,31
165,ניר יפה,ניריפה,128.91543426426327,1,6,1,temporal_distance == 6,2015,0.0716612377850163,Party_habait_hayehudi,TRUE,2015,1528,ניר יפה,NIR YAFE,1,יהודי,680,350,330,260,30,40,270,80,0.85122733021643,798.846531192913,0.117647058823529,32.5
167,עין החורש,עיןהחורש,97.06165630684865,0,NA,NA,no_red_alert,2006,0.00619834710743802,Party_habait_hayehudi,FALSE,2006,1555,עין החורש,EN HAHORESH,1,NA,728,NA,NA,NA,NA,NA,NA,NA,0.567130357244115,1283.65549595618,NA,47
167,עין החורש,עיןהחורש,97.06165630684865,0,NA,NA,no_red_alert,2009,0.0019723865877712,Party_habait_hayehudi,FALSE,2009,1559,עין החורש,EN HAHORESH,1,NA,720,NA,NA,NA,NA,NA,NA,NA,0.567130357244115,1269.54939160501,NA,55
167,עין החורש,עיןהחורש,97.06165630684865,0,NA,NA,no_red_alert,2013,0.00196463654223969,Party_habait_hayehudi,FALSE,2013,1557,עין החורש,EN HAHORESH,1,יהודי,740,360,390,150,40,90,290,180,0.567130357244115,1304.81465248293,0.243243243243243,46
167,עין החורש,עיןהחורש,97.06165630684865,0,NA,NA,no_red_alert,2015,0.00749063670411985,Party_habait_hayehudi,TRUE,2015,1553,עין החורש,EN HAHORESH,1,יהודי,740,350,390,150,40,80,280,190,0.567130357244115,1304.81465248293,0.256756756756757,55
168,כפר יונה,כפריונה,88.35327177757681,0,NA,NA,no_red_alert,2006,0.0591097495044152,Party_habait_hayehudi,FALSE,2006,1569,כפר יונה,KEFAR YONA,1,NA,14118,NA,NA,NA,NA,NA,NA,NA,11.3418183519759,1244.77394733979,NA,60.8333333333333
168,כפר יונה,כפריונה,88.35327177757681,0,NA,NA,no_red_alert,2009,0.0360846711180565,Party_habait_hayehudi,FALSE,2009,1571,כפר יונה,KEFAR YONA,1,NA,17572,NA,NA,NA,NA,NA,NA,NA,11.3418183519759,1549.31065325506,NA,58.7857142857143
168,כפר יונה,כפריונה,88.35327177757681,0,NA,NA,no_red_alert,2013,0.0759425299773145,Party_habait_hayehudi,FALSE,2013,1568,כפר יונה,KEFAR YONA,1,יהודי,20550,10260,10280,6320,1370,2540,9020,1310,11.3418183519759,1811.87878012699,0.0637469586374696,62.8333333333333
168,כפר יונה,כפריונה,88.35327177757681,0,NA,NA,no_red_alert,2015,0.0579032719641324,Party_habait_hayehudi,TRUE,2015,1576,כפר יונה,KEFAR YONA,1,יהודי,21610,10830,10790,6550,1510,2580,9410,1570,11.3418183519759,1905.33822085373,0.0726515502082369,61.6111111111111
170,כפר יעבץ,כפריעבץ,87.17192364509846,1,227,5,temporal_distance > 149,2006,0.338028169014085,Party_habait_hayehudi,FALSE,2006,1596,כפר יעבץ,KEFAR YA'BEZ,1,NA,494,NA,NA,NA,NA,NA,NA,NA,0.67907481591641,727.460345195321,NA,61
170,כפר יעבץ,כפריעבץ,87.17192364509846,1,227,5,temporal_distance > 149,2009,0.161490683229814,Party_habait_hayehudi,FALSE,2009,1589,כפר יעבץ,KEFAR YA'BEZ,1,NA,565,NA,NA,NA,NA,NA,NA,NA,0.67907481591641,832.014362419749,NA,59
170,כפר יעבץ,כפריעבץ,87.17192364509846,1,227,5,temporal_distance > 149,2013,0.384615384615385,Party_habait_hayehudi,FALSE,2013,1591,כפר יעבץ,KEFAR YA'BEZ,1,יהודי,630,320,320,190,60,80,250,50,0.67907481591641,927.732828892818,0.0793650793650794,63
170,כפר יעבץ,כפריעבץ,87.17192364509846,1,227,5,temporal_distance > 149,2015,0.232620320855615,Party_habait_hayehudi,TRUE,2015,1585,כפר יעבץ,KEFAR YA'BEZ,1,יהודי,670,330,330,200,50,90,260,60,0.67907481591641,986.636500568552,0.0895522388059701,61
171,פרדסיה,פרדסיה,87.6552178593734,1,227,5,temporal_distance > 149,2006,0.0351845463953087,Party_habait_hayehudi,FALSE,2006,1608,פרדסייה,PARDESIYYA,1,NA,6191,NA,NA,NA,NA,NA,NA,NA,1.47451018374057,4198.68242909964,NA,61
171,פרדסיה,פרדסיה,87.6552178593734,1,227,5,temporal_distance > 149,2009,0.0266380894060012,Party_habait_hayehudi,FALSE,2009,1600,פרדסייה,PARDESIYYA,1,NA,5475,NA,NA,NA,NA,NA,NA,NA,1.47451018374057,3713.09744779851,NA,59
171,פרדסיה,פרדסיה,87.6552178593734,1,227,5,temporal_distance > 149,2013,0.0623229461756374,Party_habait_hayehudi,FALSE,2013,1605,פרדסייה,PARDESIYYA,1,יהודי,5460,2780,2680,1040,520,1060,2490,350,1.47451018374057,3702.92457807851,0.0641025641025641,63
171,פרדסיה,פרדסיה,87.6552178593734,1,227,5,temporal_distance > 149,2015,0.0527604025020397,Party_habait_hayehudi,TRUE,2015,1604,פרדסייה,PARDESIYYA,1,יהודי,5560,2840,2730,1070,460,1050,2520,470,1.47451018374057,3770.74370954515,0.0845323741007194,62
173,גבעת חיים (מאוחד),גבעתחייםמאוחד,97.119737592471,0,NA,NA,no_red_alert,2006,0.0132231404958678,Party_habait_hayehudi,FALSE,2006,1616,גבעת חיים (מאוחד),GIV'AT HAYYIM(ME'UHAD),1,NA,936,NA,NA,NA,NA,NA,NA,NA,0.965557470185612,969.38818133743,NA,56.5
173,גבעת חיים (מאוחד),גבעתחייםמאוחד,97.119737592471,0,NA,NA,no_red_alert,2009,0.0112721417069243,Party_habait_hayehudi,FALSE,2009,1614,גבעת חיים (מאוחד),GIV'AT HAYYIM(ME'UHAD),1,NA,893,NA,NA,NA,NA,NA,NA,NA,0.965557470185612,924.854322579407,NA,59
173,גבעת חיים (מאוחד),גבעתחייםמאוחד,97.119737592471,0,NA,NA,no_red_alert,2013,0.0118518518518519,Party_habait_hayehudi,FALSE,2013,1625,גבעת חיים (מאוחד),GIV'AT HAYYIM(ME'UHAD),1,יהודי,960,470,490,210,60,120,410,170,0.965557470185612,994.24428855121,0.177083333333333,58
173,גבעת חיים (מאוחד),גבעתחייםמאוחד,97.119737592471,0,NA,NA,no_red_alert,2015,0.0234604105571848,Party_habait_hayehudi,TRUE,2015,1619,גבעת חיים (מאוחד),GIV'AT HAYYIM(ME'UHAD),1,יהודי,980,490,490,220,60,110,400,190,0.965557470185612,1014.95771122936,0.193877551020408,60
175,אביחיל,אביחיל,90.49378127899992,0,NA,NA,no_red_alert,2006,0.0232945091514143,Party_habait_hayehudi,FALSE,2006,1654,אביחיל,AVIHAYIL,1,NA,1199,NA,NA,NA,NA,NA,NA,NA,0.983256010086339,1219.41792137606,NA,61
175,אביחיל,אביחיל,90.49378127899992,0,NA,NA,no_red_alert,2009,0.0253353204172876,Party_habait_hayehudi,FALSE,2009,1653,אביחיל,AVIHAYIL,1,NA,1272,NA,NA,NA,NA,NA,NA,NA,0.983256010086339,1293.66104753157,NA,59
175,אביחיל,אביחיל,90.49378127899992,0,NA,NA,no_red_alert,2013,0.0487465181058496,Party_habait_hayehudi,FALSE,2013,1649,אביחיל,AVIHAYIL,1,יהודי,1380,680,710,380,90,140,590,170,0.983256010086339,1403.5001930767,0.123188405797101,63
175,אביחיל,אביחיל,90.49378127899992,0,NA,NA,no_red_alert,2015,0.0327868852459016,Party_habait_hayehudi,TRUE,2015,1652,אביחיל,AVIHAYIL,1,יהודי,1400,680,710,390,90,130,590,200,0.983256010086339,1423.84077558506,0.142857142857143,63
178,רמת יוחנן,רמתיוחנן,145.2355551507509,0,NA,NA,no_red_alert,2006,0.0119617224880383,Party_habait_hayehudi,FALSE,2006,1696,רמת יוחנן,RAMAT YOHANAN,1,NA,751,NA,NA,NA,NA,NA,NA,NA,0.747641052684371,1004.49272722996,NA,57
178,רמת יוחנן,רמתיוחנן,145.2355551507509,0,NA,NA,no_red_alert,2009,0.0107066381156317,Party_habait_hayehudi,FALSE,2009,1702,רמת יוחנן,RAMAT YOHANAN,1,NA,800,NA,NA,NA,NA,NA,NA,NA,0.747641052684371,1070.03219944603,NA,58.4
178,רמת יוחנן,רמתיוחנן,145.2355551507509,0,NA,NA,no_red_alert,2013,0.0417457305502846,Party_habait_hayehudi,FALSE,2013,1688,רמת יוחנן,RAMAT YOHANAN,1,יהודי,880,450,430,210,50,150,340,130,0.747641052684371,1177.03541939063,0.147727272727273,62
178,רמת יוחנן,רמתיוחנן,145.2355551507509,0,NA,NA,no_red_alert,2015,0.035650623885918,Party_habait_hayehudi,TRUE,2015,1699,רמת יוחנן,RAMAT YOHANAN,1,יהודי,930,470,460,220,60,160,350,140,0.747641052684371,1243.91243185601,0.150537634408602,62
182,אבן יהודה,אבןיהודה,80.99730979006287,1,227,5,temporal_distance > 149,2006,0.0493697478991597,Party_habait_hayehudi,FALSE,2006,1716,אבן יהודה,EVEN YEHUDA,1,NA,9711,NA,NA,NA,NA,NA,NA,NA,8.26351474350781,1175.16581036288,NA,61
182,אבן יהודה,אבןיהודה,80.99730979006287,1,227,5,temporal_distance > 149,2009,0.037037037037037,Party_habait_hayehudi,FALSE,2009,1705,אבן יהודה,EVEN YEHUDA,1,NA,10411,NA,NA,NA,NA,NA,NA,NA,8.26351474350781,1259.87552792586,NA,59
182,אבן יהודה,אבןיהודה,80.99730979006287,1,227,5,temporal_distance > 149,2013,0.0622781065088757,Party_habait_hayehudi,FALSE,2013,1714,אבן יהודה,EVEN YEHUDA,1,יהודי,12700,6220,6480,3530,890,1380,5540,1370,8.26351474350781,1536.87630435677,0.107874015748032,63
182,אבן יהודה,אבןיהודה,80.99730979006287,1,227,5,temporal_distance > 149,2015,0.0419368188715685,Party_habait_hayehudi,TRUE,2015,1707,אבן יהודה,EVEN YEHUDA,1,יהודי,13220,6470,6750,3700,990,1340,5620,1580,8.26351474350781,1599.80352311784,0.119515885022693,62.9090909090909
184,רמת הכובש,רמתהכובש,80.33136050191965,1,227,5,temporal_distance > 149,2006,0.00481927710843374,Party_habait_hayehudi,FALSE,2006,1746,רמת הכובש,RAMAT HAKOVESH,1,NA,614,NA,NA,NA,NA,NA,NA,NA,0.643809868839255,953.697713747383,NA,61
184,רמת הכובש,רמתהכובש,80.33136050191965,1,227,5,temporal_distance > 149,2009,0.00699300699300699,Party_habait_hayehudi,FALSE,2009,1744,רמת הכובש,RAMAT HAKOVESH,1,NA,918,NA,NA,NA,NA,NA,NA,NA,0.643809868839255,1425.88680980472,NA,59
184,רמת הכובש,רמתהכובש,80.33136050191965,1,227,5,temporal_distance > 149,2013,0.0154867256637168,Party_habait_hayehudi,FALSE,2013,1740,רמת הכובש,RAMAT HAKOVESH,1,יהודי,1010,490,520,280,30,100,430,160,0.643809868839255,1568.78614150628,0.158415841584158,63
184,רמת הכובש,רמתהכובש,80.33136050191965,1,227,5,temporal_distance > 149,2015,0.020703933747412,Party_habait_hayehudi,TRUE,2015,1737,רמת הכובש,RAMAT HAKOVESH,1,יהודי,1050,510,540,320,40,90,440,160,0.643809868839255,1630.91628572435,0.152380952380952,61
186,נעורים,נעורים,92.82867430717543,0,NA,NA,no_red_alert,2006,0.0192307692307692,Party_habait_hayehudi,FALSE,2006,1758,נעורים,NE'URIM,1,NA,564,NA,NA,NA,NA,NA,NA,NA,0.336410551576955,1676.522919261,NA,61
186,נעורים,נעורים,92.82867430717543,0,NA,NA,no_red_alert,2009,0,Party_habait_hayehudi,FALSE,2009,1757,נעורים,NE'URIM,1,NA,333,NA,NA,NA,NA,NA,NA,NA,0.336410551576955,989.861936372188,NA,59
186,נעורים,נעורים,92.82867430717543,0,NA,NA,no_red_alert,2013,0.027027027027027,Party_habait_hayehudi,FALSE,2013,1752,נעורים,NE'URIM,1,יהודי,300,200,100,20,190,40,50,10,0.336410551576955,891.767510245214,0.0333333333333333,62.6666666666667
186,נעורים,נעורים,92.82867430717543,0,NA,NA,no_red_alert,2015,0.0379746835443038,Party_habait_hayehudi,TRUE,2015,1750,נעורים,NE'URIM,1,יהודי,250,180,70,10,190,10,40,0,0.336410551576955,743.139591871012,0,57.6666666666667
187,כפר הס,כפרהס,82.66147006521327,1,227,5,temporal_distance > 149,2006,0.0071301247771836,Party_habait_hayehudi,FALSE,2006,1765,כפר הס,KEFAR HESS,1,NA,1129,NA,NA,NA,NA,NA,NA,NA,3.09821520144953,364.403350507023,NA,61
187,כפר הס,כפרהס,82.66147006521327,1,227,5,temporal_distance > 149,2009,0.0062015503875969,Party_habait_hayehudi,FALSE,2009,1770,כפר הס,KEFAR HESS,1,NA,1496,NA,NA,NA,NA,NA,NA,NA,3.09821520144953,482.858646907446,NA,59
187,כפר הס,כפרהס,82.66147006521327,1,227,5,temporal_distance > 149,2013,0.0224403927068724,Party_habait_hayehudi,FALSE,2013,1768,כפר הס,KEFAR HESS,1,יהודי,1550,790,760,450,160,140,670,140,3.09821520144953,500.288036568544,0.0903225806451613,63
187,כפר הס,כפרהס,82.66147006521327,1,227,5,temporal_distance > 149,2015,0.0159574468085106,Party_habait_hayehudi,TRUE,2015,1772,כפר הס,KEFAR HESS,1,יהודי,1580,800,780,440,160,170,680,140,3.09821520144953,509.971030824709,0.0886075949367089,62.5
189,כפר פינס,כפרפינס,109.1648158014004,0,NA,NA,no_red_alert,2006,0.735042735042735,Party_habait_hayehudi,FALSE,2006,1797,כפר פינס,KEFAR PINES,1,NA,976,NA,NA,NA,NA,NA,NA,NA,0.910340591453649,1072.12620107547,NA,59
189,כפר פינס,כפרפינס,109.1648158014004,0,NA,NA,no_red_alert,2009,0.694980694980695,Party_habait_hayehudi,FALSE,2009,1802,כפר פינס,KEFAR PINES,1,NA,809,NA,NA,NA,NA,NA,NA,NA,0.910340591453649,888.678377735715,NA,56
189,כפר פינס,כפרפינס,109.1648158014004,0,NA,NA,no_red_alert,2013,0.697594501718213,Party_habait_hayehudi,FALSE,2013,1806,כפר פינס,KEFAR PINES,1,יהודי,960,270,690,200,420,90,180,60,0.910340591453649,1054.55036171358,0.0625,62
189,כפר פינס,כפרפינס,109.1648158014004,0,NA,NA,no_red_alert,2015,0.592592592592593,Party_habait_hayehudi,TRUE,2015,1798,כפר פינס,KEFAR PINES,1,יהודי,990,270,730,210,470,70,180,70,0.910340591453649,1087.50506051713,0.0707070707070707,61
190,כפר ויתקין,כפרויתקין,93.93397625345249,0,NA,NA,no_red_alert,2006,0.00454029511918275,Party_habait_hayehudi,FALSE,2006,1814,כפר ויתקין,KEFAR VITKIN,1,NA,1711,NA,NA,NA,NA,NA,NA,NA,1.97916898674175,864.504249744119,NA,61
190,כפר ויתקין,כפרויתקין,93.93397625345249,0,NA,NA,no_red_alert,2009,0.00443458980044346,Party_habait_hayehudi,FALSE,2009,1811,כפר ויתקין,KEFAR VITKIN,1,NA,1991,NA,NA,NA,NA,NA,NA,NA,1.97916898674175,1005.97776811253,NA,59
190,כפר ויתקין,כפרויתקין,93.93397625345249,0,NA,NA,no_red_alert,2013,0.0320452403393025,Party_habait_hayehudi,FALSE,2013,1810,כפר ויתקין,KEFAR VITKIN,1,יהודי,2020,1020,1000,580,160,200,880,210,1.97916898674175,1020.63038251497,0.103960396039604,63
190,כפר ויתקין,כפרויתקין,93.93397625345249,0,NA,NA,no_red_alert,2015,0.0194085027726433,Party_habait_hayehudi,TRUE,2015,1808,כפר ויתקין,KEFAR VITKIN,1,יהודי,2020,1010,1010,550,160,200,890,210,1.97916898674175,1020.63038251497,0.103960396039604,58.6666666666667
191,הדר עם,הדרעם,91.795800237491,0,NA,NA,no_red_alert,2006,0.0140845070422535,Party_habait_hayehudi,FALSE,2006,1829,הדר עם,HADAR AM,1,NA,494,NA,NA,NA,NA,NA,NA,NA,0.401404417849883,1230.67903100346,NA,61
191,הדר עם,הדרעם,91.795800237491,0,NA,NA,no_red_alert,2009,0.017064846416382298,Party_habait_hayehudi,FALSE,2009,1836,הדר עם,HADAR AM,1,NA,461,NA,NA,NA,NA,NA,NA,NA,0.401404417849883,1148.46767872995,NA,59
191,הדר עם,הדרעם,91.795800237491,0,NA,NA,no_red_alert,2013,0.0253521126760563,Party_habait_hayehudi,FALSE,2013,1825,הדר עם,HADAR AM,1,יהודי,530,280,250,160,30,60,230,50,0.401404417849883,1320.36414257456,0.0943396226415094,63
191,הדר עם,הדרעם,91.795800237491,0,NA,NA,no_red_alert,2015,0.0292553191489362,Party_habait_hayehudi,TRUE,2015,1824,הדר עם,HADAR AM,1,יהודי,600,310,290,200,40,50,250,60,0.401404417849883,1494.75185951837,0.1,61
192,כפר החורש,כפרהחורש,142.8669008385307,1,6,1,temporal_distance == 6,2006,0.0110294117647059,Party_habait_hayehudi,FALSE,2006,1845,כפר החורש,KEFAR HAHORESH,1,NA,423,NA,NA,NA,NA,NA,NA,NA,0.569659758042155,742.548502028289,NA,61
192,כפר החורש,כפרהחורש,142.8669008385307,1,6,1,temporal_distance == 6,2009,0.00677966101694915,Party_habait_hayehudi,FALSE,2009,1846,כפר החורש,KEFAR HAHORESH,1,NA,545,NA,NA,NA,NA,NA,NA,NA,0.569659758042155,956.711426963163,NA,59
192,כפר החורש,כפרהחורש,142.8669008385307,1,6,1,temporal_distance == 6,2013,0.0247678018575851,Party_habait_hayehudi,FALSE,2013,1838,כפר החורש,KEFAR HAHORESH,1,יהודי,570,290,290,140,20,90,250,70,0.569659758042155,1000.5972722367,0.12280701754386,62.75
192,כפר החורש,כפרהחורש,142.8669008385307,1,6,1,temporal_distance == 6,2015,0.0211480362537764,Party_habait_hayehudi,TRUE,2015,1848,כפר החורש,KEFAR HAHORESH,1,יהודי,610,290,320,160,20,80,270,80,0.569659758042155,1070.81462467437,0.131147540983607,61.5
193,כפר חיים,כפרחיים,92.50762074692584,0,NA,NA,no_red_alert,2006,0,Party_habait_hayehudi,FALSE,2006,1857,כפר חיים,KEFAR HAYYIM,1,NA,500,NA,NA,NA,NA,NA,NA,NA,2.0892567281777,239.319559562272,NA,61
193,כפר חיים,כפרחיים,92.50762074692584,0,NA,NA,no_red_alert,2009,0.0126582278481013,Party_habait_hayehudi,FALSE,2009,1864,כפר חיים,KEFAR HAYYIM,1,NA,606,NA,NA,NA,NA,NA,NA,NA,2.0892567281777,290.055306189474,NA,59
193,כפר חיים,כפרחיים,92.50762074692584,0,NA,NA,no_red_alert,2013,0.024024024024024,Party_habait_hayehudi,FALSE,2013,1863,כפר חיים,KEFAR HAYYIM,1,יהודי,590,310,290,160,30,60,250,100,2.0892567281777,282.397080283481,0.169491525423729,62
193,כפר חיים,כפרחיים,92.50762074692584,0,NA,NA,no_red_alert,2015,0.0368098159509202,Party_habait_hayehudi,TRUE,2015,1862,כפר חיים,KEFAR HAYYIM,1,יהודי,600,300,300,160,40,50,250,100,2.0892567281777,287.183471474726,0.166666666666667,60.3333333333333
194,משמר השרון,משמרהשרון,92.83330015459968,0,NA,NA,no_red_alert,2006,0,Party_habait_hayehudi,FALSE,2006,1879,משמר השרון,MISHMAR HASHARON,1,NA,459,NA,NA,NA,NA,NA,NA,NA,0.299826760087123,1530.88403405562,NA,61
194,משמר השרון,משמרהשרון,92.83330015459968,0,NA,NA,no_red_alert,2009,0.00346020761245675,Party_habait_hayehudi,FALSE,2009,1875,משמר השרון,MISHMAR HASHARON,1,NA,434,NA,NA,NA,NA,NA,NA,NA,0.299826760087123,1447.50255071925,NA,59
194,משמר השרון,משמרהשרון,92.83330015459968,0,NA,NA,no_red_alert,2013,0.00611620795107034,Party_habait_hayehudi,FALSE,2013,1882,משמר השרון,MISHMAR HASHARON,1,יהודי,520,270,250,130,20,70,220,80,0.299826760087123,1734.33485339634,0.153846153846154,62.5
194,משמר השרון,משמרהשרון,92.83330015459968,0,NA,NA,no_red_alert,2015,0.00872093023255814,Party_habait_hayehudi,TRUE,2015,1873,משמר השרון,MISHMAR HASHARON,1,יהודי,560,280,280,150,30,50,240,90,0.299826760087123,1867.74522673452,0.160714285714286,60.5
195,קדימה-צורן,קדימהצורן,83.91794237284721,1,227,5,temporal_distance > 149,2006,NA,Party_habait_hayehudi,FALSE,2006,1891,צורן-קדימה*,ZORAN-QADIMA,1,NA,16634,NA,NA,NA,NA,NA,NA,NA,10.2494620251371,1622.91444752951,NA,61
195,קדימה-צורן,קדימהצורן,83.91794237284721,1,227,5,temporal_distance > 149,2009,0.0322238429916457,Party_habait_hayehudi,FALSE,2009,1897,קדימה-צורן,QADIMA-ZORAN,1,NA,16751,NA,NA,NA,NA,NA,NA,NA,10.2494620251371,1634.32968080839,NA,59
195,קדימה-צורן,קדימהצורן,83.91794237284721,1,227,5,temporal_distance > 149,2013,0.062222727789785,Party_habait_hayehudi,FALSE,2013,1895,קדימה-צורן,QADIMA-ZORAN,1,יהודי,18620,9320,9320,5360,1740,2320,8100,1120,10.2494620251371,1816.68071498133,0.0601503759398496,63
195,קדימה-צורן,קדימהצורן,83.91794237284721,1,227,5,temporal_distance > 149,2015,0.0493526720529543,Party_habait_hayehudi,TRUE,2015,1884,קדימה-צורן,QADIMA-ZORAN,1,יהודי,20510,10260,10250,5860,1860,2530,8990,1290,10.2494620251371,2001.08063717868,0.0628961482203803,62.5
197,מעברות,מעברות,93.41371525363986,0,NA,NA,no_red_alert,2006,0.00959692898272553,Party_habait_hayehudi,FALSE,2006,1920,מעברות,MA'BAROT,1,NA,808,NA,NA,NA,NA,NA,NA,NA,0.359669428552673,2246.50730881251,NA,61
197,מעברות,מעברות,93.41371525363986,0,NA,NA,no_red_alert,2009,0.00910746812386157,Party_habait_hayehudi,FALSE,2009,1916,מעברות,MA'BAROT,1,NA,918,NA,NA,NA,NA,NA,NA,NA,0.359669428552673,2552.34369986372,NA,59
197,מעברות,מעברות,93.41371525363986,0,NA,NA,no_red_alert,2013,0.00353356890459364,Party_habait_hayehudi,FALSE,2013,1922,מעברות,MA'BAROT,1,יהודי,920,460,460,200,40,120,390,170,0.359669428552673,2557.9043615192,0.184782608695652,62
197,מעברות,מעברות,93.41371525363986,0,NA,NA,no_red_alert,2015,0.0103270223752151,Party_habait_hayehudi,TRUE,2015,1927,מעברות,MA'BAROT,1,יהודי,960,480,490,230,40,100,400,190,0.359669428552673,2669.11759462873,0.197916666666667,59.75
198,צופית,צופית,77.39779464193187,0,NA,NA,no_red_alert,2006,0.00631578947368421,Party_habait_hayehudi,FALSE,2006,1929,צופית,ZOFIT,1,NA,890,NA,NA,NA,NA,NA,NA,NA,0.884876517210462,1005.79005396786,NA,61
198,צופית,צופית,77.39779464193187,0,NA,NA,no_red_alert,2009,0.0072992700729927,Party_habait_hayehudi,FALSE,2009,1934,צופית,ZOFIT,1,NA,1237,NA,NA,NA,NA,NA,NA,NA,0.884876517210462,1397.9351648969,NA,59
198,צופית,צופית,77.39779464193187,0,NA,NA,no_red_alert,2013,0.0458404074702886,Party_habait_hayehudi,FALSE,2013,1942,צופית,ZOFIT,1,יהודי,1300,660,640,400,100,90,570,150,0.884876517210462,1469.13153950361,0.115384615384615,63
198,צופית,צופית,77.39779464193187,0,NA,NA,no_red_alert,2015,0.0283333333333333,Party_habait_hayehudi,TRUE,2015,1939,צופית,ZOFIT,1,יהודי,1300,650,650,380,100,100,570,150,0.884876517210462,1469.13153950361,0.115384615384615,63
200,בית ינאי,ביתינאי,93.6650553669118,0,NA,NA,no_red_alert,2006,0.00515463917525773,Party_habait_hayehudi,FALSE,2006,1967,בית ינאי,BET YANNAY,1,NA,399,NA,NA,NA,NA,NA,NA,NA,0.24738032191889,1612.90112691673,NA,60.5
200,בית ינאי,ביתינאי,93.6650553669118,0,NA,NA,no_red_alert,2009,0.00537634408602151,Party_habait_hayehudi,FALSE,2009,1960,בית ינאי,BET YANNAY,1,NA,392,NA,NA,NA,NA,NA,NA,NA,0.24738032191889,1584.60461591819,NA,57
200,בית ינאי,ביתינאי,93.6650553669118,0,NA,NA,no_red_alert,2013,0.00442477876106195,Party_habait_hayehudi,FALSE,2013,1971,בית ינאי,BET YANNAY,1,יהודי,430,210,220,110,30,40,190,50,0.24738032191889,1738.21424705311,0.116279069767442,62
200,בית ינאי,ביתינאי,93.6650553669118,0,NA,NA,no_red_alert,2015,0.027027027027027,Party_habait_hayehudi,TRUE,2015,1969,בית ינאי,BET YANNAY,1,יהודי,420,210,210,100,30,50,190,50,0.24738032191889,1697.79065991234,0.119047619047619,55.75
204,אלישיב,אלישיב,95.2812814389502,0,NA,NA,no_red_alert,2006,0.121323529411765,Party_habait_hayehudi,FALSE,2006,1993,אלישיב,ELYASHIV,1,NA,487,NA,NA,NA,NA,NA,NA,NA,0.423481817360987,1149.99034205256,NA,61
204,אלישיב,אלישיב,95.2812814389502,0,NA,NA,no_red_alert,2009,0.0836120401337793,Party_habait_hayehudi,FALSE,2009,1998,אלישיב,ELYASHIV,1,NA,577,NA,NA,NA,NA,NA,NA,NA,0.423481817360987,1362.5142245674,NA,58.75
204,אלישיב,אלישיב,95.2812814389502,0,NA,NA,no_red_alert,2013,0.139130434782609,Party_habait_hayehudi,FALSE,2013,2000,אלישיב,ELYASHIV,1,יהודי,690,350,330,210,30,80,300,70,0.423481817360987,1629.34976594715,0.101449275362319,63
204,אלישיב,אלישיב,95.2812814389502,0,NA,NA,no_red_alert,2015,0.0930232558139535,Party_habait_hayehudi,TRUE,2015,1995,אלישיב,ELYASHIV,1,יהודי,730,370,350,230,30,70,310,80,0.423481817360987,1723.80482484264,0.10958904109589,60
205,חגלה,חגלה,96.23702306846808,0,NA,NA,no_red_alert,2006,0.0263157894736842,Party_habait_hayehudi,FALSE,2006,2012,חגלה,HOGLA,1,NA,574,NA,NA,NA,NA,NA,NA,NA,0.764623743042193,750.696019085463,NA,57
205,חגלה,חגלה,96.23702306846808,0,NA,NA,no_red_alert,2009,0.0185185185185185,Party_habait_hayehudi,FALSE,2009,2010,חגלה,HOGLA,1,NA,755,NA,NA,NA,NA,NA,NA,NA,0.764623743042193,987.413753326697,NA,57
205,חגלה,חגלה,96.23702306846808,0,NA,NA,no_red_alert,2013,0.0420168067226891,Party_habait_hayehudi,FALSE,2013,2017,חגלה,HOGLA,1,יהודי,830,390,440,310,60,40,340,80,0.764623743042193,1085.50121226644,0.0963855421686747,60
205,חגלה,חגלה,96.23702306846808,0,NA,NA,no_red_alert,2015,0.0317460317460317,Party_habait_hayehudi,TRUE,2015,2005,חגלה,HOGLA,1,יהודי,830,390,440,300,70,50,340,80,0.764623743042193,1085.50121226644,0.0963855421686747,59
213,משמרות,משמרות,108.8387951231844,0,NA,NA,no_red_alert,2006,0.00671140939597315,Party_habait_hayehudi,FALSE,2006,2085,משמרות,MISHMAROT,1,NA,258,NA,NA,NA,NA,NA,NA,NA,0.43177195668382,597.537649229335,NA,60
213,משמרות,משמרות,108.8387951231844,0,NA,NA,no_red_alert,2009,0.00564971751412429,Party_habait_hayehudi,FALSE,2009,2089,משמרות,MISHMAROT,1,NA,304,NA,NA,NA,NA,NA,NA,NA,0.43177195668382,704.075369634565,NA,57.3333333333333
213,משמרות,משמרות,108.8387951231844,0,NA,NA,no_red_alert,2013,0.0171673819742489,Party_habait_hayehudi,FALSE,2013,2088,משמרות,MISHMAROT,1,יהודי,590,290,300,200,30,50,260,50,0.43177195668382,1366.46206606708,0.0847457627118644,62.6666666666667
213,משמרות,משמרות,108.8387951231844,0,NA,NA,no_red_alert,2015,0.0273972602739726,Party_habait_hayehudi,TRUE,2015,2087,משמרות,MISHMAROT,1,יהודי,800,390,410,300,30,60,350,60,0.43177195668382,1852.82992009096,0.075,61.6666666666667
217,"כפר הרא""ה",כפרהראה,96.3634464387988,0,NA,NA,no_red_alert,2006,0.666666666666667,Party_habait_hayehudi,FALSE,2006,2102,"כפר הרא""ה",KEFAR HARO'E,1,NA,1521,NA,NA,NA,NA,NA,NA,NA,0.579041288567425,2626.75569088178,NA,61
217,"כפר הרא""ה",כפרהראה,96.3634464387988,0,NA,NA,no_red_alert,2009,0.614457831325301,Party_habait_hayehudi,FALSE,2009,2092,"כפר הרא""ה",KEFAR HARO'E,1,NA,1205,NA,NA,NA,NA,NA,NA,NA,0.579041288567425,2081.02604044217,NA,59
217,"כפר הרא""ה",כפרהראה,96.3634464387988,0,NA,NA,no_red_alert,2013,0.659050966608084,Party_habait_hayehudi,FALSE,2013,2106,"כפר הרא""ה",KEFAR HARO'E,1,יהודי,1260,710,550,470,180,100,400,120,0.579041288567425,2176.0106314997,0.0952380952380952,63
217,"כפר הרא""ה",כפרהראה,96.3634464387988,0,NA,NA,no_red_alert,2015,0.547579298831386,Party_habait_hayehudi,TRUE,2015,2101,"כפר הרא""ה",KEFAR HARO'E,1,יהודי,1390,800,590,500,240,120,410,130,0.579041288567425,2400.5196649084,0.0935251798561151,60
219,חיבת ציון,חיבתציון,97.17039651891552,0,NA,NA,no_red_alert,2006,0.216730038022814,Party_habait_hayehudi,FALSE,2006,2122,חיבת ציון,HIBBAT ZIYYON,1,NA,492,NA,NA,NA,NA,NA,NA,NA,0.401445624028702,1225.57071381808,NA,61
219,חיבת ציון,חיבתציון,97.17039651891552,0,NA,NA,no_red_alert,2009,0.149659863945578,Party_habait_hayehudi,FALSE,2009,2134,חיבת ציון,HIBBAT ZIYYON,1,NA,551,NA,NA,NA,NA,NA,NA,NA,0.401445624028702,1372.53955958082,NA,59
219,חיבת ציון,חיבתציון,97.17039651891552,0,NA,NA,no_red_alert,2013,0.189349112426035,Party_habait_hayehudi,FALSE,2013,2135,חיבת ציון,HIBBAT ZIYYON,1,יהודי,640,340,310,180,40,60,280,70,0.401445624028702,1594.23832691783,0.109375,62.75
219,חיבת ציון,חיבתציון,97.17039651891552,0,NA,NA,no_red_alert,2015,0.145348837209302,Party_habait_hayehudi,TRUE,2015,2132,חיבת ציון,HIBBAT ZIYYON,1,יהודי,660,340,320,190,50,60,280,70,0.401445624028702,1644.05827463401,0.106060606060606,60.75
220,כפר ביאליק,כפרביאליק,146.5332998342666,0,NA,NA,no_red_alert,2006,0.0413533834586466,Party_habait_hayehudi,FALSE,2006,2151,כפר ביאליק,KEFAR BIALIK,1,NA,786,NA,NA,NA,NA,NA,NA,NA,0.822864933588134,955.199289599834,NA,61
220,כפר ביאליק,כפרביאליק,146.5332998342666,0,NA,NA,no_red_alert,2009,0.0397111913357401,Party_habait_hayehudi,FALSE,2009,2147,כפר ביאליק,KEFAR BIALIK,1,NA,727,NA,NA,NA,NA,NA,NA,NA,0.822864933588134,883.498579566259,NA,59
220,כפר ביאליק,כפרביאליק,146.5332998342666,0,NA,NA,no_red_alert,2013,0.056140350877193,Party_habait_hayehudi,FALSE,2013,2149,כפר ביאליק,KEFAR BIALIK,1,יהודי,840,430,400,230,170,90,240,110,0.822864933588134,1020.82366827463,0.130952380952381,63
220,כפר ביאליק,כפרביאליק,146.5332998342666,0,NA,NA,no_red_alert,2015,0.0694006309148265,Party_habait_hayehudi,TRUE,2015,2140,כפר ביאליק,KEFAR BIALIK,1,יהודי,750,400,350,210,170,70,210,110,0.822864933588134,911.449703816636,0.146666666666667,63
223,עין עירון,עיןעירון,109.5578926184212,0,NA,NA,no_red_alert,2006,0.0177777777777778,Party_habait_hayehudi,FALSE,2006,2157,עין עירון,EN IRON,1,NA,452,NA,NA,NA,NA,NA,NA,NA,1.23697260242239,365.408254891693,NA,59.5
223,עין עירון,עיןעירון,109.5578926184212,0,NA,NA,no_red_alert,2009,0.0121457489878543,Party_habait_hayehudi,FALSE,2009,2164,עין עירון,EN IRON,1,NA,502,NA,NA,NA,NA,NA,NA,NA,1.23697260242239,405.82952202573,NA,57.5
223,עין עירון,עיןעירון,109.5578926184212,0,NA,NA,no_red_alert,2013,0.0337837837837838,Party_habait_hayehudi,FALSE,2013,2163,עין עירון,EN IRON,1,יהודי,550,270,280,160,40,70,240,40,1.23697260242239,444.633938474405,0.0727272727272727,62
223,עין עירון,עיןעירון,109.5578926184212,0,NA,NA,no_red_alert,2015,0.0215384615384615,Party_habait_hayehudi,TRUE,2015,2158,עין עירון,EN IRON,1,יהודי,550,290,270,140,40,70,240,50,1.23697260242239,444.633938474405,0.0909090909090909,60
224,שושנת העמקים,שושנתהעמקים,90.93592108280492,0,NA,NA,no_red_alert,2006,NA,Party_habait_hayehudi,FALSE,2006,2176,שושנת העמקים,SHOSHANNAT HAAMAQIM,1,NA,537,NA,NA,NA,NA,NA,NA,NA,0.0602597133638767,8911.42639124981,NA,61
224,שושנת העמקים,שושנתהעמקים,90.93592108280492,0,NA,NA,no_red_alert,2009,0.053639846743295,Party_habait_hayehudi,FALSE,2009,2174,שושנת העמקים,SHOSHANNAT HAAMAQIM,1,NA,454,NA,NA,NA,NA,NA,NA,NA,0.0602597133638767,7534.05508682945,NA,59
224,שושנת העמקים,שושנתהעמקים,90.93592108280492,0,NA,NA,no_red_alert,2013,0.100977198697068,Party_habait_hayehudi,FALSE,2013,2172,שושנת העמקים,SHOSHANNAT HAAMAQIM,1,יהודי,540,280,260,120,30,90,250,60,0.0602597133638767,8961.21089622886,0.111111111111111,63
224,שושנת העמקים,שושנתהעמקים,90.93592108280492,0,NA,NA,no_red_alert,2015,0.056547619047619,Party_habait_hayehudi,TRUE,2015,2171,שושנת העמקים,SHOSHANNAT HAAMAQIM,1,יהודי,520,270,250,120,20,70,240,70,0.0602597133638767,8629.31419636853,0.134615384615385,61.5
225,גן השומרון,גןהשומרון,106.7605035104498,0,NA,NA,no_red_alert,2006,0.014367816091954,Party_habait_hayehudi,FALSE,2006,2182,גן השומרון,GAN HASHOMERON,1,NA,660,NA,NA,NA,NA,NA,NA,NA,0.936847982768991,704.489962234079,NA,60.8
225,גן השומרון,גןהשומרון,106.7605035104498,0,NA,NA,no_red_alert,2009,0.032258064516129,Party_habait_hayehudi,FALSE,2009,2188,גן השומרון,GAN HASHOMERON,1,NA,705,NA,NA,NA,NA,NA,NA,NA,0.936847982768991,752.523368750039,NA,59
225,גן השומרון,גןהשומרון,106.7605035104498,0,NA,NA,no_red_alert,2013,0.0610859728506787,Party_habait_hayehudi,FALSE,2013,2184,גן השומרון,GAN HASHOMERON,1,יהודי,810,400,420,230,50,90,350,90,0.936847982768991,864.601317287279,0.111111111111111,62.4
225,גן השומרון,גןהשומרון,106.7605035104498,0,NA,NA,no_red_alert,2015,0.0243362831858407,Party_habait_hayehudi,TRUE,2015,2190,גן השומרון,GAN HASHOMERON,1,יהודי,800,390,420,210,60,80,350,100,0.936847982768991,853.927226950399,0.125,61.2
232,שפיים,שפיים,75.26329665137314,1,227,5,temporal_distance > 149,2006,0,Party_habait_hayehudi,FALSE,2006,2230,שפיים,SHEFAYIM,1,NA,1001,NA,NA,NA,NA,NA,NA,NA,0.694563354333948,1441.19322413707,NA,61
232,שפיים,שפיים,75.26329665137314,1,227,5,temporal_distance > 149,2009,0.00162074554294976,Party_habait_hayehudi,FALSE,2009,2235,שפיים,SHEFAYIM,1,NA,1052,NA,NA,NA,NA,NA,NA,NA,0.694563354333948,1514.62065114106,NA,59
232,שפיים,שפיים,75.26329665137314,1,227,5,temporal_distance > 149,2013,0.00879765395894428,Party_habait_hayehudi,FALSE,2013,2233,שפיים,SHEFAYIM,1,יהודי,1150,570,580,320,70,130,510,110,0.694563354333948,1655.71649126636,0.0956521739130435,63
232,שפיים,שפיים,75.26329665137314,1,227,5,temporal_distance > 149,2015,0.00561797752808989,Party_habait_hayehudi,TRUE,2015,2236,שפיים,SHEFAYIM,1,יהודי,1210,600,610,340,70,140,520,140,0.694563354333948,1742.10169950635,0.115702479338843,58
233,כפר ידידיה,כפרידידיה,91.41950024384964,0,NA,NA,no_red_alert,2006,0.00696864111498258,Party_habait_hayehudi,FALSE,2006,2243,כפר ידידיה,KEFAR YEDIDYA,1,NA,589,NA,NA,NA,NA,NA,NA,NA,0.623672810932315,944.405447336267,NA,61
233,כפר ידידיה,כפרידידיה,91.41950024384964,0,NA,NA,no_red_alert,2009,0.00845070422535211,Party_habait_hayehudi,FALSE,2009,2252,כפר ידידיה,KEFAR YEDIDYA,1,NA,690,NA,NA,NA,NA,NA,NA,NA,0.623672810932315,1106.34933558918,NA,59
233,כפר ידידיה,כפרידידיה,91.41950024384964,0,NA,NA,no_red_alert,2013,0.0248756218905473,Party_habait_hayehudi,FALSE,2013,2250,כפר ידידיה,KEFAR YEDIDYA,1,יהודי,750,400,350,240,30,70,320,90,0.623672810932315,1202.55362564041,0.12,63
233,כפר ידידיה,כפרידידיה,91.41950024384964,0,NA,NA,no_red_alert,2015,0.0201005025125628,Party_habait_hayehudi,TRUE,2015,2251,כפר ידידיה,KEFAR YEDIDYA,1,יהודי,750,410,340,240,40,60,320,90,0.623672810932315,1202.55362564041,0.12,62
235,חבצלת השרון,חבצלתהשרון,91.38927700046165,0,NA,NA,no_red_alert,2006,0.0571428571428571,Party_habait_hayehudi,FALSE,2006,2278,חבצלת השרון,HAVAZZELET HASHARON,1,NA,280,NA,NA,NA,NA,NA,NA,NA,0.474039447977878,590.668142059491,NA,61
235,חבצלת השרון,חבצלתהשרון,91.38927700046165,0,NA,NA,no_red_alert,2009,0.0387931034482759,Party_habait_hayehudi,FALSE,2009,2283,חבצלת השרון,HAVAZZELET HASHARON,1,NA,584,NA,NA,NA,NA,NA,NA,NA,0.474039447977878,1231.9649820098,NA,59
235,חבצלת השרון,חבצלתהשרון,91.38927700046165,0,NA,NA,no_red_alert,2013,0.0786026200873362,Party_habait_hayehudi,FALSE,2013,2272,חבצלת השרון,HAVAZZELET HASHARON,1,יהודי,540,320,230,200,20,30,220,60,0.474039447977878,1139.1457025433,0.111111111111111,63
235,חבצלת השרון,חבצלתהשרון,91.38927700046165,0,NA,NA,no_red_alert,2015,0.045662100456621,Party_habait_hayehudi,TRUE,2015,2281,חבצלת השרון,HAVAZZELET HASHARON,1,יהודי,550,330,220,190,40,40,200,70,0.474039447977878,1160.24099333114,0.127272727272727,61.5
237,שער העמקים,שערהעמקים,137.41068513368214,0,NA,NA,no_red_alert,2006,0,Party_habait_hayehudi,FALSE,2006,2291,שער העמקים,SHA'AR HAAMAQIM,1,NA,548,NA,NA,NA,NA,NA,NA,NA,1.28713553380123,425.751589952318,NA,61
237,שער העמקים,שערהעמקים,137.41068513368214,0,NA,NA,no_red_alert,2009,0.00247524752475248,Party_habait_hayehudi,FALSE,2009,2299,שער העמקים,SHA'AR HAAMAQIM,1,NA,629,NA,NA,NA,NA,NA,NA,NA,1.28713553380123,488.682025693445,NA,58.5
237,שער העמקים,שערהעמקים,137.41068513368214,0,NA,NA,no_red_alert,2013,0.00237529691211401,Party_habait_hayehudi,FALSE,2013,2292,שער העמקים,SHA'AR HAAMAQIM,1,יהודי,670,330,340,120,40,80,250,180,1.28713553380123,520.535703043893,0.26865671641791,62.6666666666667
237,שער העמקים,שערהעמקים,137.41068513368214,0,NA,NA,no_red_alert,2015,0.00458715596330275,Party_habait_hayehudi,TRUE,2015,2290,שער העמקים,SHA'AR HAAMAQIM,1,יהודי,690,350,340,140,30,70,260,190,1.28713553380123,536.074082239233,0.27536231884058,56.6666666666667
239,גן חיים,גןחיים,76.64380338038589,0,NA,NA,no_red_alert,2006,0.00833333333333333,Party_habait_hayehudi,FALSE,2006,2306,גן חיים,GAN HAYYIM,1,NA,705,NA,NA,NA,NA,NA,NA,NA,0.749806201992897,940.242956281493,NA,61
239,גן חיים,גןחיים,76.64380338038589,0,NA,NA,no_red_alert,2009,0.010230179028133,Party_habait_hayehudi,FALSE,2009,2304,גן חיים,GAN HAYYIM,1,NA,795,NA,NA,NA,NA,NA,NA,NA,0.749806201992897,1060.273971977,NA,59
239,גן חיים,גןחיים,76.64380338038589,0,NA,NA,no_red_alert,2013,0.0420560747663551,Party_habait_hayehudi,FALSE,2013,2307,גן חיים,GAN HAYYIM,1,יהודי,850,420,430,210,50,110,400,80,0.749806201992897,1133.62625934648,0.0941176470588235,63
239,גן חיים,גןחיים,76.64380338038589,0,NA,NA,no_red_alert,2015,0.0364464692482916,Party_habait_hayehudi,TRUE,2015,2303,גן חיים,GAN HAYYIM,1,יהודי,820,410,410,200,50,110,370,90,0.749806201992897,1093.61592078131,0.109756097560976,62.8
240,יקנעם עילית,יקנעםעילית,127.83003697897608,1,6,3,temporal_distance == 6,2006,0.0433444157123507,Party_habait_hayehudi,FALSE,2006,2328,יקנעם עילית,YOQNE'AM ILLIT,1,NA,18453,NA,NA,NA,NA,NA,NA,NA,8.17412665458458,2257.48887676586,NA,56.8333333333333
240,יקנעם עילית,יקנעםעילית,127.83003697897608,1,6,3,temporal_distance == 6,2009,0.0455066483264558,Party_habait_hayehudi,FALSE,2009,2332,יקנעם עילית,YOQNE'AM ILLIT,1,NA,19165,NA,NA,NA,NA,NA,NA,NA,8.17412665458458,2344.59298342913,NA,56.4166666666667
240,יקנעם עילית,יקנעםעילית,127.83003697897608,1,6,3,temporal_distance == 6,2013,0.0825464514163874,Party_habait_hayehudi,FALSE,2013,2320,יקנעם עילית,YOQNE'AM ILLIT,1,יהודי,20760,10220,10540,5990,1560,2310,9100,1780,8.17412665458458,2539.72086282226,0.0857418111753372,58.5833333333333
240,יקנעם עילית,יקנעםעילית,127.83003697897608,1,6,3,temporal_distance == 6,2015,0.063984049302157,Party_habait_hayehudi,TRUE,2015,2319,יקנעם עילית,YOQNE'AM ILLIT,1,יהודי,21380,10510,10870,5870,1800,2440,9270,2010,8.17412665458458,2615.56994446724,0.0940130963517306,59.6666666666667
241,יקנעם (מושבה),יקנעםמושבה,130.76343279392603,1,6,3,temporal_distance == 6,2006,0.0449438202247191,Party_habait_hayehudi,FALSE,2006,2343,יקנעם (מושבה),YOQNE'AM(MOSHAVA),1,NA,1082,NA,NA,NA,NA,NA,NA,NA,1.46437827034715,738.880125381469,NA,52
241,יקנעם (מושבה),יקנעםמושבה,130.76343279392603,1,6,3,temporal_distance == 6,2009,0.0311111111111111,Party_habait_hayehudi,FALSE,2009,2339,יקנעם (מושבה),YOQNE'AM(MOSHAVA),1,NA,1235,NA,NA,NA,NA,NA,NA,NA,1.46437827034715,843.361326105466,NA,55
241,יקנעם (מושבה),יקנעםמושבה,130.76343279392603,1,6,3,temporal_distance == 6,2013,0.0527740189445196,Party_habait_hayehudi,FALSE,2013,2344,יקנעם (מושבה),YOQNE'AM(MOSHAVA),1,יהודי,1320,660,660,340,80,150,590,160,1.46437827034715,901.406437618798,0.121212121212121,54.5
241,יקנעם (מושבה),יקנעםמושבה,130.76343279392603,1,6,3,temporal_distance == 6,2015,0.0449141347424042,Party_habait_hayehudi,TRUE,2015,2338,יקנעם (מושבה),YOQNE'AM(MOSHAVA),1,יהודי,1350,660,680,350,90,140,570,200,1.46437827034715,921.89294756468,0.148148148148148,60
242,בית השיטה,ביתהשיטה,137.39191599405146,1,6,1,temporal_distance == 6,2006,0.0132669983416252,Party_habait_hayehudi,FALSE,2006,2361,בית השיטה,BET HASHITTA,1,NA,830,NA,NA,NA,NA,NA,NA,NA,13.1590026152151,63.0746891896131,NA,23.3333333333333
242,בית השיטה,ביתהשיטה,137.39191599405146,1,6,1,temporal_distance == 6,2009,0.014446227929374,Party_habait_hayehudi,FALSE,2009,2355,בית השיטה,BET HASHITTA,1,NA,993,NA,NA,NA,NA,NA,NA,NA,13.1590026152151,75.4616462232359,NA,21.5294117647059
242,בית השיטה,ביתהשיטה,137.39191599405146,1,6,1,temporal_distance == 6,2013,0.0323033707865169,Party_habait_hayehudi,FALSE,2013,2351,בית השיטה,BET HASHITTA,1,יהודי,1170,580,590,310,60,120,460,230,13.1590026152151,88.9125136769244,0.196581196581197,26.5555555555556
242,בית השיטה,ביתהשיטה,137.39191599405146,1,6,1,temporal_distance == 6,2015,0.0403225806451613,Party_habait_hayehudi,TRUE,2015,2358,בית השיטה,BET HASHITTA,1,יהודי,1220,600,620,340,70,100,460,250,13.1590026152151,92.7121937485879,0.204918032786885,27
248,בית שערים,ביתשערים,137.0742797939644,1,6,1,temporal_distance == 6,2006,0.0347826086956522,Party_habait_hayehudi,FALSE,2006,2406,בית שערים,BET SHE'ARIM,1,NA,528,NA,NA,NA,NA,NA,NA,NA,2.18625256612309,241.509150489556,NA,51.6666666666667
248,בית שערים,ביתשערים,137.0742797939644,1,6,1,temporal_distance == 6,2009,0.0106382978723404,Party_habait_hayehudi,FALSE,2009,2399,בית שערים,BET SHE'ARIM,1,NA,688,NA,NA,NA,NA,NA,NA,NA,2.18625256612309,314.693741546997,NA,56.5
248,בית שערים,ביתשערים,137.0742797939644,1,6,1,temporal_distance == 6,2013,0.046875,Party_habait_hayehudi,FALSE,2013,2402,בית שערים,BET SHE'ARIM,1,יהודי,740,360,380,220,40,80,310,100,2.18625256612309,338.478733640666,0.135135135135135,57.6666666666667
248,בית שערים,ביתשערים,137.0742797939644,1,6,1,temporal_distance == 6,2015,0.0637254901960784,Party_habait_hayehudi,TRUE,2015,2398,בית שערים,BET SHE'ARIM,1,יהודי,750,350,390,230,40,60,300,120,2.18625256612309,343.052770581756,0.16,54.3333333333333
250,הזורע,הזורע,130.16438162683295,1,6,3,temporal_distance == 6,2006,0.00175131348511384,Party_habait_hayehudi,FALSE,2006,2430,הזורע,HAZOREA,1,NA,901,NA,NA,NA,NA,NA,NA,NA,0.616712844809904,1460.97167844416,NA,39.8
250,הזורע,הזורע,130.16438162683295,1,6,3,temporal_distance == 6,2009,0.00172413793103448,Party_habait_hayehudi,FALSE,2009,2437,הזורע,HAZOREA,1,NA,834,NA,NA,NA,NA,NA,NA,NA,0.616712844809904,1352.33116517473,NA,49
250,הזורע,הזורע,130.16438162683295,1,6,3,temporal_distance == 6,2013,0.012280701754386,Party_habait_hayehudi,FALSE,2013,2425,הזורע,HAZOREA,1,יהודי,840,390,440,170,50,130,300,190,0.616712844809904,1362.06016636304,0.226190476190476,41.8
250,הזורע,הזורע,130.16438162683295,1,6,3,temporal_distance == 6,2015,0.0238907849829352,Party_habait_hayehudi,TRUE,2015,2435,הזורע,HAZOREA,1,יהודי,840,390,450,170,60,120,300,200,0.616712844809904,1362.06016636304,0.238095238095238,55
252,ביתן אהרן,ביתןאהרן,92.32401023584066,0,NA,NA,no_red_alert,2006,0.0176211453744493,Party_habait_hayehudi,FALSE,2006,2446,ביתן אהרן,BITAN AHARON,1,NA,213,NA,NA,NA,NA,NA,NA,NA,0.429787056418375,495.59426422711,NA,61
252,ביתן אהרן,ביתןאהרן,92.32401023584066,0,NA,NA,no_red_alert,2009,0,Party_habait_hayehudi,FALSE,2009,2442,ביתן אהרן,BITAN AHARON,1,NA,387,NA,NA,NA,NA,NA,NA,NA,0.429787056418375,900.445916694327,NA,59
252,ביתן אהרן,ביתןאהרן,92.32401023584066,0,NA,NA,no_red_alert,2013,0.0103092783505155,Party_habait_hayehudi,FALSE,2013,2449,ביתן אהרן,BITAN AHARON,1,יהודי,380,140,240,30,10,10,50,280,0.429787056418375,884.158781250244,0.736842105263158,63
252,ביתן אהרן,ביתןאהרן,92.32401023584066,0,NA,NA,no_red_alert,2015,0,Party_habait_hayehudi,TRUE,2015,2452,ביתן אהרן,BITAN AHARON,1,יהודי,360,130,240,30,10,10,50,260,0.429787056418375,837.624108552863,0.722222222222222,60
254,כפר המכבי,כפרהמכבי,144.78299053275452,0,NA,NA,no_red_alert,2006,0.0115606936416185,Party_habait_hayehudi,FALSE,2006,2474,כפר המכבי,KEFAR HAMAKKABBI,1,NA,289,NA,NA,NA,NA,NA,NA,NA,0.499426066810446,578.664229213506,NA,58
254,כפר המכבי,כפרהמכבי,144.78299053275452,0,NA,NA,no_red_alert,2009,0,Party_habait_hayehudi,FALSE,2009,2471,כפר המכבי,KEFAR HAMAKKABBI,1,NA,302,NA,NA,NA,NA,NA,NA,NA,0.499426066810446,604.694108036259,NA,58.75
254,כפר המכבי,כפרהמכבי,144.78299053275452,0,NA,NA,no_red_alert,2013,0.050761421319797,Party_habait_hayehudi,FALSE,2013,2473,כפר המכבי,KEFAR HAMAKKABBI,1,יהודי,350,180,180,90,20,40,140,70,0.499426066810446,700.804429843347,0.2,63
254,כפר המכבי,כפרהמכבי,144.78299053275452,0,NA,NA,no_red_alert,2015,0.02,Party_habait_hayehudi,TRUE,2015,2476,כפר המכבי,KEFAR HAMAKKABBI,1,יהודי,370,180,190,100,20,40,140,70,0.499426066810446,740.850397262966,0.189189189189189,62
256,ניר דוד (תל עמל),נירדודתלעמל,135.14472685491333,1,6,1,temporal_distance == 6,2006,0.0024390243902439,Party_habait_hayehudi,FALSE,2006,2499,ניר דוד (תל עמל),NIR DAWID (TEL AMAL),1,NA,505,NA,NA,NA,NA,NA,NA,NA,0.879536165492001,574.166270601857,NA,34.3333333333333
256,ניר דוד (תל עמל),נירדודתלעמל,135.14472685491333,1,6,1,temporal_distance == 6,2009,0,Party_habait_hayehudi,FALSE,2009,2509,ניר דוד (תל עמל),NIR DAWID (TEL AMAL),1,NA,573,NA,NA,NA,NA,NA,NA,NA,0.879536165492001,651.479748623493,NA,36
256,ניר דוד (תל עמל),נירדודתלעמל,135.14472685491333,1,6,1,temporal_distance == 6,2013,0.0116009280742459,Party_habait_hayehudi,FALSE,2013,2510,ניר דוד (תל עמל),NIR DAWID (TEL AMAL),1,יהודי,640,320,320,150,40,70,260,110,0.879536165492001,727.656263733047,0.171875,45.1666666666667
256,ניר דוד (תל עמל),נירדודתלעמל,135.14472685491333,1,6,1,temporal_distance == 6,2015,0.00900900900900901,Party_habait_hayehudi,TRUE,2015,2503,ניר דוד (תל עמל),NIR DAWID (TEL AMAL),1,יהודי,660,340,330,170,50,70,260,120,0.879536165492001,750.395521974704,0.181818181818182,42.1666666666667
259,שדה נחום,שדהנחום,138.77230656888997,1,6,1,temporal_distance == 6,2006,0,Party_habait_hayehudi,FALSE,2006,2529,שדה נחום,SEDE NAHUM,1,NA,329,NA,NA,NA,NA,NA,NA,NA,0.341029358571454,964.726325552018,NA,43.75
259,שדה נחום,שדהנחום,138.77230656888997,1,6,1,temporal_distance == 6,2009,0.00606060606060606,Party_habait_hayehudi,FALSE,2009,2533,שדה נחום,SEDE NAHUM,1,NA,366,NA,NA,NA,NA,NA,NA,NA,0.341029358571454,1073.22138344085,NA,21
259,שדה נחום,שדהנחום,138.77230656888997,1,6,1,temporal_distance == 6,2013,0.0640394088669951,Party_habait_hayehudi,FALSE,2013,2542,שדה נחום,SEDE NAHUM,1,יהודי,480,230,260,150,40,40,180,60,0.341029358571454,1407.50345369291,0.125,40.75
259,שדה נחום,שדהנחום,138.77230656888997,1,6,1,temporal_distance == 6,2015,0.0374531835205993,Party_habait_hayehudi,TRUE,2015,2538,שדה נחום,SEDE NAHUM,1,יהודי,570,280,290,170,70,50,230,60,0.341029358571454,1671.41035126033,0.105263157894737,38.75
265,בית יוסף,ביתיוסף,145.1154736816928,1,6,1,temporal_distance == 6,2006,0.072289156626506,Party_habait_hayehudi,FALSE,2006,2591,בית יוסף,BET YOSEF,1,NA,329,NA,NA,NA,NA,NA,NA,NA,1.40778239707508,233.700890623123,NA,16
265,בית יוסף,ביתיוסף,145.1154736816928,1,6,1,temporal_distance == 6,2009,0.0174418604651163,Party_habait_hayehudi,FALSE,2009,2598,בית יוסף,BET YOSEF,1,NA,438,NA,NA,NA,NA,NA,NA,NA,1.40778239707508,311.127629461787,NA,15.5
265,בית יוסף,ביתיוסף,145.1154736816928,1,6,1,temporal_distance == 6,2013,0.11864406779661,Party_habait_hayehudi,FALSE,2013,2599,בית יוסף,BET YOSEF,1,יהודי,440,230,200,90,50,80,180,40,1.40778239707508,312.548303568918,0.0909090909090909,24
265,בית יוסף,ביתיוסף,145.1154736816928,1,6,1,temporal_distance == 6,2015,0.0732984293193717,Party_habait_hayehudi,TRUE,2015,2602,בית יוסף,BET YOSEF,1,יהודי,430,240,200,70,50,80,190,40,1.40778239707508,305.444933033261,0.0930232558139535,23
268,טירת צבי,טירתצבי,132.49616082208553,1,6,1,temporal_distance == 6,2006,0.632978723404255,Party_habait_hayehudi,FALSE,2006,2632,טירת צבי,TIRAT ZEVI,1,NA,645,NA,NA,NA,NA,NA,NA,NA,1.94233563846461,332.074429993913,NA,13
268,טירת צבי,טירתצבי,132.49616082208553,1,6,1,temporal_distance == 6,2009,0.560411311053985,Party_habait_hayehudi,FALSE,2009,2625,טירת צבי,TIRAT ZEVI,1,NA,610,NA,NA,NA,NA,NA,NA,NA,1.94233563846461,314.054887281065,NA,21
268,טירת צבי,טירתצבי,132.49616082208553,1,6,1,temporal_distance == 6,2013,0.619617224880383,Party_habait_hayehudi,FALSE,2013,2626,טירת צבי,TIRAT ZEVI,1,יהודי,720,370,340,240,30,140,220,80,1.94233563846461,370.687735807159,0.111111111111111,17
268,טירת צבי,טירתצבי,132.49616082208553,1,6,1,temporal_distance == 6,2015,0.56144578313253,Party_habait_hayehudi,TRUE,2015,2627,טירת צבי,TIRAT ZEVI,1,יהודי,760,400,360,300,40,110,230,90,1.94233563846461,391.281498907556,0.118421052631579,22
269,מולדת,מולדת,141.34677179990592,1,6,1,temporal_distance == 6,2006,0.0132978723404255,Party_habait_hayehudi,FALSE,2006,2644,מולדת,MOLEDET,1,NA,747,NA,NA,NA,NA,NA,NA,NA,0.59052868923206,1264.96817787366,NA,20
269,מולדת,מולדת,141.34677179990592,1,6,1,temporal_distance == 6,2009,0.0127388535031847,Party_habait_hayehudi,FALSE,2009,2646,מולדת,MOLEDET,1,NA,864,NA,NA,NA,NA,NA,NA,NA,0.59052868923206,1463.09572380568,NA,22
269,מולדת,מולדת,141.34677179990592,1,6,1,temporal_distance == 6,2013,0.0366088631984586,Party_habait_hayehudi,FALSE,2013,2641,מולדת,MOLEDET,1,יהודי,960,470,480,320,70,90,380,100,0.59052868923206,1625.66191533965,0.104166666666667,20
269,מולדת,מולדת,141.34677179990592,1,6,1,temporal_distance == 6,2015,0.0273722627737226,Party_habait_hayehudi,TRUE,2015,2638,מולדת,MOLEDET,1,יהודי,990,490,500,310,90,90,380,110,0.59052868923206,1676.46385019401,0.111111111111111,25
270,עין השופט,עיןהשופט,124.67385432827206,1,6,3,temporal_distance == 6,2006,0.00210970464135021,Party_habait_hayehudi,FALSE,2006,2655,עין השופט,EN HASHOFET,1,NA,731,NA,NA,NA,NA,NA,NA,NA,0.706451856676064,1034.74850139037,NA,32.2
270,עין השופט,עיןהשופט,124.67385432827206,1,6,3,temporal_distance == 6,2009,0.00616016427104723,Party_habait_hayehudi,FALSE,2009,2662,עין השופט,EN HASHOFET,1,NA,801,NA,NA,NA,NA,NA,NA,NA,0.706451856676064,1133.83522518972,NA,39.5
270,עין השופט,עיןהשופט,124.67385432827206,1,6,3,temporal_distance == 6,2013,0.00950570342205323,Party_habait_hayehudi,FALSE,2013,2651,עין השופט,EN HASHOFET,1,יהודי,830,430,400,180,40,140,310,160,0.706451856676064,1174.88543933516,0.192771084337349,38.2
270,עין השופט,עיןהשופט,124.67385432827206,1,6,3,temporal_distance == 6,2015,0.00925925925925926,Party_habait_hayehudi,TRUE,2015,2663,עין השופט,EN HASHOFET,1,יהודי,820,420,400,170,50,130,300,170,0.706451856676064,1160.73019307811,0.207317073170732,42.8
272,מעוז חיים,מעוזחיים,140.17595408355135,1,6,1,temporal_distance == 6,2006,0.0165562913907285,Party_habait_hayehudi,FALSE,2006,2671,מעוז חיים,MA'OZ HAYYIM,1,NA,537,NA,NA,NA,NA,NA,NA,NA,0.46485985451267,1155.18686930485,NA,35
272,מעוז חיים,מעוזחיים,140.17595408355135,1,6,1,temporal_distance == 6,2009,0.00353356890459364,Party_habait_hayehudi,FALSE,2009,2674,מעוז חיים,MA'OZ HAYYIM,1,NA,441,NA,NA,NA,NA,NA,NA,NA,0.46485985451267,948.673015574375,NA,38.75
272,מעוז חיים,מעוזחיים,140.17595408355135,1,6,1,temporal_distance == 6,2013,0.0452830188679245,Party_habait_hayehudi,FALSE,2013,2668,מעוז חיים,MA'OZ HAYYIM,1,יהודי,430,220,210,80,40,60,160,90,0.46485985451267,925.009969834424,0.209302325581395,38
272,מעוז חיים,מעוזחיים,140.17595408355135,1,6,1,temporal_distance == 6,2015,0.013986013986014,Party_habait_hayehudi,TRUE,2015,2664,מעוז חיים,MA'OZ HAYYIM,1,יהודי,460,240,220,80,40,80,160,100,0.46485985451267,989.545549125198,0.217391304347826,43
276,צור משה,צורמשה,86.73760373217539,1,227,5,temporal_distance > 149,2006,0.0212765957446809,Party_habait_hayehudi,FALSE,2006,2714,צור משה,ZUR MOSHE,1,NA,2243,NA,NA,NA,NA,NA,NA,NA,2.05243772336851,1092.8468008855,NA,61
276,צור משה,צורמשה,86.73760373217539,1,227,5,temporal_distance > 149,2009,0.0119965724078835,Party_habait_hayehudi,FALSE,2009,2717,צור משה,ZUR MOSHE,1,NA,2932,NA,NA,NA,NA,NA,NA,NA,2.05243772336851,1428.54517173263,NA,59
276,צור משה,צורמשה,86.73760373217539,1,227,5,temporal_distance > 149,2013,0.037397157816006,Party_habait_hayehudi,FALSE,2013,2715,צור משה,ZUR MOSHE,1,יהודי,3310,1720,1590,1170,200,200,1470,280,2.05243772336851,1612.7164114717,0.0845921450151057,63
276,צור משה,צורמשה,86.73760373217539,1,227,5,temporal_distance > 149,2015,0.0351796407185629,Party_habait_hayehudi,TRUE,2015,2723,צור משה,ZUR MOSHE,1,יהודי,3110,1600,1510,1120,250,220,1310,220,2.05243772336851,1515.27131108066,0.0707395498392283,62.25
278,אושה,אושה,145.3549321507911,0,NA,NA,no_red_alert,2006,0,Party_habait_hayehudi,FALSE,2006,2731,אושה,USHA,1,NA,350,NA,NA,NA,NA,NA,NA,NA,0.306711044452318,1141.13921337584,NA,59.25
278,אושה,אושה,145.3549321507911,0,NA,NA,no_red_alert,2009,0,Party_habait_hayehudi,FALSE,2009,2737,אושה,USHA,1,NA,417,NA,NA,NA,NA,NA,NA,NA,0.306711044452318,1359.5858627935,NA,59
278,אושה,אושה,145.3549321507911,0,NA,NA,no_red_alert,2013,0.0043859649122807,Party_habait_hayehudi,FALSE,2013,2732,אושה,USHA,1,יהודי,450,220,230,80,30,60,180,100,0.306711044452318,1467.17898862608,0.222222222222222,63
278,אושה,אושה,145.3549321507911,0,NA,NA,no_red_alert,2015,0.0201612903225806,Party_habait_hayehudi,TRUE,2015,2738,אושה,USHA,1,יהודי,460,230,230,90,30,50,200,90,0.306711044452318,1499.7829661511,0.195652173913043,62.25
284,שדה ורבורג,שדהורבורג,77.80849933318709,1,227,5,temporal_distance > 149,2006,0.0186915887850467,Party_habait_hayehudi,FALSE,2006,2791,שדה ורבורג,SEDE WARBURG,1,NA,1174,NA,NA,NA,NA,NA,NA,NA,1.17340974318462,1000.50302702769,NA,61
284,שדה ורבורג,שדהורבורג,77.80849933318709,1,227,5,temporal_distance > 149,2009,0.00843170320404722,Party_habait_hayehudi,FALSE,2009,2787,שדה ורבורג,SEDE WARBURG,1,NA,1260,NA,NA,NA,NA,NA,NA,NA,1.17340974318462,1073.793708735,NA,59
284,שדה ורבורג,שדהורבורג,77.80849933318709,1,227,5,temporal_distance > 149,2013,0.0316622691292876,Party_habait_hayehudi,FALSE,2013,2786,שדה ורבורג,SEDE WARBURG,1,יהודי,1470,740,730,470,90,120,650,150,1.17340974318462,1252.7593268575,0.102040816326531,63
284,שדה ורבורג,שדהורבורג,77.80849933318709,1,227,5,temporal_distance > 149,2015,0.0261437908496732,Party_habait_hayehudi,TRUE,2015,2788,שדה ורבורג,SEDE WARBURG,1,יהודי,1480,760,730,430,130,130,630,170,1.17340974318462,1261.28149914905,0.114864864864865,62
285,אלונים,אלונים,137.98540462280647,0,NA,NA,no_red_alert,2006,0.00294117647058824,Party_habait_hayehudi,FALSE,2006,2802,אלונים,ALLONIM,1,NA,521,NA,NA,NA,NA,NA,NA,NA,2.7881374048505,186.863100467581,NA,60
285,אלונים,אלונים,137.98540462280647,0,NA,NA,no_red_alert,2009,0.0260115606936416,Party_habait_hayehudi,FALSE,2009,2807,אלונים,ALLONIM,1,NA,445,NA,NA,NA,NA,NA,NA,NA,2.7881374048505,159.604759516456,NA,59
285,אלונים,אלונים,137.98540462280647,0,NA,NA,no_red_alert,2013,0.020671834625323,Party_habait_hayehudi,FALSE,2013,2801,אלונים,ALLONIM,1,יהודי,480,240,240,90,20,80,200,90,2.7881374048505,172.157942849211,0.1875,62
285,אלונים,אלונים,137.98540462280647,0,NA,NA,no_red_alert,2015,0.0173697270471464,Party_habait_hayehudi,TRUE,2015,2803,אלונים,ALLONIM,1,יהודי,470,240,230,100,20,50,210,90,2.7881374048505,168.571319039853,0.191489361702128,58
287,תל יצחק,תליצחק,80.90791563369203,1,227,5,temporal_distance > 149,2006,0.00315457413249211,Party_habait_hayehudi,FALSE,2006,2841,תל יצחק,TEL YIZHAQ,1,NA,851,NA,NA,NA,NA,NA,NA,NA,0.428121002084631,1987.75578833148,NA,61
287,תל יצחק,תליצחק,80.90791563369203,1,227,5,temporal_distance > 149,2009,0.00199600798403194,Party_habait_hayehudi,FALSE,2009,2838,תל יצחק,TEL YIZHAQ,1,NA,671,NA,NA,NA,NA,NA,NA,NA,0.428121002084631,1567.3139059582,NA,59
287,תל יצחק,תליצחק,80.90791563369203,1,227,5,temporal_distance > 149,2013,0.0219378427787934,Party_habait_hayehudi,FALSE,2013,2833,תל יצחק,TEL YIZHAQ,1,יהודי,970,480,490,130,170,40,160,480,0.428121002084631,2265.71458834494,0.494845360824742,63
287,תל יצחק,תליצחק,80.90791563369203,1,227,5,temporal_distance > 149,2015,0.0229276895943563,Party_habait_hayehudi,TRUE,2015,2829,תל יצחק,TEL YIZHAQ,1,יהודי,1020,510,510,170,170,50,160,480,0.428121002084631,2382.50400011529,0.470588235294118,62.5
288,בית יהושע,ביתיהושע,81.25074636041013,1,227,5,temporal_distance > 149,2006,0.0255754475703325,Party_habait_hayehudi,FALSE,2006,2851,בית יהושע,BET YEHOSHUA,1,NA,784,NA,NA,NA,NA,NA,NA,NA,1.22435874630292,640.3351978065,NA,61
288,בית יהושע,ביתיהושע,81.25074636041013,1,227,5,temporal_distance > 149,2009,0.0336134453781513,Party_habait_hayehudi,FALSE,2009,2854,בית יהושע,BET YEHOSHUA,1,NA,901,NA,NA,NA,NA,NA,NA,NA,1.22435874630292,735.895425030174,NA,59
288,בית יהושע,ביתיהושע,81.25074636041013,1,227,5,temporal_distance > 149,2013,0.0486381322957198,Party_habait_hayehudi,FALSE,2013,2844,בית יהושע,BET YEHOSHUA,1,יהודי,1010,480,530,350,60,70,450,80,1.22435874630292,824.921619623169,0.0792079207920792,63
288,בית יהושע,ביתיהושע,81.25074636041013,1,227,5,temporal_distance > 149,2015,0.0264650283553875,Party_habait_hayehudi,TRUE,2015,2845,בית יהושע,BET YEHOSHUA,1,יהודי,1060,510,550,360,80,60,460,90,1.22435874630292,865.759323564911,0.0849056603773585,63
290,מעין צבי,מעיןצבי,115.64492963739175,1,232,3,temporal_distance > 149,2006,0.014367816091954,Party_habait_hayehudi,FALSE,2006,2876,מעיין צבי,MA'YAN ZEVI,1,NA,462,NA,NA,NA,NA,NA,NA,NA,0.166231928100748,2779.24948160378,NA,60.5
290,מעין צבי,מעיןצבי,115.64492963739175,1,232,3,temporal_distance > 149,2009,0.0139275766016713,Party_habait_hayehudi,FALSE,2009,2881,מעיין צבי,MA'YAN ZEVI,1,NA,538,NA,NA,NA,NA,NA,NA,NA,0.166231928100748,3236.44203701912,NA,59
290,מעין צבי,מעיןצבי,115.64492963739175,1,232,3,temporal_distance > 149,2013,0.0212264150943396,Party_habait_hayehudi,FALSE,2013,2875,מעיין צבי,MA'YAN ZEVI,1,יהודי,620,290,330,140,30,70,270,110,0.166231928100748,3729.7287415462,0.17741935483871,63
290,מעין צבי,מעיןצבי,115.64492963739175,1,232,3,temporal_distance > 149,2015,0.0180995475113122,Party_habait_hayehudi,TRUE,2015,2877,מעיין צבי,MA'YAN ZEVI,1,יהודי,680,310,370,170,40,70,280,120,0.166231928100748,4090.67023266357,0.176470588235294,60.5
295,כפר רופין,כפררופין,136.67956147782445,1,6,1,temporal_distance == 6,2006,0.0126050420168067,Party_habait_hayehudi,FALSE,2006,2942,כפר רופין,KEFAR RUPPIN,1,NA,418,NA,NA,NA,NA,NA,NA,NA,2.01395502728906,207.551804452486,NA,16.5
295,כפר רופין,כפררופין,136.67956147782445,1,6,1,temporal_distance == 6,2009,0.00749063670411985,Party_habait_hayehudi,FALSE,2009,2943,כפר רופין,KEFAR RUPPIN,1,NA,420,NA,NA,NA,NA,NA,NA,NA,2.01395502728906,208.544875287187,NA,15.3333333333333
295,כפר רופין,כפררופין,136.67956147782445,1,6,1,temporal_distance == 6,2013,0.033457249070632,Party_habait_hayehudi,FALSE,2013,2945,כפר רופין,KEFAR RUPPIN,1,יהודי,430,210,220,100,30,60,180,50,2.01395502728906,213.510229460691,0.116279069767442,14
295,כפר רופין,כפררופין,136.67956147782445,1,6,1,temporal_distance == 6,2015,0.041044776119403,Party_habait_hayehudi,TRUE,2015,2946,כפר רופין,KEFAR RUPPIN,1,יהודי,400,200,200,90,30,60,170,70,2.01395502728906,198.614166940178,0.175,14.5
296,נווה איתן,נווהאיתן,139.00271516658202,1,6,1,temporal_distance == 6,2006,0,Party_habait_hayehudi,FALSE,2006,2956,נווה איתן,NEWE ETAN,1,NA,160,NA,NA,NA,NA,NA,NA,NA,0.368207250152819,434.537885752098,NA,35
296,נווה איתן,נווהאיתן,139.00271516658202,1,6,1,temporal_distance == 6,2009,0.0141843971631206,Party_habait_hayehudi,FALSE,2009,2963,נווה איתן,NEWE ETAN,1,NA,366,NA,NA,NA,NA,NA,NA,NA,0.368207250152819,994.005413657924,NA,39.25
296,נווה איתן,נווהאיתן,139.00271516658202,1,6,1,temporal_distance == 6,2013,0.0454545454545455,Party_habait_hayehudi,FALSE,2013,2959,נווה איתן,NEWE ETAN,1,יהודי,330,160,170,60,20,60,120,60,0.368207250152819,896.234389363702,0.181818181818182,37
296,נווה איתן,נווהאיתן,139.00271516658202,1,6,1,temporal_distance == 6,2015,0.0428571428571429,Party_habait_hayehudi,TRUE,2015,2962,נווה איתן,NEWE ETAN,1,יהודי,320,170,160,50,20,70,110,70,0.368207250152819,869.075771504196,0.21875,49
298,מסילות,מסילות,135.62439871067568,1,6,1,temporal_distance == 6,2006,0.0135135135135135,Party_habait_hayehudi,FALSE,2006,2988,מסילות,MESILLOT,1,NA,384,NA,NA,NA,NA,NA,NA,NA,0.49443733187141,776.640385438913,NA,48.5
298,מסילות,מסילות,135.62439871067568,1,6,1,temporal_distance == 6,2009,0.0101351351351351,Party_habait_hayehudi,FALSE,2009,2991,מסילות,MESILLOT,1,NA,492,NA,NA,NA,NA,NA,NA,NA,0.49443733187141,995.070493843608,NA,49
298,מסילות,מסילות,135.62439871067568,1,6,1,temporal_distance == 6,2013,0.0132013201320132,Party_habait_hayehudi,FALSE,2013,2980,מסילות,MESILLOT,1,יהודי,460,230,230,70,30,70,170,110,0.49443733187141,930.350461723698,0.239130434782609,56.75
298,מסילות,מסילות,135.62439871067568,1,6,1,temporal_distance == 6,2015,0.0263157894736842,Party_habait_hayehudi,TRUE,2015,2985,מסילות,MESILLOT,1,יהודי,430,220,220,70,20,60,160,120,0.49443733187141,869.675431611283,0.27906976744186,55.5
300,דליה,דליה,122.73683150421948,1,6,3,temporal_distance == 6,2006,0.00405679513184584,Party_habait_hayehudi,FALSE,2006,3003,דלייה,DALIYYA,1,NA,737,NA,NA,NA,NA,NA,NA,NA,0.58644072556131,1256.73400205039,NA,26.3333333333333
300,דליה,דליה,122.73683150421948,1,6,3,temporal_distance == 6,2009,0.00418410041841004,Party_habait_hayehudi,FALSE,2009,3005,דלייה,DALIYYA,1,NA,746,NA,NA,NA,NA,NA,NA,NA,0.58644072556131,1272.0808216141,NA,38
300,דליה,דליה,122.73683150421948,1,6,3,temporal_distance == 6,2013,0.00614754098360656,Party_habait_hayehudi,FALSE,2013,3007,דלייה,DALIYYA,1,יהודי,770,360,410,180,20,100,310,160,0.58644072556131,1313.00567378399,0.207792207792208,32.5
300,דליה,דליה,122.73683150421948,1,6,3,temporal_distance == 6,2015,0.0114942528735632,Party_habait_hayehudi,TRUE,2015,2998,דלייה,DALIYYA,1,יהודי,790,370,430,200,30,80,310,170,0.58644072556131,1347.1097172589,0.215189873417722,42.1666666666667
304,שדה אליהו,שדהאליהו,133.16891699762087,1,6,1,temporal_distance == 6,2006,0.61455525606469,Party_habait_hayehudi,FALSE,2006,3061,שדה אליהו,SEDE ELIYYAHU,1,NA,655,NA,NA,NA,NA,NA,NA,NA,1.14867630560388,570.221564425548,NA,27
304,שדה אליהו,שדהאליהו,133.16891699762087,1,6,1,temporal_distance == 6,2009,0.525885558583106,Party_habait_hayehudi,FALSE,2009,3057,שדה אליהו,SEDE ELIYYAHU,1,NA,613,NA,NA,NA,NA,NA,NA,NA,1.14867630560388,533.657738920398,NA,33
304,שדה אליהו,שדהאליהו,133.16891699762087,1,6,1,temporal_distance == 6,2013,0.620779220779221,Party_habait_hayehudi,FALSE,2013,3068,שדה אליהו,SEDE ELIYYAHU,1,יהודי,700,370,330,190,60,160,210,80,1.14867630560388,609.397091752494,0.114285714285714,35
304,שדה אליהו,שדהאליהו,133.16891699762087,1,6,1,temporal_distance == 6,2015,0.511450381679389,Party_habait_hayehudi,TRUE,2015,3062,שדה אליהו,SEDE ELIYYAHU,1,יהודי,690,360,320,180,50,150,210,100,1.14867630560388,600.691419013172,0.144927536231884,35
310,כפר גליקסון,כפרגליקסון,111.69335665719242,1,232,4,temporal_distance > 149,2006,0.00549450549450549,Party_habait_hayehudi,FALSE,2006,3157,כפר גליקסון,KEFAR GLIKSON,1,NA,269,NA,NA,NA,NA,NA,NA,NA,0.352537296132406,763.039834227835,NA,51.25
310,כפר גליקסון,כפרגליקסון,111.69335665719242,1,232,4,temporal_distance > 149,2009,0.00531914893617021,Party_habait_hayehudi,FALSE,2009,3151,כפר גליקסון,KEFAR GLIKSON,1,NA,253,NA,NA,NA,NA,NA,NA,NA,0.352537296132406,717.654565277481,NA,49
310,כפר גליקסון,כפרגליקסון,111.69335665719242,1,232,4,temporal_distance > 149,2013,0.037037037037037,Party_habait_hayehudi,FALSE,2013,3158,כפר גליקסון,KEFAR GLIKSON,1,יהודי,280,140,140,60,10,40,120,50,0.352537296132406,794.242206631204,0.178571428571429,56.75
310,כפר גליקסון,כפרגליקסון,111.69335665719242,1,232,4,temporal_distance > 149,2015,0.0104166666666667,Party_habait_hayehudi,TRUE,2015,3154,כפר גליקסון,KEFAR GLIKSON,1,יהודי,270,140,130,70,10,30,120,50,0.352537296132406,765.876413537232,0.185185185185185,53.25
312,נווה ים,נווהים,127.1174588369539,1,232,1,temporal_distance > 149,2006,0,Party_habait_hayehudi,FALSE,2006,3186,נווה ים,NEWE YAM,1,NA,206,NA,NA,NA,NA,NA,NA,NA,0.30888464107424,666.915646189375,NA,43.25
312,נווה ים,נווהים,127.1174588369539,1,232,1,temporal_distance > 149,2009,0,Party_habait_hayehudi,FALSE,2009,3178,נווה ים,NEWE YAM,1,NA,172,NA,NA,NA,NA,NA,NA,NA,0.30888464107424,556.842190022197,NA,48
312,נווה ים,נווהים,127.1174588369539,1,232,1,temporal_distance > 149,2013,0.123456790123457,Party_habait_hayehudi,FALSE,2013,3184,נווה ים,NEWE YAM,1,יהודי,240,120,120,70,10,30,100,20,0.30888464107424,776.989102356554,0.0833333333333333,43
312,נווה ים,נווהים,127.1174588369539,1,232,1,temporal_distance > 149,2015,0.0858895705521472,Party_habait_hayehudi,TRUE,2015,3188,נווה ים,NEWE YAM,1,יהודי,250,130,120,80,10,20,110,30,0.30888464107424,809.363648288077,0.12,48.25
313,אפק,אפק,149.9459326151302,0,NA,NA,no_red_alert,2006,0.00371747211895911,Party_habait_hayehudi,FALSE,2006,3203,אפק,AFEQ,1,NA,426,NA,NA,NA,NA,NA,NA,NA,1.50393176553316,283.257531866134,NA,57.5
313,אפק,אפק,149.9459326151302,0,NA,NA,no_red_alert,2009,0.0107142857142857,Party_habait_hayehudi,FALSE,2009,3189,אפק,AFEQ,1,NA,483,NA,NA,NA,NA,NA,NA,NA,1.50393176553316,321.158187538364,NA,54.5
313,אפק,אפק,149.9459326151302,0,NA,NA,no_red_alert,2013,0.0352112676056338,Party_habait_hayehudi,FALSE,2013,3200,אפק,AFEQ,1,יהודי,520,250,270,140,20,50,230,80,1.50393176553316,345.760367536126,0.153846153846154,62.5
313,אפק,אפק,149.9459326151302,0,NA,NA,no_red_alert,2015,0.0262295081967213,Party_habait_hayehudi,TRUE,2015,3197,אפק,AFEQ,1,יהודי,560,260,300,150,40,50,230,100,1.50393176553316,372.357318885059,0.178571428571429,60
316,כפר נטר,כפרנטר,82.35930663742346,1,227,5,temporal_distance > 149,2006,0.00793650793650794,Party_habait_hayehudi,FALSE,2006,3227,כפר נטר,KEFAR NETTER,1,NA,765,NA,NA,NA,NA,NA,NA,NA,1.9237789222947,397.654840238867,NA,61
316,כפר נטר,כפרנטר,82.35930663742346,1,227,5,temporal_distance > 149,2009,0.00833333333333333,Party_habait_hayehudi,FALSE,2009,3221,כפר נטר,KEFAR NETTER,1,NA,1051,NA,NA,NA,NA,NA,NA,NA,1.9237789222947,546.320571360849,NA,59
316,כפר נטר,כפרנטר,82.35930663742346,1,227,5,temporal_distance > 149,2013,0.0335195530726257,Party_habait_hayehudi,FALSE,2013,3225,כפר נטר,KEFAR NETTER,1,יהודי,1110,550,570,350,50,70,530,110,1.9237789222947,576.989376032866,0.0990990990990991,63
316,כפר נטר,כפרנטר,82.35930663742346,1,227,5,temporal_distance > 149,2015,0.0196078431372549,Party_habait_hayehudi,TRUE,2015,3222,כפר נטר,KEFAR NETTER,1,יהודי,1160,570,590,360,70,80,520,120,1.9237789222947,602.979888466779,0.103448275862069,63
317,בית אורן,ביתאורן,134.95993941389716,1,232,1,temporal_distance > 149,2006,0.0326797385620915,Party_habait_hayehudi,FALSE,2006,3244,בית אורן,BET OREN,1,NA,320,NA,NA,NA,NA,NA,NA,NA,0.202733342761514,1578.42807523,NA,28.75
317,בית אורן,ביתאורן,134.95993941389716,1,232,1,temporal_distance > 149,2009,0.0445859872611465,Party_habait_hayehudi,FALSE,2009,3237,בית אורן,BET OREN,1,NA,447,NA,NA,NA,NA,NA,NA,NA,0.202733342761514,2204.8667175869,NA,33
317,בית אורן,ביתאורן,134.95993941389716,1,232,1,temporal_distance > 149,2013,0.0294117647058824,Party_habait_hayehudi,FALSE,2013,3247,בית אורן,BET OREN,1,יהודי,440,230,210,100,20,70,210,40,0.202733342761514,2170.33860344125,0.0909090909090909,30.75
317,בית אורן,ביתאורן,134.95993941389716,1,232,1,temporal_distance > 149,2015,0.0569948186528497,Party_habait_hayehudi,TRUE,2015,3234,בית אורן,BET OREN,1,יהודי,450,230,220,110,20,70,220,40,0.202733342761514,2219.66448079218,0.0888888888888889,38.25
326,בית יצחק-שער חפר,ביתיצחקשערחפר,88.97792187436126,0,NA,NA,no_red_alert,2006,0.0168483647175421,Party_habait_hayehudi,FALSE,2006,3342,בית יצחק-שער חפר,BET YIZHAQ-SH. HEFER,1,NA,1714,NA,NA,NA,NA,NA,NA,NA,5.80641957205294,295.190517793393,NA,61
326,בית יצחק-שער חפר,ביתיצחקשערחפר,88.97792187436126,0,NA,NA,no_red_alert,2009,0.00998185117967332,Party_habait_hayehudi,FALSE,2009,3345,בית יצחק-שער חפר,BET YIZHAQ-SH. HEFER,1,NA,1815,NA,NA,NA,NA,NA,NA,NA,5.80641957205294,312.585058223459,NA,59
326,בית יצחק-שער חפר,ביתיצחקשערחפר,88.97792187436126,0,NA,NA,no_red_alert,2013,0.0202429149797571,Party_habait_hayehudi,FALSE,2013,3340,בית יצחק-שער חפר,BET YIZHAQ-SH. HEFER,1,יהודי,2070,980,1080,550,120,220,890,290,5.80641957205294,356.501967230061,0.140096618357488,63
326,בית יצחק-שער חפר,ביתיצחקשערחפר,88.97792187436126,0,NA,NA,no_red_alert,2015,0.023094688221709,Party_habait_hayehudi,TRUE,2015,3344,בית יצחק-שער חפר,BET YIZHAQ-SH. HEFER,1,יהודי,2110,1010,1100,550,130,210,900,330,5.80641957205294,363.390894133057,0.156398104265403,62.7142857142857
327,שדות ים,שדותים,106.0926105347298,1,232,2,temporal_distance > 149,2006,0.0147058823529412,Party_habait_hayehudi,FALSE,2006,3361,שדות ים,SEDOT YAM,1,NA,682,NA,NA,NA,NA,NA,NA,NA,0.513668716827008,1327.70398052035,NA,61
327,שדות ים,שדותים,106.0926105347298,1,232,2,temporal_distance > 149,2009,0.0137299771167048,Party_habait_hayehudi,FALSE,2009,3364,שדות ים,SEDOT YAM,1,NA,773,NA,NA,NA,NA,NA,NA,NA,0.513668716827008,1504.8609632584,NA,57.75
327,שדות ים,שדותים,106.0926105347298,1,232,2,temporal_distance > 149,2013,0.0273684210526316,Party_habait_hayehudi,FALSE,2013,3356,שדות ים,SEDOT YAM,1,יהודי,880,430,440,240,40,120,370,120,0.513668716827008,1713.16642647787,0.136363636363636,63
327,שדות ים,שדותים,106.0926105347298,1,232,2,temporal_distance > 149,2015,0.027027027027027,Party_habait_hayehudi,TRUE,2015,3368,שדות ים,SEDOT YAM,1,יהודי,970,500,470,270,50,120,400,130,0.513668716827008,1888.37662918584,0.134020618556701,61
335,רמת השופט,רמתהשופט,125.94198279137724,0,NA,NA,no_red_alert,2006,0.00615384615384615,Party_habait_hayehudi,FALSE,2006,3455,רמת השופט,RAMAT HASHOFET,1,NA,578,NA,NA,NA,NA,NA,NA,NA,0.539892359975494,1070.58377345113,NA,45
335,רמת השופט,רמתהשופט,125.94198279137724,0,NA,NA,no_red_alert,2009,0.00828729281767956,Party_habait_hayehudi,FALSE,2009,3452,רמת השופט,RAMAT HASHOFET,1,NA,726,NA,NA,NA,NA,NA,NA,NA,0.539892359975494,1344.71249052858,NA,44.2
335,רמת השופט,רמתהשופט,125.94198279137724,0,NA,NA,no_red_alert,2013,0.00689655172413793,Party_habait_hayehudi,FALSE,2013,3456,רמת השופט,RAMAT HASHOFET,1,יהודי,1000,500,510,310,40,110,420,120,0.539892359975494,1852.22106133413,0.12,55
335,רמת השופט,רמתהשופט,125.94198279137724,0,NA,NA,no_red_alert,2015,0.0161943319838057,Party_habait_hayehudi,TRUE,2015,3445,רמת השופט,RAMAT HASHOFET,1,יהודי,1020,510,520,320,40,110,430,130,0.539892359975494,1889.26548256082,0.127450980392157,51
339,רמת צבי,רמתצבי,139.5667432670901,1,6,1,temporal_distance == 6,2006,0.0263157894736842,Party_habait_hayehudi,FALSE,2006,3502,רמת צבי,RAMAT ZEVI,1,NA,428,NA,NA,NA,NA,NA,NA,NA,2.05379323650456,208.394882402296,NA,23.6666666666667
339,רמת צבי,רמתצבי,139.5667432670901,1,6,1,temporal_distance == 6,2009,0.00790513833992095,Party_habait_hayehudi,FALSE,2009,3501,רמת צבי,RAMAT ZEVI,1,NA,492,NA,NA,NA,NA,NA,NA,NA,2.05379323650456,239.556733976471,NA,23
339,רמת צבי,רמתצבי,139.5667432670901,1,6,1,temporal_distance == 6,2013,0.103896103896104,Party_habait_hayehudi,FALSE,2013,3495,רמת צבי,RAMAT ZEVI,1,יהודי,590,300,290,170,30,70,250,60,2.05379323650456,287.273319199427,0.101694915254237,26
339,רמת צבי,רמתצבי,139.5667432670901,1,6,1,temporal_distance == 6,2015,0.0577507598784195,Party_habait_hayehudi,TRUE,2015,3490,רמת צבי,RAMAT ZEVI,1,יהודי,590,300,290,180,40,60,240,80,2.05379323650456,287.273319199427,0.135593220338983,27.3333333333333
343,חמדיה,חמדיה,140.5171363818557,1,6,1,temporal_distance == 6,2006,0.0390243902439024,Party_habait_hayehudi,FALSE,2006,3538,חמדיה,HAMADYA,1,NA,325,NA,NA,NA,NA,NA,NA,NA,0.368079306051242,882.961890703943,NA,39
343,חמדיה,חמדיה,140.5171363818557,1,6,1,temporal_distance == 6,2009,0.03125,Party_habait_hayehudi,FALSE,2009,3543,חמדיה,HAMADYA,1,NA,363,NA,NA,NA,NA,NA,NA,NA,0.368079306051242,986.200511770866,NA,29
343,חמדיה,חמדיה,140.5171363818557,1,6,1,temporal_distance == 6,2013,0.032258064516129,Party_habait_hayehudi,FALSE,2013,3547,חמדיה,HAMADYA,1,יהודי,380,190,190,90,20,40,150,80,0.368079306051242,1032.38621066923,0.210526315789474,45
343,חמדיה,חמדיה,140.5171363818557,1,6,1,temporal_distance == 6,2015,0.0442477876106195,Party_habait_hayehudi,TRUE,2015,3545,חמדיה,HAMADYA,1,יהודי,400,190,210,100,20,40,160,90,0.368079306051242,1086.72232702024,0.225,44
344,מענית,מענית,107.82468648445656,0,NA,NA,no_red_alert,2006,0,Party_habait_hayehudi,FALSE,2006,3551,מענית,MA'ANIT,1,NA,475,NA,NA,NA,NA,NA,NA,NA,0.41270272624106,1150.94950868474,NA,61
344,מענית,מענית,107.82468648445656,0,NA,NA,no_red_alert,2009,0.00294117647058824,Party_habait_hayehudi,FALSE,2009,3550,מענית,MA'ANIT,1,NA,618,NA,NA,NA,NA,NA,NA,NA,0.41270272624106,1497.44588708877,NA,59
344,מענית,מענית,107.82468648445656,0,NA,NA,no_red_alert,2013,0.00759493670886076,Party_habait_hayehudi,FALSE,2013,3557,מענית,MA'ANIT,1,יהודי,670,320,350,180,30,80,300,80,0.41270272624106,1623.44457014479,0.119402985074627,62
344,מענית,מענית,107.82468648445656,0,NA,NA,no_red_alert,2015,0.017156862745098,Party_habait_hayehudi,TRUE,2015,3562,מענית,MA'ANIT,1,יהודי,680,330,340,180,30,80,300,90,0.41270272624106,1647.6750861171,0.132352941176471,60
353,בית זיד,ביתזיד,136.00013823361527,0,NA,NA,no_red_alert,2006,NA,Party_habait_hayehudi,FALSE,2006,3667,בית זיד,BET ZEID,1,NA,220,NA,NA,NA,NA,NA,NA,NA,0.395349642082809,556.469455343327,NA,57
353,בית זיד,ביתזיד,136.00013823361527,0,NA,NA,no_red_alert,2009,NA,Party_habait_hayehudi,FALSE,2009,3657,בית זיד,BET ZEID,1,NA,228,NA,NA,NA,NA,NA,NA,NA,0.395349642082809,576.704708264903,NA,57.25
353,בית זיד,ביתזיד,136.00013823361527,0,NA,NA,no_red_alert,2013,0,Party_habait_hayehudi,FALSE,2013,3654,בית זיד,BET ZEID,1,יהודי,50,30,20,10,0,0,30,0,0.395349642082809,126.470330759847,0,61
353,בית זיד,ביתזיד,136.00013823361527,0,NA,NA,no_red_alert,2015,0,Party_habait_hayehudi,TRUE,2015,3660,בית זיד,BET ZEID,1,יהודי,70,40,30,20,0,10,40,10,0.395349642082809,177.058463063786,0.142857142857143,56
355,חורשים,חורשים,75.01617283379231,1,227,3,temporal_distance > 149,2006,0.00746268656716418,Party_habait_hayehudi,FALSE,2006,3695,חורשים,HORESHIM,1,NA,223,NA,NA,NA,NA,NA,NA,NA,0.301220975375873,740.320290516734,NA,61
355,חורשים,חורשים,75.01617283379231,1,227,3,temporal_distance > 149,2009,0.0125786163522013,Party_habait_hayehudi,FALSE,2009,3690,חורשים,HORESHIM,1,NA,286,NA,NA,NA,NA,NA,NA,NA,0.301220975375873,949.469072142538,NA,59
355,חורשים,חורשים,75.01617283379231,1,227,3,temporal_distance > 149,2013,0.0526315789473684,Party_habait_hayehudi,FALSE,2013,3696,חורשים,HORESHIM,1,יהודי,300,140,160,70,20,50,130,40,0.301220975375873,995.946579170494,0.133333333333333,63
355,חורשים,חורשים,75.01617283379231,1,227,3,temporal_distance > 149,2015,0.0652173913043478,Party_habait_hayehudi,TRUE,2015,3693,חורשים,HORESHIM,1,יהודי,310,150,160,70,20,50,130,40,0.301220975375873,1029.14479847618,0.129032258064516,61.75
360,"גבעת ניל""י",גבעתנילי,117.37125316681716,1,232,4,temporal_distance > 149,2006,0.0101010101010101,Party_habait_hayehudi,FALSE,2006,3759,"גבעת ניל""י",GIV'AT NILI,1,NA,461,NA,NA,NA,NA,NA,NA,NA,0.706490558206601,652.52110540618,NA,40.4
360,"גבעת ניל""י",גבעתנילי,117.37125316681716,1,232,4,temporal_distance > 149,2009,0.0128205128205128,Party_habait_hayehudi,FALSE,2009,3769,"גבעת ניל""י",GIV'AT NILI,1,NA,567,NA,NA,NA,NA,NA,NA,NA,0.706490558206601,802.558496237102,NA,30.5
360,"גבעת ניל""י",גבעתנילי,117.37125316681716,1,232,4,temporal_distance > 149,2013,0.0302013422818792,Party_habait_hayehudi,FALSE,2013,3768,"גבעת ניל""י",GIV'AT NILI,1,יהודי,690,350,350,230,50,60,330,30,0.706490558206601,976.658487484303,0.0434782608695652,38.2
360,"גבעת ניל""י",גבעתנילי,117.37125316681716,1,232,4,temporal_distance > 149,2015,0.036036036036036,Party_habait_hayehudi,TRUE,2015,3767,"גבעת ניל""י",GIV'AT NILI,1,יהודי,730,360,370,240,60,60,330,40,0.706490558206601,1033.27637081673,0.0547945205479452,33.4
367,עין העמק,עיןהעמק,127.19673424490702,1,6,3,temporal_distance == 6,2006,0.0636704119850187,Party_habait_hayehudi,FALSE,2006,3862,עין העמק,EN HAEMEQ,1,NA,670,NA,NA,NA,NA,NA,NA,NA,0.644169054659418,1040.09963712746,NA,53
367,עין העמק,עיןהעמק,127.19673424490702,1,6,3,temporal_distance == 6,2009,0.0838509316770186,Party_habait_hayehudi,FALSE,2009,3855,עין העמק,EN HAEMEQ,1,NA,682,NA,NA,NA,NA,NA,NA,NA,0.644169054659418,1058.72828734467,NA,54
367,עין העמק,עיןהעמק,127.19673424490702,1,6,3,temporal_distance == 6,2013,0.147058823529412,Party_habait_hayehudi,FALSE,2013,3854,עין העמק,EN HAEMEQ,1,יהודי,720,360,350,180,50,90,330,70,0.644169054659418,1117.71901303249,0.0972222222222222,58.5
367,עין העמק,עיןהעמק,127.19673424490702,1,6,3,temporal_distance == 6,2015,0.0697115384615385,Party_habait_hayehudi,TRUE,2015,3857,עין העמק,EN HAEMEQ,1,יהודי,750,380,370,190,50,100,340,70,0.644169054659418,1164.29063857552,0.0933333333333333,58
369,גלעד (אבן יצחק),גלעדאבןיצחק,119.9001400317119,1,6,3,temporal_distance == 6,2006,0.00833333333333333,Party_habait_hayehudi,FALSE,2006,3890,גלעד (אבן יצחק),GAL'ED (EVEN YIZHAQ),1,NA,405,NA,NA,NA,NA,NA,NA,NA,0.323093716888242,1253.50627025684,NA,30
369,גלעד (אבן יצחק),גלעדאבןיצחק,119.9001400317119,1,6,3,temporal_distance == 6,2009,0.00840336134453781,Party_habait_hayehudi,FALSE,2009,3881,גלעד (אבן יצחק),GAL'ED (EVEN YIZHAQ),1,NA,408,NA,NA,NA,NA,NA,NA,NA,0.323093716888242,1262.79150188837,NA,22.75
369,גלעד (אבן יצחק),גלעדאבןיצחק,119.9001400317119,1,6,3,temporal_distance == 6,2013,0.0329218106995885,Party_habait_hayehudi,FALSE,2013,3880,גלעד (אבן יצחק),GAL'ED (EVEN YIZHAQ),1,יהודי,440,220,220,110,20,50,190,60,0.323093716888242,1361.83397262472,0.136363636363636,26
369,גלעד (אבן יצחק),גלעדאבןיצחק,119.9001400317119,1,6,3,temporal_distance == 6,2015,0.011070110701107,Party_habait_hayehudi,TRUE,2015,3882,גלעד (אבן יצחק),GAL'ED (EVEN YIZHAQ),1,יהודי,460,240,230,130,20,50,200,70,0.323093716888242,1423.73551683493,0.152173913043478,25
373,בית הלוי,ביתהלוי,93.20148537126292,0,NA,NA,no_red_alert,2006,0.0166666666666667,Party_habait_hayehudi,FALSE,2006,3945,בית הלוי,BET HALEWI,1,NA,571,NA,NA,NA,NA,NA,NA,NA,1.14342267893483,499.377885815525,NA,58.5
373,בית הלוי,ביתהלוי,93.20148537126292,0,NA,NA,no_red_alert,2009,0.0241691842900302,Party_habait_hayehudi,FALSE,2009,3948,בית הלוי,BET HALEWI,1,NA,708,NA,NA,NA,NA,NA,NA,NA,1.14342267893483,619.193595722227,NA,54
373,בית הלוי,ביתהלוי,93.20148537126292,0,NA,NA,no_red_alert,2013,0.041237113402061903,Party_habait_hayehudi,FALSE,2013,3937,בית הלוי,BET HALEWI,1,יהודי,760,370,380,210,40,80,340,80,1.14342267893483,664.671091453239,0.105263157894737,61
373,בית הלוי,ביתהלוי,93.20148537126292,0,NA,NA,no_red_alert,2015,0.0190930787589499,Party_habait_hayehudi,TRUE,2015,3938,בית הלוי,BET HALEWI,1,יהודי,810,400,420,240,40,80,360,90,1.14342267893483,708.399452733057,0.111111111111111,58.5
375,מגל,מגל,101.32368351375628,0,NA,NA,no_red_alert,2006,0.00584795321637427,Party_habait_hayehudi,FALSE,2006,3971,מגל,MAGGAL,1,NA,522,NA,NA,NA,NA,NA,NA,NA,0.400784385710058,1302.4459500217,NA,58
375,מגל,מגל,101.32368351375628,0,NA,NA,no_red_alert,2009,0.0124069478908189,Party_habait_hayehudi,FALSE,2009,3980,מגל,MAGGAL,1,NA,696,NA,NA,NA,NA,NA,NA,NA,0.400784385710058,1736.59460002893,NA,58.25
375,מגל,מגל,101.32368351375628,0,NA,NA,no_red_alert,2013,0.0122591943957968,Party_habait_hayehudi,FALSE,2013,3972,מגל,MAGGAL,1,יהודי,1000,500,510,370,40,70,450,80,0.400784385710058,2495.10718394962,0.08,62
375,מגל,מגל,101.32368351375628,0,NA,NA,no_red_alert,2015,0.0217755443886097,Party_habait_hayehudi,TRUE,2015,3967,מגל,MAGGAL,1,יהודי,1060,520,540,380,60,60,460,90,0.400784385710058,2644.81361498659,0.0849056603773585,60
377,המעפיל,המעפיל,98.21783842975825,0,NA,NA,no_red_alert,2006,0.0033003300330033,Party_habait_hayehudi,FALSE,2006,4001,המעפיל,HAMA'PIL,1,NA,499,NA,NA,NA,NA,NA,NA,NA,0.382445425766545,1304.76132378847,NA,47
377,המעפיל,המעפיל,98.21783842975825,0,NA,NA,no_red_alert,2009,0.00949367088607595,Party_habait_hayehudi,FALSE,2009,4000,המעפיל,HAMA'PIL,1,NA,542,NA,NA,NA,NA,NA,NA,NA,0.382445425766545,1417.19566631934,NA,45
377,המעפיל,המעפיל,98.21783842975825,0,NA,NA,no_red_alert,2013,0.0112866817155756,Party_habait_hayehudi,FALSE,2013,3997,המעפיל,HAMA'PIL,1,יהודי,760,360,400,240,30,70,340,80,0.382445425766545,1987.21163542933,0.105263157894737,54
377,המעפיל,המעפיל,98.21783842975825,0,NA,NA,no_red_alert,2015,0.0114155251141553,Party_habait_hayehudi,TRUE,2015,4011,המעפיל,HAMA'PIL,1,יהודי,810,390,420,260,50,50,350,100,0.382445425766545,2117.94924302336,0.123456790123457,50
379,גאולים,גאולים,88.29408822462874,0,NA,NA,no_red_alert,2006,0.0775623268698061,Party_habait_hayehudi,FALSE,2006,4041,גאולים,GE'ULIM,1,NA,774,NA,NA,NA,NA,NA,NA,NA,1.10705744301315,699.150712444834,NA,61
379,גאולים,גאולים,88.29408822462874,0,NA,NA,no_red_alert,2009,0.0533980582524272,Party_habait_hayehudi,FALSE,2009,4040,גאולים,GE'ULIM,1,NA,812,NA,NA,NA,NA,NA,NA,NA,1.10705744301315,733.475941221195,NA,59
379,גאולים,גאולים,88.29408822462874,0,NA,NA,no_red_alert,2013,0.128089887640449,Party_habait_hayehudi,FALSE,2013,4032,גאולים,GE'ULIM,1,יהודי,910,440,470,240,60,110,390,100,1.10705744301315,821.998899644443,0.10989010989011,63
379,גאולים,גאולים,88.29408822462874,0,NA,NA,no_red_alert,2015,0.0689655172413793,Party_habait_hayehudi,TRUE,2015,4039,גאולים,GE'ULIM,1,יהודי,900,430,470,230,60,110,390,110,1.10705744301315,812.965944703295,0.122222222222222,61.5
382,מכמורת,מכמורת,96.39038239772236,0,NA,NA,no_red_alert,2006,0.0126582278481013,Party_habait_hayehudi,FALSE,2006,4064,מכמורת,MIKHMORET,1,NA,1072,NA,NA,NA,NA,NA,NA,NA,0.62838982998151,1705.94740534159,NA,59
382,מכמורת,מכמורת,96.39038239772236,0,NA,NA,no_red_alert,2009,0.0197268588770865,Party_habait_hayehudi,FALSE,2009,4071,מכמורת,MIKHMORET,1,NA,1311,NA,NA,NA,NA,NA,NA,NA,0.62838982998151,2086.28456007726,NA,53
382,מכמורת,מכמורת,96.39038239772236,0,NA,NA,no_red_alert,2013,0.0217391304347826,Party_habait_hayehudi,FALSE,2013,4067,מכמורת,MIKHMORET,1,יהודי,1250,620,630,290,70,140,570,180,0.62838982998151,1989.21106033301,0.144,62
382,מכמורת,מכמורת,96.39038239772236,0,NA,NA,no_red_alert,2015,0.0190735694822888,Party_habait_hayehudi,TRUE,2015,4070,מכמורת,MIKHMORET,1,יהודי,1330,660,680,330,70,150,600,190,0.62838982998151,2116.52056819432,0.142857142857143,55
383,"עין הנצי""ב",עיןהנציב,135.12071251316345,1,6,1,temporal_distance == 6,2006,0.634615384615385,Party_habait_hayehudi,FALSE,2006,4073,"עין הנצי""ב",EN HANAZIV,1,NA,507,NA,NA,NA,NA,NA,NA,NA,1.03496269995717,489.872726834487,NA,34.5
383,"עין הנצי""ב",עיןהנציב,135.12071251316345,1,6,1,temporal_distance == 6,2009,0.552469135802469,Party_habait_hayehudi,FALSE,2009,4074,"עין הנצי""ב",EN HANAZIV,1,NA,571,NA,NA,NA,NA,NA,NA,NA,1.03496269995717,551.710704186375,NA,44
383,"עין הנצי""ב",עיןהנציב,135.12071251316345,1,6,1,temporal_distance == 6,2013,0.697604790419162,Party_habait_hayehudi,FALSE,2013,4086,"עין הנצי""ב",EN HANAZIV,1,יהודי,610,260,350,170,90,100,180,70,1.03496269995717,589.393221635181,0.114754098360656,43.5
383,"עין הנצי""ב",עיןהנציב,135.12071251316345,1,6,1,temporal_distance == 6,2015,0.594594594594595,Party_habait_hayehudi,TRUE,2015,4079,"עין הנצי""ב",EN HANAZIV,1,יהודי,610,270,340,170,80,90,190,80,1.03496269995717,589.393221635181,0.131147540983607,55
386,בני דרור,בנידרור,82.71959747065966,1,227,5,temporal_distance > 149,2006,0.02322206095791,Party_habait_hayehudi,FALSE,2006,4113,בני דרור,BENE DEROR,1,NA,1161,NA,NA,NA,NA,NA,NA,NA,0.702473533362217,1652.73130568088,NA,61
386,בני דרור,בנידרור,82.71959747065966,1,227,5,temporal_distance > 149,2009,0.0167832167832168,Party_habait_hayehudi,FALSE,2009,4109,בני דרור,BENE DEROR,1,NA,1169,NA,NA,NA,NA,NA,NA,NA,0.702473533362217,1664.11963509126,NA,59
386,בני דרור,בנידרור,82.71959747065966,1,227,5,temporal_distance > 149,2013,0.0483425414364641,Party_habait_hayehudi,FALSE,2013,4116,בני דרור,BENE DEROR,1,יהודי,1210,530,670,170,70,130,380,470,0.702473533362217,1722.48482331944,0.388429752066116,63
386,בני דרור,בנידרור,82.71959747065966,1,227,5,temporal_distance > 149,2015,0.0323886639676113,Party_habait_hayehudi,TRUE,2015,4108,בני דרור,BENE DEROR,1,יהודי,1220,530,680,190,60,130,390,450,0.702473533362217,1736.72023508241,0.368852459016393,63
387,כפר מונש,כפרמונש,92.18302234793828,0,NA,NA,no_red_alert,2006,0.0076530612244898,Party_habait_hayehudi,FALSE,2006,4121,כפר מונש,KEFAR MONASH,1,NA,785,NA,NA,NA,NA,NA,NA,NA,0.902202274282273,870.093129198205,NA,61
387,כפר מונש,כפרמונש,92.18302234793828,0,NA,NA,no_red_alert,2009,0.0107758620689655,Party_habait_hayehudi,FALSE,2009,4127,כפר מונש,KEFAR MONASH,1,NA,922,NA,NA,NA,NA,NA,NA,NA,0.902202274282273,1021.94377722388,NA,58.5
387,כפר מונש,כפרמונש,92.18302234793828,0,NA,NA,no_red_alert,2013,0.0368098159509202,Party_habait_hayehudi,FALSE,2013,4120,כפר מונש,KEFAR MONASH,1,יהודי,950,480,470,290,50,110,430,70,0.902202274282273,1052.97894616343,0.0736842105263158,63
387,כפר מונש,כפרמונש,92.18302234793828,0,NA,NA,no_red_alert,2015,0.0163934426229508,Party_habait_hayehudi,TRUE,2015,4117,כפר מונש,KEFAR MONASH,1,יהודי,950,470,480,290,60,100,420,80,0.902202274282273,1052.97894616343,0.0842105263157895,60
388,כפר קיש,כפרקיש,148.75314360833542,1,6,1,temporal_distance == 6,2006,0.0072463768115942,Party_habait_hayehudi,FALSE,2006,4132,כפר קיש,KEFAR KISCH,1,NA,305,NA,NA,NA,NA,NA,NA,NA,0.966212437497487,315.66557018243,NA,15
388,כפר קיש,כפרקיש,148.75314360833542,1,6,1,temporal_distance == 6,2009,0.0165745856353591,Party_habait_hayehudi,FALSE,2009,4144,כפר קיש,KEFAR KISCH,1,NA,356,NA,NA,NA,NA,NA,NA,NA,0.966212437497487,368.448993393263,NA,19
388,כפר קיש,כפרקיש,148.75314360833542,1,6,1,temporal_distance == 6,2013,0.0789473684210526,Party_habait_hayehudi,FALSE,2013,4138,כפר קיש,KEFAR KISCH,1,יהודי,480,250,230,150,30,60,230,30,0.966212437497487,496.785159631366,0.0625,18
388,כפר קיש,כפרקיש,148.75314360833542,1,6,1,temporal_distance == 6,2015,0.0471014492753623,Party_habait_hayehudi,TRUE,2015,4135,כפר קיש,KEFAR KISCH,1,יהודי,520,270,260,160,40,50,240,40,0.966212437497487,538.18392293398006,0.0769230769230769,28
389,בצרה,בצרה,77.02208289412017,1,227,5,temporal_distance > 149,2006,0.00938967136150235,Party_habait_hayehudi,FALSE,2006,4154,בצרה,BAZRA,1,NA,868,NA,NA,NA,NA,NA,NA,NA,1.28760477125216,674.119900282673,NA,61
389,בצרה,בצרה,77.02208289412017,1,227,5,temporal_distance > 149,2009,0.0162932790224033,Party_habait_hayehudi,FALSE,2009,4157,בצרה,BAZRA,1,NA,1037,NA,NA,NA,NA,NA,NA,NA,1.28760477125216,805.371355522041,NA,59
389,בצרה,בצרה,77.02208289412017,1,227,5,temporal_distance > 149,2013,0.04,Party_habait_hayehudi,FALSE,2013,4160,בצרה,BAZRA,1,יהודי,1100,580,530,320,80,90,510,100,1.28760477125216,854.299412800622,0.0909090909090909,63
389,בצרה,בצרה,77.02208289412017,1,227,5,temporal_distance > 149,2015,0.0488245931283906,Party_habait_hayehudi,TRUE,2015,4153,בצרה,BAZRA,1,יהודי,1120,570,550,320,100,80,500,110,1.28760477125216,869.832129396997,0.0982142857142857,61
407,דברת,דברת,141.53411589584653,1,6,1,temporal_distance == 6,2006,0.0118343195266272,Party_habait_hayehudi,FALSE,2006,4373,דברת,DAVERAT,1,NA,282,NA,NA,NA,NA,NA,NA,NA,0.330312446372629,853.737130092498,NA,58.6666666666667
407,דברת,דברת,141.53411589584653,1,6,1,temporal_distance == 6,2009,0.0062111801242236,Party_habait_hayehudi,FALSE,2009,4378,דברת,DAVERAT,1,NA,306,NA,NA,NA,NA,NA,NA,NA,0.330312446372629,926.395609249306,NA,56.6666666666667
407,דברת,דברת,141.53411589584653,1,6,1,temporal_distance == 6,2013,0.0335195530726257,Party_habait_hayehudi,FALSE,2013,4379,דברת,DAVERAT,1,יהודי,300,140,150,70,10,30,120,70,0.330312446372629,908.230989460104,0.233333333333333,61.3333333333333
407,דברת,דברת,141.53411589584653,1,6,1,temporal_distance == 6,2015,0.0186335403726708,Party_habait_hayehudi,TRUE,2015,4377,דברת,DAVERAT,1,יהודי,350,180,180,110,20,30,140,60,0.330312446372629,1059.60282103679,0.17142857142857101,58.6666666666667
417,יקום,יקום,79.23213646144511,1,227,5,temporal_distance > 149,2006,0.00554016620498615,Party_habait_hayehudi,FALSE,2006,4492,יקום,YAQUM,1,NA,555,NA,NA,NA,NA,NA,NA,NA,0.519009791025305,1069.3439884893,NA,61
417,יקום,יקום,79.23213646144511,1,227,5,temporal_distance > 149,2009,0.00265957446808511,Party_habait_hayehudi,FALSE,2009,4504,יקום,YAQUM,1,NA,637,NA,NA,NA,NA,NA,NA,NA,0.519009791025305,1227.33715435619,NA,59
417,יקום,יקום,79.23213646144511,1,227,5,temporal_distance > 149,2013,0.0147058823529412,Party_habait_hayehudi,FALSE,2013,4502,יקום,YAQUM,1,יהודי,670,330,340,160,30,90,290,100,0.519009791025305,1290.91976988799,0.149253731343284,63
417,יקום,יקום,79.23213646144511,1,227,5,temporal_distance > 149,2015,0.0122850122850123,Party_habait_hayehudi,TRUE,2015,4505,יקום,YAQUM,1,יהודי,710,350,360,170,40,80,320,100,0.519009791025305,1367.98960689623,0.140845070422535,61
418,בני ציון,בניציון,77.10316423177865,1,227,5,temporal_distance > 149,2006,0.0128755364806867,Party_habait_hayehudi,FALSE,2006,4514,בני ציון,BENE ZIYYON,1,NA,985,NA,NA,NA,NA,NA,NA,NA,1.99617449632588,493.443835603037,NA,61
418,בני ציון,בניציון,77.10316423177865,1,227,5,temporal_distance > 149,2009,0.0114285714285714,Party_habait_hayehudi,FALSE,2009,4515,בני ציון,BENE ZIYYON,1,NA,1228,NA,NA,NA,NA,NA,NA,NA,1.99617449632588,615.17668032541,NA,59
418,בני ציון,בניציון,77.10316423177865,1,227,5,temporal_distance > 149,2013,0.0366056572379368,Party_habait_hayehudi,FALSE,2013,4520,בני ציון,BENE ZIYYON,1,יהודי,1350,680,670,400,100,130,610,100,1.99617449632588,676.293581790964,0.0740740740740741,63
418,בני ציון,בניציון,77.10316423177865,1,227,5,temporal_distance > 149,2015,0.0302114803625378,Party_habait_hayehudi,TRUE,2015,4521,בני ציון,BENE ZIYYON,1,יהודי,1390,680,710,410,110,140,610,130,1.99617449632588,696.331910140326,0.0935251798561151,59
422,חרב לאת,חרבלאת,97.68828579979169,0,NA,NA,no_red_alert,2006,0.0747330960854092,Party_habait_hayehudi,FALSE,2006,4555,חרב לאת,HEREV LE'ET,1,NA,796,NA,NA,NA,NA,NA,NA,NA,0.642343020534109,1239.21327788091,NA,61
422,חרב לאת,חרבלאת,97.68828579979169,0,NA,NA,no_red_alert,2009,0.0429799426934097,Party_habait_hayehudi,FALSE,2009,4559,חרב לאת,HEREV LE'ET,1,NA,769,NA,NA,NA,NA,NA,NA,NA,0.642343020534109,1197.17966167139,NA,59
422,חרב לאת,חרבלאת,97.68828579979169,0,NA,NA,no_red_alert,2013,0.0875331564986737,Party_habait_hayehudi,FALSE,2013,4564,חרב לאת,HEREV LE'ET,1,יהודי,840,530,310,190,200,100,280,60,0.642343020534109,1307.71250429644,0.0714285714285714,63
422,חרב לאת,חרבלאת,97.68828579979169,0,NA,NA,no_red_alert,2015,0.0626506024096386,Party_habait_hayehudi,TRUE,2015,4560,חרב לאת,HEREV LE'ET,1,יהודי,850,530,320,200,140,160,290,70,0.642343020534109,1323.28051029997,0.0823529411764706,61.5
423,העוגן,העוגן,94.01642314384937,0,NA,NA,no_red_alert,2006,0.0134770889487871,Party_habait_hayehudi,FALSE,2006,4570,העוגן,HAOGEN,1,NA,543,NA,NA,NA,NA,NA,NA,NA,0.40042944144464,1356.04414610725,NA,58.5
423,העוגן,העוגן,94.01642314384937,0,NA,NA,no_red_alert,2009,0.0125,Party_habait_hayehudi,FALSE,2009,4577,העוגן,HAOGEN,1,NA,726,NA,NA,NA,NA,NA,NA,NA,0.40042944144464,1813.05349921522,NA,56
423,העוגן,העוגן,94.01642314384937,0,NA,NA,no_red_alert,2013,0.0212264150943396,Party_habait_hayehudi,FALSE,2013,4573,העוגן,HAOGEN,1,יהודי,830,410,420,180,20,100,360,170,0.40042944144464,2072.77466163723,0.204819277108434,61.5
423,העוגן,העוגן,94.01642314384937,0,NA,NA,no_red_alert,2015,0.0219298245614035,Party_habait_hayehudi,TRUE,2015,4580,העוגן,HAOGEN,1,יהודי,860,420,440,190,20,100,370,180,0.40042944144464,2147.6942277205,0.209302325581395,58.25
425,משמרת,משמרת,79.37736751504774,1,227,5,temporal_distance > 149,2006,0.0169491525423729,Party_habait_hayehudi,FALSE,2006,4597,משמרת,MISHMERET,1,NA,746,NA,NA,NA,NA,NA,NA,NA,2.63296659996936,283.330597512585,NA,61
425,משמרת,משמרת,79.37736751504774,1,227,5,temporal_distance > 149,2009,0.0162790697674419,Party_habait_hayehudi,FALSE,2009,4610,משמרת,MISHMERET,1,NA,971,NA,NA,NA,NA,NA,NA,NA,2.63296659996936,368.785536440644,NA,59
425,משמרת,משמרת,79.37736751504774,1,227,5,temporal_distance > 149,2013,0.040948275862069,Party_habait_hayehudi,FALSE,2013,4603,משמרת,MISHMERET,1,יהודי,1020,530,490,350,80,90,450,60,2.63296659996936,387.395723140532,0.0588235294117647,63
425,משמרת,משמרת,79.37736751504774,1,227,5,temporal_distance > 149,2015,0.0218253968253968,Party_habait_hayehudi,TRUE,2015,4604,משמרת,MISHMERET,1,יהודי,1050,540,510,340,90,100,470,70,2.63296659996936,398.789714997607,0.0666666666666667,60.75
426,עין כרמל,עיןכרמל,127.4922521478047,1,232,1,temporal_distance > 149,2006,0.00763358778625954,Party_habait_hayehudi,FALSE,2006,4624,עין כרמל,EN KARMEL,1,NA,417,NA,NA,NA,NA,NA,NA,NA,0.364654813825848,1143.54722381137,NA,45
426,עין כרמל,עיןכרמל,127.4922521478047,1,232,1,temporal_distance > 149,2009,0.00763358778625954,Party_habait_hayehudi,FALSE,2009,4619,עין כרמל,EN KARMEL,1,NA,580,NA,NA,NA,NA,NA,NA,NA,0.364654813825848,1590.54529930598,NA,47.25
426,עין כרמל,עיןכרמל,127.4922521478047,1,232,1,temporal_distance > 149,2013,0.0108108108108108,Party_habait_hayehudi,FALSE,2013,4617,עין כרמל,EN KARMEL,1,יהודי,840,390,450,290,40,70,360,90,0.364654813825848,2303.54836451211,0.107142857142857,45
426,עין כרמל,עיןכרמל,127.4922521478047,1,232,1,temporal_distance > 149,2015,0.0106666666666667,Party_habait_hayehudi,TRUE,2015,4620,עין כרמל,EN KARMEL,1,יהודי,890,420,470,300,60,70,390,80,0.364654813825848,2440.66433859021,0.0898876404494382,49
427,כפר גלים,כפרגלים,137.05314277344337,0,NA,NA,no_red_alert,2006,0.0169491525423729,Party_habait_hayehudi,FALSE,2006,4633,כפר גלים,KEFAR GALLIM,1,NA,288,NA,NA,NA,NA,NA,NA,NA,0.37004176804678,778.290519797732,NA,60
427,כפר גלים,כפרגלים,137.05314277344337,0,NA,NA,no_red_alert,2009,0,Party_habait_hayehudi,FALSE,2009,4631,כפר גלים,KEFAR GALLIM,1,NA,285,NA,NA,NA,NA,NA,NA,NA,0.37004176804678,770.183326883172,NA,57
427,כפר גלים,כפרגלים,137.05314277344337,0,NA,NA,no_red_alert,2013,0.0357142857142857,Party_habait_hayehudi,FALSE,2013,4637,כפר גלים,KEFAR GALLIM,1,יהודי,300,190,110,80,130,20,70,0,0.37004176804678,810.719291455971,0,62
427,כפר גלים,כפרגלים,137.05314277344337,0,NA,NA,no_red_alert,2015,0.0338983050847458,Party_habait_hayehudi,TRUE,2015,4639,כפר גלים,KEFAR GALLIM,1,יהודי,290,180,120,80,130,20,60,0,0.37004176804678,783.695315074105,0,63
429,אלוני אבא,אלוניאבא,140.92476887503258,1,6,1,temporal_distance == 6,2006,0.00510204081632653,Party_habait_hayehudi,FALSE,2006,4664,אלוני אבא,ALLONE ABBA,1,NA,387,NA,NA,NA,NA,NA,NA,NA,0.892675148161718,433.528367846856,NA,55
429,אלוני אבא,אלוניאבא,140.92476887503258,1,6,1,temporal_distance == 6,2009,0,Party_habait_hayehudi,FALSE,2009,4666,אלוני אבא,ALLONE ABBA,1,NA,775,NA,NA,NA,NA,NA,NA,NA,0.892675148161718,868.176964034402,NA,57
429,אלוני אבא,אלוניאבא,140.92476887503258,1,6,1,temporal_distance == 6,2013,0.0216450216450216,Party_habait_hayehudi,FALSE,2013,4670,אלוני אבא,ALLONE ABBA,1,יהודי,980,480,500,380,70,60,420,40,0.892675148161718,1097.82377387576,0.0408163265306122,62
429,אלוני אבא,אלוניאבא,140.92476887503258,1,6,1,temporal_distance == 6,2015,0.0219123505976096,Party_habait_hayehudi,TRUE,2015,4658,אלוני אבא,ALLONE ABBA,1,יהודי,1000,490,510,350,90,80,430,50,0.892675148161718,1120.22834068955,0.05,55
430,בית לחם הגלילית,ביתלחםהגלילית,141.74043281889269,1,6,1,temporal_distance == 6,2006,0.0317919075144509,Party_habait_hayehudi,FALSE,2006,4672,בית לחם הגלילית,BET LEHEM HAGELILIT,1,NA,651,NA,NA,NA,NA,NA,NA,NA,2.1466627565665,303.261421948386,NA,54.5
430,בית לחם הגלילית,ביתלחםהגלילית,141.74043281889269,1,6,1,temporal_distance == 6,2009,0.0154639175257732,Party_habait_hayehudi,FALSE,2009,4681,בית לחם הגלילית,BET LEHEM HAGELILIT,1,NA,784,NA,NA,NA,NA,NA,NA,NA,2.1466627565665,365.218056539992,NA,54
430,בית לחם הגלילית,ביתלחםהגלילית,141.74043281889269,1,6,1,temporal_distance == 6,2013,0.0635294117647059,Party_habait_hayehudi,FALSE,2013,4673,בית לחם הגלילית,BET LEHEM HAGELILIT,1,יהודי,780,390,390,200,60,110,350,60,2.1466627565665,363.354699108666,0.0769230769230769,60.5
430,בית לחם הגלילית,ביתלחםהגלילית,141.74043281889269,1,6,1,temporal_distance == 6,2015,0.0364464692482916,Party_habait_hayehudi,TRUE,2015,4684,בית לחם הגלילית,BET LEHEM HAGELILIT,1,יהודי,780,390,390,190,60,100,350,70,2.1466627565665,363.354699108666,0.0897435897435897,53.5
433,נחשולים,נחשולים,119.86275233306884,0,NA,NA,no_red_alert,2006,0,Party_habait_hayehudi,FALSE,2006,4723,נחשולים,NAHSHOLIM,1,NA,399,NA,NA,NA,NA,NA,NA,NA,0.453237012311127,880.334105913894,NA,41.75
433,נחשולים,נחשולים,119.86275233306884,0,NA,NA,no_red_alert,2009,0.0036101083032491,Party_habait_hayehudi,FALSE,2009,4722,נחשולים,NAHSHOLIM,1,NA,428,NA,NA,NA,NA,NA,NA,NA,0.453237012311127,944.318289050492,NA,36
433,נחשולים,נחשולים,119.86275233306884,0,NA,NA,no_red_alert,2013,0.0186170212765957,Party_habait_hayehudi,FALSE,2013,4731,נחשולים,NAHSHOLIM,1,יהודי,600,280,320,150,30,70,260,80,0.453237012311127,1323.8106855848,0.133333333333333,47
433,נחשולים,נחשולים,119.86275233306884,0,NA,NA,no_red_alert,2015,0.0196560196560197,Party_habait_hayehudi,TRUE,2015,4725,נחשולים,NAHSHOLIM,1,יהודי,640,300,350,190,30,60,280,90,0.453237012311127,1412.06473129046,0.140625,35.5
434,החותרים,החותרים,135.4236556924116,0,NA,NA,no_red_alert,2006,0.0029940119760479,Party_habait_hayehudi,FALSE,2006,4735,החותרים,HAHOTERIM,1,NA,516,NA,NA,NA,NA,NA,NA,NA,0.378827819188269,1362.09637693888,NA,49
434,החותרים,החותרים,135.4236556924116,0,NA,NA,no_red_alert,2009,0.00906344410876133,Party_habait_hayehudi,FALSE,2009,4734,החותרים,HAHOTERIM,1,NA,593,NA,NA,NA,NA,NA,NA,NA,0.378827819188269,1565.35494481542,NA,52.5
434,החותרים,החותרים,135.4236556924116,0,NA,NA,no_red_alert,2013,0.0296495956873315,Party_habait_hayehudi,FALSE,2013,4741,החותרים,HAHOTERIM,1,יהודי,660,340,320,160,30,70,300,100,0.378827819188269,1742.21629608462,0.151515151515152,54
434,החותרים,החותרים,135.4236556924116,0,NA,NA,no_red_alert,2015,0.0100502512562814,Party_habait_hayehudi,TRUE,2015,4746,החותרים,HAHOTERIM,1,יהודי,730,360,370,200,30,60,330,110,0.378827819188269,1926.99681233602,0.150684931506849,60
436,עין דור,עיןדור,146.15003515988576,1,6,1,temporal_distance == 6,2006,0.00251889168765743,Party_habait_hayehudi,FALSE,2006,4763,עין דור,EN DOR,1,NA,688,NA,NA,NA,NA,NA,NA,NA,0.48854051263927,1408.27624772238,NA,29.75
436,עין דור,עיןדור,146.15003515988576,1,6,1,temporal_distance == 6,2009,0.00248138957816377,Party_habait_hayehudi,FALSE,2009,4774,עין דור,EN DOR,1,NA,653,NA,NA,NA,NA,NA,NA,NA,0.48854051263927,1336.63428744581,NA,34.5
436,עין דור,עיןדור,146.15003515988576,1,6,1,temporal_distance == 6,2013,0.0201207243460765,Party_habait_hayehudi,FALSE,2013,4764,עין דור,EN DOR,1,יהודי,870,420,450,210,70,130,330,130,0.48854051263927,1780.81444116057,0.149425287356322,34.25
436,עין דור,עיןדור,146.15003515988576,1,6,1,temporal_distance == 6,2015,0.0257289879931389,Party_habait_hayehudi,TRUE,2015,4766,עין דור,EN DOR,1,יהודי,990,480,510,270,50,130,380,150,0.48854051263927,2026.44401925169,0.151515151515152,43.25
437,רשפים,רשפים,134.03721163914344,1,6,1,temporal_distance == 6,2006,0.0112359550561798,Party_habait_hayehudi,FALSE,2006,4778,רשפים,RESHAFIM,1,NA,324,NA,NA,NA,NA,NA,NA,NA,1.04999470807682,308.572983756692,NA,42.5
437,רשפים,רשפים,134.03721163914344,1,6,1,temporal_distance == 6,2009,0.0111524163568773,Party_habait_hayehudi,FALSE,2009,4783,רשפים,RESHAFIM,1,NA,517,NA,NA,NA,NA,NA,NA,NA,1.04999470807682,492.383433957437,NA,49
437,רשפים,רשפים,134.03721163914344,1,6,1,temporal_distance == 6,2013,0.0178571428571429,Party_habait_hayehudi,FALSE,2013,4782,רשפים,RESHAFIM,1,יהודי,590,290,310,140,40,80,240,90,1.04999470807682,561.907593877926,0.152542372881356,49
437,רשפים,רשפים,134.03721163914344,1,6,1,temporal_distance == 6,2015,0.0290322580645161,Party_habait_hayehudi,TRUE,2015,4784,רשפים,RESHAFIM,1,יהודי,730,360,370,230,40,80,300,90,1.04999470807682,695.241599204891,0.123287671232877,55.5
439,שלוחות,שלוחות,133.18787792199944,1,6,2,temporal_distance == 6,2006,0.532319391634981,Party_habait_hayehudi,FALSE,2006,4795,שלוחות,SHELUHOT,1,NA,397,NA,NA,NA,NA,NA,NA,NA,2.19332744247934,181.003525652891,NA,41.3333333333333
439,שלוחות,שלוחות,133.18787792199944,1,6,2,temporal_distance == 6,2009,0.53030303030303,Party_habait_hayehudi,FALSE,2009,4804,שלוחות,SHELUHOT,1,NA,442,NA,NA,NA,NA,NA,NA,NA,2.19332744247934,201.52029808206,NA,39.5
439,שלוחות,שלוחות,133.18787792199944,1,6,2,temporal_distance == 6,2013,0.588235294117647,Party_habait_hayehudi,FALSE,2013,4797,שלוחות,SHELUHOT,1,יהודי,500,240,260,130,30,90,170,70,2.19332744247934,227.964138101878,0.14,50.6666666666667
439,שלוחות,שלוחות,133.18787792199944,1,6,2,temporal_distance == 6,2015,0.517730496453901,Party_habait_hayehudi,TRUE,2015,4800,שלוחות,SHELUHOT,1,יהודי,470,220,260,120,30,80,170,70,2.19332744247934,214.286289815766,0.148936170212766,53
442,גדעונה,גדעונה,133.6212138992669,0,NA,NA,no_red_alert,2006,0.0128205128205128,Party_habait_hayehudi,FALSE,2006,4822,גדעונה,GID'ONA,1,NA,160,NA,NA,NA,NA,NA,NA,NA,0.0737311824139807,2170.04522050987,NA,31
442,גדעונה,גדעונה,133.6212138992669,0,NA,NA,no_red_alert,2009,0.03,Party_habait_hayehudi,FALSE,2009,4826,גדעונה,GID'ONA,1,NA,206,NA,NA,NA,NA,NA,NA,NA,0.0737311824139807,2793.93322140645,NA,37.3333333333333
442,גדעונה,גדעונה,133.6212138992669,0,NA,NA,no_red_alert,2013,0.165467625899281,Party_habait_hayehudi,FALSE,2013,4828,גדעונה,GID'ONA,1,יהודי,340,170,170,120,20,40,150,20,0.0737311824139807,4611.34609358347,0.0588235294117647,38
442,גדעונה,גדעונה,133.6212138992669,0,NA,NA,no_red_alert,2015,0.0588235294117647,Party_habait_hayehudi,TRUE,2015,4832,גדעונה,GID'ONA,1,יהודי,410,210,200,140,20,50,170,30,0.0737311824139807,5560.74087755653,0.0731707317073171,45
444,רגבים,רגבים,114.88078356978818,1,232,4,temporal_distance > 149,2006,0.0171428571428571,Party_habait_hayehudi,FALSE,2006,4855,רגבים,REGAVIM,1,NA,270,NA,NA,NA,NA,NA,NA,NA,0.30496357381005,885.351639301592,NA,57
444,רגבים,רגבים,114.88078356978818,1,232,4,temporal_distance > 149,2009,0.0289855072463768,Party_habait_hayehudi,FALSE,2009,4866,רגבים,REGAVIM,1,NA,289,NA,NA,NA,NA,NA,NA,NA,0.30496357381005,947.65416206726,NA,44.75
444,רגבים,רגבים,114.88078356978818,1,232,4,temporal_distance > 149,2013,0.0432692307692308,Party_habait_hayehudi,FALSE,2013,4865,רגבים,REGAVIM,1,יהודי,370,180,190,110,10,40,170,50,0.30496357381005,1213.25965385774,0.135135135135135,57
444,רגבים,רגבים,114.88078356978818,1,232,4,temporal_distance > 149,2015,0.0193050193050193,Party_habait_hayehudi,TRUE,2015,4862,רגבים,REGAVIM,1,יהודי,420,200,210,130,20,30,180,60,0.30496357381005,1377.21366113581,0.142857142857143,51
445,רמות מנשה,רמותמנשה,122.86276047926935,1,6,3,temporal_distance == 6,2006,0.00292397660818713,Party_habait_hayehudi,FALSE,2006,4867,רמות מנשה,RAMOT MENASHE,1,NA,468,NA,NA,NA,NA,NA,NA,NA,0.480008811424015,974.982102123524,NA,31
445,רמות מנשה,רמותמנשה,122.86276047926935,1,6,3,temporal_distance == 6,2009,0.00226244343891403,Party_habait_hayehudi,FALSE,2009,4872,רמות מנשה,RAMOT MENASHE,1,NA,857,NA,NA,NA,NA,NA,NA,NA,0.480008811424015,1785.38389213645,NA,43
445,רמות מנשה,רמותמנשה,122.86276047926935,1,6,3,temporal_distance == 6,2013,0.0101522842639594,Party_habait_hayehudi,FALSE,2013,4876,רמות מנשה,RAMOT MENASHE,1,יהודי,1060,530,530,370,60,80,450,110,0.480008811424015,2208.29279540798,0.10377358490566,46
445,רמות מנשה,רמותמנשה,122.86276047926935,1,6,3,temporal_distance == 6,2015,0.00969305331179321,Party_habait_hayehudi,TRUE,2015,4881,רמות מנשה,RAMOT MENASHE,1,יהודי,1090,540,550,390,60,80,450,110,0.480008811424015,2270.79164810821,0.100917431192661,52
446,אודים,אודים,80.77249215761745,0,NA,NA,no_red_alert,2006,0.0414634146341463,Party_habait_hayehudi,FALSE,2006,4883,אודים,UDIM,1,NA,822,NA,NA,NA,NA,NA,NA,NA,1.69948573764804,483.6757271865,NA,61
446,אודים,אודים,80.77249215761745,0,NA,NA,no_red_alert,2009,0.0278969957081545,Party_habait_hayehudi,FALSE,2009,4895,אודים,UDIM,1,NA,1196,NA,NA,NA,NA,NA,NA,NA,1.69948573764804,703.742298923423,NA,59
446,אודים,אודים,80.77249215761745,0,NA,NA,no_red_alert,2013,0.0451263537906137,Party_habait_hayehudi,FALSE,2013,4888,אודים,UDIM,1,יהודי,1250,630,620,330,90,130,570,130,1.69948573764804,735.516616767792,0.104,63
446,אודים,אודים,80.77249215761745,0,NA,NA,no_red_alert,2015,0.0306122448979592,Party_habait_hayehudi,TRUE,2015,4894,אודים,UDIM,1,יהודי,1310,660,650,350,110,120,590,140,1.69948573764804,770.821414372646,0.106870229007634,63
447,נורדיה,נורדיה,87.947131550637,0,NA,NA,no_red_alert,2006,0.0276134122287968,Party_habait_hayehudi,FALSE,2006,4901,נורדייה,NORDIYYA,1,NA,2079,NA,NA,NA,NA,NA,NA,NA,1.00201056149711,2074.82842984584,NA,61
447,נורדיה,נורדיה,87.947131550637,0,NA,NA,no_red_alert,2009,0.0214285714285714,Party_habait_hayehudi,FALSE,2009,4907,נורדייה,NORDIYYA,1,NA,1858,NA,NA,NA,NA,NA,NA,NA,1.00201056149711,1854.27187236824,NA,59
447,נורדיה,נורדיה,87.947131550637,0,NA,NA,no_red_alert,2013,0.0464,Party_habait_hayehudi,FALSE,2013,4902,נורדייה,NORDIYYA,1,יהודי,2000,950,1050,270,120,290,730,590,1.00201056149711,1995.98694549865,0.295,63
447,נורדיה,נורדיה,87.947131550637,0,NA,NA,no_red_alert,2015,0.0367316341829085,Party_habait_hayehudi,TRUE,2015,4908,נורדייה,NORDIYYA,1,יהודי,2010,950,1060,310,100,250,720,630,1.00201056149711,2005.96688022614,0.313432835820896,63
452,יזרעאל,יזרעאל,132.45389734501876,1,6,1,temporal_distance == 6,2006,0.00980392156862745,Party_habait_hayehudi,FALSE,2006,4959,יזרעאל,YIZRE'EL,1,NA,487,NA,NA,NA,NA,NA,NA,NA,0.429230058075137,1134.58969342438,NA,36
452,יזרעאל,יזרעאל,132.45389734501876,1,6,1,temporal_distance == 6,2009,0.0119760479041916,Party_habait_hayehudi,FALSE,2009,4971,יזרעאל,YIZRE'EL,1,NA,535,NA,NA,NA,NA,NA,NA,NA,0.429230058075137,1246.41783569208,NA,34
452,יזרעאל,יזרעאל,132.45389734501876,1,6,1,temporal_distance == 6,2013,0.0120845921450151,Party_habait_hayehudi,FALSE,2013,4966,יזרעאל,YIZRE'EL,1,יהודי,550,270,280,140,40,70,200,110,0.429230058075137,1281.36413015074,0.2,44
452,יזרעאל,יזרעאל,132.45389734501876,1,6,1,temporal_distance == 6,2015,0.0256410256410256,Party_habait_hayehudi,TRUE,2015,4967,יזרעאל,YIZRE'EL,1,יהודי,570,270,290,150,40,70,190,120,0.429230058075137,1327.95918942895,0.210526315789474,36.5
457,גזית,גזית,145.98987155157408,1,6,1,temporal_distance == 6,2006,0.00476190476190476,Party_habait_hayehudi,FALSE,2006,5031,גזית,GAZIT,1,NA,562,NA,NA,NA,NA,NA,NA,NA,0.62409805989074,900.499514608952,NA,21
457,גזית,גזית,145.98987155157408,1,6,1,temporal_distance == 6,2009,0,Party_habait_hayehudi,FALSE,2009,5025,גזית,GAZIT,1,NA,591,NA,NA,NA,NA,NA,NA,NA,0.62409805989074,946.966571412617,NA,20
457,גזית,גזית,145.98987155157408,1,6,1,temporal_distance == 6,2013,0,Party_habait_hayehudi,FALSE,2013,5020,גזית,GAZIT,1,יהודי,640,310,330,120,30,90,250,140,0.62409805989074,1025.47987428777,0.21875,18
457,גזית,גזית,145.98987155157408,1,6,1,temporal_distance == 6,2015,0.00458715596330275,Party_habait_hayehudi,TRUE,2015,5026,גזית,GAZIT,1,יהודי,660,320,340,140,30,80,260,150,0.62409805989074,1057.52612035927,0.227272727272727,23
475,דחי,דחי,139.1312258485705,1,6,1,temporal_distance == 6,2006,0,Party_habait_hayehudi,FALSE,2006,5174,דחי,DAHI,2,NA,556,NA,NA,NA,NA,NA,NA,NA,0.239168043845771,2324.72528963167,NA,48
475,דחי,דחי,139.1312258485705,1,6,1,temporal_distance == 6,2009,0,Party_habait_hayehudi,FALSE,2009,5173,דחי,DAHI,2,NA,576,NA,NA,NA,NA,NA,NA,NA,0.239168043845771,2408.34850148892,NA,54
475,דחי,דחי,139.1312258485705,1,6,1,temporal_distance == 6,2013,0.00662251655629139,Party_habait_hayehudi,FALSE,2013,5172,דחי,DAHI,2,לא יהודי,620,320,300,190,60,80,250,40,0.239168043845771,2592.31956757488,0.0645161290322581,48
475,דחי,דחי,139.1312258485705,1,6,1,temporal_distance == 6,2015,0,Party_habait_hayehudi,TRUE,2015,5170,דחי,DAHI,2,לא יהודי,640,330,300,190,70,80,260,40,0.239168043845771,2675.94277943214,0.0625,59.75
478,אכסאל,אכסאל,141.57001054402852,1,6,1,temporal_distance == 6,2006,8.768084173608e-4,Party_habait_hayehudi,FALSE,2006,5195,אכסאל,IKSAL,2,NA,11543,NA,NA,NA,NA,NA,NA,NA,9.09334711990552,1269.38957105598,NA,45.9285714285714
478,אכסאל,אכסאל,141.57001054402852,1,6,1,temporal_distance == 6,2009,3.6791758646063e-4,Party_habait_hayehudi,FALSE,2009,5194,אכסאל,IKSAL,2,NA,12150,NA,NA,NA,NA,NA,NA,NA,9.09334711990552,1336.14166926537,NA,49.7272727272727
478,אכסאל,אכסאל,141.57001054402852,1,6,1,temporal_distance == 6,2013,2.8089887640449e-4,Party_habait_hayehudi,FALSE,2013,5189,אכסאל,IKSAL,2,לא יהודי,13090,6730,6360,4510,1440,2140,4540,460,9.09334711990552,1439.51394655833,0.0351413292589763,53.2857142857143
478,אכסאל,אכסאל,141.57001054402852,1,6,1,temporal_distance == 6,2015,5.5015587749862e-4,Party_habait_hayehudi,TRUE,2015,5186,אכסאל,IKSAL,2,לא יהודי,13740,7090,6650,4500,1510,2370,4840,520,9.09334711990552,1510.99477660133,0.0378457059679767,56.9285714285714
489,דבוריה,דבוריה,145.6142463903271,1,6,1,temporal_distance == 6,2006,0.0011359333585763,Party_habait_hayehudi,FALSE,2006,5300,דבורייה,DABURIYYA,2,NA,8506,NA,NA,NA,NA,NA,NA,NA,5.04728773394138,1685.26155994632,NA,41
489,דבוריה,דבוריה,145.6142463903271,1,6,1,temporal_distance == 6,2009,0.00124185035703198,Party_habait_hayehudi,FALSE,2009,5302,דבורייה,DABURIYYA,2,NA,9003,NA,NA,NA,NA,NA,NA,NA,5.04728773394138,1783.73028734972,NA,47
489,דבוריה,דבוריה,145.6142463903271,1,6,1,temporal_distance == 6,2013,0.00120228434024647,Party_habait_hayehudi,FALSE,2013,5293,דבורייה,DABURIYYA,2,לא יהודי,9550,4870,4680,3150,930,1470,3460,540,5.04728773394138,1892.10532535709,0.056544502617801,51.2857142857143
489,דבוריה,דבוריה,145.6142463903271,1,6,1,temporal_distance == 6,2015,6.6607460035524e-4,Party_habait_hayehudi,TRUE,2015,5303,דבורייה,DABURIYYA,2,לא יהודי,9890,5030,4860,3090,1070,1530,3600,600,5.04728773394138,1959.46823746404,0.0606673407482305,49
494,דאלית אל-כרמל,דאליתאלכרמל,131.28524880987538,1,232,1,temporal_distance > 149,2006,NA,Party_habait_hayehudi,FALSE,2006,5353,עיר כרמל,IR KARMEL,2,NA,24439,NA,NA,NA,NA,NA,NA,NA,8.97240781457225,2723.79505090129,NA,51.6363636363636
494,דאלית אל-כרמל,דאליתאלכרמל,131.28524880987538,1,232,1,temporal_distance > 149,2009,0.00262123197903014,Party_habait_hayehudi,FALSE,2009,5361,דאלית אל-כרמל,DALIYAT AL-KARMEL,2,NA,15500,NA,NA,NA,NA,NA,NA,NA,8.97240781457225,1727.51844547527,NA,51.3333333333333
494,דאלית אל-כרמל,דאליתאלכרמל,131.28524880987538,1,232,1,temporal_distance > 149,2013,0.0028436018957346,Party_habait_hayehudi,FALSE,2013,5356,דאלית אל-כרמל,DALIYAT AL-KARMEL,2,לא יהודי,16250,8250,8000,4190,1400,2710,7020,920,8.97240781457225,1811.10804767568,0.0566153846153846,53.9090909090909
494,דאלית אל-כרמל,דאליתאלכרמל,131.28524880987538,1,232,1,temporal_distance > 149,2015,0.0024002400240024,Party_habait_hayehudi,TRUE,2015,5358,דאלית אל-כרמל,DALIYAT AL-KARMEL,2,לא יהודי,16780,8540,8240,4220,1440,2770,7280,1070,8.97240781457225,1870.17803323064,0.0637663885578069,51.9090909090909
497,טייבה (בעמק),טייבהבעמק,142.92744793852177,0,NA,NA,no_red_alert,2006,0.00171821305841924,Party_habait_hayehudi,FALSE,2006,5389,טייבה (בעמק),TAYIBE(BAEMEQ),2,NA,1534,NA,NA,NA,NA,NA,NA,NA,0.368358023084362,4164.42673667157,NA,24
497,טייבה (בעמק),טייבהבעמק,142.92744793852177,0,NA,NA,no_red_alert,2009,0.00162866449511401,Party_habait_hayehudi,FALSE,2009,5387,טייבה (בעמק),TAYIBE(BAEMEQ),2,NA,1547,NA,NA,NA,NA,NA,NA,NA,0.368358023084362,4199.71848867726,NA,22
497,טייבה (בעמק),טייבהבעמק,142.92744793852177,0,NA,NA,no_red_alert,2013,0.00165289256198347,Party_habait_hayehudi,FALSE,2013,5393,טייבה (בעמק),TAYIBE(BAEMEQ),2,לא יהודי,1670,830,840,560,200,320,540,60,0.368358023084362,4533.63275765419,0.0359281437125748,27
497,טייבה (בעמק),טייבהבעמק,142.92744793852177,0,NA,NA,no_red_alert,2015,0,Party_habait_hayehudi,TRUE,2015,5390,טייבה (בעמק),TAYIBE(BAEMEQ),2,לא יהודי,1750,880,880,570,210,340,580,60,0.368358023084362,4750.8127699969,0.0342857142857143,24
499,יפיע,יפיע,139.89603720158735,1,6,1,temporal_distance == 6,2006,2.5706940874036e-4,Party_habait_hayehudi,FALSE,2006,5423,יפיע,YAFI,2,NA,16888,NA,NA,NA,NA,NA,NA,NA,4.08033975277958,4138.87103114285,NA,59.6
499,יפיע,יפיע,139.89603720158735,1,6,1,temporal_distance == 6,2009,9.3589143659335e-4,Party_habait_hayehudi,FALSE,2009,5411,יפיע,YAFI,2,NA,16477,NA,NA,NA,NA,NA,NA,NA,4.08033975277958,4038.1441248307,NA,58.6666666666667
499,יפיע,יפיע,139.89603720158735,1,6,1,temporal_distance == 6,2013,6.6711140760507e-4,Party_habait_hayehudi,FALSE,2013,5421,יפיע,YAFI,2,לא יהודי,17670,8880,8800,5570,1900,2870,6460,870,4.08033975277958,4330.52173852997,0.0492359932088285,61.8
499,יפיע,יפיע,139.89603720158735,1,6,1,temporal_distance == 6,2015,4.0474905558553e-4,Party_habait_hayehudi,TRUE,2015,5419,יפיע,YAFI,2,לא יהודי,18230,9160,9080,5540,1990,3050,6740,920,4.08033975277958,4467.76521185068,0.0504662643993417,61.4
509,כפר כנא,כפרכנא,149.54272541848368,1,6,1,temporal_distance == 6,2006,8.5236958745312e-4,Party_habait_hayehudi,FALSE,2006,5513,כפר כנא,KAFAR KANNA,2,NA,18007,NA,NA,NA,NA,NA,NA,NA,10.0526944071553,1791.26105605906,NA,57.25
509,כפר כנא,כפרכנא,149.54272541848368,1,6,1,temporal_distance == 6,2009,5.0873325419704e-4,Party_habait_hayehudi,FALSE,2009,5511,כפר כנא,KAFAR KANNA,2,NA,18765,NA,NA,NA,NA,NA,NA,NA,10.0526944071553,1866.66372615918,NA,53.5333333333333
509,כפר כנא,כפרכנא,149.54272541848368,1,6,1,temporal_distance == 6,2013,0.00115908432338453,Party_habait_hayehudi,FALSE,2013,5505,כפר כנא,KAFAR KANNA,2,לא יהודי,20520,10370,10150,7220,2240,3360,6890,810,10.0526944071553,2041.2437868791,0.0394736842105263,61.0833333333333
509,כפר כנא,כפרכנא,149.54272541848368,1,6,1,temporal_distance == 6,2015,3.4258307639602e-4,Party_habait_hayehudi,TRUE,2015,5503,כפר כנא,KAFAR KANNA,2,לא יהודי,21300,10800,10500,7160,2430,3570,7220,920,10.0526944071553,2118.83492497685,0.0431924882629108,58
511,עילוט,עילוט,143.17972498965,1,6,1,temporal_distance == 6,2006,0.00180940892641737,Party_habait_hayehudi,FALSE,2006,5545,עילוט,ILUT,2,NA,6628,NA,NA,NA,NA,NA,NA,NA,3.07729651107425,2153.83859701132,NA,60.25
511,עילוט,עילוט,143.17972498965,1,6,1,temporal_distance == 6,2009,0.0204081632653061,Party_habait_hayehudi,FALSE,2009,5536,עילוט,ILUT,2,NA,6890,NA,NA,NA,NA,NA,NA,NA,3.07729651107425,2238.97826394207,NA,58.5
511,עילוט,עילוט,143.17972498965,1,6,1,temporal_distance == 6,2013,0.0138371474188398,Party_habait_hayehudi,FALSE,2013,5548,עילוט,ILUT,2,לא יהודי,7290,3730,3570,2580,850,1230,2370,250,3.07729651107425,2368.96248826381,0.0342935528120713,63
511,עילוט,עילוט,143.17972498965,1,6,1,temporal_distance == 6,2015,0.00157728706624606,Party_habait_hayehudi,TRUE,2015,5538,עילוט,ILUT,2,לא יהודי,7580,3890,3690,2630,810,1360,2520,270,3.07729651107425,2463.20105089708,0.0356200527704486,58.75
512,כפר מצר,כפרמצר,145.6107882685356,1,6,1,temporal_distance == 6,2006,0.00970873786407767,Party_habait_hayehudi,FALSE,2006,5552,כפר מצר,KAFAR MISR,2,NA,2300,NA,NA,NA,NA,NA,NA,NA,0.373338572855322,6160.62782479031,NA,25.75
512,כפר מצר,כפרמצר,145.6107882685356,1,6,1,temporal_distance == 6,2009,0.00532859680284192,Party_habait_hayehudi,FALSE,2009,5556,כפר מצר,KAFAR MISR,2,NA,2397,NA,NA,NA,NA,NA,NA,NA,0.373338572855322,6420.44560696624,NA,27
512,כפר מצר,כפרמצר,145.6107882685356,1,6,1,temporal_distance == 6,2013,0,Party_habait_hayehudi,FALSE,2013,5553,כפר מצר,KAFAR MISR,2,לא יהודי,2540,1320,1220,900,290,390,860,90,0.373338572855322,6803.47594563799,0.0354330708661417,27.75
512,כפר מצר,כפרמצר,145.6107882685356,1,6,1,temporal_distance == 6,2015,0,Party_habait_hayehudi,TRUE,2015,5550,כפר מצר,KAFAR MISR,2,לא יהודי,2600,1350,1240,860,330,420,900,90,0.373338572855322,6964.18797584991,0.0346153846153846,35
520,משהד,משהד,148.51410936982876,0,NA,NA,no_red_alert,2006,5.0632911392405e-4,Party_habait_hayehudi,FALSE,2006,5630,משהד,MESHHED,2,NA,6885,NA,NA,NA,NA,NA,NA,NA,7.18499330561727,958.247239370045,NA,60.1666666666667
520,משהד,משהד,148.51410936982876,0,NA,NA,no_red_alert,2009,0.0100654252642174,Party_habait_hayehudi,FALSE,2009,5629,משהד,MESHHED,2,NA,7062,NA,NA,NA,NA,NA,NA,NA,7.18499330561727,982.881917854939,NA,57.3333333333333
520,משהד,משהד,148.51410936982876,0,NA,NA,no_red_alert,2013,3.9123630672926e-4,Party_habait_hayehudi,FALSE,2013,5639,משהד,MESHHED,2,לא יהודי,7590,3880,3720,2610,850,1420,2410,310,7.18499330561727,1056.36841638615,0.0408432147562582,62.75
520,משהד,משהד,148.51410936982876,0,NA,NA,no_red_alert,2015,0,Party_habait_hayehudi,TRUE,2015,5632,משהד,MESHHED,2,לא יהודי,7860,4030,3830,2620,880,1460,2550,350,7.18499330561727,1093.9467394987,0.044529262086514,59.4166666666667
523,ניין,ניין,140.13126435206604,0,NA,NA,no_red_alert,2006,0.0032258064516129,Party_habait_hayehudi,FALSE,2006,5677,ניין,NEIN,2,NA,1641,NA,NA,NA,NA,NA,NA,NA,0.464320557686493,3534.19630648358,NA,56.8
523,ניין,ניין,140.13126435206604,0,NA,NA,no_red_alert,2009,0.00188679245283019,Party_habait_hayehudi,FALSE,2009,5675,ניין,NEIN,2,NA,1598,NA,NA,NA,NA,NA,NA,NA,0.464320557686493,3441.58787188347,NA,58
523,ניין,ניין,140.13126435206604,0,NA,NA,no_red_alert,2013,0.00127877237851662,Party_habait_hayehudi,FALSE,2013,5684,ניין,NEIN,2,לא יהודי,1730,860,860,540,210,260,630,90,0.464320557686493,3725.87422926057,0.0520231213872832,57.4
523,ניין,ניין,140.13126435206604,0,NA,NA,no_red_alert,2015,0,Party_habait_hayehudi,TRUE,2015,5683,ניין,NEIN,2,לא יהודי,1770,890,880,530,210,280,650,100,0.464320557686493,3812.02161028394,0.0564971751412429,60.4
524,נאעורה,נאעורה,140.98120144874008,1,6,1,temporal_distance == 6,2006,0,Party_habait_hayehudi,FALSE,2006,5697,נאעורה,NA'URA,2,NA,1778,NA,NA,NA,NA,NA,NA,NA,0.710482072162955,2502.52619969304,NA,25
524,נאעורה,נאעורה,140.98120144874008,1,6,1,temporal_distance == 6,2009,0.00337837837837838,Party_habait_hayehudi,FALSE,2009,5687,נאעורה,NA'URA,2,NA,1865,NA,NA,NA,NA,NA,NA,NA,0.710482072162955,2624.97826908185,NA,33.5
524,נאעורה,נאעורה,140.98120144874008,1,6,1,temporal_distance == 6,2013,0.00308641975308642,Party_habait_hayehudi,FALSE,2013,5689,נאעורה,NA'URA,2,לא יהודי,2030,1030,1010,760,180,320,710,70,0.710482072162955,2857.21495240544,0.0344827586206897,33
524,נאעורה,נאעורה,140.98120144874008,1,6,1,temporal_distance == 6,2015,0,Party_habait_hayehudi,TRUE,2015,5699,נאעורה,NA'URA,2,לא יהודי,2130,1080,1050,780,190,330,750,80,0.710482072162955,2997.96445745005,0.0375586854460094,44
526,סולם,סולם,137.10858256388252,0,NA,NA,no_red_alert,2006,0,Party_habait_hayehudi,FALSE,2006,5727,סולם,SULAM,2,NA,2434,NA,NA,NA,NA,NA,NA,NA,0.389428375702383,6250.18656026278,NA,30.3333333333333
526,סולם,סולם,137.10858256388252,0,NA,NA,no_red_alert,2009,0.00529661016949153,Party_habait_hayehudi,FALSE,2009,5718,סולם,SULAM,2,NA,2176,NA,NA,NA,NA,NA,NA,NA,0.389428375702383,5587.6770563401,NA,49
526,סולם,סולם,137.10858256388252,0,NA,NA,no_red_alert,2013,0,Party_habait_hayehudi,FALSE,2013,5720,סולם,SULAM,2,לא יהודי,2360,1190,1170,750,220,430,850,120,0.389428375702383,6060.16445448651,0.0508474576271186,35
526,סולם,סולם,137.10858256388252,0,NA,NA,no_red_alert,2015,0,Party_habait_hayehudi,TRUE,2015,5719,סולם,SULAM,2,לא יהודי,2470,1250,1220,780,210,450,890,140,0.389428375702383,6342.62974685664,0.0566801619433198,56.6666666666667
529,אעבלין,אעבלין,149.93115530801782,0,NA,NA,no_red_alert,2006,0.0031754432389521,Party_habait_hayehudi,FALSE,2006,5765,אעבלין,I'BILLIN,2,NA,10951,NA,NA,NA,NA,NA,NA,NA,12.0237715306805,910.779115526008,NA,58.4705882352941
529,אעבלין,אעבלין,149.93115530801782,0,NA,NA,no_red_alert,2009,0.00117868929750118,Party_habait_hayehudi,FALSE,2009,5770,אעבלין,I'BILLIN,2,NA,11463,NA,NA,NA,NA,NA,NA,NA,12.0237715306805,953.361428296469,NA,57.0625
529,אעבלין,אעבלין,149.93115530801782,0,NA,NA,no_red_alert,2013,6.7552353073632e-4,Party_habait_hayehudi,FALSE,2013,5771,אעבלין,I'BILLIN,2,לא יהודי,12280,6150,6130,3820,1290,1910,4650,600,12.0237715306805,1021.31015785402,0.0488599348534202,61.7058823529412
529,אעבלין,אעבלין,149.93115530801782,0,NA,NA,no_red_alert,2015,6.1588996099363e-4,Party_habait_hayehudi,TRUE,2015,5762,אעבלין,I'BILLIN,2,לא יהודי,12690,6400,6290,3790,1390,2000,4860,650,12.0237715306805,1055.40927550224,0.0512214342001576,58.2941176470588
532,עין מאהל,עיןמאהל,147.04154698208208,1,6,2,temporal_distance == 6,2006,0,Party_habait_hayehudi,FALSE,2006,5815,עין מאהל,EIN MAHEL,2,NA,10836,NA,NA,NA,NA,NA,NA,NA,5.20661346180887,2081.19924390073,NA,49.125
532,עין מאהל,עיןמאהל,147.04154698208208,1,6,2,temporal_distance == 6,2009,5.6529112492933e-4,Party_habait_hayehudi,FALSE,2009,5820,עין מאהל,EIN MAHEL,2,NA,11175,NA,NA,NA,NA,NA,NA,NA,5.20661346180887,2146.30874405599,NA,49.5
532,עין מאהל,עיןמאהל,147.04154698208208,1,6,2,temporal_distance == 6,2013,2.2893772893772e-4,Party_habait_hayehudi,FALSE,2013,5819,עין מאהל,EIN MAHEL,2,לא יהודי,12070,6150,5920,4110,1260,2030,4220,440,5.20661346180887,2318.20550700276,0.0364540182270091,51.875
532,עין מאהל,עיןמאהל,147.04154698208208,1,6,2,temporal_distance == 6,2015,0,Party_habait_hayehudi,TRUE,2015,5808,עין מאהל,EIN MAHEL,2,לא יהודי,12480,6360,6120,3970,1430,2180,4420,490,5.20661346180887,2396.95151014038,0.0392628205128205,54.375
534,עספיא,עספיא,134.05622410374838,1,232,1,temporal_distance > 149,2006,NA,Party_habait_hayehudi,FALSE,2006,NA,NA,NA,NA,NA,NA,NA,NA,NA,NA,NA,NA,NA,NA,NA,NA,NA
534,עספיא,עספיא,134.05622410374838,1,232,1,temporal_distance > 149,2009,NA,Party_habait_hayehudi,FALSE,2009,5832,עספיא,ISIFYA,2,NA,10543,NA,NA,NA,NA,NA,NA,NA,7.18057087150781,1468.26766125715,NA,55
534,עספיא,עספיא,134.05622410374838,1,232,1,temporal_distance > 149,2013,0.00338541666666667,Party_habait_hayehudi,FALSE,2013,5828,עספיא,ISIFYA,2,לא יהודי,11550,5830,5720,3050,980,1870,4830,810,7.18057087150781,1608.5072073907,0.0701298701298701,60.1111111111111
534,עספיא,עספיא,134.05622410374838,1,232,1,temporal_distance > 149,2015,0.00324374420759963,Party_habait_hayehudi,TRUE,2015,5833,עספיא,ISIFYA,2,לא יהודי,11790,5950,5830,2980,990,1890,5050,880,7.18057087150781,1641.93073377804,0.0746395250212044,54
537,פוריידיס,פוריידיס,118.5765640046022,1,232,3,temporal_distance > 149,2006,0.00119260584376863,Party_habait_hayehudi,FALSE,2006,5870,פוריידיס,FUREIDIS,2,NA,10265,NA,NA,NA,NA,NA,NA,NA,4.05764897766898,2529.79004751096,NA,59.4285714285714
537,פוריידיס,פוריידיס,118.5765640046022,1,232,3,temporal_distance > 149,2009,0.00279106858054226,Party_habait_hayehudi,FALSE,2009,5878,פוריידיס,FUREIDIS,2,NA,11012,NA,NA,NA,NA,NA,NA,NA,4.05764897766898,2713.886800116,NA,54.1666666666667
537,פוריידיס,פוריידיס,118.5765640046022,1,232,3,temporal_distance > 149,2013,0.00132582035134239,Party_habait_hayehudi,FALSE,2013,5880,פוריידיס,FUREIDIS,2,לא יהודי,11870,6020,5850,3920,1140,2050,4280,480,4.05764897766898,2925.339295076,0.0404380791912384,62.4285714285714
537,פוריידיס,פוריידיס,118.5765640046022,1,232,3,temporal_distance > 149,2015,9.8270440251572e-4,Party_habait_hayehudi,TRUE,2015,5883,פוריידיס,FUREIDIS,2,לא יהודי,12390,6260,6130,3930,1280,2070,4580,530,4.05764897766898,3053.49232232448,0.0427764326069411,58.4285714285714
541,ג'סר א-זרקא,גסראזרקא,111.0296346501246,1,232,4,temporal_distance > 149,2006,5.991611743559e-4,Party_habait_hayehudi,FALSE,2006,5934,ג'סר א-זרקא,JISR AZ-ZARQA,2,NA,11409,NA,NA,NA,NA,NA,NA,NA,1.60407823874766,7112.49596460287,NA,61
541,ג'סר א-זרקא,גסראזרקא,111.0296346501246,1,232,4,temporal_distance > 149,2009,0.00211565585331453,Party_habait_hayehudi,FALSE,2009,5932,ג'סר א-זרקא,JISR AZ-ZARQA,2,NA,12391,NA,NA,NA,NA,NA,NA,NA,1.60407823874766,7724.68555503498,NA,55.5
541,ג'סר א-זרקא,גסראזרקא,111.0296346501246,1,232,4,temporal_distance > 149,2013,0.0030241935483871,Party_habait_hayehudi,FALSE,2013,5942,ג'סר א-זרקא,JISR AZ-ZARQA,2,לא יהודי,13430,6660,6770,5190,1400,2330,4230,270,1.60407823874766,8372.40957179564,0.0201042442293373,63
541,ג'סר א-זרקא,גסראזרקא,111.0296346501246,1,232,4,temporal_distance > 149,2015,0.00133244503664224,Party_habait_hayehudi,TRUE,2015,5935,ג'סר א-זרקא,JISR AZ-ZARQA,2,לא יהודי,13960,6900,7060,5220,1520,2370,4520,330,1.60407823874766,8702.81739555229,0.0236389684813754,59
542,ריינה,ריינה,145.88012048320294,1,6,1,temporal_distance == 6,2006,7.8451882845188e-4,Party_habait_hayehudi,FALSE,2006,5945,ריינה,REINE,2,NA,16308,NA,NA,NA,NA,NA,NA,NA,10.8413270951527,1504.24388609135,NA,60.125
542,ריינה,ריינה,145.88012048320294,1,6,1,temporal_distance == 6,2009,0.00102616726526424,Party_habait_hayehudi,FALSE,2009,5953,ריינה,REINE,2,NA,17263,NA,NA,NA,NA,NA,NA,NA,10.8413270951527,1592.33273274436,NA,57.3529411764706
542,ריינה,ריינה,145.88012048320294,1,6,1,temporal_distance == 6,2013,7.9255002972062e-4,Party_habait_hayehudi,FALSE,2013,5956,ריינה,REINE,2,לא יהודי,17760,8990,8770,5510,1980,2960,6500,800,10.8413270951527,1638.17582885592,0.045045045045045,62.4375
542,ריינה,ריינה,145.88012048320294,1,6,1,temporal_distance == 6,2015,1.5458339774308e-4,Party_habait_hayehudi,TRUE,2015,5954,ריינה,REINE,2,לא יהודי,18480,9340,9140,5550,2140,3180,6740,870,10.8413270951527,1704.58836245819,0.0470779220779221,60.5
547,טמרה (יזרעאל),טמרהיזרעאל,143.4555401007914,1,6,1,temporal_distance == 6,2006,0,Party_habait_hayehudi,FALSE,2006,5998,טמרה (יזרעאל),TAMRA (YIZRE'EL),2,NA,1261,NA,NA,NA,NA,NA,NA,NA,0.2859297912759,4410.17354075999,NA,28.5
547,טמרה (יזרעאל),טמרהיזרעאל,143.4555401007914,1,6,1,temporal_distance == 6,2009,0,Party_habait_hayehudi,FALSE,2009,5993,טמרה (יזרעאל),TAMRA (YIZRE'EL),2,NA,1357,NA,NA,NA,NA,NA,NA,NA,0.2859297912759,4745.92029723339,NA,31.3333333333333
547,טמרה (יזרעאל),טמרהיזרעאל,143.4555401007914,1,6,1,temporal_distance == 6,2013,0,Party_habait_hayehudi,FALSE,2013,5994,טמרה (יזרעאל),TAMRA (YIZRE'EL),2,לא יהודי,1460,740,730,530,170,200,510,50,0.2859297912759,5106.14858803297,0.0342465753424658,29
547,טמרה (יזרעאל),טמרהיזרעאל,143.4555401007914,1,6,1,temporal_distance == 6,2015,0,Party_habait_hayehudi,TRUE,2015,6004,טמרה (יזרעאל),TAMRA (YIZRE'EL),2,לא יהודי,1510,760,750,520,180,230,520,60,0.2859297912759,5281.01669036287,0.0397350993377483,37.5
549,גנות הדר,גנותהדר,89.11942088314495,0,NA,NA,no_red_alert,2006,0.0136518771331058,Party_habait_hayehudi,FALSE,2006,6006,גנות הדר,GANNOT HADAR,1,NA,682,NA,NA,NA,NA,NA,NA,NA,0.222103079953466,3070.64629694865,NA,61
549,גנות הדר,גנותהדר,89.11942088314495,0,NA,NA,no_red_alert,2009,0.0198511166253102,Party_habait_hayehudi,FALSE,2009,6010,גנות הדר,GANNOT HADAR,1,NA,778,NA,NA,NA,NA,NA,NA,NA,0.222103079953466,3502.87803376254,NA,59
549,גנות הדר,גנותהדר,89.11942088314495,0,NA,NA,no_red_alert,2013,0.0571428571428571,Party_habait_hayehudi,FALSE,2013,6016,גנות הדר,GANNOT HADAR,1,יהודי,870,450,430,270,70,120,380,40,0.222103079953466,3917.10011487584,0.0459770114942529,63
549,גנות הדר,גנותהדר,89.11942088314495,0,NA,NA,no_red_alert,2015,0.0527383367139959,Party_habait_hayehudi,TRUE,2015,6013,גנות הדר,GANNOT HADAR,1,יהודי,910,470,440,250,90,130,390,50,0.222103079953466,4097.19667188163,0.0549450549450549,63
580,"כרם מהר""ל",כרםמהרל,125.40000044281226,0,NA,NA,no_red_alert,2006,0.0964285714285714,Party_habait_hayehudi,FALSE,2006,6311,"כרם מהר""ל",KEREM MAHARAL,1,NA,566,NA,NA,NA,NA,NA,NA,NA,0.476158340490427,1188.68021804898,NA,21
580,"כרם מהר""ל",כרםמהרל,125.40000044281226,0,NA,NA,no_red_alert,2009,0.0428954423592493,Party_habait_hayehudi,FALSE,2009,6305,"כרם מהר""ל",KEREM MAHARAL,1,NA,536,NA,NA,NA,NA,NA,NA,NA,0.476158340490427,1125.67596620893,NA,24
580,"כרם מהר""ל",כרםמהרל,125.40000044281226,0,NA,NA,no_red_alert,2013,0.0864485981308411,Party_habait_hayehudi,FALSE,2013,6312,"כרם מהר""ל",KEREM MAHARAL,1,יהודי,710,370,340,230,40,70,320,40,0.476158340490427,1491.10062688123,0.0563380281690141,21
580,"כרם מהר""ל",כרםמהרל,125.40000044281226,0,NA,NA,no_red_alert,2015,0.0502092050209205,Party_habait_hayehudi,TRUE,2015,6308,"כרם מהר""ל",KEREM MAHARAL,1,יהודי,710,360,340,220,50,80,310,60,0.476158340490427,1491.10062688123,0.0845070422535211,16
586,מגידו,מגידו,126.76871560899062,1,6,3,temporal_distance == 6,2006,0.0050761421319797,Party_habait_hayehudi,FALSE,2006,6372,מגידו,MEGIDDO,1,NA,356,NA,NA,NA,NA,NA,NA,NA,0.323202747999609,1101.4757832456,NA,50.5
586,מגידו,מגידו,126.76871560899062,1,6,3,temporal_distance == 6,2009,0.00604229607250755,Party_habait_hayehudi,FALSE,2009,6367,מגידו,MEGIDDO,1,NA,619,NA,NA,NA,NA,NA,NA,NA,0.323202747999609,1915.20648828379,NA,43
586,מגידו,מגידו,126.76871560899062,1,6,3,temporal_distance == 6,2013,0.0486111111111111,Party_habait_hayehudi,FALSE,2013,6366,מגידו,MEGIDDO,1,יהודי,830,400,430,300,60,60,330,80,0.323202747999609,2568.04747217374,0.0963855421686747,57.25
586,מגידו,מגידו,126.76871560899062,1,6,3,temporal_distance == 6,2015,0.0245535714285714,Party_habait_hayehudi,TRUE,2015,6379,מגידו,MEGIDDO,1,יהודי,850,410,440,290,70,60,350,80,0.323202747999609,2629.92813415383,0.0941176470588235,46.25
590,נווה אור,נווהאור,148.09779090541176,1,6,1,temporal_distance == 6,2006,0.00552486187845304,Party_habait_hayehudi,FALSE,2006,6428,נווה אור,NEWE UR,1,NA,378,NA,NA,NA,NA,NA,NA,NA,0.430229957964051,878.599904545895,NA,17
590,נווה אור,נווהאור,148.09779090541176,1,6,1,temporal_distance == 6,2009,0.037914691943128,Party_habait_hayehudi,FALSE,2009,6438,נווה אור,NEWE UR,1,NA,323,NA,NA,NA,NA,NA,NA,NA,0.430229957964051,750.761294096096,NA,15
590,נווה אור,נווהאור,148.09779090541176,1,6,1,temporal_distance == 6,2013,0.0754716981132075,Party_habait_hayehudi,FALSE,2013,6425,נווה אור,NEWE UR,1,יהודי,290,150,140,60,20,50,130,30,0.430229957964051,674.058127826216,0.103448275862069,29
590,נווה אור,נווהאור,148.09779090541176,1,6,1,temporal_distance == 6,2015,0.0460829493087558,Party_habait_hayehudi,TRUE,2015,6429,נווה אור,NEWE UR,1,יהודי,330,170,160,80,20,40,150,40,0.430229957964051,767.031662698798,0.121212121212121,23
612,צרופה,צרופה,123.86639038319962,1,232,3,temporal_distance > 149,2006,0.068870523415978,Party_habait_hayehudi,FALSE,2006,6707,צרופה,ZERUFA,1,NA,839,NA,NA,NA,NA,NA,NA,NA,2.09818433692576,399.869537311147,NA,43.5
612,צרופה,צרופה,123.86639038319962,1,232,3,temporal_distance > 149,2009,0.0606796116504854,Party_habait_hayehudi,FALSE,2009,6705,צרופה,ZERUFA,1,NA,964,NA,NA,NA,NA,NA,NA,NA,2.09818433692576,459.444855742486,NA,38.6666666666667
612,צרופה,צרופה,123.86639038319962,1,232,3,temporal_distance > 149,2013,0.0860215053763441,Party_habait_hayehudi,FALSE,2013,6698,צרופה,ZERUFA,1,יהודי,1080,530,550,310,110,140,430,90,2.09818433692576,514.730751246768,0.0833333333333333,41.5
612,צרופה,צרופה,123.86639038319962,1,232,3,temporal_distance > 149,2015,0.0652591170825336,Party_habait_hayehudi,TRUE,2015,6701,צרופה,ZERUFA,1,יהודי,1090,540,550,320,90,140,450,90,2.09818433692576,519.496776721276,0.0825688073394495,31
613,ציפורי,ציפורי,146.4485867970999,1,6,1,temporal_distance == 6,2006,0.0234375,Party_habait_hayehudi,FALSE,2006,6721,ציפורי,ZIPPORI,1,NA,616,NA,NA,NA,NA,NA,NA,NA,3.24677212635252,189.726896753923,NA,53.75
613,ציפורי,ציפורי,146.4485867970999,1,6,1,temporal_distance == 6,2009,0.0114942528735632,Party_habait_hayehudi,FALSE,2009,6710,ציפורי,ZIPPORI,1,NA,723,NA,NA,NA,NA,NA,NA,NA,3.24677212635252,222.682705118647,NA,49
613,ציפורי,ציפורי,146.4485867970999,1,6,1,temporal_distance == 6,2013,0.0673076923076923,Party_habait_hayehudi,FALSE,2013,6714,ציפורי,ZIPPORI,1,יהודי,830,410,420,280,80,100,330,40,3.24677212635252,255.638513483371,0.0481927710843374,58.25
613,ציפורי,ציפורי,146.4485867970999,1,6,1,temporal_distance == 6,2015,0.0527472527472527,Party_habait_hayehudi,TRUE,2015,6720,ציפורי,ZIPPORI,1,יהודי,950,490,470,350,120,100,340,50,3.24677212635252,292.598298565304,0.0526315789473684,51.25
617,ברקאי,ברקאי,109.65003508674096,0,NA,NA,no_red_alert,2006,0.00401606425702811,Party_habait_hayehudi,FALSE,2006,6777,ברקאי,BARQAY,1,NA,347,NA,NA,NA,NA,NA,NA,NA,0.429544775517765,807.831964855661,NA,61
617,ברקאי,ברקאי,109.65003508674096,0,NA,NA,no_red_alert,2009,0,Party_habait_hayehudi,FALSE,2009,6775,ברקאי,BARQAY,1,NA,387,NA,NA,NA,NA,NA,NA,NA,0.429544775517765,900.953805184844,NA,58.8
617,ברקאי,ברקאי,109.65003508674096,0,NA,NA,no_red_alert,2013,0.00324675324675325,Party_habait_hayehudi,FALSE,2013,6772,ברקאי,BARQAY,1,יהודי,510,260,250,140,30,50,220,70,0.429544775517765,1187.30346419708,0.137254901960784,62
617,ברקאי,ברקאי,109.65003508674096,0,NA,NA,no_red_alert,2015,0,Party_habait_hayehudi,TRUE,2015,6779,ברקאי,BARQAY,1,יהודי,530,260,260,150,30,60,220,70,0.429544775517765,1233.86438436167,0.132075471698113,60
628,ג'ת,גת,101.568050155498,0,NA,NA,no_red_alert,2006,NA,Party_habait_hayehudi,FALSE,2006,NA,NA,NA,NA,NA,NA,NA,NA,NA,NA,NA,NA,NA,NA,NA,NA,NA
628,ג'ת,גת,101.568050155498,0,NA,NA,no_red_alert,2009,NA,Party_habait_hayehudi,FALSE,2009,NA,NA,NA,NA,NA,NA,NA,NA,NA,NA,NA,NA,NA,NA,NA,NA,NA
628,ג'ת,גת,101.568050155498,0,NA,NA,no_red_alert,2013,0.00201369311316955,Party_habait_hayehudi,FALSE,2013,6883,ג'ת,JATT,2,לא יהודי,10710,5480,5230,3340,1200,1820,3830,520,6.57175926395154,1629.70059763878,0.0485527544351074,62.125
628,ג'ת,גת,101.568050155498,0,NA,NA,no_red_alert,2015,2.7196083763938e-4,Party_habait_hayehudi,TRUE,2015,6884,ג'ת,JATT,2,לא יהודי,11160,5700,5460,3340,1260,1940,4050,580,6.57175926395154,1698.17541266562,0.0519713261648745,60.875
635,מוקייבלה,מוקייבלה,126.76095322147552,1,6,1,temporal_distance == 6,2006,0,Party_habait_hayehudi,FALSE,2006,6925,מוקייבלה,MUQEIBLE,2,NA,3098,NA,NA,NA,NA,NA,NA,NA,0.402026709098949,7705.95567379953,NA,42.2
635,מוקייבלה,מוקייבלה,126.76095322147552,1,6,1,temporal_distance == 6,2009,0.00327153762268266,Party_habait_hayehudi,FALSE,2009,6924,מוקייבלה,MUQEIBLE,2,NA,3104,NA,NA,NA,NA,NA,NA,NA,0.402026709098949,7720.88005534982,NA,43
635,מוקייבלה,מוקייבלה,126.76095322147552,1,6,1,temporal_distance == 6,2013,0.00197044334975369,Party_habait_hayehudi,FALSE,2013,6927,מוקייבלה,MUQEIBLE,2,לא יהודי,3510,1770,1740,1310,420,530,1130,120,0.402026709098949,8730.76320691942,0.0341880341880342,48.6
635,מוקייבלה,מוקייבלה,126.76095322147552,1,6,1,temporal_distance == 6,2015,7.5301204819277e-4,Party_habait_hayehudi,TRUE,2015,6933,מוקייבלה,MUQEIBLE,2,לא יהודי,3720,1890,1830,1340,440,620,1200,120,0.402026709098949,9253.11656117955,0.032258064516129,45.8
636,צנדלה,צנדלה,128.99741814292221,1,6,1,temporal_distance == 6,2006,0,Party_habait_hayehudi,FALSE,2006,6937,צנדלה,SANDALA,2,NA,1467,NA,NA,NA,NA,NA,NA,NA,0.390028537317275,3761.26324009631,NA,39.75
636,צנדלה,צנדלה,128.99741814292221,1,6,1,temporal_distance == 6,2009,0,Party_habait_hayehudi,FALSE,2009,6939,צנדלה,SANDALA,2,NA,1377,NA,NA,NA,NA,NA,NA,NA,0.390028537317275,3530.51089407813,NA,43
636,צנדלה,צנדלה,128.99741814292221,1,6,1,temporal_distance == 6,2013,0,Party_habait_hayehudi,FALSE,2013,6941,צנדלה,SANDALA,2,לא יהודי,1510,760,750,480,160,250,540,90,0.390028537317275,3871.51158319388,0.0596026490066225,49.75
636,צנדלה,צנדלה,128.99741814292221,1,6,1,temporal_distance == 6,2015,0,Party_habait_hayehudi,TRUE,2015,6946,צנדלה,SANDALA,2,לא יהודי,1570,790,790,490,160,260,570,90,0.390028537317275,4025.34648053934,0.0573248407643312,48.25
637,ערערה,ערערה,113.9513536082734,0,NA,NA,no_red_alert,2006,0.00110766504209127,Party_habait_hayehudi,FALSE,2006,6949,ערערה,AR'ARA,2,NA,15969,NA,NA,NA,NA,NA,NA,NA,9.18255575863772,1739.05832098852,NA,59.0769230769231
637,ערערה,ערערה,113.9513536082734,0,NA,NA,no_red_alert,2009,3.7133308577794e-4,Party_habait_hayehudi,FALSE,2009,6958,ערערה,AR'ARA,2,NA,22105,NA,NA,NA,NA,NA,NA,NA,9.18255575863772,2407.28187021425,NA,56.9285714285714
637,ערערה,ערערה,113.9513536082734,0,NA,NA,no_red_alert,2013,8.7581012436503e-4,Party_habait_hayehudi,FALSE,2013,6950,ערערה,AR'ARA,2,לא יהודי,23330,11760,11570,7820,2440,3450,8400,1210,9.18255575863772,2540.68699534487,0.0518645520788684,61.2307692307692
637,ערערה,ערערה,113.9513536082734,0,NA,NA,no_red_alert,2015,5.0295485980133e-4,Party_habait_hayehudi,TRUE,2015,6951,ערערה,AR'ARA,2,לא יהודי,24000,12140,11850,7690,2630,3670,8670,1330,9.18255575863772,2613.6514311306,0.0554166666666667,57.3076923076923
638,קלנסווה,קלנסווה,88.24962753282794,1,227,5,temporal_distance > 149,2006,5.5015587749862e-4,Party_habait_hayehudi,FALSE,2006,6977,קלנסווה,QALANSAWE,2,NA,17380,NA,NA,NA,NA,NA,NA,NA,8.40452807594796,2067.93288605198,NA,61
638,קלנסווה,קלנסווה,88.24962753282794,1,227,5,temporal_distance > 149,2009,8.750437521876e-4,Party_habait_hayehudi,FALSE,2009,6965,קלנסווה,QALANSAWE,2,NA,18700,NA,NA,NA,NA,NA,NA,NA,8.40452807594796,2224.99107992935,NA,59
638,קלנסווה,קלנסווה,88.24962753282794,1,227,5,temporal_distance > 149,2013,0.00119883541702346,Party_habait_hayehudi,FALSE,2013,6979,קלנסווה,QALANSAWE,2,לא יהודי,20650,10580,10070,7670,2290,3260,6740,690,8.40452807594796,2457.0088663391,0.0334140435835351,63
638,קלנסווה,קלנסווה,88.24962753282794,1,227,5,temporal_distance > 149,2015,9.3501636278634e-4,Party_habait_hayehudi,TRUE,2015,6972,קלנסווה,QALANSAWE,2,לא יהודי,21450,10940,10510,7600,2530,3460,7100,760,8.40452807594796,2552.1956505072,0.0354312354312354,61.25
648,מצר,מצר,107.1856192789955,0,NA,NA,no_red_alert,2006,0,Party_habait_hayehudi,FALSE,2006,6985,מצר,MEZER,1,NA,400,NA,NA,NA,NA,NA,NA,NA,0.32004222243641,1249.83509036679,NA,54
648,מצר,מצר,107.1856192789955,0,NA,NA,no_red_alert,2009,0.0105633802816901,Party_habait_hayehudi,FALSE,2009,6994,מצר,MEZER,1,NA,368,NA,NA,NA,NA,NA,NA,NA,0.32004222243641,1149.84828313745,NA,54
648,מצר,מצר,107.1856192789955,0,NA,NA,no_red_alert,2013,0.0159235668789809,Party_habait_hayehudi,FALSE,2013,6995,מצר,MEZER,1,יהודי,400,190,210,80,30,60,180,50,0.32004222243641,1249.83509036679,0.125,60
648,מצר,מצר,107.1856192789955,0,NA,NA,no_red_alert,2015,0.00615384615384615,Party_habait_hayehudi,TRUE,2015,6987,מצר,MEZER,1,יהודי,390,190,210,70,30,60,170,70,0.32004222243641,1218.58921310762,0.179487179487179,57
649,מייסר,מייסר,107.29442399606474,0,NA,NA,no_red_alert,2006,0,Party_habait_hayehudi,FALSE,2006,7009,מייסר,MEISER,2,NA,1601,NA,NA,NA,NA,NA,NA,NA,0.412767657124674,3878.69536860643,NA,57
649,מייסר,מייסר,107.29442399606474,0,NA,NA,no_red_alert,2009,0,Party_habait_hayehudi,FALSE,2009,6999,מייסר,MEISER,2,NA,1717,NA,NA,NA,NA,NA,NA,NA,0.412767657124674,4159.72513922376,NA,57
649,מייסר,מייסר,107.29442399606474,0,NA,NA,no_red_alert,2013,0,Party_habait_hayehudi,FALSE,2013,6996,מייסר,MEISER,2,לא יהודי,1810,920,890,630,190,250,660,80,0.412767657124674,4385.03348980489,0.0441988950276243,61
649,מייסר,מייסר,107.29442399606474,0,NA,NA,no_red_alert,2015,0,Party_habait_hayehudi,TRUE,2015,7005,מייסר,MEISER,2,לא יהודי,1880,940,940,630,210,280,680,90,0.412767657124674,4554.62042034983,0.0478723404255319,59
652,אבטין,אבטין,141.8103992034824,0,NA,NA,no_red_alert,2006,0.0032258064516129,Party_habait_hayehudi,FALSE,2006,7016,אבטין,IBTIN,2,NA,2221,NA,NA,NA,NA,NA,NA,NA,0.593412968978183,3742.7560840546,NA,57
652,אבטין,אבטין,141.8103992034824,0,NA,NA,no_red_alert,2009,0.00723589001447178,Party_habait_hayehudi,FALSE,2009,7025,אבטין,IBTIN,2,NA,2439,NA,NA,NA,NA,NA,NA,NA,0.593412968978183,4110.12250743322,NA,57
652,אבטין,אבטין,141.8103992034824,0,NA,NA,no_red_alert,2013,0.00161812297734628,Party_habait_hayehudi,FALSE,2013,7015,אבטין,IBTIN,2,לא יהודי,2650,1340,1310,920,300,450,870,110,0.593412968978183,4465.6927612538,0.0415094339622641,61.8
652,אבטין,אבטין,141.8103992034824,0,NA,NA,no_red_alert,2015,0,Party_habait_hayehudi,TRUE,2015,7021,אבטין,IBTIN,2,לא יהודי,2690,1360,1330,890,300,490,900,110,0.593412968978183,4533.09944444254,0.0408921933085502,58.8
654,כפר קרע,כפרקרע,112.0986466742463,0,NA,NA,no_red_alert,2006,0.00410065237651445,Party_habait_hayehudi,FALSE,2006,7035,כפר קרע,KAFAR QARA,2,NA,14430,NA,NA,NA,NA,NA,NA,NA,7.81302449821803,1846.9160058683,NA,60.75
654,כפר קרע,כפרקרע,112.0986466742463,0,NA,NA,no_red_alert,2009,0.00285035629453682,Party_habait_hayehudi,FALSE,2009,7034,כפר קרע,KAFAR QARA,2,NA,15318,NA,NA,NA,NA,NA,NA,NA,7.81302449821803,1960.57237546019,NA,57.9090909090909
654,כפר קרע,כפרקרע,112.0986466742463,0,NA,NA,no_red_alert,2013,0.00143389733295096,Party_habait_hayehudi,FALSE,2013,7037,כפר קרע,KAFAR QARA,2,לא יהודי,17140,8670,8470,5420,1800,2870,6310,750,7.81302449821803,2193.77271937509,0.043757292882147,61.9166666666667
654,כפר קרע,כפרקרע,112.0986466742463,0,NA,NA,no_red_alert,2015,2.4038461538461e-4,Party_habait_hayehudi,TRUE,2015,7029,כפר קרע,KAFAR QARA,2,לא יהודי,17690,8940,8750,5360,1830,3060,6610,830,7.81302449821803,2264.16799333404,0.0469191633691351,58.6666666666667
661,שער אפרים,שעראפרים,89.8461182408628,1,227,5,temporal_distance > 149,2006,0.0587084148727984,Party_habait_hayehudi,FALSE,2006,7061,שער אפרים,SHA'AR EFRAYIM,1,NA,1184,NA,NA,NA,NA,NA,NA,NA,1.06625731906459,1110.42614088568,NA,61
661,שער אפרים,שעראפרים,89.8461182408628,1,227,5,temporal_distance > 149,2009,0.033500837520938,Party_habait_hayehudi,FALSE,2009,7071,שער אפרים,SHA'AR EFRAYIM,1,NA,1432,NA,NA,NA,NA,NA,NA,NA,1.06625731906459,1343.01540012525,NA,59
661,שער אפרים,שעראפרים,89.8461182408628,1,227,5,temporal_distance > 149,2013,0.112299465240642,Party_habait_hayehudi,FALSE,2013,7066,שער אפרים,SHA'AR EFRAYIM,1,יהודי,1660,840,810,580,120,120,750,90,1.06625731906459,1556.84746103904,0.0542168674698795,63
661,שער אפרים,שעראפרים,89.8461182408628,1,227,5,temporal_distance > 149,2015,0.0540216086434574,Party_habait_hayehudi,TRUE,2015,7058,שער אפרים,SHA'AR EFRAYIM,1,יהודי,1740,890,850,570,150,140,790,90,1.06625731906459,1631.87625434213,0.0517241379310345,62
675,הבונים,הבונים,122.71216880281123,1,232,3,temporal_distance > 149,2006,0.0125786163522013,Party_habait_hayehudi,FALSE,2006,7242,הבונים,HABONIM,1,NA,259,NA,NA,NA,NA,NA,NA,NA,0.317004891618077,817.022092870541,NA,39
675,הבונים,הבונים,122.71216880281123,1,232,3,temporal_distance > 149,2009,0.00657894736842105,Party_habait_hayehudi,FALSE,2009,7244,הבונים,HABONIM,1,NA,242,NA,NA,NA,NA,NA,NA,NA,0.317004891618077,763.395160133864,NA,32.3333333333333
675,הבונים,הבונים,122.71216880281123,1,232,3,temporal_distance > 149,2013,0.0248756218905473,Party_habait_hayehudi,FALSE,2013,7239,הבונים,HABONIM,1,יהודי,330,160,160,80,10,30,160,40,0.317004891618077,1040.99340018254,0.121212121212121,36
675,הבונים,הבונים,122.71216880281123,1,232,3,temporal_distance > 149,2015,0.0192307692307692,Party_habait_hayehudi,TRUE,2015,7248,הבונים,HABONIM,1,יהודי,350,170,180,90,20,30,160,40,0.317004891618077,1104.08390928451,0.114285714285714,24
677,הסוללים,הסוללים,145.74222755735644,1,6,1,temporal_distance == 6,2006,0.0236220472440945,Party_habait_hayehudi,FALSE,2006,7269,הסוללים,HASOLELIM,1,NA,716,NA,NA,NA,NA,NA,NA,NA,1.06709947801073,670.977743644626,NA,56.5
677,הסוללים,הסוללים,145.74222755735644,1,6,1,temporal_distance == 6,2009,0.024390243902439,Party_habait_hayehudi,FALSE,2009,7274,הסוללים,HASOLELIM,1,NA,792,NA,NA,NA,NA,NA,NA,NA,1.06709947801073,742.19884492534,NA,55
677,הסוללים,הסוללים,145.74222755735644,1,6,1,temporal_distance == 6,2013,0.0254041570438799,Party_habait_hayehudi,FALSE,2013,7267,הסוללים,HASOLELIM,1,יהודי,820,420,400,190,90,110,370,60,1.06709947801073,768.438198028761,0.0731707317073171,62
677,הסוללים,הסוללים,145.74222755735644,1,6,1,temporal_distance == 6,2015,0.0178926441351889,Party_habait_hayehudi,TRUE,2015,7279,הסוללים,HASOLELIM,1,יהודי,910,460,440,220,90,130,400,60,1.06709947801073,852.778975861186,0.0659340659340659,59
679,אביאל,אביאל,113.41040437861628,1,232,4,temporal_distance > 149,2006,0.0441767068273092,Party_habait_hayehudi,FALSE,2006,7297,אביאל,AVI'EL,1,NA,511,NA,NA,NA,NA,NA,NA,NA,1.61964076369639,315.502061601476,NA,39
679,אביאל,אביאל,113.41040437861628,1,232,4,temporal_distance > 149,2009,0.0119402985074627,Party_habait_hayehudi,FALSE,2009,7310,אביאל,AVI'EL,1,NA,676,NA,NA,NA,NA,NA,NA,NA,1.61964076369639,417.37650419295,NA,36.3333333333333
679,אביאל,אביאל,113.41040437861628,1,232,4,temporal_distance > 149,2013,0.0325,Party_habait_hayehudi,FALSE,2013,7301,אביאל,AVI'EL,1,יהודי,780,390,390,270,40,70,360,40,1.61964076369639,481.588274068788,0.0512820512820513,50
679,אביאל,אביאל,113.41040437861628,1,232,4,temporal_distance > 149,2015,0.0242130750605327,Party_habait_hayehudi,TRUE,2015,7302,אביאל,AVI'EL,1,יהודי,820,410,410,280,50,80,370,50,1.61964076369639,506.285108636419,0.0609756097560976,38
680,אומץ,אומץ,97.48086356126242,0,NA,NA,no_red_alert,2006,0.0182648401826484,Party_habait_hayehudi,FALSE,2006,7314,אומץ,OMEZ,1,NA,452,NA,NA,NA,NA,NA,NA,NA,1.26174154272344,358.235014616677,NA,54
680,אומץ,אומץ,97.48086356126242,0,NA,NA,no_red_alert,2009,0.00404858299595142,Party_habait_hayehudi,FALSE,2009,7315,אומץ,OMEZ,1,NA,629,NA,NA,NA,NA,NA,NA,NA,1.26174154272344,498.517310163474,NA,51
680,אומץ,אומץ,97.48086356126242,0,NA,NA,no_red_alert,2013,0.0353982300884956,Party_habait_hayehudi,FALSE,2013,7319,אומץ,OMEZ,1,יהודי,750,380,370,230,60,80,340,50,1.26174154272344,594.416506554222,0.0666666666666667,59.5
680,אומץ,אומץ,97.48086356126242,0,NA,NA,no_red_alert,2015,0.037037037037037,Party_habait_hayehudi,TRUE,2015,7322,אומץ,OMEZ,1,יהודי,780,390,390,230,70,80,350,60,1.26174154272344,618.19316681639,0.0769230769230769,53
682,אליקים,אליקים,126.7292609199739,1,6,3,temporal_distance == 6,2006,0.081570996978852,Party_habait_hayehudi,FALSE,2006,7343,אליקים,ELYAQIM,1,NA,662,NA,NA,NA,NA,NA,NA,NA,0.508373127669934,1302.19314115637,NA,55
682,אליקים,אליקים,126.7292609199739,1,6,3,temporal_distance == 6,2009,0.0666666666666667,Party_habait_hayehudi,FALSE,2009,7348,אליקים,ELYAQIM,1,NA,746,NA,NA,NA,NA,NA,NA,NA,0.508373127669934,1467.42610770794,NA,51
682,אליקים,אליקים,126.7292609199739,1,6,3,temporal_distance == 6,2013,0.151351351351351,Party_habait_hayehudi,FALSE,2013,7345,אליקים,ELYAQIM,1,יהודי,820,420,410,210,60,100,360,90,0.508373127669934,1612.98848300336,0.109756097560976,60
682,אליקים,אליקים,126.7292609199739,1,6,3,temporal_distance == 6,2015,0.134570765661253,Party_habait_hayehudi,TRUE,2015,7346,אליקים,ELYAQIM,1,יהודי,860,440,420,220,60,110,360,90,0.508373127669934,1691.67084802791,0.104651162790698,56
683,גבע כרמל,גבעכרמל,125.34148436308388,1,232,1,temporal_distance > 149,2006,0.00748129675810474,Party_habait_hayehudi,FALSE,2006,7359,גבע כרמל,GEVA  KARMEL,1,NA,851,NA,NA,NA,NA,NA,NA,NA,1.99986827319678,425.52802672332,NA,44.25
683,גבע כרמל,גבעכרמל,125.34148436308388,1,232,1,temporal_distance > 149,2009,0.00858369098712446,Party_habait_hayehudi,FALSE,2009,7364,גבע כרמל,GEVA  KARMEL,1,NA,1085,NA,NA,NA,NA,NA,NA,NA,1.99986827319678,542.535733248887,NA,40
683,גבע כרמל,גבעכרמל,125.34148436308388,1,232,1,temporal_distance > 149,2013,0.051440329218107,Party_habait_hayehudi,FALSE,2013,7358,גבע כרמל,GEVA  KARMEL,1,יהודי,1100,560,550,350,60,120,490,80,1.99986827319678,550.036227256936,0.0727272727272727,42.5
683,גבע כרמל,גבעכרמל,125.34148436308388,1,232,1,temporal_distance > 149,2015,0.0387596899224806,Party_habait_hayehudi,TRUE,2015,7363,גבע כרמל,GEVA  KARMEL,1,יהודי,1170,580,590,380,80,120,500,100,1.99986827319678,585.038532627832,0.0854700854700855,38.25
684,היוגב,היוגב,130.05157721574295,1,6,1,temporal_distance == 6,2006,0.0198863636363636,Party_habait_hayehudi,FALSE,2006,7375,היוגב,HAYOGEV,1,NA,534,NA,NA,NA,NA,NA,NA,NA,4.17276035535357,127.972841602295,NA,19.6666666666667
684,היוגב,היוגב,130.05157721574295,1,6,1,temporal_distance == 6,2009,0.0142450142450142,Party_habait_hayehudi,FALSE,2009,7383,היוגב,HAYOGEV,1,NA,534,NA,NA,NA,NA,NA,NA,NA,4.17276035535357,127.972841602295,NA,18.2
684,היוגב,היוגב,130.05157721574295,1,6,1,temporal_distance == 6,2013,0.0507246376811594,Party_habait_hayehudi,FALSE,2013,7374,היוגב,HAYOGEV,1,יהודי,610,320,290,140,30,90,280,70,4.17276035535357,146.186204826592,0.114754098360656,18.8333333333333
684,היוגב,היוגב,130.05157721574295,1,6,1,temporal_distance == 6,2015,0.0347222222222222,Party_habait_hayehudi,TRUE,2015,7378,היוגב,HAYOGEV,1,יהודי,630,320,320,170,20,80,280,80,4.17276035535357,150.979195148775,0.126984126984127,17
686,נווה ימין,נווהימין,75.59912247694501,0,NA,NA,no_red_alert,2006,0.029940119760479,Party_habait_hayehudi,FALSE,2006,7405,נווה ימין,NEWE YAMIN,1,NA,1113,NA,NA,NA,NA,NA,NA,NA,1.98260311129033,561.383160180571,NA,61
686,נווה ימין,נווהימין,75.59912247694501,0,NA,NA,no_red_alert,2009,0.0183639398998331,Party_habait_hayehudi,FALSE,2009,7409,נווה ימין,NEWE YAMIN,1,NA,1074,NA,NA,NA,NA,NA,NA,NA,1.98260311129033,541.712052141899,NA,59
686,נווה ימין,נווהימין,75.59912247694501,0,NA,NA,no_red_alert,2013,0.0910470409711684,Party_habait_hayehudi,FALSE,2013,7416,נווה ימין,NEWE YAMIN,1,יהודי,1130,580,540,280,60,140,540,110,1.98260311129033,569.95774573589,0.0973451327433628,63
686,נווה ימין,נווהימין,75.59912247694501,0,NA,NA,no_red_alert,2015,0.0448979591836735,Party_habait_hayehudi,TRUE,2015,7408,נווה ימין,NEWE YAMIN,1,יהודי,1160,610,550,270,80,150,540,130,1.98260311129033,585.089367304099,0.112068965517241,63
687,עין איילה,עיןאיילה,121.83909767977184,1,232,3,temporal_distance > 149,2006,0.00869565217391304,Party_habait_hayehudi,FALSE,2006,7428,עין איילה,EN AYYALA,1,NA,789,NA,NA,NA,NA,NA,NA,NA,2.44819374802152,322.278414703747,NA,42
687,עין איילה,עיןאיילה,121.83909767977184,1,232,3,temporal_distance > 149,2009,0.0183066361556064,Party_habait_hayehudi,FALSE,2009,7422,עין איילה,EN AYYALA,1,NA,1013,NA,NA,NA,NA,NA,NA,NA,2.44819374802152,413.774441184912,NA,38
687,עין איילה,עיןאיילה,121.83909767977184,1,232,3,temporal_distance > 149,2013,0.0338645418326693,Party_habait_hayehudi,FALSE,2013,7427,עין איילה,EN AYYALA,1,יהודי,1140,580,550,420,80,100,490,50,2.44819374802152,465.649420484501,0.043859649122807,41
687,עין איילה,עיןאיילה,121.83909767977184,1,232,3,temporal_distance > 149,2015,0.0290697674418605,Party_habait_hayehudi,TRUE,2015,7431,עין איילה,EN AYYALA,1,יהודי,1130,590,540,390,110,100,480,50,2.44819374802152,461.564776445163,0.0442477876106195,33.75
689,מגדים,מגדים,132.48365147975645,1,232,1,temporal_distance > 149,2006,0.0441558441558442,Party_habait_hayehudi,FALSE,2006,7460,מגדים,MEGADIM,1,NA,789,NA,NA,NA,NA,NA,NA,NA,2.94014924349424,268.353724473628,NA,51.25
689,מגדים,מגדים,132.48365147975645,1,232,1,temporal_distance > 149,2009,0.0793319415448852,Party_habait_hayehudi,FALSE,2009,7452,מגדים,MEGADIM,1,NA,1096,NA,NA,NA,NA,NA,NA,NA,2.94014924349424,372.770192678196,NA,50
689,מגדים,מגדים,132.48365147975645,1,232,1,temporal_distance > 149,2013,0.0654867256637168,Party_habait_hayehudi,FALSE,2013,7459,מגדים,MEGADIM,1,יהודי,1250,610,630,370,80,110,560,130,2.94014924349424,425.14848617495,0.104,53.25
689,מגדים,מגדים,132.48365147975645,1,232,1,temporal_distance > 149,2015,0.0394088669950739,Party_habait_hayehudi,TRUE,2015,7455,מגדים,MEGADIM,1,יהודי,1280,630,640,380,80,120,560,140,2.94014924349424,435.352049843149,0.109375,51
694,מעגן מיכאל,מעגןמיכאל,113.29560822754392,1,232,4,temporal_distance > 149,2006,0.00593119810201661,Party_habait_hayehudi,FALSE,2006,7513,מעגן מיכאל,MA'AGAN MIKHA'EL,1,NA,1359,NA,NA,NA,NA,NA,NA,NA,0.800810813396687,1697.0300316447,NA,57
694,מעגן מיכאל,מעגןמיכאל,113.29560822754392,1,232,4,temporal_distance > 149,2009,0.0119305856832972,Party_habait_hayehudi,FALSE,2009,7508,מעגן מיכאל,MA'AGAN MIKHA'EL,1,NA,1526,NA,NA,NA,NA,NA,NA,NA,0.800810813396687,1905.56867423828,NA,54
694,מעגן מיכאל,מעגןמיכאל,113.29560822754392,1,232,4,temporal_distance > 149,2013,0.0180360721442886,Party_habait_hayehudi,FALSE,2013,7521,מעגן מיכאל,MA'AGAN MIKHA'EL,1,יהודי,1770,870,900,410,150,280,690,240,0.800810813396687,2210.25986461451,0.135593220338983,61
694,מעגן מיכאל,מעגןמיכאל,113.29560822754392,1,232,4,temporal_distance > 149,2015,0.0128440366972477,Party_habait_hayehudi,TRUE,2015,7510,מעגן מיכאל,MA'AGAN MIKHA'EL,1,יהודי,1890,950,940,440,170,300,720,260,0.800810813396687,2360.10799102906,0.137566137566138,54
697,בארותיים,בארותיים,91.7043321577716,0,NA,NA,no_red_alert,2006,0.03003003003003,Party_habait_hayehudi,FALSE,2006,7562,בארותיים,BE'EROTAYIM,1,NA,666,NA,NA,NA,NA,NA,NA,NA,3.65671245088637,182.130809831264,NA,61
697,בארותיים,בארותיים,91.7043321577716,0,NA,NA,no_red_alert,2009,0.0292682926829268,Party_habait_hayehudi,FALSE,2009,7555,בארותיים,BE'EROTAYIM,1,NA,911,NA,NA,NA,NA,NA,NA,NA,3.65671245088637,249.130882516939,NA,59
697,בארותיים,בארותיים,91.7043321577716,0,NA,NA,no_red_alert,2013,0.0532786885245902,Party_habait_hayehudi,FALSE,2013,7564,בארותיים,BE'EROTAYIM,1,יהודי,1070,550,520,360,70,90,490,60,3.65671245088637,292.61256234152,0.0560747663551402,62.5
697,בארותיים,בארותיים,91.7043321577716,0,NA,NA,no_red_alert,2015,0.0391791044776119,Party_habait_hayehudi,TRUE,2015,7556,בארותיים,BE'EROTAYIM,1,יהודי,1120,570,550,360,90,90,500,80,3.65671245088637,306.286046563086,0.0714285714285714,59.6666666666667
698,בורגתה,בורגתה,91.66339871283556,0,NA,NA,no_red_alert,2006,0.0090702947845805,Party_habait_hayehudi,FALSE,2006,7568,בורגתה,BURGETA,1,NA,929,NA,NA,NA,NA,NA,NA,NA,0.987042320900301,941.195712006189,NA,61
698,בורגתה,בורגתה,91.66339871283556,0,NA,NA,no_red_alert,2009,0.0122199592668024,Party_habait_hayehudi,FALSE,2009,7581,בורגתה,BURGETA,1,NA,1012,NA,NA,NA,NA,NA,NA,NA,0.987042320900301,1025.28531813807,NA,58
698,בורגתה,בורגתה,91.66339871283556,0,NA,NA,no_red_alert,2013,0.0335689045936396,Party_habait_hayehudi,FALSE,2013,7572,בורגתה,BURGETA,1,יהודי,1090,550,540,300,70,130,500,90,0.987042320900301,1104.30928534634,0.0825688073394495,62
698,בורגתה,בורגתה,91.66339871283556,0,NA,NA,no_red_alert,2015,0.0304487179487179,Party_habait_hayehudi,TRUE,2015,7580,בורגתה,BURGETA,1,יהודי,1130,570,560,300,80,140,500,110,0.987042320900301,1144.83439673519,0.0973451327433628,57.8333333333333
703,גבעת עוז,גבעתעוז,125.4116747861623,0,NA,NA,no_red_alert,2006,0.0209205020920502,Party_habait_hayehudi,FALSE,2006,7653,גבעת עוז,GIV'AT OZ,1,NA,359,NA,NA,NA,NA,NA,NA,NA,0.344220320979946,1042.93668362745,NA,48.25
703,גבעת עוז,גבעתעוז,125.4116747861623,0,NA,NA,no_red_alert,2009,0.0113636363636364,Party_habait_hayehudi,FALSE,2009,7648,גבעת עוז,GIV'AT OZ,1,NA,490,NA,NA,NA,NA,NA,NA,NA,0.344220320979946,1423.5068940876,NA,49
703,גבעת עוז,גבעתעוז,125.4116747861623,0,NA,NA,no_red_alert,2013,0.0592592592592593,Party_habait_hayehudi,FALSE,2013,7651,גבעת עוז,GIV'AT OZ,1,יהודי,490,250,240,110,20,50,200,110,0.344220320979946,1423.5068940876,0.224489795918367,55
703,גבעת עוז,גבעתעוז,125.4116747861623,0,NA,NA,no_red_alert,2015,0.0374531835205993,Party_habait_hayehudi,TRUE,2015,7646,גבעת עוז,GIV'AT OZ,1,יהודי,470,240,230,90,30,60,180,110,0.344220320979946,1365.40457187994,0.234042553191489,49.5
715,להבות חביבה,להבותחביבה,101.05622086578728,0,NA,NA,no_red_alert,2006,0,Party_habait_hayehudi,FALSE,2006,7809,להבות חביבה,LAHAVOT HAVIVA,1,NA,264,NA,NA,NA,NA,NA,NA,NA,0.36832407273468,716.76010215648,NA,60
715,להבות חביבה,להבותחביבה,101.05622086578728,0,NA,NA,no_red_alert,2009,0,Party_habait_hayehudi,FALSE,2009,7821,להבות חביבה,LAHAVOT HAVIVA,1,NA,616,NA,NA,NA,NA,NA,NA,NA,0.36832407273468,1672.44023836512,NA,57.25
715,להבות חביבה,להבותחביבה,101.05622086578728,0,NA,NA,no_red_alert,2013,0.013745704467354,Party_habait_hayehudi,FALSE,2013,7820,להבות חביבה,LAHAVOT HAVIVA,1,יהודי,890,440,450,290,60,120,360,50,0.36832407273468,2416.35034439116,0.0561797752808989,61
715,להבות חביבה,להבותחביבה,101.05622086578728,0,NA,NA,no_red_alert,2015,0.0157068062827225,Party_habait_hayehudi,TRUE,2015,7816,להבות חביבה,LAHAVOT HAVIVA,1,יהודי,970,480,490,330,50,140,400,50,0.36832407273468,2633.55037534767,0.0515463917525773,59
716,אייל,אייל,81.90397230366582,1,227,5,temporal_distance > 149,2006,0.0208333333333333,Party_habait_hayehudi,FALSE,2006,7829,אייל,EYAL,1,NA,424,NA,NA,NA,NA,NA,NA,NA,0.305881037420713,1386.15980766675,NA,61
716,אייל,אייל,81.90397230366582,1,227,5,temporal_distance > 149,2009,0.0246913580246914,Party_habait_hayehudi,FALSE,2009,7835,אייל,EYAL,1,NA,423,NA,NA,NA,NA,NA,NA,NA,0.305881037420713,1382.89056283734,NA,59
716,אייל,אייל,81.90397230366582,1,227,5,temporal_distance > 149,2013,0.013840830449827,Party_habait_hayehudi,FALSE,2013,7824,אייל,EYAL,1,יהודי,480,260,220,110,30,80,220,20,0.305881037420713,1569.2375181133,0.0416666666666667,63
716,אייל,אייל,81.90397230366582,1,227,5,temporal_distance > 149,2015,0.027027027027027,Party_habait_hayehudi,TRUE,2015,7831,אייל,EYAL,1,יהודי,480,260,230,130,30,70,220,40,0.305881037420713,1569.2375181133,0.0833333333333333,61.25
718,ירחיב,ירחיב,76.13485329503202,1,227,3,temporal_distance > 149,2006,0.128205128205128,Party_habait_hayehudi,FALSE,2006,7866,ירחיב,YARHIV,1,NA,736,NA,NA,NA,NA,NA,NA,NA,0.403598030948601,1823.59660742183,NA,61
718,ירחיב,ירחיב,76.13485329503202,1,227,3,temporal_distance > 149,2009,0.043859649122807,Party_habait_hayehudi,FALSE,2009,7865,ירחיב,YARHIV,1,NA,736,NA,NA,NA,NA,NA,NA,NA,0.403598030948601,1823.59660742183,NA,59
718,ירחיב,ירחיב,76.13485329503202,1,227,3,temporal_distance > 149,2013,0.133333333333333,Party_habait_hayehudi,FALSE,2013,7861,ירחיב,YARHIV,1,יהודי,920,470,450,240,80,140,380,80,0.403598030948601,2279.49575927729,0.0869565217391304,63
718,ירחיב,ירחיב,76.13485329503202,1,227,3,temporal_distance > 149,2015,0.0656063618290258,Party_habait_hayehudi,TRUE,2015,7862,ירחיב,YARHIV,1,יהודי,960,490,460,240,80,160,400,80,0.403598030948601,2378.60427055021,0.0833333333333333,61
734,גן יאשיה,גןיאשיה,95.57052683888844,0,NA,NA,no_red_alert,2006,0.0133333333333333,Party_habait_hayehudi,FALSE,2006,8044,גן יאשיה,GAN YOSHIYYA,1,NA,665,NA,NA,NA,NA,NA,NA,NA,1.91823048727787,346.673668472285,NA,59
734,גן יאשיה,גןיאשיה,95.57052683888844,0,NA,NA,no_red_alert,2009,0.0246913580246914,Party_habait_hayehudi,FALSE,2009,8038,גן יאשיה,GAN YOSHIYYA,1,NA,844,NA,NA,NA,NA,NA,NA,NA,1.91823048727787,439.988836376856,NA,53.3333333333333
734,גן יאשיה,גןיאשיה,95.57052683888844,0,NA,NA,no_red_alert,2013,0.0544662309368192,Party_habait_hayehudi,FALSE,2013,8035,גן יאשיה,GAN YOSHIYYA,1,יהודי,950,510,440,260,80,120,430,60,1.91823048727787,495.248097817551,0.0631578947368421,61
734,גן יאשיה,גןיאשיה,95.57052683888844,0,NA,NA,no_red_alert,2015,0.0458333333333333,Party_habait_hayehudi,TRUE,2015,8047,גן יאשיה,GAN YOSHIYYA,1,יהודי,980,520,460,260,100,120,430,70,1.91823048727787,510.887511432842,0.0714285714285714,54
737,עולש,עולש,93.4649065263428,0,NA,NA,no_red_alert,2006,0.0146699266503667,Party_habait_hayehudi,FALSE,2006,8083,עולש,OLESH,1,NA,796,NA,NA,NA,NA,NA,NA,NA,2.61828021434801,304.016352275043,NA,61
737,עולש,עולש,93.4649065263428,0,NA,NA,no_red_alert,2009,0.0129310344827586,Party_habait_hayehudi,FALSE,2009,8090,עולש,OLESH,1,NA,971,NA,NA,NA,NA,NA,NA,NA,2.61828021434801,370.854118164656,NA,58.25
737,עולש,עולש,93.4649065263428,0,NA,NA,no_red_alert,2013,0.0657894736842105,Party_habait_hayehudi,FALSE,2013,8082,עולש,OLESH,1,יהודי,1050,520,530,290,80,140,480,60,2.61828021434801,401.026595337682,0.0571428571428571,61.6666666666667
737,עולש,עולש,93.4649065263428,0,NA,NA,no_red_alert,2015,0.0626151012891344,Party_habait_hayehudi,TRUE,2015,8091,עולש,OLESH,1,יהודי,1070,530,540,290,90,130,480,70,2.61828021434801,408.665197153638,0.0654205607476635,57.6666666666667
738,דור,דור,119.08621003533382,1,232,3,temporal_distance > 149,2006,0.0192307692307692,Party_habait_hayehudi,FALSE,2006,8105,דור,DOR,1,NA,343,NA,NA,NA,NA,NA,NA,NA,0.579548407523729,591.840121631179,NA,39
738,דור,דור,119.08621003533382,1,232,3,temporal_distance > 149,2009,0,Party_habait_hayehudi,FALSE,2009,8099,דור,DOR,1,NA,397,NA,NA,NA,NA,NA,NA,NA,0.579548407523729,685.016117456496,NA,39
738,דור,דור,119.08621003533382,1,232,3,temporal_distance > 149,2013,0.0512820512820513,Party_habait_hayehudi,FALSE,2013,8093,דור,DOR,1,יהודי,370,190,180,60,20,80,180,40,0.579548407523729,638.428119543838,0.108108108108108,44
738,דור,דור,119.08621003533382,1,232,3,temporal_distance > 149,2015,0.045662100456621,Party_habait_hayehudi,TRUE,2015,8104,דור,DOR,1,יהודי,400,200,200,90,20,70,200,30,0.579548407523729,690.192561669014,0.075,34
753,ינוב,ינוב,89.49153002575937,0,NA,NA,no_red_alert,2006,0.0814606741573034,Party_habait_hayehudi,FALSE,2006,8325,ינוב,YANUV,1,NA,784,NA,NA,NA,NA,NA,NA,NA,1.35319429778182,579.369866755385,NA,61
753,ינוב,ינוב,89.49153002575937,0,NA,NA,no_red_alert,2009,0.0631868131868132,Party_habait_hayehudi,FALSE,2009,8332,ינוב,YANUV,1,NA,851,NA,NA,NA,NA,NA,NA,NA,1.35319429778182,628.882342613306,NA,59
753,ינוב,ינוב,89.49153002575937,0,NA,NA,no_red_alert,2013,0.0647482014388489,Party_habait_hayehudi,FALSE,2013,8323,ינוב,YANUV,1,יהודי,850,460,390,210,70,120,360,90,1.35319429778182,628.143350436323,0.105882352941176,63
753,ינוב,ינוב,89.49153002575937,0,NA,NA,no_red_alert,2015,0.0652173913043478,Party_habait_hayehudi,TRUE,2015,8319,ינוב,YANUV,1,יהודי,930,500,430,240,70,140,390,90,1.35319429778182,687.262724595035,0.0967741935483871,61
758,יד חנה,ידחנה,93.95337388725562,0,NA,NA,no_red_alert,2006,0.0260869565217391,Party_habait_hayehudi,FALSE,2006,8380,יד חנה,YAD HANNA,1,NA,208,NA,NA,NA,NA,NA,NA,NA,0.300112189847711,693.074147056632,NA,61
758,יד חנה,ידחנה,93.95337388725562,0,NA,NA,no_red_alert,2009,0.0273972602739726,Party_habait_hayehudi,FALSE,2009,8382,יד חנה,YAD HANNA,1,NA,279,NA,NA,NA,NA,NA,NA,NA,0.300112189847711,929.652341484616,NA,59
758,יד חנה,ידחנה,93.95337388725562,0,NA,NA,no_red_alert,2013,0.036144578313253,Party_habait_hayehudi,FALSE,2013,8388,יד חנה,YAD HANNA,1,יהודי,700,360,340,250,30,40,340,40,0.300112189847711,2332.4610718252,0.0571428571428571,62
758,יד חנה,ידחנה,93.95337388725562,0,NA,NA,no_red_alert,2015,0.020460358056266,Party_habait_hayehudi,TRUE,2015,8391,יד חנה,YAD HANNA,1,יהודי,800,410,390,310,30,30,380,50,0.300112189847711,2665.66979637166,0.0625,62
767,פורת,פורת,86.25314587988296,1,227,5,temporal_distance > 149,2006,0.142857142857143,Party_habait_hayehudi,FALSE,2006,8517,פורת,PORAT,1,NA,1027,NA,NA,NA,NA,NA,NA,NA,2.32735012901174,441.274386349464,NA,61
767,פורת,פורת,86.25314587988296,1,227,5,temporal_distance > 149,2009,0.0899470899470899,Party_habait_hayehudi,FALSE,2009,8520,פורת,PORAT,1,NA,1103,NA,NA,NA,NA,NA,NA,NA,2.32735012901174,473.92955028574403,NA,59
767,פורת,פורת,86.25314587988296,1,227,5,temporal_distance > 149,2013,0.117647058823529,Party_habait_hayehudi,FALSE,2013,8513,פורת,PORAT,1,יהודי,1170,610,560,370,110,150,460,80,2.32735012901174,502.717655334833,0.0683760683760684,63
767,פורת,פורת,86.25314587988296,1,227,5,temporal_distance > 149,2015,0.0621669626998224,Party_habait_hayehudi,TRUE,2015,8515,פורת,PORAT,1,יהודי,1210,640,570,350,120,170,490,80,2.32735012901174,519.904583722348,0.0661157024793388,61.3333333333333
769,ניר עציון,נירעציון,131.1111148182597,1,232,2,temporal_distance > 149,2006,0.527586206896552,Party_habait_hayehudi,FALSE,2006,8553,ניר עציון,NIR EZYON,1,NA,879,NA,NA,NA,NA,NA,NA,NA,0.481250539724658,1826.49145807277,NA,25
769,ניר עציון,נירעציון,131.1111148182597,1,232,2,temporal_distance > 149,2009,0.58273381294964,Party_habait_hayehudi,FALSE,2009,8552,ניר עציון,NIR EZYON,1,NA,890,NA,NA,NA,NA,NA,NA,NA,0.481250539724658,1849.34857529553,NA,34.5
769,ניר עציון,נירעציון,131.1111148182597,1,232,2,temporal_distance > 149,2013,0.678200692041522,Party_habait_hayehudi,FALSE,2013,8554,ניר עציון,NIR EZYON,1,יהודי,850,480,370,180,300,150,180,40,0.481250539724658,1766.23178539461,0.0470588235294118,37
769,ניר עציון,נירעציון,131.1111148182597,1,232,2,temporal_distance > 149,2015,0.531772575250836,Party_habait_hayehudi,TRUE,2015,8551,ניר עציון,NIR EZYON,1,יהודי,900,480,420,210,300,150,210,40,0.481250539724658,1870.12777277076,0.0444444444444444,37
773,עמיקם,עמיקם,117.7745887280277,1,232,4,temporal_distance > 149,2006,0.0171673819742489,Party_habait_hayehudi,FALSE,2006,8589,עמיקם,AMMIQAM,1,NA,561,NA,NA,NA,NA,NA,NA,NA,1.08531440533277,516.900906542367,NA,25
773,עמיקם,עמיקם,117.7745887280277,1,232,4,temporal_distance > 149,2009,0.0357142857142857,Party_habait_hayehudi,FALSE,2009,8596,עמיקם,AMMIQAM,1,NA,628,NA,NA,NA,NA,NA,NA,NA,1.08531440533277,578.634169890564,NA,25
773,עמיקם,עמיקם,117.7745887280277,1,232,4,temporal_distance > 149,2013,0.0401234567901235,Party_habait_hayehudi,FALSE,2013,8594,עמיקם,AMMIQAM,1,יהודי,700,330,360,220,60,70,320,30,1.08531440533277,644.974393190119,0.0428571428571429,27
773,עמיקם,עמיקם,117.7745887280277,1,232,4,temporal_distance > 149,2015,0.0165289256198347,Party_habait_hayehudi,TRUE,2015,8602,עמיקם,AMMIQAM,1,יהודי,710,340,370,210,60,80,330,30,1.08531440533277,654.188313092835,0.0422535211267606,25
800,בית חנניה,ביתחנניה,110.98141721639152,1,232,4,temporal_distance > 149,2006,0.0402476780185759,Party_habait_hayehudi,FALSE,2006,8950,בית חנניה,BET HANANYA,1,NA,687,NA,NA,NA,NA,NA,NA,NA,0.568390980494658,1208.67505568459,NA,61
800,בית חנניה,ביתחנניה,110.98141721639152,1,232,4,temporal_distance > 149,2009,0.0377906976744186,Party_habait_hayehudi,FALSE,2009,8955,בית חנניה,BET HANANYA,1,NA,779,NA,NA,NA,NA,NA,NA,NA,0.568390980494658,1370.53547071077,NA,59
800,בית חנניה,ביתחנניה,110.98141721639152,1,232,4,temporal_distance > 149,2013,0.057356608478803,Party_habait_hayehudi,FALSE,2013,8951,בית חנניה,BET HANANYA,1,יהודי,860,430,420,230,90,100,380,50,0.568390980494658,1513.04301002729,0.0581395348837209,63
800,בית חנניה,ביתחנניה,110.98141721639152,1,232,4,temporal_distance > 149,2015,0.0306345733041575,Party_habait_hayehudi,TRUE,2015,8961,בית חנניה,BET HANANYA,1,יהודי,900,460,440,230,100,110,400,70,0.568390980494658,1583.41710351693,0.0777777777777778,61.5
806,עין יהב,עיןיהב,107.38184224814027,0,NA,NA,no_red_alert,2006,0.0159744408945687,Party_habait_hayehudi,FALSE,2006,9050,עין יהב,EN YAHAV,1,NA,581,NA,NA,NA,NA,NA,NA,NA,24.0031419819715,24.2051644920646,NA,15.2941176470588
806,עין יהב,עיןיהב,107.38184224814027,0,NA,NA,no_red_alert,2009,0.0286532951289398,Party_habait_hayehudi,FALSE,2009,9045,עין יהב,EN YAHAV,1,NA,623,NA,NA,NA,NA,NA,NA,NA,24.0031419819715,25.9549354192018,NA,22.3823529411765
806,עין יהב,עיןיהב,107.38184224814027,0,NA,NA,no_red_alert,2013,0.0349462365591398,Party_habait_hayehudi,FALSE,2013,9039,עין יהב,EN YAHAV,1,יהודי,680,350,330,230,40,50,240,120,24.0031419819715,28.3296245346022,0.176470588235294,17.2941176470588
806,עין יהב,עיןיהב,107.38184224814027,0,NA,NA,no_red_alert,2015,0.015748031496063,Party_habait_hayehudi,TRUE,2015,9041,עין יהב,EN YAHAV,1,יהודי,670,350,320,210,50,50,240,120,24.0031419819715,27.9130124090934,0.17910447761194,15.3235294117647
807,חניאל,חניאל,91.98357025534364,0,NA,NA,no_red_alert,2006,0.0107816711590297,Party_habait_hayehudi,FALSE,2006,9064,חניאל,HANNI'EL,1,NA,785,NA,NA,NA,NA,NA,NA,NA,0.770992885818478,1018.16763090706,NA,61
807,חניאל,חניאל,91.98357025534364,0,NA,NA,no_red_alert,2009,0.0225225225225225,Party_habait_hayehudi,FALSE,2009,9061,חניאל,HANNI'EL,1,NA,943,NA,NA,NA,NA,NA,NA,NA,0.770992885818478,1223.09818591766,NA,58
807,חניאל,חניאל,91.98357025534364,0,NA,NA,no_red_alert,2013,0.022075055187638,Party_habait_hayehudi,FALSE,2013,9059,חניאל,HANNI'EL,1,יהודי,950,470,480,220,80,130,420,100,0.770992885818478,1232.17738772192,0.105263157894737,62
807,חניאל,חניאל,91.98357025534364,0,NA,NA,no_red_alert,2015,0.0269709543568465,Party_habait_hayehudi,TRUE,2015,9067,חניאל,HANNI'EL,1,יהודי,930,460,480,200,80,140,410,100,0.770992885818478,1206.2368111383,0.10752688172043,58
808,ניר אליהו,ניראליהו,79.21260109019367,1,227,5,temporal_distance > 149,2006,0.00452488687782805,Party_habait_hayehudi,FALSE,2006,9077,ניר אליהו,NIR ELIYYAHU,1,NA,355,NA,NA,NA,NA,NA,NA,NA,0.401762936493226,883.605648392072,NA,61
808,ניר אליהו,ניראליהו,79.21260109019367,1,227,5,temporal_distance > 149,2009,0.00411522633744856,Party_habait_hayehudi,FALSE,2009,9070,ניר אליהו,NIR ELIYYAHU,1,NA,344,NA,NA,NA,NA,NA,NA,NA,0.401762936493226,856.226318441895,NA,59
808,ניר אליהו,ניראליהו,79.21260109019367,1,227,5,temporal_distance > 149,2013,0.00421940928270042,Party_habait_hayehudi,FALSE,2013,9079,ניר אליהו,NIR ELIYYAHU,1,יהודי,380,190,180,80,10,50,180,50,0.401762936493226,945.831398278838,0.131578947368421,63
808,ניר אליהו,ניראליהו,79.21260109019367,1,227,5,temporal_distance > 149,2015,0.00684931506849315,Party_habait_hayehudi,TRUE,2015,9076,ניר אליהו,NIR ELIYYAHU,1,יהודי,510,260,240,140,30,40,230,60,0.401762936493226,1269.40529769002,0.117647058823529,61.75
810,עופר,עופר,122.61212185748576,1,232,3,temporal_distance > 149,2006,0.101063829787234,Party_habait_hayehudi,FALSE,2006,9104,עופר,OFER,1,NA,402,NA,NA,NA,NA,NA,NA,NA,0.609615438957994,659.432117872756,NA,26
810,עופר,עופר,122.61212185748576,1,232,3,temporal_distance > 149,2009,0.0782608695652174,Party_habait_hayehudi,FALSE,2009,9110,עופר,OFER,1,NA,631,NA,NA,NA,NA,NA,NA,NA,0.609615438957994,1035.07877208385,NA,30
810,עופר,עופר,122.61212185748576,1,232,3,temporal_distance > 149,2013,0.0940766550522648,Party_habait_hayehudi,FALSE,2013,9101,עופר,OFER,1,יהודי,630,310,320,170,40,70,300,40,0.609615438957994,1033.43839368119,0.0634920634920635,22
810,עופר,עופר,122.61212185748576,1,232,3,temporal_distance > 149,2015,0.0771704180064309,Party_habait_hayehudi,TRUE,2015,9100,עופר,OFER,1,יהודי,640,310,330,170,40,80,290,60,0.609615438957994,1049.84217770787,0.09375,21
837,עזריאל,עזריאל,85.97771900051627,1,227,5,temporal_distance > 149,2006,0.181818181818182,Party_habait_hayehudi,FALSE,2006,9445,עזריאל,AZRI'EL,1,NA,568,NA,NA,NA,NA,NA,NA,NA,1.22730429250551,462.802911607556,NA,60.5
837,עזריאל,עזריאל,85.97771900051627,1,227,5,temporal_distance > 149,2009,0.167164179104478,Party_habait_hayehudi,FALSE,2009,9457,עזריאל,AZRI'EL,1,NA,661,NA,NA,NA,NA,NA,NA,NA,1.22730429250551,538.578740444708,NA,59
837,עזריאל,עזריאל,85.97771900051627,1,227,5,temporal_distance > 149,2013,0.276119402985075,Party_habait_hayehudi,FALSE,2013,9455,עזריאל,AZRI'EL,1,יהודי,790,410,380,290,40,70,320,70,1.22730429250551,643.687148186565,0.0886075949367089,63
837,עזריאל,עזריאל,85.97771900051627,1,227,5,temporal_distance > 149,2015,0.121951219512195,Party_habait_hayehudi,TRUE,2015,9443,עזריאל,AZRI'EL,1,יהודי,860,450,410,320,40,90,340,70,1.22730429250551,700.722718279045,0.0813953488372093,61
842,געש,געש,76.73263252236173,1,227,5,temporal_distance > 149,2006,0.00549450549450549,Party_habait_hayehudi,FALSE,2006,9528,געש,GA'ASH,1,NA,515,NA,NA,NA,NA,NA,NA,NA,0.6852650832801,751.533986723639,NA,61
842,געש,געש,76.73263252236173,1,227,5,temporal_distance > 149,2009,0.00257731958762887,Party_habait_hayehudi,FALSE,2009,9522,געש,GA'ASH,1,NA,578,NA,NA,NA,NA,NA,NA,NA,0.6852650832801,843.469212284006,NA,58.5
842,געש,געש,76.73263252236173,1,227,5,temporal_distance > 149,2013,0.0072463768115942,Party_habait_hayehudi,FALSE,2013,9523,געש,GA'ASH,1,יהודי,650,310,350,130,40,90,290,110,0.6852650832801,948.538041495855,0.169230769230769,63
842,געש,געש,76.73263252236173,1,227,5,temporal_distance > 149,2015,0.0110619469026549,Party_habait_hayehudi,TRUE,2015,9524,געש,GA'ASH,1,יהודי,680,330,360,140,40,90,290,120,0.6852650832801,992.316720334125,0.176470588235294,56
850,אחיטוב,אחיטוב,99.155745721868,0,NA,NA,no_red_alert,2006,0.0238805970149254,Party_habait_hayehudi,FALSE,2006,9629,אחיטוב,AHITUV,1,NA,813,NA,NA,NA,NA,NA,NA,NA,1.83539084532608,442.95742352118,NA,53.5
850,אחיטוב,אחיטוב,99.155745721868,0,NA,NA,no_red_alert,2009,0.0298507462686567,Party_habait_hayehudi,FALSE,2009,9627,אחיטוב,AHITUV,1,NA,998,NA,NA,NA,NA,NA,NA,NA,1.83539084532608,543.753393203122,NA,50.5
850,אחיטוב,אחיטוב,99.155745721868,0,NA,NA,no_red_alert,2013,0.0931263858093126,Party_habait_hayehudi,FALSE,2013,9626,אחיטוב,AHITUV,1,יהודי,1030,540,490,280,80,120,450,110,1.83539084532608,561.188371742701,0.106796116504854,60
850,אחיטוב,אחיטוב,99.155745721868,0,NA,NA,no_red_alert,2015,0.0642201834862385,Party_habait_hayehudi,TRUE,2015,9630,אחיטוב,AHITUV,1,יהודי,1060,550,520,270,90,140,450,110,1.83539084532608,577.533664123556,0.10377358490566,55.5
851,ניצני עוז,ניצניעוז,91.86416375219682,0,NA,NA,no_red_alert,2006,0.020671834625323,Party_habait_hayehudi,FALSE,2006,9638,ניצני עוז,NIZZANE OZ,1,NA,811,NA,NA,NA,NA,NA,NA,NA,1.59482552637489,508.519575707719,NA,61
851,ניצני עוז,ניצניעוז,91.86416375219682,0,NA,NA,no_red_alert,2009,0.0220048899755501,Party_habait_hayehudi,FALSE,2009,9652,ניצני עוז,NIZZANE OZ,1,NA,939,NA,NA,NA,NA,NA,NA,NA,1.59482552637489,588.779138828049,NA,59
851,ניצני עוז,ניצניעוז,91.86416375219682,0,NA,NA,no_red_alert,2013,0.0860655737704918,Party_habait_hayehudi,FALSE,2013,9641,ניצני עוז,NIZZANE OZ,1,יהודי,1070,500,560,310,100,120,480,70,1.59482552637489,670.919785459012,0.0654205607476635,62.6666666666667
851,ניצני עוז,ניצניעוז,91.86416375219682,0,NA,NA,no_red_alert,2015,0.0683453237410072,Party_habait_hayehudi,TRUE,2015,9648,ניצני עוז,NIZZANE OZ,1,יהודי,1110,520,590,310,90,140,490,70,1.59482552637489,696.000898934116,0.0630630630630631,62.3333333333333
854,רחוב,רחוב,132.1266124140684,1,6,2,temporal_distance == 6,2006,0.21641791044776101,Party_habait_hayehudi,FALSE,2006,9694,רחוב,REHOV,1,NA,329,NA,NA,NA,NA,NA,NA,NA,1.6071443199906,204.710924779876,NA,39
854,רחוב,רחוב,132.1266124140684,1,6,2,temporal_distance == 6,2009,0.0823529411764706,Party_habait_hayehudi,FALSE,2009,9685,רחוב,REHOV,1,NA,352,NA,NA,NA,NA,NA,NA,NA,1.6071443199906,219.022022864791,NA,39
854,רחוב,רחוב,132.1266124140684,1,6,2,temporal_distance == 6,2013,0.106145251396648,Party_habait_hayehudi,FALSE,2013,9690,רחוב,REHOV,1,יהודי,350,180,170,90,30,50,140,40,1.6071443199906,217.77757955306,0.114285714285714,52
854,רחוב,רחוב,132.1266124140684,1,6,2,temporal_distance == 6,2015,0.0460829493087558,Party_habait_hayehudi,TRUE,2015,9695,רחוב,REHOV,1,יהודי,360,180,180,80,40,50,140,50,1.6071443199906,223.999796111718,0.138888888888889,44
868,אלוני יצחק,אלונייצחק,112.3518143761318,0,NA,NA,no_red_alert,2006,0.0909090909090909,Party_habait_hayehudi,FALSE,2006,9854,אלוני יצחק,ALLONE YIZHAQ,1,NA,210,NA,NA,NA,NA,NA,NA,NA,0.136795946933768,1535.13320172911,NA,49
868,אלוני יצחק,אלונייצחק,112.3518143761318,0,NA,NA,no_red_alert,2009,0.0454545454545455,Party_habait_hayehudi,FALSE,2009,9848,אלוני יצחק,ALLONE YIZHAQ,1,NA,274,NA,NA,NA,NA,NA,NA,NA,0.136795946933768,2002.98332035131,NA,47.5
868,אלוני יצחק,אלונייצחק,112.3518143761318,0,NA,NA,no_red_alert,2013,0.142857142857143,Party_habait_hayehudi,FALSE,2013,9850,אלוני יצחק,ALLONE YIZHAQ,1,יהודי,290,150,140,50,190,10,30,0,0.136795946933768,2119.94585000686,0,56
868,אלוני יצחק,אלונייצחק,112.3518143761318,0,NA,NA,no_red_alert,2015,0,Party_habait_hayehudi,TRUE,2015,9857,אלוני יצחק,ALLONE YIZHAQ,1,יהודי,290,150,140,60,190,10,40,0,0.136795946933768,2119.94585000686,0,51
872,גאולי תימן,גאוליתימן,96.30581334993656,0,NA,NA,no_red_alert,2006,0.180487804878049,Party_habait_hayehudi,FALSE,2006,9906,גאולי תימן,GE'ULE TEMAN,1,NA,298,NA,NA,NA,NA,NA,NA,NA,0.215552065692429,1382.49660954405,NA,61
872,גאולי תימן,גאוליתימן,96.30581334993656,0,NA,NA,no_red_alert,2009,0.0841584158415842,Party_habait_hayehudi,FALSE,2009,9898,גאולי תימן,GE'ULE TEMAN,1,NA,351,NA,NA,NA,NA,NA,NA,NA,0.215552065692429,1628.37687902672,NA,59
872,גאולי תימן,גאוליתימן,96.30581334993656,0,NA,NA,no_red_alert,2013,0.17989417989418,Party_habait_hayehudi,FALSE,2013,9904,גאולי תימן,GE'ULE TEMAN,1,יהודי,370,190,170,90,20,40,170,50,0.215552065692429,1716.52263601107,0.135135135135135,63
872,גאולי תימן,גאוליתימן,96.30581334993656,0,NA,NA,no_red_alert,2015,0.0970873786407767,Party_habait_hayehudi,TRUE,2015,9897,גאולי תימן,GE'ULE TEMAN,1,יהודי,370,190,180,90,20,40,170,60,0.215552065692429,1716.52263601107,0.162162162162162,60
874,מגדל העמק,מגדלהעמק,137.7829746721675,1,6,1,temporal_distance == 6,2006,0.0460699327943898,Party_habait_hayehudi,FALSE,2006,9933,מגדל העמק,MIGDAL HAEMEQ,1,NA,24705,NA,NA,NA,NA,NA,NA,NA,7.60220124686841,3249.71665413051,NA,57.7
874,מגדל העמק,מגדלהעמק,137.7829746721675,1,6,1,temporal_distance == 6,2009,0.0481578947368421,Party_habait_hayehudi,FALSE,2009,9929,מגדל העמק,MIGDAL HAEMEQ,1,NA,23956,NA,NA,NA,NA,NA,NA,NA,7.60220124686841,3151.19255884843,NA,58.2727272727273
874,מגדל העמק,מגדלהעמק,137.7829746721675,1,6,1,temporal_distance == 6,2013,0.0671770807606817,Party_habait_hayehudi,FALSE,2013,9932,מגדל העמק,MIGDAL HAEMEQ,1,יהודי,24810,12310,12510,6150,2150,3590,9900,3030,7.60220124686841,3263.52844318875,0.122128174123337,61.1
874,מגדל העמק,מגדלהעמק,137.7829746721675,1,6,1,temporal_distance == 6,2015,0.0407610739264496,Party_habait_hayehudi,TRUE,2015,9931,מגדל העמק,MIGDAL HAEMEQ,1,יהודי,24960,12340,12610,6090,2140,3500,9970,3250,7.60220124686841,3283.2595704148,0.130208333333333,61
877,בית חירות,ביתחירות,93.70515960366666,0,NA,NA,no_red_alert,2006,0.00279329608938547,Party_habait_hayehudi,FALSE,2006,9957,בית חירות,BET HERUT,1,NA,681,NA,NA,NA,NA,NA,NA,NA,0.360913068498649,1886.88096785431,NA,61
877,בית חירות,ביתחירות,93.70515960366666,0,NA,NA,no_red_alert,2009,0.00779220779220779,Party_habait_hayehudi,FALSE,2009,9958,בית חירות,BET HERUT,1,NA,845,NA,NA,NA,NA,NA,NA,NA,0.360913068498649,2341.28402031849,NA,57.8
877,בית חירות,ביתחירות,93.70515960366666,0,NA,NA,no_red_alert,2013,0.0202247191011236,Party_habait_hayehudi,FALSE,2013,9960,בית חירות,BET HERUT,1,יהודי,850,430,430,240,50,90,380,80,0.360913068498649,2355.13777191801,0.0941176470588235,62
877,בית חירות,ביתחירות,93.70515960366666,0,NA,NA,no_red_alert,2015,0.00884955752212389,Party_habait_hayehudi,TRUE,2015,9961,בית חירות,BET HERUT,1,יהודי,880,430,450,250,70,80,390,90,0.360913068498649,2438.26028151511,0.102272727272727,56
880,עין שריד,עיןשריד,85.97249851754445,1,227,5,temporal_distance > 149,2006,0.0250447227191413,Party_habait_hayehudi,FALSE,2006,9970,עין שריד,EN SARID,1,NA,1237,NA,NA,NA,NA,NA,NA,NA,0.308190834576884,4013.74687763924,NA,61
880,עין שריד,עיןשריד,85.97249851754445,1,227,5,temporal_distance > 149,2009,0.0202702702702703,Party_habait_hayehudi,FALSE,2009,9981,עין שריד,EN SARID,1,NA,1270,NA,NA,NA,NA,NA,NA,NA,0.308190834576884,4120.82339094732,NA,59
880,עין שריד,עיןשריד,85.97249851754445,1,227,5,temporal_distance > 149,2013,0.072753209700428,Party_habait_hayehudi,FALSE,2013,9980,עין שריד,EN SARID,1,יהודי,1500,760,730,390,130,250,650,80,0.308190834576884,4867.11424127636,0.0533333333333333,63
880,עין שריד,עיןשריד,85.97249851754445,1,227,5,temporal_distance > 149,2015,0.0411311053984576,Party_habait_hayehudi,TRUE,2015,9969,עין שריד,EN SARID,1,יהודי,1570,790,770,410,140,250,690,90,0.308190834576884,5094.24623920259,0.0573248407643312,62
889,כפר חסידים ב',כפרחסידיםב,139.69052226901442,0,NA,NA,no_red_alert,2006,0.255813953488372,Party_habait_hayehudi,FALSE,2006,10055,כפר חסידים ב',KEFAR HASIDIM BET,1,NA,193,NA,NA,NA,NA,NA,NA,NA,0.255729723766579,754.70304021508,NA,60.5
889,כפר חסידים ב',כפרחסידיםב,139.69052226901442,0,NA,NA,no_red_alert,2009,0.241758241758242,Party_habait_hayehudi,FALSE,2009,10044,כפר חסידים ב',KEFAR HASIDIM BET,1,NA,185,NA,NA,NA,NA,NA,NA,NA,0.255729723766579,723.420012641398,NA,59
889,כפר חסידים ב',כפרחסידיםב,139.69052226901442,0,NA,NA,no_red_alert,2013,0.377777777777778,Party_habait_hayehudi,FALSE,2013,10050,כפר חסידים ב',KEFAR HASIDIM BET,1,יהודי,230,120,120,60,10,30,90,40,0.255729723766579,899.38704274336,0.173913043478261,63
889,כפר חסידים ב',כפרחסידיםב,139.69052226901442,0,NA,NA,no_red_alert,2015,0.505,Party_habait_hayehudi,TRUE,2015,10042,כפר חסידים ב',KEFAR HASIDIM BET,1,יהודי,260,120,130,70,20,30,90,50,0.255729723766579,1016.69839614467,0.192307692307692,60.25
913,שבלי - אום אל-גנם,שבליאוםאלגנם,146.65367103443248,0,NA,NA,no_red_alert,2006,0.00341880341880342,Party_habait_hayehudi,FALSE,2006,10114,שבלי - אום אל-גנם,SHIBLI-UMM AL-GHANAM,2,NA,4962,NA,NA,NA,NA,NA,NA,NA,2.87517455835849,1725.80825938893,NA,48.75
913,שבלי - אום אל-גנם,שבליאוםאלגנם,146.65367103443248,0,NA,NA,no_red_alert,2009,0.00804828973843058,Party_habait_hayehudi,FALSE,2009,10104,שבלי - אום אל-גנם,SHIBLI-UMM AL-GHANAM,2,NA,4980,NA,NA,NA,NA,NA,NA,NA,2.87517455835849,1732.06874884258,NA,51.5
913,שבלי - אום אל-גנם,שבליאוםאלגנם,146.65367103443248,0,NA,NA,no_red_alert,2013,0.018582243633861,Party_habait_hayehudi,FALSE,2013,10107,שבלי - אום אל-גנם,SHIBLI-UMM AL-GHANAM,2,לא יהודי,5470,2740,2730,1980,540,750,1940,250,2.87517455835849,1902.49318396966,0.0457038391224863,57.5
913,שבלי - אום אל-גנם,שבליאוםאלגנם,146.65367103443248,0,NA,NA,no_red_alert,2015,0.0018984337921215,Party_habait_hayehudi,TRUE,2015,10113,שבלי - אום אל-גנם,SHIBLI-UMM AL-GHANAM,2,לא יהודי,5690,2860,2840,1980,590,820,2030,280,2.87517455835849,1979.01027729202,0.0492091388400703,54
921,שער מנשה,שערמנשה,106.045433405176,0,NA,NA,no_red_alert,2006,0,Party_habait_hayehudi,FALSE,2006,10166,שער מנשה,SHA'AR MENASHE,1,NA,1157,NA,NA,NA,NA,NA,NA,NA,0.558551276398722,2071.43023190243,NA,61
921,שער מנשה,שערמנשה,106.045433405176,0,NA,NA,no_red_alert,2009,0,Party_habait_hayehudi,FALSE,2009,10162,שער מנשה,SHA'AR MENASHE,1,NA,411,NA,NA,NA,NA,NA,NA,NA,0.558551276398722,735.832173994725,NA,59
921,שער מנשה,שערמנשה,106.045433405176,0,NA,NA,no_red_alert,2013,0,Party_habait_hayehudi,FALSE,2013,10172,שער מנשה,SHA'AR MENASHE,1,יהודי,340,180,160,0,0,10,240,90,0.558551276398722,608.717613523617,0.264705882352941,62
921,שער מנשה,שערמנשה,106.045433405176,0,NA,NA,no_red_alert,2015,0,Party_habait_hayehudi,TRUE,2015,10168,שער מנשה,SHA'AR MENASHE,1,יהודי,540,380,160,0,0,50,450,50,0.558551276398722,966.786797949273,0.0925925925925926,60
922,רכסים,רכסים,139.95081994397145,0,NA,NA,no_red_alert,2006,0.0373431282522192,Party_habait_hayehudi,FALSE,2006,10175,רכסים,REKHASIM,1,NA,8580,NA,NA,NA,NA,NA,NA,NA,2.82086405766892,3041.62122831621,NA,56.6666666666667
922,רכסים,רכסים,139.95081994397145,0,NA,NA,no_red_alert,2009,0.027027027027027,Party_habait_hayehudi,FALSE,2009,10185,רכסים,REKHASIM,1,NA,9237,NA,NA,NA,NA,NA,NA,NA,2.82086405766892,3274.52858810686,NA,58.2
922,רכסים,רכסים,139.95081994397145,0,NA,NA,no_red_alert,2013,0.0319001386962552,Party_habait_hayehudi,FALSE,2013,10188,רכסים,REKHASIM,1,יהודי,10090,5120,4970,4330,1040,1710,2610,400,2.82086405766892,3576.91820439517,0.0396432111000991,61
922,רכסים,רכסים,139.95081994397145,0,NA,NA,no_red_alert,2015,0.0211389128559103,Party_habait_hayehudi,TRUE,2015,10176,רכסים,REKHASIM,1,יהודי,10680,5350,5330,4670,1090,1730,2760,430,2.82086405766892,3786.07397650549,0.0402621722846442,59
942,סואעד (חמרייה),סואעדחמרייה,146.45046882493926,0,NA,NA,no_red_alert,2006,NA,Party_habait_hayehudi,FALSE,2006,10223,סואעד (חמרייה)*,SAWA'ID(HAMRIYYE),2,NA,46,NA,NA,NA,NA,NA,NA,NA,0.0100555294879102,4574.59749437421,NA,53.5
942,סואעד (חמרייה),סואעדחמרייה,146.45046882493926,0,NA,NA,no_red_alert,2009,0,Party_habait_hayehudi,FALSE,2009,10216,סואעד (חמרייה)*,SAWA'ID(HAMRIYYE),2,NA,134,NA,NA,NA,NA,NA,NA,NA,0.0100555294879102,13326.0013966553,NA,56
942,סואעד (חמרייה),סואעדחמרייה,146.45046882493926,0,NA,NA,no_red_alert,2013,0,Party_habait_hayehudi,FALSE,2013,10217,סואעד (חמרייה)*,SAWA'ID(HAMRIYYE),2,לא יהודי,140,70,70,50,20,10,40,10,0.0100555294879102,13922.6880263563,0.0714285714285714,59.25
942,סואעד (חמרייה),סואעדחמרייה,146.45046882493926,0,NA,NA,no_red_alert,2015,0.0208333333333333,Party_habait_hayehudi,TRUE,2015,10212,סואעד (חמרייה)*,SAWA'ID(HAMRIYYE),2,לא יהודי,160,80,80,50,20,20,50,20,0.0100555294879102,15911.6434586929,0.125,60.25
944,בסמת טבעון,בסמתטבעון,139.64683419933692,0,NA,NA,no_red_alert,2006,0.0191256830601093,Party_habait_hayehudi,FALSE,2006,10236,בסמת טבעון,BASMAT TAB'UN,2,NA,6332,NA,NA,NA,NA,NA,NA,NA,3.42282722020635,1849.93269967576,NA,60.2
944,בסמת טבעון,בסמתטבעון,139.64683419933692,0,NA,NA,no_red_alert,2009,0.0201612903225806,Party_habait_hayehudi,FALSE,2009,10234,בסמת טבעון,BASMAT TAB'UN,2,NA,6781,NA,NA,NA,NA,NA,NA,NA,3.42282722020635,1981.11080803874,NA,57.75
944,בסמת טבעון,בסמתטבעון,139.64683419933692,0,NA,NA,no_red_alert,2013,0.00771513353115727,Party_habait_hayehudi,FALSE,2013,10227,בסמת טבעון,BASMAT TAB'UN,2,לא יהודי,7190,3580,3620,2350,750,1140,2610,340,3.42282722020635,2100.60267066783,0.0472878998609179,62.4
944,בסמת טבעון,בסמתטבעון,139.64683419933692,0,NA,NA,no_red_alert,2015,0.00297366185216653,Party_habait_hayehudi,TRUE,2015,10239,בסמת טבעון,BASMAT TAB'UN,2,לא יהודי,7510,3730,3780,2360,800,1250,2730,360,3.42282722020635,2194.092636539,0.0479360852197071,56
975,זרזיר,זרזיר,141.4575663168932,0,NA,NA,no_red_alert,2006,0.0182410423452769,Party_habait_hayehudi,FALSE,2006,10293,זרזיר,ZARZIR,2,NA,6463,NA,NA,NA,NA,NA,NA,NA,4.03283747897984,1602.59371563738,NA,60
975,זרזיר,זרזיר,141.4575663168932,0,NA,NA,no_red_alert,2009,0.0292028413575375,Party_habait_hayehudi,FALSE,2009,10288,זרזיר,ZARZIR,2,NA,6419,NA,NA,NA,NA,NA,NA,NA,4.03283747897984,1591.68328340962,NA,58
975,זרזיר,זרזיר,141.4575663168932,0,NA,NA,no_red_alert,2013,0.0181194906953967,Party_habait_hayehudi,FALSE,2013,10297,זרזיר,ZARZIR,2,לא יהודי,7060,3590,3480,2500,770,1240,2300,250,4.03283747897984,1750.62844381865,0.0354107648725212,62.2
975,זרזיר,זרזיר,141.4575663168932,0,NA,NA,no_red_alert,2015,0.0152193375111907,Party_habait_hayehudi,TRUE,2015,10294,זרזיר,ZARZIR,2,לא יהודי,7460,3780,3680,2580,800,1340,2480,270,4.03283747897984,1849.81419134378,0.0361930294906166,57.8
978,כעביה-טבאש-חג'אג',כעביהטבאשחגאג,142.86513423789813,1,6,1,temporal_distance == 6,2006,0.0750199521149242,Party_habait_hayehudi,FALSE,2006,10308,כעביה-טבאש-חג'אג'רה,KA'ABIYYE-TABBASH-HAJAJRE,2,NA,4064,NA,NA,NA,NA,NA,NA,NA,1.5643188911477,2597.93576808265,NA,55.3333333333333
978,כעביה-טבאש-חג'אג',כעביהטבאשחגאג,142.86513423789813,1,6,1,temporal_distance == 6,2009,0.0119047619047619,Party_habait_hayehudi,FALSE,2009,10311,כעביה-טבאש-חג'אג'רה,KA'ABIYYE-TABBASH-HAJAJRE,2,NA,4370,NA,NA,NA,NA,NA,NA,NA,1.5643188911477,2793.54805770699,NA,54
978,כעביה-טבאש-חג'אג',כעביהטבאשחגאג,142.86513423789813,1,6,1,temporal_distance == 6,2013,6.2383031815346e-4,Party_habait_hayehudi,FALSE,2013,10316,כעביה-טבאש-חג'אג'רה,KA'ABIYYE-TABBASH-HAJAJRE,2,לא יהודי,4760,2420,2340,1680,510,830,1570,170,1.5643188911477,3042.85783860075,0.0357142857142857,61
978,כעביה-טבאש-חג'אג',כעביהטבאשחגאג,142.86513423789813,1,6,1,temporal_distance == 6,2015,6.997900629811e-4,Party_habait_hayehudi,TRUE,2015,10307,כעביה-טבאש-חג'אג'רה,KA'ABIYYE-TABBASH-HAJAJRE,2,לא יהודי,4980,2510,2470,1710,540,900,1640,190,1.5643188911477,3183.49412525876,0.0381526104417671,52.6666666666667
990,ראס עלי,ראסעלי,144.35354219571985,0,NA,NA,no_red_alert,2006,NA,Party_habait_hayehudi,FALSE,2006,10335,ראס עלי,RAS ALI,2,NA,523,NA,NA,NA,NA,NA,NA,NA,0.490620800652554,1065.99638520091,NA,53
990,ראס עלי,ראסעלי,144.35354219571985,0,NA,NA,no_red_alert,2009,0,Party_habait_hayehudi,FALSE,2009,10331,ראס עלי,RAS ALI,2,NA,525,NA,NA,NA,NA,NA,NA,NA,0.490620800652554,1070.07285321315,NA,53
990,ראס עלי,ראסעלי,144.35354219571985,0,NA,NA,no_red_alert,2013,0,Party_habait_hayehudi,FALSE,2013,10340,ראס עלי,RAS ALI,2,לא יהודי,540,270,260,220,70,80,160,10,0.490620800652554,1100.64636330496,0.0185185185185185,59
990,ראס עלי,ראסעלי,144.35354219571985,0,NA,NA,no_red_alert,2015,0,Party_habait_hayehudi,TRUE,2015,10330,ראס עלי,RAS ALI,2,לא יהודי,560,280,280,210,70,90,180,10,0.490620800652554,1141.41104342736,0.0178571428571429,54.75
994,מנשית זבדה,מנשיתזבדה,139.31139525304442,1,6,1,temporal_distance == 6,2006,0,Party_habait_hayehudi,FALSE,2006,10361,מנשית זבדה,MANSHIYYET ZABDA,2,NA,979,NA,NA,NA,NA,NA,NA,NA,1.22324059012108,800.33315433319,NA,58
994,מנשית זבדה,מנשיתזבדה,139.31139525304442,1,6,1,temporal_distance == 6,2009,0,Party_habait_hayehudi,FALSE,2009,10359,מנשית זבדה,MANSHIYYET ZABDA,2,NA,1031,NA,NA,NA,NA,NA,NA,NA,1.22324059012108,842.843189088375,NA,57
994,מנשית זבדה,מנשיתזבדה,139.31139525304442,1,6,1,temporal_distance == 6,2013,0,Party_habait_hayehudi,FALSE,2013,10360,מנשית זבדה,MANSHIYYET ZABDA,2,לא יהודי,1140,560,580,380,130,230,370,30,1.22324059012108,931.950761940589,0.0263157894736842,62
994,מנשית זבדה,מנשיתזבדה,139.31139525304442,1,6,1,temporal_distance == 6,2015,0,Party_habait_hayehudi,TRUE,2015,10366,מנשית זבדה,MANSHIYYET ZABDA,2,לא יהודי,1210,600,610,400,120,260,390,40,1.22324059012108,989.175808726415,0.0330578512396694,55
998,ביר אל-מכסור,ביראלמכסור,147.31941504983223,0,NA,NA,no_red_alert,2006,0.0469512195121951,Party_habait_hayehudi,FALSE,2006,10386,ביר אל-מכסור,BIR EL-MAKSUR,2,NA,7257,NA,NA,NA,NA,NA,NA,NA,4.50709828413875,1610.12685823574,NA,54
998,ביר אל-מכסור,ביראלמכסור,147.31941504983223,0,NA,NA,no_red_alert,2009,0.0369761709120789,Party_habait_hayehudi,FALSE,2009,10394,ביר אל-מכסור,BIR EL-MAKSUR,2,NA,7616,NA,NA,NA,NA,NA,NA,NA,4.50709828413875,1689.77899301686,NA,54.6
998,ביר אל-מכסור,ביראלמכסור,147.31941504983223,0,NA,NA,no_red_alert,2013,4.4503782821539e-4,Party_habait_hayehudi,FALSE,2013,10396,ביר אל-מכסור,BIR EL-MAKSUR,2,לא יהודי,8300,4210,4090,2860,850,1480,2780,320,4.50709828413875,1841.53960636029,0.0385542168674699,63
998,ביר אל-מכסור,ביראלמכסור,147.31941504983223,0,NA,NA,no_red_alert,2015,0.0101047904191617,Party_habait_hayehudi,TRUE,2015,10399,ביר אל-מכסור,BIR EL-MAKSUR,2,לא יהודי,8710,4420,4290,2920,880,1560,3010,350,4.50709828413875,1932.50722546965,0.0401836969001148,56.8571428571429
1020,אור עקיבא,אורעקיבא,106.36605012043756,1,232,4,temporal_distance > 149,2006,0.0955453149001536,Party_habait_hayehudi,FALSE,2006,10419,אור עקיבא,OR AQIVA,1,NA,15767,NA,NA,NA,NA,NA,NA,NA,4.54121728656148,3471.97656598776,NA,61
1020,אור עקיבא,אורעקיבא,106.36605012043756,1,232,4,temporal_distance > 149,2009,0.0435411543468827,Party_habait_hayehudi,FALSE,2009,10430,אור עקיבא,OR AQIVA,1,NA,16117,NA,NA,NA,NA,NA,NA,NA,4.54121728656148,3549.04841212816,NA,59
1020,אור עקיבא,אורעקיבא,106.36605012043756,1,232,4,temporal_distance > 149,2013,0.101895083768196,Party_habait_hayehudi,FALSE,2013,10428,אור עקיבא,OR AQIVA,1,יהודי,16550,8100,8460,3820,1120,2490,7110,2030,4.54121728656148,3644.39729606758,0.122658610271903,63
1020,אור עקיבא,אורעקיבא,106.36605012043756,1,232,4,temporal_distance > 149,2015,0.0509973045822102,Party_habait_hayehudi,TRUE,2015,10433,אור עקיבא,OR AQIVA,1,יהודי,17090,8310,8780,4030,1060,2430,7360,2210,4.54121728656148,3763.30814439848,0.129315389116442,62
1024,חרוצים,חרוצים,78.29834184720848,1,227,5,temporal_distance > 149,2006,0.046583850931677,Party_habait_hayehudi,FALSE,2006,10444,חרוצים,HARUZIM,1,NA,668,NA,NA,NA,NA,NA,NA,NA,0.2041639586979,3271.88013134304,NA,61
1024,חרוצים,חרוצים,78.29834184720848,1,227,5,temporal_distance > 149,2009,0.0381471389645777,Party_habait_hayehudi,FALSE,2009,10440,חרוצים,HARUZIM,1,NA,783,NA,NA,NA,NA,NA,NA,NA,0.2041639586979,3835.15290844551,NA,59
1024,חרוצים,חרוצים,78.29834184720848,1,227,5,temporal_distance > 149,2013,0.0909090909090909,Party_habait_hayehudi,FALSE,2013,10437,חרוצים,HARUZIM,1,יהודי,840,410,430,210,50,80,410,80,0.2041639586979,4114.34028492239,0.0952380952380952,63
1024,חרוצים,חרוצים,78.29834184720848,1,227,5,temporal_distance > 149,2015,0.0693512304250559,Party_habait_hayehudi,TRUE,2015,10447,חרוצים,HARUZIM,1,יהודי,890,440,450,220,50,100,410,100,0.2041639586979,4359.24149235824,0.112359550561798,58
1044,יעף,יעף,86.8511599814999,1,227,5,temporal_distance > 149,2006,NA,Party_habait_hayehudi,FALSE,2006,10501,יעף,YE'AF,1,NA,128,NA,NA,NA,NA,NA,NA,NA,0.11569481872135,1106.35896589532,NA,61
1044,יעף,יעף,86.8511599814999,1,227,5,temporal_distance > 149,2009,NA,Party_habait_hayehudi,FALSE,2009,10502,יעף,YE'AF,1,NA,147,NA,NA,NA,NA,NA,NA,NA,0.11569481872135,1270.58412489541,NA,59
1044,יעף,יעף,86.8511599814999,1,227,5,temporal_distance > 149,2013,0.0803571428571429,Party_habait_hayehudi,FALSE,2013,10507,יעף,YE'AF,1,יהודי,270,130,140,100,20,30,120,0,0.11569481872135,2333.72594368544,0,63
1044,יעף,יעף,86.8511599814999,1,227,5,temporal_distance > 149,2015,0.0161290322580645,Party_habait_hayehudi,TRUE,2015,10508,יעף,YE'AF,1,יהודי,290,140,150,110,20,30,130,10,0.11569481872135,2506.59453210659,0.0344827586206897,60.5
1057,נווה זוהר,נווהזוהר,86.54028058670674,0,NA,NA,no_red_alert,2006,0.0444444444444444,Party_habait_hayehudi,FALSE,2006,10654,נווה זוהר,NEWE ZOHAR,1,NA,78,NA,NA,NA,NA,NA,NA,NA,0.187830858939939,415.267227335319,NA,24.3333333333333
1057,נווה זוהר,נווהזוהר,86.54028058670674,0,NA,NA,no_red_alert,2009,NA,Party_habait_hayehudi,FALSE,2009,10665,נווה זוהר,NEWE ZOHAR,1,NA,91,NA,NA,NA,NA,NA,NA,NA,0.187830858939939,484.478431891205,NA,37
1057,נווה זוהר,נווהזוהר,86.54028058670674,0,NA,NA,no_red_alert,2013,0.0714285714285714,Party_habait_hayehudi,FALSE,2013,10653,נווה זוהר,NEWE ZOHAR,1,יהודי,80,40,30,10,0,10,50,0,0.187830858939939,425.915104959301,0,28
1057,נווה זוהר,נווהזוהר,86.54028058670674,0,NA,NA,no_red_alert,2015,0.025,Party_habait_hayehudi,TRUE,2015,10656,נווה זוהר,NEWE ZOHAR,1,יהודי,70,40,30,10,0,10,40,10,0.187830858939939,372.675716839389,0.142857142857143,23.3333333333333
1061,נצרת עילית,נצרתעילית,142.6241443853567,1,6,2,temporal_distance == 6,2006,0.0204784975775436,Party_habait_hayehudi,FALSE,2006,10713,נצרת עילית,NAZERAT ILLIT,4,NA,43577,NA,NA,NA,NA,NA,NA,NA,32.830025520643,1327.35199893766,NA,49.6444444444444
1061,נצרת עילית,נצרתעילית,142.6241443853567,1,6,2,temporal_distance == 6,2009,0.0251434685341893,Party_habait_hayehudi,FALSE,2009,10719,נצרת עילית,NAZERAT ILLIT,4,NA,40898,NA,NA,NA,NA,NA,NA,NA,32.830025520643,1245.74986925563,NA,49.5106382978723
1061,נצרת עילית,נצרתעילית,142.6241443853567,1,6,2,temporal_distance == 6,2013,0.0507506768397736,Party_habait_hayehudi,FALSE,2013,10715,נצרת עילית,NAZERAT ILLIT,4,מעורב,40450,19310,21160,7610,2540,5380,17780,7190,32.830025520643,1232.10382442638,0.177750309023486,52.8444444444444
1061,נצרת עילית,נצרתעילית,142.6241443853567,1,6,2,temporal_distance == 6,2015,0.0416478249072985,Party_habait_hayehudi,TRUE,2015,10721,נצרת עילית,NAZERAT ILLIT,4,מעורב,40220,19180,21030,7660,2550,5250,17310,7460,32.830025520643,1225.0980424828,0.185479860765788,53.5777777777778
1069,רם-און,רםאון,125.66097294247815,1,6,1,temporal_distance == 6,2006,0.02,Party_habait_hayehudi,FALSE,2006,10832,רם-און,RAM-ON,1,NA,633,NA,NA,NA,NA,NA,NA,NA,1.06599586099467,593.810936009969,NA,20
1069,רם-און,רםאון,125.66097294247815,1,6,1,temporal_distance == 6,2009,0.017632241813602,Party_habait_hayehudi,FALSE,2009,10826,רם-און,RAM-ON,1,NA,861,NA,NA,NA,NA,NA,NA,NA,1.06599586099467,807.69544376711406,NA,21.5
1069,רם-און,רםאון,125.66097294247815,1,6,1,temporal_distance == 6,2013,0.0437636761487965,Party_habait_hayehudi,FALSE,2013,10833,רם-און,RAM-ON,1,יהודי,940,490,440,340,70,60,350,120,1.06599586099467,881.804549525072,0.127659574468085,20
1069,רם-און,רםאון,125.66097294247815,1,6,1,temporal_distance == 6,2015,0.0241228070175439,Party_habait_hayehudi,TRUE,2015,10831,רם-און,RAM-ON,1,יהודי,1000,520,480,340,100,70,370,120,1.06599586099467,938.089946303268,0.12,26
1077,גבעת שפירא,גבעתשפירא,91.88965019680244,0,NA,NA,no_red_alert,2006,0.0283018867924528,Party_habait_hayehudi,FALSE,2006,10894,גבעת שפירא,GIV'AT SHAPPIRA,1,NA,218,NA,NA,NA,NA,NA,NA,NA,0.119946787935517,1817.4725955746,NA,61
1077,גבעת שפירא,גבעתשפירא,91.88965019680244,0,NA,NA,no_red_alert,2009,0.0172413793103448,Party_habait_hayehudi,FALSE,2009,10893,גבעת שפירא,GIV'AT SHAPPIRA,1,NA,359,NA,NA,NA,NA,NA,NA,NA,0.119946787935517,2992.99386151964,NA,59
1077,גבעת שפירא,גבעתשפירא,91.88965019680244,0,NA,NA,no_red_alert,2013,0.0340136054421769,Party_habait_hayehudi,FALSE,2013,10905,גבעת שפירא,GIV'AT SHAPPIRA,1,יהודי,380,190,190,130,30,20,160,40,0.119946787935517,3168.07149687315,0.105263157894737,63
1077,גבעת שפירא,גבעתשפירא,91.88965019680244,0,NA,NA,no_red_alert,2015,0.0173410404624277,Party_habait_hayehudi,TRUE,2015,10899,גבעת שפירא,GIV'AT SHAPPIRA,1,יהודי,430,200,230,120,50,20,170,70,0.119946787935517,3584.92300961962,0.162790697674419,62
1102,צוקי ים,צוקיים,91.64805803802643,0,NA,NA,no_red_alert,2006,0.05,Party_habait_hayehudi,FALSE,2006,11067,צוקי ים,ZUQI YAM,1,NA,250,NA,NA,NA,NA,NA,NA,NA,0.0829846484949045,3012.60539791707,NA,61
1102,צוקי ים,צוקיים,91.64805803802643,0,NA,NA,no_red_alert,2009,0.0495049504950495,Party_habait_hayehudi,FALSE,2009,11059,צוקי ים,ZUQI YAM,1,NA,214,NA,NA,NA,NA,NA,NA,NA,0.0829846484949045,2578.79022061701,NA,58
1102,צוקי ים,צוקיים,91.64805803802643,0,NA,NA,no_red_alert,2013,0.115384615384615,Party_habait_hayehudi,FALSE,2013,11070,צוקי ים,ZUQI YAM,1,יהודי,240,110,130,60,10,20,90,50,0.0829846484949045,2892.10118200039,0.208333333333333,63
1102,צוקי ים,צוקיים,91.64805803802643,0,NA,NA,no_red_alert,2015,0.0403225806451613,Party_habait_hayehudi,TRUE,2015,11058,צוקי ים,ZUQI YAM,1,יהודי,270,120,150,70,10,20,110,50,0.0829846484949045,3253.61382975044,0.185185185185185,60
1108,אומן,אומן,128.3928241732222,1,6,1,temporal_distance == 6,2006,0.037593984962406,Party_habait_hayehudi,FALSE,2006,11131,אומן,OMEN,1,NA,436,NA,NA,NA,NA,NA,NA,NA,0.174090013400421,2504.45152759662,NA,26.5
1108,אומן,אומן,128.3928241732222,1,6,1,temporal_distance == 6,2009,0.00680272108843537,Party_habait_hayehudi,FALSE,2009,11118,אומן,OMEN,1,NA,247,NA,NA,NA,NA,NA,NA,NA,0.174090013400421,1418.80625531276,NA,31
1108,אומן,אומן,128.3928241732222,1,6,1,temporal_distance == 6,2013,0.157534246575342,Party_habait_hayehudi,FALSE,2013,11129,אומן,OMEN,1,יהודי,320,160,160,90,20,40,150,20,0.174090013400421,1838.1295615388,0.0625,30.5
1108,אומן,אומן,128.3928241732222,1,6,1,temporal_distance == 6,2015,0.0621468926553672,Party_habait_hayehudi,TRUE,2015,11126,אומן,OMEN,1,יהודי,330,170,160,90,20,30,160,30,0.174090013400421,1895.57111033689,0.0909090909090909,31
1110,חבר,חבר,128.23379504436446,1,6,1,temporal_distance == 6,2006,0.010752688172043,Party_habait_hayehudi,FALSE,2006,11145,חבר,HEVER,1,NA,389,NA,NA,NA,NA,NA,NA,NA,0.218003229839834,1784.37723278594,NA,23.25
1110,חבר,חבר,128.23379504436446,1,6,1,temporal_distance == 6,2009,0.0225563909774436,Party_habait_hayehudi,FALSE,2009,11136,חבר,HEVER,1,NA,377,NA,NA,NA,NA,NA,NA,NA,0.218003229839834,1729.33217676169,NA,25
1110,חבר,חבר,128.23379504436446,1,6,1,temporal_distance == 6,2013,0.138888888888889,Party_habait_hayehudi,FALSE,2013,11137,חבר,HEVER,1,יהודי,390,200,190,130,40,50,160,10,0.218003229839834,1788.96432078796,0.0256410256410256,27.75
1110,חבר,חבר,128.23379504436446,1,6,1,temporal_distance == 6,2015,0.107784431137725,Party_habait_hayehudi,TRUE,2015,11138,חבר,HEVER,1,יהודי,430,220,210,140,50,40,180,10,0.218003229839834,1972.44784086877,0.0232558139534884,29.25
1124,נאות הכיכר,נאותהכיכר,95.98394510562352,0,NA,NA,no_red_alert,2006,0.0160427807486631,Party_habait_hayehudi,FALSE,2006,11260,נאות הכיכר,NE'OT HAKIKKAR,1,NA,239,NA,NA,NA,NA,NA,NA,NA,13.3156840461182,17.9487587098218,NA,12.7894736842105
1124,נאות הכיכר,נאותהכיכר,95.98394510562352,0,NA,NA,no_red_alert,2009,0,Party_habait_hayehudi,FALSE,2009,11256,נאות הכיכר,NE'OT HAKIKKAR,1,NA,405,NA,NA,NA,NA,NA,NA,NA,13.3156840461182,30.415260575221,NA,16.0588235294118
1124,נאות הכיכר,נאותהכיכר,95.98394510562352,0,NA,NA,no_red_alert,2013,0.053030303030303,Party_habait_hayehudi,FALSE,2013,11261,נאות הכיכר,NE'OT HAKIKKAR,1,יהודי,400,220,180,90,20,60,190,50,13.3156840461182,30.0397635310825,0.125,15.5263157894737
1124,נאות הכיכר,נאותהכיכר,95.98394510562352,0,NA,NA,no_red_alert,2015,0.0220588235294118,Party_habait_hayehudi,TRUE,2015,11262,נאות הכיכר,NE'OT HAKIKKAR,1,יהודי,410,220,200,90,30,50,170,80,13.3156840461182,30.7907576193596,0.195121951219512,12.2631578947368
1127,מעלה גלבוע,מעלהגלבוע,130.40607605972454,1,6,1,temporal_distance == 6,2006,0.393548387096774,Party_habait_hayehudi,FALSE,2006,11306,מעלה גלבוע,MA'ALE GILBOA,1,NA,310,NA,NA,NA,NA,NA,NA,NA,0.584090844167271,530.739358604332,NA,21
1127,מעלה גלבוע,מעלהגלבוע,130.40607605972454,1,6,1,temporal_distance == 6,2009,0.456521739130435,Party_habait_hayehudi,FALSE,2009,11298,מעלה גלבוע,MA'ALE GILBOA,1,NA,470,NA,NA,NA,NA,NA,NA,NA,0.584090844167271,804.669350142051,NA,16.25
1127,מעלה גלבוע,מעלהגלבוע,130.40607605972454,1,6,1,temporal_distance == 6,2013,0.419811320754717,Party_habait_hayehudi,FALSE,2013,11309,מעלה גלבוע,MA'ALE GILBOA,1,יהודי,590,350,240,220,70,110,190,0,0.584090844167271,1010.11684379534,0,27
1127,מעלה גלבוע,מעלהגלבוע,130.40607605972454,1,6,1,temporal_distance == 6,2015,0.433734939759036,Party_habait_hayehudi,TRUE,2015,11308,מעלה גלבוע,MA'ALE GILBOA,1,יהודי,670,390,280,270,80,90,230,10,0.584090844167271,1147.0818395642,0.0149253731343284,29
1128,מי עמי,מיעמי,118.055678573303,0,NA,NA,no_red_alert,2006,0.0265486725663717,Party_habait_hayehudi,FALSE,2006,11325,מי עמי,ME AMMI,1,NA,270,NA,NA,NA,NA,NA,NA,NA,0.406536581827511,664.146874031027,NA,50.75
1128,מי עמי,מיעמי,118.055678573303,0,NA,NA,no_red_alert,2009,0.0355871886120996,Party_habait_hayehudi,FALSE,2009,11318,מי עמי,ME AMMI,1,NA,276,NA,NA,NA,NA,NA,NA,NA,0.406536581827511,678.905693453939,NA,51
1128,מי עמי,מיעמי,118.055678573303,0,NA,NA,no_red_alert,2013,0.0327868852459016,Party_habait_hayehudi,FALSE,2013,11321,מי עמי,ME AMMI,1,יהודי,330,170,160,110,10,30,160,0,0.406536581827511,811.735068260144,0,53.5
1128,מי עמי,מיעמי,118.055678573303,0,NA,NA,no_red_alert,2015,0.00531914893617021,Party_habait_hayehudi,TRUE,2015,11317,מי עמי,ME AMMI,1,יהודי,330,170,160,110,10,30,160,10,0.406536581827511,811.735068260144,0.0303030303030303,57.75
1148,צור נתן,צורנתן,86.68271468213628,1,227,5,temporal_distance > 149,2006,0.0158730158730159,Party_habait_hayehudi,FALSE,2006,11570,צור נתן,ZUR NATAN,1,NA,237,NA,NA,NA,NA,NA,NA,NA,0.210275888696017,1127.09070673631,NA,50
1148,צור נתן,צורנתן,86.68271468213628,1,227,5,temporal_distance > 149,2009,0.027027027027027,Party_habait_hayehudi,FALSE,2009,11575,צור נתן,ZUR NATAN,1,NA,241,NA,NA,NA,NA,NA,NA,NA,0.210275888696017,1146.11333469811,NA,55.6666666666667
1148,צור נתן,צורנתן,86.68271468213628,1,227,5,temporal_distance > 149,2013,0.0838709677419355,Party_habait_hayehudi,FALSE,2013,11567,צור נתן,ZUR NATAN,1,יהודי,290,140,150,90,10,20,140,30,0.210275888696017,1379.14052723009,0.103448275862069,58
1148,צור נתן,צורנתן,86.68271468213628,1,227,5,temporal_distance > 149,2015,0.0769230769230769,Party_habait_hayehudi,TRUE,2015,11572,צור נתן,ZUR NATAN,1,יהודי,300,140,150,80,20,10,140,50,0.210275888696017,1426.69709713457,0.166666666666667,60.5
1150,צופר,צופר,110.24107357862832,0,NA,NA,no_red_alert,2006,0,Party_habait_hayehudi,FALSE,2006,11598,צופר,ZOFAR,1,NA,343,NA,NA,NA,NA,NA,NA,NA,24.5094606697506,13.9945959897571,NA,8.54545454545454
1150,צופר,צופר,110.24107357862832,0,NA,NA,no_red_alert,2009,0.0182648401826484,Party_habait_hayehudi,FALSE,2009,11609,צופר,ZOFAR,1,NA,319,NA,NA,NA,NA,NA,NA,NA,24.5094606697506,13.0153822761881,NA,11.3548387096774
1150,צופר,צופר,110.24107357862832,0,NA,NA,no_red_alert,2013,0.0418604651162791,Party_habait_hayehudi,FALSE,2013,11601,צופר,ZOFAR,1,יהודי,380,190,180,80,30,80,180,0,24.5094606697506,15.5042171315093,0,9.15151515151515
1150,צופר,צופר,110.24107357862832,0,NA,NA,no_red_alert,2015,0.0283400809716599,Party_habait_hayehudi,TRUE,2015,11606,צופר,ZOFAR,1,יהודי,390,200,200,90,30,70,200,10,24.5094606697506,15.9122228454964,0.0256410256410256,9.6969696969697
1151,פארן,פארן,124.9449082621544,0,NA,NA,no_red_alert,2006,0.0186915887850467,Party_habait_hayehudi,FALSE,2006,11625,פארן,PARAN,1,NA,399,NA,NA,NA,NA,NA,NA,NA,9.04839466427121,44.0962198052108,NA,21.6153846153846
1151,פארן,פארן,124.9449082621544,0,NA,NA,no_red_alert,2009,0.00425531914893617,Party_habait_hayehudi,FALSE,2009,11623,פארן,PARAN,1,NA,405,NA,NA,NA,NA,NA,NA,NA,9.04839466427121,44.7593208549132,NA,17
1151,פארן,פארן,124.9449082621544,0,NA,NA,no_red_alert,2013,0.0505836575875486,Party_habait_hayehudi,FALSE,2013,11622,פארן,PARAN,1,יהודי,440,220,210,120,30,60,220,10,9.04839466427121,48.6274103115107,0.0227272727272727,18.7692307692308
1151,פארן,פארן,124.9449082621544,0,NA,NA,no_red_alert,2015,0.0296296296296296,Party_habait_hayehudi,TRUE,2015,11613,פארן,PARAN,1,יהודי,440,220,220,120,30,60,200,20,9.04839466427121,48.6274103115107,0.0454545454545455,10.9230769230769
1155,מגן שאול,מגןשאול,127.82007026312432,1,6,1,temporal_distance == 6,2006,0.0367647058823529,Party_habait_hayehudi,FALSE,2006,11678,מגן שאול,MAGEN SHA'UL,1,NA,268,NA,NA,NA,NA,NA,NA,NA,1.46857816886885,182.489434802386,NA,47
1155,מגן שאול,מגןשאול,127.82007026312432,1,6,1,temporal_distance == 6,2009,0.0125,Party_habait_hayehudi,FALSE,2009,11682,מגן שאול,MAGEN SHA'UL,1,NA,297,NA,NA,NA,NA,NA,NA,NA,1.46857816886885,202.236425881749,NA,43
1155,מגן שאול,מגןשאול,127.82007026312432,1,6,1,temporal_distance == 6,2013,0.119047619047619,Party_habait_hayehudi,FALSE,2013,11680,מגן שאול,MAGEN SHA'UL,1,יהודי,510,260,250,170,20,60,240,30,1.46857816886885,347.274670706033,0.0588235294117647,56
1155,מגן שאול,מגןשאול,127.82007026312432,1,6,1,temporal_distance == 6,2015,0.0465116279069767,Party_habait_hayehudi,TRUE,2015,11677,מגן שאול,MAGEN SHA'UL,1,יהודי,610,310,300,210,30,60,270,50,1.46857816886885,415.367743393491,0.0819672131147541,48
1167,קיסריה,קיסריה,106.19464519715676,1,149,18,temporal_distance > 149,2006,0.0313479623824451,Party_habait_hayehudi,FALSE,2006,11829,קיסריה,QESARYYA,1,NA,4431,NA,NA,NA,NA,NA,NA,NA,5.96959765332211,742.261079778824,NA,61
1167,קיסריה,קיסריה,106.19464519715676,1,149,18,temporal_distance > 149,2009,0.0218360071301248,Party_habait_hayehudi,FALSE,2009,11825,קיסריה,QESARYYA,1,NA,4177,NA,NA,NA,NA,NA,NA,NA,5.96959765332211,699.712148552504,NA,58.7777777777778
1167,קיסריה,קיסריה,106.19464519715676,1,149,18,temporal_distance > 149,2013,0.0555341303509449,Party_habait_hayehudi,FALSE,2013,11831,קיסריה,QESARYYA,1,יהודי,4630,2320,2320,1000,430,570,2030,600,5.96959765332211,775.59665975535,0.129589632829374,62.875
1167,קיסריה,קיסריה,106.19464519715676,1,149,18,temporal_distance > 149,2015,0.0421348314606742,Party_habait_hayehudi,TRUE,2015,11826,קיסריה,QESARYYA,1,יהודי,4850,2410,2440,970,430,660,2080,720,5.96959765332211,812.450064754524,0.148453608247423,61.5
1175,עידן,עידן,101.71805924712578,0,NA,NA,no_red_alert,2006,0.0384615384615385,Party_habait_hayehudi,FALSE,2006,11913,עידן,IDDAN,1,NA,261,NA,NA,NA,NA,NA,NA,NA,25.368193878373,10.2884738760416,NA,8.74285714285714
1175,עידן,עידן,101.71805924712578,0,NA,NA,no_red_alert,2009,0.0337837837837838,Party_habait_hayehudi,FALSE,2009,11915,עידן,IDDAN,1,NA,288,NA,NA,NA,NA,NA,NA,NA,25.368193878373,11.3527987597701,NA,8.54545454545454
1175,עידן,עידן,101.71805924712578,0,NA,NA,no_red_alert,2013,0.100671140939597,Party_habait_hayehudi,FALSE,2013,11903,עידן,IDDAN,1,יהודי,350,170,180,130,20,40,150,0,25.368193878373,13.7968040483317,0,8.85714285714286
1175,עידן,עידן,101.71805924712578,0,NA,NA,no_red_alert,2015,0.0751445086705202,Party_habait_hayehudi,TRUE,2015,11911,עידן,IDDAN,1,יהודי,360,170,190,130,30,50,150,0,25.368193878373,14.1909984497126,0,7.94285714285714
1176,ספיר,ספיר,106.4520019792378,0,NA,NA,no_red_alert,2006,0.0571428571428571,Party_habait_hayehudi,FALSE,2006,11927,ספיר,SAPPIR,1,NA,377,NA,NA,NA,NA,NA,NA,NA,8.59527566628654,43.8613041206713,NA,21.3076923076923
1176,ספיר,ספיר,106.4520019792378,0,NA,NA,no_red_alert,2009,0.0647058823529412,Party_habait_hayehudi,FALSE,2009,11919,ספיר,SAPPIR,1,NA,351,NA,NA,NA,NA,NA,NA,NA,8.59527566628654,40.8363865951078,NA,25.7
1176,ספיר,ספיר,106.4520019792378,0,NA,NA,no_red_alert,2013,0.106508875739645,Party_habait_hayehudi,FALSE,2013,11928,ספיר,SAPPIR,1,יהודי,360,170,180,120,30,40,160,20,8.59527566628654,41.8834734308798,0.0555555555555556,26.4615384615385
1176,ספיר,ספיר,106.4520019792378,0,NA,NA,no_red_alert,2015,0.102040816326531,Party_habait_hayehudi,TRUE,2015,11921,ספיר,SAPPIR,1,יהודי,370,190,190,120,30,50,150,30,8.59527566628654,43.0469032484042,0.0810810810810811,23.5384615384615
1182,אלון הגליל,אלוןהגליל,145.83999974033102,0,NA,NA,no_red_alert,2006,0.0077120822622108,Party_habait_hayehudi,FALSE,2006,12007,אלון הגליל,ALLON HAGALIL,1,NA,944,NA,NA,NA,NA,NA,NA,NA,0.469181629631772,2012.01398430898,NA,54
1182,אלון הגליל,אלוןהגליל,145.83999974033102,0,NA,NA,no_red_alert,2009,0.016548463356974,Party_habait_hayehudi,FALSE,2009,12014,אלון הגליל,ALLON HAGALIL,1,NA,914,NA,NA,NA,NA,NA,NA,NA,0.469181629631772,1948.07286192628,NA,54.5
1182,אלון הגליל,אלוןהגליל,145.83999974033102,0,NA,NA,no_red_alert,2013,0.0117647058823529,Party_habait_hayehudi,FALSE,2013,12011,אלון הגליל,ALLON HAGALIL,1,יהודי,930,480,450,220,100,180,410,20,0.469181629631772,1982.17479386372,0.021505376344086,62
1182,אלון הגליל,אלוןהגליל,145.83999974033102,0,NA,NA,no_red_alert,2015,0.0180831826401447,Party_habait_hayehudi,TRUE,2015,12018,אלון הגליל,ALLON HAGALIL,1,יהודי,1000,520,490,240,110,190,440,20,0.469181629631772,2131.37074609002,0.02,58
1186,הושעיה,הושעיה,149.2058779160983,1,6,1,temporal_distance == 6,2006,0.492462311557789,Party_habait_hayehudi,FALSE,2006,12066,הושעיה,HOSHA'AYA,1,NA,1475,NA,NA,NA,NA,NA,NA,NA,0.693877592789261,2125.73516615628,NA,54
1186,הושעיה,הושעיה,149.2058779160983,1,6,1,temporal_distance == 6,2009,0.529573590096286,Party_habait_hayehudi,FALSE,2009,12076,הושעיה,HOSHA'AYA,1,NA,1640,NA,NA,NA,NA,NA,NA,NA,0.693877592789261,2363.52926948902,NA,54
1186,הושעיה,הושעיה,149.2058779160983,1,6,1,temporal_distance == 6,2013,0.564935064935065,Party_habait_hayehudi,FALSE,2013,12079,הושעיה,HOSHA'AYA,1,יהודי,1900,940,950,720,190,270,690,40,0.693877592789261,2738.23512928606,0.0210526315789474,58
1186,הושעיה,הושעיה,149.2058779160983,1,6,1,temporal_distance == 6,2015,0.528907922912206,Party_habait_hayehudi,TRUE,2015,12077,הושעיה,HOSHA'AYA,1,יהודי,1930,980,950,670,220,280,710,50,0.693877592789261,2781.4704208011,0.0259067357512953,52
1197,נאות סמדר,נאותסמדר,148.96908352382994,0,NA,NA,no_red_alert,2006,0.0304878048780488,Party_habait_hayehudi,FALSE,2006,12185,נאות סמדר,NE'OT SMADAR,1,NA,149,NA,NA,NA,NA,NA,NA,NA,0.310050719893206,480.566534569963,NA,11
1197,נאות סמדר,נאותסמדר,148.96908352382994,0,NA,NA,no_red_alert,2009,0,Party_habait_hayehudi,FALSE,2009,12189,נאות סמדר,NE'OT SMADAR,1,NA,184,NA,NA,NA,NA,NA,NA,NA,0.310050719893206,593.451291012571,NA,11.75
1197,נאות סמדר,נאותסמדר,148.96908352382994,0,NA,NA,no_red_alert,2013,0.0104712041884817,Party_habait_hayehudi,FALSE,2013,12197,נאות סמדר,NE'OT SMADAR,1,יהודי,200,90,110,40,20,40,100,10,0.310050719893206,645.055751100621,0.05,12
1197,נאות סמדר,נאותסמדר,148.96908352382994,0,NA,NA,no_red_alert,2015,0.0199004975124378,Party_habait_hayehudi,TRUE,2015,12191,נאות סמדר,NE'OT SMADAR,1,יהודי,210,100,110,40,20,50,100,10,0.310050719893206,677.308538655652,0.0476190476190476,8
1199,עדי,עדי,146.37806043813933,0,NA,NA,no_red_alert,2006,0.0241116751269036,Party_habait_hayehudi,FALSE,2006,12229,עדי,ADI,1,NA,1742,NA,NA,NA,NA,NA,NA,NA,0.899062772090924,1937.57327527719,NA,50
1199,עדי,עדי,146.37806043813933,0,NA,NA,no_red_alert,2009,0.0100896860986547,Party_habait_hayehudi,FALSE,2009,12222,עדי,ADI,1,NA,1657,NA,NA,NA,NA,NA,NA,NA,0.899062772090924,1843.03037722979,NA,54
1199,עדי,עדי,146.37806043813933,0,NA,NA,no_red_alert,2013,0.0482315112540193,Party_habait_hayehudi,FALSE,2013,12223,עדי,ADI,1,יהודי,1730,880,850,400,180,300,740,120,0.899062772090924,1924.22604261167,0.069364161849711,58
1199,עדי,עדי,146.37806043813933,0,NA,NA,no_red_alert,2015,0.0471349353049908,Party_habait_hayehudi,TRUE,2015,12221,עדי,ADI,1,יהודי,1860,940,920,450,180,290,800,150,0.899062772090924,2068.82106315475,0.0806451612903226,60
1224,כוכב יאיר,כוכביאיר,82.4526126720678,1,227,10,temporal_distance > 149,2006,0.0916789396170839,Party_habait_hayehudi,FALSE,2006,12533,כוכב יאיר,KOKHAV YA'IR,1,NA,11749,NA,NA,NA,NA,NA,NA,NA,3.04666359600624,3856.34961976154,NA,59.75
1224,כוכב יאיר,כוכביאיר,82.4526126720678,1,227,10,temporal_distance > 149,2009,0.0709333333333333,Party_habait_hayehudi,FALSE,2009,12534,כוכב יאיר,KOKHAV YA'IR,1,NA,9390,NA,NA,NA,NA,NA,NA,NA,3.04666359600624,3082.05999911149,NA,58.5
1224,כוכב יאיר,כוכביאיר,82.4526126720678,1,227,10,temporal_distance > 149,2013,0.112784471218206,Party_habait_hayehudi,FALSE,2013,12543,כוכב יאיר,KOKHAV YA'IR,1,יהודי,9200,4630,4590,1950,1000,1490,4090,660,3.04666359600624,3019.69669774501,0.0717391304347826,62.5
1224,כוכב יאיר,כוכביאיר,82.4526126720678,1,227,10,temporal_distance > 149,2015,0.0966255144032922,Party_habait_hayehudi,TRUE,2015,12539,כוכב יאיר,KOKHAV YA'IR,1,יהודי,9050,4550,4520,1860,930,1490,3930,840,3.04666359600624,2970.46251245569,0.0928176795580111,60.75
1236,נירית,נירית,76.60215171328122,1,227,3,temporal_distance > 149,2006,0.0036036036036036,Party_habait_hayehudi,FALSE,2006,12704,נירית,NIRIT,1,NA,1115,NA,NA,NA,NA,NA,NA,NA,0.331434882568972,3364.16007680775,NA,59.75
1236,נירית,נירית,76.60215171328122,1,227,3,temporal_distance > 149,2009,0.0110935023771791,Party_habait_hayehudi,FALSE,2009,12706,נירית,NIRIT,1,NA,1081,NA,NA,NA,NA,NA,NA,NA,0.331434882568972,3261.57582334455,NA,58.5
1236,נירית,נירית,76.60215171328122,1,227,3,temporal_distance > 149,2013,0.0295250320924262,Party_habait_hayehudi,FALSE,2013,12710,נירית,NIRIT,1,יהודי,1210,600,620,290,110,200,580,20,0.331434882568972,3650.79254971962,0.0165289256198347,63
1236,נירית,נירית,76.60215171328122,1,227,3,temporal_distance > 149,2015,0.0232558139534884,Party_habait_hayehudi,TRUE,2015,12703,נירית,NIRIT,1,יהודי,1170,580,590,270,110,190,560,50,0.331434882568972,3530.1051927041,0.0427350427350427,60.25
1244,תמרת,תמרת,140.752941995203,1,6,1,temporal_distance == 6,2006,0.0174216027874564,Party_habait_hayehudi,FALSE,2006,12821,תמרת,TIMRAT,1,NA,1707,NA,NA,NA,NA,NA,NA,NA,0.596228701676364,2862.99534926879,NA,59.1666666666667
1244,תמרת,תמרת,140.752941995203,1,6,1,temporal_distance == 6,2009,0.0152838427947598,Party_habait_hayehudi,FALSE,2009,12823,תמרת,TIMRAT,1,NA,1370,NA,NA,NA,NA,NA,NA,NA,0.596228701676364,2297.77599794859,NA,58
1244,תמרת,תמרת,140.752941995203,1,6,1,temporal_distance == 6,2013,0.024442082890542,Party_habait_hayehudi,FALSE,2013,12819,תמרת,TIMRAT,1,יהודי,1330,660,660,220,110,230,630,140,0.596228701676364,2230.68764764352,0.105263157894737,62.8333333333333
1244,תמרת,תמרת,140.752941995203,1,6,1,temporal_distance == 6,2015,0.0207684319833853,Party_habait_hayehudi,TRUE,2015,12825,תמרת,TIMRAT,1,יהודי,1330,670,660,230,100,200,610,190,0.596228701676364,2230.68764764352,0.142857142857143,58.5
1247,חריש,חריש,108.38883700187654,0,NA,NA,no_red_alert,2006,NA,Party_habait_hayehudi,FALSE,2006,12863,קציר-חריש,QAZIR-HARISH,1,NA,3873,NA,NA,NA,NA,NA,NA,NA,9.53428316116843,406.21826880222,NA,48.8333333333333
1247,חריש,חריש,108.38883700187654,0,NA,NA,no_red_alert,2009,0.0929614873837981,Party_habait_hayehudi,FALSE,2009,12866,קציר-חריש,QAZIR-HARISH,1,NA,3417,NA,NA,NA,NA,NA,NA,NA,9.53428316116843,358.390866123725,NA,53.6666666666667
1247,חריש,חריש,108.38883700187654,0,NA,NA,no_red_alert,2013,0.200501253132832,Party_habait_hayehudi,FALSE,2013,12867,חריש,HARISH,1,יהודי,1000,490,510,430,40,120,370,40,9.53428316116843,104.8846549967,0.04,53.1666666666667
1247,חריש,חריש,108.38883700187654,0,NA,NA,no_red_alert,2015,0.142857142857143,Party_habait_hayehudi,TRUE,2015,12871,חריש,HARISH,1,יהודי,970,490,480,430,40,80,370,50,9.53428316116843,101.738115346799,0.0515463917525773,55.8333333333333
1249,הרדוף,הרדוף,144.30892832540587,0,NA,NA,no_red_alert,2006,0,Party_habait_hayehudi,FALSE,2006,12891,הרדוף,HARDUF,1,NA,431,NA,NA,NA,NA,NA,NA,NA,1.03852221168029,415.01278947386,NA,53
1249,הרדוף,הרדוף,144.30892832540587,0,NA,NA,no_red_alert,2009,0,Party_habait_hayehudi,FALSE,2009,12888,הרדוף,HARDUF,1,NA,1006,NA,NA,NA,NA,NA,NA,NA,1.03852221168029,968.684144340379,NA,51
1249,הרדוף,הרדוף,144.30892832540587,0,NA,NA,no_red_alert,2013,0,Party_habait_hayehudi,FALSE,2013,12894,הרדוף,HARDUF,1,יהודי,1040,500,540,320,120,140,460,10,1.03852221168029,1001.42297228031,0.00961538461538462,59
1249,הרדוף,הרדוף,144.30892832540587,0,NA,NA,no_red_alert,2015,0,Party_habait_hayehudi,TRUE,2015,12896,הרדוף,HARDUF,1,יהודי,1030,510,520,320,120,120,470,10,1.03852221168029,991.793905239156,0.00970873786407767,54
1251,עין תמר,עיןתמר,99.57160753228358,0,NA,NA,no_red_alert,2006,NA,Party_habait_hayehudi,FALSE,2006,12907,עין תמר,EN TAMAR,1,NA,163,NA,NA,NA,NA,NA,NA,NA,0.248143392029295,656.878261665564,NA,16
1251,עין תמר,עיןתמר,99.57160753228358,0,NA,NA,no_red_alert,2009,0.0128205128205128,Party_habait_hayehudi,FALSE,2009,12903,עין תמר,EN TAMAR,1,NA,174,NA,NA,NA,NA,NA,NA,NA,0.248143392029295,701.207469508026,NA,22
1251,עין תמר,עיןתמר,99.57160753228358,0,NA,NA,no_red_alert,2013,0.125,Party_habait_hayehudi,FALSE,2013,12908,עין תמר,EN TAMAR,1,יהודי,180,90,90,40,10,30,90,0,0.248143392029295,725.387037422096,0,23
1251,עין תמר,עיןתמר,99.57160753228358,0,NA,NA,no_red_alert,2015,0.0857142857142857,Party_habait_hayehudi,TRUE,2015,12917,עין תמר,EN TAMAR,1,יהודי,190,100,90,50,10,30,90,0,0.248143392029295,765.686317278879,0,13
1257,חנתון,חנתון,149.13475920632186,0,NA,NA,no_red_alert,2006,NA,Party_habait_hayehudi,FALSE,2006,13005,חנתון,HANNATON,1,NA,114,NA,NA,NA,NA,NA,NA,NA,1.0193823388824,111.832426020823,NA,50
1257,חנתון,חנתון,149.13475920632186,0,NA,NA,no_red_alert,2009,0.00763358778625954,Party_habait_hayehudi,FALSE,2009,12997,חנתון,HANNATON,1,NA,448,NA,NA,NA,NA,NA,NA,NA,1.0193823388824,439.481814537971,NA,56
1257,חנתון,חנתון,149.13475920632186,0,NA,NA,no_red_alert,2013,0.0577617328519856,Party_habait_hayehudi,FALSE,2013,13006,חנתון,HANNATON,1,יהודי,720,360,360,310,30,50,320,20,1.0193823388824,706.310059078883,0.0277777777777778,61
1257,חנתון,חנתון,149.13475920632186,0,NA,NA,no_red_alert,2015,0.0783132530120482,Party_habait_hayehudi,TRUE,2015,12999,חנתון,HANNATON,1,יהודי,790,390,400,330,40,40,350,30,1.0193823388824,774.979092600441,0.0379746835443038,57
1262,צוקים,צוקים,115.92801298218691,0,NA,NA,no_red_alert,2006,NA,Party_habait_hayehudi,FALSE,2006,13078,צוקים,ZUQIM,NA,NA,NA,NA,NA,NA,NA,NA,NA,NA,2.54823089273188,NA,NA,6.5
1262,צוקים,צוקים,115.92801298218691,0,NA,NA,no_red_alert,2009,NA,Party_habait_hayehudi,FALSE,2009,13079,צוקים,ZUQIM,1,NA,108,NA,NA,NA,NA,NA,NA,NA,2.54823089273188,42.3823446721567,NA,9.66666666666667
1262,צוקים,צוקים,115.92801298218691,0,NA,NA,no_red_alert,2013,0.0543478260869565,Party_habait_hayehudi,FALSE,2013,13075,צוקים,ZUQIM,1,יהודי,220,110,110,100,10,10,100,0,2.54823089273188,86.3344058136525,0,11
1262,צוקים,צוקים,115.92801298218691,0,NA,NA,no_red_alert,2015,0.0480769230769231,Party_habait_hayehudi,TRUE,2015,13074,צוקים,ZUQIM,1,יהודי,290,140,150,120,10,20,130,10,2.54823089273188,113.804444027087,0.0344827586206897,9.25
1274,גן נר,גןנר,130.0032926297957,1,6,1,temporal_distance == 6,2006,0.0371549893842887,Party_habait_hayehudi,FALSE,2006,13213,גן נר,GAN NER,1,NA,2699,NA,NA,NA,NA,NA,NA,NA,1.15011946204141,2346.71274513466,NA,29.5
1274,גן נר,גןנר,130.0032926297957,1,6,1,temporal_distance == 6,2009,0.0314814814814815,Party_habait_hayehudi,FALSE,2009,13215,גן נר,GAN NER,1,NA,2402,NA,NA,NA,NA,NA,NA,NA,1.15011946204141,2088.47870093125,NA,37
1274,גן נר,גןנר,130.0032926297957,1,6,1,temporal_distance == 6,2013,0.0992493744787323,Party_habait_hayehudi,FALSE,2013,13211,גן נר,GAN NER,1,יהודי,2600,1290,1310,720,300,390,1100,80,1.15011946204141,2260.63473040019,0.0307692307692308,40
1274,גן נר,גןנר,130.0032926297957,1,6,1,temporal_distance == 6,2015,0.0770328102710414,Party_habait_hayehudi,TRUE,2015,13210,גן נר,GAN NER,1,יהודי,2640,1310,1340,650,320,440,1130,100,1.15011946204141,2295.4137262525,0.0378787878787879,42
1282,מירב,מירב,128.65093145014808,1,6,1,temporal_distance == 6,2006,0.736842105263158,Party_habait_hayehudi,FALSE,2006,13305,מירב,MERAV,1,NA,424,NA,NA,NA,NA,NA,NA,NA,0.893636532273434,474.465831115177,NA,17
1282,מירב,מירב,128.65093145014808,1,6,1,temporal_distance == 6,2009,0.548387096774194,Party_habait_hayehudi,FALSE,2009,13302,מירב,MERAV,1,NA,503,NA,NA,NA,NA,NA,NA,NA,0.893636532273434,562.868662855977,NA,22
1282,מירב,מירב,128.65093145014808,1,6,1,temporal_distance == 6,2013,0.733009708737864,Party_habait_hayehudi,FALSE,2013,13300,מירב,MERAV,1,יהודי,620,320,300,320,60,60,180,0,0.893636532273434,693.794375687288,0,24
1282,מירב,מירב,128.65093145014808,1,6,1,temporal_distance == 6,2015,0.729083665338645,Party_habait_hayehudi,TRUE,2015,13292,מירב,MERAV,1,יהודי,670,340,330,330,60,70,200,10,0.893636532273434,749.745535016908,0.0149253731343284,29
1283,תל תאומים,תלתאומים,132.49073592163526,1,6,1,temporal_distance == 6,2006,0.133333333333333,Party_habait_hayehudi,FALSE,2006,13319,תל תאומים,TEL TE'OMIM,1,NA,362,NA,NA,NA,NA,NA,NA,NA,0.772570662647987,468.565553290937,NA,33.5
1283,תל תאומים,תלתאומים,132.49073592163526,1,6,1,temporal_distance == 6,2009,0.150375939849624,Party_habait_hayehudi,FALSE,2009,13310,תל תאומים,TEL TE'OMIM,1,NA,370,NA,NA,NA,NA,NA,NA,NA,0.772570662647987,478.92059314267,NA,37.3333333333333
1283,תל תאומים,תלתאומים,132.49073592163526,1,6,1,temporal_distance == 6,2013,0.248587570621469,Party_habait_hayehudi,FALSE,2013,13318,תל תאומים,TEL TE'OMIM,1,יהודי,450,220,230,110,40,110,180,10,0.772570662647987,582.470991660004,0.0222222222222222,41
1283,תל תאומים,תלתאומים,132.49073592163526,1,6,1,temporal_distance == 6,2015,0.155660377358491,Party_habait_hayehudi,TRUE,2015,13317,תל תאומים,TEL TE'OMIM,1,יהודי,510,260,260,130,70,110,190,10,0.772570662647987,660.133790548005,0.0196078431372549,41
1284,נופית,נופית,142.6436524194244,0,NA,NA,no_red_alert,2006,0.0165016501650165,Party_habait_hayehudi,FALSE,2006,13332,נופית,NOFIT,1,NA,2469,NA,NA,NA,NA,NA,NA,NA,0.594029875477981,4156.35661087473,NA,56.2
1284,נופית,נופית,142.6436524194244,0,NA,NA,no_red_alert,2009,0.0162361623616236,Party_habait_hayehudi,FALSE,2009,13333,נופית,NOFIT,1,NA,2562,NA,NA,NA,NA,NA,NA,NA,0.594029875477981,4312.91439330136,NA,54
1284,נופית,נופית,142.6436524194244,0,NA,NA,no_red_alert,2013,0.0381830151415405,Party_habait_hayehudi,FALSE,2013,13331,נופית,NOFIT,1,יהודי,2740,1420,1330,760,280,350,1230,130,0.594029875477981,4612.5626220319,0.0474452554744526,62
1284,נופית,נופית,142.6436524194244,0,NA,NA,no_red_alert,2015,0.0322372662798195,Party_habait_hayehudi,TRUE,2015,13330,נופית,NOFIT,1,יהודי,2730,1410,1310,690,300,360,1200,180,0.594029875477981,4595.7284518785,0.0659340659340659,53.6
1288,גבעת אלה,גבעתאלה,143.46289300096626,0,NA,NA,no_red_alert,2006,0.0123180291153415,Party_habait_hayehudi,FALSE,2006,13382,גבעת אלה,GIV'AT ELA,1,NA,1674,NA,NA,NA,NA,NA,NA,NA,0.599465621726552,2792.48707403541,NA,59
1288,גבעת אלה,גבעתאלה,143.46289300096626,0,NA,NA,no_red_alert,2009,0.0137130801687764,Party_habait_hayehudi,FALSE,2009,13385,גבעת אלה,GIV'AT ELA,1,NA,1570,NA,NA,NA,NA,NA,NA,NA,0.599465621726552,2618.99922714193,NA,58
1288,גבעת אלה,גבעתאלה,143.46289300096626,0,NA,NA,no_red_alert,2013,0.0263636363636364,Party_habait_hayehudi,FALSE,2013,13383,גבעת אלה,GIV'AT ELA,1,יהודי,1790,880,900,340,160,380,850,60,0.599465621726552,2985.9927494166,0.0335195530726257,63
1288,גבעת אלה,גבעתאלה,143.46289300096626,0,NA,NA,no_red_alert,2015,0.0170870626525631,Party_habait_hayehudi,TRUE,2015,13393,גבעת אלה,GIV'AT ELA,1,יהודי,1910,950,960,410,130,350,920,110,0.599465621726552,3186.17103429369,0.0575916230366492,58
1290,זמר,זמר,97.67995906158012,0,NA,NA,no_red_alert,2006,5.6689342403628e-4,Party_habait_hayehudi,FALSE,2006,13405,זמר,ZEMER,2,NA,5232,NA,NA,NA,NA,NA,NA,NA,8.16990382936273,640.399215128596,NA,52
1290,זמר,זמר,97.67995906158012,0,NA,NA,no_red_alert,2009,0.00302114803625378,Party_habait_hayehudi,FALSE,2009,13400,זמר,ZEMER,2,NA,5730,NA,NA,NA,NA,NA,NA,NA,8.16990382936273,701.354645008955,NA,55.4545454545455
1290,זמר,זמר,97.67995906158012,0,NA,NA,no_red_alert,2013,0.00191846522781775,Party_habait_hayehudi,FALSE,2013,13408,זמר,ZEMER,2,לא יהודי,6290,3170,3110,2000,660,1070,2220,340,8.16990382936273,769.898903508958,0.0540540540540541,60.5833333333333
1290,זמר,זמר,97.67995906158012,0,NA,NA,no_red_alert,2015,7.7881619937694e-4,Party_habait_hayehudi,TRUE,2015,13411,זמר,ZEMER,2,לא יהודי,6490,3290,3200,2030,680,1100,2320,370,8.16990382936273,794.378995830388,0.0570107858243451,57.1666666666667
1315,מתן,מתן,76.5324720437069,1,227,3,temporal_distance > 149,2006,0.0143072289156626,Party_habait_hayehudi,FALSE,2006,13623,מתן,MATTAN,1,NA,3186,NA,NA,NA,NA,NA,NA,NA,0.567849766501028,5610.63891886663,NA,61
1315,מתן,מתן,76.5324720437069,1,227,3,temporal_distance > 149,2009,0.01161995898838,Party_habait_hayehudi,FALSE,2009,13627,מתן,MATTAN,1,NA,3454,NA,NA,NA,NA,NA,NA,NA,0.567849766501028,6082.59473501737,NA,59
1315,מתן,מתן,76.5324720437069,1,227,3,temporal_distance > 149,2013,0.036751630112626,Party_habait_hayehudi,FALSE,2013,13626,מתן,MATTAN,1,יהודי,3570,1800,1780,1070,470,400,1510,120,0.567849766501028,6286.8741181274,0.0336134453781513,63
1315,מתן,מתן,76.5324720437069,1,227,3,temporal_distance > 149,2015,0.0466008771929825,Party_habait_hayehudi,TRUE,2015,13632,מתן,MATTAN,1,יהודי,3610,1790,1820,980,470,500,1530,140,0.567849766501028,6357.31528471706,0.038781163434903,60
1316,אל-עריאן,אלעריאן,116.60890152679782,0,NA,NA,no_red_alert,2006,NA,Party_habait_hayehudi,FALSE,2006,13643,אל -עריאן,AL-ARYAN,2,NA,286,NA,NA,NA,NA,NA,NA,NA,0.0565462878041163,5057.80328128243,NA,50
1316,אל-עריאן,אלעריאן,116.60890152679782,0,NA,NA,no_red_alert,2009,NA,Party_habait_hayehudi,FALSE,2009,13651,אל -עריאן,AL-ARYAN,2,NA,175,NA,NA,NA,NA,NA,NA,NA,0.0565462878041163,3094.8097000854,NA,52
1316,אל-עריאן,אלעריאן,116.60890152679782,0,NA,NA,no_red_alert,2013,0,Party_habait_hayehudi,FALSE,2013,13650,אל -עריאן,AL-ARYAN,2,לא יהודי,170,90,80,50,20,30,60,10,0.0565462878041163,3006.38656579725,0.0588235294117647,54
1316,אל-עריאן,אלעריאן,116.60890152679782,0,NA,NA,no_red_alert,2015,0,Party_habait_hayehudi,TRUE,2015,13638,אל -עריאן,AL-ARYAN,2,לא יהודי,180,100,80,50,20,40,60,10,0.0565462878041163,3183.23283437356,0.0555555555555556,53
1319,בת חפר,בתחפר,94.89959749148136,0,NA,NA,no_red_alert,2006,0.0410501193317422,Party_habait_hayehudi,FALSE,2006,13685,בת חפר,BAT HEFER,1,NA,5423,NA,NA,NA,NA,NA,NA,NA,0.802937095846783,6753.95373815786,NA,60.8333333333333
1319,בת חפר,בתחפר,94.89959749148136,0,NA,NA,no_red_alert,2009,0.0370051635111876,Party_habait_hayehudi,FALSE,2009,13683,בת חפר,BAT HEFER,1,NA,5222,NA,NA,NA,NA,NA,NA,NA,0.802937095846783,6503.62279562242,NA,59
1319,בת חפר,בתחפר,94.89959749148136,0,NA,NA,no_red_alert,2013,0.060130218307162,Party_habait_hayehudi,FALSE,2013,13693,בת חפר,BAT HEFER,1,יהודי,5550,2820,2730,1830,640,560,2330,180,0.802937095846783,6912.12304015787,0.0324324324324324,62
1319,בת חפר,בתחפר,94.89959749148136,0,NA,NA,no_red_alert,2015,0.0546486870120653,Party_habait_hayehudi,TRUE,2015,13696,בת חפר,BAT HEFER,1,יהודי,5450,2760,2680,1580,720,650,2290,210,0.802937095846783,6787.58028267755,0.0385321100917431,60.8333333333333
1320,עין חוד,עיןחוד,130.7845989772766,1,232,1,temporal_distance > 149,2006,NA,Party_habait_hayehudi,FALSE,2006,13700,עין חוד,EIN HOD,2,NA,65,NA,NA,NA,NA,NA,NA,NA,0.0602358057259144,1079.09239723237,NA,17
1320,עין חוד,עיןחוד,130.7845989772766,1,232,1,temporal_distance > 149,2009,0.0222222222222222,Party_habait_hayehudi,FALSE,2009,13707,עין חוד,EIN HOD,2,NA,118,NA,NA,NA,NA,NA,NA,NA,0.0602358057259144,1958.96773651414,NA,26
1320,עין חוד,עיןחוד,130.7845989772766,1,232,1,temporal_distance > 149,2013,0,Party_habait_hayehudi,FALSE,2013,13710,עין חוד,EIN HOD,2,לא יהודי,260,130,130,80,30,50,90,10,0.0602358057259144,4316.36958892946,0.0384615384615385,18
1320,עין חוד,עיןחוד,130.7845989772766,1,232,1,temporal_distance > 149,2015,0.00925925925925926,Party_habait_hayehudi,TRUE,2015,13705,עין חוד,EIN HOD,2,לא יהודי,270,140,140,80,30,60,90,10,0.0602358057259144,4482.38380388829,0.037037037037037,28
1321,ח'ואלד,חואלד,143.67766212835687,0,NA,NA,no_red_alert,2006,0,Party_habait_hayehudi,FALSE,2006,13714,ח'ואלד,KHAWALED,2,NA,299,NA,NA,NA,NA,NA,NA,NA,0.599262426198564,498.946683336571,NA,53.5
1321,ח'ואלד,חואלד,143.67766212835687,0,NA,NA,no_red_alert,2009,0.00943396226415094,Party_habait_hayehudi,FALSE,2009,13716,ח'ואלד,KHAWALED,2,NA,370,NA,NA,NA,NA,NA,NA,NA,0.599262426198564,617.42566165395,NA,55
1321,ח'ואלד,חואלד,143.67766212835687,0,NA,NA,no_red_alert,2013,0,Party_habait_hayehudi,FALSE,2013,13726,ח'ואלד,KHAWALED,2,לא יהודי,400,190,200,150,30,50,150,20,0.599262426198564,667.487201788054,0.05,61.25
1321,ח'ואלד,חואלד,143.67766212835687,0,NA,NA,no_red_alert,2015,0,Party_habait_hayehudi,TRUE,2015,13719,ח'ואלד,KHAWALED,2,לא יהודי,460,220,230,170,50,50,170,20,0.599262426198564,767.610282056263,0.0434782608695652,55.25
1326,"בסמ""ה",בסמה,112.0343594520856,0,NA,NA,no_red_alert,2006,5.7372346528973e-4,Party_habait_hayehudi,FALSE,2006,13784,"בסמ""ה",BASMA,2,NA,7761,NA,NA,NA,NA,NA,NA,NA,3.96713081773752,1956.32570655337,NA,48.3333333333333
1326,"בסמ""ה",בסמה,112.0343594520856,0,NA,NA,no_red_alert,2009,0,Party_habait_hayehudi,FALSE,2009,13798,"בסמ""ה",BASMA,2,NA,7761,NA,NA,NA,NA,NA,NA,NA,3.96713081773752,1956.32570655337,NA,41.7142857142857
1326,"בסמ""ה",בסמה,112.0343594520856,0,NA,NA,no_red_alert,2013,0.00290486564996369,Party_habait_hayehudi,FALSE,2013,13796,"בסמ""ה",BASMA,2,לא יהודי,8490,4390,4100,3120,940,1390,2730,300,3.96713081773752,2140.08571687129,0.0353356890459364,46.5
1326,"בסמ""ה",בסמה,112.0343594520856,0,NA,NA,no_red_alert,2015,0,Party_habait_hayehudi,TRUE,2015,13792,"בסמ""ה",BASMA,2,לא יהודי,8910,4590,4320,3100,1040,1540,2890,340,3.96713081773752,2245.95568166351,0.0381593714927048,41.5
1327,מעלה עירון,מעלהעירון,121.79751197558303,0,NA,NA,no_red_alert,2006,0.00216138328530259,Party_habait_hayehudi,FALSE,2006,13809,מעלה עירון,MA'ALE IRON,2,NA,11837,NA,NA,NA,NA,NA,NA,NA,6.22744322262316,1900.78007568152,NA,54.4444444444444
1327,מעלה עירון,מעלהעירון,121.79751197558303,0,NA,NA,no_red_alert,2009,0.00163612565445026,Party_habait_hayehudi,FALSE,2009,13811,מעלה עירון,MA'ALE IRON,2,NA,12801,NA,NA,NA,NA,NA,NA,NA,6.22744322262316,2055.57875718502,NA,52.25
1327,מעלה עירון,מעלהעירון,121.79751197558303,0,NA,NA,no_red_alert,2013,0.00126262626262626,Party_habait_hayehudi,FALSE,2013,13814,מעלה עירון,MA'ALE IRON,2,לא יהודי,13650,6900,6750,4690,1640,2060,4730,530,6.22744322262316,2191.91079099879,0.0388278388278388,58.5555555555556
1327,מעלה עירון,מעלהעירון,121.79751197558303,0,NA,NA,no_red_alert,2015,3.601008282319e-4,Party_habait_hayehudi,TRUE,2015,13803,מעלה עירון,MA'ALE IRON,2,לא יהודי,14140,7160,6980,4580,1740,2300,4920,590,6.22744322262316,2270.59476811157,0.0417256011315417,53.4444444444444
1330,אחוזת ברק,אחוזתברק,140.6819719244554,1,6,1,temporal_distance == 6,2006,0.0416666666666667,Party_habait_hayehudi,FALSE,2006,13826,אחוזת ברק,AHUZZAT BARAQ,1,NA,1282,NA,NA,NA,NA,NA,NA,NA,0.333011328612359,3849.71888296421,NA,59.6666666666667
1330,אחוזת ברק,אחוזתברק,140.6819719244554,1,6,1,temporal_distance == 6,2009,0.0265486725663717,Party_habait_hayehudi,FALSE,2009,13819,אחוזת ברק,AHUZZAT BARAQ,1,NA,1302,NA,NA,NA,NA,NA,NA,NA,0.333011328612359,3909.77689985913,NA,58
1330,אחוזת ברק,אחוזתברק,140.6819719244554,1,6,1,temporal_distance == 6,2013,0.0816753926701571,Party_habait_hayehudi,FALSE,2013,13832,אחוזת ברק,AHUZZAT BARAQ,1,יהודי,2030,1020,1010,670,180,220,890,70,0.333011328612359,6095.88871483413,0.0344827586206897,61
1330,אחוזת ברק,אחוזתברק,140.6819719244554,1,6,1,temporal_distance == 6,2015,0.0618556701030928,Party_habait_hayehudi,TRUE,2015,13821,אחוזת ברק,AHUZZAT BARAQ,1,יהודי,2100,1050,1050,660,200,230,910,100,0.333011328612359,6306.09177396634,0.0476190476190476,59.3333333333333
1337,שמשית,שמשית,144.4239039091017,1,6,1,temporal_distance == 6,2006,0.0178173719376392,Party_habait_hayehudi,FALSE,2006,13926,שמשית,SHIMSHIT,1,NA,2297,NA,NA,NA,NA,NA,NA,NA,1.18619399393151,1936.44548172668,NA,60
1337,שמשית,שמשית,144.4239039091017,1,6,1,temporal_distance == 6,2009,0.0166340508806262,Party_habait_hayehudi,FALSE,2009,13917,שמשית,SHIMSHIT,1,NA,2495,NA,NA,NA,NA,NA,NA,NA,1.18619399393151,2103.36590200612,NA,58
1337,שמשית,שמשית,144.4239039091017,1,6,1,temporal_distance == 6,2013,0.0251736111111111,Party_habait_hayehudi,FALSE,2013,13930,שמשית,SHIMSHIT,1,יהודי,2660,1340,1320,1020,350,190,1070,30,1.18619399393151,2242.46625223899,0.0112781954887218,63
1337,שמשית,שמשית,144.4239039091017,1,6,1,temporal_distance == 6,2015,0.0318471337579618,Party_habait_hayehudi,TRUE,2015,13924,שמשית,SHIMSHIT,1,יהודי,2590,1310,1280,830,420,250,1060,40,1.18619399393151,2183.45398244323,0.0154440154440154,58.5
1345,צור יצחק,צוריצחק,85.79686295492061,1,227,5,temporal_distance > 149,2006,NA,Party_habait_hayehudi,FALSE,2006,NA,NA,NA,NA,NA,NA,NA,NA,NA,NA,NA,NA,NA,NA,NA,NA,NA
1345,צור יצחק,צוריצחק,85.79686295492061,1,227,5,temporal_distance > 149,2009,0.0434782608695652,Party_habait_hayehudi,FALSE,2009,14032,צור יצחק,ZUR YIZHAQ,1,NA,291,NA,NA,NA,NA,NA,NA,NA,0.573061865933991,507.798576905341,NA,58.5
1345,צור יצחק,צוריצחק,85.79686295492061,1,227,5,temporal_distance > 149,2013,0.0591775325977934,Party_habait_hayehudi,FALSE,2013,14035,צור יצחק,ZUR YIZHAQ,1,יהודי,2690,1350,1340,1100,60,170,1280,80,0.573061865933991,4694.08306486381,0.0297397769516729,63
1345,צור יצחק,צוריצחק,85.79686295492061,1,227,5,temporal_distance > 149,2015,0.0614130434782609,Party_habait_hayehudi,TRUE,2015,14034,צור יצחק,ZUR YIZHAQ,1,יהודי,4250,2110,2140,1780,120,220,1980,150,0.573061865933991,7416.30224002646,0.0352941176470588,62
1361,בת חן,בתחן,92.10639208070062,0,NA,NA,no_red_alert,2006,NA,Party_habait_hayehudi,FALSE,2006,14157,בת חן,BAT HEN,1,NA,547,NA,NA,NA,NA,NA,NA,NA,0.21607977740436,2531.4724337964,NA,61
1361,בת חן,בתחן,92.10639208070062,0,NA,NA,no_red_alert,2009,0.0117647058823529,Party_habait_hayehudi,FALSE,2009,14146,בת חן,BAT HEN,1,NA,428,NA,NA,NA,NA,NA,NA,NA,0.21607977740436,1980.74991163594,NA,59
1361,בת חן,בתחן,92.10639208070062,0,NA,NA,no_red_alert,2013,0.0326633165829146,Party_habait_hayehudi,FALSE,2013,14160,בת חן,BAT HEN,1,יהודי,420,210,220,130,30,40,190,50,0.21607977740436,1943.72654880163,0.119047619047619,63
1361,בת חן,בתחן,92.10639208070062,0,NA,NA,no_red_alert,2015,0.0251256281407035,Party_habait_hayehudi,TRUE,2015,14150,בת חן,BAT HEN,1,יהודי,420,200,220,110,40,50,160,70,0.21607977740436,1943.72654880163,0.166666666666667,62
1370,מצפה אילן,מצפהאילן,110.36770370309408,0,NA,NA,no_red_alert,2006,NA,Party_habait_hayehudi,FALSE,2006,NA,NA,NA,NA,NA,NA,NA,NA,NA,NA,NA,NA,NA,NA,NA,NA,NA
1370,מצפה אילן,מצפהאילן,110.36770370309408,0,NA,NA,no_red_alert,2009,NA,Party_habait_hayehudi,FALSE,2009,14240,מצפה אילן,MITSPE ILAN,NA,NA,NA,NA,NA,NA,NA,NA,NA,NA,0.150148033270017,NA,NA,47
1370,מצפה אילן,מצפהאילן,110.36770370309408,0,NA,NA,no_red_alert,2013,0.760869565217391,Party_habait_hayehudi,FALSE,2013,14236,מצפה אילן,MITSPE ILAN,1,יהודי,300,150,150,200,0,0,100,0,0.150148033270017,1998.02816904367,0,42.5
1370,מצפה אילן,מצפהאילן,110.36770370309408,0,NA,NA,no_red_alert,2015,0.75,Party_habait_hayehudi,TRUE,2015,14244,מצפה אילן,MITSPE ILAN,1,יהודי,320,150,170,200,10,0,100,0,0.150148033270017,2131.23004697992,0,52.25
2002,תנובות,תנובות,89.82861610636884,0,NA,NA,no_red_alert,2006,0.0674846625766871,Party_habait_hayehudi,FALSE,2006,15243,תנובות,TENUVOT,1,NA,705,NA,NA,NA,NA,NA,NA,NA,0.758825542244007,929.067303026157,NA,61
2002,תנובות,תנובות,89.82861610636884,0,NA,NA,no_red_alert,2009,0.0429799426934097,Party_habait_hayehudi,FALSE,2009,15241,תנובות,TENUVOT,1,NA,751,NA,NA,NA,NA,NA,NA,NA,0.758825542244007,989.687297266161,NA,59
2002,תנובות,תנובות,89.82861610636884,0,NA,NA,no_red_alert,2013,0.116049382716049,Party_habait_hayehudi,FALSE,2013,15237,תנובות,TENUVOT,1,יהודי,810,410,400,220,60,90,370,70,0.758825542244007,1067.43902900878,0.0864197530864197,63
2002,תנובות,תנובות,89.82861610636884,0,NA,NA,no_red_alert,2015,0.0752212389380531,Party_habait_hayehudi,TRUE,2015,15234,תנובות,TENUVOT,1,יהודי,830,430,410,220,60,100,370,90,0.758825542244007,1093.79554824356,0.108433734939759,61
2003,תלמי אלעזר,תלמיאלעזר,104.1250534735319,0,NA,NA,no_red_alert,2006,0.0264900662251656,Party_habait_hayehudi,FALSE,2006,15260,תלמי אלעזר,TALME EL'AZAR,1,NA,693,NA,NA,NA,NA,NA,NA,NA,0.783338814103236,884.674661236268,NA,49
2003,תלמי אלעזר,תלמיאלעזר,104.1250534735319,0,NA,NA,no_red_alert,2009,0.0423728813559322,Party_habait_hayehudi,FALSE,2009,15253,תלמי אלעזר,TALME EL'AZAR,1,NA,644,NA,NA,NA,NA,NA,NA,NA,0.783338814103236,822.121907411481,NA,55
2003,תלמי אלעזר,תלמיאלעזר,104.1250534735319,0,NA,NA,no_red_alert,2013,0.0466830466830467,Party_habait_hayehudi,FALSE,2013,15247,תלמי אלעזר,TALME EL'AZAR,1,יהודי,760,380,370,190,70,110,340,50,0.783338814103236,970.205977690568,0.0657894736842105,55
2003,תלמי אלעזר,תלמיאלעזר,104.1250534735319,0,NA,NA,no_red_alert,2015,0.0415704387990762,Party_habait_hayehudi,TRUE,2015,15249,תלמי אלעזר,TALME EL'AZAR,1,יהודי,770,390,380,200,60,110,340,60,0.783338814103236,982.971845818076,0.0779220779220779,58
2008,שדה יצחק,שדהיצחק,100.93773844013026,0,NA,NA,no_red_alert,2006,0.0053475935828877,Party_habait_hayehudi,FALSE,2006,15286,שדה יצחק,SEDE YIZHAQ,1,NA,496,NA,NA,NA,NA,NA,NA,NA,1.25667228239106,394.693196428479,NA,50
2008,שדה יצחק,שדהיצחק,100.93773844013026,0,NA,NA,no_red_alert,2009,0,Party_habait_hayehudi,FALSE,2009,15285,שדה יצחק,SEDE YIZHAQ,1,NA,629,NA,NA,NA,NA,NA,NA,NA,1.25667228239106,500.528267244986,NA,48
2008,שדה יצחק,שדהיצחק,100.93773844013026,0,NA,NA,no_red_alert,2013,0.0739299610894942,Party_habait_hayehudi,FALSE,2013,15281,שדה יצחק,SEDE YIZHAQ,1,יהודי,680,340,340,210,110,70,250,40,1.25667228239106,541.11164026485,0.0588235294117647,54
2008,שדה יצחק,שדהיצחק,100.93773844013026,0,NA,NA,no_red_alert,2015,0.0444444444444444,Party_habait_hayehudi,TRUE,2015,15275,שדה יצחק,SEDE YIZHAQ,1,יהודי,700,350,350,200,120,70,270,50,1.25667228239106,557.026688507934,0.0714285714285714,56
2015,שדי חמד,שדיחמד,75.32317572050505,1,227,3,temporal_distance > 149,2006,0.0115942028985507,Party_habait_hayehudi,FALSE,2006,15384,שדי חמד,SEDE HEMED,1,NA,773,NA,NA,NA,NA,NA,NA,NA,0.617251404131148,1252.32602927503,NA,61
2015,שדי חמד,שדיחמד,75.32317572050505,1,227,3,temporal_distance > 149,2009,0.0134529147982063,Party_habait_hayehudi,FALSE,2009,15391,שדי חמד,SEDE HEMED,1,NA,924,NA,NA,NA,NA,NA,NA,NA,0.617251404131148,1496.95892761983,NA,59
2015,שדי חמד,שדיחמד,75.32317572050505,1,227,3,temporal_distance > 149,2013,0.0445269016697588,Party_habait_hayehudi,FALSE,2013,15394,שדי חמד,SEDE HEMED,1,יהודי,1020,510,520,320,50,100,470,70,0.617251404131148,1652.48712789202,0.0686274509803922,63
2015,שדי חמד,שדיחמד,75.32317572050505,1,227,3,temporal_distance > 149,2015,0.0407079646017699,Party_habait_hayehudi,TRUE,2015,15392,שדי חמד,SEDE HEMED,1,יהודי,1020,500,520,310,50,100,470,80,0.617251404131148,1652.48712789202,0.0784313725490196,62
2016,רוויה,רוויה,131.05799883427335,1,6,1,temporal_distance == 6,2006,0.073394495412844,Party_habait_hayehudi,FALSE,2006,15407,רוויה,REWAYA,1,NA,215,NA,NA,NA,NA,NA,NA,NA,1.33175483219565,161.441126251092,NA,28.6666666666667
2016,רוויה,רוויה,131.05799883427335,1,6,1,temporal_distance == 6,2009,0.0487804878048781,Party_habait_hayehudi,FALSE,2009,15398,רוויה,REWAYA,1,NA,346,NA,NA,NA,NA,NA,NA,NA,1.33175483219565,259.807579920362,NA,34
2016,רוויה,רוויה,131.05799883427335,1,6,1,temporal_distance == 6,2013,0.154929577464789,Party_habait_hayehudi,FALSE,2013,15396,רוויה,REWAYA,1,יהודי,370,170,190,110,40,50,130,40,1.33175483219565,277.82891494374,0.108108108108108,33.3333333333333
2016,רוויה,רוויה,131.05799883427335,1,6,1,temporal_distance == 6,2015,0.0866666666666667,Party_habait_hayehudi,TRUE,2015,15401,רוויה,REWAYA,1,יהודי,380,180,200,110,40,40,140,40,1.33175483219565,285.337804536814,0.105263157894737,33
2018,גבעת חיים (איחוד),גבעתחייםאיחוד,98.0644361254225,0,NA,NA,no_red_alert,2006,0.00364298724954463,Party_habait_hayehudi,FALSE,2006,15410,גבעת חיים (איחוד),GIV'AT HAYYIM (IHUD),1,NA,803,NA,NA,NA,NA,NA,NA,NA,0.676990782132974,1186.13136425582,NA,59
2018,גבעת חיים (איחוד),גבעתחייםאיחוד,98.0644361254225,0,NA,NA,no_red_alert,2009,0.00516351118760757,Party_habait_hayehudi,FALSE,2009,15411,גבעת חיים (איחוד),GIV'AT HAYYIM (IHUD),1,NA,785,NA,NA,NA,NA,NA,NA,NA,0.676990782132974,1159.54311449666,NA,58
2018,גבעת חיים (איחוד),גבעתחייםאיחוד,98.0644361254225,0,NA,NA,no_red_alert,2013,0.00457317073170732,Party_habait_hayehudi,FALSE,2013,15416,גבעת חיים (איחוד),GIV'AT HAYYIM (IHUD),1,יהודי,990,480,500,240,40,110,430,160,0.676990782132974,1462.35373675375,0.161616161616162,59
2018,גבעת חיים (איחוד),גבעתחייםאיחוד,98.0644361254225,0,NA,NA,no_red_alert,2015,0.0101302460202605,Party_habait_hayehudi,TRUE,2015,15412,גבעת חיים (איחוד),GIV'AT HAYYIM (IHUD),1,יהודי,1070,530,540,290,50,120,420,190,0.676990782132974,1580.52373568335,0.177570093457944,61
2024,אום אל-קוטוף,אוםאלקוטוף,110.22831565759697,0,NA,NA,no_red_alert,2006,0.00884955752212389,Party_habait_hayehudi,FALSE,2006,15457,אום אל-קוטוף,UMM AL-QUTUF,2,NA,821,NA,NA,NA,NA,NA,NA,NA,0.782834833390113,1048.75251455612,NA,47
2024,אום אל-קוטוף,אוםאלקוטוף,110.22831565759697,0,NA,NA,no_red_alert,2009,0.00677966101694915,Party_habait_hayehudi,FALSE,2009,15467,אום אל-קוטוף,UMM AL-QUTUF,2,NA,924,NA,NA,NA,NA,NA,NA,NA,0.782834833390113,1180.32560712528,NA,54
2024,אום אל-קוטוף,אוםאלקוטוף,110.22831565759697,0,NA,NA,no_red_alert,2013,0,Party_habait_hayehudi,FALSE,2013,15455,אום אל-קוטוף,UMM AL-QUTUF,2,לא יהודי,1010,520,490,340,110,170,360,30,0.782834833390113,1290.1827523772,0.0297029702970297,51
2024,אום אל-קוטוף,אוםאלקוטוף,110.22831565759697,0,NA,NA,no_red_alert,2015,0,Party_habait_hayehudi,TRUE,2015,15464,אום אל-קוטוף,UMM AL-QUTUF,2,לא יהודי,1040,530,500,350,110,170,380,30,0.782834833390113,1328.5050123488,0.0288461538461538,56
2026,ירדנה,ירדנה,146.82564373575866,1,6,1,temporal_distance == 6,2006,0.161111111111111,Party_habait_hayehudi,FALSE,2006,15480,ירדנה,YARDENA,1,NA,446,NA,NA,NA,NA,NA,NA,NA,1.17746401656933,378.780152704344,NA,15
2026,ירדנה,ירדנה,146.82564373575866,1,6,1,temporal_distance == 6,2009,0.0566037735849057,Party_habait_hayehudi,FALSE,2009,15481,ירדנה,YARDENA,1,NA,330,NA,NA,NA,NA,NA,NA,NA,1.17746401656933,280.263341687071,NA,16
2026,ירדנה,ירדנה,146.82564373575866,1,6,1,temporal_distance == 6,2013,0.116564417177914,Party_habait_hayehudi,FALSE,2013,15477,ירדנה,YARDENA,1,יהודי,350,180,170,90,20,50,150,40,1.17746401656933,297.248998759015,0.114285714285714,23.3333333333333
2026,ירדנה,ירדנה,146.82564373575866,1,6,1,temporal_distance == 6,2015,0.107692307692308,Party_habait_hayehudi,TRUE,2015,15478,ירדנה,YARDENA,1,יהודי,340,170,180,90,20,50,140,40,1.17746401656933,288.756170223043,0.117647058823529,22
2029,מדרך עוז,מדרךעוז,126.93594924623056,1,6,3,temporal_distance == 6,2006,0.130268199233716,Party_habait_hayehudi,FALSE,2006,15493,מדרך עוז,MIDRAKH OZ,1,NA,447,NA,NA,NA,NA,NA,NA,NA,0.88188084649971,506.87119668626,NA,28.6666666666667
2029,מדרך עוז,מדרךעוז,126.93594924623056,1,6,3,temporal_distance == 6,2009,0.053030303030303,Party_habait_hayehudi,FALSE,2009,15497,מדרך עוז,MIDRAKH OZ,1,NA,536,NA,NA,NA,NA,NA,NA,NA,0.88188084649971,607.79186000858,NA,30
2029,מדרך עוז,מדרךעוז,126.93594924623056,1,6,3,temporal_distance == 6,2013,0.164634146341463,Party_habait_hayehudi,FALSE,2013,15486,מדרך עוז,MIDRAKH OZ,1,יהודי,670,330,340,210,40,70,290,70,0.88188084649971,759.739825010725,0.104477611940299,32.5
2029,מדרך עוז,מדרךעוז,126.93594924623056,1,6,3,temporal_distance == 6,2015,0.0997442455242967,Party_habait_hayehudi,TRUE,2015,15495,מדרך עוז,MIDRAKH OZ,1,יהודי,750,370,380,240,40,70,320,80,0.88188084649971,850.45502799708,0.106666666666667,31.1666666666667
2042,עין גדי,עיןגדי,77.43737497714292,0,NA,NA,no_red_alert,2006,0.00337837837837838,Party_habait_hayehudi,FALSE,2006,15599,עין גדי,EN GEDI,1,NA,589,NA,NA,NA,NA,NA,NA,NA,0.323759923629677,1819.24925542579,NA,16.2
2042,עין גדי,עיןגדי,77.43737497714292,0,NA,NA,no_red_alert,2009,0,Party_habait_hayehudi,FALSE,2009,15593,עין גדי,EN GEDI,1,NA,529,NA,NA,NA,NA,NA,NA,NA,0.323759923629677,1633.9267506286,NA,21
2042,עין גדי,עיןגדי,77.43737497714292,0,NA,NA,no_red_alert,2013,0.0228013029315961,Party_habait_hayehudi,FALSE,2013,15602,עין גדי,EN GEDI,1,יהודי,520,280,240,100,80,60,190,100,0.323759923629677,1606.12837490902,0.192307692307692,22.2
2042,עין גדי,עיןגדי,77.43737497714292,0,NA,NA,no_red_alert,2015,0.0272108843537415,Party_habait_hayehudi,TRUE,2015,15595,עין גדי,EN GEDI,1,יהודי,560,310,250,100,100,60,190,100,0.323759923629677,1729.67671144048,0.178571428571429,20
2043,בחן,בחן,97.04874929780696,0,NA,NA,no_red_alert,2006,0.00584795321637427,Party_habait_hayehudi,FALSE,2006,15606,בחן,BAHAN,1,NA,260,NA,NA,NA,NA,NA,NA,NA,0.421665966442102,616.601814449969,NA,58
2043,בחן,בחן,97.04874929780696,0,NA,NA,no_red_alert,2009,0.0111111111111111,Party_habait_hayehudi,FALSE,2009,15608,בחן,BAHAN,1,NA,393,NA,NA,NA,NA,NA,NA,NA,0.421665966442102,932.01735799553,NA,57.25
2043,בחן,בחן,97.04874929780696,0,NA,NA,no_red_alert,2013,0.0284900284900285,Party_habait_hayehudi,FALSE,2013,15611,בחן,BAHAN,1,יהודי,840,460,370,370,30,40,340,60,0.421665966442102,1992.09816976144,0.0714285714285714,62
2043,בחן,בחן,97.04874929780696,0,NA,NA,no_red_alert,2015,0.0287081339712919,Party_habait_hayehudi,TRUE,2015,15607,בחן,BAHAN,1,יהודי,930,500,430,410,40,50,360,70,0.421665966442102,2205.53725937873,0.0752688172043011,57
2052,אביטל,אביטל,130.68442977073406,1,6,1,temporal_distance == 6,2006,0.15,Party_habait_hayehudi,FALSE,2006,15743,אביטל,AVITAL,1,NA,449,NA,NA,NA,NA,NA,NA,NA,1.3417111956734,334.64727837696,NA,34.5
2052,אביטל,אביטל,130.68442977073406,1,6,1,temporal_distance == 6,2009,0.160919540229885,Party_habait_hayehudi,FALSE,2009,15753,אביטל,AVITAL,1,NA,471,NA,NA,NA,NA,NA,NA,NA,1.3417111956734,351.044249700553,NA,33
2052,אביטל,אביטל,130.68442977073406,1,6,1,temporal_distance == 6,2013,0.206896551724138,Party_habait_hayehudi,FALSE,2013,15751,אביטל,AVITAL,1,יהודי,480,250,230,140,30,50,190,70,1.3417111956734,357.752101605659,0.145833333333333,38
2052,אביטל,אביטל,130.68442977073406,1,6,1,temporal_distance == 6,2015,0.0798611111111111,Party_habait_hayehudi,TRUE,2015,15747,אביטל,AVITAL,1,יהודי,500,260,240,150,30,60,190,70,1.3417111956734,372.658439172561,0.14,31
2053,פרזון,פרזון,130.25225855640318,1,6,1,temporal_distance == 6,2006,0.0427807486631016,Party_habait_hayehudi,FALSE,2006,15762,פרזון,PERAZON,1,NA,313,NA,NA,NA,NA,NA,NA,NA,0.845837849935751,370.047285095808,NA,38
2053,פרזון,פרזון,130.25225855640318,1,6,1,temporal_distance == 6,2009,0.0705882352941176,Party_habait_hayehudi,FALSE,2009,15761,פרזון,PERAZON,1,NA,293,NA,NA,NA,NA,NA,NA,NA,0.845837849935751,346.402091159973,NA,37
2053,פרזון,פרזון,130.25225855640318,1,6,1,temporal_distance == 6,2013,0.111675126903553,Party_habait_hayehudi,FALSE,2013,15764,פרזון,PERAZON,1,יהודי,320,150,170,80,20,50,120,50,0.845837849935751,378.32310297335,0.15625,42.4
2053,פרזון,פרזון,130.25225855640318,1,6,1,temporal_distance == 6,2015,0.101321585903084,Party_habait_hayehudi,TRUE,2015,15765,פרזון,PERAZON,1,יהודי,320,160,160,80,20,50,130,50,0.845837849935751,378.32310297335,0.15625,37.6
2054,מיטב,מיטב,129.57262359554764,1,6,1,temporal_distance == 6,2006,0.0591133004926108,Party_habait_hayehudi,FALSE,2006,15777,מיטב,METAV,1,NA,379,NA,NA,NA,NA,NA,NA,NA,1.1396110456137,332.569609130018,NA,34.5
2054,מיטב,מיטב,129.57262359554764,1,6,1,temporal_distance == 6,2009,0.106976744186047,Party_habait_hayehudi,FALSE,2009,15770,מיטב,METAV,1,NA,437,NA,NA,NA,NA,NA,NA,NA,1.1396110456137,383.464166727751,NA,29.5
2054,מיטב,מיטב,129.57262359554764,1,6,1,temporal_distance == 6,2013,0.15948275862069,Party_habait_hayehudi,FALSE,2013,15783,מיטב,METAV,1,יהודי,450,230,220,120,40,60,180,50,1.1396110456137,394.871567568623,0.111111111111111,35.5
2054,מיטב,מיטב,129.57262359554764,1,6,1,temporal_distance == 6,2015,0.0882352941176471,Party_habait_hayehudi,TRUE,2015,15782,מיטב,METAV,1,יהודי,460,250,220,120,30,60,190,60,1.1396110456137,403.64649129237,0.130434782608696,33.5
2055,מאור,מאור,103.39816044206748,0,NA,NA,no_red_alert,2006,0.109289617486339,Party_habait_hayehudi,FALSE,2006,15789,מאור,MA'OR,1,NA,832,NA,NA,NA,NA,NA,NA,NA,0.986969785806204,842.984265542012,NA,58.5
2055,מאור,מאור,103.39816044206748,0,NA,NA,no_red_alert,2009,0.107061503416856,Party_habait_hayehudi,FALSE,2009,15790,מאור,MA'OR,1,NA,997,NA,NA,NA,NA,NA,NA,NA,0.986969785806204,1010.16263551128,NA,55
2055,מאור,מאור,103.39816044206748,0,NA,NA,no_red_alert,2013,0.0723327305605787,Party_habait_hayehudi,FALSE,2013,15797,מאור,MA'OR,1,יהודי,1170,570,600,390,90,120,510,60,0.986969785806204,1185.44662341845,0.0512820512820513,60.5
2055,מאור,מאור,103.39816044206748,0,NA,NA,no_red_alert,2015,0.0703764320785597,Party_habait_hayehudi,TRUE,2015,15786,מאור,MA'OR,1,יהודי,1260,610,650,420,100,140,530,70,0.986969785806204,1276.63482521987,0.0555555555555556,59
2057,שדי תרומות,שדיתרומות,131.4628288008537,1,6,1,temporal_distance == 6,2006,0.182432432432432,Party_habait_hayehudi,FALSE,2006,15807,שדי תרומות,SEDE TERUMOT,1,NA,442,NA,NA,NA,NA,NA,NA,NA,1.4886103305012,296.921223065261,NA,29.5
2057,שדי תרומות,שדיתרומות,131.4628288008537,1,6,1,temporal_distance == 6,2009,0.0454545454545455,Party_habait_hayehudi,FALSE,2009,15813,שדי תרומות,SEDE TERUMOT,1,NA,424,NA,NA,NA,NA,NA,NA,NA,1.4886103305012,284.829408551291,NA,37
2057,שדי תרומות,שדיתרומות,131.4628288008537,1,6,1,temporal_distance == 6,2013,0.113636363636364,Party_habait_hayehudi,FALSE,2013,15809,שדי תרומות,SEDE TERUMOT,1,יהודי,420,220,200,100,40,60,170,50,1.4886103305012,282.142338659298,0.119047619047619,34
2057,שדי תרומות,שדיתרומות,131.4628288008537,1,6,1,temporal_distance == 6,2015,0.0649350649350649,Party_habait_hayehudi,TRUE,2015,15803,שדי תרומות,SEDE TERUMOT,1,יהודי,430,230,210,110,40,60,180,50,1.4886103305012,288.860013389281,0.116279069767442,37.5
2100,טירת כרמל,טירתכרמל,135.5565984780548,0,NA,NA,no_red_alert,2006,0.0891861761426979,Party_habait_hayehudi,FALSE,2006,15905,טירת כרמל,TIRAT KARMEL,1,NA,18734,NA,NA,NA,NA,NA,NA,NA,5.92611152252586,3161.26349104127,NA,56.875
2100,טירת כרמל,טירתכרמל,135.5565984780548,0,NA,NA,no_red_alert,2009,0.0598251265531523,Party_habait_hayehudi,FALSE,2009,15909,טירת כרמל,TIRAT KARMEL,1,NA,18658,NA,NA,NA,NA,NA,NA,NA,5.92611152252586,3148.43889270033,NA,57.7
2100,טירת כרמל,טירתכרמל,135.5565984780548,0,NA,NA,no_red_alert,2013,0.0885085064189542,Party_habait_hayehudi,FALSE,2013,15904,טירת כרמל,TIRAT KARMEL,1,יהודי,18740,9280,9460,3920,1190,2890,8300,2410,5.92611152252586,3162.27595933134,0.128601921024546,59.875
2100,טירת כרמל,טירתכרמל,135.5565984780548,0,NA,NA,no_red_alert,2015,0.0590904793419684,Party_habait_hayehudi,TRUE,2015,15913,טירת כרמל,TIRAT KARMEL,1,יהודי,19370,9530,9830,4150,1180,2850,8530,2660,5.92611152252586,3268.58512978912,0.137325761486835,62.375
2300,קרית טבעון,קריתטבעון,134.32867087170175,0,NA,NA,no_red_alert,2006,0.0264204181095293,Party_habait_hayehudi,FALSE,2006,15950,קריית טבעון,QIRYAT TIV'ON,1,NA,13980,NA,NA,NA,NA,NA,NA,NA,8.1927288477288691,1706.39114998606,NA,59.0833333333333
2300,קרית טבעון,קריתטבעון,134.32867087170175,0,NA,NA,no_red_alert,2009,0.0261508797300554,Party_habait_hayehudi,FALSE,2009,15938,קריית טבעון,QIRYAT TIV'ON,1,NA,16516,NA,NA,NA,NA,NA,NA,NA,8.1927288477288691,2015.93392225821,NA,57.9090909090909
2300,קרית טבעון,קריתטבעון,134.32867087170175,0,NA,NA,no_red_alert,2013,0.0405110286088666,Party_habait_hayehudi,FALSE,2013,15942,קריית טבעון,QIRYAT TIV'ON,1,יהודי,17480,8370,9100,3680,1310,2040,7460,2980,8.1927288477288691,2133.59923474651,0.170480549199085,62
2300,קרית טבעון,קריתטבעון,134.32867087170175,0,NA,NA,no_red_alert,2015,0.0348579275377628,Party_habait_hayehudi,TRUE,2015,15941,קריית טבעון,QIRYAT TIV'ON,1,יהודי,17860,8530,9330,3790,1400,2030,7430,3210,8.1927288477288691,2179.98182680622,0.17973124300112,56.6666666666667
2500,נשר,נשר,137.62815736378172,0,NA,NA,no_red_alert,2006,0.0214186092847181,Party_habait_hayehudi,FALSE,2006,15976,נשר,NESHER,1,NA,21246,NA,NA,NA,NA,NA,NA,NA,12.8848462185425,1648.9137425191,NA,58.8333333333333
2500,נשר,נשר,137.62815736378172,0,NA,NA,no_red_alert,2009,0.0194929989933193,Party_habait_hayehudi,FALSE,2009,15972,נשר,NESHER,1,NA,23634,NA,NA,NA,NA,NA,NA,NA,12.8848462185425,1834.2477356065301,NA,57.6470588235294
2500,נשר,נשר,137.62815736378172,0,NA,NA,no_red_alert,2013,0.0637739998308382,Party_habait_hayehudi,FALSE,2013,15974,נשר,NESHER,1,יהודי,23310,11350,11970,4410,1380,3610,10560,3350,12.8848462185425,1809.10191744894,0.143715143715144,61.3888888888889
2500,נשר,נשר,137.62815736378172,0,NA,NA,no_red_alert,2015,0.0444305869514381,Party_habait_hayehudi,TRUE,2015,15978,נשר,NESHER,1,יהודי,23420,11360,12060,4430,1300,3560,10410,3710,12.8848462185425,1817.63907793454,0.158411614005124,62.3888888888889
2710,אום אל-פחם,אוםאלפחם,116.86008129899014,0,NA,NA,no_red_alert,2006,7.3194534808067e-4,Party_habait_hayehudi,FALSE,2006,16146,אום אל-פחם,UMM AL-FAHM,2,NA,42211,NA,NA,NA,NA,NA,NA,NA,25.9473598012094,1626.79364387711,NA,55.8108108108108
2710,אום אל-פחם,אוםאלפחם,116.86008129899014,0,NA,NA,no_red_alert,2009,5.5009282816475e-4,Party_habait_hayehudi,FALSE,2009,16155,אום אל-פחם,UMM AL-FAHM,2,NA,46040,NA,NA,NA,NA,NA,NA,NA,25.9473598012094,1774.36164421839,NA,53.8787878787879
2710,אום אל-פחם,אוםאלפחם,116.86008129899014,0,NA,NA,no_red_alert,2013,5.0492299924261e-4,Party_habait_hayehudi,FALSE,2013,16144,אום אל-פחם,UMM AL-FAHM,2,לא יהודי,0,0,0,0,0,0,0,0,25.9473598012094,0,NA,57.6486486486486
2710,אום אל-פחם,אוםאלפחם,116.86008129899014,0,NA,NA,no_red_alert,2015,2.4605088332267e-4,Party_habait_hayehudi,TRUE,2015,16152,אום אל-פחם,UMM AL-FAHM,2,לא יהודי,52500,26680,25820,17850,6200,8380,18110,1960,25.9473598012094,2023.32724416736,0.0373333333333333,56.4054054054054
2720,טירה,טירה,81.57242934510087,1,227,5,temporal_distance > 149,2006,1.4050864128143e-4,Party_habait_hayehudi,FALSE,2006,16160,טירה,TIRE,2,NA,21109,NA,NA,NA,NA,NA,NA,NA,11.8736994738243,1777.79470050889,NA,61
2720,טירה,טירה,81.57242934510087,1,227,5,temporal_distance > 149,2009,8.4185207456404e-4,Party_habait_hayehudi,FALSE,2009,16171,טירה,TIRE,2,NA,22571,NA,NA,NA,NA,NA,NA,NA,11.8736994738243,1900.92397485367,NA,59
2720,טירה,טירה,81.57242934510087,1,227,5,temporal_distance > 149,2013,4.5667313620276e-4,Party_habait_hayehudi,FALSE,2013,16159,טירה,TIRE,2,לא יהודי,24050,12150,11900,7030,2540,4040,9030,1400,11.8736994738243,2025.48498494665,0.0582120582120582,63
2720,טירה,טירה,81.57242934510087,1,227,5,temporal_distance > 149,2015,6.0287658255102e-4,Party_habait_hayehudi,TRUE,2015,16164,טירה,TIRE,2,לא יהודי,24870,12550,12330,7090,2560,4280,9480,1470,11.8736994738243,2094.54517985959,0.0591073582629674,61.8888888888889
2730,טייבה,טייבה,84.98322159127888,1,227,5,temporal_distance > 149,2006,0.0020297699594046,Party_habait_hayehudi,FALSE,2006,16181,טייבה,TAYIBE,2,NA,33858,NA,NA,NA,NA,NA,NA,NA,18.9068354008579,1790.78091505803,NA,59.125
2730,טייבה,טייבה,84.98322159127888,1,227,5,temporal_distance > 149,2009,0.00136882129277567,Party_habait_hayehudi,FALSE,2009,16185,טייבה,TAYIBE,2,NA,36522,NA,NA,NA,NA,NA,NA,NA,18.9068354008579,1931.68233740178,NA,58.6296296296296
2730,טייבה,טייבה,84.98322159127888,1,227,5,temporal_distance > 149,2013,0.00137850975839803,Party_habait_hayehudi,FALSE,2013,16179,טייבה,TAYIBE,2,לא יהודי,39560,20000,19560,13600,4020,6000,14030,1910,18.9068354008579,2092.36496543493,0.0482810920121335,61.3333333333333
2730,טייבה,טייבה,84.98322159127888,1,227,5,temporal_distance > 149,2015,7.7929306985805e-4,Party_habait_hayehudi,TRUE,2015,16188,טייבה,TAYIBE,2,לא יהודי,40940,20640,20300,13540,4400,6320,14630,2060,18.9068354008579,2165.35444097336,0.0503175378602833,61.8333333333333
3555,נתיב הגדוד,נתיבהגדוד,96.55487402802493,0,NA,NA,no_red_alert,2006,0.0135135135135135,Party_habait_hayehudi,FALSE,2006,16242,נתיב הגדוד,NETIV HAGEDUD,1,NA,125,NA,NA,NA,NA,NA,NA,NA,0.125367963993017,997.064928062183,NA,23.3333333333333
3555,נתיב הגדוד,נתיבהגדוד,96.55487402802493,0,NA,NA,no_red_alert,2009,0.0285714285714286,Party_habait_hayehudi,FALSE,2009,16250,נתיב הגדוד,NETIV HAGEDUD,1,NA,175,NA,NA,NA,NA,NA,NA,NA,0.125367963993017,1395.89089928706,NA,25.5
3555,נתיב הגדוד,נתיבהגדוד,96.55487402802493,0,NA,NA,no_red_alert,2013,0.197530864197531,Party_habait_hayehudi,FALSE,2013,16251,נתיב הגדוד,NETIV HAGEDUD,1,יהודי,170,80,90,30,10,40,90,0,0.125367963993017,1356.00830216457,0,23
3555,נתיב הגדוד,נתיבהגדוד,96.55487402802493,0,NA,NA,no_red_alert,2015,0.104761904761905,Party_habait_hayehudi,TRUE,2015,16244,נתיב הגדוד,NETIV HAGEDUD,1,יהודי,180,90,90,40,10,30,100,10,0.125367963993017,1435.77349640954,0.0555555555555556,27
3556,אלמוג,אלמוג,88.58289585775094,0,NA,NA,no_red_alert,2006,0.0158730158730159,Party_habait_hayehudi,FALSE,2006,16263,אלמוג,ALMOG,1,NA,192,NA,NA,NA,NA,NA,NA,NA,0.152111003517624,1262.23610100471,NA,19.5
3556,אלמוג,אלמוג,88.58289585775094,0,NA,NA,no_red_alert,2009,0.0326086956521739,Party_habait_hayehudi,FALSE,2009,16260,אלמוג,ALMOG,1,NA,152,NA,NA,NA,NA,NA,NA,NA,0.152111003517624,999.270246628731,NA,27.6666666666667
3556,אלמוג,אלמוג,88.58289585775094,0,NA,NA,no_red_alert,2013,0.00961538461538462,Party_habait_hayehudi,FALSE,2013,16256,אלמוג,ALMOG,1,יהודי,170,90,80,50,10,30,80,0,0.152111003517624,1117.60488109792,0,23
3556,אלמוג,אלמוג,88.58289585775094,0,NA,NA,no_red_alert,2015,0.0480769230769231,Party_habait_hayehudi,TRUE,2015,16258,אלמוג,ALMOG,1,יהודי,210,110,100,60,20,20,110,0,0.152111003517624,1380.5707354739,0,29.5
3557,קדומים,קדומים,92.290384191096,0,NA,NA,no_red_alert,2006,0.771358328211432,Party_habait_hayehudi,FALSE,2006,16281,קדומים,QEDUMIM,1,NA,3208,NA,NA,NA,NA,NA,NA,NA,2.31564256723636,1385.36061022088,NA,45.3333333333333
3557,קדומים,קדומים,92.290384191096,0,NA,NA,no_red_alert,2009,0.724926686217009,Party_habait_hayehudi,FALSE,2009,16274,קדומים,QEDUMIM,1,NA,3767,NA,NA,NA,NA,NA,NA,NA,2.31564256723636,1626.76228762532,NA,46
3557,קדומים,קדומים,92.290384191096,0,NA,NA,no_red_alert,2013,0.704383282364934,Party_habait_hayehudi,FALSE,2013,16279,קדומים,QEDUMIM,1,יהודי,4170,1990,2190,1710,390,600,1270,200,2.31564256723636,1800.79605505644,0.0479616306954436,56.6666666666667
3557,קדומים,קדומים,92.290384191096,0,NA,NA,no_red_alert,2015,0.651344743276284,Party_habait_hayehudi,TRUE,2015,16269,קדומים,QEDUMIM,1,יהודי,4340,2110,2230,1820,340,580,1330,280,2.31564256723636,1874.2098031043,0.0645161290322581,51
3558,תומר,תומר,97.68460656778308,0,NA,NA,no_red_alert,2006,0.06,Party_habait_hayehudi,FALSE,2006,16294,תומר,TOMER,1,NA,282,NA,NA,NA,NA,NA,NA,NA,0.147686105383797,1909.45518718336,NA,32
3558,תומר,תומר,97.68460656778308,0,NA,NA,no_red_alert,2009,0.0182926829268293,Party_habait_hayehudi,FALSE,2009,16287,תומר,TOMER,1,NA,233,NA,NA,NA,NA,NA,NA,NA,0.147686105383797,1577.67042061604,NA,29
3558,תומר,תומר,97.68460656778308,0,NA,NA,no_red_alert,2013,0.137362637362637,Party_habait_hayehudi,FALSE,2013,16295,תומר,TOMER,1,יהודי,230,120,110,40,10,60,120,0,0.147686105383797,1557.3570675609,0,33.6666666666667
3558,תומר,תומר,97.68460656778308,0,NA,NA,no_red_alert,2015,0.164772727272727,Party_habait_hayehudi,TRUE,2015,16296,תומר,TOMER,1,יהודי,250,120,120,60,10,50,120,0,0.147686105383797,1692.77942126184,0,28.3333333333333
3560,אלקנה,אלקנה,75.47768096094212,0,NA,NA,no_red_alert,2006,0.745403899721448,Party_habait_hayehudi,FALSE,2006,16307,אלקנה,ELQANA,1,NA,2968,NA,NA,NA,NA,NA,NA,NA,1.16067669596746,2557.12896650008,NA,55.5
3560,אלקנה,אלקנה,75.47768096094212,0,NA,NA,no_red_alert,2009,0.669598680593733,Party_habait_hayehudi,FALSE,2009,16310,אלקנה,ELQANA,1,NA,3478,NA,NA,NA,NA,NA,NA,NA,1.16067669596746,2996.52781182186,NA,57.5
3560,אלקנה,אלקנה,75.47768096094212,0,NA,NA,no_red_alert,2013,0.724890829694323,Party_habait_hayehudi,FALSE,2013,16309,אלקנה,ELQANA,1,יהודי,3870,1840,2030,1260,280,710,1270,350,1.16067669596746,3334.26182626526,0.0904392764857881,61.5
3560,אלקנה,אלקנה,75.47768096094212,0,NA,NA,no_red_alert,2015,0.696752626552054,Party_habait_hayehudi,TRUE,2015,16312,אלקנה,ELQANA,1,יהודי,3950,1910,2040,1290,250,730,1260,410,1.16067669596746,3403.18713533534,0.10379746835443,60
3564,כוכב השחר,כוכבהשחר,86.59070897886916,0,NA,NA,no_red_alert,2006,0.812286689419795,Party_habait_hayehudi,FALSE,2006,16357,כוכב השחר,KOKHAV HASHAHAR,1,NA,1530,NA,NA,NA,NA,NA,NA,NA,0.176517465295602,8667.69754164445,NA,33
3564,כוכב השחר,כוכבהשחר,86.59070897886916,0,NA,NA,no_red_alert,2009,0.868085106382979,Party_habait_hayehudi,FALSE,2009,16353,כוכב השחר,KOKHAV HASHAHAR,1,NA,1421,NA,NA,NA,NA,NA,NA,NA,0.176517465295602,8050.19490632468,NA,32
3564,כוכב השחר,כוכבהשחר,86.59070897886916,0,NA,NA,no_red_alert,2013,0.739184177997528,Party_habait_hayehudi,FALSE,2013,16350,כוכב השחר,KOKHAV HASHAHAR,1,יהודי,1600,800,790,810,60,250,460,10,0.176517465295602,9064.25886707916,0.00625,35
3564,כוכב השחר,כוכבהשחר,86.59070897886916,0,NA,NA,no_red_alert,2015,0.567164179104478,Party_habait_hayehudi,TRUE,2015,16352,כוכב השחר,KOKHAV HASHAHAR,1,יהודי,1950,1060,880,880,280,280,490,20,0.176517465295602,11047.0654942527,0.0102564102564103,33
3565,רימונים,רימונים,84.7342167808495,0,NA,NA,no_red_alert,2006,0.206896551724138,Party_habait_hayehudi,FALSE,2006,16360,רימונים,RIMMONIM,1,NA,565,NA,NA,NA,NA,NA,NA,NA,0.189191494715046,2986.39217820539,NA,21.3333333333333
3565,רימונים,רימונים,84.7342167808495,0,NA,NA,no_red_alert,2009,0.151079136690647,Party_habait_hayehudi,FALSE,2009,16371,רימונים,RIMMONIM,1,NA,615,NA,NA,NA,NA,NA,NA,NA,0.189191494715046,3250.67467185188,NA,27.6666666666667
3565,רימונים,רימונים,84.7342167808495,0,NA,NA,no_red_alert,2013,0.170212765957447,Party_habait_hayehudi,FALSE,2013,16363,רימונים,RIMMONIM,1,יהודי,540,270,280,120,60,100,230,30,0.189191494715046,2854.25093138214,0.0555555555555556,21.3333333333333
3565,רימונים,רימונים,84.7342167808495,0,NA,NA,no_red_alert,2015,0.168253968253968,Party_habait_hayehudi,TRUE,2015,16368,רימונים,RIMMONIM,1,יהודי,600,300,300,140,60,110,260,30,0.189191494715046,3171.38992375794,0.05,29
3566,יפית,יפית,103.03500089395226,0,NA,NA,no_red_alert,2006,0.136363636363636,Party_habait_hayehudi,FALSE,2006,16381,יפית,YAFIT,1,NA,104,NA,NA,NA,NA,NA,NA,NA,0.218024764259626,477.010033026138,NA,20.3333333333333
3566,יפית,יפית,103.03500089395226,0,NA,NA,no_red_alert,2009,0.0615384615384615,Party_habait_hayehudi,FALSE,2009,16383,יפית,YAFIT,1,NA,106,NA,NA,NA,NA,NA,NA,NA,0.218024764259626,486.183302892025,NA,16.5
3566,יפית,יפית,103.03500089395226,0,NA,NA,no_red_alert,2013,0.0769230769230769,Party_habait_hayehudi,FALSE,2013,16375,יפית,YAFIT,1,יהודי,130,60,70,50,10,10,50,10,0.218024764259626,596.262541282672,0.0769230769230769,20.6666666666667
3566,יפית,יפית,103.03500089395226,0,NA,NA,no_red_alert,2015,0.207317073170732,Party_habait_hayehudi,TRUE,2015,16386,יפית,YAFIT,1,יהודי,150,70,80,60,10,20,60,20,0.218024764259626,687.995239941545,0.133333333333333,18.6666666666667
3567,סלעית,סלעית,89.13661576558079,0,NA,NA,no_red_alert,2006,0.029535864978903,Party_habait_hayehudi,FALSE,2006,16397,סלעית,SAL'IT,1,NA,429,NA,NA,NA,NA,NA,NA,NA,0.113237837975365,3788.48631932843,NA,27.5
3567,סלעית,סלעית,89.13661576558079,0,NA,NA,no_red_alert,2009,0.015748031496063,Party_habait_hayehudi,FALSE,2009,16392,סלעית,SAL'IT,1,NA,497,NA,NA,NA,NA,NA,NA,NA,0.113237837975365,4388.99230933854,NA,33.5
3567,סלעית,סלעית,89.13661576558079,0,NA,NA,no_red_alert,2013,0.037037037037037,Party_habait_hayehudi,FALSE,2013,16394,סלעית,SAL'IT,1,יהודי,560,290,270,180,50,40,250,40,0.113237837975365,4945.34344714201,0.0714285714285714,36.5
3567,סלעית,סלעית,89.13661576558079,0,NA,NA,no_red_alert,2015,0.0347003154574132,Party_habait_hayehudi,TRUE,2015,16395,סלעית,SAL'IT,1,יהודי,690,340,350,260,50,50,290,50,0.113237837975365,6093.36960451427,0.072463768115942,39.5
3568,ריחן,ריחן,114.12451317449415,0,NA,NA,no_red_alert,2006,0.11864406779661,Party_habait_hayehudi,FALSE,2006,16405,ריחן,REHAN,1,NA,153,NA,NA,NA,NA,NA,NA,NA,0.223381558267021,684.926728898139,NA,32
3568,ריחן,ריחן,114.12451317449415,0,NA,NA,no_red_alert,2009,0.0769230769230769,Party_habait_hayehudi,FALSE,2009,16409,ריחן,REHAN,1,NA,164,NA,NA,NA,NA,NA,NA,NA,0.223381558267021,734.169827054214,NA,36.5
3568,ריחן,ריחן,114.12451317449415,0,NA,NA,no_red_alert,2013,0.123595505617978,Party_habait_hayehudi,FALSE,2013,16417,ריחן,REHAN,1,יהודי,180,90,90,60,20,20,90,0,0.223381558267021,805.796151644869,0,36
3568,ריחן,ריחן,114.12451317449415,0,NA,NA,no_red_alert,2015,0.181818181818182,Party_habait_hayehudi,TRUE,2015,16407,ריחן,REHAN,1,יהודי,210,110,100,70,20,20,100,0,0.223381558267021,940.095510252347,0,42
3569,מבוא דותן,מבואדותן,111.73036747468,0,NA,NA,no_red_alert,2006,0.2,Party_habait_hayehudi,FALSE,2006,16431,מבוא דותן,MEVO DOTAN,1,NA,311,NA,NA,NA,NA,NA,NA,NA,0.120843098861371,2573.5851110271,NA,22
3569,מבוא דותן,מבואדותן,111.73036747468,0,NA,NA,no_red_alert,2009,0.282258064516129,Party_habait_hayehudi,FALSE,2009,16429,מבוא דותן,MEVO DOTAN,1,NA,281,NA,NA,NA,NA,NA,NA,NA,0.120843098861371,2325.32931253574,NA,30
3569,מבוא דותן,מבואדותן,111.73036747468,0,NA,NA,no_red_alert,2013,0.213235294117647,Party_habait_hayehudi,FALSE,2013,16422,מבוא דותן,MEVO DOTAN,1,יהודי,270,150,120,80,10,60,110,10,0.120843098861371,2234.30218642224,0.037037037037037,22.6666666666667
3569,מבוא דותן,מבואדותן,111.73036747468,0,NA,NA,no_red_alert,2015,0.230769230769231,Party_habait_hayehudi,TRUE,2015,16424,מבוא דותן,MEVO DOTAN,1,יהודי,360,190,170,140,20,60,130,20,0.120843098861371,2979.06958189632,0.0555555555555556,34.3333333333333
3570,אריאל,אריאל,79.21968965069473,0,NA,NA,no_red_alert,2006,0.0851495871124949,Party_habait_hayehudi,FALSE,2006,16446,אריאל,ARI'EL,1,NA,16432,NA,NA,NA,NA,NA,NA,NA,14.0434660888154,1170.0815095133,NA,39
3570,אריאל,אריאל,79.21968965069473,0,NA,NA,no_red_alert,2009,0.0596244131455399,Party_habait_hayehudi,FALSE,2009,16434,אריאל,ARI'EL,1,NA,17553,NA,NA,NA,NA,NA,NA,NA,14.0434660888154,1249.90510811143,NA,46.8695652173913
3570,אריאל,אריאל,79.21968965069473,0,NA,NA,no_red_alert,2013,0.161795522223448,Party_habait_hayehudi,FALSE,2013,16443,אריאל,ARI'EL,1,יהודי,18100,8900,9210,3580,1120,4090,7450,1840,14.0434660888154,1288.85560626769,0.101657458563536,47.2857142857143
3570,אריאל,אריאל,79.21968965069473,0,NA,NA,no_red_alert,2015,0.13409488525265,Party_habait_hayehudi,TRUE,2015,16438,אריאל,ARI'EL,1,יהודי,18720,9280,9450,3830,1100,4190,7560,2050,14.0434660888154,1333.00425134427,0.109508547008547,54.5238095238095
3571,שבי שומרון,שבישומרון,98.6011540937461,1,208,2,temporal_distance > 149,2006,0.687687687687688,Party_habait_hayehudi,FALSE,2006,16459,שבי שומרון,SHAVE SHOMERON,1,NA,631,NA,NA,NA,NA,NA,NA,NA,0.208006843474885,3033.55403821696,NA,32.3333333333333
3571,שבי שומרון,שבישומרון,98.6011540937461,1,208,2,temporal_distance > 149,2009,0.657381615598886,Party_habait_hayehudi,FALSE,2009,16452,שבי שומרון,SHAVE SHOMERON,1,NA,711,NA,NA,NA,NA,NA,NA,NA,0.208006843474885,3418.15676889423,NA,36
3571,שבי שומרון,שבישומרון,98.6011540937461,1,208,2,temporal_distance > 149,2013,0.385826771653543,Party_habait_hayehudi,FALSE,2013,16450,שבי שומרון,SHAVE SHOMERON,1,יהודי,780,410,380,320,40,140,250,40,0.208006843474885,3749.87662410338,0.0512820512820513,47
3571,שבי שומרון,שבישומרון,98.6011540937461,1,208,2,temporal_distance > 149,2015,0.384803921568627,Party_habait_hayehudi,TRUE,2015,16458,שבי שומרון,SHAVE SHOMERON,1,יהודי,880,450,430,390,40,140,260,50,0.208006843474885,4230.63003744996,0.0568181818181818,47.6666666666667
3572,כפר תפוח,כפרתפוח,90.80348278011598,0,NA,NA,no_red_alert,2006,0.5,Party_habait_hayehudi,FALSE,2006,16466,כפר תפוח,KEFAR TAPPUAH,1,NA,721,NA,NA,NA,NA,NA,NA,NA,0.116694935956947,6178.50289806921,NA,40
3572,כפר תפוח,כפרתפוח,90.80348278011598,0,NA,NA,no_red_alert,2009,0.713910761154856,Party_habait_hayehudi,FALSE,2009,16468,כפר תפוח,KEFAR TAPPUAH,1,NA,916,NA,NA,NA,NA,NA,NA,NA,0.116694935956947,7849.52656675644,NA,33
3572,כפר תפוח,כפרתפוח,90.80348278011598,0,NA,NA,no_red_alert,2013,0.489021956087824,Party_habait_hayehudi,FALSE,2013,16465,כפר תפוח,KEFAR TAPPUAH,1,יהודי,920,470,440,450,30,150,260,20,0.116694935956947,7883.80397534489,0.0217391304347826,55
3572,כפר תפוח,כפרתפוח,90.80348278011598,0,NA,NA,no_red_alert,2015,0.393530997304582,Party_habait_hayehudi,TRUE,2015,16464,כפר תפוח,KEFAR TAPPUAH,1,יהודי,970,500,480,500,20,140,280,30,0.116694935956947,8312.2715827006,0.0309278350515464,46
3574,בית אל,ביתאל,75.61760464552256,1,208,16,temporal_distance > 149,2006,0.819218955682317,Party_habait_hayehudi,FALSE,2006,16498,בית אל,BET EL,1,NA,5163,NA,NA,NA,NA,NA,NA,NA,1.52838823836953,3378.06839282397,NA,61
3574,בית אל,ביתאל,75.61760464552256,1,208,16,temporal_distance > 149,2009,0.823163138231631,Party_habait_hayehudi,FALSE,2009,16495,בית אל,BET EL,1,NA,5492,NA,NA,NA,NA,NA,NA,NA,1.52838823836953,3593.32783524874,NA,57
3574,בית אל,ביתאל,75.61760464552256,1,208,16,temporal_distance > 149,2013,0.694308330192235,Party_habait_hayehudi,FALSE,2013,16497,בית אל,BET EL,1,יהודי,5900,3100,2800,2270,1060,1010,1370,190,1.52838823836953,3860.27571521623,0.0322033898305085,62
3574,בית אל,ביתאל,75.61760464552256,1,208,16,temporal_distance > 149,2015,0.588407923697726,Party_habait_hayehudi,TRUE,2015,16504,בית אל,BET EL,1,יהודי,6050,3140,2900,2260,1100,1050,1410,230,1.52838823836953,3958.41831814546,0.0380165289256198,61
3576,מצפה יריחו,מצפהיריחו,83.61589953860624,0,NA,NA,no_red_alert,2006,0.632279534109817,Party_habait_hayehudi,FALSE,2006,16533,מצפה יריחו,MIZPE YERIHO,1,NA,1641,NA,NA,NA,NA,NA,NA,NA,0.133033958972417,12335.1963113437,NA,20.3333333333333
3576,מצפה יריחו,מצפהיריחו,83.61589953860624,0,NA,NA,no_red_alert,2009,0.831005586592179,Party_habait_hayehudi,FALSE,2009,16537,מצפה יריחו,MIZPE YERIHO,1,NA,1752,NA,NA,NA,NA,NA,NA,NA,0.133033958972417,13169.5697364254,NA,48
3576,מצפה יריחו,מצפהיריחו,83.61589953860624,0,NA,NA,no_red_alert,2013,0.503858875413451,Party_habait_hayehudi,FALSE,2013,16529,מצפה יריחו,MIZPE YERIHO,1,יהודי,2160,1270,900,830,390,410,500,30,0.133033958972417,16236.4558394286,0.0138888888888889,51.6666666666667
3576,מצפה יריחו,מצפהיריחו,83.61589953860624,0,NA,NA,no_red_alert,2015,0.532928064842959,Party_habait_hayehudi,TRUE,2015,16536,מצפה יריחו,MIZPE YERIHO,1,יהודי,2310,1350,960,900,410,410,550,40,0.133033958972417,17363.9874949445,0.0173160173160173,46
3578,שדמות מחולה,שדמותמחולה,127.5286617910207,0,NA,NA,no_red_alert,2006,0.822966507177033,Party_habait_hayehudi,FALSE,2006,16545,שדמות מחולה,SHADMOT MEHOLA,1,NA,536,NA,NA,NA,NA,NA,NA,NA,0.122924064532677,4360.41553000807,NA,16
3578,שדמות מחולה,שדמותמחולה,127.5286617910207,0,NA,NA,no_red_alert,2009,0.75095785440613,Party_habait_hayehudi,FALSE,2009,16549,שדמות מחולה,SHADMOT MEHOLA,1,NA,492,NA,NA,NA,NA,NA,NA,NA,0.122924064532677,4002.47097157458,NA,17
3578,שדמות מחולה,שדמותמחולה,127.5286617910207,0,NA,NA,no_red_alert,2013,0.834745762711864,Party_habait_hayehudi,FALSE,2013,16538,שדמות מחולה,SHADMOT MEHOLA,1,יהודי,540,280,260,250,30,80,180,10,0.122924064532677,4392.95594441112,0.0185185185185185,20
3578,שדמות מחולה,שדמותמחולה,127.5286617910207,0,NA,NA,no_red_alert,2015,0.752851711026616,Party_habait_hayehudi,TRUE,2015,16543,שדמות מחולה,SHADMOT MEHOLA,1,יהודי,550,280,270,250,30,70,190,20,0.122924064532677,4474.30698041873,0.0363636363636364,16.5
3579,אלון מורה,אלוןמורה,104.64756026352978,0,NA,NA,no_red_alert,2006,0.730973451327434,Party_habait_hayehudi,FALSE,2006,16556,אלון מורה,ELON MORE,1,NA,1314,NA,NA,NA,NA,NA,NA,NA,0.258587476465575,5081.45258215909,NA,31.3333333333333
3579,אלון מורה,אלוןמורה,104.64756026352978,0,NA,NA,no_red_alert,2009,0.819645732689211,Party_habait_hayehudi,FALSE,2009,16566,אלון מורה,ELON MORE,1,NA,1431,NA,NA,NA,NA,NA,NA,NA,0.258587476465575,5533.91068878969,NA,37
3579,אלון מורה,אלוןמורה,104.64756026352978,0,NA,NA,no_red_alert,2013,0.553846153846154,Party_habait_hayehudi,FALSE,2013,16557,אלון מורה,ELON MORE,1,יהודי,1650,930,730,680,160,420,350,50,0.258587476465575,6380.81945248287,0.0303030303030303,43.6666666666667
3579,אלון מורה,אלוןמורה,104.64756026352978,0,NA,NA,no_red_alert,2015,0.571238348868176,Party_habait_hayehudi,TRUE,2015,16565,אלון מורה,ELON MORE,1,יהודי,1790,1020,770,740,160,470,360,60,0.258587476465575,6922.2223151177805,0.0335195530726257,47
3598,ארגמן,ארגמן,113.98717714754754,0,NA,NA,no_red_alert,2006,0.025,Party_habait_hayehudi,FALSE,2006,16575,ארגמן,ARGAMAN,1,NA,166,NA,NA,NA,NA,NA,NA,NA,0.184006779186344,902.140675110082,NA,18.3333333333333
3598,ארגמן,ארגמן,113.98717714754754,0,NA,NA,no_red_alert,2009,0.0121951219512195,Party_habait_hayehudi,FALSE,2009,16582,ארגמן,ARGAMAN,1,NA,165,NA,NA,NA,NA,NA,NA,NA,0.184006779186344,896.7060927299,NA,15
3598,ארגמן,ארגמן,113.98717714754754,0,NA,NA,no_red_alert,2013,0.1625,Party_habait_hayehudi,FALSE,2013,16576,ארגמן,ARGAMAN,1,יהודי,130,70,60,20,10,30,70,0,0.184006779186344,706.495709423558,0,19.3333333333333
3598,ארגמן,ארגמן,113.98717714754754,0,NA,NA,no_red_alert,2015,0.137931034482759,Party_habait_hayehudi,TRUE,2015,16580,ארגמן,ARGAMAN,1,יהודי,130,70,60,20,10,30,70,10,0.184006779186344,706.495709423558,0.0769230769230769,17
3599,מחולה,מחולה,127.71025711007776,0,NA,NA,no_red_alert,2006,0.708542713567839,Party_habait_hayehudi,FALSE,2006,16588,מחולה,MEHOLA,1,NA,351,NA,NA,NA,NA,NA,NA,NA,0.141970132080478,2472.35101395152,NA,22.5
3599,מחולה,מחולה,127.71025711007776,0,NA,NA,no_red_alert,2009,0.57286432160804,Party_habait_hayehudi,FALSE,2009,16583,מחולה,MEHOLA,1,NA,376,NA,NA,NA,NA,NA,NA,NA,0.141970132080478,2648.44439101359,NA,21
3599,מחולה,מחולה,127.71025711007776,0,NA,NA,no_red_alert,2013,0.671378091872792,Party_habait_hayehudi,FALSE,2013,16591,מחולה,MEHOLA,1,יהודי,440,230,210,180,30,50,160,10,0.141970132080478,3099.2434362925,0.0227272727272727,25.5
3599,מחולה,מחולה,127.71025711007776,0,NA,NA,no_red_alert,2015,0.574534161490683,Party_habait_hayehudi,TRUE,2015,16589,מחולה,MEHOLA,1,יהודי,470,240,230,200,40,40,170,30,0.141970132080478,3310.55548876699,0.0638297872340425,20
3601,קליה,קליה,87.92497145255115,0,NA,NA,no_red_alert,2006,0.0882352941176471,Party_habait_hayehudi,FALSE,2006,16600,קליה,QALYA,1,NA,266,NA,NA,NA,NA,NA,NA,NA,0.190125811370221,1399.07358229249,NA,23
3601,קליה,קליה,87.92497145255115,0,NA,NA,no_red_alert,2009,0.0625,Party_habait_hayehudi,FALSE,2009,16606,קליה,QALYA,1,NA,300,NA,NA,NA,NA,NA,NA,NA,0.190125811370221,1577.9025364201,NA,25.3333333333333
3601,קליה,קליה,87.92497145255115,0,NA,NA,no_red_alert,2013,0.167441860465116,Party_habait_hayehudi,FALSE,2013,16607,קליה,QALYA,1,יהודי,370,190,190,100,30,70,170,0,0.190125811370221,1946.07979491812,0,27
3601,קליה,קליה,87.92497145255115,0,NA,NA,no_red_alert,2015,0.18503937007874,Party_habait_hayehudi,TRUE,2015,16604,קליה,QALYA,1,יהודי,390,200,200,110,30,70,180,0,0.190125811370221,2051.27329734612,0,22
3605,משואה,משואה,107.653062545437,0,NA,NA,no_red_alert,2006,0.0123456790123457,Party_habait_hayehudi,FALSE,2006,16662,משואה,MASSU'A,1,NA,142,NA,NA,NA,NA,NA,NA,NA,0.173451908505759,818.670726792756,NA,16.5
3605,משואה,משואה,107.653062545437,0,NA,NA,no_red_alert,2009,0.0232558139534884,Party_habait_hayehudi,FALSE,2009,16658,משואה,MASSU'A,1,NA,136,NA,NA,NA,NA,NA,NA,NA,0.173451908505759,784.079005942358,NA,15
3605,משואה,משואה,107.653062545437,0,NA,NA,no_red_alert,2013,0.22680412371134,Party_habait_hayehudi,FALSE,2013,16661,משואה,MASSU'A,1,יהודי,150,80,60,40,0,20,70,20,0.173451908505759,864.793021259953,0.133333333333333,18.5
3605,משואה,משואה,107.653062545437,0,NA,NA,no_red_alert,2015,0.260416666666667,Party_habait_hayehudi,TRUE,2015,16672,משואה,MASSU'A,1,יהודי,150,80,70,40,10,10,70,30,0.173451908505759,864.793021259953,0.2,20
3606,גלגל,גלגל,97.09261626210524,0,NA,NA,no_red_alert,2006,0.0441176470588235,Party_habait_hayehudi,FALSE,2006,16682,גלגל,GILGAL,1,NA,162,NA,NA,NA,NA,NA,NA,NA,0.259432464231882,624.439969298537,NA,28
3606,גלגל,גלגל,97.09261626210524,0,NA,NA,no_red_alert,2009,0,Party_habait_hayehudi,FALSE,2009,16676,גלגל,GILGAL,1,NA,170,NA,NA,NA,NA,NA,NA,NA,0.259432464231882,655.276510992292,NA,28
3606,גלגל,גלגל,97.09261626210524,0,NA,NA,no_red_alert,2013,0.214285714285714,Party_habait_hayehudi,FALSE,2013,16673,גלגל,GILGAL,1,יהודי,170,80,90,30,20,50,70,0,0.259432464231882,655.276510992292,0,28.5
3606,גלגל,גלגל,97.09261626210524,0,NA,NA,no_red_alert,2015,0.182926829268293,Party_habait_hayehudi,TRUE,2015,16686,גלגל,GILGAL,1,יהודי,170,70,100,30,20,40,80,10,0.259432464231882,655.276510992292,0.0588235294117647,29.5
3607,"ייט""ב",ייטב,92.27704702806376,0,NA,NA,no_red_alert,2006,0.151898734177215,Party_habait_hayehudi,FALSE,2006,16702,"ייט""ב",YITAV,1,NA,175,NA,NA,NA,NA,NA,NA,NA,0.128833289680894,1358.3445740883801,NA,12.3333333333333
3607,"ייט""ב",ייטב,92.27704702806376,0,NA,NA,no_red_alert,2009,0.391304347826087,Party_habait_hayehudi,FALSE,2009,16695,"ייט""ב",YITAV,1,NA,118,NA,NA,NA,NA,NA,NA,NA,0.128833289680894,915.912341385311,NA,10
3607,"ייט""ב",ייטב,92.27704702806376,0,NA,NA,no_red_alert,2013,0.358333333333333,Party_habait_hayehudi,FALSE,2013,16693,"ייט""ב",YITAV,1,יהודי,230,110,110,110,0,40,60,0,0.128833289680894,1785.25286880188,0,13.3333333333333
3607,"ייט""ב",ייטב,92.27704702806376,0,NA,NA,no_red_alert,2015,0.357664233576642,Party_habait_hayehudi,TRUE,2015,16700,"ייט""ב",YITAV,1,יהודי,280,130,150,130,20,40,90,0,0.128833289680894,2173.35131854142,0,14
3608,מעלה אפרים,מעלהאפרים,97.4101264500562,0,NA,NA,no_red_alert,2006,0.148601398601399,Party_habait_hayehudi,FALSE,2006,16712,מעלה אפרים,MA'ALE EFRAYIM,1,NA,1384,NA,NA,NA,NA,NA,NA,NA,5.65759353057147,244.626976561924,NA,26.4
3608,מעלה אפרים,מעלהאפרים,97.4101264500562,0,NA,NA,no_red_alert,2009,0.116239316239316,Party_habait_hayehudi,FALSE,2009,16710,מעלה אפרים,MA'ALE EFRAYIM,1,NA,1271,NA,NA,NA,NA,NA,NA,NA,5.65759353057147,224.653820238588,NA,22.625
3608,מעלה אפרים,מעלהאפרים,97.4101264500562,0,NA,NA,no_red_alert,2013,0.165247018739353,Party_habait_hayehudi,FALSE,2013,16717,מעלה אפרים,MA'ALE EFRAYIM,1,יהודי,1100,560,540,250,70,250,440,90,5.65759353057147,194.428955359911,0.0818181818181818,27.4
3608,מעלה אפרים,מעלהאפרים,97.4101264500562,0,NA,NA,no_red_alert,2015,0.2078125,Party_habait_hayehudi,TRUE,2015,16704,מעלה אפרים,MA'ALE EFRAYIM,1,יהודי,1210,610,600,330,80,240,460,110,5.65759353057147,213.87185089590201,0.0909090909090909,32.4
3609,חמרה,חמרה,109.6374846154058,0,NA,NA,no_red_alert,2006,0.0875,Party_habait_hayehudi,FALSE,2006,16719,חמרה,HAMRA,1,NA,132,NA,NA,NA,NA,NA,NA,NA,0.152110182613303,867.792002693028,NA,12
3609,חמרה,חמרה,109.6374846154058,0,NA,NA,no_red_alert,2009,0.0657894736842105,Party_habait_hayehudi,FALSE,2009,16729,חמרה,HAMRA,1,NA,91,NA,NA,NA,NA,NA,NA,NA,0.152110182613303,598.250547311102,NA,11.3333333333333
3609,חמרה,חמרה,109.6374846154058,0,NA,NA,no_red_alert,2013,0.15,Party_habait_hayehudi,FALSE,2013,16727,חמרה,HAMRA,1,יהודי,110,60,50,30,0,10,50,20,0.152110182613303,723.16000224419,0.181818181818182,12.5
3609,חמרה,חמרה,109.6374846154058,0,NA,NA,no_red_alert,2015,0.10752688172043,Party_habait_hayehudi,TRUE,2015,16728,חמרה,HAMRA,1,יהודי,130,70,60,40,10,10,50,30,0.152110182613303,854.643639015861,0.230769230769231,14.5
3610,מצפה שלם,מצפהשלם,78.46922007417987,0,NA,NA,no_red_alert,2006,0,Party_habait_hayehudi,FALSE,2006,16736,מצפה שלם,MIZPE SHALEM,1,NA,169,NA,NA,NA,NA,NA,NA,NA,0.202813437369269,833.278120977243,NA,14.6666666666667
3610,מצפה שלם,מצפהשלם,78.46922007417987,0,NA,NA,no_red_alert,2009,0.0111111111111111,Party_habait_hayehudi,FALSE,2009,16747,מצפה שלם,MIZPE SHALEM,1,NA,163,NA,NA,NA,NA,NA,NA,NA,0.202813437369269,803.694282362666,NA,15.5
3610,מצפה שלם,מצפהשלם,78.46922007417987,0,NA,NA,no_red_alert,2013,0.0288461538461538,Party_habait_hayehudi,FALSE,2013,16733,מצפה שלם,MIZPE SHALEM,1,יהודי,170,90,80,30,20,30,90,0,0.202813437369269,838.208760746339,0,16.6666666666667
3610,מצפה שלם,מצפהשלם,78.46922007417987,0,NA,NA,no_red_alert,2015,0.0454545454545455,Party_habait_hayehudi,TRUE,2015,16746,מצפה שלם,MIZPE SHALEM,1,יהודי,170,90,80,30,20,30,90,0,0.202813437369269,838.208760746339,0,14
3612,בקעות,בקעות,114.12434445818651,0,NA,NA,no_red_alert,2006,0.0697674418604651,Party_habait_hayehudi,FALSE,2006,16768,בקעות,BEQA'OT,1,NA,171,NA,NA,NA,NA,NA,NA,NA,0.148730657786898,1149.72933317494,NA,12
3612,בקעות,בקעות,114.12434445818651,0,NA,NA,no_red_alert,2009,0.021505376344086,Party_habait_hayehudi,FALSE,2009,16770,בקעות,BEQA'OT,1,NA,159,NA,NA,NA,NA,NA,NA,NA,0.148730657786898,1069.04657295214,NA,14.5
3612,בקעות,בקעות,114.12434445818651,0,NA,NA,no_red_alert,2013,0.0720720720720721,Party_habait_hayehudi,FALSE,2013,16777,בקעות,BEQA'OT,1,יהודי,170,80,90,50,0,20,80,20,0.148730657786898,1143.00576982304,0.117647058823529,11
3612,בקעות,בקעות,114.12434445818651,0,NA,NA,no_red_alert,2015,0.0869565217391304,Party_habait_hayehudi,TRUE,2015,16771,בקעות,BEQA'OT,1,יהודי,180,90,90,60,0,10,80,30,0.148730657786898,1210.24140334204,0.166666666666667,11.5
3613,גיתית,גיתית,99.50026035947634,0,NA,NA,no_red_alert,2006,0.44,Party_habait_hayehudi,FALSE,2006,16786,גיתית,GITTIT,1,NA,214,NA,NA,NA,NA,NA,NA,NA,0.144238863180105,1483.6500737862,NA,21.5
3613,גיתית,גיתית,99.50026035947634,0,NA,NA,no_red_alert,2009,0.36283185840708,Party_habait_hayehudi,FALSE,2009,16789,גיתית,GITTIT,1,NA,258,NA,NA,NA,NA,NA,NA,NA,0.144238863180105,1788.69962166748,NA,11.5
3613,גיתית,גיתית,99.50026035947634,0,NA,NA,no_red_alert,2013,0.590163934426229,Party_habait_hayehudi,FALSE,2013,16790,גיתית,GITTIT,1,יהודי,320,170,150,170,0,30,120,10,0.144238863180105,2218.54216640927,0.03125,17.5
3613,גיתית,גיתית,99.50026035947634,0,NA,NA,no_red_alert,2015,0.406666666666667,Party_habait_hayehudi,TRUE,2015,16780,גיתית,GITTIT,1,יהודי,380,200,170,200,10,30,130,10,0.144238863180105,2634.51882261101,0.0263157894736842,20
3614,מכורה,מכורה,106.15941276454603,0,NA,NA,no_red_alert,2006,0.0263157894736842,Party_habait_hayehudi,FALSE,2006,16798,מכורה,MEKHORA,1,NA,114,NA,NA,NA,NA,NA,NA,NA,0.121899921291921,935.193384801272,NA,9
3614,מכורה,מכורה,106.15941276454603,0,NA,NA,no_red_alert,2009,0.0138888888888889,Party_habait_hayehudi,FALSE,2009,16804,מכורה,MEKHORA,1,NA,121,NA,NA,NA,NA,NA,NA,NA,0.121899921291921,992.617540008368,NA,9
3614,מכורה,מכורה,106.15941276454603,0,NA,NA,no_red_alert,2013,0.0533333333333333,Party_habait_hayehudi,FALSE,2013,16797,מכורה,MEKHORA,1,יהודי,130,70,60,40,10,10,60,10,0.121899921291921,1066.44859670321,0.0769230769230769,12.5
3614,מכורה,מכורה,106.15941276454603,0,NA,NA,no_red_alert,2015,0.148148148148148,Party_habait_hayehudi,TRUE,2015,16799,מכורה,MEKHORA,1,יהודי,140,80,70,50,10,10,60,10,0.121899921291921,1148.48310414191,0.0714285714285714,13
3615,פצאל,פצאל,99.40094149757049,0,NA,NA,no_red_alert,2006,0.0684931506849315,Party_habait_hayehudi,FALSE,2006,16815,פצאל,PEZA'EL,1,NA,214,NA,NA,NA,NA,NA,NA,NA,0.194473794362942,1100.40533070803,NA,29
3615,פצאל,פצאל,99.40094149757049,0,NA,NA,no_red_alert,2009,0.0342465753424658,Party_habait_hayehudi,FALSE,2009,16811,פצאל,PEZA'EL,1,NA,205,NA,NA,NA,NA,NA,NA,NA,0.194473794362942,1054.12660184648,NA,23.6666666666667
3615,פצאל,פצאל,99.40094149757049,0,NA,NA,no_red_alert,2013,0.140127388535032,Party_habait_hayehudi,FALSE,2013,16817,פצאל,PEZA'EL,1,יהודי,220,130,100,40,0,40,110,20,0.194473794362942,1131.25781661574,0.0909090909090909,25
3615,פצאל,פצאל,99.40094149757049,0,NA,NA,no_red_alert,2015,0.215909090909091,Party_habait_hayehudi,TRUE,2015,16808,פצאל,PEZA'EL,1,יהודי,250,140,110,70,0,40,110,30,0.194473794362942,1285.52024615425,0.12,23
3617,עופרה,עופרה,79.81042874172581,1,208,4,temporal_distance > 149,2006,0.827524575513852,Party_habait_hayehudi,FALSE,2006,16845,עפרה,OFRA,1,NA,2531,NA,NA,NA,NA,NA,NA,NA,0.106180000266873,23836.8807085947,NA,57
3617,עופרה,עופרה,79.81042874172581,1,208,4,temporal_distance > 149,2009,0.684596577017115,Party_habait_hayehudi,FALSE,2009,16843,עפרה,OFRA,1,NA,3177,NA,NA,NA,NA,NA,NA,NA,0.106180000266873,29920.8889811164,NA,53.3333333333333
3617,עופרה,עופרה,79.81042874172581,1,208,4,temporal_distance > 149,2013,0.739590684544813,Party_habait_hayehudi,FALSE,2013,16851,עפרה,OFRA,1,יהודי,3550,1410,2140,1310,760,440,950,100,0.106180000266873,33433.7915904825,0.028169014084507,59
3617,עופרה,עופרה,79.81042874172581,1,208,4,temporal_distance > 149,2015,0.710615280594997,Party_habait_hayehudi,TRUE,2015,16850,עפרה,OFRA,1,יהודי,3190,1440,1750,1280,330,500,950,120,0.106180000266873,30043.3225841238,0.0376175548589342,55
3619,רועי,רועי,116.879832838521,0,NA,NA,no_red_alert,2006,0.323529411764706,Party_habait_hayehudi,FALSE,2006,16871,רועי,RO'I,1,NA,128,NA,NA,NA,NA,NA,NA,NA,0.177462849279088,721.277723872787,NA,15
3619,רועי,רועי,116.879832838521,0,NA,NA,no_red_alert,2009,0.323076923076923,Party_habait_hayehudi,FALSE,2009,16873,רועי,RO'I,1,NA,150,NA,NA,NA,NA,NA,NA,NA,0.177462849279088,845.247332663423,NA,25
3619,רועי,רועי,116.879832838521,0,NA,NA,no_red_alert,2013,0.302158273381295,Party_habait_hayehudi,FALSE,2013,16875,רועי,RO'I,1,יהודי,150,80,70,30,10,20,70,10,0.177462849279088,845.247332663423,0.0666666666666667,15.6666666666667
3619,רועי,רועי,116.879832838521,0,NA,NA,no_red_alert,2015,0.350649350649351,Party_habait_hayehudi,TRUE,2015,16870,רועי,RO'I,1,יהודי,160,90,80,40,10,20,80,20,0.177462849279088,901.597154840984,0.125,21.6666666666667
3620,נירן,נירן,95.93934658476375,0,NA,NA,no_red_alert,2006,0,Party_habait_hayehudi,FALSE,2006,16891,נירן,NIRAN,1,NA,52,NA,NA,NA,NA,NA,NA,NA,0.224898525774904,231.215388454994,NA,18.5
3620,נירן,נירן,95.93934658476375,0,NA,NA,no_red_alert,2009,0,Party_habait_hayehudi,FALSE,2009,16884,נירן,NIRAN,1,NA,54,NA,NA,NA,NA,NA,NA,NA,0.224898525774904,240.108288010956,NA,18
3620,נירן,נירן,95.93934658476375,0,NA,NA,no_red_alert,2013,0,Party_habait_hayehudi,FALSE,2013,16894,נירן,NIRAN,1,יהודי,70,40,30,10,0,20,30,0,0.224898525774904,311.251484458646,0,24
3620,נירן,נירן,95.93934658476375,0,NA,NA,no_red_alert,2015,0,Party_habait_hayehudi,TRUE,2015,16890,נירן,NIRAN,1,יהודי,90,50,40,20,0,20,40,0,0.224898525774904,400.18048001826,0,26
3637,מעלה שומרון,מעלהשומרון,83.90346843796318,0,NA,NA,no_red_alert,2006,0.228758169934641,Party_habait_hayehudi,FALSE,2006,16902,מעלה שומרון,MA'ALE SHOMERON,1,NA,570,NA,NA,NA,NA,NA,NA,NA,0.116970322239799,4873.030945674,NA,44
3637,מעלה שומרון,מעלהשומרון,83.90346843796318,0,NA,NA,no_red_alert,2009,0.232558139534884,Party_habait_hayehudi,FALSE,2009,16908,מעלה שומרון,MA'ALE SHOMERON,1,NA,787,NA,NA,NA,NA,NA,NA,NA,0.116970322239799,6728.20237586919,NA,49
3637,מעלה שומרון,מעלהשומרון,83.90346843796318,0,NA,NA,no_red_alert,2013,0.302564102564103,Party_habait_hayehudi,FALSE,2013,16909,מעלה שומרון,MA'ALE SHOMERON,1,יהודי,940,480,450,360,50,120,360,50,0.116970322239799,8036.22647181326,0.0531914893617021,50.3333333333333
3637,מעלה שומרון,מעלהשומרון,83.90346843796318,0,NA,NA,no_red_alert,2015,0.368763557483731,Party_habait_hayehudi,TRUE,2015,16906,מעלה שומרון,MA'ALE SHOMERON,1,יהודי,1020,520,500,400,40,130,380,60,0.116970322239799,8720.16063962716,0.0588235294117647,49
3638,כפר אדומים,כפראדומים,78.95345527203482,0,NA,NA,no_red_alert,2006,0.521052631578947,Party_habait_hayehudi,FALSE,2006,16911,כפר אדומים,KEFAR ADUMMIM,1,NA,2312,NA,NA,NA,NA,NA,NA,NA,0.131829115932319,17537.8556068522,NA,50
3638,כפר אדומים,כפראדומים,78.95345527203482,0,NA,NA,no_red_alert,2009,0.414201183431953,Party_habait_hayehudi,FALSE,2009,16921,כפר אדומים,KEFAR ADUMMIM,1,NA,3093,NA,NA,NA,NA,NA,NA,NA,0.131829115932319,23462.1917785441,NA,45.6666666666667
3638,כפר אדומים,כפראדומים,78.95345527203482,0,NA,NA,no_red_alert,2013,0.40255376344086,Party_habait_hayehudi,FALSE,2013,16922,כפר אדומים,KEFAR ADUMMIM,1,יהודי,3720,1920,1800,1580,310,400,1350,80,0.131829115932319,28218.3489868038,0.021505376344086,62
3638,כפר אדומים,כפראדומים,78.95345527203482,0,NA,NA,no_red_alert,2015,0.357525282569899,Party_habait_hayehudi,TRUE,2015,16914,כפר אדומים,KEFAR ADUMMIM,1,יהודי,4150,2090,2060,1700,410,460,1470,110,0.131829115932319,31480.1473911924,0.0265060240963855,55
3639,ורד יריחו,ורדיריחו,87.67503884215952,0,NA,NA,no_red_alert,2006,0.0967741935483871,Party_habait_hayehudi,FALSE,2006,16928,ורד יריחו,WERED YERIHO,1,NA,180,NA,NA,NA,NA,NA,NA,NA,0.169434357799679,1062.35832175675,NA,35.6666666666667
3639,ורד יריחו,ורדיריחו,87.67503884215952,0,NA,NA,no_red_alert,2009,0.0825688073394495,Party_habait_hayehudi,FALSE,2009,16939,ורד יריחו,WERED YERIHO,1,NA,194,NA,NA,NA,NA,NA,NA,NA,0.169434357799679,1144.98619122672,NA,45.6666666666667
3639,ורד יריחו,ורדיריחו,87.67503884215952,0,NA,NA,no_red_alert,2013,0.273381294964029,Party_habait_hayehudi,FALSE,2013,16933,ורד יריחו,WERED YERIHO,1,יהודי,220,110,110,70,10,30,100,10,0.169434357799679,1298.43794881381,0.0454545454545455,49.6666666666667
3639,ורד יריחו,ורדיריחו,87.67503884215952,0,NA,NA,no_red_alert,2015,0.17037037037037,Party_habait_hayehudi,TRUE,2015,16932,ורד יריחו,WERED YERIHO,1,יהודי,240,120,120,80,20,20,100,10,0.169434357799679,1416.47776234234,0.0416666666666667,47
3640,קרני שומרון,קרנישומרון,83.74648402297059,0,NA,NA,no_red_alert,2006,0.520387700534759,Party_habait_hayehudi,FALSE,2006,16949,קרני שומרון,QARNE SHOMERON,1,NA,6333,NA,NA,NA,NA,NA,NA,NA,7.19756291616176,879.881158909993,NA,49.5
3640,קרני שומרון,קרנישומרון,83.74648402297059,0,NA,NA,no_red_alert,2009,0.426743831861103,Party_habait_hayehudi,FALSE,2009,16950,קרני שומרון,QARNE SHOMERON,1,NA,6207,NA,NA,NA,NA,NA,NA,NA,7.19756291616176,862.375233436654,NA,48.7272727272727
3640,קרני שומרון,קרנישומרון,83.74648402297059,0,NA,NA,no_red_alert,2013,0.431406384814495,Party_habait_hayehudi,FALSE,2013,16953,קרני שומרון,QARNE SHOMERON,1,יהודי,6560,3430,3130,1860,600,1460,2260,380,7.19756291616176,911.419611945296,0.0579268292682927,57.25
3640,קרני שומרון,קרנישומרון,83.74648402297059,0,NA,NA,no_red_alert,2015,0.459311851447297,Party_habait_hayehudi,TRUE,2015,16941,קרני שומרון,QARNE SHOMERON,1,יהודי,6910,3590,3310,2020,650,1380,2380,470,7.19756291616176,960.047182704572,0.0680173661360347,52.25
3641,שילה,שילה,88.55567929195131,0,NA,NA,no_red_alert,2006,0.769704433497537,Party_habait_hayehudi,FALSE,2006,16956,שילה,SHILO,1,NA,2068,NA,NA,NA,NA,NA,NA,NA,0.164786767216773,12549.5513682819,NA,43
3641,שילה,שילה,88.55567929195131,0,NA,NA,no_red_alert,2009,0.803493449781659,Party_habait_hayehudi,FALSE,2009,16963,שילה,SHILO,1,NA,2002,NA,NA,NA,NA,NA,NA,NA,0.164786767216773,12149.0337714218,NA,40
3641,שילה,שילה,88.55567929195131,0,NA,NA,no_red_alert,2013,0.602103418054338,Party_habait_hayehudi,FALSE,2013,16967,שילה,SHILO,1,יהודי,2950,1510,1440,1470,120,580,730,40,0.164786767216773,17901.9228899573,0.0135593220338983,53.6666666666667
3641,שילה,שילה,88.55567929195131,0,NA,NA,no_red_alert,2015,0.581359816653934,Party_habait_hayehudi,TRUE,2015,16958,שילה,SHILO,1,יהודי,3380,1710,1670,1740,140,590,840,70,0.164786767216773,20511.3557179849,0.0207100591715976,50.6666666666667
3643,חיננית,חיננית,117.29052647494284,0,NA,NA,no_red_alert,2006,0.473498233215548,Party_habait_hayehudi,FALSE,2006,16971,חיננית,HINNANIT,1,NA,779,NA,NA,NA,NA,NA,NA,NA,0.640554692421747,1216.13346872042,NA,31
3643,חיננית,חיננית,117.29052647494284,0,NA,NA,no_red_alert,2009,0.413793103448276,Party_habait_hayehudi,FALSE,2009,16979,חיננית,HINNANIT,1,NA,766,NA,NA,NA,NA,NA,NA,NA,0.640554692421747,1195.83855845936,NA,38
3643,חיננית,חיננית,117.29052647494284,0,NA,NA,no_red_alert,2013,0.37855579868709,Party_habait_hayehudi,FALSE,2013,16973,חיננית,HINNANIT,1,יהודי,980,510,470,430,70,100,360,20,0.640554692421747,1529.92400429526,0.0204081632653061,43
3643,חיננית,חיננית,117.29052647494284,0,NA,NA,no_red_alert,2015,0.436254980079681,Party_habait_hayehudi,TRUE,2015,16984,חיננית,HINNANIT,1,יהודי,1090,570,520,480,70,120,400,20,0.640554692421747,1701.65016804269,0.018348623853211,41
3645,בית הערבה,ביתהערבה,92.68414144208664,0,NA,NA,no_red_alert,2006,0.0256410256410256,Party_habait_hayehudi,FALSE,2006,17004,בית הערבה,BET HAARAVA,1,NA,87,NA,NA,NA,NA,NA,NA,NA,0.141124289203551,616.477861401417,NA,20
3645,בית הערבה,ביתהערבה,92.68414144208664,0,NA,NA,no_red_alert,2009,0.0277777777777778,Party_habait_hayehudi,FALSE,2009,17014,בית הערבה,BET HAARAVA,1,NA,95,NA,NA,NA,NA,NA,NA,NA,0.141124289203551,673.165480840628,NA,25
3645,בית הערבה,ביתהערבה,92.68414144208664,0,NA,NA,no_red_alert,2013,0.177777777777778,Party_habait_hayehudi,FALSE,2013,17011,בית הערבה,BET HAARAVA,1,יהודי,130,60,70,70,0,10,50,0,0.141124289203551,921.173815887175,0,26
3645,בית הערבה,ביתהערבה,92.68414144208664,0,NA,NA,no_red_alert,2015,0.156862745098039,Party_habait_hayehudi,TRUE,2015,17009,בית הערבה,BET HAARAVA,1,יהודי,160,80,80,80,10,0,70,0,0.141124289203551,1133.75238878422,0,32.5
3647,יקיר,יקיר,85.02834230020092,0,NA,NA,no_red_alert,2006,0.760824742268041,Party_habait_hayehudi,FALSE,2006,17043,יקיר,YAQIR,1,NA,1025,NA,NA,NA,NA,NA,NA,NA,0.133974301640029,7650.72097747547,NA,42.3333333333333
3647,יקיר,יקיר,85.02834230020092,0,NA,NA,no_red_alert,2009,0.691148775894539,Party_habait_hayehudi,FALSE,2009,17033,יקיר,YAQIR,1,NA,1204,NA,NA,NA,NA,NA,NA,NA,0.133974301640029,8986.79810427363,NA,41.3333333333333
3647,יקיר,יקיר,85.02834230020092,0,NA,NA,no_red_alert,2013,0.686197916666667,Party_habait_hayehudi,FALSE,2013,17035,יקיר,YAQIR,1,יהודי,1720,850,860,790,120,230,530,40,0.133974301640029,12838.2830061052,0.0232558139534884,52
3647,יקיר,יקיר,85.02834230020092,0,NA,NA,no_red_alert,2015,0.645631067961165,Party_habait_hayehudi,TRUE,2015,17039,יקיר,YAQIR,1,יהודי,1860,930,940,870,140,200,610,50,0.133974301640029,13883.2595298579,0.0268817204301075,51.6666666666667
3649,שקד,שקד,116.22245577276564,0,NA,NA,no_red_alert,2006,0.132530120481928,Party_habait_hayehudi,FALSE,2006,17064,שקד,SHAQED,1,NA,536,NA,NA,NA,NA,NA,NA,NA,0.510374679415985,1050.20883993175,NA,33
3649,שקד,שקד,116.22245577276564,0,NA,NA,no_red_alert,2009,0.0827586206896552,Party_habait_hayehudi,FALSE,2009,17075,שקד,SHAQED,1,NA,613,NA,NA,NA,NA,NA,NA,NA,0.510374679415985,1201.07839342941,NA,39
3649,שקד,שקד,116.22245577276564,0,NA,NA,no_red_alert,2013,0.142857142857143,Party_habait_hayehudi,FALSE,2013,17061,שקד,SHAQED,1,יהודי,740,390,360,220,60,100,330,30,0.510374679415985,1449.91518945801,0.0405405405405405,49
3649,שקד,שקד,116.22245577276564,0,NA,NA,no_red_alert,2015,0.207594936708861,Party_habait_hayehudi,TRUE,2015,17066,שקד,SHAQED,1,יהודי,850,430,420,280,70,100,360,50,0.510374679415985,1665.4431230261,0.0588235294117647,44
3651,מעלה מכמש,מעלהמכמש,79.0884450859718,0,NA,NA,no_red_alert,2006,0.712380952380952,Party_habait_hayehudi,FALSE,2006,17100,מעלה מכמש,MA'ALE MIKHMAS,1,NA,1184,NA,NA,NA,NA,NA,NA,NA,0.142814904096402,8290.45124870709,NA,32.3333333333333
3651,מעלה מכמש,מעלהמכמש,79.0884450859718,0,NA,NA,no_red_alert,2009,0.651663405088063,Party_habait_hayehudi,FALSE,2009,17102,מעלה מכמש,MA'ALE MIKHMAS,1,NA,1076,NA,NA,NA,NA,NA,NA,NA,0.142814904096402,7534.22765507503,NA,32
3651,מעלה מכמש,מעלהמכמש,79.0884450859718,0,NA,NA,no_red_alert,2013,0.621753246753247,Party_habait_hayehudi,FALSE,2013,17097,מעלה מכמש,MA'ALE MIKHMAS,1,יהודי,1290,680,610,650,60,140,410,20,0.142814904096402,9032.67070171634,0.0155038759689922,35
3651,מעלה מכמש,מעלהמכמש,79.0884450859718,0,NA,NA,no_red_alert,2015,0.574155653450808,Party_habait_hayehudi,TRUE,2015,17101,מעלה מכמש,MA'ALE MIKHMAS,1,יהודי,1350,690,670,640,90,160,440,30,0.142814904096402,9452.79492040082,0.0222222222222222,37
3654,ברקן,ברקן,81.0012351048294,0,NA,NA,no_red_alert,2006,0.0966666666666667,Party_habait_hayehudi,FALSE,2006,17147,ברקן,BARQAN,1,NA,1257,NA,NA,NA,NA,NA,NA,NA,0.0107168962728769,117291.421694667,NA,57
3654,ברקן,ברקן,81.0012351048294,0,NA,NA,no_red_alert,2009,0.060781476121563,Party_habait_hayehudi,FALSE,2009,17140,ברקן,BARQAN,1,NA,1357,NA,NA,NA,NA,NA,NA,NA,0.0107168962728769,126622.481495356,NA,54
3654,ברקן,ברקן,81.0012351048294,0,NA,NA,no_red_alert,2013,0.198221092757306,Party_habait_hayehudi,FALSE,2013,17139,ברקן,BARQAN,1,יהודי,1540,780,750,460,110,170,690,90,0.0107168962728769,143698.320930618,0.0584415584415584,63
3654,ברקן,ברקן,81.0012351048294,0,NA,NA,no_red_alert,2015,0.199776785714286,Party_habait_hayehudi,TRUE,2015,17138,ברקן,BARQAN,1,יהודי,1740,880,860,540,130,190,770,120,0.0107168962728769,162360.440531997,0.0689655172413793,59
3658,עטרת,עטרת,76.83295939865731,1,208,2,temporal_distance > 149,2006,0.8,Party_habait_hayehudi,FALSE,2006,17207,עטרת,ATERET,1,NA,406,NA,NA,NA,NA,NA,NA,NA,0.00126570088371732,320770.890834486,NA,23
3658,עטרת,עטרת,76.83295939865731,1,208,2,temporal_distance > 149,2009,0.829145728643216,Party_habait_hayehudi,FALSE,2009,17204,עטרת,ATERET,1,NA,761,NA,NA,NA,NA,NA,NA,NA,0.00126570088371732,601247.901293212,NA,25
3658,עטרת,עטרת,76.83295939865731,1,208,2,temporal_distance > 149,2013,0.685446009389671,Party_habait_hayehudi,FALSE,2013,17200,עטרת,ATERET,1,יהודי,800,470,340,360,150,80,200,0,0.00126570088371732,632060.868639382,0,37
3658,עטרת,עטרת,76.83295939865731,1,208,2,temporal_distance > 149,2015,0.733606557377049,Party_habait_hayehudi,TRUE,2015,17199,עטרת,ATERET,1,יהודי,890,520,380,410,150,90,240,0,0.00126570088371732,703167.716361312,0,37
3660,עמנואל,עמנואל,85.7249349319036,0,NA,NA,no_red_alert,2006,0.0661764705882353,Party_habait_hayehudi,FALSE,2006,17238,עמנואל,IMMANU'EL,1,NA,2678,NA,NA,NA,NA,NA,NA,NA,4.87535003615156,549.293892775322,NA,29.7142857142857
3660,עמנואל,עמנואל,85.7249349319036,0,NA,NA,no_red_alert,2009,0.190909090909091,Party_habait_hayehudi,FALSE,2009,17229,עמנואל,IMMANU'EL,1,NA,2895,NA,NA,NA,NA,NA,NA,NA,4.87535003615156,593.803517395279,NA,31.1428571428571
3660,עמנואל,עמנואל,85.7249349319036,0,NA,NA,no_red_alert,2013,0.05,Party_habait_hayehudi,FALSE,2013,17239,עמנואל,IMMANU'EL,1,יהודי,3120,1570,1540,1460,230,470,850,110,4.87535003615156,639.954049835327,0.0352564102564103,33.2857142857143
3660,עמנואל,עמנואל,85.7249349319036,0,NA,NA,no_red_alert,2015,0.0463768115942029,Party_habait_hayehudi,TRUE,2015,17237,עמנואל,IMMANU'EL,1,יהודי,3250,1630,1620,1530,250,500,870,110,4.87535003615156,666.618801911799,0.0338461538461538,41.5714285714286
3710,ברכה,ברכה,97.52863744031512,0,NA,NA,no_red_alert,2006,0.594420600858369,Party_habait_hayehudi,FALSE,2006,17259,ברכה,BERAKHA,1,NA,1182,NA,NA,NA,NA,NA,NA,NA,0.168741564285859,7004.79461004412,NA,52
3710,ברכה,ברכה,97.52863744031512,0,NA,NA,no_red_alert,2009,0.683274021352313,Party_habait_hayehudi,FALSE,2009,17268,ברכה,BERAKHA,1,NA,1531,NA,NA,NA,NA,NA,NA,NA,0.168741564285859,9073.04614888117,NA,54.3333333333333
3710,ברכה,ברכה,97.52863744031512,0,NA,NA,no_red_alert,2013,0.271954674220963,Party_habait_hayehudi,FALSE,2013,17265,ברכה,BERAKHA,1,יהודי,2050,1080,960,1050,80,420,450,50,0.168741564285859,12148.7554573523,0.024390243902439,62
3710,ברכה,ברכה,97.52863744031512,0,NA,NA,no_red_alert,2015,0.275735294117647,Party_habait_hayehudi,TRUE,2015,17267,ברכה,BERAKHA,1,יהודי,2270,1190,1080,1200,90,400,530,50,0.168741564285859,13452.5243357023,0.0220264317180617,60
3712,ענב,ענב,97.58929692237484,0,NA,NA,no_red_alert,2006,0.522727272727273,Party_habait_hayehudi,FALSE,2006,17281,ענב,ENAV,1,NA,571,NA,NA,NA,NA,NA,NA,NA,0.121012289011167,4718.52904085887,NA,23.5
3712,ענב,ענב,97.58929692237484,0,NA,NA,no_red_alert,2009,0.577617328519856,Party_habait_hayehudi,FALSE,2009,17280,ענב,ENAV,1,NA,565,NA,NA,NA,NA,NA,NA,NA,0.121012289011167,4668.94729962392,NA,34
3712,ענב,ענב,97.58929692237484,0,NA,NA,no_red_alert,2013,0.539106145251397,Party_habait_hayehudi,FALSE,2013,17282,ענב,ENAV,1,יהודי,680,340,340,280,40,130,210,20,0.121012289011167,5619.26400662702,0.0294117647058824,38.5
3712,ענב,ענב,97.58929692237484,0,NA,NA,no_red_alert,2015,0.509803921568627,Party_habait_hayehudi,TRUE,2015,17285,ענב,ENAV,1,יהודי,710,360,350,300,50,100,230,30,0.121012289011167,5867.17271280175,0.0422535211267606,43
3713,"נעמ""ה",נעמה,93.97699897274325,0,NA,NA,no_red_alert,2006,NA,Party_habait_hayehudi,FALSE,2006,17289,נעמי,NO'OMI,1,NA,129,NA,NA,NA,NA,NA,NA,NA,0.119998216338219,1075.0159788743,NA,21
3713,"נעמ""ה",נעמה,93.97699897274325,0,NA,NA,no_red_alert,2009,0.0163934426229508,Party_habait_hayehudi,FALSE,2009,17295,"נעמ""ה",NA'AMA,1,NA,102,NA,NA,NA,NA,NA,NA,NA,0.119998216338219,850.012634458748,NA,18
3713,"נעמ""ה",נעמה,93.97699897274325,0,NA,NA,no_red_alert,2013,0.0789473684210526,Party_habait_hayehudi,FALSE,2013,17300,"נעמ""ה",NA'AMA,1,יהודי,100,50,50,10,10,30,50,0,0.119998216338219,833.345720057596,0,34
3713,"נעמ""ה",נעמה,93.97699897274325,0,NA,NA,no_red_alert,2015,0.0779220779220779,Party_habait_hayehudi,TRUE,2015,17299,"נעמ""ה",NA'AMA,1,יהודי,120,60,60,20,0,40,60,0,0.119998216338219,1000.01486406912,0,27
3715,עלמון,עלמון,75.59275239048279,0,NA,NA,no_red_alert,2006,0.147239263803681,Party_habait_hayehudi,FALSE,2006,17305,עלמון,ALMON,1,NA,808,NA,NA,NA,NA,NA,NA,NA,0.174926954565863,4619.07086878241,NA,54
3715,עלמון,עלמון,75.59275239048279,0,NA,NA,no_red_alert,2009,0.06265664160401,Party_habait_hayehudi,FALSE,2009,17311,עלמון,ALMON,1,NA,826,NA,NA,NA,NA,NA,NA,NA,0.174926954565863,4721.9709623939,NA,49
3715,עלמון,עלמון,75.59275239048279,0,NA,NA,no_red_alert,2013,0.163763066202091,Party_habait_hayehudi,FALSE,2013,17302,עלמון,ALMON,1,יהודי,1190,580,610,400,110,150,490,40,0.174926954565863,6802.8395220929,0.0336134453781513,60.3333333333333
3715,עלמון,עלמון,75.59275239048279,0,NA,NA,no_red_alert,2015,0.1578125,Party_habait_hayehudi,TRUE,2015,17314,עלמון,ALMON,1,יהודי,1290,640,650,430,120,180,510,60,0.174926954565863,7374.5067088234,0.0465116279069767,55.6666666666667
3717,חרמש,חרמש,109.1461987431246,0,NA,NA,no_red_alert,2006,0.0704225352112676,Party_habait_hayehudi,FALSE,2006,17325,חרמש,HERMESH,1,NA,202,NA,NA,NA,NA,NA,NA,NA,0.267038051375884,756.446502508603,NA,14.6666666666667
3717,חרמש,חרמש,109.1461987431246,0,NA,NA,no_red_alert,2009,0.104651162790698,Party_habait_hayehudi,FALSE,2009,17322,חרמש,HERMESH,1,NA,177,NA,NA,NA,NA,NA,NA,NA,0.267038051375884,662.826885861498,NA,19
3717,חרמש,חרמש,109.1461987431246,0,NA,NA,no_red_alert,2013,0.168316831683168,Party_habait_hayehudi,FALSE,2013,17324,חרמש,HERMESH,1,יהודי,190,100,90,50,20,20,90,20,0.267038051375884,711.509086517993,0.105263157894737,17
3717,חרמש,חרמש,109.1461987431246,0,NA,NA,no_red_alert,2015,0.107438016528926,Party_habait_hayehudi,TRUE,2015,17328,חרמש,HERMESH,1,יהודי,220,110,110,60,20,30,100,20,0.267038051375884,823.852626494518,0.0909090909090909,24.6666666666667
3720,שערי תקווה,שעריתקווה,77.40825556994554,0,NA,NA,no_red_alert,2006,0.290929203539823,Party_habait_hayehudi,FALSE,2006,17354,שערי תקווה,SHA'ARE TIQWA,1,NA,3773,NA,NA,NA,NA,NA,NA,NA,0.0597977215828765,63096.0494836048,NA,60
3720,שערי תקווה,שעריתקווה,77.40825556994554,0,NA,NA,no_red_alert,2009,0.196831493038886,Party_habait_hayehudi,FALSE,2009,17356,שערי תקווה,SHA'ARE TIQWA,1,NA,4488,NA,NA,NA,NA,NA,NA,NA,0.0597977215828765,75053.0267909935,NA,54.5
3720,שערי תקווה,שעריתקווה,77.40825556994554,0,NA,NA,no_red_alert,2013,0.320206841686555,Party_habait_hayehudi,FALSE,2013,17346,שערי תקווה,SHA'ARE TIQWA,1,יהודי,5260,2620,2640,1610,410,660,2200,370,0.0597977215828765,87963.2176739362,0.0703422053231939,62
3720,שערי תקווה,שעריתקווה,77.40825556994554,0,NA,NA,no_red_alert,2015,0.286418015482055,Party_habait_hayehudi,TRUE,2015,17353,שערי תקווה,SHA'ARE TIQWA,1,יהודי,5640,2830,2810,1750,440,660,2350,440,0.0597977215828765,94317.9748442966,0.0780141843971631,59
3727,עלי זהב,עליזהב,75.53462345524844,0,NA,NA,no_red_alert,2006,0.425170068027211,Party_habait_hayehudi,FALSE,2006,17436,עלי זהב,ALE ZAHAV,1,NA,723,NA,NA,NA,NA,NA,NA,NA,0.00446751799634265,161834.826539454,NA,45
3727,עלי זהב,עליזהב,75.53462345524844,0,NA,NA,no_red_alert,2009,0.43283582089552203,Party_habait_hayehudi,FALSE,2009,17447,עלי זהב,ALE ZAHAV,1,NA,457,NA,NA,NA,NA,NA,NA,NA,0.00446751799634265,102293.936000733,NA,42
3727,עלי זהב,עליזהב,75.53462345524844,0,NA,NA,no_red_alert,2013,0.39568345323741,Party_habait_hayehudi,FALSE,2013,17449,עלי זהב,ALE ZAHAV,1,יהודי,740,360,380,350,30,100,240,20,0.00446751799634265,165640.071423507,0.027027027027027,57
3727,עלי זהב,עליזהב,75.53462345524844,0,NA,NA,no_red_alert,2015,0.605660377358491,Party_habait_hayehudi,TRUE,2015,17445,עלי זהב,ALE ZAHAV,1,יהודי,1300,650,650,690,40,110,440,20,0.00446751799634265,290989.314662918,0.0153846153846154,52
3746,קרית נטפים,קריתנטפים,81.990714594768,0,NA,NA,no_red_alert,2006,0.511111111111111,Party_habait_hayehudi,FALSE,2006,17508,קריית נטפים,QIRYAT NETAFIM,1,NA,472,NA,NA,NA,NA,NA,NA,NA,0.00287080474468757,164413.828865734,NA,57
3746,קרית נטפים,קריתנטפים,81.990714594768,0,NA,NA,no_red_alert,2009,0.527777777777778,Party_habait_hayehudi,FALSE,2009,17515,קריית נטפים,QIRYAT NETAFIM,1,NA,633,NA,NA,NA,NA,NA,NA,NA,0.00287080474468757,220495.664559343,NA,52
3746,קרית נטפים,קריתנטפים,81.990714594768,0,NA,NA,no_red_alert,2013,0.550943396226415,Party_habait_hayehudi,FALSE,2013,17513,קריית נטפים,QIRYAT NETAFIM,1,יהודי,760,390,370,400,30,90,230,10,0.00287080474468757,264734.131224488,0.0131578947368421,63
3746,קרית נטפים,קריתנטפים,81.990714594768,0,NA,NA,no_red_alert,2015,0.568627450980392,Party_habait_hayehudi,TRUE,2015,17512,קריית נטפים,QIRYAT NETAFIM,1,יהודי,870,450,420,440,40,100,260,10,0.00287080474468757,303050.9133754,0.0114942528735632,58
3749,יצהר,יצהר,94.44039225735185,0,NA,NA,no_red_alert,2006,0.306034482758621,Party_habait_hayehudi,FALSE,2006,17553,יצהר,YIZHAR,1,NA,673,NA,NA,NA,NA,NA,NA,NA,0.145577224452376,4622.9758984048,NA,29.5
3749,יצהר,יצהר,94.44039225735185,0,NA,NA,no_red_alert,2009,0.8719723183391,Party_habait_hayehudi,FALSE,2009,17562,יצהר,YIZHAR,1,NA,893,NA,NA,NA,NA,NA,NA,NA,0.145577224452376,6134.20130352969,NA,31
3749,יצהר,יצהר,94.44039225735185,0,NA,NA,no_red_alert,2013,0.166666666666667,Party_habait_hayehudi,FALSE,2013,17559,יצהר,YIZHAR,1,יהודי,1220,640,580,740,30,230,210,10,0.145577224452376,8380.43179205624,0.00819672131147541,43
3749,יצהר,יצהר,94.44039225735185,0,NA,NA,no_red_alert,2015,0.200892857142857,Party_habait_hayehudi,TRUE,2015,17555,יצהר,YIZHAR,1,יהודי,1380,740,640,830,50,240,260,10,0.145577224452376,9479.50481396526,0.0072463768115942,41.5
3750,אלפי מנשה,אלפימנשה,76.99213127593997,1,227,3,temporal_distance > 149,2006,0.0623640319071791,Party_habait_hayehudi,FALSE,2006,17564,אלפי מנשה,ALFE MENASHE,1,NA,5826,NA,NA,NA,NA,NA,NA,NA,4.61703248436758,1261.84947143555,NA,50.3333333333333
3750,אלפי מנשה,אלפימנשה,76.99213127593997,1,227,3,temporal_distance > 149,2009,0.0333333333333333,Party_habait_hayehudi,FALSE,2009,17569,אלפי מנשה,ALFE MENASHE,1,NA,6708,NA,NA,NA,NA,NA,NA,NA,4.61703248436758,1452.88126577234,NA,56.1428571428571
3750,אלפי מנשה,אלפימנשה,76.99213127593997,1,227,3,temporal_distance > 149,2013,0.0945679012345679,Party_habait_hayehudi,FALSE,2013,17574,אלפי מנשה,ALFE MENASHE,1,יהודי,7580,3820,3760,2330,530,830,3500,390,4.61703248436758,1641.74716674931,0.0514511873350923,58.6666666666667
3750,אלפי מנשה,אלפימנשה,76.99213127593997,1,227,3,temporal_distance > 149,2015,0.0953504838329006,Party_habait_hayehudi,TRUE,2015,17568,אלפי מנשה,ALFE MENASHE,1,יהודי,7640,3820,3820,2270,610,820,3410,530,4.61703248436758,1654.74252690828,0.0693717277486911,56.1666666666667
3751,מגדלים,מגדלים,95.04148632670396,0,NA,NA,no_red_alert,2006,0.16,Party_habait_hayehudi,FALSE,2006,17580,מגדלים,MIGDALIM,1,NA,142,NA,NA,NA,NA,NA,NA,NA,0.162185564275927,875.540314786677,NA,21
3751,מגדלים,מגדלים,95.04148632670396,0,NA,NA,no_red_alert,2009,0.0784313725490196,Party_habait_hayehudi,FALSE,2009,17584,מגדלים,MIGDALIM,1,NA,136,NA,NA,NA,NA,NA,NA,NA,0.162185564275927,838.545653598507,NA,19
3751,מגדלים,מגדלים,95.04148632670396,0,NA,NA,no_red_alert,2013,0.223880597014925,Party_habait_hayehudi,FALSE,2013,17590,מגדלים,MIGDALIM,1,יהודי,150,90,60,40,10,30,70,0,0.162185564275927,924.866529704236,0,27
3751,מגדלים,מגדלים,95.04148632670396,0,NA,NA,no_red_alert,2015,0.365591397849462,Party_habait_hayehudi,TRUE,2015,17579,מגדלים,MIGDALIM,1,יהודי,270,160,110,100,10,70,90,10,0.162185564275927,1664.75975346762,0.037037037037037,31
3752,מעלה לבונה,מעלהלבונה,85.16492841950549,0,NA,NA,no_red_alert,2006,0.71875,Party_habait_hayehudi,FALSE,2006,17603,מעלה לבונה,MA'ALE LEVONA,1,NA,556,NA,NA,NA,NA,NA,NA,NA,0.100561792748781,5528.93882261005,NA,32.6666666666667
3752,מעלה לבונה,מעלהלבונה,85.16492841950549,0,NA,NA,no_red_alert,2009,0.71555555555555606,Party_habait_hayehudi,FALSE,2009,17605,מעלה לבונה,MA'ALE LEVONA,1,NA,713,NA,NA,NA,NA,NA,NA,NA,0.100561792748781,7090.16795057728,NA,35
3752,מעלה לבונה,מעלהלבונה,85.16492841950549,0,NA,NA,no_red_alert,2013,0.555555555555556,Party_habait_hayehudi,FALSE,2013,17606,מעלה לבונה,MA'ALE LEVONA,1,יהודי,730,300,440,240,200,120,150,20,0.100561792748781,7259.21823831895,0.0273972602739726,38
3752,מעלה לבונה,מעלהלבונה,85.16492841950549,0,NA,NA,no_red_alert,2015,0.474048442906574,Party_habait_hayehudi,TRUE,2015,17598,מעלה לבונה,MA'ALE LEVONA,1,יהודי,770,310,460,250,210,130,150,20,0.100561792748781,7656.98362124054,0.025974025974026,41
3762,איתמר,איתמר,98.74020381031222,0,NA,NA,no_red_alert,2006,0.712389380530973,Party_habait_hayehudi,FALSE,2006,17680,איתמר,ITAMAR,1,NA,698,NA,NA,NA,NA,NA,NA,NA,0.15211074303919,4588.76201676409,NA,21.5
3762,איתמר,איתמר,98.74020381031222,0,NA,NA,no_red_alert,2009,0.862453531598513,Party_habait_hayehudi,FALSE,2009,17682,איתמר,ITAMAR,1,NA,1032,NA,NA,NA,NA,NA,NA,NA,0.15211074303919,6784.53066088903,NA,28
3762,איתמר,איתמר,98.74020381031222,0,NA,NA,no_red_alert,2013,0.550143266475645,Party_habait_hayehudi,FALSE,2013,17668,איתמר,ITAMAR,1,יהודי,1030,610,410,490,90,220,220,10,0.15211074303919,6771.38234565475,0.00970873786407767,35
3762,איתמר,איתמר,98.74020381031222,0,NA,NA,no_red_alert,2015,0.447236180904523,Party_habait_hayehudi,TRUE,2015,17677,איתמר,ITAMAR,1,יהודי,1310,850,460,520,300,210,250,20,0.15211074303919,8612.1464784541,0.0152671755725191,45
3765,עלי,עלי,88.10917478550147,0,NA,NA,no_red_alert,2006,0.742971887550201,Party_habait_hayehudi,FALSE,2006,17713,עלי,ELI,1,NA,2530,NA,NA,NA,NA,NA,NA,NA,0.178307247676516,14188.9913784655,NA,54.3333333333333
3765,עלי,עלי,88.10917478550147,0,NA,NA,no_red_alert,2009,0.647058823529412,Party_habait_hayehudi,FALSE,2009,17718,עלי,ELI,1,NA,2921,NA,NA,NA,NA,NA,NA,NA,0.178307247676516,16381.835500592,NA,49
3765,עלי,עלי,88.10917478550147,0,NA,NA,no_red_alert,2013,0.712198685171658,Party_habait_hayehudi,FALSE,2013,17720,עלי,ELI,1,יהודי,3650,2010,1640,1650,240,820,840,100,0.178307247676516,20470.2840045056,0.0273972602739726,60.6666666666667
3765,עלי,עלי,88.10917478550147,0,NA,NA,no_red_alert,2015,0.498360655737705,Party_habait_hayehudi,TRUE,2015,17726,עלי,ELI,1,יהודי,4090,2240,1850,1800,330,900,950,110,0.178307247676516,22937.9346790213,0.0268948655256724,50
3778,עץ אפרים,עץאפרים,78.30348559784233,0,NA,NA,no_red_alert,2006,0.215686274509804,Party_habait_hayehudi,FALSE,2006,17821,עץ אפרים,EZ EFRAYIM,1,NA,679,NA,NA,NA,NA,NA,NA,NA,0.059797532266913,11354.9836299131,NA,51.5
3778,עץ אפרים,עץאפרים,78.30348559784233,0,NA,NA,no_red_alert,2009,0.214092140921409,Party_habait_hayehudi,FALSE,2009,17819,עץ אפרים,EZ EFRAYIM,1,NA,730,NA,NA,NA,NA,NA,NA,NA,0.059797532266913,12207.861634516299,NA,52
3778,עץ אפרים,עץאפרים,78.30348559784233,0,NA,NA,no_red_alert,2013,0.288702928870293,Party_habait_hayehudi,FALSE,2013,17818,עץ אפרים,EZ EFRAYIM,1,יהודי,1220,640,580,430,90,180,470,60,0.059797532266913,20402.1797179588,0.0491803278688525,60.5
3778,עץ אפרים,עץאפרים,78.30348559784233,0,NA,NA,no_red_alert,2015,0.354919053549191,Party_habait_hayehudi,TRUE,2015,17820,עץ אפרים,EZ EFRAYIM,1,יהודי,1820,920,900,730,120,220,680,80,0.059797532266913,30436.0385956435,0.043956043956044,57.5
3790,נופים,נופים,83.94409669063586,0,NA,NA,no_red_alert,2006,0.158163265306122,Party_habait_hayehudi,FALSE,2006,17970,נופים,NOFIM,1,NA,409,NA,NA,NA,NA,NA,NA,NA,0.131829079095667,3102.50213993525,NA,41.3333333333333
3790,נופים,נופים,83.94409669063586,0,NA,NA,no_red_alert,2009,0.139303482587065,Party_habait_hayehudi,FALSE,2009,17966,נופים,NOFIM,1,NA,409,NA,NA,NA,NA,NA,NA,NA,0.131829079095667,3102.50213993525,NA,42.3333333333333
3790,נופים,נופים,83.94409669063586,0,NA,NA,no_red_alert,2013,0.200787401574803,Party_habait_hayehudi,FALSE,2013,17972,נופים,NOFIM,1,יהודי,460,230,230,120,40,50,190,50,0.131829079095667,3489.36670995162,0.108695652173913,47.6666666666667
3790,נופים,נופים,83.94409669063586,0,NA,NA,no_red_alert,2015,0.262135922330097,Party_habait_hayehudi,TRUE,2015,17963,נופים,NOFIM,1,יהודי,640,320,320,230,30,80,250,60,0.131829079095667,4854.7710747153,0.09375,51.6666666666667
3791,צופים,צופים,82.5932612491398,0,NA,NA,no_red_alert,2006,0.418994413407821,Party_habait_hayehudi,FALSE,2006,17982,צופים,ZUFIM,1,NA,1082,NA,NA,NA,NA,NA,NA,NA,0.0597978141714258,18094.3068737959,NA,56.5
3791,צופים,צופים,82.5932612491398,0,NA,NA,no_red_alert,2009,0.374193548387097,Party_habait_hayehudi,FALSE,2009,17985,צופים,ZUFIM,1,NA,1127,NA,NA,NA,NA,NA,NA,NA,0.0597978141714258,18846.8427419297,NA,56
3791,צופים,צופים,82.5932612491398,0,NA,NA,no_red_alert,2013,0.402506963788301,Party_habait_hayehudi,FALSE,2013,17989,צופים,ZUFIM,1,יהודי,1620,780,840,590,130,210,650,40,0.0597978141714258,27091.2912528183,0.0246913580246914,63
3791,צופים,צופים,82.5932612491398,0,NA,NA,no_red_alert,2015,0.419284940411701,Party_habait_hayehudi,TRUE,2015,17978,צופים,ZUFIM,1,יהודי,1980,960,1020,760,150,230,790,60,0.0597978141714258,33111.578197889,0.0303030303030303,57.5
3793,אבני חפץ,אבניחפץ,94.24588048615358,0,NA,NA,no_red_alert,2006,0.628342245989305,Party_habait_hayehudi,FALSE,2006,18005,אבני חפץ,AVNE HEFEZ,1,NA,1247,NA,NA,NA,NA,NA,NA,NA,0.181028279355343,6888.42651789362,NA,24
3793,אבני חפץ,אבניחפץ,94.24588048615358,0,NA,NA,no_red_alert,2009,0.702031602708804,Party_habait_hayehudi,FALSE,2009,17993,אבני חפץ,AVNE HEFEZ,1,NA,1409,NA,NA,NA,NA,NA,NA,NA,0.181028279355343,7783.3143253505305,NA,28
3793,אבני חפץ,אבניחפץ,94.24588048615358,0,NA,NA,no_red_alert,2013,0.609375,Party_habait_hayehudi,FALSE,2013,18000,אבני חפץ,AVNE HEFEZ,1,יהודי,1680,850,830,850,110,190,510,20,0.181028279355343,9280.31800325684,0.0119047619047619,31
3793,אבני חפץ,אבניחפץ,94.24588048615358,0,NA,NA,no_red_alert,2015,0.530695770804911,Party_habait_hayehudi,TRUE,2015,18003,אבני חפץ,AVNE HEFEZ,1,יהודי,1710,850,860,810,140,220,530,20,0.181028279355343,9446.03796760071,0.0116959064327485,37.6666666666667
3795,רבבה,רבבה,82.96730957936757,0,NA,NA,no_red_alert,2006,0.866906474820144,Party_habait_hayehudi,FALSE,2006,18033,רבבה,REVAVA,1,NA,909,NA,NA,NA,NA,NA,NA,NA,0.00220715228780668,411842.900474849,NA,55
3795,רבבה,רבבה,82.96730957936757,0,NA,NA,no_red_alert,2009,0.853994490358127,Party_habait_hayehudi,FALSE,2009,18029,רבבה,REVAVA,1,NA,1110,NA,NA,NA,NA,NA,NA,NA,0.00220715228780668,502910.472527043,NA,52.5
3795,רבבה,רבבה,82.96730957936757,0,NA,NA,no_red_alert,2013,0.795180722891566,Party_habait_hayehudi,FALSE,2013,18023,רבבה,REVAVA,1,יהודי,1680,850,830,980,100,160,440,10,0.00220715228780668,761161.796257146,0.00595238095238095,63
3795,רבבה,רבבה,82.96730957936757,0,NA,NA,no_red_alert,2015,0.763636363636364,Party_habait_hayehudi,TRUE,2015,18028,רבבה,REVAVA,1,יהודי,1970,980,990,1150,110,160,540,10,0.00220715228780668,892552.820611059,0.0050761421319797,57
4000,חיפה,חיפה,137.47541041673486,0,NA,NA,no_red_alert,2006,0.0427420085121797,Party_habait_hayehudi,FALSE,2006,18106,חיפה,HAIFA,4,NA,266280,NA,NA,NA,NA,NA,NA,NA,64.5543004703389,4124.89947315514,NA,60.6521739130435
4000,חיפה,חיפה,137.47541041673486,0,NA,NA,no_red_alert,2009,0.0415410882636775,Party_habait_hayehudi,FALSE,2009,18096,חיפה,HAIFA,4,NA,266274,NA,NA,NA,NA,NA,NA,NA,64.5543004703389,4124.80652814674,NA,58.8988764044944
4000,חיפה,חיפה,137.47541041673486,0,NA,NA,no_red_alert,2013,0.0639481067428227,Party_habait_hayehudi,FALSE,2013,18103,חיפה,HAIFA,4,מעורב,273180,131260,141990,52050,15160,39320,113640,52940,64.5543004703389,4231.78623282455,0.193791639212241,62.6630434782609
4000,חיפה,חיפה,137.47541041673486,0,NA,NA,no_red_alert,2015,0.0537041989836855,Party_habait_hayehudi,TRUE,2015,18104,חיפה,HAIFA,4,מעורב,278880,134050,144960,54630,15390,39160,114700,55240,64.5543004703389,4320.08399081233,0.198078026391279,62.9782608695652
6000,באקה אל-גרביה,באקהאלגרביה,103.5157296030792,0,NA,NA,no_red_alert,2006,NA,Party_habait_hayehudi,FALSE,2006,18981,באקה-ג'ת*,BAQA -JATT,2,NA,31664,NA,NA,NA,NA,NA,NA,NA,9.5021134593176,3332.31129427852,NA,58.8461538461538
6000,באקה אל-גרביה,באקהאלגרביה,103.5157296030792,0,NA,NA,no_red_alert,2009,0.00157068062827225,Party_habait_hayehudi,FALSE,2009,18979,באקה-ג'ת*,BAQA -JATT,2,NA,34305,NA,NA,NA,NA,NA,NA,NA,9.5021134593176,3610.2494615407,NA,57.2727272727273
6000,באקה אל-גרביה,באקהאלגרביה,103.5157296030792,0,NA,NA,no_red_alert,2013,0.0015382248884787,Party_habait_hayehudi,FALSE,2013,18984,באקה אל-גרביה,BAQA AL-GHARBIYYE,2,לא יהודי,27100,13730,13360,9490,2790,4200,9430,1180,9.5021134593176,2851.99709685914,0.0435424354243542,61.7692307692308
6000,באקה אל-גרביה,באקהאלגרביה,103.5157296030792,0,NA,NA,no_red_alert,2015,9.97804829375374e-5,Party_habait_hayehudi,TRUE,2015,18977,באקה אל-גרביה,BAQA AL-GHARBIYYE,2,לא יהודי,28130,14210,13920,9360,3120,4420,9920,1310,9.5021134593176,2960.39403448885,0.0465694987557767,60.2307692307692
6500,חדרה,חדרה,97.4413884761851,1,208,4,temporal_distance > 149,2006,0.055829744428028,Party_habait_hayehudi,FALSE,2006,19068,חדרה,HADERA,1,NA,76332,NA,NA,NA,NA,NA,NA,NA,50.6859448716254,1505.97962005699,NA,58.76
6500,חדרה,חדרה,97.4413884761851,1,208,4,temporal_distance > 149,2009,0.0400112866817156,Party_habait_hayehudi,FALSE,2009,19055,חדרה,HADERA,1,NA,80379,NA,NA,NA,NA,NA,NA,NA,50.6859448716254,1585.82423990673,NA,58.0307692307692
6500,חדרה,חדרה,97.4413884761851,1,208,4,temporal_distance > 149,2013,0.0837005547203069,Party_habait_hayehudi,FALSE,2013,19062,חדרה,HADERA,1,יהודי,85390,42000,43410,19150,5710,12520,36380,11660,50.6859448716254,1684.68793895963,0.136549947300621,61.4
6500,חדרה,חדרה,97.4413884761851,1,208,4,temporal_distance > 149,2015,0.0503733846085051,Party_habait_hayehudi,TRUE,2015,19066,חדרה,HADERA,1,יהודי,88790,43580,45200,20350,5810,12220,37680,12770,50.6859448716254,1751.76767888775,0.143822502534069,61.4666666666667
6800,קרית אתא,קריתאתא,141.91997313797418,0,NA,NA,no_red_alert,2006,0.0791019449158073,Party_habait_hayehudi,FALSE,2006,19104,קריית אתא,QIRYAT ATTA,1,NA,49466,NA,NA,NA,NA,NA,NA,NA,16.3424855973285,3026.83454762145,NA,60.5909090909091
6800,קרית אתא,קריתאתא,141.91997313797418,0,NA,NA,no_red_alert,2009,0.0662490966032281,Party_habait_hayehudi,FALSE,2009,19115,קריית אתא,QIRYAT ATTA,1,NA,50787,NA,NA,NA,NA,NA,NA,NA,16.3424855973285,3107.6668048771,NA,58.875
6800,קרית אתא,קריתאתא,141.91997313797418,0,NA,NA,no_red_alert,2013,0.117375724306191,Party_habait_hayehudi,FALSE,2013,19111,קריית אתא,QIRYAT ATTA,1,יהודי,53390,26040,27340,11430,3380,8050,23090,7420,16.3424855973285,3266.94490149819,0.138977336579884,62.9090909090909
6800,קרית אתא,קריתאתא,141.91997313797418,0,NA,NA,no_red_alert,2015,0.0735338802795503,Party_habait_hayehudi,TRUE,2015,19106,קריית אתא,QIRYAT ATTA,1,יהודי,55470,27130,28330,12110,3460,7960,23660,8300,16.3424855973285,3394.22052230951,0.14963043086353,62.6363636363636
7300,נצרת,נצרת,141.18477731567188,1,6,1,temporal_distance == 6,2006,4.3218947186446e-4,Party_habait_hayehudi,FALSE,2006,19187,נצרת,NAZARETH,2,NA,64816,NA,NA,NA,NA,NA,NA,NA,14.1958537010931,4565.84023509688,NA,60.9473684210526
7300,נצרת,נצרת,141.18477731567188,1,6,1,temporal_distance == 6,2009,0.00112933098432489,Party_habait_hayehudi,FALSE,2009,19194,נצרת,NAZARETH,2,NA,72201,NA,NA,NA,NA,NA,NA,NA,14.1958537010931,5086.06255884705,NA,58.6875
7300,נצרת,נצרת,141.18477731567188,1,6,1,temporal_distance == 6,2013,9.3845876195632e-4,Party_habait_hayehudi,FALSE,2013,19189,נצרת,NAZARETH,2,לא יהודי,74370,37200,37170,21250,7650,11930,28180,5350,14.1958537010931,5238.85365163162,0.0719376092510421,62.5263157894737
7300,נצרת,נצרת,141.18477731567188,1,6,1,temporal_distance == 6,2015,1.8519090095373e-4,Party_habait_hayehudi,TRUE,2015,19191,נצרת,NAZARETH,2,לא יהודי,75740,37850,37930,20910,7770,12480,28930,5670,14.1958537010931,5335.36070424337,0.0748613678373383,62
7400,נתניה,נתניה,80.13912094644284,0,NA,NA,no_red_alert,2006,0.0911843788341556,Party_habait_hayehudi,FALSE,2006,19198,נתניה,NETANYA,1,NA,173820,NA,NA,NA,NA,NA,NA,NA,29.028353979978,5987.93855552024,NA,61
7400,נתניה,נתניה,80.13912094644284,0,NA,NA,no_red_alert,2009,0.0751656076787887,Party_habait_hayehudi,FALSE,2009,19202,נתניה,NETANYA,1,NA,183006,NA,NA,NA,NA,NA,NA,NA,29.028353979978,6304.38777638671,NA,58.95
7400,נתניה,נתניה,80.13912094644284,0,NA,NA,no_red_alert,2013,0.106457807409325,Party_habait_hayehudi,FALSE,2013,19213,נתניה,NETANYA,1,יהודי,196970,96080,100910,46410,12200,26340,81180,30850,29.028353979978,6785.43468692223,0.156622835964868,62.925
7400,נתניה,נתניה,80.13912094644284,0,NA,NA,no_red_alert,2015,0.0649580915538362,Party_habait_hayehudi,TRUE,2015,19210,נתניה,NETANYA,1,יהודי,207870,101230,106640,49860,12640,26410,84540,34560,29.028353979978,7160.9296256817,0.166257757252129,62.875
7700,עפולה,עפולה,131.89497432146717,0,NA,NA,no_red_alert,2006,0.0556638782313353,Party_habait_hayehudi,FALSE,2006,19250,עפולה,AFULA,1,NA,39274,NA,NA,NA,NA,NA,NA,NA,29.269301062621,1341.8154371358,NA,49.9230769230769
7700,עפולה,עפולה,131.89497432146717,0,NA,NA,no_red_alert,2009,0.0515538693299113,Party_habait_hayehudi,FALSE,2009,19246,עפולה,AFULA,1,NA,40597,NA,NA,NA,NA,NA,NA,NA,29.269301062621,1387.01637982894,NA,53.8205128205128
7700,עפולה,עפולה,131.89497432146717,0,NA,NA,no_red_alert,2013,0.100321610125532,Party_habait_hayehudi,FALSE,2013,19255,עפולה,AFULA,1,יהודי,42770,20740,22040,9570,2910,6840,17800,5680,29.269301062621,1461.25798865148,0.13280336684592,50.4871794871795
7700,עפולה,עפולה,131.89497432146717,0,NA,NA,no_red_alert,2015,0.0575344857691636,Party_habait_hayehudi,TRUE,2015,19248,עפולה,AFULA,1,יהודי,44920,21790,23150,10210,3070,7100,18310,6280,29.269301062621,1534.71379121404,0.139804096170971,58.8717948717949
7800,פרדס חנה-כרכור,פרדסחנהכרכור,104.49162273150289,0,NA,NA,no_red_alert,2006,0.0657989877078814,Party_habait_hayehudi,FALSE,2006,19263,פרדס חנה-כרכור,PARDES HANNA-KARKUR,1,NA,29835,NA,NA,NA,NA,NA,NA,NA,22.5129073055318,1325.23976557524,NA,59.75
7800,פרדס חנה-כרכור,פרדסחנהכרכור,104.49162273150289,0,NA,NA,no_red_alert,2009,0.0493080844865259,Party_habait_hayehudi,FALSE,2009,19270,פרדס חנה-כרכור,PARDES HANNA-KARKUR,1,NA,31251,NA,NA,NA,NA,NA,NA,NA,22.5129073055318,1388.1370173954,NA,57.7058823529412
7800,פרדס חנה-כרכור,פרדסחנהכרכור,104.49162273150289,0,NA,NA,no_red_alert,2013,0.0852182418388556,Party_habait_hayehudi,FALSE,2013,19272,פרדס חנה-כרכור,PARDES HANNA-KARKUR,1,יהודי,35780,17550,18230,9610,2380,4430,15650,3700,22.5129073055318,1589.31050150099,0.103409726103969,62.3214285714286
7800,פרדס חנה-כרכור,פרדסחנהכרכור,104.49162273150289,0,NA,NA,no_red_alert,2015,0.0612104539202201,Party_habait_hayehudi,TRUE,2015,19275,פרדס חנה-כרכור,PARDES HANNA-KARKUR,1,יהודי,38020,18710,19320,10610,2550,4310,16510,4070,22.5129073055318,1688.80897895661,0.1070489216202,61.5
8200,קרית מוצקין,קריתמוצקין,147.2245815911075,0,NA,NA,no_red_alert,2006,0.0507065669160432,Party_habait_hayehudi,FALSE,2006,19314,קריית מוצקין,QIRYAT MOTZKIN,1,NA,39707,NA,NA,NA,NA,NA,NA,NA,3.7755171988438,10516.9697047493,NA,61
8200,קרית מוצקין,קריתמוצקין,147.2245815911075,0,NA,NA,no_red_alert,2009,0.0409586257850018,Party_habait_hayehudi,FALSE,2009,19316,קריית מוצקין,QIRYAT MOTZKIN,1,NA,38088,NA,NA,NA,NA,NA,NA,NA,3.7755171988438,10088.1542829851,NA,59
8200,קרית מוצקין,קריתמוצקין,147.2245815911075,0,NA,NA,no_red_alert,2013,0.0737854343268617,Party_habait_hayehudi,FALSE,2013,19321,קריית מוצקין,QIRYAT MOTZKIN,1,יהודי,39220,18540,20690,7310,2130,5100,17340,7320,3.7755171988438,10387.9807545336,0.186639469658338,63
8200,קרית מוצקין,קריתמוצקין,147.2245815911075,0,NA,NA,no_red_alert,2015,0.05901044030867,Party_habait_hayehudi,TRUE,2015,19317,קריית מוצקין,QIRYAT MOTZKIN,1,יהודי,40170,18990,21170,7730,2200,4820,17470,7950,3.7755171988438,10639.6019099851,0.197908887229276,63
8800,שפרעם,שפרעם,146.41713415161706,0,NA,NA,no_red_alert,2006,0.0199702198475957,Party_habait_hayehudi,FALSE,2006,19403,שפרעם,SHEFAR'AM,2,NA,33528,NA,NA,NA,NA,NA,NA,NA,19.6348067899614,1707.57982793809,NA,57.2962962962963
8800,שפרעם,שפרעם,146.41713415161706,0,NA,NA,no_red_alert,2009,0.00281662781662782,Party_habait_hayehudi,FALSE,2009,19404,שפרעם,SHEFAR'AM,2,NA,36233,NA,NA,NA,NA,NA,NA,NA,19.6348067899614,1845.34538015035,NA,57.1538461538462
8800,שפרעם,שפרעם,146.41713415161706,0,NA,NA,no_red_alert,2013,0.00263913684700768,Party_habait_hayehudi,FALSE,2013,19407,שפרעם,SHEFAR'AM,2,לא יהודי,38720,19420,19290,11380,4000,5930,15150,2250,19.6348067899614,1972.00820024347,0.0581095041322314,62.2592592592593
8800,שפרעם,שפרעם,146.41713415161706,0,NA,NA,no_red_alert,2015,7.3211314475873e-4,Party_habait_hayehudi,TRUE,2015,19415,שפרעם,SHEFAR'AM,2,לא יהודי,40020,20090,19930,11270,4180,6380,15770,2420,19.6348067899614,2038.21715324751,0.0604697651174413,60.7407407407407
9200,בית שאן,ביתשאן,136.2836899214357,1,6,1,temporal_distance == 6,2006,0.109251369446135,Party_habait_hayehudi,FALSE,2006,19473,בית שאן,BET SHE'AN,1,NA,16432,NA,NA,NA,NA,NA,NA,NA,7.32248219306738,2244.04779236707,NA,56.5555555555556
9200,בית שאן,ביתשאן,136.2836899214357,1,6,1,temporal_distance == 6,2009,0.0764430577223089,Party_habait_hayehudi,FALSE,2009,19479,בית שאן,BET SHE'AN,1,NA,16954,NA,NA,NA,NA,NA,NA,NA,7.32248219306738,2315.33509443715,NA,54.3333333333333
9200,בית שאן,ביתשאן,136.2836899214357,1,6,1,temporal_distance == 6,2013,0.150505293551492,Party_habait_hayehudi,FALSE,2013,19472,בית שאן,BET SHE'AN,1,יהודי,17260,8750,8510,4600,1360,2900,6910,1490,7.32248219306738,2357.1242025472,0.0863267670915411,60.4444444444444
9200,בית שאן,ביתשאן,136.2836899214357,1,6,1,temporal_distance == 6,2015,0.0639029105359253,Party_habait_hayehudi,TRUE,2015,19467,בית שאן,BET SHE'AN,1,יהודי,17340,8740,8580,4550,1370,2850,7000,1600,7.32248219306738,2368.04945956943,0.0922722029988466,60.6666666666667
9300,זכרון יעקב,זכרוןיעקב,112.70510401797786,1,232,3,temporal_distance > 149,2006,0.0479388910838931,Party_habait_hayehudi,FALSE,2006,19495,זכרון יעקב,ZIKHRON YA'AQOV,1,NA,17101,NA,NA,NA,NA,NA,NA,NA,31.5269361389198,542.425052807111,NA,45.05
9300,זכרון יעקב,זכרוןיעקב,112.70510401797786,1,232,3,temporal_distance > 149,2009,0.0369732460672867,Party_habait_hayehudi,FALSE,2009,19483,זכרון יעקב,ZIKHRON YA'AQOV,1,NA,18774,NA,NA,NA,NA,NA,NA,NA,31.5269361389198,595.490786585621,NA,48.4634146341463
9300,זכרון יעקב,זכרוןיעקב,112.70510401797786,1,232,3,temporal_distance > 149,2013,0.0713811735709546,Party_habait_hayehudi,FALSE,2013,19487,זכרון יעקב,ZIKHRON YA'AQOV,1,יהודי,21430,10520,10910,6120,2050,2630,8790,1870,31.5269361389198,679.736207336202,0.0872608492767149,49.125
9300,זכרון יעקב,זכרוןיעקב,112.70510401797786,1,232,3,temporal_distance > 149,2015,0.058712608211194,Party_habait_hayehudi,TRUE,2015,19489,זכרון יעקב,ZIKHRON YA'AQOV,1,יהודי,22540,11150,11380,6160,2310,2810,9150,2110,31.5269361389198,714.944195676995,0.0936113575865129,53.15
9500,קרית ביאליק,קריתביאליק,145.90875464472597,0,NA,NA,no_red_alert,2006,0.0266361460826137,Party_habait_hayehudi,FALSE,2006,19512,קריית ביאליק,QIRYAT BIALIK,1,NA,36497,NA,NA,NA,NA,NA,NA,NA,8.10843006178686,4501.1179379843,NA,60.8333333333333
9500,קרית ביאליק,קריתביאליק,145.90875464472597,0,NA,NA,no_red_alert,2009,0.0208675730863091,Party_habait_hayehudi,FALSE,2009,19519,קריית ביאליק,QIRYAT BIALIK,1,NA,37359,NA,NA,NA,NA,NA,NA,NA,8.10843006178686,4607.42705003577,NA,58.6363636363636
9500,קרית ביאליק,קריתביאליק,145.90875464472597,0,NA,NA,no_red_alert,2013,0.0595732354929034,Party_habait_hayehudi,FALSE,2013,19515,קריית ביאליק,QIRYAT BIALIK,1,יהודי,38580,18590,20020,7410,2020,5150,17180,6820,8.10843006178686,4758.01107070265,0.176775531363401,63
9500,קרית ביאליק,קריתביאליק,145.90875464472597,0,NA,NA,no_red_alert,2015,0.0396039603960396,Party_habait_hayehudi,TRUE,2015,19518,קריית ביאליק,QIRYAT BIALIK,1,יהודי,39070,18800,20310,7830,1990,4810,17070,7380,8.10843006178686,4818.4420044674,0.188891732787305,62.9166666666667
9600,קרית ים,קריתים,147.93826554990383,0,NA,NA,no_red_alert,2006,0.0360544217687075,Party_habait_hayehudi,FALSE,2006,19528,קריית ים,QIRYAT YAM,1,NA,37201,NA,NA,NA,NA,NA,NA,NA,4.54896371891345,8177.90650765746,NA,61
9600,קרית ים,קריתים,147.93826554990383,0,NA,NA,no_red_alert,2009,0.0282131661442006,Party_habait_hayehudi,FALSE,2009,19530,קריית ים,QIRYAT YAM,1,NA,37811,NA,NA,NA,NA,NA,NA,NA,4.54896371891345,8312.00298274337,NA,58.8
9600,קרית ים,קריתים,147.93826554990383,0,NA,NA,no_red_alert,2013,0.0711551570447276,Party_habait_hayehudi,FALSE,2013,19529,קריית ים,QIRYAT YAM,1,יהודי,38680,18510,20140,6530,2040,5420,17150,7530,4.54896371891345,8503.03550216904,0.194674250258532,62.75
9600,קרית ים,קריתים,147.93826554990383,0,NA,NA,no_red_alert,2015,0.0451502634952286,Party_habait_hayehudi,TRUE,2015,19537,קריית ים,QIRYAT YAM,1,יהודי,39280,18810,20480,6880,1940,5160,17250,8080,4.54896371891345,8634.93367438469,0.205702647657841,63
9800,בנימינה-גבעת עדה,בנימינהגבעתעדה,108.84539277361044,1,227,9,temporal_distance > 149,2006,0.0544604755131071,Party_habait_hayehudi,FALSE,2006,19571,בנימינה-גבעת עדה*,BINYAMINA-GIV'AT ADA,1,NA,10593,NA,NA,NA,NA,NA,NA,NA,25.3977302341043,417.084515126302,NA,51.8333333333333
9800,בנימינה-גבעת עדה,בנימינהגבעתעדה,108.84539277361044,1,227,9,temporal_distance > 149,2009,0.0404040404040404,Party_habait_hayehudi,FALSE,2009,19566,בנימינה-גבעת עדה*,BINYAMINA-GIV'AT ADA,1,NA,12454,NA,NA,NA,NA,NA,NA,NA,25.3977302341043,490.358779513166,NA,50.3529411764706
9800,בנימינה-גבעת עדה,בנימינהגבעתעדה,108.84539277361044,1,227,9,temporal_distance > 149,2013,0.0614035087719298,Party_habait_hayehudi,FALSE,2013,19559,בנימינה-גבעת עדה*,BINYAMINA-GIV'AT ADA,1,יהודי,14260,7050,7210,4540,1020,1440,6260,1030,25.3977302341043,561.467496054098,0.0722300140252454,57.9166666666667
9800,בנימינה-גבעת עדה,בנימינהגבעתעדה,108.84539277361044,1,227,9,temporal_distance > 149,2015,0.0506383589155071,Party_habait_hayehudi,TRUE,2015,19565,בנימינה-גבעת עדה*,BINYAMINA-GIV'AT ADA,1,יהודי,14780,7340,7440,4500,1190,1470,6480,1160,25.3977302341043,581.941766597446,0.078484438430311207,53.75
