"SEMEL_YISHUV","locality","2006","2009","2013","2015","loc"
7,"שחר",0.0336134453781513,0.0141342756183746,0.0364238410596026,0.0355029585798817,"שחר"
10,"תירוש",0,0,0.0101522842639594,0.00465116279069767,"תירוש"
11,"ניר ח""ן",0.0404624277456647,0.0303030303030303,0.0464135021097046,0.0344827586206897,"נירחן"
13,"חצבה",0.0906040268456376,0.0390879478827362,0.11304347826087,0.0607734806629834,"חצבה"
15,"נועם",0,0,0.00471698113207547,0,"נועם"
16,"בית ניר",0.449704142011834,0.444444444444444,0.416083916083916,0.347540983606557,"ביתניר"
18,"שדה משה",0.0653266331658292,0.0161290322580645,0.0309278350515464,0.0406779661016949,"שדהמשה"
21,"באר אורה",NA,NA,0.072463768115942,0.0353982300884956,"באראורה"
22,"מקווה ישראל",0.0859375,0.0564516129032258,0.0442477876106195,0.0648148148148148,"מקווהישראל"
23,"אמציה",0.105263157894737,0,0.00727272727272727,0,"אמציה"
24,"לכיש",0.122112211221122,0.123493975903614,0.161803713527851,0.160493827160494,"לכיש"
26,"ראש פינה",0.0880195599022005,0.0908396946564885,0.120609675281643,0.11200495049505,"ראשפינה"
27,"שדות מיכה",0,0.0125,0,0,"שדותמיכה"
28,"מזכרת בתיה",0.0567156483629801,0.0393518518518519,0.0529118708125752,0.0411198600174978,"מזכרתבתיה"
29,"יסוד המעלה",0.043613707165109,0.0358208955223881,0.0476787954830615,0.0456140350877193,"יסודהמעלה"
31,"אופקים",0.0222198483068048,0.00718061234666401,0.00689333954354914,0.00529992772825825,"אופקים"
32,"עוצם",0,0,0,0,"עוצם"
33,"בת שלמה",0.076530612244898,0.0464135021097046,0.110726643598616,0.11875,"בתשלמה"
35,"גדות",0.235023041474654,0.147321428571429,0.236842105263158,0.156378600823045,"גדות"
36,"שדה דוד",0,0.00526315789473684,0.0102564102564103,0.0050251256281407,"שדהדוד"
37,"איתן",0,0,0,0,"איתן"
39,"גפן",0,0.00606060606060606,0,0.00515463917525773,"גפן"
41,"אליכין",0.00546875,0.00824175824175824,0.0155131264916468,0.0103199174406605,"אליכין"
43,"מטולה",0.0505050505050505,0.0624187256176853,0.0691244239631336,0.0738327904451683,"מטולה"
44,"זוהר",0.00588235294117647,0.00512820512820513,0,0.0050251256281407,"זוהר"
46,"יבנאל",0.0160384923817161,0.0132061628760088,0.016,0.0169395821569735,"יבנאל"
47,"כפר תבור",0.0565015479876161,0.0391214824982841,0.0530877573131094,0.0458452722063037,"כפרתבור"
48,"מנחמיה",0.0198915009041591,0.0153256704980843,0.0210896309314587,0.0147058823529412,"מנחמיה"
49,"אילניה",0.038961038961039,0.015625,0.0326086956521739,0.0335570469798658,"אילניה"
52,"לוזית",0.0134228187919463,0,0.0380952380952381,0.0398550724637681,"לוזית"
53,"עתלית",0.0241498275012321,0.0212853049529267,0.0287769784172662,0.0310990338164251,"עתלית"
55,"נוגה",0.0114285714285714,0.0170454545454545,0.0137614678899083,0.0072202166064982,"נוגה"
57,"כנרת (קבוצה)",0.0568475452196382,0.0280612244897959,0.0808823529411765,0.0410958904109589,"כנרתקבוצה"
58,"מצפה",0.038961038961039,0.043956043956044,0.058252427184466,0.0198019801980198,"מצפה"
59,"נחושה",0.00862068965517241,0.0078740157480315,0.00537634408602151,0.0113122171945701,"נחושה"
62,"דגניה א'",0.102719033232628,0.0813253012048193,0.0865921787709497,0.0765027322404372,"דגניהא"
63,"כנרת (מושבה)",0.064638783269962,0.039426523297491,0.0512820512820513,0.0423728813559322,"כנרתמושבה"
64,"יד רמב""ם",0.00938967136150235,0.00412371134020619,0.00922509225092251,0.00822368421052632,"ידרמבם"
65,"מגדל",0.0139130434782609,0.0113268608414239,0.013531799729364,0.00700934579439252,"מגדל"
66,"מרחביה (קיבוץ)",0.358662613981763,0.28921568627451,0.212121212121212,0.133971291866029,"מרחביהקיבוץ"
67,"אור הנר",0.06,0.0854092526690391,0.132315521628499,0.103837471783296,"אורהנר"
69,"ניר עוז",0.474576271186441,0.35042735042735,0.352941176470588,0.347014925373134,"נירעוז"
70,"אשדוד",0.0102038419989667,0.00778678146366169,0.0106803261227414,0.00754396968278226,"אשדוד"
71,"אשבול",0.0065359477124183,0,0.00531914893617021,0.00444444444444444,"אשבול"
72,"גן שמואל",0.536824877250409,0.523887973640857,0.571428571428571,0.473919523099851,"גןשמואל"
74,"עין הוד",0.164319248826291,0.186440677966102,0.29020979020979,0.270833333333333,"עיןהוד"
76,"כפר גלעדי",0.0447761194029851,0.063768115942029,0.0685714285714286,0.0856353591160221,"כפרגלעדי"
77,"איילת השחר",0.0515267175572519,0.052434456928839,0.0822147651006711,0.0793871866295265,"איילתהשחר"
78,"קרית ענבים",0.117073170731707,0.140096618357488,0.178743961352657,0.126637554585153,"קריתענבים"
79,"דגניה ב'",0.0501672240802676,0.065359477124183,0.0826666666666667,0.0915841584158416,"דגניהב"
80,"נהלל",0.0359712230215827,0.0609480812641084,0.0775681341719078,0.0907335907335907,"נהלל"
82,"עין חרוד (מאוחד)",0.0680272108843537,0.0993657505285412,0.0907172995780591,0.0745341614906832,"עיןחרודמאוחד"
84,"תל יוסף",0.0865800865800866,0.0562248995983936,0.0875912408759124,0.0795847750865052,"תליוסף"
85,"כפר יחזקאל",0.0363128491620112,0.0298165137614679,0.0718446601941748,0.0363636363636364,"כפריחזקאל"
86,"גבע",0.0718232044198895,0.0754716981132075,0.103448275862069,0.0775193798449612,"גבע"
89,"עין חרוד (איחוד)",0.0529100529100529,0.0494791666666667,0.0569306930693069,0.0731707317073171,"עיןחרודאיחוד"
90,"חפצי-בה",0.0849420849420849,0.10077519379845,0.135593220338983,0.0924092409240924,"חפציבה"
92,"גיניגר",0.0643939393939394,0.0810810810810811,0.14404432132964,0.123359580052493,"גיניגר"
94,"בלפוריה",0.0342857142857143,0.0681818181818182,0.0763052208835341,0.0738007380073801,"בלפוריה"
95,"בית אלפא",0.477922077922078,0.370786516853933,0.27816091954023,0.155419222903885,"ביתאלפא"
96,"יגור",0.055,0.0785219399538106,0.0993227990970655,0.0764044943820225,"יגור"
97,"מרחביה (מושב)",0.029673590504451,0.0335917312661499,0.0522193211488251,0.0532994923857868,"מרחביהמושב"
98,"כפר מל""ל",0.0740740740740741,0.0900900900900901,0.102678571428571,0.101694915254237,"כפרמלל"
99,"מצפה רמון",0.0124007936507937,0.0141304347826087,0.0297379032258065,0.05890603085554,"מצפהרמון"
102,"מאיר שפיה",0.128205128205128,0.075,0.0961538461538462,0.163265306122449,"מאירשפיה"
103,"תל עדשים",0.0666666666666667,0.0461538461538462,0.0333951762523191,0.0392156862745098,"תלעדשים"
104,"מזרע",0.369614512471655,0.344086021505376,0.338947368421053,0.225263157894737,"מזרע"
106,"כפר גדעון",0,0,0,0.00769230769230769,"כפרגדעון"
107,"כפר סילבר",0.0588235294117647,0.0491803278688525,0.0892857142857143,0.0980392156862745,"כפרסילבר"
112,"כפר חסידים א'",0.0238805970149254,0.0420168067226891,0.0304568527918782,0.038265306122449,"כפרחסידיםא"
113,"אדירים",0.00662251655629139,0,0,0,"אדירים"
115,"חופית",0.115618661257606,0.111328125,0.165725047080979,0.127041742286751,"חופית"
122,"רמת ישי",0.0398946179902145,0.0357032933210219,0.0472801220132181,0.0467111534795043,"רמתישי"
126,"שריד",0.360849056603774,0.333333333333333,0.361867704280156,0.244781783681214,"שריד"
127,"רמת רחל",0.112107623318386,0.0852017937219731,0.179591836734694,0.111969111969112,"רמתרחל"
128,"גת רימון",0.0827067669172932,0.0381679389312977,0.1,0.0592105263157895,"גתרימון"
130,"משמר העמק",0.235897435897436,0.292724196277496,0.32078313253012,0.247774480712166,"משמרהעמק"
132,"כפר ברוך",0.0136986301369863,0.00571428571428571,0.0303030303030303,0.02734375,"כפרברוך"
133,"גבת",0.0688888888888889,0.0712742980561555,0.099403578528827,0.097196261682243,"גבת"
134,"יפעת",0.0680272108843537,0.0899122807017544,0.0900195694716243,0.0996376811594203,"יפעת"
135,"רמת דוד",0.092436974789916,0.0974576271186441,0.125448028673835,0.108614232209738,"רמתדוד"
139,"עין שמר",0.566585956416465,0.409756097560976,0.430260047281324,0.317351598173516,"עיןשמר"
140,"כפר יהושע",0.0683962264150943,0.079295154185022,0.10126582278481,0.100854700854701,"כפריהושע"
141,"ברק",0.0246913580246914,0,0.0099009900990099,0.00446428571428571,"ברק"
142,"שדה יעקב",0.0352112676056338,0.0181818181818182,0.031390134529148,0.0211416490486258,"שדהיעקב"
143,"בית זרע",0.399491094147583,0.331564986737401,0.362944162436548,0.313432835820896,"ביתזרע"
144,"גן שלמה",0.111111111111111,0.137184115523466,0.166077738515901,0.119601328903654,"גןשלמה"
145,"גדיש",0,0.00581395348837209,0,0,"גדיש"
146,"דבורה",0.0352112676056338,0.0283687943262411,0.00609756097560976,0.0062111801242236,"דבורה"
147,"גבעת ברנר",0.135365853658537,0.138983050847458,0.119245283018868,0.0994108983799705,"גבעתברנר"
154,"תל מונד",0.0494325346784363,0.0315333882934872,0.0526507560575697,0.0372272143774069,"תלמונד"
155,"באר טוביה",0.068075117370892,0.0635964912280702,0.0927021696252465,0.0757855822550832,"בארטוביה"
156,"עיינות",0.09375,0.117647058823529,0.148148148148148,0.0784313725490196,"עיינות"
157,"עין ורד",0.0690265486725664,0.0492307692307692,0.09375,0.0853080568720379,"עיןורד"
158,"נען",0.0917312661498708,0.0831202046035806,0.143333333333333,0.111111111111111,"נען"
159,"בית חנן",0.0613496932515337,0.0538243626062323,0.0618556701030928,0.0588235294117647,"ביתחנן"
160,"חולדה",0.0833333333333333,0.0761904761904762,0.0857142857142857,0.0881670533642691,"חולדה"
162,"חירות",0.0934256055363322,0.0659509202453988,0.134943181818182,0.105042016806723,"חירות"
163,"תימורים",0.0870870870870871,0.0576441102756892,0.0663716814159292,0.0602150537634409,"תימורים"
164,"מלאה",0,0,0.00497512437810945,0,"מלאה"
165,"ניר יפה",0.0142857142857143,0.00471698113207547,0.0151515151515152,0.00651465798045603,"ניריפה"
166,"גן יבנה",0.0260898838579364,0.0228549540347293,0.0239827815927027,0.0190424374319913,"גןיבנה"
167,"עין החורש",0.433884297520661,0.435897435897436,0.430255402750491,0.344569288389513,"עיןהחורש"
168,"כפר יונה",0.0309965759596324,0.0183264668276744,0.0327319866047316,0.0270914814461509,"כפריונה"
170,"כפר יעבץ",0.00704225352112676,0.0279503105590062,0.00887573964497041,0.0106951871657754,"כפריעבץ"
171,"פרדסיה",0.046567781993791,0.0293937538273117,0.0461756373937677,0.0399782431329889,"פרדסיה"
173,"גבעת חיים (מאוחד)",0.110743801652893,0.0998389694041868,0.197037037037037,0.117302052785924,"גבעתחייםמאוחד"
174,"נטעים",0.0930232558139535,0.0664451827242525,0.096514745308311,0.0868421052631579,"נטעים"
175,"אביחיל",0.113144758735441,0.0655737704918033,0.110027855153203,0.0969945355191257,"אביחיל"
176,"אפיקים",0.0693215339233038,0.0634218289085546,0.0915593705293276,0.0983379501385042,"אפיקים"
177,"כפר ביל""ו",0.0707635009310987,0.0654362416107383,0.10952380952381,0.0735294117647059,"כפרבילו"
178,"רמת יוחנן",0.0598086124401914,0.0685224839400428,0.104364326375712,0.0944741532976827,"רמתיוחנן"
182,"אבן יהודה",0.0720588235294118,0.0494453844707652,0.0812130177514793,0.0664919299213685,"אבןיהודה"
183,"ירקונה",0.107594936708861,0.0742574257425743,0.107476635514019,0.153846153846154,"ירקונה"
184,"רמת הכובש",0.12289156626506,0.149184149184149,0.183628318584071,0.169772256728778,"רמתהכובש"
186,"נעורים",0.0192307692307692,0.0350877192982456,0.0945945945945946,0.0506329113924051,"נעורים"
187,"כפר הס",0.0926916221033868,0.0852713178294574,0.14726507713885,0.118351063829787,"כפרהס"
188,"אשדות יעקב  (מאוח",0.0211864406779661,0.0282258064516129,0.0283687943262411,0.0472972972972973,"אשדותיעקבמאוח"
189,"כפר פינס",0,0,0,0.00673400673400673,"כפרפינס"
190,"כפר ויתקין",0.0885357548240636,0.0709534368070953,0.134778510838831,0.127541589648799,"כפרויתקין"
191,"הדר עם",0.126760563380282,0.102389078498294,0.163380281690141,0.132978723404255,"הדרעם"
192,"כפר החורש",0.102941176470588,0.128813559322034,0.136222910216718,0.105740181268882,"כפרהחורש"
193,"כפר חיים",0.0608108108108108,0.0537974683544304,0.105105105105105,0.0858895705521472,"כפרחיים"
194,"משמר השרון",0.0549828178694158,0.0449826989619377,0.125382262996942,0.0755813953488372,"משמרהשרון"
195,"קדימה-צורן",NA,0.033682535472749,0.0487999089978387,0.0467244232454006,"קדימהצורן"
196,"גיבתון",0.115151515151515,0.0751445086705202,0.112299465240642,0.103626943005181,"גיבתון"
197,"מעברות",0.466410748560461,0.471766848816029,0.418727915194346,0.354561101549053,"מעברות"
198,"צופית",0.111578947368421,0.0748175182481752,0.144312393887946,0.123333333333333,"צופית"
199,"אשדות יעקב  (איחו",0.0650684931506849,0.06875,0.0663129973474801,0.0647321428571429,"אשדותיעקבאיחו"
200,"בית ינאי",0.077319587628866,0.112903225806452,0.194690265486726,0.13963963963964,"ביתינאי"
202,"בית עובד",0.119617224880383,0.0785340314136126,0.128712871287129,0.102222222222222,"ביתעובד"
204,"אלישיב",0.00367647058823529,0.00334448160535117,0.0347826086956522,0.0232558139534884,"אלישיב"
205,"חגלה",0.115131578947368,0.0987654320987654,0.112044817927171,0.124338624338624,"חגלה"
206,"רמות השבים",0.152459016393443,0.1,0.164433617539586,0.126865671641791,"רמותהשבים"
207,"גבעת ח""ן",0.103004291845494,0.0699588477366255,0.118773946360153,0.0803212851405622,"גבעתחן"
208,"מוצא עילית",0.114790286975717,0.127139364303178,0.202928870292887,0.174950298210736,"מוצאעילית"
213,"משמרות",0.0335570469798658,0.0508474576271186,0.0987124463519313,0.0931506849315069,"משמרות"
217,"כפר הרא""ה",0.00602409638554217,0.00200803212851406,0.00527240773286467,0.013355592654424,"כפרהראה"
218,"גני עם",0.0774193548387097,0.0794701986754967,0.111111111111111,0.10625,"גניעם"
219,"חיבת ציון",0.064638783269962,0.0442176870748299,0.0739644970414201,0.0784883720930233,"חיבתציון"
220,"כפר ביאליק",0.0488721804511278,0.0397111913357401,0.0666666666666667,0.0536277602523659,"כפרביאליק"
223,"עין עירון",0.142222222222222,0.0769230769230769,0.148648648648649,0.147692307692308,"עיןעירון"
224,"שושנת העמקים",NA,0.0191570881226054,0.0228013029315961,0.0267857142857143,"שושנתהעמקים"
225,"גן השומרון",0.103448275862069,0.0725806451612903,0.117647058823529,0.0907079646017699,"גןהשומרון"
229,"גני תקווה",0.0452099031216362,0.0307581227436823,0.0534883720930233,0.0445370776656428,"גניתקווה"
230,"מעש",0.0695067264573991,0.0440251572327044,0.0884086444007859,0.0715596330275229,"מעש"
232,"שפיים",0.0873287671232877,0.0745542949756888,0.178885630498534,0.106741573033708,"שפיים"
233,"כפר ידידיה",0.125435540069686,0.0816901408450704,0.161691542288557,0.0778894472361809,"כפרידידיה"
234,"ביצרון",0.0712909441233141,0.0434027777777778,0.0654952076677316,0.0630630630630631,"ביצרון"
235,"חבצלת השרון",0.0653061224489796,0.0560344827586207,0.122270742358079,0.0821917808219178,"חבצלתהשרון"
237,"שער העמקים",0.428205128205128,0.376237623762376,0.406175771971496,0.341743119266055,"שערהעמקים"
239,"גן חיים",0.119444444444444,0.0792838874680307,0.126168224299065,0.118451025056948,"גןחיים"
240,"יקנעם עילית",0.0198251446866149,0.0128381476386978,0.0212204284698954,0.0170382454232373,"יקנעםעילית"
241,"יקנעם (מושבה)",0.0850722311396469,0.0918518518518519,0.117726657645467,0.104359313077939,"יקנעםמושבה"
242,"בית השיטה",0.054726368159204,0.0658105939004815,0.0730337078651685,0.0618279569892473,"ביתהשיטה"
246,"נתיבות",0.00209706411024566,0.00137728399595997,0.00257536736858052,0.00171197699102924,"נתיבות"
247,"רשפון",0.110902255639098,0.0816326530612245,0.142215568862275,0.0985294117647059,"רשפון"
248,"בית שערים",0.063768115942029,0.0771276595744681,0.0859375,0.0612745098039216,"ביתשערים"
249,"כפר סירקין",0.0504672897196262,0.033500837520938,0.0839580209895052,0.0685543964232489,"כפרסירקין"
250,"הזורע",0.373029772329247,0.336206896551724,0.326315789473684,0.244027303754266,"הזורע"
252,"ביתן אהרן",0.0704845814977974,0.0222222222222222,0.103092783505155,0.0760869565217391,"ביתןאהרן"
253,"חולתה",0.0781893004115226,0.0786516853932584,0.125,0.0912162162162162,"חולתה"
254,"כפר המכבי",0.0520231213872832,0.0282485875706215,0.0862944162436548,0.05,"כפרהמכבי"
255,"כפר חיטים",0.0883977900552486,0.0265151515151515,0.0404984423676012,0.0338028169014084,"כפרחיטים"
256,"ניר דוד (תל עמל)",0.475609756097561,0.361596009975062,0.385150812064965,0.261261261261261,"נירדודתלעמל"
257,"נופך",0.0186335403726708,0.0265957446808511,0.0448430493273543,0.0456273764258555,"נופך"
259,"שדה נחום",0.0628930817610063,0.0242424242424242,0.0492610837438424,0.0374531835205993,"שדהנחום"
262,"גינוסר",0.0257234726688103,0.0627177700348432,0.0948012232415902,0.0655737704918033,"גינוסר"
263,"מסדה",0.0347222222222222,0.0516129032258065,0.0700636942675159,0.0543478260869565,"מסדה"
264,"שער הגולן",0.420765027322404,0.262872628726287,0.248663101604278,0.226063829787234,"שערהגולן"
265,"בית יוסף",0,0.00581395348837209,0.0112994350282486,0.00523560209424084,"ביתיוסף"
267,"כפר שמריהו",0.0793804453049371,0.0811567164179104,0.149557522123894,0.0851419031719533,"כפרשמריהו"
268,"טירת צבי",0.00797872340425532,0.0077120822622108,0.00956937799043062,0.0120481927710843,"טירתצבי"
269,"מולדת",0.0851063829787234,0.0573248407643312,0.069364161849711,0.0565693430656934,"מולדת"
270,"עין השופט",0.352320675105485,0.35523613963039,0.315589353612167,0.253703703703704,"עיןהשופט"
272,"מעוז חיים",0.0629139072847682,0.0918727915194346,0.0528301886792453,0.048951048951049,"מעוזחיים"
273,"עין גב",0.0769230769230769,0.0853242320819113,0.15884476534296,0.0977917981072555,"עיןגב"
274,"כפר מנחם",0.538011695906433,0.34070796460177,0.33122028526149,0.226904376012966,"כפרמנחם"
276,"צור משה",0.0851063829787234,0.0539845758354756,0.0912490650710546,0.063622754491018,"צורמשה"
278,"אושה",0.113861386138614,0.104265402843602,0.114035087719298,0.0685483870967742,"אושה"
280,"חניתה",0.0996784565916399,0.18429003021148,0.17359413202934,0.168859649122807,"חניתה"
281,"פקיעין חדשה",0,0.0117647058823529,0,0,"פקיעיןחדשה"
282,"שבי ציון",0.0815850815850816,0.0770975056689342,0.0957642725598527,0.0534069981583794,"שביציון"
284,"שדה ורבורג",0.125233644859813,0.0910623946037099,0.134564643799472,0.124183006535948,"שדהורבורג"
285,"אלונים",0.0529411764705882,0.0664739884393064,0.0904392764857881,0.0744416873449131,"אלונים"
286,"מעלה החמישה",0.13302752293578,0.120171673819742,0.148014440433213,0.128939828080229,"מעלההחמישה"
287,"תל יצחק",0.0946372239747634,0.0518962075848303,0.131627056672761,0.0952380952380952,"תליצחק"
288,"בית יהושע",0.0895140664961637,0.0798319327731092,0.122568093385214,0.10586011342155,"ביתיהושע"
289,"עין המפרץ",0.464818763326226,0.400852878464819,0.438492063492063,0.298624754420432,"עיןהמפרץ"
290,"מעין צבי",0.0775862068965517,0.0779944289693593,0.113207547169811,0.081447963800905,"מעיןצבי"
292,"שרונה",0.0839416058394161,0.0501672240802676,0.079646017699115,0.0664739884393064,"שרונה"
293,"שדה יואב",0.547445255474453,0.357615894039735,0.347826086956522,0.300448430493274,"שדהיואב"
294,"אילון",0.458333333333333,0.330909090909091,0.37037037037037,0.285229202037351,"אילון"
295,"כפר רופין",0.0630252100840336,0.0861423220973783,0.111524163568773,0.082089552238806,"כפררופין"
296,"נווה איתן",0.040983606557377,0.049645390070922,0.151515151515152,0.114285714285714,"נווהאיתן"
297,"כפר מסריק",0.5075,0.367292225201072,0.362903225806452,0.269430051813472,"כפרמסריק"
298,"מסילות",0.347972972972973,0.344594594594595,0.227722772277228,0.151315789473684,"מסילות"
300,"דליה",0.505070993914807,0.424686192468619,0.430327868852459,0.373563218390805,"דליה"
301,"בית עוזיאל",0.0121951219512195,0.00398406374501992,0.024390243902439,0.015015015015015,"ביתעוזיאל"
302,"דפנה",0.0695187165775401,0.0687022900763359,0.112385321100917,0.0882352941176471,"דפנה"
303,"דן",0.436426116838488,0.376666666666667,0.351351351351351,0.334269662921348,"דן"
304,"שדה אליהו",0.0107816711590297,0.0136239782016349,0.00519480519480519,0.0152671755725191,"שדהאליהו"
305,"גשר",0.0774410774410774,0.0897009966777409,0.0853242320819113,0.0889679715302491,"גשר"
306,"שדמות דבורה",0.036,0.0182481751824818,0.0457317073170732,0.0652173913043478,"שדמותדבורה"
307,"הזורעים",0.00373134328358209,0.00325732899022801,0.0028328611898017,0,"הזורעים"
308,"מחניים",0.12037037037037,0.147982062780269,0.0989399293286219,0.0672514619883041,"מחניים"
309,"נהורה",0.0159090909090909,0.0212765957446809,0.0257289879931389,0.0148588410104012,"נהורה"
310,"כפר גליקסון",0.137362637362637,0.122340425531915,0.19047619047619,0.140625,"כפרגליקסון"
311,"גן שורק",0.0596026490066225,0.05,0.0837696335078534,0.0505050505050505,"גןשורק"
312,"נווה ים",0.0347826086956522,0.0551181102362205,0.0617283950617284,0.0552147239263804,"נווהים"
313,"אפק",0.0446096654275093,0.0535714285714286,0.0633802816901408,0.0754098360655738,"אפק"
315,"נגבה",0.442622950819672,0.329376854599407,0.232613908872902,0.132558139534884,"נגבה"
316,"כפר נטר",0.0925925925925926,0.0541666666666667,0.156424581005587,0.0980392156862745,"כפרנטר"
317,"בית אורן",0.0980392156862745,0.0955414012738854,0.164705882352941,0.139896373056995,"ביתאורן"
318,"עמיעוז",0,0.016,0.00840336134453781,0.00699300699300699,"עמיעוז"
319,"עמיר",0.435897435897436,0.404761904761905,0.369186046511628,0.318965517241379,"עמיר"
320,"כפר ורבורג",0.0685579196217494,0.0297619047619048,0.0795660036166365,0.0703517587939698,"כפרורבורג"
322,"בית הלל",0.0875420875420875,0.0508474576271186,0.0978260869565217,0.0843989769820972,"ביתהלל"
324,"שאר ישוב",0.0478723404255319,0.0255102040816327,0.0479704797047971,0.059190031152648,"שארישוב"
325,"מצובה",0.0775193798449612,0.058252427184466,0.0770833333333333,0.0698924731182796,"מצובה"
326,"בית יצחק-שער חפר",0.0852329038652131,0.0617059891107078,0.128744939271255,0.0846805234795997,"ביתיצחקשערחפר"
327,"שדות ים",0.0661764705882353,0.0709382151029748,0.124210526315789,0.0849420849420849,"שדותים"
329,"שדה נחמיה",0.0391304347826087,0.0643086816720257,0.0823244552058111,0.0717131474103586,"שדהנחמיה"
330,"אלומות",0.166666666666667,0.160583941605839,0.180124223602484,0.11864406779661,"אלומות"
331,"ניר צבי",0.0770577933450088,0.061633281972265,0.117474302496329,0.108225108225108,"נירצבי"
334,"קבוצת יבנה",0.023094688221709,0.0118203309692671,0.0283842794759825,0.0189075630252101,"קבוצתיבנה"
335,"רמת השופט",0.403076923076923,0.337016574585635,0.310344827586207,0.242914979757085,"רמתהשופט"
336,"דורות",0.0771812080536913,0.114649681528662,0.138504155124654,0.12565445026178,"דורות"
338,"איבים",0.0303030303030303,0,0.0714285714285714,0.0133333333333333,"איבים"
339,"רמת צבי",0.0745614035087719,0.0869565217391304,0.0649350649350649,0.0516717325227964,"רמתצבי"
340,"גת (קיבוץ)",0.448979591836735,0.328063241106719,0.312101910828025,0.232628398791541,"גתקיבוץ"
342,"גברעם",0.0828402366863905,0.0756756756756757,0.0783410138248848,0.0616113744075829,"גברעם"
343,"חמדיה",0.0731707317073171,0.0520833333333333,0.0414746543778802,0.0442477876106195,"חמדיה"
344,"מענית",0.37785016286645,0.323529411764706,0.316455696202532,0.272058823529412,"מענית"
345,"כפר סאלד",0.0836363636363636,0.0567375886524823,0.140575079872204,0.12012012012012,"כפרסאלד"
346,"גליל ים",0.15311004784689,0.108490566037736,0.17479674796748,0.104089219330855,"גלילים"
347,"מנרה",0.0793650793650794,0.0975609756097561,0.132450331125828,0.138686131386861,"מנרה"
348,"ניר עם",0.0909090909090909,0.0846560846560847,0.185185185185185,0.12093023255814,"נירעם"
351,"ניצן",0,0,0.00359066427289048,0.00134408602150538,"ניצן"
352,"גבולות",0.451851851851852,0.441379310344828,0.459627329192547,0.366459627329193,"גבולות"
353,"בית זיד",NA,NA,0.0588235294117647,0.117647058823529,"ביתזיד"
354,"רביבים",0.0776699029126214,0.0952380952380952,0.107142857142857,0.108647450110865,"רביבים"
355,"חורשים",0.380597014925373,0.327044025157233,0.374269005847953,0.282608695652174,"חורשים"
356,"הגושרים",0.06875,0.0813953488372093,0.0848329048843188,0.0772946859903382,"הגושרים"
357,"כפר בלום",0.076271186440678,0.0786516853932584,0.10126582278481,0.0997782705099778,"כפרבלום"
358,"יד מרדכי",0.412322274881517,0.359801488833747,0.400890868596882,0.354297693920335,"ידמרדכי"
359,"ניצנים",0.11304347826087,0.109803921568627,0.175373134328358,0.138461538461538,"ניצנים"
360,"גבעת ניל""י",0.0202020202020202,0.0128205128205128,0.0536912751677852,0.0810810810810811,"גבעתנילי"
362,"רוחמה",0.418439716312057,0.373737373737374,0.44336569579288,0.26578073089701,"רוחמה"
363,"חפץ חיים",0.004739336492891,0,0.00318471337579618,0.00355871886120996,"חפץחיים"
364,"כפר אוריה",0.0772946859903382,0.0635593220338983,0.171503957783641,0.131840796019901,"כפראוריה"
365,"בית קשת",0.0608108108108108,0.087431693989071,0.135593220338983,0.186206896551724,"ביתקשת"
366,"שמיר",0.284122562674095,0.300254452926209,0.301587301587302,0.283898305084746,"שמיר"
367,"עין העמק",0.00374531835205993,0.015527950310559,0.0323529411764706,0.0264423076923077,"עיןהעמק"
368,"ביריה",0.0131578947368421,0.0119402985074627,0.0101522842639594,0.00232558139534884,"ביריה"
369,"גלעד (אבן יצחק)",0.116666666666667,0.121848739495798,0.164609053497942,0.118081180811808,"גלעדאבןיצחק"
370,"גזר",0.26241134751773,0.163522012578616,0.284090909090909,0.256544502617801,"גזר"
372,"רמות נפתלי",0.0421052631578947,0.0274509803921569,0.0378006872852234,0.0462046204620462,"רמותנפתלי"
373,"בית הלוי",0.09,0.0785498489425982,0.11340206185567,0.0978520286396181,"ביתהלוי"
374,"חוקוק",0.0604026845637584,0.106382978723404,0.104417670682731,0.185714285714286,"חוקוק"
375,"מגל",0.137426900584795,0.109181141439206,0.159369527145359,0.103852596314908,"מגל"
376,"עברון",0.388520971302428,0.297592997811816,0.262114537444934,0.218556701030928,"עברון"
377,"המעפיל",0.462046204620462,0.360759493670886,0.404063205417607,0.28310502283105,"המעפיל"
378,"משגב עם",0.0727272727272727,0.096,0.0916030534351145,0.128048780487805,"משגבעם"
379,"גאולים",0.00554016620498615,0.0145631067961165,0.0269662921348315,0.0344827586206897,"גאולים"
380,"להבות הבשן",0.516981132075472,0.408026755852843,0.416020671834625,0.301518438177874,"להבותהבשן"
382,"מכמורת",0.0838607594936709,0.0986342943854325,0.136231884057971,0.141689373297003,"מכמורת"
383,"עין הנצי""ב",0.00961538461538462,0.00925925925925926,0.0149700598802395,0.021021021021021,"עיןהנציב"
385,"עמיעד",0.0957446808510638,0.111510791366906,0.145985401459854,0.137546468401487,"עמיעד"
386,"בני דרור",0.0914368650217707,0.0699300699300699,0.0953038674033149,0.058029689608637,"בנידרור"
387,"כפר מונש",0.114795918367347,0.105603448275862,0.141104294478528,0.114754098360656,"כפרמונש"
388,"כפר קיש",0.0507246376811594,0.0552486187845304,0.0657894736842105,0.0652173913043478,"כפרקיש"
389,"בצרה",0.0915492957746479,0.044806517311609,0.101818181818182,0.0795660036166365,"בצרה"
390,"רגבה",0.071078431372549,0.0498084291187739,0.0727272727272727,0.0615141955835962,"רגבה"
393,"גלאון",0.552995391705069,0.542857142857143,0.427480916030534,0.290076335877863,"גלאון"
394,"שובל",0.40053050397878,0.343163538873995,0.321989528795811,0.275773195876289,"שובל"
395,"משמר הנגב",0.0676691729323308,0.0790816326530612,0.105831533477322,0.073469387755102,"משמרהנגב"
396,"נבטים",0,0,0.00251889168765743,0.0125523012552301,"נבטים"
397,"חצרים",0.126923076923077,0.137476459510358,0.184257602862254,0.148464163822526,"חצרים"
398,"שרשרת",0,0,0,0.00564971751412429,"שרשרת"
399,"בארי",0.068901303538175,0.107266435986159,0.196485623003195,0.163418290854573,"בארי"
400,"אבן שמואל",0,0.00378787878787879,0,0.00192678227360308,"אבןשמואל"
402,"ניר יצחק",0.566473988439306,0.547752808988764,0.533678756476684,0.459317585301837,"ניריצחק"
403,"אורים",0.113924050632911,0.0731707317073171,0.174603174603175,0.1484375,"אורים"
405,"נווה אילן",0.0761904761904762,0.114583333333333,0.146572104018913,0.0934959349593496,"נווהאילן"
406,"חצור-אשדוד",0.495169082125604,0.491725768321513,0.492822966507177,0.39237668161435,"חצוראשדוד"
407,"דברת",0.0650887573964497,0.062111801242236,0.0446927374301676,0.0372670807453416,"דברת"
408,"נאות מרדכי",0.0668693009118541,0.0732484076433121,0.0994152046783626,0.0617647058823529,"נאותמרדכי"
409,"יחיעם",0.479338842975207,0.392996108949416,0.405017921146953,0.224615384615385,"יחיעם"
413,"צאלים",0.0942622950819672,0.0809716599190283,0.154761904761905,0.154929577464789,"צאלים"
414,"קלחים",0.0151515151515152,0.0272108843537415,0.0849056603773585,0.108433734939759,"קלחים"
415,"שוקדה",0,0,0,0,"שוקדה"
416,"מעין ברוך",0.0604395604395604,0.0867579908675799,0.0833333333333333,0.138328530259366,"מעיןברוך"
417,"יקום",0.393351800554017,0.404255319148936,0.406862745098039,0.304668304668305,"יקום"
418,"בני ציון",0.103004291845494,0.0533333333333333,0.114808652246256,0.0936555891238671,"בניציון"
419,"סעד",0.0296296296296296,0.0235849056603774,0.0234042553191489,0.0252100840336134,"סעד"
421,"משאבי שדה",0.112676056338028,0.112956810631229,0.184931506849315,0.116719242902208,"משאבישדה"
422,"חרב לאת",0.0604982206405694,0.0544412607449857,0.0901856763925729,0.0771084337349398,"חרבלאת"
423,"העוגן",0.439353099730458,0.3625,0.360849056603774,0.31359649122807,"העוגן"
424,"גבים",0.113744075829384,0.15311004784689,0.201680672268908,0.189591078066914,"גבים"
425,"משמרת",0.0875706214689266,0.0581395348837209,0.0991379310344828,0.0952380952380952,"משמרת"
426,"עין כרמל",0.0877862595419847,0.0763358778625954,0.145945945945946,0.0906666666666667,"עיןכרמל"
427,"כפר גלים",0.0847457627118644,0.0612244897959184,0.0535714285714286,0.0847457627118644,"כפרגלים"
428,"ברור חיל",0.0664206642066421,0.0714285714285714,0.110328638497653,0.0920770877944325,"ברורחיל"
429,"אלוני אבא",0.13265306122449,0.104651162790698,0.140692640692641,0.135458167330677,"אלוניאבא"
430,"בית לחם הגלילית",0.109826589595376,0.095360824742268,0.124705882352941,0.129840546697039,"ביתלחםהגלילית"
431,"דלתון",0,0,0,0,"דלתון"
432,"שמרת",0.448,0.462745098039216,0.436,0.306201550387597,"שמרת"
433,"נחשולים",0.0651340996168582,0.0397111913357401,0.11968085106383,0.110565110565111,"נחשולים"
434,"החותרים",0.0988023952095808,0.0876132930513595,0.121293800539084,0.085427135678392,"החותרים"
435,"נצר סרני",0.130548302872063,0.104761904761905,0.130232558139535,0.0869565217391304,"נצרסרני"
436,"עין דור",0.52896725440806,0.404466501240695,0.364185110663984,0.257289879931389,"עיןדור"
437,"רשפים",0.415730337078652,0.360594795539033,0.260714285714286,0.209677419354839,"רשפים"
439,"שלוחות",0.0114068441064639,0.00378787878787879,0.0173010380622837,0.024822695035461,"שלוחות"
440,"יסודות",0,0,0,0,"יסודות"
442,"גדעונה",0,0.02,0.0215827338129496,0.0213903743315508,"גדעונה"
443,"כפר הנשיא",0.101587301587302,0.13782991202346,0.188010899182561,0.138613861386139,"כפרהנשיא"
444,"רגבים",0.0971428571428571,0.072463768115942,0.173076923076923,0.150579150579151,"רגבים"
445,"רמות מנשה",0.41812865497076,0.350678733031674,0.32994923857868,0.255250403877221,"רמותמנשה"
446,"אודים",0.0926829268292683,0.0643776824034335,0.11913357400722,0.108843537414966,"אודים"
447,"נורדיה",0.0404339250493097,0.0258928571428571,0.0568,0.0532233883058471,"נורדיה"
448,"בני עטרות",0.0865671641791045,0.075187969924812,0.113247863247863,0.096579476861167,"בניעטרות"
449,"נחלים",0.00950871632329636,0.0015220700152207,0.00413223140495868,0.00804289544235925,"נחלים"
450,"בארות יצחק",0.0240963855421687,0.00383141762452107,0.0113636363636364,0.0287769784172662,"בארותיצחק"
452,"יזרעאל",0.104575163398693,0.0988023952095808,0.166163141993958,0.125356125356125,"יזרעאל"
453,"יפתח",0.0677966101694915,0.0827586206896552,0.121495327102804,0.0826210826210826,"יפתח"
454,"סער",0.367521367521368,0.398340248962656,0.247058823529412,0.139650872817955,"סער"
456,"שורש",0.106164383561644,0.108882521489971,0.137176938369781,0.0989180834621329,"שורש"
457,"גזית",0.464285714285714,0.377450980392157,0.495391705069124,0.36697247706422,"גזית"
460,"רמת רזיאל",0.0925925925925926,0.135531135531136,0.175384615384615,0.170658682634731,"רמתרזיאל"
462,"טל שחר",0.0661764705882353,0.0588235294117647,0.0855397148676171,0.100352112676056,"טלשחר"
463,"געתון",0.533834586466165,0.383458646616541,0.345047923322684,0.3,"געתון"
464,"הראל",0.347826086956522,0.483333333333333,0.340659340659341,0.278846153846154,"הראל"
465,"צובה",0.104815864022663,0.102150537634409,0.0982367758186398,0.0646651270207852,"צובה"
466,"בית דגן",0.0220820189274448,0.0109743930828068,0.0166959578207381,0.0133084908171413,"ביתדגן"
469,"קרית עקרון",0.015990159901599,0.009551967250398,0.0107716412064238,0.0107882373412215,"קריתעקרון"
472,"אבו גוש",0.00314267756128221,0.0166333998669328,0.0356940509915014,0.0163607342378292,"אבוגוש"
473,"אבו סנאן",0.00344456404736276,0.0148382388713208,0.00749946432397686,0.0114862513052558,"אבוסנאן"
475,"דחי",0,0.0291970802919708,0.112582781456954,0.03125,"דחי"
478,"אכסאל",0.00832967996492766,0.0169242089771891,0.0578651685393258,0.0110031175499725,"אכסאל"
480,"בית ג'ן",0.0283318223028105,0.0316374519025224,0.0227434257285004,0.0584823586273562,"ביתגן"
481,"מגאר",0.0107374392220421,0.0115239887111947,0.0171336424108043,0.0206970019783899,"מגאר"
482,"בועיינה-נוג'ידאת",0.0405179615705931,0.0182704019488429,0.00865800865800866,0.0227335736068755,"בועיינהנוגידאת"
483,"בענה",NA,NA,0.00435510887772194,0.012326252294781,"בענה"
485,"ג'ולס",0.026188166828322,0.0075187969924812,0.0128307939053729,0.00881057268722467,"גולס"
487,"ג'ש (גוש חלב)",0.0525762355415352,0.0340425531914894,0.081419624217119,0.0558823529411765,"גשגושחלב"
489,"דבוריה",0.00265051117001136,0.00341508848183794,0.0207394048692516,0.00488454706927176,"דבוריה"
490,"דייר אל-אסד",NA,NA,0.00437682367653189,0.0179957657021877,"דייראלאסד"
492,"דייר חנא",0.0226546616322974,0.00150338261087447,0.00842358604091456,0.0116629044394281,"דיירחנא"
494,"דאלית אל-כרמל",NA,0.0305373525557012,0.0510268562401264,0.0189018901890189,"דאליתאלכרמל"
496,"חורפיש",0.015506958250497,0.0139069969578444,0.0179003386550556,0.027972027972028,"חורפיש"
497,"טייבה (בעמק)",0.00171821305841924,0.00325732899022801,0.0859504132231405,0.0387722132471729,"טייבהבעמק"
498,"טורעאן",0.00540848277825221,0.00494405412438199,0.0104887301941531,0.0206713445856249,"טורעאן"
499,"יפיע",0.0205655526992288,0.0182498830135704,0.0178452301534356,0.0203723691311387,"יפיע"
502,"ירכא",0.0369072164948454,0.00276570525483998,0.00425025501530092,0.00929460580912863,"ירכא"
504,"כאבול",0.00602755453501722,0.000434310532030402,0.00278551532033426,0.00592747559274756,"כאבול"
505,"כאוכב אבו אל-היג'",0.0066079295154185,0,0.00427960057061341,0.0164960182025028,"כאוכבאבואלהיג"
507,"כפר יאסיף",0.00680628272251309,0.00838884776708611,0.0218994413407821,0.0324483775811209,"כפריאסיף"
508,"כפר כמא",0.041970802919708,0.114228456913828,0.101282051282051,0.0904893813481071,"כפרכמא"
509,"כפר כנא",0.022673031026253,0.00898762082414787,0.00767893364242249,0.00730843896311522,"כפרכנא"
510,"כפר מנדא",0.00983358547655068,0.00146573836570172,0.00434341971912553,0.0134811641678216,"כפרמנדא"
511,"עילוט",0.00663449939686369,0.0251700680272109,0.00745077168706759,0.00630914826498423,"עילוט"
512,"כפר מצר",0.00277392510402219,0.00532859680284192,0.0262430939226519,0.0109170305676856,"כפרמצר"
514,"עין ראפה",0.0310880829015544,0.0582010582010582,0.0862745098039216,0.0249307479224377,"עיןראפה"
516,"מג'ד אל-כרום",NA,0.00870724819579542,0.00492449113591596,0.0184740162210874,"מגדאלכרום"
517,"מזרעה",0.0715350223546945,0.049089469517023,0.132231404958678,0.058261700095511,"מזרעה"
518,"מעיליא",0.0340831629175187,0.0342726580350343,0.0720053835800808,0.130659025787966,"מעיליא"
520,"משהד",0.0754430379746835,0.0367388022143936,0.0117370892018779,0.0270994639666468,"משהד"
521,"עין נקובא",0.00271739130434783,0.137662337662338,0.0227670753064799,0.0118577075098814,"עיןנקובא"
522,"נחף",0.0371536523929471,0.00244319569997557,0.0105736188210415,0.00590086546026751,"נחף"
523,"ניין",0.219354838709677,0.0433962264150943,0.629156010230179,0.62119503945885,"ניין"
524,"נאעורה",0.027027027027027,0.0135135135135135,0.0262345679012346,0.0311688311688312,"נאעורה"
525,"סאג'ור",0.0055379746835443,0.00317208564631245,0.00455927051671732,0.00560224089635854,"סאגור"
526,"סולם",0.108870967741935,0.0264830508474576,0.126168224299065,0.101208459214502,"סולם"
527,"שזור",0,0,0.00578034682080925,0,"שזור"
528,"עוזייר",0.00742115027829314,0.00892857142857143,0.00699300699300699,0.0139484978540773,"עוזייר"
529,"אעבלין",0.0322836729293464,0.0136727958510137,0.013285296104481,0.04742352699651,"אעבלין"
530,"עיילבון",0.0155844155844156,0.0319103061664511,0.0421455938697318,0.0852830188679245,"עיילבון"
531,"עראבה",0.00919505577328912,0.00790257805415209,0.00659396398681207,0.00456399300835114,"עראבה"
532,"עין מאהל",0.0107709750566893,0.00226116449971735,0.00297619047619048,0.0223630920936785,"עיןמאהל"
534,"עספיא",NA,NA,0.0432291666666667,0.0375347544022243,"עספיא"
535,"פסוטה",0.0824524312896406,0.085,0.155399473222125,0.118391660461653,"פסוטה"
536,"פקיעין (בוקייעה)",0.0129659643435981,0.0074280408542247,0.0134284515316828,0.0192233756247597,"פקיעיןבוקייעה"
537,"פוריידיס",0.0107334525939177,0.00279106858054226,0.0768975803778588,0.0843160377358491,"פוריידיס"
538,"שעב",0.00603708495040966,0.0350957155879672,0.023792093704246,0.0262090483619345,"שעב"
539,"רומאנה",0.0110803324099723,0,0,0.00405679513184584,"רומאנה"
540,"ריחאניה",0.0108695652173913,0.0476190476190476,0.0216867469879518,0.050709939148073,"ריחאניה"
541,"ג'סר א-זרקא",0.183942480527262,0.0832157968970381,0.0803091397849462,0.0366422385076616,"גסראזרקא"
542,"ריינה",0.020397489539749,0.00461775269368907,0.00693481276005548,0.00865667027361261,"ריינה"
543,"ראמה",0.018348623853211,0.017578125,0.0334632878492528,0.0537848605577689,"ראמה"
546,"עין אל-אסד",0,0.00858369098712446,0.0570175438596491,0.0251798561151079,"עיןאלאסד"
547,"טמרה (יזרעאל)",0.00949367088607595,0,0.1,0.0767085076708508,"טמרהיזרעאל"
549,"גנות הדר",0.0409556313993174,0.0198511166253102,0.0131868131868132,0.0223123732251521,"גנותהדר"
553,"ניר בנים",0.0720720720720721,0.0666666666666667,0.129533678756477,0.0788863109048724,"נירבנים"
555,"שדמה",0.0849056603773585,0.088785046728972,0.120833333333333,0.111510791366906,"שדמה"
559,"בוסתן הגליל",0.0816326530612245,0.049645390070922,0.0476190476190476,0.0597014925373134,"בוסתןהגליל"
562,"בית אלעזרי",0.0511363636363636,0.0419906687402799,0.0524822695035461,0.0513784461152882,"ביתאלעזרי"
563,"משמר דוד",0.0555555555555556,0.0909090909090909,0.0849673202614379,0.0771704180064309,"משמרדוד"
564,"רבדים",0.506172839506173,0.435424354243542,0.488817891373802,0.400523560209424,"רבדים"
565,"אזור",0.0262891809908999,0.0172877449097196,0.0246088657105606,0.0216517166718218,"אזור"
567,"צרעה",0.130859375,0.170974155069582,0.193840579710145,0.168831168831169,"צרעה"
570,"מעונה",0.0109489051094891,0.0232558139534884,0.0217917675544794,0.022271714922049,"מעונה"
571,"בית גמליאל",0.00206611570247934,0,0.00374531835205993,0.0071301247771836,"ביתגמליאל"
572,"בית העמק",0.118589743589744,0.147909967845659,0.14968152866242,0.148367952522255,"ביתהעמק"
573,"מבקיעים",0.00980392156862745,0.0126582278481013,0.027027027027027,0.00865800865800866,"מבקיעים"
574,"גשר הזיו",0.0850574712643678,0.0806962025316456,0.0939153439153439,0.0818070818070818,"גשרהזיו"
575,"יסעור",0.477777777777778,0.362694300518135,0.303571428571429,0.228295819935691,"יסעור"
576,"כברי",0.0885311871227364,0.114503816793893,0.180555555555556,0.113300492610837,"כברי"
577,"יד בנימין",0,0,0,0,"ידבנימין"
578,"סאסא",0.421875,0.328621908127208,0.394495412844037,0.340236686390533,"סאסא"
579,"כפר ראש הנקרה",0.0687960687960688,0.0603112840466926,0.0525477707006369,0.0525525525525526,"כפרראשהנקרה"
580,"כרם מהר""ל",0.0821428571428571,0.0804289544235925,0.130841121495327,0.135983263598326,"כרםמהרל"
582,"כפר הנגיד",0.0669456066945607,0.037109375,0.0571923743500867,0.0457627118644068,"כפרהנגיד"
584,"זיקים",0.502415458937198,0.326530612244898,0.339943342776204,0.290155440414508,"זיקים"
585,"לביא",0.00496277915632754,0.0101010101010101,0.00256410256410256,0.0077720207253886,"לביא"
586,"מגידו",0.34010152284264,0.178247734138973,0.219907407407407,0.165178571428571,"מגידו"
587,"סביון",0.116625310173697,0.0877788554801164,0.13475499092559,0.0868113522537563,"סביון"
588,"בני ראם",0,0.00191938579654511,0.00165562913907285,0.00153609831029186,"בניראם"
589,"בצת",0.0306748466257669,0.0303030303030303,0.00995024875621891,0.0285714285714286,"בצת"
590,"נווה אור",0.0497237569060773,0.0568720379146919,0.122641509433962,0.0552995391705069,"נווהאור"
591,"עשרת",0.0907534246575342,0.0852713178294574,0.119236883942766,0.0811232449297972,"עשרת"
592,"בני דרום",0.00458715596330275,0.00395256916996047,0.0179856115107914,0.00649350649350649,"בנידרום"
593,"ערוגות",0.0458015267175573,0.0392609699769053,0.0570824524312896,0.052734375,"ערוגות"
594,"צפריה",0.00386100386100386,0.00355871886120996,0.00547945205479452,0.00510204081632653,"צפריה"
595,"לוחמי הגיטאות",0.042483660130719,0.10580204778157,0.127659574468085,0.0782608695652174,"לוחמיהגיטאות"
596,"מלכיה",0.0880829015544041,0.138075313807531,0.146938775510204,0.126530612244898,"מלכיה"
597,"פלמחים",0.151898734177215,0.192429022082019,0.237967914438503,0.180952380952381,"פלמחים"
598,"בית קמה",0.388297872340426,0.254480286738351,0.270207852193995,0.223404255319149,"ביתקמה"
599,"פרוד",0.0573248407643312,0.0897435897435897,0.136363636363636,0.092436974789916,"פרוד"
602,"נירים",0.435684647302905,0.389763779527559,0.472118959107807,0.353571428571429,"נירים"
603,"אלקוש",0.00649350649350649,0,0,0.00584795321637427,"אלקוש"
604,"בית עריף",0.00890207715133531,0.00515463917525773,0.0189873417721519,0.0182481751824818,"ביתעריף"
605,"כפר שמאי",0.00714285714285714,0.0131578947368421,0.00558659217877095,0.00446428571428571,"כפרשמאי"
606,"מזור",0.0550847457627119,0.0355805243445693,0.0817051509769094,0.0732899022801303,"מזור"
607,"מירון",0.0045662100456621,0,0,0,"מירון"
609,"כפר חושן",0.00357142857142857,0,0.00315457413249211,0.0101781170483461,"כפרחושן"
610,"סתריה",0.0870588235294118,0.0607287449392713,0.0951557093425606,0.084297520661157,"סתריה"
612,"צרופה",0.0137741046831956,0.0145631067961165,0.0365591397849462,0.0287907869481766,"צרופה"
613,"ציפורי",0.07421875,0.0632183908045977,0.0865384615384615,0.0923076923076923,"ציפורי"
614,"שומרה",0,0.00571428571428571,0,0.00505050505050505,"שומרה"
615,"קדרון",0.0888208269525268,0.072,0.103117505995204,0.0854503464203233,"קדרון"
616,"רינתיה",0.0339425587467363,0.0303030303030303,0.0569105691056911,0.0575139146567718,"רינתיה"
617,"ברקאי",0.457831325301205,0.526923076923077,0.477272727272727,0.342507645259939,"ברקאי"
618,"חדיד",0.00390625,0.00313479623824451,0.010126582278481,0.00856531049250535,"חדיד"
619,"בית גוברין",0.0879120879120879,0.0714285714285714,0.155555555555556,0.131818181818182,"ביתגוברין"
620,"משואות יצחק",0.00852272727272727,0.0212765957446809,0.0155440414507772,0.0254452926208651,"משואותיצחק"
622,"עין צורים",0.0140845070422535,0.00511945392491468,0.0048,0.0140845070422535,"עיןצורים"
623,"יראון",0.0672645739910314,0.111111111111111,0.116279069767442,0.0950226244343891,"יראון"
627,"ג'לג'וליה",0.0356466876971609,0.0125184094256259,0.0397953382603752,0.0350361663652803,"גלגוליה"
628,"ג'ת",NA,NA,0.0306081353201772,0.0353549088931194,"גת"
633,"כפר ברא",0.0991831971995333,0.0154946364719905,0.172924901185771,0.0607734806629834,"כפרברא"
634,"כפר קאסם",0.244027303754266,0.136561479869423,0.347575304422132,0.170119820269596,"כפרקאסם"
635,"מוקייבלה",0.00207253886010363,0.00109051254089422,0.00492610837438424,0.0112951807228916,"מוקייבלה"
636,"צנדלה",0.0377906976744186,0.0024330900243309,0.0225733634311512,0,"צנדלה"
637,"ערערה",0.0265839610101905,0.0137393241737839,0.0292520581537923,0.00905318747642399,"ערערה"
638,"קלנסווה",0.0333761232349166,0.0106755337766888,0.0426442884055489,0.0118045815801777,"קלנסווה"
648,"מצר",0.464028776978417,0.482394366197183,0.538216560509554,0.415384615384615,"מצר"
649,"מייסר",0.0925925925925926,0.0257879656160458,0.0116279069767442,0.0172413793103448,"מייסר"
652,"אבטין",0.0693548387096774,0.00289435600578871,0.0258899676375405,0.00883838383838384,"אבטין"
654,"כפר קרע",0.0598322460391426,0.00728424386381631,0.0390020074562661,0.0162259615384615,"כפרקרע"
658,"שייח' דנון",0.0213068181818182,0.00342075256556442,0.0115473441108545,0.0752177355502771,"שייחדנון"
661,"שער אפרים",0.0332681017612524,0.0184254606365159,0.0347593582887701,0.0240096038415366,"שעראפרים"
662,"חוסן",0.0172910662824208,0.0287958115183246,0.0242130750605327,0.0142276422764228,"חוסן"
663,"טירת יהודה",0.0026246719160105,0.00223713646532438,0.0168539325842697,0.0115131578947368,"טירתיהודה"
664,"כרם בן זמרה",0,0,0,0,"כרםבןזמרה"
665,"תקומה",0.0141843971631206,0.0159744408945687,0.0170454545454545,0.00906344410876133,"תקומה"
666,"עומר",0.0759169017696845,0.0788082652570879,0.0977126360204308,0.0787569178373776,"עומר"
667,"ברעם",0.420689655172414,0.458333333333333,0.520588235294118,0.423529411764706,"ברעם"
668,"מפלסים",0.0604026845637584,0.0477611940298507,0.120481927710843,0.119617224880383,"מפלסים"
670,"משמר איילון",0.0452488687782805,0.0521739130434783,0.1,0.0551948051948052,"משמראיילון"
672,"בית נקופה",0.0590909090909091,0.0481481481481481,0.111864406779661,0.0605095541401274,"ביתנקופה"
673,"כפר טרומן",0.037463976945245,0.0325,0.0650602409638554,0.0519187358916479,"כפרטרומן"
674,"לימן",0.0145454545454545,0.0208955223880597,0.0249307479224377,0.0153846153846154,"לימן"
675,"הבונים",0.0754716981132075,0.0657894736842105,0.139303482587065,0.100961538461538,"הבונים"
676,"עין השלושה",0.0388888888888889,0.0216216216216216,0.074468085106383,0.0582959641255605,"עיןהשלושה"
677,"הסוללים",0.0997375328083989,0.0682926829268293,0.0969976905311778,0.099403578528827,"הסוללים"
678,"מעגן",0.0414201183431953,0.0172413793103448,0.0631578947368421,0.058252427184466,"מעגן"
679,"אביאל",0.0481927710843374,0.0358208955223881,0.095,0.099273607748184,"אביאל"
680,"אומץ",0.0547945205479452,0.0526315789473684,0.0707964601769911,0.0598290598290598,"אומץ"
681,"גבעת שמואל",0.0365017406899462,0.0246080760095012,0.0299259982109458,0.0273517189270873,"גבעתשמואל"
682,"אליקים",0.00302114803625378,0.00289855072463768,0.0108108108108108,0.0116009280742459,"אליקים"
683,"גבע כרמל",0.0324189526184539,0.0300429184549356,0.065843621399177,0.0368217054263566,"גבעכרמל"
684,"היוגב",0.0284090909090909,0.0541310541310541,0.0676328502415459,0.0462962962962963,"היוגב"
685,"בניה",0.0551558752997602,0.0440528634361234,0.0712871287128713,0.05893536121673,"בניה"
686,"נווה ימין",0.0119760479041916,0.00500834724540901,0.0166919575113809,0.0149659863945578,"נווהימין"
687,"עין איילה",0.063768115942029,0.068649885583524,0.121513944223108,0.10077519379845,"עיןאיילה"
688,"עלמה",0,0,0,0,"עלמה"
689,"מגדים",0.0181818181818182,0.0208768267223382,0.047787610619469,0.0459770114942529,"מגדים"
690,"כפר אחים",0.0120481927710843,0.0285714285714286,0.0226628895184136,0.0234375,"כפראחים"
692,"שפיר",0.0127118644067797,0.0170648464163823,0.0193370165745856,0.0151133501259446,"שפיר"
693,"נתיב הל""ה",0.0826086956521739,0.134387351778656,0.144262295081967,0.105919003115265,"נתיבהלה"
694,"מעגן מיכאל",0.135231316725979,0.139913232104121,0.233466933867735,0.189908256880734,"מעגןמיכאל"
695,"מגן",0.549295774647887,0.466887417218543,0.572784810126582,0.433234421364985,"מגן"
696,"כפר חב""ד",0.000587544065804935,0.00102669404517454,0.000840336134453782,0.0015319800842589,"כפרחבד"
697,"בארותיים",0.036036036036036,0.0341463414634146,0.0840163934426229,0.0746268656716418,"בארותיים"
698,"בורגתה",0.0408163265306122,0.0305498981670061,0.0759717314487632,0.0673076923076923,"בורגתה"
699,"ניר ישראל",0.0775862068965517,0.0520833333333333,0.099273607748184,0.0546697038724374,"נירישראל"
700,"חצב",0.00245700245700246,0.00662251655629139,0.00934579439252336,0.00972447325769854,"חצב"
701,"ארבל",0.0326086956521739,0.0321100917431193,0.0371747211895911,0.0509554140127389,"ארבל"
702,"האון",0.0777777777777778,0.1,0.0476190476190476,0.0693069306930693,"האון"
703,"גבעת עוז",0.384937238493724,0.291666666666667,0.274074074074074,0.205992509363296,"גבעתעוז"
705,"נחשונים",0.415458937198068,0.351851851851852,0.358851674641148,0.30952380952381,"נחשונים"
706,"גיאה",0.051948051948052,0.0237388724035608,0.0325814536340852,0.0238663484486874,"גיאה"
707,"כפר דניאל",0.147651006711409,0.136929460580913,0.15954415954416,0.0824175824175824,"כפרדניאל"
708,"עמקה",0.00373134328358209,0,0.00305810397553517,0,"עמקה"
709,"תפרח",0,0,0.00130890052356021,0.00242130750605327,"תפרח"
710,"בית זית",0.0841654778887304,0.113122171945701,0.174300254452926,0.138403990024938,"ביתזית"
711,"עזריה",0.00318471337579618,0.00719424460431655,0.00806451612903226,0.00522648083623693,"עזריה"
712,"בן עמי",0.0659340659340659,0.0597826086956522,0.0825,0.0813953488372093,"בןעמי"
713,"רעים",0.109090909090909,0.115384615384615,0.166666666666667,0.10752688172043,"רעים"
714,"ארז",0.0765765765765766,0.140969162995595,0.142857142857143,0.122516556291391,"ארז"
715,"להבות חביבה",0.384615384615385,0.346938775510204,0.302405498281787,0.183246073298429,"להבותחביבה"
716,"אייל",0.0625,0.0946502057613169,0.0899653979238754,0.0878378378378378,"אייל"
717,"חגור",0.0234604105571848,0.0211764705882353,0.0446601941747573,0.0517857142857143,"חגור"
718,"ירחיב",0.00320512820512821,0,0.0206896551724138,0.0218687872763419,"ירחיב"
719,"תל קציר",0.0780141843971631,0.04375,0.0531914893617021,0.0398009950248756,"תלקציר"
720,"ניר גלים",0.0103448275862069,0.00952380952380952,0.0091533180778032,0.0235546038543897,"נירגלים"
721,"שדה אילן",0.00896860986547085,0.00429184549356223,0.0142348754448399,0.00328947368421053,"שדהאילן"
722,"מגשימים",0.0789473684210526,0.0403800475059382,0.0562248995983936,0.0684647302904564,"מגשימים"
723,"בית הגדי",0.00793650793650794,0.00336700336700337,0,0,"ביתהגדי"
726,"הודיה",0.0155642023346304,0.0182481751824818,0.0146520146520147,0.0154798761609907,"הודיה"
727,"תלמי יחיאל",0.0180505415162455,0.0128617363344051,0.0225988700564972,0.0268948655256724,"תלמייחיאל"
729,"משמר השבעה",0.0488431876606684,0.0366748166259169,0.0735930735930736,0.0408163265306122,"משמרהשבעה"
730,"אליפלט",0,0,0,0.00341296928327645,"אליפלט"
731,"מישר",0.0803858520900322,0.0869565217391304,0.109550561797753,0.0773333333333333,"מישר"
732,"משמר הירדן",0.0187793427230047,0.0233463035019455,0.0217391304347826,0.0229885057471264,"משמרהירדן"
734,"גן יאשיה",0.0933333333333333,0.0839506172839506,0.100217864923747,0.104166666666667,"גןיאשיה"
735,"רמות מאיר",0.0882352941176471,0.0858895705521472,0.10655737704918,0.078125,"רמותמאיר"
736,"גילת",0.00247524752475248,0,0.00374531835205993,0.00447761194029851,"גילת"
737,"עולש",0.0464547677261614,0.040948275862069,0.0657894736842105,0.0405156537753223,"עולש"
738,"דור",0.0384615384615385,0.0552763819095477,0.041025641025641,0.0502283105022831,"דור"
739,"שדה עוזיהו",0.00763358778625954,0.00402414486921529,0,0,"שדהעוזיהו"
740,"אשתאול",0.032258064516129,0.0409638554216867,0.0522088353413655,0.0364963503649635,"אשתאול"
741,"שואבה",0.0988142292490119,0.0604026845637584,0.108359133126935,0.103857566765579,"שואבה"
742,"מסילת ציון",0.0519125683060109,0.0623441396508728,0.107843137254902,0.0891840607210626,"מסילתציון"
743,"כפר שמואל",0.0769230769230769,0.0576441102756892,0.0864485981308411,0.0949074074074074,"כפרשמואל"
744,"תלמי יפה",0.0493827160493827,0.048951048951049,0.0436363636363636,0.0392749244712991,"תלמייפה"
745,"גמזו",0.00470588235294118,0.00429184549356223,0.00606060606060606,0.0132075471698113,"גמזו"
746,"ברכיה",0,0,0,0,"ברכיה"
747,"בית שקמה",0.00888888888888889,0.018796992481203,0.00378787878787879,0.00579710144927536,"ביתשקמה"
748,"מסלול",0.0161290322580645,0.023696682464455,0.0153256704980843,0.0130293159609121,"מסלול"
749,"פטיש",0.00305810397553517,0.00289017341040462,0,0,"פטיש"
750,"פדויים",0.0125786163522013,0,0.00552486187845304,0,"פדויים"
751,"בית מאיר",0,0.00335570469798658,0,0,"ביתמאיר"
752,"תעוז",0.0131004366812227,0.00784313725490196,0.0572390572390572,0.0426829268292683,"תעוז"
753,"ינוב",0.0168539325842697,0.00824175824175824,0.0431654676258993,0.0391304347826087,"ינוב"
755,"גורן",0.0126050420168067,0,0.00401606425702811,0.00384615384615385,"גורן"
756,"בית עזרא",0.0161662817551963,0.010183299389002,0.0192982456140351,0.0159235668789809,"ביתעזרא"
757,"מצליח",0.00639658848614072,0.0037037037037037,0.0109546165884194,0.0123456790123457,"מצליח"
758,"יד חנה",0.226086956521739,0.136986301369863,0.144578313253012,0.135549872122762,"ידחנה"
759,"יציץ",0.0116279069767442,0.00778210116731518,0.0125391849529781,0.0280612244897959,"יציץ"
760,"בן זכאי",0,0.00591715976331361,0.00268817204301075,0.0043956043956044,"בןזכאי"
761,"שובה",0,0.00480769230769231,0,0,"שובה"
762,"בטחה",0,0.00284900284900285,0.00259067357512953,0.0022883295194508,"בטחה"
763,"שתולים",0.00818330605564648,0.0100574712643678,0.00718562874251497,0.0106157112526539,"שתולים"
764,"כפר מרדכי",0.0809716599190283,0.0836236933797909,0.107462686567164,0.0760233918128655,"כפרמרדכי"
765,"משגב דב",0.0543478260869565,0.055045871559633,0.117333333333333,0.0983606557377049,"משגבדב"
766,"קוממיות",0,0,0,0,"קוממיות"
767,"פורת",0.0031055900621118,0,0,0.00355239786856128,"פורת"
768,"כרמיה",0.360824742268041,0.184210526315789,0.256410256410256,0.185393258426966,"כרמיה"
769,"ניר עציון",0.0206896551724138,0.00719424460431655,0.0103806228373702,0.020066889632107,"נירעציון"
771,"מבוא ביתר",0.0542168674698795,0.0391061452513966,0.0419847328244275,0.050131926121372,"מבואביתר"
772,"אמונים",0.020253164556962,0.0169491525423729,0.0221729490022173,0.0127118644067797,"אמונים"
773,"עמיקם",0.0643776824034335,0.0285714285714286,0.138888888888889,0.118457300275482,"עמיקם"
774,"צוריאל",0.013986013986014,0.0127388535031847,0.0116959064327485,0.0050251256281407,"צוריאל"
775,"יד נתן",0.0449438202247191,0.0506912442396313,0.047244094488189,0.0476190476190476,"ידנתן"
776,"מחסיה",0.00680272108843537,0.0113636363636364,0,0,"מחסיה"
777,"נחשון",0.495833333333333,0.478571428571429,0.486301369863014,0.447368421052632,"נחשון"
778,"תרום",0,0.00760456273764259,0.00328947368421053,0,"תרום"
779,"עמינדב",0.069204152249135,0.0825958702064897,0.115646258503401,0.102941176470588,"עמינדב"
780,"אורה",0.0251396648044693,0.0316742081447964,0.0469314079422383,0.037953795379538,"אורה"
783,"אבן ספיר",0.0232558139534884,0.0306122448979592,0.0182370820668693,0.0395778364116095,"אבןספיר"
784,"בית נחמיה",0.0542372881355932,0.0187667560321716,0.076036866359447,0.0694736842105263,"ביתנחמיה"
785,"אחיהוד",0.00647249190938511,0.00303951367781155,0.00495049504950495,0.00448430493273543,"אחיהוד"
786,"כפר זיתים",0,0,0,0,"כפרזיתים"
787,"גבעת יערים",0.050314465408805,0.066147859922179,0.0783034257748776,0.0881057268722467,"גבעתיערים"
788,"זיתן",0.00248138957816377,0.00740740740740741,0.0156521739130435,0.00764525993883792,"זיתן"
789,"רנן",0.00775193798449612,0.0114942528735632,0.0171673819742489,0.00709219858156028,"רנן"
791,"משען",0.00377358490566038,0,0.00478468899521531,0.00831600831600832,"משען"
792,"נתיב השיירה",0.0174672489082969,0.0107142857142857,0.0131578947368421,0.0154798761609907,"נתיבהשיירה"
793,"גבעתי",0.00675675675675676,0.00280898876404494,0,0.0113122171945701,"גבעתי"
794,"עגור",0,0.0176470588235294,0.0207253886010363,0.0144927536231884,"עגור"
795,"יערה",0.00775193798449612,0.00634920634920635,0.0304878048780488,0.0343915343915344,"יערה"
796,"צלפון",0.00727272727272727,0.0122699386503067,0.0103626943005181,0.0116279069767442,"צלפון"
797,"אחיעזר",0,0,0,0.00235849056603774,"אחיעזר"
798,"יגל",0,0,0.0155038759689922,0.0153172866520788,"יגל"
799,"זכריה",0,0.00508905852417303,0.00642398286937901,0.0036101083032491,"זכריה"
800,"בית חנניה",0.0897832817337461,0.0726744186046512,0.0723192019950125,0.0634573304157549,"ביתחנניה"
801,"חמד",0.0140350877192982,0.0029673590504451,0.00238663484486874,0.00662251655629139,"חמד"
802,"גבעת כ""ח",0.0045662100456621,0.0193050193050193,0.0134770889487871,0.0130151843817787,"גבעתכח"
803,"יושיביה",0,0,0,0,"יושיביה"
804,"אחיסמך",0,0,0,0.00149700598802395,"אחיסמך"
805,"ישעי",0,0.00589970501474926,0,0,"ישעי"
806,"עין יהב",0.0862619808306709,0.0744985673352436,0.123655913978495,0.062992125984252,"עיןיהב"
807,"חניאל",0.0862533692722372,0.0472972972972973,0.0927152317880795,0.0746887966804979,"חניאל"
808,"ניר אליהו",0.149321266968326,0.152263374485597,0.151898734177215,0.14041095890411,"ניראליהו"
809,"נחם",0.00440528634361234,0,0.0120481927710843,0,"נחם"
810,"עופר",0.0585106382978723,0.0347826086956522,0.0975609756097561,0.128617363344051,"עופר"
811,"יכיני",0.00434782608695652,0.00763358778625954,0.00943396226415094,0.0114285714285714,"יכיני"
812,"שלומי",0.0151456310679612,0.00437158469945355,0.013284623048821,0.0103217972070431,"שלומי"
813,"עין יעקב",0.00920245398773006,0.010989010989011,0.0325581395348837,0.023454157782516,"עיןיעקב"
814,"תלמים",0,0,0.00294117647058824,0.00241545893719807,"תלמים"
815,"זבדיאל",0,0,0.00336700336700337,0.00649350649350649,"זבדיאל"
816,"זנוח",0.00564971751412429,0.0109289617486339,0,0.00732600732600733,"זנוח"
817,"עזריקם",0.00945626477541371,0,0,0.0031055900621118,"עזריקם"
818,"זרחיה",0,0,0,0.00563380281690141,"זרחיה"
819,"אביגדור",0.0981432360742706,0.0719602977667494,0.105263157894737,0.071578947368421,"אביגדור"
820,"חלץ",0,0.00884955752212389,0.0045045045045045,0,"חלץ"
821,"אחוזם",0,0,0,0,"אחוזם"
822,"מטע",0.0652173913043478,0.0774907749077491,0.0993788819875776,0.125319693094629,"מטע"
823,"בר גיורא",0.0396039603960396,0.0258620689655172,0.0469314079422383,0.0576271186440678,"ברגיורא"
824,"כוכב מיכאל",0.0780780780780781,0.0353260869565217,0.0780911062906725,0.0365111561866126,"כוכבמיכאל"
825,"נס הרים",0.00847457627118644,0,0.0238726790450928,0.0326923076923077,"נסהרים"
826,"עוזה",0,0,0,0,"עוזה"
827,"נווה מבטח",0.0982456140350877,0.0480769230769231,0.0840336134453782,0.042042042042042,"נווהמבטח"
828,"ישרש",0.0181818181818182,0.017632241813602,0.0382882882882883,0.0177165354330709,"ישרש"
829,"מבטחים",0.0182926829268293,0.0150753768844221,0.0228310502283105,0.0087719298245614,"מבטחים"
831,"ירוחם",0.00779473855147775,0.0081447963800905,0.0135891286970424,0.0118903178840087,"ירוחם"
836,"גנות",0.0619469026548673,0.0576131687242798,0.0795847750865052,0.0633802816901408,"גנות"
837,"עזריאל",0.00727272727272727,0,0.00248756218905473,0.00221729490022173,"עזריאל"
838,"פדיה",0.00851063829787234,0.0033112582781457,0.011142061281337,0.00469483568075117,"פדיה"
839,"פתחיה",0.0197368421052632,0.0127877237851662,0.0186480186480186,0.0242914979757085,"פתחיה"
840,"כיסופים",0.0254237288135593,0.0526315789473684,0.106382978723404,0.0454545454545455,"כיסופים"
841,"אלישמע",0.0275,0.00674157303370787,0.0102915951972556,0.0145631067961165,"אלישמע"
842,"געש",0.505494505494505,0.38659793814433,0.427536231884058,0.320796460176991,"געש"
843,"מרגליות",0.0916666666666667,0.0662251655629139,0.013986013986014,0.0228571428571429,"מרגליות"
844,"נחל עוז",0.0872093023255814,0.100558659217877,0.152173913043478,0.0945945945945946,"נחלעוז"
845,"כפר עזה",0.0843373493975904,0.08,0.146341463414634,0.117878192534381,"כפרעזה"
846,"שפר",0.018018018018018,0.0161290322580645,0.0368421052631579,0.029126213592233,"שפר"
848,"בית רבן",0,0,0.00434782608695652,0,"ביתרבן"
849,"דבירה",0.412844036697248,0.35,0.29608938547486,0.268844221105528,"דבירה"
850,"אחיטוב",0.00597014925373134,0.0149253731343284,0.0155210643015521,0.0220183486238532,"אחיטוב"
851,"ניצני עוז",0.041343669250646,0.0220048899755501,0.0368852459016393,0.039568345323741,"ניצניעוז"
852,"גונן",0.173913043478261,0.157635467980296,0.183406113537118,0.176229508196721,"גונן"
853,"גאליה",0.05859375,0.0443262411347518,0.0705128205128205,0.053125,"גאליה"
854,"רחוב",0,0,0,0,"רחוב"
856,"שעלבים",0,0.0029585798816568,0.0079155672823219,0.00190114068441065,"שעלבים"
857,"כפר אביב",0.0371517027863777,0.0316622691292876,0.0639386189258312,0.0528846153846154,"כפראביב"
858,"נווה ירק",0.0794824399260629,0.0480928689883914,0.0558002936857562,0.0557142857142857,"נווהירק"
859,"כסלון",0,0.0198675496688742,0.0601092896174863,0.0465116279069767,"כסלון"
861,"שדה אליעזר",0.027972027972028,0.00925925925925926,0.0188679245283019,0.0376940133037694,"שדהאליעזר"
862,"גני יוחנן",0.0380622837370242,0.0220125786163522,0.0414507772020725,0.0278481012658228,"גנייוחנן"
863,"גינתון",0.0289017341040462,0.032258064516129,0.0603448275862069,0.0542168674698795,"גינתון"
864,"בקוע",0.00383141762452107,0.00757575757575758,0,0.00847457627118644,"בקוע"
865,"שיבולים",0.0248447204968944,0,0,0.00485436893203883,"שיבולים"
866,"יטבתה",0.0714285714285714,0.135734072022161,0.17632241813602,0.143564356435644,"יטבתה"
868,"אלוני יצחק",0.0454545454545455,0.0454545454545455,0.0714285714285714,0.111111111111111,"אלונייצחק"
870,"גבעת השלושה",0.0571428571428571,0.0687285223367698,0.104166666666667,0.0893371757925072,"גבעתהשלושה"
871,"עינת",0.100271002710027,0.0997067448680352,0.197044334975369,0.150900900900901,"עינת"
872,"גאולי תימן",0.0048780487804878,0.0099009900990099,0.00529100529100529,0.00970873786407767,"גאוליתימן"
873,"שלווה",0,0,0,0,"שלווה"
874,"מגדל העמק",0.00798675367682867,0.0056140350877193,0.00872643451057874,0.00533955027449801,"מגדלהעמק"
877,"בית חירות",0.128491620111732,0.0883116883116883,0.139325842696629,0.128318584070796,"ביתחירות"
880,"עין שריד",0.0626118067978533,0.0523648648648649,0.079885877318117,0.077120822622108,"עיןשריד"
885,"שדה בוקר",0.117241379310345,0.144927536231884,0.156666666666667,0.130268199233716,"שדהבוקר"
888,"כפר הרי""ף",0.0596026490066225,0.0454545454545455,0.0625,0.0488888888888889,"כפרהריף"
889,"כפר חסידים ב'",0,0.010989010989011,0,0,"כפרחסידיםב"
892,"עבדון",0.00448430493273543,0.00383141762452107,0,0.00294985250737463,"עבדון"
913,"שבלי - אום אל-גנם",0.0094017094017094,0.0845070422535211,0.0289057123193393,0.0118652112007594,"שבליאוםאלגנם"
916,"ישע",0.0234375,0.0136054421768707,0.0532544378698225,0.0425531914893617,"ישע"
917,"עצמון שגב",NA,0.137295081967213,0.212947189097104,0.189935064935065,"עצמוןשגב"
919,"גבעת ישעיהו",0.0578034682080925,0.0818965517241379,0.19016393442623,0.128342245989305,"גבעתישעיהו"
921,"שער מנשה",0,0,0,0,"שערמנשה"
922,"רכסים",0.00153045607591062,0.000871839581517001,0.00115580212667591,0.000647109577221743,"רכסים"
939,"מסעודין אל-עזאזמה",0.0048780487804878,0.00401284109149278,0.00269832703723691,0.0222725556813892,"מסעודיןאלעזאזמה"
942,"סואעד (חמרייה)",NA,0.0204081632653061,0.0273972602739726,0.0416666666666667,"סואעדחמרייה"
944,"בסמת טבעון",0.0129781420765027,0.0282258064516129,0.0433234421364985,0.0148683092608326,"בסמתטבעון"
956,"הוזייל (שבט)",0.0666666666666667,0.0303030303030303,0.0104712041884817,0.00649350649350649,"הוזיילשבט"
957,"עוקבי (בנו עוקבה)",0.0280373831775701,0,0.0671641791044776,0.0736196319018405,"עוקביבנועוקבה"
958,"אבו עבדון (שבט)",NA,NA,0.0144927536231884,0,"אבועבדוןשבט"
960,"אסד (שבט)",0.0515463917525773,0.0714285714285714,0.0120481927710843,0.0303030303030303,"אסדשבט"
961,"אבו רוקייק (שבט)",0.0524296675191816,0.00305810397553517,0.004004004004004,0.0237906423473434,"אבורוקייקשבט"
962,"טובא-זנגריה",0.0846938775510204,0.0231935771632471,0.0324508966695132,0.0443820224719101,"טובאזנגריה"
963,"אעצם (שבט)",0.00919842312746386,0.016726403823178,0.00482703137570394,0.00689127105666156,"אעצםשבט"
964,"קודייראת א-צאנע(ש",0.00479616306954436,0,0.00671140939597315,0.00261780104712042,"קודייראתאצאנעש"
965,"אטרש (שבט)",0.0339805825242718,0.0466666666666667,0.0137931034482759,0.0155555555555556,"אטרששבט"
966,"אבו רובייעה (שבט)",0.00226244343891403,0.0105263157894737,0.0168067226890756,0.0127659574468085,"אבורובייעהשבט"
967,"אבו ג'ווייעד (שבט",0,0.0151515151515152,0,0.0261437908496732,"אבוגווייעדשבט"
968,"אבו קורינאת (שבט)",0.00185528756957328,0.00579150579150579,0.00923076923076923,0.00797872340425532,"אבוקורינאתשבט"
969,"עטאוונה (שבט)",0.0142857142857143,0,0,0,"עטאוונהשבט"
970,"תראבין א-צאנע (שב",0,0.0303030303030303,0,0.0188679245283019,"תראביןאצאנעשב"
972,"קוואעין (שבט)",0,0,0,0,"קוואעיןשבט"
975,"זרזיר",0.00977198697068404,0.0386740331491713,0.0171400587659158,0.0264100268576544,"זרזיר"
976,"ג'נאביב (שבט)",0,0,0,0.0163934426229508,"גנאביבשבט"
978,"כעביה-טבאש-חג'אג'",0.00239425379090184,0.00641025641025641,0.0137242669993762,0.0174947515745276,"כעביהטבאשחגאג"
986,"ח'ואלד (שבט)",0,0,0,0,"חואלדשבט"
990,"ראס עלי",NA,0.0062111801242236,0,0.0099009900990099,"ראסעלי"
993,"חמאם",0.0187353629976581,0.0153846153846154,0.0192307692307692,0.0239520958083832,"חמאם"
994,"מנשית זבדה",0.0029673590504451,0.140672782874618,0.0102827763496144,0.0106157112526539,"מנשיתזבדה"
997,"רומת הייב",0.0288065843621399,0.0155038759689922,0.030812324929972,0.0597345132743363,"רומתהייב"
998,"ביר אל-מכסור",0.00304878048780488,0.00821692686935086,0.0120160213618158,0.0130988023952096,"ביראלמכסור"
1015,"מבשרת ציון",0.0736677115987461,0.0640766902119072,0.0980481854223849,0.0767245088197333,"מבשרתציון"
1020,"אור עקיבא",0.00645161290322581,0.00477361492839578,0.0112606426805823,0.00700808625336927,"אורעקיבא"
1024,"חרוצים",0.0900621118012422,0.0626702997275204,0.116161616161616,0.0738255033557047,"חרוצים"
1031,"שדרות",0.00540413533834586,0.00766143743159431,0.010642919200695,0.00891613262747283,"שדרות"
1034,"קרית מלאכי",0.00362929358392741,0.00275581116702612,0.00460588296870093,0.0029789610873208,"קריתמלאכי"
1041,"נצאצרה (שבט)",0,0,0,0,"נצאצרהשבט"
1043,"גיזו",0.0684931506849315,0.0930232558139535,0.0970873786407767,0.127450980392157,"גיזו"
1044,"יעף",NA,NA,0.0625,0.120967741935484,"יעף"
1045,"שתולה",0,0.0163934426229508,0.0140845070422535,0.031055900621118,"שתולה"
1046,"אוהד",0.00714285714285714,0.0130718954248366,0.0493827160493827,0.032258064516129,"אוהד"
1047,"חזון",0,0,0.00476190476190476,0.00467289719626168,"חזון"
1050,"בית חשמונאי",0.0173267326732673,0.0298701298701299,0.036468330134357,0.0378578024007387,"ביתחשמונאי"
1051,"תלמי אליהו",0.0431034482758621,0.027027027027027,0.031496062992126,0.00636942675159236,"תלמיאליהו"
1052,"קטורה",0.119565217391304,0.0995024875621891,0.241206030150754,0.2,"קטורה"
1054,"תל שבע",0.020109689213894,0.00435203094777563,0.00436241610738255,0.0383120488617435,"תלשבע"
1057,"נווה זוהר",0,NA,0.0357142857142857,0,"נווהזוהר"
1058,"שדה ניצן",0.0754716981132075,0.0885416666666667,0.15819209039548,0.105555555555556,"שדהניצן"
1059,"כסיפה",0.00370566437268396,0.0131578947368421,0.00434637245068539,0.0122142186031945,"כסיפה"
1060,"לקיה",0.00170940170940171,0.00101884870096791,0.00327478416195296,0.0241509433962264,"לקיה"
1061,"נצרת עילית",0.00988961590330153,0.00846221184709659,0.0171794240708836,0.0158270778692231,"נצרתעילית"
1063,"מעלות-תרשיחא",0.0116242864556305,0.016754762142216,0.01622192359378,0.0136642739773415,"מעלותתרשיחא"
1064,"אמירים",0.137254901960784,0.0841750841750842,0.11878453038674,0.162303664921466,"אמירים"
1065,"זמרת",0,0,0.0053475935828877,0,"זמרת"
1066,"בני עי""ש",0.00659670164917541,0.00385462555066079,0.0102749236323244,0.0080563947633434,"בניעיש"
1067,"דוב""ב",0.00564971751412429,0,0.0048780487804878,0,"דובב"
1068,"אדמית",0.342105263157895,0.323529411764706,0.304347826086957,0.28125,"אדמית"
1069,"רם-און",0.0571428571428571,0.0654911838790932,0.0568927789934354,0.0460526315789474,"רםאון"
1070,"אביעזר",0.037914691943128,0.0123456790123457,0.0557103064066852,0.061576354679803,"אביעזר"
1071,"נווה מיכאל",0.0124223602484472,0.0112359550561798,0,0,"נווהמיכאל"
1072,"גן הדרום",0.0292682926829268,0.0178571428571429,0.0334728033472803,0.0265151515151515,"גןהדרום"
1077,"גבעת שפירא",0.113207547169811,0.0862068965517241,0.115646258503401,0.0809248554913295,"גבעתשפירא"
1079,"צפרירים",0.0575539568345324,0.0723684210526316,0.148809523809524,0.137254901960784,"צפרירים"
1080,"מבועים",0.013550135501355,0.00671140939597315,0.0224299065420561,0.0213114754098361,"מבועים"
1081,"אבן מנחם",0.00526315789473684,0,0.0308641975308642,0,"אבןמנחם"
1082,"מעגלים",0.00225733634311512,0,0,0.00134048257372654,"מעגלים"
1083,"תושיה",0,0,0,0.00440528634361234,"תושיה"
1084,"בן שמן (כפר נוער)",0.0909090909090909,0.0760233918128655,0.0849673202614379,0.0898203592814371,"בןשמןכפרנוער"
1085,"כרם שלום",0.0714285714285714,0.142857142857143,0.138888888888889,0.125,"כרםשלום"
1094,"כרם יבנה (ישיבה)",0,0,0,0,"כרםיבנהישיבה"
1095,"כפר מימון",0.00363636363636364,0.00316455696202532,0,0.0033003300330033,"כפרמימון"
1098,"מרכז שפירא",0,0.00206825232678387,0.000892857142857143,0.00344234079173838,"מרכזשפירא"
1102,"צוקי ים",0.18,0.168316831683168,0.211538461538462,0.145161290322581,"צוקיים"
1103,"גני הדר",0.076271186440678,0.0625,0.113924050632911,0.102150537634409,"גניהדר"
1104,"פוריה - כפר עבודה",0.00819672131147541,0.0153846153846154,0,0.0108108108108108,"פוריהכפרעבודה"
1105,"פוריה - נווה עובד",0.00515463917525773,0,0.0110091743119266,0.00977198697068404,"פוריהנווהעובד"
1108,"אומן",0.0150375939849624,0.00680272108843537,0.0136986301369863,0.00564971751412429,"אומן"
1110,"חבר",0.010752688172043,0.0225563909774436,0.0138888888888889,0.0119760479041916,"חבר"
1112,"יודפת",0.160194174757282,0.138576779026217,0.272455089820359,0.225201072386059,"יודפת"
1113,"צור הדסה",0.0823170731707317,0.0710633946830266,0.097375427919361,0.092473844076949,"צורהדסה"
1114,"שריגים (לי-און)",0.14713216957606,0.15962441314554,0.207112970711297,0.194706994328922,"שריגיםליאון"
1115,"אביבים",0,0,0,0,"אביבים"
1123,"אדרת",0.0131578947368421,0,0.0249221183800623,0.0236220472440945,"אדרת"
1124,"נאות הכיכר",0.0427807486631016,0.0375,0.0606060606060606,0.0955882352941176,"נאותהכיכר"
1125,"אלמגור",0.115606936416185,0.127388535031847,0.127450980392157,0.111675126903553,"אלמגור"
1126,"אילות",0.129032258064516,0.123287671232877,0.111731843575419,0.0666666666666667,"אילות"
1127,"מעלה גלבוע",0.0129032258064516,0.0108695652173913,0.00471698113207547,0.0281124497991968,"מעלהגלבוע"
1128,"מי עמי",0.176991150442478,0.0925266903914591,0.213114754098361,0.191489361702128,"מיעמי"
1129,"גרופית",0.0844155844155844,0.114649681528662,0.157894736842105,0.162162162162162,"גרופית"
1130,"כפר רוזנואלד (זרע",0.00909090909090909,0.00840336134453781,0.00806451612903226,0,"כפררוזנואלדזרע"
1132,"שניר",0.188940092165899,0.158730158730159,0.17,0.140468227424749,"שניר"
1133,"ורדון",0.0636363636363636,0.05,0.0827067669172932,0.0743243243243243,"ורדון"
1136,"צוחר",0.0121212121212121,0.0256410256410256,0.0259067357512953,0.0408921933085502,"צוחר"
1137,"קרית יערים",0.00282752120640905,0.00418060200668896,0.00246761258482418,0.00277777777777778,"קריתיערים"
1138,"יעד",0.175257731958763,0.15028901734104,0.228412256267409,0.21256038647343,"יעד"
1139,"כרמיאל",0.0229901335976963,0.0156243218610303,0.0224934612031386,0.0175921057952845,"כרמיאל"
1140,"מדרשת בן גוריון",0.139593908629442,0.143126177024482,0.237654320987654,0.257844474761255,"מדרשתבןגוריון"
1141,"מבוא מודיעים",0,0,0.0338983050847458,0.00819672131147541,"מבואמודיעים"
1145,"אלומה",0,0,0,0,"אלומה"
1146,"עלומים",0,0,0.00373134328358209,0.00381679389312977,"עלומים"
1147,"נטועה",0.00709219858156028,0,0.00657894736842105,0.0110497237569061,"נטועה"
1148,"צור נתן",0.0238095238095238,0.0135135135135135,0.0258064516129032,0.029585798816568,"צורנתן"
1149,"עזר",0.0146627565982405,0.0100250626566416,0.0261437908496732,0.0221327967806841,"עזר"
1150,"צופר",0.0888888888888889,0.0502283105022831,0.111627906976744,0.0688259109311741,"צופר"
1151,"פארן",0.172897196261682,0.0680851063829787,0.147859922178988,0.0444444444444444,"פארן"
1152,"אשלים",0.0769230769230769,0.0422535211267606,0.0964467005076142,0.0616740088105727,"אשלים"
1153,"כישור",NA,NA,0.12,0.154761904761905,"כישור"
1155,"מגן שאול",0.00735294117647059,0.0125,0.019047619047619,0.0193798449612403,"מגןשאול"
1156,"סמר",0.341269841269841,0.316666666666667,0.265060240963855,0.3125,"סמר"
1157,"אחווה",0.0579710144927536,0.0551724137931034,0.0486111111111111,0.0413793103448276,"אחווה"
1158,"יהל",0.0617283950617284,0.10989010989011,0.0648148148148148,0.0490196078431373,"יהל"
1160,"שכניה",0.127413127413127,0.123456790123457,0.139240506329114,0.120822622107969,"שכניה"
1161,"רהט",0.00751565762004175,0.0113621522789604,0.00876000604138348,0.0372581174155461,"רהט"
1162,"בית רימון",0.00819672131147541,0.00675675675675676,0,0.020746887966805,"ביתרימון"
1163,"מורן",0.207317073170732,0.0984848484848485,0.0740740740740741,0.0978723404255319,"מורן"
1165,"שילת",0.108374384236453,0.125,0.150470219435737,0.133903133903134,"שילת"
1166,"כפר רות",0.0461538461538462,0.015625,0.0592105263157895,0.0833333333333333,"כפררות"
1167,"קיסריה",0.0757575757575758,0.0472370766488414,0.0856151176243733,0.0716292134831461,"קיסריה"
1169,"הוואשלה (שבט)",0.0425531914893617,0.00854700854700855,0.00671140939597315,0.0601941747572816,"הוואשלהשבט"
1170,"סייד (שבט)",0.0300925925925926,0.0137614678899083,0.00581395348837209,0.00610687022900763,"סיידשבט"
1171,"לוטם",0.163636363636364,0.159763313609467,0.14859437751004,0.158227848101266,"לוטם"
1172,"תובל",0.217877094972067,0.225,0.274611398963731,0.354260089686099,"תובל"
1173,"לפידות",0.0114942528735632,0,0.0229885057471264,0.0645161290322581,"לפידות"
1174,"מנוף",0.163568773234201,0.100946372239748,0.193905817174515,0.139423076923077,"מנוף"
1175,"עידן",0.201923076923077,0.101351351351351,0.0738255033557047,0.069364161849711,"עידן"
1176,"ספיר",0.0428571428571429,0.0823529411764706,0.0887573964497041,0.0561224489795918,"ספיר"
1177,"טללים",0.0461538461538462,0.032258064516129,0.0617283950617284,0.099290780141844,"טללים"
1178,"מורשת",0,0.00215982721382289,0,0.0014265335235378,"מורשת"
1179,"קורנית",0.170347003154574,0.118694362017804,0.170560747663551,0.186936936936937,"קורנית"
1180,"צביה",0.173333333333333,0.11875,0.120879120879121,0.173184357541899,"צביה"
1181,"טל-אל",0.0477272727272727,0.0317124735729387,0.0437158469945355,0.0460526315789474,"טלאל"
1182,"אלון הגליל",0.125964010282776,0.134751773049645,0.198039215686275,0.18625678119349,"אלוןהגליל"
1183,"כליל",0.131782945736434,0.21264367816092,0.321428571428571,0.410714285714286,"כליל"
1184,"מתת",0.131578947368421,0.139240506329114,0.344086021505376,0.39622641509434,"מתת"
1186,"הושעיה",0.0067001675041876,0.00412654745529574,0.00974025974025974,0.0107066381156317,"הושעיה"
1188,"אשחר",0.0146341463414634,0.0122448979591837,0.046831955922865,0.0763157894736842,"אשחר"
1190,"מצפה נטופה",0.00386100386100386,0.0123839009287926,0.0105540897097625,0.0227790432801822,"מצפהנטופה"
1191,"בר יוחאי",0,0.00485436893203883,0,0,"בריוחאי"
1192,"ערערה-בנגב",0.00599880023995201,0.00112612612612613,0.00132135306553911,0.034044852742502,"ערערהבנגב"
1197,"נאות סמדר",0.0487804878048781,0.0628930817610063,0.136125654450262,0.213930348258706,"נאותסמדר"
1198,"כרמים",NA,NA,0.126436781609195,0.136842105263158,"כרמים"
1199,"עדי",0.032994923857868,0.0257847533632287,0.0364415862808146,0.0351201478743068,"עדי"
1200,"מודיעין-מכבים-רעו",0.0534386980674439,0.0388282307038797,0.0572658557340942,0.048414328085786,"מודיעיןמכביםרעו"
1201,"כמון",0.168103448275862,0.131086142322097,0.13905325443787,0.158031088082902,"כמון"
1202,"מכמנים",0.189393939393939,0.103896103896104,0.131578947368421,0.131455399061033,"מכמנים"
1203,"הררית",0.0707964601769911,0.0896551724137931,0.220858895705521,0.274111675126904,"הררית"
1204,"גילון",0.0928074245939675,0.0690376569037657,0.0763116057233704,0.0715350223546945,"גילון"
1205,"מנות",0.0779220779220779,0.0171428571428571,0.0555555555555556,0.0251046025104603,"מנות"
1206,"גיתה",0.0377358490566038,0.0275229357798165,0.0661764705882353,0.120300751879699,"גיתה"
1207,"לבון",0.0970873786407767,0.0782122905027933,0.0661157024793388,0.0355871886120996,"לבון"
1208,"הילה",0.145748987854251,0.10223642172524,0.163461538461538,0.160818713450292,"הילה"
1209,"חרשים",0.280898876404494,0.256410256410256,0.328125,0.41958041958042,"חרשים"
1210,"כחל",0.0728476821192053,0.0449438202247191,0.0812182741116751,0.0950226244343891,"כחל"
1211,"קדרים",NA,NA,0.189189189189189,0.183908045977011,"קדרים"
1212,"עמוקה",0.171428571428571,0.236363636363636,0.210526315789474,0.211538461538462,"עמוקה"
1214,"טפחות",0,0,0,0,"טפחות"
1219,"גורנות הגליל",0.0106382978723404,0.0412371134020619,0.0512820512820513,0.0186915887850467,"גורנותהגליל"
1220,"אבירים",0.162790697674419,0.190909090909091,0.253968253968254,0.278688524590164,"אבירים"
1221,"צורית",0.0754189944134078,0.0456730769230769,0.0798226164079823,0.060475161987041,"צורית"
1222,"מצפה אבי""ב",0.0701754385964912,0.0771513353115727,0.0995260663507109,0.109756097560976,"מצפהאביב"
1223,"שדי אברהם",0.0645161290322581,0.0650406504065041,0.0352112676056338,0.0242424242424242,"שדיאברהם"
1224,"כוכב יאיר",0.0670103092783505,0.0490666666666667,0.0781459170013387,0.0678189300411523,"כוכביאיר"
1226,"יובלים",0.120385232744783,0.105421686746988,0.127247579529737,0.157014157014157,"יובלים"
1227,"יתד",0,0.00671140939597315,0.0267379679144385,0.0224719101123595,"יתד"
1228,"רקפת",0.116666666666667,0.104477611940299,0.139186295503212,0.104283054003724,"רקפת"
1229,"כלנית",0,0,0,0,"כלנית"
1230,"לבנים",0.0251572327044025,0.0163934426229508,0.0234741784037559,0.045045045045045,"לבנים"
1231,"פרי גן",0.0701754385964912,0.04,0.0326086956521739,0,"פריגן"
1232,"יבול",0.0171428571428571,0.00719424460431655,0.0656565656565657,0.0726256983240224,"יבול"
1233,"שקף",0.0163934426229508,0.028169014084507,0.0237388724035608,0.043956043956044,"שקף"
1234,"קבועה (שבט)",0,0,0.00606060606060606,0,"קבועהשבט"
1235,"שורשים",0.115107913669065,0.0817610062893082,0.15695067264574,0.0885608856088561,"שורשים"
1236,"נירית",0.0936936936936937,0.0855784469096672,0.0898587933247754,0.0930232558139535,"נירית"
1237,"תלמי יוסף",0.152380952380952,0.111111111111111,0.104938271604938,0.0963855421686747,"תלמייוסף"
1238,"סופה",0.102362204724409,0.136752136752137,0.1,0.0416666666666667,"סופה"
1239,"חולית",NA,0.150943396226415,0.123076923076923,0.0617283950617284,"חולית"
1240,"עין הבשור",0.0851063829787234,0.0714285714285714,0.109979633401222,0.0658914728682171,"עיןהבשור"
1241,"דקל",0.00840336134453781,0.0258064516129032,0.0119047619047619,0.024390243902439,"דקל"
1242,"נתיב העשרה",0.0527777777777778,0.0458937198067633,0.0786026200873362,0.052,"נתיבהעשרה"
1243,"קציר",NA,NA,0.108433734939759,0.104,"קציר"
1244,"תמרת",0.138211382113821,0.0993449781659389,0.134962805526036,0.132917964693666,"תמרת"
1245,"סלמה",0.00995732574679943,0.00661157024793388,0.00260078023407022,0.00695134061569017,"סלמה"
1246,"עראמשה",0.0027027027027027,0.0238907849829352,0.0170940170940171,0.0299539170506912,"עראמשה"
1247,"חריש",NA,0.047808764940239,0.0726817042606516,0.0145278450363196,"חריש"
1249,"הרדוף",0.258426966292135,0.212871287128713,0.47265625,0.455172413793103,"הרדוף"
1251,"עין תמר",NA,0.0256410256410256,0.03125,0.00952380952380952,"עיןתמר"
1252,"כורזים",0.084070796460177,0.0759493670886076,0.125,0.111587982832618,"כורזים"
1253,"אמנון",0.0236220472440945,0.0225563909774436,0.0335570469798658,0.0359281437125748,"אמנון"
1254,"נטף",0.227272727272727,0.222772277227723,0.369098712446352,0.389105058365759,"נטף"
1255,"לוטן",0.172839506172839,0.156626506024096,0.305555555555556,0.228915662650602,"לוטן"
1256,"אשרת",0.0186046511627907,0,0.0258620689655172,0.0278745644599303,"אשרת"
1257,"חנתון",NA,0.00763358778625954,0.0866425992779783,0.0993975903614458,"חנתון"
1258,"מסד",0.0621761658031088,0.0329218106995885,0.0694980694980695,0.0833333333333333,"מסד"
1259,"נווה שלום",0.179775280898876,0.220183486238532,0.322834645669291,0.272058823529412,"נווהשלום"
1260,"רתמים",NA,NA,0.00735294117647059,0.0112994350282486,"רתמים"
1261,"הר עמשא",NA,NA,0.0740740740740741,0.105691056910569,"הרעמשא"
1262,"צוקים",NA,NA,0.0869565217391304,0.182692307692308,"צוקים"
1263,"כפר ורדים",0.127560186848724,0.0987250735534488,0.138880484114977,0.126106870229008,"כפרורדים"
1264,"כרמי יוסף",0.101492537313433,0.0858490566037736,0.15058611361587,0.114973262032086,"כרמייוסף"
1265,"שומריה",NA,0,0,0,"שומריה"
1268,"מיתר",0.047535724701079,0.0392789884315308,0.0564496757146289,0.0412582630499202,"מיתר"
1271,"להבים",0.0500532481363152,0.0505284015852048,0.060762396102035,0.0629049676025918,"להבים"
1272,"חלוץ",0.115646258503401,0.153846153846154,0.25,0.220779220779221,"חלוץ"
1274,"גן נר",0.0626326963906582,0.0361111111111111,0.0341951626355296,0.0385164051355207,"גןנר"
1275,"אבטליון",0.0982142857142857,0.0977443609022556,0.10958904109589,0.133689839572193,"אבטליון"
1280,"ניצני סיני",NA,0.0560747663551402,0.0531914893617021,0.0350877192982456,"ניצניסיני"
1282,"מירב",0.0150375939849624,0,0,0,"מירב"
1283,"תל תאומים",0,0,0,0,"תלתאומים"
1284,"נופית",0.0552805280528053,0.03690036900369,0.0612244897959184,0.0457769181173436,"נופית"
1285,"כרכום",0.0610687022900763,0.0416666666666667,0.0501672240802676,0.0507462686567164,"כרכום"
1286,"שגב-שלום",0.00449640287769784,0.00945829750644884,0.00234192037470726,0.0463300364393545,"שגבשלום"
1287,"שני",0.0236686390532544,0.0169491525423729,0.0106951871657754,0.0181818181818182,"שני"
1288,"גבעת אלה",0.100783874580067,0.111814345991561,0.115454545454545,0.114727420667209,"גבעתאלה"
1290,"זמר",0.0164399092970522,0.00362537764350453,0.0278177458033573,0.0494548286604361,"זמר"
1291,"כמהין",NA,NA,0.0673076923076923,0.156716417910448,"כמהין"
1292,"ג'דיידה-מכר",0.0125773195876289,0.00693481276005548,0.0134408602150538,0.00627323420074349,"גדיידהמכר"
1293,"גבעת אבני",0.0314009661835749,0.0182555780933063,0.0250671441360788,0.0183792815371763,"גבעתאבני"
1294,"אור הגנוז",0.0147058823529412,0.01,0,0,"אורהגנוז"
1295,"יאנוח-ג'ת",0.00986842105263158,0.00800800800800801,0.00277264325323475,0.00233426704014939,"יאנוחגת"
1296,"כסרא-סמיע",0.0235591081194783,0.0148809523809524,0.00264162019371881,0.0196752029981262,"כסראסמיע"
1297,"כפר חנניה",0.0518518518518519,0.0346534653465347,0.0520833333333333,0.0421686746987952,"כפרחנניה"
1303,"חורה",0.0113690194220748,0.0252100840336134,0.0186585980837115,0.0107702349869452,"חורה"
1304,"שוהם",0.044665976178146,0.0277332110932844,0.0493443419135503,0.0398921832884097,"שוהם"
1309,"אלעד",0.000103766732385597,0.000259762750021647,0.000139850360114677,0.000134435706123546,"אלעד"
1310,"לפיד",0.072562358276644,0.0620821394460363,0.085427135678392,0.0808543096872616,"לפיד"
1311,"אבשלום",0,0,0.0181818181818182,0.0144927536231884,"אבשלום"
1313,"פוריה עילית",0.0501930501930502,0.04,0.0552486187845304,0.0198675496688742,"פוריהעילית"
1314,"נווה זיו",0.0558375634517767,0.0585774058577406,0.0459363957597173,0.0323624595469256,"נווהזיו"
1315,"מתן",0.0873493975903614,0.0792891319207109,0.0847658565500889,0.0679824561403509,"מתן"
1316,"אל-עריאן",NA,NA,0.205128205128205,0.315789473684211,"אלעריאן"
1317,"דמיידה",0.0336134453781513,0,0,0,"דמיידה"
1319,"בת חפר",0.0692124105011933,0.0477624784853701,0.0555342780543853,0.0542938254080908,"בתחפר"
1320,"עין חוד",NA,0.0444444444444444,0.00970873786407767,0.00925925925925926,"עיןחוד"
1321,"ח'ואלד",0.00917431192660551,0.00943396226415094,0.0202020202020202,0.00694444444444444,"חואלד"
1323,"בת הדר",0.0510948905109489,0.03125,0.0229885057471264,0.015527950310559,"בתהדר"
1326,"בסמ""ה",0.0768789443488239,0.00674460431654676,0.0519244734931009,0.0249579360628155,"בסמה"
1327,"מעלה עירון",0.0205331412103746,0.00850785340314136,0.0154040404040404,0.0149441843716241,"מעלהעירון"
1330,"אחוזת ברק",0.0357142857142857,0.0383480825958702,0.0261780104712042,0.0309278350515464,"אחוזתברק"
1331,"כמאנה",0.0025974025974026,0.0051413881748072,0.00462962962962963,0.00366300366300366,"כמאנה"
1332,"חוסנייה",0.00892857142857143,0,0.0135746606334842,0.026615969581749,"חוסנייה"
1333,"נוף איילון",0,0,0,0.00149365197908887,"נוףאיילון"
1334,"ראס אל-עין",0.025,0,0.00900900900900901,0,"ראסאלעין"
1335,"ערב אל נעים",NA,0,0.00446428571428571,0.00432900432900433,"ערבאלנעים"
1337,"שמשית",0.138084632516704,0.0949119373776908,0.115451388888889,0.105095541401274,"שמשית"
1338,"כדיתה",NA,NA,0.06,0.169230769230769,"כדיתה"
1342,"אבו קרינאת (יישוב",NA,NA,0,0,"אבוקרינאתיישוב"
1343,"מכחול",NA,NA,0,0.0416666666666667,"מכחול"
1344,"גבעות בר",NA,0.0365853658536585,0.0429447852760736,0.0433070866141732,"גבעותבר"
1345,"צור יצחק",NA,0.0434782608695652,0.0661985957873621,0.05,"צוריצחק"
1346,"תראבין א-צאנע(ישו",NA,NA,0.0188679245283019,0,"תראביןאצאנעישו"
1347,"קצר א-סר",0,0,0.00319488817891374,0.0198300283286119,"קצראסר"
1348,"ביר הדאג'",NA,0.0208333333333333,0,0.0025062656641604,"בירהדאג"
1349,"דריג'את",0.00520833333333333,0.00543478260869565,0.00961538461538462,0.00350877192982456,"דריגאת"
1358,"אום בטין",0.0701754385964912,0.0402010050251256,0.00191938579654511,0.0067911714770798,"אוםבטין"
1359,"אל סייד",NA,0.0161290322580645,0.00740740740740741,0.0119760479041916,"אלסייד"
1361,"בת חן",NA,0.0470588235294118,0.092964824120603,0.0452261306532663,"בתחן"
1363,"בני נצרים",NA,NA,0,0,"בנינצרים"
1366,"נווה",NA,NA,0,0,"נווה"
1370,"מצפה אילן",NA,NA,0,0,"מצפהאילן"
1412,"מחנה תל נוף",0.0619469026548673,0.018348623853211,0.102040816326531,0.0914634146341463,"מחנהתלנוף"
1414,"מחנה מרים",NA,NA,0.0606060606060606,0.046875,"מחנהמרים"
1415,"מחנה יפה",0.0769230769230769,0.0476190476190476,0.06,0.0625,"מחנהיפה"
1416,"מחנה יוכבד",NA,0.037037037037037,0.0659340659340659,0.0384615384615385,"מחנהיוכבד"
1417,"מחנה עדי",NA,NA,0.0555555555555556,0.0826446280991736,"מחנהעדי"
1418,"מחנה טלי",0.0133333333333333,0.0170940170940171,0.0515463917525773,0.0363636363636364,"מחנהטלי"
1419,"ניצן ב'",NA,0.00269541778975741,0.00203045685279188,0.00103734439834025,"ניצןב"
2002,"תנובות",0.0306748466257669,0.00286532951289398,0.0395061728395062,0.0176991150442478,"תנובות"
2003,"תלמי אלעזר",0.0629139072847682,0.0593220338983051,0.0515970515970516,0.0600461893764434,"תלמיאלעזר"
2008,"שדה יצחק",0.0641711229946524,0.0240384615384615,0.0817120622568093,0.0740740740740741,"שדהיצחק"
2009,"יובל",0.0247524752475248,0.0180995475113122,0.0318021201413428,0.0367231638418079,"יובל"
2010,"כפר בן נון",0.112676056338028,0.0830564784053156,0.148148148148148,0.162729658792651,"כפרבןנון"
2011,"ינון",0.00543478260869565,0.00714285714285714,0.00202429149797571,0.004739336492891,"ינון"
2012,"אורות",0.0909090909090909,0.102459016393443,0.0982456140350877,0.090625,"אורות"
2013,"בן שמן (מושב)",0.0712074303405573,0.0589970501474926,0.086046511627907,0.0915032679738562,"בןשמןמושב"
2014,"גבעולים",0.00719424460431655,0,0,0,"גבעולים"
2015,"שדי חמד",0.107246376811594,0.0538116591928251,0.0909090909090909,0.0867256637168142,"שדיחמד"
2016,"רוויה",0,0,0,0.00666666666666667,"רוויה"
2018,"גבעת חיים (איחוד)",0.120218579234973,0.153184165232358,0.192073170731707,0.151953690303907,"גבעתחייםאיחוד"
2021,"אשל הנשיא",0.0757575757575758,0.103448275862069,0.0535714285714286,0.0508474576271186,"אשלהנשיא"
2023,"להב",0.471910112359551,0.548117154811716,0.321799307958477,0.27681660899654,"להב"
2024,"אום אל-קוטוף",0.141592920353982,0.0474576271186441,0.119354838709677,0.0520231213872832,"אוםאלקוטוף"
2026,"ירדנה",0,0.00628930817610063,0,0.0153846153846154,"ירדנה"
2029,"מדרך עוז",0.00383141762452107,0.0113636363636364,0.0121951219512195,0.0179028132992327,"מדרךעוז"
2030,"מנוחה",0,0,0.00888888888888889,0.00709219858156028,"מנוחה"
2033,"בית חלקיה",0,0,0,0,"ביתחלקיה"
2034,"חצור הגלילית",0.00263574064312072,0.00179579271421242,0.00362154821186057,0.00205212394828648,"חצורהגלילית"
2035,"עדנים",0.0892018779342723,0.0833333333333333,0.106666666666667,0.0567685589519651,"עדנים"
2038,"ברקת",0,0,0,0.00117233294255569,"ברקת"
2042,"עין גדי",0.0777027027027027,0.153024911032028,0.179153094462541,0.139455782312925,"עיןגדי"
2043,"בחן",0.0818713450292398,0.0833333333333333,0.0997150997150997,0.0669856459330144,"בחן"
2044,"מלילות",0,0,0,0,"מלילות"
2045,"נחלה",0.00985221674876847,0,0,0.00298507462686567,"נחלה"
2046,"סגולה",0.0456852791878173,0.0292887029288703,0.0517241379310345,0.0617283950617284,"סגולה"
2047,"ניר משה",0.0628571428571429,0.0780487804878049,0.0901960784313725,0.0642857142857143,"נירמשה"
2048,"ניר עקיבא",0.0223880597014925,0.012987012987013,0.0334728033472803,0.0382165605095541,"נירעקיבא"
2049,"שדה צבי",0.027027027027027,0.0333333333333333,0.0248756218905473,0.0579710144927536,"שדהצבי"
2050,"תלמי ביל""ו",0.0065359477124183,0,0.00581395348837209,0.00465116279069767,"תלמיבילו"
2051,"רווחה",0,0.00381679389312977,0.00335570469798658,0,"רווחה"
2052,"אביטל",0,0.00766283524904215,0.00383141762452107,0.00347222222222222,"אביטל"
2053,"פרזון",0.0053475935828877,0,0.0101522842639594,0.00881057268722467,"פרזון"
2054,"מיטב",0.0147783251231527,0.013953488372093,0.00431034482758621,0.00367647058823529,"מיטב"
2055,"מאור",0.0546448087431694,0.0523917995444191,0.0759493670886076,0.072013093289689,"מאור"
2057,"שדי תרומות",0,0,0,0,"שדיתרומות"
2059,"פעמי תש""ז",0.00625,0,0.0147058823529412,0.0151515151515152,"פעמיתשז"
2060,"ברוש",0,0,0.00617283950617284,0.00540540540540541,"ברוש"
2061,"תדהר",0,0,0.00588235294117647,0.0043859649122807,"תדהר"
2062,"תאשור",0.065359477124183,0.032051282051282,0.0613496932515337,0.0628571428571429,"תאשור"
2063,"דישון",0.0173410404624277,0,0.0204081632653061,0.00492610837438424,"דישון"
2064,"זרועה",0.00952380952380952,0,0.00746268656716418,0,"זרועה"
2100,"טירת כרמל",0.00532639663074446,0.00368154624942476,0.00793236614132137,0.00633449938545901,"טירתכרמל"
2200,"דימונה",0.00396694214876033,0.00405226596096593,0.0051149052661912,0.00471727391223388,"דימונה"
2300,"קרית טבעון",0.0749006027959472,0.06941431670282,0.113998689670234,0.118305693461498,"קריתטבעון"
2400,"אור יהודה",0.0163303760697181,0.0130344481844876,0.0181659279605469,0.0137688984881209,"אוריהודה"
2500,"נשר",0.0262004383343295,0.0154662761965773,0.0242747187685021,0.0177722347805753,"נשר"
2530,"באר יעקב",0.024234693877551,0.0137139658550238,0.0200644405389572,0.0167061611374408,"באריעקב"
2550,"גדרה",0.033181522446324,0.0224922440537746,0.0365785030951041,0.0315950399184644,"גדרה"
2560,"ערד",0.0232202580028667,0.0202067231585809,0.0266537649542576,0.0211433683012117,"ערד"
2600,"אילת",0.0225253410086347,0.0164548343168407,0.0245252755212915,0.0204564369880415,"אילת"
2610,"בית שמש",0.00401495223591306,0.00404754803800435,0.00500118271212787,0.00478186433673771,"ביתשמש"
2620,"קרית אונו",0.0574347646003037,0.0390355204736063,0.0681344519852509,0.05979270558326,"קריתאונו"
2630,"קרית גת",0.00990150069619927,0.00589134736463393,0.00951051391676119,0.00596609145489559,"קריתגת"
2640,"ראש העין",0.0250999692402338,0.0198949368503409,0.027329429129172,0.0243202161796994,"ראשהעין"
2650,"רמת השרון",0.084427508952346,0.0648986915233469,0.11743953588648,0.0898066453914023,"רמתהשרון"
2660,"יבנה",0.0264404917244695,0.0165735451064097,0.0228422069435763,0.0176295957981274,"יבנה"
2710,"אום אל-פחם",0.0229342875731945,0.0035068417795503,0.0122443827316334,0.0189951281925102,"אוםאלפחם"
2720,"טירה",0.0188281579317128,0.00324714371617559,0.0401872359858431,0.0285935750581345,"טירה"
2730,"טייבה",0.0241880920162382,0.00395437262357414,0.0223463687150838,0.0169217923740607,"טייבה"
2800,"קרית שמונה",0.00812641083521445,0.00900216919739696,0.0135654990888844,0.0121039515841937,"קריתשמונה"
3000,"ירושלים",0.0316846653301244,0.0332849733247429,0.0444971572412592,0.0398220035567951,"ירושלים"
3400,"חברון",0,0,0,0,"חברון"
3488,"כפר עציון",0.0116279069767442,0.0207612456747405,0.00928792569659443,0.0118694362017804,"כפרעציון"
3555,"נתיב הגדוד",0,0.0142857142857143,0.037037037037037,0.0285714285714286,"נתיבהגדוד"
3556,"אלמוג",0.0158730158730159,0.0434782608695652,0.0192307692307692,0.0576923076923077,"אלמוג"
3557,"קדומים",0.000614628149969269,0.000586510263929619,0.000509683995922528,0.00097799511002445,"קדומים"
3558,"תומר",0.02,0.0121951219512195,0.0164835164835165,0,"תומר"
3560,"אלקנה",0.0011142061281337,0,0.00145560407569141,0.00143266475644699,"אלקנה"
3561,"מגדל עוז",0,0,0.00564971751412429,0.0173410404624277,"מגדלעוז"
3563,"תקוע",0.00160771704180064,0.00266311584553928,0.00532386867790594,0.00754975978037062,"תקוע"
3564,"כוכב השחר",0,0,0.00123609394313968,0.00114810562571757,"כוכבהשחר"
3565,"רימונים",0.0191570881226054,0.0107913669064748,0.00709219858156028,0.00317460317460317,"רימונים"
3566,"יפית",0,0,0.0461538461538462,0.0121951219512195,"יפית"
3567,"סלעית",0.0675105485232067,0.0078740157480315,0.063973063973064,0.056782334384858,"סלעית"
3568,"ריחן",0.0169491525423729,0.0256410256410256,0.0786516853932584,0.0404040404040404,"ריחן"
3569,"מבוא דותן",0.008,0.00806451612903226,0.00735294117647059,0.00591715976331361,"מבואדותן"
3570,"אריאל",0.00595640990930012,0.00422535211267606,0.00783059446343884,0.00596892044869816,"אריאל"
3571,"שבי שומרון",0,0,0.0026246719160105,0.00735294117647059,"שבישומרון"
3572,"כפר תפוח",0,0,0,0,"כפרתפוח"
3573,"חלמיש",0,0,0,0.00158982511923688,"חלמיש"
3574,"בית אל",0.000877577885037297,0.0004151100041511,0.000753863550697324,0,"ביתאל"
3575,"בית חורון",0.005249343832021,0,0.00513698630136986,0.00825082508250825,"ביתחורון"
3576,"מצפה יריחו",0.00332778702163062,0,0,0.00303951367781155,"מצפהיריחו"
3578,"שדמות מחולה",0,0,0,0.00380228136882129,"שדמותמחולה"
3579,"אלון מורה",0,0.00161030595813205,0,0,"אלוןמורה"
3598,"ארגמן",0.0375,0.0365853658536585,0.0375,0.0114942528735632,"ארגמן"
3599,"מחולה",0.0050251256281407,0,0.0141342756183746,0.0124223602484472,"מחולה"
3601,"קליה",0.0514705882352941,0.0277777777777778,0.027906976744186,0.0275590551181102,"קליה"
3602,"ראש צורים",0,0.00380228136882129,0,0,"ראשצורים"
3603,"הר גילה",0.0484581497797357,0.0588235294117647,0.0440881763527054,0.0318379160636758,"הרגילה"
3604,"אלון שבות",0,0.000692041522491349,0.00323206205559147,0.00361663652802893,"אלוןשבות"
3605,"משואה",0,0,0,0.0104166666666667,"משואה"
3606,"גלגל",0.0735294117647059,0.0625,0.0428571428571429,0.0121951219512195,"גלגל"
3607,"ייט""ב",0,0,0,0,"ייטב"
3608,"מעלה אפרים",0.0122377622377622,0.011965811965812,0.0170357751277683,0.0078125,"מעלהאפרים"
3609,"חמרה",0.0125,0.0263157894736842,0.0375,0.032258064516129,"חמרה"
3610,"מצפה שלם",0.111111111111111,0.122222222222222,0.163461538461538,0.0818181818181818,"מצפהשלם"
3611,"קרית ארבע",0.000765990042129452,0.00263653483992467,0.00290697674418605,0.00301295570955107,"קריתארבע"
3612,"בקעות",0.0581395348837209,0.010752688172043,0.00900900900900901,0,"בקעות"
3613,"גיתית",0,0.00884955752212389,0,0.00666666666666667,"גיתית"
3614,"מכורה",0.0263157894736842,0.0416666666666667,0,0,"מכורה"
3615,"פצאל",0.00684931506849315,0,0,0,"פצאל"
3616,"מעלה אדומים",0.00909162160043891,0.0058318809491889,0.00731342456645798,0.00735146022155086,"מעלהאדומים"
3617,"עופרה",0.00178731009830206,0.000814995925020375,0.000705716302046577,0.000676132521974307,"עופרה"
3618,"אלעזר",0.00195694716242661,0.00276625172890733,0,0.003613369467028,"אלעזר"
3619,"רועי",0.00735294117647059,0.00769230769230769,0.0287769784172662,0.0194805194805195,"רועי"
3620,"נירן",0.0833333333333333,0.0232558139534884,0.02,0.0909090909090909,"נירן"
3637,"מעלה שומרון",0.00326797385620915,0.00332225913621262,0.00512820512820513,0.00433839479392625,"מעלהשומרון"
3638,"כפר אדומים",0.00210526315789474,0.00507185122569738,0.00806451612903226,0.0065437239738251,"כפראדומים"
3639,"ורד יריחו",0.010752688172043,0.018348623853211,0.00719424460431655,0.00740740740740741,"ורדיריחו"
3640,"קרני שומרון",0.00467914438502674,0.00213219616204691,0.00460166810468795,0.00354997269251775,"קרנישומרון"
3641,"שילה",0.00123152709359606,0,0,0.000763941940412529,"שילה"
3643,"חיננית",0.0106007067137809,0,0.00656455142231947,0.00199203187250996,"חיננית"
3644,"גבעון החדשה",0.0305755395683453,0.0148514851485149,0.0200286123032904,0.0186915887850467,"גבעוןהחדשה"
3645,"בית הערבה",0.0512820512820513,0.0555555555555556,0.0222222222222222,0.0196078431372549,"ביתהערבה"
3647,"יקיר",0,0,0,0.00242718446601942,"יקיר"
3648,"מתתיהו",0,0,0.00510204081632653,0,"מתתיהו"
3649,"שקד",0.0120481927710843,0,0.0112044817927171,0.00759493670886076,"שקד"
3650,"אפרת",NA,0.00183678824455523,0.00342622201918684,0.00525279054497702,"אפרת"
3651,"מעלה מכמש",0,0.00195694716242661,0,0.00146842878120411,"מעלהמכמש"
3652,"בית אריה",0.0151815181518152,0.00857632933104631,0.00811068702290076,0.00831946755407654,"ביתאריה"
3653,"מעלה עמוס",0,0,0.00649350649350649,0,"מעלהעמוס"
3654,"ברקן",0.00166666666666667,0.00144717800289436,0.0101651842439644,0.00669642857142857,"ברקן"
3655,"ניל""י",0.0255754475703325,0.00909090909090909,0.0103734439834025,0.0119581464872945,"נילי"
3656,"כרמל",0,0.00510204081632653,0,0,"כרמל"
3657,"מעון",0,0,0,0,"מעון"
3658,"עטרת",0,0,0,0,"עטרת"
3659,"פסגות",0,0,0.00251889168765743,0,"פסגות"
3660,"עמנואל",0,0,0,0,"עמנואל"
3709,"מבוא חורון",0,0,0,0.00116550116550117,"מבואחורון"
3710,"ברכה",0,0,0.00141643059490085,0.00122549019607843,"ברכה"
3712,"ענב",0,0,0,0,"ענב"
3713,"נעמ""ה",NA,0.0163934426229508,0.0394736842105263,0.025974025974026,"נעמה"
3715,"עלמון",0.0184049079754601,0.012531328320802,0.00871080139372822,0.0046875,"עלמון"
3717,"חרמש",0,0,0.0099009900990099,0.00826446280991736,"חרמש"
3719,"תלם",0,0,0,0,"תלם"
3720,"שערי תקווה",0.00940265486725664,0.00864138262121939,0.0111376292760541,0.0130190007037298,"שעריתקווה"
3722,"אשכולות",0.0125,0,0,0.00606060606060606,"אשכולות"
3723,"פני חבר",0,0,0,0,"פניחבר"
3725,"נווה דניאל",0.00326797385620915,0,0.00195121951219512,0.000918273645546373,"נווהדניאל"
3726,"נוקדים",0.00318471337579618,0,0.0033003300330033,0.00264550264550265,"נוקדים"
3727,"עלי זהב",0.00340136054421769,0.00298507462686567,0.0107913669064748,0,"עליזהב"
3730,"גבעת זאב",0.0169456921192323,0.00950209045990118,0.00986508051646598,0.00820302486541912,"גבעתזאב"
3743,"טנא",0.00465116279069767,0.003690036900369,0.0189873417721519,0.00552486187845304,"טנא"
3744,"ברוכין",NA,NA,0,0,"ברוכין"
3745,"מצדות יהודה",0,0,0.00444444444444444,0.00803212851405622,"מצדותיהודה"
3746,"קרית נטפים",0,0,0,0,"קריתנטפים"
3747,"דולב",0,0,0.00170940170940171,0.00328947368421053,"דולב"
3748,"עתניאל",0,0,0,0.00597014925373134,"עתניאל"
3749,"יצהר",0,0,0,0,"יצהר"
3750,"אלפי מנשה",0.0210297316896302,0.0112068965517241,0.0224691358024691,0.0184092518291244,"אלפימנשה"
3751,"מגדלים",0,0,0,0.021505376344086,"מגדלים"
3752,"מעלה לבונה",0,0,0,0,"מעלהלבונה"
3754,"אספר",0,0,0,0,"אספר"
3756,"סוסיה",0.008,0,0,0.00234741784037559,"סוסיה"
3759,"אדורה",0.0136986301369863,0,0.00694444444444444,0.00568181818181818,"אדורה"
3760,"אורנית",0.0282167042889391,0.0184302510327296,0.0263885398341292,0.0255858955063427,"אורנית"
3762,"איתמר",0,0,0.00286532951289398,0,"איתמר"
3763,"גבע בנימין",0.00955414012738853,0.00621976503109883,0.00558971492453885,0.002776492364646,"גבעבנימין"
3764,"חגי",0,0,0,0,"חגי"
3765,"עלי",0.00100401606425703,0,0.000730460189919649,0.000655737704918033,"עלי"
3766,"כרמי צור",0,0,0,0,"כרמיצור"
3767,"נחליאל",0,0,0,0,"נחליאל"
3768,"פדואל",0,0,0,0.00146198830409357,"פדואל"
3769,"הר אדר",0.0948487326246934,0.0693928128872367,0.10468594217348,0.0898823529411765,"הראדר"
3770,"חשמונאים",0.00359389038634322,0.00223214285714286,0.00306748466257669,0.00460829493087558,"חשמונאים"
3778,"עץ אפרים",0.00326797385620915,0.002710027100271,0.0104602510460251,0.0149439601494396,"עץאפרים"
3779,"כוכב יעקב",0,0,0.000814332247557003,0.000745156482861401,"כוכביעקב"
3780,"ביתר עילית",0.000385653682992673,0.000306748466257669,0.00021433164249482,0.000563345017526289,"ביתרעילית"
3781,"קדר",0,0.00306748466257669,0.0078125,0.00152439024390244,"קדר"
3784,"שמעה",0.0158730158730159,0.00763358778625954,0,0.014218009478673,"שמעה"
3787,"נעלה",0.0170648464163823,0.00294985250737463,0.0137254901960784,0.0095389507154213,"נעלה"
3788,"טלמון",0,0.00121654501216545,0,0,"טלמון"
3790,"נופים",0.0102040816326531,0,0.015748031496063,0,"נופים"
3791,"צופים",0.00279329608938547,0,0.00835654596100279,0.00866738894907909,"צופים"
3793,"אבני חפץ",0,0,0,0.00136425648021828,"אבניחפץ"
3794,"בת עין",0,0,0.00217391304347826,0.00190839694656489,"בתעין"
3795,"רבבה",0,0,0,0,"רבבה"
3796,"כפר האורנים",0.0774193548387097,0.0564334085778781,0.0708215297450425,0.0646041856232939,"כפרהאורנים"
3797,"מודיעין עילית",0.000189322226429383,7.36648250460405e-05,0.000159033078880407,0.000402698077116682,"מודיעיןעילית"
4000,"חיפה",0.0384557336472577,0.0307326850270952,0.051878906165912,0.0453530355710083,"חיפה"
4001,"בוקעאתא",0,0,0,0.0588235294117647,"בוקעאתא"
4002,"אלי-עד",0,0.027027027027027,0.0581395348837209,0.0386740331491713,"אליעד"
4003,"אל-רום",0.0961538461538462,0.104294478527607,0.135135135135135,0.136585365853659,"אלרום"
4004,"כפר חרוב",0.0661764705882353,0.0520231213872832,0.126506024096386,0.0837209302325581,"כפרחרוב"
4005,"חספין",0,0.00224719101123596,0,0.00173611111111111,"חספין"
4006,"קשת",0.00384615384615385,0,0,0,"קשת"
4007,"יונתן",0,0.00568181818181818,0.004739336492891,0,"יונתן"
4008,"מעלה גמלא",0.0532544378698225,0.0609137055837563,0.128099173553719,0.0952380952380952,"מעלהגמלא"
4009,"שעל",0.0134228187919463,0.027972027972028,0.0344827586206897,0.0647058823529412,"שעל"
4010,"אודם",0,0.0517241379310345,0.0476190476190476,0.0625,"אודם"
4011,"אבני איתן",0,0,0,0.00701754385964912,"אבניאיתן"
4012,"אניעם",0.0253164556962025,0.0129310344827586,0.0115384615384615,0.0609318996415771,"אניעם"
4013,"אורטל",0.0593220338983051,0.0413223140495868,0.0422535211267606,0.0246913580246914,"אורטל"
4014,"נטור",NA,NA,0.0333333333333333,0.0333333333333333,"נטור"
4015,"בני יהודה",0.0416666666666667,0.0340425531914894,0.0392857142857143,0.0323101777059774,"בנייהודה"
4017,"אלוני הבשן",0,0.00884955752212389,0,0,"אלוניהבשן"
4021,"גבעת יואב",0.0416666666666667,0.0447761194029851,0.0501672240802676,0.0379008746355685,"גבעתיואב"
4022,"גשור",0.141509433962264,0.131578947368421,0.158730158730159,0.102189781021898,"גשור"
4024,"קלע",NA,0,0,0.021505376344086,"קלע"
4025,"קדמת צבי",0.0849673202614379,0.023121387283237,0.0253807106598985,0.0226244343891403,"קדמתצבי"
4026,"חד-נס",0.0451977401129944,0.0466926070038911,0.0309859154929577,0.0334128878281623,"חדנס"
4028,"כנף",0.0377358490566038,0.027972027972028,0.0233918128654971,0.0418848167539267,"כנף"
4100,"קצרין",0.0172537742631201,0.0130003421142662,0.0215189873417722,0.0136830102622577,"קצרין"
4101,"מרום גולן",0.0396825396825397,0.0543478260869565,0.096045197740113,0.0394366197183099,"מרוםגולן"
4201,"מג'דל שמס",0,0.0128205128205128,0.0194174757281553,0.0373831775700935,"מגדלשמס"
4203,"מסעדה",0.0208333333333333,0,0,0.04,"מסעדה"
4204,"מבוא חמה",0.0397727272727273,0.104477611940299,0.131818181818182,0.116182572614108,"מבואחמה"
4301,"אפיק",0.0344827586206897,0.135135135135135,0.107344632768362,0.0972222222222222,"אפיק"
4303,"נווה אטי""ב",0.021978021978022,0.0099009900990099,0.0373831775700935,0.0648148148148148,"נווהאטיב"
4304,"נוב",0,0,0,0.00526315789473684,"נוב"
4501,"ע'ג'ר",0.0293159609120521,0.0316205533596838,0.00925925925925926,0.033625730994152,"עגר"
4503,"עין זיוון",0.0769230769230769,0.0420168067226891,0.0675675675675676,0.051948051948052,"עיןזיוון"
4551,"נאות גולן",0.037037037037037,0.00537634408602151,0.0321100917431193,0.0197628458498024,"נאותגולן"
4701,"רמת מגשימים",0.00333333333333333,0.0108695652173913,0,0.00568181818181818,"רמתמגשימים"
4702,"רמות",0.0387323943661972,0.0517241379310345,0.043613707165109,0.037037037037037,"רמות"
5000,"תל אביב - יפו",0.0871301335271656,0.0768169642857143,0.143408969338631,0.13031050909717,"תלאביביפו"
6000,"באקה אל-גרביה",NA,0.00418848167539267,0.016459006306722,0.0248453402514468,"באקהאלגרביה"
6100,"בני ברק",0.00277676771015834,0.00217552378099727,0.00252837771301582,0.00200964119001285,"בניברק"
6200,"בת ים",0.015112063282795,0.0104437798076146,0.0171357098186366,0.0141633921764119,"בתים"
6300,"גבעתיים",0.0670142777155655,0.0615353093839639,0.100049621635033,0.0961297258555814,"גבעתיים"
6400,"הרצליה",0.0604270493211892,0.0467639513856764,0.0805957847639232,0.0651068348205138,"הרצליה"
6500,"חדרה",0.0198987771525573,0.0135722347629797,0.0235626522888693,0.0193623395787685,"חדרה"
6600,"חולון",0.0232356426451006,0.0172259147673697,0.025769989704873,0.0212905627841354,"חולון"
6700,"טבריה",0.00490033772597841,0.00355605465094516,0.00609997175939,0.00489638458875315,"טבריה"
6800,"קרית אתא",0.0103554801374929,0.00706657030434433,0.0107502287282708,0.00884567338532699,"קריתאתא"
6900,"כפר סבא",0.0550256280598524,0.0439152520296965,0.0704814262761571,0.0598473714963614,"כפרסבא"
7000,"לוד",0.00850155279503106,0.00698817106460419,0.0104192333415467,0.00889835819024941,"לוד"
7100,"אשקלון",0.0117513611615245,0.00704890049201727,0.0117212617809704,0.00879920402960015,"אשקלון"
7200,"נס ציונה",0.0431693256468696,0.0319033163411421,0.0476770325964781,0.0429680975446801,"נסציונה"
7300,"נצרת",0.00950816838101824,0.00957672674707503,0.0150514347590688,0.0208957066576129,"נצרת"
7400,"נתניה",0.016289451014175,0.0122039647522952,0.0186851360390101,0.0145826222171654,"נתניה"
7500,"סח'נין",0.00924513915364087,0.00306218592964824,0.00588768115942029,0.00981425372151232,"סחנין"
7600,"עכו",0.00725028168324107,0.00445063837439309,0.00983531564501372,0.00800652959695286,"עכו"
7700,"עפולה",0.0125165104723568,0.00842492886235563,0.0122419338105613,0.00916710319539026,"עפולה"
7800,"פרדס חנה-כרכור",0.0437856511609223,0.0397669337217771,0.0697518033989485,0.0665538038302825,"פרדסחנהכרכור"
7900,"פתח תקווה",0.0223048743600372,0.0155603862292098,0.023472489522816,0.0200225062294028,"פתחתקווה"
8000,"צפת",0.00691484323197878,0.00482195845697329,0.00704727215139758,0.00447093889716841,"צפת"
8200,"קרית מוצקין",0.0204390983325999,0.013714444033986,0.0203263148300064,0.0168778112491231,"קריתמוצקין"
8300,"ראשון לציון",0.0269963191105769,0.016894137552983,0.0248833220311939,0.0213264639721355,"ראשוןלציון"
8400,"רחובות",0.0360308173550368,0.0285426882937256,0.0436867427228989,0.0376466518693609,"רחובות"
8500,"רמלה",0.0101883810870379,0.00820126782884311,0.0127735239685017,0.010367493277562,"רמלה"
8600,"רמת גן",0.0435167218354069,0.0384481930283457,0.0678581227706967,0.0615323168009774,"רמתגן"
8700,"רעננה",0.0592944906856916,0.0397359400787102,0.0702986416543144,0.0547360067223752,"רעננה"
8800,"שפרעם",0.0227730577209425,0.0113636363636364,0.015446712722192,0.033477537437604,"שפרעם"
8900,"טמרה",0.014683653638523,0.00262054507337526,0.00611076732673267,0.0126956193828169,"טמרה"
9000,"באר שבע",0.0150876998531408,0.0113033537564384,0.017521112941094,0.0139676592591068,"בארשבע"
9100,"נהריה",0.0212171970965941,0.0134920327220564,0.0202910207663059,0.0148330058939096,"נהריה"
9200,"בית שאן",0.00578210590383445,0.00326194865976457,0.00384985563041386,0.00289979594028568,"ביתשאן"
9300,"זכרון יעקב",0.072303437376531,0.0509817430244575,0.0804815622333871,0.0685694694437302,"זכרוןיעקב"
9400,"יהוד-מונוסון",NA,0.0276231263383298,0.0409488300334276,0.0360539304201276,"יהודמונוסון"
9500,"קרית ביאליק",0.0255956716262616,0.0155386224413566,0.024186540504007,0.0181738173817382,"קריתביאליק"
9600,"קרית ים",0.0101473922902494,0.00749163168800808,0.0113785328509255,0.00911551061102407,"קריתים"
9700,"הוד השרון",0.0643900623429794,0.0437340574343783,0.0724448788964918,0.0641419422297739,"הודהשרון"
9800,"בנימינה-גבעת עדה",0.069294858768543,0.0575934786461102,0.0892582333025546,0.0925261798881079,"בנימינהגבעתעדה"
