"SEMEL_YISHUV","locality","2006","2009","2013","2015","2019","2019_2","2020","2021","2022","loc"
7,"שחר",0.855714953439039,0.723785166240409,0.71689497716895,0.737527114967462,0.718992248062015,0.729206963249516,0.742802303262956,0.653703703703704,0.709433962264151,"שחר"
10,"תירוש",0.634106853750675,0.648550724637681,0.661129568106312,0.712418300653595,0.711711711711712,0.737951807228916,0.761329305135952,0.683734939759036,0.797619047619048,"תירוש"
11,"ניר ח""ן",0.660128973175106,0.622641509433962,0.688953488372093,0.729805013927577,0.71712158808933,0.706896551724138,0.670792079207921,0.676674364896074,0.671910112359551,"נירחן"
13,"חצבה",0.72635994841362,0.71461716937355,0.75704989154013,0.763713080168776,0.802788844621514,0.743027888446215,0.763005780346821,0.717996289424861,0.720848056537102,"חצבה"
15,"נועם",0.500260097919217,0.651315789473684,0.68370607028754,0.766666666666667,0.718543046357616,0.74025974025974,0.750798722044728,0.673913043478261,0.781645569620253,"נועם"
16,"בית ניר",0.921985815602837,0.724576271186441,0.822349570200573,0.809018567639257,0.771561771561772,0.794050343249428,0.779545454545455,0.757174392935982,0.75,"ביתניר"
18,"שדה משה",1,0.761467889908257,0.765789473684211,0.786842105263158,0.768844221105528,0.768261964735516,0.729113924050633,0.758706467661692,0.797530864197531,"שדהמשה"
21,"באר אורה",NA,NA,0.811764705882353,0.841328413284133,0.756363636363636,0.728222996515679,0.752107925801012,0.722650231124807,0.676229508196721,"באראורה"
22,"מקווה ישראל",0.407507133384238,0.675531914893617,0.676646706586826,0.692307692307692,0.671052631578947,0.633333333333333,0.688741721854305,0.71875,0.707006369426752,"מקווהישראל"
23,"אמציה",0.408284441931151,0.744186046511628,0.806451612903226,0.796238244514107,0.736363636363636,0.733333333333333,0.718918918918919,0.651898734177215,0.697986577181208,"אמציה"
24,"לכיש",0.852199594115464,0.830845771144279,0.825327510917031,0.830957230142566,0.819964349376114,0.827402135231317,0.797927461139896,0.778702163061564,0.77337559429477,"לכיש"
26,"ראש פינה",0.682825207223492,0.677072671443193,0.737609329446064,0.746543778801843,0.734193011647255,0.719633943427621,0.694386694386694,0.662631154156578,0.661398656657448,"ראשפינה"
27,"שדות מיכה",0.60262509700712,0.642857142857143,0.648854961832061,0.734082397003745,0.734082397003745,0.697761194029851,0.756554307116105,0.681481481481481,0.749090909090909,"שדותמיכה"
28,"מזכרת בתיה",0.640531665226631,0.714328313702102,0.751733881325456,0.797481515711645,0.781373780311081,0.764282975460123,0.770018975332068,0.748411455935169,0.752231945549368,"מזכרתבתיה"
29,"יסוד המעלה",0.7320563483832,0.685540950455005,0.735970561177553,0.764495985727029,0.736625514403292,0.710569105691057,0.713258785942492,0.704842428900845,0.663204747774481,"יסודהמעלה"
31,"אופקים",0.531884385192486,0.587790227561511,0.592409061206709,0.668094105207507,0.654997850900234,0.664829776304114,0.671939477303989,0.609588739828458,0.685984278307409,"אופקים"
32,"עוצם",0.684432342606589,0.670157068062827,0.75968992248062,0.815656565656566,0.765258215962441,0.792626728110599,0.850467289719626,0.78,0.831533477321814,"עוצם"
33,"בת שלמה",0.713617279579139,0.724242424242424,0.785522788203753,0.81360201511335,0.828703703703704,0.777011494252874,0.802721088435374,0.807692307692308,0.738041002277904,"בתשלמה"
35,"גדות",0.614859222142687,0.572519083969466,0.647727272727273,0.684507042253521,0.663101604278075,0.652291105121294,0.657608695652174,0.655913978494624,0.660477453580902,"גדות"
36,"שדה דוד",0.55036797632491,0.629508196721312,0.637540453074434,0.688135593220339,0.756962025316456,0.756626506024096,0.787234042553192,0.721428571428571,0.812917594654788,"שדהדוד"
37,"איתן",0.653183137054105,0.707581227436823,0.733552631578947,0.82258064516129,0.772334293948127,0.793785310734463,0.782857142857143,0.737704918032787,0.823684210526316,"איתן"
39,"גפן",0.687669772942904,0.716738197424893,0.730923694779116,0.781746031746032,0.736220472440945,0.800751879699248,0.842105263157895,0.766666666666667,0.825925925925926,"גפן"
41,"אליכין",0.688769583534745,0.704949543488707,0.735511982570806,0.795038633590891,0.762633996937213,0.764161849710983,0.759208995734781,0.73822188449848,0.757791963950432,"אליכין"
43,"מטולה",0.556563835667194,0.631535947712418,0.654163540885221,0.66,0.652787579393084,0.591101694915254,0.604748603351955,0.587193460490463,0.542686962276638,"מטולה"
44,"זוהר",0.65594922583345,0.693661971830986,0.697761194029851,0.735294117647059,0.764044943820225,0.750943396226415,0.768939393939394,0.717472118959108,0.735177865612648,"זוהר"
46,"יבנאל",0.763174781541555,0.680987654320988,0.72958500669344,0.757446808510638,0.672938350680544,0.715945512820513,0.694433319983981,0.658375437232802,0.700258397932817,"יבנאל"
47,"כפר תבור",0.683806188234217,0.706422018348624,0.735609368797142,0.752962298025135,0.750151057401813,0.728387675740353,0.725461035098156,0.706206496519722,0.698781524511193,"כפרתבור"
48,"מנחמיה",0.617516629711752,0.589225589225589,0.634146341463415,0.67986798679868,0.659139784946237,0.636266094420601,0.650485436893204,0.604255319148936,0.651898734177215,"מנחמיה"
49,"אילניה",0.575095885634589,0.669270833333333,0.685503685503685,0.708235294117647,0.696312364425163,0.673913043478261,0.66017316017316,0.678260869565217,0.644880174291939,"אילניה"
52,"לוזית",0.793072387815264,0.577586206896552,0.715254237288136,0.777464788732394,0.738041002277904,0.753880266075388,0.779475982532751,0.696842105263158,0.781065088757396,"לוזית"
53,"עתלית",0.632632535287403,0.644028103044497,0.667347401860676,0.709354357553803,0.718087995654536,0.715947136563877,0.718966390812363,0.702757756189282,0.72463976945245,"עתלית"
55,"נוגה",0.751786874593892,0.555205047318612,0.613888888888889,0.731578947368421,0.716791979949875,0.685503685503685,0.726161369193154,0.663438256658596,0.744827586206897,"נוגה"
57,"כנרת (קבוצה)",0.688081446375285,0.676419965576592,0.670491803278689,0.693522906793049,0.666139240506329,0.694620253164557,0.689274447949527,0.673946957878315,0.648401826484018,"כנרתקבוצה"
58,"מצפה",0.533848363294211,0.674074074074074,0.772058823529412,0.795275590551181,0.78030303030303,0.691176470588235,0.707692307692308,0.720338983050847,0.752212389380531,"מצפה"
59,"נחושה",1,0.713483146067416,0.867441860465116,0.831144465290807,0.824897400820793,0.775032509752926,0.782553729456384,0.768028846153846,0.738202247191011,"נחושה"
62,"דגניה א'",0.648364485981308,0.684426229508197,0.676635514018692,0.702290076335878,0.712621359223301,0.651750972762646,0.666015625,0.683495145631068,0.647619047619048,"דגניהא"
63,"כנרת (מושבה)",0.723568714791039,0.713924050632911,0.703786191536748,0.754237288135593,0.731285988483685,0.695402298850575,0.721062618595825,0.689719626168224,0.67921146953405,"כנרתמושבה"
64,"יד רמב""ם",0.601986321898586,0.717231222385862,0.730307076101469,0.783610755441741,0.756594724220623,0.752358490566038,0.773739742086753,0.726635514018692,0.765375854214123,"ידרמבם"
65,"מגדל",0.55172562141993,0.586174242424242,0.625105307497894,0.67612293144208,0.672910662824208,0.657553956834532,0.666666666666667,0.626480836236934,0.665759019741321,"מגדל"
66,"מרחביה (קיבוץ)",0.593262709066382,0.708117443868739,0.754740834386852,0.75417661097852,0.731981981981982,0.717171717171717,0.721132897603486,0.707446808510638,0.690526315789474,"מרחביהקיבוץ"
67,"אור הנר",0.666075715604801,0.695331695331695,0.76953125,0.778947368421053,0.817578772802653,0.770358306188925,0.761363636363636,0.7728,0.763492063492063,"אורהנר"
69,"ניר עוז",0.763401485098159,0.746031746031746,0.755162241887906,0.781976744186046,0.750759878419453,0.692307692307692,0.741641337386018,0.728915662650602,0.732522796352584,"נירעוז"
70,"אשדוד",0.554475931589277,0.613866999624149,0.629802837220486,0.67655544000047,0.661419805213083,0.655068367152359,0.66079666677837,0.616210785728558,0.643879549355279,"אשדוד"
71,"אשבול",0.995457393483709,0.696261682242991,0.710526315789474,0.73462783171521,0.786240786240786,0.767156862745098,0.766666666666667,0.735576923076923,0.778801843317972,"אשבול"
72,"גן שמואל",0.752391298213933,0.741463414634146,0.762246117084827,0.7903981264637,0.771526980482204,0.781714285714286,0.773823191733639,0.778669724770642,0.763761467889908,"גןשמואל"
74,"עין הוד",0.610400827662139,0.684057971014493,0.70935960591133,0.745575221238938,0.743951612903226,0.721774193548387,0.707661290322581,0.698630136986301,0.644787644787645,"עיןהוד"
76,"כפר גלעדי",0.829666102477304,0.627240143369176,0.658582089552239,0.671559633027523,0.637010676156584,0.626102292768959,0.63716814159292,0.612736660929432,0.598984771573604,"כפרגלעדי"
77,"איילת השחר",0.705718270571827,0.676767676767677,0.721153846153846,0.728728728728729,0.732758620689655,0.696560196560197,0.71760391198044,0.708487084870849,0.714285714285714,"איילתהשחר"
78,"קרית ענבים",1,0.748201438848921,0.763636363636364,0.781569965870307,0.723684210526316,0.683006535947712,0.672131147540984,0.643292682926829,0.618618618618619,"קריתענבים"
79,"דגניה ב'",0.743419575166689,0.698412698412698,0.750996015936255,0.773764258555133,0.781651376146789,0.726618705035971,0.712522045855379,0.711538461538462,0.681895093062606,"דגניהב"
80,"נהלל",0.661515842238734,0.733113673805601,0.759873617693523,0.779279279279279,0.761442441054092,0.754716981132076,0.757738896366083,0.763089005235602,0.741626794258373,"נהלל"
82,"עין חרוד (מאוחד)",0.651568186464936,0.708955223880597,0.706056129985229,0.714285714285714,0.722058823529412,0.737388724035608,0.725146198830409,0.716763005780347,0.681556195965418,"עיןחרודמאוחד"
84,"תל יוסף",0.865704772475028,0.692520775623269,0.735294117647059,0.777479892761394,0.773584905660377,0.739247311827957,0.748648648648649,0.747967479674797,0.715384615384615,"תליוסף"
85,"כפר יחזקאל",0.835232996943463,0.807763401109057,0.796296296296296,0.827123695976155,0.817415730337079,0.802469135802469,0.818431911966988,0.806275579809004,0.794233289646134,"כפריחזקאל"
86,"גבע",0.795626600428409,0.777777777777778,0.754980079681275,0.758284600389864,0.719465648854962,0.727969348659004,0.731517509727626,0.730916030534351,0.682879377431907,"גבע"
89,"עין חרוד (איחוד)",0.635,0.712707182320442,0.76271186440678,0.775471698113208,0.75763358778626,0.724470134874759,0.731141199226306,0.742690058479532,0.721343873517787,"עיןחרודאיחוד"
90,"חפצי-בה",0.772648631645172,0.679790026246719,0.725490196078431,0.735576923076923,0.742049469964664,0.763250883392226,0.73286467486819,0.730496453900709,0.700170357751278,"חפציבה"
92,"גיניגר",0.681492681492681,0.678004535147392,0.733333333333333,0.712686567164179,0.70990990990991,0.716417910447761,0.701851851851852,0.702359346642468,0.657657657657658,"גיניגר"
94,"בלפוריה",0.734162895927602,0.728395061728395,0.759146341463415,0.8,0.822335025380711,0.819338422391858,0.8275,0.788095238095238,0.777239709443099,"בלפוריה"
95,"בית אלפא",1,0.666666666666667,0.711507293354943,0.736607142857143,0.722689075630252,0.717905405405405,0.695652173913043,0.714041095890411,0.715469613259669,"ביתאלפא"
96,"יגור",0.85100414965833,0.712183156173344,0.697492163009404,0.706161137440758,0.695067264573991,0.696947133283693,0.681448632668145,0.664473684210526,0.637401855817273,"יגור"
97,"מרחביה (מושב)",0.614264551196973,0.776,0.767535070140281,0.78727634194831,0.759927797833935,0.761989342806394,0.758741258741259,0.728353140916808,0.719734660033168,"מרחביהמושב"
98,"כפר מל""ל",0.538085255066387,0.784452296819788,0.806451612903226,0.829861111111111,0.814432989690722,0.814035087719298,0.793594306049822,0.796428571428571,0.769230769230769,"כפרמלל"
99,"מצפה רמון",0.673895065963099,0.56236975290265,0.587081891580161,0.609392575928009,0.577717391304348,0.569561666212905,0.577819956616052,0.504043126684636,0.530890612463225,"מצפהרמון"
102,"מאיר שפיה",0.289661319073084,0.421052631578947,0.525252525252525,0.532608695652174,0.509433962264151,0.533898305084746,0.482142857142857,0.504347826086956,0.4296875,"מאירשפיה"
103,"תל עדשים",0.916963240102812,0.821428571428571,0.766619519094767,0.817333333333333,0.804295942720764,0.777777777777778,0.764705882352941,0.792584009269988,0.743875278396437,"תלעדשים"
104,"מזרע",0.592310966094481,0.702255639097744,0.732115677321157,0.72824427480916,0.735294117647059,0.714494875549048,0.724890829694323,0.719148936170213,0.697574893009986,"מזרע"
106,"כפר גדעון",1,0.678082191780822,0.730769230769231,0.778443113772455,0.802197802197802,0.769230769230769,0.728260869565217,0.71957671957672,0.710900473933649,"כפרגדעון"
107,"כפר סילבר",0.415913200723327,0.622448979591837,0.56,0.56043956043956,0.409638554216867,0.360824742268041,0.390804597701149,0.418604651162791,0.329411764705882,"כפרסילבר"
112,"כפר חסידים א'",0.910870566559189,0.75,0.790419161676647,0.784431137724551,0.762645914396887,0.761627906976744,0.749518304431599,0.743833017077799,0.704460966542751,"כפרחסידיםא"
113,"אדירים",0.864244021841461,0.785714285714286,0.824468085106383,0.779904306220096,0.760869565217391,0.830434782608696,0.785407725321888,0.769230769230769,0.753191489361702,"אדירים"
115,"חופית",0.68827627093523,0.744219653179191,0.766906474820144,0.785206258890469,0.718019257221458,0.706919945725916,0.710204081632653,0.753280839895013,0.728426395939086,"חופית"
122,"רמת ישי",0.670683135316007,0.728574625195793,0.760438714643063,0.77544634640162,0.756971408400988,0.741218005295675,0.745703262013329,0.736418166238218,0.726894946808511,"רמתישי"
126,"שריד",0.825813418470351,0.671974522292994,0.717451523545706,0.730398899587345,0.727030625832224,0.730053191489362,0.714854111405836,0.698952879581152,0.690414507772021,"שריד"
127,"רמת רחל",0.944496268656716,0.726688102893891,0.76875,0.804347826086957,0.795518207282913,0.793296089385475,0.819209039548023,0.808988764044944,0.788300835654596,"רמתרחל"
128,"גת רימון",1,0.747191011235955,0.734375,0.779487179487179,0.741116751269036,0.742424242424242,0.732673267326733,0.765853658536585,0.739583333333333,"גתרימון"
130,"משמר העמק",0.82720195063524,0.739076154806492,0.762886597938144,0.744493392070485,0.763326226012793,0.756046267087277,0.751840168243954,0.771097046413502,0.762513312034079,"משמרהעמק"
132,"כפר ברוך",0.811882859313022,0.705179282868526,0.78839590443686,0.783536585365854,0.792817679558011,0.803867403314917,0.775675675675676,0.752659574468085,0.770642201834862,"כפרברוך"
133,"גבת",0.867518574408166,0.762295081967213,0.810593900481541,0.838509316770186,0.812041116005874,0.822320117474302,0.812041116005874,0.804347826086957,0.810541310541311,"גבת"
134,"יפעת",0.925978341127246,0.696374622356495,0.752941176470588,0.775280898876405,0.741656365883807,0.76997578692494,0.761158021712907,0.750295857988166,0.756410256410256,"יפעת"
135,"רמת דוד",1,0.61340206185567,0.895238095238095,0.77521613832853,0.804597701149425,0.811267605633803,0.794444444444444,0.778666666666667,0.754950495049505,"רמתדוד"
139,"עין שמר",0.509028635746099,0.701013513513513,0.731833910034602,0.744897959183674,0.751736111111111,0.729131175468484,0.726190476190476,0.717428087986464,0.713622291021672,"עיןשמר"
140,"כפר יהושע",0.927835051546392,0.813167259786477,0.82179675994109,0.83026874115983,0.803377563329312,0.789855072463768,0.810843373493976,0.773474178403756,0.772222222222222,"כפריהושע"
141,"ברק",0.818901098901099,0.66,0.699658703071672,0.723472668810289,0.717607973421927,0.741830065359477,0.720394736842105,0.662295081967213,0.740740740740741,"ברק"
142,"שדה יעקב",0.751427806254321,0.82089552238806,0.854684512428298,0.841637010676157,0.820846905537459,0.789137380191693,0.799363057324841,0.778801843317972,0.780923994038748,"שדהיעקב"
143,"בית זרע",0.569329866092779,0.664323374340949,0.727605118829982,0.697916666666667,0.623987034035656,0.61576354679803,0.616915422885572,0.610492845786963,0.631160572337043,"ביתזרע"
144,"גן שלמה",0.8606520189254,0.755434782608696,0.764864864864865,0.802110817941952,0.831234256926952,0.801507537688442,0.8075,0.803874092009685,0.777239709443099,"גןשלמה"
145,"גדיש",0.793746630727763,0.656603773584906,0.678571428571429,0.760617760617761,0.705454545454545,0.683636363636364,0.74468085106383,0.705263157894737,0.742049469964664,"גדיש"
146,"דבורה",0.606757067340841,0.602564102564103,0.719298245614035,0.744292237442922,0.7,0.717391304347826,0.68859649122807,0.647058823529412,0.615044247787611,"דבורה"
147,"גבעת ברנר",1,0.68140243902439,0.758248009101251,0.756936736958934,0.750265111346766,0.753066666666667,0.736785904965296,0.757333333333333,0.743629745189808,"גבעתברנר"
154,"תל מונד",0.6419678599692,0.722517730496454,0.74294544477291,0.777570789865872,0.766180443003782,0.75716730851519,0.748262792166772,0.736922450641156,0.747274813539874,"תלמונד"
155,"באר טוביה",0.868165117786903,0.809946714031972,0.839344262295082,0.818456883509834,0.809948979591837,0.824844720496894,0.795792079207921,0.805320435308343,0.792697290930506,"בארטוביה"
156,"עיינות",0.314102564102564,0.523076923076923,0.701298701298701,0.590909090909091,0.486238532110092,0.389705882352941,0.434782608695652,0.325581395348837,0.315068493150685,"עיינות"
157,"עין ורד",0.723415132924335,0.801955990220049,0.834547346514048,0.838293650793651,0.81267217630854,0.805682859761687,0.779411764705882,0.803713527851459,0.75885911840968,"עיןורד"
158,"נען",0.811639105416334,0.718322698268004,0.760777683854607,0.753538717735221,0.768933539412674,0.757528957528958,0.763177998472116,0.748314606741573,0.734270910436714,"נען"
159,"בית חנן",0.656297191180912,0.750528541226216,0.782,0.812286689419795,0.788461538461538,0.773946360153257,0.771593090211132,0.776699029126214,0.742125984251969,"ביתחנן"
160,"חולדה",1,0.726643598615917,0.737313432835821,0.838834951456311,0.8448,0.813374805598756,0.815829528158295,0.821100917431193,0.775280898876405,"חולדה"
162,"חירות",0.758277162394692,0.847545219638243,0.839094159713945,0.845153664302601,0.823466092572659,0.814377682403433,0.811015118790497,0.807073954983923,0.775700934579439,"חירות"
163,"תימורים",0.635271457806669,0.744402985074627,0.777777777777778,0.776293823038397,0.786392405063291,0.748427672955975,0.7408,0.71451355661882,0.716981132075472,"תימורים"
164,"מלאה",0.701023696266906,0.745535714285714,0.83402489626556,0.781954887218045,0.811594202898551,0.776978417266187,0.847826086956522,0.794223826714801,0.776173285198556,"מלאה"
165,"ניר יפה",0.905022045237762,0.62280701754386,0.730027548209366,0.810026385224274,0.746268656716418,0.730392156862745,0.770685579196217,0.713318284424379,0.724511930585683,"ניריפה"
166,"גן יבנה",0.601203721789482,0.71080327426464,0.735723373998952,0.77178221264168,0.756308223826269,0.745232273838631,0.748412074284677,0.719039695745187,0.739739451233572,"גןיבנה"
167,"עין החורש",0.749311111848876,0.775229357798165,0.786153846153846,0.809667673716012,0.818978102189781,0.79971181556196,0.767605633802817,0.762247838616715,0.756944444444444,"עיןהחורש"
168,"כפר יונה",0.633850946412089,0.659592215013902,0.719157472417252,0.765763154080301,0.739970186013352,0.73057092555332,0.736433638513309,0.714692969952677,0.737665960634396,"כפריונה"
170,"כפר יעבץ",0.833740650908856,0.716157205240175,0.785876993166287,0.812095032397408,0.789587852494577,0.793548387096774,0.79957805907173,0.772357723577236,0.737945492662474,"כפריעבץ"
171,"פרדסיה",0.556061776178148,0.741425992779783,0.756024738750267,0.783078880407125,0.772946859903382,0.7563614506111,0.755844155844156,0.757796451914099,0.764767381076843,"פרדסיה"
173,"גבעת חיים (מאוחד)",0.71747824041402,0.731535756154748,0.775229357798165,0.79147465437788,0.767494356659142,0.752519596864502,0.750281214848144,0.753363228699552,0.732824427480916,"גבעתחייםמאוחד"
174,"נטעים",0.643556850820818,0.79002624671916,0.8068669527897,0.80338266384778,0.770522388059702,0.762867647058823,0.762923351158645,0.764499121265378,0.751689189189189,"נטעים"
175,"אביחיל",0.732648355422236,0.763574660633484,0.761554621848739,0.77449947312961,0.766460905349794,0.744918699186992,0.746693794506612,0.757390417940877,0.707193515704154,"אביחיל"
176,"אפיקים",0.988369736180701,0.680514342235411,0.682570593962999,0.695610687022901,0.687903970452447,0.660813308687616,0.674953959484346,0.66636197440585,0.661985018726592,"אפיקים"
177,"כפר ביל""ו",0.771176251088354,0.787680209698558,0.77859778597786,0.815256257449344,0.808755760368664,0.784562211981567,0.791284403669725,0.777019340159272,0.778546712802768,"כפרבילו"
178,"רמת יוחנן",0.658263729169189,0.688693098384728,0.702523240371846,0.710858585858586,0.704957678355502,0.678743961352657,0.686531585220501,0.6785290628707,0.677494199535963,"רמתיוחנן"
182,"אבן יהודה",0.710359870417824,0.712839637719766,0.768309222423146,0.791331740169455,0.771076985660531,0.758328285887341,0.761852038248616,0.744626558052802,0.737849215461156,"אבןיהודה"
183,"ירקונה",0.659959758551308,0.78988326848249,0.764285714285714,0.815972222222222,0.752411575562701,0.729903536977492,0.730519480519481,0.742765273311897,0.724919093851133,"ירקונה"
184,"רמת הכובש",1,0.7426597582038,0.754152823920266,0.77938808373591,0.776758409785933,0.798179059180577,0.795216741405082,0.76798825256975,0.762931034482759,"רמתהכובש"
186,"נעורים",0.173959587849592,0.456692913385827,0.471698113207547,0.503184713375796,0.433526011560694,0.374358974358974,0.419540229885057,0.408284023668639,0.392405063291139,"נעורים"
187,"כפר הס",0.850319752967325,0.784242424242424,0.786578657865787,0.792016806722689,0.770114942528736,0.77069457659372,0.761406844106464,0.75981308411215,0.765698219306467,"כפרהס"
188,"אשדות יעקב  (מאוח",0.665552637861065,0.637532133676093,0.690072639225182,0.69811320754717,0.695652173913043,0.668604651162791,0.696153846153846,0.654611211573237,0.667768595041322,"אשדותיעקבמאוח"
189,"כפר פינס",0.684752647613521,0.852941176470588,0.864306784660767,0.85632183908046,0.846774193548387,0.803191489361702,0.826771653543307,0.794871794871795,0.789473684210526,"כפרפינס"
190,"כפר ויתקין",0.784696985010744,0.765849535080304,0.800751879699248,0.801622418879056,0.771692745376956,0.755349500713267,0.760543245175125,0.754273504273504,0.731994459833795,"כפרויתקין"
191,"הדר עם",0.717768147345612,0.756410256410256,0.835680751173709,0.841163310961969,0.835294117647059,0.808219178082192,0.800387596899225,0.780534351145038,0.770642201834862,"הדרעם"
192,"כפר החורש",0.878264497288277,0.732186732186732,0.76,0.785882352941176,0.781052631578947,0.749478079331942,0.741596638655462,0.765690376569038,0.780793319415449,"כפרהחורש"
193,"כפר חיים",0.868648910411622,0.76997578692494,0.808153477218225,0.8175,0.783653846153846,0.78436018957346,0.806976744186046,0.786542923433875,0.777522935779816,"כפרחיים"
194,"משמר השרון",0.682553214522524,0.653932584269663,0.677018633540373,0.675834970530452,0.671232876712329,0.675728155339806,0.677669902912621,0.684615384615385,0.647969052224371,"משמרהשרון"
195,"קדימה-צורן",NA,0.716638434029738,0.744340654716822,0.778196338431402,0.761374795417349,0.757489300998573,0.754798402679376,0.743428571428571,0.742158985462419,"קדימהצורן"
196,"גיבתון",0.726104559056504,0.782805429864253,0.824561403508772,0.846491228070175,0.778210116731518,0.796153846153846,0.818867924528302,0.810714285714286,0.782608695652174,"גיבתון"
197,"מעברות",0.825709616731437,0.768377253814147,0.771428571428571,0.79047619047619,0.797554347826087,0.769647696476965,0.758064516129032,0.775862068965517,0.739597315436242,"מעברות"
198,"צופית",0.934129400999085,0.792507204610951,0.786381842456609,0.786369593709043,0.749685534591195,0.737562189054726,0.747183979974969,0.73452380952381,0.731934731934732,"צופית"
199,"אשדות יעקב  (איחו",0.839173856793157,0.693965517241379,0.691042047531993,0.739703459637562,0.748466257668712,0.735703245749614,0.71580547112462,0.718703976435935,0.698389458272328,"אשדותיעקבאיחו"
200,"בית ינאי",0.687073671233099,0.676156583629893,0.731391585760518,0.691588785046729,0.638436482084691,0.636963696369637,0.646464646464647,0.654237288135593,0.652597402597403,"ביתינאי"
202,"בית עובד",0.789131057469469,0.741312741312741,0.812749003984064,0.842696629213483,0.753138075313807,0.763052208835341,0.748,0.751968503937008,0.729411764705882,"ביתעובד"
204,"אלישיב",0.864618156706896,0.788113695090439,0.77728285077951,0.830835117773019,0.775898520084567,0.755888650963597,0.746268656716418,0.765560165975104,0.772540983606557,"אלישיב"
205,"חגלה",1,0.836317135549872,0.824884792626728,0.837004405286344,0.819639278557114,0.792490118577075,0.791252485089463,0.795366795366795,0.743682310469314,"חגלה"
206,"רמות השבים",0.792816058222796,0.755700325732899,0.76865671641791,0.769523809523809,0.773519163763066,0.749358426005133,0.761334473909324,0.773648648648649,0.758361204013378,"רמותהשבים"
207,"גבעת ח""ן",0.810795136002474,0.788961038961039,0.845161290322581,0.842809364548495,0.865319865319865,0.828382838283828,0.827242524916944,0.820945945945946,0.824561403508772,"גבעתחן"
208,"מוצא עילית",0.785666498648215,0.6576,0.689208633093525,0.710084033613445,0.731111111111111,0.708609271523179,0.729878721058434,0.691410392364793,0.694376528117359,"מוצאעילית"
213,"משמרות",1,0.744769874476987,0.771523178807947,0.799564270152505,0.795774647887324,0.798290598290598,0.816528925619835,0.811550151975684,0.791553133514986,"משמרות"
217,"כפר הרא""ה",0.645768827389745,0.827529021558872,0.853293413173653,0.846262341325811,0.820083682008368,0.796982167352538,0.782726045883941,0.758169934640523,0.772965879265092,"כפרהראה"
218,"גני עם",0.829480263721209,0.807486631016043,0.882352941176471,0.8,0.80188679245283,0.787735849056604,0.787735849056604,0.817757009345794,0.814285714285714,"גניעם"
219,"חיבת ציון",0.830639631697522,0.784574468085106,0.816867469879518,0.857142857142857,0.817567567567568,0.821428571428571,0.799554565701559,0.827309236947791,0.792910447761194,"חיבתציון"
220,"כפר ביאליק",0.620114595346623,0.67639902676399,0.70935960591133,0.762589928057554,0.773504273504274,0.764331210191083,0.737634408602151,0.712121212121212,0.744725738396624,"כפרביאליק"
223,"עין עירון",0.748171797996927,0.74251497005988,0.81994459833795,0.83547557840617,0.839416058394161,0.814814814814815,0.804020100502513,0.802439024390244,0.756501182033097,"עיןעירון"
224,"שושנת העמקים",NA,0.601351351351351,0.643006263048017,0.723768736616702,0.711060948081264,0.70627802690583,0.710467706013363,0.697986577181208,0.717832957110609,"שושנתהעמקים"
225,"גן השומרון",0.738636363636364,0.728155339805825,0.778169014084507,0.784722222222222,0.768982229402262,0.799363057324841,0.775834658187599,0.761526232114467,0.746105919003115,"גןהשומרון"
229,"גני תקווה",0.735531687113971,0.719868027631715,0.764793449944176,0.791016466936805,0.786584063234352,0.77911172796669,0.780145212729864,0.754211773749279,0.757959888115218,"גניתקווה"
230,"מעש",0.805041907889052,0.775080906148867,0.782208588957055,0.800291545189504,0.787790697674419,0.784570596797671,0.775510204081633,0.781763826606876,0.746585735963581,"מעש"
232,"שפיים",0.766335936790482,0.758282208588957,0.777272727272727,0.788079470198676,0.793032786885246,0.769308943089431,0.764646464646465,0.776900296150049,0.780230326295585,"שפיים"
233,"כפר ידידיה",0.764539571360579,0.813211845102506,0.841004184100418,0.815950920245399,0.823651452282158,0.816115702479339,0.817248459958932,0.787449392712551,0.753424657534247,"כפרידידיה"
234,"ביצרון",0.845653459491425,0.803621169916435,0.827631578947368,0.826140567200986,0.801369863013699,0.787089467723669,0.804274465691789,0.789887640449438,0.761072261072261,"ביצרון"
235,"חבצלת השרון",1,0.691394658753709,0.670553935860058,0.654069767441861,0.663716814159292,0.627906976744186,0.651162790697674,0.624633431085044,0.614705882352941,"חבצלתהשרון"
237,"שער העמקים",0.889801297648013,0.761194029850746,0.77962962962963,0.788808664259928,0.787658802177858,0.789855072463768,0.792418772563177,0.79144385026738,0.774021352313167,"שערהעמקים"
239,"גן חיים",0.826341631492807,0.795546558704453,0.815939278937381,0.848368522072937,0.817504655493482,0.798892988929889,0.791744840525328,0.802607076350093,0.795955882352941,"גןחיים"
240,"יקנעם עילית",0.635813186123304,0.654509136642746,0.684019453387218,0.723378054313306,0.699211437000057,0.69448951048951,0.694090959389178,0.671724287417362,0.675540062325041,"יקנעםעילית"
241,"יקנעם (מושבה)",0.793174016371798,0.74423710208562,0.78046218487395,0.776530612244898,0.777006937561943,0.758349705304519,0.729166666666667,0.765225933202358,0.74288518155054,"יקנעםמושבה"
242,"בית השיטה",0.863189600507292,0.686813186813187,0.722672064777328,0.745526838966203,0.745210727969349,0.737957610789981,0.72822966507177,0.735265700483092,0.700285442435776,"ביתהשיטה"
246,"נתיבות",0.662741689537744,0.669945355191257,0.732897770945427,0.764605344934742,0.750254436036993,0.755903802743532,0.763497874847452,0.703336663336663,0.755485336931052,"נתיבות"
247,"רשפון",0.885980767165002,0.755441741357234,0.778164924506388,0.762863534675615,0.784313725490196,0.781464530892448,0.777904328018223,0.76510067114094,0.733695652173913,"רשפון"
248,"בית שערים",1,0.756487025948104,0.851769911504425,0.868085106382979,0.81104033970276,0.806315789473684,0.815195071868583,0.762,0.747148288973384,"ביתשערים"
249,"כפר סירקין",0.847559272464387,0.793650793650794,0.798578199052133,0.795749704840614,0.802072538860104,0.831101956745623,0.799382716049383,0.795753286147624,0.793793793793794,"כפרסירקין"
250,"הזורע",0.637252725729581,0.672433679354095,0.675294117647059,0.701670644391408,0.706349206349206,0.701890989988877,0.67439293598234,0.697036223929748,0.679389312977099,"הזורע"
252,"ביתן אהרן",1,0.647482014388489,0.720588235294118,0.678832116788321,0.761111111111111,0.38860103626943,0.36150234741784,0.408071748878924,0.3625,"ביתןאהרן"
253,"חולתה",0.954699591339884,0.735694822888283,0.735849056603774,0.763496143958869,0.751162790697674,0.744394618834081,0.731441048034934,0.726681127982646,0.724066390041494,"חולתה"
254,"כפר המכבי",0.741040965954461,0.670454545454545,0.692307692307692,0.692041522491349,0.708196721311475,0.690553745928339,0.700325732899023,0.693037974683544,0.727554179566563,"כפרהמכבי"
255,"כפר חיטים",0.562109195748606,0.67948717948718,0.713333333333333,0.731006160164271,0.685258964143426,0.677290836653386,0.677165354330709,0.662813102119461,0.642592592592593,"כפרחיטים"
256,"ניר דוד (תל עמל)",0.932390381895332,0.75092936802974,0.773214285714286,0.76949740034662,0.788524590163934,0.745901639344262,0.760904684975767,0.7632,0.719188767550702,"נירדודתלעמל"
257,"נופך",0.693312493022217,0.731517509727626,0.70125786163522,0.77810650887574,0.809644670050761,0.825641025641026,0.83547557840617,0.777777777777778,0.817733990147783,"נופך"
259,"שדה נחום",0.76096995751398,0.657370517928287,0.703448275862069,0.743093922651934,0.775757575757576,0.726396917148362,0.728597449908925,0.723051409618574,0.696801112656467,"שדהנחום"
262,"גינוסר",0.691623476677406,0.626086956521739,0.679752066115702,0.716763005780347,0.708029197080292,0.691743119266055,0.688311688311688,0.619565217391304,0.70556552962298,"גינוסר"
263,"מסדה",0.742977229197702,0.645833333333333,0.618110236220472,0.694339622641509,0.690298507462687,0.647058823529412,0.634686346863469,0.63003663003663,0.613793103448276,"מסדה"
264,"שער הגולן",0.821900047147572,0.736526946107784,0.748514851485149,0.753968253968254,0.799188640973631,0.73630831643002,0.744897959183674,0.748466257668712,0.706122448979592,"שערהגולן"
265,"בית יוסף",0.699940345993239,0.593103448275862,0.560747663551402,0.603715170278638,0.719887955182073,0.669398907103825,0.683923705722071,0.581967213114754,0.7289972899729,"ביתיוסף"
267,"כפר שמריהו",0.605291247904624,0.660377358490566,0.673733804475854,0.685017026106697,0.653969957081545,0.634903640256959,0.650210084033613,0.646935568360398,0.641170431211499,"כפרשמריהו"
268,"טירת צבי",0.801538730547298,0.782,0.789473684210526,0.797323135755258,0.807692307692308,0.757225433526012,0.781007751937985,0.77992277992278,0.756227758007117,"טירתצבי"
269,"מולדת",0.719066743163129,0.750397456279809,0.776785714285714,0.802037845705968,0.782771535580524,0.727272727272727,0.73561811505508,0.719194312796208,0.685164212910532,"מולדת"
270,"עין השופט",0.651364354302557,0.638132295719844,0.641304347826087,0.643281807372176,0.607101947308133,0.598863636363636,0.595480225988701,0.618390804597701,0.588558855885589,"עיןהשופט"
272,"מעוז חיים",0.586508296005503,0.646118721461187,0.646489104116223,0.646396396396396,0.663793103448276,0.619354838709677,0.616016427104723,0.606625258799172,0.607214428857715,"מעוזחיים"
273,"עין גב",0.8406816812797,0.659955257270693,0.625560538116592,0.692139737991266,0.67983367983368,0.661122661122661,0.66804979253112,0.668058455114823,0.638477801268499,"עיןגב"
274,"כפר מנחם",1,0.724522292993631,0.760240963855422,0.784537389100127,0.767388825541619,0.762174405436014,0.751126126126126,0.74860956618465,0.732978723404255,"כפרמנחם"
276,"צור משה",0.925425285627575,0.80437756497948,0.808433734939759,0.795481569560048,0.779484366428963,0.783060109289617,0.772629310344828,0.766929133858268,0.751906456532791,"צורמשה"
278,"אושה",0.778295888088173,0.654320987654321,0.688427299703264,0.723032069970845,0.741046831955923,0.699731903485255,0.706521739130435,0.722513089005236,0.71712158808933,"אושה"
280,"חניתה",0.724369358944689,0.60655737704918,0.635802469135803,0.656609195402299,0.537087912087912,0.638736263736264,0.627260083449235,0.622905027932961,0.615702479338843,"חניתה"
281,"פקיעין חדשה",0.619718309859155,0.697959183673469,0.66015625,0.736654804270463,0.788643533123028,0.796923076923077,0.835913312693498,0.761904761904762,0.794366197183099,"פקיעיןחדשה"
282,"שבי ציון",0.892290445691865,0.681538461538462,0.734501347708895,0.731805929919138,0.728009259259259,0.700455580865604,0.695454545454545,0.69290465631929,0.662076271186441,"שביציון"
284,"שדה ורבורג",0.717701882948902,0.773609314359638,0.802950474183351,0.811640211640212,0.789847715736041,0.742,0.734468937875752,0.756513026052104,0.723258096172718,"שדהורבורג"
285,"אלונים",0.593264700750305,0.7,0.762278978388998,0.789168278529981,0.773879142300195,0.781496062992126,0.735812133072407,0.783464566929134,0.758157389635317,"אלונים"
286,"מעלה החמישה",0.82846921483713,0.588972431077694,0.654846335697399,0.705645161290323,0.704710144927536,0.725314183123878,0.697635135135135,0.719512195121951,0.718166383701188,"מעלההחמישה"
287,"תל יצחק",0.545885067886115,0.82018927444795,0.832831325301205,0.845925925925926,0.81447963800905,0.819018404907976,0.807339449541284,0.326687116564417,0.335285505124451,"תליצחק"
288,"בית יהושע",0.778905023547881,0.811224489795918,0.795384615384615,0.801815431164902,0.766759776536313,0.752112676056338,0.751753155680224,0.756291390728477,0.733921815889029,"ביתיהושע"
289,"עין המפרץ",1,0.7328125,0.782945736434108,0.7782874617737,0.797979797979798,0.7425320056899,0.772403982930299,0.760778859527121,0.735334242837653,"עיןהמפרץ"
290,"מעין צבי",0.786762093294757,0.675324675324675,0.71356783919598,0.719155844155844,0.716440422322775,0.731054977711738,0.720059880239521,0.70414201183432,0.704678362573099,"מעיןצבי"
292,"שרונה",0.727685361790483,0.775510204081633,0.796252927400468,0.801385681293303,0.792325056433409,0.775784753363229,0.789954337899543,0.776497695852535,0.755102040816326,"שרונה"
293,"שדה יואב",1,0.71830985915493,0.799227799227799,0.813868613138686,0.796747967479675,0.809651474530831,0.795865633074935,0.794871794871795,0.761306532663317,"שדהיואב"
294,"אילון",0.678227935030296,0.771905424200278,0.751651254953765,0.781456953642384,0.7796817625459,0.746031746031746,0.758241758241758,0.732377538829152,0.726651480637813,"אילון"
295,"כפר רופין",0.615589606928714,0.675949367088608,0.675,0.676767676767677,0.696891191709845,0.657963446475196,0.66751269035533,0.71,0.680798004987531,"כפררופין"
296,"נווה איתן",1,0.655813953488372,0.627358490566038,0.615720524017467,0.648936170212766,0.629032258064516,0.654450261780105,0.58695652173913,0.626315789473684,"נווהאיתן"
297,"כפר מסריק",0.970328445244833,0.761224489795918,0.735700197238659,0.747591522157996,0.700516351118761,0.654882154882155,0.682804674457429,0.714765100671141,0.695161290322581,"כפרמסריק"
298,"מסילות",0.761387711864407,0.607802874743327,0.644067796610169,0.671081677704194,0.666666666666667,0.658256880733945,0.646511627906977,0.645977011494253,0.643020594965675,"מסילות"
300,"דליה",0.770327467141902,0.721556886227545,0.734328358208955,0.77910447761194,0.756838905775076,0.729646697388633,0.754545454545455,0.756676557863502,0.72463768115942,"דליה"
301,"בית עוזיאל",0.676127566398842,0.677333333333333,0.699757869249395,0.769585253456221,0.721382289416847,0.723175965665236,0.765726681127983,0.699788583509514,0.768267223382046,"ביתעוזיאל"
302,"דפנה",1,0.732600732600733,0.792727272727273,0.8014440433213,0.806678383128295,0.788830715532286,0.771084337349398,0.74036850921273,0.726153846153846,"דפנה"
303,"דן",0.967760180995475,0.705882352941177,0.732608695652174,0.764453961456103,0.768500948766603,0.774621212121212,0.722433460076046,0.75187969924812,0.725598526703499,"דן"
304,"שדה אליהו",0.661500501195158,0.672131147540984,0.65546218487395,0.661616161616162,0.653721682847896,0.578861788617886,0.614886731391586,0.615863141524106,0.612307692307692,"שדהאליהו"
305,"גשר",0.679291420891511,0.665198237885463,0.670454545454545,0.669047619047619,0.638755980861244,0.600961538461538,0.631961259079903,0.627791563275434,0.619753086419753,"גשר"
306,"שדמות דבורה",0.785840125658007,0.737967914438503,0.788461538461538,0.823660714285714,0.813278008298755,0.812627291242363,0.803347280334728,0.798755186721992,0.781818181818182,"שדמותדבורה"
307,"הזורעים",1,0.773869346733668,0.785398230088496,0.84051724137931,0.821359223300971,0.815175097276265,0.825242718446602,0.833020637898687,0.777391304347826,"הזורעים"
308,"מחניים",0.87518063583815,0.678678678678679,0.685096153846154,0.734475374732334,0.734463276836158,0.694945848375451,0.68760907504363,0.69449081803005,0.689303904923599,"מחניים"
309,"נהורה",0.486771518750334,0.676129032258065,0.696428571428571,0.760404949381327,0.746048472075869,0.755789473684211,0.765756302521008,0.713097713097713,0.738683127572016,"נהורה"
310,"כפר גליקסון",0.706462682299114,0.697416974169742,0.722433460076046,0.746153846153846,0.767025089605735,0.75886524822695,0.753521126760563,0.766550522648084,0.711340206185567,"כפרגליקסון"
311,"גן שורק",1,0.709251101321586,0.761904761904762,0.805668016194332,0.755725190839695,0.762264150943396,0.78030303030303,0.74169741697417,0.740601503759398,"גןשורק"
312,"נווה ים",0.617103338209868,0.731428571428571,0.73972602739726,0.795121951219512,0.729857819905213,0.77511961722488,0.752380952380952,0.728571428571429,0.734597156398104,"נווהים"
313,"אפק",0.834218038549555,0.70959595959596,0.71608040201005,0.738498789346247,0.767676767676768,0.734406438631791,0.765285996055227,0.759152215799615,0.768382352941177,"אפק"
315,"נגבה",1,0.667322834645669,0.679674796747967,0.68362480127186,0.704845814977974,0.687589158345221,0.686781609195402,0.675599435825106,0.654269972451791,"נגבה"
316,"כפר נטר",0.827094474153298,0.818950930626058,0.798816568047337,0.80952380952381,0.821428571428571,0.781842818428184,0.790502793296089,0.78909612625538,0.770538243626062,"כפרנטר"
317,"בית אורן",0.784981343283582,0.585820895522388,0.638059701492537,0.689285714285714,0.655629139072848,0.667752442996743,0.64797507788162,0.662721893491124,0.639664804469274,"ביתאורן"
318,"עמיעוז",0.481132450594457,0.629268292682927,0.601990049751244,0.707920792079208,0.642512077294686,0.660287081339713,0.673076923076923,0.621495327102804,0.730941704035874,"עמיעוז"
319,"עמיר",0.659852202416743,0.699792960662526,0.734607218683652,0.735729386892178,0.741035856573705,0.719758064516129,0.711967545638945,0.72962226640159,0.704887218045113,"עמיר"
320,"כפר ורבורג",0.745147209064735,0.782945736434108,0.802898550724638,0.808108108108108,0.798041615667075,0.796092796092796,0.770552147239264,0.776470588235294,0.764361078546307,"כפרורבורג"
322,"בית הלל",0.7404953145917,0.668918918918919,0.738955823293173,0.743346007604563,0.742608695652174,0.708260105448155,0.697674418604651,0.70753064798599,0.675,"ביתהלל"
324,"שאר ישוב",0.920514319111631,0.685121107266436,0.768361581920904,0.8025,0.757647058823529,0.704491725768322,0.717339667458432,0.728813559322034,0.717647058823529,"שארישוב"
325,"מצובה",0.842738901429646,0.641237113402062,0.668515950069348,0.720720720720721,0.747572815533981,0.695443645083933,0.681656804733728,0.665105386416862,0.675736961451247,"מצובה"
326,"בית יצחק-שער חפר",0.777297659277989,0.779971791255289,0.793610223642172,0.805813234384663,0.785980148883375,0.767801857585139,0.767627222562845,0.778787878787879,0.762967430639324,"ביתיצחקשערחפר"
327,"שדות ים",0.874293859880682,0.755593803786575,0.782324058919804,0.813186813186813,0.831896551724138,0.826647564469914,0.805322128851541,0.821329639889197,0.805073431241656,"שדותים"
329,"שדה נחמיה",0.963340647313559,0.702031602708804,0.769087523277467,0.783151326053042,0.782312925170068,0.773154362416107,0.759259259259259,0.724747474747475,0.697929354445798,"שדהנחמיה"
330,"אלומות",0.58160731957152,0.611607142857143,0.682008368200837,0.686046511627907,0.727564102564103,0.686468646864686,0.7,0.64873417721519,0.684684684684685,"אלומות"
331,"ניר צבי",0.798661057977627,0.803921568627451,0.791907514450867,0.78177727784027,0.803260869565217,0.779234972677596,0.747777777777778,0.784530386740331,0.756998880179171,"נירצבי"
334,"קבוצת יבנה",0.623532929655379,0.712605042016807,0.75,0.747252747252747,0.749169435215947,0.729549248747913,0.736842105263158,0.737541528239203,0.693979933110368,"קבוצתיבנה"
335,"רמת השופט",0.83753094851874,0.659420289855073,0.716393442622951,0.716981132075472,0.717270194986072,0.70873786407767,0.709413369713506,0.706594885598923,0.676178660049628,"רמתהשופט"
336,"דורות",1,0.674468085106383,0.73,0.748538011695906,0.758620689655172,0.733212341197822,0.736462093862816,0.745062836624776,0.711304347826087,"דורות"
338,"איבים",NA,0.132352941176471,0.11864406779661,0.392857142857143,0.05,0.224299065420561,0.277777777777778,0.289855072463768,0.345744680851064,"איבים"
339,"רמת צבי",0.802673607003431,0.734104046242775,0.798449612403101,0.832911392405063,0.838202247191011,0.836322869955157,0.795964125560538,0.837606837606838,0.790983606557377,"רמתצבי"
340,"גת (קיבוץ)",0.936038292971799,0.661498708010336,0.70917225950783,0.704883227176221,0.727272727272727,0.718132854578097,0.723404255319149,0.707357859531773,0.701923076923077,"גתקיבוץ"
342,"גברעם",0.679818398011026,0.71264367816092,0.74061433447099,0.712837837837838,0.76875,0.735849056603774,0.756329113924051,0.806930693069307,0.804295942720764,"גברעם"
343,"חמדיה",0.800010646792654,0.678200692041522,0.718032786885246,0.720634920634921,0.708474576271186,0.733333333333333,0.690553745928339,0.697160883280757,0.68955223880597,"חמדיה"
344,"מענית",0.903663676645412,0.753303964757709,0.817248459958932,0.845360824742268,0.825602968460111,0.81021897810219,0.809782608695652,0.817051509769094,0.802721088435374,"מענית"
345,"כפר סאלד",0.879968686003438,0.675355450236967,0.730858468677494,0.751693002257336,0.74630021141649,0.723360655737705,0.752988047808765,0.740157480314961,0.709193245778612,"כפרסאלד"
346,"גליל ים",0.910107577961858,0.75,0.796116504854369,0.852201257861635,0.789017341040462,0.758620689655172,0.78125,0.781869688385269,0.770718232044199,"גלילים"
347,"מנרה",0.668724279835391,0.625,0.703703703703704,0.641860465116279,0.685446009389671,0.712264150943396,0.669811320754717,0.7,0.652582159624413,"מנרה"
348,"ניר עם",0.942234848484849,0.59190031152648,0.581818181818182,0.63716814159292,0.651948051948052,0.673575129533679,0.646766169154229,0.647482014388489,0.68695652173913,"נירעם"
351,"ניצן",0.278412574549914,0.739463601532567,0.778859527121001,0.798283261802575,0.807174887892377,0.781048097631012,0.800850460666194,0.761682242990654,0.756926952141058,"ניצן"
352,"גבולות",0.584789564361309,0.572549019607843,0.605263157894737,0.604395604395604,0.666666666666667,0.626666666666667,0.640522875816993,0.620689655172414,0.582582582582583,"גבולות"
353,"בית זיד",NA,NA,0.481481481481481,0.62962962962963,0.619469026548673,0.649122807017544,0.654867256637168,0.571428571428571,0.638888888888889,"ביתזיד"
354,"רביבים",0.975497931008802,0.609422492401216,0.648318042813456,0.665191740412979,0.635057471264368,0.624285714285714,0.604017216642755,0.616573033707865,0.57202216066482,"רביבים"
355,"חורשים",0.682837342030167,0.636,0.647727272727273,0.673992673992674,0.678200692041522,0.673469387755102,0.662162162162162,0.667785234899329,0.677524429967427,"חורשים"
356,"הגושרים",0.792380638923745,0.699596774193548,0.720588235294118,0.736654804270463,0.752380952380952,0.709119496855346,0.705069124423963,0.71244635193133,0.704749679075738,"הגושרים"
357,"כפר בלום",0.731999834576309,0.62652705061082,0.661129568106312,0.70077519379845,0.703146374829001,0.679558011049724,0.677241379310345,0.682626538987688,0.686567164179104,"כפרבלום"
358,"יד מרדכי",0.619827661621905,0.62596599690881,0.698757763975155,0.736111111111111,0.756834532374101,0.770893371757925,0.702064896755162,0.687407407407407,0.696551724137931,"ידמרדכי"
359,"ניצנים",0.734791329982053,0.710743801652893,0.749303621169916,0.761627906976744,0.759878419452888,0.731988472622478,0.740524781341108,0.771929824561403,0.797752808988764,"ניצנים"
360,"גבעת ניל""י",0.764852684118527,0.73374613003096,0.79155672823219,0.808252427184466,0.835648148148148,0.763341067285383,0.776765375854214,0.768018018018018,0.76457399103139,"גבעתנילי"
362,"רוחמה",0.903352473086436,0.670403587443946,0.670995670995671,0.667396061269147,0.70281124497992,0.691235059760956,0.705179282868526,0.706333973128599,0.667272727272727,"רוחמה"
363,"חפץ חיים",0.571242740998839,0.836236933797909,0.844086021505376,0.878504672897196,0.880116959064328,0.847761194029851,0.853731343283582,0.840579710144927,0.832432432432432,"חפץחיים"
364,"כפר אוריה",0.864754098360656,0.750788643533123,0.778688524590164,0.80561122244489,0.793357933579336,0.78373382624769,0.786885245901639,0.759776536312849,0.782214156079855,"כפראוריה"
365,"בית קשת",0.93175202824054,0.646853146853147,0.684057971014493,0.728855721393035,0.740585774058577,0.735416666666667,0.722689075630252,0.707627118644068,0.689516129032258,"ביתקשת"
366,"שמיר",0.824652777777778,0.670648464163823,0.682098765432099,0.715582450832073,0.770029673590504,0.734513274336283,0.686217008797654,0.725179856115108,0.693069306930693,"שמיר"
367,"עין העמק",0.551779563719862,0.671517671517671,0.667307692307692,0.757685352622061,0.801056338028169,0.798290598290598,0.801694915254237,0.764510779436153,0.792663476874003,"עיןהעמק"
368,"ביריה",0.56484699982905,0.67065868263473,0.719202898550725,0.74442538593482,0.741496598639456,0.733108108108108,0.719798657718121,0.697478991596639,0.713615023474178,"ביריה"
369,"גלעד (אבן יצחק)",0.758620689655172,0.701754385964912,0.698275862068966,0.759776536312849,0.752659574468085,0.740540540540541,0.769647696476965,0.795640326975477,0.777173913043478,"גלעדאבןיצחק"
370,"גזר",0.322735131537294,0.483282674772036,0.504297994269341,0.536516853932584,0.527272727272727,0.532467532467532,0.537662337662338,0.538659793814433,0.528822055137845,"גזר"
372,"רמות נפתלי",0.838730931291545,0.681818181818182,0.727047146401985,0.724465558194774,0.751162790697674,0.722095671981777,0.694252873563218,0.655251141552511,0.644251626898048,"רמותנפתלי"
373,"בית הלוי",0.848019981230649,0.76905311778291,0.820675105485232,0.818713450292398,0.813102119460501,0.803001876172608,0.79182156133829,0.776536312849162,0.764705882352941,"ביתהלוי"
374,"חוקוק",0.700853253558359,0.579754601226994,0.653543307086614,0.694581280788177,0.689887640449438,0.671772428884026,0.650862068965517,0.648706896551724,0.668686868686869,"חוקוק"
375,"מגל",0.96206167292147,0.808,0.838945827232797,0.836820083682008,0.816708229426434,0.8025,0.776951672862453,0.820265379975875,0.774886877828054,"מגל"
376,"עברון",0.778915003531709,0.760726072607261,0.739482200647249,0.796416938110749,0.793674698795181,0.785928143712575,0.763744427934621,0.756559766763848,0.742857142857143,"עברון"
377,"המעפיל",0.81534092920824,0.709534368070953,0.784452296819788,0.770577933450088,0.773162939297125,0.750793650793651,0.776729559748428,0.74414976599064,0.741935483870968,"המעפיל"
378,"משגב עם",0.727094080078605,0.618811881188119,0.628571428571429,0.703389830508475,0.66023166023166,0.682539682539683,0.652509652509653,0.673151750972763,0.650735294117647,"משגבעם"
379,"גאולים",0.66496531397146,0.708688245315162,0.697674418604651,0.816074188562597,0.781710914454277,0.763425253991292,0.739507959479016,0.725714285714286,0.73370319001387,"גאולים"
380,"להבות הבשן",0.823808941456,0.690205011389522,0.682539682539683,0.736089030206677,0.728486646884273,0.693215339233038,0.714697406340058,0.699001426533523,0.649441340782123,"להבותהבשן"
382,"מכמורת",0.755139566590126,0.670385395537525,0.698189134808853,0.708653846153846,0.700478468899521,0.673933649289099,0.664114832535885,0.690140845070423,0.677301731996354,"מכמורת"
383,"עין הנצי""ב",0.877826972501529,0.775656324582339,0.804295942720764,0.776223776223776,0.797297297297297,0.735849056603774,0.762672811059908,0.71824480369515,0.714611872146119,"עיןהנציב"
385,"עמיעד",0.69094152947855,0.585263157894737,0.661057692307692,0.643540669856459,0.633177570093458,0.638888888888889,0.619489559164733,0.605442176870748,0.59830866807611,"עמיעד"
386,"בני דרור",0.711385669327282,0.736520854526958,0.704457364341085,0.72147001934236,0.801792828685259,0.800202839756592,0.800203873598369,0.586734693877551,0.532307692307692,"בנידרור"
387,"כפר מונש",0.775462247232701,0.754807692307692,0.80327868852459,0.794498381877023,0.764423076923077,0.788216560509554,0.734076433121019,0.744372990353698,0.751602564102564,"כפרמונש"
388,"כפר קיש",0.629087402472166,0.686792452830189,0.687687687687688,0.74331550802139,0.752314814814815,0.719817767653758,0.726244343891403,0.715811965811966,0.688391038696538,"כפרקיש"
389,"בצרה",0.80082265264977,0.7671875,0.795093795093795,0.804630969609262,0.75,0.772200772200772,0.745123537061118,0.738853503184713,0.742927429274293,"בצרה"
390,"רגבה",0.787207668436894,0.752503576537911,0.774234693877551,0.768395657418577,0.762081784386617,0.716934487021014,0.741935483870968,0.725326991676576,0.730140186915888,"רגבה"
393,"גלאון",0.588672443235722,0.684210526315789,0.680412371134021,0.680412371134021,0.690423162583519,0.697368421052632,0.695744680851064,0.691331923890063,0.704166666666667,"גלאון"
394,"שובל",0.753508083503375,0.672597864768683,0.693140794223827,0.738636363636364,0.783171521035599,0.789644012944984,0.719745222929936,0.719936708860759,0.722480620155039,"שובל"
395,"משמר הנגב",0.845875566946777,0.59214501510574,0.655853314527504,0.669836956521739,0.674479166666667,0.676962676962677,0.670025188916877,0.672749391727494,0.651216685979143,"משמרהנגב"
396,"נבטים",0.739309168351413,0.704590818363273,0.772200772200772,0.816638370118846,0.781641168289291,0.76319350473613,0.764383561643836,0.764553686934023,0.792405063291139,"נבטים"
397,"חצרים",0.68129858253315,0.731138545953361,0.726918075422627,0.763020833333333,0.7539975399754,0.723039215686274,0.734146341463415,0.756756756756757,0.729567307692308,"חצרים"
398,"שרשרת",0.543103448275862,0.647321428571429,0.771929824561403,0.781659388646288,0.758893280632411,0.775510204081633,0.804780876494024,0.712121212121212,0.753571428571429,"שרשרת"
399,"בארי",0.833218853236516,0.770145310435931,0.79746835443038,0.832089552238806,0.796208530805687,0.761737089201878,0.785211267605634,0.798578199052133,0.771827706635623,"בארי"
400,"אבן שמואל",1,0.802431610942249,0.876310272536688,0.890784982935154,0.86796785304248,0.863333333333333,0.862938596491228,0.837423312883436,0.846585594013096,"אבןשמואל"
402,"ניר יצחק",0.684836446515655,0.693957115009747,0.689716312056738,0.673144876325088,0.664957264957265,0.668989547038328,0.641207815275311,0.662629757785467,0.654188948306595,"ניריצחק"
403,"אורים",0.707405321863731,0.600973236009732,0.581235697940503,0.613207547169811,0.572383073496659,0.549773755656109,0.53125,0.527716186252772,0.537796976241901,"אורים"
405,"נווה אילן",0.897380169473324,0.57566765578635,0.690048939641109,0.699290780141844,0.71865889212828,0.695652173913043,0.698275862068966,0.693935119887165,0.6875,"נווהאילן"
406,"חצור-אשדוד",0.650500207459315,0.704809286898839,0.706867671691792,0.711783439490446,0.709090909090909,0.678195488721804,0.718100890207715,0.713004484304933,0.698412698412698,"חצוראשדוד"
407,"דברת",0.74382292381606,0.649193548387097,0.733870967741935,0.693617021276596,0.682119205298013,0.693290734824281,0.703363914373089,0.729106628242075,0.693548387096774,"דברת"
408,"נאות מרדכי",0.801087537019954,0.684095860566449,0.703476482617587,0.709812108559499,0.738703339882122,0.68565815324165,0.711500974658869,0.722222222222222,0.710575139146568,"נאותמרדכי"
409,"יחיעם",0.733656708190938,0.686170212765957,0.72279792746114,0.697424892703863,0.875226039783002,0.669077757685353,0.69449378330373,0.693520140105079,0.652032520325203,"יחיעם"
413,"צאלים",0.698001688713763,0.686648501362398,0.696969696969697,0.759358288770054,0.741854636591479,0.694235588972431,0.687817258883249,0.688946015424165,0.653846153846154,"צאלים"
414,"קלחים",0.797289256865098,0.671232876712329,0.737024221453287,0.773993808049536,0.831428571428571,0.801120448179272,0.824657534246575,0.74798927613941,0.780678851174935,"קלחים"
415,"שוקדה",0.620627761413844,0.683060109289617,0.731958762886598,0.815,0.804597701149425,0.808988764044944,0.843511450381679,0.757894736842105,0.844370860927152,"שוקדה"
416,"מעין ברוך",1,0.64792899408284,0.719178082191781,0.736730360934183,0.710359408033827,0.701863354037267,0.701461377870564,0.694915254237288,0.658486707566462,"מעיןברוך"
417,"יקום",0.867754883596468,0.771894093686354,0.811881188118812,0.803149606299213,0.804832713754647,0.77634011090573,0.78348623853211,0.782374100719424,0.764298093587522,"יקום"
418,"בני ציון",0.850941131503598,0.793363499245852,0.796565389696169,0.821561338289963,0.75121359223301,0.75750300120048,0.752955082742317,0.738317757009346,0.72196261682243,"בניציון"
419,"סעד",0.865078160570648,0.8,0.801020408163265,0.803030303030303,0.793214862681745,0.736421725239617,0.731942215088282,0.772727272727273,0.740566037735849,"סעד"
421,"משאבי שדה",0.680645114123203,0.656521739130435,0.636165577342048,0.694323144104803,0.67755991285403,0.666666666666667,0.63519313304721,0.624190064794816,0.606593406593407,"משאבישדה"
422,"חרב לאת",0.607557230597431,0.784444444444444,0.79957805907173,0.823529411764706,0.786948176583493,0.761194029850746,0.756855575868373,0.750877192982456,0.72572402044293,"חרבלאת"
423,"העוגן",0.974610819914687,0.715044247787611,0.728205128205128,0.766169154228856,0.762295081967213,0.752442996742671,0.744749596122779,0.7424,0.706336939721793,"העוגן"
424,"גבים",0.871576959395656,0.759856630824373,0.746875,0.762039660056657,0.76837416481069,0.771428571428571,0.74235807860262,0.731182795698925,0.69831223628692,"גבים"
425,"משמרת",0.859305183199285,0.817325800376648,0.807291666666667,0.810289389067524,0.803053435114504,0.75920245398773,0.795144157814871,0.796946564885496,0.785819793205318,"משמרת"
426,"עין כרמל",1,0.745762711864407,0.822368421052632,0.8,0.800383877159309,0.774378585086042,0.771428571428571,0.78544776119403,0.74585635359116,"עיןכרמל"
427,"כפר גלים",0.739055907172996,0.632911392405063,0.674698795180723,0.714285714285714,0.685393258426966,0.602040816326531,0.521276595744681,0.547169811320755,0.586206896551724,"כפרגלים"
428,"ברור חיל",0.790943276519532,0.595573440643863,0.686495176848875,0.692878338278932,0.724832214765101,0.712365591397849,0.698216735253772,0.689333333333333,0.659411011523688,"ברורחיל"
429,"אלוני אבא",0.902419544280009,0.844282238442822,0.84,0.821603927986907,0.795795795795796,0.775811209439528,0.777126099706745,0.754609929078014,0.73252688172043,"אלוניאבא"
430,"בית לחם הגלילית",0.755927943024717,0.757281553398058,0.774545454545455,0.791071428571429,0.780998389694042,0.736507936507937,0.723809523809524,0.736757624398074,0.743377483443709,"ביתלחםהגלילית"
431,"דלתון",0.610515810754503,0.638025594149909,0.619389587073609,0.732993197278912,0.744336569579288,0.730462519936204,0.776898734177215,0.677018633540373,0.810687022900763,"דלתון"
432,"שמרת",0.85199555648576,0.710306406685237,0.698324022346369,0.728813559322034,0.731591448931116,0.727906976744186,0.744292237442922,0.715555555555556,0.726495726495726,"שמרת"
433,"נחשולים",0.799158138754595,0.750670241286863,0.764705882352941,0.8,0.796610169491525,0.779439252336449,0.754253308128544,0.795158286778399,0.76007326007326,"נחשולים"
434,"החותרים",0.893487405115312,0.720430107526882,0.775467775467775,0.79324055666004,0.786458333333333,0.755102040816326,0.774576271186441,0.77257525083612,0.752864157119476,"החותרים"
435,"נצר סרני",0.891155495052523,0.73859649122807,0.779385171790235,0.797445255474453,0.823834196891192,0.820338983050847,0.828947368421053,0.809677419354839,0.819969742813918,"נצרסרני"
436,"עין דור",0.652715936099161,0.578796561604584,0.644243208279431,0.668957617411226,0.658185840707965,0.638274336283186,0.625137816979052,0.626898047722343,0.617044228694714,"עיןדור"
437,"רשפים",1,0.756302521008403,0.76775956284153,0.79539641943734,0.833613445378151,0.819376026272578,0.811688311688312,0.8125,0.789017341040462,"רשפים"
439,"שלוחות",0.824102849291766,0.686528497409326,0.733502538071066,0.737662337662338,0.765193370165746,0.721910112359551,0.728813559322034,0.725663716814159,0.704678362573099,"שלוחות"
440,"יסודות",1,0.925490196078431,0.931972789115646,0.91,0.950310559006211,0.924764890282132,0.914826498422713,0.920353982300885,0.909090909090909,"יסודות"
442,"גדעונה",0.796998031496063,0.617283950617284,0.674757281553398,0.748031496062992,0.737931034482759,0.690721649484536,0.774744027303754,0.738019169329074,0.721875,"גדעונה"
443,"כפר הנשיא",0.774240231548481,0.554294975688817,0.558245083207262,0.590448625180897,0.581100141043724,0.568406205923836,0.523876404494382,0.565826330532213,0.54177897574124,"כפרהנשיא"
444,"רגבים",0.719955776672195,0.607558139534884,0.62089552238806,0.688654353562005,0.697560975609756,0.693975903614458,0.70048309178744,0.668235294117647,0.715883668903803,"רגבים"
445,"רמות מנשה",1,0.747068676716918,0.793882978723404,0.794871794871795,0.791717417783191,0.758745476477684,0.777514792899408,0.7847533632287,0.761596548004315,"רמותמנשה"
446,"אודים",0.917366946778711,0.778333333333333,0.81021897810219,0.826330532212885,0.785536159600998,0.773182957393484,0.762081784386617,0.776710684273709,0.740696278511405,"אודים"
447,"נורדיה",0.589261484783873,0.732467532467532,0.758208955223881,0.791396582203889,0.766839378238342,0.755167958656331,0.763225806451613,0.60328947368421,0.606139777922926,"נורדיה"
448,"בני עטרות",0.889235569422777,0.84,0.8375,0.835294117647059,0.850574712643678,0.823627287853577,0.833605220228385,0.831423895253682,0.804311774461028,"בניעטרות"
449,"נחלים",0.588025455894524,0.870249017038008,0.86,0.858783008036739,0.849223946784922,0.821309655937847,0.845132743362832,0.82853982300885,0.807308970099668,"נחלים"
450,"בארות יצחק",0.68266253869969,0.707317073170732,0.664179104477612,0.686274509803922,0.703703703703704,0.679900744416873,0.707070707070707,0.704545454545455,0.682291666666667,"בארותיצחק"
452,"יזרעאל",0.618694759396482,0.60427807486631,0.579130434782609,0.624778761061947,0.625441696113074,0.606007067137809,0.604982206405694,0.617021276595745,0.624778761061947,"יזרעאל"
453,"יפתח",0.560442919737781,0.556621880998081,0.613935969868173,0.694117647058824,0.724202626641651,0.692737430167598,0.707182320441989,0.711678832116788,0.690941385435169,"יפתח"
454,"סער",0.811803629640442,0.63254593175853,0.670588235294118,0.742592592592593,0.740924092409241,0.692682926829268,0.701444622792937,0.666666666666667,0.678726483357453,"סער"
456,"שורש",0.644980669244101,0.727272727272727,0.784615384615385,0.788391777509069,0.798528058877645,0.785910338517841,0.776459854014598,0.446110590440487,0.446948356807512,"שורש"
457,"גזית",0.829998955125723,0.725978647686833,0.754749568221071,0.746575342465753,0.729001584786054,0.722662440570523,0.710900473933649,0.712977099236641,0.685672514619883,"גזית"
460,"רמת רזיאל",0.719553154205608,0.75414364640884,0.766355140186916,0.752783964365256,0.750533049040512,0.738197424892704,0.73661670235546,0.730688935281837,0.73728813559322,"רמתרזיאל"
462,"טל שחר",0.887621731504517,0.772569444444444,0.773584905660377,0.830409356725146,0.809960681520315,0.807040417209909,0.786717752234994,0.773006134969325,0.758323057953144,"טלשחר"
463,"געתון",0.749809706140149,0.634433962264151,0.68640350877193,0.675324675324675,0.706422018348624,0.715579710144927,0.685557586837294,0.711433756805808,0.690685413005272,"געתון"
464,"הראל",0.524439405391786,0.421768707482993,0.491891891891892,0.522613065326633,0.547511312217195,0.545454545454545,0.545454545454545,0.540909090909091,0.538135593220339,"הראל"
465,"צובה",0.635800114438299,0.697196261682243,0.681895093062606,0.687203791469194,0.648475120385233,0.646869983948636,0.631067961165049,0.655683690280066,0.630718954248366,"צובה"
466,"בית דגן",0.67875649379601,0.697066911090742,0.730337078651685,0.780881440099317,0.761289039188383,0.75817895151754,0.75004893325504,0.724912824486633,0.758047016274864,"ביתדגן"
469,"קרית עקרון",0.565638705825622,0.60937712961701,0.653700429401364,0.724632261281476,0.707018831010027,0.706521739130435,0.720615159282314,0.673151750972763,0.726694396868118,"קריתעקרון"
472,"אבו גוש",0.494608498237876,0.446777905638665,0.474157881203394,0.607707036859741,0.406840875292118,0.516596638655462,0.563783447417548,0.401935093731103,0.551433058500196,"אבוגוש"
473,"אבו סנאן",0.681704996802722,0.588078914229747,0.600050722799899,0.693291880903982,0.524691358024691,0.607590865229978,0.646359583952452,0.530757341576507,0.545091381204434,"אבוסנאן"
475,"דחי",0.393736557146036,0.402816901408451,0.389175257731959,0.603729603729604,0.276985743380855,0.538,0.571428571428571,0.200378071833648,0.399267399267399,"דחי"
478,"אכסאל",0.349246012921675,0.409474463360474,0.467401166558652,0.663244353182752,0.515850144092219,0.608659011903508,0.679983397322818,0.427910717876533,0.508315606265713,"אכסאל"
480,"בית ג'ן",0.664591313608383,0.711480362537764,0.579304725692558,0.534851003964701,0.574781085814361,0.525063525063525,0.494777918053483,0.384304479622769,0.530347608150812,"ביתגן"
481,"מגאר",0.419769087873764,0.367795753286148,0.383669490890005,0.471812601425245,0.475656385419322,0.527576426095178,0.542632759910247,0.433872733909235,0.440322201317027,"מגאר"
482,"בועיינה-נוג'ידאת",0.536557672271742,0.56248602727476,0.680925529846393,0.657657657657658,0.524153074027603,0.613023255813953,0.658793050899116,0.520744131108814,0.565291124929339,"בועיינהנוגידאת"
483,"בענה",NA,NA,0.661761475949923,0.791390728476821,0.72017432358816,0.748836376655926,0.788961613302671,0.569283865401208,0.631745502998001,"בענה"
485,"ג'ולס",0.589342129629112,0.524902070509233,0.631736526946108,0.598157335223246,0.558836300477638,0.618025751072961,0.604246284501062,0.581221437474034,0.537595496582228,"גולס"
487,"ג'ש (גוש חלב)",0.493299950081118,0.356828193832599,0.44429347826087,0.595062797747943,0.47292863002461,0.601552921945239,0.620984139894266,0.452219112355058,0.495903238392509,"גשגושחלב"
489,"דבוריה",0.523124366770157,0.633566978193146,0.58133472367049,0.742838327296674,0.548860171337302,0.644508255563532,0.699247052138088,0.478404401650619,0.563667912439936,"דבוריה"
490,"דייר אל-אסד",NA,NA,0.730146838477675,0.801542776998597,0.734731876861966,0.765701668302257,0.837841130604289,0.613751621653497,0.698072805139186,"דייראלאסד"
492,"דייר חנא",0.632443538823777,0.738464377999262,0.826884920634921,0.829423644554917,0.744648318042814,0.762861072902338,0.800327779295275,0.675862988138078,0.677666922486569,"דיירחנא"
494,"דאלית אל-כרמל",NA,0.448327827044572,0.578799927706488,0.586406425425339,0.597693786034593,0.593290404642658,0.563302607736548,0.400571914367416,0.550758547814929,"דאליתאלכרמל"
496,"חורפיש",0.735661598899357,0.683019976498237,0.543823146944083,0.52863436123348,0.528753636160215,0.557391495924212,0.519361190111573,0.454157782515991,0.534739454094293,"חורפיש"
497,"טייבה (בעמק)",0.663152873061608,0.733175914994097,0.64968814968815,0.592979127134725,0.395641240569992,0.524979524979525,0.571544715447154,0.365141955835962,0.461302681992337,"טייבהבעמק"
498,"טורעאן",0.530040051208703,0.575896149874613,0.594032194738909,0.652083333333333,0.478613091380428,0.632511474010033,0.639261213720317,0.386459512295504,0.494807635248739,"טורעאן"
499,"יפיע",0.382614805141674,0.447860962566845,0.555931583279978,0.647175678010019,0.446944336317633,0.616880621108463,0.66037020179032,0.422056631892697,0.494588744588745,"יפיע"
502,"ירכא",0.698847284736805,0.668561095324206,0.697809719370294,0.658974358974359,0.682533625870457,0.513475509725803,0.601175482787573,0.509714908298529,0.511372617897603,"ירכא"
504,"כאבול",0.712122616715354,0.802734037030628,0.768623881049917,0.824109824109824,0.643629884179712,0.749623304871924,0.824972129319955,0.630043227665706,0.705305651672434,"כאבול"
505,"כאוכב אבו אל-היג'",0.726947805701928,0.777485533929511,0.665880132137801,0.784731469152241,0.635404454865182,0.787878787878788,0.810030395136778,0.561209439528024,0.61376604850214,"כאוכבאבואלהיג"
507,"כפר יאסיף",0.634867980682918,0.670523056868177,0.665976331360947,0.715864577504197,0.608734746307001,0.671119592875318,0.701652579790589,0.562879444926279,0.638851883250575,"כפריאסיף"
508,"כפר כמא",0.277027851685503,0.2590799031477,0.352552816901408,0.470563320626853,0.420743639921722,0.440605590062112,0.423180592991914,0.329674489023467,0.352327746741155,"כפרכמא"
509,"כפר כנא",0.590148534056424,0.580777096114519,0.598272322955867,0.699729772691146,0.483710850111857,0.628786310632719,0.710316649642492,0.481335176772664,0.525288152673679,"כפרכנא"
510,"כפר מנדא",0.660757023286807,0.681370761939482,0.730446493318139,0.768981304845479,0.619887337741856,0.696706827309237,0.706053917704556,0.556671995128264,0.651642919453329,"כפרמנדא"
511,"עילוט",0.454412705013454,0.414387308533917,0.464491362763916,0.433743016759777,0.280876883930319,0.493431221020093,0.628163653663178,0.321790384969608,0.463978965819457,"עילוט"
512,"כפר מצר",0.566371574462942,0.451010886469673,0.510076441973593,0.613029315960912,0.451170759565962,0.651123595505618,0.650662251655629,0.467024128686327,0.540832049306626,"כפרמצר"
514,"עין ראפה",0.473700450496781,0.433035714285714,0.505769230769231,0.653024911032028,0.391167192429022,0.541085271317829,0.567732115677321,0.375182481751825,0.5283540802213,"עיןראפה"
516,"מג'ד אל-כרום",NA,0.737035548153678,0.730581076243885,0.748434004474273,0.610649247822645,0.707962872496336,0.767471042471042,0.54000562798987,0.666878460560951,"מגדאלכרום"
517,"מזרעה",0.567562545359775,0.574753804834378,0.633067729083665,0.790243902439024,0.590813464235624,0.698434782608696,0.768807969769839,0.519758874748828,0.644151565074135,"מזרעה"
518,"מעיליא",0.752182099045202,0.635160680529301,0.662400706090026,0.746615905245347,0.615629984051037,0.68026941362916,0.717476489028213,0.650292397660819,0.665519877675841,"מעיליא"
520,"משהד",0.487245744766091,0.503885685635498,0.563266199649737,0.686773996331771,0.492769540545488,0.589563019140484,0.677753934191702,0.49608899704502,0.484259879437374,"משהד"
521,"עין נקובא",0.46757273990405,0.425365853658537,0.496344435418359,0.572262773722628,0.448979591836735,0.560781918142944,0.568452380952381,0.506271379703535,0.591103965702036,"עיןנקובא"
522,"נחף",0.541355508435292,0.701311978190492,0.570537570537571,0.707790407540893,0.520509708737864,0.642925659472422,0.71160429701334,0.472931562819203,0.583705478706023,"נחף"
523,"ניין",0.320638396274377,0.576719576719577,0.744821092278719,0.780678851174935,0.520976353928299,0.6,0.655018587360595,0.539752005835157,0.516597510373444,"ניין"
524,"נאעורה",0.324442257217848,0.562264150943396,0.549166666666667,0.615566037735849,0.431386347642505,0.60854583046175,0.711368277739959,0.395424836601307,0.540880503144654,"נאעורה"
525,"סאג'ור",0.556211055290894,0.56861868573983,0.531982518871673,0.541211893112533,0.439728353140917,0.41828533154722,0.472222222222222,0.468208092485549,0.53273347812597,"סאגור"
526,"סולם",0.433151503397765,0.622309197651663,0.643908181283108,0.742920599666852,0.443482688391039,0.614646464646465,0.665009940357853,0.396726047183438,0.532303370786517,"סולם"
527,"שזור",0.534420099573556,0.644628099173554,0.661596958174905,0.762452107279693,0.691176470588235,0.691756272401434,0.777777777777778,0.697841726618705,0.781021897810219,"שזור"
528,"עוזייר",0.409655835586456,0.342599549211119,0.376953125,0.565165165165165,0.400614754098361,0.567103935418769,0.637040714995035,0.42680608365019,0.490328385065227,"עוזייר"
529,"אעבלין",0.570445776851075,0.629694578401286,0.592108735814199,0.610696517412935,0.505778076966229,0.62854609929078,0.684534270650264,0.497486362177773,0.593069101473335,"אעבלין"
530,"עיילבון",0.771367782581261,0.729990657116163,0.741490857946554,0.709163346613546,0.644129851110569,0.696830389547544,0.702741702741703,0.591145833333333,0.644620400558919,"עיילבון"
531,"עראבה",0.574950233743774,0.664488392089424,0.598898611949306,0.727535008092323,0.594449913856756,0.659002669255035,0.721434977578475,0.551495208405496,0.56869746745042,"עראבה"
532,"עין מאהל",0.55447276561006,0.558832758079699,0.613648947951274,0.739665673189063,0.4435318275154,0.598337638998091,0.72952086553323,0.402292693379044,0.520644095788604,"עיןמאהל"
534,"עספיא",NA,NA,0.498528847383907,0.531299380089948,0.504397194701102,0.571066828140482,0.560087241003272,0.416988416988417,0.517468619246862,"עספיא"
535,"פסוטה",0.414062282339937,0.368829981718464,0.490413293566255,0.56,0.440139480821387,0.582628747117602,0.610582413399315,0.433308214016579,0.465012958163643,"פסוטה"
536,"פקיעין (בוקייעה)",0.705445095843938,0.624892457700029,0.632572777340677,0.652206432311144,0.589063221042917,0.650034332799268,0.671043694815486,0.585186832740214,0.621901271825825,"פקיעיןבוקייעה"
537,"פוריידיס",0.27510095375768,0.393636930754835,0.425750834260289,0.671302978611731,0.640400471142521,0.557906976744186,0.60050597976081,0.290275599372619,0.387271937445699,"פוריידיס"
538,"שעב",0.632764912408483,0.631054131054131,0.689162067235324,0.756883972699459,0.603324915824916,0.708663057059559,0.780608052588332,0.588527193330687,0.635982466171145,"שעב"
539,"רומאנה",0.752678623139443,0.86480686695279,0.745487364620939,0.80064308681672,0.674188998589563,0.793388429752066,0.787061994609164,0.716666666666667,0.754854368932039,"רומאנה"
540,"ריחאניה",0.635198625082897,0.592156862745098,0.502965599051008,0.562996594778661,0.566265060240964,0.584884994523549,0.602173913043478,0.455026455026455,0.510460251046025,"ריחאניה"
541,"ג'סר א-זרקא",0.279788404884744,0.222687122268712,0.409551176792556,0.580852156057495,0.217721518987342,0.420127070569548,0.555418165467626,0.24455574912892,0.433786610878661,"גסראזרקא"
542,"ריינה",0.447469578765882,0.462299278566442,0.536982866694526,0.639815992952922,0.460999201348833,0.57765068191817,0.67890870933893,0.452674897119342,0.527886947069153,"ריינה"
543,"ראמה",0.497562501149764,0.49333082848018,0.552254456483747,0.603201347935973,0.539438184415172,0.612588512981904,0.637747097583935,0.544764560099133,0.55278369333739,"ראמה"
546,"עין אל-אסד",0.587898453903417,0.454545454545455,0.411449016100179,0.492119089316988,0.520193861066236,0.552380952380952,0.54773082942097,0.451313755795981,0.478832116788321,"עיןאלאסד"
547,"טמרה (יזרעאל)",0.446801717170856,0.685560053981107,0.504181600955794,0.821714285714286,0.545454545454545,0.548104956268222,0.693857965451056,0.425373134328358,0.457399103139013,"טמרהיזרעאל"
549,"גנות הדר",0.660483870967742,0.8,0.791304347826087,0.823333333333333,0.769559032716927,0.767605633802817,0.76437587657784,0.755894590846047,0.727636849132176,"גנותהדר"
553,"ניר בנים",0.713604498501325,0.750542299349241,0.76320939334638,0.806691449814126,0.80495867768595,0.770491803278688,0.732231404958678,0.731707317073171,0.76158940397351,"נירבנים"
555,"שדמה",0.94323757275926,0.706840390879479,0.740740740740741,0.787535410764873,0.756410256410256,0.767015706806283,0.727034120734908,0.74869109947644,0.723958333333333,"שדמה"
559,"בוסתן הגליל",1,0.730077120822622,0.800947867298578,0.777992277992278,0.792426367461431,0.789250353606789,0.772791023842917,0.753069577080491,0.752673796791444,"בוסתןהגליל"
562,"בית אלעזרי",0.690172821201872,0.734926052332196,0.754973821989529,0.819672131147541,0.782818532818533,0.779058597502402,0.787965616045845,0.754716981132076,0.751838235294118,"ביתאלעזרי"
563,"משמר דוד",0.862267343485618,0.647058823529412,0.75,0.837333333333333,0.865424430641822,0.83921568627451,0.852713178294574,0.855704697986577,0.838095238095238,"משמרדוד"
564,"רבדים",0.789443556776721,0.684343434343434,0.734741784037559,0.764471057884232,0.734042553191489,0.727592267135325,0.748726655348047,0.748407643312102,0.727838258164852,"רבדים"
565,"אזור",0.63564298880966,0.62728134629059,0.675596210388762,0.706105217579563,0.690611151190354,0.680239150603031,0.688279811822459,0.661430010070493,0.682713347921225,"אזור"
567,"צרעה",0.783635446019262,0.640801001251564,0.686104218362283,0.662162162162162,0.666266506602641,0.65421686746988,0.664670658682635,0.642344497607656,0.651913875598086,"צרעה"
570,"מעונה",0.808278867102397,0.751633986928105,0.714532871972318,0.755852842809365,0.745007680491551,0.739329268292683,0.71319018404908,0.715568862275449,0.716196136701337,"מעונה"
571,"בית גמליאל",0.741804137894889,0.773413897280967,0.803892215568862,0.827941176470588,0.784135240572172,0.774025974025974,0.785529715762274,0.78748370273794,0.754966887417219,"ביתגמליאל"
572,"בית העמק",0.737516839346511,0.67741935483871,0.662473794549266,0.715189873417722,0.718367346938775,0.712550607287449,0.672654690618762,0.705882352941177,0.688311688311688,"ביתהעמק"
573,"מבקיעים",0.454885563380282,0.661087866108787,0.658450704225352,0.784511784511784,0.75,0.736559139784946,0.769647696476965,0.718918918918919,0.758974358974359,"מבקיעים"
574,"גשר הזיו",0.652518213493823,0.700665188470067,0.73191899710704,0.739247311827957,0.720238095238095,0.69535864978903,0.693480101608806,0.666666666666667,0.644215530903328,"גשרהזיו"
575,"יסעור",1,0.612698412698413,0.719794344473008,0.722222222222222,0.74671669793621,0.739292364990689,0.733583489681051,0.710865561694291,0.703958691910499,"יסעור"
576,"כברי",0.809042175199906,0.724517906336088,0.751295336787565,0.763454317897372,0.739336492890995,0.722877358490566,0.711242603550296,0.723255813953488,0.704494382022472,"כברי"
577,"יד בנימין",0.25311304321368,0.882194244604317,0.878063725490196,0.873603762492651,0.824856046065259,0.814710042432815,0.808599167822469,0.780575539568345,0.777685607631688,"ידבנימין"
578,"סאסא",0.558880933352905,0.670616113744076,0.709327548806941,0.725321888412017,0.716666666666667,0.717339667458432,0.693586698337292,0.729016786570743,0.698067632850242,"סאסא"
579,"כפר ראש הנקרה",0.807014356944201,0.705479452054795,0.733644859813084,0.746368715083799,0.73991935483871,0.73406374501992,0.72027972027972,0.711946050096339,0.691380908248378,"כפרראשהנקרה"
580,"כרם מהר""ל",0.587352423271919,0.799145299145299,0.762411347517731,0.79933110367893,0.777777777777778,0.775384615384615,0.767584097859327,0.74591381872214,0.714710252600297,"כרםמהרל"
582,"כפר הנגיד",0.834591513867368,0.728693181818182,0.78561736770692,0.795698924731183,0.779100529100529,0.758441558441558,0.768934531450578,0.779354838709677,0.746386333771353,"כפרהנגיד"
584,"זיקים",0.578032888613093,0.590361445783133,0.647272727272727,0.658703071672355,0.708154506437768,0.665738161559889,0.686192468619247,0.705163043478261,0.678996036988111,"זיקים"
585,"לביא",0.749878247915891,0.79324055666004,0.756286266924565,0.740882917466411,0.766932270916335,0.76984126984127,0.714018691588785,0.732075471698113,0.678776290630975,"לביא"
586,"מגידו",0.835782717255604,0.801932367149758,0.796703296703297,0.765811965811966,0.755233494363929,0.740858505564388,0.744479495268139,0.743076923076923,0.73900293255132,"מגידו"
587,"סביון",0.65329327666012,0.678955954323002,0.679546151487274,0.695488721804511,0.681493248610008,0.664832285115304,0.672947857511616,0.687022900763359,0.673776662484316,"סביון"
588,"בני ראם",0.73896543702766,0.769005847953216,0.808510638297872,0.816479400749064,0.805902383654938,0.798216276477146,0.807821229050279,0.787280701754386,0.779935275080906,"בניראם"
589,"בצת",0.462653288740245,0.719424460431655,0.728260869565217,0.741258741258741,0.743944636678201,0.771331058020478,0.751677852348993,0.725806451612903,0.785714285714286,"בצת"
590,"נווה אור",0.48921322915131,0.66984126984127,0.707641196013289,0.674922600619195,0.683431952662722,0.688235294117647,0.704678362573099,0.67536231884058,0.663768115942029,"נווהאור"
591,"עשרת",0.589274365396837,0.785283474065139,0.769512195121951,0.774154589371981,0.795454545454545,0.769921436588103,0.78149386845039,0.750837988826816,0.729852440408627,"עשרת"
592,"בני דרום",0.974341216216216,0.85472972972973,0.840840840840841,0.867977528089888,0.867965367965368,0.841880341880342,0.832635983263598,0.854291417165669,0.809090909090909,"בנידרום"
593,"ערוגות",0.934357571293276,0.778175313059034,0.782537067545305,0.833063209076175,0.808541973490427,0.784342688330872,0.808320950965825,0.805925925925926,0.797122302158273,"ערוגות"
594,"צפריה",0.940046296296296,0.822674418604651,0.844907407407407,0.88963963963964,0.853515625,0.807392996108949,0.807843137254902,0.804428044280443,0.793851717902351,"צפריה"
595,"לוחמי הגיטאות",0.710280833887125,0.693208430913349,0.758620689655172,0.75764192139738,0.810506566604128,0.774674115456238,0.772811918063315,0.779513888888889,0.767169179229481,"לוחמיהגיטאות"
596,"מלכיה",0.661869611066311,0.664819944598338,0.58628841607565,0.627551020408163,0.633906633906634,0.638820638820639,0.601873536299766,0.588652482269504,0.603365384615385,"מלכיה"
597,"פלמחים",0.832209674700826,0.627218934911243,0.691176470588235,0.705,0.73448275862069,0.719387755102041,0.747884940778342,0.747993579454254,0.713166144200627,"פלמחים"
598,"בית קמה",1,0.72609819121447,0.812615955473098,0.833628318584071,0.819277108433735,0.826865671641791,0.807407407407407,0.793342579750347,0.752330226364847,"ביתקמה"
599,"פרוד",0.633170800650131,0.592452830188679,0.655555555555556,0.733128834355828,0.763341067285383,0.698630136986301,0.71689497716895,0.732718894009217,0.691954022988506,"פרוד"
602,"נירים",0.627760813495005,0.702479338842975,0.70976253298153,0.742705570291777,0.739583333333333,0.732804232804233,0.691292875989446,0.7,0.701923076923077,"נירים"
603,"אלקוש",0.571917348718637,0.704,0.568093385214008,0.656603773584906,0.625,0.65891472868217,0.611570247933884,0.575510204081633,0.6640625,"אלקוש"
604,"בית עריף",0.824576893489055,0.730337078651685,0.754746835443038,0.819940476190476,0.801939058171745,0.795890410958904,0.792682926829268,0.757978723404255,0.786545924967659,"ביתעריף"
605,"כפר שמאי",0.678795342588446,0.604743083003953,0.639285714285714,0.749163879598662,0.733532934131736,0.730538922155689,0.785074626865672,0.712166172106825,0.722063037249284,"כפרשמאי"
606,"מזור",0.797835613735962,0.777939042089985,0.771545827633379,0.795601552393273,0.783479349186483,0.768261964735516,0.762962962962963,0.768674698795181,0.720379146919431,"מזור"
607,"מירון",0.611032066058192,0.654596100278552,0.6751269035533,0.651851851851852,0.672686230248307,0.589164785553047,0.655629139072848,0.56969696969697,0.621673003802281,"מירון"
609,"כפר חושן",0.600205172636829,0.675675675675676,0.618217054263566,0.737430167597765,0.725388601036269,0.704663212435233,0.740034662045061,0.688963210702341,0.701782820097245,"כפרחושן"
610,"סתריה",0.611779959514457,0.755725190839695,0.795610425240055,0.787289234760052,0.799247176913425,0.76980198019802,0.779975278121137,0.771144278606965,0.7575,"סתריה"
612,"צרופה",0.763210891887975,0.753176043557169,0.765089722675367,0.790030211480363,0.757834757834758,0.760683760683761,0.727272727272727,0.744884038199181,0.741633199464525,"צרופה"
613,"ציפורי",0.642682106477032,0.735729386892178,0.764705882352941,0.77891156462585,0.765432098765432,0.720610687022901,0.73587786259542,0.721407624633431,0.692857142857143,"ציפורי"
614,"שומרה",0.610325536319986,0.67816091954023,0.597122302158273,0.712765957446808,0.662207357859532,0.667774086378738,0.66996699669967,0.628664495114006,0.654838709677419,"שומרה"
615,"קדרון",0.745225225225225,0.782291666666667,0.801913875598086,0.805013927576602,0.78915135608049,0.778354978354978,0.763020833333333,0.75657336726039,0.747967479674797,"קדרון"
616,"רינתיה",0.792722032066294,0.751748251748252,0.758461538461538,0.792093704245974,0.804564907275321,0.772403982930299,0.778581765557164,0.753303964757709,0.760115606936416,"רינתיה"
617,"ברקאי",0.775350461583549,0.629186602870813,0.661016949152542,0.681818181818182,0.679060665362035,0.654970760233918,0.644787644787645,0.64952380952381,0.62803738317757,"ברקאי"
618,"חדיד",0.714748940984918,0.762470308788599,0.746691871455577,0.828924162257496,0.785714285714286,0.799668874172185,0.81,0.784126984126984,0.78,"חדיד"
619,"בית גוברין",1,0.747572815533981,0.773504273504274,0.797101449275362,0.796491228070175,0.78125,0.793103448275862,0.770547945205479,0.751655629139073,"ביתגוברין"
620,"משואות יצחק",0.967937795013416,0.823913043478261,0.832258064516129,0.841880341880342,0.829424307036247,0.806451612903226,0.831533477321814,0.83442265795207,0.833333333333333,"משואותיצחק"
622,"עין צורים",0.479136205151277,0.809655172413793,0.837116154873164,0.816443594646271,0.803879310344828,0.806666666666667,0.804932735426009,0.798165137614679,0.812765957446808,"עיןצורים"
623,"יראון",0.643998884469169,0.624671916010499,0.588235294117647,0.631728045325779,0.597826086956522,0.591666666666667,0.596205962059621,0.580381471389646,0.596730245231608,"יראון"
627,"ג'לג'וליה",0.748915679080475,0.618190004502476,0.708840550788266,0.820702402957486,0.684168143018199,0.748848292295473,0.795550681497728,0.590625475574494,0.695026178010471,"גלגוליה"
628,"ג'ת",NA,NA,0.388922795239548,0.526854219948849,0.373432012042148,0.508562918838421,0.561568531639384,0.2660485021398,0.398320680929377,"גת"
633,"כפר ברא",0.613406344343693,0.592932862190813,0.60093896713615,0.765633210719916,0.647652479157525,0.69300518134715,0.763605442176871,0.55483081940481,0.647903726708075,"כפרברא"
634,"כפר קאסם",0.779855552468782,0.734485155396684,0.801803334467506,0.630310617322588,0.646155945153148,0.703112422860209,0.738820265539335,0.56253591266041,0.668794455590005,"כפרקאסם"
635,"מוקייבלה",0.587540748350579,0.55166270783848,0.543343653250774,0.636104513064133,0.338639076800637,0.500196463654224,0.605989887203423,0.359802431610942,0.407367280606717,"מוקייבלה"
636,"צנדלה",0.354762708387105,0.456830601092896,0.43495145631068,0.678506375227687,0.320299500831947,0.520197856553998,0.59935379644588,0.266192733017378,0.366464339908953,"צנדלה"
637,"ערערה",0.618179661379214,0.56131100082713,0.531319290465632,0.696906318082789,0.391700092564023,0.561244674376141,0.686361583621858,0.390799561883899,0.524509459174344,"ערערה"
638,"קלנסווה",0.585948661923323,0.586395939086294,0.526021314387211,0.707884567951986,0.476656895688854,0.655478775913129,0.725850198205717,0.350317181805912,0.542736705577172,"קלנסווה"
648,"מצר",0.655470737913486,0.72264631043257,0.740566037735849,0.750577367205543,0.75,0.732558139534884,0.695348837209302,0.698850574712644,0.695348837209302,"מצר"
649,"מייסר",0.41532367651897,0.381310418904404,0.41793893129771,0.612137203166227,0.365129007036747,0.567152724481965,0.63499245852187,0.330396475770925,0.42064606741573,"מייסר"
652,"אבטין",0.498121324849998,0.51865671641791,0.412263535551207,0.494485294117647,0.36358511837655,0.506406685236769,0.638613861386139,0.350746268656716,0.452196382428941,"אבטין"
654,"כפר קרע",0.616724359453453,0.695409836065574,0.671688757509297,0.746325821679879,0.472127507731346,0.644984326018809,0.719422225673682,0.455479969765684,0.622060429559519,"כפרקרע"
658,"שייח' דנון",0.511283348941003,0.657246376811594,0.542927733168623,0.736872475476053,0.542520491803279,0.698170731707317,0.755276381909548,0.48365056124939,0.558106841611996,"שייחדנון"
661,"שער אפרים",0.740476914990733,0.739077669902913,0.77482088024565,0.809893307468477,0.764081632653061,0.762642740619902,0.755052546483428,0.723921568627451,0.734467455621302,"שעראפרים"
662,"חוסן",0.759341206043309,0.718283582089552,0.701188455008489,0.780410742496051,0.741620111731844,0.747572815533981,0.72987721691678,0.674083769633508,0.707224334600761,"חוסן"
663,"טירת יהודה",0.740126528863063,0.761904761904762,0.808734939759036,0.858956276445698,0.830967741935484,0.788804071246819,0.812182741116751,0.781862745098039,0.789793438639125,"טירתיהודה"
664,"כרם בן זמרה",0.660252994137941,0.719626168224299,0.708215297450425,0.791208791208791,0.790931989924433,0.765432098765432,0.729064039408867,0.727722772277228,0.74009900990099,"כרםבןזמרה"
665,"תקומה",0.782470391093186,0.80050505050505,0.858880778588808,0.82512315270936,0.855949895615866,0.855670103092783,0.852459016393443,0.803960396039604,0.807392996108949,"תקומה"
666,"עומר",0.744364490292799,0.732211706975114,0.742899359711049,0.761966364812419,0.752332089552239,0.725199187626933,0.729202434836897,0.68941717791411,0.690755796446853,"עומר"
667,"ברעם",0.721276365992369,0.620689655172414,0.682,0.703933747412008,0.690283400809717,0.723865877712032,0.695049504950495,0.709864603481625,0.674588665447898,"ברעם"
668,"מפלסים",0.852103025404969,0.682281059063136,0.730769230769231,0.704697986577181,0.719457013574661,0.718562874251497,0.710487444608567,0.679542203147353,0.689750692520776,"מפלסים"
670,"משמר איילון",0.702031781168472,0.73968253968254,0.771978021978022,0.797927461139896,0.825870646766169,0.880597014925373,0.777777777777778,0.748756218905473,0.834158415841584,"משמראיילון"
672,"בית נקופה",0.746156229887249,0.752747252747253,0.743718592964824,0.775862068965517,0.782327586206897,0.776371308016878,0.760593220338983,0.753164556962025,0.744979919678715,"ביתנקופה"
673,"כפר טרומן",0.953140500690541,0.891352549889135,0.821218074656189,0.834896810506567,0.804195804195804,0.806228373702422,0.765734265734266,0.782986111111111,0.776450511945392,"כפרטרומן"
674,"לימן",0.640612478633067,0.739514348785872,0.757828810020877,0.783567134268537,0.736448598130841,0.723948811700183,0.716390423572744,0.692452830188679,0.680701754385965,"לימן"
675,"הבונים",0.726117822892016,0.627049180327869,0.724014336917563,0.722222222222222,0.698630136986301,0.672240802675585,0.683333333333333,0.691803278688525,0.644444444444444,"הבונים"
676,"עין השלושה",0.613278388278388,0.615131578947368,0.598784194528875,0.666666666666667,0.60983606557377,0.616438356164384,0.601286173633441,0.60702875399361,0.585284280936455,"עיןהשלושה"
677,"הסוללים",0.768156424581006,0.794970986460348,0.734348561759729,0.791208791208791,0.77247191011236,0.746817538896747,0.745125348189415,0.731182795698925,0.732894736842105,"הסוללים"
678,"מעגן",0.5926438025389,0.603389830508475,0.618122977346278,0.662379421221865,0.730061349693252,0.691588785046729,0.667682926829268,0.657320872274143,0.652439024390244,"מעגן"
679,"אביאל",0.774046037876653,0.779069767441861,0.811359026369168,0.81980198019802,0.790786948176583,0.767307692307692,0.795761078998073,0.783109404990403,0.740402193784278,"אביאל"
680,"אומץ",0.834511337890436,0.725433526011561,0.758849557522124,0.768052516411379,0.745098039215686,0.779296875,0.7578125,0.772102161100196,0.741154562383613,"אומץ"
681,"גבעת שמואל",0.764717947208966,0.743776733749386,0.777945809703844,0.799711121810303,0.781777529346003,0.758933510344065,0.76156798245614,0.74568347234766,0.749230769230769,"גבעתשמואל"
682,"אליקים",0.772127112006266,0.718106995884774,0.714011516314779,0.767317939609236,0.733898305084746,0.721561969439728,0.721843003412969,0.661512027491409,0.731942215088282,"אליקים"
683,"גבע כרמל",0.834900117508813,0.754838709677419,0.757763975155279,0.802469135802469,0.778085991678225,0.788461538461538,0.727524204702628,0.729138166894665,0.754458161865569,"גבעכרמל"
684,"היוגב",0.779749500504866,0.720408163265306,0.791586998087954,0.808193668528864,0.80385288966725,0.766903914590747,0.771681415929204,0.786086956521739,0.810679611650485,"היוגב"
685,"בניה",0.657999431656721,0.809946714031972,0.843137254901961,0.867213114754098,0.853462157809984,0.827751196172249,0.806089743589744,0.79967689822294,0.788961038961039,"בניה"
686,"נווה ימין",0.566971213871483,0.704439252336449,0.717532467532468,0.776260504201681,0.762278978388998,0.748773307163886,0.737,0.71413612565445,0.738170347003155,"נווהימין"
687,"עין איילה",0.789557198886261,0.787769784172662,0.792125984251968,0.779788838612368,0.790760869565217,0.757697456492637,0.733870967741935,0.723598435462842,0.713197969543147,"עיןאיילה"
688,"עלמה",0.488223140495868,0.625742574257426,0.627376425855513,0.756363636363636,0.775086505190311,0.762975778546713,0.773972602739726,0.716917922948074,0.774789915966387,"עלמה"
689,"מגדים",0.818441485431321,0.765079365079365,0.754316069057105,0.794838709677419,0.789002557544757,0.772040302267002,0.725888324873096,0.752157829839704,0.752969121140142,"מגדים"
690,"כפר אחים",0.912192363125536,0.702222222222222,0.794183445190157,0.797520661157025,0.835849056603774,0.788389513108614,0.792910447761194,0.787430683918669,0.772983114446529,"כפראחים"
692,"שפיר",0.857835073131337,0.763636363636364,0.822072072072072,0.852878464818763,0.845559845559846,0.817504655493482,0.838951310861423,0.809009009009009,0.807079646017699,"שפיר"
693,"נתיב הל""ה",0.890948424839028,0.734870317002882,0.782608695652174,0.784841075794621,0.772321428571429,0.762008733624454,0.75974025974026,0.735416666666667,0.738522954091816,"נתיבהלה"
694,"מעגן מיכאל",0.765762873548458,0.709800918836141,0.693213296398892,0.717477003942181,0.691895113230036,0.674556213017751,0.655699177438308,0.655491329479769,0.635788262370541,"מעגןמיכאל"
695,"מגן",0.669581618655693,0.741463414634146,0.691304347826087,0.699588477366255,0.740820734341253,0.71244635193133,0.719222462203024,0.700218818380744,0.673076923076923,"מגן"
696,"כפר חב""ד",0.569345136528104,0.651595744680851,0.691418665125686,0.708637963715137,0.682896990457548,0.67674081237911,0.68268075906798,0.656556229584694,0.673072523450011,"כפרחבד"
697,"בארותיים",0.884330455218924,0.780718336483932,0.817420435510888,0.82262996941896,0.794034090909091,0.758087201125176,0.775714285714286,0.787204450625869,0.775862068965517,"בארותיים"
698,"בורגתה",0.725167444085636,0.739520958083832,0.791666666666667,0.808236808236808,0.78117048346056,0.768647281921618,0.768368617683686,0.758830694275274,0.738922155688623,"בורגתה"
699,"ניר ישראל",0.781842391205218,0.734848484848485,0.772388059701492,0.788150807899461,0.767521367521368,0.790893760539629,0.775337837837838,0.748344370860927,0.75487012987013,"נירישראל"
700,"חצב",0.797709451746378,0.645980253878702,0.710906701708279,0.787072243346008,0.763279445727483,0.767171129220023,0.771295215869312,0.750853242320819,0.778516057585825,"חצב"
701,"ארבל",0.821013518855245,0.685534591194969,0.686868686868687,0.760191846522782,0.760089686098655,0.767494356659142,0.741150442477876,0.69811320754717,0.744466800804829,"ארבל"
702,"האון",0.564459930313589,0.587096774193548,0.634730538922156,0.621951219512195,0.61437908496732,0.605263157894737,0.564935064935065,0.574324324324324,0.535031847133758,"האון"
703,"גבעת עוז",0.81156365278928,0.712365591397849,0.663390663390663,0.675879396984925,0.680487804878049,0.669950738916256,0.640897755610973,0.620603015075377,0.623471882640587,"גבעתעוז"
705,"נחשונים",0.743017969257415,0.73,0.704697986577181,0.700996677740864,0.718023255813954,0.71551724137931,0.698863636363636,0.682584269662921,0.705234159779614,"נחשונים"
706,"גיאה",0.840999789960092,0.68762677484787,0.758034026465028,0.806883365200765,0.796028880866426,0.799642218246869,0.760791366906475,0.767195767195767,0.750871080139373,"גיאה"
707,"כפר דניאל",0.841436902042963,0.803986710963455,0.818181818181818,0.793028322440087,0.773930753564155,0.756147540983607,0.743852459016393,0.757575757575758,0.716831683168317,"כפרדניאל"
708,"עמקה",0.62500230349357,0.6875,0.713062098501071,0.730223123732252,0.764601769911504,0.749116607773852,0.779513888888889,0.71404399323181,0.747540983606557,"עמקה"
709,"תפרח",1,0.832718327183272,0.890046296296296,0.897354497354497,0.87987987987988,0.873505976095618,0.861523244312562,0.84556720686368,0.880776340110906,"תפרח"
710,"בית זית",0.868047902717951,0.726477024070022,0.766698935140368,0.763757115749526,0.747195858498706,0.738761662425785,0.738396624472574,0.730605285592498,0.72113676731794,"ביתזית"
711,"עזריה",0.640678075556991,0.736842105263158,0.72913616398243,0.819602272727273,0.817245817245817,0.79589216944801,0.828828828828829,0.796482412060301,0.84796044499382,"עזריה"
712,"בן עמי",0.704810136963832,0.782241014799154,0.760910815939279,0.807116104868914,0.789473684210526,0.750902527075812,0.748188405797101,0.748201438848921,0.71505376344086,"בןעמי"
713,"רעים",0.745939714508527,0.722222222222222,0.763636363636364,0.801724137931034,0.745901639344262,0.704419889502762,0.701117318435754,0.736702127659574,0.728682170542636,"רעים"
714,"ארז",0.826089247141879,0.671597633136095,0.739690721649485,0.764411027568922,0.76039119804401,0.743405275779377,0.716553287981859,0.71840354767184,0.680761099365751,"ארז"
715,"להבות חביבה",1,0.668918918918919,0.74234693877551,0.79296066252588,0.789930555555556,0.776666666666667,0.77175697865353,0.758785942492013,0.756508422664625,"להבותחביבה"
716,"אייל",0.76203418178017,0.780254777070064,0.803324099722992,0.818681318681319,0.827763496143959,0.787179487179487,0.78772378516624,0.819796954314721,0.81219512195122,"אייל"
717,"חגור",0.873821490752603,0.752650176678445,0.78517397881997,0.852359208523592,0.813031161473088,0.810924369747899,0.795580110497238,0.797520661157025,0.795610425240055,"חגור"
718,"ירחיב",0.614604071671697,0.671785028790787,0.711290322580645,0.753323485967504,0.74468085106383,0.744010088272383,0.711392405063291,0.693509615384615,0.738442822384428,"ירחיב"
719,"תל קציר",0.849987212743415,0.655737704918033,0.697416974169742,0.736263736263736,0.718954248366013,0.73462783171521,0.710610932475884,0.699386503067485,0.698324022346369,"תלקציר"
720,"ניר גלים",1,0.82687338501292,0.879759519038076,0.874766355140187,0.868506493506494,0.835725677830941,0.850699844479005,0.837920489296636,0.789156626506024,"נירגלים"
721,"שדה אילן",0.867466535068781,0.826989619377163,0.819767441860465,0.828337874659401,0.826315789473684,0.781002638522427,0.806282722513089,0.805555555555556,0.81145584725537,"שדהאילן"
722,"מגשימים",0.825333707394623,0.763963963963964,0.770897832817337,0.755485893416928,0.786248131539611,0.781065088757396,0.78698224852071,0.790530846484935,0.756559766763848,"מגשימים"
723,"בית הגדי",0.639479759254679,0.734643734643735,0.753950338600451,0.848290598290598,0.832460732984293,0.797556719022688,0.819130434782609,0.793515358361775,0.825210084033613,"ביתהגדי"
726,"הודיה",0.495623419568177,0.592274678111588,0.57319587628866,0.685654008438819,0.679435483870968,0.667338709677419,0.646586345381526,0.655172413793103,0.682242990654206,"הודיה"
727,"תלמי יחיאל",0.799998711290385,0.658947368421053,0.700787401574803,0.738738738738739,0.779578606158833,0.739482200647249,0.749201277955272,0.719492868462758,0.73186119873817,"תלמייחיאל"
729,"משמר השבעה",0.86606748329317,0.759259259259259,0.747217806041335,0.782884310618067,0.764094955489614,0.764450867052023,0.744350282485876,0.728169014084507,0.775139664804469,"משמרהשבעה"
730,"אליפלט",0.58374658435381,0.612299465240642,0.641463414634146,0.728855721393035,0.700440528634361,0.726086956521739,0.745726495726496,0.704103671706264,0.775793650793651,"אליפלט"
731,"מישר",1,0.801980198019802,0.804054054054054,0.830396475770925,0.799163179916318,0.825995807127883,0.805907172995781,0.805031446540881,0.794238683127572,"מישר"
732,"משמר הירדן",0.68429158110883,0.696236559139785,0.6975,0.766519823788546,0.738095238095238,0.718181818181818,0.760667903525046,0.698943661971831,0.747422680412371,"משמרהירדן"
734,"גן יאשיה",0.764765270065623,0.806324110671937,0.816254416961131,0.829310344827586,0.790064102564103,0.754358161648177,0.777777777777778,0.779969650986343,0.761061946902655,"גןיאשיה"
735,"רמות מאיר",0.736218977598288,0.697228144989339,0.703065134099617,0.737547892720307,0.740143369175627,0.710714285714286,0.696363636363636,0.727436823104693,0.707052441229656,"רמותמאיר"
736,"גילת",0.673319514213773,0.68854748603352,0.680203045685279,0.764236902050114,0.762286860581745,0.754455445544554,0.759059745347698,0.711320754716981,0.776586237712243,"גילת"
737,"עולש",0.812011293732125,0.776666666666667,0.787923416789396,0.79330422125182,0.794195250659631,0.773087071240106,0.750328515111695,0.782383419689119,0.736975857687421,"עולש"
738,"דור",0.68160025915128,0.744444444444444,0.734082397003745,0.827067669172932,0.800724637681159,0.815217391304348,0.778947368421053,0.777003484320557,0.748251748251748,"דור"
739,"שדה עוזיהו",0.503985381134702,0.666223404255319,0.715814506539834,0.796380090497738,0.782474226804124,0.834525025536262,0.806060606060606,0.752229930624381,0.829434697855751,"שדהעוזיהו"
740,"אשתאול",0.701047542304593,0.73936170212766,0.78003120124805,0.808823529411765,0.819389110225764,0.794630872483222,0.807743658210948,0.770860927152318,0.791281373844122,"אשתאול"
741,"שואבה",0.698262600669623,0.788918205804749,0.751162790697674,0.792941176470588,0.767741935483871,0.736842105263158,0.746861924686193,0.706263498920086,0.738095238095238,"שואבה"
742,"מסילת ציון",0.938038631784232,0.773076923076923,0.803149606299213,0.816074188562597,0.81962481962482,0.828238719068413,0.804597701149425,0.775596072931276,0.814345991561181,"מסילתציון"
743,"כפר שמואל",0.80217421409777,0.802,0.823754789272031,0.826086956521739,0.846938775510204,0.843270868824532,0.842372881355932,0.818030050083472,0.819805194805195,"כפרשמואל"
744,"תלמי יפה",1,0.716417910447761,0.743243243243243,0.783018867924528,0.744897959183674,0.731160896130346,0.747983870967742,0.69921875,0.733840304182509,"תלמייפה"
745,"גמזו",0.963508493751058,0.848101265822785,0.82013201320132,0.841521394611727,0.840236686390533,0.81508875739645,0.818047337278107,0.784457478005865,0.786127167630058,"גמזו"
746,"ברכיה",0.809216107981017,0.787581699346405,0.802067946824225,0.85632183908046,0.847568988173456,0.828496042216359,0.847258485639687,0.813537675606641,0.87515762925599,"ברכיה"
747,"בית שקמה",0.529872657322204,0.57725321888412,0.535496957403651,0.665399239543726,0.69877408056042,0.756993006993007,0.771929824561403,0.679930795847751,0.739130434782609,"ביתשקמה"
748,"מסלול",1,0.688311688311688,0.696,0.787179487179487,0.749486652977413,0.747433264887064,0.746987951807229,0.718446601941748,0.749084249084249,"מסלול"
749,"פטיש",0.700002481574311,0.695825049701789,0.696969696969697,0.825423728813559,0.829754601226994,0.847560975609756,0.809022556390977,0.791356184798808,0.849194729136164,"פטיש"
750,"פדויים",0.745507399577167,0.612648221343874,0.639575971731449,0.721476510067114,0.678899082568807,0.72289156626506,0.733727810650888,0.70919881305638,0.740634005763689,"פדויים"
751,"בית מאיר",0.920394809803704,0.790450928381963,0.749303621169916,0.802816901408451,0.735294117647059,0.684350132625995,0.733516483516483,0.708333333333333,0.718475073313783,"ביתמאיר"
752,"תעוז",0.791492157345816,0.713888888888889,0.752525252525252,0.809876543209877,0.807058823529412,0.821345707656613,0.816279069767442,0.774712643678161,0.79445727482679,"תעוז"
753,"ינוב",0.713017225238719,0.677064220183486,0.738137082601054,0.777027027027027,0.776872964169381,0.767741935483871,0.745571658615137,0.729032258064516,0.740740740740741,"ינוב"
755,"גורן",0.692606902652565,0.710914454277286,0.710227272727273,0.752136752136752,0.735632183908046,0.732558139534884,0.780701754385965,0.731117824773414,0.773255813953488,"גורן"
756,"בית עזרא",0.638444841812717,0.72459499263623,0.74740932642487,0.80050505050505,0.791169451073986,0.791116446578631,0.757246376811594,0.760479041916168,0.774309723889556,"ביתעזרא"
757,"מצליח",0.560159632557823,0.651408450704225,0.705882352941177,0.774364406779661,0.755144032921811,0.745398773006135,0.760736196319018,0.719170984455959,0.758872651356994,"מצליח"
758,"יד חנה",0.931427653765858,0.721951219512195,0.811735941320293,0.818371607515658,0.798922800718133,0.809859154929577,0.792027729636049,0.792808219178082,0.802980132450331,"ידחנה"
759,"יציץ",0.485421765501725,0.556263269639066,0.646586345381526,0.75717017208413,0.737113402061856,0.728987993138937,0.768166089965398,0.740484429065744,0.75993091537133,"יציץ"
760,"בן זכאי",0.878069189132652,0.746724890829694,0.740667976424361,0.808510638297872,0.818950930626058,0.827759197324415,0.831423895253682,0.787581699346405,0.840753424657534,"בןזכאי"
761,"שובה",0.635311499630633,0.690789473684211,0.75,0.803763440860215,0.788732394366197,0.773364485981308,0.81145584725537,0.715962441314554,0.774553571428571,"שובה"
762,"בטחה",0.644776119402985,0.729896907216495,0.759295499021526,0.817164179104478,0.777235772357724,0.815533980582524,0.781609195402299,0.775080906148867,0.818759936406995,"בטחה"
763,"שתולים",0.622627884993967,0.686274509803922,0.715378079864061,0.763665594855305,0.762043795620438,0.759800427655025,0.75583864118896,0.731843575418994,0.776027397260274,"שתולים"
764,"כפר מרדכי",0.736873508353222,0.798898071625344,0.799522673031026,0.803738317757009,0.798283261802575,0.805615550755939,0.787418655097614,0.766454352441614,0.761506276150628,"כפרמרדכי"
765,"משגב דב",0.72938689217759,0.764018691588785,0.79492600422833,0.792656587473002,0.810590631364562,0.782696177062374,0.784,0.782178217821782,0.752399232245681,"משגבדב"
766,"קוממיות",0.925623612380828,0.558558558558559,0.603238866396761,0.579399141630901,0.575,0.582644628099174,0.723320158102767,0.615079365079365,0.794573643410853,"קוממיות"
767,"פורת",0.4840296451761,0.552367288378766,0.599740932642487,0.705955334987593,0.686450167973124,0.714128035320088,0.744469026548673,0.670341786108049,0.741341991341991,"פורת"
768,"כרמיה",0.565004659832246,0.636792452830189,0.702702702702703,0.767241379310345,0.740576496674058,0.712694877505568,0.749455337690632,0.729257641921397,0.737527114967462,"כרמיה"
769,"ניר עציון",0.725718320751862,0.692118226600985,0.698564593301435,0.753768844221106,0.745049504950495,0.707317073170732,0.778588807785888,0.71830985915493,0.71461716937355,"נירעציון"
771,"מבוא ביתר",0.934053069719043,0.645161290322581,0.71978021978022,0.772177419354839,0.763727121464226,0.731147540983607,0.753670473083197,0.751181102362205,0.727407407407407,"מבואביתר"
772,"אמונים",0.789348367497742,0.696160267111853,0.718600953895072,0.731182795698925,0.726224783861671,0.757703081232493,0.718092566619916,0.720897615708275,0.718367346938775,"אמונים"
773,"עמיקם",0.681921817352734,0.783333333333333,0.755813953488372,0.78448275862069,0.770428015564202,0.776923076923077,0.755258126195029,0.734061930783242,0.718978102189781,"עמיקם"
774,"צוריאל",0.582398619499569,0.661087866108787,0.700819672131147,0.77734375,0.750877192982456,0.739583333333333,0.73469387755102,0.708196721311475,0.678787878787879,"צוריאל"
775,"יד נתן",0.951877313590693,0.703225806451613,0.716292134831461,0.793010752688172,0.780788177339901,0.766666666666667,0.763593380614657,0.727906976744186,0.73508353221957,"ידנתן"
776,"מחסיה",0.556927171768161,0.667924528301887,0.653710247349823,0.771043771043771,0.785488958990536,0.815047021943574,0.820754716981132,0.780254777070064,0.819935691318328,"מחסיה"
777,"נחשון",0.738019540942928,0.758807588075881,0.760416666666667,0.766169154228856,0.755458515283843,0.75974025974026,0.743040685224839,0.744725738396624,0.736401673640167,"נחשון"
778,"תרום",0.809468743622883,0.734806629834254,0.763092269326683,0.852697095435685,0.793165467625899,0.8,0.819444444444444,0.790540540540541,0.801948051948052,"תרום"
779,"עמינדב",0.836355919123321,0.723991507430998,0.750424448217317,0.776872964169381,0.764890282131661,0.733229329173167,0.70820189274448,0.717219589257504,0.716257668711656,"עמינדב"
780,"אורה",0.656837112282657,0.736754966887417,0.722077922077922,0.76846057571965,0.729216152019002,0.742621015348288,0.716666666666667,0.686819830713422,0.717208182912154,"אורה"
783,"אבן ספיר",0.680961763438212,0.662192393736018,0.709401709401709,0.751984126984127,0.722334004024145,0.733333333333333,0.706237424547284,0.699801192842942,0.729249011857708,"אבןספיר"
784,"בית נחמיה",0.61747438701508,0.729571984435798,0.734453781512605,0.780687397708674,0.799352750809062,0.799357945425361,0.757234726688103,0.735109717868339,0.755795981452859,"ביתנחמיה"
785,"אחיהוד",0.683137806130724,0.733480176211454,0.766037735849057,0.811934900542496,0.795348837209302,0.782674772036474,0.776934749620637,0.747445255474453,0.761904761904762,"אחיהוד"
786,"כפר זיתים",0.646292267725516,0.631884057971015,0.577565632458234,0.707317073170732,0.720977596741344,0.74012474012474,0.751054852320675,0.71875,0.744186046511628,"כפרזיתים"
787,"גבעת יערים",0.722731575625833,0.736842105263158,0.745192307692308,0.781464530892448,0.766345123258307,0.762006403415155,0.754555198285102,0.719393282773565,0.712882096069869,"גבעתיערים"
788,"זיתן",0.625116699292275,0.790393013100437,0.768924302788845,0.836708860759494,0.803636363636364,0.783030303030303,0.849449204406365,0.769704433497537,0.823960880195599,"זיתן"
789,"רנן",0.533558570589178,0.559485530546624,0.647382920110193,0.735751295336788,0.761124121779859,0.695150115473441,0.717832957110609,0.679738562091503,0.741452991452991,"רנן"
791,"משען",0.60822695035461,0.662962962962963,0.692556634304207,0.740853658536585,0.787142857142857,0.783166904422254,0.802538787023977,0.762973352033661,0.784827586206897,"משען"
792,"נתיב השיירה",0.583722721437741,0.736979166666667,0.730769230769231,0.790243902439024,0.757211538461538,0.753086419753086,0.763681592039801,0.696296296296296,0.737470167064439,"נתיבהשיירה"
793,"גבעתי",0.607624576850894,0.642086330935252,0.676369863013699,0.753378378378378,0.712698412698413,0.756211180124224,0.753822629969419,0.687218045112782,0.772525849335303,"גבעתי"
794,"עגור",0.85037037037037,0.704,0.714814814814815,0.727272727272727,0.739273927392739,0.785234899328859,0.801324503311258,0.737341772151899,0.755351681957186,"עגור"
795,"יערה",0.689566233885092,0.808673469387755,0.738359201773836,0.794117647058823,0.73224043715847,0.70863309352518,0.723518850987433,0.676625659050967,0.657627118644068,"יערה"
796,"צלפון",0.75513453271772,0.689217758985201,0.704379562043796,0.763478260869565,0.775602409638554,0.742175856929955,0.765140324963072,0.716954022988506,0.772988505747126,"צלפון"
797,"אחיעזר",0.782410069510804,0.766704416761042,0.787037037037037,0.839373163565132,0.833768494342907,0.864818024263432,0.870967741935484,0.828266228430567,0.857843137254902,"אחיעזר"
798,"יגל",0.683670591029886,0.723360655737705,0.716117216117216,0.791018998272884,0.804838709677419,0.805194805194805,0.801948051948052,0.7616,0.816164817749604,"יגל"
799,"זכריה",0.660388895683013,0.720802919708029,0.745627980922099,0.807580174927114,0.763227513227513,0.754226267880364,0.769633507853403,0.759842519685039,0.816166883963494,"זכריה"
800,"בית חנניה",0.791520115089007,0.768888888888889,0.784046692607004,0.826714801444043,0.788617886178862,0.772727272727273,0.753267973856209,0.762360446570973,0.762738853503185,"ביתחנניה"
801,"חמד",1,0.828009828009828,0.857723577235772,0.872832369942196,0.875222816399287,0.83065953654189,0.83859649122807,0.848797250859107,0.825732899022801,"חמד"
802,"גבעת כ""ח",0.651702635077019,0.642857142857143,0.717017208413002,0.755737704918033,0.727272727272727,0.762481089258699,0.740399385560676,0.722480620155039,0.79375,"גבעתכח"
803,"יושיביה",0.884192488933314,0.722772277227723,0.821276595744681,0.869565217391304,0.787234042553192,0.793413173652695,0.807121661721068,0.76271186440678,0.822281167108753,"יושיביה"
804,"אחיסמך",0.522051647373108,0.681333333333333,0.722564734895191,0.798339264531435,0.790322580645161,0.78735632183908,0.847380410022779,0.769662921348315,0.831460674157303,"אחיסמך"
805,"ישעי",0.794433005929276,0.773242630385488,0.788259958071279,0.78740157480315,0.762162162162162,0.782846715328467,0.783242258652095,0.731922398589065,0.777777777777778,"ישעי"
806,"עין יהב",0.74968908464381,0.762008733624454,0.801282051282051,0.795031055900621,0.756653992395437,0.757575757575758,0.718808193668529,0.72310405643739,0.687702265372168,"עיןיהב"
807,"חניאל",0.721088296941454,0.736318407960199,0.728434504792332,0.748837209302326,0.739788199697428,0.742770167427702,0.712328767123288,0.710407239819005,0.726429675425039,"חניאל"
808,"ניר אליהו",0.704142257675849,0.707246376811594,0.705014749262537,0.747448979591837,0.712918660287081,0.737470167064439,0.724220623501199,0.76303317535545,0.743529411764706,"ניראליהו"
809,"נחם",0.674844535309652,0.696883852691218,0.875,0.917312661498708,0.845588235294118,0.794188861985472,0.796650717703349,0.734793187347932,0.789473684210526,"נחם"
810,"עופר",0.791918069228326,0.760517799352751,0.768617021276596,0.809895833333333,0.794486215538847,0.78,0.756962025316456,0.74234693877551,0.763681592039801,"עופר"
811,"יכיני",0.731674208144796,0.684615384615385,0.780487804878049,0.804100227790433,0.785714285714286,0.78936170212766,0.809725158562368,0.737060041407868,0.800829875518672,"יכיני"
812,"שלומי",0.620523046245878,0.623385300668151,0.649152542372881,0.69159072079536,0.668718967229394,0.667386609071274,0.670116925436074,0.637119113573407,0.664684898929845,"שלומי"
813,"עין יעקב",0.770752486536386,0.727634194831014,0.743986254295533,0.766721044045677,0.790462427745665,0.787965616045845,0.790730337078652,0.735294117647059,0.787371134020619,"עיןיעקב"
814,"תלמים",0.826788801921782,0.715481171548117,0.721413721413721,0.807766990291262,0.755834829443447,0.786713286713287,0.790123456790123,0.740282685512368,0.821490467937608,"תלמים"
815,"זבדיאל",0.736362341546788,0.746355685131195,0.792650918635171,0.828877005347594,0.843672456575682,0.849514563106796,0.850602409638554,0.849282296650718,0.874720357941834,"זבדיאל"
816,"זנוח",0.574367451898792,0.607843137254902,0.672413793103448,0.756830601092896,0.714646464646465,0.746867167919799,0.726130653266332,0.677261613691931,0.749385749385749,"זנוח"
817,"עזריקם",0.644895208885171,0.685159500693481,0.721455457967378,0.776710684273709,0.782135076252723,0.807692307692308,0.78609062170706,0.729813664596273,0.783266129032258,"עזריקם"
818,"זרחיה",0.697378716744914,0.721649484536082,0.767942583732057,0.821759259259259,0.832985386221294,0.842650103519669,0.858606557377049,0.849802371541502,0.865125240847784,"זרחיה"
819,"אביגדור",0.745539677650634,0.75984990619137,0.804577464788732,0.834797891036907,0.807131280388979,0.778662420382166,0.790923824959481,0.777597402597403,0.800658978583196,"אביגדור"
820,"חלץ",0.754321951744937,0.643874643874644,0.636363636363636,0.724928366762178,0.69364161849711,0.694050991501416,0.731638418079096,0.713888888888889,0.735694822888283,"חלץ"
821,"אחוזם",0.789369185386884,0.713864306784661,0.648571428571429,0.733695652173913,0.70843989769821,0.743073047858942,0.69949494949495,0.72069825436409,0.72029702970297,"אחוזם"
822,"מטע",0.756373351993511,0.675742574257426,0.709251101321586,0.772102161100196,0.740112994350282,0.730483271375465,0.732110091743119,0.723707664884136,0.712820512820513,"מטע"
823,"בר גיורא",0.801856289702918,0.723076923076923,0.742782152230971,0.759493670886076,0.773493975903614,0.729268292682927,0.754854368932039,0.726190476190476,0.77030162412993,"ברגיורא"
824,"כוכב מיכאל",0.864003396573549,0.697368421052632,0.736421725239617,0.748103186646434,0.757879656160458,0.729344729344729,0.74037089871612,0.711297071129707,0.725935828877005,"כוכבמיכאל"
825,"נס הרים",0.821855057812599,0.640091116173121,0.706319702602231,0.806501547987616,0.765333333333333,0.758397932816537,0.759541984732824,0.723456790123457,0.726244343891403,"נסהרים"
826,"עוזה",0.621094697450942,0.623737373737374,0.716577540106952,0.786096256684492,0.75414364640884,0.773841961852861,0.789617486338798,0.718232044198895,0.780701754385965,"עוזה"
827,"נווה מבטח",0.733387471647392,0.694013303769401,0.761194029850746,0.814180929095355,0.82560706401766,0.814410480349345,0.788546255506608,0.777777777777778,0.768172888015717,"נווהמבטח"
828,"ישרש",0.609210852841426,0.694589877835951,0.714968152866242,0.771771771771772,0.777932960893855,0.752054794520548,0.715268225584594,0.764295676429568,0.771034482758621,"ישרש"
829,"מבטחים",0.533582089552239,0.581395348837209,0.611111111111111,0.626702997275204,0.607792207792208,0.641558441558442,0.616966580976864,0.602015113350126,0.669172932330827,"מבטחים"
831,"ירוחם",0.509021533871298,0.562873258128733,0.602679275019701,0.643086325439267,0.664868603042877,0.662390829694323,0.671553463349025,0.625751633986928,0.660984607556291,"ירוחם"
836,"גנות",0.790625298436613,0.732732732732733,0.81043956043956,0.824207492795389,0.767241379310345,0.780701754385965,0.766381766381766,0.757062146892655,0.785507246376812,"גנות"
837,"עזריאל",0.772083287124321,0.777011494252874,0.797244094488189,0.843866171003718,0.832504145936982,0.814070351758794,0.820723684210526,0.777038269550749,0.796116504854369,"עזריאל"
838,"פדיה",0.615611351106232,0.703962703962704,0.726,0.796330275229358,0.787052810902896,0.796264855687606,0.777591973244147,0.774410774410774,0.805555555555556,"פדיה"
839,"פתחיה",0.57990959994603,0.696808510638298,0.716393442622951,0.781990521327014,0.790584415584416,0.784313725490196,0.787581699346405,0.757281553398058,0.788732394366197,"פתחיה"
840,"כיסופים",0.596250030798039,0.580786026200873,0.570281124497992,0.553956834532374,0.547038327526132,0.508650519031142,0.501597444089457,0.492063492063492,0.543333333333333,"כיסופים"
841,"אלישמע",0.660741395870243,0.688549618320611,0.774108322324967,0.79340937896071,0.813267813267813,0.776137761377614,0.778325123152709,0.798780487804878,0.794334975369458,"אלישמע"
842,"געש",0.822742244218731,0.746641074856046,0.747779751332149,0.786206896551724,0.791987673343606,0.78419452887538,0.779761904761905,0.792318634423898,0.769655172413793,"געש"
843,"מרגליות",0.444257703081232,0.534722222222222,0.476666666666667,0.559105431309904,0.569277108433735,0.588059701492537,0.573099415204678,0.559171597633136,0.621468926553672,"מרגליות"
844,"נחל עוז",0.714230208839242,0.630281690140845,0.688622754491018,0.704761904761905,0.718475073313783,0.684057971014493,0.713068181818182,0.674285714285714,0.707042253521127,"נחלעוז"
845,"כפר עזה",0.576604716539122,0.726978998384491,0.76875,0.755192878338279,0.742296918767507,0.700699300699301,0.731774415405777,0.731805929919138,0.733072916666667,"כפרעזה"
846,"שפר",0.52597376223549,0.589622641509434,0.674911660777385,0.715277777777778,0.737341772151899,0.714733542319749,0.707165109034268,0.63914373088685,0.699059561128527,"שפר"
848,"בית רבן",0.66125168150663,0.71244635193133,0.754098360655738,0.83112582781457,0.827485380116959,0.744868035190616,0.749244712990937,0.717391304347826,0.709030100334448,"ביתרבן"
849,"דבירה",0.812085089348264,0.740061162079511,0.808126410835214,0.788118811881188,0.761904761904762,0.784403669724771,0.752688172043011,0.785394932935917,0.760932944606414,"דבירה"
850,"אחיטוב",0.661937317047589,0.671666666666667,0.702325581395349,0.808605341246291,0.791842475386779,0.772598870056497,0.764705882352941,0.73006993006993,0.742934051144011,"אחיטוב"
851,"ניצני עוז",0.773279789599949,0.727112676056338,0.744712990936556,0.806078147612156,0.748663101604278,0.775815217391304,0.769851951547779,0.730978260869565,0.738562091503268,"ניצניעוז"
852,"גונן",0.608463063097735,0.61631419939577,0.674486803519062,0.713450292397661,0.698550724637681,0.677514792899408,0.682215743440233,0.651917404129793,0.625,"גונן"
853,"גאליה",0.559632967706461,0.743119266055046,0.788413098236776,0.786240786240786,0.771395076201641,0.755952380952381,0.770059880239521,0.769869513641756,0.736585365853659,"גאליה"
854,"רחוב",0.529937514830341,0.685258964143426,0.672862453531598,0.780918727915194,0.729813664596273,0.719135802469136,0.75,0.712121212121212,0.738095238095238,"רחוב"
856,"שעלבים",0.830836958858116,0.868894601542416,0.887587822014052,0.905498281786942,0.885269121813031,0.86468200270636,0.856375838926175,0.820051413881748,0.804611650485437,"שעלבים"
857,"כפר אביב",0.736071964017991,0.776639344262295,0.79,0.810810810810811,0.772128060263653,0.765037593984962,0.766791044776119,0.762340036563071,0.727758007117438,"כפראביב"
858,"נווה ירק",0.849000331381862,0.810160427807487,0.829890643985419,0.845323741007194,0.808612440191388,0.792161520190024,0.79127358490566,0.793062200956938,0.755813953488372,"נווהירק"
859,"כסלון",0.675270008307948,0.669565217391304,0.709302325581395,0.776173285198556,0.773722627737226,0.712230215827338,0.768953068592058,0.716262975778547,0.742574257425743,"כסלון"
861,"שדה אליעזר",0.557754969045292,0.661290322580645,0.695327102803738,0.760469011725293,0.753532182103611,0.734597156398104,0.731629392971246,0.682737169517885,0.698813056379822,"שדהאליעזר"
862,"גני יוחנן",0.539530666377957,0.6875,0.764822134387352,0.772639691714836,0.749532710280374,0.759398496240602,0.753295668549906,0.736742424242424,0.751923076923077,"גנייוחנן"
863,"גינתון",0.684418145956608,0.798816568047337,0.791596638655462,0.814029363784666,0.787461773700306,0.794520547945205,0.791158536585366,0.768768768768769,0.780185758513932,"גינתון"
864,"בקוע",0.782830217591174,0.749295774647887,0.752403846153846,0.806818181818182,0.811284046692607,0.809345794392523,0.796296296296296,0.739852398523985,0.833625218914186,"בקוע"
865,"שיבולים",0.576402974983097,0.725,0.755725190839695,0.835294117647059,0.807547169811321,0.752895752895753,0.775665399239544,0.730769230769231,0.765957446808511,"שיבולים"
866,"יטבתה",0.62490453598704,0.610738255033557,0.645161290322581,0.642289348171701,0.632132132132132,0.618479880774963,0.638360175695461,0.624103299856528,0.590717299578059,"יטבתה"
868,"אלוני יצחק",0.255302120848339,0.189655172413793,0.243478260869565,0.226890756302521,0.210526315789474,0.220472440944882,0.191666666666667,0.184,0.192,"אלונייצחק"
870,"גבעת השלושה",1,0.723039215686274,0.77116704805492,0.775055679287305,0.788732394366197,0.781818181818182,0.772,0.806949806949807,0.775894538606403,"גבעתהשלושה"
871,"עינת",0.911477822681235,0.785388127853881,0.846473029045643,0.849236641221374,0.841441441441441,0.812834224598931,0.824347826086957,0.830479452054795,0.798333333333333,"עינת"
872,"גאולי תימן",0.911168798277827,0.769811320754717,0.682142857142857,0.754578754578755,0.772388059701492,0.786259541984733,0.793103448275862,0.708171206225681,0.765873015873016,"גאוליתימן"
873,"שלווה",0.523666477226597,0.634560906515581,0.657817109144543,0.803571428571429,0.804232804232804,0.790884718498659,0.84020618556701,0.771712158808933,0.833729216152019,"שלווה"
874,"מגדל העמק",0.5174694494558,0.591033851784081,0.613515791561307,0.654161213707528,0.632526439482961,0.636560761761101,0.63673162006966,0.605486120863175,0.639734918977804,"מגדלהעמק"
877,"בית חירות",0.824623535170309,0.802469135802469,0.805054151624549,0.807486631016043,0.790969899665552,0.780889621087315,0.770491803278688,0.787021630615641,0.747572815533981,"ביתחירות"
880,"עין שריד",0.693301868153234,0.713095238095238,0.729253112033195,0.764362220058423,0.764159702878366,0.75614194722475,0.742286751361162,0.743427017225748,0.757194244604317,"עיןשריד"
885,"שדה בוקר",0.626481988144095,0.676470588235294,0.694252873563218,0.663291139240506,0.700980392156863,0.661764705882353,0.672289156626506,0.665876777251185,0.621495327102804,"שדהבוקר"
888,"כפר הרי""ף",0.696367156237157,0.762419006479482,0.749063670411985,0.81508078994614,0.772963604852686,0.805507745266781,0.811744386873921,0.776632302405498,0.760330578512397,"כפרהריף"
889,"כפר חסידים ב'",0.674818652849741,0.736,0.741935483870968,0.725631768953069,0.73972602739726,0.748837209302326,0.759803921568627,0.726027397260274,0.699115044247788,"כפרחסידיםב"
892,"עבדון",0.60534430193744,0.713896457765668,0.693002257336343,0.723044397463002,0.707602339181287,0.721153846153846,0.727447216890595,0.696153846153846,0.761363636363636,"עבדון"
913,"שבלי - אום אל-גנם",0.392094722621081,0.33553500660502,0.439335508751112,0.592861126603458,0.396300863131936,0.567200388161087,0.608768567321514,0.372889197316678,0.500439753737907,"שבליאוםאלגנם"
916,"ישע",0.886845039018952,0.733990147783251,0.708333333333333,0.726923076923077,0.734545454545455,0.75,0.709677419354839,0.648648648648649,0.717607973421927,"ישע"
917,"עצמון שגב",NA,0.74468085106383,0.75741935483871,0.747878787878788,0.733995584988962,0.755630630630631,0.739420935412027,0.751855779427359,0.680957128614158,"עצמוןשגב"
919,"גבעת ישעיהו",0.725126100114795,0.724458204334365,0.751231527093596,0.84304932735426,0.776470588235294,0.763313609467456,0.762183235867446,0.74852652259332,0.725296442687747,"גבעתישעיהו"
921,"שער מנשה",0.010371650821089,0.0364963503649635,0.0901639344262295,0.108333333333333,0.099236641221374,0.0916030534351145,0.0808823529411765,0.10655737704918,0.159090909090909,"שערמנשה"
922,"רכסים",0.760406358309142,0.774380718589601,0.851234809878479,0.859000183116645,0.863078684770162,0.855046759109965,0.845753078623303,0.816749962138422,0.842127903642099,"רכסים"
939,"מסעודין אל-עזאזמה",NA,0.294545454545455,0.372602739726027,0.452775897088693,0.420283687943262,0.61369329251322,0.598322964565864,0.475403584593873,0.468735196589294,"מסעודיןאלעזאזמה"
942,"סואעד (חמרייה)",NA,0.609756097560976,0.768421052631579,0.424778761061947,0.340277777777778,0.452054794520548,0.56,0.319277108433735,0.323699421965318,"סואעדחמרייה"
944,"בסמת טבעון",0.394448558295063,0.328556806550665,0.39638195557591,0.513960481099656,0.318590848171549,0.471455576559546,0.546639359523366,0.326174008008737,0.430216082182076,"בסמתטבעון"
956,"הוזייל (שבט)",NA,0.133333333333333,0.22070534698521,0.318602261048304,0.326027397260274,0.352406902815622,0.415094339622642,0.276991150442478,0.348615916955017,"הוזיילשבט"
957,"עוקבי (בנו עוקבה)",NA,0.331428571428571,0.641148325358852,0.700854700854701,0.438405797101449,0.50530035335689,0.595890410958904,0.391437308868502,0.495750708215297,"עוקביבנועוקבה"
958,"אבו עבדון (שבט)",NA,NA,0.650943396226415,0.310924369747899,0.0869565217391304,0.338129496402878,0.288732394366197,0.18,0.266233766233766,"אבועבדוןשבט"
960,"אסד (שבט)",NA,0.114186851211073,0.223097112860892,0.15952380952381,0.102459016393443,0.221311475409836,0.265720081135903,0.162426614481409,0.246753246753247,"אסדשבט"
961,"אבו רוקייק (שבט)",NA,0.199823165340407,0.272484654390179,0.302259215219976,0.240673630356001,0.403777544596013,0.445790554414784,0.344529561972108,0.394490254872564,"אבורוקייקשבט"
962,"טובא-זנגריה",0.319576343623924,0.356945722171113,0.330693610049153,0.465668559628291,0.302919708029197,0.441939120631342,0.518220433713391,0.329651288715616,0.439390778218235,"טובאזנגריה"
963,"אעצם (שבט)",NA,0.292411467116358,0.351426197729161,0.322354080891257,0.214413208389112,0.413989071038251,0.434115138592751,0.301226623768349,0.397744360902256,"אעצםשבט"
964,"קודייראת א-צאנע(ש",NA,0.206229860365199,0.301775147928994,0.348375451263538,0.128637059724349,0.304576144036009,0.285185185185185,0.206047819971871,0.228174603174603,"קודייראתאצאנעש"
965,"אטרש (שבט)",NA,0.129478827361564,0.288135593220339,0.276969696969697,0.151271753681392,0.310006540222368,0.324290220820189,0.296605122096486,0.334997226844149,"אטרששבט"
966,"אבו רובייעה (שבט)",NA,0.196442687747036,0.15767366720517,0.20445459737293,0.194182189334014,0.369226907630522,0.375369458128079,0.231698649609097,0.333630686886708,"אבורובייעהשבט"
967,"אבו ג'ווייעד (שבט",NA,0.344588744588745,0.15038115038115,0.194409937888199,0.143603133159269,0.276389597144314,0.294846382556987,0.160074453234062,0.240895129442738,"אבוגווייעדשבט"
968,"אבו קורינאת (שבט)",NA,0.251182592242195,0.27661357921207,0.28268156424581,0.218653911855142,0.410204766700235,0.439907803753704,0.316943313498277,0.358830478440638,"אבוקורינאתשבט"
969,"עטאוונה (שבט)",NA,0.073394495412844,0.233870967741935,0.478991596638655,0.045045045045045,0.392857142857143,0.281818181818182,0.123893805309735,0.293103448275862,"עטאוונהשבט"
970,"תראבין א-צאנע (שב",NA,0.0557324840764331,0.167808219178082,0.165884194053208,0.0524193548387097,0.0645792563600783,0.0923076923076923,0.104395604395604,0.127147766323024,"תראביןאצאנעשב"
972,"קוואעין (שבט)",NA,0.127737226277372,0.254098360655738,0.74818401937046,0.13771186440678,0.197894736842105,0.241308793456033,0.228239845261122,0.250902527075812,"קוואעיןשבט"
975,"זרזיר",0.399623540959028,0.35729788388497,0.487465181058496,0.486614853195164,0.361567877629063,0.487639177203246,0.533643988816403,0.343789435731026,0.443923611111111,"זרזיר"
976,"ג'נאביב (שבט)",NA,0.249027237354086,0.389078498293515,0.382262996941896,0.345982142857143,0.449023861171367,0.441422594142259,0.313953488372093,0.407801418439716,"גנאביבשבט"
978,"כעביה-טבאש-חג'אג'",0.524049059066085,0.44365920691009,0.56650417827298,0.464747736093144,0.434272955623779,0.568951279933939,0.600162645703443,0.404517993170475,0.563549761845074,"כעביהטבאשחגאג"
986,"ח'ואלד (שבט)",NA,0.386666666666667,0.350993377483444,0.470198675496689,NA,NA,NA,NA,NA,"חואלדשבט"
990,"ראס עלי",0.670102440074456,0.609665427509294,0.592715231788079,0.625,0.405128205128205,0.596009975062344,0.704433497536946,0.433962264150943,0.536036036036036,"ראסעלי"
993,"חמאם",0.494704826120415,0.41626213592233,0.393198724760893,0.5,0.371152154793316,0.487024221453287,0.562231759656652,0.340852130325815,0.484552845528455,"חמאם"
994,"מנשית זבדה",0.605302822691148,0.587921847246892,0.599085365853659,0.651577503429355,0.505441354292624,0.610451306413302,0.696009389671362,0.446952595936795,0.531823085221144,"מנשיתזבדה"
997,"רומת הייב",0.244112919272155,0.270941054808687,0.347588717015469,0.391267842149454,0.394598649662416,0.434268833087149,0.475877192982456,0.359915314043754,0.436191762322755,"רומתהייב"
998,"ביר אל-מכסור",0.372641677225999,0.273543583004818,0.440717177559283,0.488493347716649,0.317015209125475,0.483354271356784,0.55218128564822,0.391928251121076,0.614933485910456,"ביראלמכסור"
1015,"מבשרת ציון",0.636151642614549,0.684881394684196,0.716800695500978,0.749104900336664,0.735679084309258,0.718092418314476,0.717324746621622,0.697150015659255,0.713287775246773,"מבשרתציון"
1020,"אור עקיבא",0.492808558538013,0.513426736719206,0.524561155152888,0.640681678187667,0.629703608247423,0.627291242362525,0.645808514640416,0.593811394891945,0.639409327029709,"אורעקיבא"
1024,"חרוצים",0.742645144493621,0.670309653916211,0.72463768115942,0.774696707105719,0.756849315068493,0.766031195840555,0.773451327433628,0.746503496503496,0.769105691056911,"חרוצים"
1031,"שדרות",0.572711861831781,0.524957725308449,0.55580555391083,0.625658648339061,0.647713598074609,0.641935643319658,0.653970865798771,0.597971393848743,0.655556979874375,"שדרות"
1034,"קרית מלאכי",0.544274357397207,0.563948100092678,0.612463731550397,0.680084877987892,0.667711969705935,0.677561319094003,0.693652360764272,0.624649699742637,0.705060401937316,"קריתמלאכי"
1041,"נצאצרה (שבט)",NA,0.235772357723577,0.789137380191693,0.435530085959885,0.29153605015674,0.46875,0.553125,0.350148367952522,0.405797101449275,"נצאצרהשבט"
1043,"גיזו",0.514389556445631,0.716666666666667,0.817460317460317,0.803149606299213,0.797202797202797,0.793103448275862,0.773972602739726,0.813333333333333,0.793333333333333,"גיזו"
1044,"יעף",NA,NA,0.896,0.867132867132867,0.864705882352941,0.842424242424242,0.818713450292398,0.771428571428571,0.724324324324324,"יעף"
1045,"שתולה",0.616993464052288,0.638743455497382,0.65296803652968,0.715555555555556,0.73568281938326,0.663716814159292,0.704347826086957,0.646288209606987,0.691666666666667,"שתולה"
1046,"אוהד",1,0.693693693693694,0.705627705627706,0.769547325102881,0.739130434782609,0.673151750972763,0.692883895131086,0.680451127819549,0.714285714285714,"אוהד"
1047,"חזון",0.58044681287149,0.734767025089606,0.731707317073171,0.790441176470588,0.806083650190114,0.827450980392157,0.883268482490272,0.786821705426357,0.866666666666667,"חזון"
1050,"בית חשמונאי",0.548123551299256,0.752427184466019,0.781994047619048,0.796336996336996,0.774061433447099,0.762768817204301,0.755047106325707,0.757152361942781,0.779016393442623,"ביתחשמונאי"
1051,"תלמי אליהו",0.794117647058823,0.520361990950226,0.524590163934426,0.655601659751037,0.640692640692641,0.588235294117647,0.594470046082949,0.602620087336245,0.642241379310345,"תלמיאליהו"
1052,"קטורה",0.44910268160719,0.498777506112469,0.465116279069767,0.503355704697987,0.55,0.535469107551487,0.513698630136986,0.506666666666667,0.492273730684327,"קטורה"
1054,"תל שבע",0.420214576500718,0.371039944903581,0.436756911617247,0.474462017111745,0.30906741331036,0.548638953365689,0.57575131674068,0.427435773145904,0.533064663857849,"תלשבע"
1057,"נווה זוהר",0.602755453501722,NA,0.388888888888889,0.563380281690141,0.379310344827586,0.625,0.381818181818182,0.454545454545455,0.333333333333333,"נווהזוהר"
1058,"שדה ניצן",0.545339883165162,0.571428571428571,0.537993920972644,0.557275541795666,0.59228650137741,0.590163934426229,0.57967032967033,0.56989247311828,0.583120204603581,"שדהניצן"
1059,"כסיפה",0.57792978062905,0.362592448423511,0.506540818016228,0.487837837837838,0.413453246273254,0.586285852012533,0.609307232446372,0.468125701459035,0.556113902847571,"כסיפה"
1060,"לקיה",0.577076840388815,0.445748449955713,0.638816035968528,0.448436460412508,0.22943189596167,0.462558606831882,0.495497846796294,0.400599775084343,0.47457040710414,"לקיה"
1061,"נצרת עילית",0.489583182178162,0.538332486019319,0.53079096764339,0.577839179266764,0.551830354869915,0.562824901737036,0.566790469693524,0.504641775983855,0.52798576617985,"נצרתעילית"
1063,"מעלות-תרשיחא",0.571536111898706,0.6225870467256,0.612992239149181,0.667631041524847,0.596205208101491,0.625358482241341,0.636497464696581,0.582520107238606,0.607073003118888,"מעלותתרשיחא"
1064,"אמירים",0.776756510578396,0.705188679245283,0.750515463917526,0.754420432220039,0.715502555366269,0.674917491749175,0.671592775041051,0.638888888888889,0.606687898089172,"אמירים"
1065,"זמרת",0.836254612546125,0.785087719298246,0.791666666666667,0.826714801444043,0.889502762430939,0.91008174386921,0.924324324324324,0.862337662337662,0.8875,"זמרת"
1066,"בני עי""ש",0.544070025858611,0.667203435319377,0.647751229796205,0.70419349225683,0.663383445654052,0.662145713788906,0.653085991678225,0.611130434782609,0.626338893766462,"בניעיש"
1067,"דוב""ב",0.570579166151664,0.611111111111111,0.590778097982709,0.630813953488372,0.701949860724234,0.693593314763231,0.692520775623269,0.664804469273743,0.69187675070028,"דובב"
1068,"אדמית",0.488013698630137,0.447826086956522,0.428044280442804,0.547945205479452,0.550847457627119,0.554621848739496,0.550847457627119,0.543417366946779,0.555555555555556,"אדמית"
1069,"רם-און",0.966647886079166,0.832635983263598,0.827898550724638,0.802447552447552,0.773291925465838,0.774343122102009,0.748466257668712,0.760059612518629,0.727802037845706,"רםאון"
1070,"אביעזר",0.653422269142793,0.704545454545455,0.792576419213974,0.82020202020202,0.786856127886323,0.784697508896797,0.771230502599653,0.780238500851789,0.8042071197411,"אביעזר"
1071,"נווה מיכאל",0.660963929867923,0.650909090909091,0.72782874617737,0.768595041322314,0.771739130434783,0.777537796976242,0.815845824411135,0.712473572938689,0.76844262295082,"נווהמיכאל"
1072,"גן הדרום",0.990861618798956,0.78397212543554,0.8,0.868421052631579,0.804093567251462,0.800578034682081,0.817415730337079,0.76,0.779069767441861,"גןהדרום"
1077,"גבעת שפירא",1,0.729559748427673,0.798913043478261,0.828571428571429,0.792452830188679,0.783018867924528,0.8,0.776255707762557,0.783185840707965,"גבעתשפירא"
1079,"צפרירים",0.608579830935394,0.62753036437247,0.635338345864662,0.726950354609929,0.666666666666667,0.711475409836066,0.674267100977199,0.699059561128527,0.680722891566265,"צפרירים"
1080,"מבועים",0.487767501819024,0.673590504451039,0.679697351828499,0.731736526946108,0.746153846153846,0.697497279651795,0.723243243243243,0.657725321888412,0.729299363057325,"מבועים"
1081,"אבן מנחם",0.669531104053802,0.754166666666667,0.615094339622641,0.74812030075188,0.710247349823322,0.694444444444444,0.686832740213523,0.690909090909091,0.697841726618705,"אבןמנחם"
1082,"מעגלים",0.737018256090841,0.706325301204819,0.766187050359712,0.827968923418424,0.84556720686368,0.800943396226415,0.814744801512287,0.795158286778399,0.812844036697248,"מעגלים"
1083,"תושיה",0.682034220532319,0.881578947368421,0.879807692307692,0.873076923076923,0.813664596273292,0.779179810725552,0.80379746835443,0.765578635014837,0.75414364640884,"תושיה"
1084,"בן שמן (כפר נוער)",0.590072742832692,0.695121951219512,0.649789029535865,0.704641350210971,0.699152542372881,0.703862660944206,0.707627118644068,0.658119658119658,0.677551020408163,"בןשמןכפרנוער"
1085,"כרם שלום",NA,0.368421052631579,0.436781609195402,0.505263157894737,0.53968253968254,0.507352941176471,0.56551724137931,0.496688741721854,0.581699346405229,"כרםשלום"
1094,"כרם יבנה (ישיבה)",1,0.878612716763006,0.907284768211921,0.907407407407407,0.886075949367089,0.885350318471338,0.917197452229299,0.805194805194805,0.847826086956522,"כרםיבנהישיבה"
1095,"כפר מימון",0.773363940549374,0.87292817679558,0.888283378746594,0.853521126760563,0.837837837837838,0.815602836879433,0.808755760368664,0.802690582959641,0.768595041322314,"כפרמימון"
1098,"מרכז שפירא",0.512794420626809,0.826972010178117,0.818777292576419,0.846433770014556,0.853361945636624,0.809693513898788,0.806158152554234,0.797993311036789,0.812962962962963,"מרכזשפירא"
1102,"צוקי ים",0.662576687116564,0.742647058823529,0.734265734265734,0.760736196319018,0.753164556962025,0.703703703703704,0.721212121212121,0.71957671957672,0.683937823834197,"צוקיים"
1103,"גני הדר",0.527430316162711,0.753926701570681,0.746478873239437,0.816593886462882,0.794354838709677,0.79296875,0.782945736434108,0.77007299270073,0.79020979020979,"גניהדר"
1104,"פוריה - כפר עבודה",0.552495654941128,0.666666666666667,0.59375,0.692883895131086,0.69811320754717,0.654135338345865,0.694339622641509,0.629213483146067,0.672473867595819,"פוריהכפרעבודה"
1105,"פוריה - נווה עובד",0.529199825310559,0.616010854816825,0.632183908045977,0.673913043478261,0.703030303030303,0.688442211055276,0.694798822374877,0.644724104549855,0.688151658767773,"פוריהנווהעובד"
1108,"אומן",0.344266822128809,0.564885496183206,0.543478260869565,0.591973244147157,0.602305475504323,0.622535211267606,0.629427792915531,0.644067796610169,0.67935871743487,"אומן"
1110,"חבר",0.428371114746436,0.623255813953488,0.659090909090909,0.719148936170213,0.666666666666667,0.72463768115942,0.715469613259669,0.701711491442543,0.722554890219561,"חבר"
1112,"יודפת",0.714312387638501,0.767241379310345,0.791569086651054,0.802575107296137,0.814940577249576,0.770764119601329,0.798690671031097,0.78330658105939,0.752994011976048,"יודפת"
1113,"צור הדסה",0.836056644286108,0.745365115399168,0.767083454492585,0.785922201640646,0.785962983324171,0.760438413361169,0.74847132705338,0.740583136327817,0.739873035066505,"צורהדסה"
1114,"שריגים (לי-און)",0.565689452990274,0.702970297029703,0.720300751879699,0.748587570621469,0.755227552275523,0.713244228432564,0.698159509202454,0.68641975308642,0.672657252888318,"שריגיםליאון"
1115,"אביבים",0.6145118465534,0.652866242038217,0.634920634920635,0.68452380952381,0.740963855421687,0.715596330275229,0.740963855421687,0.710526315789474,0.780979827089337,"אביבים"
1123,"אדרת",0.77053460992258,0.730458221024259,0.740229885057471,0.769076305220884,0.748633879781421,0.713513513513514,0.717543859649123,0.689419795221843,0.727422003284072,"אדרת"
1124,"נאות הכיכר",1,0.581818181818182,0.703703703703704,0.686868686868687,0.696682464454976,0.696261682242991,0.615384615384615,0.65,0.648888888888889,"נאותהכיכר"
1125,"אלמגור",1,0.700892857142857,0.806324110671937,0.820833333333333,0.813380281690141,0.809688581314879,0.744897959183674,0.786440677966102,0.733333333333333,"אלמגור"
1126,"אילות",0.812881847364606,0.561068702290076,0.685823754789272,0.62406015037594,0.65863453815261,0.653386454183267,0.648221343873518,0.637735849056604,0.61231884057971,"אילות"
1127,"מעלה גלבוע",1,0.814159292035398,0.809885931558935,0.825082508250825,0.846153846153846,0.816901408450704,0.805555555555556,0.806539509536785,0.803108808290155,"מעלהגלבוע"
1128,"מי עמי",0.619259259259259,1.42424242424242,0.828828828828829,0.84,0.81496062992126,0.80078125,0.776470588235294,0.73046875,0.760617760617761,"מיעמי"
1129,"גרופית",0.401354150682829,0.535353535353535,0.628289473684211,0.638225255972696,0.630281690140845,0.612456747404844,0.58477508650519,0.584507042253521,0.568493150684932,"גרופית"
1130,"כפר רוזנואלד (זרע",0.55,0.601010101010101,0.65625,0.747474747474748,0.693693693693694,0.624434389140271,0.677272727272727,0.65625,0.707207207207207,"כפררוזנואלדזרע"
1132,"שניר",0.697591732246136,0.701949860724234,0.753768844221106,0.74937343358396,0.759433962264151,0.71830985915493,0.71264367816092,0.74780701754386,0.726166328600406,"שניר"
1133,"ורדון",0.380774863533484,0.673913043478261,0.712041884816754,0.810810810810811,0.780821917808219,0.706422018348624,0.774774774774775,0.658986175115207,0.728971962616822,"ורדון"
1136,"צוחר",0.354011418543861,0.586826347305389,0.572700296735905,0.682619647355164,0.724061810154525,0.675,0.675555555555556,0.618421052631579,0.630901287553648,"צוחר"
1137,"קרית יערים",0.561246334169245,0.685258964143426,0.741700773078672,0.763400335008375,0.752348152786475,0.777946999695401,0.773409363745498,0.737245650250664,0.778032036613272,"קריתיערים"
1138,"יעד",0.760396187442451,0.806526806526807,0.796008869179601,0.787476280834915,0.779197080291971,0.72841726618705,0.727272727272727,0.75,0.70859872611465,"יעד"
1139,"כרמיאל",0.555541649519027,0.604518320296418,0.590321277025662,0.630816285599679,0.60556822040064,0.593042637999758,0.593713704994193,0.565824773413897,0.571258766195174,"כרמיאל"
1140,"מדרשת בן גוריון",0.706839361870163,0.745098039215686,0.740571428571429,0.75564681724846,0.753711790393013,0.715411558669002,0.705263157894737,0.708871662360034,0.672188317349608,"מדרשתבןגוריון"
1141,"מבוא מודיעים",0.990627724498692,0.6,0.637837837837838,0.655913978494624,0.652173913043478,0.566137566137566,0.559322033898305,0.536723163841808,0.585227272727273,"מבואמודיעים"
1145,"אלומה",0.461040870332255,0.814229249011858,0.891228070175439,0.885245901639344,0.861027190332326,0.863354037267081,0.848484848484849,0.840490797546012,0.867647058823529,"אלומה"
1146,"עלומים",0.781015251536535,0.766447368421053,0.842767295597484,0.759420289855072,0.803468208092486,0.756446991404012,0.765895953757225,0.746518105849582,0.717579250720461,"עלומים"
1147,"נטועה",0.720347310310328,0.704761904761905,0.675438596491228,0.816143497757848,0.766666666666667,0.756198347107438,0.761316872427984,0.734439834024896,0.750972762645914,"נטועה"
1148,"צור נתן",0.747718575213424,0.718446601941748,0.748792270531401,0.795348837209302,0.747826086956522,0.741228070175439,0.728070175438597,0.755555555555556,0.68859649122807,"צורנתן"
1149,"עזר",0.474599177841956,0.716337522441652,0.730586370839937,0.776911076443058,0.794212218649518,0.772012578616352,0.771565495207668,0.766129032258065,0.766830870279146,"עזר"
1150,"צופר",0.659620991253644,0.758620689655172,0.772241992882562,0.794871794871795,0.763473053892216,0.721407624633431,0.758522727272727,0.6398891966759,0.655352480417755,"צופר"
1151,"פארן",0.653148021569074,0.683139534883721,0.736389684813754,0.746556473829201,0.758241758241758,0.710382513661202,0.702702702702703,0.722077922077922,0.670854271356784,"פארן"
1152,"אשלים",0.538495215460629,0.64,0.667796610169492,0.749174917491749,0.754521963824289,0.728205128205128,0.733496332518337,0.671264367816092,0.697940503432494,"אשלים"
1153,"כישור",NA,NA,0.767676767676768,0.785046728971963,0.766666666666667,0.786885245901639,0.741935483870968,0.72,0.740458015267176,"כישור"
1155,"מגן שאול",0.842404220933549,0.590405904059041,0.684713375796178,0.760233918128655,0.805851063829787,0.802083333333333,0.816062176165803,0.72279792746114,0.796610169491525,"מגןשאול"
1156,"סמר",0.543259557344064,0.620689655172414,0.62781954887218,0.656462585034014,0.646288209606987,0.656387665198238,0.639130434782609,0.601694915254237,0.527196652719665,"סמר"
1157,"אחווה",0.483425414364641,0.802197802197802,0.795580110497238,0.810055865921788,0.770053475935829,0.776595744680851,0.772972972972973,0.792349726775956,0.756906077348066,"אחווה"
1158,"יהל",0.302731971449668,0.476683937823834,0.497695852534562,0.5,0.551401869158878,0.587155963302752,0.557603686635945,0.605504587155963,0.589285714285714,"יהל"
1160,"שכניה",0.662881397976902,0.776978417266187,0.800804828973843,0.743785850860421,0.789819376026273,0.781402936378467,0.758116883116883,0.721231766612642,0.728731942215088,"שכניה"
1161,"רהט",0.599800725593135,0.409315381816292,0.565712604547556,0.581720795141639,0.496170526898588,0.595410191543188,0.663341866007591,0.477770942847556,0.606086684399937,"רהט"
1162,"בית רימון",0.909112761712459,0.831460674157303,0.835390946502058,0.851590106007067,0.875,0.84020618556701,0.825641025641026,0.818181818181818,0.834821428571429,"ביתרימון"
1163,"מורן",0.706066536203522,0.734806629834254,0.746575342465753,0.79,0.765765765765766,0.762611275964392,0.754491017964072,0.762857142857143,0.75,"מורן"
1165,"שילת",0.887004016064257,0.750902527075812,0.852941176470588,0.84578313253012,0.809917355371901,0.800411522633745,0.803607214428858,0.798816568047337,0.782608695652174,"שילת"
1166,"כפר רות",0.624389676819344,0.684491978609626,0.821621621621622,0.866666666666667,0.821621621621622,0.841269841269841,0.805405405405405,0.821989528795812,0.794736842105263,"כפררות"
1167,"קיסריה",0.509751344321131,0.668047337278107,0.660587639311044,0.676206244087039,0.660100586756077,0.644321443214432,0.647189648200566,0.641418055017435,0.634544787077827,"קיסריה"
1169,"הוואשלה (שבט)",NA,0.362068965517241,0.397212543554007,0.412183544303797,0.357894736842105,0.506149479659413,0.54096834264432,0.451067615658363,0.525790349417637,"הוואשלהשבט"
1170,"סייד (שבט)",NA,0.209049773755656,0.374458874458874,0.415248897290485,0.170871559633028,0.227428571428571,0.308463251670379,0.255965292841649,0.334020618556701,"סיידשבט"
1171,"לוטם",0.637433420042116,0.696,0.709401709401709,0.76997578692494,0.731707317073171,0.702169625246548,0.712574850299401,0.683794466403162,0.681050656660413,"לוטם"
1172,"תובל",0.847450110864745,0.665289256198347,0.690391459074733,0.690402476780186,0.657754010695187,0.679245283018868,0.66490765171504,0.648829431438127,0.604938271604938,"תובל"
1173,"לפידות",0.490278951817413,0.7265625,0.676923076923077,0.738095238095238,0.731707317073171,0.744186046511628,0.730769230769231,0.728,0.779661016949153,"לפידות"
1174,"מנוף",0.642533802336109,0.727064220183486,0.732251521298174,0.74954954954955,0.740973312401884,0.728527607361963,0.703363914373089,0.712749615975422,0.683035714285714,"מנוף"
1175,"עידן",0.553854346957795,0.56015037593985,0.620833333333333,0.667953667953668,0.638513513513513,0.608108108108108,0.580536912751678,0.561290322580645,0.585294117647059,"עידן"
1176,"ספיר",0.477453580901857,0.612099644128114,0.609929078014184,0.698581560283688,0.633116883116883,0.638629283489097,0.593373493975904,0.567335243553009,0.577777777777778,"ספיר"
1177,"טללים",0.448521916411825,0.654929577464789,0.752293577981651,0.790055248618785,0.723472668810289,0.680124223602484,0.709090909090909,0.661971830985915,0.685714285714286,"טללים"
1178,"מורשת",0.814786181054817,0.840290381125227,0.839943342776204,0.859413202933985,0.795430944963655,0.766364551863041,0.763,0.757318224740321,0.71875,"מורשת"
1179,"קורנית",0.751368120185437,0.778538812785388,0.800369685767098,0.778947368421053,0.814285714285714,0.755980861244019,0.738095238095238,0.7671875,0.714939024390244,"קורנית"
1180,"צביה",0.719685977425809,0.747663551401869,0.767634854771784,0.768240343347639,0.766037735849057,0.689138576779026,0.738805970149254,0.730627306273063,0.703703703703704,"צביה"
1181,"טל-אל",0.686757157394796,0.791666666666667,0.804949053857351,0.795838751625488,0.749457700650759,0.735421166306696,0.745182012847966,0.742976066597295,0.729353233830846,"טלאל"
1182,"אלון הגליל",0.588512241054614,0.742105263157895,0.769578313253012,0.787749287749288,0.805555555555556,0.774154589371981,0.741545893719807,0.769411764705882,0.707514450867052,"אלוןהגליל"
1183,"כליל",0.605800522118514,0.740585774058577,0.744186046511628,0.782729805013928,0.761363636363636,0.741648106904232,0.73036093418259,0.764112903225806,0.667244367417678,"כליל"
1184,"מתת",0.590157321500605,0.663865546218487,0.694029850746269,0.748299319727891,0.68125,0.651612903225806,0.654088050314465,0.655172413793103,0.578651685393258,"מתת"
1186,"הושעיה",0.685251527832134,0.794341675734494,0.820603907637655,0.778333333333333,0.811194029850746,0.786084381939304,0.758369723435226,0.75561797752809,0.722567287784679,"הושעיה"
1188,"אשחר",0.771952792956891,0.767080745341615,0.830663615560641,0.782786885245902,0.809682804674457,0.78125,0.753225806451613,0.770670826833073,0.719530102790015,"אשחר"
1190,"מצפה נטופה",0.666476343926228,0.819796954314721,0.797894736842105,0.798548094373866,0.784591194968553,0.751962323390895,0.739403453689168,0.742857142857143,0.717647058823529,"מצפהנטופה"
1191,"בר יוחאי",0.697613205862169,0.712328767123288,0.742937853107345,0.796690307328605,0.690117252931323,0.694719471947195,0.73482428115016,0.61633281972265,0.665730337078652,"בריוחאי"
1192,"ערערה-בנגב",0.349758982942391,0.586490582377138,0.65527950310559,0.575327843854834,0.565450774673661,0.523695833830727,0.595504309340787,0.481098901098901,0.571851700541313,"ערערהבנגב"
1197,"נאות סמדר",0.712408505462523,0.567857142857143,0.618122977346278,0.603603603603604,0.58984375,0.609195402298851,0.576923076923077,0.610687022900763,0.578358208955224,"נאותסמדר"
1198,"כרמים",NA,NA,0.783783783783784,0.766129032258065,0.79126213592233,1.09478672985782,0.781395348837209,0.808219178082192,0.769230769230769,"כרמים"
1199,"עדי",0.628127906461757,0.787028921998247,0.745440126883426,0.802670623145401,0.77079107505071,0.757046979865772,0.744466800804829,0.764189189189189,0.735059760956175,"עדי"
1200,"מודיעין-מכבים-רעו",0.690304279121638,0.756817536218161,0.787317532569455,0.804457934868072,0.780716029292107,0.762591085302492,0.760547936497847,0.749164289876407,0.746908050627059,"מודיעיןמכביםרעו"
1201,"כמון",1,0.751396648044693,0.770454545454546,0.824152542372881,0.759398496240602,0.742911153119093,0.742537313432836,0.771681415929204,0.708838821490468,"כמון"
1202,"מכמנים",0.724804073279089,0.758620689655172,0.815450643776824,0.794776119402985,0.774285714285714,0.73463687150838,0.72972972972973,0.725130890052356,0.707379134860051,"מכמנים"
1203,"הררית",0.793772528568142,0.69047619047619,0.694915254237288,0.799196787148594,0.768768768768769,0.737609329446064,0.756373937677054,0.763157894736842,0.737588652482269,"הררית"
1204,"גילון",0.593047034764826,0.770096463022508,0.791194968553459,0.781395348837209,0.773606370875995,0.746906636670416,0.75,0.739784946236559,0.718249733191035,"גילון"
1205,"מנות",0.539782684893095,0.734439834024896,0.675675675675676,0.760252365930599,0.742120343839542,0.76231884057971,0.757142857142857,0.743016759776536,0.740540540540541,"מנות"
1206,"גיתה",0.777281532501076,0.674846625766871,0.744565217391304,0.728260869565217,0.695431472081218,0.681592039800995,0.684729064039409,0.679611650485437,0.653153153153153,"גיתה"
1207,"לבון",0.730999182760549,0.740890688259109,0.770700636942675,0.815561959654179,0.783720930232558,0.756380510440835,0.74496644295302,0.719745222929936,0.72,"לבון"
1208,"הילה",0.587984290590926,0.781637717121588,0.744075829383886,0.776018099547511,0.737945492662474,0.706004140786749,0.683778234086242,0.667330677290837,0.648330058939096,"הילה"
1209,"חרשים",0.685852465986394,0.745222929936306,0.728813559322034,0.744791666666667,0.8125,0.771300448430493,0.757990867579909,0.791489361702128,0.751004016064257,"חרשים"
1210,"כחל",0.501372603264455,0.706349206349206,0.718978102189781,0.751700680272109,0.752161383285303,0.725714285714286,0.727272727272727,0.735955056179775,0.741758241758242,"כחל"
1211,"קדרים",NA,NA,0.704761904761905,0.68503937007874,0.727272727272727,0.683333333333333,0.734042553191489,0.723076923076923,0.653846153846154,"קדרים"
1212,"עמוקה",0.469012713489278,0.63953488372093,0.694610778443114,0.686274509803922,0.746575342465753,0.741007194244604,0.678321678321678,0.700680272108844,0.666666666666667,"עמוקה"
1214,"טפחות",0.755928853754941,0.772946859903382,0.816964285714286,0.780082987551867,0.78968253968254,0.812244897959184,0.82520325203252,0.803921568627451,0.776061776061776,"טפחות"
1219,"גורנות הגליל",0.600584154801022,0.587878787878788,0.522875816993464,0.672955974842767,0.680473372781065,0.646341463414634,0.654545454545455,0.619318181818182,0.633165829145729,"גורנותהגליל"
1220,"אבירים",0.488636363636364,0.785714285714286,0.783950617283951,0.76875,0.792746113989637,0.692307692307692,0.761904761904762,0.683257918552036,0.646808510638298,"אבירים"
1221,"צורית",0.611285231242768,0.824457593688363,0.801418439716312,0.818342151675485,0.742296918767507,0.760900140646976,0.77253814147018,0.758196721311475,0.743046357615894,"צורית"
1222,"מצפה אבי""ב",0.654862976341165,0.791079812206573,0.770491803278688,0.80655737704918,0.807692307692308,0.763966480446927,0.747945205479452,0.785425101214575,0.764784946236559,"מצפהאביב"
1223,"שדי אברהם",0.672217956525193,0.687150837988827,0.722222222222222,0.734513274336283,0.736,0.716,0.741035856573705,0.722007722007722,0.640151515151515,"שדיאברהם"
1224,"כוכב יאיר",0.557873869597133,0.750564784053156,0.781820552947314,0.78343621399177,0.776157915107728,0.752875791650511,0.749707906010645,0.753033823909114,0.729850555626517,"כוכביאיר"
1226,"יובלים",0.63076377338853,0.773892773892774,0.782467532467532,0.825026511134677,0.813455657492355,0.779695431472081,0.760847628657921,0.775691699604743,0.734597156398104,"יובלים"
1227,"יתד",0.425220721199872,0.839887640449438,0.6875,0.757446808510638,0.748466257668712,0.740963855421687,0.755882352941176,0.75,0.745308310991957,"יתד"
1228,"רקפת",0.750288288771488,0.825819672131147,0.79421768707483,0.853736089030207,0.753036437246964,0.813214739517154,0.742749054224464,0.720349563046192,0.731893265565438,"רקפת"
1229,"כלנית",0.571404922194018,0.691823899371069,0.74390243902439,0.767441860465116,0.766304347826087,0.827956989247312,0.828877005347594,0.731578947368421,0.812834224598931,"כלנית"
1230,"לבנים",0.525607120972684,0.691729323308271,0.697068403908795,0.704761904761905,0.743034055727554,0.697530864197531,0.745341614906832,0.726443768996961,0.69971671388102,"לבנים"
1231,"פרי גן",0.677298311444653,0.64957264957265,0.707692307692308,0.75,0.685185185185185,0.701219512195122,0.654761904761905,0.571428571428571,0.644067796610169,"פריגן"
1232,"יבול",0.52691116932603,0.827380952380952,0.771317829457364,0.809954751131222,0.825242718446602,0.768472906403941,0.769607843137255,0.771028037383178,0.722466960352423,"יבול"
1233,"שקף",0.658411412966712,0.783561643835616,0.830882352941177,0.864353312302839,0.794326241134752,0.8014440433213,0.815699658703072,0.837209302325581,0.789473684210526,"שקף"
1234,"קבועה (שבט)",NA,0.564551422319475,0.315985130111524,0.334415584415584,0.267955801104972,0.552097428958051,0.570291777188329,0.32824427480916,0.414841849148418,"קבועהשבט"
1235,"שורשים",0.675248967694923,0.651639344262295,0.71474358974359,0.762569832402235,0.737913486005089,0.70573566084788,0.70573566084788,0.685579196217494,0.699561403508772,"שורשים"
1236,"נירית",0.641203185238488,0.797738693467337,0.829968119022317,0.816455696202532,0.798765432098765,0.744324970131422,0.771531100478469,0.770857814336075,0.727891156462585,"נירית"
1237,"תלמי יוסף",0.725616089132282,0.655339805825243,0.680672268907563,0.70042194092827,0.67704280155642,0.617424242424242,0.579925650557621,0.608856088560886,0.607272727272727,"תלמייוסף"
1238,"סופה",0.740127744883211,0.730061349693252,0.674157303370786,0.75,0.643243243243243,0.60655737704918,0.591397849462366,0.614973262032086,0.566137566137566,"סופה"
1239,"חולית",NA,0.593406593406593,0.622641509433962,0.653225806451613,0.691729323308271,0.689393939393939,0.721804511278195,0.671532846715328,0.659574468085106,"חולית"
1240,"עין הבשור",0.941585652028159,0.783216783216783,0.785031847133758,0.802795031055901,0.764060356652949,0.762758620689655,0.742068965517241,0.738651994497937,0.695652173913043,"עיןהבשור"
1241,"דקל",1,0.625,0.646153846153846,0.680497925311203,0.728682170542636,0.641509433962264,0.677777777777778,0.675090252707581,0.632142857142857,"דקל"
1242,"נתיב העשרה",0.66722043095313,0.771375464684015,0.792387543252595,0.845117845117845,0.800608828006088,0.783382789317507,0.763848396501458,0.773371104815864,0.77088948787062,"נתיבהעשרה"
1243,"קציר",NA,NA,0.695676274944568,0.705702647657841,0.707895937927887,0.698741007194245,0.676616915422886,0.672687224669604,0.646753246753247,"קציר"
1244,"תמרת",0.558258811461429,0.743775100401606,0.777227722772277,0.8003314001657,0.800167926112511,0.760135135135135,0.768041237113402,0.780550774526678,0.734536082474227,"תמרת"
1245,"סלמה",0.591747480943184,0.419137466307278,0.452188940092166,0.541777541245343,0.447864033073036,0.557414104882459,0.631438721136767,0.458672376873662,0.541513292433538,"סלמה"
1246,"עראמשה",0.565662050864332,0.400749063670412,0.272417707150965,0.470905172413793,0.342235410484669,0.302941176470588,0.533527696793003,0.341187558906692,0.465009208103131,"עראמשה"
1247,"חריש",NA,0.679447168970129,0.697231833910035,0.687086092715232,0.746807573756055,0.746564619933902,0.725840483893656,0.67895798935975,0.713996178122647,"חריש"
1249,"הרדוף",1,0.748148148148148,0.810725552050473,0.811111111111111,0.83046683046683,0.781553398058252,0.775308641975309,0.768321513002364,0.686666666666667,"הרדוף"
1251,"עין תמר",NA,0.678260869565217,0.774193548387097,0.75,0.657342657342657,0.548611111111111,0.646258503401361,0.648648648648649,0.620253164556962,"עיןתמר"
1252,"כורזים",0.558152086998241,0.707100591715976,0.712538226299694,0.6996996996997,0.735119047619048,0.663716814159292,0.642857142857143,0.644970414201183,0.655072463768116,"כורזים"
1253,"אמנון",0.439761795693999,0.592920353982301,0.639830508474576,0.694214876033058,0.790076335877863,0.735074626865672,0.734426229508197,0.652818991097923,0.696883852691218,"אמנון"
1254,"נטף",0.578626799557032,0.729241877256318,0.740506329113924,0.764880952380952,0.824022346368715,0.789325842696629,0.71304347826087,0.766016713091922,0.753315649867374,"נטף"
1255,"לוטן",0.62888198757764,0.636363636363636,0.613445378151261,0.615942028985507,0.543859649122807,0.566037735849057,0.550632911392405,0.58433734939759,0.536312849162011,"לוטן"
1256,"אשרת",0.539727283367797,0.664615384615385,0.671469740634006,0.795013850415512,0.751842751842752,0.706443914081146,0.722610722610723,0.749435665914221,0.727659574468085,"אשרת"
1257,"חנתון",NA,0.676923076923077,0.775910364145658,0.787735849056604,0.755769230769231,0.758034026465028,0.755639097744361,0.747680890538033,0.740143369175627,"חנתון"
1258,"מסד",0.550260948491037,0.715116279069767,0.686842105263158,0.763736263736264,0.766233766233766,0.697916666666667,0.718918918918919,0.744791666666667,0.743455497382199,"מסד"
1259,"נווה שלום",0.702631578947368,0.79136690647482,0.783950617283951,0.795321637426901,0.707317073170732,0.788732394366197,0.76,0.773913043478261,0.735177865612648,"נווהשלום"
1260,"רתמים",NA,NA,0.845679012345679,0.876237623762376,0.824884792626728,0.833333333333333,0.826271186440678,0.848484848484849,0.797101449275362,"רתמים"
1261,"הר עמשא",NA,NA,0.743119266055046,0.779874213836478,0.716981132075472,0.654205607476635,0.71304347826087,0.741666666666667,0.692307692307692,"הרעמשא"
1262,"צוקים",NA,NA,0.869158878504673,0.792592592592593,0.76536312849162,0.730337078651685,0.726315789473684,0.665024630541872,0.59009009009009,"צוקים"
1263,"כפר ורדים",0.631355947400952,0.730321046373365,0.748816234498309,0.747045454545455,0.740137221269297,0.708752407447036,0.699913644214162,0.692225998300765,0.661506276150628,"כפרורדים"
1264,"כרמי יוסף",0.65077465909284,0.756756756756757,0.778166550034989,0.796191819464034,0.776760563380282,0.757042253521127,0.763623496107573,0.778798586572438,0.738732394366197,"כרמייוסף"
1265,"שומריה",NA,0.857740585774059,0.875,0.878326996197719,0.825153374233129,0.830357142857143,0.835329341317365,0.757225433526012,0.782485875706215,"שומריה"
1268,"מיתר",0.632591021081596,0.734830575256107,0.763643000547545,0.769445413324032,0.767341470675796,0.743972445464983,0.742913000977517,0.731426301152165,0.723849894028176,"מיתר"
1271,"להבים",0.702097361596285,0.734155781325593,0.7692984385309,0.782489451476793,0.781384836655024,0.758697863682604,0.757111155941093,0.733527131782946,0.707865168539326,"להבים"
1272,"חלוץ",0.602560218148765,0.684210526315789,0.686411149825784,0.692537313432836,0.706766917293233,0.660194174757282,0.653012048192771,0.690140845070423,0.651982378854626,"חלוץ"
1274,"גן נר",0.527015483193489,0.689283449587825,0.695551704217215,0.742751713231418,0.728136882129278,0.713200379867047,0.710138029509757,0.687267657992565,0.69880624426079,"גןנר"
1275,"אבטליון",0.602074021097801,0.782352941176471,0.773684210526316,0.820960698689956,0.754098360655738,0.763934426229508,0.756493506493506,0.731012658227848,0.755417956656347,"אבטליון"
1280,"ניצני סיני",NA,0.584239130434783,0.76734693877551,0.660919540229885,0.711442786069652,0.599009900990099,0.629268292682927,0.691588785046729,0.649350649350649,"ניצניסיני"
1282,"מירב",0.751336477987421,0.885714285714286,0.814229249011858,0.826229508196721,0.831521739130435,0.75197889182058,0.771428571428571,0.76046511627907,0.740343347639485,"מירב"
1283,"תל תאומים",0.485222534864138,0.599099099099099,0.661710037174721,0.71864406779661,0.751533742331288,0.710365853658537,0.750741839762611,0.699708454810496,0.779710144927536,"תלתאומים"
1284,"נופית",0.726693279923611,0.809892729439809,0.820140010770059,0.807172557172557,0.767453540934204,0.753486055776892,0.759368836291913,0.751984126984127,0.731262327416174,"נופית"
1285,"כרכום",0.561627958156663,0.714640198511166,0.698598130841122,0.760722347629797,0.700873362445415,0.688311688311688,0.632034632034632,0.667391304347826,0.646017699115044,"כרכום"
1286,"שגב-שלום",0.446921582077011,0.457261724659607,0.39362022269034,0.518479127891518,0.420256835128418,0.612870890136327,0.655849203264672,0.49337207190848,0.532650024797487,"שגבשלום"
1287,"שני",0.592629188296366,0.529940119760479,0.616393442622951,0.677914110429448,0.740174672489083,0.704496788008565,0.684549356223176,0.655737704918033,0.660477453580902,"שני"
1288,"גבעת אלה",0.646218585128091,0.701030927835051,0.760165403170227,0.778128950695322,0.797172710510141,0.73955773955774,0.752795031055901,0.755,0.725590299936184,"גבעתאלה"
1290,"זמר",0.567380919163103,0.505385996409336,0.55558468799161,0.631849315068493,0.450108459869848,0.611467693624305,0.685593220338983,0.393708881578947,0.564708217546645,"זמר"
1291,"כמהין",NA,NA,0.517412935323383,0.797619047619048,0.770925110132159,0.768240343347639,0.730769230769231,0.664335664335664,0.69281045751634,"כמהין"
1292,"ג'דיידה-מכר",0.465302631161666,0.484383872799546,0.541797504879912,0.691693928030001,0.446375372393247,0.632010081915564,0.695450774336283,0.415789473684211,0.53634873811865,"גדיידהמכר"
1293,"גבעת אבני",0.524456392160603,0.699221514508139,0.715015974440895,0.746277915632754,0.700061087354918,0.694244604316547,0.68854415274463,0.68510888758093,0.691236215902496,"גבעתאבני"
1294,"אור הגנוז",0.457317073170732,0.65359477124183,0.645962732919255,0.76219512195122,0.610894941634241,0.672794117647059,0.654804270462633,0.547297297297297,0.665634674922601,"אורהגנוז"
1295,"יאנוח-ג'ת",0.566849848436276,0.604964114832536,0.579775880469584,0.539342629482072,0.578138913624221,0.57363315696649,0.571897570584373,0.456013599660008,0.395416064422878,"יאנוחגת"
1296,"כסרא-סמיע",0.60559121350024,0.678589170392449,0.747827975673328,0.65230521441514,0.703455762619866,0.322218259629101,0.609292502639916,0.624551818337033,0.322947576656775,"כסראסמיע"
1297,"כפר חנניה",0.532101616628176,0.744525547445255,0.770666666666667,0.783529411764706,0.729571984435798,0.741379310344828,0.731428571428571,0.716190476190476,0.746741154562384,"כפרחנניה"
1303,"חורה",0.737728335708812,0.291627906976744,0.378819119025305,0.511512340566507,0.292444212449432,0.450878086026979,0.514567901234568,0.408398278469233,0.490370211855339,"חורה"
1304,"שוהם",0.618807770616062,0.79045904590459,0.795211332666102,0.806381749927808,0.784958720330237,0.767970707265369,0.758625079567155,0.75364677893946,0.760378689874162,"שוהם"
1309,"אלעד",0.893687401943848,0.826210826210826,0.893748055987558,0.886079662110635,0.846476971545732,0.857708475901848,0.856377636424506,0.810386308956376,0.843641803804232,"אלעד"
1310,"לפיד",0.626092211618362,0.785394932935917,0.758555133079848,0.787589498806683,0.773657996679579,0.75896304467733,0.736987818383167,0.737896494156928,0.746756909193457,"לפיד"
1311,"אבשלום",0.384331116038433,0.65034965034965,0.658823529411765,0.692682926829268,0.6125,0.635627530364372,0.632,0.593525179856115,0.646103896103896,"אבשלום"
1313,"פוריה עילית",0.521335802582115,0.659318637274549,0.60291734197731,0.716744913928013,0.677267373380448,0.652631578947368,0.660919540229885,0.63728813559322,0.647497337593184,"פוריהעילית"
1314,"נווה זיו",0.817041059423798,0.726726726726727,0.77445652173913,0.778894472361809,0.737142857142857,0.763157894736842,0.753759398496241,0.738515901060071,0.699507389162562,"נווהזיו"
1315,"מתן",0.704150744171791,0.802281368821293,0.798212605832549,0.793747286148502,0.768341307814992,0.752969121140142,0.755659640905542,0.760531309297913,0.717571644042232,"מתן"
1316,"אל-עריאן",NA,NA,0.728971962616822,0.7,0.5,0.716535433070866,0.818897637795276,0.646153846153846,0.763358778625954,"אלעריאן"
1317,"דמיידה",0.361351139041634,0.527522935779816,0.519685039370079,0.701492537313433,0.485714285714286,0.634920634920635,0.751572327044025,0.48948948948949,0.53125,"דמיידה"
1319,"בת חפר",0.62933686439903,0.752252252252252,0.766044340723454,0.792331374195354,0.761460957178841,0.730606136193565,0.725024727992087,0.721586760769044,0.722632959694729,"בתחפר"
1320,"עין חוד",NA,0.407079646017699,0.776978417266187,0.685534591194969,0.368983957219251,0.601036269430052,0.706185567010309,0.494949494949495,0.529126213592233,"עיןחוד"
1321,"ח'ואלד",0.738461538461539,0.568527918781726,0.439655172413793,0.588,0.454918032786885,0.521384928716904,0.546,0.432748538011696,0.471014492753623,"חואלד"
1323,"בת הדר",0.568104169460569,0.653198653198653,0.68503937007874,0.755868544600939,0.77,0.798804780876494,0.79718875502008,0.772994129158513,0.796477495107632,"בתהדר"
1326,"בסמ""ה",0.400933215545847,0.517241379310345,0.555755395683453,0.66507528461256,0.397138858653398,0.560336906584992,0.672842295526435,0.377939042089985,0.456602732165034,"בסמה"
1327,"מעלה עירון",0.418307427280764,0.449254379614883,0.515693336763571,0.662738095238095,0.371369078604893,0.485004108463435,0.613177041228779,0.314254965267586,0.430698632702753,"מעלהעירון"
1330,"אחוזת ברק",0.578076248049922,0.761160714285714,0.754111198120595,0.787449392712551,0.774850299401198,0.740390301596688,0.761237594862814,0.707573244886678,0.730561555075594,"אחוזתברק"
1331,"כמאנה",0.576625880210983,0.542666666666667,0.527810650887574,0.621348314606742,0.407517309594461,0.541910331384016,0.629032258064516,0.38134810710988,0.468667255075022,"כמאנה"
1332,"חוסנייה",0.330183486238532,0.580547112462006,0.5575,0.620137299771167,0.450094161958569,0.510204081632653,0.61231884057971,0.407279029462738,0.543657331136738,"חוסנייה"
1333,"נוף איילון",0.548806513021105,0.860585197934596,0.861643835616438,0.848293299620733,0.851525821596244,0.801053247513166,0.819964349376114,0.80367734282325,0.769916765755054,"נוףאיילון"
1334,"ראס אל-עין",0.439086129681314,0.591715976331361,0.511520737327189,0.603448275862069,0.596958174904943,0.715909090909091,0.675276752767528,0.592727272727273,0.694444444444444,"ראסאלעין"
1335,"ערב אל נעים",NA,0.314814814814815,0.686217008797654,0.611825192802057,0.545638945233266,0.50887573964497,0.551257253384913,0.662337662337662,0.592400690846287,"ערבאלנעים"
1337,"שמשית",0.742561313926184,0.8208,0.823823109843081,0.821685173089484,0.747068676716918,0.733665559246955,0.737848170398689,0.713016204913748,0.691836734693878,"שמשית"
1338,"כדיתה",NA,NA,0.537634408602151,0.607476635514019,0.538461538461538,0.5,0.492063492063492,0.355072463768116,0.485507246376812,"כדיתה"
1342,"אבו קרינאת (יישוב",NA,NA,0.437037037037037,0.422077922077922,0.392265193370166,0.525270758122744,0.577854671280277,0.405797101449275,0.499288762446657,"אבוקרינאתיישוב"
1343,"מכחול",NA,NA,0.25,0.288235294117647,0.269035532994924,0.639225181598063,0.576744186046512,0.426103646833013,0.481099656357388,"מכחול"
1344,"גבעות בר",NA,0.759259259259259,0.848958333333333,0.82258064516129,0.794545454545455,0.831597222222222,0.811258278145695,0.798771121351767,0.785206258890469,"גבעותבר"
1345,"צור יצחק",NA,0.909090909090909,0.849957374254049,0.890444015444015,0.846268656716418,0.832651869158878,0.821154392948536,0.806222707423581,0.808613659531091,"צוריצחק"
1346,"תראבין א-צאנע(ישו",NA,NA,0.350649350649351,0.340909090909091,0.252204585537919,0.365853658536585,0.350936967632027,0.39870340356564,0.381538461538462,"תראביןאצאנעישו"
1347,"קצר א-סר",0.435801903256056,0.649874055415617,0.59811320754717,0.592654424040067,0.557788944723618,0.759213759213759,0.709807073954984,0.640577507598784,0.752306600425834,"קצראסר"
1348,"ביר הדאג'",NA,0.495145631067961,0.690114068441065,0.696397941680961,0.595134665508254,0.804421768707483,0.761747732893652,0.640905542544887,0.583272193690389,"בירהדאג"
1349,"דריג'את",1,0.726277372262774,0.615160349854227,0.728426395939086,0.636363636363636,0.66543438077634,0.763963963963964,0.566610455311973,0.682539682539683,"דריגאת"
1358,"אום בטין",0.502178022519931,0.498817966903073,0.499054820415879,0.483346872461414,0.336979166666667,0.555612244897959,0.575832918945798,0.485859990727863,0.541892455189662,"אוםבטין"
1359,"אל סייד",NA,0.342245989304813,0.464163822525597,0.452574525745257,0.32969696969697,0.413853317811409,0.504540295119183,0.436158798283262,0.539940828402367,"אלסייד"
1361,"בת חן",NA,0.775583482944345,0.774566473988439,0.806,0.728110599078341,0.765957446808511,0.764988009592326,0.537897310513447,0.592405063291139,"בתחן"
1363,"בני נצרים",NA,NA,0.887218045112782,0.909090909090909,0.890845070422535,0.836120401337793,0.858064516129032,0.842948717948718,0.83695652173913,"בנינצרים"
1366,"נווה",NA,NA,0.92817679558011,0.913738019169329,0.899676375404531,0.86031746031746,0.85981308411215,0.837758112094395,0.790884718498659,"נווה"
1370,"מצפה אילן",NA,NA,0.958333333333333,0.989690721649485,0.903030303030303,0.876190476190476,0.890829694323144,0.84981684981685,0.821538461538462,"מצפהאילן"
1412,"מחנה תל נוף",NA,0.612359550561798,0.742424242424242,0.82,0.727748691099476,0.625,0.754010695187166,0.731843575418994,0.70253164556962,"מחנהתלנוף"
1414,"מחנה מרים",NA,NA,0.55,0.592592592592593,0.776699029126214,0.67,0.79047619047619,0.635514018691589,0.578313253012048,"מחנהמרים"
1415,"מחנה יפה",NA,0.654639175257732,0.675675675675676,0.721311475409836,0.74537037037037,0.67741935483871,0.807881773399015,0.643478260869565,0.552995391705069,"מחנהיפה"
1416,"מחנה יוכבד",NA,0.504672897196262,0.733870967741935,0.859504132231405,0.708333333333333,0.586776859504132,0.649122807017544,0.456,0.527777777777778,"מחנהיוכבד"
1417,"מחנה עדי",NA,NA,0.712707182320442,0.68361581920904,NA,NA,NA,NA,NA,"מחנהעדי"
1418,"מחנה טלי",NA,0.722222222222222,0.604938271604938,0.658682634730539,0.685534591194969,0.515151515151515,0.619354838709677,0.42483660130719,0.525974025974026,"מחנהטלי"
1419,"ניצן ב'",NA,0.761840324763194,0.730147058823529,0.785888077858881,0.768072289156627,0.707792207792208,0.72041166380789,0.627306273062731,0.714592274678112,"ניצןב"
2002,"תנובות",0.680403919961247,0.676982591876209,0.746350364963504,0.793345008756567,0.773095623987034,0.772652388797364,0.718801996672213,0.709150326797386,0.726698262243286,"תנובות"
2003,"תלמי אלעזר",0.614794230514755,0.777292576419214,0.776515151515151,0.786618444846293,0.793375394321767,0.771822358346095,0.781626506024096,0.763081395348837,0.762043795620438,"תלמיאלעזר"
2008,"שדה יצחק",0.728781068217874,0.663522012578616,0.708791208791209,0.740437158469945,0.716455696202532,0.734848484848485,0.694789081885856,0.685446009389671,0.748878923766816,"שדהיצחק"
2009,"יובל",0.800747084548105,0.663690476190476,0.740837696335079,0.791946308724832,0.754098360655738,0.730679156908665,0.722477064220184,0.726244343891403,0.730603448275862,"יובל"
2010,"כפר בן נון",0.647621019594168,0.775773195876289,0.811494252873563,0.815845824411135,0.804971319311663,0.785984848484849,0.769944341372913,0.762867647058823,0.786496350364963,"כפרבןנון"
2011,"ינון",0.64443367295519,0.637462235649547,0.692094313453537,0.76913730255164,0.764044943820225,0.766219239373602,0.792035398230089,0.722761596548004,0.794273594909862,"ינון"
2012,"אורות",0.581801310676796,0.703170028818444,0.71072319201995,0.762470308788599,0.728110599078341,0.743119266055046,0.729977116704805,0.727482678983834,0.735891647855531,"אורות"
2013,"בן שמן (מושב)",0.786514233064796,0.73695652173913,0.786106032906764,0.808435852372584,0.782534246575342,0.762886597938144,0.788494077834179,0.785109983079526,0.765573770491803,"בןשמןמושב"
2014,"גבעולים",0.604965430546826,0.668202764976959,0.739316239316239,0.837209302325581,0.815699658703072,0.793333333333333,0.841216216216216,0.769480519480519,0.825949367088608,"גבעולים"
2015,"שדי חמד",0.674172537100956,0.760135135135135,0.786026200873362,0.81700288184438,0.810320781032078,0.799442896935933,0.772099447513812,0.762306610407876,0.751373626373626,"שדיחמד"
2016,"רוויה",0.893244739756368,0.642487046632124,0.676190476190476,0.687782805429864,0.683794466403162,0.709803921568627,0.709803921568627,0.648648648648649,0.690036900369004,"רוויה"
2018,"גבעת חיים (איחוד)",0.780821917808219,0.737974683544304,0.755172413793103,0.770345596432553,0.772679874869656,0.769709543568465,0.753086419753086,0.743434343434343,0.737051792828685,"גבעתחייםאיחוד"
2021,"אשל הנשיא",0.482226752947434,0.623655913978495,0.64367816091954,0.634408602150538,0.692982456140351,0.646551724137931,0.640350877192982,0.546296296296296,0.576576576576577,"אשלהנשיא"
2023,"להב",0.811962530712531,0.700879765395894,0.773333333333333,0.71007371007371,0.705882352941177,0.677130044843049,0.684210526315789,0.72952380952381,0.697247706422018,"להב"
2024,"אום אל-קוטוף",0.49424108383016,0.597194388777555,0.547368421052632,0.830670926517572,0.523809523809524,0.720338983050847,0.808926080892608,0.512096774193548,0.579081632653061,"אוםאלקוטוף"
2026,"ירדנה",0.493273542600897,0.596296296296296,0.600732600732601,0.692307692307692,0.719858156028369,0.72280701754386,0.747368421052632,0.725631768953069,0.777385159010601,"ירדנה"
2029,"מדרך עוז",0.808281102667924,0.67258883248731,0.681818181818182,0.765957446808511,0.70990990990991,0.724324324324324,0.734402852049911,0.712765957446808,0.712543554006969,"מדרךעוז"
2030,"מנוחה",0.642502029220779,0.655913978494624,0.672619047619048,0.781163434903047,0.78125,0.77122641509434,0.800936768149883,0.760089686098655,0.797826086956522,"מנוחה"
2033,"בית חלקיה",0.994788153780121,0.809187279151943,0.853025936599424,0.843989769820972,0.901149425287356,0.849557522123894,0.830769230769231,0.838297872340426,0.826446280991736,"ביתחלקיה"
2034,"חצור הגלילית",0.596094221652317,0.608231471452886,0.657596705397853,0.713725490196078,0.698462414578588,0.691935713269805,0.708456451385957,0.666209168267911,0.706322684133137,"חצורהגלילית"
2035,"עדנים",0.808812057290854,0.767605633802817,0.795053003533569,0.784246575342466,0.779264214046823,0.773333333333333,0.796610169491525,0.784982935153584,0.750853242320819,"עדנים"
2038,"ברקת",0.832502282334911,0.815172413793103,0.825541619156214,0.878475798146241,0.848837209302326,0.837668161434978,0.821174377224199,0.778546712802768,0.839834024896266,"ברקת"
2042,"עין גדי",0.609007605181757,0.643835616438356,0.697516930022573,0.673469387755102,0.683438155136268,0.668058455114823,0.655601659751037,0.627291242362525,0.592050209205021,"עיןגדי"
2043,"בחן",1,0.677902621722846,0.791011235955056,0.803846153846154,0.798611111111111,0.773747841105354,0.780033840947547,0.777424483306836,0.745535714285714,"בחן"
2044,"מלילות",0.545454545454545,0.674528301886792,0.809090909090909,0.786363636363636,0.789473684210526,0.77992277992278,0.796363636363636,0.736654804270463,0.824324324324324,"מלילות"
2045,"נחלה",0.74109865567152,0.663636363636364,0.752136752136752,0.85969387755102,0.819327731092437,0.812631578947368,0.820675105485232,0.791231732776618,0.826086956521739,"נחלה"
2046,"סגולה",0.881648106007209,0.714285714285714,0.763779527559055,0.814070351758794,0.811627906976744,0.762352941176471,0.769411764705882,0.754545454545455,0.789237668161435,"סגולה"
2047,"ניר משה",0.707777540368121,0.664516129032258,0.704419889502762,0.755376344086022,0.714975845410628,0.691747572815534,0.700239808153477,0.72209026128266,0.692660550458716,"נירמשה"
2048,"ניר עקיבא",0.874274156716905,0.706422018348624,0.716814159292035,0.801526717557252,0.790356394129979,0.784836065573771,0.775303643724696,0.764818355640535,0.700214132762313,"נירעקיבא"
2049,"שדה צבי",0.697790227201992,0.695067264573991,0.672185430463576,0.784313725490196,0.741626794258373,0.762237762237762,0.790588235294118,0.742388758782201,0.762443438914027,"שדהצבי"
2050,"תלמי ביל""ו",0.68656980864635,0.589147286821705,0.647058823529412,0.762237762237762,0.750741839762611,0.738372093023256,0.778711484593838,0.758426966292135,0.795640326975477,"תלמיבילו"
2051,"רווחה",0.593631007974711,0.709677419354839,0.76010101010101,0.803874092009685,0.82311320754717,0.814553990610329,0.835322195704057,0.814117647058824,0.869879518072289,"רווחה"
2052,"אביטל",0.693740226508079,0.703208556149733,0.696808510638298,0.765171503957784,0.763020833333333,0.793814432989691,0.79136690647482,0.753148614609572,0.792270531400966,"אביטל"
2053,"פרזון",0.636438651799505,0.605633802816901,0.664429530201342,0.754966887417219,0.711598746081505,0.75,0.744827586206897,0.692982456140351,0.72972972972973,"פרזון"
2054,"מיטב",0.712401055408971,0.665644171779141,0.678260869565217,0.776203966005666,0.785145888594164,0.757333333333333,0.774798927613941,0.738161559888579,0.796703296703297,"מיטב"
2055,"מאור",0.730874523204069,0.730578512396694,0.777310924369748,0.805263157894737,0.787741203178207,0.7718715393134,0.774509803921569,0.769148936170213,0.756172839506173,"מאור"
2057,"שדי תרומות",0.44285235461706,0.556962025316456,0.552469135802469,0.67741935483871,0.707988980716253,0.659340659340659,0.723577235772358,0.676630434782609,0.757105943152455,"שדיתרומות"
2059,"פעמי תש""ז",0.675276441293154,0.66023166023166,0.683168316831683,0.809090909090909,0.788203753351206,0.815789473684211,0.791666666666667,0.757105943152455,0.78974358974359,"פעמיתשז"
2060,"ברוש",1,0.668478260869565,0.778846153846154,0.754032258064516,0.778481012658228,0.767371601208459,0.795321637426901,0.705056179775281,0.762666666666667,"ברוש"
2061,"תדהר",0.958331069701744,0.579234972677596,0.717299578059072,0.775510204081633,0.760705289672544,0.740740740740741,0.73838630806846,0.724465558194774,0.747727272727273,"תדהר"
2062,"תאשור",0.786536449250087,0.715596330275229,0.676348547717842,0.721311475409836,0.722602739726027,0.697916666666667,0.657534246575342,0.663194444444444,0.72168284789644,"תאשור"
2063,"דישון",0.525255123917331,0.708904109589041,0.642857142857143,0.682274247491639,0.704081632653061,0.606779661016949,0.668918918918919,0.65359477124183,0.692307692307692,"דישון"
2064,"זרועה",0.680984323462921,0.615384615384615,0.621004566210046,0.775784753363229,0.747368421052632,0.728522336769759,0.750819672131148,0.709876543209877,0.74702380952381,"זרועה"
2100,"טירת כרמל",0.523619851528055,0.566559897501602,0.614558999936865,0.664500154750851,0.647132714363736,0.651843876177658,0.663797683561789,0.62829785066721,0.68516924192306,"טירתכרמל"
2200,"דימונה",0.46411310139696,0.475803047165829,0.530209617755857,0.607492218763895,0.601424633997924,0.602002636924064,0.622244275891401,0.563477348259577,0.635730620882684,"דימונה"
2300,"קרית טבעון",0.76336272305045,0.682988637292569,0.718130753627711,0.722905282331512,0.712496337532962,0.694167643610785,0.691571720712825,0.67143267710878,0.674511975633393,"קריתטבעון"
2400,"אור יהודה",0.570873602392199,0.576158672333536,0.62968550539631,0.712470606083592,0.695582835737863,0.699440595709999,0.700797921692336,0.667735919433047,0.72438494934877,"אוריהודה"
2500,"נשר",0.589136394078388,0.621998320738875,0.629450687952946,0.672895744901128,0.643564862104188,0.636622874019758,0.639638274224512,0.601244372502403,0.621665648544085,"נשר"
2530,"באר יעקב",0.618580592951363,0.626857932941583,0.719874476987448,0.786301116957445,0.762125150573765,0.762425447316103,0.768006294637453,0.729193341869398,0.777526727653477,"באריעקב"
2550,"גדרה",0.692822166706353,0.674769416429618,0.73578320673373,0.767922942659513,0.739994224660699,0.741499713795077,0.744383934649421,0.699283351708931,0.724318285685269,"גדרה"
2560,"ערד",0.537565693775497,0.540679051889814,0.559847608024691,0.603316510454218,0.60708639449456,0.597172487559875,0.593725307924704,0.568980688185986,0.570495723351421,"ערד"
2600,"אילת",0.371449271652516,0.404044750430293,0.430695464742885,0.490285276986523,0.454258110687023,0.451928213854647,0.448672950270142,0.413234287948392,0.430234347943202,"אילת"
2610,"בית שמש",0.642038330981857,0.616464978881086,0.645002483104096,0.675136472528767,0.653044149826232,0.659675311382997,0.664809613702288,0.616097019977243,0.661277925804468,"ביתשמש"
2620,"קרית אונו",0.781793044410601,0.699333561175666,0.742808731972575,0.770392523364486,0.754342604518397,0.745543455642644,0.741049584783433,0.730611969046734,0.732684087037573,"קריתאונו"
2630,"קרית גת",0.536849663258053,0.607027128357569,0.609444081098757,0.676369863013699,0.665827458878818,0.670426481762918,0.681066629142335,0.625818047746336,0.685137040627479,"קריתגת"
2640,"ראש העין",0.631194201698662,0.692422388744456,0.732716498596528,0.782463164112493,0.776184289426344,0.775686217506117,0.773715506828951,0.748560501890684,0.775779278912672,"ראשהעין"
2650,"רמת השרון",0.748014787001623,0.702761317123832,0.7344,0.753139606915583,0.731788527652202,0.726396294500996,0.726147084048027,0.717817833785293,0.714226007000679,"רמתהשרון"
2660,"יבנה",0.645220581412353,0.646794871794872,0.678870013361328,0.744581886817891,0.745744262691622,0.741206482593037,0.749456116823126,0.709789606806162,0.756124043325124,"יבנה"
2710,"אום אל-פחם",0.515475101137645,0.590224655769386,0.567424081545976,0.674208740901755,0.451353686635945,0.513345271595464,0.631038055501106,0.33147473208943,0.382855351825733,"אוםאלפחם"
2720,"טירה",0.543447551367395,0.618467670504872,0.58834388185654,0.725995898328258,0.596486320147709,0.672409017891763,0.724750520890449,0.470984649943841,0.622703038459548,"טירה"
2730,"טייבה",0.608977083637981,0.643899845320959,0.604838709677419,0.739501633986928,0.618292063031007,0.666177418200043,0.70941919102867,0.434015888234488,0.577131413939135,"טייבה"
2800,"קרית שמונה",0.517132453275794,0.522800938862188,0.548492791612058,0.617639047774691,0.604151832173961,0.601830538200153,0.613631382862152,0.57160008731718,0.611075234097514,"קריתשמונה"
3000,"ירושלים",0.641301544439078,0.61592666711892,0.651160921449584,0.670865639771125,0.638873586864851,0.633724645398654,0.632739650617441,0.591042941885473,0.616016199016488,"ירושלים"
3400,"חברון",NA,0.805147058823529,0.879003558718861,0.85239852398524,0.792982456140351,0.777027027027027,0.727272727272727,0.650485436893204,0.636094674556213,"חברון"
3488,"כפר עציון",1,0.795640326975477,0.817042606516291,0.800475059382423,0.771551724137931,0.787685774946921,0.780126849894292,0.774590163934426,0.780141843971631,"כפרעציון"
3555,"נתיב הגדוד",0.715167785234899,0.538461538461538,0.570422535211268,0.704697986577181,0.694805194805195,0.684210526315789,0.716738197424893,0.661016949152542,0.608888888888889,"נתיבהגדוד"
3556,"אלמוג",0.422669491525424,0.796610169491525,0.742857142857143,0.724137931034483,0.701030927835051,0.646464646464647,0.699481865284974,0.661375661375661,0.569230769230769,"אלמוג"
3557,"קדומים",0.922109636854865,0.824207492795389,0.856646394439618,0.861880772460118,0.836719049444231,0.800531914893617,0.799156765044078,0.774436090225564,0.760220994475138,"קדומים"
3558,"תומר",0.516400709219858,0.683333333333333,0.752066115702479,0.728395061728395,0.829365079365079,0.827309236947791,0.768292682926829,0.795180722891566,0.775590551181102,"תומר"
3560,"אלקנה",0.960860236322045,0.831814038286235,0.843137254901961,0.855397148676171,0.848860455817673,0.809105431309904,0.82807570977918,0.811638591117917,0.806220951018949,"אלקנה"
3561,"מגדל עוז",0.931704501731435,0.707964601769911,0.706349206349206,0.720833333333333,0.692,0.6484375,0.633204633204633,0.625468164794007,0.62781954887218,"מגדלעוז"
3563,"תקוע",0.869418522775098,0.733527131782946,0.771059782608696,0.811908736783528,0.783744557329463,0.730567477348593,0.750231696014829,0.719730941704036,0.722365038560411,"תקוע"
3564,"כוכב השחר",0.666480496028892,0.864303178484108,0.869098712446352,0.859960552268245,0.847068819031436,0.813333333333333,0.811993517017828,0.78582554517134,0.78939617083947,"כוכבהשחר"
3565,"רימונים",0.619858874897665,0.655963302752294,0.652777777777778,0.698237885462555,0.695906432748538,0.692156862745098,0.719056974459725,0.669847328244275,0.703125,"רימונים"
3566,"יפית",0.439453125,0.532786885245902,0.5078125,0.607407407407407,0.677215189873418,0.660377358490566,0.64375,0.596385542168675,0.573863636363636,"יפית"
3567,"סלעית",0.835150512569867,0.729885057471264,0.798387096774194,0.779411764705882,0.815492957746479,0.830623306233062,0.817945383615085,0.809226932668329,0.799757281553398,"סלעית"
3568,"ריחן",0.588235294117647,0.696428571428571,0.741666666666667,0.763358778625954,0.807291666666667,0.762626262626263,0.753623188405797,0.790909090909091,0.768595041322314,"ריחן"
3569,"מבוא דותן",0.506466915634508,0.556053811659193,0.576763485477178,0.637735849056604,0.698181818181818,0.685714285714286,0.724137931034483,0.667774086378738,0.731117824773414,"מבואדותן"
3570,"אריאל",0.606390665560521,0.653012048192771,0.659212688433236,0.695983086680761,0.66763655601111,0.64206008583691,0.640036973458339,0.616161616161616,0.618082618862042,"אריאל"
3571,"שבי שומרון",0.855393967399617,0.75103734439834,0.792607802874743,0.786538461538462,0.819521178637201,0.795289855072464,0.797853309481216,0.793650793650794,0.79421768707483,"שבישומרון"
3572,"כפר תפוח",0.786225870262159,0.782786885245902,0.812903225806452,0.759183673469388,0.81063122923588,0.818481848184819,0.781350482315113,0.752238805970149,0.725895316804408,"כפרתפוח"
3573,"חלמיש",0.872576177285318,0.784992784992785,0.795013850415512,0.829172141918528,0.809840425531915,0.789403973509934,0.765873015873016,0.768115942028985,0.768856447688564,"חלמיש"
3574,"בית אל",0.846192337408478,0.859069932552361,0.856866537717602,0.850467289719626,0.851416515973478,0.815805109922757,0.801190476190476,0.766019988242211,0.771909791607194,"ביתאל"
3575,"בית חורון",0.749485903814262,0.842560553633218,0.871641791044776,0.858356940509915,0.835616438356164,0.824754901960784,0.834140435835351,0.805330243337196,0.81038374717833,"ביתחורון"
3576,"מצפה יריחו",0.72557000448415,0.804031354983203,0.849813432835821,0.84819897084048,0.815251572327044,0.793427230046948,0.793470007593014,0.767631774313289,0.769835596854896,"מצפהיריחו"
3578,"שדמות מחולה",0.609026297085999,0.828571428571429,0.644021739130435,0.819314641744548,0.857894736842105,0.839285714285714,0.79539641943734,0.75417661097852,0.778032036613272,"שדמותמחולה"
3579,"אלון מורה",0.805923174160927,0.786163522012579,0.815819209039548,0.830752212389381,0.800218340611354,0.787648970747562,0.774891774891775,0.755274261603376,0.741503604531411,"אלוןמורה"
3598,"ארגמן",0.481927710843373,0.60431654676259,0.634328358208955,0.676923076923077,0.6484375,0.6640625,0.693548387096774,0.663934426229508,0.628099173553719,"ארגמן"
3599,"מחולה",0.73956416139307,0.763358778625954,0.84070796460177,0.822335025380711,0.857438016528926,0.784431137724551,0.755162241887906,0.763380281690141,0.732824427480916,"מחולה"
3601,"קליה",0.650694532942526,0.634361233480176,0.742372881355932,0.772727272727273,0.75,0.706070287539936,0.69811320754717,0.676923076923077,0.699115044247788,"קליה"
3602,"ראש צורים",0.907978739809398,0.859477124183007,0.896788990825688,0.893709327548807,0.882231404958678,0.845679012345679,0.841463414634146,0.825147347740668,0.80633147113594,"ראשצורים"
3603,"הר גילה",0.964385319053994,0.75,0.868284228769497,0.803240740740741,0.787255909558068,0.780439121756487,0.773453093812375,0.728164867517174,0.735599622285175,"הרגילה"
3604,"אלון שבות",0.749624425486494,0.827370812038614,0.827055702917772,0.827775012444002,0.802213001383126,0.753782668500688,0.75654570509876,0.74675033617212,0.73753280839895,"אלוןשבות"
3605,"משואה",0.638532688669329,0.632352941176471,0.723880597014925,0.734848484848485,0.673333333333333,0.633333333333333,0.67741935483871,0.700636942675159,0.745283018867924,"משואה"
3606,"גלגל",0.584901841732443,0.581818181818182,0.573770491803279,0.621212121212121,0.585034013605442,0.585526315789474,0.587096774193548,0.54320987654321,0.594936708860759,"גלגל"
3607,"ייט""ב",0.691729323308271,0.760330578512397,0.789473684210526,0.821428571428571,0.803921568627451,0.77511961722488,0.780487804878049,0.686440677966102,0.688888888888889,"ייטב"
3608,"מעלה אפרים",0.436763501947456,0.490909090909091,0.507640067911715,0.55793991416309,0.556338028169014,0.516444444444444,0.532490974729242,0.50990990990991,0.542168674698795,"מעלהאפרים"
3609,"חמרה",0.533333333333333,0.598425196850394,0.64,0.704545454545455,0.718518518518519,0.647058823529412,0.66412213740458,0.639705882352941,0.702702702702703,"חמרה"
3610,"מצפה שלם",0.50642725974291,0.716535433070866,0.724137931034483,0.728476821192053,0.722543352601156,0.757446808510638,0.745019920318725,0.723484848484849,0.720754716981132,"מצפהשלם"
3611,"קרית ארבע",0.631877574973651,0.674038703191757,0.726157407407407,0.743544078361532,0.734481292517007,0.712986463620981,0.694879390605163,0.637166281269708,0.662800162800163,"קריתארבע"
3612,"בקעות",0.588375701157656,0.65034965034965,0.755102040816326,0.809859154929577,0.830882352941177,0.776978417266187,0.742857142857143,0.701388888888889,0.717241379310345,"בקעות"
3613,"גיתית",0.895405450780682,0.729032258064516,0.730538922155689,0.802139037433155,0.796680497925311,0.801652892561983,0.809128630705394,0.772357723577236,0.754940711462451,"גיתית"
3614,"מכורה",0.811594202898551,0.654867256637168,0.726415094339623,0.704347826086957,0.699248120300752,0.711111111111111,0.711111111111111,0.661870503597122,0.664335664335664,"מכורה"
3615,"פצאל",0.670060080106809,0.654708520179372,0.700892857142857,0.782222222222222,0.847826086956522,0.819327731092437,0.782426778242678,0.766393442622951,0.776951672862453,"פצאל"
3616,"מעלה אדומים",0.590155336455719,0.663511490710575,0.710747353205454,0.749148227189337,0.731204425446316,0.702088782200566,0.712420166268241,0.673669966526601,0.700376661218108,"מעלהאדומים"
3617,"עופרה",0.943176104646673,0.838513513513514,0.847579199043634,0.833333333333333,0.80203317281969,0.769026077700905,0.754756871035941,0.751914241960184,0.731129748396645,"עופרה"
3618,"אלעזר",0.807164525761957,0.862068965517241,0.853806228373702,0.846447669977082,0.807718814610613,0.779220779220779,0.788147138964578,0.756902356902357,0.735779816513761,"אלעזר"
3619,"רועי",0.917410714285714,0.742857142857143,0.794285714285714,0.810526315789474,0.767441860465116,0.691729323308271,0.656488549618321,0.583333333333333,0.666666666666667,"רועי"
3620,"נירן",0.712669683257919,0.781818181818182,0.735294117647059,0.763888888888889,0.791666666666667,NA,NA,NA,NA,"נירן"
3637,"מעלה שומרון",0.990116617078759,0.736585365853659,0.762183235867446,0.81305114638448,0.792580101180438,0.765811965811966,0.755244755244755,NA,NA,"מעלהשומרון"
3638,"כפר אדומים",0.850723584851555,0.809134287661895,0.823204419889503,0.815227934044617,0.792467948717949,0.757323832145685,0.756511444356748,0.751905487804878,0.716182274847506,"כפראדומים"
3639,"ורד יריחו",0.664717348927875,0.677018633540373,0.830409356725146,0.786127167630058,0.783185840707965,0.780172413793103,0.794117647058823,0.752941176470588,0.745318352059925,"ורדיריחו"
3640,"קרני שומרון",0.665821281133003,0.731718061674009,0.744329022683909,0.775698969939037,0.771498310176493,0.75130014858841,0.755276564774381,0.725599111252182,0.735457920792079,"קרנישומרון"
3641,"שילה",0.835799217684284,0.788215200683177,0.823148813803019,0.842985842985843,0.825769431403234,0.802583979328165,0.796146044624746,0.759610930986568,0.784417884019478,"שילה"
3643,"חיננית",0.63802964005871,0.809744779582367,0.82078853046595,0.8096,0.782383419689119,0.752910737386805,0.777777777777778,0.76094674556213,0.759423503325942,"חיננית"
3644,"גבעון החדשה",0.576589653642998,0.711805555555556,0.734989648033126,0.738791423001949,0.70935960591133,0.692534381139489,0.706467661691542,0.693612774451098,0.678496868475992,"גבעוןהחדשה"
3645,"בית הערבה",1,0.72,0.901960784313726,0.854838709677419,0.868965517241379,0.823529411764706,0.811428571428571,0.813725490196078,0.857740585774059,"ביתהערבה"
3647,"יקיר",0.924400449025411,0.830985915492958,0.882016036655212,0.864016736401674,0.881856540084388,0.832917705735661,0.84971098265896,0.82642689601251,0.796376811594203,"יקיר"
3648,"מתתיהו",0.207520810091822,0.813953488372093,0.692579505300353,0.659824046920821,0.751091703056769,0.739316239316239,0.73780487804878,0.708249496981891,0.72552783109405,"מתתיהו"
3649,"שקד",0.722767823319948,0.743654822335025,0.754716981132076,0.773255813953488,0.740740740740741,0.717948717948718,0.71280276816609,0.741407528641571,0.729970326409496,"שקד"
3650,"אפרת",NA,0.775771103896104,0.78281750266809,0.781015678254942,0.789526686807654,0.751238149143908,0.753816531426214,0.743660491394035,0.729767149150409,"אפרת"
3651,"מעלה מכמש",0.779593932167462,0.839869281045752,0.877840909090909,0.873239436619718,0.806486486486486,0.786096256684492,0.783246073298429,0.775672981056829,0.776951672862453,"מעלהמכמש"
3652,"בית אריה",0.6687930117079,0.734472696957065,0.749555318392031,0.788124594419208,0.747556548450154,0.730193905817174,0.728874208642995,0.705035971223022,0.708890030832477,"ביתאריה"
3653,"מעלה עמוס",0.464979480164159,0.635294117647059,0.724299065420561,0.708695652173913,0.759375,0.736070381231672,0.766483516483517,0.750656167979003,0.756380510440835,"מעלהעמוס"
3654,"ברקן",0.697522989219985,0.737513283740701,0.72744014732965,0.761016949152542,0.745318352059925,0.712618526622903,0.724837074583635,0.694736842105263,0.700198544010589,"ברקן"
3655,"ניל""י",0.750423250564334,0.787234042553192,0.7625,0.806490384615385,0.775022956841139,0.761517615176152,0.74070796460177,0.747068676716918,0.735676088617265,"נילי"
3656,"כרמל",0.80022132309714,0.837606837606838,0.8559670781893,0.813688212927757,0.859848484848485,0.775665399239544,0.815094339622642,0.819494584837545,0.746527777777778,"כרמל"
3657,"מעון",0.683502034853386,0.786458333333333,0.720338983050847,0.787644787644788,0.800675675675676,0.735785953177257,0.714285714285714,0.686666666666667,0.747540983606557,"מעון"
3658,"עטרת",1,0.881057268722467,0.848605577689243,0.874551971326165,0.867796610169492,0.855704697986577,0.792642140468227,0.823151125401929,0.807339449541284,"עטרת"
3659,"פסגות",0.938044363810377,0.868544600938967,0.885682574916759,0.865203761755486,0.858,0.829787234042553,0.847236180904523,0.810526315789474,0.79647577092511,"פסגות"
3660,"עמנואל",0.617823816716974,0.66388557806913,0.738122171945701,0.728414442700157,0.726849697533737,0.732362312243969,0.73374613003096,0.672979797979798,0.75808336579665,"עמנואל"
3709,"מבוא חורון",1,0.913705583756345,0.899038461538462,0.914012738853503,0.902193784277879,0.888288288288288,0.886443661971831,0.857737104825291,0.85410094637224,"מבואחורון"
3710,"ברכה",0.921188533935802,0.781944444444444,0.80634201585504,0.858342077649528,0.886466848319709,0.86613475177305,0.86414445399828,0.846963562753036,0.852298417483044,"ברכה"
3712,"ענב",0.732646258887714,0.767955801104972,0.824884792626728,0.839160839160839,0.844897959183673,0.842,0.849504950495049,0.83752417794971,0.819642857142857,"ענב"
3713,"נעמ""ה",NA,0.642105263157895,0.644067796610169,0.611111111111111,0.710144927536232,0.573426573426573,0.606896551724138,0.621621621621622,0.64327485380117,"נעמה"
3715,"עלמון",0.634743474347435,0.742115027829313,0.768308921438083,0.775757575757576,0.770767613038906,0.753326509723644,0.749746707193516,0.724070450097847,0.751205400192864,"עלמון"
3717,"חרמש",0.421049247781921,0.571428571428571,0.605882352941176,0.674033149171271,0.691176470588235,0.689655172413793,0.63768115942029,0.617924528301887,0.647887323943662,"חרמש"
3719,"תלם",0.837391882900865,0.766666666666667,0.753968253968254,0.746268656716418,0.928571428571429,1.04245283018868,0.8,0.725581395348837,0.78695652173913,"תלם"
3720,"שערי תקווה",0.784405440868026,0.765198398252639,0.778086419753086,0.807812057741296,0.781540847983454,0.747433264887064,0.753260035796471,0.75240263024785,NA,"שעריתקווה"
3722,"אשכולות",0.821802935010482,0.80327868852459,0.801242236024845,0.783018867924528,0.780979827089337,0.719879518072289,0.739644970414201,0.734806629834254,0.759358288770054,"אשכולות"
3723,"פני חבר",0.679698259671967,0.81203007518797,0.834355828220859,0.864583333333333,0.849765258215962,0.783783783783784,0.764192139737991,0.795180722891566,0.790262172284644,"פניחבר"
3725,"נווה דניאל",0.667030473909463,0.829605963791267,0.835772357723577,0.815063385533184,0.775737704918033,0.750323415265201,0.754385964912281,0.740458015267176,0.705738705738706,"נווהדניאל"
3726,"נוקדים",0.886424735578653,0.723282442748092,0.780051150895141,0.824295010845987,0.769569041336851,0.740740740740741,0.743912678421495,0.732350659425912,0.718684394681596,"נוקדים"
3727,"עלי זהב",0.760545028237368,0.747228381374723,0.707808564231738,0.809741248097412,0.845353159851301,0.834231805929919,0.84223602484472,0.85,0.835603112840467,"עליזהב"
3730,"גבעת זאב",0.708560849026817,0.693462090565053,0.746714070243482,0.776931447225245,0.764062636689703,0.763709046667246,0.765325505094112,0.73434742415329,0.769285657654801,"גבעתזאב"
3743,"טנא",0.537747484582928,0.722666666666667,0.735023041474654,0.765822784810127,0.769539078156313,0.750980392156863,0.75390625,0.748582230623819,0.770794824399261,"טנא"
3744,"ברוכין",NA,NA,0.922077922077922,0.860869565217391,0.901639344262295,0.88558352402746,0.877777777777778,0.844919786096257,0.833693304535637,"ברוכין"
3745,"מצדות יהודה",0.656793498898762,0.845833333333333,0.865900383141762,0.873684210526316,0.821428571428571,0.767515923566879,0.768996960486322,0.778761061946903,0.756813417190776,"מצדותיהודה"
3746,"קרית נטפים",0.928943937418514,0.810408921933085,0.849358974358974,0.869318181818182,0.841463414634146,0.867469879518072,0.861904761904762,0.836829836829837,0.820675105485232,"קריתנטפים"
3747,"דולב",0.701541274817137,0.834162520729685,0.841954022988506,0.842758620689655,0.843788437884379,0.8125,0.797453703703704,0.782559456398641,0.768805309734513,"דולב"
3748,"עתניאל",0.875674700307538,0.808259587020649,0.854700854700855,0.856777493606138,0.822222222222222,0.770925110132159,0.752173913043478,0.751072961373391,0.69061876247505,"עתניאל"
3749,"יצהר",0.84112927191679,0.718905472636816,0.782,0.831168831168831,0.81638846737481,0.807228915662651,0.773391812865497,0.76797829036635,0.77710843373494,"יצהר"
3750,"אלפי מנשה",0.679386645570341,0.739911261356434,0.767924528301887,0.791837495341036,0.75871125897391,0.741388263804743,0.737628865979381,0.733994286674509,0.735083928868207,"אלפימנשה"
3751,"מגדלים",0.536759015632255,0.56043956043956,0.621621621621622,0.694029850746269,0.765486725663717,0.733624454148472,0.736842105263158,0.747252747252747,0.760942760942761,"מגדלים"
3752,"מעלה לבונה",0.864110939660528,0.729032258064516,0.754335260115607,0.81058495821727,0.827160493827161,0.794258373205742,0.786542923433875,0.774941995359629,0.761388286334056,"מעלהלבונה"
3754,"אספר",0.946403916154136,0.582781456953642,0.768888888888889,0.754032258064516,0.761627906976744,0.749326145552561,0.75,0.71356783919598,0.756989247311828,"אספר"
3756,"סוסיה",0.695457667917544,0.76566757493188,0.799163179916318,0.817142857142857,0.83030303030303,0.762406015037594,0.781899109792285,0.721590909090909,0.764102564102564,"סוסיה"
3759,"אדורה",0.611570247933884,0.664516129032258,0.804469273743017,0.8,0.795918367346939,0.772357723577236,0.776422764227642,0.75,0.787878787878788,"אדורה"
3760,"אורנית",0.691376607239363,0.751187084520418,0.792038027332145,0.818980667838313,0.798826886493342,0.767910565265313,0.768883351502881,0.76020878108689,0.753262158956109,"אורנית"
3762,"איתמר",0.878415502318849,0.749303621169916,0.770419426048565,0.820618556701031,0.783595113438045,0.763986013986014,0.746621621621622,0.705691056910569,0.727810650887574,"איתמר"
3763,"גבע בנימין",0.581836493737602,0.717635564240352,0.724027276373847,0.795479402114473,0.741335044929397,0.746376811594203,0.744582043343653,0.669163919688343,0.729391699829449,"גבעבנימין"
3764,"חגי",0.739942884497928,0.863829787234043,0.84251968503937,0.87890625,0.833333333333333,0.798165137614679,0.782089552238806,0.81058495821727,0.729166666666667,"חגי"
3765,"עלי",0.849086242702994,0.750882145377558,0.803623611922852,0.804736842105263,0.794299287410926,0.763500931098696,0.769730733519034,0.751788908765653,0.729076790336497,"עלי"
3766,"כרמי צור",0.769955300127714,0.848765432098765,0.866817155756208,0.897920604914934,0.836431226765799,0.822018348623853,0.799638989169675,0.777183600713013,0.742268041237113,"כרמיצור"
3767,"נחליאל",0.748803347760039,0.742105263157895,0.776892430278884,0.850694444444444,0.781818181818182,0.784848484848485,0.759036144578313,0.720116618075802,0.76878612716763,"נחליאל"
3768,"פדואל",0.780080951796885,0.853974121996303,0.895136778115502,0.869455006337136,0.876470588235294,0.852132701421801,0.854395604395604,0.828571428571429,0.828936170212766,"פדואל"
3769,"הר אדר",0.743822082694086,0.794607843137255,0.792682926829268,0.800224887556222,0.79020979020979,0.7681592039801,0.760948304247613,0.767052767052767,0.743153918791313,"הראדר"
3770,"חשמונאים",0.635017823568328,0.78864168618267,0.824358329139406,0.795703839122486,0.781344902386117,0.760973489787049,0.748804867448935,0.734065934065934,0.733511586452763,"חשמונאים"
3778,"עץ אפרים",0.875694931721272,0.77639751552795,0.795341098169717,0.845026178010471,0.816640986132512,0.805429864253394,0.790560471976401,0.777537796976242,NA,"עץאפרים"
3779,"כוכב יעקב",0.7744405160445,0.768093974990527,0.813654353562005,0.832562442183164,0.812484700122399,0.819539957315627,0.816647398843931,0.773052722933391,0.807192807192807,"כוכביעקב"
3780,"ביתר עילית",0.721280776219304,0.757354635532683,0.848194369084223,0.844108255247867,0.807962813257882,0.826993574835429,0.8202890751134,0.773176113140666,0.813391090797462,"ביתרעילית"
3781,"קדר",0.562476641335493,0.721491228070175,0.737822349570201,0.802919708029197,0.741090146750524,0.733195449844881,0.723552894211577,0.672447013487476,0.696494464944649,"קדר"
3784,"שמעה",0.572794515605268,0.635922330097087,0.589211618257261,0.703947368421053,0.752941176470588,0.745283018867924,0.739819004524887,0.734065934065934,0.762886597938144,"שמעה"
3787,"נעלה",0.90381679389313,0.730192719486081,0.795031055900621,0.807643312101911,0.770740410347904,0.744328097731239,0.766062602965404,0.733090909090909,0.747098350641417,"נעלה"
3788,"טלמון",0.769131396527895,0.928974069898534,0.891371340523883,0.884265279583875,0.869135802469136,0.832526621490803,0.829678021465236,0.802774165583008,0.805640243902439,"טלמון"
3790,"נופים",0.618296529968454,0.637223974763407,0.695652173913043,0.731764705882353,0.76056338028169,0.743137254901961,0.752362948960302,0.716049382716049,0.737421383647799,"נופים"
3791,"צופים",0.596721047978783,0.756493506493506,0.795353982300885,0.840579710144927,0.808750882145378,0.786953504510756,0.797091412742382,0.759647935003385,0.766200762388818,"צופים"
3793,"אבני חפץ",0.660442950957134,0.880392156862745,0.839634941329857,0.860655737704918,0.809254013220019,0.800925925925926,0.796747967479675,0.739130434782609,0.772459499263623,"אבניחפץ"
3794,"בת עין",0.525849684493826,0.680365296803653,0.730708661417323,0.746799431009957,0.763807285546416,0.697674418604651,0.725146198830409,0.58659217877095,0.625,"בתעין"
3795,"רבבה",0.820759392233153,0.9453125,0.929712460063898,0.909783989834816,0.878787878787879,0.853913043478261,0.859060402684564,0.852359208523592,0.821551132463967,"רבבה"
3796,"כפר האורנים",0.847032736299371,0.833800186741363,0.832288401253918,0.812960235640648,0.764965343415249,0.738643434971997,0.725816389402341,0.745249406175772,0.731030577576444,"כפרהאורנים"
3797,"מודיעין עילית",0.885432008772602,0.869634543019325,0.906914512352463,0.892600620510859,0.844741480611046,0.845064883995281,0.83438672037783,0.810207023060797,0.820332189597061,"מודיעיןעילית"
4000,"חיפה",0.574189565761282,0.580387588329833,0.586025279440413,0.622006461849602,0.587438373960124,0.582886108540854,0.582821569782115,0.5511105775003,0.55528796803689,"חיפה"
4001,"בוקעאתא",0.30514192982828,0.28158844765343,0.027190332326284,0.046831955922865,0.142581888246628,0.148014440433213,0.134038800705467,0.154621848739496,0.253671562082777,"בוקעאתא"
4002,"אלי-עד",0.603841764929631,0.646288209606987,0.719665271966527,0.696153846153846,0.763513513513513,0.718120805369127,0.723127035830619,0.713826366559486,0.739393939393939,"אליעד"
4003,"אל-רום",0.647458061211423,0.668,0.652631578947368,0.699324324324324,0.760606060606061,0.731927710843373,0.73469387755102,0.727019498607242,0.710594315245478,"אלרום"
4004,"כפר חרוב",0.492170022371365,0.638376383763838,0.560402684563758,0.650602409638554,0.641160949868074,0.623376623376623,0.59,0.612345679012346,0.627634660421546,"כפרחרוב"
4005,"חספין",0.751683123877917,0.798922800718133,0.819595645412131,0.819345661450925,0.789013732833958,0.763769889840881,0.759168704156479,0.735547355473555,0.723905723905724,"חספין"
4006,"קשת",0.954705778917862,0.731988472622478,0.786096256684492,0.788918205804749,0.787735849056604,0.752403846153846,0.725995316159251,0.731764705882353,0.744343891402715,"קשת"
4007,"יונתן",0.898395721925134,0.800904977375566,0.793233082706767,0.790540540540541,0.815126050420168,0.798365122615804,0.793814432989691,0.746376811594203,0.721238938053097,"יונתן"
4008,"מעלה גמלא",0.587875517179349,0.6,0.743119266055046,0.752238805970149,0.8,0.764857881136951,0.741206030150754,0.770992366412214,0.762019230769231,"מעלהגמלא"
4009,"שעל",0.691853102574926,0.751295336787565,0.703883495145631,0.785388127853881,0.7981220657277,0.766666666666667,0.761467889908257,0.745535714285714,0.759493670886076,"שעל"
4010,"אודם",0.475108448667631,0.69047619047619,0.670212765957447,0.784313725490196,0.778761061946903,0.809917355371901,0.735537190082645,0.778688524590164,0.744360902255639,"אודם"
4011,"אבני איתן",0.721217527640364,0.717314487632509,0.768361581920904,0.778688524590164,0.815189873417722,0.766917293233083,0.77363184079602,0.725728155339806,0.714285714285714,"אבניאיתן"
4012,"אניעם",0.538493980522966,0.7491961414791,0.687830687830688,0.717557251908397,0.703448275862069,0.614155251141553,0.61123595505618,0.638009049773756,0.591011235955056,"אניעם"
4013,"אורטל",0.717254853057322,0.689265536723164,0.717171717171717,0.727678571428571,0.778225806451613,0.728744939271255,0.713709677419355,0.74609375,0.654275092936803,"אורטל"
4014,"נטור",NA,NA,0.796052631578947,0.793650793650794,0.803418803418803,0.752066115702479,0.752,0.762962962962963,0.730769230769231,"נטור"
4015,"בני יהודה",0.543481259742589,0.617801047120419,0.665492957746479,0.716262975778547,0.672278338945006,0.665914221218962,0.666293393057111,0.621592148309706,0.628877005347594,"בנייהודה"
4017,"אלוני הבשן",0.638135729183379,0.797202797202797,0.833333333333333,0.847826086956522,0.732718894009217,0.744394618834081,0.687782805429864,0.708920187793427,0.683544303797468,"אלוניהבשן"
4021,"גבעת יואב",0.78770597119221,0.673366834170854,0.742014742014742,0.794930875576037,0.756929637526652,0.72258064516129,0.70276008492569,0.698770491803279,0.719512195121951,"גבעתיואב"
4022,"גשור",0.673908111174135,0.707317073170732,0.7,0.707692307692308,0.708520179372197,0.689189189189189,0.695454545454545,0.677130044843049,0.640167364016736,"גשור"
4024,"קלע",NA,0.540540540540541,0.485074626865672,0.608974358974359,0.599056603773585,0.654205607476635,0.645454545454546,0.614406779661017,0.637873754152824,"קלע"
4025,"קדמת צבי",0.485175202156334,0.645522388059702,0.656765676567657,0.725490196078431,0.779569892473118,0.702631578947368,0.721938775510204,0.733990147783251,0.682134570765661,"קדמתצבי"
4026,"חד-נס",0.553941908713693,0.692307692307692,0.682692307692308,0.729166666666667,0.631746031746032,0.567610062893082,0.593457943925234,0.599704579025111,0.574585635359116,"חדנס"
4028,"כנף",0.576277740184773,0.804469273743017,0.753303964757709,0.749019607843137,0.786163522012579,0.728971962616822,0.69969040247678,0.708333333333333,0.625714285714286,"כנף"
4100,"קצרין",0.527068116731975,0.564609360432594,0.572111130773314,0.616397989252903,0.59023178807947,0.573033707865168,0.570526315789474,0.544604658532721,0.545454545454545,"קצרין"
4101,"מרום גולן",0.696465654549487,0.650943396226415,0.732919254658385,0.708582834331337,0.703374777975133,0.726148409893993,0.704861111111111,0.730569948186529,0.686468646864686,"מרוםגולן"
4201,"מג'דל שמס",0.215576694541891,0.208762886597938,0.203960396039604,0.196551724137931,0.173533083645443,0.201845444059977,0.182222222222222,0.175675675675676,0.233931240657698,"מגדלשמס"
4203,"מסעדה",0.282641189936134,0.541666666666667,0.190751445086705,0.119815668202765,0.217791411042945,0.248554913294798,0.22316384180791,0.194148936170213,0.225596529284165,"מסעדה"
4204,"מבוא חמה",0.488541237820777,0.605421686746988,0.634005763688761,0.701449275362319,0.70573566084788,0.685,0.661691542288557,0.687041564792176,0.655256723716381,"מבואחמה"
4301,"אפיק",0.635290697674419,0.616666666666667,0.670454545454545,0.69551282051282,0.709163346613546,0.678714859437751,0.67953667953668,0.69140625,0.711111111111111,"אפיק"
4303,"נווה אטי""ב",0.42664851784634,0.664473684210526,0.73469387755102,0.714285714285714,0.672727272727273,0.603658536585366,0.601226993865031,0.6,0.533333333333333,"נווהאטיב"
4304,"נוב",1,0.793969849246231,0.797727272727273,0.852348993288591,0.837448559670782,0.801204819277108,0.777335984095427,0.767225325884544,0.726480836236934,"נוב"
4501,"ע'ג'ר",0.269447340980188,0.226320201173512,0.559124087591241,0.469387755102041,0.367947178871549,0.368109069353883,0.396602226127709,0.483797612279704,0.300976138828633,"עגר"
4503,"עין זיוון",0.641192836028517,0.61025641025641,0.694835680751174,0.651260504201681,0.6875,0.672794117647059,0.665480427046263,0.691525423728814,0.6875,"עיןזיוון"
4551,"נאות גולן",0.688890874966485,0.605769230769231,0.653731343283582,0.715083798882682,0.712895377128954,0.721153846153846,0.683215130023641,0.691588785046729,0.683544303797468,"נאותגולן"
4701,"רמת מגשימים",0.917333333333333,0.8,0.822055137844611,0.842857142857143,0.811363636363636,0.781818181818182,0.776765375854214,0.758620689655172,0.737603305785124,"רמתמגשימים"
4702,"רמות",0.699713404100219,0.711491442542787,0.782608695652174,0.77326968973747,0.797701149425287,0.773972602739726,0.769406392694064,0.757505773672055,0.756521739130435,"רמות"
5000,"תל אביב - יפו",0.593143934587085,0.589572645120967,0.626411322037683,0.652566829805275,0.630385226947594,0.621385717905268,0.617482865354853,0.599913933054489,0.596182547768424,"תלאביביפו"
6000,"באקה אל-גרביה",NA,0.49751345808767,0.4326171875,0.615112736136502,0.428816742688489,0.578660312417262,0.618923565883395,0.313345150671056,0.475463837620501,"באקהאלגרביה"
6100,"בני ברק",0.734401708343295,0.724470833522186,0.779281651025697,0.800317895963116,0.772495412844037,0.77267399067688,0.770360324759304,0.739067611052506,0.76526568961639,"בניברק"
6200,"בת ים",0.496722098355573,0.506418149480512,0.522732022571259,0.557955415810054,0.523343701149055,0.520109953703704,0.522628756742872,0.485813428018076,0.507583652659088,"בתים"
6300,"גבעתיים",0.725991543661606,0.678368208516887,0.716235885673959,0.735385822994571,0.716116988176727,0.707160728686338,0.700245244523216,0.692908049045986,0.689730649966559,"גבעתיים"
6400,"הרצליה",0.658275640063978,0.644177783736676,0.671953725151479,0.698740228696944,0.678102739472352,0.664624696450145,0.663522543603599,0.653221029687019,0.656389151261638,"הרצליה"
6500,"חדרה",0.534793670795616,0.561766445627471,0.577455640518438,0.648789224817309,0.628321276004814,0.622931177500691,0.630254186368505,0.590772278246553,0.627481563743901,"חדרה"
6600,"חולון",0.60881417836596,0.59186836931212,0.614111991871243,0.667369783241669,0.643719722635595,0.639427961956693,0.639331365527311,0.610401677527907,0.640826873385013,"חולון"
6700,"טבריה",0.488095039360126,0.506363466217481,0.541417075089248,0.610249050736987,0.593181752687242,0.598828360566292,0.606115056615613,0.556808252769244,0.617377799574955,"טבריה"
6800,"קרית אתא",0.579887519732362,0.603841479398518,0.609739321824059,0.669652630403217,0.657375268840101,0.652896415778206,0.661316550864818,0.617795328516216,0.649707626420688,"קריתאתא"
6900,"כפר סבא",0.684002539326039,0.67880504613947,0.716771280695959,0.749124930915599,0.732085361287907,0.720709073505464,0.722084674424362,0.699081031806647,0.698851193461957,"כפרסבא"
7000,"לוד",0.546224380825424,0.553871024978806,0.556633369902034,0.615829712963139,0.561390074025453,0.586479924626757,0.620921012503812,0.531660359590534,0.606829914413803,"לוד"
7100,"אשקלון",0.531920301729106,0.564895373220899,0.568846549948507,0.637563501367722,0.622792737494774,0.625588821650994,0.633835184327569,0.585695494054835,0.619019408240575,"אשקלון"
7200,"נס ציונה",0.748573117268174,0.696545727610466,0.748385528782723,0.786145069274654,0.76515693996897,0.756585973656105,0.756261814744801,0.741597619325476,0.747029888099416,"נסציונה"
7300,"נצרת",0.535105142545222,0.478433706766438,0.550539571867839,0.6140855124737,0.398309987552813,0.557527827616841,0.603372751354814,0.390330007674597,0.482854214620541,"נצרת"
7400,"נתניה",0.551622259724097,0.551214185360527,0.584772390060222,0.631907361142356,0.603258138443272,0.592254502719397,0.598002307529806,0.564959093096626,0.582860362667759,"נתניה"
7500,"סח'נין",0.681445493698319,0.822411237837489,0.762990910649974,0.816806993081997,0.813835101574766,0.721009383964603,0.792452830188679,0.702542714919952,0.684147024604645,"סחנין"
7600,"עכו",0.541602767698143,0.585606021549724,0.559500839451725,0.645268099827032,0.583253174297807,0.615802055940712,0.63143612083125,0.526927363703194,0.588874251773787,"עכו"
7700,"עפולה",0.516234073759624,0.55930746561886,0.572170361726954,0.650685507612078,0.647204599524187,0.63951135061325,0.632336390412107,0.593040394270186,0.632701111837803,"עפולה"
7800,"פרדס חנה-כרכור",0.598825030721779,0.613280562884784,0.653325951119196,0.716183257663878,0.721679720046659,0.709680622207513,0.7145287401446,0.691697446603501,0.694480022492268,"פרדסחנהכרכור"
7900,"פתח תקווה",0.640823860514501,0.643141612816198,0.665426363938001,0.708322292196406,0.694864159988174,0.688483431698343,0.688533047085062,0.660894400988061,0.678047670803529,"פתחתקווה"
8000,"צפת",0.580754197896648,0.553836790586803,0.60921347244057,0.64964964964965,0.611212042564236,0.612222078871543,0.625925295669191,0.560110896412669,0.602534371376512,"צפת"
8200,"קרית מוצקין",0.587734817511343,0.641117415975556,0.636540720158125,0.690252768619494,0.668890203884017,0.656208455198086,0.653721597640926,0.619109217267793,0.6334716796875,"קריתמוצקין"
8300,"ראשון לציון",0.605891532718316,0.640311992697578,0.662281022852063,0.709325467702263,0.677324602706039,0.668069470332401,0.668911021165197,0.644204658112904,0.661979277301801,"ראשוןלציון"
8400,"רחובות",0.67223314954059,0.639314124896449,0.669871589428028,0.711953204476094,0.694180853374123,0.689729648514898,0.692484784087838,0.667775822241778,0.688688473100911,"רחובות"
8500,"רמלה",0.528390249265949,0.540502822387469,0.562124408007323,0.646821028658189,0.588776765046296,0.615064270132867,0.640393734732002,0.562528808991951,0.638290085913947,"רמלה"
8600,"רמת גן",0.671085514260219,0.634554921145962,0.662580608156275,0.693483149703118,0.671222323230767,0.663088457603567,0.66010215365173,0.647581760913721,0.652324619754773,"רמתגן"
8700,"רעננה",0.609782517544186,0.677014711403898,0.689074650725193,0.707483216519213,0.684805959538198,0.67084418569021,0.673722949647946,0.666840801217947,0.666054097513352,"רעננה"
8800,"שפרעם",0.555611492076836,0.48655030325478,0.54090626939789,0.591804938848641,0.474150353214072,0.592187119869322,0.659340659340659,0.448252733248373,0.514655870445344,"שפרעם"
8900,"טמרה",0.59402171554231,0.582313007637289,0.703381590319793,0.806705716016966,0.585255113508654,0.724220411055989,0.802325581395349,0.523726655348048,0.635146716728564,"טמרה"
9000,"באר שבע",0.517551822281995,0.534463680893843,0.567434994742102,0.628637616786644,0.613373732116413,0.602911053214597,0.617720784352465,0.565602098090639,0.613144092079064,"בארשבע"
9100,"נהריה",0.546005465729602,0.594856622667274,0.608380426687694,0.658843109223974,0.629325372177363,0.615213505461768,0.62716723281431,0.592360724367715,0.608012925244164,"נהריה"
9200,"בית שאן",0.528247047433831,0.562480352090538,0.633481772209223,0.702508960573477,0.698589562764457,0.694586455634148,0.707062264939407,0.651599972354689,0.706602624813963,"ביתשאן"
9300,"זכרון יעקב",0.676545672167614,0.717629726632837,0.746588831059221,0.769751544629946,0.746368581505171,0.72470741994891,0.72044983722995,0.71857291546201,0.712169489630499,"זכרוןיעקב"
9400,"יהוד-מונוסון",NA,0.693463156864664,0.731533296026861,0.760745963156698,0.745667244367418,0.740261420991329,0.729194529531041,0.717325357829524,0.742718246611461,"יהודמונוסון"
9500,"קרית ביאליק",0.615486642358866,0.620712721965459,0.626423079215593,0.67698567132496,0.64780829924021,0.635109461315874,0.639697981704661,0.609626724600062,0.626465707212232,"קריתביאליק"
9600,"קרית ים",0.528695946044078,0.553268556315759,0.546817427502602,0.593127338229181,0.578370678792527,0.566590927756029,0.575229232243055,0.534260917481747,0.556306673182386,"קריתים"
9700,"הוד השרון",0.69013685246195,0.719362133270682,0.750134989200864,0.776955148452306,0.766918614870803,0.754947092832988,0.755874334674802,0.744309225045715,0.743570798185662,"הודהשרון"
9800,"בנימינה-גבעת עדה",0.754339155611774,0.72349879395709,0.751236342725704,0.765739225313693,0.759654521989477,0.74304870834155,0.744467193136395,0.730476190476191,0.72182936908807,"בנימינהגבעתעדה"
