"SEMEL_YISHUV","locality","2006","2009","2013","2015","loc"
7,"שחר",0.0252100840336134,0.0459363957597173,0.254966887417219,0.014792899408284,"שחר"
10,"תירוש",0.0170454545454545,0.0284090909090909,0.203045685279188,0,"תירוש"
11,"ניר ח""ן",0.0404624277456647,0.131313131313131,0.286919831223629,0.0114942528735632,"נירחן"
13,"חצבה",0.0604026845637584,0.0553745928338762,0.101449275362319,0.00552486187845304,"חצבה"
15,"נועם",0.0478723404255319,0.0461538461538462,0.400943396226415,0.0043859649122807,"נועם"
16,"בית ניר",0,0.00584795321637427,0.020979020979021,0.00327868852459016,"ביתניר"
18,"שדה משה",0.0603015075376884,0.100806451612903,0.192439862542955,0.0101694915254237,"שדהמשה"
21,"באר אורה",NA,NA,0.239130434782609,0.0265486725663717,"באראורה"
22,"מקווה ישראל",0.046875,0.0645161290322581,0.185840707964602,0.0185185185185185,"מקווהישראל"
23,"אמציה",0.0657894736842105,0.0572916666666667,0.0763636363636364,0,"אמציה"
24,"לכיש",0.0198019801980198,0.036144578313253,0.0450928381962865,0.00246913580246914,"לכיש"
26,"ראש פינה",0.0285248573757131,0.0419847328244275,0.162359178263751,0.0142326732673267,"ראשפינה"
27,"שדות מיכה",0.0503597122302158,0.1,0.248520710059172,0.0205128205128205,"שדותמיכה"
28,"מזכרת בתיה",0.0384119618458366,0.0728114478114478,0.220752448032984,0.0205599300087489,"מזכרתבתיה"
29,"יסוד המעלה",0.0249221183800623,0.0477611940298507,0.168130489335006,0.0128654970760234,"יסודהמעלה"
31,"אופקים",0.163123597906207,0.167447890695123,0.272380065207266,0.101019834578013,"אופקים"
32,"עוצם",0.00793650793650794,0.0196078431372549,0.15358361774744,0.0031055900621118,"עוצם"
33,"בת שלמה",0.0714285714285714,0.0759493670886076,0.166089965397924,0.01875,"בתשלמה"
35,"גדות",0.0184331797235023,0.0401785714285714,0.0350877192982456,0.0123456790123457,"גדות"
36,"שדה דוד",0.0276243093922652,0.0578947368421053,0.312820512820513,0,"שדהדוד"
37,"איתן",0.0508474576271186,0.0207253886010363,0.189189189189189,0,"איתן"
39,"גפן",0.0141843971631206,0.0606060606060606,0.49171270718232,0.00515463917525773,"גפן"
41,"אליכין",0.028125,0.0528846153846154,0.282816229116945,0.00515995872033024,"אליכין"
43,"מטולה",0.0375180375180375,0.0832249674902471,0.15668202764977,0.0304017372421281,"מטולה"
44,"זוהר",0.0176470588235294,0.0923076923076923,0.372972972972973,0.0050251256281407,"זוהר"
46,"יבנאל",0.028869286287089,0.0476889214966985,0.140307692307692,0.00734048560135517,"יבנאל"
47,"כפר תבור",0.0410216718266254,0.060398078242965,0.174972914409534,0.0133715377268386,"כפרתבור"
48,"מנחמיה",0.054249547920434,0.0938697318007663,0.349736379613357,0.0163398692810458,"מנחמיה"
49,"אילניה",0.0432900432900433,0.078125,0.293478260869565,0.0134228187919463,"אילניה"
52,"לוזית",0.0134228187919463,0.082089552238806,0.219047619047619,0,"לוזית"
53,"עתלית",0.0857565303104978,0.101923864101515,0.266529633436108,0.0247584541062802,"עתלית"
55,"נוגה",0.0571428571428571,0.0738636363636364,0.376146788990826,0.0144404332129964,"נוגה"
57,"כנרת (קבוצה)",0.0465116279069767,0.0586734693877551,0.0808823529411765,0.0136986301369863,"כנרתקבוצה"
58,"מצפה",0.051948051948052,0.043956043956044,0.213592233009709,0.0099009900990099,"מצפה"
59,"נחושה",0.0431034482758621,0.047244094488189,0.158602150537634,0.00226244343891403,"נחושה"
62,"דגניה א'",0.0241691842900302,0.0120481927710843,0.0502793296089385,0.00273224043715847,"דגניהא"
63,"כנרת (מושבה)",0.026615969581749,0.017921146953405,0.21474358974359,0.00564971751412429,"כנרתמושבה"
64,"יד רמב""ם",0.0516431924882629,0.0845360824742268,0.359778597785978,0.00657894736842105,"ידרמבם"
65,"מגדל",0.151304347826087,0.0970873786407767,0.3382949932341,0.0116822429906542,"מגדל"
66,"מרחביה (קיבוץ)",0.027355623100304,0.0588235294117647,0.18013468013468,0.0398724082934609,"מרחביהקיבוץ"
67,"אור הנר",0.004,0.0391459074733096,0.0483460559796438,0.00225733634311512,"אורהנר"
69,"ניר עוז",0.00423728813559322,0.0299145299145299,0.0313725490196078,0.00373134328358209,"נירעוז"
70,"אשדוד",0.198792917195059,0.26054064320081,0.361417200844356,0.133627200692561,"אשדוד"
71,"אשבול",0.0392156862745098,0.0604026845637584,0.207446808510638,0.0177777777777778,"אשבול"
72,"גן שמואל",0.00327332242225859,0.00658978583196046,0.0141287284144427,0,"גןשמואל"
74,"עין הוד",0.0610328638497653,0.0211864406779661,0.0559440559440559,0.00297619047619048,"עיןהוד"
76,"כפר גלעדי",0.0388059701492537,0.0405797101449275,0.0542857142857143,0.0138121546961326,"כפרגלעדי"
77,"איילת השחר",0.017175572519084,0.0355805243445693,0.120805369127517,0.0167130919220056,"איילתהשחר"
78,"קרית ענבים",0.00975609756097561,0.0144927536231884,0.0434782608695652,0.00436681222707424,"קריתענבים"
79,"דגניה ב'",0.0334448160535117,0.0555555555555556,0.0746666666666667,0.00742574257425743,"דגניהב"
80,"נהלל",0.052757793764988,0.0496613995485327,0.127882599580713,0.00965250965250965,"נהלל"
82,"עין חרוד (מאוחד)",0.0272108843537415,0.0295983086680761,0.0780590717299578,0.0165631469979296,"עיןחרודמאוחד"
84,"תל יוסף",0.025974025974026,0.0481927710843374,0.0364963503649635,0.00346020761245675,"תליוסף"
85,"כפר יחזקאל",0.0307262569832402,0.036697247706422,0.083495145631068,0.00545454545454545,"כפריחזקאל"
86,"גבע",0.0138121546961326,0.0296495956873315,0.0212201591511936,0.0103359173126615,"גבע"
89,"עין חרוד (איחוד)",0.0343915343915344,0.0338541666666667,0.0816831683168317,0.00975609756097561,"עיןחרודאיחוד"
90,"חפצי-בה",0.00772200772200772,0.00775193798449612,0.0406779661016949,0,"חפציבה"
92,"גיניגר",0.0378787878787879,0.0540540540540541,0.074792243767313,0.015748031496063,"גיניגר"
94,"בלפוריה",0.0342857142857143,0.0511363636363636,0.184738955823293,0.029520295202952,"בלפוריה"
95,"בית אלפא",0.0155844155844156,0.0168539325842697,0.0344827586206897,0.0102249488752556,"ביתאלפא"
96,"יגור",0.02,0.0242494226327945,0.0485327313769752,0.00561797752808989,"יגור"
97,"מרחביה (מושב)",0.0385756676557863,0.0671834625322997,0.195822454308094,0.0152284263959391,"מרחביהמושב"
98,"כפר מל""ל",0.0138888888888889,0.027027027027027,0.15625,0.00423728813559322,"כפרמלל"
99,"מצפה רמון",0.177579365079365,0.216847826086957,0.322076612903226,0.129499766245909,"מצפהרמון"
102,"מאיר שפיה",0.0769230769230769,0.3,0.134615384615385,0.0204081632653061,"מאירשפיה"
103,"תל עדשים",0.0695652173913043,0.0879120879120879,0.165120593692022,0.011437908496732,"תלעדשים"
104,"מזרע",0.00680272108843537,0.0236559139784946,0.0231578947368421,0.00210526315789474,"מזרע"
106,"כפר גדעון",0.0260869565217391,0.0303030303030303,0.114035087719298,0.0153846153846154,"כפרגדעון"
107,"כפר סילבר",0.0588235294117647,0.0983606557377049,0.214285714285714,0.0392156862745098,"כפרסילבר"
112,"כפר חסידים א'",0.0477611940298507,0.0644257703081232,0.142131979695431,0.0178571428571429,"כפרחסידיםא"
113,"אדירים",0.0198675496688742,0.065359477124183,0.251612903225806,0.00625,"אדירים"
115,"חופית",0.0243407707910751,0.017578125,0.096045197740113,0.00544464609800363,"חופית"
122,"רמת ישי",0.0319909672563041,0.0898738073253309,0.217081850533808,0.0159675881792183,"רמתישי"
126,"שריד",0.00707547169811321,0.0261904761904762,0.0622568093385214,0.00759013282732448,"שריד"
127,"רמת רחל",0.0269058295964126,0.0493273542600897,0.0857142857142857,0.00772200772200772,"רמתרחל"
128,"גת רימון",0.0225563909774436,0.0687022900763359,0.0857142857142857,0.0131578947368421,"גתרימון"
130,"משמר העמק",0.00170940170940171,0.011844331641286,0.019578313253012,0.0029673590504451,"משמרהעמק"
132,"כפר ברוך",0.0342465753424658,0.08,0.216450216450216,0.0234375,"כפרברוך"
133,"גבת",0.0311111111111111,0.019438444924406,0.0278330019880716,0.00373831775700935,"גבת"
134,"יפעת",0.0272108843537415,0.0504385964912281,0.0489236790606654,0.00905797101449275,"יפעת"
135,"רמת דוד",0.0126050420168067,0.0254237288135593,0.0645161290322581,0.00374531835205993,"רמתדוד"
139,"עין שמר",0.00484261501210654,0.0268292682926829,0.0354609929078014,0.0091324200913242,"עיןשמר"
140,"כפר יהושע",0.0141509433962264,0.026431718061674,0.0632911392405063,0.0136752136752137,"כפריהושע"
141,"ברק",0.037037037037037,0.115151515151515,0.193069306930693,0.0267857142857143,"ברק"
142,"שדה יעקב",0.028169014084507,0.0333333333333333,0.15695067264574,0.00422832980972516,"שדהיעקב"
143,"בית זרע",0.0330788804071247,0.0371352785145889,0.0380710659898477,0.00995024875621891,"ביתזרע"
144,"גן שלמה",0.0037037037037037,0.0072202166064982,0.0141342756183746,0,"גןשלמה"
145,"גדיש",0.0253164556962025,0.0697674418604651,0.411764705882353,0,"גדיש"
146,"דבורה",0.0492957746478873,0.0638297872340425,0.158536585365854,0,"דבורה"
147,"גבעת ברנר",0.0207317073170732,0.023728813559322,0.0913207547169811,0.00736377025036819,"גבעתברנר"
154,"תל מונד",0.0350567465321564,0.0517312448474856,0.196028420477318,0.00802310654685494,"תלמונד"
155,"באר טוביה",0.0375586854460094,0.0394736842105263,0.0690335305719921,0.00924214417744917,"בארטוביה"
156,"עיינות",0.03125,0.147058823529412,0.0925925925925926,0,"עיינות"
157,"עין ורד",0.0212389380530973,0.0492307692307692,0.0625,0.00947867298578199,"עיןורד"
158,"נען",0.0142118863049096,0.0281329923273657,0.0455555555555556,0.0111111111111111,"נען"
159,"בית חנן",0.0122699386503067,0.0396600566572238,0.11340206185567,0.0105042016806723,"ביתחנן"
160,"חולדה",0.0104166666666667,0.0285714285714286,0.102040816326531,0.00232018561484919,"חולדה"
162,"חירות",0.013840830449827,0.0214723926380368,0.0497159090909091,0.00840336134453781,"חירות"
163,"תימורים",0.003003003003003,0.025062656641604,0.121681415929204,0.0150537634408602,"תימורים"
164,"מלאה",0.0375,0.0778443113772455,0.323383084577114,0.00966183574879227,"מלאה"
165,"ניר יפה",0.0285714285714286,0.0707547169811321,0.246212121212121,0.00325732899022801,"ניריפה"
166,"גן יבנה",0.0600908937889244,0.103804902962206,0.272317310648765,0.0325535001813565,"גןיבנה"
167,"עין החורש",0.00413223140495868,0.0157790927021696,0.0196463654223969,0.00187265917602996,"עיןהחורש"
168,"כפר יונה",0.0513606055145071,0.0902116777951414,0.249648914335098,0.0259467709625107,"כפריונה"
170,"כפר יעבץ",0.0528169014084507,0.031055900621118,0.27810650887574,0.00802139037433155,"כפריעבץ"
171,"פרדסיה",0.03242497412901,0.0425597060624617,0.18385269121813,0.0081588251291814,"פרדסיה"
173,"גבעת חיים (מאוחד)",0.0165289256198347,0.0273752012882448,0.0414814814814815,0.00293255131964809,"גבעתחייםמאוחד"
174,"נטעים",0.0155038759689922,0.0398671096345515,0.163538873994638,0.00789473684210526,"נטעים"
175,"אביחיל",0.0199667221297837,0.0283159463487332,0.0988857938718663,0.00273224043715847,"אביחיל"
176,"אפיקים",0.0147492625368732,0.0457227138643068,0.0386266094420601,0.0110803324099723,"אפיקים"
177,"כפר ביל""ו",0.031657355679702,0.0385906040268456,0.103174603174603,0.00294117647058824,"כפרבילו"
178,"רמת יוחנן",0.0167464114832536,0.0663811563169165,0.0626185958254269,0.0142602495543672,"רמתיוחנן"
182,"אבן יהודה",0.0258403361344538,0.0494453844707652,0.184023668639053,0.00910470409711684,"אבןיהודה"
183,"ירקונה",0.0253164556962025,0.0544554455445545,0.158878504672897,0.00854700854700855,"ירקונה"
184,"רמת הכובש",0.0216867469879518,0.0303030303030303,0.0376106194690266,0.0041407867494824,"רמתהכובש"
186,"נעורים",0.0192307692307692,0.105263157894737,0.216216216216216,0.0632911392405063,"נעורים"
187,"כפר הס",0.0142602495543672,0.0325581395348837,0.0687237026647966,0.00265957446808511,"כפרהס"
188,"אשדות יעקב  (מאוח",0.0254237288135593,0.0443548387096774,0.0531914893617021,0.0304054054054054,"אשדותיעקבמאוח"
189,"כפר פינס",0.0341880341880342,0.0347490347490347,0.106529209621993,0,"כפרפינס"
190,"כפר ויתקין",0.0147559591373439,0.0232815964523282,0.0480678605089538,0.00277264325323475,"כפרויתקין"
191,"הדר עם",0.0211267605633803,0.0238907849829352,0.0929577464788732,0.00797872340425532,"הדרעם"
192,"כפר החורש",0.0294117647058824,0.088135593220339,0.043343653250774,0.0422960725075529,"כפרהחורש"
193,"כפר חיים",0.027027027027027,0.0348101265822785,0.0660660660660661,0.0122699386503067,"כפרחיים"
194,"משמר השרון",0.0274914089347079,0.0311418685121107,0.0642201834862385,0.00290697674418605,"משמרהשרון"
195,"קדימה-צורן",NA,0.0850019891261106,0.203048572403595,0.0287160517862358,"קדימהצורן"
196,"גיבתון",0.0363636363636364,0.0578034682080925,0.0802139037433155,0.00518134715025907,"גיבתון"
197,"מעברות",0.00191938579654511,0.0145719489981785,0.0265017667844523,0,"מעברות"
198,"צופית",0.0378947368421053,0.0638686131386861,0.113752122241087,0.00833333333333333,"צופית"
199,"אשדות יעקב  (איחו",0.0376712328767123,0.0375,0.0875331564986737,0.0133928571428571,"אשדותיעקבאיחו"
200,"בית ינאי",0.0154639175257732,0.010752688172043,0.0575221238938053,0.0045045045045045,"ביתינאי"
202,"בית עובד",0.0239234449760766,0.0157068062827225,0.0891089108910891,0.00888888888888889,"ביתעובד"
204,"אלישיב",0.0110294117647059,0.0367892976588629,0.298550724637681,0.0103359173126615,"אלישיב"
205,"חגלה",0.0394736842105263,0.0277777777777778,0.0560224089635854,0.00264550264550265,"חגלה"
206,"רמות השבים",0.0147540983606557,0.0159420289855072,0.0791717417783191,0.00248756218905473,"רמותהשבים"
207,"גבעת ח""ן",0.0214592274678112,0.0452674897119342,0.0689655172413793,0.00401606425702811,"גבעתחן"
208,"מוצא עילית",0.0309050772626932,0.0415647921760391,0.100418410041841,0.0139165009940358,"מוצאעילית"
213,"משמרות",0.0201342281879195,0.0225988700564972,0.0643776824034335,0.0136986301369863,"משמרות"
217,"כפר הרא""ה",0.0421686746987952,0.0180722891566265,0.131810193321617,0.00166944908180301,"כפרהראה"
218,"גני עם",0.032258064516129,0.0397350993377483,0.127777777777778,0,"גניעם"
219,"חיבת ציון",0.0152091254752852,0.0238095238095238,0.0946745562130177,0.00290697674418605,"חיבתציון"
220,"כפר ביאליק",0.0225563909774436,0.140794223826715,0.126315789473684,0.0157728706624606,"כפרביאליק"
223,"עין עירון",0.0133333333333333,0.0161943319838057,0.0472972972972973,0,"עיןעירון"
224,"שושנת העמקים",NA,0.0613026819923372,0.250814332247557,0.00297619047619048,"שושנתהעמקים"
225,"גן השומרון",0.014367816091954,0.0456989247311828,0.0950226244343891,0.0110619469026549,"גןהשומרון"
229,"גני תקווה",0.0332154390281409,0.044043321299639,0.192166462668299,0.0143703378674857,"גניתקווה"
230,"מעש",0.0358744394618834,0.050314465408805,0.178781925343811,0.0165137614678899,"מעש"
232,"שפיים",0.00342465753424658,0.0129659643435981,0.0366568914956012,0.00280898876404494,"שפיים"
233,"כפר ידידיה",0.00696864111498258,0.028169014084507,0.0497512437810945,0.0050251256281407,"כפרידידיה"
234,"ביצרון",0.0269749518304432,0.0416666666666667,0.116613418530351,0.00600600600600601,"ביצרון"
235,"חבצלת השרון",0.0285714285714286,0.0603448275862069,0.117903930131004,0.0045662100456621,"חבצלתהשרון"
237,"שער העמקים",0.00769230769230769,0.0148514851485149,0.0142517814726841,0.00229357798165138,"שערהעמקים"
239,"גן חיים",0.0222222222222222,0.0562659846547315,0.0560747663551402,0.0182232346241458,"גןחיים"
240,"יקנעם עילית",0.182859253786479,0.209995414947272,0.365925474667479,0.109570418705818,"יקנעםעילית"
241,"יקנעם (מושבה)",0.0176565008025682,0.0296296296296296,0.0649526387009472,0.00264200792602378,"יקנעםמושבה"
242,"בית השיטה",0.0265339966832504,0.0417335473515249,0.0491573033707865,0.00806451612903226,"ביתהשיטה"
246,"נתיבות",0.155382464549631,0.149113947295932,0.265793061657325,0.0731356570567692,"נתיבות"
247,"רשפון",0.0225563909774436,0.0306122448979592,0.119760479041916,0.00882352941176471,"רשפון"
248,"בית שערים",0.0434782608695652,0.0718085106382979,0.153645833333333,0.0122549019607843,"ביתשערים"
249,"כפר סירקין",0.0242990654205607,0.0284757118927973,0.12143928035982,0.0029806259314456,"כפרסירקין"
250,"הזורע",0.00875656742556918,0.0155172413793103,0.0157894736842105,0,"הזורע"
252,"ביתן אהרן",0.026431718061674,0.0222222222222222,0.0618556701030928,0.0108695652173913,"ביתןאהרן"
253,"חולתה",0.0246913580246914,0.0224719101123595,0.0330882352941176,0,"חולתה"
254,"כפר המכבי",0.0173410404624277,0.0282485875706215,0.0456852791878173,0.005,"כפרהמכבי"
255,"כפר חיטים",0.0331491712707182,0.0416666666666667,0.202492211838006,0.0112676056338028,"כפרחיטים"
256,"ניר דוד (תל עמל)",0.0048780487804878,0.00748129675810474,0.00464037122969838,0.00225225225225225,"נירדודתלעמל"
257,"נופך",0.031055900621118,0.0425531914893617,0.37219730941704,0.0228136882129278,"נופך"
259,"שדה נחום",0.0188679245283019,0.0242424242424242,0.113300492610837,0.0299625468164794,"שדהנחום"
262,"גינוסר",0.0257234726688103,0.0348432055749129,0.0978593272171254,0.0109289617486339,"גינוסר"
263,"מסדה",0.0555555555555556,0.0967741935483871,0.0382165605095541,0.0271739130434783,"מסדה"
264,"שער הגולן",0.0109289617486339,0.013550135501355,0.0481283422459893,0.0212765957446809,"שערהגולן"
265,"בית יוסף",0.036144578313253,0.0813953488372093,0.271186440677966,0.00523560209424084,"ביתיוסף"
267,"כפר שמריהו",0.0261374636979671,0.0307835820895522,0.127433628318584,0.00751252086811352,"כפרשמריהו"
268,"טירת צבי",0.0106382978723404,0.0282776349614396,0.107655502392345,0.00481927710843374,"טירתצבי"
269,"מולדת",0.0292553191489362,0.0445859872611465,0.0751445086705202,0.00547445255474453,"מולדת"
270,"עין השופט",0.00843881856540084,0.0164271047227926,0.026615969581749,0.0259259259259259,"עיןהשופט"
272,"מעוז חיים",0.0264900662251656,0.03886925795053,0.0566037735849057,0.0104895104895105,"מעוזחיים"
273,"עין גב",0.0384615384615385,0.0443686006825939,0.0902527075812274,0.0157728706624606,"עיןגב"
274,"כפר מנחם",0.0116959064327485,0.0154867256637168,0.0475435816164818,0.00486223662884927,"כפרמנחם"
276,"צור משה",0.0241779497098646,0.0334190231362468,0.115931189229619,0.00149700598802395,"צורמשה"
278,"אושה",0.0099009900990099,0.033175355450237,0.0833333333333333,0.0120967741935484,"אושה"
280,"חניתה",0.0289389067524116,0.0422960725075529,0.0635696821515892,0.0087719298245614,"חניתה"
281,"פקיעין חדשה",0.0357142857142857,0.0882352941176471,0.214285714285714,0,"פקיעיןחדשה"
282,"שבי ציון",0.0326340326340326,0.036281179138322,0.178637200736648,0.00368324125230203,"שביציון"
284,"שדה ורבורג",0.0168224299065421,0.0320404721753794,0.101583113456464,0.0065359477124183,"שדהורבורג"
285,"אלונים",0.0117647058823529,0.0289017341040462,0.0335917312661499,0.00744416873449132,"אלונים"
286,"מעלה החמישה",0.00458715596330275,0.0257510729613734,0.075812274368231,0.00859598853868195,"מעלההחמישה"
287,"תל יצחק",0.0189274447949527,0.0339321357285429,0.115173674588665,0.00881834215167548,"תליצחק"
288,"בית יהושע",0.030690537084399,0.046218487394958,0.138132295719844,0.0056710775047259,"ביתיהושע"
289,"עין המפרץ",0,0.00852878464818763,0.0119047619047619,0,"עיןהמפרץ"
290,"מעין צבי",0,0.0250696378830084,0.0566037735849057,0.00452488687782805,"מעיןצבי"
292,"שרונה",0.0291970802919708,0.0903010033444816,0.0884955752212389,0.0115606936416185,"שרונה"
293,"שדה יואב",0.0072992700729927,0.00662251655629139,0.0434782608695652,0.00896860986547085,"שדהיואב"
294,"אילון",0.0162037037037037,0.08,0.100529100529101,0.0135823429541596,"אילון"
295,"כפר רופין",0.00840336134453781,0.0374531835205993,0.0408921933085502,0.0111940298507463,"כפררופין"
296,"נווה איתן",0.0163934426229508,0.0425531914893617,0.0984848484848485,0,"נווהאיתן"
297,"כפר מסריק",0.0025,0.0134048257372654,0.032258064516129,0.0233160621761658,"כפרמסריק"
298,"מסילות",0,0.0236486486486486,0.0429042904290429,0.0197368421052632,"מסילות"
300,"דליה",0.00202839756592292,0.0125523012552301,0.0184426229508197,0.00191570881226054,"דליה"
301,"בית עוזיאל",0.0447154471544715,0.0876494023904383,0.229965156794425,0.018018018018018,"ביתעוזיאל"
302,"דפנה",0.0320855614973262,0.0203562340966921,0.0665137614678899,0.0180995475113122,"דפנה"
303,"דן",0.0274914089347079,0.0366666666666667,0.027027027027027,0.00561797752808989,"דן"
304,"שדה אליהו",0.0134770889487871,0.0108991825613079,0.153246753246753,0.00254452926208651,"שדהאליהו"
305,"גשר",0.0505050505050505,0.0398671096345515,0.0784982935153584,0.0177935943060498,"גשר"
306,"שדמות דבורה",0.048,0.062043795620438,0.0975609756097561,0.00271739130434783,"שדמותדבורה"
307,"הזורעים",0.0186567164179104,0.0130293159609121,0.141643059490085,0.00256410256410256,"הזורעים"
308,"מחניים",0.0185185185185185,0.0896860986547085,0.0848056537102474,0.0263157894736842,"מחניים"
309,"נהורה",0.0409090909090909,0.0735009671179884,0.267581475128645,0.0163447251114413,"נהורה"
310,"כפר גליקסון",0.00549450549450549,0.0212765957446809,0.037037037037037,0.00520833333333333,"כפרגליקסון"
311,"גן שורק",0.0264900662251656,0.075,0.172774869109948,0,"גןשורק"
312,"נווה ים",0.0434782608695652,0.0393700787401575,0.141975308641975,0.0245398773006135,"נווהים"
313,"אפק",0,0.025,0.0352112676056338,0.00655737704918033,"אפק"
315,"נגבה",0.0131147540983607,0.029673590504451,0.0575539568345324,0.00930232558139535,"נגבה"
316,"כפר נטר",0.0158730158730159,0.0416666666666667,0.104283054003724,0.0089126559714795,"כפרנטר"
317,"בית אורן",0.0392156862745098,0.0254777070063694,0.111764705882353,0.0259067357512953,"ביתאורן"
318,"עמיעוז",0.0666666666666667,0.128,0.252100840336134,0.00699300699300699,"עמיעוז"
319,"עמיר",0,0.0178571428571429,0.0261627906976744,0.0114942528735632,"עמיר"
320,"כפר ורבורג",0.0401891252955083,0.0634920634920635,0.113924050632911,0.016750418760469,"כפרורבורג"
322,"בית הלל",0.0303030303030303,0.0508474576271186,0.0625,0.0127877237851662,"ביתהלל"
324,"שאר ישוב",0.074468085106383,0.086734693877551,0.173431734317343,0.00311526479750779,"שארישוב"
325,"מצובה",0.00775193798449612,0.0323624595469256,0.13125,0.0161290322580645,"מצובה"
326,"בית יצחק-שער חפר",0.0198216055500496,0.0326678765880218,0.115789473684211,0.0092378752886836,"ביתיצחקשערחפר"
327,"שדות ים",0.00735294117647059,0.0274599542334096,0.0463157894736842,0.00386100386100386,"שדותים"
329,"שדה נחמיה",0.0304347826086957,0.0418006430868167,0.101694915254237,0.0179282868525896,"שדהנחמיה"
330,"אלומות",0.00757575757575758,0.0364963503649635,0.0434782608695652,0,"אלומות"
331,"ניר צבי",0.0350262697022767,0.0554699537750385,0.127753303964758,0.00432900432900433,"נירצבי"
334,"קבוצת יבנה",0.0300230946882217,0.0307328605200946,0.115720524017467,0.00630252100840336,"קבוצתיבנה"
335,"רמת השופט",0.0307692307692308,0.0303867403314917,0.0482758620689655,0.00809716599190283,"רמתהשופט"
336,"דורות",0.0100671140939597,0.0191082802547771,0.0193905817174515,0.00785340314136126,"דורות"
338,"איבים",0.136363636363636,0,0.357142857142857,0.04,"איבים"
339,"רמת צבי",0.0175438596491228,0.0395256916996047,0.0941558441558442,0.0212765957446809,"רמתצבי"
340,"גת (קיבוץ)",0.0122448979591837,0.0355731225296443,0.0509554140127389,0.00604229607250755,"גתקיבוץ"
342,"גברעם",0.0355029585798817,0.0702702702702703,0.110599078341014,0.037914691943128,"גברעם"
343,"חמדיה",0.0292682926829268,0.046875,0.129032258064516,0.0176991150442478,"חמדיה"
344,"מענית",0.0130293159609121,0.0470588235294118,0.0455696202531646,0.00735294117647059,"מענית"
345,"כפר סאלד",0.00727272727272727,0.024822695035461,0.0415335463258786,0.003003003003003,"כפרסאלד"
346,"גליל ים",0.0239234449760766,0.0424528301886792,0.0528455284552846,0,"גלילים"
347,"מנרה",0.0238095238095238,0.032520325203252,0.033112582781457,0.0437956204379562,"מנרה"
348,"ניר עם",0.0252525252525253,0.037037037037037,0.0317460317460317,0,"נירעם"
351,"ניצן",0.0531914893617021,0.0466321243523316,0.18491921005386,0.00537634408602151,"ניצן"
352,"גבולות",0.0296296296296296,0.0620689655172414,0.0434782608695652,0.0559006211180124,"גבולות"
353,"בית זיד",NA,NA,0.0784313725490196,0,"ביתזיד"
354,"רביבים",0.0388349514563107,0.0551378446115288,0.0761904761904762,0.0376940133037694,"רביבים"
355,"חורשים",0.0149253731343284,0.0754716981132075,0.0292397660818713,0.0108695652173913,"חורשים"
356,"הגושרים",0.034375,0.0494186046511628,0.089974293059126,0.00966183574879227,"הגושרים"
357,"כפר בלום",0.0367231638418079,0.0308988764044944,0.0987341772151899,0.0266075388026608,"כפרבלום"
358,"יד מרדכי",0.018957345971564,0.0347394540942928,0.0378619153674833,0.010482180293501,"ידמרדכי"
359,"ניצנים",0.0260869565217391,0.0156862745098039,0.0447761194029851,0,"ניצנים"
360,"גבעת ניל""י",0.0353535353535354,0.102564102564103,0.395973154362416,0,"גבעתנילי"
362,"רוחמה",0.0177304964539007,0.0168350168350168,0.029126213592233,0.00664451827242525,"רוחמה"
363,"חפץ חיים",0,0.0125,0.114649681528662,0,"חפץחיים"
364,"כפר אוריה",0.0338164251207729,0.0338983050847458,0.221635883905013,0,"כפראוריה"
365,"בית קשת",0,0.0601092896174863,0.0254237288135593,0.00344827586206897,"ביתקשת"
366,"שמיר",0.0250696378830084,0.0305343511450382,0.0385487528344671,0.00211864406779661,"שמיר"
367,"עין העמק",0.0711610486891386,0.149068322981366,0.373529411764706,0.00240384615384615,"עיןהעמק"
368,"ביריה",0.0559210526315789,0.0626865671641791,0.304568527918782,0.00930232558139535,"ביריה"
369,"גלעד (אבן יצחק)",0.0125,0.0546218487394958,0.0411522633744856,0.003690036900369,"גלעדאבןיצחק"
370,"גזר",0,0.0314465408805031,0.0795454545454545,0.00523560209424084,"גזר"
372,"רמות נפתלי",0.087719298245614,0.12156862745098,0.189003436426117,0.0165016501650165,"רמותנפתלי"
373,"בית הלוי",0.02,0.0362537764350453,0.123711340206186,0.00477326968973747,"ביתהלוי"
374,"חוקוק",0.0604026845637584,0.0478723404255319,0.0803212851405622,0.0178571428571429,"חוקוק"
375,"מגל",0.0116959064327485,0.00992555831265509,0.0437828371278459,0.0150753768844221,"מגל"
376,"עברון",0.00883002207505519,0.0196936542669584,0.0352422907488987,0.00618556701030928,"עברון"
377,"המעפיל",0.0033003300330033,0.0316455696202532,0.0338600451467269,0.00228310502283105,"המעפיל"
378,"משגב עם",0.0454545454545455,0.088,0.106870229007634,0.0365853658536585,"משגבעם"
379,"גאולים",0.0304709141274238,0.0509708737864078,0.166292134831461,0.0114942528735632,"גאולים"
380,"להבות הבשן",0.0377358490566038,0.0434782608695652,0.0594315245478036,0.0195227765726681,"להבותהבשן"
382,"מכמורת",0.0237341772151899,0.0349013657056146,0.0927536231884058,0.00272479564032698,"מכמורת"
383,"עין הנצי""ב",0.0192307692307692,0.00308641975308642,0.0838323353293413,0.003003003003003,"עיןהנציב"
385,"עמיעד",0.00709219858156028,0.0143884892086331,0.0510948905109489,0.00371747211895911,"עמיעד"
386,"בני דרור",0.02322206095791,0.0293706293706294,0.164364640883978,0.0107962213225371,"בנידרור"
387,"כפר מונש",0.0204081632653061,0.0280172413793103,0.0961145194274029,0.00409836065573771,"כפרמונש"
388,"כפר קיש",0.036231884057971,0.0662983425414365,0.135964912280702,0.0072463768115942,"כפרקיש"
389,"בצרה",0.0211267605633803,0.0386965376782077,0.112727272727273,0.00361663652802893,"בצרה"
390,"רגבה",0.00980392156862745,0.0344827586206897,0.112396694214876,0.0157728706624606,"רגבה"
393,"גלאון",0,0.0163265306122449,0.0343511450381679,0.00381679389312977,"גלאון"
394,"שובל",0.026525198938992,0.064343163538874,0.0549738219895288,0.0103092783505155,"שובל"
395,"משמר הנגב",0.0350877192982456,0.0255102040816327,0.0734341252699784,0.00816326530612245,"משמרהנגב"
396,"נבטים",0.0462962962962963,0.0773638968481375,0.211586901763224,0.00627615062761506,"נבטים"
397,"חצרים",0,0.00753295668549906,0.0339892665474061,0.0102389078498294,"חצרים"
398,"שרשרת",0.0984848484848485,0.041958041958042,0.264367816091954,0.00564971751412429,"שרשרת"
399,"בארי",0.0037243947858473,0.0224913494809689,0.0319488817891374,0.00749625187406297,"בארי"
400,"אבן שמואל",0.0357142857142857,0.00757575757575758,0.0869565217391304,0,"אבןשמואל"
402,"ניר יצחק",0.00578034682080925,0.00842696629213483,0.0155440414507772,0.0026246719160105,"ניריצחק"
403,"אורים",0.0126582278481013,0.0365853658536585,0.0595238095238095,0.02734375,"אורים"
405,"נווה אילן",0.00952380952380952,0.0104166666666667,0.167848699763593,0.0040650406504065,"נווהאילן"
406,"חצור-אשדוד",0.0072463768115942,0.0141843971631206,0.0334928229665072,0.00224215246636771,"חצוראשדוד"
407,"דברת",0.0118343195266272,0.0434782608695652,0.0670391061452514,0.0248447204968944,"דברת"
408,"נאות מרדכי",0.0121580547112462,0.0700636942675159,0.0906432748538012,0.00882352941176471,"נאותמרדכי"
409,"יחיעם",0.0165289256198347,0.0233463035019455,0.039426523297491,0.0153846153846154,"יחיעם"
413,"צאלים",0.0368852459016393,0.0566801619433198,0.0555555555555556,0.0387323943661972,"צאלים"
414,"קלחים",0.0151515151515152,0.0408163265306122,0.150943396226415,0.00401606425702811,"קלחים"
415,"שוקדה",0.0217391304347826,0.048,0.204225352112676,0.00617283950617284,"שוקדה"
416,"מעין ברוך",0.0164835164835165,0.0228310502283105,0.0448717948717949,0.00576368876080692,"מעיןברוך"
417,"יקום",0.00554016620498615,0.0212765957446809,0.0122549019607843,0.00245700245700246,"יקום"
418,"בני ציון",0.0171673819742489,0.0323809523809524,0.124792013311148,0.00604229607250755,"בניציון"
419,"סעד",0.0469135802469136,0.0165094339622642,0.102127659574468,0.00420168067226891,"סעד"
421,"משאבי שדה",0.00704225352112676,0.0332225913621262,0.0787671232876712,0.0126182965299685,"משאבישדה"
422,"חרב לאת",0.0213523131672598,0.0286532951289398,0.13262599469496,0,"חרבלאת"
423,"העוגן",0.0134770889487871,0.0225,0.0283018867924528,0.00219298245614035,"העוגן"
424,"גבים",0.00947867298578199,0.0287081339712919,0.046218487394958,0.0148698884758364,"גבים"
425,"משמרת",0.0480225988700565,0.0488372093023256,0.103448275862069,0.00992063492063492,"משמרת"
426,"עין כרמל",0.0343511450381679,0.049618320610687,0.0648648648648649,0.0346666666666667,"עיןכרמל"
427,"כפר גלים",0.0677966101694915,0.0612244897959184,0.357142857142857,0.0338983050847458,"כפרגלים"
428,"ברור חיל",0,0.0272108843537415,0.0774647887323944,0.00428265524625268,"ברורחיל"
429,"אלוני אבא",0.0306122448979592,0.0232558139534884,0.0887445887445888,0.00199203187250996,"אלוניאבא"
430,"בית לחם הגלילית",0.0317919075144509,0.0309278350515464,0.136470588235294,0.0113895216400911,"ביתלחםהגלילית"
431,"דלתון",0.0437956204379562,0.0552325581395349,0.436578171091445,0.00936768149882904,"דלתון"
432,"שמרת",0.016,0.0235294117647059,0.044,0.0116279069767442,"שמרת"
433,"נחשולים",0.00383141762452107,0.036101083032491,0.0558510638297872,0.00491400491400491,"נחשולים"
434,"החותרים",0.00898203592814371,0.0422960725075529,0.032345013477089,0.0100502512562814,"החותרים"
435,"נצר סרני",0.010443864229765,0.0285714285714286,0.0325581395348837,0.0022883295194508,"נצרסרני"
436,"עין דור",0.0100755667506297,0.0297766749379653,0.0462776659959759,0.0120068610634648,"עיןדור"
437,"רשפים",0.00374531835205993,0.0185873605947955,0.0214285714285714,0.0129032258064516,"רשפים"
439,"שלוחות",0.0114068441064639,0.0113636363636364,0.0865051903114187,0.0177304964539007,"שלוחות"
440,"יסודות",0.00495049504950495,0.00865800865800866,0.00364963503649635,0,"יסודות"
442,"גדעונה",0.0512820512820513,0.05,0.345323741007194,0.0267379679144385,"גדעונה"
443,"כפר הנשיא",0.0158730158730159,0.0175953079178886,0.0354223433242507,0.00742574257425743,"כפרהנשיא"
444,"רגבים",0.00571428571428571,0.0386473429951691,0.0480769230769231,0.00772200772200772,"רגבים"
445,"רמות מנשה",0.00584795321637427,0.00904977375565611,0.0372250423011844,0.00484652665589661,"רמותמנשה"
446,"אודים",0.024390243902439,0.0321888412017167,0.113718411552347,0.0102040816326531,"אודים"
447,"נורדיה",0.0394477317554241,0.0571428571428571,0.2256,0.0172413793103448,"נורדיה"
448,"בני עטרות",0.026865671641791,0.0225563909774436,0.117521367521368,0.00201207243460765,"בניעטרות"
449,"נחלים",0.0142630744849445,0.0076103500761035,0.117079889807163,0.00268096514745308,"נחלים"
450,"בארות יצחק",0.0481927710843374,0.0344827586206897,0.0643939393939394,0.00359712230215827,"בארותיצחק"
452,"יזרעאל",0.0163398692810458,0.0359281437125748,0.0181268882175227,0.0199430199430199,"יזרעאל"
453,"יפתח",0.0508474576271186,0.0413793103448276,0.0498442367601246,0.0256410256410256,"יפתח"
454,"סער",0,0.045643153526971,0.108823529411765,0.0324189526184539,"סער"
456,"שורש",0.023972602739726,0.0286532951289398,0.129224652087475,0.0170015455950541,"שורש"
457,"גזית",0.00714285714285714,0.0343137254901961,0.0299539170506912,0.0114678899082569,"גזית"
460,"רמת רזיאל",0.0833333333333333,0.0622710622710623,0.163076923076923,0.0179640718562874,"רמתרזיאל"
462,"טל שחר",0.0269607843137255,0.0452488687782805,0.142566191446029,0.00880281690140845,"טלשחר"
463,"געתון",0.0075187969924812,0.0263157894736842,0.0415335463258786,0.00967741935483871,"געתון"
464,"הראל",0.0144927536231884,0.0166666666666667,0.021978021978022,0.0288461538461538,"הראל"
465,"צובה",0.0226628895184136,0.021505376344086,0.0428211586901763,0.0023094688221709,"צובה"
466,"בית דגן",0.0449526813880126,0.0661789158629864,0.306092560046866,0.018365717327655,"ביתדגן"
469,"קרית עקרון",0.0772447724477245,0.120991585171708,0.36075205640423,0.0320167043674961,"קריתעקרון"
472,"אבו גוש",0.000628535512256443,0.0053226879574185,0.0458923512747875,0.0019952114924182,"אבוגוש"
473,"אבו סנאן",0.00193756727664155,0.0384334711748966,0.0537818727233769,0.13905325443787,"אבוסנאן"
475,"דחי",0,0.0072992700729927,0.00662251655629139,0,"דחי"
478,"אכסאל",0.000438404208680403,0.000735835172921266,0.0252808988764045,0.000183385292499542,"אכסאל"
480,"בית ג'ן",0.106300997280145,0.149209063702437,0.200426439232409,0.175688738521025,"ביתגן"
481,"מגאר",0.0239059967585089,0.0731420507996237,0.12920782100383,0.123116725003805,"מגאר"
482,"בועיינה-נוג'ידאת",0.00167084377610693,0.00243605359317905,0.00317460317460317,0.000831716107568617,"בועיינהנוגידאת"
483,"בענה",NA,NA,0.00737018425460636,0.00681877786519801,"בענה"
485,"ג'ולס",0.00921435499515034,0.129967776584318,0.172012830793905,0.107729275130156,"גולס"
487,"ג'ש (גוש חלב)",0.0168243953732913,0.0312056737588652,0.0908141962421712,0.115441176470588,"גשגושחלב"
489,"דבוריה",0,0.00124185035703198,0.00330628193567779,0.00199822380106572,"דבוריה"
490,"דייר אל-אסד",NA,NA,0.0289704043351396,0.000705716302046577,"דייראלאסד"
492,"דייר חנא",0.000290444379901249,0.000501127536958156,0.0196550340954673,0.00470278404815651,"דיירחנא"
494,"דאלית אל-כרמל",NA,0.0585845347313237,0.128593996840442,0.0940594059405941,"דאליתאלכרמל"
496,"חורפיש",0.0751491053677932,0.0769230769230769,0.347847121432027,0.151048951048951,"חורפיש"
497,"טייבה (בעמק)",0,0.00325732899022801,0.00495867768595041,0,"טייבהבעמק"
498,"טורעאן",0.00142328494164532,0.000260213374967473,0.0276723945547869,0.00493077944244263,"טורעאן"
499,"יפיע",0.00179948586118252,0.00210575573233505,0.0458639092728486,0.00229357798165138,"יפיע"
502,"ירכא",0.0587628865979381,0.209008297115765,0.217103026181571,0.109211618257261,"ירכא"
504,"כאבול",0,0.000868621064060804,0.00298448070035814,0,"כאבול"
505,"כאוכב אבו אל-היג'",0.000734214390602056,0.000683526999316473,0.00356633380884451,0,"כאוכבאבואלהיג"
507,"כפר יאסיף",0.00104712041884817,0.00838884776708611,0.0201117318435754,0.0139626352015733,"כפריאסיף"
508,"כפר כמא",0.0145985401459854,0.0180360721442886,0.0269230769230769,0.000923361034164358,"כפרכמא"
509,"כפר כנא",0.000511421752471872,0.0020349330167882,0.015357867284845,0.00730843896311522,"כפרכנא"
510,"כפר מנדא",0.00113464447806354,0.000366434591425431,0.0102794266685971,0.000251984376968628,"כפרמנדא"
511,"עילוט",0.0524728588661037,0.000680272108843537,0.0936668440659925,0.00157728706624606,"עילוט"
512,"כפר מצר",0.0013869625520111,0.00177619893428064,0.0207182320441989,0.00109170305676856,"כפרמצר"
514,"עין ראפה",0.00518134715025907,0.0158730158730159,0.0117647058823529,0,"עיןראפה"
516,"מג'ד אל-כרום",NA,0.000313774709758393,0.00164149704530532,0.000450585761489937,"מגדאלכרום"
517,"מזרעה",0,0.00237529691211401,0.0292434837889383,0.000477554918815664,"מזרעה"
518,"מעיליא",0.0593047034764826,0.0464584920030465,0.0720053835800808,0.00114613180515759,"מעיליא"
520,"משהד",0.00151898734177215,0.00100654252642174,0.0125195618153365,0.000297796307325789,"משהד"
521,"עין נקובא",0.00271739130434783,0.0025974025974026,0.010507880910683,0.00395256916996047,"עיןנקובא"
522,"נחף",0.000629722921914358,0,0.00793021411578113,0.00019669551534225,"נחף"
523,"ניין",0.00645161290322581,0.00188679245283019,0.0051150895140665,0,"ניין"
524,"נאעורה",0.00600600600600601,0,0.00771604938271605,0,"נאעורה"
525,"סאג'ור",0.104430379746835,0.209357652656622,0.416413373860182,0.226890756302521,"סאגור"
526,"סולם",0,0.00105932203389831,0.00934579439252336,0,"סולם"
527,"שזור",0.0126582278481013,0.175324675324675,0.421965317919075,0.0101522842639594,"שזור"
528,"עוזייר",0.00556586270871985,0.00223214285714286,0.0034965034965035,0.00429184549356223,"עוזייר"
529,"אעבלין",0.00238158242921408,0.00212164073550212,0.0459356000900698,0.0156025456785054,"אעבלין"
530,"עיילבון",0.000865800865800866,0.00388098318240621,0.0563218390804598,0.0154716981132075,"עיילבון"
531,"עראבה",0.000301477238468496,0.000259100919808265,0.00900329698199341,0.000194212468440474,"עראבה"
532,"עין מאהל",0.000850340136054422,0,0.0258699633699634,0,"עיןמאהל"
534,"עספיא",NA,NA,0.200260416666667,0.104263206672845,"עספיא"
535,"פסוטה",0.00739957716701903,0.0025,0.00702370500438982,0.00595681310498883,"פסוטה"
536,"פקיעין (בוקייעה)",0.101701782820097,0.250696378830084,0.353336130927402,0.305267204921184,"פקיעיןבוקייעה"
537,"פוריידיס",0,0.000797448165869219,0.154126615843553,0.000196540880503145,"פוריידיס"
538,"שעב",0.0129366106080207,0.00136736554238833,0.0109809663250366,0.00530421216848674,"שעב"
539,"רומאנה",0.00277008310249307,0,0.0024330900243309,0,"רומאנה"
540,"ריחאניה",0.091304347826087,0.240362811791383,0.209638554216867,0.00202839756592292,"ריחאניה"
541,"ג'סר א-זרקא",0,0.00211565585331453,0.00806451612903226,0,"גסראזרקא"
542,"ריינה",0.00209205020920502,0.00333504361210877,0.00653853774519517,0.000463750193229247,"ריינה"
543,"ראמה",0.0691601976005646,0.052734375,0.110461338531514,0.0406943653955606,"ראמה"
546,"עין אל-אסד",0.287128712871287,0.188841201716738,0.403508771929825,0.273381294964029,"עיןאלאסד"
547,"טמרה (יזרעאל)",0.00316455696202532,0.00396825396825397,0.0121951219512195,0.00139470013947001,"טמרהיזרעאל"
549,"גנות הדר",0.0341296928327645,0.0347394540942928,0.184615384615385,0.0121703853955375,"גנותהדר"
553,"ניר בנים",0.00600600600600601,0.0347826086956522,0.0906735751295337,0.00928074245939675,"נירבנים"
555,"שדמה",0.0188679245283019,0.0327102803738318,0.1,0.00359712230215827,"שדמה"
559,"בוסתן הגליל",0.0612244897959184,0.0886524822695035,0.154761904761905,0.0248756218905473,"בוסתןהגליל"
562,"בית אלעזרי",0.0454545454545455,0.0668740279937792,0.218439716312057,0.0150375939849624,"ביתאלעזרי"
563,"משמר דוד",0.0222222222222222,0.0340909090909091,0.130718954248366,0.00321543408360129,"משמרדוד"
564,"רבדים",0.0123456790123457,0.044280442804428,0.0191693290734824,0.00785340314136126,"רבדים"
565,"אזור",0.0837209302325581,0.125240107568191,0.285202086049544,0.0392824002474482,"אזור"
567,"צרעה",0.00390625,0.00397614314115308,0.0344202898550725,0,"צרעה"
570,"מעונה",0.062043795620438,0.0813953488372093,0.334140435835351,0.0311804008908686,"מעונה"
571,"בית גמליאל",0.0351239669421488,0.029585798816568,0.146067415730337,0.0017825311942959,"ביתגמליאל"
572,"בית העמק",0.0769230769230769,0.0803858520900322,0.0923566878980892,0.0534124629080119,"ביתהעמק"
573,"מבקיעים",0.0392156862745098,0.145569620253165,0.308108108108108,0.012987012987013,"מבקיעים"
574,"גשר הזיו",0.0137931034482759,0.0632911392405063,0.185185185185185,0.0231990231990232,"גשרהזיו"
575,"יסעור",0,0.0310880829015544,0.0714285714285714,0.00321543408360129,"יסעור"
576,"כברי",0.0120724346076459,0.0305343511450382,0.0451388888888889,0.00492610837438424,"כברי"
577,"יד בנימין",0,0.0153217568947906,0.053921568627451,0.0013531799729364,"ידבנימין"
578,"סאסא",0.01171875,0.0106007067137809,0.0336391437308868,0.00591715976331361,"סאסא"
579,"כפר ראש הנקרה",0.0221130221130221,0.056420233463035,0.159235668789809,0.00900900900900901,"כפרראשהנקרה"
580,"כרם מהר""ל",0.0357142857142857,0.0509383378016086,0.133177570093458,0.00836820083682008,"כרםמהרל"
582,"כפר הנגיד",0.0313807531380753,0.056640625,0.185441941074523,0.0169491525423729,"כפרהנגיד"
584,"זיקים",0.00483091787439614,0.0285714285714286,0.0821529745042493,0.0077720207253886,"זיקים"
585,"לביא",0.0148883374689826,0.0227272727272727,0.0974358974358974,0.00518134715025907,"לביא"
586,"מגידו",0.0203045685279188,0.0785498489425982,0.0810185185185185,0.00669642857142857,"מגידו"
587,"סביון",0.0377171215880893,0.039282250242483,0.180127041742287,0.0175292153589316,"סביון"
588,"בני ראם",0.0131291028446389,0.0268714011516315,0.158940397350993,0.00460829493087558,"בניראם"
589,"בצת",0.0368098159509202,0.0505050505050505,0.218905472636816,0.0285714285714286,"בצת"
590,"נווה אור",0.0220994475138122,0.037914691943128,0.0660377358490566,0.00921658986175115,"נווהאור"
591,"עשרת",0.0136986301369863,0.027906976744186,0.120826709062003,0.0140405616224649,"עשרת"
592,"בני דרום",0.0275229357798165,0.0237154150197628,0.0971223021582734,0,"בנידרום"
593,"ערוגות",0.0330788804071247,0.0715935334872979,0.192389006342495,0.01171875,"ערוגות"
594,"צפריה",0.0308880308880309,0.0355871886120996,0.145205479452055,0,"צפריה"
595,"לוחמי הגיטאות",0.0163398692810458,0.0238907849829352,0.0516717325227964,0.0173913043478261,"לוחמיהגיטאות"
596,"מלכיה",0.0569948186528497,0.0794979079497908,0.106122448979592,0.0204081632653061,"מלכיה"
597,"פלמחים",0.00632911392405063,0.0189274447949527,0.0454545454545455,0.00476190476190476,"פלמחים"
598,"בית קמה",0.0106382978723404,0.028673835125448,0.0877598152424942,0.0127659574468085,"ביתקמה"
599,"פרוד",0.0254777070063694,0.0448717948717949,0.0795454545454545,0,"פרוד"
602,"נירים",0,0.0393700787401575,0.0260223048327138,0.0214285714285714,"נירים"
603,"אלקוש",0.0194805194805195,0.0625,0.376712328767123,0,"אלקוש"
604,"בית עריף",0.0623145400593472,0.0618556701030928,0.470464135021097,0.00912408759124088,"ביתעריף"
605,"כפר שמאי",0.0285714285714286,0.0328947368421053,0.346368715083799,0.00892857142857143,"כפרשמאי"
606,"מזור",0.0402542372881356,0.0561797752808989,0.159857904085258,0.00162866449511401,"מזור"
607,"מירון",0.0410958904109589,0.0474137931034483,0.0902255639097744,0.00757575757575758,"מירון"
609,"כפר חושן",0.0857142857142857,0.0869565217391304,0.246056782334385,0.0101781170483461,"כפרחושן"
610,"סתריה",0.0188235294117647,0.0587044534412955,0.100346020761246,0.00495867768595041,"סתריה"
612,"צרופה",0.0385674931129477,0.0728155339805825,0.326881720430108,0.0134357005758157,"צרופה"
613,"ציפורי",0.0625,0.0948275862068965,0.139423076923077,0.0197802197802198,"ציפורי"
614,"שומרה",0.0062111801242236,0.0628571428571429,0.283132530120482,0.0101010101010101,"שומרה"
615,"קדרון",0.0260336906584992,0.0373333333333333,0.101918465227818,0.0046189376443418,"קדרון"
616,"רינתיה",0.0391644908616188,0.020979020979021,0.25609756097561,0.0111317254174397,"רינתיה"
617,"ברקאי",0.00401606425702811,0.0307692307692308,0.012987012987013,0.0122324159021407,"ברקאי"
618,"חדיד",0.01953125,0.0595611285266458,0.30126582278481,0.00642398286937901,"חדיד"
619,"בית גוברין",0.0164835164835165,0.038961038961039,0.0333333333333333,0.00909090909090909,"ביתגוברין"
620,"משואות יצחק",0.0227272727272727,0.0292553191489362,0.0854922279792746,0.00763358778625954,"משואותיצחק"
622,"עין צורים",0.0176056338028169,0.0119453924914676,0.0624,0,"עיןצורים"
623,"יראון",0.031390134529148,0.0427350427350427,0.0511627906976744,0.0316742081447964,"יראון"
627,"ג'לג'וליה",0.000630914826498423,0.00257731958762887,0.00369528140989198,0.000452079566003617,"גלגוליה"
628,"ג'ת",NA,NA,0.00120821586790173,0.00027196083763938,"גת"
633,"כפר ברא",0.00116686114352392,0.00834326579261025,0.0148221343873518,0.00069060773480663,"כפרברא"
634,"כפר קאסם",0.00039380414807036,0.000408052230685528,0.0010681478316599,0.000374438342486271,"כפרקאסם"
635,"מוקייבלה",0,0.00109051254089422,0.00492610837438424,0,"מוקייבלה"
636,"צנדלה",0.00290697674418605,0.0024330900243309,0.00451467268623025,0,"צנדלה"
637,"ערערה",0.000886132033673017,0.000742666171555886,0.00105097214923805,0.000251477429900666,"ערערה"
638,"קלנסווה",0.000733541169998166,0.000700035001750087,0.00804932351430039,0.000467508181393174,"קלנסווה"
648,"מצר",0.0143884892086331,0.00352112676056338,0.0191082802547771,0.00307692307692308,"מצר"
649,"מייסר",0,0.00286532951289398,0,0,"מייסר"
652,"אבטין",0.00161290322580645,0,0.00970873786407767,0,"אבטין"
654,"כפר קרע",0.000559179869524697,0.000316706254948535,0.00530542013191856,0.000240384615384615,"כפרקרע"
658,"שייח' דנון",0,0,0.0196304849884527,0.00712589073634204,"שייחדנון"
661,"שער אפרים",0.0352250489236791,0.0787269681742044,0.244652406417112,0.014405762304922,"שעראפרים"
662,"חוסן",0.0576368876080692,0.117801047120419,0.39225181598063,0.032520325203252,"חוסן"
663,"טירת יהודה",0.036745406824147,0.0223713646532438,0.243445692883895,0.00164473684210526,"טירתיהודה"
664,"כרם בן זמרה",0.0521327014218009,0.134199134199134,0.372,0.0208333333333333,"כרםבןזמרה"
665,"תקומה",0.024822695035461,0.0255591054313099,0.139204545454545,0.00906344410876133,"תקומה"
666,"עומר",0.0469351115670685,0.0643921191734743,0.209415944925605,0.0172413793103448,"עומר"
667,"ברעם",0.0172413793103448,0.0208333333333333,0.0235294117647059,0.00882352941176471,"ברעם"
668,"מפלסים",0.0100671140939597,0.0507462686567164,0.0674698795180723,0.0239234449760766,"מפלסים"
670,"משמר איילון",0.0497737556561086,0.0695652173913043,0.221428571428571,0.0292207792207792,"משמראיילון"
672,"בית נקופה",0.0545454545454545,0.0592592592592593,0.240677966101695,0.0286624203821656,"ביתנקופה"
673,"כפר טרומן",0.0345821325648415,0.075,0.255421686746988,0.0135440180586907,"כפרטרומן"
674,"לימן",0.0545454545454545,0.116417910447761,0.304709141274238,0.0153846153846154,"לימן"
675,"הבונים",0.00628930817610063,0.0197368421052632,0.0895522388059701,0,"הבונים"
676,"עין השלושה",0.0222222222222222,0.0324324324324324,0.074468085106383,0.0134529147982063,"עיןהשלושה"
677,"הסוללים",0.031496062992126,0.0536585365853659,0.131639722863741,0.00397614314115308,"הסוללים"
678,"מעגן",0.0532544378698225,0.0459770114942529,0.0894736842105263,0.029126213592233,"מעגן"
679,"אביאל",0.0441767068273092,0.0447761194029851,0.21,0.00726392251815981,"אביאל"
680,"אומץ",0.0228310502283105,0.0283400809716599,0.0855457227138643,0.0056980056980057,"אומץ"
681,"גבעת שמואל",0.0453634349614938,0.051021377672209,0.205090672521753,0.0137514166981488,"גבעתשמואל"
682,"אליקים",0.00906344410876133,0.0521739130434783,0.297297297297297,0.00696055684454756,"אליקים"
683,"גבע כרמל",0.0124688279301746,0.0515021459227468,0.148148148148148,0.00968992248062015,"גבעכרמל"
684,"היוגב",0.0482954545454545,0.0911680911680912,0.070048309178744,0.0115740740740741,"היוגב"
685,"בניה",0.0239808153477218,0.0352422907488987,0.158415841584158,0.0152091254752852,"בניה"
686,"נווה ימין",0.0778443113772455,0.10016694490818,0.367223065250379,0.0285714285714286,"נווהימין"
687,"עין איילה",0.0376811594202899,0.0366132723112128,0.123505976095618,0.0155038759689922,"עיןאיילה"
688,"עלמה",0.126811594202899,0.0700636942675159,0.504587155963303,0.00485436893203883,"עלמה"
689,"מגדים",0.012987012987013,0.0793319415448852,0.219469026548673,0.0114942528735632,"מגדים"
690,"כפר אחים",0.0441767068273092,0.0444444444444444,0.277620396600567,0.015625,"כפראחים"
692,"שפיר",0.127118644067797,0.0853242320819113,0.25414364640884,0.0151133501259446,"שפיר"
693,"נתיב הל""ה",0.0347826086956522,0.0355731225296443,0.0327868852459016,0,"נתיבהלה"
694,"מעגן מיכאל",0.0118623962040332,0.0227765726681128,0.0380761523046092,0.00458715596330275,"מעגןמיכאל"
695,"מגן",0.0176056338028169,0.0165562913907285,0.0158227848101266,0.00593471810089021,"מגן"
696,"כפר חב""ד",0.0199764982373678,0.0107802874743326,0.0533613445378151,0.00459594025277671,"כפרחבד"
697,"בארותיים",0.048048048048048,0.0512195121951219,0.120901639344262,0.0111940298507463,"בארותיים"
698,"בורגתה",0.0453514739229025,0.0488798370672098,0.123674911660777,0.0144230769230769,"בורגתה"
699,"ניר ישראל",0.0316091954022989,0.0520833333333333,0.14043583535109,0.020501138952164,"נירישראל"
700,"חצב",0.0294840294840295,0.0838852097130243,0.261682242990654,0.0145867098865478,"חצב"
701,"ארבל",0.0217391304347826,0.105504587155963,0.200743494423792,0.0191082802547771,"ארבל"
702,"האון",0.0333333333333333,0.0444444444444444,0.104761904761905,0.0198019801980198,"האון"
703,"גבעת עוז",0.0167364016736402,0.0416666666666667,0.0481481481481481,0.00374531835205993,"גבעתעוז"
705,"נחשונים",0.0193236714975845,0.0138888888888889,0.076555023923445,0,"נחשונים"
706,"גיאה",0.0194805194805195,0.0415430267062315,0.18796992481203,0.00238663484486874,"גיאה"
707,"כפר דניאל",0,0.04149377593361,0.094017094017094,0.00549450549450549,"כפרדניאל"
708,"עמקה",0.0223880597014925,0.0582191780821918,0.336391437308869,0.0170454545454545,"עמקה"
709,"תפרח",0.00301659125188537,0.00445103857566766,0.031413612565445,0,"תפרח"
710,"בית זית",0.0285306704707561,0.0377073906485671,0.132315521628499,0.00997506234413965,"ביתזית"
711,"עזריה",0.0636942675159236,0.0959232613908873,0.391129032258065,0.0104529616724739,"עזריה"
712,"בן עמי",0.0366300366300366,0.0597826086956522,0.21,0.0255813953488372,"בןעמי"
713,"רעים",0.0136363636363636,0.0256410256410256,0.0317460317460317,0.010752688172043,"רעים"
714,"ארז",0.0045045045045045,0.0352422907488987,0.0348432055749129,0.0033112582781457,"ארז"
715,"להבות חביבה",0.0236686390532544,0.0612244897959184,0.0584192439862543,0.0209424083769634,"להבותחביבה"
716,"אייל",0.0291666666666667,0.0288065843621399,0.0588235294117647,0.00337837837837838,"אייל"
717,"חגור",0.0469208211143695,0.0658823529411765,0.174757281553398,0.0142857142857143,"חגור"
718,"ירחיב",0.0608974358974359,0.0789473684210526,0.386206896551724,0.00795228628230616,"ירחיב"
719,"תל קציר",0.0141843971631206,0.05,0.0585106382978723,0.0149253731343284,"תלקציר"
720,"ניר גלים",0.0137931034482759,0.0158730158730159,0.178489702517162,0.00642398286937901,"נירגלים"
721,"שדה אילן",0.031390134529148,0.055793991416309,0.153024911032028,0.00986842105263158,"שדהאילן"
722,"מגשימים",0.0342105263157895,0.0475059382422803,0.214859437751004,0.0103734439834025,"מגשימים"
723,"בית הגדי",0.0396825396825397,0.0235690235690236,0.368580060422961,0.00255102040816327,"ביתהגדי"
726,"הודיה",0.0505836575875486,0.0802919708029197,0.421245421245421,0.0154798761609907,"הודיה"
727,"תלמי יחיאל",0.0216606498194946,0.0836012861736334,0.161016949152542,0.0220048899755501,"תלמייחיאל"
729,"משמר השבעה",0.0488431876606684,0.0562347188264059,0.188311688311688,0.0142857142857143,"משמרהשבעה"
730,"אליפלט",0.0341463414634146,0.0748898678414097,0.498084291187739,0.00341296928327645,"אליפלט"
731,"מישר",0.0289389067524116,0.0217391304347826,0.140449438202247,0.008,"מישר"
732,"משמר הירדן",0.0657276995305164,0.0817120622568093,0.384057971014493,0.0344827586206897,"משמרהירדן"
734,"גן יאשיה",0.03,0.0395061728395062,0.0762527233115468,0.0125,"גןיאשיה"
735,"רמות מאיר",0.0661764705882353,0.0398773006134969,0.144808743169399,0.0104166666666667,"רמותמאיר"
736,"גילת",0.0445544554455446,0.0959183673469388,0.374531835205993,0.0223880597014925,"גילת"
737,"עולש",0.0268948655256724,0.0517241379310345,0.137218045112782,0.00368324125230203,"עולש"
738,"דור",0.0384615384615385,0.085427135678392,0.18974358974359,0.0045662100456621,"דור"
739,"שדה עוזיהו",0.0305343511450382,0.0603621730382294,0.435510887772194,0.00714285714285714,"שדהעוזיהו"
740,"אשתאול",0.0381231671554252,0.0987951807228916,0.269076305220884,0.0072992700729927,"אשתאול"
741,"שואבה",0.075098814229249,0.087248322147651,0.247678018575851,0.0207715133531157,"שואבה"
742,"מסילת ציון",0.00819672131147541,0.0399002493765586,0.190196078431373,0.0094876660341556,"מסילתציון"
743,"כפר שמואל",0.0246153846153846,0.050125313283208,0.161214953271028,0.0138888888888889,"כפרשמואל"
744,"תלמי יפה",0.0123456790123457,0.0839160839160839,0.185454545454545,0.0120845921450151,"תלמייפה"
745,"גמזו",0.0141176470588235,0.00858369098712446,0.096969696969697,0.00754716981132075,"גמזו"
746,"ברכיה",0.0333333333333333,0.0146443514644351,0.247672253258845,0,"ברכיה"
747,"בית שקמה",0.0444444444444444,0.154135338345865,0.511363636363636,0.0173913043478261,"ביתשקמה"
748,"מסלול",0.021505376344086,0.0758293838862559,0.256704980842912,0.0325732899022801,"מסלול"
749,"פטיש",0.0581039755351682,0.0433526011560694,0.176923076923077,0.00826446280991736,"פטיש"
750,"פדויים",0.0314465408805031,0.131578947368421,0.331491712707182,0.00934579439252336,"פדויים"
751,"בית מאיר",0.0300751879699248,0.0570469798657718,0.195488721804511,0.00353356890459364,"ביתמאיר"
752,"תעוז",0.0218340611353712,0.0431372549019608,0.245791245791246,0.00304878048780488,"תעוז"
753,"ינוב",0.0393258426966292,0.0357142857142857,0.278177458033573,0.00434782608695652,"ינוב"
755,"גורן",0,0.0504201680672269,0.285140562248996,0.00384615384615385,"גורן"
756,"בית עזרא",0.0277136258660508,0.0733197556008147,0.256140350877193,0.0159235668789809,"ביתעזרא"
757,"מצליח",0.0490405117270789,0.1,0.352112676056338,0.0137174211248285,"מצליח"
758,"יד חנה",0.0695652173913043,0.10958904109589,0.243975903614458,0.0255754475703325,"ידחנה"
759,"יציץ",0.0968992248062016,0.120622568093385,0.429467084639498,0.00255102040816327,"יציץ"
760,"בן זכאי",0.027681660899654,0.0710059171597633,0.330645161290323,0.010989010989011,"בןזכאי"
761,"שובה",0.029585798816568,0.0576923076923077,0.273381294964029,0.00675675675675676,"שובה"
762,"בטחה",0.0382165605095541,0.00854700854700855,0.313471502590674,0.0022883295194508,"בטחה"
763,"שתולים",0.0589198036006547,0.0718390804597701,0.350898203592814,0.0127388535031847,"שתולים"
764,"כפר מרדכי",0.0161943319838057,0.0313588850174216,0.0746268656716418,0.00584795321637427,"כפרמרדכי"
765,"משגב דב",0.0326086956521739,0.036697247706422,0.2,0.0109289617486339,"משגבדב"
766,"קוממיות",0,0,0,0,"קוממיות"
767,"פורת",0.0496894409937888,0.0502645502645503,0.154684095860566,0.00177619893428064,"פורת"
768,"כרמיה",0.0463917525773196,0.120300751879699,0.125,0.0168539325842697,"כרמיה"
769,"ניר עציון",0.0310344827586207,0.0251798561151079,0.0726643598615917,0.00668896321070234,"נירעציון"
771,"מבוא ביתר",0.072289156626506,0.0782122905027933,0.32824427480916,0.0131926121372032,"מבואביתר"
772,"אמונים",0.0455696202531646,0.0484261501210654,0.274944567627494,0.0127118644067797,"אמונים"
773,"עמיקם",0.0515021459227468,0.0714285714285714,0.200617283950617,0,"עמיקם"
774,"צוריאל",0.020979020979021,0.089171974522293,0.380116959064327,0.0100502512562814,"צוריאל"
775,"יד נתן",0.0337078651685393,0.0552995391705069,0.125984251968504,0.0204081632653061,"ידנתן"
776,"מחסיה",0.0612244897959184,0.0170454545454545,0.396739130434783,0.0131004366812227,"מחסיה"
777,"נחשון",0.00416666666666667,0,0.0376712328767123,0,"נחשון"
778,"תרום",0.0254237288135593,0.0456273764258555,0.289473684210526,0.00244498777506112,"תרום"
779,"עמינדב",0.069204152249135,0.079646017699115,0.27437641723356,0.00210084033613445,"עמינדב"
780,"אורה",0.0418994413407821,0.0565610859728507,0.265342960288809,0.0132013201320132,"אורה"
783,"אבן ספיר",0.0697674418604651,0.122448979591837,0.559270516717325,0.0369393139841689,"אבןספיר"
784,"בית נחמיה",0.0508474576271186,0.0750670241286863,0.21889400921659,0.00631578947368421,"ביתנחמיה"
785,"אחיהוד",0.0744336569579288,0.0638297872340425,0.371287128712871,0.00672645739910314,"אחיהוד"
786,"כפר זיתים",0.0722222222222222,0.0892018779342723,0.423236514522822,0.00313479623824451,"כפרזיתים"
787,"גבעת יערים",0.0482180293501048,0.0544747081712062,0.295269168026101,0.0102790014684288,"גבעתיערים"
788,"זיתן",0.054590570719603,0.0666666666666667,0.373913043478261,0.00152905198776758,"זיתן"
789,"רנן",0.0387596899224806,0.109195402298851,0.253218884120172,0.0319148936170213,"רנן"
791,"משען",0.0528301886792453,0.0368271954674221,0.332535885167464,0.0145530145530146,"משען"
792,"נתיב השיירה",0.0305676855895196,0.0785714285714286,0.282894736842105,0.0185758513931889,"נתיבהשיירה"
793,"גבעתי",0.0168918918918919,0.0870786516853933,0.312977099236641,0.0248868778280543,"גבעתי"
794,"עגור",0.104294478527607,0.0294117647058824,0.419689119170984,0.00966183574879227,"עגור"
795,"יערה",0.0271317829457364,0.0380952380952381,0.204268292682927,0.0317460317460317,"יערה"
796,"צלפון",0.0363636363636364,0.0368098159509202,0.424870466321244,0.00465116279069767,"צלפון"
797,"אחיעזר",0.00851788756388416,0.014792899408284,0.137434554973822,0.00235849056603774,"אחיעזר"
798,"יגל",0.0426229508196721,0.0459770114942529,0.366925064599483,0,"יגל"
799,"זכריה",0.054421768707483,0.089058524173028,0.4796573875803,0.0072202166064982,"זכריה"
800,"בית חנניה",0.021671826625387,0.0436046511627907,0.134663341645885,0.0087527352297593,"ביתחנניה"
801,"חמד",0.0385964912280702,0.0326409495548961,0.0954653937947494,0.0022075055187638,"חמד"
802,"גבעת כ""ח",0.0182648401826484,0.0656370656370656,0.296495956873315,0.017353579175705,"גבעתכח"
803,"יושיביה",0.0555555555555556,0.131034482758621,0.113989637305699,0.00418410041841004,"יושיביה"
804,"אחיסמך",0.0527777777777778,0.0355029585798817,0.269296740994854,0.00149700598802395,"אחיסמך"
805,"ישעי",0.0165562913907285,0.0265486725663717,0.29144385026738,0,"ישעי"
806,"עין יהב",0.0159744408945687,0.0229226361031519,0.0591397849462366,0.005249343832021,"עיןיהב"
807,"חניאל",0.0134770889487871,0.0315315315315315,0.134657836644592,0.0145228215767635,"חניאל"
808,"ניר אליהו",0.0135746606334842,0.0534979423868313,0.0548523206751055,0.00342465753424658,"ניראליהו"
809,"נחם",0.039647577092511,0.0448979591836735,0.322289156626506,0.00568181818181818,"נחם"
810,"עופר",0.0478723404255319,0.0608695652173913,0.202090592334495,0.00321543408360129,"עופר"
811,"יכיני",0.0782608695652174,0.0648854961832061,0.39937106918239,0.00285714285714286,"יכיני"
812,"שלומי",0.172427184466019,0.268488160291439,0.341414812354699,0.116272009714633,"שלומי"
813,"עין יעקב",0.0153374233128834,0.0576923076923077,0.234883720930233,0.0191897654584222,"עיןיעקב"
814,"תלמים",0.0283687943262411,0.0414201183431953,0.220588235294118,0.00241545893719807,"תלמים"
815,"זבדיאל",0.0504201680672269,0.0705882352941176,0.282828282828283,0.00324675324675325,"זבדיאל"
816,"זנוח",0.0395480225988701,0.0765027322404372,0.504310344827586,0.010989010989011,"זנוח"
817,"עזריקם",0.033096926713948,0.0649087221095335,0.393356643356643,0.0093167701863354,"עזריקם"
818,"זרחיה",0.0326530612244898,0.0647482014388489,0.236760124610592,0,"זרחיה"
819,"אביגדור",0.0371352785145889,0.0620347394540943,0.0921052631578947,0.00631578947368421,"אביגדור"
820,"חלץ",0.0285714285714286,0.0265486725663717,0.301801801801802,0,"חלץ"
821,"אחוזם",0.0509259259259259,0.0460251046025105,0.4,0.00743494423791822,"אחוזם"
822,"מטע",0.0347826086956522,0.0516605166051661,0.288819875776398,0.010230179028133,"מטע"
823,"בר גיורא",0.0247524752475248,0.0689655172413793,0.342960288808664,0.0101694915254237,"ברגיורא"
824,"כוכב מיכאל",0.027027027027027,0.046195652173913,0.0976138828633406,0.0141987829614604,"כוכבמיכאל"
825,"נס הרים",0.0466101694915254,0.0433212996389892,0.350132625994695,0.0115384615384615,"נסהרים"
826,"עוזה",0.0337552742616034,0.0122950819672131,0.212927756653992,0,"עוזה"
827,"נווה מבטח",0.0210526315789474,0.0416666666666667,0.19047619047619,0.012012012012012,"נווהמבטח"
828,"ישרש",0.0454545454545455,0.113350125944584,0.34009009009009,0.0137795275590551,"ישרש"
829,"מבטחים",0.0548780487804878,0.180904522613065,0.296803652968037,0.0131578947368421,"מבטחים"
831,"ירוחם",0.147450470932121,0.184313725490196,0.247535305089262,0.0766804173744237,"ירוחם"
836,"גנות",0.0353982300884956,0.0288065843621399,0.235294117647059,0.0246478873239437,"גנות"
837,"עזריאל",0.0436363636363636,0.0626865671641791,0.417910447761194,0.00443458980044346,"עזריאל"
838,"פדיה",0.0680851063829787,0.122516556291391,0.498607242339833,0.0117370892018779,"פדיה"
839,"פתחיה",0.0592105263157895,0.0792838874680307,0.312354312354312,0.01417004048583,"פתחיה"
840,"כיסופים",0.00847457627118644,0.0150375939849624,0.0141843971631206,0.00649350649350649,"כיסופים"
841,"אלישמע",0.0275,0.0719101123595506,0.291595197255575,0.00485436893203883,"אלישמע"
842,"געש",0.00549450549450549,0.0128865979381443,0.0169082125603865,0.00442477876106195,"געש"
843,"מרגליות",0.05,0.152317880794702,0.237762237762238,0.0114285714285714,"מרגליות"
844,"נחל עוז",0.0174418604651163,0.0558659217877095,0.0739130434782609,0.00900900900900901,"נחלעוז"
845,"כפר עזה",0.00481927710843374,0.02,0.040650406504065,0.00785854616895874,"כפרעזה"
846,"שפר",0.0810810810810811,0.209677419354839,0.421052631578947,0.00485436893203883,"שפר"
848,"בית רבן",0,0.0120481927710843,0.0521739130434783,0,"ביתרבן"
849,"דבירה",0.00917431192660551,0.00833333333333333,0.0446927374301676,0.0050251256281407,"דבירה"
850,"אחיטוב",0.0298507462686567,0.0920398009950249,0.261640798226164,0.0073394495412844,"אחיטוב"
851,"ניצני עוז",0.0439276485788114,0.0806845965770171,0.223360655737705,0.0107913669064748,"ניצניעוז"
852,"גונן",0,0.0246305418719212,0.0524017467248908,0.00409836065573771,"גונן"
853,"גאליה",0.01171875,0.0460992907801418,0.201923076923077,0.025,"גאליה"
854,"רחוב",0.0223880597014925,0.0411764705882353,0.407821229050279,0.0184331797235023,"רחוב"
856,"שעלבים",0.0144508670520231,0.00887573964497041,0.0527704485488127,0.00190114068441065,"שעלבים"
857,"כפר אביב",0.0123839009287926,0.0633245382585752,0.171355498721228,0.00961538461538462,"כפראביב"
858,"נווה ירק",0.0166358595194085,0.033167495854063,0.110132158590308,0.00714285714285714,"נווהירק"
859,"כסלון",0.031496062992126,0.0463576158940397,0.387978142076503,0,"כסלון"
861,"שדה אליעזר",0.0524475524475524,0.0771604938271605,0.245283018867925,0.0199556541019956,"שדהאליעזר"
862,"גני יוחנן",0.041522491349481,0.10377358490566,0.191709844559585,0.0126582278481013,"גנייוחנן"
863,"גינתון",0.0144508670520231,0.0794044665012407,0.15948275862069,0.0160642570281124,"גינתון"
864,"בקוע",0.0191570881226054,0.053030303030303,0.306451612903226,0.00564971751412429,"בקוע"
865,"שיבולים",0.0683229813664596,0.0523255813953488,0.441624365482233,0.0242718446601942,"שיבולים"
866,"יטבתה",0.00892857142857143,0.0193905817174515,0.017632241813602,0.00495049504950495,"יטבתה"
868,"אלוני יצחק",0.0454545454545455,0.0454545454545455,0.178571428571429,0.037037037037037,"אלונייצחק"
870,"גבעת השלושה",0.0107142857142857,0.0206185567010309,0.0744047619047619,0.0144092219020173,"גבעתהשלושה"
871,"עינת",0.018970189701897,0.0293255131964809,0.0295566502463054,0.0112612612612613,"עינת"
872,"גאולי תימן",0.0536585365853659,0.0544554455445545,0.37037037037037,0.00970873786407767,"גאוליתימן"
873,"שלווה",0.111111111111111,0.0807174887892377,0.346846846846847,0,"שלווה"
874,"מגדל העמק",0.2277198792247,0.279473684210526,0.415328887791224,0.168158231179965,"מגדלהעמק"
877,"בית חירות",0.0195530726256983,0.00779220779220779,0.0337078651685393,0.00884955752212389,"ביתחירות"
880,"עין שריד",0.0250447227191413,0.0439189189189189,0.211126961483595,0.0077120822622108,"עיןשריד"
885,"שדה בוקר",0.0448275862068966,0.0398550724637681,0.0433333333333333,0.0229885057471264,"שדהבוקר"
888,"כפר הרי""ף",0.0529801324503311,0.0681818181818182,0.165,0.0222222222222222,"כפרהריף"
889,"כפר חסידים ב'",0.0930232558139535,0.0989010989010989,0.233333333333333,0,"כפרחסידיםב"
892,"עבדון",0.0224215246636771,0.0881226053639847,0.217105263157895,0.00589970501474926,"עבדון"
913,"שבלי - אום אל-גנם",0.00341880341880342,0.00100603621730382,0.0488644184445974,0.0147128618889416,"שבליאוםאלגנם"
916,"ישע",0.0390625,0.108843537414966,0.21301775147929,0.0106382978723404,"ישע"
917,"עצמון שגב",NA,0.014344262295082,0.0868824531516184,0.00324675324675325,"עצמוןשגב"
919,"גבעת ישעיהו",0.0173410404624277,0.0301724137931034,0.140983606557377,0.0106951871657754,"גבעתישעיהו"
921,"שער מנשה",0,0,0.2,0,"שערמנשה"
922,"רכסים",0.0232629323538414,0.030804998546934,0.0584835876098012,0.00884383088869715,"רכסים"
939,"מסעודין אל-עזאזמה",0.00195121951219512,0.00401284109149278,0.0032379924446843,0.00113250283125708,"מסעודיןאלעזאזמה"
942,"סואעד (חמרייה)",NA,0,0.205479452054795,0,"סואעדחמרייה"
944,"בסמת טבעון",0.0204918032786885,0.00403225806451613,0.0706231454005935,0.00169923534409516,"בסמתטבעון"
956,"הוזייל (שבט)",0.0285714285714286,0.0202020202020202,0.0209424083769634,0,"הוזיילשבט"
957,"עוקבי (בנו עוקבה)",0,0.0701754385964912,0.0373134328358209,0,"עוקביבנועוקבה"
958,"אבו עבדון (שבט)",NA,NA,0.0144927536231884,0,"אבועבדוןשבט"
960,"אסד (שבט)",0,0,0.072289156626506,0,"אסדשבט"
961,"אבו רוקייק (שבט)",0,0.00152905198776758,0.00600600600600601,0.000793021411578113,"אבורוקייקשבט"
962,"טובא-זנגריה",0.00408163265306122,0.00624442462087422,0.00768573868488471,0.00112359550561798,"טובאזנגריה"
963,"אעצם (שבט)",0.00131406044678055,0.001194743130227,0.00321802091713596,0.00229709035222052,"אעצםשבט"
964,"קודייראת א-צאנע(ש",0.00479616306954436,0.0157068062827225,0.00671140939597315,0.00523560209424084,"קודייראתאצאנעש"
965,"אטרש (שבט)",0,0.0133333333333333,0.00689655172413793,0.00444444444444444,"אטרששבט"
966,"אבו רובייעה (שבט)",0.0113122171945701,0.00631578947368421,0.00420168067226891,0,"אבורובייעהשבט"
967,"אבו ג'ווייעד (שבט",0.01,0.0151515151515152,0.0242718446601942,0,"אבוגווייעדשבט"
968,"אבו קורינאת (שבט)",0.00371057513914657,0.00193050193050193,0.0123076923076923,0.00132978723404255,"אבוקורינאתשבט"
969,"עטאוונה (שבט)",0,0,0,0.0175438596491228,"עטאוונהשבט"
970,"תראבין א-צאנע (שב",0.0142857142857143,0,0.021505376344086,0,"תראביןאצאנעשב"
972,"קוואעין (שבט)",0,0,0.0760869565217391,0,"קוואעיןשבט"
975,"זרזיר",0.0397394136807818,0.00947119179163378,0.0577864838393732,0.00044762757385855,"זרזיר"
976,"ג'נאביב (שבט)",0,0,0.00909090909090909,0.00819672131147541,"גנאביבשבט"
978,"כעביה-טבאש-חג'אג'",0.00239425379090184,0.00366300366300366,0.0892077354959451,0.00279916025192442,"כעביהטבאשחגאג"
986,"ח'ואלד (שבט)",0.0185185185185185,0.0178571428571429,0.150943396226415,0.0144927536231884,"חואלדשבט"
990,"ראס עלי",NA,0.0062111801242236,0.0169491525423729,0.0297029702970297,"ראסעלי"
993,"חמאם",0,0.00923076923076923,0.0164835164835165,0.00399201596806387,"חמאם"
994,"מנשית זבדה",0.13353115727003,0.00917431192660551,0.0025706940874036,0,"מנשיתזבדה"
997,"רומת הייב",0.00411522633744856,0.0155038759689922,0.0672268907563025,0.00884955752212389,"רומתהייב"
998,"ביר אל-מכסור",0.00182926829268293,0.00328677074774034,0.0382732532265243,0.000374251497005988,"ביראלמכסור"
1015,"מבשרת ציון",0.0449013461183847,0.0566767574840229,0.263418725221104,0.01254840097519,"מבשרתציון"
1020,"אור עקיבא",0.192626728110599,0.273253290901201,0.459351826421313,0.109326145552561,"אורעקיבא"
1024,"חרוצים",0.031055900621118,0.0599455040871935,0.232323232323232,0.0201342281879195,"חרוצים"
1031,"שדרות",0.194666353383459,0.228748631886173,0.365877497827976,0.118417386458624,"שדרות"
1034,"קרית מלאכי",0.0464031108230719,0.0862688713156003,0.279493352873443,0.0239247812325451,"קריתמלאכי"
1041,"נצאצרה (שבט)",0,0,0.00411522633744856,0,"נצאצרהשבט"
1043,"גיזו",0.0821917808219178,0.0116279069767442,0.271844660194175,0,"גיזו"
1044,"יעף",NA,NA,0.178571428571429,0,"יעף"
1045,"שתולה",0.0341880341880342,0.0655737704918033,0.190140845070423,0.0062111801242236,"שתולה"
1046,"אוהד",0.0357142857142857,0.104575163398693,0.283950617283951,0.0161290322580645,"אוהד"
1047,"חזון",0.0113636363636364,0.0487804878048781,0.395238095238095,0.0233644859813084,"חזון"
1050,"בית חשמונאי",0.0792079207920792,0.0844155844155844,0.26679462571977,0.0110803324099723,"ביתחשמונאי"
1051,"תלמי אליהו",0.0431034482758621,0.027027027027027,0.251968503937008,0,"תלמיאליהו"
1052,"קטורה",0.0271739130434783,0.0497512437810945,0.0552763819095477,0.0533333333333333,"קטורה"
1054,"תל שבע",0.00639853747714808,0.00967117988394584,0.0100671140939597,0.000832870627429206,"תלשבע"
1057,"נווה זוהר",0.0222222222222222,NA,0.25,0,"נווהזוהר"
1058,"שדה ניצן",0.0251572327044025,0.078125,0.0338983050847458,0,"שדהניצן"
1059,"כסיפה",0.00264690312334569,0.0219298245614035,0.0046807087930458,0.000313185092389602,"כסיפה"
1060,"לקיה",0.000427350427350427,0.00152827305145186,0.00148853825543316,0.000754716981132075,"לקיה"
1061,"נצרת עילית",0.338494580690275,0.378416496449762,0.422741816391829,0.213213349009677,"נצרתעילית"
1063,"מעלות-תרשיחא",0.217747794499222,0.302682756557295,0.317815319639086,0.178759837412436,"מעלותתרשיחא"
1064,"אמירים",0.0274509803921569,0.0437710437710438,0.0718232044198895,0.00523560209424084,"אמירים"
1065,"זמרת",0,0.0167597765363128,0.213903743315508,0,"זמרת"
1066,"בני עי""ש",0.372713643178411,0.432544052863436,0.424048875312413,0.246978851963746,"בניעיש"
1067,"דוב""ב",0,0.137055837563452,0.434146341463415,0.00460829493087558,"דובב"
1068,"אדמית",0.0657894736842105,0.107843137254902,0.156521739130435,0.05,"אדמית"
1069,"רם-און",0.02,0.0403022670025189,0.087527352297593,0.00657894736842105,"רםאון"
1070,"אביעזר",0.0947867298578199,0.0823045267489712,0.242339832869081,0.0320197044334975,"אביעזר"
1071,"נווה מיכאל",0.0683229813664596,0.0449438202247191,0.38135593220339,0.0107913669064748,"נווהמיכאל"
1072,"גן הדרום",0.024390243902439,0.0357142857142857,0.347280334728033,0,"גןהדרום"
1077,"גבעת שפירא",0.0188679245283019,0.0172413793103448,0.0748299319727891,0.0115606936416185,"גבעתשפירא"
1079,"צפרירים",0.0647482014388489,0.0789473684210526,0.202380952380952,0.0294117647058824,"צפרירים"
1080,"מבועים",0.043360433604336,0.125279642058166,0.226168224299065,0.0163934426229508,"מבועים"
1081,"אבן מנחם",0.00526315789473684,0.0681818181818182,0.37037037037037,0.0151515151515152,"אבןמנחם"
1082,"מעגלים",0.0474040632054176,0.0319829424307036,0.24294670846395,0.00268096514745308,"מעגלים"
1083,"תושיה",0.0163934426229508,0.0227272727272727,0.0833333333333333,0,"תושיה"
1084,"בן שמן (כפר נוער)",0.0194805194805195,0.0409356725146199,0.124183006535948,0.00598802395209581,"בןשמןכפרנוער"
1085,"כרם שלום",0.0357142857142857,0.214285714285714,0.0833333333333333,0.0208333333333333,"כרםשלום"
1094,"כרם יבנה (ישיבה)",0,0,0,0,"כרםיבנהישיבה"
1095,"כפר מימון",0.0327272727272727,0.0253164556962025,0.153846153846154,0.0033003300330033,"כפרמימון"
1098,"מרכז שפירא",0.0241090146750524,0.0134436401240951,0.0946428571428571,0.00258175559380379,"מרכזשפירא"
1102,"צוקי ים",0.01,0.0495049504950495,0.0673076923076923,0,"צוקיים"
1103,"גני הדר",0,0.0347222222222222,0.0569620253164557,0.010752688172043,"גניהדר"
1104,"פוריה - כפר עבודה",0.0819672131147541,0.0615384615384615,0.397350993377483,0.00540540540540541,"פוריהכפרעבודה"
1105,"פוריה - נווה עובד",0.0515463917525773,0.0993377483443709,0.372477064220184,0.0195439739413681,"פוריהנווהעובד"
1108,"אומן",0.293233082706767,0.408163265306122,0.431506849315068,0.135593220338983,"אומן"
1110,"חבר",0.204301075268817,0.24812030075188,0.222222222222222,0.0538922155688623,"חבר"
1112,"יודפת",0.0242718446601942,0.0187265917602996,0.0269461077844311,0.00268096514745308,"יודפת"
1113,"צור הדסה",0.0695121951219512,0.0812883435582822,0.251426397869912,0.0344245696928788,"צורהדסה"
1114,"שריגים (לי-און)",0.0124688279301746,0.039906103286385,0.127615062761506,0.00189035916824197,"שריגיםליאון"
1115,"אביבים",0.0181818181818182,0.0686274509803922,0.353535353535354,0.0087719298245614,"אביבים"
1123,"אדרת",0.0789473684210526,0.03690036900369,0.401869158878505,0.026246719160105,"אדרת"
1124,"נאות הכיכר",0.0160427807486631,0.0625,0.121212121212121,0.0147058823529412,"נאותהכיכר"
1125,"אלמגור",0.0289017341040462,0.0573248407643312,0.0588235294117647,0.0101522842639594,"אלמגור"
1126,"אילות",0.0129032258064516,0.0273972602739726,0.106145251396648,0.0181818181818182,"אילות"
1127,"מעלה גלבוע",0.0451612903225806,0.0108695652173913,0.165094339622642,0.0240963855421687,"מעלהגלבוע"
1128,"מי עמי",0.0442477876106195,0.224199288256228,0.0601092896174863,0,"מיעמי"
1129,"גרופית",0.00649350649350649,0.0127388535031847,0.0526315789473684,0,"גרופית"
1130,"כפר רוזנואלד (זרע",0.0272727272727273,0.0588235294117647,0.290322580645161,0.00675675675675676,"כפררוזנואלדזרע"
1132,"שניר",0.0230414746543779,0.0555555555555556,0.07,0.00334448160535117,"שניר"
1133,"ורדון",0.109090909090909,0.0833333333333333,0.18796992481203,0.0202702702702703,"ורדון"
1136,"צוחר",0.0121212121212121,0.0974358974358974,0.233160621761658,0.00371747211895911,"צוחר"
1137,"קרית יערים",0.0056550424128181,0.0100334448160535,0.0172732880937693,0.000555555555555556,"קריתיערים"
1138,"יעד",0.013745704467354,0.0260115606936416,0.0334261838440111,0.00483091787439614,"יעד"
1139,"כרמיאל",0.228296275315111,0.32173082765505,0.386442894507411,0.183281433251102,"כרמיאל"
1140,"מדרשת בן גוריון",0.032994923857868,0.0301318267419962,0.0895061728395062,0.00818553888130969,"מדרשתבןגוריון"
1141,"מבוא מודיעים",0.02,0,0.220338983050847,0.00819672131147541,"מבואמודיעים"
1145,"אלומה",0.00704225352112676,0.0048780487804878,0,0,"אלומה"
1146,"עלומים",0.0825688073394495,0.00429184549356223,0.16044776119403,0,"עלומים"
1147,"נטועה",0.0354609929078014,0.0540540540540541,0.243421052631579,0.00552486187845304,"נטועה"
1148,"צור נתן",0.103174603174603,0.135135135135135,0.258064516129032,0.0118343195266272,"צורנתן"
1149,"עזר",0.0117302052785924,0.0952380952380952,0.202614379084967,0.0100603621730382,"עזר"
1150,"צופר",0.0277777777777778,0.0547945205479452,0.102325581395349,0.0121457489878543,"צופר"
1151,"פארן",0.0233644859813084,0.0297872340425532,0.0505836575875486,0.0037037037037037,"פארן"
1152,"אשלים",0.0288461538461538,0.0985915492957746,0.16243654822335,0.066079295154185,"אשלים"
1153,"כישור",NA,NA,0.0933333333333333,0.0119047619047619,"כישור"
1155,"מגן שאול",0.0661764705882353,0.2,0.338095238095238,0.0155038759689922,"מגןשאול"
1156,"סמר",0.00793650793650794,0.0166666666666667,0.0240963855421687,0.015625,"סמר"
1157,"אחווה",0.0289855072463768,0.0413793103448276,0.138888888888889,0.0206896551724138,"אחווה"
1158,"יהל",0.0123456790123457,0.043956043956044,0.0555555555555556,0.0294117647058824,"יהל"
1160,"שכניה",0.0540540540540541,0.0802469135802469,0.124050632911392,0.0077120822622108,"שכניה"
1161,"רהט",0.00354906054279749,0.0107091550215489,0.00808035040024166,0.00104952443424073,"רהט"
1162,"בית רימון",0.0327868852459016,0.0540540540540541,0.0541871921182266,0,"ביתרימון"
1163,"מורן",0.0121951219512195,0.0303030303030303,0.0833333333333333,0.0170212765957447,"מורן"
1165,"שילת",0.0246305418719212,0.0384615384615385,0.106583072100313,0.0056980056980057,"שילת"
1166,"כפר רות",0.0461538461538462,0.046875,0.164473684210526,0,"כפררות"
1167,"קיסריה",0.028735632183908,0.0467914438502674,0.226764365599691,0.0129915730337079,"קיסריה"
1169,"הוואשלה (שבט)",0.00265957446808511,0.00284900284900285,0.00671140939597315,0,"הוואשלהשבט"
1170,"סייד (שבט)",0,0.0137614678899083,0.0155038759689922,0.00152671755725191,"סיידשבט"
1171,"לוטם",0.0242424242424242,0.0591715976331361,0.0522088353413655,0,"לוטם"
1172,"תובל",0.0167597765363128,0.03125,0.0725388601036269,0.031390134529148,"תובל"
1173,"לפידות",0,0.0752688172043011,0.35632183908046,0,"לפידות"
1174,"מנוף",0.0223048327137546,0.0252365930599369,0.0637119113573407,0.00240384615384615,"מנוף"
1175,"עידן",0.0769230769230769,0.0675675675675676,0.154362416107383,0,"עידן"
1176,"ספיר",0.0857142857142857,0.0882352941176471,0.171597633136095,0.0357142857142857,"ספיר"
1177,"טללים",0.0307692307692308,0.0752688172043011,0.123456790123457,0.0141843971631206,"טללים"
1178,"מורשת",0.00928074245939675,0.00215982721382289,0.0962837837837838,0.0014265335235378,"מורשת"
1179,"קורנית",0.0315457413249211,0.0504451038575668,0.0934579439252336,0.0045045045045045,"קורנית"
1180,"צביה",0,0.0125,0.032967032967033,0,"צביה"
1181,"טל-אל",0.136363636363636,0.154334038054968,0.251366120218579,0.0378289473684211,"טלאל"
1182,"אלון הגליל",0.0282776349614396,0.0189125295508274,0.0705882352941176,0.0054249547920434,"אלוןהגליל"
1183,"כליל",0,0.0172413793103448,0.0267857142857143,0.00357142857142857,"כליל"
1184,"מתת",0.0921052631578947,0.0379746835443038,0.021505376344086,0.0188679245283019,"מתת"
1186,"הושעיה",0.0452261306532663,0.0233837689133425,0.151515151515152,0.00107066381156317,"הושעיה"
1188,"אשחר",0.0731707317073171,0.073469387755102,0.129476584022039,0.0157894736842105,"אשחר"
1190,"מצפה נטופה",0.0231660231660232,0.0278637770897833,0.129287598944591,0.00227790432801822,"מצפהנטופה"
1191,"בר יוחאי",0.0167597765363128,0.00485436893203883,0.159695817490494,0.00297619047619048,"בריוחאי"
1192,"ערערה-בנגב",0.0017996400719856,0.003003003003003,0.00607822410147992,0.00162118346392867,"ערערהבנגב"
1197,"נאות סמדר",0.0365853658536585,0.0377358490566038,0.0890052356020942,0.00497512437810945,"נאותסמדר"
1198,"כרמים",NA,NA,0.0574712643678161,0,"כרמים"
1199,"עדי",0.0456852791878173,0.0762331838565022,0.20042872454448,0.0129390018484288,"עדי"
1200,"מודיעין-מכבים-רעו",0.0519521164228151,0.0694754727667474,0.225309105471292,0.0218799908738307,"מודיעיןמכביםרעו"
1201,"כמון",0.0172413793103448,0.0299625468164794,0.0591715976331361,0.00259067357512953,"כמון"
1202,"מכמנים",0.00757575757575758,0.025974025974026,0.0578947368421053,0.00938967136150235,"מכמנים"
1203,"הררית",0.0353982300884956,0.0206896551724138,0.110429447852761,0.0050761421319797,"הררית"
1204,"גילון",0.0533642691415313,0.0878661087866109,0.125596184419714,0.0119225037257824,"גילון"
1205,"מנות",0,0.08,0.267676767676768,0.0167364016736402,"מנות"
1206,"גיתה",0.367924528301887,0.385321100917431,0.272058823529412,0.112781954887218,"גיתה"
1207,"לבון",0.0679611650485437,0.0391061452513966,0.18595041322314,0.0106761565836299,"לבון"
1208,"הילה",0.00809716599190283,0.0255591054313099,0.0544871794871795,0.00584795321637427,"הילה"
1209,"חרשים",0.0112359550561798,0.0170940170940171,0.015625,0,"חרשים"
1210,"כחל",0.0397350993377483,0.0337078651685393,0.0913705583756345,0.00452488687782805,"כחל"
1211,"קדרים",NA,NA,0.0540540540540541,0,"קדרים"
1212,"עמוקה",0.00952380952380952,0.0272727272727273,0.0701754385964912,0,"עמוקה"
1214,"טפחות",0.0338983050847458,0.03125,0.366120218579235,0.0106382978723404,"טפחות"
1219,"גורנות הגליל",0.138297872340426,0.144329896907216,0.166666666666667,0.0186915887850467,"גורנותהגליל"
1220,"אבירים",0.0348837209302326,0.0181818181818182,0.0714285714285714,0.00819672131147541,"אבירים"
1221,"צורית",0.0391061452513966,0.0985576923076923,0.0909090909090909,0.0172786177105832,"צורית"
1222,"מצפה אבי""ב",0.0245614035087719,0.0415430267062315,0.0995260663507109,0.00609756097560976,"מצפהאביב"
1223,"שדי אברהם",0.0752688172043011,0.121951219512195,0.105633802816901,0.0121212121212121,"שדיאברהם"
1224,"כוכב יאיר",0.0502577319587629,0.0600888888888889,0.180722891566265,0.019917695473251,"כוכביאיר"
1226,"יובלים",0.0256821829855538,0.0286144578313253,0.0691562932226833,0.00643500643500643,"יובלים"
1227,"יתד",0.0731707317073171,0.0973154362416107,0.165775401069519,0.0112359550561798,"יתד"
1228,"רקפת",0.0222222222222222,0.0671641791044776,0.107066381156317,0.0037243947858473,"רקפת"
1229,"כלנית",0.0833333333333333,0.0545454545454545,0.385245901639344,0,"כלנית"
1230,"לבנים",0.10062893081761,0.12568306010929,0.178403755868545,0.027027027027027,"לבנים"
1231,"פרי גן",0.0701754385964912,0.0933333333333333,0.271739130434783,0,"פריגן"
1232,"יבול",0.0514285714285714,0.0539568345323741,0.0858585858585859,0.0111731843575419,"יבול"
1233,"שקף",0.0218579234972678,0.0387323943661972,0.0979228486646884,0.010989010989011,"שקף"
1234,"קבועה (שבט)",0,0.00784313725490196,0.00606060606060606,0,"קבועהשבט"
1235,"שורשים",0.0143884892086331,0.0314465408805031,0.134529147982063,0.00738007380073801,"שורשים"
1236,"נירית",0.0432432432432432,0.045958795562599,0.106546854942234,0.00904392764857881,"נירית"
1237,"תלמי יוסף",0.0761904761904762,0.103703703703704,0.0864197530864197,0.00602409638554217,"תלמייוסף"
1238,"סופה",0.0708661417322835,0.0598290598290598,0.125,0.0277777777777778,"סופה"
1239,"חולית",NA,0.0943396226415094,0.107692307692308,0.0246913580246914,"חולית"
1240,"עין הבשור",0.0824468085106383,0.104910714285714,0.130346232179226,0.0174418604651163,"עיןהבשור"
1241,"דקל",0.134453781512605,0.206451612903226,0.196428571428571,0.0548780487804878,"דקל"
1242,"נתיב העשרה",0.108333333333333,0.108695652173913,0.148471615720524,0.022,"נתיבהעשרה"
1243,"קציר",NA,NA,0.178313253012048,0.072,"קציר"
1244,"תמרת",0.0232288037166086,0.0316593886462882,0.0669500531349628,0.00103842159916926,"תמרת"
1245,"סלמה",0,0,0.170351105331599,0.00099304865938431,"סלמה"
1246,"עראמשה",0,0.0102389078498294,0.0128205128205128,0,"עראמשה"
1247,"חריש",NA,0.169986719787517,0.218045112781955,0.0702179176755448,"חריש"
1249,"הרדוף",0.00561797752808989,0.0198019801980198,0.015625,0.00689655172413793,"הרדוף"
1251,"עין תמר",NA,0.0897435897435897,0.208333333333333,0.0476190476190476,"עיןתמר"
1252,"כורזים",0.0221238938053097,0.0590717299578059,0.112068965517241,0.0128755364806867,"כורזים"
1253,"אמנון",0.118110236220472,0.165413533834586,0.228187919463087,0.0239520958083832,"אמנון"
1254,"נטף",0.0101010101010101,0.00495049504950495,0.0429184549356223,0,"נטף"
1255,"לוטן",0,0.036144578313253,0.0277777777777778,0.0602409638554217,"לוטן"
1256,"אשרת",0.0651162790697674,0.127358490566038,0.34051724137931,0.0418118466898955,"אשרת"
1257,"חנתון",NA,0.0305343511450382,0.133574007220217,0.0150602409638554,"חנתון"
1258,"מסד",0.0362694300518135,0.0617283950617284,0.0849420849420849,0,"מסד"
1259,"נווה שלום",0,0,0,0,"נווהשלום"
1260,"רתמים",NA,NA,0.0955882352941176,0,"רתמים"
1261,"הר עמשא",NA,NA,0.0246913580246914,0.00813008130081301,"הרעמשא"
1262,"צוקים",NA,NA,0.0869565217391304,0.00961538461538462,"צוקים"
1263,"כפר ורדים",0.0337765001796622,0.0565544295521412,0.127987897125567,0.0116030534351145,"כפרורדים"
1264,"כרמי יוסף",0.0298507462686567,0.0292452830188679,0.134355275022543,0.00980392156862745,"כרמייוסף"
1265,"שומריה",NA,0.0196078431372549,0.0317460317460317,0,"שומריה"
1268,"מיתר",0.0571595217264509,0.0788270110304009,0.205620946432861,0.0150444495099157,"מיתר"
1271,"להבים",0.042953496627618,0.0667107001321004,0.18372026368587,0.0197084233261339,"להבים"
1272,"חלוץ",0.0136054421768707,0.0448717948717949,0.0612244897959184,0.012987012987013,"חלוץ"
1274,"גן נר",0.0902335456475584,0.121296296296296,0.271893244370309,0.0328102710413695,"גןנר"
1275,"אבטליון",0.0178571428571429,0.0526315789473684,0.102739726027397,0.0053475935828877,"אבטליון"
1280,"ניצני סיני",NA,0.0841121495327103,0.154255319148936,0.0350877192982456,"ניצניסיני"
1282,"מירב",0.0075187969924812,0.010752688172043,0.150485436893204,0,"מירב"
1283,"תל תאומים",0.0666666666666667,0.075187969924812,0.423728813559322,0.0283018867924528,"תלתאומים"
1284,"נופית",0.0305280528052805,0.0391143911439114,0.14680710994075,0.00709219858156028,"נופית"
1285,"כרכום",0.0267175572519084,0.0694444444444444,0.130434782608696,0.00597014925373134,"כרכום"
1286,"שגב-שלום",0.00179856115107914,0.0060189165950129,0.0039032006245121,0.00104112441436752,"שגבשלום"
1287,"שני",0.207100591715976,0.372881355932203,0.310160427807487,0.122727272727273,"שני"
1288,"גבעת אלה",0.0257558790593505,0.0358649789029536,0.0918181818181818,0.00569568755085435,"גבעתאלה"
1290,"זמר",0,0.000604229607250755,0.0124700239808153,0.000389408099688474,"זמר"
1291,"כמהין",NA,NA,0.115384615384615,0.0373134328358209,"כמהין"
1292,"ג'דיידה-מכר",0.000206185567010309,0.00178323756687141,0.0211891208096142,0.000813197026022305,"גדיידהמכר"
1293,"גבעת אבני",0.0422705314009662,0.0993914807302231,0.246195165622202,0.012531328320802,"גבעתאבני"
1294,"אור הגנוז",0,0,0,0,"אורהגנוז"
1295,"יאנוח-ג'ת",0.012609649122807,0.147647647647648,0.426524953789279,0.279645191409897,"יאנוחגת"
1296,"כסרא-סמיע",0.0521665965502735,0.175223214285714,0.335779277957147,0.412866958151156,"כסראסמיע"
1297,"כפר חנניה",0.0222222222222222,0.0742574257425743,0.243055555555556,0.0120481927710843,"כפרחנניה"
1303,"חורה",0.00142112742775936,0.00672268907563025,0.0126071608673727,0.00195822454308094,"חורה"
1304,"שוהם",0.0305541170378042,0.0451524180609672,0.206702282661486,0.0087151841868823,"שוהם"
1309,"אלעד",0.00228286811248314,0.00329032816694086,0.0167121180337039,0.000873832089803052,"אלעד"
1310,"לפיד",0.0396825396825397,0.0420248328557784,0.194304857621441,0.0091533180778032,"לפיד"
1311,"אבשלום",0.561643835616438,0.730337078651685,0.581818181818182,0.318840579710145,"אבשלום"
1313,"פוריה עילית",0.0617760617760618,0.126153846153846,0.323204419889503,0.0264900662251656,"פוריהעילית"
1314,"נווה זיו",0.050761421319797,0.100418410041841,0.222614840989399,0.0194174757281553,"נווהזיו"
1315,"מתן",0.0587349397590361,0.0772385509227615,0.161825726141079,0.0230263157894737,"מתן"
1316,"אל-עריאן",NA,NA,0,0,"אלעריאן"
1317,"דמיידה",0.00840336134453781,0.00884955752212389,0,0,"דמיידה"
1319,"בת חפר",0.0429594272076372,0.0692771084337349,0.136729222520107,0.0163236337828247,"בתחפר"
1320,"עין חוד",NA,0.0222222222222222,0,0,"עיןחוד"
1321,"ח'ואלד",0,0.00943396226415094,0.0505050505050505,0.00694444444444444,"חואלד"
1323,"בת הדר",0.0364963503649635,0.119791666666667,0.283524904214559,0.0186335403726708,"בתהדר"
1326,"בסמ""ה",0,0.000899280575539568,0.00363108206245461,0,"בסמה"
1327,"מעלה עירון",0,0.00359947643979058,0.00353535353535354,0.000540151242347857,"מעלהעירון"
1330,"אחוזת ברק",0.0634920634920635,0.115044247787611,0.247120418848168,0.0352233676975945,"אחוזתברק"
1331,"כמאנה",0,0.0025706940874036,0.0115740740740741,0,"כמאנה"
1332,"חוסנייה",0,0,0.00904977375565611,0,"חוסנייה"
1333,"נוף איילון",0.0043525571273123,0.00600600600600601,0.0588235294117647,0.00298730395817774,"נוףאיילון"
1334,"ראס אל-עין",0,0,0.0810810810810811,0.0072463768115942,"ראסאלעין"
1335,"ערב אל נעים",NA,0.025974025974026,0.486607142857143,0.00865800865800866,"ערבאלנעים"
1337,"שמשית",0.0178173719376392,0.0264187866927593,0.107638888888889,0.0103503184713376,"שמשית"
1338,"כדיתה",NA,NA,0.02,0.0153846153846154,"כדיתה"
1342,"אבו קרינאת (יישוב",NA,NA,0.0185185185185185,0,"אבוקרינאתיישוב"
1343,"מכחול",NA,NA,0,0,"מכחול"
1344,"גבעות בר",NA,0.109756097560976,0.196319018404908,0.015748031496063,"גבעותבר"
1345,"צור יצחק",NA,0.130434782608696,0.160481444332999,0.0168478260869565,"צוריצחק"
1346,"תראבין א-צאנע(ישו",NA,NA,0.0566037735849057,0,"תראביןאצאנעישו"
1347,"קצר א-סר",0,0.00389105058365759,0,0,"קצראסר"
1348,"ביר הדאג'",NA,0,0.0056657223796034,0,"בירהדאג"
1349,"דריג'את",0,0.0217391304347826,0.00961538461538462,0,"דריגאת"
1358,"אום בטין",0.0175438596491228,0.0100502512562814,0.0153550863723608,0.00169779286926995,"אוםבטין"
1359,"אל סייד",NA,0.0161290322580645,0,0,"אלסייד"
1361,"בת חן",NA,0.0447058823529412,0.128140703517588,0.0100502512562814,"בתחן"
1363,"בני נצרים",NA,NA,0.00847457627118644,0,"בנינצרים"
1366,"נווה",NA,NA,0,0,"נווה"
1370,"מצפה אילן",NA,NA,0.173913043478261,0,"מצפהאילן"
1412,"מחנה תל נוף",0.0530973451327434,0.018348623853211,0.204081632653061,0.0182926829268293,"מחנהתלנוף"
1414,"מחנה מרים",NA,NA,0.378787878787879,0,"מחנהמרים"
1415,"מחנה יפה",0.0854700854700855,0.0555555555555556,0.186666666666667,0.0454545454545455,"מחנהיפה"
1416,"מחנה יוכבד",NA,0.0555555555555556,0.164835164835165,0.0384615384615385,"מחנהיוכבד"
1417,"מחנה עדי",NA,NA,0.174603174603175,0.00826446280991736,"מחנהעדי"
1418,"מחנה טלי",0.08,0.0598290598290598,0.164948453608247,0.00909090909090909,"מחנהטלי"
1419,"ניצן ב'",NA,0.0727762803234501,0.214213197969543,0.0114107883817427,"ניצןב"
2002,"תנובות",0.0337423312883436,0.0601719197707736,0.197530864197531,0.00221238938053097,"תנובות"
2003,"תלמי אלעזר",0.0728476821192053,0.0706214689265537,0.275184275184275,0.0161662817551963,"תלמיאלעזר"
2008,"שדה יצחק",0.0320855614973262,0.0817307692307692,0.11284046692607,0.0037037037037037,"שדהיצחק"
2009,"יובל",0.0396039603960396,0.0995475113122172,0.243816254416961,0.00847457627118644,"יובל"
2010,"כפר בן נון",0.07981220657277,0.0697674418604651,0.185185185185185,0.0078740157480315,"כפרבןנון"
2011,"ינון",0.0190217391304348,0.0690476190476191,0.374493927125506,0.0173775671406003,"ינון"
2012,"אורות",0.0334928229665072,0.0245901639344262,0.133333333333333,0.009375,"אורות"
2013,"בן שמן (מושב)",0.0464396284829721,0.0678466076696165,0.211627906976744,0.00871459694989107,"בןשמןמושב"
2014,"גבעולים",0.0215827338129496,0.0763888888888889,0.421052631578947,0.00471698113207547,"גבעולים"
2015,"שדי חמד",0.0434782608695652,0.0695067264573991,0.128014842300557,0.015929203539823,"שדיחמד"
2016,"רוויה",0.0275229357798165,0.0487804878048781,0.295774647887324,0,"רוויה"
2018,"גבעת חיים (איחוד)",0.0163934426229508,0.0120481927710843,0.013719512195122,0.00723589001447178,"גבעתחייםאיחוד"
2021,"אשל הנשיא",0.0303030303030303,0.103448275862069,0.142857142857143,0.0169491525423729,"אשלהנשיא"
2023,"להב",0.00749063670411985,0.0209205020920502,0.041522491349481,0.00346020761245675,"להב"
2024,"אום אל-קוטוף",0,0,0.0129032258064516,0,"אוםאלקוטוף"
2026,"ירדנה",0.105555555555556,0.0754716981132075,0.368098159509202,0.0102564102564103,"ירדנה"
2029,"מדרך עוז",0.0191570881226054,0.121212121212121,0.332317073170732,0.0434782608695652,"מדרךעוז"
2030,"מנוחה",0.0612244897959184,0.0883977900552486,0.408888888888889,0,"מנוחה"
2033,"בית חלקיה",0.00490196078431373,0,0.00340136054421769,0,"ביתחלקיה"
2034,"חצור הגלילית",0.173695308381655,0.165212929707542,0.333861475780896,0.054176072234763,"חצורהגלילית"
2035,"עדנים",0.0563380281690141,0.0324074074074074,0.16,0.0174672489082969,"עדנים"
2038,"ברקת",0.0174418604651163,0.032590051457976,0.145228215767635,0.00117233294255569,"ברקת"
2042,"עין גדי",0.0135135135135135,0.0284697508896797,0.100977198697068,0.00680272108843537,"עיןגדי"
2043,"בחן",0.0233918128654971,0.0444444444444444,0.0826210826210826,0.0119617224880383,"בחן"
2044,"מלילות",0.0666666666666667,0.0492957746478873,0.333333333333333,0.0233918128654971,"מלילות"
2045,"נחלה",0.0591133004926108,0.0555555555555556,0.197718631178707,0.00597014925373134,"נחלה"
2046,"סגולה",0.0050761421319797,0.0167364016736402,0.172413793103448,0.0123456790123457,"סגולה"
2047,"ניר משה",0.0171428571428571,0.0536585365853659,0.227450980392157,0.00357142857142857,"נירמשה"
2048,"ניר עקיבא",0.0597014925373134,0.123376623376623,0.125523012552301,0.00318471337579618,"נירעקיבא"
2049,"שדה צבי",0.045045045045045,0.06,0.283582089552239,0.0144927536231884,"שדהצבי"
2050,"תלמי ביל""ו",0.0522875816993464,0.173333333333333,0.372093023255814,0.0232558139534884,"תלמיבילו"
2051,"רווחה",0.0292682926829268,0.0419847328244275,0.295302013422819,0.0120481927710843,"רווחה"
2052,"אביטל",0.0666666666666667,0.149425287356322,0.371647509578544,0.00347222222222222,"אביטל"
2053,"פרזון",0.101604278074866,0.164705882352941,0.461928934010152,0.00440528634361234,"פרזון"
2054,"מיטב",0.108374384236453,0.0837209302325581,0.422413793103448,0.0183823529411765,"מיטב"
2055,"מאור",0.0300546448087432,0.0546697038724374,0.220614828209765,0.0114566284779051,"מאור"
2057,"שדי תרומות",0.0405405405405405,0.159090909090909,0.522727272727273,0.012987012987013,"שדיתרומות"
2059,"פעמי תש""ז",0.025,0.0591715976331361,0.21078431372549,0.00757575757575758,"פעמיתשז"
2060,"ברוש",0.048,0.114754098360656,0.271604938271605,0.0108108108108108,"ברוש"
2061,"תדהר",0.056,0.0660377358490566,0.223529411764706,0.0175438596491228,"תדהר"
2062,"תאשור",0.0718954248366013,0.141025641025641,0.110429447852761,0.04,"תאשור"
2063,"דישון",0.242774566473988,0.228155339805825,0.469387755102041,0,"דישון"
2064,"זרועה",0.0380952380952381,0.0720720720720721,0.507462686567164,0.0175438596491228,"זרועה"
2100,"טירת כרמל",0.100953796605971,0.17038656235619,0.392860870472811,0.0501087264819892,"טירתכרמל"
2200,"דימונה",0.227190082644628,0.239993384055574,0.317772494777033,0.097883433678853,"דימונה"
2300,"קרית טבעון",0.0419392073874567,0.0589298626174982,0.150251146538546,0.0142600612654484,"קריתטבעון"
2400,"אור יהודה",0.0935856167072309,0.0918856979159206,0.32867220176041,0.033585313174946,"אוריהודה"
2500,"נשר",0.205120541940626,0.242060949940514,0.368096083904254,0.122301036713696,"נשר"
2530,"באר יעקב",0.060905612244898,0.0954380072767982,0.273725834797891,0.0201421800947867,"באריעקב"
2550,"גדרה",0.0385491216655823,0.0756204756980352,0.268898893265804,0.0259894683200272,"גדרה"
2560,"ערד",0.280363115145724,0.323493807617097,0.334975369458128,0.148735463934293,"ערד"
2600,"אילת",0.0730196471029909,0.150533363595098,0.302323174833135,0.05589381926497,"אילת"
2610,"בית שמש",0.103604227237067,0.119296152699075,0.227790355827392,0.038992856721176,"ביתשמש"
2620,"קרית אונו",0.047701228772608,0.063764183522447,0.209319724255865,0.0218050259118021,"קריתאונו"
2630,"קרית גת",0.207157959878294,0.254856988667026,0.3683797225373,0.123966318015331,"קריתגת"
2640,"ראש העין",0.0559827745309136,0.0738795126858165,0.263152882921487,0.0194223948657321,"ראשהעין"
2650,"רמת השרון",0.0270406757873474,0.0367161174565665,0.154443181372741,0.0107752956636005,"רמתהשרון"
2660,"יבנה",0.0604354096559302,0.0956117772615983,0.300017046423092,0.0307832838547614,"יבנה"
2710,"אום אל-פחם",0.000650618087182824,0.000481331224644159,0.00119919212320121,0.000295261059987205,"אוםאלפחם"
2720,"טירה",0.000421525923844316,0.000962116656644618,0.00353921680557141,0.000172250452157437,"טירה"
2730,"טייבה",0.000761163734776725,0.000456273764258555,0.00159616919393456,0.00055663790704147,"טייבה"
2800,"קרית שמונה",0.167945823927765,0.220173535791757,0.367382061145981,0.10564257742969,"קריתשמונה"
3000,"ירושלים",0.065532041129777,0.0634736700611376,0.205931019038812,0.0236284010874078,"ירושלים"
3400,"חברון",0.00888888888888889,0.0182648401826484,0.0850202429149798,0,"חברון"
3488,"כפר עציון",0.0232558139534884,0.0069204152249135,0.136222910216718,0.0029673590504451,"כפרעציון"
3555,"נתיב הגדוד",0.0540540540540541,0.0571428571428571,0.197530864197531,0.0285714285714286,"נתיבהגדוד"
3556,"אלמוג",0.0317460317460317,0.0434782608695652,0.0961538461538462,0,"אלמוג"
3557,"קדומים",0.0442532267977873,0.0334310850439883,0.114678899082569,0.00684596577017115,"קדומים"
3558,"תומר",0.1,0.128048780487805,0.296703296703297,0.0397727272727273,"תומר"
3560,"אלקנה",0.0267409470752089,0.0263881253435954,0.128093158660844,0.00286532951289398,"אלקנה"
3561,"מגדל עוז",0.0301204819277108,0.0126582278481013,0.0677966101694915,0.00578034682080925,"מגדלעוז"
3563,"תקוע",0.165594855305466,0.105193075898802,0.228926353149956,0.0288263555250515,"תקוע"
3564,"כוכב השחר",0.0170648464163823,0.00851063829787234,0.0667490729295426,0.00114810562571757,"כוכבהשחר"
3565,"רימונים",0.149425287356322,0.122302158273381,0.471631205673759,0.0349206349206349,"רימונים"
3566,"יפית",0.0454545454545455,0.0923076923076923,0.415384615384615,0,"יפית"
3567,"סלעית",0.0717299578059072,0.031496062992126,0.181818181818182,0.00315457413249211,"סלעית"
3568,"ריחן",0.0508474576271186,0.166666666666667,0.157303370786517,0,"ריחן"
3569,"מבוא דותן",0.08,0.153225806451613,0.455882352941176,0.0828402366863905,"מבואדותן"
3570,"אריאל",0.346013266549343,0.312089201877934,0.534245064519687,0.159514253370382,"אריאל"
3571,"שבי שומרון",0.048048048048048,0.0584958217270195,0.328083989501312,0.0147058823529412,"שבישומרון"
3572,"כפר תפוח",0.0266666666666667,0.026246719160105,0.147704590818363,0,"כפרתפוח"
3573,"חלמיש",0.020952380952381,0.0128913443830571,0.124125874125874,0.00635930047694754,"חלמיש"
3574,"בית אל",0.0127248793330408,0.0099626400996264,0.0799095363739163,0.000733675715333822,"ביתאל"
3575,"בית חורון",0.0656167979002625,0.0451745379876797,0.270547945205479,0.00495049504950495,"ביתחורון"
3576,"מצפה יריחו",0.00998336106489185,0.0223463687150838,0.117971334068357,0,"מצפהיריחו"
3578,"שדמות מחולה",0.0287081339712919,0.0114942528735632,0.0423728813559322,0,"שדמותמחולה"
3579,"אלון מורה",0.0283185840707965,0.0161030595813204,0.13006993006993,0.00133155792276964,"אלוןמורה"
3598,"ארגמן",0.075,0.109756097560976,0.2625,0.0344827586206897,"ארגמן"
3599,"מחולה",0.0100502512562814,0.0150753768844221,0.113074204946996,0.0093167701863354,"מחולה"
3601,"קליה",0.0808823529411765,0.0763888888888889,0.2,0.0118110236220472,"קליה"
3602,"ראש צורים",0.015625,0.0114068441064639,0.105398457583548,0.0024330900243309,"ראשצורים"
3603,"הר גילה",0.0572687224669604,0.0588235294117647,0.318637274549098,0.0188133140376266,"הרגילה"
3604,"אלון שבות",0.0206117021276596,0.0124567474048443,0.147382029734971,0.00180831826401447,"אלוןשבות"
3605,"משואה",0.148148148148148,0.0930232558139535,0.474226804123711,0.0104166666666667,"משואה"
3606,"גלגל",0.0147058823529412,0.15625,0.157142857142857,0,"גלגל"
3607,"ייט""ב",0.40506329113924,0.5,0.475,0.37956204379562,"ייטב"
3608,"מעלה אפרים",0.13986013986014,0.182905982905983,0.304940374787053,0.0609375,"מעלהאפרים"
3609,"חמרה",0.05,0.144736842105263,0.25,0,"חמרה"
3610,"מצפה שלם",0.0694444444444444,0.0333333333333333,0.0769230769230769,0.0272727272727273,"מצפהשלם"
3611,"קרית ארבע",0.135197242435848,0.12165725047081,0.198643410852713,0.047905995781862,"קריתארבע"
3612,"בקעות",0.0813953488372093,0.0645161290322581,0.333333333333333,0,"בקעות"
3613,"גיתית",0.08,0.106194690265487,0.172131147540984,0.0133333333333333,"גיתית"
3614,"מכורה",0.0921052631578947,0.0972222222222222,0.28,0,"מכורה"
3615,"פצאל",0.0958904109589041,0.123287671232877,0.35031847133758,0.00568181818181818,"פצאל"
3616,"מעלה אדומים",0.155968336076495,0.151159672878402,0.41775167599313,0.0628398791540786,"מעלהאדומים"
3617,"עופרה",0.0169794459338695,0.0187449062754686,0.110797459421313,0.00270453008789723,"עופרה"
3618,"אלעזר",0.0371819960861057,0.0276625172890733,0.15650406504065,0.002710027100271,"אלעזר"
3619,"רועי",0.00735294117647059,0.0461538461538462,0.20863309352518,0.012987012987013,"רועי"
3620,"נירן",0.0555555555555556,0,0,0,"נירן"
3637,"מעלה שומרון",0.169934640522876,0.112956810631229,0.374358974358974,0.0238611713665944,"מעלהשומרון"
3638,"כפר אדומים",0.0905263157894737,0.0464919695688926,0.290322580645161,0.0142772159428911,"כפראדומים"
3639,"ורד יריחו",0.10752688172043,0.165137614678899,0.273381294964029,0,"ורדיריחו"
3640,"קרני שומרון",0.111965240641711,0.115138592750533,0.259994247914869,0.0447842708902239,"קרנישומרון"
3641,"שילה",0.0233990147783251,0.00982532751091703,0.111305872042068,0.000763941940412529,"שילה"
3643,"חיננית",0.321554770318021,0.307471264367816,0.463894967177243,0.256972111553785,"חיננית"
3644,"גבעון החדשה",0.27158273381295,0.16006600660066,0.329041487839771,0.0360480640854473,"גבעוןהחדשה"
3645,"בית הערבה",0.102564102564103,0.194444444444444,0.355555555555556,0.0784313725490196,"ביתהערבה"
3647,"יקיר",0.0329896907216495,0.0188323917137476,0.138020833333333,0.00121359223300971,"יקיר"
3648,"מתתיהו",0.0078740157480315,0,0.0510204081632653,0,"מתתיהו"
3649,"שקד",0.116465863453815,0.179310344827586,0.341736694677871,0.0556962025316456,"שקד"
3650,"אפרת",NA,0.0286014169509315,0.219506624029237,0.00656598818122127,"אפרת"
3651,"מעלה מכמש",0.019047619047619,0.0156555772994129,0.11525974025974,0.00440528634361234,"מעלהמכמש"
3652,"בית אריה",0.121452145214521,0.114351057747284,0.417461832061069,0.0199667221297837,"ביתאריה"
3653,"מעלה עמוס",0.00970873786407767,0.00934579439252336,0.025974025974026,0.00632911392405063,"מעלהעמוס"
3654,"ברקן",0.26,0.183791606367583,0.476493011435832,0.0390625,"ברקן"
3655,"ניל""י",0.181585677749361,0.168181818181818,0.394190871369295,0.0463378176382661,"נילי"
3656,"כרמל",0,0,0.0769230769230769,0.00467289719626168,"כרמל"
3657,"מעון",0,0.00666666666666667,0.0352941176470588,0,"מעון"
3658,"עטרת",0.0235294117647059,0.0301507537688442,0.0845070422535211,0.0122950819672131,"עטרת"
3659,"פסגות",0.00843881856540084,0.00679347826086957,0.115869017632242,0,"פסגות"
3660,"עמנואל",0.00840336134453781,0.0154545454545455,0.0176923076923077,0.00072463768115942,"עמנואל"
3709,"מבוא חורון",0.00238663484486874,0.00185528756957328,0.0467914438502674,0,"מבואחורון"
3710,"ברכה",0.00643776824034335,0.0142348754448399,0.521246458923513,0.00122549019607843,"ברכה"
3712,"ענב",0.0568181818181818,0.036101083032491,0.108938547486034,0.00280112044817927,"ענב"
3713,"נעמ""ה",NA,0.147540983606557,0.315789473684211,0.025974025974026,"נעמה"
3715,"עלמון",0.180981595092025,0.112781954887218,0.47212543554007,0.040625,"עלמון"
3717,"חרמש",0.183098591549296,0.302325581395349,0.356435643564356,0.239669421487603,"חרמש"
3719,"תלם",0.0344827586206897,0.0735294117647059,0.0947368421052632,0.02,"תלם"
3720,"שערי תקווה",0.081858407079646,0.085933749399904,0.298727128082737,0.0175932441942294,"שעריתקווה"
3722,"אשכולות",0.1875,0.0680628272251309,0.171875,0.0181818181818182,"אשכולות"
3723,"פני חבר",0,0,0.0588235294117647,0,"פניחבר"
3725,"נווה דניאל",0.0228758169934641,0.027027027027027,0.153170731707317,0.00183654729109275,"נווהדניאל"
3726,"נוקדים",0.398089171974522,0.322666666666667,0.412541254125413,0.157407407407407,"נוקדים"
3727,"עלי זהב",0.136054421768707,0.119402985074627,0.384892086330935,0.0226415094339623,"עליזהב"
3730,"גבעת זאב",0.105144957125357,0.0879893576586849,0.306542869577833,0.0152524993591387,"גבעתזאב"
3743,"טנא",0.0930232558139535,0.0885608856088561,0.212025316455696,0.0414364640883978,"טנא"
3744,"ברוכין",NA,NA,0.323943661971831,0,"ברוכין"
3745,"מצדות יהודה",0.0434782608695652,0.0248756218905473,0.0622222222222222,0,"מצדותיהודה"
3746,"קרית נטפים",0.133333333333333,0.037037037037037,0.237735849056604,0.00980392156862745,"קריתנטפים"
3747,"דולב",0.00488997555012225,0.00198807157057654,0.0700854700854701,0.00164473684210526,"דולב"
3748,"עתניאל",0.00359712230215827,0.0072992700729927,0.14,0,"עתניאל"
3749,"יצהר",0.00431034482758621,0.0103806228373702,0.0538461538461538,0,"יצהר"
3750,"אלפי מנשה",0.079042784626541,0.104022988505747,0.318518518518519,0.0247816851545905,"אלפימנשה"
3751,"מגדלים",0.14,0.333333333333333,0.373134328358209,0.0752688172043011,"מגדלים"
3752,"מעלה לבונה",0.0267857142857143,0.0355555555555556,0.0574712643678161,0.0103806228373702,"מעלהלבונה"
3754,"אספר",0,0.0113636363636364,0.0116279069767442,0.0108108108108108,"אספר"
3756,"סוסיה",0.004,0,0.0551181102362205,0,"סוסיה"
3759,"אדורה",0.10958904109589,0.0970873786407767,0.208333333333333,0.0170454545454545,"אדורה"
3760,"אורנית",0.0470278404815651,0.07689863361932,0.266901231465192,0.0161255643947538,"אורנית"
3762,"איתמר",0.0265486725663717,0.00743494423791822,0.0630372492836676,0.00251256281407035,"איתמר"
3763,"גבע בנימין",0.101910828025478,0.110573600552868,0.312465064281722,0.025451180009255,"גבעבנימין"
3764,"חגי",0.0184049079754601,0.00495049504950495,0.0841121495327103,0,"חגי"
3765,"עלי",0.0612449799196787,0.0550284629981025,0.130752373995617,0.0104918032786885,"עלי"
3766,"כרמי צור",0.008,0.0218978102189781,0.0861618798955614,0,"כרמיצור"
3767,"נחליאל",0,0,0.0358974358974359,0.00409836065573771,"נחליאל"
3768,"פדואל",0.035377358490566,0.00433839479392625,0.0780984719864177,0,"פדואל"
3769,"הר אדר",0.0278004905968929,0.0427509293680297,0.172482552342971,0.0117647058823529,"הראדר"
3770,"חשמונאים",0.0188679245283019,0.0133928571428571,0.170552147239264,0.00288018433179724,"חשמונאים"
3778,"עץ אפרים",0.140522875816993,0.138211382113821,0.347280334728033,0.0311332503113325,"עץאפרים"
3779,"כוכב יעקב",0.00600109110747409,0.0124750499001996,0.0508957654723127,0.0014903129657228,"כוכביעקב"
3780,"ביתר עילית",0.0032137806916056,0.00276073619631902,0.00978781167393013,0.00162744116174261,"ביתרעילית"
3781,"קדר",0.151898734177215,0.171779141104294,0.447265625,0.0106707317073171,"קדר"
3784,"שמעה",0.0555555555555556,0.145038167938931,0.347826086956522,0.033175355450237,"שמעה"
3787,"נעלה",0.15358361774744,0.185840707964602,0.327450980392157,0.041335453100159,"נעלה"
3788,"טלמון",0.00940438871473354,0.00608272506082725,0.0693842150910668,0,"טלמון"
3790,"נופים",0.183673469387755,0.189054726368159,0.551181102362205,0.058252427184466,"נופים"
3791,"צופים",0.0642458100558659,0.0817204301075269,0.261838440111421,0.0130010834236186,"צופים"
3793,"אבני חפץ",0.0106951871657754,0.00677200902934537,0.090625,0.00545702592087312,"אבניחפץ"
3794,"בת עין",0.004149377593361,0.0471380471380471,0.0521739130434783,0,"בתעין"
3795,"רבבה",0.00359712230215827,0,0.0688468158347676,0.0013986013986014,"רבבה"
3796,"כפר האורנים",0.0180645161290323,0.0293453724604966,0.143531633616619,0.00454959053685168,"כפרהאורנים"
3797,"מודיעין עילית",0.00179856115107914,0.00110497237569061,0.00588422391857506,0.000755058894593778,"מודיעיןעילית"
4000,"חיפה",0.122128648616016,0.162927770766832,0.261102301184676,0.0803022198448783,"חיפה"
4001,"בוקעאתא",0.188888888888889,0.480519480519481,0.888888888888889,0,"בוקעאתא"
4002,"אלי-עד",0.158333333333333,0.189189189189189,0.0697674418604651,0.0386740331491713,"אליעד"
4003,"אל-רום",0.0192307692307692,0.0736196319018405,0.0702702702702703,0.0146341463414634,"אלרום"
4004,"כפר חרוב",0.0367647058823529,0.144508670520231,0.0903614457831325,0.00930232558139535,"כפרחרוב"
4005,"חספין",0.00246913580246914,0.00449438202247191,0.0721062618595825,0.00347222222222222,"חספין"
4006,"קשת",0.0230769230769231,0.00790513833992095,0.0580204778156997,0,"קשת"
4007,"יונתן",0.0512820512820513,0.0568181818181818,0.146919431279621,0,"יונתן"
4008,"מעלה גמלא",0.0591715976331361,0.0964467005076142,0.103305785123967,0.0198412698412698,"מעלהגמלא"
4009,"שעל",0.25503355704698,0.223776223776224,0.296551724137931,0.0235294117647059,"שעל"
4010,"אודם",0.0217391304347826,0.137931034482759,0.174603174603175,0.0125,"אודם"
4011,"אבני איתן",0.0597826086956522,0.0348258706467662,0.113970588235294,0,"אבניאיתן"
4012,"אניעם",0.069620253164557,0.155172413793103,0.153846153846154,0.010752688172043,"אניעם"
4013,"אורטל",0.0423728813559322,0.0909090909090909,0.119718309859155,0.0246913580246914,"אורטל"
4014,"נטור",NA,NA,0.266666666666667,0.02,"נטור"
4015,"בני יהודה",0.0679824561403509,0.14468085106383,0.166071428571429,0.0387722132471729,"בנייהודה"
4017,"אלוני הבשן",0,0.0176991150442478,0.15,0,"אלוניהבשן"
4021,"גבעת יואב",0.116666666666667,0.130597014925373,0.187290969899666,0.0495626822157434,"גבעתיואב"
4022,"גשור",0.0754716981132075,0.087719298245614,0.111111111111111,0.0072992700729927,"גשור"
4024,"קלע",NA,0.3,0.174603174603175,0.0645161290322581,"קלע"
4025,"קדמת צבי",0.0457516339869281,0.104046242774566,0.16243654822335,0.0271493212669683,"קדמתצבי"
4026,"חד-נס",0.0790960451977401,0.116731517509728,0.216901408450704,0.0143198090692124,"חדנס"
4028,"כנף",0.150943396226415,0.111888111888112,0.146198830409357,0.0104712041884817,"כנף"
4100,"קצרין",0.198058950395399,0.283270612384536,0.33006329113924,0.18557582668187,"קצרין"
4101,"מרום גולן",0.0317460317460317,0.0398550724637681,0.11864406779661,0.0140845070422535,"מרוםגולן"
4201,"מג'דל שמס",0.2,0.5,0.699029126213592,0.0186915887850467,"מגדלשמס"
4203,"מסעדה",0.270833333333333,0.384615384615385,0.65625,0.04,"מסעדה"
4204,"מבוא חמה",0.0511363636363636,0.0945273631840796,0.0545454545454545,0.00829875518672199,"מבואחמה"
4301,"אפיק",0.0344827586206897,0.189189189189189,0.101694915254237,0.0185185185185185,"אפיק"
4303,"נווה אטי""ב",0.10989010989011,0.118811881188119,0.504672897196262,0.0648148148148148,"נווהאטיב"
4304,"נוב",0.0361842105263158,0.0285714285714286,0.133903133903134,0.00789473684210526,"נוב"
4501,"ע'ג'ר",0.00325732899022801,0,0.334656084656085,0.0043859649122807,"עגר"
4503,"עין זיוון",0.0683760683760684,0.0756302521008403,0.0878378378378378,0.038961038961039,"עיןזיוון"
4551,"נאות גולן",0.0925925925925926,0.193548387096774,0.13302752293578,0.0474308300395257,"נאותגולן"
4701,"רמת מגשימים",0.0733333333333333,0.0815217391304348,0.128048780487805,0,"רמתמגשימים"
4702,"רמות",0.0316901408450704,0.0758620689655172,0.118380062305296,0.00925925925925926,"רמות"
5000,"תל אביב - יפו",0.0427626765848386,0.0609107142857143,0.175062576306344,0.0208383554305611,"תלאביביפו"
6000,"באקה אל-גרביה",NA,0.000418848167539267,0.0019996923550223,0.000199560965875075,"באקהאלגרביה"
6100,"בני ברק",0.0183299725628905,0.0214714738385383,0.0402810491436784,0.00677935920428384,"בניברק"
6200,"בת ים",0.16903427818062,0.220725891197155,0.366447779862414,0.128804762184036,"בתים"
6300,"גבעתיים",0.0330697088465845,0.0480125665892638,0.174295993052971,0.0132294093053814,"גבעתיים"
6400,"הרצליה",0.0545196769204331,0.0743513183901762,0.215864044899721,0.0266947337046627,"הרצליה"
6500,"חדרה",0.152588727169847,0.194808126410835,0.340712323085696,0.0837767741358494,"חדרה"
6600,"חולון",0.0865778125267234,0.124364665026103,0.308381949210707,0.0548773318701991,"חולון"
6700,"טבריה",0.140056949870869,0.157838916963005,0.35379836204462,0.061328453434888,"טבריה"
6800,"קרית אתא",0.149153722316495,0.200273026579941,0.354986276303751,0.0850467605253385,"קריתאתא"
6900,"כפר סבא",0.0727698990966971,0.0891112751269917,0.224510733850829,0.0338544894381784,"כפרסבא"
7000,"לוד",0.193128881987578,0.21950864422202,0.333309866591573,0.103020428625141,"לוד"
7100,"אשקלון",0.223865698729583,0.273742343608796,0.418162444195403,0.150503700018656,"אשקלון"
7200,"נס ציונה",0.0620726638959646,0.0734864539778911,0.223632446609217,0.0229664272590613,"נסציונה"
7300,"נצרת",0.000950816838101824,0.00243935492614175,0.0124165313120375,0.0038890089200284,"נצרת"
7400,"נתניה",0.134975330879474,0.163444639718805,0.34319373422228,0.0798725679827057,"נתניה"
7500,"סח'נין",9.53107129241327e-05,0.000235552763819095,0.00913345410628019,0.000724542221051245,"סחנין"
7600,"עכו",0.171949248028217,0.220733680992627,0.32772186642269,0.101675152551595,"עכו"
7700,"עפולה",0.19737090383043,0.223902248507504,0.427689594356261,0.109525056748734,"עפולה"
7800,"פרדס חנה-כרכור",0.105647947296537,0.124836125273125,0.26806455556914,0.0393080097344196,"פרדסחנהכרכור"
7900,"פתח תקווה",0.110773780849848,0.150002527678075,0.290159540982427,0.0672132465235914,"פתחתקווה"
8000,"צפת",0.130718954248366,0.140207715133531,0.280940692057962,0.0796252927400468,"צפת"
8200,"קרית מוצקין",0.125812918683683,0.19167898042113,0.310226961990703,0.0929311269756118,"קריתמוצקין"
8300,"ראשון לציון",0.1097412109375,0.144847590189832,0.31343890861223,0.0688266453813221,"ראשוןלציון"
8400,"רחובות",0.102801753268069,0.125397424152611,0.269731443191144,0.0526217174483295,"רחובות"
8500,"רמלה",0.10450368029276,0.152535657686212,0.340639401966832,0.058858679414401,"רמלה"
8600,"רמת גן",0.0506363428832325,0.0703304329258528,0.227058442044349,0.025456382303879,"רמתגן"
8700,"רעננה",0.0412471924957062,0.0513139520121874,0.192015162928584,0.0147985621586294,"רעננה"
8800,"שפרעם",0.0546553385302619,0.144036519036519,0.123496080105565,0.135773710482529,"שפרעם"
8900,"טמרה",0.00237529691211401,0.000838574423480084,0.0112933168316832,0.000188548802715103,"טמרה"
9000,"באר שבע",0.201377150932417,0.249791273297111,0.379916132272722,0.120644756209278,"בארשבע"
9100,"נהריה",0.146501739466564,0.221222812390959,0.369771863117871,0.10992141453831,"נהריה"
9200,"בית שאן",0.0532562385879489,0.0778612962700326,0.351539942252166,0.0253463645150897,"ביתשאן"
9300,"זכרון יעקב",0.0258132490451732,0.0483407968767941,0.174708503175656,0.0132853347047227,"זכרוןיעקב"
9400,"יהוד-מונוסון",NA,0.0815845824411135,0.260092568783749,0.0221499939809799,"יהודמונוסון"
9500,"קרית ביאליק",0.12662574133805,0.182080780915384,0.317804383508738,0.0805720572057206,"קריתביאליק"
9600,"קרית ים",0.238662131519274,0.299346474682535,0.424623774317026,0.171533019987656,"קריתים"
9700,"הוד השרון",0.0426165441518563,0.0601497572615815,0.190108975055212,0.0194419030192132,"הודהשרון"
9800,"בנימינה-גבעת עדה",0.0445031497663077,0.0655679603048024,0.172668513388735,0.012767178310142,"בנימינהגבעתעדה"
