"SEMEL_YISHUV","year","loc","locality","lat","long","distance","semel_map","treated","temporal_distance","number_of_red_alerts","temporal_group","turnover_percentage","post","year_election","X","SHEM_YISHUV","SHEM_YISHUV_ENGLISH","Religion_yishuv_Code","Religion_yishuv_Txt","Pop_Total","Male_Total","Female_Total","age_0_14","age_15_19","age_20_29","age_30_64","age_65_up","Shape_Area","density","age_65_up_percentage","ntl"
13,2009,"חצבה","חצבה",30.76713,35.2739275,102.693540069311,13,0,NA,NA,"no_red_alert",0.71461716937355,FALSE,2009,NA,NA,NA,NA,NA,NA,NA,NA,NA,NA,NA,NA,NA,NA,NA,NA,NA
13,2013,"חצבה","חצבה",30.76713,35.2739275,102.693540069311,13,0,NA,NA,"no_red_alert",0.75704989154013,FALSE,2013,47,"חצבה","HAZEVA",1,"יהודי",490,250,240,140,20,60,210,50,18.1046701907972,27.0648398913708,0.102040816326531,12.875
13,2015,"חצבה","חצבה",30.76713,35.2739275,102.693540069311,13,0,NA,NA,"no_red_alert",0.763713080168776,TRUE,2015,54,"חצבה","HAZEVA",1,"יהודי",570,280,290,170,50,50,210,70,18.1046701907972,31.4835892613905,0.12280701754386,11.25
13,2019,"חצבה","חצבה",30.76713,35.2739275,102.693540069311,13,0,NA,NA,"no_red_alert",0.743027888446215,TRUE,2019.4,55,"חצבה","HAZEVA",1,"יהודי",620,312,308,186,74,36,213,0,18.1046701907972,34.2453076176528,0,NA
13,2019,"חצבה","חצבה",30.76713,35.2739275,102.693540069311,13,0,NA,NA,"no_red_alert",0.802788844621514,TRUE,2019,55,"חצבה","HAZEVA",1,"יהודי",620,312,308,186,74,36,213,0,18.1046701907972,34.2453076176528,0,NA
13,2020,"חצבה","חצבה",30.76713,35.2739275,102.693540069311,13,0,NA,NA,"no_red_alert",0.763005780346821,TRUE,2020,58,"חצבה","HAZEVA",1,"יהודי",695,351,337,202,131,24,223,0,18.1046701907972,38.3878851520463,0,NA
13,2021,"חצבה","חצבה",30.76713,35.2739275,102.693540069311,13,0,NA,NA,"no_red_alert",0.717996289424861,TRUE,2021,48,"חצבה","HAZEVA",1,"יהודי",693,350,343,170,146,40,219,0,18.1046701907972,38.2774164177958,0,NA
13,2022,"חצבה","חצבה",30.76713,35.2739275,102.693540069311,13,0,NA,NA,"no_red_alert",0.720848056537102,TRUE,2022,52,"חצבה","HAZEVA",1,"יהודי",723,368,355,185,136,51,230,0,18.1046701907972,39.9344474315532,0,NA
33,2009,"בתשלמה","בת שלמה",32.5997835,35.004929,121.028497726126,33,1,232,3,"temporal_distance > 200",0.724242424242424,FALSE,2009,NA,NA,NA,NA,NA,NA,NA,NA,NA,NA,NA,NA,NA,NA,NA,NA,NA
33,2013,"בתשלמה","בת שלמה",32.5997835,35.004929,121.028497726126,33,1,232,3,"temporal_distance > 200",0.785522788203753,FALSE,2013,233,"בת שלמה","BAT SHELOMO",1,"יהודי",570,290,280,170,40,70,260,30,0.579318823054349,983.914171810926,0.0526315789473684,38
33,2015,"בתשלמה","בת שלמה",32.5997835,35.004929,121.028497726126,33,1,232,3,"temporal_distance > 200",0.81360201511335,TRUE,2015,232,"בת שלמה","BAT SHELOMO",1,"יהודי",610,310,300,180,30,70,280,40,0.579318823054349,1052.96078035906,0.0655737704918033,35
33,2019,"בתשלמה","בת שלמה",32.5997835,35.004929,121.028497726126,33,1,232,3,"temporal_distance > 200",0.777011494252874,TRUE,2019.4,236,"בת שלמה","BAT SHELOMO",1,"יהודי",656,327,329,199,44,71,290,0,0.579318823054349,1132.36438018942,0,NA
33,2019,"בתשלמה","בת שלמה",32.5997835,35.004929,121.028497726126,33,1,232,3,"temporal_distance > 200",0.828703703703704,TRUE,2019,236,"בת שלמה","BAT SHELOMO",1,"יהודי",656,327,329,199,44,71,290,0,0.579318823054349,1132.36438018942,0,NA
33,2020,"בתשלמה","בת שלמה",32.5997835,35.004929,121.028497726126,33,1,232,3,"temporal_distance > 200",0.802721088435374,TRUE,2020,229,"בת שלמה","BAT SHELOMO",1,"יהודי",658,332,326,193,54,69,284,0,0.579318823054349,1135.81671061682,0,NA
33,2021,"בתשלמה","בת שלמה",32.5997835,35.004929,121.028497726126,33,1,232,3,"temporal_distance > 200",0.807692307692308,TRUE,2021,230,"בת שלמה","BAT SHELOMO",1,"יהודי",649,331,318,177,57,69,281,0,0.579318823054349,1120.28122369349,0,NA
33,2022,"בתשלמה","בת שלמה",32.5997835,35.004929,121.028497726126,33,1,232,3,"temporal_distance > 200",0.738041002277904,TRUE,2022,239,"בת שלמה","BAT SHELOMO",1,"יהודי",633,320,313,164,57,66,276,70,0.579318823054349,1092.66258027424,0.110584518167457,NA
41,2009,"אליכין","אליכין",32.4078249,34.9220145,98.1532183800908,41,0,NA,NA,"no_red_alert",0.704949543488707,FALSE,2009,NA,NA,NA,NA,NA,NA,NA,NA,NA,NA,NA,NA,NA,NA,NA,NA,NA
41,2013,"אליכין","אליכין",32.4078249,34.9220145,98.1532183800908,41,0,NA,NA,"no_red_alert",0.735511982570806,FALSE,2013,293,"אליכין","ELYAKHIN",1,"יהודי",3360,1680,1690,970,260,440,1400,290,1.68978454195198,1988.41918397398,0.0863095238095238,63
41,2015,"אליכין","אליכין",32.4078249,34.9220145,98.1532183800908,41,0,NA,NA,"no_red_alert",0.795038633590891,TRUE,2015,296,"אליכין","ELYAKHIN",1,"יהודי",3420,1710,1710,940,280,460,1440,310,1.68978454195198,2023.92666940209,0.0906432748538012,62
41,2019,"אליכין","אליכין",32.4078249,34.9220145,98.1532183800908,41,0,NA,NA,"no_red_alert",0.764161849710983,TRUE,2019.4,298,"אליכין","ELYAKHIN",1,"יהודי",3415,1701,1715,840,269,492,1413,402,1.68978454195198,2020.96771228308,0.117715959004392,NA
41,2019,"אליכין","אליכין",32.4078249,34.9220145,98.1532183800908,41,0,NA,NA,"no_red_alert",0.762633996937213,TRUE,2019,298,"אליכין","ELYAKHIN",1,"יהודי",3415,1701,1715,840,269,492,1413,402,1.68978454195198,2020.96771228308,0.117715959004392,NA
41,2020,"אליכין","אליכין",32.4078249,34.9220145,98.1532183800908,41,0,NA,NA,"no_red_alert",0.759208995734781,TRUE,2020,305,"אליכין","ELYAKHIN",1,"יהודי",3485,1737,1747,845,262,509,1437,432,1.68978454195198,2062.3931119492,0.123959827833572,NA
41,2021,"אליכין","אליכין",32.4078249,34.9220145,98.1532183800908,41,0,NA,NA,"no_red_alert",0.73822188449848,TRUE,2021,303,"אליכין","ELYAKHIN",1,"יהודי",3461,1722,1739,816,283,497,1417,448,1.68978454195198,2048.19011777796,0.129442357700087,NA
41,2022,"אליכין","אליכין",32.4078249,34.9220145,98.1532183800908,41,0,NA,NA,"no_red_alert",0.757791963950432,TRUE,2022,301,"אליכין","ELYAKHIN",1,"יהודי",3462,1736,1726,785,295,496,1424,462,1.68978454195198,2048.78190920176,0.133448873483536,NA
47,2009,"כפרתבור","כפר תבור",32.6846205,35.4221325,146.428116790743,47,1,6,2,"temporal_distance == 6",0.706422018348624,FALSE,2009,NA,NA,NA,NA,NA,NA,NA,NA,NA,NA,NA,NA,NA,NA,NA,NA,NA
47,2013,"כפרתבור","כפר תבור",32.6846205,35.4221325,146.428116790743,47,1,6,2,"temporal_distance == 6",0.735609368797142,FALSE,2013,345,"כפר תבור","KEFAR TAVOR",1,"יהודי",3400,1680,1720,920,300,470,1470,240,12.2738423660961,277.011867888395,0.0705882352941176,46.4444444444444
47,2015,"כפרתבור","כפר תבור",32.6846205,35.4221325,146.428116790743,47,1,6,2,"temporal_distance == 6",0.752962298025135,TRUE,2015,348,"כפר תבור","KEFAR TAVOR",1,"יהודי",3800,1870,1920,1030,320,490,1620,330,12.2738423660961,309.601499404677,0.0868421052631579,51.1111111111111
47,2019,"כפרתבור","כפר תבור",32.6846205,35.4221325,146.428116790743,47,1,6,2,"temporal_distance == 6",0.728387675740353,TRUE,2019.4,350,"כפר תבור","KEFAR TAVOR",1,"יהודי",4311,2127,2184,1143,383,513,1781,490,12.2738423660961,351.234753666727,0.113662723266064,NA
47,2019,"כפרתבור","כפר תבור",32.6846205,35.4221325,146.428116790743,47,1,6,2,"temporal_distance == 6",0.750151057401813,TRUE,2019,350,"כפר תבור","KEFAR TAVOR",1,"יהודי",4311,2127,2184,1143,383,513,1781,490,12.2738423660961,351.234753666727,0.113662723266064,NA
47,2020,"כפרתבור","כפר תבור",32.6846205,35.4221325,146.428116790743,47,1,6,2,"temporal_distance == 6",0.725461035098156,TRUE,2020,354,"כפר תבור","KEFAR TAVOR",1,"יהודי",4402,2173,2228,1156,391,530,1796,529,12.2738423660961,358.648894836681,0.120172648796002,NA
47,2021,"כפרתבור","כפר תבור",32.6846205,35.4221325,146.428116790743,47,1,6,2,"temporal_distance == 6",0.706206496519722,TRUE,2021,352,"כפר תבור","KEFAR TAVOR",1,"יהודי",4425,2190,2235,1146,394,533,1796,557,12.2738423660961,360.522798648867,0.125875706214689,NA
47,2022,"כפרתבור","כפר תבור",32.6846205,35.4221325,146.428116790743,47,1,6,2,"temporal_distance == 6",0.698781524511193,TRUE,2022,356,"כפר תבור","KEFAR TAVOR",1,"יהודי",4410,2196,2214,1101,391,552,1749,616,12.2738423660961,359.300687467006,0.13968253968254,NA
53,2009,"עתלית","עתלית",32.6958085,34.9465515,126.367744641123,53,1,232,1,"temporal_distance > 200",0.644028103044497,FALSE,2009,NA,NA,NA,NA,NA,NA,NA,NA,NA,NA,NA,NA,NA,NA,NA,NA,NA
53,2013,"עתלית","עתלית",32.6958085,34.9465515,126.367744641123,53,1,232,1,"temporal_distance > 200",0.667347401860676,FALSE,2013,401,"עתלית","ATLIT",1,"יהודי",6270,3080,3190,1630,370,760,2820,690,9.46151869533657,662.684311250199,0.110047846889952,55.8333333333333
53,2015,"עתלית","עתלית",32.6958085,34.9465515,126.367744641123,53,1,232,1,"temporal_distance > 200",0.709354357553803,TRUE,2015,398,"עתלית","ATLIT",1,"יהודי",6820,3350,3470,1860,390,780,3010,780,9.46151869533657,720.814513991445,0.114369501466276,53.75
53,2019,"עתלית","עתלית",32.6958085,34.9465515,126.367744641123,53,1,232,1,"temporal_distance > 200",0.718087995654536,TRUE,2019,402,"עתלית","ATLIT",1,"יהודי",8875,4433,4441,2795,502,849,3799,928,9.46151869533657,938.010089688281,0.10456338028169,NA
53,2019,"עתלית","עתלית",32.6958085,34.9465515,126.367744641123,53,1,232,1,"temporal_distance > 200",0.715947136563877,TRUE,2019.4,402,"עתלית","ATLIT",1,"יהודי",8875,4433,4441,2795,502,849,3799,928,9.46151869533657,938.010089688281,0.10456338028169,NA
53,2020,"עתלית","עתלית",32.6958085,34.9465515,126.367744641123,53,1,232,1,"temporal_distance > 200",0.718966390812363,TRUE,2020,403,"עתלית","ATLIT",1,"יהודי",9731,4854,4878,3150,561,882,4144,994,9.46151869533657,1028.4818234092,0.102147775151577,NA
53,2021,"עתלית","עתלית",32.6958085,34.9465515,126.367744641123,53,1,232,1,"temporal_distance > 200",0.702757756189282,TRUE,2021,399,"עתלית","ATLIT",1,"יהודי",10475,5202,5272,3454,604,882,4476,1059,9.46151869533657,1107.11613402645,0.10109785202864,NA
53,2022,"עתלית","עתלית",32.6958085,34.9465515,126.367744641123,53,1,232,1,"temporal_distance > 200",0.72463976945245,TRUE,2022,406,"עתלית","ATLIT",1,"יהודי",10929,5405,5524,3585,692,915,4650,1088,9.46151869533657,1155.0999741074,0.0995516515692195,NA
66,2009,"מרחביהקיבוץ","מרחביה (קיבוץ)",32.6058495,35.30725,135.530167595351,66,1,6,1,"temporal_distance == 6",0.708117443868739,FALSE,2009,NA,NA,NA,NA,NA,NA,NA,NA,NA,NA,NA,NA,NA,NA,NA,NA,NA
66,2013,"מרחביהקיבוץ","מרחביה (קיבוץ)",32.6058495,35.30725,135.530167595351,66,1,6,1,"temporal_distance == 6",0.754740834386852,FALSE,2013,520,"מרחביה (קיבוץ)","MERHAVYA(QIBBUZ)",1,"יהודי",1090,510,580,300,80,110,460,150,0.463263524519468,2352.87248468489,0.137614678899083,58
66,2015,"מרחביהקיבוץ","מרחביה (קיבוץ)",32.6058495,35.30725,135.530167595351,66,1,6,1,"temporal_distance == 6",0.75417661097852,TRUE,2015,522,"מרחביה (קיבוץ)","MERHAVYA(QIBBUZ)",1,"יהודי",1140,530,610,330,80,100,470,150,0.463263524519468,2460.80241517502,0.131578947368421,62
66,2019,"מרחביהקיבוץ","מרחביה (קיבוץ)",32.6058495,35.30725,135.530167595351,66,1,6,1,"temporal_distance == 6",0.731981981981982,TRUE,2019,526,"מרחביה (קיבוץ)","MERHAVYA(QIBBUZ)",1,"יהודי",1247,605,643,354,93,111,509,182,0.463263524519468,2691.77246642391,0.145950280673617,NA
66,2019,"מרחביהקיבוץ","מרחביה (קיבוץ)",32.6058495,35.30725,135.530167595351,66,1,6,1,"temporal_distance == 6",0.717171717171717,TRUE,2019.4,526,"מרחביה (קיבוץ)","MERHAVYA(QIBBUZ)",1,"יהודי",1247,605,643,354,93,111,509,182,0.463263524519468,2691.77246642391,0.145950280673617,NA
66,2020,"מרחביהקיבוץ","מרחביה (קיבוץ)",32.6058495,35.30725,135.530167595351,66,1,6,1,"temporal_distance == 6",0.721132897603486,TRUE,2020,525,"מרחביה (קיבוץ)","MERHAVYA(QIBBUZ)",1,"יהודי",1270,599,673,359,94,125,512,180,0.463263524519468,2741.42023444937,0.141732283464567,NA
66,2021,"מרחביהקיבוץ","מרחביה (קיבוץ)",32.6058495,35.30725,135.530167595351,66,1,6,1,"temporal_distance == 6",0.707446808510638,TRUE,2021,517,"מרחביה (קיבוץ)","MERHAVYA(QIBBUZ)",1,"יהודי",1299,605,694,353,101,136,520,192,0.463263524519468,2804.01959413364,0.147806004618938,NA
66,2022,"מרחביהקיבוץ","מרחביה (קיבוץ)",32.6058495,35.30725,135.530167595351,66,1,6,1,"temporal_distance == 6",0.690526315789474,TRUE,2022,518,"מרחביה (קיבוץ)","MERHAVYA(QIBBUZ)",1,"יהודי",1331,639,692,344,116,150,528,192,0.463263524519468,2873.09474964733,0.144252441773103,NA
72,2009,"גןשמואל","גן שמואל",32.454062,34.95038,104.12724532114,72,0,NA,NA,"no_red_alert",0.741463414634146,FALSE,2009,NA,NA,NA,NA,NA,NA,NA,NA,NA,NA,NA,NA,NA,NA,NA,NA,NA
72,2013,"גןשמואל","גן שמואל",32.454062,34.95038,104.12724532114,72,0,NA,NA,"no_red_alert",0.762246117084827,FALSE,2013,584,"גן שמואל","GAN SHEMU'EL",1,"יהודי",860,410,440,190,40,110,350,160,0.647847112775246,1327.473694088,0.186046511627907,63
72,2015,"גןשמואל","גן שמואל",32.454062,34.95038,104.12724532114,72,0,NA,NA,"no_red_alert",0.7903981264637,TRUE,2015,583,"גן שמואל","GAN SHEMU'EL",1,"יהודי",870,420,460,200,40,110,350,180,0.647847112775246,1342.90943471693,0.206896551724138,62
72,2019,"גןשמואל","גן שמואל",32.454062,34.95038,104.12724532114,72,0,NA,NA,"no_red_alert",0.771526980482204,TRUE,2019,588,"גן שמואל","GAN SHEMU'EL",1,"יהודי",933,449,484,232,45,88,367,200,0.647847112775246,1440.15460067919,0.214362272240086,NA
72,2019,"גןשמואל","גן שמואל",32.454062,34.95038,104.12724532114,72,0,NA,NA,"no_red_alert",0.781714285714286,TRUE,2019.4,588,"גן שמואל","GAN SHEMU'EL",1,"יהודי",933,449,484,232,45,88,367,200,0.647847112775246,1440.15460067919,0.214362272240086,NA
72,2020,"גןשמואל","גן שמואל",32.454062,34.95038,104.12724532114,72,0,NA,NA,"no_red_alert",0.773823191733639,TRUE,2020,592,"גן שמואל","GAN SHEMU'EL",1,"יהודי",943,456,488,237,48,81,381,196,0.647847112775246,1455.59034130812,0.207847295864263,NA
72,2021,"גןשמואל","גן שמואל",32.454062,34.95038,104.12724532114,72,0,NA,NA,"no_red_alert",0.778669724770642,TRUE,2021,582,"גן שמואל","GAN SHEMU'EL",1,"יהודי",948,455,492,243,52,80,374,198,0.647847112775246,1463.30821162259,0.208860759493671,NA
72,2022,"גןשמואל","גן שמואל",32.454062,34.95038,104.12724532114,72,0,NA,NA,"no_red_alert",0.763761467889908,TRUE,2022,590,"גן שמואל","GAN SHEMU'EL",1,"יהודי",964,464,501,249,54,78,377,204,0.647847112775246,1488.00539662887,0.211618257261411,NA
74,2009,"עיןהוד","עין הוד",32.6995071,34.9821209,130.855452694518,74,1,232,1,"temporal_distance > 200",0.684057971014493,FALSE,2009,NA,NA,NA,NA,NA,NA,NA,NA,NA,NA,NA,NA,NA,NA,NA,NA,NA
74,2013,"עיןהוד","עין הוד",32.6995071,34.9821209,130.855452694518,74,1,232,1,"temporal_distance > 200",0.70935960591133,FALSE,2013,593,"עין הוד","EN HOD",1,"יהודי",590,300,280,140,40,60,260,90,0.301117855205259,1959.36570947553,0.152542372881356,41
74,2015,"עיןהוד","עין הוד",32.6995071,34.9821209,130.855452694518,74,1,232,1,"temporal_distance > 200",0.745575221238938,TRUE,2015,597,"עין הוד","EN HOD",1,"יהודי",590,300,290,140,40,60,270,90,0.301117855205259,1959.36570947553,0.152542372881356,43
74,2019,"עיןהוד","עין הוד",32.6995071,34.9821209,130.855452694518,74,1,232,1,"temporal_distance > 200",0.721774193548387,TRUE,2019.4,598,"עין הוד","EN HOD",1,"יהודי",643,324,319,155,39,60,296,93,0.301117855205259,2135.37652744536,0.144634525660964,NA
74,2019,"עיןהוד","עין הוד",32.6995071,34.9821209,130.855452694518,74,1,232,1,"temporal_distance > 200",0.743951612903226,TRUE,2019,598,"עין הוד","EN HOD",1,"יהודי",643,324,319,155,39,60,296,93,0.301117855205259,2135.37652744536,0.144634525660964,NA
74,2020,"עיןהוד","עין הוד",32.6995071,34.9821209,130.855452694518,74,1,232,1,"temporal_distance > 200",0.707661290322581,TRUE,2020,601,"עין הוד","EN HOD",1,"יהודי",651,327,321,158,37,65,297,94,0.301117855205259,2161.94419808232,0.144393241167435,NA
74,2021,"עיןהוד","עין הוד",32.6995071,34.9821209,130.855452694518,74,1,232,1,"temporal_distance > 200",0.698630136986301,TRUE,2021,595,"עין הוד","EN HOD",1,"יהודי",665,338,328,153,47,64,302,99,0.301117855205259,2208.43762169699,0.148872180451128,NA
74,2022,"עיןהוד","עין הוד",32.6995071,34.9821209,130.855452694518,74,1,232,1,"temporal_distance > 200",0.644787644787645,TRUE,2022,602,"עין הוד","EN HOD",1,"יהודי",664,336,328,153,50,56,299,106,0.301117855205259,2205.11666286737,0.159638554216867,NA
80,2009,"נהלל","נהלל",32.6916755,35.198956,136.377516548183,80,1,6,1,"temporal_distance == 6",0.733113673805601,FALSE,2009,NA,NA,NA,NA,NA,NA,NA,NA,NA,NA,NA,NA,NA,NA,NA,NA,NA
80,2013,"נהלל","נהלל",32.6916755,35.198956,136.377516548183,80,1,6,1,"temporal_distance == 6",0.759873617693523,FALSE,2013,658,"נהלל","NAHALAL",1,"יהודי",920,490,420,200,200,100,320,110,7.05674444147492,130.371732692039,0.119565217391304,61.8888888888889
80,2015,"נהלל","נהלל",32.6916755,35.198956,136.377516548183,80,1,6,1,"temporal_distance == 6",0.779279279279279,TRUE,2015,659,"נהלל","NAHALAL",1,"יהודי",960,510,450,210,220,100,330,100,7.05674444147492,136.040068896041,0.104166666666667,55.5555555555556
80,2019,"נהלל","נהלל",32.6916755,35.198956,136.377516548183,80,1,6,1,"temporal_distance == 6",0.754716981132076,TRUE,2019.4,664,"נהלל","NAHALAL",1,"יהודי",930,453,477,276,69,94,364,127,7.05674444147492,131.788816743039,0.136559139784946,NA
80,2019,"נהלל","נהלל",32.6916755,35.198956,136.377516548183,80,1,6,1,"temporal_distance == 6",0.761442441054092,TRUE,2019,664,"נהלל","NAHALAL",1,"יהודי",930,453,477,276,69,94,364,127,7.05674444147492,131.788816743039,0.136559139784946,NA
80,2020,"נהלל","נהלל",32.6916755,35.198956,136.377516548183,80,1,6,1,"temporal_distance == 6",0.757738896366083,TRUE,2020,670,"נהלל","NAHALAL",1,"יהודי",1181,594,588,365,195,101,394,126,7.05674444147492,167.35762642315,0.106689246401355,NA
80,2021,"נהלל","נהלל",32.6916755,35.198956,136.377516548183,80,1,6,1,"temporal_distance == 6",0.763089005235602,TRUE,2021,667,"נהלל","NAHALAL",1,"יהודי",1253,639,614,370,236,96,422,128,7.05674444147492,177.560631590353,0.102154828411812,NA
80,2022,"נהלל","נהלל",32.6916755,35.198956,136.377516548183,80,1,6,1,"temporal_distance == 6",0.741626794258373,TRUE,2022,660,"נהלל","NAHALAL",1,"יהודי",1351,689,662,395,276,96,455,128,7.05674444147492,191.448055290157,0.0947446336047372,NA
82,2009,"עיןחרודמאוחד","עין חרוד (מאוחד)",32.557856,35.391689,136.001912444944,82,1,6,1,"temporal_distance == 6",0.708955223880597,FALSE,2009,NA,NA,NA,NA,NA,NA,NA,NA,NA,NA,NA,NA,NA,NA,NA,NA,NA
82,2013,"עיןחרודמאוחד","עין חרוד (מאוחד)",32.557856,35.391689,136.001912444944,82,1,6,1,"temporal_distance == 6",0.706056129985229,FALSE,2013,676,"עין חרוד (מאוחד)","EN HAROD(ME'UHAD)",1,"יהודי",720,360,360,140,50,110,280,150,0.694092443984341,1037.32580038898,0.208333333333333,56
82,2015,"עיןחרודמאוחד","עין חרוד (מאוחד)",32.557856,35.391689,136.001912444944,82,1,6,1,"temporal_distance == 6",0.714285714285714,TRUE,2015,675,"עין חרוד (מאוחד)","EN HAROD(ME'UHAD)",1,"יהודי",740,360,380,160,30,110,280,160,0.694092443984341,1066.14040595534,0.216216216216216,49
82,2019,"עיןחרודמאוחד","עין חרוד (מאוחד)",32.557856,35.391689,136.001912444944,82,1,6,1,"temporal_distance == 6",0.737388724035608,TRUE,2019.4,674,"עין חרוד (מאוחד)","EN HAROD(ME'UHAD)",1,"יהודי",760,371,389,178,44,86,283,168,0.694092443984341,1094.9550115217,0.221052631578947,NA
82,2019,"עיןחרודמאוחד","עין חרוד (מאוחד)",32.557856,35.391689,136.001912444944,82,1,6,1,"temporal_distance == 6",0.722058823529412,TRUE,2019,674,"עין חרוד (מאוחד)","EN HAROD(ME'UHAD)",1,"יהודי",760,371,389,178,44,86,283,168,0.694092443984341,1094.9550115217,0.221052631578947,NA
82,2020,"עיןחרודמאוחד","עין חרוד (מאוחד)",32.557856,35.391689,136.001912444944,82,1,6,1,"temporal_distance == 6",0.725146198830409,TRUE,2020,679,"עין חרוד (מאוחד)","EN HAROD(ME'UHAD)",1,"יהודי",778,371,403,190,45,80,289,174,0.694092443984341,1120.88815653143,0.223650385604113,NA
82,2021,"עיןחרודמאוחד","עין חרוד (מאוחד)",32.557856,35.391689,136.001912444944,82,1,6,1,"temporal_distance == 6",0.716763005780347,TRUE,2021,677,"עין חרוד (מאוחד)","EN HAROD(ME'UHAD)",1,"יהודי",780,371,408,186,53,80,285,178,0.694092443984341,1123.76961708806,0.228205128205128,NA
82,2022,"עיןחרודמאוחד","עין חרוד (מאוחד)",32.557856,35.391689,136.001912444944,82,1,6,1,"temporal_distance == 6",0.681556195965418,TRUE,2022,672,"עין חרוד (מאוחד)","EN HAROD(ME'UHAD)",1,"יהודי",779,371,408,188,54,69,291,177,0.694092443984341,1122.32888680974,0.227214377406932,NA
84,2009,"תליוסף","תל יוסף",32.555386,35.398222,136.375925711462,84,1,6,1,"temporal_distance == 6",0.692520775623269,FALSE,2009,NA,NA,NA,NA,NA,NA,NA,NA,NA,NA,NA,NA,NA,NA,NA,NA,NA
84,2013,"תליוסף","תל יוסף",32.555386,35.398222,136.375925711462,84,1,6,1,"temporal_distance == 6",0.735294117647059,FALSE,2013,693,"תל יוסף","TEL YOSEF",1,"יהודי",520,250,270,150,20,60,210,70,0.373182083028548,1393.42166638858,0.134615384615385,49.75
84,2015,"תליוסף","תל יוסף",32.555386,35.398222,136.375925711462,84,1,6,1,"temporal_distance == 6",0.777479892761394,TRUE,2015,689,"תל יוסף","TEL YOSEF",1,"יהודי",540,270,270,160,20,60,220,80,0.373182083028548,1447.01480740352,0.148148148148148,47.75
84,2019,"תליוסף","תל יוסף",32.555386,35.398222,136.375925711462,84,1,6,1,"temporal_distance == 6",0.739247311827957,TRUE,2019.4,691,"תל יוסף","TEL YOSEF",1,"יהודי",560,286,274,180,23,45,217,94,0.373182083028548,1500.60794841847,0.167857142857143,NA
84,2019,"תליוסף","תל יוסף",32.555386,35.398222,136.375925711462,84,1,6,1,"temporal_distance == 6",0.773584905660377,TRUE,2019,691,"תל יוסף","TEL YOSEF",1,"יהודי",560,286,274,180,23,45,217,94,0.373182083028548,1500.60794841847,0.167857142857143,NA
84,2020,"תליוסף","תל יוסף",32.555386,35.398222,136.375925711462,84,1,6,1,"temporal_distance == 6",0.748648648648649,TRUE,2020,687,"תל יוסף","TEL YOSEF",1,"יהודי",557,290,269,178,28,41,214,96,0.373182083028548,1492.56897726623,0.172351885098743,NA
84,2021,"תליוסף","תל יוסף",32.555386,35.398222,136.375925711462,84,1,6,1,"temporal_distance == 6",0.747967479674797,TRUE,2021,695,"תל יוסף","TEL YOSEF",1,"יהודי",564,288,276,174,37,38,223,91,0.373182083028548,1511.32657662146,0.161347517730496,NA
84,2022,"תליוסף","תל יוסף",32.555386,35.398222,136.375925711462,84,1,6,1,"temporal_distance == 6",0.715384615384615,TRUE,2022,685,"תל יוסף","TEL YOSEF",1,"יהודי",586,304,282,170,51,40,230,95,0.373182083028548,1570.2790317379,0.162116040955631,NA
85,2009,"כפריחזקאל","כפר יחזקאל",32.5668535,35.3595726,134.417211579985,85,1,6,1,"temporal_distance == 6",0.807763401109057,FALSE,2009,NA,NA,NA,NA,NA,NA,NA,NA,NA,NA,NA,NA,NA,NA,NA,NA,NA
85,2013,"כפריחזקאל","כפר יחזקאל",32.5668535,35.3595726,134.417211579985,85,1,6,1,"temporal_distance == 6",0.796296296296296,FALSE,2013,709,"כפר יחזקאל","KEFAR YEHEZQEL",1,"יהודי",1090,570,520,380,90,100,430,90,2.30290086553538,473.316075525725,0.0825688073394495,52.6666666666667
85,2015,"כפריחזקאל","כפר יחזקאל",32.5668535,35.3595726,134.417211579985,85,1,6,1,"temporal_distance == 6",0.827123695976155,TRUE,2015,701,"כפר יחזקאל","KEFAR YEHEZQEL",1,"יהודי",1150,590,560,390,110,110,440,110,2.30290086553538,499.370171426224,0.0956521739130435,44
85,2019,"כפריחזקאל","כפר יחזקאל",32.5668535,35.3595726,134.417211579985,85,1,6,1,"temporal_distance == 6",0.817415730337079,TRUE,2019,699,"כפר יחזקאל","KEFAR YEHEZQEL",1,"יהודי",1213,617,596,402,137,92,453,0,2.30290086553538,526.726972121748,0,NA
85,2019,"כפריחזקאל","כפר יחזקאל",32.5668535,35.3595726,134.417211579985,85,1,6,1,"temporal_distance == 6",0.802469135802469,TRUE,2019.4,699,"כפר יחזקאל","KEFAR YEHEZQEL",1,"יהודי",1213,617,596,402,137,92,453,0,2.30290086553538,526.726972121748,0,NA
85,2020,"כפריחזקאל","כפר יחזקאל",32.5668535,35.3595726,134.417211579985,85,1,6,1,"temporal_distance == 6",0.818431911966988,TRUE,2020,697,"כפר יחזקאל","KEFAR YEHEZQEL",1,"יהודי",1213,623,591,407,129,95,450,0,2.30290086553538,526.726972121748,0,NA
85,2021,"כפריחזקאל","כפר יחזקאל",32.5668535,35.3595726,134.417211579985,85,1,6,1,"temporal_distance == 6",0.806275579809004,TRUE,2021,704,"כפר יחזקאל","KEFAR YEHEZQEL",1,"יהודי",1254,642,612,403,156,96,467,134,2.30290086553538,544.530604320422,0.106858054226475,NA
85,2022,"כפריחזקאל","כפר יחזקאל",32.5668535,35.3595726,134.417211579985,85,1,6,1,"temporal_distance == 6",0.794233289646134,TRUE,2022,700,"כפר יחזקאל","KEFAR YEHEZQEL",1,"יהודי",1242,634,608,385,153,103,462,138,2.30290086553538,539.319785140322,0.111111111111111,NA
86,2009,"גבע","גבע",32.566335,35.3733486,135.699084737101,86,1,6,2,"temporal_distance == 6",0.777777777777778,FALSE,2009,NA,NA,NA,NA,NA,NA,NA,NA,NA,NA,NA,NA,NA,NA,NA,NA,NA
86,2013,"גבע","גבע",32.566335,35.3733486,135.699084737101,86,1,6,2,"temporal_distance == 6",0.754980079681275,FALSE,2013,717,"גבע","GEVA",1,"יהודי",630,300,330,140,50,100,230,110,0.482027089383002,1306.98048693986,0.174603174603175,58
86,2015,"גבע","גבע",32.566335,35.3733486,135.699084737101,86,1,6,2,"temporal_distance == 6",0.758284600389864,TRUE,2015,719,"גבע","GEVA",1,"יהודי",630,290,340,130,60,90,230,110,0.482027089383002,1306.98048693986,0.174603174603175,48
86,2019,"גבע","גבע",32.566335,35.3733486,135.699084737101,86,1,6,2,"temporal_distance == 6",0.727969348659004,TRUE,2019.4,712,"גבע","GEVA",1,"יהודי",618,293,325,140,42,98,217,122,0.482027089383002,1282.08562052196,0.197411003236246,NA
86,2019,"גבע","גבע",32.566335,35.3733486,135.699084737101,86,1,6,2,"temporal_distance == 6",0.719465648854962,TRUE,2019,712,"גבע","GEVA",1,"יהודי",618,293,325,140,42,98,217,122,0.482027089383002,1282.08562052196,0.197411003236246,NA
86,2020,"גבע","גבע",32.566335,35.3733486,135.699084737101,86,1,6,2,"temporal_distance == 6",0.731517509727626,TRUE,2020,710,"גבע","GEVA",1,"יהודי",619,291,327,136,43,103,215,122,0.482027089383002,1284.16019272345,0.197092084006462,NA
86,2021,"גבע","גבע",32.566335,35.3733486,135.699084737101,86,1,6,2,"temporal_distance == 6",0.730916030534351,TRUE,2021,721,"גבע","GEVA",1,"יהודי",605,289,316,132,39,99,212,126,0.482027089383002,1255.11618190256,0.208264462809917,NA
86,2022,"גבע","גבע",32.566335,35.3733486,135.699084737101,86,1,6,2,"temporal_distance == 6",0.682879377431907,TRUE,2022,718,"גבע","GEVA",1,"יהודי",598,285,313,130,41,88,211,130,0.482027089383002,1240.59417649212,0.217391304347826,NA
89,2009,"עיןחרודאיחוד","עין חרוד (איחוד)",32.5657365,35.3916084,125.570029694786,10008,1,6,1,"temporal_distance == 6",0.712707182320442,FALSE,2009,NA,NA,NA,NA,NA,NA,NA,NA,NA,NA,NA,NA,NA,NA,NA,NA,NA
89,2013,"עיןחרודאיחוד","עין חרוד (איחוד)",32.5657365,35.3916084,125.570029694786,10008,1,6,1,"temporal_distance == 6",0.76271186440678,FALSE,2013,742,"עין חרוד (איחוד)","EN HAROD (IHUD)",1,"יהודי",550,270,280,120,30,70,220,110,0.502245759862894,1095.08142019983,0.2,57
89,2015,"עיןחרודאיחוד","עין חרוד (איחוד)",32.5657365,35.3916084,125.570029694786,10008,1,6,1,"temporal_distance == 6",0.775471698113208,TRUE,2015,741,"עין חרוד (איחוד)","EN HAROD (IHUD)",1,"יהודי",530,260,270,130,30,70,200,110,0.502245759862894,1055.26027764711,0.207547169811321,47
89,2019,"עיןחרודאיחוד","עין חרוד (איחוד)",32.5657365,35.3916084,125.570029694786,10008,1,6,1,"temporal_distance == 6",0.75763358778626,TRUE,2019,737,"עין חרוד (איחוד)","EN HAROD (IHUD)",1,"יהודי",546,258,289,150,23,56,201,119,0.502245759862894,1087.11719168928,0.217948717948718,NA
89,2019,"עיןחרודאיחוד","עין חרוד (איחוד)",32.5657365,35.3916084,125.570029694786,10008,1,6,1,"temporal_distance == 6",0.724470134874759,TRUE,2019.4,737,"עין חרוד (איחוד)","EN HAROD (IHUD)",1,"יהודי",546,258,289,150,23,56,201,119,0.502245759862894,1087.11719168928,0.217948717948718,NA
89,2020,"עיןחרודאיחוד","עין חרוד (איחוד)",32.5657365,35.3916084,125.570029694786,10008,1,6,1,"temporal_distance == 6",0.731141199226306,TRUE,2020,743,"עין חרוד (איחוד)","EN HAROD (IHUD)",1,"יהודי",540,259,283,138,31,55,201,115,0.502245759862894,1075.17084892347,0.212962962962963,NA
89,2021,"עיןחרודאיחוד","עין חרוד (איחוד)",32.5657365,35.3916084,125.570029694786,10008,1,6,1,"temporal_distance == 6",0.742690058479532,TRUE,2021,736,"עין חרוד (איחוד)","EN HAROD (IHUD)",1,"יהודי",540,259,281,142,30,51,201,117,0.502245759862894,1075.17084892347,0.216666666666667,NA
89,2022,"עיןחרודאיחוד","עין חרוד (איחוד)",32.5657365,35.3916084,125.570029694786,10008,1,6,1,"temporal_distance == 6",0.721343873517787,TRUE,2022,738,"עין חרוד (איחוד)","EN HAROD (IHUD)",1,"יהודי",537,261,276,139,28,54,199,117,0.502245759862894,1069.19767754056,0.217877094972067,NA
90,2009,"חפציבה","חפצי-בה",32.518864,35.425948,134.858741544905,90,1,6,1,"temporal_distance == 6",0.679790026246719,FALSE,2009,NA,NA,NA,NA,NA,NA,NA,NA,NA,NA,NA,NA,NA,NA,NA,NA,NA
90,2013,"חפציבה","חפצי-בה",32.518864,35.425948,134.858741544905,90,1,6,1,"temporal_distance == 6",0.725490196078431,FALSE,2013,756,"חפצי-בה","HEFZI-BAH",1,"יהודי",450,210,240,80,30,50,160,110,0.346464673876395,1298.83371648026,0.244444444444444,31
90,2015,"חפציבה","חפצי-בה",32.518864,35.425948,134.858741544905,90,1,6,1,"temporal_distance == 6",0.735576923076923,TRUE,2015,760,"חפצי-בה","HEFZI-BAH",1,"יהודי",540,260,280,120,40,60,200,120,0.346464673876395,1558.60045977631,0.222222222222222,32
90,2019,"חפציבה","חפצי-בה",32.518864,35.425948,134.858741544905,90,1,6,1,"temporal_distance == 6",0.742049469964664,TRUE,2019,754,"חפצי-בה","HEFZI-BAH",1,"יהודי",732,340,392,215,42,64,291,123,0.346464673876395,2112.76951214123,0.168032786885246,NA
90,2019,"חפציבה","חפצי-בה",32.518864,35.425948,134.858741544905,90,1,6,1,"temporal_distance == 6",0.763250883392226,TRUE,2019.4,754,"חפצי-בה","HEFZI-BAH",1,"יהודי",732,340,392,215,42,64,291,123,0.346464673876395,2112.76951214123,0.168032786885246,NA
90,2020,"חפציבה","חפצי-בה",32.518864,35.425948,134.858741544905,90,1,6,1,"temporal_distance == 6",0.73286467486819,TRUE,2020,750,"חפצי-בה","HEFZI-BAH",1,"יהודי",725,329,398,219,42,65,282,117,0.346464673876395,2092.56543210709,0.161379310344828,NA
90,2021,"חפציבה","חפצי-בה",32.518864,35.425948,134.858741544905,90,1,6,1,"temporal_distance == 6",0.730496453900709,TRUE,2021,757,"חפצי-בה","HEFZI-BAH",1,"יהודי",757,342,415,221,54,69,287,125,0.346464673876395,2184.92694083457,0.165125495376486,NA
90,2022,"חפציבה","חפצי-בה",32.518864,35.425948,134.858741544905,90,1,6,1,"temporal_distance == 6",0.700170357751278,TRUE,2022,751,"חפצי-בה","HEFZI-BAH",1,"יהודי",758,341,416,218,57,72,290,122,0.346464673876395,2187.81323798231,0.160949868073879,NA
92,2009,"גיניגר","גיניגר",32.664113,35.2578845,138.547235429307,92,1,6,1,"temporal_distance == 6",0.678004535147392,FALSE,2009,NA,NA,NA,NA,NA,NA,NA,NA,NA,NA,NA,NA,NA,NA,NA,NA,NA
92,2013,"גיניגר","גיניגר",32.664113,35.2578845,138.547235429307,92,1,6,1,"temporal_distance == 6",0.733333333333333,FALSE,2013,772,"גיניגר","GINNEGAR",1,"יהודי",610,320,290,150,40,70,250,90,0.535763080023701,1138.56296326543,0.147540983606557,50.3333333333333
92,2015,"גיניגר","גיניגר",32.664113,35.2578845,138.547235429307,92,1,6,1,"temporal_distance == 6",0.712686567164179,TRUE,2015,773,"גיניגר","GINNEGAR",1,"יהודי",660,330,320,170,40,90,260,100,0.535763080023701,1231.88779631998,0.151515151515152,58.5
92,2019,"גיניגר","גיניגר",32.664113,35.2578845,138.547235429307,92,1,6,1,"temporal_distance == 6",0.716417910447761,TRUE,2019.4,774,"גיניגר","GINNEGAR",1,"יהודי",702,347,355,188,44,70,285,115,0.535763080023701,1310.28065608579,0.163817663817664,NA
92,2019,"גיניגר","גיניגר",32.664113,35.2578845,138.547235429307,92,1,6,1,"temporal_distance == 6",0.70990990990991,TRUE,2019,774,"גיניגר","GINNEGAR",1,"יהודי",702,347,355,188,44,70,285,115,0.535763080023701,1310.28065608579,0.163817663817664,NA
92,2020,"גיניגר","גיניגר",32.664113,35.2578845,138.547235429307,92,1,6,1,"temporal_distance == 6",0.701851851851852,TRUE,2020,769,"גיניגר","GINNEGAR",1,"יהודי",669,340,333,176,46,69,258,120,0.535763080023701,1248.68626626979,0.179372197309417,NA
92,2021,"גיניגר","גיניגר",32.664113,35.2578845,138.547235429307,92,1,6,1,"temporal_distance == 6",0.702359346642468,TRUE,2021,764,"גיניגר","GINNEGAR",1,"יהודי",666,343,323,178,49,67,254,119,0.535763080023701,1243.08677628652,0.178678678678679,NA
92,2022,"גיניגר","גיניגר",32.664113,35.2578845,138.547235429307,92,1,6,1,"temporal_distance == 6",0.657657657657658,TRUE,2022,766,"גיניגר","GINNEGAR",1,"יהודי",665,345,320,179,42,69,259,116,0.535763080023701,1241.22027962543,0.174436090225564,NA
94,2009,"בלפוריה","בלפוריה",32.6298995,35.2966354,136.960068740042,94,1,6,1,"temporal_distance == 6",0.728395061728395,FALSE,2009,NA,NA,NA,NA,NA,NA,NA,NA,NA,NA,NA,NA,NA,NA,NA,NA,NA
94,2013,"בלפוריה","בלפוריה",32.6298995,35.2966354,136.960068740042,94,1,6,1,"temporal_distance == 6",0.759146341463415,FALSE,2013,784,"בלפוריה","BALFURYA",1,"יהודי",400,200,200,100,20,60,160,60,1.08113543809135,369.981397248586,0.15,62
94,2015,"בלפוריה","בלפוריה",32.6298995,35.2966354,136.960068740042,94,1,6,1,"temporal_distance == 6",0.8,TRUE,2015,786,"בלפוריה","BALFURYA",1,"יהודי",440,220,220,120,30,60,170,60,1.08113543809135,406.979536973445,0.136363636363636,61.5
94,2019,"בלפוריה","בלפוריה",32.6298995,35.2966354,136.960068740042,94,1,6,1,"temporal_distance == 6",0.819338422391858,TRUE,2019.4,782,"בלפוריה","BALFURYA",1,"יהודי",528,275,254,159,27,55,216,72,1.08113543809135,488.375444368134,0.136363636363636,NA
94,2019,"בלפוריה","בלפוריה",32.6298995,35.2966354,136.960068740042,94,1,6,1,"temporal_distance == 6",0.822335025380711,TRUE,2019,782,"בלפוריה","BALFURYA",1,"יהודי",528,275,254,159,27,55,216,72,1.08113543809135,488.375444368134,0.136363636363636,NA
94,2020,"בלפוריה","בלפוריה",32.6298995,35.2966354,136.960068740042,94,1,6,1,"temporal_distance == 6",0.8275,TRUE,2020,778,"בלפוריה","BALFURYA",1,"יהודי",544,283,263,161,30,56,222,75,1.08113543809135,503.174700258077,0.137867647058824,NA
94,2021,"בלפוריה","בלפוריה",32.6298995,35.2966354,136.960068740042,94,1,6,1,"temporal_distance == 6",0.788095238095238,TRUE,2021,775,"בלפוריה","BALFURYA",1,"יהודי",531,278,253,163,30,50,210,76,1.08113543809135,491.150304847498,0.143126177024482,NA
94,2022,"בלפוריה","בלפוריה",32.6298995,35.2966354,136.960068740042,94,1,6,1,"temporal_distance == 6",0.777239709443099,TRUE,2022,785,"בלפוריה","BALFURYA",1,"יהודי",556,290,266,166,38,56,217,78,1.08113543809135,514.274142175535,0.140287769784173,NA
95,2009,"ביתאלפא","בית אלפא",32.5169685,35.4320531,134.935970959109,95,1,6,1,"temporal_distance == 6",0.666666666666667,FALSE,2009,NA,NA,NA,NA,NA,NA,NA,NA,NA,NA,NA,NA,NA,NA,NA,NA,NA
95,2013,"ביתאלפא","בית אלפא",32.5169685,35.4320531,134.935970959109,95,1,6,1,"temporal_distance == 6",0.711507293354943,FALSE,2013,798,"בית אלפא","BET ALFA",1,"יהודי",1120,550,570,360,60,200,340,160,0.570794673756121,1962.17668365724,0.142857142857143,38
95,2015,"ביתאלפא","בית אלפא",32.5169685,35.4320531,134.935970959109,95,1,6,1,"temporal_distance == 6",0.736607142857143,TRUE,2015,800,"בית אלפא","BET ALFA",1,"יהודי",860,430,440,240,50,140,290,150,0.570794673756121,1506.67138209395,0.174418604651163,35
95,2019,"ביתאלפא","בית אלפא",32.5169685,35.4320531,134.935970959109,95,1,6,1,"temporal_distance == 6",0.717905405405405,TRUE,2019.4,794,"בית אלפא","BET ALFA",1,"יהודי",1075,546,529,225,100,218,322,209,0.570794673756121,1883.33922761744,0.194418604651163,NA
95,2019,"ביתאלפא","בית אלפא",32.5169685,35.4320531,134.935970959109,95,1,6,1,"temporal_distance == 6",0.722689075630252,TRUE,2019,794,"בית אלפא","BET ALFA",1,"יהודי",1075,546,529,225,100,218,322,209,0.570794673756121,1883.33922761744,0.194418604651163,NA
95,2020,"ביתאלפא","בית אלפא",32.5169685,35.4320531,134.935970959109,95,1,6,1,"temporal_distance == 6",0.695652173913043,TRUE,2020,788,"בית אלפא","BET ALFA",1,"יהודי",1177,586,594,256,119,236,351,215,0.570794673756121,2062.03746130765,0.182667799490229,NA
95,2021,"ביתאלפא","בית אלפא",32.5169685,35.4320531,134.935970959109,95,1,6,1,"temporal_distance == 6",0.714041095890411,TRUE,2021,796,"בית אלפא","BET ALFA",1,"יהודי",1355,680,675,335,123,246,442,209,0.570794673756121,2373.88339853175,0.154243542435424,NA
95,2022,"ביתאלפא","בית אלפא",32.5169685,35.4320531,134.935970959109,95,1,6,1,"temporal_distance == 6",0.715469613259669,TRUE,2022,797,"בית אלפא","BET ALFA",1,"יהודי",1386,701,685,377,90,245,484,189,0.570794673756121,2428.19364602583,0.136363636363636,NA
96,2009,"יגור","יגור",32.7415995,35.076898,138.309995369084,96,0,NA,NA,"no_red_alert",0.712183156173344,FALSE,2009,NA,NA,NA,NA,NA,NA,NA,NA,NA,NA,NA,NA,NA,NA,NA,NA,NA
96,2013,"יגור","יגור",32.7415995,35.076898,138.309995369084,96,0,NA,NA,"no_red_alert",0.697492163009404,FALSE,2013,805,"יגור","YAGUR",1,"יהודי",1500,760,740,330,70,250,610,250,1.40838525836612,1065.04948918605,0.166666666666667,62
96,2015,"יגור","יגור",32.7415995,35.076898,138.309995369084,96,0,NA,NA,"no_red_alert",0.706161137440758,TRUE,2015,813,"יגור","YAGUR",1,"יהודי",1530,770,760,350,80,240,610,250,1.40838525836612,1086.35047896977,0.163398692810458,60.5
96,2019,"יגור","יגור",32.7415995,35.076898,138.309995369084,96,0,NA,NA,"no_red_alert",0.695067264573991,TRUE,2019,801,"יגור","YAGUR",1,"יהודי",1617,797,820,392,97,188,630,311,1.40838525836612,1148.12334934256,0.192331478045764,NA
96,2019,"יגור","יגור",32.7415995,35.076898,138.309995369084,96,0,NA,NA,"no_red_alert",0.696947133283693,TRUE,2019.4,801,"יגור","YAGUR",1,"יהודי",1617,797,820,392,97,188,630,311,1.40838525836612,1148.12334934256,0.192331478045764,NA
96,2020,"יגור","יגור",32.7415995,35.076898,138.309995369084,96,0,NA,NA,"no_red_alert",0.681448632668145,TRUE,2020,803,"יגור","YAGUR",1,"יהודי",1636,808,827,399,96,187,635,319,1.40838525836612,1161.61397620559,0.194987775061125,NA
96,2021,"יגור","יגור",32.7415995,35.076898,138.309995369084,96,0,NA,NA,"no_red_alert",0.664473684210526,TRUE,2021,810,"יגור","YAGUR",1,"יהודי",1655,818,836,398,105,194,638,319,1.40838525836612,1175.10460306861,0.192749244712991,NA
96,2022,"יגור","יגור",32.7415995,35.076898,138.309995369084,96,0,NA,NA,"no_red_alert",0.637401855817273,TRUE,2022,808,"יגור","YAGUR",1,"יהודי",1662,821,842,397,106,197,640,322,1.40838525836612,1180.07483401814,0.193742478941035,NA
97,2009,"מרחביהמושב","מרחביה (מושב)",32.6046995,35.3081,135.530167595351,66,1,6,1,"temporal_distance == 6",0.776,FALSE,2009,NA,NA,NA,NA,NA,NA,NA,NA,NA,NA,NA,NA,NA,NA,NA,NA,NA
97,2013,"מרחביהמושב","מרחביה (מושב)",32.6046995,35.3081,135.530167595351,66,1,6,1,"temporal_distance == 6",0.767535070140281,FALSE,2013,821,"מרחביה (מושב)","MERHAVYA(MOSHAV)",1,"יהודי",660,310,340,180,60,80,260,70,0.668598036337642,987.140201032088,0.106060606060606,53
97,2015,"מרחביהמושב","מרחביה (מושב)",32.6046995,35.3081,135.530167595351,66,1,6,1,"temporal_distance == 6",0.78727634194831,TRUE,2015,818,"מרחביה (מושב)","MERHAVYA(MOSHAV)",1,"יהודי",660,320,350,170,70,90,260,80,0.668598036337642,987.140201032088,0.121212121212121,62
97,2019,"מרחביהמושב","מרחביה (מושב)",32.6046995,35.3081,135.530167595351,66,1,6,1,"temporal_distance == 6",0.759927797833935,TRUE,2019,814,"מרחביה (מושב)","MERHAVYA(MOSHAV)",1,"יהודי",662,320,342,139,62,113,253,95,0.668598036337642,990.13153497461,0.143504531722054,NA
97,2019,"מרחביהמושב","מרחביה (מושב)",32.6046995,35.3081,135.530167595351,66,1,6,1,"temporal_distance == 6",0.761989342806394,TRUE,2019.4,814,"מרחביה (מושב)","MERHAVYA(MOSHAV)",1,"יהודי",662,320,342,139,62,113,253,95,0.668598036337642,990.13153497461,0.143504531722054,NA
97,2020,"מרחביהמושב","מרחביה (מושב)",32.6046995,35.3081,135.530167595351,66,1,6,1,"temporal_distance == 6",0.758741258741259,TRUE,2020,815,"מרחביה (מושב)","MERHAVYA(MOSHAV)",1,"יהודי",666,327,339,128,62,121,256,99,0.668598036337642,996.114202859653,0.148648648648649,NA
97,2021,"מרחביהמושב","מרחביה (מושב)",32.6046995,35.3081,135.530167595351,66,1,6,1,"temporal_distance == 6",0.728353140916808,TRUE,2021,823,"מרחביה (מושב)","MERHAVYA(MOSHAV)",1,"יהודי",663,332,331,118,62,120,266,97,0.668598036337642,991.627201945871,0.14630467571644,NA
97,2022,"מרחביהמושב","מרחביה (מושב)",32.6046995,35.3081,135.530167595351,66,1,6,1,"temporal_distance == 6",0.719734660033168,TRUE,2022,824,"מרחביה (מושב)","MERHAVYA(MOSHAV)",1,"יהודי",671,329,343,121,58,125,269,98,0.668598036337642,1003.59253771596,0.146050670640835,NA
99,2009,"מצפהרמון","מצפה רמון",30.621129,34.81849,78.6013211603057,99,0,NA,NA,"no_red_alert",0.56236975290265,FALSE,2009,NA,NA,NA,NA,NA,NA,NA,NA,NA,NA,NA,NA,NA,NA,NA,NA,NA
99,2013,"מצפהרמון","מצפה רמון",30.621129,34.81849,78.6013211603057,99,0,NA,NA,"no_red_alert",0.587081891580161,FALSE,2013,849,"מצפה רמון","MIZPE RAMON",1,"יהודי",5000,2700,2300,1420,580,890,1750,360,76.7966014596646,65.1070477724997,0.072,19.4672897196262
99,2015,"מצפהרמון","מצפה רמון",30.621129,34.81849,78.6013211603057,99,0,NA,NA,"no_red_alert",0.609392575928009,TRUE,2015,846,"מצפה רמון","MIZPE RAMON",1,"יהודי",5000,2710,2290,1390,560,900,1760,390,76.7966014596646,65.1070477724997,0.078,20.9626168224299
99,2019,"מצפהרמון","מצפה רמון",30.621129,34.81849,78.6013211603057,99,0,NA,NA,"no_red_alert",0.569561666212905,TRUE,2019.4,848,"מצפה רמון","MIZPE RAMON",1,"יהודי",5211,2840,2371,1378,562,1080,1734,458,76.7966014596646,67.8545651884992,0.0878909998080983,NA
99,2019,"מצפהרמון","מצפה רמון",30.621129,34.81849,78.6013211603057,99,0,NA,NA,"no_red_alert",0.577717391304348,TRUE,2019,848,"מצפה רמון","MIZPE RAMON",1,"יהודי",5211,2840,2371,1378,562,1080,1734,458,76.7966014596646,67.8545651884992,0.0878909998080983,NA
99,2020,"מצפהרמון","מצפה רמון",30.621129,34.81849,78.6013211603057,99,0,NA,NA,"no_red_alert",0.577819956616052,TRUE,2020,844,"מצפה רמון","MIZPE RAMON",1,"יהודי",5185,2854,2332,1368,570,1059,1734,454,76.7966014596646,67.5160085400822,0.0875602700096432,NA
99,2021,"מצפהרמון","מצפה רמון",30.621129,34.81849,78.6013211603057,99,0,NA,NA,"no_red_alert",0.504043126684636,TRUE,2021,847,"מצפה רמון","MIZPE RAMON",1,"יהודי",5178,2851,2326,1319,567,1103,1715,472,76.7966014596646,67.4248586732007,0.0911548860563924,NA
99,2022,"מצפהרמון","מצפה רמון",30.621129,34.81849,78.6013211603057,99,0,NA,NA,"no_red_alert",0.530890612463225,TRUE,2022,850,"מצפה רמון","MIZPE RAMON",1,"יהודי",5263,2872,2391,1352,603,1093,1749,465,76.7966014596646,68.5316784853332,0.0883526505795174,NA
102,2009,"מאירשפיה","מאיר שפיה",32.5912213,34.9710703,118.860460559493,102,1,232,3,"temporal_distance > 200",0.421052631578947,FALSE,2009,NA,NA,NA,NA,NA,NA,NA,NA,NA,NA,NA,NA,NA,NA,NA,NA,NA
102,2013,"מאירשפיה","מאיר שפיה",32.5912213,34.9710703,118.860460559493,102,1,232,3,"temporal_distance > 200",0.525252525252525,FALSE,2013,854,"מאיר שפיה","ME'IR SHEFEYA",1,"יהודי",300,200,100,50,180,20,50,0,0.451156882792089,664.957161117393,0,61
102,2015,"מאירשפיה","מאיר שפיה",32.5912213,34.9710703,118.860460559493,102,1,232,3,"temporal_distance > 200",0.532608695652174,TRUE,2015,856,"מאיר שפיה","ME'IR SHEFEYA",1,"יהודי",320,210,100,50,200,10,50,0,0.451156882792089,709.287638525219,0,59
102,2019,"מאירשפיה","מאיר שפיה",32.5912213,34.9710703,118.860460559493,102,1,232,3,"temporal_distance > 200",0.533898305084746,TRUE,2019.4,863,"מאיר שפיה","ME'IR SHEFEYA",1,"יהודי",297,183,114,52,164,24,0,0,0.451156882792089,658.307589506219,0,NA
102,2019,"מאירשפיה","מאיר שפיה",32.5912213,34.9710703,118.860460559493,102,1,232,3,"temporal_distance > 200",0.509433962264151,TRUE,2019,863,"מאיר שפיה","ME'IR SHEFEYA",1,"יהודי",297,183,114,52,164,24,0,0,0.451156882792089,658.307589506219,0,NA
102,2020,"מאירשפיה","מאיר שפיה",32.5912213,34.9710703,118.860460559493,102,1,232,3,"temporal_distance > 200",0.482142857142857,TRUE,2020,861,"מאיר שפיה","ME'IR SHEFEYA",1,"יהודי",335,187,137,95,154,26,0,0,0.451156882792089,742.535496581088,0,NA
102,2021,"מאירשפיה","מאיר שפיה",32.5912213,34.9710703,118.860460559493,102,1,232,3,"temporal_distance > 200",0.504347826086956,TRUE,2021,862,"מאיר שפיה","ME'IR SHEFEYA",1,"יהודי",351,196,155,66,196,31,0,0,0.451156882792089,777.999878507349,0,NA
102,2022,"מאירשפיה","מאיר שפיה",32.5912213,34.9710703,118.860460559493,102,1,232,3,"temporal_distance > 200",0.4296875,TRUE,2022,865,"מאיר שפיה","ME'IR SHEFEYA",1,"יהודי",365,204,161,82,197,24,0,0,0.451156882792089,809.031212692828,0,NA
103,2009,"תלעדשים","תל עדשים",32.6565105,35.3039544,139.22338855956,103,1,6,1,"temporal_distance == 6",0.821428571428571,FALSE,2009,NA,NA,NA,NA,NA,NA,NA,NA,NA,NA,NA,NA,NA,NA,NA,NA,NA
103,2013,"תלעדשים","תל עדשים",32.6565105,35.3039544,139.22338855956,103,1,6,1,"temporal_distance == 6",0.766619519094767,FALSE,2013,869,"תל עדשים","TEL ADASHIM",1,"יהודי",1390,680,710,480,100,150,560,100,3.16754572560216,438.82555151931,0.0719424460431655,61.4
103,2015,"תלעדשים","תל עדשים",32.6565105,35.3039544,139.22338855956,103,1,6,1,"temporal_distance == 6",0.817333333333333,TRUE,2015,867,"תל עדשים","TEL ADASHIM",1,"יהודי",1420,680,740,480,110,150,580,100,3.16754572560216,448.296606588072,0.0704225352112676,56.4
103,2019,"תלעדשים","תל עדשים",32.6565105,35.3039544,139.22338855956,103,1,6,1,"temporal_distance == 6",0.777777777777778,TRUE,2019.4,872,"תל עדשים","TEL ADASHIM",1,"יהודי",1504,728,775,472,136,176,618,104,3.16754572560216,474.815560780606,0.0691489361702128,NA
103,2019,"תלעדשים","תל עדשים",32.6565105,35.3039544,139.22338855956,103,1,6,1,"temporal_distance == 6",0.804295942720764,TRUE,2019,872,"תל עדשים","TEL ADASHIM",1,"יהודי",1504,728,775,472,136,176,618,104,3.16754572560216,474.815560780606,0.0691489361702128,NA
103,2020,"תלעדשים","תל עדשים",32.6565105,35.3039544,139.22338855956,103,1,6,1,"temporal_distance == 6",0.764705882352941,TRUE,2020,875,"תל עדשים","TEL ADASHIM",1,"יהודי",1502,729,765,463,140,179,616,104,3.16754572560216,474.184157109355,0.0692410119840213,NA
103,2021,"תלעדשים","תל עדשים",32.6565105,35.3039544,139.22338855956,103,1,6,1,"temporal_distance == 6",0.792584009269988,TRUE,2021,877,"תל עדשים","TEL ADASHIM",1,"יהודי",1528,755,773,453,156,180,633,105,3.16754572560216,482.392404835616,0.068717277486911,NA
103,2022,"תלעדשים","תל עדשים",32.6565105,35.3039544,139.22338855956,103,1,6,1,"temporal_distance == 6",0.743875278396437,TRUE,2022,878,"תל עדשים","TEL ADASHIM",1,"יהודי",1523,750,773,418,176,184,636,110,3.16754572560216,480.813895657489,0.072225869993434,NA
104,2009,"מזרע","מזרע",32.65049,35.285987,138.563843113626,104,1,6,1,"temporal_distance == 6",0.702255639097744,FALSE,2009,NA,NA,NA,NA,NA,NA,NA,NA,NA,NA,NA,NA,NA,NA,NA,NA,NA
104,2013,"מזרע","מזרע",32.65049,35.285987,138.563843113626,104,1,6,1,"temporal_distance == 6",0.732115677321157,FALSE,2013,882,"מזרע","MIZRA",1,"יהודי",590,300,300,120,30,80,240,130,0.680654772439668,866.812404598685,0.220338983050847,57
104,2015,"מזרע","מזרע",32.65049,35.285987,138.563843113626,104,1,6,1,"temporal_distance == 6",0.72824427480916,TRUE,2015,881,"מזרע","MIZRA",1,"יהודי",610,300,310,140,30,70,250,130,0.680654772439668,896.195875941014,0.213114754098361,53
104,2019,"מזרע","מזרע",32.65049,35.285987,138.563843113626,104,1,6,1,"temporal_distance == 6",0.735294117647059,TRUE,2019,891,"מזרע","MIZRA",1,"יהודי",757,365,392,174,46,63,262,211,0.680654772439668,1112.16439030713,0.278731836195509,NA
104,2019,"מזרע","מזרע",32.65049,35.285987,138.563843113626,104,1,6,1,"temporal_distance == 6",0.714494875549048,TRUE,2019.4,891,"מזרע","MIZRA",1,"יהודי",757,365,392,174,46,63,262,211,0.680654772439668,1112.16439030713,0.278731836195509,NA
104,2020,"מזרע","מזרע",32.65049,35.285987,138.563843113626,104,1,6,1,"temporal_distance == 6",0.724890829694323,TRUE,2020,887,"מזרע","MIZRA",1,"יהודי",802,387,415,195,40,66,271,230,0.680654772439668,1178.27720082737,0.286783042394015,NA
104,2021,"מזרע","מזרע",32.65049,35.285987,138.563843113626,104,1,6,1,"temporal_distance == 6",0.719148936170213,TRUE,2021,886,"מזרע","MIZRA",1,"יהודי",792,388,404,205,41,61,269,216,0.680654772439668,1163.5854651562,0.272727272727273,NA
104,2022,"מזרע","מזרע",32.65049,35.285987,138.563843113626,104,1,6,1,"temporal_distance == 6",0.697574893009986,TRUE,2022,890,"מזרע","MIZRA",1,"יהודי",864,416,448,208,99,71,269,216,0.680654772439668,1269.36596198858,0.25,NA
106,2009,"כפרגדעון","כפר גדעון",32.6438401,35.2910261,138.279647843538,106,1,6,1,"temporal_distance == 6",0.678082191780822,FALSE,2009,NA,NA,NA,NA,NA,NA,NA,NA,NA,NA,NA,NA,NA,NA,NA,NA,NA
106,2013,"כפרגדעון","כפר גדעון",32.6438401,35.2910261,138.279647843538,106,1,6,1,"temporal_distance == 6",0.730769230769231,FALSE,2013,896,"כפר גדעון","KEFAR GID'ON",1,"יהודי",300,150,140,120,10,40,110,20,0.504970936345335,594.093597091375,0.0666666666666667,62
106,2015,"כפרגדעון","כפר גדעון",32.6438401,35.2910261,138.279647843538,106,1,6,1,"temporal_distance == 6",0.778443113772455,TRUE,2015,899,"כפר גדעון","KEFAR GID'ON",1,"יהודי",330,170,160,140,20,40,120,20,0.504970936345335,653.502956800512,0.0606060606060606,58
106,2019,"כפרגדעון","כפר גדעון",32.6438401,35.2910261,138.279647843538,106,1,6,1,"temporal_distance == 6",0.802197802197802,TRUE,2019,897,"כפר גדעון","KEFAR GID'ON",1,"יהודי",346,180,166,135,31,41,106,0,0.504970936345335,685.187948645386,0,NA
106,2019,"כפרגדעון","כפר גדעון",32.6438401,35.2910261,138.279647843538,106,1,6,1,"temporal_distance == 6",0.769230769230769,TRUE,2019.4,897,"כפר גדעון","KEFAR GID'ON",1,"יהודי",346,180,166,135,31,41,106,0,0.504970936345335,685.187948645386,0,NA
106,2020,"כפרגדעון","כפר גדעון",32.6438401,35.2910261,138.279647843538,106,1,6,1,"temporal_distance == 6",0.728260869565217,TRUE,2020,903,"כפר גדעון","KEFAR GID'ON",1,"יהודי",334,177,154,122,32,37,0,0,0.504970936345335,661.424204761731,0,NA
106,2021,"כפרגדעון","כפר גדעון",32.6438401,35.2910261,138.279647843538,106,1,6,1,"temporal_distance == 6",0.71957671957672,TRUE,2021,895,"כפר גדעון","KEFAR GID'ON",1,"יהודי",351,182,169,127,34,42,117,0,0.504970936345335,695.089508596909,0,NA
106,2022,"כפרגדעון","כפר גדעון",32.6438401,35.2910261,138.279647843538,106,1,6,1,"temporal_distance == 6",0.710900473933649,TRUE,2022,900,"כפר גדעון","KEFAR GID'ON",1,"יהודי",363,190,173,130,34,45,119,0,0.504970936345335,718.853252480564,0,NA
112,2009,"כפרחסידיםא","כפר חסידים א'",32.751098,35.094092,138.689989059796,112,0,NA,NA,"no_red_alert",0.75,FALSE,2009,NA,NA,NA,NA,NA,NA,NA,NA,NA,NA,NA,NA,NA,NA,NA,NA,NA
112,2013,"כפרחסידיםא","כפר חסידים א'",32.751098,35.094092,138.689989059796,112,0,NA,NA,"no_red_alert",0.790419161676647,FALSE,2013,926,"כפר חסידים א'","KEFAR HASIDIM ALEF",1,"יהודי",770,380,400,170,40,110,360,80,3.42743946092989,224.657505632818,0.103896103896104,62.8333333333333
112,2015,"כפרחסידיםא","כפר חסידים א'",32.751098,35.094092,138.689989059796,112,0,NA,NA,"no_red_alert",0.784431137724551,TRUE,2015,922,"כפר חסידים א'","KEFAR HASIDIM ALEF",1,"יהודי",800,390,410,190,40,100,390,90,3.42743946092989,233.410395462668,0.1125,60.1666666666667
112,2019,"כפרחסידיםא","כפר חסידים א'",32.751098,35.094092,138.689989059796,112,0,NA,NA,"no_red_alert",0.761627906976744,TRUE,2019.4,924,"כפר חסידים א'","KEFAR HASIDIM ALEF",1,"יהודי",842,427,415,182,46,102,399,114,3.42743946092989,245.664441224458,0.135391923990499,NA
112,2019,"כפרחסידיםא","כפר חסידים א'",32.751098,35.094092,138.689989059796,112,0,NA,NA,"no_red_alert",0.762645914396887,TRUE,2019,924,"כפר חסידים א'","KEFAR HASIDIM ALEF",1,"יהודי",842,427,415,182,46,102,399,114,3.42743946092989,245.664441224458,0.135391923990499,NA
112,2020,"כפרחסידיםא","כפר חסידים א'",32.751098,35.094092,138.689989059796,112,0,NA,NA,"no_red_alert",0.749518304431599,TRUE,2020,923,"כפר חסידים א'","KEFAR HASIDIM ALEF",1,"יהודי",838,422,414,179,49,95,395,120,3.42743946092989,244.497389247145,0.143198090692124,NA
112,2021,"כפרחסידיםא","כפר חסידים א'",32.751098,35.094092,138.689989059796,112,0,NA,NA,"no_red_alert",0.743833017077799,TRUE,2021,917,"כפר חסידים א'","KEFAR HASIDIM ALEF",1,"יהודי",814,419,395,173,45,94,388,114,3.42743946092989,237.495077383265,0.14004914004914,NA
112,2022,"כפרחסידיםא","כפר חסידים א'",32.751098,35.094092,138.689989059796,112,0,NA,NA,"no_red_alert",0.704460966542751,TRUE,2022,918,"כפר חסידים א'","KEFAR HASIDIM ALEF",1,"יהודי",840,442,398,186,46,102,388,118,3.42743946092989,245.080915235802,0.14047619047619,NA
113,2009,"אדירים","אדירים",32.5491954,35.272318,128.459556913307,113,1,6,1,"temporal_distance == 6",0.785714285714286,FALSE,2009,NA,NA,NA,NA,NA,NA,NA,NA,NA,NA,NA,NA,NA,NA,NA,NA,NA
113,2013,"אדירים","אדירים",32.5491954,35.272318,128.459556913307,113,1,6,1,"temporal_distance == 6",0.824468085106383,FALSE,2013,930,"אדירים","ADDIRIM",1,"יהודי",240,130,120,70,20,20,100,30,0.603058134711404,397.971582150787,0.125,26.25
113,2015,"אדירים","אדירים",32.5491954,35.272318,128.459556913307,113,1,6,1,"temporal_distance == 6",0.779904306220096,TRUE,2015,932,"אדירים","ADDIRIM",1,"יהודי",270,150,120,70,30,30,110,30,0.603058134711404,447.718029919635,0.111111111111111,27.5
113,2019,"אדירים","אדירים",32.5491954,35.272318,128.459556913307,113,1,6,1,"temporal_distance == 6",0.830434782608696,TRUE,2019.4,938,"אדירים","ADDIRIM",1,"יהודי",272,145,127,70,21,36,109,34,0.603058134711404,451.034459770892,0.125,NA
113,2019,"אדירים","אדירים",32.5491954,35.272318,128.459556913307,113,1,6,1,"temporal_distance == 6",0.760869565217391,TRUE,2019,938,"אדירים","ADDIRIM",1,"יהודי",272,145,127,70,21,36,109,34,0.603058134711404,451.034459770892,0.125,NA
113,2020,"אדירים","אדירים",32.5491954,35.272318,128.459556913307,113,1,6,1,"temporal_distance == 6",0.785407725321888,TRUE,2020,942,"אדירים","ADDIRIM",1,"יהודי",280,148,127,76,21,40,109,34,0.603058134711404,464.300179175918,0.121428571428571,NA
113,2021,"אדירים","אדירים",32.5491954,35.272318,128.459556913307,113,1,6,1,"temporal_distance == 6",0.769230769230769,TRUE,2021,936,"אדירים","ADDIRIM",1,"יהודי",278,146,132,72,19,39,110,38,0.603058134711404,460.983749324661,0.136690647482014,NA
113,2022,"אדירים","אדירים",32.5491954,35.272318,128.459556913307,113,1,6,1,"temporal_distance == 6",0.753191489361702,TRUE,2022,934,"אדירים","ADDIRIM",1,"יהודי",280,150,130,69,21,41,110,40,0.603058134711404,464.300179175918,0.142857142857143,NA
115,2009,"חופית","חופית",32.385757,34.8755282,94.3488044835946,115,0,NA,NA,"no_red_alert",0.744219653179191,FALSE,2009,NA,NA,NA,NA,NA,NA,NA,NA,NA,NA,NA,NA,NA,NA,NA,NA,NA
115,2013,"חופית","חופית",32.385757,34.8755282,94.3488044835946,115,0,NA,NA,"no_red_alert",0.766906474820144,FALSE,2013,943,"חופית","HOFIT",1,"יהודי",770,390,380,170,60,70,330,150,0.520483415812145,1479.39391843738,0.194805194805195,62.75
115,2015,"חופית","חופית",32.385757,34.8755282,94.3488044835946,115,0,NA,NA,"no_red_alert",0.785206258890469,TRUE,2015,945,"חופית","HOFIT",1,"יהודי",740,360,380,150,70,60,300,150,0.520483415812145,1421.75519434242,0.202702702702703,57.5
115,2019,"חופית","חופית",32.385757,34.8755282,94.3488044835946,115,0,NA,NA,"no_red_alert",0.706919945725916,TRUE,2019.4,954,"חופית","HOFIT",1,"יהודי",774,377,397,155,68,90,302,159,0.520483415812145,1487.07908165004,0.205426356589147,NA
115,2019,"חופית","חופית",32.385757,34.8755282,94.3488044835946,115,0,NA,NA,"no_red_alert",0.718019257221458,TRUE,2019,954,"חופית","HOFIT",1,"יהודי",774,377,397,155,68,90,302,159,0.520483415812145,1487.07908165004,0.205426356589147,NA
115,2020,"חופית","חופית",32.385757,34.8755282,94.3488044835946,115,0,NA,NA,"no_red_alert",0.710204081632653,TRUE,2020,955,"חופית","HOFIT",1,"יהודי",803,398,402,165,70,95,315,158,0.520483415812145,1542.79651494184,0.196762141967621,NA
115,2021,"חופית","חופית",32.385757,34.8755282,94.3488044835946,115,0,NA,NA,"no_red_alert",0.753280839895013,TRUE,2021,953,"חופית","HOFIT",1,"יהודי",824,410,414,168,74,93,333,158,0.520483415812145,1583.14362180831,0.191747572815534,NA
115,2022,"חופית","חופית",32.385757,34.8755282,94.3488044835946,115,0,NA,NA,"no_red_alert",0.728426395939086,TRUE,2022,944,"חופית","HOFIT",1,"יהודי",815,404,411,168,71,92,327,160,0.520483415812145,1565.85200457982,0.196319018404908,NA
122,2009,"רמתישי","רמת ישי",32.7061594,35.1687169,137.808906054277,122,1,6,2,"temporal_distance == 6",0.728574625195793,FALSE,2009,NA,NA,NA,NA,NA,NA,NA,NA,NA,NA,NA,NA,NA,NA,NA,NA,NA
122,2013,"רמתישי","רמת ישי",32.7061594,35.1687169,137.808906054277,122,1,6,2,"temporal_distance == 6",0.760438714643063,FALSE,2013,961,"רמת ישי","RAMAT YISHAY",1,"יהודי",7350,3650,3690,1810,540,1070,3360,570,2.32809748379227,3157.08429357841,0.0775510204081633,61.25
122,2015,"רמתישי","רמת ישי",32.7061594,35.1687169,137.808906054277,122,1,6,2,"temporal_distance == 6",0.77544634640162,TRUE,2015,966,"רמת ישי","RAMAT YISHAY",1,"יהודי",7480,3720,3760,1830,550,1040,3340,730,2.32809748379227,3212.92387972333,0.0975935828877005,56
122,2019,"רמתישי","רמת ישי",32.7061594,35.1687169,137.808906054277,122,1,6,2,"temporal_distance == 6",0.756971408400988,TRUE,2019,967,"רמת ישי","RAMAT YISHAY",1,"יהודי",7785,3855,3930,1900,594,1007,3263,1022,2.32809748379227,3343.93213952489,0.131278098908157,NA
122,2019,"רמתישי","רמת ישי",32.7061594,35.1687169,137.808906054277,122,1,6,2,"temporal_distance == 6",0.741218005295675,TRUE,2019.4,967,"רמת ישי","RAMAT YISHAY",1,"יהודי",7785,3855,3930,1900,594,1007,3263,1022,2.32809748379227,3343.93213952489,0.131278098908157,NA
122,2020,"רמתישי","רמת ישי",32.7061594,35.1687169,137.808906054277,122,1,6,2,"temporal_distance == 6",0.745703262013329,TRUE,2020,964,"רמת ישי","RAMAT YISHAY",1,"יהודי",7897,3915,3985,1897,618,1009,3281,1092,2.32809748379227,3392.04009066513,0.138280359630239,NA
122,2021,"רמתישי","רמת ישי",32.7061594,35.1687169,137.808906054277,122,1,6,2,"temporal_distance == 6",0.736418166238218,TRUE,2021,962,"רמת ישי","RAMAT YISHAY",1,"יהודי",8071,3984,4087,1946,635,978,3298,1213,2.32809748379227,3466.77922904372,0.150291165902614,NA
122,2022,"רמתישי","רמת ישי",32.7061594,35.1687169,137.808906054277,122,1,6,2,"temporal_distance == 6",0.726894946808511,TRUE,2022,958,"רמת ישי","RAMAT YISHAY",1,"יהודי",8120,3998,4122,1935,637,988,3289,1271,2.32809748379227,3487.82645766758,0.156527093596059,NA
126,2009,"שריד","שריד",32.6642239,35.2251395,135.82266569252,126,1,6,1,"temporal_distance == 6",0.671974522292994,FALSE,2009,NA,NA,NA,NA,NA,NA,NA,NA,NA,NA,NA,NA,NA,NA,NA,NA,NA
126,2013,"שריד","שריד",32.6642239,35.2251395,135.82266569252,126,1,6,1,"temporal_distance == 6",0.717451523545706,FALSE,2013,974,"שריד","SARID",1,"יהודי",820,420,400,240,30,70,310,170,2.13816282380689,383.506808213994,0.207317073170732,53
126,2015,"שריד","שריד",32.6642239,35.2251395,135.82266569252,126,1,6,1,"temporal_distance == 6",0.730398899587345,TRUE,2015,978,"שריד","SARID",1,"יהודי",850,440,410,260,30,70,300,190,2.13816282380689,397.537545099872,0.223529411764706,58.5
126,2019,"שריד","שריד",32.6642239,35.2251395,135.82266569252,126,1,6,1,"temporal_distance == 6",0.727030625832224,TRUE,2019,981,"שריד","SARID",1,"יהודי",883,444,439,260,52,52,317,203,2.13816282380689,412.971355674338,0.229898074745187,NA
126,2019,"שריד","שריד",32.6642239,35.2251395,135.82266569252,126,1,6,1,"temporal_distance == 6",0.730053191489362,TRUE,2019.4,981,"שריד","SARID",1,"יהודי",883,444,439,260,52,52,317,203,2.13816282380689,412.971355674338,0.229898074745187,NA
126,2020,"שריד","שריד",32.6642239,35.2251395,135.82266569252,126,1,6,1,"temporal_distance == 6",0.714854111405836,TRUE,2020,979,"שריד","SARID",1,"יהודי",897,454,448,239,70,55,316,217,2.13816282380689,419.519032887748,0.241917502787068,NA
126,2021,"שריד","שריד",32.6642239,35.2251395,135.82266569252,126,1,6,1,"temporal_distance == 6",0.698952879581152,TRUE,2021,975,"שריד","SARID",1,"יהודי",875,440,435,235,70,55,316,201,2.13816282380689,409.229825838104,0.229714285714286,NA
126,2022,"שריד","שריד",32.6642239,35.2251395,135.82266569252,126,1,6,1,"temporal_distance == 6",0.690414507772021,TRUE,2022,971,"שריד","SARID",1,"יהודי",889,441,448,232,77,56,318,205,2.13816282380689,415.777503051514,0.230596175478065,NA
130,2009,"משמרהעמק","משמר העמק",32.6097176,35.1418074,127.968444529141,130,1,6,3,"temporal_distance == 6",0.739076154806492,FALSE,2009,NA,NA,NA,NA,NA,NA,NA,NA,NA,NA,NA,NA,NA,NA,NA,NA,NA
130,2013,"משמרהעמק","משמר העמק",32.6097176,35.1418074,127.968444529141,130,1,6,3,"temporal_distance == 6",0.762886597938144,FALSE,2013,1011,"משמר העמק","MISHMAR HAEMEQ",1,"יהודי",1190,580,610,260,90,150,500,190,0.868402801523399,1370.33182978272,0.159663865546218,32.5
130,2015,"משמרהעמק","משמר העמק",32.6097176,35.1418074,127.968444529141,130,1,6,3,"temporal_distance == 6",0.744493392070485,TRUE,2015,1009,"משמר העמק","MISHMAR HAEMEQ",1,"יהודי",1220,590,620,260,90,160,510,190,0.868402801523399,1404.87801036548,0.155737704918033,31
130,2019,"משמרהעמק","משמר העמק",32.6097176,35.1418074,127.968444529141,130,1,6,3,"temporal_distance == 6",0.763326226012793,TRUE,2019,1017,"משמר העמק","MISHMAR HAEMEQ",1,"יהודי",1271,617,654,316,63,172,509,212,0.868402801523399,1463.60651735617,0.166797797010228,NA
130,2019,"משמרהעמק","משמר העמק",32.6097176,35.1418074,127.968444529141,130,1,6,3,"temporal_distance == 6",0.756046267087277,TRUE,2019.4,1017,"משמר העמק","MISHMAR HAEMEQ",1,"יהודי",1271,617,654,316,63,172,509,212,0.868402801523399,1463.60651735617,0.166797797010228,NA
130,2020,"משמרהעמק","משמר העמק",32.6097176,35.1418074,127.968444529141,130,1,6,3,"temporal_distance == 6",0.751840168243954,TRUE,2020,1020,"משמר העמק","MISHMAR HAEMEQ",1,"יהודי",1284,619,665,320,68,172,512,212,0.868402801523399,1478.57652894203,0.165109034267913,NA
130,2021,"משמרהעמק","משמר העמק",32.6097176,35.1418074,127.968444529141,130,1,6,3,"temporal_distance == 6",0.771097046413502,TRUE,2021,1019,"משמר העמק","MISHMAR HAEMEQ",1,"יהודי",1267,606,662,311,72,154,519,212,0.868402801523399,1459.00035994513,0.167324388318863,NA
130,2022,"משמרהעמק","משמר העמק",32.6097176,35.1418074,127.968444529141,130,1,6,3,"temporal_distance == 6",0.762513312034079,TRUE,2022,1014,"משמר העמק","MISHMAR HAEMEQ",1,"יהודי",1278,611,668,325,78,146,516,214,0.868402801523399,1471.66729282548,0.167449139280125,NA
132,2009,"כפרברוך","כפר ברוך",32.6460175,35.1907171,133.442890054501,132,1,6,1,"temporal_distance == 6",0.705179282868526,FALSE,2009,NA,NA,NA,NA,NA,NA,NA,NA,NA,NA,NA,NA,NA,NA,NA,NA,NA
132,2013,"כפרברוך","כפר ברוך",32.6460175,35.1907171,133.442890054501,132,1,6,1,"temporal_distance == 6",0.78839590443686,FALSE,2013,1026,"כפר ברוך","KEFAR BARUKH",1,"יהודי",500,250,250,180,30,40,200,60,1.0742567626333,465.438075320433,0.12,22.5
132,2015,"כפרברוך","כפר ברוך",32.6460175,35.1907171,133.442890054501,132,1,6,1,"temporal_distance == 6",0.783536585365854,TRUE,2015,1032,"כפר ברוך","KEFAR BARUKH",1,"יהודי",520,260,260,200,20,40,200,60,1.0742567626333,484.05559833325,0.115384615384615,34
132,2019,"כפרברוך","כפר ברוך",32.6460175,35.1907171,133.442890054501,132,1,6,1,"temporal_distance == 6",0.803867403314917,TRUE,2019.4,1031,"כפר ברוך","KEFAR BARUKH",1,"יהודי",602,306,295,227,46,47,211,0,1.0742567626333,560.387442685801,0,NA
132,2019,"כפרברוך","כפר ברוך",32.6460175,35.1907171,133.442890054501,132,1,6,1,"temporal_distance == 6",0.792817679558011,TRUE,2019,1031,"כפר ברוך","KEFAR BARUKH",1,"יהודי",602,306,295,227,46,47,211,0,1.0742567626333,560.387442685801,0,NA
132,2020,"כפרברוך","כפר ברוך",32.6460175,35.1907171,133.442890054501,132,1,6,1,"temporal_distance == 6",0.775675675675676,TRUE,2020,1033,"כפר ברוך","KEFAR BARUKH",1,"יהודי",614,316,294,235,51,35,223,70,1.0742567626333,571.557956493492,0.11400651465798,NA
132,2021,"כפרברוך","כפר ברוך",32.6460175,35.1907171,133.442890054501,132,1,6,1,"temporal_distance == 6",0.752659574468085,TRUE,2021,1027,"כפר ברוך","KEFAR BARUKH",1,"יהודי",667,346,321,248,59,40,253,68,1.0742567626333,620.894392477457,0.101949025487256,NA
132,2022,"כפרברוך","כפר ברוך",32.6460175,35.1907171,133.442890054501,132,1,6,1,"temporal_distance == 6",0.770642201834862,TRUE,2022,1021,"כפר ברוך","KEFAR BARUKH",1,"יהודי",709,369,340,260,62,43,272,71,1.0742567626333,659.991190804374,0.100141043723554,NA
133,2009,"גבת","גבת",32.6747386,35.2124295,136.757465103648,133,1,6,1,"temporal_distance == 6",0.762295081967213,FALSE,2009,NA,NA,NA,NA,NA,NA,NA,NA,NA,NA,NA,NA,NA,NA,NA,NA,NA
133,2013,"גבת","גבת",32.6747386,35.2124295,136.757465103648,133,1,6,1,"temporal_distance == 6",0.810593900481541,FALSE,2013,1036,"גבת","GEVAT",1,"יהודי",790,370,420,200,30,90,330,140,1.76532702918813,447.509150960725,0.177215189873418,58.6666666666667
133,2015,"גבת","גבת",32.6747386,35.2124295,136.757465103648,133,1,6,1,"temporal_distance == 6",0.838509316770186,TRUE,2015,1039,"גבת","GEVAT",1,"יהודי",860,410,450,240,30,70,370,160,1.76532702918813,487.161860539524,0.186046511627907,57.3333333333333
133,2019,"גבת","גבת",32.6747386,35.2124295,136.757465103648,133,1,6,1,"temporal_distance == 6",0.822320117474302,TRUE,2019.4,1045,"גבת","GEVAT",1,"יהודי",933,444,489,279,50,57,370,178,1.76532702918813,528.513971957414,0.190782422293676,NA
133,2019,"גבת","גבת",32.6747386,35.2124295,136.757465103648,133,1,6,1,"temporal_distance == 6",0.812041116005874,TRUE,2019,1045,"גבת","GEVAT",1,"יהודי",933,444,489,279,50,57,370,178,1.76532702918813,528.513971957414,0.190782422293676,NA
133,2020,"גבת","גבת",32.6747386,35.2124295,136.757465103648,133,1,6,1,"temporal_distance == 6",0.812041116005874,TRUE,2020,1046,"גבת","GEVAT",1,"יהודי",932,442,494,269,58,65,362,178,1.76532702918813,527.947504677716,0.190987124463519,NA
133,2021,"גבת","גבת",32.6747386,35.2124295,136.757465103648,133,1,6,1,"temporal_distance == 6",0.804347826086957,TRUE,2021,1034,"גבת","GEVAT",1,"יהודי",958,452,506,273,71,67,362,184,1.76532702918813,542.675653949842,0.192066805845511,NA
133,2022,"גבת","גבת",32.6747386,35.2124295,136.757465103648,133,1,6,1,"temporal_distance == 6",0.810541310541311,TRUE,2022,1037,"גבת","GEVAT",1,"יהודי",965,453,512,279,72,67,360,187,1.76532702918813,546.640924907721,0.193782383419689,NA
134,2009,"יפעת","יפעת",32.6772201,35.2244009,137.935502697811,134,1,6,1,"temporal_distance == 6",0.696374622356495,FALSE,2009,NA,NA,NA,NA,NA,NA,NA,NA,NA,NA,NA,NA,NA,NA,NA,NA,NA
134,2013,"יפעת","יפעת",32.6772201,35.2244009,137.935502697811,134,1,6,1,"temporal_distance == 6",0.752941176470588,FALSE,2013,1048,"יפעת","YIF'AT",1,"יהודי",1010,510,500,250,40,140,400,170,1.48386728582697,680.653862813022,0.168316831683168,61.5
134,2015,"יפעת","יפעת",32.6772201,35.2244009,137.935502697811,134,1,6,1,"temporal_distance == 6",0.775280898876405,TRUE,2015,1056,"יפעת","YIF'AT",1,"יהודי",1080,540,540,280,60,130,440,180,1.48386728582697,727.827892908974,0.166666666666667,61
134,2019,"יפעת","יפעת",32.6772201,35.2244009,137.935502697811,134,1,6,1,"temporal_distance == 6",0.741656365883807,TRUE,2019,1058,"יפעת","YIF'AT",1,"יהודי",1208,614,594,354,78,118,477,180,1.48386728582697,814.088976513,0.149006622516556,NA
134,2019,"יפעת","יפעת",32.6772201,35.2244009,137.935502697811,134,1,6,1,"temporal_distance == 6",0.76997578692494,TRUE,2019.4,1058,"יפעת","YIF'AT",1,"יהודי",1208,614,594,354,78,118,477,180,1.48386728582697,814.088976513,0.149006622516556,NA
134,2020,"יפעת","יפעת",32.6772201,35.2244009,137.935502697811,134,1,6,1,"temporal_distance == 6",0.761158021712907,TRUE,2020,1052,"יפעת","YIF'AT",1,"יהודי",1204,614,594,339,87,108,488,182,1.48386728582697,811.393317650374,0.151162790697674,NA
134,2021,"יפעת","יפעת",32.6772201,35.2244009,137.935502697811,134,1,6,1,"temporal_distance == 6",0.750295857988166,TRUE,2021,1057,"יפעת","YIF'AT",1,"יהודי",1212,615,597,332,100,104,496,180,1.48386728582697,816.784635375626,0.148514851485149,NA
134,2022,"יפעת","יפעת",32.6772201,35.2244009,137.935502697811,134,1,6,1,"temporal_distance == 6",0.756410256410256,TRUE,2022,1051,"יפעת","YIF'AT",1,"יהודי",1227,620,606,306,119,113,501,187,1.48386728582697,826.893356110473,0.15240423797881,NA
135,2009,"רמתדוד","רמת דוד",32.6781214,35.2031079,135.670012647015,135,1,6,1,"temporal_distance == 6",0.61340206185567,FALSE,2009,NA,NA,NA,NA,NA,NA,NA,NA,NA,NA,NA,NA,NA,NA,NA,NA,NA
135,2013,"רמתדוד","רמת דוד",32.6781214,35.2031079,135.670012647015,135,1,6,1,"temporal_distance == 6",0.895238095238095,FALSE,2013,1067,"רמת דוד","RAMAT DAWID",1,"יהודי",430,200,230,140,20,40,170,60,2.44903876212584,175.579091131554,0.13953488372093,55.25
135,2015,"רמתדוד","רמת דוד",32.6781214,35.2031079,135.670012647015,135,1,6,1,"temporal_distance == 6",0.77521613832853,TRUE,2015,1070,"רמת דוד","RAMAT DAWID",1,"יהודי",480,230,250,160,20,40,200,60,2.44903876212584,195.995264518944,0.125,52.75
135,2019,"רמתדוד","רמת דוד",32.6781214,35.2031079,135.670012647015,135,1,6,1,"temporal_distance == 6",0.811267605633803,TRUE,2019.4,1064,"רמת דוד","RAMAT DAWID",1,"יהודי",521,247,274,172,45,24,218,63,2.44903876212584,212.736526696603,0.120921305182342,NA
135,2019,"רמתדוד","רמת דוד",32.6781214,35.2031079,135.670012647015,135,1,6,1,"temporal_distance == 6",0.804597701149425,TRUE,2019,1064,"רמת דוד","RAMAT DAWID",1,"יהודי",521,247,274,172,45,24,218,63,2.44903876212584,212.736526696603,0.120921305182342,NA
135,2020,"רמתדוד","רמת דוד",32.6781214,35.2031079,135.670012647015,135,1,6,1,"temporal_distance == 6",0.794444444444444,TRUE,2020,1072,"רמת דוד","RAMAT DAWID",1,"יהודי",540,256,281,179,44,25,223,69,2.44903876212584,220.494672583812,0.127777777777778,NA
135,2021,"רמתדוד","רמת דוד",32.6781214,35.2031079,135.670012647015,135,1,6,1,"temporal_distance == 6",0.778666666666667,TRUE,2021,1061,"רמת דוד","RAMAT DAWID",1,"יהודי",542,254,287,177,46,31,222,67,2.44903876212584,221.311319519307,0.123616236162362,NA
135,2022,"רמתדוד","רמת דוד",32.6781214,35.2031079,135.670012647015,135,1,6,1,"temporal_distance == 6",0.754950495049505,TRUE,2022,1065,"רמת דוד","RAMAT DAWID",1,"יהודי",582,274,308,189,50,37,241,64,2.44903876212584,237.644258229219,0.109965635738832,NA
139,2009,"עיןשמר","עין שמר",32.462106,35.0065911,107.504531831255,139,0,NA,NA,"no_red_alert",0.701013513513513,FALSE,2009,NA,NA,NA,NA,NA,NA,NA,NA,NA,NA,NA,NA,NA,NA,NA,NA,NA
139,2013,"עיןשמר","עין שמר",32.462106,35.0065911,107.504531831255,139,0,NA,NA,"no_red_alert",0.731833910034602,FALSE,2013,1077,"עין שמר","EN SHEMER",1,"יהודי",550,280,280,100,50,90,190,130,0.631899670505414,870.39133848589,0.236363636363636,62.4
139,2015,"עיןשמר","עין שמר",32.462106,35.0065911,107.504531831255,139,0,NA,NA,"no_red_alert",0.744897959183674,TRUE,2015,1074,"עין שמר","EN SHEMER",1,"יהודי",570,290,280,110,60,90,190,130,0.631899670505414,902.04193261265,0.228070175438596,61
139,2019,"עיןשמר","עין שמר",32.462106,35.0065911,107.504531831255,139,0,NA,NA,"no_red_alert",0.729131175468484,TRUE,2019.4,1083,"עין שמר","EN SHEMER",1,"יהודי",571,286,285,121,39,85,198,127,0.631899670505414,903.624462318988,0.222416812609457,NA
139,2019,"עיןשמר","עין שמר",32.462106,35.0065911,107.504531831255,139,0,NA,NA,"no_red_alert",0.751736111111111,TRUE,2019,1083,"עין שמר","EN SHEMER",1,"יהודי",571,286,285,121,39,85,198,127,0.631899670505414,903.624462318988,0.222416812609457,NA
139,2020,"עיןשמר","עין שמר",32.462106,35.0065911,107.504531831255,139,0,NA,NA,"no_red_alert",0.726190476190476,TRUE,2020,1085,"עין שמר","EN SHEMER",1,"יהודי",586,297,287,127,41,72,210,136,0.631899670505414,927.362407914058,0.232081911262799,NA
139,2021,"עיןשמר","עין שמר",32.462106,35.0065911,107.504531831255,139,0,NA,NA,"no_red_alert",0.717428087986464,TRUE,2021,1075,"עין שמר","EN SHEMER",1,"יהודי",635,322,313,154,44,70,231,136,0.631899670505414,1004.90636352462,0.214173228346457,NA
139,2022,"עיןשמר","עין שמר",32.462106,35.0065911,107.504531831255,139,0,NA,NA,"no_red_alert",0.713622291021672,TRUE,2022,1078,"עין שמר","EN SHEMER",1,"יהודי",689,353,336,180,54,62,259,133,0.631899670505414,1090.36296766687,0.193033381712627,NA
140,2009,"כפריהושע","כפר יהושע",32.683821,35.1514906,133.694477645861,140,1,6,1,"temporal_distance == 6",0.813167259786477,FALSE,2009,NA,NA,NA,NA,NA,NA,NA,NA,NA,NA,NA,NA,NA,NA,NA,NA,NA
140,2013,"כפריהושע","כפר יהושע",32.683821,35.1514906,133.694477645861,140,1,6,1,"temporal_distance == 6",0.82179675994109,FALSE,2013,1092,"כפר יהושע","KEFAR YEHOSHUA",1,"יהודי",1080,520,560,350,90,90,400,150,7.51660514994527,143.681885433062,0.138888888888889,38.6
140,2015,"כפריהושע","כפר יהושע",32.683821,35.1514906,133.694477645861,140,1,6,1,"temporal_distance == 6",0.83026874115983,TRUE,2015,1093,"כפר יהושע","KEFAR YEHOSHUA",1,"יהודי",1110,540,570,320,110,110,430,150,7.51660514994527,147.673048917314,0.135135135135135,47.4
140,2019,"כפריהושע","כפר יהושע",32.683821,35.1514906,133.694477645861,140,1,6,1,"temporal_distance == 6",0.803377563329312,TRUE,2019,1097,"כפר יהושע","KEFAR YEHOSHUA",1,"יהודי",1224,603,621,340,117,150,475,143,7.51660514994527,162.83947015747,0.116830065359477,NA
140,2019,"כפריהושע","כפר יהושע",32.683821,35.1514906,133.694477645861,140,1,6,1,"temporal_distance == 6",0.789855072463768,TRUE,2019.4,1097,"כפר יהושע","KEFAR YEHOSHUA",1,"יהודי",1224,603,621,340,117,150,475,143,7.51660514994527,162.83947015747,0.116830065359477,NA
140,2020,"כפריהושע","כפר יהושע",32.683821,35.1514906,133.694477645861,140,1,6,1,"temporal_distance == 6",0.810843373493976,TRUE,2020,1094,"כפר יהושע","KEFAR YEHOSHUA",1,"יהודי",1222,602,619,327,115,156,483,141,7.51660514994527,162.573392591853,0.115384615384615,NA
140,2021,"כפריהושע","כפר יהושע",32.683821,35.1514906,133.694477645861,140,1,6,1,"temporal_distance == 6",0.773474178403756,TRUE,2021,1086,"כפר יהושע","KEFAR YEHOSHUA",1,"יהודי",1244,614,630,319,127,170,486,144,7.51660514994527,165.500245813638,0.115755627009646,NA
140,2022,"כפריהושע","כפר יהושע",32.683821,35.1514906,133.694477645861,140,1,6,1,"temporal_distance == 6",0.772222222222222,TRUE,2022,1096,"כפר יהושע","KEFAR YEHOSHUA",1,"יהודי",1251,619,632,309,137,168,487,150,7.51660514994527,166.431517293297,0.119904076738609,NA
141,2009,"ברק","ברק",32.5416905,35.2650905,127.551771562139,141,1,6,1,"temporal_distance == 6",0.66,FALSE,2009,NA,NA,NA,NA,NA,NA,NA,NA,NA,NA,NA,NA,NA,NA,NA,NA,NA
141,2013,"ברק","ברק",32.5416905,35.2650905,127.551771562139,141,1,6,1,"temporal_distance == 6",0.699658703071672,FALSE,2013,1100,"ברק","BARAQ",1,"יהודי",420,200,220,100,30,50,170,60,0.626241582358959,670.667697309276,0.142857142857143,27
141,2015,"ברק","ברק",32.5416905,35.2650905,127.551771562139,141,1,6,1,"temporal_distance == 6",0.723472668810289,TRUE,2015,1103,"ברק","BARAQ",1,"יהודי",420,200,220,100,20,60,170,70,0.626241582358959,670.667697309276,0.166666666666667,28
141,2019,"ברק","ברק",32.5416905,35.2650905,127.551771562139,141,1,6,1,"temporal_distance == 6",0.741830065359477,TRUE,2019.4,1109,"ברק","BARAQ",1,"יהודי",411,190,221,95,22,53,172,69,0.626241582358959,656.296246652649,0.167883211678832,NA
141,2019,"ברק","ברק",32.5416905,35.2650905,127.551771562139,141,1,6,1,"temporal_distance == 6",0.717607973421927,TRUE,2019,1109,"ברק","BARAQ",1,"יהודי",411,190,221,95,22,53,172,69,0.626241582358959,656.296246652649,0.167883211678832,NA
141,2020,"ברק","ברק",32.5416905,35.2650905,127.551771562139,141,1,6,1,"temporal_distance == 6",0.720394736842105,TRUE,2020,1107,"ברק","BARAQ",1,"יהודי",411,193,219,89,22,62,165,73,0.626241582358959,656.296246652649,0.177615571776156,NA
141,2021,"ברק","ברק",32.5416905,35.2650905,127.551771562139,141,1,6,1,"temporal_distance == 6",0.662295081967213,TRUE,2021,1104,"ברק","BARAQ",1,"יהודי",396,189,207,83,22,62,158,69,0.626241582358959,632.343828891603,0.174242424242424,NA
141,2022,"ברק","ברק",32.5416905,35.2650905,127.551771562139,141,1,6,1,"temporal_distance == 6",0.740740740740741,TRUE,2022,1099,"ברק","BARAQ",1,"יהודי",396,188,208,85,23,56,157,75,0.626241582358959,632.343828891603,0.189393939393939,NA
142,2009,"שדהיעקב","שדה יעקב",32.697437,35.1419005,135.892457428313,142,1,6,1,"temporal_distance == 6",0.82089552238806,FALSE,2009,NA,NA,NA,NA,NA,NA,NA,NA,NA,NA,NA,NA,NA,NA,NA,NA,NA
142,2013,"שדהיעקב","שדה יעקב",32.697437,35.1419005,135.892457428313,142,1,6,1,"temporal_distance == 6",0.854684512428298,FALSE,2013,1123,"שדה יעקב","SEDE YA'AQOV",1,"יהודי",1270,810,460,450,320,100,330,70,2.18103472728942,582.292424833763,0.0551181102362205,53.6666666666667
142,2015,"שדהיעקב","שדה יעקב",32.697437,35.1419005,135.892457428313,142,1,6,1,"temporal_distance == 6",0.841637010676157,TRUE,2015,1116,"שדה יעקב","SEDE YA'AQOV",1,"יהודי",1130,640,500,400,200,110,350,70,2.18103472728942,518.102708710356,0.0619469026548673,55.6666666666667
142,2019,"שדהיעקב","שדה יעקב",32.697437,35.1419005,135.892457428313,142,1,6,1,"temporal_distance == 6",0.789137380191693,TRUE,2019.4,1124,"שדה יעקב","SEDE YA'AQOV",1,"יהודי",1103,593,509,385,158,126,340,92,2.18103472728942,505.723263457985,0.0834088848594742,NA
142,2019,"שדהיעקב","שדה יעקב",32.697437,35.1419005,135.892457428313,142,1,6,1,"temporal_distance == 6",0.820846905537459,TRUE,2019,1124,"שדה יעקב","SEDE YA'AQOV",1,"יהודי",1103,593,509,385,158,126,340,92,2.18103472728942,505.723263457985,0.0834088848594742,NA
142,2020,"שדהיעקב","שדה יעקב",32.697437,35.1419005,135.892457428313,142,1,6,1,"temporal_distance == 6",0.799363057324841,TRUE,2020,1117,"שדה יעקב","SEDE YA'AQOV",1,"יהודי",1096,590,504,385,144,124,341,102,2.18103472728942,502.513777651815,0.0930656934306569,NA
142,2021,"שדהיעקב","שדה יעקב",32.697437,35.1419005,135.892457428313,142,1,6,1,"temporal_distance == 6",0.778801843317972,TRUE,2021,1122,"שדה יעקב","SEDE YA'AQOV",1,"יהודי",1094,583,511,361,155,127,351,99,2.18103472728942,501.596781707195,0.0904936014625228,NA
142,2022,"שדהיעקב","שדה יעקב",32.697437,35.1419005,135.892457428313,142,1,6,1,"temporal_distance == 6",0.780923994038748,TRUE,2022,1112,"שדה יעקב","SEDE YA'AQOV",1,"יהודי",1096,583,513,331,175,133,349,108,2.18103472728942,502.513777651815,0.0985401459854015,NA
145,2009,"גדיש","גדיש",32.5596795,35.245248,128.015304992615,145,1,6,1,"temporal_distance == 6",0.656603773584906,FALSE,2009,NA,NA,NA,NA,NA,NA,NA,NA,NA,NA,NA,NA,NA,NA,NA,NA,NA
145,2013,"גדיש","גדיש",32.5596795,35.245248,128.015304992615,145,1,6,1,"temporal_distance == 6",0.678571428571429,FALSE,2013,1160,"גדיש","GADISH",1,"יהודי",380,190,200,90,30,50,150,60,0.262164551663418,1449.47132474213,0.157894736842105,31
145,2015,"גדיש","גדיש",32.5596795,35.245248,128.015304992615,145,1,6,1,"temporal_distance == 6",0.760617760617761,TRUE,2015,1152,"גדיש","GADISH",1,"יהודי",400,190,210,90,40,60,160,60,0.262164551663418,1525.75928920224,0.15,31.75
145,2019,"גדיש","גדיש",32.5596795,35.245248,128.015304992615,145,1,6,1,"temporal_distance == 6",0.705454545454545,TRUE,2019,1154,"גדיש","GADISH",1,"יהודי",397,198,199,80,40,66,162,49,0.262164551663418,1514.31609453322,0.123425692695214,NA
145,2019,"גדיש","גדיש",32.5596795,35.245248,128.015304992615,145,1,6,1,"temporal_distance == 6",0.683636363636364,TRUE,2019.4,1154,"גדיש","GADISH",1,"יהודי",397,198,199,80,40,66,162,49,0.262164551663418,1514.31609453322,0.123425692695214,NA
145,2020,"גדיש","גדיש",32.5596795,35.245248,128.015304992615,145,1,6,1,"temporal_distance == 6",0.74468085106383,TRUE,2020,1158,"גדיש","GADISH",1,"יהודי",412,207,202,92,36,69,165,50,0.262164551663418,1571.53206787831,0.121359223300971,NA
145,2021,"גדיש","גדיש",32.5596795,35.245248,128.015304992615,145,1,6,1,"temporal_distance == 6",0.705263157894737,TRUE,2021,1155,"גדיש","GADISH",1,"יהודי",414,211,203,93,35,77,163,46,0.262164551663418,1579.16086432432,0.111111111111111,NA
145,2022,"גדיש","גדיש",32.5596795,35.245248,128.015304992615,145,1,6,1,"temporal_distance == 6",0.742049469964664,TRUE,2022,1161,"גדיש","GADISH",1,"יהודי",407,210,197,93,28,69,170,50,0.262164551663418,1552.46007676328,0.122850122850123,NA
146,2009,"דבורה","דבורה",32.5535275,35.2645125,128.260490885297,146,1,6,1,"temporal_distance == 6",0.602564102564103,FALSE,2009,NA,NA,NA,NA,NA,NA,NA,NA,NA,NA,NA,NA,NA,NA,NA,NA,NA
146,2013,"דבורה","דבורה",32.5535275,35.2645125,128.260490885297,146,1,6,1,"temporal_distance == 6",0.719298245614035,FALSE,2013,1176,"דבורה","DEVORA",1,"יהודי",220,100,110,60,10,20,90,40,0.720778382792002,305.225580084422,0.181818181818182,27
146,2015,"דבורה","דבורה",32.5535275,35.2645125,128.260490885297,146,1,6,1,"temporal_distance == 6",0.744292237442922,TRUE,2015,1172,"דבורה","DEVORA",1,"יהודי",230,110,120,70,10,10,100,40,0.720778382792002,319.099470088259,0.173913043478261,29
146,2019,"דבורה","דבורה",32.5535275,35.2645125,128.260490885297,146,1,6,1,"temporal_distance == 6",0.7,TRUE,2019,1165,"דבורה","DEVORA",1,"יהודי",217,100,117,59,14,22,83,39,0.720778382792002,301.06341308327,0.179723502304147,NA
146,2019,"דבורה","דבורה",32.5535275,35.2645125,128.260490885297,146,1,6,1,"temporal_distance == 6",0.717391304347826,TRUE,2019.4,1165,"דבורה","DEVORA",1,"יהודי",217,100,117,59,14,22,83,39,0.720778382792002,301.06341308327,0.179723502304147,NA
146,2020,"דבורה","דבורה",32.5535275,35.2645125,128.260490885297,146,1,6,1,"temporal_distance == 6",0.68859649122807,TRUE,2020,1175,"דבורה","DEVORA",1,"יהודי",209,98,110,56,14,19,83,37,0.720778382792002,289.9643010802,0.177033492822967,NA
146,2021,"דבורה","דבורה",32.5535275,35.2645125,128.260490885297,146,1,6,1,"temporal_distance == 6",0.647058823529412,TRUE,2021,1170,"דבורה","DEVORA",1,"יהודי",218,101,118,62,15,21,85,36,0.720778382792002,302.450802083654,0.165137614678899,NA
146,2022,"דבורה","דבורה",32.5535275,35.2645125,128.260490885297,146,1,6,1,"temporal_distance == 6",0.615044247787611,TRUE,2022,1169,"דבורה","DEVORA",1,"יהודי",225,103,122,61,17,22,88,38,0.720778382792002,312.16252508634,0.168888888888889,NA
154,2009,"תלמונד","תל מונד",32.2407701,34.9059535,79.6048324873127,10018,1,227,5,"temporal_distance > 200",0.722517730496454,FALSE,2009,NA,NA,NA,NA,NA,NA,NA,NA,NA,NA,NA,NA,NA,NA,NA,NA,NA
154,2013,"תלמונד","תל מונד",32.2407701,34.9059535,79.6048324873127,10018,1,227,5,"temporal_distance > 200",0.74294544477291,FALSE,2013,1202,"תל מונד","TEL MOND",1,"יהודי",11400,5780,5620,3510,1040,1220,4980,650,7.12871178434754,1599.16691049719,0.0570175438596491,63
154,2015,"תלמונד","תל מונד",32.2407701,34.9059535,79.6048324873127,10018,1,227,5,"temporal_distance > 200",0.777570789865872,TRUE,2015,1197,"תל מונד","TEL MOND",1,"יהודי",11940,6030,5910,3430,1230,1340,5170,770,7.12871178434754,1674.91692204706,0.0644891122278057,62.2222222222222
154,2019,"תלמונד","תל מונד",32.2407701,34.9059535,79.6048324873127,10018,1,227,5,"temporal_distance > 200",0.766180443003782,TRUE,2019,1199,"תל מונד","TEL MOND",1,"יהודי",13144,6650,6495,3454,1346,1697,5574,1073,7.12871178434754,1843.81139224343,0.0816342057212416,NA
154,2019,"תלמונד","תל מונד",32.2407701,34.9059535,79.6048324873127,10018,1,227,5,"temporal_distance > 200",0.75716730851519,TRUE,2019.4,1199,"תל מונד","TEL MOND",1,"יהודי",13144,6650,6495,3454,1346,1697,5574,1073,7.12871178434754,1843.81139224343,0.0816342057212416,NA
154,2020,"תלמונד","תל מונד",32.2407701,34.9059535,79.6048324873127,10018,1,227,5,"temporal_distance > 200",0.748262792166772,TRUE,2020,1191,"תל מונד","TEL MOND",1,"יהודי",13494,6807,6684,3511,1322,1815,5699,1147,7.12871178434754,1892.90862195168,0.0850007410701052,NA
154,2021,"תלמונד","תל מונד",32.2407701,34.9059535,79.6048324873127,10018,1,227,5,"temporal_distance > 200",0.736922450641156,TRUE,2021,1200,"תל מונד","TEL MOND",1,"יהודי",14179,7114,7065,3717,1359,1868,5958,1276,7.12871178434754,1988.99891438068,0.0899922420480993,NA
154,2022,"תלמונד","תל מונד",32.2407701,34.9059535,79.6048324873127,10018,1,227,5,"temporal_distance > 200",0.747274813539874,TRUE,2022,1196,"תל מונד","TEL MOND",1,"יהודי",14477,7284,7193,3741,1395,1896,6099,1347,7.12871178434754,2030.80169853227,0.0930441389790703,NA
157,2009,"עיןורד","עין ורד",32.2640975,34.934946,84.2526450849348,157,1,227,10,"temporal_distance > 200",0.801955990220049,FALSE,2009,NA,NA,NA,NA,NA,NA,NA,NA,NA,NA,NA,NA,NA,NA,NA,NA,NA
157,2013,"עיןורד","עין ורד",32.2640975,34.934946,84.2526450849348,157,1,227,10,"temporal_distance > 200",0.834547346514048,FALSE,2013,1241,"עין ורד","EN WERED",1,"יהודי",1420,710,710,460,100,120,610,130,2.40560298960173,590.288591317012,0.0915492957746479,63
157,2015,"עיןורד","עין ורד",32.2640975,34.934946,84.2526450849348,157,1,227,10,"temporal_distance > 200",0.838293650793651,TRUE,2015,1231,"עין ורד","EN WERED",1,"יהודי",1470,730,750,470,120,110,640,140,2.40560298960173,611.073400870428,0.0952380952380952,62.25
157,2019,"עיןורד","עין ורד",32.2640975,34.934946,84.2526450849348,157,1,227,10,"temporal_distance > 200",0.805682859761687,TRUE,2019.4,1229,"עין ורד","EN WERED",1,"יהודי",1504,762,742,410,158,144,618,174,2.40560298960173,625.207071366751,0.115691489361702,NA
157,2019,"עיןורד","עין ורד",32.2640975,34.934946,84.2526450849348,157,1,227,10,"temporal_distance > 200",0.81267217630854,TRUE,2019,1229,"עין ורד","EN WERED",1,"יהודי",1504,762,742,410,158,144,618,174,2.40560298960173,625.207071366751,0.115691489361702,NA
157,2020,"עיןורד","עין ורד",32.2640975,34.934946,84.2526450849348,157,1,227,10,"temporal_distance > 200",0.779411764705882,TRUE,2020,1230,"עין ורד","EN WERED",1,"יהודי",1547,795,753,390,185,161,630,181,2.40560298960173,643.082007582689,0.117000646412411,NA
157,2021,"עיןורד","עין ורד",32.2640975,34.934946,84.2526450849348,157,1,227,10,"temporal_distance > 200",0.803713527851459,TRUE,2021,1237,"עין ורד","EN WERED",1,"יהודי",1567,810,758,375,198,168,637,187,2.40560298960173,651.395931404055,0.119336311423101,NA
157,2022,"עיןורד","עין ורד",32.2640975,34.934946,84.2526450849348,157,1,227,10,"temporal_distance > 200",0.75885911840968,TRUE,2022,1232,"עין ורד","EN WERED",1,"יהודי",1564,803,762,346,200,192,634,193,2.40560298960173,650.14884283085,0.123401534526854,NA
162,2009,"חירות","חירות",32.2403081,34.91468,81.5373630803723,162,1,227,5,"temporal_distance > 200",0.847545219638243,FALSE,2009,NA,NA,NA,NA,NA,NA,NA,NA,NA,NA,NA,NA,NA,NA,NA,NA,NA
162,2013,"חירות","חירות",32.2403081,34.91468,81.5373630803723,162,1,227,5,"temporal_distance > 200",0.839094159713945,FALSE,2013,1282,"חירות","HERUT",1,"יהודי",1290,630,670,440,90,100,540,120,0.837538395771975,1540.22789463996,0.0930232558139535,63
162,2015,"חירות","חירות",32.2403081,34.91468,81.5373630803723,162,1,227,5,"temporal_distance > 200",0.845153664302601,TRUE,2015,1284,"חירות","HERUT",1,"יהודי",1270,610,660,400,110,110,530,120,0.837538395771975,1516.34839239748,0.094488188976378,62
162,2019,"חירות","חירות",32.2403081,34.91468,81.5373630803723,162,1,227,5,"temporal_distance > 200",0.823466092572659,TRUE,2019,1285,"חירות","HERUT",1,"יהודי",1298,630,668,342,137,141,549,129,0.837538395771975,1549.77969553695,0.0993836671802773,NA
162,2019,"חירות","חירות",32.2403081,34.91468,81.5373630803723,162,1,227,5,"temporal_distance > 200",0.814377682403433,TRUE,2019.4,1285,"חירות","HERUT",1,"יהודי",1298,630,668,342,137,141,549,129,0.837538395771975,1549.77969553695,0.0993836671802773,NA
162,2020,"חירות","חירות",32.2403081,34.91468,81.5373630803723,162,1,227,5,"temporal_distance > 200",0.811015118790497,TRUE,2020,1290,"חירות","HERUT",1,"יהודי",1267,606,662,311,143,142,541,130,0.837538395771975,1512.76646706111,0.102604577742699,NA
162,2021,"חירות","חירות",32.2403081,34.91468,81.5373630803723,162,1,227,5,"temporal_distance > 200",0.807073954983923,TRUE,2021,1289,"חירות","HERUT",1,"יהודי",1260,610,650,288,143,153,536,142,0.837538395771975,1504.40864127624,0.112698412698413,NA
162,2022,"חירות","חירות",32.2403081,34.91468,81.5373630803723,162,1,227,5,"temporal_distance > 200",0.775700934579439,TRUE,2022,1292,"חירות","HERUT",1,"יהודי",1246,603,643,264,137,181,526,140,0.837538395771975,1487.69298970651,0.112359550561798,NA
164,2009,"מלאה","מלאה",32.5630945,35.235457,127.921097617783,164,1,6,1,"temporal_distance == 6",0.745535714285714,FALSE,2009,NA,NA,NA,NA,NA,NA,NA,NA,NA,NA,NA,NA,NA,NA,NA,NA,NA
164,2013,"מלאה","מלאה",32.5630945,35.235457,127.921097617783,164,1,6,1,"temporal_distance == 6",0.83402489626556,FALSE,2013,1308,"מלאה","MELE'A",1,"יהודי",360,180,180,100,30,50,150,30,0.777061183015982,463.283983125684,0.0833333333333333,30
164,2015,"מלאה","מלאה",32.5630945,35.235457,127.921097617783,164,1,6,1,"temporal_distance == 6",0.781954887218045,TRUE,2015,1309,"מלאה","MELE'A",1,"יהודי",390,200,190,100,30,60,160,40,0.777061183015982,501.890981719491,0.102564102564103,30.5
164,2019,"מלאה","מלאה",32.5630945,35.235457,127.921097617783,164,1,6,1,"temporal_distance == 6",0.811594202898551,TRUE,2019,1319,"מלאה","MELE'A",1,"יהודי",383,205,177,93,35,50,162,44,0.777061183015982,492.882682047602,0.114882506527415,NA
164,2019,"מלאה","מלאה",32.5630945,35.235457,127.921097617783,164,1,6,1,"temporal_distance == 6",0.776978417266187,TRUE,2019.4,1319,"מלאה","MELE'A",1,"יהודי",383,205,177,93,35,50,162,44,0.777061183015982,492.882682047602,0.114882506527415,NA
164,2020,"מלאה","מלאה",32.5630945,35.235457,127.921097617783,164,1,6,1,"temporal_distance == 6",0.847826086956522,TRUE,2020,1317,"מלאה","MELE'A",1,"יהודי",393,213,178,99,32,49,166,47,0.777061183015982,505.751681578871,0.119592875318066,NA
164,2021,"מלאה","מלאה",32.5630945,35.235457,127.921097617783,164,1,6,1,"temporal_distance == 6",0.794223826714801,TRUE,2021,1314,"מלאה","MELE'A",1,"יהודי",375,203,172,92,29,48,158,48,0.777061183015982,482.587482422587,0.128,NA
164,2022,"מלאה","מלאה",32.5630945,35.235457,127.921097617783,164,1,6,1,"temporal_distance == 6",0.776173285198556,TRUE,2022,1313,"מלאה","MELE'A",1,"יהודי",363,199,164,89,27,47,151,50,0.777061183015982,467.144682985064,0.137741046831956,NA
165,2009,"ניריפה","ניר יפה",32.5698615,35.2441356,128.915434264263,165,1,6,1,"temporal_distance == 6",0.62280701754386,FALSE,2009,NA,NA,NA,NA,NA,NA,NA,NA,NA,NA,NA,NA,NA,NA,NA,NA,NA
165,2013,"ניריפה","ניר יפה",32.5698615,35.2441356,128.915434264263,165,1,6,1,"temporal_distance == 6",0.730027548209366,FALSE,2013,1321,"ניר יפה","NIR YAFE",1,"יהודי",640,330,310,240,20,50,260,70,0.85122733021643,751.855558769801,0.109375,31
165,2015,"ניריפה","ניר יפה",32.5698615,35.2441356,128.915434264263,165,1,6,1,"temporal_distance == 6",0.810026385224274,TRUE,2015,1320,"ניר יפה","NIR YAFE",1,"יהודי",680,350,330,260,30,40,270,80,0.85122733021643,798.846531192913,0.117647058823529,32.5
165,2019,"ניריפה","ניר יפה",32.5698615,35.2441356,128.915434264263,165,1,6,1,"temporal_distance == 6",0.746268656716418,TRUE,2019,1326,"ניר יפה","NIR YAFE",1,"יהודי",724,364,360,242,79,40,278,84,0.85122733021643,850.536600858337,0.116022099447514,NA
165,2019,"ניריפה","ניר יפה",32.5698615,35.2441356,128.915434264263,165,1,6,1,"temporal_distance == 6",0.730392156862745,TRUE,2019.4,1326,"ניר יפה","NIR YAFE",1,"יהודי",724,364,360,242,79,40,278,84,0.85122733021643,850.536600858337,0.116022099447514,NA
165,2020,"ניריפה","ניר יפה",32.5698615,35.2441356,128.915434264263,165,1,6,1,"temporal_distance == 6",0.770685579196217,TRUE,2020,1323,"ניר יפה","NIR YAFE",1,"יהודי",724,364,355,221,91,50,280,82,0.85122733021643,850.536600858337,0.113259668508287,NA
165,2021,"ניריפה","ניר יפה",32.5698615,35.2441356,128.915434264263,165,1,6,1,"temporal_distance == 6",0.713318284424379,TRUE,2021,1324,"ניר יפה","NIR YAFE",1,"יהודי",730,359,371,217,91,60,282,81,0.85122733021643,857.585246721804,0.110958904109589,NA
165,2022,"ניריפה","ניר יפה",32.5698615,35.2441356,128.915434264263,165,1,6,1,"temporal_distance == 6",0.724511930585683,TRUE,2022,1332,"ניר יפה","NIR YAFE",1,"יהודי",724,361,363,197,97,69,277,83,0.85122733021643,850.536600858337,0.114640883977901,NA
167,2009,"עיןהחורש","עין החורש",32.3864185,34.9393695,97.0616563068486,167,0,NA,NA,"no_red_alert",0.775229357798165,FALSE,2009,NA,NA,NA,NA,NA,NA,NA,NA,NA,NA,NA,NA,NA,NA,NA,NA,NA
167,2013,"עיןהחורש","עין החורש",32.3864185,34.9393695,97.0616563068486,167,0,NA,NA,"no_red_alert",0.786153846153846,FALSE,2013,1348,"עין החורש","EN HAHORESH",1,"יהודי",740,360,390,150,40,90,290,180,0.567130357244115,1304.81465248293,0.243243243243243,46
167,2015,"עיןהחורש","עין החורש",32.3864185,34.9393695,97.0616563068486,167,0,NA,NA,"no_red_alert",0.809667673716012,TRUE,2015,1352,"עין החורש","EN HAHORESH",1,"יהודי",740,350,390,150,40,80,280,190,0.567130357244115,1304.81465248293,0.256756756756757,55
167,2019,"עיןהחורש","עין החורש",32.3864185,34.9393695,97.0616563068486,167,0,NA,NA,"no_red_alert",0.818978102189781,TRUE,2019,1349,"עין החורש","EN HAHORESH",1,"יהודי",836,401,434,214,43,68,311,199,0.567130357244115,1474.08790469693,0.238038277511962,NA
167,2019,"עיןהחורש","עין החורש",32.3864185,34.9393695,97.0616563068486,167,0,NA,NA,"no_red_alert",0.79971181556196,TRUE,2019.4,1349,"עין החורש","EN HAHORESH",1,"יהודי",836,401,434,214,43,68,311,199,0.567130357244115,1474.08790469693,0.238038277511962,NA
167,2020,"עיןהחורש","עין החורש",32.3864185,34.9393695,97.0616563068486,167,0,NA,NA,"no_red_alert",0.767605633802817,TRUE,2020,1354,"עין החורש","EN HAHORESH",1,"יהודי",846,406,441,212,45,69,312,208,0.567130357244115,1491.72053513589,0.245862884160756,NA
167,2021,"עיןהחורש","עין החורש",32.3864185,34.9393695,97.0616563068486,167,0,NA,NA,"no_red_alert",0.762247838616715,TRUE,2021,1356,"עין החורש","EN HAHORESH",1,"יהודי",854,399,455,211,48,79,311,205,0.567130357244115,1505.82663948706,0.240046838407494,NA
167,2022,"עיןהחורש","עין החורש",32.3864185,34.9393695,97.0616563068486,167,0,NA,NA,"no_red_alert",0.756944444444444,TRUE,2022,1359,"עין החורש","EN HAHORESH",1,"יהודי",874,408,466,226,46,78,322,201,0.567130357244115,1541.09190036497,0.229977116704806,NA
168,2009,"כפריונה","כפר יונה",32.323707,34.9255086,88.8539352409497,168,0,NA,NA,"no_red_alert",0.659592215013902,FALSE,2009,NA,NA,NA,NA,NA,NA,NA,NA,NA,NA,NA,NA,NA,NA,NA,NA,NA
168,2013,"כפריונה","כפר יונה",32.323707,34.9255086,88.8539352409497,168,0,NA,NA,"no_red_alert",0.719157472417252,FALSE,2013,1361,"כפר יונה","KEFAR YONA",1,"יהודי",20550,10260,10280,6320,1370,2540,9020,1310,11.3418183519759,1811.87878012699,0.0637469586374696,62.8333333333333
168,2015,"כפריונה","כפר יונה",32.323707,34.9255086,88.8539352409497,168,0,NA,NA,"no_red_alert",0.765763154080301,TRUE,2015,1371,"כפר יונה","KEFAR YONA",1,"יהודי",21610,10830,10790,6550,1510,2580,9410,1570,11.3418183519759,1905.33822085373,0.0726515502082369,61.6111111111111
168,2019,"כפריונה","כפר יונה",32.323707,34.9255086,88.8539352409497,168,0,NA,NA,"no_red_alert",0.73057092555332,TRUE,2019.4,1366,"כפר יונה","KEFAR YONA",1,"יהודי",24778,12404,12374,7079,1886,2945,10558,2306,11.3418183519759,2184.65851162951,0.0930664298974897,NA
168,2019,"כפריונה","כפר יונה",32.323707,34.9255086,88.8539352409497,168,0,NA,NA,"no_red_alert",0.739970186013352,TRUE,2019,1366,"כפר יונה","KEFAR YONA",1,"יהודי",24778,12404,12374,7079,1886,2945,10558,2306,11.3418183519759,2184.65851162951,0.0930664298974897,NA
168,2020,"כפריונה","כפר יונה",32.323707,34.9255086,88.8539352409497,168,0,NA,NA,"no_red_alert",0.736433638513309,TRUE,2020,1363,"כפר יונה","KEFAR YONA",1,"יהודי",26182,13020,13163,7435,1976,3139,11139,2493,11.3418183519759,2308.4481859506,0.0952180887632725,NA
168,2021,"כפריונה","כפר יונה",32.323707,34.9255086,88.8539352409497,168,0,NA,NA,"no_red_alert",0.714692969952677,TRUE,2021,1362,"כפר יונה","KEFAR YONA",1,"יהודי",27897,13843,14055,7889,2167,3214,11927,2697,11.3418183519759,2459.65850750377,0.0966770620496828,NA
168,2022,"כפריונה","כפר יונה",32.323707,34.9255086,88.8539352409497,168,0,NA,NA,"no_red_alert",0.737665960634396,TRUE,2022,1370,"כפר יונה","KEFAR YONA",1,"יהודי",29450,14623,14826,8267,2314,3377,12582,2910,11.3418183519759,2596.58540509682,0.098811544991511,NA
170,2009,"כפריעבץ","כפר יעבץ",32.2734364,34.964609,87.1719236450985,170,1,227,5,"temporal_distance > 200",0.716157205240175,FALSE,2009,NA,NA,NA,NA,NA,NA,NA,NA,NA,NA,NA,NA,NA,NA,NA,NA,NA
170,2013,"כפריעבץ","כפר יעבץ",32.2734364,34.964609,87.1719236450985,170,1,227,5,"temporal_distance > 200",0.785876993166287,FALSE,2013,1380,"כפר יעבץ","KEFAR YA'BEZ",1,"יהודי",630,320,320,190,60,80,250,50,0.67907481591641,927.732828892818,0.0793650793650794,63
170,2015,"כפריעבץ","כפר יעבץ",32.2734364,34.964609,87.1719236450985,170,1,227,5,"temporal_distance > 200",0.812095032397408,TRUE,2015,1384,"כפר יעבץ","KEFAR YA'BEZ",1,"יהודי",670,330,330,200,50,90,260,60,0.67907481591641,986.636500568552,0.0895522388059701,61
170,2019,"כפריעבץ","כפר יעבץ",32.2734364,34.964609,87.1719236450985,170,1,227,5,"temporal_distance > 200",0.793548387096774,TRUE,2019.4,1377,"כפר יעבץ","KEFAR YA'BEZ",1,"יהודי",659,325,334,191,49,103,258,59,0.67907481591641,970.437990857725,0.0895295902883156,NA
170,2019,"כפריעבץ","כפר יעבץ",32.2734364,34.964609,87.1719236450985,170,1,227,5,"temporal_distance > 200",0.789587852494577,TRUE,2019,1377,"כפר יעבץ","KEFAR YA'BEZ",1,"יהודי",659,325,334,191,49,103,258,59,0.67907481591641,970.437990857725,0.0895295902883156,NA
170,2020,"כפריעבץ","כפר יעבץ",32.2734364,34.964609,87.1719236450985,170,1,227,5,"temporal_distance > 200",0.79957805907173,TRUE,2020,1373,"כפר יעבץ","KEFAR YA'BEZ",1,"יהודי",684,341,345,203,49,105,262,65,0.67907481591641,1007.25278565506,0.0950292397660819,NA
170,2021,"כפריעבץ","כפר יעבץ",32.2734364,34.964609,87.1719236450985,170,1,227,5,"temporal_distance > 200",0.772357723577236,TRUE,2021,1374,"כפר יעבץ","KEFAR YA'BEZ",1,"יהודי",676,340,336,200,47,105,259,63,0.67907481591641,995.472051319912,0.0931952662721894,NA
170,2022,"כפריעבץ","כפר יעבץ",32.2734364,34.964609,87.1719236450985,170,1,227,5,"temporal_distance > 200",0.737945492662474,TRUE,2022,1382,"כפר יעבץ","KEFAR YA'BEZ",1,"יהודי",661,332,329,191,51,106,247,66,0.67907481591641,973.383174441512,0.0998487140695915,NA
171,2009,"פרדסיה","פרדסיה",32.3079525,34.909346,87.6552178593734,171,1,227,5,"temporal_distance > 200",0.741425992779783,FALSE,2009,NA,NA,NA,NA,NA,NA,NA,NA,NA,NA,NA,NA,NA,NA,NA,NA,NA
171,2013,"פרדסיה","פרדסיה",32.3079525,34.909346,87.6552178593734,171,1,227,5,"temporal_distance > 200",0.756024738750267,FALSE,2013,1394,"פרדסייה","PARDESIYYA",1,"יהודי",5460,2780,2680,1040,520,1060,2490,350,1.47451018374057,3702.92457807851,0.0641025641025641,63
171,2015,"פרדסיה","פרדסיה",32.3079525,34.909346,87.6552178593734,171,1,227,5,"temporal_distance > 200",0.783078880407125,TRUE,2015,1396,"פרדסייה","PARDESIYYA",1,"יהודי",5560,2840,2730,1070,460,1050,2520,470,1.47451018374057,3770.74370954515,0.0845323741007194,62
171,2019,"פרדסיה","פרדסיה",32.3079525,34.909346,87.6552178593734,171,1,227,5,"temporal_distance > 200",0.7563614506111,TRUE,2019.4,1389,"פרדסייה","PARDESIYYA",1,"יהודי",5930,3026,2904,1302,391,918,2581,739,1.47451018374057,4021.67449597171,0.124620573355818,NA
171,2019,"פרדסיה","פרדסיה",32.3079525,34.909346,87.6552178593734,171,1,227,5,"temporal_distance > 200",0.772946859903382,TRUE,2019,1389,"פרדסייה","PARDESIYYA",1,"יהודי",5930,3026,2904,1302,391,918,2581,739,1.47451018374057,4021.67449597171,0.124620573355818,NA
171,2020,"פרדסיה","פרדסיה",32.3079525,34.909346,87.6552178593734,171,1,227,5,"temporal_distance > 200",0.755844155844156,TRUE,2020,1390,"פרדסייה","PARDESIYYA",1,"יהודי",6641,3373,3269,1620,434,884,2879,824,1.47451018374057,4503.86852069952,0.124077699141696,NA
171,2021,"פרדסיה","פרדסיה",32.3079525,34.909346,87.6552178593734,171,1,227,5,"temporal_distance > 200",0.757796451914099,TRUE,2021,1388,"פרדסייה","PARDESIYYA",1,"יהודי",7251,3696,3555,1904,479,855,3130,883,1.47451018374057,4917.56522264602,0.121776306716315,NA
171,2022,"פרדסיה","פרדסיה",32.3079525,34.909346,87.6552178593734,171,1,227,5,"temporal_distance > 200",0.764767381076843,TRUE,2022,1387,"פרדסייה","PARDESIYYA",1,"יהודי",7421,3759,3662,1962,502,805,3185,967,1.47451018374057,5032.85774613931,0.130305888694246,NA
173,2009,"גבעתחייםמאוחד","גבעת חיים (מאוחד)",32.3916616,34.928827,97.119737592471,173,0,NA,NA,"no_red_alert",0.731535756154748,FALSE,2009,NA,NA,NA,NA,NA,NA,NA,NA,NA,NA,NA,NA,NA,NA,NA,NA,NA
173,2013,"גבעתחייםמאוחד","גבעת חיים (מאוחד)",32.3916616,34.928827,97.119737592471,173,0,NA,NA,"no_red_alert",0.775229357798165,FALSE,2013,1403,"גבעת חיים (מאוחד)","GIV'AT HAYYIM(ME'UHAD)",1,"יהודי",960,470,490,210,60,120,410,170,0.965557470185612,994.24428855121,0.177083333333333,58
173,2015,"גבעתחייםמאוחד","גבעת חיים (מאוחד)",32.3916616,34.928827,97.119737592471,173,0,NA,NA,"no_red_alert",0.79147465437788,TRUE,2015,1408,"גבעת חיים (מאוחד)","GIV'AT HAYYIM(ME'UHAD)",1,"יהודי",980,490,490,220,60,110,400,190,0.965557470185612,1014.95771122936,0.193877551020408,60
173,2019,"גבעתחייםמאוחד","גבעת חיים (מאוחד)",32.3916616,34.928827,97.119737592471,173,0,NA,NA,"no_red_alert",0.767494356659142,TRUE,2019,1410,"גבעת חיים (מאוחד)","GIV'AT HAYYIM(ME'UHAD)",1,"יהודי",1020,509,511,245,59,88,399,232,0.965557470185612,1056.38455658566,0.227450980392157,NA
173,2019,"גבעתחייםמאוחד","גבעת חיים (מאוחד)",32.3916616,34.928827,97.119737592471,173,0,NA,NA,"no_red_alert",0.752519596864502,TRUE,2019.4,1410,"גבעת חיים (מאוחד)","GIV'AT HAYYIM(ME'UHAD)",1,"יהודי",1020,509,511,245,59,88,399,232,0.965557470185612,1056.38455658566,0.227450980392157,NA
173,2020,"גבעתחייםמאוחד","גבעת חיים (מאוחד)",32.3916616,34.928827,97.119737592471,173,0,NA,NA,"no_red_alert",0.750281214848144,TRUE,2020,1400,"גבעת חיים (מאוחד)","GIV'AT HAYYIM(ME'UHAD)",1,"יהודי",1027,509,519,238,60,91,402,236,0.965557470185612,1063.63425452301,0.229795520934761,NA
173,2021,"גבעתחייםמאוחד","גבעת חיים (מאוחד)",32.3916616,34.928827,97.119737592471,173,0,NA,NA,"no_red_alert",0.753363228699552,TRUE,2021,1409,"גבעת חיים (מאוחד)","GIV'AT HAYYIM(ME'UHAD)",1,"יהודי",1061,521,540,251,69,92,413,236,0.965557470185612,1098.84707307587,0.222431668237512,NA
173,2022,"גבעתחייםמאוחד","גבעת חיים (מאוחד)",32.3916616,34.928827,97.119737592471,173,0,NA,NA,"no_red_alert",0.732824427480916,TRUE,2022,1405,"גבעת חיים (מאוחד)","GIV'AT HAYYIM(ME'UHAD)",1,"יהודי",1064,525,539,240,79,93,419,233,0.965557470185612,1101.95408647759,0.218984962406015,NA
175,2009,"אביחיל","אביחיל",32.3512015,34.8701769,90.4937812789999,175,0,NA,NA,"no_red_alert",0.763574660633484,FALSE,2009,NA,NA,NA,NA,NA,NA,NA,NA,NA,NA,NA,NA,NA,NA,NA,NA,NA
175,2013,"אביחיל","אביחיל",32.3512015,34.8701769,90.4937812789999,175,0,NA,NA,"no_red_alert",0.761554621848739,FALSE,2013,1437,"אביחיל","AVIHAYIL",1,"יהודי",1380,680,710,380,90,140,590,170,0.983256010086339,1403.5001930767,0.123188405797101,63
175,2015,"אביחיל","אביחיל",32.3512015,34.8701769,90.4937812789999,175,0,NA,NA,"no_red_alert",0.77449947312961,TRUE,2015,1425,"אביחיל","AVIHAYIL",1,"יהודי",1400,680,710,390,90,130,590,200,0.983256010086339,1423.84077558506,0.142857142857143,63
175,2019,"אביחיל","אביחיל",32.3512015,34.8701769,90.4937812789999,175,0,NA,NA,"no_red_alert",0.766460905349794,TRUE,2019,1426,"אביחיל","AVIHAYIL",1,"יהודי",1422,695,727,373,108,130,584,228,0.983256010086339,1446.21541634425,0.160337552742616,NA
175,2019,"אביחיל","אביחיל",32.3512015,34.8701769,90.4937812789999,175,0,NA,NA,"no_red_alert",0.744918699186992,TRUE,2019.4,1426,"אביחיל","AVIHAYIL",1,"יהודי",1422,695,727,373,108,130,584,228,0.983256010086339,1446.21541634425,0.160337552742616,NA
175,2020,"אביחיל","אביחיל",32.3512015,34.8701769,90.4937812789999,175,0,NA,NA,"no_red_alert",0.746693794506612,TRUE,2020,1433,"אביחיל","AVIHAYIL",1,"יהודי",1410,697,713,354,110,141,572,233,0.983256010086339,1434.01106683923,0.165248226950355,NA
175,2021,"אביחיל","אביחיל",32.3512015,34.8701769,90.4937812789999,175,0,NA,NA,"no_red_alert",0.757390417940877,TRUE,2021,1430,"אביחיל","AVIHAYIL",1,"יהודי",1402,698,703,346,112,137,564,242,0.983256010086339,1425.87483383589,0.172610556348074,NA
175,2022,"אביחיל","אביחיל",32.3512015,34.8701769,90.4937812789999,175,0,NA,NA,"no_red_alert",0.707193515704154,TRUE,2022,1431,"אביחיל","AVIHAYIL",1,"יהודי",1391,687,704,342,125,127,550,246,0.983256010086339,1414.68751345629,0.176851186196981,NA
178,2009,"רמתיוחנן","רמת יוחנן",32.7921545,35.122295,145.235555150751,178,0,NA,NA,"no_red_alert",0.688693098384728,FALSE,2009,NA,NA,NA,NA,NA,NA,NA,NA,NA,NA,NA,NA,NA,NA,NA,NA,NA
178,2013,"רמתיוחנן","רמת יוחנן",32.7921545,35.122295,145.235555150751,178,0,NA,NA,"no_red_alert",0.702523240371846,FALSE,2013,1470,"רמת יוחנן","RAMAT YOHANAN",1,"יהודי",880,450,430,210,50,150,340,130,0.747641052684371,1177.03541939063,0.147727272727273,62
178,2015,"רמתיוחנן","רמת יוחנן",32.7921545,35.122295,145.235555150751,178,0,NA,NA,"no_red_alert",0.710858585858586,TRUE,2015,1467,"רמת יוחנן","RAMAT YOHANAN",1,"יהודי",930,470,460,220,60,160,350,140,0.747641052684371,1243.91243185601,0.150537634408602,62
178,2019,"רמתיוחנן","רמת יוחנן",32.7921545,35.122295,145.235555150751,178,0,NA,NA,"no_red_alert",0.678743961352657,TRUE,2019.4,1468,"רמת יוחנן","RAMAT YOHANAN",1,"יהודי",1012,515,497,269,63,125,401,152,0.747641052684371,1353.59073229922,0.150197628458498,NA
178,2019,"רמתיוחנן","רמת יוחנן",32.7921545,35.122295,145.235555150751,178,0,NA,NA,"no_red_alert",0.704957678355502,TRUE,2019,1468,"רמת יוחנן","RAMAT YOHANAN",1,"יהודי",1012,515,497,269,63,125,401,152,0.747641052684371,1353.59073229922,0.150197628458498,NA
178,2020,"רמתיוחנן","רמת יוחנן",32.7921545,35.122295,145.235555150751,178,0,NA,NA,"no_red_alert",0.686531585220501,TRUE,2020,1471,"רמת יוחנן","RAMAT YOHANAN",1,"יהודי",1013,515,504,271,58,125,403,156,0.747641052684371,1354.92827254853,0.153998025666338,NA
178,2021,"רמתיוחנן","רמת יוחנן",32.7921545,35.122295,145.235555150751,178,0,NA,NA,"no_red_alert",0.6785290628707,TRUE,2021,1473,"רמת יוחנן","RAMAT YOHANAN",1,"יהודי",1031,525,505,277,65,114,420,154,0.747641052684371,1379.00399703607,0.149369544131911,NA
178,2022,"רמתיוחנן","רמת יוחנן",32.7921545,35.122295,145.235555150751,178,0,NA,NA,"no_red_alert",0.677494199535963,TRUE,2022,1466,"רמת יוחנן","RAMAT YOHANAN",1,"יהודי",1068,540,528,291,61,115,435,163,0.747641052684371,1428.49298626044,0.152621722846442,NA
182,2009,"אבןיהודה","אבן יהודה",32.267805,34.8814773,80.9973097900629,182,1,227,5,"temporal_distance > 200",0.712839637719766,FALSE,2009,NA,NA,NA,NA,NA,NA,NA,NA,NA,NA,NA,NA,NA,NA,NA,NA,NA
182,2013,"אבןיהודה","אבן יהודה",32.267805,34.8814773,80.9973097900629,182,1,227,5,"temporal_distance > 200",0.768309222423146,FALSE,2013,1484,"אבן יהודה","EVEN YEHUDA",1,"יהודי",12700,6220,6480,3530,890,1380,5540,1370,8.26351474350781,1536.87630435677,0.107874015748032,63
182,2015,"אבןיהודה","אבן יהודה",32.267805,34.8814773,80.9973097900629,182,1,227,5,"temporal_distance > 200",0.791331740169455,TRUE,2015,1482,"אבן יהודה","EVEN YEHUDA",1,"יהודי",13220,6470,6750,3700,990,1340,5620,1580,8.26351474350781,1599.80352311784,0.119515885022693,62.9090909090909
182,2019,"אבןיהודה","אבן יהודה",32.267805,34.8814773,80.9973097900629,182,1,227,5,"temporal_distance > 200",0.771076985660531,TRUE,2019,1478,"אבן יהודה","EVEN YEHUDA",1,"יהודי",13826,6797,7029,3743,1158,1332,5664,1929,8.26351474350781,1673.13793575093,0.139519745407204,NA
182,2019,"אבןיהודה","אבן יהודה",32.267805,34.8814773,80.9973097900629,182,1,227,5,"temporal_distance > 200",0.758328285887341,TRUE,2019.4,1478,"אבן יהודה","EVEN YEHUDA",1,"יהודי",13826,6797,7029,3743,1158,1332,5664,1929,8.26351474350781,1673.13793575093,0.139519745407204,NA
182,2020,"אבןיהודה","אבן יהודה",32.267805,34.8814773,80.9973097900629,182,1,227,5,"temporal_distance > 200",0.761852038248616,TRUE,2020,1480,"אבן יהודה","EVEN YEHUDA",1,"יהודי",14019,6882,7135,3710,1162,1425,5697,2025,8.26351474350781,1696.49361502186,0.144446822169912,NA
182,2021,"אבןיהודה","אבן יהודה",32.267805,34.8814773,80.9973097900629,182,1,227,5,"temporal_distance > 200",0.744626558052802,TRUE,2021,1481,"אבן יהודה","EVEN YEHUDA",1,"יהודי",14266,7029,7238,3724,1251,1454,5804,2034,8.26351474350781,1726.38404393337,0.142576755923174,NA
182,2022,"אבןיהודה","אבן יהודה",32.267805,34.8814773,80.9973097900629,182,1,227,5,"temporal_distance > 200",0.737849215461156,TRUE,2022,1488,"אבן יהודה","EVEN YEHUDA",1,"יהודי",14365,7065,7300,3640,1343,1506,5797,2078,8.26351474350781,1738.36441827441,0.144657152801949,NA
184,2009,"רמתהכובש","רמת הכובש",32.2173385,34.938611,80.3313605019196,184,1,227,5,"temporal_distance > 200",0.7426597582038,FALSE,2009,NA,NA,NA,NA,NA,NA,NA,NA,NA,NA,NA,NA,NA,NA,NA,NA,NA
184,2013,"רמתהכובש","רמת הכובש",32.2173385,34.938611,80.3313605019196,184,1,227,5,"temporal_distance > 200",0.754152823920266,FALSE,2013,1506,"רמת הכובש","RAMAT HAKOVESH",1,"יהודי",1010,490,520,280,30,100,430,160,0.643809868839255,1568.78614150628,0.158415841584158,63
184,2015,"רמתהכובש","רמת הכובש",32.2173385,34.938611,80.3313605019196,184,1,227,5,"temporal_distance > 200",0.77938808373591,TRUE,2015,1508,"רמת הכובש","RAMAT HAKOVESH",1,"יהודי",1050,510,540,320,40,90,440,160,0.643809868839255,1630.91628572435,0.152380952380952,61
184,2019,"רמתהכובש","רמת הכובש",32.2173385,34.938611,80.3313605019196,184,1,227,5,"temporal_distance > 200",0.798179059180577,TRUE,2019.4,1509,"רמת הכובש","RAMAT HAKOVESH",1,"יהודי",1130,539,591,338,60,84,454,196,0.643809868839255,1755.17657416049,0.173451327433628,NA
184,2019,"רמתהכובש","רמת הכובש",32.2173385,34.938611,80.3313605019196,184,1,227,5,"temporal_distance > 200",0.776758409785933,TRUE,2019,1509,"רמת הכובש","RAMAT HAKOVESH",1,"יהודי",1130,539,591,338,60,84,454,196,0.643809868839255,1755.17657416049,0.173451327433628,NA
184,2020,"רמתהכובש","רמת הכובש",32.2173385,34.938611,80.3313605019196,184,1,227,5,"temporal_distance > 200",0.795216741405082,TRUE,2020,1503,"רמת הכובש","RAMAT HAKOVESH",1,"יהודי",1149,553,600,333,75,85,459,197,0.643809868839255,1784.68839266408,0.171453437771976,NA
184,2021,"רמתהכובש","רמת הכובש",32.2173385,34.938611,80.3313605019196,184,1,227,5,"temporal_distance > 200",0.76798825256975,TRUE,2021,1510,"רמת הכובש","RAMAT HAKOVESH",1,"יהודי",1183,571,613,343,82,98,469,192,0.643809868839255,1837.49901524944,0.162299239222316,NA
184,2022,"רמתהכובש","רמת הכובש",32.2173385,34.938611,80.3313605019196,184,1,227,5,"temporal_distance > 200",0.762931034482759,TRUE,2022,1505,"רמת הכובש","RAMAT HAKOVESH",1,"יהודי",1206,577,629,337,93,107,470,198,0.643809868839255,1873.22384817483,0.164179104477612,NA
187,2009,"כפרהס","כפר הס",32.2462419,34.9341671,82.6614700652133,187,1,227,5,"temporal_distance > 200",0.784242424242424,FALSE,2009,NA,NA,NA,NA,NA,NA,NA,NA,NA,NA,NA,NA,NA,NA,NA,NA,NA
187,2013,"כפרהס","כפר הס",32.2462419,34.9341671,82.6614700652133,187,1,227,5,"temporal_distance > 200",0.786578657865787,FALSE,2013,1531,"כפר הס","KEFAR HESS",1,"יהודי",1550,790,760,450,160,140,670,140,3.09821520144953,500.288036568544,0.0903225806451613,63
187,2015,"כפרהס","כפר הס",32.2462419,34.9341671,82.6614700652133,187,1,227,5,"temporal_distance > 200",0.792016806722689,TRUE,2015,1537,"כפר הס","KEFAR HESS",1,"יהודי",1580,800,780,440,160,170,680,140,3.09821520144953,509.971030824709,0.0886075949367089,62.5
187,2019,"כפרהס","כפר הס",32.2462419,34.9341671,82.6614700652133,187,1,227,5,"temporal_distance > 200",0.77069457659372,TRUE,2019.4,1533,"כפר הס","KEFAR HESS",1,"יהודי",1593,789,804,409,144,201,675,164,3.09821520144953,514.166995002381,0.102950408035154,NA
187,2019,"כפרהס","כפר הס",32.2462419,34.9341671,82.6614700652133,187,1,227,5,"temporal_distance > 200",0.770114942528736,TRUE,2019,1533,"כפר הס","KEFAR HESS",1,"יהודי",1593,789,804,409,144,201,675,164,3.09821520144953,514.166995002381,0.102950408035154,NA
187,2020,"כפרהס","כפר הס",32.2462419,34.9341671,82.6614700652133,187,1,227,5,"temporal_distance > 200",0.761406844106464,TRUE,2020,1540,"כפר הס","KEFAR HESS",1,"יהודי",1596,792,801,389,150,216,673,168,3.09821520144953,515.135294427997,0.105263157894737,NA
187,2021,"כפרהס","כפר הס",32.2462419,34.9341671,82.6614700652133,187,1,227,5,"temporal_distance > 200",0.75981308411215,TRUE,2021,1530,"כפר הס","KEFAR HESS",1,"יהודי",1583,787,796,377,148,214,673,167,3.09821520144953,510.939330250326,0.105495893872394,NA
187,2022,"כפרהס","כפר הס",32.2462419,34.9341671,82.6614700652133,187,1,227,5,"temporal_distance > 200",0.765698219306467,TRUE,2022,1538,"כפר הס","KEFAR HESS",1,"יהודי",1550,766,785,361,145,208,663,173,3.09821520144953,500.288036568544,0.111612903225806,NA
189,2009,"כפרפינס","כפר פינס",32.4839884,35.0019444,109.1648158014,189,0,NA,NA,"no_red_alert",0.852941176470588,FALSE,2009,NA,NA,NA,NA,NA,NA,NA,NA,NA,NA,NA,NA,NA,NA,NA,NA,NA
189,2013,"כפרפינס","כפר פינס",32.4839884,35.0019444,109.1648158014,189,0,NA,NA,"no_red_alert",0.864306784660767,FALSE,2013,1558,"כפר פינס","KEFAR PINES",1,"יהודי",960,270,690,200,420,90,180,60,0.910340591453649,1054.55036171358,0.0625,62
189,2015,"כפרפינס","כפר פינס",32.4839884,35.0019444,109.1648158014,189,0,NA,NA,"no_red_alert",0.85632183908046,TRUE,2015,1561,"כפר פינס","KEFAR PINES",1,"יהודי",990,270,730,210,470,70,180,70,0.910340591453649,1087.50506051713,0.0707070707070707,61
189,2019,"כפרפינס","כפר פינס",32.4839884,35.0019444,109.1648158014,189,0,NA,NA,"no_red_alert",0.846774193548387,TRUE,2019,1560,"כפר פינס","KEFAR PINES",1,"יהודי",1034,290,743,241,450,74,191,78,0.910340591453649,1135.83861876234,0.0754352030947776,NA
189,2019,"כפרפינס","כפר פינס",32.4839884,35.0019444,109.1648158014,189,0,NA,NA,"no_red_alert",0.803191489361702,TRUE,2019.4,1560,"כפר פינס","KEFAR PINES",1,"יהודי",1034,290,743,241,450,74,191,78,0.910340591453649,1135.83861876234,0.0754352030947776,NA
189,2020,"כפרפינס","כפר פינס",32.4839884,35.0019444,109.1648158014,189,0,NA,NA,"no_red_alert",0.826771653543307,TRUE,2020,1564,"כפר פינס","KEFAR PINES",1,"יהודי",1088,300,785,346,381,88,193,80,0.910340591453649,1195.15707660872,0.0735294117647059,NA
189,2021,"כפרפינס","כפר פינס",32.4839884,35.0019444,109.1648158014,189,0,NA,NA,"no_red_alert",0.794871794871795,TRUE,2021,1565,"כפר פינס","KEFAR PINES",1,"יהודי",1106,317,788,261,464,98,204,81,0.910340591453649,1214.92989589085,0.0732368896925859,NA
189,2022,"כפרפינס","כפר פינס",32.4839884,35.0019444,109.1648158014,189,0,NA,NA,"no_red_alert",0.789473684210526,TRUE,2022,1555,"כפר פינס","KEFAR PINES",1,"יהודי",1102,321,782,259,473,79,210,82,0.910340591453649,1210.53593605038,0.0744101633393829,NA
190,2009,"כפרויתקין","כפר ויתקין",32.3822145,34.8794445,93.9339762534525,190,0,NA,NA,"no_red_alert",0.765849535080304,FALSE,2009,NA,NA,NA,NA,NA,NA,NA,NA,NA,NA,NA,NA,NA,NA,NA,NA,NA
190,2013,"כפרויתקין","כפר ויתקין",32.3822145,34.8794445,93.9339762534525,190,0,NA,NA,"no_red_alert",0.800751879699248,FALSE,2013,1578,"כפר ויתקין","KEFAR VITKIN",1,"יהודי",2020,1020,1000,580,160,200,880,210,1.97916898674175,1020.63038251497,0.103960396039604,63
190,2015,"כפרויתקין","כפר ויתקין",32.3822145,34.8794445,93.9339762534525,190,0,NA,NA,"no_red_alert",0.801622418879056,TRUE,2015,1577,"כפר ויתקין","KEFAR VITKIN",1,"יהודי",2020,1010,1010,550,160,200,890,210,1.97916898674175,1020.63038251497,0.103960396039604,58.6666666666667
190,2019,"כפרויתקין","כפר ויתקין",32.3822145,34.8794445,93.9339762534525,190,0,NA,NA,"no_red_alert",0.755349500713267,TRUE,2019.4,1569,"כפר ויתקין","KEFAR VITKIN",1,"יהודי",1973,979,994,463,206,226,840,237,1.97916898674175,996.883041931704,0.120121642169285,NA
190,2019,"כפרויתקין","כפר ויתקין",32.3822145,34.8794445,93.9339762534525,190,0,NA,NA,"no_red_alert",0.771692745376956,TRUE,2019,1569,"כפר ויתקין","KEFAR VITKIN",1,"יהודי",1973,979,994,463,206,226,840,237,1.97916898674175,996.883041931704,0.120121642169285,NA
190,2020,"כפרויתקין","כפר ויתקין",32.3822145,34.8794445,93.9339762534525,190,0,NA,NA,"no_red_alert",0.760543245175125,TRUE,2020,1574,"כפר ויתקין","KEFAR VITKIN",1,"יהודי",1961,977,987,448,197,238,836,242,1.97916898674175,990.819891144487,0.123406425293218,NA
190,2021,"כפרויתקין","כפר ויתקין",32.3822145,34.8794445,93.9339762534525,190,0,NA,NA,"no_red_alert",0.754273504273504,TRUE,2021,1579,"כפר ויתקין","KEFAR VITKIN",1,"יהודי",1982,973,1010,442,213,246,832,251,1.97916898674175,1001.43040502212,0.126639757820383,NA
190,2022,"כפרויתקין","כפר ויתקין",32.3822145,34.8794445,93.9339762534525,190,0,NA,NA,"no_red_alert",0.731994459833795,TRUE,2022,1573,"כפר ויתקין","KEFAR VITKIN",1,"יהודי",2002,995,1007,452,194,270,826,261,1.97916898674175,1011.53565633415,0.13036963036963,NA
191,2009,"הדרעם","הדר עם",32.3494611,34.900045,91.795800237491,191,0,NA,NA,"no_red_alert",0.756410256410256,FALSE,2009,NA,NA,NA,NA,NA,NA,NA,NA,NA,NA,NA,NA,NA,NA,NA,NA,NA
191,2013,"הדרעם","הדר עם",32.3494611,34.900045,91.795800237491,191,0,NA,NA,"no_red_alert",0.835680751173709,FALSE,2013,1592,"הדר עם","HADAR AM",1,"יהודי",530,280,250,160,30,60,230,50,0.401404417849883,1320.36414257456,0.0943396226415094,63
191,2015,"הדרעם","הדר עם",32.3494611,34.900045,91.795800237491,191,0,NA,NA,"no_red_alert",0.841163310961969,TRUE,2015,1584,"הדר עם","HADAR AM",1,"יהודי",600,310,290,200,40,50,250,60,0.401404417849883,1494.75185951837,0.1,61
191,2019,"הדרעם","הדר עם",32.3494611,34.900045,91.795800237491,191,0,NA,NA,"no_red_alert",0.808219178082192,TRUE,2019.4,1586,"הדר עם","HADAR AM",1,"יהודי",675,347,328,209,63,50,276,78,0.401404417849883,1681.59584195816,0.115555555555556,NA
191,2019,"הדרעם","הדר עם",32.3494611,34.900045,91.795800237491,191,0,NA,NA,"no_red_alert",0.835294117647059,TRUE,2019,1586,"הדר עם","HADAR AM",1,"יהודי",675,347,328,209,63,50,276,78,0.401404417849883,1681.59584195816,0.115555555555556,NA
191,2020,"הדרעם","הדר עם",32.3494611,34.900045,91.795800237491,191,0,NA,NA,"no_red_alert",0.800387596899225,TRUE,2020,1591,"הדר עם","HADAR AM",1,"יהודי",692,355,339,211,73,53,275,80,0.401404417849883,1723.94714464452,0.115606936416185,NA
191,2021,"הדרעם","הדר עם",32.3494611,34.900045,91.795800237491,191,0,NA,NA,"no_red_alert",0.780534351145038,TRUE,2021,1589,"הדר עם","HADAR AM",1,"יהודי",696,354,342,198,69,67,282,79,0.401404417849883,1733.91215704131,0.113505747126437,NA
191,2022,"הדרעם","הדר עם",32.3494611,34.900045,91.795800237491,191,0,NA,NA,"no_red_alert",0.770642201834862,TRUE,2022,1583,"הדר עם","HADAR AM",1,"יהודי",686,344,342,185,73,67,278,84,0.401404417849883,1708.99962604933,0.122448979591837,NA
192,2009,"כפרהחורש","כפר החורש",32.701404,35.273488,142.866900838531,192,1,6,1,"temporal_distance == 6",0.732186732186732,FALSE,2009,NA,NA,NA,NA,NA,NA,NA,NA,NA,NA,NA,NA,NA,NA,NA,NA,NA
192,2013,"כפרהחורש","כפר החורש",32.701404,35.273488,142.866900838531,192,1,6,1,"temporal_distance == 6",0.76,FALSE,2013,1604,"כפר החורש","KEFAR HAHORESH",1,"יהודי",570,290,290,140,20,90,250,70,0.569659758042155,1000.5972722367,0.12280701754386,62.75
192,2015,"כפרהחורש","כפר החורש",32.701404,35.273488,142.866900838531,192,1,6,1,"temporal_distance == 6",0.785882352941176,TRUE,2015,1596,"כפר החורש","KEFAR HAHORESH",1,"יהודי",610,290,320,160,20,80,270,80,0.569659758042155,1070.81462467437,0.131147540983607,61.5
192,2019,"כפרהחורש","כפר החורש",32.701404,35.273488,142.866900838531,192,1,6,1,"temporal_distance == 6",0.749478079331942,TRUE,2019.4,1601,"כפר החורש","KEFAR HAHORESH",1,"יהודי",699,337,362,214,31,54,298,101,0.569659758042155,1227.04823384817,0.144492131616595,NA
192,2019,"כפרהחורש","כפר החורש",32.701404,35.273488,142.866900838531,192,1,6,1,"temporal_distance == 6",0.781052631578947,TRUE,2019,1601,"כפר החורש","KEFAR HAHORESH",1,"יהודי",699,337,362,214,31,54,298,101,0.569659758042155,1227.04823384817,0.144492131616595,NA
192,2020,"כפרהחורש","כפר החורש",32.701404,35.273488,142.866900838531,192,1,6,1,"temporal_distance == 6",0.741596638655462,TRUE,2020,1600,"כפר החורש","KEFAR HAHORESH",1,"יהודי",726,354,367,230,29,51,318,98,0.569659758042155,1274.44494674359,0.134986225895317,NA
192,2021,"כפרהחורש","כפר החורש",32.701404,35.273488,142.866900838531,192,1,6,1,"temporal_distance == 6",0.765690376569038,TRUE,2021,1595,"כפר החורש","KEFAR HAHORESH",1,"יהודי",735,362,373,238,33,48,319,98,0.569659758042155,1290.24385104206,0.133333333333333,NA
192,2022,"כפרהחורש","כפר החורש",32.701404,35.273488,142.866900838531,192,1,6,1,"temporal_distance == 6",0.780793319415449,TRUE,2022,1602,"כפר החורש","KEFAR HAHORESH",1,"יהודי",767,375,392,239,34,51,344,99,0.569659758042155,1346.41773299219,0.129074315514993,NA
193,2009,"כפרחיים","כפר חיים",32.3565545,34.897966,92.5076207469258,193,0,NA,NA,"no_red_alert",0.76997578692494,FALSE,2009,NA,NA,NA,NA,NA,NA,NA,NA,NA,NA,NA,NA,NA,NA,NA,NA,NA
193,2013,"כפרחיים","כפר חיים",32.3565545,34.897966,92.5076207469258,193,0,NA,NA,"no_red_alert",0.808153477218225,FALSE,2013,1610,"כפר חיים","KEFAR HAYYIM",1,"יהודי",590,310,290,160,30,60,250,100,2.0892567281777,282.397080283481,0.169491525423729,62
193,2015,"כפרחיים","כפר חיים",32.3565545,34.897966,92.5076207469258,193,0,NA,NA,"no_red_alert",0.8175,TRUE,2015,1613,"כפר חיים","KEFAR HAYYIM",1,"יהודי",600,300,300,160,40,50,250,100,2.0892567281777,287.183471474726,0.166666666666667,60.3333333333333
193,2019,"כפרחיים","כפר חיים",32.3565545,34.897966,92.5076207469258,193,0,NA,NA,"no_red_alert",0.78436018957346,TRUE,2019.4,1616,"כפר חיים","KEFAR HAYYIM",1,"יהודי",648,326,323,183,34,50,276,105,2.0892567281777,310.158149192704,0.162037037037037,NA
193,2019,"כפרחיים","כפר חיים",32.3565545,34.897966,92.5076207469258,193,0,NA,NA,"no_red_alert",0.783653846153846,TRUE,2019,1616,"כפר חיים","KEFAR HAYYIM",1,"יהודי",648,326,323,183,34,50,276,105,2.0892567281777,310.158149192704,0.162037037037037,NA
193,2020,"כפרחיים","כפר חיים",32.3565545,34.897966,92.5076207469258,193,0,NA,NA,"no_red_alert",0.806976744186046,TRUE,2020,1617,"כפר חיים","KEFAR HAYYIM",1,"יהודי",636,318,315,170,39,55,268,104,2.0892567281777,304.41447976321,0.163522012578616,NA
193,2021,"כפרחיים","כפר חיים",32.3565545,34.897966,92.5076207469258,193,0,NA,NA,"no_red_alert",0.786542923433875,TRUE,2021,1607,"כפר חיים","KEFAR HAYYIM",1,"יהודי",640,320,320,162,51,55,263,111,2.0892567281777,306.329036239708,0.1734375,NA
193,2022,"כפרחיים","כפר חיים",32.3565545,34.897966,92.5076207469258,193,0,NA,NA,"no_red_alert",0.777522935779816,TRUE,2022,1608,"כפר חיים","KEFAR HAYYIM",1,"יהודי",629,314,315,154,49,54,257,115,2.0892567281777,301.064005929338,0.182829888712242,NA
194,2009,"משמרהשרון","משמר השרון",32.3570245,34.9043595,92.8333001545997,194,0,NA,NA,"no_red_alert",0.653932584269663,FALSE,2009,NA,NA,NA,NA,NA,NA,NA,NA,NA,NA,NA,NA,NA,NA,NA,NA,NA
194,2013,"משמרהשרון","משמר השרון",32.3570245,34.9043595,92.8333001545997,194,0,NA,NA,"no_red_alert",0.677018633540373,FALSE,2013,1624,"משמר השרון","MISHMAR HASHARON",1,"יהודי",520,270,250,130,20,70,220,80,0.299826760087123,1734.33485339634,0.153846153846154,62.5
194,2015,"משמרהשרון","משמר השרון",32.3570245,34.9043595,92.8333001545997,194,0,NA,NA,"no_red_alert",0.675834970530452,TRUE,2015,1628,"משמר השרון","MISHMAR HASHARON",1,"יהודי",560,280,280,150,30,50,240,90,0.299826760087123,1867.74522673452,0.160714285714286,60.5
194,2019,"משמרהשרון","משמר השרון",32.3570245,34.9043595,92.8333001545997,194,0,NA,NA,"no_red_alert",0.671232876712329,TRUE,2019,1626,"משמר השרון","MISHMAR HASHARON",1,"יהודי",617,311,306,201,26,44,242,102,0.299826760087123,2057.85500874143,0.165316045380875,NA
194,2019,"משמרהשרון","משמר השרון",32.3570245,34.9043595,92.8333001545997,194,0,NA,NA,"no_red_alert",0.675728155339806,TRUE,2019.4,1626,"משמר השרון","MISHMAR HASHARON",1,"יהודי",617,311,306,201,26,44,242,102,0.299826760087123,2057.85500874143,0.165316045380875,NA
194,2020,"משמרהשרון","משמר השרון",32.3570245,34.9043595,92.8333001545997,194,0,NA,NA,"no_red_alert",0.677669902912621,TRUE,2020,1625,"משמר השרון","MISHMAR HASHARON",1,"יהודי",622,314,314,201,28,38,247,108,0.299826760087123,2074.5313054087,0.173633440514469,NA
194,2021,"משמרהשרון","משמר השרון",32.3570245,34.9043595,92.8333001545997,194,0,NA,NA,"no_red_alert",0.684615384615385,TRUE,2021,1627,"משמר השרון","MISHMAR HASHARON",1,"יהודי",613,303,310,200,31,38,240,104,0.299826760087123,2044.51397140761,0.169657422512235,NA
194,2022,"משמרהשרון","משמר השרון",32.3570245,34.9043595,92.8333001545997,194,0,NA,NA,"no_red_alert",0.647969052224371,TRUE,2022,1621,"משמר השרון","MISHMAR HASHARON",1,"יהודי",627,315,313,206,27,40,246,108,0.299826760087123,2091.20760207597,0.172248803827751,NA
195,2009,"קדימהצורן","קדימה-צורן",32.28232,34.921187,85.2066355500415,195,1,227,5,"temporal_distance > 200",0.716638434029738,FALSE,2009,NA,NA,NA,NA,NA,NA,NA,NA,NA,NA,NA,NA,NA,NA,NA,NA,NA
195,2013,"קדימהצורן","קדימה-צורן",32.28232,34.921187,85.2066355500415,195,1,227,5,"temporal_distance > 200",0.744340654716822,FALSE,2013,1639,"קדימה-צורן","QADIMA-ZORAN",1,"יהודי",18620,9320,9320,5360,1740,2320,8100,1120,10.2494620251371,1816.68071498133,0.0601503759398496,63
195,2015,"קדימהצורן","קדימה-צורן",32.28232,34.921187,85.2066355500415,195,1,227,5,"temporal_distance > 200",0.778196338431402,TRUE,2015,1638,"קדימה-צורן","QADIMA-ZORAN",1,"יהודי",20510,10260,10250,5860,1860,2530,8990,1290,10.2494620251371,2001.08063717868,0.0628961482203803,62.5
195,2019,"קדימהצורן","קדימה-צורן",32.28232,34.921187,85.2066355500415,195,1,227,5,"temporal_distance > 200",0.757489300998573,TRUE,2019.4,1644,"קדימה-צורן","QADIMA-ZORAN",1,"יהודי",22683,11302,11381,6154,1939,2914,9794,1884,10.2494620251371,2213.09176465744,0.0830577965877529,NA
195,2019,"קדימהצורן","קדימה-צורן",32.28232,34.921187,85.2066355500415,195,1,227,5,"temporal_distance > 200",0.761374795417349,TRUE,2019,1644,"קדימה-צורן","QADIMA-ZORAN",1,"יהודי",22683,11302,11381,6154,1939,2914,9794,1884,10.2494620251371,2213.09176465744,0.0830577965877529,NA
195,2020,"קדימהצורן","קדימה-צורן",32.28232,34.921187,85.2066355500415,195,1,227,5,"temporal_distance > 200",0.754798402679376,TRUE,2020,1635,"קדימה-צורן","QADIMA-ZORAN",1,"יהודי",22715,11327,11390,5971,2012,2974,9765,1993,10.2494620251371,2216.21387974226,0.087739379264803,NA
195,2021,"קדימהצורן","קדימה-צורן",32.28232,34.921187,85.2066355500415,195,1,227,5,"temporal_distance > 200",0.743428571428571,TRUE,2021,1637,"קדימה-צורן","QADIMA-ZORAN",1,"יהודי",22919,11456,11463,5926,2050,2985,9888,2072,10.2494620251371,2236.11736340801,0.0904053405471443,NA
195,2022,"קדימהצורן","קדימה-צורן",32.28232,34.921187,85.2066355500415,195,1,227,5,"temporal_distance > 200",0.742158985462419,TRUE,2022,1634,"קדימה-צורן","QADIMA-ZORAN",1,"יהודי",23220,11591,11630,5863,2113,3023,9981,2245,10.2494620251371,2265.48475842462,0.0966838931955211,NA
197,2009,"מעברות","מעברות",32.3634805,34.9046479,93.4137152536399,197,0,NA,NA,"no_red_alert",0.768377253814147,FALSE,2009,NA,NA,NA,NA,NA,NA,NA,NA,NA,NA,NA,NA,NA,NA,NA,NA,NA
197,2013,"מעברות","מעברות",32.3634805,34.9046479,93.4137152536399,197,0,NA,NA,"no_red_alert",0.771428571428571,FALSE,2013,1667,"מעברות","MA'BAROT",1,"יהודי",920,460,460,200,40,120,390,170,0.359669428552673,2557.9043615192,0.184782608695652,62
197,2015,"מעברות","מעברות",32.3634805,34.9046479,93.4137152536399,197,0,NA,NA,"no_red_alert",0.79047619047619,TRUE,2015,1669,"מעברות","MA'BAROT",1,"יהודי",960,480,490,230,40,100,400,190,0.359669428552673,2669.11759462873,0.197916666666667,59.75
197,2019,"מעברות","מעברות",32.3634805,34.9046479,93.4137152536399,197,0,NA,NA,"no_red_alert",0.797554347826087,TRUE,2019,1663,"מעברות","MA'BAROT",1,"יהודי",986,491,495,248,59,72,404,204,0.359669428552673,2741.40619614992,0.206896551724138,NA
197,2019,"מעברות","מעברות",32.3634805,34.9046479,93.4137152536399,197,0,NA,NA,"no_red_alert",0.769647696476965,TRUE,2019.4,1663,"מעברות","MA'BAROT",1,"יהודי",986,491,495,248,59,72,404,204,0.359669428552673,2741.40619614992,0.206896551724138,NA
197,2020,"מעברות","מעברות",32.3634805,34.9046479,93.4137152536399,197,0,NA,NA,"no_red_alert",0.758064516129032,TRUE,2020,1660,"מעברות","MA'BAROT",1,"יהודי",992,494,497,241,63,78,406,204,0.359669428552673,2758.08818111635,0.205645161290323,NA
197,2021,"מעברות","מעברות",32.3634805,34.9046479,93.4137152536399,197,0,NA,NA,"no_red_alert",0.775862068965517,TRUE,2021,1661,"מעברות","MA'BAROT",1,"יהודי",983,496,487,245,63,76,400,200,0.359669428552673,2733.06520366671,0.203458799593082,NA
197,2022,"מעברות","מעברות",32.3634805,34.9046479,93.4137152536399,197,0,NA,NA,"no_red_alert",0.739597315436242,TRUE,2022,1665,"מעברות","MA'BAROT",1,"יהודי",997,501,496,240,66,87,403,200,0.359669428552673,2771.98983525504,0.200601805416249,NA
198,2009,"צופית","צופית",32.1925615,34.922165,77.3977946419319,198,1,227,5,"temporal_distance > 200",0.792507204610951,FALSE,2009,NA,NA,NA,NA,NA,NA,NA,NA,NA,NA,NA,NA,NA,NA,NA,NA,NA
198,2013,"צופית","צופית",32.1925615,34.922165,77.3977946419319,198,1,227,5,"temporal_distance > 200",0.786381842456609,FALSE,2013,1681,"צופית","ZOFIT",1,"יהודי",1300,660,640,400,100,90,570,150,0.884876517210462,1469.13153950361,0.115384615384615,63
198,2015,"צופית","צופית",32.1925615,34.922165,77.3977946419319,198,1,227,5,"temporal_distance > 200",0.786369593709043,TRUE,2015,1682,"צופית","ZOFIT",1,"יהודי",1300,650,650,380,100,100,570,150,0.884876517210462,1469.13153950361,0.115384615384615,63
198,2019,"צופית","צופית",32.1925615,34.922165,77.3977946419319,198,1,227,5,"temporal_distance > 200",0.737562189054726,TRUE,2019.4,1675,"צופית","ZOFIT",1,"יהודי",1287,645,643,325,120,128,545,169,0.884876517210462,1454.44022410858,0.131313131313131,NA
198,2019,"צופית","צופית",32.1925615,34.922165,77.3977946419319,198,1,227,5,"temporal_distance > 200",0.749685534591195,TRUE,2019,1675,"צופית","ZOFIT",1,"יהודי",1287,645,643,325,120,128,545,169,0.884876517210462,1454.44022410858,0.131313131313131,NA
198,2020,"צופית","צופית",32.1925615,34.922165,77.3977946419319,198,1,227,5,"temporal_distance > 200",0.747183979974969,TRUE,2020,1683,"צופית","ZOFIT",1,"יהודי",1318,667,654,328,121,143,541,185,0.884876517210462,1489.47336081982,0.140364188163885,NA
198,2021,"צופית","צופית",32.1925615,34.922165,77.3977946419319,198,1,227,5,"temporal_distance > 200",0.73452380952381,TRUE,2021,1676,"צופית","ZOFIT",1,"יהודי",1327,668,659,319,136,143,542,186,0.884876517210462,1499.64427147792,0.14016578749058,NA
198,2022,"צופית","צופית",32.1925615,34.922165,77.3977946419319,198,1,227,5,"temporal_distance > 200",0.731934731934732,TRUE,2022,1672,"צופית","ZOFIT",1,"יהודי",1318,660,657,309,140,136,544,187,0.884876517210462,1489.47336081982,0.141881638846737,NA
200,2009,"ביתינאי","בית ינאי",32.381781,34.8631614,93.6650553669118,200,0,NA,NA,"no_red_alert",0.676156583629893,FALSE,2009,NA,NA,NA,NA,NA,NA,NA,NA,NA,NA,NA,NA,NA,NA,NA,NA,NA
200,2013,"ביתינאי","בית ינאי",32.381781,34.8631614,93.6650553669118,200,0,NA,NA,"no_red_alert",0.731391585760518,FALSE,2013,1705,"בית ינאי","BET YANNAY",1,"יהודי",430,210,220,110,30,40,190,50,0.24738032191889,1738.21424705311,0.116279069767442,62
200,2015,"ביתינאי","בית ינאי",32.381781,34.8631614,93.6650553669118,200,0,NA,NA,"no_red_alert",0.691588785046729,TRUE,2015,1708,"בית ינאי","BET YANNAY",1,"יהודי",420,210,210,100,30,50,190,50,0.24738032191889,1697.79065991234,0.119047619047619,55.75
200,2019,"ביתינאי","בית ינאי",32.381781,34.8631614,93.6650553669118,200,0,NA,NA,"no_red_alert",0.638436482084691,TRUE,2019,1698,"בית ינאי","BET YANNAY",1,"יהודי",372,201,172,85,27,36,163,60,0.24738032191889,1503.75744163665,0.161290322580645,NA
200,2019,"ביתינאי","בית ינאי",32.381781,34.8631614,93.6650553669118,200,0,NA,NA,"no_red_alert",0.636963696369637,TRUE,2019.4,1698,"בית ינאי","BET YANNAY",1,"יהודי",372,201,172,85,27,36,163,60,0.24738032191889,1503.75744163665,0.161290322580645,NA
200,2020,"ביתינאי","בית ינאי",32.381781,34.8631614,93.6650553669118,200,0,NA,NA,"no_red_alert",0.646464646464647,TRUE,2020,1707,"בית ינאי","BET YANNAY",1,"יהודי",369,205,168,82,24,38,163,62,0.24738032191889,1491.63036549441,0.168021680216802,NA
200,2021,"ביתינאי","בית ינאי",32.381781,34.8631614,93.6650553669118,200,0,NA,NA,"no_red_alert",0.654237288135593,TRUE,2021,1706,"בית ינאי","BET YANNAY",1,"יהודי",363,194,169,79,28,36,153,66,0.24738032191889,1467.37621320995,0.181818181818182,NA
200,2022,"ביתינאי","בית ינאי",32.381781,34.8631614,93.6650553669118,200,0,NA,NA,"no_red_alert",0.652597402597403,TRUE,2022,1709,"בית ינאי","BET YANNAY",1,"יהודי",378,202,177,83,33,34,162,67,0.24738032191889,1528.01159392111,0.177248677248677,NA
204,2009,"אלישיב","אלישיב",32.380606,34.910079,95.2812814389502,204,0,NA,NA,"no_red_alert",0.788113695090439,FALSE,2009,NA,NA,NA,NA,NA,NA,NA,NA,NA,NA,NA,NA,NA,NA,NA,NA,NA
204,2013,"אלישיב","אלישיב",32.380606,34.910079,95.2812814389502,204,0,NA,NA,"no_red_alert",0.77728285077951,FALSE,2013,1725,"אלישיב","ELYASHIV",1,"יהודי",690,350,330,210,30,80,300,70,0.423481817360987,1629.34976594715,0.101449275362319,63
204,2015,"אלישיב","אלישיב",32.380606,34.910079,95.2812814389502,204,0,NA,NA,"no_red_alert",0.830835117773019,TRUE,2015,1726,"אלישיב","ELYASHIV",1,"יהודי",730,370,350,230,30,70,310,80,0.423481817360987,1723.80482484264,0.10958904109589,60
204,2019,"אלישיב","אלישיב",32.380606,34.910079,95.2812814389502,204,0,NA,NA,"no_red_alert",0.775898520084567,TRUE,2019,1727,"אלישיב","ELYASHIV",1,"יהודי",714,358,356,215,35,76,289,101,0.423481817360987,1686.02280128445,0.141456582633053,NA
204,2019,"אלישיב","אלישיב",32.380606,34.910079,95.2812814389502,204,0,NA,NA,"no_red_alert",0.755888650963597,TRUE,2019.4,1727,"אלישיב","ELYASHIV",1,"יהודי",714,358,356,215,35,76,289,101,0.423481817360987,1686.02280128445,0.141456582633053,NA
204,2020,"אלישיב","אלישיב",32.380606,34.910079,95.2812814389502,204,0,NA,NA,"no_red_alert",0.746268656716418,TRUE,2020,1731,"אלישיב","ELYASHIV",1,"יהודי",723,361,359,202,44,81,291,105,0.423481817360987,1707.27518953593,0.145228215767635,NA
204,2021,"אלישיב","אלישיב",32.380606,34.910079,95.2812814389502,204,0,NA,NA,"no_red_alert",0.765560165975104,TRUE,2021,1729,"אלישיב","ELYASHIV",1,"יהודי",716,362,354,195,39,84,289,108,0.423481817360987,1690.74555422922,0.150837988826816,NA
204,2022,"אלישיב","אלישיב",32.380606,34.910079,95.2812814389502,204,0,NA,NA,"no_red_alert",0.772540983606557,TRUE,2022,1724,"אלישיב","ELYASHIV",1,"יהודי",715,360,355,183,50,86,284,113,0.423481817360987,1688.38417775683,0.158041958041958,NA
205,2009,"חגלה","חגלה",32.3855984,34.925105,96.2370230684681,205,0,NA,NA,"no_red_alert",0.836317135549872,FALSE,2009,NA,NA,NA,NA,NA,NA,NA,NA,NA,NA,NA,NA,NA,NA,NA,NA,NA
205,2013,"חגלה","חגלה",32.3855984,34.925105,96.2370230684681,205,0,NA,NA,"no_red_alert",0.824884792626728,FALSE,2013,1748,"חגלה","HOGLA",1,"יהודי",830,390,440,310,60,40,340,80,0.764623743042193,1085.50121226644,0.0963855421686747,60
205,2015,"חגלה","חגלה",32.3855984,34.925105,96.2370230684681,205,0,NA,NA,"no_red_alert",0.837004405286344,TRUE,2015,1743,"חגלה","HOGLA",1,"יהודי",830,390,440,300,70,50,340,80,0.764623743042193,1085.50121226644,0.0963855421686747,59
205,2019,"חגלה","חגלה",32.3855984,34.925105,96.2370230684681,205,0,NA,NA,"no_red_alert",0.792490118577075,TRUE,2019.4,1737,"חגלה","HOGLA",1,"יהודי",865,400,465,241,121,76,344,84,0.764623743042193,1131.27535977165,0.0971098265895954,NA
205,2019,"חגלה","חגלה",32.3855984,34.925105,96.2370230684681,205,0,NA,NA,"no_red_alert",0.819639278557114,TRUE,2019,1737,"חגלה","HOGLA",1,"יהודי",865,400,465,241,121,76,344,84,0.764623743042193,1131.27535977165,0.0971098265895954,NA
205,2020,"חגלה","חגלה",32.3855984,34.925105,96.2370230684681,205,0,NA,NA,"no_red_alert",0.791252485089463,TRUE,2020,1744,"חגלה","HOGLA",1,"יהודי",864,398,465,230,129,78,345,82,0.764623743042193,1129.96752698578,0.0949074074074074,NA
205,2021,"חגלה","חגלה",32.3855984,34.925105,96.2370230684681,205,0,NA,NA,"no_red_alert",0.795366795366795,TRUE,2021,1739,"חגלה","HOGLA",1,"יהודי",868,400,468,229,116,93,346,84,0.764623743042193,1135.19885812924,0.0967741935483871,NA
205,2022,"חגלה","חגלה",32.3855984,34.925105,96.2370230684681,205,0,NA,NA,"no_red_alert",0.743682310469314,TRUE,2022,1740,"חגלה","HOGLA",1,"יהודי",864,397,467,213,120,104,347,79,0.764623743042193,1129.96752698578,0.0914351851851852,NA
213,2009,"משמרות","משמרות",32.4880031,34.9849875,108.838795123184,213,0,NA,NA,"no_red_alert",0.744769874476987,FALSE,2009,NA,NA,NA,NA,NA,NA,NA,NA,NA,NA,NA,NA,NA,NA,NA,NA,NA
213,2013,"משמרות","משמרות",32.4880031,34.9849875,108.838795123184,213,0,NA,NA,"no_red_alert",0.771523178807947,FALSE,2013,1809,"משמרות","MISHMAROT",1,"יהודי",590,290,300,200,30,50,260,50,0.43177195668382,1366.46206606708,0.0847457627118644,62.6666666666667
213,2015,"משמרות","משמרות",32.4880031,34.9849875,108.838795123184,213,0,NA,NA,"no_red_alert",0.799564270152505,TRUE,2015,1801,"משמרות","MISHMAROT",1,"יהודי",800,390,410,300,30,60,350,60,0.43177195668382,1852.82992009096,0.075,61.6666666666667
213,2019,"משמרות","משמרות",32.4880031,34.9849875,108.838795123184,213,0,NA,NA,"no_red_alert",0.798290598290598,TRUE,2019.4,1808,"משמרות","MISHMAROT",1,"יהודי",1024,506,518,393,68,57,440,67,0.43177195668382,2371.62229771643,0.0654296875,NA
213,2019,"משמרות","משמרות",32.4880031,34.9849875,108.838795123184,213,0,NA,NA,"no_red_alert",0.795774647887324,TRUE,2019,1808,"משמרות","MISHMAROT",1,"יהודי",1024,506,518,393,68,57,440,67,0.43177195668382,2371.62229771643,0.0654296875,NA
213,2020,"משמרות","משמרות",32.4880031,34.9849875,108.838795123184,213,0,NA,NA,"no_red_alert",0.816528925619835,TRUE,2020,1804,"משמרות","MISHMAROT",1,"יהודי",1117,553,562,436,75,65,468,73,0.43177195668382,2587.01377592701,0.0653536257833483,NA
213,2021,"משמרות","משמרות",32.4880031,34.9849875,108.838795123184,213,0,NA,NA,"no_red_alert",0.811550151975684,TRUE,2021,1807,"משמרות","MISHMAROT",1,"יהודי",1234,609,624,473,99,69,517,75,0.43177195668382,2857.99015174031,0.0607779578606159,NA
213,2022,"משמרות","משמרות",32.4880031,34.9849875,108.838795123184,213,0,NA,NA,"no_red_alert",0.791553133514986,TRUE,2022,1812,"משמרות","MISHMAROT",1,"יהודי",1252,614,638,471,103,75,531,71,0.43177195668382,2899.67882494236,0.0567092651757189,NA
217,2009,"כפרהראה","כפר הרא""ה",32.3900385,34.9119155,96.3634464387988,217,0,NA,NA,"no_red_alert",0.827529021558872,FALSE,2009,NA,NA,NA,NA,NA,NA,NA,NA,NA,NA,NA,NA,NA,NA,NA,NA,NA
217,2013,"כפרהראה","כפר הרא""ה",32.3900385,34.9119155,96.3634464387988,217,0,NA,NA,"no_red_alert",0.853293413173653,FALSE,2013,1815,"כפר הרא""ה","KEFAR HARO'E",1,"יהודי",1260,710,550,470,180,100,400,120,0.579041288567425,2176.0106314997,0.0952380952380952,63
217,2015,"כפרהראה","כפר הרא""ה",32.3900385,34.9119155,96.3634464387988,217,0,NA,NA,"no_red_alert",0.846262341325811,TRUE,2015,1819,"כפר הרא""ה","KEFAR HARO'E",1,"יהודי",1390,800,590,500,240,120,410,130,0.579041288567425,2400.5196649084,0.0935251798561151,60
217,2019,"כפרהראה","כפר הרא""ה",32.3900385,34.9119155,96.3634464387988,217,0,NA,NA,"no_red_alert",0.820083682008368,TRUE,2019,1822,"כפר הרא""ה","KEFAR HARO'E",1,"יהודי",1460,847,613,449,338,143,392,137,0.579041288567425,2521.40914443616,0.0938356164383562,NA
217,2019,"כפרהראה","כפר הרא""ה",32.3900385,34.9119155,96.3634464387988,217,0,NA,NA,"no_red_alert",0.796982167352538,TRUE,2019.4,1822,"כפר הרא""ה","KEFAR HARO'E",1,"יהודי",1460,847,613,449,338,143,392,137,0.579041288567425,2521.40914443616,0.0938356164383562,NA
217,2020,"כפרהראה","כפר הרא""ה",32.3900385,34.9119155,96.3634464387988,217,0,NA,NA,"no_red_alert",0.782726045883941,TRUE,2020,1825,"כפר הרא""ה","KEFAR HARO'E",1,"יהודי",1472,873,598,477,314,157,383,141,0.579041288567425,2542.13305521234,0.0957880434782609,NA
217,2021,"כפרהראה","כפר הרא""ה",32.3900385,34.9119155,96.3634464387988,217,0,NA,NA,"no_red_alert",0.758169934640523,TRUE,2021,1814,"כפר הרא""ה","KEFAR HARO'E",1,"יהודי",1483,880,603,422,370,156,393,139,0.579041288567425,2561.12997342385,0.0937289278489548,NA
217,2022,"כפרהראה","כפר הרא""ה",32.3900385,34.9119155,96.3634464387988,217,0,NA,NA,"no_red_alert",0.772965879265092,TRUE,2022,1820,"כפר הרא""ה","KEFAR HARO'E",1,"יהודי",1438,844,594,400,346,167,390,135,0.579041288567425,2483.41530801315,0.0938803894297636,NA
219,2009,"חיבתציון","חיבת ציון",32.397264,34.9137071,88.7866508836783,10016,0,NA,NA,"no_red_alert",0.784574468085106,FALSE,2009,NA,NA,NA,NA,NA,NA,NA,NA,NA,NA,NA,NA,NA,NA,NA,NA,NA
219,2013,"חיבתציון","חיבת ציון",32.397264,34.9137071,88.7866508836783,10016,0,NA,NA,"no_red_alert",0.816867469879518,FALSE,2013,1850,"חיבת ציון","HIBBAT ZIYYON",1,"יהודי",640,340,310,180,40,60,280,70,0.401445624028702,1594.23832691783,0.109375,62.75
219,2015,"חיבתציון","חיבת ציון",32.397264,34.9137071,88.7866508836783,10016,0,NA,NA,"no_red_alert",0.857142857142857,TRUE,2015,1849,"חיבת ציון","HIBBAT ZIYYON",1,"יהודי",660,340,320,190,50,60,280,70,0.401445624028702,1644.05827463401,0.106060606060606,60.75
219,2019,"חיבתציון","חיבת ציון",32.397264,34.9137071,88.7866508836783,10016,0,NA,NA,"no_red_alert",0.821428571428571,TRUE,2019.4,1841,"חיבת ציון","HIBBAT ZIYYON",1,"יהודי",727,366,361,236,48,61,298,85,0.401445624028702,1810.95509948322,0.116918844566713,NA
219,2019,"חיבתציון","חיבת ציון",32.397264,34.9137071,88.7866508836783,10016,0,NA,NA,"no_red_alert",0.817567567567568,TRUE,2019,1841,"חיבת ציון","HIBBAT ZIYYON",1,"יהודי",727,366,361,236,48,61,298,85,0.401445624028702,1810.95509948322,0.116918844566713,NA
219,2020,"חיבתציון","חיבת ציון",32.397264,34.9137071,88.7866508836783,10016,0,NA,NA,"no_red_alert",0.799554565701559,TRUE,2020,1844,"חיבת ציון","HIBBAT ZIYYON",1,"יהודי",807,411,395,260,54,73,331,89,0.401445624028702,2010.23489034795,0.110285006195787,NA
219,2021,"חיבתציון","חיבת ציון",32.397264,34.9137071,88.7866508836783,10016,0,NA,NA,"no_red_alert",0.827309236947791,TRUE,2021,1839,"חיבת ציון","HIBBAT ZIYYON",1,"יהודי",844,436,408,275,62,69,341,98,0.401445624028702,2102.40179362288,0.116113744075829,NA
219,2022,"חיבתציון","חיבת ציון",32.397264,34.9137071,88.7866508836783,10016,0,NA,NA,"no_red_alert",0.792910447761194,TRUE,2022,1840,"חיבת ציון","HIBBAT ZIYYON",1,"יהודי",875,453,422,280,60,79,358,98,0.401445624028702,2179.62271258297,0.112,NA
220,2009,"כפרביאליק","כפר ביאליק",32.821499,35.1007885,136.767322336434,10012,0,NA,NA,"no_red_alert",0.67639902676399,FALSE,2009,NA,NA,NA,NA,NA,NA,NA,NA,NA,NA,NA,NA,NA,NA,NA,NA,NA
220,2013,"כפרביאליק","כפר ביאליק",32.821499,35.1007885,136.767322336434,10012,0,NA,NA,"no_red_alert",0.70935960591133,FALSE,2013,1859,"כפר ביאליק","KEFAR BIALIK",1,"יהודי",840,430,400,230,170,90,240,110,0.822864933588134,1020.82366827463,0.130952380952381,63
220,2015,"כפרביאליק","כפר ביאליק",32.821499,35.1007885,136.767322336434,10012,0,NA,NA,"no_red_alert",0.762589928057554,TRUE,2015,1863,"כפר ביאליק","KEFAR BIALIK",1,"יהודי",750,400,350,210,170,70,210,110,0.822864933588134,911.449703816636,0.146666666666667,63
220,2019,"כפרביאליק","כפר ביאליק",32.821499,35.1007885,136.767322336434,10012,0,NA,NA,"no_red_alert",0.773504273504274,TRUE,2019,1855,"כפר ביאליק","KEFAR BIALIK",1,"יהודי",855,454,401,271,152,58,261,115,0.822864933588134,1039.05266235096,0.134502923976608,NA
220,2019,"כפרביאליק","כפר ביאליק",32.821499,35.1007885,136.767322336434,10012,0,NA,NA,"no_red_alert",0.764331210191083,TRUE,2019.4,1855,"כפר ביאליק","KEFAR BIALIK",1,"יהודי",855,454,401,271,152,58,261,115,0.822864933588134,1039.05266235096,0.134502923976608,NA
220,2020,"כפרביאליק","כפר ביאליק",32.821499,35.1007885,136.767322336434,10012,0,NA,NA,"no_red_alert",0.737634408602151,TRUE,2020,1857,"כפר ביאליק","KEFAR BIALIK",1,"יהודי",848,450,397,298,122,51,262,115,0.822864933588134,1030.54579844868,0.13561320754717,NA
220,2021,"כפרביאליק","כפר ביאליק",32.821499,35.1007885,136.767322336434,10012,0,NA,NA,"no_red_alert",0.712121212121212,TRUE,2021,1861,"כפר ביאליק","KEFAR BIALIK",1,"יהודי",853,446,406,278,141,52,265,116,0.822864933588134,1036.62212980745,0.13599062133646,NA
220,2022,"כפרביאליק","כפר ביאליק",32.821499,35.1007885,136.767322336434,10012,0,NA,NA,"no_red_alert",0.744725738396624,TRUE,2022,1858,"כפר ביאליק","KEFAR BIALIK",1,"יהודי",835,439,396,269,137,48,264,117,0.822864933588134,1014.74733691585,0.140119760479042,NA
223,2009,"עיןעירון","עין עירון",32.4844365,35.0095294,109.557892618421,223,0,NA,NA,"no_red_alert",0.74251497005988,FALSE,2009,NA,NA,NA,NA,NA,NA,NA,NA,NA,NA,NA,NA,NA,NA,NA,NA,NA
223,2013,"עיןעירון","עין עירון",32.4844365,35.0095294,109.557892618421,223,0,NA,NA,"no_red_alert",0.81994459833795,FALSE,2013,1875,"עין עירון","EN IRON",1,"יהודי",550,270,280,160,40,70,240,40,1.23697260242239,444.633938474405,0.0727272727272727,62
223,2015,"עיןעירון","עין עירון",32.4844365,35.0095294,109.557892618421,223,0,NA,NA,"no_red_alert",0.83547557840617,TRUE,2015,1871,"עין עירון","EN IRON",1,"יהודי",550,290,270,140,40,70,240,50,1.23697260242239,444.633938474405,0.0909090909090909,60
223,2019,"עיןעירון","עין עירון",32.4844365,35.0095294,109.557892618421,223,0,NA,NA,"no_red_alert",0.814814814814815,TRUE,2019.4,1868,"עין עירון","EN IRON",1,"יהודי",546,273,273,136,40,64,243,63,1.23697260242239,441.400237103682,0.115384615384615,NA
223,2019,"עיןעירון","עין עירון",32.4844365,35.0095294,109.557892618421,223,0,NA,NA,"no_red_alert",0.839416058394161,TRUE,2019,1868,"עין עירון","EN IRON",1,"יהודי",546,273,273,136,40,64,243,63,1.23697260242239,441.400237103682,0.115384615384615,NA
223,2020,"עיןעירון","עין עירון",32.4844365,35.0095294,109.557892618421,223,0,NA,NA,"no_red_alert",0.804020100502513,TRUE,2020,1870,"עין עירון","EN IRON",1,"יהודי",545,274,266,128,36,71,248,62,1.23697260242239,440.591811761001,0.113761467889908,NA
223,2021,"עיןעירון","עין עירון",32.4844365,35.0095294,109.557892618421,223,0,NA,NA,"no_red_alert",0.802439024390244,TRUE,2021,1865,"עין עירון","EN IRON",1,"יהודי",587,302,286,149,41,68,262,67,1.23697260242239,474.545676153592,0.114139693356048,NA
223,2022,"עיןעירון","עין עירון",32.4844365,35.0095294,109.557892618421,223,0,NA,NA,"no_red_alert",0.756501182033097,TRUE,2022,1874,"עין עירון","EN IRON",1,"יהודי",571,289,282,140,41,71,254,66,1.23697260242239,461.6108706707,0.115586690017513,NA
224,2009,"שושנתהעמקים","שושנת העמקים",32.354451,34.8572246,88.7866508836783,10016,0,NA,NA,"no_red_alert",0.601351351351351,FALSE,2009,NA,NA,NA,NA,NA,NA,NA,NA,NA,NA,NA,NA,NA,NA,NA,NA,NA
224,2013,"שושנתהעמקים","שושנת העמקים",32.354451,34.8572246,88.7866508836783,10016,0,NA,NA,"no_red_alert",0.643006263048017,FALSE,2013,1889,"שושנת העמקים","SHOSHANNAT HAAMAQIM",1,"יהודי",540,280,260,120,30,90,250,60,0.0602597133638767,8961.21089622886,0.111111111111111,63
224,2015,"שושנתהעמקים","שושנת העמקים",32.354451,34.8572246,88.7866508836783,10016,0,NA,NA,"no_red_alert",0.723768736616702,TRUE,2015,1885,"שושנת העמקים","SHOSHANNAT HAAMAQIM",1,"יהודי",520,270,250,120,20,70,240,70,0.0602597133638767,8629.31419636853,0.134615384615385,61.5
224,2019,"שושנתהעמקים","שושנת העמקים",32.354451,34.8572246,88.7866508836783,10016,0,NA,NA,"no_red_alert",0.70627802690583,TRUE,2019.4,1886,"שושנת העמקים","SHOSHANNAT HAAMAQIM",1,"יהודי",505,268,237,119,26,43,234,84,0.0602597133638767,8380.39167147329,0.166336633663366,NA
224,2019,"שושנתהעמקים","שושנת העמקים",32.354451,34.8572246,88.7866508836783,10016,0,NA,NA,"no_red_alert",0.711060948081264,TRUE,2019,1886,"שושנת העמקים","SHOSHANNAT HAAMAQIM",1,"יהודי",505,268,237,119,26,43,234,84,0.0602597133638767,8380.39167147329,0.166336633663366,NA
224,2020,"שושנתהעמקים","שושנת העמקים",32.354451,34.8572246,88.7866508836783,10016,0,NA,NA,"no_red_alert",0.710467706013363,TRUE,2020,1887,"שושנת העמקים","SHOSHANNAT HAAMAQIM",1,"יהודי",491,266,225,107,20,45,232,87,0.0602597133638767,8148.06398157106,0.177189409368635,NA
224,2021,"שושנתהעמקים","שושנת העמקים",32.354451,34.8572246,88.7866508836783,10016,0,NA,NA,"no_red_alert",0.697986577181208,TRUE,2021,1879,"שושנת העמקים","SHOSHANNAT HAAMAQIM",1,"יהודי",491,263,229,104,26,44,230,88,0.0602597133638767,8148.06398157106,0.179226069246436,NA
224,2022,"שושנתהעמקים","שושנת העמקים",32.354451,34.8572246,88.7866508836783,10016,0,NA,NA,"no_red_alert",0.717832957110609,TRUE,2022,1884,"שושנת העמקים","SHOSHANNAT HAAMAQIM",1,"יהודי",489,254,236,109,25,46,222,89,0.0602597133638767,8114.87431158503,0.18200408997955,NA
225,2009,"גןהשומרון","גן השומרון",32.4630355,34.9982495,106.76050351045,225,0,NA,NA,"no_red_alert",0.728155339805825,FALSE,2009,NA,NA,NA,NA,NA,NA,NA,NA,NA,NA,NA,NA,NA,NA,NA,NA,NA
225,2013,"גןהשומרון","גן השומרון",32.4630355,34.9982495,106.76050351045,225,0,NA,NA,"no_red_alert",0.778169014084507,FALSE,2013,1902,"גן השומרון","GAN HASHOMERON",1,"יהודי",810,400,420,230,50,90,350,90,0.936847982768991,864.601317287279,0.111111111111111,62.4
225,2015,"גןהשומרון","גן השומרון",32.4630355,34.9982495,106.76050351045,225,0,NA,NA,"no_red_alert",0.784722222222222,TRUE,2015,1895,"גן השומרון","GAN HASHOMERON",1,"יהודי",800,390,420,210,60,80,350,100,0.936847982768991,853.927226950399,0.125,61.2
225,2019,"גןהשומרון","גן השומרון",32.4630355,34.9982495,106.76050351045,225,0,NA,NA,"no_red_alert",0.799363057324841,TRUE,2019.4,1892,"גן השומרון","GAN HASHOMERON",1,"יהודי",861,420,441,217,65,83,382,115,0.936847982768991,919.039178005367,0.133565621370499,NA
225,2019,"גןהשומרון","גן השומרון",32.4630355,34.9982495,106.76050351045,225,0,NA,NA,"no_red_alert",0.768982229402262,TRUE,2019,1892,"גן השומרון","GAN HASHOMERON",1,"יהודי",861,420,441,217,65,83,382,115,0.936847982768991,919.039178005367,0.133565621370499,NA
225,2020,"גןהשומרון","גן השומרון",32.4630355,34.9982495,106.76050351045,225,0,NA,NA,"no_red_alert",0.775834658187599,TRUE,2020,1901,"גן השומרון","GAN HASHOMERON",1,"יהודי",842,417,425,197,69,85,376,115,0.936847982768991,898.758406365295,0.136579572446556,NA
225,2021,"גןהשומרון","גן השומרון",32.4630355,34.9982495,106.76050351045,225,0,NA,NA,"no_red_alert",0.761526232114467,TRUE,2021,1897,"גן השומרון","GAN HASHOMERON",1,"יהודי",840,415,424,194,66,87,368,126,0.936847982768991,896.623588297919,0.15,NA
225,2022,"גןהשומרון","גן השומרון",32.4630355,34.9982495,106.76050351045,225,0,NA,NA,"no_red_alert",0.746105919003115,TRUE,2022,1900,"גן השומרון","GAN HASHOMERON",1,"יהודי",861,417,443,200,71,82,380,128,0.936847982768991,919.039178005367,0.148664343786295,NA
232,2009,"שפיים","שפיים",32.2165834,34.8235531,75.2632966513731,232,1,227,10,"temporal_distance > 200",0.758282208588957,FALSE,2009,NA,NA,NA,NA,NA,NA,NA,NA,NA,NA,NA,NA,NA,NA,NA,NA,NA
232,2013,"שפיים","שפיים",32.2165834,34.8235531,75.2632966513731,232,1,227,10,"temporal_distance > 200",0.777272727272727,FALSE,2013,1941,"שפיים","SHEFAYIM",1,"יהודי",1150,570,580,320,70,130,510,110,0.694563354333948,1655.71649126636,0.0956521739130435,63
232,2015,"שפיים","שפיים",32.2165834,34.8235531,75.2632966513731,232,1,227,10,"temporal_distance > 200",0.788079470198676,TRUE,2015,1938,"שפיים","SHEFAYIM",1,"יהודי",1210,600,610,340,70,140,520,140,0.694563354333948,1742.10169950635,0.115702479338843,58
232,2019,"שפיים","שפיים",32.2165834,34.8235531,75.2632966513731,232,1,227,10,"temporal_distance > 200",0.793032786885246,TRUE,2019,1931,"שפיים","SHEFAYIM",1,"יהודי",1302,626,676,354,107,134,539,168,0.694563354333948,1874.55901880766,0.129032258064516,NA
232,2019,"שפיים","שפיים",32.2165834,34.8235531,75.2632966513731,232,1,227,10,"temporal_distance > 200",0.769308943089431,TRUE,2019.4,1931,"שפיים","SHEFAYIM",1,"יהודי",1302,626,676,354,107,134,539,168,0.694563354333948,1874.55901880766,0.129032258064516,NA
232,2020,"שפיים","שפיים",32.2165834,34.8235531,75.2632966513731,232,1,227,10,"temporal_distance > 200",0.764646464646465,TRUE,2020,1937,"שפיים","SHEFAYIM",1,"יהודי",1327,639,686,356,106,136,555,174,0.694563354333948,1910.55285557432,0.13112283345893,NA
232,2021,"שפיים","שפיים",32.2165834,34.8235531,75.2632966513731,232,1,227,10,"temporal_distance > 200",0.776900296150049,TRUE,2021,1934,"שפיים","SHEFAYIM",1,"יהודי",1346,648,698,361,104,137,558,185,0.694563354333948,1937.90817151698,0.137444279346211,NA
232,2022,"שפיים","שפיים",32.2165834,34.8235531,75.2632966513731,232,1,227,10,"temporal_distance > 200",0.780230326295585,TRUE,2022,1930,"שפיים","SHEFAYIM",1,"יהודי",1368,656,712,363,109,142,568,188,0.694563354333948,1969.58274787164,0.137426900584795,NA
233,2009,"כפרידידיה","כפר ידידיה",32.3464526,34.8940206,91.4195002438496,233,0,NA,NA,"no_red_alert",0.813211845102506,FALSE,2009,NA,NA,NA,NA,NA,NA,NA,NA,NA,NA,NA,NA,NA,NA,NA,NA,NA
233,2013,"כפרידידיה","כפר ידידיה",32.3464526,34.8940206,91.4195002438496,233,0,NA,NA,"no_red_alert",0.841004184100418,FALSE,2013,1948,"כפר ידידיה","KEFAR YEDIDYA",1,"יהודי",750,400,350,240,30,70,320,90,0.623672810932315,1202.55362564041,0.12,63
233,2015,"כפרידידיה","כפר ידידיה",32.3464526,34.8940206,91.4195002438496,233,0,NA,NA,"no_red_alert",0.815950920245399,TRUE,2015,1955,"כפר ידידיה","KEFAR YEDIDYA",1,"יהודי",750,410,340,240,40,60,320,90,0.623672810932315,1202.55362564041,0.12,62
233,2019,"כפרידידיה","כפר ידידיה",32.3464526,34.8940206,91.4195002438496,233,0,NA,NA,"no_red_alert",0.823651452282158,TRUE,2019,1947,"כפר ידידיה","KEFAR YEDIDYA",1,"יהודי",730,381,349,202,70,54,295,0,0.623672810932315,1170.48552895666,0,NA
233,2019,"כפרידידיה","כפר ידידיה",32.3464526,34.8940206,91.4195002438496,233,0,NA,NA,"no_red_alert",0.816115702479339,TRUE,2019.4,1947,"כפר ידידיה","KEFAR YEDIDYA",1,"יהודי",730,381,349,202,70,54,295,0,0.623672810932315,1170.48552895666,0,NA
233,2020,"כפרידידיה","כפר ידידיה",32.3464526,34.8940206,91.4195002438496,233,0,NA,NA,"no_red_alert",0.817248459958932,TRUE,2020,1954,"כפר ידידיה","KEFAR YEDIDYA",1,"יהודי",733,381,352,199,72,58,289,0,0.623672810932315,1175.29574345923,0,NA
233,2021,"כפרידידיה","כפר ידידיה",32.3464526,34.8940206,91.4195002438496,233,0,NA,NA,"no_red_alert",0.787449392712551,TRUE,2021,1953,"כפר ידידיה","KEFAR YEDIDYA",1,"יהודי",751,387,364,187,87,65,295,0,0.623672810932315,1204.1570304746,0,NA
233,2022,"כפרידידיה","כפר ידידיה",32.3464526,34.8940206,91.4195002438496,233,0,NA,NA,"no_red_alert",0.753424657534247,TRUE,2022,1950,"כפר ידידיה","KEFAR YEDIDYA",1,"יהודי",749,383,366,176,89,70,297,118,0.623672810932315,1200.95022080622,0.157543391188251,NA
235,2009,"חבצלתהשרון","חבצלת השרון",32.3593451,34.8624625,91.3892770004616,235,0,NA,NA,"no_red_alert",0.691394658753709,FALSE,2009,NA,NA,NA,NA,NA,NA,NA,NA,NA,NA,NA,NA,NA,NA,NA,NA,NA
235,2013,"חבצלתהשרון","חבצלת השרון",32.3593451,34.8624625,91.3892770004616,235,0,NA,NA,"no_red_alert",0.670553935860058,FALSE,2013,1970,"חבצלת השרון","HAVAZZELET HASHARON",1,"יהודי",540,320,230,200,20,30,220,60,0.474039447977878,1139.1457025433,0.111111111111111,63
235,2015,"חבצלתהשרון","חבצלת השרון",32.3593451,34.8624625,91.3892770004616,235,0,NA,NA,"no_red_alert",0.654069767441861,TRUE,2015,1973,"חבצלת השרון","HAVAZZELET HASHARON",1,"יהודי",550,330,220,190,40,40,200,70,0.474039447977878,1160.24099333114,0.127272727272727,61.5
235,2019,"חבצלתהשרון","חבצלת השרון",32.3593451,34.8624625,91.3892770004616,235,0,NA,NA,"no_red_alert",0.627906976744186,TRUE,2019.4,1977,"חבצלת השרון","HAVAZZELET HASHARON",1,"יהודי",482,277,205,108,64,38,184,88,0.474039447977878,1016.79301597384,0.182572614107884,NA
235,2019,"חבצלתהשרון","חבצלת השרון",32.3593451,34.8624625,91.3892770004616,235,0,NA,NA,"no_red_alert",0.663716814159292,TRUE,2019,1977,"חבצלת השרון","HAVAZZELET HASHARON",1,"יהודי",482,277,205,108,64,38,184,88,0.474039447977878,1016.79301597384,0.182572614107884,NA
235,2020,"חבצלתהשרון","חבצלת השרון",32.3593451,34.8624625,91.3892770004616,235,0,NA,NA,"no_red_alert",0.651162790697674,TRUE,2020,1969,"חבצלת השרון","HAVAZZELET HASHARON",1,"יהודי",487,283,203,112,64,42,176,93,0.474039447977878,1027.34066136776,0.190965092402464,NA
235,2021,"חבצלתהשרון","חבצלת השרון",32.3593451,34.8624625,91.3892770004616,235,0,NA,NA,"no_red_alert",0.624633431085044,TRUE,2021,1974,"חבצלת השרון","HAVAZZELET HASHARON",1,"יהודי",485,276,209,103,68,46,180,89,0.474039447977878,1023.12160321019,0.183505154639175,NA
235,2022,"חבצלתהשרון","חבצלת השרון",32.3593451,34.8624625,91.3892770004616,235,0,NA,NA,"no_red_alert",0.614705882352941,TRUE,2022,1976,"חבצלת השרון","HAVAZZELET HASHARON",1,"יהודי",474,276,198,98,70,44,178,84,0.474039447977878,999.916783343567,0.177215189873418,NA
237,2009,"שערהעמקים","שער העמקים",32.72283,35.113553,137.410685133682,237,0,NA,NA,"no_red_alert",0.761194029850746,FALSE,2009,NA,NA,NA,NA,NA,NA,NA,NA,NA,NA,NA,NA,NA,NA,NA,NA,NA
237,2013,"שערהעמקים","שער העמקים",32.72283,35.113553,137.410685133682,237,0,NA,NA,"no_red_alert",0.77962962962963,FALSE,2013,1987,"שער העמקים","SHA'AR HAAMAQIM",1,"יהודי",670,330,340,120,40,80,250,180,1.28713553380123,520.535703043893,0.26865671641791,62.6666666666667
237,2015,"שערהעמקים","שער העמקים",32.72283,35.113553,137.410685133682,237,0,NA,NA,"no_red_alert",0.788808664259928,TRUE,2015,1988,"שער העמקים","SHA'AR HAAMAQIM",1,"יהודי",690,350,340,140,30,70,260,190,1.28713553380123,536.074082239233,0.27536231884058,56.6666666666667
237,2019,"שערהעמקים","שער העמקים",32.72283,35.113553,137.410685133682,237,0,NA,NA,"no_red_alert",0.789855072463768,TRUE,2019.4,1990,"שער העמקים","SHA'AR HAAMAQIM",1,"יהודי",738,359,379,177,23,68,274,196,1.28713553380123,573.366192308049,0.265582655826558,NA
237,2019,"שערהעמקים","שער העמקים",32.72283,35.113553,137.410685133682,237,0,NA,NA,"no_red_alert",0.787658802177858,TRUE,2019,1990,"שער העמקים","SHA'AR HAAMAQIM",1,"יהודי",738,359,379,177,23,68,274,196,1.28713553380123,573.366192308049,0.265582655826558,NA
237,2020,"שערהעמקים","שער העמקים",32.72283,35.113553,137.410685133682,237,0,NA,NA,"no_red_alert",0.792418772563177,TRUE,2020,1989,"שער העמקים","SHA'AR HAAMAQIM",1,"יהודי",763,375,391,183,26,63,290,201,1.28713553380123,592.789166302224,0.26343381389253,NA
237,2021,"שערהעמקים","שער העמקים",32.72283,35.113553,137.410685133682,237,0,NA,NA,"no_red_alert",0.79144385026738,TRUE,2021,1994,"שער העמקים","SHA'AR HAAMAQIM",1,"יהודי",769,378,391,185,36,60,294,192,1.28713553380123,597.450680060826,0.249674902470741,NA
237,2022,"שערהעמקים","שער העמקים",32.72283,35.113553,137.410685133682,237,0,NA,NA,"no_red_alert",0.774021352313167,TRUE,2022,1993,"שער העמקים","SHA'AR HAAMAQIM",1,"יהודי",782,381,401,192,35,64,293,196,1.28713553380123,607.550626537797,0.250639386189258,NA
239,2009,"גןחיים","גן חיים",32.1976255,34.9024749,76.6438033803859,239,0,NA,NA,"no_red_alert",0.795546558704453,FALSE,2009,NA,NA,NA,NA,NA,NA,NA,NA,NA,NA,NA,NA,NA,NA,NA,NA,NA
239,2013,"גןחיים","גן חיים",32.1976255,34.9024749,76.6438033803859,239,0,NA,NA,"no_red_alert",0.815939278937381,FALSE,2013,2000,"גן חיים","GAN HAYYIM",1,"יהודי",850,420,430,210,50,110,400,80,0.749806201992897,1133.62625934648,0.0941176470588235,63
239,2015,"גןחיים","גן חיים",32.1976255,34.9024749,76.6438033803859,239,0,NA,NA,"no_red_alert",0.848368522072937,TRUE,2015,2004,"גן חיים","GAN HAYYIM",1,"יהודי",820,410,410,200,50,110,370,90,0.749806201992897,1093.61592078131,0.109756097560976,62.8
239,2019,"גןחיים","גן חיים",32.1976255,34.9024749,76.6438033803859,239,0,NA,NA,"no_red_alert",0.798892988929889,TRUE,2019.4,2005,"גן חיים","GAN HAYYIM",1,"יהודי",816,402,414,180,62,103,358,113,0.749806201992897,1088.28120897262,0.138480392156863,NA
239,2019,"גןחיים","גן חיים",32.1976255,34.9024749,76.6438033803859,239,0,NA,NA,"no_red_alert",0.817504655493482,TRUE,2019,2005,"גן חיים","GAN HAYYIM",1,"יהודי",816,402,414,180,62,103,358,113,0.749806201992897,1088.28120897262,0.138480392156863,NA
239,2020,"גןחיים","גן חיים",32.1976255,34.9024749,76.6438033803859,239,0,NA,NA,"no_red_alert",0.791744840525328,TRUE,2020,1997,"גן חיים","GAN HAYYIM",1,"יהודי",815,402,414,180,61,97,357,120,0.749806201992897,1086.94753102045,0.147239263803681,NA
239,2021,"גןחיים","גן חיים",32.1976255,34.9024749,76.6438033803859,239,0,NA,NA,"no_red_alert",0.802607076350093,TRUE,2021,2003,"גן חיים","GAN HAYYIM",1,"יהודי",811,400,411,175,61,94,358,123,0.749806201992897,1081.61281921176,0.151664611590629,NA
239,2022,"גןחיים","גן חיים",32.1976255,34.9024749,76.6438033803859,239,0,NA,NA,"no_red_alert",0.795955882352941,TRUE,2022,2001,"גן חיים","GAN HAYYIM",1,"יהודי",818,402,416,167,72,92,355,131,0.749806201992897,1090.94856487697,0.160146699266504,NA
240,2009,"יקנעםעילית","יקנעם עילית",32.655368,35.0884011,129.002601795234,240,1,6,3,"temporal_distance == 6",0.654509136642746,FALSE,2009,NA,NA,NA,NA,NA,NA,NA,NA,NA,NA,NA,NA,NA,NA,NA,NA,NA
240,2013,"יקנעםעילית","יקנעם עילית",32.655368,35.0884011,129.002601795234,240,1,6,3,"temporal_distance == 6",0.684019453387218,FALSE,2013,2008,"יקנעם עילית","YOQNE'AM ILLIT",1,"יהודי",20760,10220,10540,5990,1560,2310,9100,1780,8.17412665458458,2539.72086282226,0.0857418111753372,58.5833333333333
240,2015,"יקנעםעילית","יקנעם עילית",32.655368,35.0884011,129.002601795234,240,1,6,3,"temporal_distance == 6",0.723378054313306,TRUE,2015,2013,"יקנעם עילית","YOQNE'AM ILLIT",1,"יהודי",21380,10510,10870,5870,1800,2440,9270,2010,8.17412665458458,2615.56994446724,0.0940130963517306,59.6666666666667
240,2019,"יקנעםעילית","יקנעם עילית",32.655368,35.0884011,129.002601795234,240,1,6,3,"temporal_distance == 6",0.699211437000057,TRUE,2019,2015,"יקנעם עילית","YOQNE'AM ILLIT",1,"יהודי",23796,11715,12082,6179,2029,2895,10096,2594,8.17412665458458,2911.13668842575,0.109009917633216,NA
240,2019,"יקנעםעילית","יקנעם עילית",32.655368,35.0884011,129.002601795234,240,1,6,3,"temporal_distance == 6",0.69448951048951,TRUE,2019.4,2015,"יקנעם עילית","YOQNE'AM ILLIT",1,"יהודי",23796,11715,12082,6179,2029,2895,10096,2594,8.17412665458458,2911.13668842575,0.109009917633216,NA
240,2020,"יקנעםעילית","יקנעם עילית",32.655368,35.0884011,129.002601795234,240,1,6,3,"temporal_distance == 6",0.694090959389178,TRUE,2020,2009,"יקנעם עילית","YOQNE'AM ILLIT",1,"יהודי",24087,11876,12215,6139,1992,3023,10220,2713,8.17412665458458,2946.73682190751,0.112633370697887,NA
240,2021,"יקנעםעילית","יקנעם עילית",32.655368,35.0884011,129.002601795234,240,1,6,3,"temporal_distance == 6",0.671724287417362,TRUE,2021,2014,"יקנעם עילית","YOQNE'AM ILLIT",1,"יהודי",24157,11903,12254,5991,2013,3074,10215,2862,8.17412665458458,2955.30042789968,0.118474976197376,NA
240,2022,"יקנעםעילית","יקנעם עילית",32.655368,35.0884011,129.002601795234,240,1,6,3,"temporal_distance == 6",0.675540062325041,TRUE,2022,2011,"יקנעם עילית","YOQNE'AM ILLIT",1,"יהודי",24617,12119,12497,5960,2022,3204,10406,3026,8.17412665458458,3011.57555299112,0.122923183166105,NA
241,2009,"יקנעםמושבה","יקנעם (מושבה)",32.6571359,35.1153181,130.763432793926,241,1,6,3,"temporal_distance == 6",0.74423710208562,FALSE,2009,NA,NA,NA,NA,NA,NA,NA,NA,NA,NA,NA,NA,NA,NA,NA,NA,NA
241,2013,"יקנעםמושבה","יקנעם (מושבה)",32.6571359,35.1153181,130.763432793926,241,1,6,3,"temporal_distance == 6",0.78046218487395,FALSE,2013,2029,"יקנעם (מושבה)","YOQNE'AM(MOSHAVA)",1,"יהודי",1320,660,660,340,80,150,590,160,1.46437827034715,901.406437618798,0.121212121212121,54.5
241,2015,"יקנעםמושבה","יקנעם (מושבה)",32.6571359,35.1153181,130.763432793926,241,1,6,3,"temporal_distance == 6",0.776530612244898,TRUE,2015,2025,"יקנעם (מושבה)","YOQNE'AM(MOSHAVA)",1,"יהודי",1350,660,680,350,90,140,570,200,1.46437827034715,921.89294756468,0.148148148148148,60
241,2019,"יקנעםמושבה","יקנעם (מושבה)",32.6571359,35.1153181,130.763432793926,241,1,6,3,"temporal_distance == 6",0.777006937561943,TRUE,2019,2022,"יקנעם (מושבה)","YOQNE'AM(MOSHAVA)",1,"יהודי",1401,685,717,384,97,137,532,250,1.46437827034715,956.720014472679,0.178443968593862,NA
241,2019,"יקנעםמושבה","יקנעם (מושבה)",32.6571359,35.1153181,130.763432793926,241,1,6,3,"temporal_distance == 6",0.758349705304519,TRUE,2019.4,2022,"יקנעם (מושבה)","YOQNE'AM(MOSHAVA)",1,"יהודי",1401,685,717,384,97,137,532,250,1.46437827034715,956.720014472679,0.178443968593862,NA
241,2020,"יקנעםמושבה","יקנעם (מושבה)",32.6571359,35.1153181,130.763432793926,241,1,6,3,"temporal_distance == 6",0.729166666666667,TRUE,2020,2032,"יקנעם (מושבה)","YOQNE'AM(MOSHAVA)",1,"יהודי",1386,683,701,379,85,142,526,254,1.46437827034715,946.476759499738,0.183261183261183,NA
241,2021,"יקנעםמושבה","יקנעם (מושבה)",32.6571359,35.1153181,130.763432793926,241,1,6,3,"temporal_distance == 6",0.765225933202358,TRUE,2021,2028,"יקנעם (מושבה)","YOQNE'AM(MOSHAVA)",1,"יהודי",1376,682,694,379,87,136,506,268,1.46437827034715,939.647922851111,0.194767441860465,NA
241,2022,"יקנעםמושבה","יקנעם (מושבה)",32.6571359,35.1153181,130.763432793926,241,1,6,3,"temporal_distance == 6",0.74288518155054,TRUE,2022,2031,"יקנעם (מושבה)","YOQNE'AM(MOSHAVA)",1,"יהודי",1382,680,702,360,104,139,513,265,1.46437827034715,943.745224840287,0.191751085383502,NA
242,2009,"ביתהשיטה","בית השיטה",32.5512825,35.4399595,137.391915994051,242,1,6,1,"temporal_distance == 6",0.686813186813187,FALSE,2009,NA,NA,NA,NA,NA,NA,NA,NA,NA,NA,NA,NA,NA,NA,NA,NA,NA
242,2013,"ביתהשיטה","בית השיטה",32.5512825,35.4399595,137.391915994051,242,1,6,1,"temporal_distance == 6",0.722672064777328,FALSE,2013,2036,"בית השיטה","BET HASHITTA",1,"יהודי",1170,580,590,310,60,120,460,230,13.1590026152151,88.9125136769244,0.196581196581197,26.5555555555556
242,2015,"ביתהשיטה","בית השיטה",32.5512825,35.4399595,137.391915994051,242,1,6,1,"temporal_distance == 6",0.745526838966203,TRUE,2015,2035,"בית השיטה","BET HASHITTA",1,"יהודי",1220,600,620,340,70,100,460,250,13.1590026152151,92.7121937485879,0.204918032786885,27
242,2019,"ביתהשיטה","בית השיטה",32.5512825,35.4399595,137.391915994051,242,1,6,1,"temporal_distance == 6",0.737957610789981,TRUE,2019.4,2037,"בית השיטה","BET HASHITTA",1,"יהודי",1263,614,649,354,74,116,469,248,13.1590026152151,95.9799186102184,0.196357878068092,NA
242,2019,"ביתהשיטה","בית השיטה",32.5512825,35.4399595,137.391915994051,242,1,6,1,"temporal_distance == 6",0.745210727969349,TRUE,2019,2037,"בית השיטה","BET HASHITTA",1,"יהודי",1263,614,649,354,74,116,469,248,13.1590026152151,95.9799186102184,0.196357878068092,NA
242,2020,"ביתהשיטה","בית השיטה",32.5512825,35.4399595,137.391915994051,242,1,6,1,"temporal_distance == 6",0.72822966507177,TRUE,2020,2047,"בית השיטה","BET HASHITTA",1,"יהודי",1263,603,657,355,74,112,472,250,13.1590026152151,95.9799186102184,0.197941409342835,NA
242,2021,"ביתהשיטה","בית השיטה",32.5512825,35.4399595,137.391915994051,242,1,6,1,"temporal_distance == 6",0.735265700483092,TRUE,2021,2046,"בית השיטה","BET HASHITTA",1,"יהודי",1258,605,653,349,75,107,485,244,13.1590026152151,95.5999506030521,0.1939586645469,NA
242,2022,"ביתהשיטה","בית השיטה",32.5512825,35.4399595,137.391915994051,242,1,6,1,"temporal_distance == 6",0.700285442435776,TRUE,2022,2039,"בית השיטה","BET HASHITTA",1,"יהודי",1275,610,665,342,96,105,487,242,13.1590026152151,96.8918418274177,0.189803921568627,NA
248,2009,"ביתשערים","בית שערים",32.697537,35.1774255,137.074279793964,248,1,6,1,"temporal_distance == 6",0.756487025948104,FALSE,2009,NA,NA,NA,NA,NA,NA,NA,NA,NA,NA,NA,NA,NA,NA,NA,NA,NA
248,2013,"ביתשערים","בית שערים",32.697537,35.1774255,137.074279793964,248,1,6,1,"temporal_distance == 6",0.851769911504425,FALSE,2013,2075,"בית שערים","BET SHE'ARIM",1,"יהודי",740,360,380,220,40,80,310,100,2.18625256612309,338.478733640666,0.135135135135135,57.6666666666667
248,2015,"ביתשערים","בית שערים",32.697537,35.1774255,137.074279793964,248,1,6,1,"temporal_distance == 6",0.868085106382979,TRUE,2015,2086,"בית שערים","BET SHE'ARIM",1,"יהודי",750,350,390,230,40,60,300,120,2.18625256612309,343.052770581756,0.16,54.3333333333333
248,2019,"ביתשערים","בית שערים",32.697537,35.1774255,137.074279793964,248,1,6,1,"temporal_distance == 6",0.81104033970276,TRUE,2019,2081,"בית שערים","BET SHE'ARIM",1,"יהודי",766,357,409,227,56,60,301,120,2.18625256612309,350.3712296875,0.156657963446475,NA
248,2019,"ביתשערים","בית שערים",32.697537,35.1774255,137.074279793964,248,1,6,1,"temporal_distance == 6",0.806315789473684,TRUE,2019.4,2081,"בית שערים","BET SHE'ARIM",1,"יהודי",766,357,409,227,56,60,301,120,2.18625256612309,350.3712296875,0.156657963446475,NA
248,2020,"ביתשערים","בית שערים",32.697537,35.1774255,137.074279793964,248,1,6,1,"temporal_distance == 6",0.815195071868583,TRUE,2020,2085,"בית שערים","BET SHE'ARIM",1,"יהודי",786,361,425,240,62,54,308,122,2.18625256612309,359.51930356968,0.155216284987277,NA
248,2021,"ביתשערים","בית שערים",32.697537,35.1774255,137.074279793964,248,1,6,1,"temporal_distance == 6",0.762,TRUE,2021,2082,"בית שערים","BET SHE'ARIM",1,"יהודי",813,378,435,250,62,68,311,124,2.18625256612309,371.869203310623,0.152521525215252,NA
248,2022,"ביתשערים","בית שערים",32.697537,35.1774255,137.074279793964,248,1,6,1,"temporal_distance == 6",0.747148288973384,TRUE,2022,2080,"בית שערים","BET SHE'ARIM",1,"יהודי",815,380,434,246,64,71,310,124,2.18625256612309,372.784010698841,0.152147239263804,NA
250,2009,"הזורע","הזורע",32.6430235,35.119371,130.164381626833,250,1,6,3,"temporal_distance == 6",0.672433679354095,FALSE,2009,NA,NA,NA,NA,NA,NA,NA,NA,NA,NA,NA,NA,NA,NA,NA,NA,NA
250,2013,"הזורע","הזורע",32.6430235,35.119371,130.164381626833,250,1,6,3,"temporal_distance == 6",0.675294117647059,FALSE,2013,2102,"הזורע","HAZOREA",1,"יהודי",840,390,440,170,50,130,300,190,0.616712844809904,1362.06016636304,0.226190476190476,41.8
250,2015,"הזורע","הזורע",32.6430235,35.119371,130.164381626833,250,1,6,3,"temporal_distance == 6",0.701670644391408,TRUE,2015,2109,"הזורע","HAZOREA",1,"יהודי",840,390,450,170,60,120,300,200,0.616712844809904,1362.06016636304,0.238095238095238,55
250,2019,"הזורע","הזורע",32.6430235,35.119371,130.164381626833,250,1,6,3,"temporal_distance == 6",0.706349206349206,TRUE,2019,2105,"הזורע","HAZOREA",1,"יהודי",914,435,480,204,61,110,325,214,0.616712844809904,1482.05118101883,0.234135667396061,NA
250,2019,"הזורע","הזורע",32.6430235,35.119371,130.164381626833,250,1,6,3,"temporal_distance == 6",0.701890989988877,TRUE,2019.4,2105,"הזורע","HAZOREA",1,"יהודי",914,435,480,204,61,110,325,214,0.616712844809904,1482.05118101883,0.234135667396061,NA
250,2020,"הזורע","הזורע",32.6430235,35.119371,130.164381626833,250,1,6,3,"temporal_distance == 6",0.67439293598234,TRUE,2020,2113,"הזורע","HAZOREA",1,"יהודי",923,440,481,203,60,114,329,217,0.616712844809904,1496.64468280129,0.23510292524377,NA
250,2021,"הזורע","הזורע",32.6430235,35.119371,130.164381626833,250,1,6,3,"temporal_distance == 6",0.697036223929748,TRUE,2021,2101,"הזורע","HAZOREA",1,"יהודי",933,442,490,208,57,113,336,220,0.616712844809904,1512.8596847818,0.235798499464094,NA
250,2022,"הזורע","הזורע",32.6430235,35.119371,130.164381626833,250,1,6,3,"temporal_distance == 6",0.679389312977099,TRUE,2022,2108,"הזורע","HAZOREA",1,"יהודי",930,439,491,207,60,105,333,223,0.616712844809904,1507.99518418765,0.239784946236559,NA
252,2009,"ביתןאהרן","ביתן אהרן",32.3648685,34.870095,92.3240102358407,252,0,NA,NA,"no_red_alert",0.647482014388489,FALSE,2009,NA,NA,NA,NA,NA,NA,NA,NA,NA,NA,NA,NA,NA,NA,NA,NA,NA
252,2013,"ביתןאהרן","ביתן אהרן",32.3648685,34.870095,92.3240102358407,252,0,NA,NA,"no_red_alert",0.720588235294118,FALSE,2013,2114,"ביתן אהרן","BITAN AHARON",1,"יהודי",380,140,240,30,10,10,50,280,0.429787056418375,884.158781250244,0.736842105263158,63
252,2015,"ביתןאהרן","ביתן אהרן",32.3648685,34.870095,92.3240102358407,252,0,NA,NA,"no_red_alert",0.678832116788321,TRUE,2015,2126,"ביתן אהרן","BITAN AHARON",1,"יהודי",360,130,240,30,10,10,50,260,0.429787056418375,837.624108552863,0.722222222222222,60
252,2019,"ביתןאהרן","ביתן אהרן",32.3648685,34.870095,92.3240102358407,252,0,NA,NA,"no_red_alert",0.761111111111111,TRUE,2019,2115,"ביתן אהרן","BITAN AHARON",1,"יהודי",152,76,76,38,6,10,0,46,0.429787056418375,353.663512500098,0.302631578947368,NA
252,2019,"ביתןאהרן","ביתן אהרן",32.3648685,34.870095,92.3240102358407,252,0,NA,NA,"no_red_alert",0.38860103626943,TRUE,2019.4,2115,"ביתן אהרן","BITAN AHARON",1,"יהודי",152,76,76,38,6,10,0,46,0.429787056418375,353.663512500098,0.302631578947368,NA
252,2020,"ביתןאהרן","ביתן אהרן",32.3648685,34.870095,92.3240102358407,252,0,NA,NA,"no_red_alert",0.36150234741784,TRUE,2020,2124,"ביתן אהרן","BITAN AHARON",1,"יהודי",137,69,49,34,10,0,0,0,0.429787056418375,318.762507977062,0,NA
252,2021,"ביתןאהרן","ביתן אהרן",32.3648685,34.870095,92.3240102358407,252,0,NA,NA,"no_red_alert",0.408071748878924,TRUE,2021,2116,"ביתן אהרן","BITAN AHARON",1,"יהודי",142,72,70,28,9,10,55,39,0.429787056418375,330.396176151407,0.274647887323944,NA
252,2022,"ביתןאהרן","ביתן אהרן",32.3648685,34.870095,92.3240102358407,252,0,NA,NA,"no_red_alert",0.3625,TRUE,2022,2122,"ביתן אהרן","BITAN AHARON",1,"יהודי",167,84,82,38,10,10,72,38,0.429787056418375,388.564517023134,0.227544910179641,NA
254,2009,"כפרהמכבי","כפר המכבי",32.79003,35.1150965,144.782990532755,254,0,NA,NA,"no_red_alert",0.670454545454545,FALSE,2009,NA,NA,NA,NA,NA,NA,NA,NA,NA,NA,NA,NA,NA,NA,NA,NA,NA
254,2013,"כפרהמכבי","כפר המכבי",32.79003,35.1150965,144.782990532755,254,0,NA,NA,"no_red_alert",0.692307692307692,FALSE,2013,2149,"כפר המכבי","KEFAR HAMAKKABBI",1,"יהודי",350,180,180,90,20,40,140,70,0.499426066810446,700.804429843347,0.2,63
254,2015,"כפרהמכבי","כפר המכבי",32.79003,35.1150965,144.782990532755,254,0,NA,NA,"no_red_alert",0.692041522491349,TRUE,2015,2142,"כפר המכבי","KEFAR HAMAKKABBI",1,"יהודי",370,180,190,100,20,40,140,70,0.499426066810446,740.850397262966,0.189189189189189,62
254,2019,"כפרהמכבי","כפר המכבי",32.79003,35.1150965,144.782990532755,254,0,NA,NA,"no_red_alert",0.708196721311475,TRUE,2019,2152,"כפר המכבי","KEFAR HAMAKKABBI",1,"יהודי",386,191,196,105,18,41,153,68,0.499426066810446,772.887171198662,0.176165803108808,NA
254,2019,"כפרהמכבי","כפר המכבי",32.79003,35.1150965,144.782990532755,254,0,NA,NA,"no_red_alert",0.690553745928339,TRUE,2019.4,2152,"כפר המכבי","KEFAR HAMAKKABBI",1,"יהודי",386,191,196,105,18,41,153,68,0.499426066810446,772.887171198662,0.176165803108808,NA
254,2020,"כפרהמכבי","כפר המכבי",32.79003,35.1150965,144.782990532755,254,0,NA,NA,"no_red_alert",0.700325732899023,TRUE,2020,2147,"כפר המכבי","KEFAR HAMAKKABBI",1,"יהודי",402,194,204,107,24,38,161,72,0.499426066810446,804.923945134358,0.17910447761194,NA
254,2021,"כפרהמכבי","כפר המכבי",32.79003,35.1150965,144.782990532755,254,0,NA,NA,"no_red_alert",0.693037974683544,TRUE,2021,2144,"כפר המכבי","KEFAR HAMAKKABBI",1,"יהודי",410,199,211,109,28,34,164,75,0.499426066810446,820.942332102206,0.182926829268293,NA
254,2022,"כפרהמכבי","כפר המכבי",32.79003,35.1150965,144.782990532755,254,0,NA,NA,"no_red_alert",0.727554179566563,TRUE,2022,2141,"כפר המכבי","KEFAR HAMAKKABBI",1,"יהודי",417,202,214,109,36,32,164,76,0.499426066810446,834.958420699073,0.182254196642686,NA
256,2009,"נירדודתלעמל","ניר דוד (תל עמל)",32.503684,35.4575585,135.144726854913,256,1,6,1,"temporal_distance == 6",0.75092936802974,FALSE,2009,NA,NA,NA,NA,NA,NA,NA,NA,NA,NA,NA,NA,NA,NA,NA,NA,NA
256,2013,"נירדודתלעמל","ניר דוד (תל עמל)",32.503684,35.4575585,135.144726854913,256,1,6,1,"temporal_distance == 6",0.773214285714286,FALSE,2013,2172,"ניר דוד (תל עמל)","NIR DAWID (TEL AMAL)",1,"יהודי",640,320,320,150,40,70,260,110,0.879536165492001,727.656263733047,0.171875,45.1666666666667
256,2015,"נירדודתלעמל","ניר דוד (תל עמל)",32.503684,35.4575585,135.144726854913,256,1,6,1,"temporal_distance == 6",0.76949740034662,TRUE,2015,2173,"ניר דוד (תל עמל)","NIR DAWID (TEL AMAL)",1,"יהודי",660,340,330,170,50,70,260,120,0.879536165492001,750.395521974704,0.181818181818182,42.1666666666667
256,2019,"נירדודתלעמל","ניר דוד (תל עמל)",32.503684,35.4575585,135.144726854913,256,1,6,1,"temporal_distance == 6",0.788524590163934,TRUE,2019,2174,"ניר דוד (תל עמל)","NIR DAWID (TEL AMAL)",1,"יהודי",729,366,363,196,48,76,273,136,0.879536165492001,828.845962908424,0.186556927297668,NA
256,2019,"נירדודתלעמל","ניר דוד (תל עמל)",32.503684,35.4575585,135.144726854913,256,1,6,1,"temporal_distance == 6",0.745901639344262,TRUE,2019.4,2174,"ניר דוד (תל עמל)","NIR DAWID (TEL AMAL)",1,"יהודי",729,366,363,196,48,76,273,136,0.879536165492001,828.845962908424,0.186556927297668,NA
256,2020,"נירדודתלעמל","ניר דוד (תל עמל)",32.503684,35.4575585,135.144726854913,256,1,6,1,"temporal_distance == 6",0.760904684975767,TRUE,2020,2171,"ניר דוד (תל עמל)","NIR DAWID (TEL AMAL)",1,"יהודי",739,371,368,197,46,76,278,142,0.879536165492001,840.215592029252,0.192151556156969,NA
256,2021,"נירדודתלעמל","ניר דוד (תל עמל)",32.503684,35.4575585,135.144726854913,256,1,6,1,"temporal_distance == 6",0.7632,TRUE,2021,2170,"ניר דוד (תל עמל)","NIR DAWID (TEL AMAL)",1,"יהודי",743,371,372,198,51,72,283,140,0.879536165492001,844.763443677584,0.18842530282638,NA
256,2022,"נירדודתלעמל","ניר דוד (תל עמל)",32.503684,35.4575585,135.144726854913,256,1,6,1,"temporal_distance == 6",0.719188767550702,TRUE,2022,2177,"ניר דוד (תל עמל)","NIR DAWID (TEL AMAL)",1,"יהודי",770,380,390,207,58,70,292,144,0.879536165492001,875.461442303822,0.187012987012987,NA
259,2009,"שדהנחום","שדה נחום",32.5259385,35.4811185,138.77230656889,259,1,6,2,"temporal_distance == 6",0.657370517928287,FALSE,2009,NA,NA,NA,NA,NA,NA,NA,NA,NA,NA,NA,NA,NA,NA,NA,NA,NA
259,2013,"שדהנחום","שדה נחום",32.5259385,35.4811185,138.77230656889,259,1,6,2,"temporal_distance == 6",0.703448275862069,FALSE,2013,2202,"שדה נחום","SEDE NAHUM",1,"יהודי",480,230,260,150,40,40,180,60,0.341029358571454,1407.50345369291,0.125,40.75
259,2015,"שדהנחום","שדה נחום",32.5259385,35.4811185,138.77230656889,259,1,6,2,"temporal_distance == 6",0.743093922651934,TRUE,2015,2203,"שדה נחום","SEDE NAHUM",1,"יהודי",570,280,290,170,70,50,230,60,0.341029358571454,1671.41035126033,0.105263157894737,38.75
259,2019,"שדהנחום","שדה נחום",32.5259385,35.4811185,138.77230656889,259,1,6,2,"temporal_distance == 6",0.775757575757576,TRUE,2019,2192,"שדה נחום","SEDE NAHUM",1,"יהודי",806,403,403,249,71,91,335,59,0.341029358571454,2363.43288265935,0.0732009925558313,NA
259,2019,"שדהנחום","שדה נחום",32.5259385,35.4811185,138.77230656889,259,1,6,2,"temporal_distance == 6",0.726396917148362,TRUE,2019.4,2192,"שדה נחום","SEDE NAHUM",1,"יהודי",806,403,403,249,71,91,335,59,0.341029358571454,2363.43288265935,0.0732009925558313,NA
259,2020,"שדהנחום","שדה נחום",32.5259385,35.4811185,138.77230656889,259,1,6,2,"temporal_distance == 6",0.728597449908925,TRUE,2020,2197,"שדה נחום","SEDE NAHUM",1,"יהודי",912,451,459,295,71,102,384,0,0.341029358571454,2674.25656201654,0,NA
259,2021,"שדהנחום","שדה נחום",32.5259385,35.4811185,138.77230656889,259,1,6,2,"temporal_distance == 6",0.723051409618574,TRUE,2021,2199,"שדה נחום","SEDE NAHUM",1,"יהודי",992,495,497,309,89,108,418,0,0.341029358571454,2908.84047096535,0,NA
259,2022,"שדהנחום","שדה נחום",32.5259385,35.4811185,138.77230656889,259,1,6,2,"temporal_distance == 6",0.696801112656467,TRUE,2022,2196,"שדה נחום","SEDE NAHUM",1,"יהודי",1078,544,534,333,99,104,462,0,0.341029358571454,3161.01817308533,0,NA
265,2009,"ביתיוסף","בית יוסף",32.559236,35.5507225,145.115473681693,265,1,6,2,"temporal_distance == 6",0.593103448275862,FALSE,2009,NA,NA,NA,NA,NA,NA,NA,NA,NA,NA,NA,NA,NA,NA,NA,NA,NA
265,2013,"ביתיוסף","בית יוסף",32.559236,35.5507225,145.115473681693,265,1,6,2,"temporal_distance == 6",0.560747663551402,FALSE,2013,2246,"בית יוסף","BET YOSEF",1,"יהודי",440,230,200,90,50,80,180,40,1.40778239707508,312.548303568918,0.0909090909090909,24
265,2015,"ביתיוסף","בית יוסף",32.559236,35.5507225,145.115473681693,265,1,6,2,"temporal_distance == 6",0.603715170278638,TRUE,2015,2245,"בית יוסף","BET YOSEF",1,"יהודי",430,240,200,70,50,80,190,40,1.40778239707508,305.444933033261,0.0930232558139535,23
265,2019,"ביתיוסף","בית יוסף",32.559236,35.5507225,145.115473681693,265,1,6,2,"temporal_distance == 6",0.719887955182073,TRUE,2019,2251,"בית יוסף","BET YOSEF",1,"יהודי",481,257,224,108,31,94,194,55,1.40778239707508,341.672122765113,0.114345114345114,NA
265,2019,"ביתיוסף","בית יוסף",32.559236,35.5507225,145.115473681693,265,1,6,2,"temporal_distance == 6",0.669398907103825,TRUE,2019.4,2251,"בית יוסף","BET YOSEF",1,"יהודי",481,257,224,108,31,94,194,55,1.40778239707508,341.672122765113,0.114345114345114,NA
265,2020,"ביתיוסף","בית יוסף",32.559236,35.5507225,145.115473681693,265,1,6,2,"temporal_distance == 6",0.683923705722071,TRUE,2020,2248,"בית יוסף","BET YOSEF",1,"יהודי",485,252,224,110,24,97,199,55,1.40778239707508,344.513470979376,0.11340206185567,NA
265,2021,"ביתיוסף","בית יוסף",32.559236,35.5507225,145.115473681693,265,1,6,2,"temporal_distance == 6",0.581967213114754,TRUE,2021,2250,"בית יוסף","BET YOSEF",1,"יהודי",488,256,232,115,21,93,197,62,1.40778239707508,346.644482140073,0.127049180327869,NA
265,2022,"ביתיוסף","בית יוסף",32.559236,35.5507225,145.115473681693,265,1,6,2,"temporal_distance == 6",0.7289972899729,TRUE,2022,2255,"בית יוסף","BET YOSEF",1,"יהודי",493,256,237,115,24,92,195,66,1.40778239707508,350.196167407901,0.133874239350913,NA
268,2009,"טירתצבי","טירת צבי",32.4209814,35.5277755,132.496160822086,268,1,6,1,"temporal_distance == 6",0.782,FALSE,2009,NA,NA,NA,NA,NA,NA,NA,NA,NA,NA,NA,NA,NA,NA,NA,NA,NA
268,2013,"טירתצבי","טירת צבי",32.4209814,35.5277755,132.496160822086,268,1,6,1,"temporal_distance == 6",0.789473684210526,FALSE,2013,2282,"טירת צבי","TIRAT ZEVI",1,"יהודי",720,370,340,240,30,140,220,80,1.94233563846461,370.687735807159,0.111111111111111,17
268,2015,"טירתצבי","טירת צבי",32.4209814,35.5277755,132.496160822086,268,1,6,1,"temporal_distance == 6",0.797323135755258,TRUE,2015,2278,"טירת צבי","TIRAT ZEVI",1,"יהודי",760,400,360,300,40,110,230,90,1.94233563846461,391.281498907556,0.118421052631579,22
268,2019,"טירתצבי","טירת צבי",32.4209814,35.5277755,132.496160822086,268,1,6,1,"temporal_distance == 6",0.757225433526012,TRUE,2019.4,2276,"טירת צבי","TIRAT ZEVI",1,"יהודי",901,511,390,320,164,83,231,105,1.94233563846461,463.874513836458,0.1165371809101,NA
268,2019,"טירתצבי","טירת צבי",32.4209814,35.5277755,132.496160822086,268,1,6,1,"temporal_distance == 6",0.807692307692308,TRUE,2019,2276,"טירת צבי","TIRAT ZEVI",1,"יהודי",901,511,390,320,164,83,231,105,1.94233563846461,463.874513836458,0.1165371809101,NA
268,2020,"טירתצבי","טירת צבי",32.4209814,35.5277755,132.496160822086,268,1,6,1,"temporal_distance == 6",0.781007751937985,TRUE,2020,2280,"טירת צבי","TIRAT ZEVI",1,"יהודי",923,530,391,353,158,76,227,109,1.94233563846461,475.201083541677,0.118093174431203,NA
268,2021,"טירתצבי","טירת צבי",32.4209814,35.5277755,132.496160822086,268,1,6,1,"temporal_distance == 6",0.77992277992278,TRUE,2021,2281,"טירת צבי","TIRAT ZEVI",1,"יהודי",975,554,421,339,202,79,249,106,1.94233563846461,501.972975572194,0.108717948717949,NA
268,2022,"טירתצבי","טירת צבי",32.4209814,35.5277755,132.496160822086,268,1,6,1,"temporal_distance == 6",0.756227758007117,TRUE,2022,2270,"טירת צבי","TIRAT ZEVI",1,"יהודי",1021,572,449,344,222,90,260,108,1.94233563846461,525.655803137651,0.105778648383937,NA
269,2009,"מולדת","מולדת",32.5871205,35.4399345,141.346771799906,269,1,6,1,"temporal_distance == 6",0.750397456279809,FALSE,2009,NA,NA,NA,NA,NA,NA,NA,NA,NA,NA,NA,NA,NA,NA,NA,NA,NA
269,2013,"מולדת","מולדת",32.5871205,35.4399345,141.346771799906,269,1,6,1,"temporal_distance == 6",0.776785714285714,FALSE,2013,2294,"מולדת","MOLEDET",1,"יהודי",960,470,480,320,70,90,380,100,0.59052868923206,1625.66191533965,0.104166666666667,20
269,2015,"מולדת","מולדת",32.5871205,35.4399345,141.346771799906,269,1,6,1,"temporal_distance == 6",0.802037845705968,TRUE,2015,2287,"מולדת","MOLEDET",1,"יהודי",990,490,500,310,90,90,380,110,0.59052868923206,1676.46385019401,0.111111111111111,25
269,2019,"מולדת","מולדת",32.5871205,35.4399345,141.346771799906,269,1,6,1,"temporal_distance == 6",0.727272727272727,TRUE,2019.4,2286,"מולדת","MOLEDET",1,"יהודי",1068,541,527,299,118,122,407,121,0.59052868923206,1808.54888081536,0.113295880149813,NA
269,2019,"מולדת","מולדת",32.5871205,35.4399345,141.346771799906,269,1,6,1,"temporal_distance == 6",0.782771535580524,TRUE,2019,2286,"מולדת","MOLEDET",1,"יהודי",1068,541,527,299,118,122,407,121,0.59052868923206,1808.54888081536,0.113295880149813,NA
269,2020,"מולדת","מולדת",32.5871205,35.4399345,141.346771799906,269,1,6,1,"temporal_distance == 6",0.73561811505508,TRUE,2020,2292,"מולדת","MOLEDET",1,"יהודי",1088,548,539,289,126,143,412,118,0.59052868923206,1842.41683738493,0.108455882352941,NA
269,2021,"מולדת","מולדת",32.5871205,35.4399345,141.346771799906,269,1,6,1,"temporal_distance == 6",0.719194312796208,TRUE,2021,2283,"מולדת","MOLEDET",1,"יהודי",1096,554,542,282,117,164,410,125,0.59052868923206,1855.96402001276,0.114051094890511,NA
269,2022,"מולדת","מולדת",32.5871205,35.4399345,141.346771799906,269,1,6,1,"temporal_distance == 6",0.685164212910532,TRUE,2022,2288,"מולדת","MOLEDET",1,"יהודי",1082,549,533,263,124,169,401,126,0.59052868923206,1832.25645041406,0.11645101663586,NA
270,2009,"עיןהשופט","עין השופט",32.5939786,35.1019244,124.673854328272,270,1,6,6,"temporal_distance == 6",0.638132295719844,FALSE,2009,NA,NA,NA,NA,NA,NA,NA,NA,NA,NA,NA,NA,NA,NA,NA,NA,NA
270,2013,"עיןהשופט","עין השופט",32.5939786,35.1019244,124.673854328272,270,1,6,6,"temporal_distance == 6",0.641304347826087,FALSE,2013,2302,"עין השופט","EN HASHOFET",1,"יהודי",830,430,400,180,40,140,310,160,0.706451856676064,1174.88543933516,0.192771084337349,38.2
270,2015,"עיןהשופט","עין השופט",32.5939786,35.1019244,124.673854328272,270,1,6,6,"temporal_distance == 6",0.643281807372176,TRUE,2015,2300,"עין השופט","EN HASHOFET",1,"יהודי",820,420,400,170,50,130,300,170,0.706451856676064,1160.73019307811,0.207317073170732,42.8
270,2019,"עיןהשופט","עין השופט",32.5939786,35.1019244,124.673854328272,270,1,6,6,"temporal_distance == 6",0.607101947308133,TRUE,2019,2297,"עין השופט","EN HASHOFET",1,"יהודי",861,451,410,192,47,121,316,184,0.706451856676064,1218.76670273202,0.213704994192799,NA
270,2019,"עיןהשופט","עין השופט",32.5939786,35.1019244,124.673854328272,270,1,6,6,"temporal_distance == 6",0.598863636363636,TRUE,2019.4,2297,"עין השופט","EN HASHOFET",1,"יהודי",861,451,410,192,47,121,316,184,0.706451856676064,1218.76670273202,0.213704994192799,NA
270,2020,"עיןהשופט","עין השופט",32.5939786,35.1019244,124.673854328272,270,1,6,6,"temporal_distance == 6",0.595480225988701,TRUE,2020,2298,"עין השופט","EN HASHOFET",1,"יהודי",836,443,396,185,57,100,308,186,0.706451856676064,1183.37858708939,0.222488038277512,NA
270,2021,"עיןהשופט","עין השופט",32.5939786,35.1019244,124.673854328272,270,1,6,6,"temporal_distance == 6",0.618390804597701,TRUE,2021,2308,"עין השופט","EN HASHOFET",1,"יהודי",882,458,424,197,62,112,326,184,0.706451856676064,1248.49271987183,0.208616780045351,NA
270,2022,"עיןהשופט","עין השופט",32.5939786,35.1019244,124.673854328272,270,1,6,6,"temporal_distance == 6",0.588558855885589,TRUE,2022,2307,"עין השופט","EN HASHOFET",1,"יהודי",864,446,418,188,65,100,323,189,0.706451856676064,1223.01327660914,0.21875,NA
272,2009,"מעוזחיים","מעוז חיים",32.4933954,35.5503535,140.175954083551,272,1,6,1,"temporal_distance == 6",0.646118721461187,FALSE,2009,NA,NA,NA,NA,NA,NA,NA,NA,NA,NA,NA,NA,NA,NA,NA,NA,NA
272,2013,"מעוזחיים","מעוז חיים",32.4933954,35.5503535,140.175954083551,272,1,6,1,"temporal_distance == 6",0.646489104116223,FALSE,2013,2321,"מעוז חיים","MA'OZ HAYYIM",1,"יהודי",430,220,210,80,40,60,160,90,0.46485985451267,925.009969834424,0.209302325581395,38
272,2015,"מעוזחיים","מעוז חיים",32.4933954,35.5503535,140.175954083551,272,1,6,1,"temporal_distance == 6",0.646396396396396,TRUE,2015,2317,"מעוז חיים","MA'OZ HAYYIM",1,"יהודי",460,240,220,80,40,80,160,100,0.46485985451267,989.545549125198,0.217391304347826,43
272,2019,"מעוזחיים","מעוז חיים",32.4933954,35.5503535,140.175954083551,272,1,6,1,"temporal_distance == 6",0.619354838709677,TRUE,2019.4,2311,"מעוז חיים","MA'OZ HAYYIM",1,"יהודי",469,244,225,83,31,73,175,105,0.46485985451267,1008.90622291243,0.223880597014925,NA
272,2019,"מעוזחיים","מעוז חיים",32.4933954,35.5503535,140.175954083551,272,1,6,1,"temporal_distance == 6",0.663793103448276,TRUE,2019,2311,"מעוז חיים","MA'OZ HAYYIM",1,"יהודי",469,244,225,83,31,73,175,105,0.46485985451267,1008.90622291243,0.223880597014925,NA
272,2020,"מעוזחיים","מעוז חיים",32.4933954,35.5503535,140.175954083551,272,1,6,1,"temporal_distance == 6",0.616016427104723,TRUE,2020,2309,"מעוז חיים","MA'OZ HAYYIM",1,"יהודי",488,257,233,94,41,69,179,105,0.46485985451267,1049.77875646325,0.215163934426229,NA
272,2021,"מעוזחיים","מעוז חיים",32.4933954,35.5503535,140.175954083551,272,1,6,1,"temporal_distance == 6",0.606625258799172,TRUE,2021,2315,"מעוז חיים","MA'OZ HAYYIM",1,"יהודי",502,265,237,107,27,76,189,102,0.46485985451267,1079.89536013228,0.203187250996016,NA
272,2022,"מעוזחיים","מעוז חיים",32.4933954,35.5503535,140.175954083551,272,1,6,1,"temporal_distance == 6",0.607214428857715,TRUE,2022,2313,"מעוז חיים","MA'OZ HAYYIM",1,"יהודי",505,261,244,105,26,79,191,103,0.46485985451267,1086.34891806136,0.203960396039604,NA
276,2009,"צורמשה","צור משה",32.2957995,34.9133309,86.7376037321754,276,1,227,5,"temporal_distance > 200",0.80437756497948,FALSE,2009,NA,NA,NA,NA,NA,NA,NA,NA,NA,NA,NA,NA,NA,NA,NA,NA,NA
276,2013,"צורמשה","צור משה",32.2957995,34.9133309,86.7376037321754,276,1,227,5,"temporal_distance > 200",0.808433734939759,FALSE,2013,2350,"צור משה","ZUR MOSHE",1,"יהודי",3310,1720,1590,1170,200,200,1470,280,2.05243772336851,1612.7164114717,0.0845921450151057,63
276,2015,"צורמשה","צור משה",32.2957995,34.9133309,86.7376037321754,276,1,227,5,"temporal_distance > 200",0.795481569560048,TRUE,2015,2359,"צור משה","ZUR MOSHE",1,"יהודי",3110,1600,1510,1120,250,220,1310,220,2.05243772336851,1515.27131108066,0.0707395498392283,62.25
276,2019,"צורמשה","צור משה",32.2957995,34.9133309,86.7376037321754,276,1,227,5,"temporal_distance > 200",0.779484366428963,TRUE,2019,2358,"צור משה","ZUR MOSHE",1,"יהודי",3291,1712,1579,908,372,292,1389,329,2.05243772336851,1603.45912693455,0.099969614099058,NA
276,2019,"צורמשה","צור משה",32.2957995,34.9133309,86.7376037321754,276,1,227,5,"temporal_distance > 200",0.783060109289617,TRUE,2019.4,2358,"צור משה","ZUR MOSHE",1,"יהודי",3291,1712,1579,908,372,292,1389,329,2.05243772336851,1603.45912693455,0.099969614099058,NA
276,2020,"צורמשה","צור משה",32.2957995,34.9133309,86.7376037321754,276,1,227,5,"temporal_distance > 200",0.772629310344828,TRUE,2020,2360,"צור משה","ZUR MOSHE",1,"יהודי",3312,1726,1585,865,397,318,1389,343,2.05243772336851,1613.69086247561,0.103562801932367,NA
276,2021,"צורמשה","צור משה",32.2957995,34.9133309,86.7376037321754,276,1,227,5,"temporal_distance > 200",0.766929133858268,TRUE,2021,2348,"צור משה","ZUR MOSHE",1,"יהודי",3264,1702,1562,804,411,344,1376,330,2.05243772336851,1590.30403838176,0.101102941176471,NA
276,2022,"צורמשה","צור משה",32.2957995,34.9133309,86.7376037321754,276,1,227,5,"temporal_distance > 200",0.751906456532791,TRUE,2022,2351,"צור משה","ZUR MOSHE",1,"יהודי",3253,1685,1567,741,428,382,1374,328,2.05243772336851,1584.94455786025,0.100830003074085,NA
278,2009,"אושה","אושה",32.795807,35.113886,145.354932150791,278,0,NA,NA,"no_red_alert",0.654320987654321,FALSE,2009,NA,NA,NA,NA,NA,NA,NA,NA,NA,NA,NA,NA,NA,NA,NA,NA,NA
278,2013,"אושה","אושה",32.795807,35.113886,145.354932150791,278,0,NA,NA,"no_red_alert",0.688427299703264,FALSE,2013,2366,"אושה","USHA",1,"יהודי",450,220,230,80,30,60,180,100,0.306711044452318,1467.17898862608,0.222222222222222,63
278,2015,"אושה","אושה",32.795807,35.113886,145.354932150791,278,0,NA,NA,"no_red_alert",0.723032069970845,TRUE,2015,2369,"אושה","USHA",1,"יהודי",460,230,230,90,30,50,200,90,0.306711044452318,1499.7829661511,0.195652173913043,62.25
278,2019,"אושה","אושה",32.795807,35.113886,145.354932150791,278,0,NA,NA,"no_red_alert",0.699731903485255,TRUE,2019.4,2372,"אושה","USHA",1,"יהודי",533,274,260,134,24,60,220,95,0.306711044452318,1737.79200208378,0.178236397748593,NA
278,2019,"אושה","אושה",32.795807,35.113886,145.354932150791,278,0,NA,NA,"no_red_alert",0.741046831955923,TRUE,2019,2372,"אושה","USHA",1,"יהודי",533,274,260,134,24,60,220,95,0.306711044452318,1737.79200208378,0.178236397748593,NA
278,2020,"אושה","אושה",32.795807,35.113886,145.354932150791,278,0,NA,NA,"no_red_alert",0.706521739130435,TRUE,2020,2361,"אושה","USHA",1,"יהודי",556,283,270,145,25,58,228,100,0.306711044452318,1812.78115039133,0.179856115107914,NA
278,2021,"אושה","אושה",32.795807,35.113886,145.354932150791,278,0,NA,NA,"no_red_alert",0.722513089005236,TRUE,2021,2370,"אושה","USHA",1,"יהודי",588,300,289,164,26,56,245,99,0.306711044452318,1917.11387847141,0.168367346938776,NA
278,2022,"אושה","אושה",32.795807,35.113886,145.354932150791,278,0,NA,NA,"no_red_alert",0.71712158808933,TRUE,2022,2373,"אושה","USHA",1,"יהודי",628,322,306,186,24,53,264,100,0.306711044452318,2047.5297885715,0.159235668789809,NA
284,2009,"שדהורבורג","שדה ורבורג",32.20704,34.90421,77.8084993331871,284,1,227,5,"temporal_distance > 200",0.773609314359638,FALSE,2009,NA,NA,NA,NA,NA,NA,NA,NA,NA,NA,NA,NA,NA,NA,NA,NA,NA
284,2013,"שדהורבורג","שדה ורבורג",32.20704,34.90421,77.8084993331871,284,1,227,5,"temporal_distance > 200",0.802950474183351,FALSE,2013,2418,"שדה ורבורג","SEDE WARBURG",1,"יהודי",1470,740,730,470,90,120,650,150,1.17340974318462,1252.7593268575,0.102040816326531,63
284,2015,"שדהורבורג","שדה ורבורג",32.20704,34.90421,77.8084993331871,284,1,227,5,"temporal_distance > 200",0.811640211640212,TRUE,2015,2422,"שדה ורבורג","SEDE WARBURG",1,"יהודי",1480,760,730,430,130,130,630,170,1.17340974318462,1261.28149914905,0.114864864864865,62
284,2019,"שדהורבורג","שדה ורבורג",32.20704,34.90421,77.8084993331871,284,1,227,5,"temporal_distance > 200",0.789847715736041,TRUE,2019,2425,"שדה ורבורג","SEDE WARBURG",1,"יהודי",1478,752,726,387,146,144,610,191,1.17340974318462,1259.57706469074,0.129228687415426,NA
284,2019,"שדהורבורג","שדה ורבורג",32.20704,34.90421,77.8084993331871,284,1,227,5,"temporal_distance > 200",0.742,TRUE,2019.4,2425,"שדה ורבורג","SEDE WARBURG",1,"יהודי",1478,752,726,387,146,144,610,191,1.17340974318462,1259.57706469074,0.129228687415426,NA
284,2020,"שדהורבורג","שדה ורבורג",32.20704,34.90421,77.8084993331871,284,1,227,5,"temporal_distance > 200",0.734468937875752,TRUE,2020,2415,"שדה ורבורג","SEDE WARBURG",1,"יהודי",1442,732,711,362,140,155,591,194,1.17340974318462,1228.89724444117,0.134535367545076,NA
284,2021,"שדהורבורג","שדה ורבורג",32.20704,34.90421,77.8084993331871,284,1,227,5,"temporal_distance > 200",0.756513026052104,TRUE,2021,2414,"שדה ורבורג","SEDE WARBURG",1,"יהודי",1436,716,720,343,151,152,588,201,1.17340974318462,1223.78394106624,0.139972144846797,NA
284,2022,"שדהורבורג","שדה ורבורג",32.20704,34.90421,77.8084993331871,284,1,227,5,"temporal_distance > 200",0.723258096172718,TRUE,2022,2424,"שדה ורבורג","SEDE WARBURG",1,"יהודי",1411,705,707,321,144,171,570,206,1.17340974318462,1202.47851033737,0.145995747696669,NA
285,2009,"אלונים","אלונים",32.7199675,35.144898,137.985404622806,285,0,NA,NA,"no_red_alert",0.7,FALSE,2009,NA,NA,NA,NA,NA,NA,NA,NA,NA,NA,NA,NA,NA,NA,NA,NA,NA
285,2013,"אלונים","אלונים",32.7199675,35.144898,137.985404622806,285,0,NA,NA,"no_red_alert",0.762278978388998,FALSE,2013,2430,"אלונים","ALLONIM",1,"יהודי",480,240,240,90,20,80,200,90,2.7881374048505,172.157942849211,0.1875,62
285,2015,"אלונים","אלונים",32.7199675,35.144898,137.985404622806,285,0,NA,NA,"no_red_alert",0.789168278529981,TRUE,2015,2426,"אלונים","ALLONIM",1,"יהודי",470,240,230,100,20,50,210,90,2.7881374048505,168.571319039853,0.191489361702128,58
285,2019,"אלונים","אלונים",32.7199675,35.144898,137.985404622806,285,0,NA,NA,"no_red_alert",0.773879142300195,TRUE,2019,2434,"אלונים","ALLONIM",1,"יהודי",515,254,261,144,27,37,200,0,2.7881374048505,184.711126181966,0,NA
285,2019,"אלונים","אלונים",32.7199675,35.144898,137.985404622806,285,0,NA,NA,"no_red_alert",0.781496062992126,TRUE,2019.4,2434,"אלונים","ALLONIM",1,"יהודי",515,254,261,144,27,37,200,0,2.7881374048505,184.711126181966,0,NA
285,2020,"אלונים","אלונים",32.7199675,35.144898,137.985404622806,285,0,NA,NA,"no_red_alert",0.735812133072407,TRUE,2020,2432,"אלונים","ALLONIM",1,"יהודי",525,262,262,163,21,38,198,105,2.7881374048505,188.297749991325,0.2,NA
285,2021,"אלונים","אלונים",32.7199675,35.144898,137.985404622806,285,0,NA,NA,"no_red_alert",0.783464566929134,TRUE,2021,2436,"אלונים","ALLONIM",1,"יהודי",548,275,273,177,17,32,210,113,2.7881374048505,196.546984752849,0.206204379562044,NA
285,2022,"אלונים","אלונים",32.7199675,35.144898,137.985404622806,285,0,NA,NA,"no_red_alert",0.758157389635317,TRUE,2022,2433,"אלונים","ALLONIM",1,"יהודי",552,278,274,171,23,33,211,114,2.7881374048505,197.981634276593,0.206521739130435,NA
287,2009,"תליצחק","תל יצחק",32.2527169,34.869547,80.907915633692,287,1,227,5,"temporal_distance > 200",0.82018927444795,FALSE,2009,NA,NA,NA,NA,NA,NA,NA,NA,NA,NA,NA,NA,NA,NA,NA,NA,NA
287,2013,"תליצחק","תל יצחק",32.2527169,34.869547,80.907915633692,287,1,227,5,"temporal_distance > 200",0.832831325301205,FALSE,2013,2461,"תל יצחק","TEL YIZHAQ",1,"יהודי",970,480,490,130,170,40,160,480,0.428121002084631,2265.71458834494,0.494845360824742,63
287,2015,"תליצחק","תל יצחק",32.2527169,34.869547,80.907915633692,287,1,227,5,"temporal_distance > 200",0.845925925925926,TRUE,2015,2454,"תל יצחק","TEL YIZHAQ",1,"יהודי",1020,510,510,170,170,50,160,480,0.428121002084631,2382.50400011529,0.470588235294118,62.5
287,2019,"תליצחק","תל יצחק",32.2527169,34.869547,80.907915633692,287,1,227,5,"temporal_distance > 200",0.819018404907976,TRUE,2019.4,2463,"תל יצחק","TEL YIZHAQ",1,"יהודי",1021,472,549,170,203,37,179,431,0.428121002084631,2384.8397883507,0.422135161606268,NA
287,2019,"תליצחק","תל יצחק",32.2527169,34.869547,80.907915633692,287,1,227,5,"temporal_distance > 200",0.81447963800905,TRUE,2019,2463,"תל יצחק","TEL YIZHAQ",1,"יהודי",1021,472,549,170,203,37,179,431,0.428121002084631,2384.8397883507,0.422135161606268,NA
287,2020,"תליצחק","תל יצחק",32.2527169,34.869547,80.907915633692,287,1,227,5,"temporal_distance > 200",0.807339449541284,TRUE,2020,2462,"תל יצחק","TEL YIZHAQ",1,"יהודי",803,338,462,129,24,32,168,450,0.428121002084631,1875.63795303194,0.560398505603985,NA
287,2021,"תליצחק","תל יצחק",32.2527169,34.869547,80.907915633692,287,1,227,5,"temporal_distance > 200",0.326687116564417,TRUE,2021,2464,"תל יצחק","TEL YIZHAQ",1,"יהודי",823,343,479,132,27,31,174,458,0.428121002084631,1922.35371774008,0.556500607533414,NA
287,2022,"תליצחק","תל יצחק",32.2527169,34.869547,80.907915633692,287,1,227,5,"temporal_distance > 200",0.335285505124451,TRUE,2022,2460,"תל יצחק","TEL YIZHAQ",1,"יהודי",834,354,479,137,28,34,184,450,0.428121002084631,1948.04738832956,0.539568345323741,NA
288,2009,"ביתיהושע","בית יהושע",32.26148,34.8669499,81.2507463604101,288,1,227,5,"temporal_distance > 200",0.811224489795918,FALSE,2009,NA,NA,NA,NA,NA,NA,NA,NA,NA,NA,NA,NA,NA,NA,NA,NA,NA
288,2013,"ביתיהושע","בית יהושע",32.26148,34.8669499,81.2507463604101,288,1,227,5,"temporal_distance > 200",0.795384615384615,FALSE,2013,2468,"בית יהושע","BET YEHOSHUA",1,"יהודי",1010,480,530,350,60,70,450,80,1.22435874630292,824.921619623169,0.0792079207920792,63
288,2015,"ביתיהושע","בית יהושע",32.26148,34.8669499,81.2507463604101,288,1,227,5,"temporal_distance > 200",0.801815431164902,TRUE,2015,2469,"בית יהושע","BET YEHOSHUA",1,"יהודי",1060,510,550,360,80,60,460,90,1.22435874630292,865.759323564911,0.0849056603773585,63
288,2019,"ביתיהושע","בית יהושע",32.26148,34.8669499,81.2507463604101,288,1,227,5,"temporal_distance > 200",0.766759776536313,TRUE,2019,2477,"בית יהושע","BET YEHOSHUA",1,"יהודי",1046,509,537,304,104,89,432,117,1.22435874630292,854.324766461223,0.111854684512428,NA
288,2019,"ביתיהושע","בית יהושע",32.26148,34.8669499,81.2507463604101,288,1,227,5,"temporal_distance > 200",0.752112676056338,TRUE,2019.4,2477,"בית יהושע","BET YEHOSHUA",1,"יהודי",1046,509,537,304,104,89,432,117,1.22435874630292,854.324766461223,0.111854684512428,NA
288,2020,"ביתיהושע","בית יהושע",32.26148,34.8669499,81.2507463604101,288,1,227,5,"temporal_distance > 200",0.751753155680224,TRUE,2020,2473,"בית יהושע","BET YEHOSHUA",1,"יהודי",1079,530,545,295,98,114,450,122,1.22435874630292,881.277651062772,0.11306765523633,NA
288,2021,"ביתיהושע","בית יהושע",32.26148,34.8669499,81.2507463604101,288,1,227,5,"temporal_distance > 200",0.756291390728477,TRUE,2021,2476,"בית יהושע","BET YEHOSHUA",1,"יהודי",1118,537,581,299,106,123,461,131,1.22435874630292,913.13106013733,0.117173524150268,NA
288,2022,"ביתיהושע","בית יהושע",32.26148,34.8669499,81.2507463604101,288,1,227,5,"temporal_distance > 200",0.733921815889029,TRUE,2022,2471,"בית יהושע","BET YEHOSHUA",1,"יהודי",1117,539,578,291,113,117,464,130,1.22435874630292,912.314306058495,0.116383169203223,NA
290,2009,"מעיןצבי","מעין צבי",32.5668855,34.940559,115.644929637392,290,1,232,3,"temporal_distance > 200",0.675324675324675,FALSE,2009,NA,NA,NA,NA,NA,NA,NA,NA,NA,NA,NA,NA,NA,NA,NA,NA,NA
290,2013,"מעיןצבי","מעין צבי",32.5668855,34.940559,115.644929637392,290,1,232,3,"temporal_distance > 200",0.71356783919598,FALSE,2013,2502,"מעיין צבי","MA'YAN ZEVI",1,"יהודי",620,290,330,140,30,70,270,110,0.166231928100748,3729.7287415462,0.17741935483871,63
290,2015,"מעיןצבי","מעין צבי",32.5668855,34.940559,115.644929637392,290,1,232,3,"temporal_distance > 200",0.719155844155844,TRUE,2015,2496,"מעיין צבי","MA'YAN ZEVI",1,"יהודי",680,310,370,170,40,70,280,120,0.166231928100748,4090.67023266357,0.176470588235294,60.5
290,2019,"מעיןצבי","מעין צבי",32.5668855,34.940559,115.644929637392,290,1,232,3,"temporal_distance > 200",0.731054977711738,TRUE,2019.4,2501,"מעיין צבי","MA'YAN ZEVI",1,"יהודי",749,348,401,196,45,70,291,149,0.166231928100748,4505.75294744855,0.198931909212283,NA
290,2019,"מעיןצבי","מעין צבי",32.5668855,34.940559,115.644929637392,290,1,232,3,"temporal_distance > 200",0.716440422322775,TRUE,2019,2501,"מעיין צבי","MA'YAN ZEVI",1,"יהודי",749,348,401,196,45,70,291,149,0.166231928100748,4505.75294744855,0.198931909212283,NA
290,2020,"מעיןצבי","מעין צבי",32.5668855,34.940559,115.644929637392,290,1,232,3,"temporal_distance > 200",0.720059880239521,TRUE,2020,2499,"מעיין צבי","MA'YAN ZEVI",1,"יהודי",743,341,400,184,44,72,292,151,0.166231928100748,4469.65879833682,0.203230148048452,NA
290,2021,"מעיןצבי","מעין צבי",32.5668855,34.940559,115.644929637392,290,1,232,3,"temporal_distance > 200",0.70414201183432,TRUE,2021,2498,"מעיין צבי","MA'YAN ZEVI",1,"יהודי",762,353,409,186,53,69,298,156,0.166231928100748,4583.95693719065,0.204724409448819,NA
290,2022,"מעיןצבי","מעין צבי",32.5668855,34.940559,115.644929637392,290,1,232,3,"temporal_distance > 200",0.704678362573099,TRUE,2022,2492,"מעיין צבי","MA'YAN ZEVI",1,"יהודי",750,349,401,172,62,64,294,160,0.166231928100748,4511.76863896718,0.213333333333333,NA
295,2009,"כפררופין","כפר רופין",32.457696,35.5567319,136.679561477824,295,1,6,2,"temporal_distance == 6",0.675949367088608,FALSE,2009,NA,NA,NA,NA,NA,NA,NA,NA,NA,NA,NA,NA,NA,NA,NA,NA,NA
295,2013,"כפררופין","כפר רופין",32.457696,35.5567319,136.679561477824,295,1,6,2,"temporal_distance == 6",0.675,FALSE,2013,2552,"כפר רופין","KEFAR RUPPIN",1,"יהודי",430,210,220,100,30,60,180,50,2.01395502728906,213.510229460691,0.116279069767442,14
295,2015,"כפררופין","כפר רופין",32.457696,35.5567319,136.679561477824,295,1,6,2,"temporal_distance == 6",0.676767676767677,TRUE,2015,2549,"כפר רופין","KEFAR RUPPIN",1,"יהודי",400,200,200,90,30,60,170,70,2.01395502728906,198.614166940178,0.175,14.5
295,2019,"כפררופין","כפר רופין",32.457696,35.5567319,136.679561477824,295,1,6,2,"temporal_distance == 6",0.657963446475196,TRUE,2019.4,2548,"כפר רופין","KEFAR RUPPIN",1,"יהודי",531,262,269,148,74,54,186,0,2.01395502728906,263.660306613086,0,NA
295,2019,"כפררופין","כפר רופין",32.457696,35.5567319,136.679561477824,295,1,6,2,"temporal_distance == 6",0.696891191709845,TRUE,2019,2548,"כפר רופין","KEFAR RUPPIN",1,"יהודי",531,262,269,148,74,54,186,0,2.01395502728906,263.660306613086,0,NA
295,2020,"כפררופין","כפר רופין",32.457696,35.5567319,136.679561477824,295,1,6,2,"temporal_distance == 6",0.66751269035533,TRUE,2020,2551,"כפר רופין","KEFAR RUPPIN",1,"יהודי",534,269,258,134,96,48,180,0,2.01395502728906,265.149912865137,0,NA
295,2021,"כפררופין","כפר רופין",32.457696,35.5567319,136.679561477824,295,1,6,2,"temporal_distance == 6",0.71,TRUE,2021,2547,"כפר רופין","KEFAR RUPPIN",1,"יהודי",526,266,260,129,95,50,176,0,2.01395502728906,261.177629526334,0,NA
295,2022,"כפררופין","כפר רופין",32.457696,35.5567319,136.679561477824,295,1,6,2,"temporal_distance == 6",0.680798004987531,TRUE,2022,2545,"כפר רופין","KEFAR RUPPIN",1,"יהודי",546,271,275,140,92,54,181,0,2.01395502728906,271.108337873342,0,NA
296,2009,"נווהאיתן","נווה איתן",32.491369,35.5326065,139.002715166582,296,1,6,2,"temporal_distance == 6",0.655813953488372,FALSE,2009,NA,NA,NA,NA,NA,NA,NA,NA,NA,NA,NA,NA,NA,NA,NA,NA,NA
296,2013,"נווהאיתן","נווה איתן",32.491369,35.5326065,139.002715166582,296,1,6,2,"temporal_distance == 6",0.627358490566038,FALSE,2013,2567,"נווה איתן","NEWE ETAN",1,"יהודי",330,160,170,60,20,60,120,60,0.368207250152819,896.234389363702,0.181818181818182,37
296,2015,"נווהאיתן","נווה איתן",32.491369,35.5326065,139.002715166582,296,1,6,2,"temporal_distance == 6",0.615720524017467,TRUE,2015,2566,"נווה איתן","NEWE ETAN",1,"יהודי",320,170,160,50,20,70,110,70,0.368207250152819,869.075771504196,0.21875,49
296,2019,"נווהאיתן","נווה איתן",32.491369,35.5326065,139.002715166582,296,1,6,2,"temporal_distance == 6",0.648936170212766,TRUE,2019,2562,"נווה איתן","NEWE ETAN",1,"יהודי",311,172,139,66,14,42,113,77,0.368207250152819,844.633015430641,0.247588424437299,NA
296,2019,"נווהאיתן","נווה איתן",32.491369,35.5326065,139.002715166582,296,1,6,2,"temporal_distance == 6",0.629032258064516,TRUE,2019.4,2562,"נווה איתן","NEWE ETAN",1,"יהודי",311,172,139,66,14,42,113,77,0.368207250152819,844.633015430641,0.247588424437299,NA
296,2020,"נווהאיתן","נווה איתן",32.491369,35.5326065,139.002715166582,296,1,6,2,"temporal_distance == 6",0.654450261780105,TRUE,2020,2557,"נווה איתן","NEWE ETAN",1,"יהודי",303,164,135,62,16,36,112,77,0.368207250152819,822.906121143036,0.254125412541254,NA
296,2021,"נווהאיתן","נווה איתן",32.491369,35.5326065,139.002715166582,296,1,6,2,"temporal_distance == 6",0.58695652173913,TRUE,2021,2559,"נווה איתן","NEWE ETAN",1,"יהודי",307,173,134,61,15,41,120,72,0.368207250152819,833.769568286838,0.234527687296417,NA
296,2022,"נווהאיתן","נווה איתן",32.491369,35.5326065,139.002715166582,296,1,6,2,"temporal_distance == 6",0.626315789473684,TRUE,2022,2560,"נווה איתן","NEWE ETAN",1,"יהודי",308,168,140,66,15,39,118,69,0.368207250152819,836.485430072789,0.224025974025974,NA
298,2009,"מסילות","מסילות",32.4949335,35.4748406,135.624398710676,298,1,6,1,"temporal_distance == 6",0.607802874743327,FALSE,2009,NA,NA,NA,NA,NA,NA,NA,NA,NA,NA,NA,NA,NA,NA,NA,NA,NA
298,2013,"מסילות","מסילות",32.4949335,35.4748406,135.624398710676,298,1,6,1,"temporal_distance == 6",0.644067796610169,FALSE,2013,2585,"מסילות","MESILLOT",1,"יהודי",460,230,230,70,30,70,170,110,0.49443733187141,930.350461723698,0.239130434782609,56.75
298,2015,"מסילות","מסילות",32.4949335,35.4748406,135.624398710676,298,1,6,1,"temporal_distance == 6",0.671081677704194,TRUE,2015,2587,"מסילות","MESILLOT",1,"יהודי",430,220,220,70,20,60,160,120,0.49443733187141,869.675431611283,0.27906976744186,55.5
298,2019,"מסילות","מסילות",32.4949335,35.4748406,135.624398710676,298,1,6,1,"temporal_distance == 6",0.658256880733945,TRUE,2019.4,2591,"מסילות","MESILLOT",1,"יהודי",433,215,217,84,9,43,166,130,0.49443733187141,875.742934622525,0.300230946882217,NA
298,2019,"מסילות","מסילות",32.4949335,35.4748406,135.624398710676,298,1,6,1,"temporal_distance == 6",0.666666666666667,TRUE,2019,2591,"מסילות","MESILLOT",1,"יהודי",433,215,217,84,9,43,166,130,0.49443733187141,875.742934622525,0.300230946882217,NA
298,2020,"מסילות","מסילות",32.4949335,35.4748406,135.624398710676,298,1,6,1,"temporal_distance == 6",0.646511627906977,TRUE,2020,2583,"מסילות","MESILLOT",1,"יהודי",444,218,227,94,7,44,171,128,0.49443733187141,897.990445663744,0.288288288288288,NA
298,2021,"מסילות","מסילות",32.4949335,35.4748406,135.624398710676,298,1,6,1,"temporal_distance == 6",0.645977011494253,TRUE,2021,2586,"מסילות","MESILLOT",1,"יהודי",463,224,239,112,7,37,180,128,0.49443733187141,936.41796473494,0.27645788336933,NA
298,2022,"מסילות","מסילות",32.4949335,35.4748406,135.624398710676,298,1,6,1,"temporal_distance == 6",0.643020594965675,TRUE,2022,2588,"מסילות","MESILLOT",1,"יהודי",484,235,249,133,5,31,191,123,0.49443733187141,978.89048581363,0.254132231404959,NA
300,2009,"דליה","דליה",32.5895405,35.0739136,122.736831504219,300,1,6,3,"temporal_distance == 6",0.721556886227545,FALSE,2009,NA,NA,NA,NA,NA,NA,NA,NA,NA,NA,NA,NA,NA,NA,NA,NA,NA
300,2013,"דליה","דליה",32.5895405,35.0739136,122.736831504219,300,1,6,3,"temporal_distance == 6",0.734328358208955,FALSE,2013,2604,"דלייה","DALIYYA",1,"יהודי",770,360,410,180,20,100,310,160,0.58644072556131,1313.00567378399,0.207792207792208,32.5
300,2015,"דליה","דליה",32.5895405,35.0739136,122.736831504219,300,1,6,3,"temporal_distance == 6",0.77910447761194,TRUE,2015,2605,"דלייה","DALIYYA",1,"יהודי",790,370,430,200,30,80,310,170,0.58644072556131,1347.1097172589,0.215189873417722,42.1666666666667
300,2019,"דליה","דליה",32.5895405,35.0739136,122.736831504219,300,1,6,3,"temporal_distance == 6",0.729646697388633,TRUE,2019.4,2595,"דלייה","DALIYYA",1,"יהודי",815,388,428,216,45,66,311,178,0.58644072556131,1389.73977160253,0.21840490797546,NA
300,2019,"דליה","דליה",32.5895405,35.0739136,122.736831504219,300,1,6,3,"temporal_distance == 6",0.756838905775076,TRUE,2019,2595,"דלייה","DALIYYA",1,"יהודי",815,388,428,216,45,66,311,178,0.58644072556131,1389.73977160253,0.21840490797546,NA
300,2020,"דליה","דליה",32.5895405,35.0739136,122.736831504219,300,1,6,3,"temporal_distance == 6",0.754545454545455,TRUE,2020,2607,"דלייה","DALIYYA",1,"יהודי",845,403,444,226,50,67,315,187,0.58644072556131,1440.8958368149,0.221301775147929,NA
300,2021,"דליה","דליה",32.5895405,35.0739136,122.736831504219,300,1,6,3,"temporal_distance == 6",0.756676557863502,TRUE,2021,2598,"דלייה","DALIYYA",1,"יהודי",844,401,443,220,54,69,315,187,0.58644072556131,1439.19063464115,0.221563981042654,NA
300,2022,"דליה","דליה",32.5895405,35.0739136,122.736831504219,300,1,6,3,"temporal_distance == 6",0.72463768115942,TRUE,2022,2600,"דלייה","DALIYYA",1,"יהודי",870,417,453,233,61,58,328,190,0.58644072556131,1483.52589115853,0.218390804597701,NA
304,2009,"שדהאליהו","שדה אליהו",32.440773,35.5137175,133.168916997621,304,1,6,1,"temporal_distance == 6",0.672131147540984,FALSE,2009,NA,NA,NA,NA,NA,NA,NA,NA,NA,NA,NA,NA,NA,NA,NA,NA,NA
304,2013,"שדהאליהו","שדה אליהו",32.440773,35.5137175,133.168916997621,304,1,6,1,"temporal_distance == 6",0.65546218487395,FALSE,2013,2650,"שדה אליהו","SEDE ELIYYAHU",1,"יהודי",700,370,330,190,60,160,210,80,1.14867630560388,609.397091752494,0.114285714285714,35
304,2015,"שדהאליהו","שדה אליהו",32.440773,35.5137175,133.168916997621,304,1,6,1,"temporal_distance == 6",0.661616161616162,TRUE,2015,2654,"שדה אליהו","SEDE ELIYYAHU",1,"יהודי",690,360,320,180,50,150,210,100,1.14867630560388,600.691419013172,0.144927536231884,35
304,2019,"שדהאליהו","שדה אליהו",32.440773,35.5137175,133.168916997621,304,1,6,1,"temporal_distance == 6",0.578861788617886,TRUE,2019.4,2659,"שדה אליהו","SEDE ELIYYAHU",1,"יהודי",691,362,329,194,46,157,197,97,1.14867630560388,601.561986287104,0.140376266280753,NA
304,2019,"שדהאליהו","שדה אליהו",32.440773,35.5137175,133.168916997621,304,1,6,1,"temporal_distance == 6",0.653721682847896,TRUE,2019,2659,"שדה אליהו","SEDE ELIYYAHU",1,"יהודי",691,362,329,194,46,157,197,97,1.14867630560388,601.561986287104,0.140376266280753,NA
304,2020,"שדהאליהו","שדה אליהו",32.440773,35.5137175,133.168916997621,304,1,6,1,"temporal_distance == 6",0.614886731391586,TRUE,2020,2656,"שדה אליהו","SEDE ELIYYAHU",1,"יהודי",704,365,338,199,50,149,207,99,1.14867630560388,612.879360848222,0.140625,NA
304,2021,"שדהאליהו","שדה אליהו",32.440773,35.5137175,133.168916997621,304,1,6,1,"temporal_distance == 6",0.615863141524106,TRUE,2021,2649,"שדה אליהו","SEDE ELIYYAHU",1,"יהודי",694,354,340,193,54,150,202,96,1.14867630560388,604.173688108901,0.138328530259366,NA
304,2022,"שדהאליהו","שדה אליהו",32.440773,35.5137175,133.168916997621,304,1,6,1,"temporal_distance == 6",0.612307692307692,TRUE,2022,2657,"שדה אליהו","SEDE ELIYYAHU",1,"יהודי",703,349,353,204,50,152,201,96,1.14867630560388,612.00879357429,0.136557610241821,NA
310,2009,"כפרגליקסון","כפר גליקסון",32.5056829,35.0049105,111.693356657192,310,1,232,4,"temporal_distance > 200",0.697416974169742,FALSE,2009,NA,NA,NA,NA,NA,NA,NA,NA,NA,NA,NA,NA,NA,NA,NA,NA,NA
310,2013,"כפרגליקסון","כפר גליקסון",32.5056829,35.0049105,111.693356657192,310,1,232,4,"temporal_distance > 200",0.722433460076046,FALSE,2013,2736,"כפר גליקסון","KEFAR GLIKSON",1,"יהודי",280,140,140,60,10,40,120,50,0.352537296132406,794.242206631204,0.178571428571429,56.75
310,2015,"כפרגליקסון","כפר גליקסון",32.5056829,35.0049105,111.693356657192,310,1,232,4,"temporal_distance > 200",0.746153846153846,TRUE,2015,2730,"כפר גליקסון","KEFAR GLIKSON",1,"יהודי",270,140,130,70,10,30,120,50,0.352537296132406,765.876413537232,0.185185185185185,53.25
310,2019,"כפרגליקסון","כפר גליקסון",32.5056829,35.0049105,111.693356657192,310,1,232,4,"temporal_distance > 200",0.75886524822695,TRUE,2019.4,2725,"כפר גליקסון","KEFAR GLIKSON",1,"יהודי",338,171,168,102,15,19,145,0,0.352537296132406,958.763806576239,0,NA
310,2019,"כפרגליקסון","כפר גליקסון",32.5056829,35.0049105,111.693356657192,310,1,232,4,"temporal_distance > 200",0.767025089605735,TRUE,2019,2725,"כפר גליקסון","KEFAR GLIKSON",1,"יהודי",338,171,168,102,15,19,145,0,0.352537296132406,958.763806576239,0,NA
310,2020,"כפרגליקסון","כפר גליקסון",32.5056829,35.0049105,111.693356657192,310,1,232,4,"temporal_distance > 200",0.753521126760563,TRUE,2020,2729,"כפר גליקסון","KEFAR GLIKSON",1,"יהודי",350,171,176,111,16,17,150,0,0.352537296132406,992.802758289005,0,NA
310,2021,"כפרגליקסון","כפר גליקסון",32.5056829,35.0049105,111.693356657192,310,1,232,4,"temporal_distance > 200",0.766550522648084,TRUE,2021,2726,"כפר גליקסון","KEFAR GLIKSON",1,"יהודי",352,171,180,113,14,19,148,0,0.352537296132406,998.475916907799,0,NA
310,2022,"כפרגליקסון","כפר גליקסון",32.5056829,35.0049105,111.693356657192,310,1,232,4,"temporal_distance > 200",0.711340206185567,TRUE,2022,2733,"כפר גליקסון","KEFAR GLIKSON",1,"יהודי",356,176,181,114,17,0,150,60,0.352537296132406,1009.82223414539,0.168539325842697,NA
312,2009,"נווהים","נווה ים",32.6790704,34.9313865,127.117458836954,312,1,232,1,"temporal_distance > 200",0.731428571428571,FALSE,2009,NA,NA,NA,NA,NA,NA,NA,NA,NA,NA,NA,NA,NA,NA,NA,NA,NA
312,2013,"נווהים","נווה ים",32.6790704,34.9313865,127.117458836954,312,1,232,1,"temporal_distance > 200",0.73972602739726,FALSE,2013,2760,"נווה ים","NEWE YAM",1,"יהודי",240,120,120,70,10,30,100,20,0.30888464107424,776.989102356554,0.0833333333333333,43
312,2015,"נווהים","נווה ים",32.6790704,34.9313865,127.117458836954,312,1,232,1,"temporal_distance > 200",0.795121951219512,TRUE,2015,2759,"נווה ים","NEWE YAM",1,"יהודי",250,130,120,80,10,20,110,30,0.30888464107424,809.363648288077,0.12,48.25
312,2019,"נווהים","נווה ים",32.6790704,34.9313865,127.117458836954,312,1,232,1,"temporal_distance > 200",0.729857819905213,TRUE,2019,2751,"נווה ים","NEWE YAM",1,"יהודי",232,117,115,62,15,19,0,0,0.30888464107424,751.089465611335,0,NA
312,2019,"נווהים","נווה ים",32.6790704,34.9313865,127.117458836954,312,1,232,1,"temporal_distance > 200",0.77511961722488,TRUE,2019.4,2751,"נווה ים","NEWE YAM",1,"יהודי",232,117,115,62,15,19,0,0,0.30888464107424,751.089465611335,0,NA
312,2020,"נווהים","נווה ים",32.6790704,34.9313865,127.117458836954,312,1,232,1,"temporal_distance > 200",0.752380952380952,TRUE,2020,2753,"נווה ים","NEWE YAM",1,"יהודי",237,116,115,66,18,21,95,0,0.30888464107424,767.276738577097,0,NA
312,2021,"נווהים","נווה ים",32.6790704,34.9313865,127.117458836954,312,1,232,1,"temporal_distance > 200",0.728571428571429,TRUE,2021,2762,"נווה ים","NEWE YAM",1,"יהודי",237,118,119,67,17,17,99,0,0.30888464107424,767.276738577097,0,NA
312,2022,"נווהים","נווה ים",32.6790704,34.9313865,127.117458836954,312,1,232,1,"temporal_distance > 200",0.734597156398104,TRUE,2022,2757,"נווה ים","NEWE YAM",1,"יהודי",235,116,118,62,19,20,99,0,0.30888464107424,760.801829390792,0,NA
313,2009,"אפק","אפק",32.838477,35.1278121,149.945932615131,313,0,NA,NA,"no_red_alert",0.70959595959596,FALSE,2009,NA,NA,NA,NA,NA,NA,NA,NA,NA,NA,NA,NA,NA,NA,NA,NA,NA
313,2013,"אפק","אפק",32.838477,35.1278121,149.945932615131,313,0,NA,NA,"no_red_alert",0.71608040201005,FALSE,2013,2773,"אפק","AFEQ",1,"יהודי",520,250,270,140,20,50,230,80,1.50393176553316,345.760367536126,0.153846153846154,62.5
313,2015,"אפק","אפק",32.838477,35.1278121,149.945932615131,313,0,NA,NA,"no_red_alert",0.738498789346247,TRUE,2015,2767,"אפק","AFEQ",1,"יהודי",560,260,300,150,40,50,230,100,1.50393176553316,372.357318885059,0.178571428571429,60
313,2019,"אפק","אפק",32.838477,35.1278121,149.945932615131,313,0,NA,NA,"no_red_alert",0.734406438631791,TRUE,2019.4,2765,"אפק","AFEQ",1,"יהודי",713,343,370,231,39,47,286,110,1.50393176553316,474.090657794727,0.154277699859748,NA
313,2019,"אפק","אפק",32.838477,35.1278121,149.945932615131,313,0,NA,NA,"no_red_alert",0.767676767676768,TRUE,2019,2765,"אפק","AFEQ",1,"יהודי",713,343,370,231,39,47,286,110,1.50393176553316,474.090657794727,0.154277699859748,NA
313,2020,"אפק","אפק",32.838477,35.1278121,149.945932615131,313,0,NA,NA,"no_red_alert",0.765285996055227,TRUE,2020,2766,"אפק","AFEQ",1,"יהודי",728,352,369,230,38,51,299,110,1.50393176553316,484.064514550577,0.151098901098901,NA
313,2021,"אפק","אפק",32.838477,35.1278121,149.945932615131,313,0,NA,NA,"no_red_alert",0.759152215799615,TRUE,2021,2771,"אפק","AFEQ",1,"יהודי",762,373,389,242,45,49,316,111,1.50393176553316,506.67192319717,0.145669291338583,NA
313,2022,"אפק","אפק",32.838477,35.1278121,149.945932615131,313,0,NA,NA,"no_red_alert",0.768382352941177,TRUE,2022,2774,"אפק","AFEQ",1,"יהודי",763,371,392,244,44,54,308,114,1.50393176553316,507.336846980893,0.149410222804718,NA
316,2009,"כפרנטר","כפר נטר",32.2757749,34.871533,82.3593066374235,316,1,227,5,"temporal_distance > 200",0.818950930626058,FALSE,2009,NA,NA,NA,NA,NA,NA,NA,NA,NA,NA,NA,NA,NA,NA,NA,NA,NA
316,2013,"כפרנטר","כפר נטר",32.2757749,34.871533,82.3593066374235,316,1,227,5,"temporal_distance > 200",0.798816568047337,FALSE,2013,2796,"כפר נטר","KEFAR NETTER",1,"יהודי",1110,550,570,350,50,70,530,110,1.9237789222947,576.989376032866,0.0990990990990991,63
316,2015,"כפרנטר","כפר נטר",32.2757749,34.871533,82.3593066374235,316,1,227,5,"temporal_distance > 200",0.80952380952381,TRUE,2015,2797,"כפר נטר","KEFAR NETTER",1,"יהודי",1160,570,590,360,70,80,520,120,1.9237789222947,602.979888466779,0.103448275862069,63
316,2019,"כפרנטר","כפר נטר",32.2757749,34.871533,82.3593066374235,316,1,227,5,"temporal_distance > 200",0.781842818428184,TRUE,2019.4,2791,"כפר נטר","KEFAR NETTER",1,"יהודי",1193,576,617,360,92,92,511,138,1.9237789222947,620.133626673162,0.115674769488684,NA
316,2019,"כפרנטר","כפר נטר",32.2757749,34.871533,82.3593066374235,316,1,227,5,"temporal_distance > 200",0.821428571428571,TRUE,2019,2791,"כפר נטר","KEFAR NETTER",1,"יהודי",1193,576,617,360,92,92,511,138,1.9237789222947,620.133626673162,0.115674769488684,NA
316,2020,"כפרנטר","כפר נטר",32.2757749,34.871533,82.3593066374235,316,1,227,5,"temporal_distance > 200",0.790502793296089,TRUE,2020,2790,"כפר נטר","KEFAR NETTER",1,"יהודי",1157,564,595,349,93,89,485,141,1.9237789222947,601.420457720744,0.121866897147796,NA
316,2021,"כפרנטר","כפר נטר",32.2757749,34.871533,82.3593066374235,316,1,227,5,"temporal_distance > 200",0.78909612625538,TRUE,2021,2801,"כפר נטר","KEFAR NETTER",1,"יהודי",1159,569,590,340,103,94,485,136,1.9237789222947,602.460078218101,0.117342536669543,NA
316,2022,"כפרנטר","כפר נטר",32.2757749,34.871533,82.3593066374235,316,1,227,5,"temporal_distance > 200",0.770538243626062,TRUE,2022,2793,"כפר נטר","KEFAR NETTER",1,"יהודי",1143,561,582,319,112,97,473,142,1.9237789222947,594.143114239249,0.124234470691164,NA
317,2009,"ביתאורן","בית אורן",32.7318775,35.0055265,134.959939413897,317,1,232,2,"temporal_distance > 200",0.585820895522388,FALSE,2009,NA,NA,NA,NA,NA,NA,NA,NA,NA,NA,NA,NA,NA,NA,NA,NA,NA
317,2013,"ביתאורן","בית אורן",32.7318775,35.0055265,134.959939413897,317,1,232,2,"temporal_distance > 200",0.638059701492537,FALSE,2013,2810,"בית אורן","BET OREN",1,"יהודי",440,230,210,100,20,70,210,40,0.202733342761514,2170.33860344125,0.0909090909090909,30.75
317,2015,"ביתאורן","בית אורן",32.7318775,35.0055265,134.959939413897,317,1,232,2,"temporal_distance > 200",0.689285714285714,TRUE,2015,2803,"בית אורן","BET OREN",1,"יהודי",450,230,220,110,20,70,220,40,0.202733342761514,2219.66448079218,0.0888888888888889,38.25
317,2019,"ביתאורן","בית אורן",32.7318775,35.0055265,134.959939413897,317,1,232,2,"temporal_distance > 200",0.667752442996743,TRUE,2019.4,2809,"בית אורן","BET OREN",1,"יהודי",507,262,245,140,17,54,258,39,0.202733342761514,2500.82198169253,0.0769230769230769,NA
317,2019,"ביתאורן","בית אורן",32.7318775,35.0055265,134.959939413897,317,1,232,2,"temporal_distance > 200",0.655629139072848,TRUE,2019,2809,"בית אורן","BET OREN",1,"יהודי",507,262,245,140,17,54,258,39,0.202733342761514,2500.82198169253,0.0769230769230769,NA
317,2020,"ביתאורן","בית אורן",32.7318775,35.0055265,134.959939413897,317,1,232,2,"temporal_distance > 200",0.64797507788162,TRUE,2020,2806,"בית אורן","BET OREN",1,"יהודי",540,275,261,157,15,54,276,38,0.202733342761514,2663.59737695062,0.0703703703703704,NA
317,2021,"ביתאורן","בית אורן",32.7318775,35.0055265,134.959939413897,317,1,232,2,"temporal_distance > 200",0.662721893491124,TRUE,2021,2813,"בית אורן","BET OREN",1,"יהודי",560,281,279,168,16,50,283,44,0.202733342761514,2762.2491316525,0.0785714285714286,NA
317,2022,"ביתאורן","בית אורן",32.7318775,35.0055265,134.959939413897,317,1,232,2,"temporal_distance > 200",0.639664804469274,TRUE,2022,2812,"בית אורן","BET OREN",1,"יהודי",594,299,295,187,22,45,296,44,0.202733342761514,2929.95711464568,0.0740740740740741,NA
326,2009,"ביתיצחקשערחפר","בית יצחק-שער חפר",32.3334794,34.8898236,88.9779218743613,326,0,NA,NA,"no_red_alert",0.779971791255289,FALSE,2009,NA,NA,NA,NA,NA,NA,NA,NA,NA,NA,NA,NA,NA,NA,NA,NA,NA
326,2013,"ביתיצחקשערחפר","בית יצחק-שער חפר",32.3334794,34.8898236,88.9779218743613,326,0,NA,NA,"no_red_alert",0.793610223642172,FALSE,2013,2894,"בית יצחק-שער חפר","BET YIZHAQ-SH. HEFER",1,"יהודי",2070,980,1080,550,120,220,890,290,5.80641957205294,356.501967230061,0.140096618357488,63
326,2015,"ביתיצחקשערחפר","בית יצחק-שער חפר",32.3334794,34.8898236,88.9779218743613,326,0,NA,NA,"no_red_alert",0.805813234384663,TRUE,2015,2903,"בית יצחק-שער חפר","BET YIZHAQ-SH. HEFER",1,"יהודי",2110,1010,1100,550,130,210,900,330,5.80641957205294,363.390894133057,0.156398104265403,62.7142857142857
326,2019,"ביתיצחקשערחפר","בית יצחק-שער חפר",32.3334794,34.8898236,88.9779218743613,326,0,NA,NA,"no_red_alert",0.767801857585139,TRUE,2019.4,2906,"בית יצחק-שער חפר","BET YIZHAQ-SH. HEFER",1,"יהודי",2131,1023,1109,553,147,197,856,378,5.80641957205294,367.00758075713,0.177381511027687,NA
326,2019,"ביתיצחקשערחפר","בית יצחק-שער חפר",32.3334794,34.8898236,88.9779218743613,326,0,NA,NA,"no_red_alert",0.785980148883375,TRUE,2019,2906,"בית יצחק-שער חפר","BET YIZHAQ-SH. HEFER",1,"יהודי",2131,1023,1109,553,147,197,856,378,5.80641957205294,367.00758075713,0.177381511027687,NA
326,2020,"ביתיצחקשערחפר","בית יצחק-שער חפר",32.3334794,34.8898236,88.9779218743613,326,0,NA,NA,"no_red_alert",0.767627222562845,TRUE,2020,2901,"בית יצחק-שער חפר","BET YIZHAQ-SH. HEFER",1,"יהודי",2136,1026,1112,544,152,196,858,386,5.80641957205294,367.868696620005,0.180711610486891,NA
326,2021,"ביתיצחקשערחפר","בית יצחק-שער חפר",32.3334794,34.8898236,88.9779218743613,326,0,NA,NA,"no_red_alert",0.778787878787879,TRUE,2021,2905,"בית יצחק-שער חפר","BET YIZHAQ-SH. HEFER",1,"יהודי",2144,1024,1120,540,158,187,841,415,5.80641957205294,369.246482000604,0.193563432835821,NA
326,2022,"ביתיצחקשערחפר","בית יצחק-שער חפר",32.3334794,34.8898236,88.9779218743613,326,0,NA,NA,"no_red_alert",0.762967430639324,TRUE,2022,2904,"בית יצחק-שער חפר","BET YIZHAQ-SH. HEFER",1,"יהודי",2138,1020,1118,512,175,190,841,418,5.80641957205294,368.213142965155,0.195509822263798,NA
327,2009,"שדותים","שדות ים",32.492799,34.8925865,106.09261053473,327,1,232,2,"temporal_distance > 200",0.755593803786575,FALSE,2009,NA,NA,NA,NA,NA,NA,NA,NA,NA,NA,NA,NA,NA,NA,NA,NA,NA
327,2013,"שדותים","שדות ים",32.492799,34.8925865,106.09261053473,327,1,232,2,"temporal_distance > 200",0.782324058919804,FALSE,2013,2908,"שדות ים","SEDOT YAM",1,"יהודי",880,430,440,240,40,120,370,120,0.513668716827008,1713.16642647787,0.136363636363636,63
327,2015,"שדותים","שדות ים",32.492799,34.8925865,106.09261053473,327,1,232,2,"temporal_distance > 200",0.813186813186813,TRUE,2015,2913,"שדות ים","SEDOT YAM",1,"יהודי",970,500,470,270,50,120,400,130,0.513668716827008,1888.37662918584,0.134020618556701,61
327,2019,"שדותים","שדות ים",32.492799,34.8925865,106.09261053473,327,1,232,2,"temporal_distance > 200",0.831896551724138,TRUE,2019,2911,"שדות ים","SEDOT YAM",1,"יהודי",1096,544,552,310,74,112,444,157,0.513668716827008,2133.67091297699,0.143248175182482,NA
327,2019,"שדותים","שדות ים",32.492799,34.8925865,106.09261053473,327,1,232,2,"temporal_distance > 200",0.826647564469914,TRUE,2019.4,2911,"שדות ים","SEDOT YAM",1,"יהודי",1096,544,552,310,74,112,444,157,0.513668716827008,2133.67091297699,0.143248175182482,NA
327,2020,"שדותים","שדות ים",32.492799,34.8925865,106.09261053473,327,1,232,2,"temporal_distance > 200",0.805322128851541,TRUE,2020,2916,"שדות ים","SEDOT YAM",1,"יהודי",1108,550,557,319,74,111,443,161,0.513668716827008,2157.03227333805,0.145306859205776,NA
327,2021,"שדותים","שדות ים",32.492799,34.8925865,106.09261053473,327,1,232,2,"temporal_distance > 200",0.821329639889197,TRUE,2021,2907,"שדות ים","SEDOT YAM",1,"יהודי",1127,559,568,326,67,114,458,163,0.513668716827008,2194.02109390973,0.144631765749778,NA
327,2022,"שדותים","שדות ים",32.492799,34.8925865,106.09261053473,327,1,232,2,"temporal_distance > 200",0.805073431241656,TRUE,2022,2917,"שדות ים","SEDOT YAM",1,"יהודי",1162,578,584,338,68,133,461,160,0.513668716827008,2262.15839496283,0.137693631669535,NA
335,2009,"רמתהשופט","רמת השופט",32.6122165,35.0959071,118.101734387505,10013,1,6,3,"temporal_distance == 6",0.659420289855073,FALSE,2009,NA,NA,NA,NA,NA,NA,NA,NA,NA,NA,NA,NA,NA,NA,NA,NA,NA
335,2013,"רמתהשופט","רמת השופט",32.6122165,35.0959071,118.101734387505,10013,1,6,3,"temporal_distance == 6",0.716393442622951,FALSE,2013,2992,"רמת השופט","RAMAT HASHOFET",1,"יהודי",1000,500,510,310,40,110,420,120,0.539892359975494,1852.22106133413,0.12,55
335,2015,"רמתהשופט","רמת השופט",32.6122165,35.0959071,118.101734387505,10013,1,6,3,"temporal_distance == 6",0.716981132075472,TRUE,2015,2994,"רמת השופט","RAMAT HASHOFET",1,"יהודי",1020,510,520,320,40,110,430,130,0.539892359975494,1889.26548256082,0.127450980392157,51
335,2019,"רמתהשופט","רמת השופט",32.6122165,35.0959071,118.101734387505,10013,1,6,3,"temporal_distance == 6",0.717270194986072,TRUE,2019,2987,"רמת השופט","RAMAT HASHOFET",1,"יהודי",1101,552,549,331,106,88,432,144,0.539892359975494,2039.29538852888,0.130790190735695,NA
335,2019,"רמתהשופט","רמת השופט",32.6122165,35.0959071,118.101734387505,10013,1,6,3,"temporal_distance == 6",0.70873786407767,TRUE,2019.4,2987,"רמת השופט","RAMAT HASHOFET",1,"יהודי",1101,552,549,331,106,88,432,144,0.539892359975494,2039.29538852888,0.130790190735695,NA
335,2020,"רמתהשופט","רמת השופט",32.6122165,35.0959071,118.101734387505,10013,1,6,3,"temporal_distance == 6",0.709413369713506,TRUE,2020,2985,"רמת השופט","RAMAT HASHOFET",1,"יהודי",1124,563,563,323,126,81,438,156,0.539892359975494,2081.89647293957,0.138790035587189,NA
335,2021,"רמתהשופט","רמת השופט",32.6122165,35.0959071,118.101734387505,10013,1,6,3,"temporal_distance == 6",0.706594885598923,TRUE,2021,2989,"רמת השופט","RAMAT HASHOFET",1,"יהודי",1166,579,587,330,119,93,455,169,0.539892359975494,2159.6897575156,0.144939965694683,NA
335,2022,"רמתהשופט","רמת השופט",32.6122165,35.0959071,118.101734387505,10013,1,6,3,"temporal_distance == 6",0.676178660049628,TRUE,2022,2996,"רמת השופט","RAMAT HASHOFET",1,"יהודי",1186,589,598,321,135,96,462,172,0.539892359975494,2196.73417874228,0.145025295109612,NA
339,2009,"רמתצבי","רמת צבי",32.5925854,35.4122204,139.56674326709,339,1,6,1,"temporal_distance == 6",0.734104046242775,FALSE,2009,NA,NA,NA,NA,NA,NA,NA,NA,NA,NA,NA,NA,NA,NA,NA,NA,NA
339,2013,"רמתצבי","רמת צבי",32.5925854,35.4122204,139.56674326709,339,1,6,1,"temporal_distance == 6",0.798449612403101,FALSE,2013,3023,"רמת צבי","RAMAT ZEVI",1,"יהודי",590,300,290,170,30,70,250,60,2.05379323650456,287.273319199427,0.101694915254237,26
339,2015,"רמתצבי","רמת צבי",32.5925854,35.4122204,139.56674326709,339,1,6,1,"temporal_distance == 6",0.832911392405063,TRUE,2015,3025,"רמת צבי","RAMAT ZEVI",1,"יהודי",590,300,290,180,40,60,240,80,2.05379323650456,287.273319199427,0.135593220338983,27.3333333333333
339,2019,"רמתצבי","רמת צבי",32.5925854,35.4122204,139.56674326709,339,1,6,1,"temporal_distance == 6",0.838202247191011,TRUE,2019,3024,"רמת צבי","RAMAT ZEVI",1,"יהודי",710,363,348,239,53,58,268,92,2.05379323650456,345.701790901006,0.129577464788732,NA
339,2019,"רמתצבי","רמת צבי",32.5925854,35.4122204,139.56674326709,339,1,6,1,"temporal_distance == 6",0.836322869955157,TRUE,2019.4,3024,"רמת צבי","RAMAT ZEVI",1,"יהודי",710,363,348,239,53,58,268,92,2.05379323650456,345.701790901006,0.129577464788732,NA
339,2020,"רמתצבי","רמת צבי",32.5925854,35.4122204,139.56674326709,339,1,6,1,"temporal_distance == 6",0.795964125560538,TRUE,2020,3032,"רמת צבי","RAMAT ZEVI",1,"יהודי",747,380,370,252,45,69,283,0,2.05379323650456,363.717236342326,0,NA
339,2021,"רמתצבי","רמת צבי",32.5925854,35.4122204,139.56674326709,339,1,6,1,"temporal_distance == 6",0.837606837606838,TRUE,2021,3035,"רמת צבי","RAMAT ZEVI",1,"יהודי",765,390,375,263,50,61,291,0,2.05379323650456,372.481507097562,0,NA
339,2022,"רמתצבי","רמת צבי",32.5925854,35.4122204,139.56674326709,339,1,6,1,"temporal_distance == 6",0.790983606557377,TRUE,2022,3034,"רמת צבי","RAMAT ZEVI",1,"יהודי",768,392,376,259,55,63,290,100,2.05379323650456,373.942218890102,0.130208333333333,NA
343,2009,"חמדיה","חמדיה",32.519864,35.5197915,140.517136381856,343,1,6,1,"temporal_distance == 6",0.678200692041522,FALSE,2009,NA,NA,NA,NA,NA,NA,NA,NA,NA,NA,NA,NA,NA,NA,NA,NA,NA
343,2013,"חמדיה","חמדיה",32.519864,35.5197915,140.517136381856,343,1,6,1,"temporal_distance == 6",0.718032786885246,FALSE,2013,3074,"חמדיה","HAMADYA",1,"יהודי",380,190,190,90,20,40,150,80,0.368079306051242,1032.38621066923,0.210526315789474,45
343,2015,"חמדיה","חמדיה",32.519864,35.5197915,140.517136381856,343,1,6,1,"temporal_distance == 6",0.720634920634921,TRUE,2015,3064,"חמדיה","HAMADYA",1,"יהודי",400,190,210,100,20,40,160,90,0.368079306051242,1086.72232702024,0.225,44
343,2019,"חמדיה","חמדיה",32.519864,35.5197915,140.517136381856,343,1,6,1,"temporal_distance == 6",0.733333333333333,TRUE,2019.4,3069,"חמדיה","HAMADYA",1,"יהודי",381,189,192,100,17,36,140,89,0.368079306051242,1035.10301648678,0.233595800524934,NA
343,2019,"חמדיה","חמדיה",32.519864,35.5197915,140.517136381856,343,1,6,1,"temporal_distance == 6",0.708474576271186,TRUE,2019,3069,"חמדיה","HAMADYA",1,"יהודי",381,189,192,100,17,36,140,89,0.368079306051242,1035.10301648678,0.233595800524934,NA
343,2020,"חמדיה","חמדיה",32.519864,35.5197915,140.517136381856,343,1,6,1,"temporal_distance == 6",0.690553745928339,TRUE,2020,3070,"חמדיה","HAMADYA",1,"יהודי",403,198,207,108,21,35,152,87,0.368079306051242,1094.87274447289,0.215880893300248,NA
343,2021,"חמדיה","חמדיה",32.519864,35.5197915,140.517136381856,343,1,6,1,"temporal_distance == 6",0.697160883280757,TRUE,2021,3067,"חמדיה","HAMADYA",1,"יהודי",421,203,218,113,23,38,160,86,0.368079306051242,1143.7752491888,0.204275534441805,NA
343,2022,"חמדיה","חמדיה",32.519864,35.5197915,140.517136381856,343,1,6,1,"temporal_distance == 6",0.68955223880597,TRUE,2022,3066,"חמדיה","HAMADYA",1,"יהודי",439,217,222,127,22,37,170,82,0.368079306051242,1192.67775390471,0.186788154897494,NA
344,2009,"מענית","מענית",32.456388,35.0286855,107.824686484457,344,0,NA,NA,"no_red_alert",0.753303964757709,FALSE,2009,NA,NA,NA,NA,NA,NA,NA,NA,NA,NA,NA,NA,NA,NA,NA,NA,NA
344,2013,"מענית","מענית",32.456388,35.0286855,107.824686484457,344,0,NA,NA,"no_red_alert",0.817248459958932,FALSE,2013,3082,"מענית","MA'ANIT",1,"יהודי",670,320,350,180,30,80,300,80,0.41270272624106,1623.44457014479,0.119402985074627,62
344,2015,"מענית","מענית",32.456388,35.0286855,107.824686484457,344,0,NA,NA,"no_red_alert",0.845360824742268,TRUE,2015,3079,"מענית","MA'ANIT",1,"יהודי",680,330,340,180,30,80,300,90,0.41270272624106,1647.6750861171,0.132352941176471,60
344,2019,"מענית","מענית",32.456388,35.0286855,107.824686484457,344,0,NA,NA,"no_red_alert",0.825602968460111,TRUE,2019,3084,"מענית","MA'ANIT",1,"יהודי",812,387,425,249,39,66,351,107,0.41270272624106,1967.51789695159,0.131773399014778,NA
344,2019,"מענית","מענית",32.456388,35.0286855,107.824686484457,344,0,NA,NA,"no_red_alert",0.81021897810219,TRUE,2019.4,3084,"מענית","MA'ANIT",1,"יהודי",812,387,425,249,39,66,351,107,0.41270272624106,1967.51789695159,0.131773399014778,NA
344,2020,"מענית","מענית",32.456388,35.0286855,107.824686484457,344,0,NA,NA,"no_red_alert",0.809782608695652,TRUE,2020,3081,"מענית","MA'ANIT",1,"יהודי",833,398,437,255,47,65,356,110,0.41270272624106,2018.40198049344,0.132052821128451,NA
344,2021,"מענית","מענית",32.456388,35.0286855,107.824686484457,344,0,NA,NA,"no_red_alert",0.817051509769094,TRUE,2021,3083,"מענית","MA'ANIT",1,"יהודי",874,415,458,272,50,64,371,117,0.41270272624106,2117.74709597992,0.133867276887872,NA
344,2022,"מענית","מענית",32.456388,35.0286855,107.824686484457,344,0,NA,NA,"no_red_alert",0.802721088435374,TRUE,2022,3078,"מענית","MA'ANIT",1,"יהודי",883,421,462,266,58,61,375,123,0.41270272624106,2139.554560355,0.139297848244621,NA
353,2009,"ביתזיד","בית זיד",32.7023609,35.131828,136.526680275784,2300,0,NA,NA,"no_red_alert",NA,FALSE,2009,NA,NA,NA,NA,NA,NA,NA,NA,NA,NA,NA,NA,NA,NA,NA,NA,NA
353,2013,"ביתזיד","בית זיד",32.7023609,35.131828,136.526680275784,2300,0,NA,NA,"no_red_alert",0.481481481481481,FALSE,2013,3166,"בית זיד","BET ZEID",1,"יהודי",50,30,20,10,0,0,30,0,0.395349642082809,126.470330759847,0,61
353,2015,"ביתזיד","בית זיד",32.7023609,35.131828,136.526680275784,2300,0,NA,NA,"no_red_alert",0.62962962962963,TRUE,2015,3178,"בית זיד","BET ZEID",1,"יהודי",70,40,30,20,0,10,40,10,0.395349642082809,177.058463063786,0.142857142857143,56
353,2019,"ביתזיד","בית זיד",32.7023609,35.131828,136.526680275784,2300,0,NA,NA,"no_red_alert",0.649122807017544,TRUE,2019.4,3170,"בית זיד","BET ZEID",1,"יהודי",83,48,35,23,0,0,0,0,0.395349642082809,209.940749061346,0,NA
353,2019,"ביתזיד","בית זיד",32.7023609,35.131828,136.526680275784,2300,0,NA,NA,"no_red_alert",0.619469026548673,TRUE,2019,3170,"בית זיד","BET ZEID",1,"יהודי",83,48,35,23,0,0,0,0,0.395349642082809,209.940749061346,0,NA
353,2020,"ביתזיד","בית זיד",32.7023609,35.131828,136.526680275784,2300,0,NA,NA,"no_red_alert",0.654867256637168,TRUE,2020,3171,"בית זיד","BET ZEID",1,"יהודי",79,44,15,22,0,0,0,0,0.395349642082809,199.823122600558,0,NA
353,2021,"ביתזיד","בית זיד",32.7023609,35.131828,136.526680275784,2300,0,NA,NA,"no_red_alert",0.571428571428571,TRUE,2021,3177,"בית זיד","BET ZEID",1,"יהודי",76,43,33,18,0,0,41,0,0.395349642082809,192.234902754968,0,NA
353,2022,"ביתזיד","בית זיד",32.7023609,35.131828,136.526680275784,2300,0,NA,NA,"no_red_alert",0.638888888888889,TRUE,2022,3173,"בית זיד","BET ZEID",1,"יהודי",74,41,33,0,5,0,0,0,0.395349642082809,187.176089524574,0,NA
355,2009,"חורשים","חורשים",32.138416,34.970238,75.0161728337923,355,1,227,3,"temporal_distance > 200",0.636,FALSE,2009,NA,NA,NA,NA,NA,NA,NA,NA,NA,NA,NA,NA,NA,NA,NA,NA,NA
355,2013,"חורשים","חורשים",32.138416,34.970238,75.0161728337923,355,1,227,3,"temporal_distance > 200",0.647727272727273,FALSE,2013,3195,"חורשים","HORESHIM",1,"יהודי",300,140,160,70,20,50,130,40,0.301220975375873,995.946579170494,0.133333333333333,63
355,2015,"חורשים","חורשים",32.138416,34.970238,75.0161728337923,355,1,227,3,"temporal_distance > 200",0.673992673992674,TRUE,2015,3192,"חורשים","HORESHIM",1,"יהודי",310,150,160,70,20,50,130,40,0.301220975375873,1029.14479847618,0.129032258064516,61.75
355,2019,"חורשים","חורשים",32.138416,34.970238,75.0161728337923,355,1,227,3,"temporal_distance > 200",0.678200692041522,TRUE,2019,3199,"חורשים","HORESHIM",1,"יהודי",335,162,173,77,20,41,139,57,0.301220975375873,1112.14034674039,0.170149253731343,NA
355,2019,"חורשים","חורשים",32.138416,34.970238,75.0161728337923,355,1,227,3,"temporal_distance > 200",0.673469387755102,TRUE,2019.4,3199,"חורשים","HORESHIM",1,"יהודי",335,162,173,77,20,41,139,57,0.301220975375873,1112.14034674039,0.170149253731343,NA
355,2020,"חורשים","חורשים",32.138416,34.970238,75.0161728337923,355,1,227,3,"temporal_distance > 200",0.662162162162162,TRUE,2020,3204,"חורשים","HORESHIM",1,"יהודי",338,165,173,76,20,42,144,0,0.301220975375873,1122.09981253209,0,NA
355,2021,"חורשים","חורשים",32.138416,34.970238,75.0161728337923,355,1,227,3,"temporal_distance > 200",0.667785234899329,TRUE,2021,3203,"חורשים","HORESHIM",1,"יהודי",351,172,179,85,20,39,142,0,0.301220975375873,1165.25749762948,0,NA
355,2022,"חורשים","חורשים",32.138416,34.970238,75.0161728337923,355,1,227,3,"temporal_distance > 200",0.677524429967427,TRUE,2022,3197,"חורשים","HORESHIM",1,"יהודי",350,172,178,81,21,30,153,63,0.301220975375873,1161.93767569891,0.18,NA
360,2009,"גבעתנילי","גבעת ניל""י",32.5480851,35.0428094,117.371253166817,360,1,232,4,"temporal_distance > 200",0.73374613003096,FALSE,2009,NA,NA,NA,NA,NA,NA,NA,NA,NA,NA,NA,NA,NA,NA,NA,NA,NA
360,2013,"גבעתנילי","גבעת ניל""י",32.5480851,35.0428094,117.371253166817,360,1,232,4,"temporal_distance > 200",0.79155672823219,FALSE,2013,3265,"גבעת ניל""י","GIV'AT NILI",1,"יהודי",690,350,350,230,50,60,330,30,0.706490558206601,976.658487484303,0.0434782608695652,38.2
360,2015,"גבעתנילי","גבעת ניל""י",32.5480851,35.0428094,117.371253166817,360,1,232,4,"temporal_distance > 200",0.808252427184466,TRUE,2015,3257,"גבעת ניל""י","GIV'AT NILI",1,"יהודי",730,360,370,240,60,60,330,40,0.706490558206601,1033.27637081673,0.0547945205479452,33.4
360,2019,"גבעתנילי","גבעת ניל""י",32.5480851,35.0428094,117.371253166817,360,1,232,4,"temporal_distance > 200",0.763341067285383,TRUE,2019.4,3259,"גבעת ניל""י","GIV'AT NILI",1,"יהודי",730,375,355,211,60,67,327,64,0.706490558206601,1033.27637081673,0.0876712328767123,NA
360,2019,"גבעתנילי","גבעת ניל""י",32.5480851,35.0428094,117.371253166817,360,1,232,4,"temporal_distance > 200",0.835648148148148,TRUE,2019,3259,"גבעת ניל""י","GIV'AT NILI",1,"יהודי",730,375,355,211,60,67,327,64,0.706490558206601,1033.27637081673,0.0876712328767123,NA
360,2020,"גבעתנילי","גבעת ניל""י",32.5480851,35.0428094,117.371253166817,360,1,232,4,"temporal_distance > 200",0.776765375854214,TRUE,2020,3264,"גבעת ניל""י","GIV'AT NILI",1,"יהודי",713,366,342,188,58,82,315,70,0.706490558206601,1009.21377040045,0.0981767180925666,NA
360,2021,"גבעתנילי","גבעת ניל""י",32.5480851,35.0428094,117.371253166817,360,1,232,4,"temporal_distance > 200",0.768018018018018,TRUE,2021,3258,"גבעת ניל""י","GIV'AT NILI",1,"יהודי",715,365,350,181,67,82,315,71,0.706490558206601,1012.04466456707,0.0993006993006993,NA
360,2022,"גבעתנילי","גבעת ניל""י",32.5480851,35.0428094,117.371253166817,360,1,232,4,"temporal_distance > 200",0.76457399103139,TRUE,2022,3268,"גבעת ניל""י","GIV'AT NILI",1,"יהודי",704,363,341,170,67,80,312,74,0.706490558206601,996.474746650652,0.105113636363636,NA
367,2009,"עיןהעמק","עין העמק",32.628988,35.0849255,127.196734244907,367,1,6,3,"temporal_distance == 6",0.671517671517671,FALSE,2009,NA,NA,NA,NA,NA,NA,NA,NA,NA,NA,NA,NA,NA,NA,NA,NA,NA
367,2013,"עיןהעמק","עין העמק",32.628988,35.0849255,127.196734244907,367,1,6,3,"temporal_distance == 6",0.667307692307692,FALSE,2013,3347,"עין העמק","EN HAEMEQ",1,"יהודי",720,360,350,180,50,90,330,70,0.644169054659418,1117.71901303249,0.0972222222222222,58.5
367,2015,"עיןהעמק","עין העמק",32.628988,35.0849255,127.196734244907,367,1,6,3,"temporal_distance == 6",0.757685352622061,TRUE,2015,3341,"עין העמק","EN HAEMEQ",1,"יהודי",750,380,370,190,50,100,340,70,0.644169054659418,1164.29063857552,0.0933333333333333,58
367,2019,"עיןהעמק","עין העמק",32.628988,35.0849255,127.196734244907,367,1,6,3,"temporal_distance == 6",0.801056338028169,TRUE,2019,3342,"עין העמק","EN HAEMEQ",1,"יהודי",803,410,393,205,66,94,341,0,0.644169054659418,1246.56717703485,0,NA
367,2019,"עיןהעמק","עין העמק",32.628988,35.0849255,127.196734244907,367,1,6,3,"temporal_distance == 6",0.798290598290598,TRUE,2019.4,3342,"עין העמק","EN HAEMEQ",1,"יהודי",803,410,393,205,66,94,341,0,0.644169054659418,1246.56717703485,0,NA
367,2020,"עיןהעמק","עין העמק",32.628988,35.0849255,127.196734244907,367,1,6,3,"temporal_distance == 6",0.801694915254237,TRUE,2020,3344,"עין העמק","EN HAEMEQ",1,"יהודי",820,414,406,201,70,97,348,104,0.644169054659418,1272.95776484256,0.126829268292683,NA
367,2021,"עיןהעמק","עין העמק",32.628988,35.0849255,127.196734244907,367,1,6,3,"temporal_distance == 6",0.764510779436153,TRUE,2021,3336,"עין העמק","EN HAEMEQ",1,"יהודי",829,411,418,207,59,100,357,108,0.644169054659418,1286.92925250547,0.130277442702051,NA
367,2022,"עיןהעמק","עין העמק",32.628988,35.0849255,127.196734244907,367,1,6,3,"temporal_distance == 6",0.792663476874003,TRUE,2022,3338,"עין העמק","EN HAEMEQ",1,"יהודי",847,425,422,211,52,107,364,113,0.644169054659418,1314.87222783128,0.133412042502952,NA
369,2009,"גלעדאבןיצחק","גלעד (אבן יצחק)",32.557258,35.0756085,119.900140031712,369,1,6,3,"temporal_distance == 6",0.701754385964912,FALSE,2009,NA,NA,NA,NA,NA,NA,NA,NA,NA,NA,NA,NA,NA,NA,NA,NA,NA
369,2013,"גלעדאבןיצחק","גלעד (אבן יצחק)",32.557258,35.0756085,119.900140031712,369,1,6,3,"temporal_distance == 6",0.698275862068966,FALSE,2013,3361,"גלעד (אבן יצחק)","GAL'ED (EVEN YIZHAQ)",1,"יהודי",440,220,220,110,20,50,190,60,0.323093716888242,1361.83397262472,0.136363636363636,26
369,2015,"גלעדאבןיצחק","גלעד (אבן יצחק)",32.557258,35.0756085,119.900140031712,369,1,6,3,"temporal_distance == 6",0.759776536312849,TRUE,2015,3368,"גלעד (אבן יצחק)","GAL'ED (EVEN YIZHAQ)",1,"יהודי",460,240,230,130,20,50,200,70,0.323093716888242,1423.73551683493,0.152173913043478,25
369,2019,"גלעדאבןיצחק","גלעד (אבן יצחק)",32.557258,35.0756085,119.900140031712,369,1,6,3,"temporal_distance == 6",0.752659574468085,TRUE,2019,3365,"גלעד (אבן יצחק)","GAL'ED (EVEN YIZHAQ)",1,"יהודי",492,254,239,155,23,47,194,0,0.323093716888242,1522.77798757127,0,NA
369,2019,"גלעדאבןיצחק","גלעד (אבן יצחק)",32.557258,35.0756085,119.900140031712,369,1,6,3,"temporal_distance == 6",0.740540540540541,TRUE,2019.4,3365,"גלעד (אבן יצחק)","GAL'ED (EVEN YIZHAQ)",1,"יהודי",492,254,239,155,23,47,194,0,0.323093716888242,1522.77798757127,0,NA
369,2020,"גלעדאבןיצחק","גלעד (אבן יצחק)",32.557258,35.0756085,119.900140031712,369,1,6,3,"temporal_distance == 6",0.769647696476965,TRUE,2020,3362,"גלעד (אבן יצחק)","GAL'ED (EVEN YIZHAQ)",1,"יהודי",499,258,237,161,23,43,196,0,0.323093716888242,1544.44352804485,0,NA
369,2021,"גלעדאבןיצחק","גלעד (אבן יצחק)",32.557258,35.0756085,119.900140031712,369,1,6,3,"temporal_distance == 6",0.795640326975477,TRUE,2021,3366,"גלעד (אבן יצחק)","GAL'ED (EVEN YIZHAQ)",1,"יהודי",497,253,244,159,29,40,189,0,0.323093716888242,1538.25337362383,0,NA
369,2022,"גלעדאבןיצחק","גלעד (אבן יצחק)",32.557258,35.0756085,119.900140031712,369,1,6,3,"temporal_distance == 6",0.777173913043478,TRUE,2022,3372,"גלעד (אבן יצחק)","GAL'ED (EVEN YIZHAQ)",1,"יהודי",491,248,243,156,28,41,184,0,0.323093716888242,1519.68291036076,0,NA
373,2009,"ביתהלוי","בית הלוי",32.3542399,34.932115,93.2014853712629,373,0,NA,NA,"no_red_alert",0.76905311778291,FALSE,2009,NA,NA,NA,NA,NA,NA,NA,NA,NA,NA,NA,NA,NA,NA,NA,NA,NA
373,2013,"ביתהלוי","בית הלוי",32.3542399,34.932115,93.2014853712629,373,0,NA,NA,"no_red_alert",0.820675105485232,FALSE,2013,3412,"בית הלוי","BET HALEWI",1,"יהודי",760,370,380,210,40,80,340,80,1.14342267893483,664.671091453239,0.105263157894737,61
373,2015,"ביתהלוי","בית הלוי",32.3542399,34.932115,93.2014853712629,373,0,NA,NA,"no_red_alert",0.818713450292398,TRUE,2015,3424,"בית הלוי","BET HALEWI",1,"יהודי",810,400,420,240,40,80,360,90,1.14342267893483,708.399452733057,0.111111111111111,58.5
373,2019,"ביתהלוי","בית הלוי",32.3542399,34.932115,93.2014853712629,373,0,NA,NA,"no_red_alert",0.813102119460501,TRUE,2019,3415,"בית הלוי","BET HALEWI",1,"יהודי",828,417,411,231,60,70,351,115,1.14342267893483,724.141662793791,0.138888888888889,NA
373,2019,"ביתהלוי","בית הלוי",32.3542399,34.932115,93.2014853712629,373,0,NA,NA,"no_red_alert",0.803001876172608,TRUE,2019.4,3415,"בית הלוי","BET HALEWI",1,"יהודי",828,417,411,231,60,70,351,115,1.14342267893483,724.141662793791,0.138888888888889,NA
373,2020,"ביתהלוי","בית הלוי",32.3542399,34.932115,93.2014853712629,373,0,NA,NA,"no_red_alert",0.79182156133829,TRUE,2020,3413,"בית הלוי","BET HALEWI",1,"יהודי",828,416,412,229,58,69,350,122,1.14342267893483,724.141662793791,0.147342995169082,NA
373,2021,"ביתהלוי","בית הלוי",32.3542399,34.932115,93.2014853712629,373,0,NA,NA,"no_red_alert",0.776536312849162,TRUE,2021,3423,"בית הלוי","BET HALEWI",1,"יהודי",840,423,417,238,55,70,349,130,1.14342267893483,734.636469500948,0.154761904761905,NA
373,2022,"ביתהלוי","בית הלוי",32.3542399,34.932115,93.2014853712629,373,0,NA,NA,"no_red_alert",0.764705882352941,TRUE,2022,3418,"בית הלוי","BET HALEWI",1,"יהודי",834,427,406,228,57,68,340,140,1.14342267893483,729.38906614737,0.167865707434053,NA
375,2009,"מגל","מגל",32.385005,35.03343,101.323683513756,375,0,NA,NA,"no_red_alert",0.808,FALSE,2009,NA,NA,NA,NA,NA,NA,NA,NA,NA,NA,NA,NA,NA,NA,NA,NA,NA
375,2013,"מגל","מגל",32.385005,35.03343,101.323683513756,375,0,NA,NA,"no_red_alert",0.838945827232797,FALSE,2013,3443,"מגל","MAGGAL",1,"יהודי",1000,500,510,370,40,70,450,80,0.400784385710058,2495.10718394962,0.08,62
375,2015,"מגל","מגל",32.385005,35.03343,101.323683513756,375,0,NA,NA,"no_red_alert",0.836820083682008,TRUE,2015,3444,"מגל","MAGGAL",1,"יהודי",1060,520,540,380,60,60,460,90,0.400784385710058,2644.81361498659,0.0849056603773585,60
375,2019,"מגל","מגל",32.385005,35.03343,101.323683513756,375,0,NA,NA,"no_red_alert",0.816708229426434,TRUE,2019,3438,"מגל","MAGGAL",1,"יהודי",1139,576,563,360,112,76,467,123,0.400784385710058,2841.92708251861,0.107989464442493,NA
375,2019,"מגל","מגל",32.385005,35.03343,101.323683513756,375,0,NA,NA,"no_red_alert",0.8025,TRUE,2019.4,3438,"מגל","MAGGAL",1,"יהודי",1139,576,563,360,112,76,467,123,0.400784385710058,2841.92708251861,0.107989464442493,NA
375,2020,"מגל","מגל",32.385005,35.03343,101.323683513756,375,0,NA,NA,"no_red_alert",0.776951672862453,TRUE,2020,3450,"מגל","MAGGAL",1,"יהודי",1150,576,571,348,118,82,475,127,0.400784385710058,2869.37326154206,0.110434782608696,NA
375,2021,"מגל","מגל",32.385005,35.03343,101.323683513756,375,0,NA,NA,"no_red_alert",0.820265379975875,TRUE,2021,3440,"מגל","MAGGAL",1,"יהודי",1178,590,587,336,129,99,481,131,0.400784385710058,2939.23626269265,0.111205432937182,NA
375,2022,"מגל","מגל",32.385005,35.03343,101.323683513756,375,0,NA,NA,"no_red_alert",0.774886877828054,TRUE,2022,3449,"מגל","MAGGAL",1,"יהודי",1219,614,606,328,141,120,497,133,0.400784385710058,3041.53565723458,0.109105824446267,NA
377,2009,"המעפיל","המעפיל",32.377769,34.9835834,98.2178384297582,377,0,NA,NA,"no_red_alert",0.709534368070953,FALSE,2009,NA,NA,NA,NA,NA,NA,NA,NA,NA,NA,NA,NA,NA,NA,NA,NA,NA
377,2013,"המעפיל","המעפיל",32.377769,34.9835834,98.2178384297582,377,0,NA,NA,"no_red_alert",0.784452296819788,FALSE,2013,3465,"המעפיל","HAMA'PIL",1,"יהודי",760,360,400,240,30,70,340,80,0.382445425766545,1987.21163542933,0.105263157894737,54
377,2015,"המעפיל","המעפיל",32.377769,34.9835834,98.2178384297582,377,0,NA,NA,"no_red_alert",0.770577933450088,TRUE,2015,3474,"המעפיל","HAMA'PIL",1,"יהודי",810,390,420,260,50,50,350,100,0.382445425766545,2117.94924302336,0.123456790123457,50
377,2019,"המעפיל","המעפיל",32.377769,34.9835834,98.2178384297582,377,0,NA,NA,"no_red_alert",0.750793650793651,TRUE,2019.4,3471,"המעפיל","HAMA'PIL",1,"יהודי",869,423,446,270,73,66,347,111,0.382445425766545,2272.21961998432,0.127733026467204,NA
377,2019,"המעפיל","המעפיל",32.377769,34.9835834,98.2178384297582,377,0,NA,NA,"no_red_alert",0.773162939297125,TRUE,2019,3471,"המעפיל","HAMA'PIL",1,"יהודי",869,423,446,270,73,66,347,111,0.382445425766545,2272.21961998432,0.127733026467204,NA
377,2020,"המעפיל","המעפיל",32.377769,34.9835834,98.2178384297582,377,0,NA,NA,"no_red_alert",0.776729559748428,TRUE,2020,3473,"המעפיל","HAMA'PIL",1,"יהודי",856,427,435,258,78,77,339,104,0.382445425766545,2238.22784200987,0.121495327102804,NA
377,2021,"המעפיל","המעפיל",32.377769,34.9835834,98.2178384297582,377,0,NA,NA,"no_red_alert",0.74414976599064,TRUE,2021,3476,"המעפיל","HAMA'PIL",1,"יהודי",871,432,439,252,86,85,341,106,0.382445425766545,2277.44912428808,0.121699196326062,NA
377,2022,"המעפיל","המעפיל",32.377769,34.9835834,98.2178384297582,377,0,NA,NA,"no_red_alert",0.741935483870968,TRUE,2022,3475,"המעפיל","HAMA'PIL",1,"יהודי",870,430,440,236,103,84,342,105,0.382445425766545,2274.8343721362,0.120689655172414,NA
379,2009,"גאולים","גאולים",32.298462,34.946065,79.6048324873127,10018,1,227,5,"temporal_distance > 200",0.708688245315162,FALSE,2009,NA,NA,NA,NA,NA,NA,NA,NA,NA,NA,NA,NA,NA,NA,NA,NA,NA
379,2013,"גאולים","גאולים",32.298462,34.946065,79.6048324873127,10018,1,227,5,"temporal_distance > 200",0.697674418604651,FALSE,2013,3493,"גאולים","GE'ULIM",1,"יהודי",910,440,470,240,60,110,390,100,1.10705744301315,821.998899644443,0.10989010989011,63
379,2015,"גאולים","גאולים",32.298462,34.946065,79.6048324873127,10018,1,227,5,"temporal_distance > 200",0.816074188562597,TRUE,2015,3495,"גאולים","GE'ULIM",1,"יהודי",900,430,470,230,60,110,390,110,1.10705744301315,812.965944703295,0.122222222222222,61.5
379,2019,"גאולים","גאולים",32.298462,34.946065,79.6048324873127,10018,1,227,5,"temporal_distance > 200",0.763425253991292,TRUE,2019.4,3494,"גאולים","GE'ULIM",1,"יהודי",968,463,505,255,69,107,407,131,1.10705744301315,874.3900383031,0.135330578512397,NA
379,2019,"גאולים","גאולים",32.298462,34.946065,79.6048324873127,10018,1,227,5,"temporal_distance > 200",0.781710914454277,TRUE,2019,3494,"גאולים","GE'ULIM",1,"יהודי",968,463,505,255,69,107,407,131,1.10705744301315,874.3900383031,0.135330578512397,NA
379,2020,"גאולים","גאולים",32.298462,34.946065,79.6048324873127,10018,1,227,5,"temporal_distance > 200",0.739507959479016,TRUE,2020,3499,"גאולים","GE'ULIM",1,"יהודי",968,470,498,249,70,111,407,131,1.10705744301315,874.3900383031,0.135330578512397,NA
379,2021,"גאולים","גאולים",32.298462,34.946065,79.6048324873127,10018,1,227,5,"temporal_distance > 200",0.725714285714286,TRUE,2021,3490,"גאולים","GE'ULIM",1,"יהודי",986,473,512,247,71,117,418,133,1.10705744301315,890.649357197166,0.134888438133874,NA
379,2022,"גאולים","גאולים",32.298462,34.946065,79.6048324873127,10018,1,227,5,"temporal_distance > 200",0.73370319001387,TRUE,2022,3498,"גאולים","GE'ULIM",1,"יהודי",993,474,520,239,79,110,426,140,1.10705744301315,896.972425655969,0.14098690835851,NA
382,2009,"מכמורת","מכמורת",32.405747,34.8726429,96.3903823977223,382,0,NA,NA,"no_red_alert",0.670385395537525,FALSE,2009,NA,NA,NA,NA,NA,NA,NA,NA,NA,NA,NA,NA,NA,NA,NA,NA,NA
382,2013,"מכמורת","מכמורת",32.405747,34.8726429,96.3903823977223,382,0,NA,NA,"no_red_alert",0.698189134808853,FALSE,2013,3520,"מכמורת","MIKHMORET",1,"יהודי",1250,620,630,290,70,140,570,180,0.62838982998151,1989.21106033301,0.144,62
382,2015,"מכמורת","מכמורת",32.405747,34.8726429,96.3903823977223,382,0,NA,NA,"no_red_alert",0.708653846153846,TRUE,2015,3522,"מכמורת","MIKHMORET",1,"יהודי",1330,660,680,330,70,150,600,190,0.62838982998151,2116.52056819432,0.142857142857143,55
382,2019,"מכמורת","מכמורת",32.405747,34.8726429,96.3903823977223,382,0,NA,NA,"no_red_alert",0.700478468899521,TRUE,2019,3524,"מכמורת","MIKHMORET",1,"יהודי",1403,679,724,367,79,128,631,197,0.62838982998151,2232.69049411777,0.140413399857448,NA
382,2019,"מכמורת","מכמורת",32.405747,34.8726429,96.3903823977223,382,0,NA,NA,"no_red_alert",0.673933649289099,TRUE,2019.4,3524,"מכמורת","MIKHMORET",1,"יהודי",1403,679,724,367,79,128,631,197,0.62838982998151,2232.69049411777,0.140413399857448,NA
382,2020,"מכמורת","מכמורת",32.405747,34.8726429,96.3903823977223,382,0,NA,NA,"no_red_alert",0.664114832535885,TRUE,2020,3521,"מכמורת","MIKHMORET",1,"יהודי",1462,706,755,380,97,122,653,210,0.62838982998151,2326.58125616549,0.143638850889193,NA
382,2021,"מכמורת","מכמורת",32.405747,34.8726429,96.3903823977223,382,0,NA,NA,"no_red_alert",0.690140845070423,TRUE,2021,3526,"מכמורת","MIKHMORET",1,"יהודי",1504,720,784,398,103,129,671,204,0.62838982998151,2393.41874779268,0.13563829787234,NA
382,2022,"מכמורת","מכמורת",32.405747,34.8726429,96.3903823977223,382,0,NA,NA,"no_red_alert",0.677301731996354,TRUE,2022,3519,"מכמורת","MIKHMORET",1,"יהודי",1506,721,784,394,107,131,661,213,0.62838982998151,2396.60148548921,0.141434262948207,NA
383,2009,"עיןהנציב","עין הנצי""ב",32.4699205,35.502296,135.120712513163,383,1,6,1,"temporal_distance == 6",0.775656324582339,FALSE,2009,NA,NA,NA,NA,NA,NA,NA,NA,NA,NA,NA,NA,NA,NA,NA,NA,NA
383,2013,"עיןהנציב","עין הנצי""ב",32.4699205,35.502296,135.120712513163,383,1,6,1,"temporal_distance == 6",0.804295942720764,FALSE,2013,3535,"עין הנצי""ב","EN HANAZIV",1,"יהודי",610,260,350,170,90,100,180,70,1.03496269995717,589.393221635181,0.114754098360656,43.5
383,2015,"עיןהנציב","עין הנצי""ב",32.4699205,35.502296,135.120712513163,383,1,6,1,"temporal_distance == 6",0.776223776223776,TRUE,2015,3532,"עין הנצי""ב","EN HANAZIV",1,"יהודי",610,270,340,170,80,90,190,80,1.03496269995717,589.393221635181,0.131147540983607,55
383,2019,"עיןהנציב","עין הנצי""ב",32.4699205,35.502296,135.120712513163,383,1,6,1,"temporal_distance == 6",0.735849056603774,TRUE,2019.4,3538,"עין הנצי""ב","EN HANAZIV",1,"יהודי",604,264,340,193,59,73,193,84,1.03496269995717,583.595911258442,0.139072847682119,NA
383,2019,"עיןהנציב","עין הנצי""ב",32.4699205,35.502296,135.120712513163,383,1,6,1,"temporal_distance == 6",0.797297297297297,TRUE,2019,3538,"עין הנצי""ב","EN HANAZIV",1,"יהודי",604,264,340,193,59,73,193,84,1.03496269995717,583.595911258442,0.139072847682119,NA
383,2020,"עיןהנציב","עין הנצי""ב",32.4699205,35.502296,135.120712513163,383,1,6,1,"temporal_distance == 6",0.762672811059908,TRUE,2020,3541,"עין הנצי""ב","EN HANAZIV",1,"יהודי",609,261,348,190,72,72,188,87,1.03496269995717,588.427003239058,0.142857142857143,NA
383,2021,"עיןהנציב","עין הנצי""ב",32.4699205,35.502296,135.120712513163,383,1,6,1,"temporal_distance == 6",0.71824480369515,TRUE,2021,3531,"עין הנצי""ב","EN HANAZIV",1,"יהודי",621,270,351,196,74,72,188,92,1.03496269995717,600.021623992537,0.148148148148148,NA
383,2022,"עיןהנציב","עין הנצי""ב",32.4699205,35.502296,135.120712513163,383,1,6,1,"temporal_distance == 6",0.714611872146119,TRUE,2022,3539,"עין הנצי""ב","EN HANAZIV",1,"יהודי",641,279,361,199,81,79,192,91,1.03496269995717,619.345991915002,0.141965678627145,NA
386,2009,"בנידרור","בני דרור",32.2621054,34.9011449,82.7195974706597,386,1,227,5,"temporal_distance > 200",0.736520854526958,FALSE,2009,NA,NA,NA,NA,NA,NA,NA,NA,NA,NA,NA,NA,NA,NA,NA,NA,NA
386,2013,"בנידרור","בני דרור",32.2621054,34.9011449,82.7195974706597,386,1,227,5,"temporal_distance > 200",0.704457364341085,FALSE,2013,3557,"בני דרור","BENE DEROR",1,"יהודי",1210,530,670,170,70,130,380,470,0.702473533362217,1722.48482331944,0.388429752066116,63
386,2015,"בנידרור","בני דרור",32.2621054,34.9011449,82.7195974706597,386,1,227,5,"temporal_distance > 200",0.72147001934236,TRUE,2015,3563,"בני דרור","BENE DEROR",1,"יהודי",1220,530,680,190,60,130,390,450,0.702473533362217,1736.72023508241,0.368852459016393,63
386,2019,"בנידרור","בני דרור",32.2621054,34.9011449,82.7195974706597,386,1,227,5,"temporal_distance > 200",0.801792828685259,TRUE,2019,3561,"בני דרור","BENE DEROR",1,"יהודי",1171,516,655,183,46,92,363,487,0.702473533362217,1666.96671744385,0.415883859948762,NA
386,2019,"בנידרור","בני דרור",32.2621054,34.9011449,82.7195974706597,386,1,227,5,"temporal_distance > 200",0.800202839756592,TRUE,2019.4,3561,"בני דרור","BENE DEROR",1,"יהודי",1171,516,655,183,46,92,363,487,0.702473533362217,1666.96671744385,0.415883859948762,NA
386,2020,"בנידרור","בני דרור",32.2621054,34.9011449,82.7195974706597,386,1,227,5,"temporal_distance > 200",0.800203873598369,TRUE,2020,3555,"בני דרור","BENE DEROR",1,"יהודי",1209,533,676,182,47,100,355,525,0.702473533362217,1721.06128214314,0.43424317617866,NA
386,2021,"בנידרור","בני דרור",32.2621054,34.9011449,82.7195974706597,386,1,227,5,"temporal_distance > 200",0.586734693877551,TRUE,2021,3562,"בני דרור","BENE DEROR",1,"יהודי",1201,529,672,195,52,87,354,515,0.702473533362217,1709.67295273277,0.428809325562032,NA
386,2022,"בנידרור","בני דרור",32.2621054,34.9011449,82.7195974706597,386,1,227,5,"temporal_distance > 200",0.532307692307692,TRUE,2022,3566,"בני דרור","BENE DEROR",1,"יהודי",1196,521,676,185,52,84,350,525,0.702473533362217,1702.55524685128,0.438963210702341,NA
387,2009,"כפרמונש","כפר מונש",32.3477669,34.9160405,92.1830223479383,387,0,NA,NA,"no_red_alert",0.754807692307692,FALSE,2009,NA,NA,NA,NA,NA,NA,NA,NA,NA,NA,NA,NA,NA,NA,NA,NA,NA
387,2013,"כפרמונש","כפר מונש",32.3477669,34.9160405,92.1830223479383,387,0,NA,NA,"no_red_alert",0.80327868852459,FALSE,2013,3572,"כפר מונש","KEFAR MONASH",1,"יהודי",950,480,470,290,50,110,430,70,0.902202274282273,1052.97894616343,0.0736842105263158,63
387,2015,"כפרמונש","כפר מונש",32.3477669,34.9160405,92.1830223479383,387,0,NA,NA,"no_red_alert",0.794498381877023,TRUE,2015,3577,"כפר מונש","KEFAR MONASH",1,"יהודי",950,470,480,290,60,100,420,80,0.902202274282273,1052.97894616343,0.0842105263157895,60
387,2019,"כפרמונש","כפר מונש",32.3477669,34.9160405,92.1830223479383,387,0,NA,NA,"no_red_alert",0.788216560509554,TRUE,2019.4,3575,"כפר מונש","KEFAR MONASH",1,"יהודי",943,457,486,275,62,83,411,110,0.902202274282273,1045.22015392854,0.116648992576882,NA
387,2019,"כפרמונש","כפר מונש",32.3477669,34.9160405,92.1830223479383,387,0,NA,NA,"no_red_alert",0.764423076923077,TRUE,2019,3575,"כפר מונש","KEFAR MONASH",1,"יהודי",943,457,486,275,62,83,411,110,0.902202274282273,1045.22015392854,0.116648992576882,NA
387,2020,"כפרמונש","כפר מונש",32.3477669,34.9160405,92.1830223479383,387,0,NA,NA,"no_red_alert",0.734076433121019,TRUE,2020,3579,"כפר מונש","KEFAR MONASH",1,"יהודי",939,458,481,277,62,77,409,114,0.902202274282273,1040.78655836575,0.121405750798722,NA
387,2021,"כפרמונש","כפר מונש",32.3477669,34.9160405,92.1830223479383,387,0,NA,NA,"no_red_alert",0.744372990353698,TRUE,2021,3576,"כפר מונש","KEFAR MONASH",1,"יהודי",926,453,473,260,64,78,406,119,0.902202274282273,1026.37737278667,0.128509719222462,NA
387,2022,"כפרמונש","כפר מונש",32.3477669,34.9160405,92.1830223479383,387,0,NA,NA,"no_red_alert",0.751602564102564,TRUE,2022,3569,"כפר מונש","KEFAR MONASH",1,"יהודי",913,443,470,252,65,79,389,127,0.902202274282273,1011.96818720759,0.139101861993428,NA
388,2009,"כפרקיש","כפר קיש",32.6678364,35.4511275,148.753143608335,388,1,6,1,"temporal_distance == 6",0.686792452830189,FALSE,2009,NA,NA,NA,NA,NA,NA,NA,NA,NA,NA,NA,NA,NA,NA,NA,NA,NA
388,2013,"כפרקיש","כפר קיש",32.6678364,35.4511275,148.753143608335,388,1,6,1,"temporal_distance == 6",0.687687687687688,FALSE,2013,3588,"כפר קיש","KEFAR KISCH",1,"יהודי",480,250,230,150,30,60,230,30,0.966212437497487,496.785159631366,0.0625,18
388,2015,"כפרקיש","כפר קיש",32.6678364,35.4511275,148.753143608335,388,1,6,1,"temporal_distance == 6",0.74331550802139,TRUE,2015,3584,"כפר קיש","KEFAR KISCH",1,"יהודי",520,270,260,160,40,50,240,40,0.966212437497487,538.18392293398,0.0769230769230769,28
388,2019,"כפרקיש","כפר קיש",32.6678364,35.4511275,148.753143608335,388,1,6,1,"temporal_distance == 6",0.719817767653758,TRUE,2019.4,3590,"כפר קיש","KEFAR KISCH",1,"יהודי",619,321,298,179,48,68,256,0,0.966212437497487,640.645862107949,0,NA
388,2019,"כפרקיש","כפר קיש",32.6678364,35.4511275,148.753143608335,388,1,6,1,"temporal_distance == 6",0.752314814814815,TRUE,2019,3590,"כפר קיש","KEFAR KISCH",1,"יהודי",619,321,298,179,48,68,256,0,0.966212437497487,640.645862107949,0,NA
388,2020,"כפרקיש","כפר קיש",32.6678364,35.4511275,148.753143608335,388,1,6,1,"temporal_distance == 6",0.726244343891403,TRUE,2020,3583,"כפר קיש","KEFAR KISCH",1,"יהודי",664,344,315,190,50,80,269,0,0.966212437497487,687.219470823389,0,NA
388,2021,"כפרקיש","כפר קיש",32.6678364,35.4511275,148.753143608335,388,1,6,1,"temporal_distance == 6",0.715811965811966,TRUE,2021,3587,"כפר קיש","KEFAR KISCH",1,"יהודי",685,356,329,194,54,82,281,0,0.966212437497487,708.953821557262,0,NA
388,2022,"כפרקיש","כפר קיש",32.6678364,35.4511275,148.753143608335,388,1,6,1,"temporal_distance == 6",0.688391038696538,TRUE,2022,3589,"כפר קיש","KEFAR KISCH",1,"יהודי",686,362,325,191,53,87,278,0,0.966212437497487,709.988790639827,0,NA
389,2009,"בצרה","בצרה",32.212797,34.8800895,77.0220828941202,389,1,227,5,"temporal_distance > 200",0.7671875,FALSE,2009,NA,NA,NA,NA,NA,NA,NA,NA,NA,NA,NA,NA,NA,NA,NA,NA,NA
389,2013,"בצרה","בצרה",32.212797,34.8800895,77.0220828941202,389,1,227,5,"temporal_distance > 200",0.795093795093795,FALSE,2013,3604,"בצרה","BAZRA",1,"יהודי",1100,580,530,320,80,90,510,100,1.28760477125216,854.299412800622,0.0909090909090909,63
389,2015,"בצרה","בצרה",32.212797,34.8800895,77.0220828941202,389,1,227,5,"temporal_distance > 200",0.804630969609262,TRUE,2015,3595,"בצרה","BAZRA",1,"יהודי",1120,570,550,320,100,80,500,110,1.28760477125216,869.832129396997,0.0982142857142857,61
389,2019,"בצרה","בצרה",32.212797,34.8800895,77.0220828941202,389,1,227,5,"temporal_distance > 200",0.772200772200772,TRUE,2019.4,3600,"בצרה","BAZRA",1,"יהודי",1213,612,601,344,111,105,508,145,1.28760477125216,942.059261570141,0.119538334707337,NA
389,2019,"בצרה","בצרה",32.212797,34.8800895,77.0220828941202,389,1,227,5,"temporal_distance > 200",0.75,TRUE,2019,3600,"בצרה","BAZRA",1,"יהודי",1213,612,601,344,111,105,508,145,1.28760477125216,942.059261570141,0.119538334707337,NA
389,2020,"בצרה","בצרה",32.212797,34.8800895,77.0220828941202,389,1,227,5,"temporal_distance > 200",0.745123537061118,TRUE,2020,3599,"בצרה","BAZRA",1,"יהודי",1202,599,606,327,109,120,500,146,1.28760477125216,933.516267442134,0.121464226289517,NA
389,2021,"בצרה","בצרה",32.212797,34.8800895,77.0220828941202,389,1,227,5,"temporal_distance > 200",0.738853503184713,TRUE,2021,3597,"בצרה","BAZRA",1,"יהודי",1205,605,600,308,110,136,497,153,1.28760477125216,935.84617493159,0.126970954356846,NA
389,2022,"בצרה","בצרה",32.212797,34.8800895,77.0220828941202,389,1,227,5,"temporal_distance > 200",0.742927429274293,TRUE,2022,3598,"בצרה","BAZRA",1,"יהודי",1178,588,590,296,106,130,489,156,1.28760477125216,914.877007526484,0.132427843803056,NA
407,2009,"דברת","דברת",32.6475029,35.350178,141.534115895847,407,1,6,1,"temporal_distance == 6",0.649193548387097,FALSE,2009,NA,NA,NA,NA,NA,NA,NA,NA,NA,NA,NA,NA,NA,NA,NA,NA,NA
407,2013,"דברת","דברת",32.6475029,35.350178,141.534115895847,407,1,6,1,"temporal_distance == 6",0.733870967741935,FALSE,2013,3798,"דברת","DAVERAT",1,"יהודי",300,140,150,70,10,30,120,70,0.330312446372629,908.230989460104,0.233333333333333,61.3333333333333
407,2015,"דברת","דברת",32.6475029,35.350178,141.534115895847,407,1,6,1,"temporal_distance == 6",0.693617021276596,TRUE,2015,3791,"דברת","DAVERAT",1,"יהודי",350,180,180,110,20,30,140,60,0.330312446372629,1059.60282103679,0.171428571428571,58.6666666666667
407,2019,"דברת","דברת",32.6475029,35.350178,141.534115895847,407,1,6,1,"temporal_distance == 6",0.693290734824281,TRUE,2019.4,3795,"דברת","DAVERAT",1,"יהודי",493,245,249,177,30,25,196,66,0.330312446372629,1492.5262593461,0.133874239350913,NA
407,2019,"דברת","דברת",32.6475029,35.350178,141.534115895847,407,1,6,1,"temporal_distance == 6",0.682119205298013,TRUE,2019,3795,"דברת","DAVERAT",1,"יהודי",493,245,249,177,30,25,196,66,0.330312446372629,1492.5262593461,0.133874239350913,NA
407,2020,"דברת","דברת",32.6475029,35.350178,141.534115895847,407,1,6,1,"temporal_distance == 6",0.703363914373089,TRUE,2020,3797,"דברת","DAVERAT",1,"יהודי",520,263,252,196,32,24,212,56,0.330312446372629,1574.26704839751,0.107692307692308,NA
407,2021,"דברת","דברת",32.6475029,35.350178,141.534115895847,407,1,6,1,"temporal_distance == 6",0.729106628242075,TRUE,2021,3792,"דברת","DAVERAT",1,"יהודי",554,277,277,213,39,29,217,56,0.330312446372629,1677.19989386966,0.101083032490975,NA
407,2022,"דברת","דברת",32.6475029,35.350178,141.534115895847,407,1,6,1,"temporal_distance == 6",0.693548387096774,TRUE,2022,3790,"דברת","DAVERAT",1,"יהודי",563,283,280,215,43,29,221,55,0.330312446372629,1704.44682355346,0.0976909413854352,NA
417,2009,"יקום","יקום",32.2499656,34.8412091,79.2321364614451,417,1,227,5,"temporal_distance > 200",0.771894093686354,FALSE,2009,NA,NA,NA,NA,NA,NA,NA,NA,NA,NA,NA,NA,NA,NA,NA,NA,NA
417,2013,"יקום","יקום",32.2499656,34.8412091,79.2321364614451,417,1,227,5,"temporal_distance > 200",0.811881188118812,FALSE,2013,3904,"יקום","YAQUM",1,"יהודי",670,330,340,160,30,90,290,100,0.519009791025305,1290.91976988799,0.149253731343284,63
417,2015,"יקום","יקום",32.2499656,34.8412091,79.2321364614451,417,1,227,5,"temporal_distance > 200",0.803149606299213,TRUE,2015,3898,"יקום","YAQUM",1,"יהודי",710,350,360,170,40,80,320,100,0.519009791025305,1367.98960689623,0.140845070422535,61
417,2019,"יקום","יקום",32.2499656,34.8412091,79.2321364614451,417,1,227,5,"temporal_distance > 200",0.804832713754647,TRUE,2019,3897,"יקום","YAQUM",1,"יהודי",770,390,380,205,42,69,332,120,0.519009791025305,1483.59436240858,0.155844155844156,NA
417,2019,"יקום","יקום",32.2499656,34.8412091,79.2321364614451,417,1,227,5,"temporal_distance > 200",0.77634011090573,TRUE,2019.4,3897,"יקום","YAQUM",1,"יהודי",770,390,380,205,42,69,332,120,0.519009791025305,1483.59436240858,0.155844155844156,NA
417,2020,"יקום","יקום",32.2499656,34.8412091,79.2321364614451,417,1,227,5,"temporal_distance > 200",0.78348623853211,TRUE,2020,3900,"יקום","YAQUM",1,"יהודי",775,391,384,209,39,68,326,133,0.519009791025305,1493.22809203461,0.171612903225806,NA
417,2021,"יקום","יקום",32.2499656,34.8412091,79.2321364614451,417,1,227,5,"temporal_distance > 200",0.782374100719424,TRUE,2021,3903,"יקום","YAQUM",1,"יהודי",794,400,394,216,44,68,330,137,0.519009791025305,1529.83626461353,0.172544080604534,NA
417,2022,"יקום","יקום",32.2499656,34.8412091,79.2321364614451,417,1,227,5,"temporal_distance > 200",0.764298093587522,TRUE,2022,3905,"יקום","YAQUM",1,"יהודי",813,416,397,225,43,70,342,133,0.519009791025305,1566.44443719244,0.163591635916359,NA
418,2009,"בניציון","בני ציון",32.2178798,34.867371,77.1031642317786,418,1,227,10,"temporal_distance > 200",0.793363499245852,FALSE,2009,NA,NA,NA,NA,NA,NA,NA,NA,NA,NA,NA,NA,NA,NA,NA,NA,NA
418,2013,"בניציון","בני ציון",32.2178798,34.867371,77.1031642317786,418,1,227,10,"temporal_distance > 200",0.796565389696169,FALSE,2013,3918,"בני ציון","BENE ZIYYON",1,"יהודי",1350,680,670,400,100,130,610,100,1.99617449632588,676.293581790964,0.0740740740740741,63
418,2015,"בניציון","בני ציון",32.2178798,34.867371,77.1031642317786,418,1,227,10,"temporal_distance > 200",0.821561338289963,TRUE,2015,3917,"בני ציון","BENE ZIYYON",1,"יהודי",1390,680,710,410,110,140,610,130,1.99617449632588,696.331910140326,0.0935251798561151,59
418,2019,"בניציון","בני ציון",32.2178798,34.867371,77.1031642317786,418,1,227,10,"temporal_distance > 200",0.75121359223301,TRUE,2019,3909,"בני ציון","BENE ZIYYON",1,"יהודי",1370,670,700,350,136,157,564,163,1.99617449632588,686.312745965645,0.118978102189781,NA
418,2019,"בניציון","בני ציון",32.2178798,34.867371,77.1031642317786,418,1,227,10,"temporal_distance > 200",0.75750300120048,TRUE,2019.4,3909,"בני ציון","BENE ZIYYON",1,"יהודי",1370,670,700,350,136,157,564,163,1.99617449632588,686.312745965645,0.118978102189781,NA
418,2020,"בניציון","בני ציון",32.2178798,34.867371,77.1031642317786,418,1,227,10,"temporal_distance > 200",0.752955082742317,TRUE,2020,3911,"בני ציון","BENE ZIYYON",1,"יהודי",1348,655,692,333,135,158,556,166,1.99617449632588,675.291665373496,0.123145400593472,NA
418,2021,"בניציון","בני ציון",32.2178798,34.867371,77.1031642317786,418,1,227,10,"temporal_distance > 200",0.738317757009346,TRUE,2021,3906,"בני ציון","BENE ZIYYON",1,"יהודי",1334,655,679,318,130,163,551,173,1.99617449632588,668.278250451219,0.129685157421289,NA
418,2022,"בניציון","בני ציון",32.2178798,34.867371,77.1031642317786,418,1,227,10,"temporal_distance > 200",0.72196261682243,TRUE,2022,3913,"בני ציון","BENE ZIYYON",1,"יהודי",1322,665,657,293,135,172,543,179,1.99617449632588,662.266751946411,0.135400907715582,NA
422,2009,"חרבלאת","חרב לאת",32.4024316,34.917435,88.7866508836783,10016,0,NA,NA,"no_red_alert",0.784444444444444,FALSE,2009,NA,NA,NA,NA,NA,NA,NA,NA,NA,NA,NA,NA,NA,NA,NA,NA,NA
422,2013,"חרבלאת","חרב לאת",32.4024316,34.917435,88.7866508836783,10016,0,NA,NA,"no_red_alert",0.79957805907173,FALSE,2013,3956,"חרב לאת","HEREV LE'ET",1,"יהודי",840,530,310,190,200,100,280,60,0.642343020534109,1307.71250429644,0.0714285714285714,63
422,2015,"חרבלאת","חרב לאת",32.4024316,34.917435,88.7866508836783,10016,0,NA,NA,"no_red_alert",0.823529411764706,TRUE,2015,3957,"חרב לאת","HEREV LE'ET",1,"יהודי",850,530,320,200,140,160,290,70,0.642343020534109,1323.28051029997,0.0823529411764706,61.5
422,2019,"חרבלאת","חרב לאת",32.4024316,34.917435,88.7866508836783,10016,0,NA,NA,"no_red_alert",0.786948176583493,TRUE,2019,3947,"חרב לאת","HEREV LE'ET",1,"יהודי",972,645,327,184,267,141,285,93,0.642343020534109,1513.21018354303,0.095679012345679,NA
422,2019,"חרבלאת","חרב לאת",32.4024316,34.917435,88.7866508836783,10016,0,NA,NA,"no_red_alert",0.761194029850746,TRUE,2019.4,3947,"חרב לאת","HEREV LE'ET",1,"יהודי",972,645,327,184,267,141,285,93,0.642343020534109,1513.21018354303,0.095679012345679,NA
422,2020,"חרבלאת","חרב לאת",32.4024316,34.917435,88.7866508836783,10016,0,NA,NA,"no_red_alert",0.756855575868373,TRUE,2020,3952,"חרב לאת","HEREV LE'ET",1,"יהודי",928,588,342,211,203,120,293,101,0.642343020534109,1444.7109571275,0.108836206896552,NA
422,2021,"חרבלאת","חרב לאת",32.4024316,34.917435,88.7866508836783,10016,0,NA,NA,"no_red_alert",0.750877192982456,TRUE,2021,3951,"חרב לאת","HEREV LE'ET",1,"יהודי",932,587,345,191,195,151,290,104,0.642343020534109,1450.93815952891,0.111587982832618,NA
422,2022,"חרבלאת","חרב לאת",32.4024316,34.917435,88.7866508836783,10016,0,NA,NA,"no_red_alert",0.72572402044293,TRUE,2022,3950,"חרב לאת","HEREV LE'ET",1,"יהודי",940,585,355,200,189,131,310,109,0.642343020534109,1463.39256433173,0.115957446808511,NA
423,2009,"העוגן","העוגן",32.3628044,34.9236844,94.0164231438494,423,0,NA,NA,"no_red_alert",0.715044247787611,FALSE,2009,NA,NA,NA,NA,NA,NA,NA,NA,NA,NA,NA,NA,NA,NA,NA,NA,NA
423,2013,"העוגן","העוגן",32.3628044,34.9236844,94.0164231438494,423,0,NA,NA,"no_red_alert",0.728205128205128,FALSE,2013,3968,"העוגן","HAOGEN",1,"יהודי",830,410,420,180,20,100,360,170,0.40042944144464,2072.77466163723,0.204819277108434,61.5
423,2015,"העוגן","העוגן",32.3628044,34.9236844,94.0164231438494,423,0,NA,NA,"no_red_alert",0.766169154228856,TRUE,2015,3958,"העוגן","HAOGEN",1,"יהודי",860,420,440,190,20,100,370,180,0.40042944144464,2147.6942277205,0.209302325581395,58.25
423,2019,"העוגן","העוגן",32.3628044,34.9236844,94.0164231438494,423,0,NA,NA,"no_red_alert",0.752442996742671,TRUE,2019.4,3965,"העוגן","HAOGEN",1,"יהודי",922,453,469,245,29,77,390,182,0.40042944144464,2302.52799762594,0.197396963123644,NA
423,2019,"העוגן","העוגן",32.3628044,34.9236844,94.0164231438494,423,0,NA,NA,"no_red_alert",0.762295081967213,TRUE,2019,3965,"העוגן","HAOGEN",1,"יהודי",922,453,469,245,29,77,390,182,0.40042944144464,2302.52799762594,0.197396963123644,NA
423,2020,"העוגן","העוגן",32.3628044,34.9236844,94.0164231438494,423,0,NA,NA,"no_red_alert",0.744749596122779,TRUE,2020,3970,"העוגן","HAOGEN",1,"יהודי",933,462,469,245,38,72,395,183,0.40042944144464,2329.9985051898,0.196141479099678,NA
423,2021,"העוגן","העוגן",32.3628044,34.9236844,94.0164231438494,423,0,NA,NA,"no_red_alert",0.7424,TRUE,2021,3966,"העוגן","HAOGEN",1,"יהודי",952,467,485,243,41,76,403,188,0.40042944144464,2377.44756370921,0.197478991596639,NA
423,2022,"העוגן","העוגן",32.3628044,34.9236844,94.0164231438494,423,0,NA,NA,"no_red_alert",0.706336939721793,TRUE,2022,3960,"העוגן","HAOGEN",1,"יהודי",965,467,498,250,49,73,401,192,0.40042944144464,2409.91270901196,0.198963730569948,NA
425,2009,"משמרת","משמרת",32.227112,34.920827,79.3773675150477,425,1,227,5,"temporal_distance > 200",0.817325800376648,FALSE,2009,NA,NA,NA,NA,NA,NA,NA,NA,NA,NA,NA,NA,NA,NA,NA,NA,NA
425,2013,"משמרת","משמרת",32.227112,34.920827,79.3773675150477,425,1,227,5,"temporal_distance > 200",0.807291666666667,FALSE,2013,3994,"משמרת","MISHMERET",1,"יהודי",1020,530,490,350,80,90,450,60,2.63296659996936,387.395723140532,0.0588235294117647,63
425,2015,"משמרת","משמרת",32.227112,34.920827,79.3773675150477,425,1,227,5,"temporal_distance > 200",0.810289389067524,TRUE,2015,3989,"משמרת","MISHMERET",1,"יהודי",1050,540,510,340,90,100,470,70,2.63296659996936,398.789714997607,0.0666666666666667,60.75
425,2019,"משמרת","משמרת",32.227112,34.920827,79.3773675150477,425,1,227,5,"temporal_distance > 200",0.75920245398773,TRUE,2019.4,3992,"משמרת","MISHMERET",1,"יהודי",1059,527,532,290,122,101,452,93,2.63296659996936,402.207912554729,0.0878186968838527,NA
425,2019,"משמרת","משמרת",32.227112,34.920827,79.3773675150477,425,1,227,5,"temporal_distance > 200",0.803053435114504,TRUE,2019,3992,"משמרת","MISHMERET",1,"יהודי",1059,527,532,290,122,101,452,93,2.63296659996936,402.207912554729,0.0878186968838527,NA
425,2020,"משמרת","משמרת",32.227112,34.920827,79.3773675150477,425,1,227,5,"temporal_distance > 200",0.795144157814871,TRUE,2020,3995,"משמרת","MISHMERET",1,"יהודי",1044,508,537,265,124,123,444,88,2.63296659996936,396.510916626192,0.0842911877394636,NA
425,2021,"משמרת","משמרת",32.227112,34.920827,79.3773675150477,425,1,227,5,"temporal_distance > 200",0.796946564885496,TRUE,2021,3996,"משמרת","MISHMERET",1,"יהודי",1049,516,533,253,131,123,451,91,2.63296659996936,398.409915269038,0.0867492850333651,NA
425,2022,"משמרת","משמרת",32.227112,34.920827,79.3773675150477,425,1,227,5,"temporal_distance > 200",0.785819793205318,TRUE,2022,3987,"משמרת","MISHMERET",1,"יהודי",1058,526,531,252,132,130,446,97,2.63296659996936,401.82811282616,0.0916824196597354,NA
426,2009,"עיןכרמל","עין כרמל",32.675373,34.9548701,127.492252147805,426,1,232,1,"temporal_distance > 200",0.745762711864407,FALSE,2009,NA,NA,NA,NA,NA,NA,NA,NA,NA,NA,NA,NA,NA,NA,NA,NA,NA
426,2013,"עיןכרמל","עין כרמל",32.675373,34.9548701,127.492252147805,426,1,232,1,"temporal_distance > 200",0.822368421052632,FALSE,2013,4001,"עין כרמל","EN KARMEL",1,"יהודי",840,390,450,290,40,70,360,90,0.364654813825848,2303.54836451211,0.107142857142857,45
426,2015,"עיןכרמל","עין כרמל",32.675373,34.9548701,127.492252147805,426,1,232,1,"temporal_distance > 200",0.8,TRUE,2015,4003,"עין כרמל","EN KARMEL",1,"יהודי",890,420,470,300,60,70,390,80,0.364654813825848,2440.66433859021,0.0898876404494382,49
426,2019,"עיןכרמל","עין כרמל",32.675373,34.9548701,127.492252147805,426,1,232,1,"temporal_distance > 200",0.800383877159309,TRUE,2019,4009,"עין כרמל","EN KARMEL",1,"יהודי",922,433,489,275,79,75,397,97,0.364654813825848,2528.4185620002,0.105206073752712,NA
426,2019,"עיןכרמל","עין כרמל",32.675373,34.9548701,127.492252147805,426,1,232,1,"temporal_distance > 200",0.774378585086042,TRUE,2019.4,4009,"עין כרמל","EN KARMEL",1,"יהודי",922,433,489,275,79,75,397,97,0.364654813825848,2528.4185620002,0.105206073752712,NA
426,2020,"עיןכרמל","עין כרמל",32.675373,34.9548701,127.492252147805,426,1,232,1,"temporal_distance > 200",0.771428571428571,TRUE,2020,4006,"עין כרמל","EN KARMEL",1,"יהודי",926,436,485,266,81,80,403,96,0.364654813825848,2539.38783992645,0.103671706263499,NA
426,2021,"עיןכרמל","עין כרמל",32.675373,34.9548701,127.492252147805,426,1,232,1,"temporal_distance > 200",0.78544776119403,TRUE,2021,4004,"עין כרמל","EN KARMEL",1,"יהודי",930,437,493,255,95,84,400,96,0.364654813825848,2550.3571178527,0.103225806451613,NA
426,2022,"עיןכרמל","עין כרמל",32.675373,34.9548701,127.492252147805,426,1,232,1,"temporal_distance > 200",0.74585635359116,TRUE,2022,4000,"עין כרמל","EN KARMEL",1,"יהודי",928,436,492,240,98,96,401,94,0.364654813825848,2544.87247888957,0.101293103448276,NA
427,2009,"כפרגלים","כפר גלים",32.7661495,34.959511,137.053142773443,427,0,NA,NA,"no_red_alert",0.632911392405063,FALSE,2009,NA,NA,NA,NA,NA,NA,NA,NA,NA,NA,NA,NA,NA,NA,NA,NA,NA
427,2013,"כפרגלים","כפר גלים",32.7661495,34.959511,137.053142773443,427,0,NA,NA,"no_red_alert",0.674698795180723,FALSE,2013,4012,"כפר גלים","KEFAR GALLIM",1,"יהודי",300,190,110,80,130,20,70,0,0.37004176804678,810.719291455971,0,62
427,2015,"כפרגלים","כפר גלים",32.7661495,34.959511,137.053142773443,427,0,NA,NA,"no_red_alert",0.714285714285714,TRUE,2015,4016,"כפר גלים","KEFAR GALLIM",1,"יהודי",290,180,120,80,130,20,60,0,0.37004176804678,783.695315074105,0,63
427,2019,"כפרגלים","כפר גלים",32.7661495,34.959511,137.053142773443,427,0,NA,NA,"no_red_alert",0.602040816326531,TRUE,2019.4,4020,"כפר גלים","KEFAR GALLIM",1,"יהודי",389,231,158,95,187,33,0,0,0.37004176804678,1051.23268125458,0,NA
427,2019,"כפרגלים","כפר גלים",32.7661495,34.959511,137.053142773443,427,0,NA,NA,"no_red_alert",0.685393258426966,TRUE,2019,4020,"כפר גלים","KEFAR GALLIM",1,"יהודי",389,231,158,95,187,33,0,0,0.37004176804678,1051.23268125458,0,NA
427,2020,"כפרגלים","כפר גלים",32.7661495,34.959511,137.053142773443,427,0,NA,NA,"no_red_alert",0.521276595744681,TRUE,2020,4017,"כפר גלים","KEFAR GALLIM",1,"יהודי",385,221,162,124,162,29,0,0,0.37004176804678,1040.42309070183,0,NA
427,2021,"כפרגלים","כפר גלים",32.7661495,34.959511,137.053142773443,427,0,NA,NA,"no_red_alert",0.547169811320755,TRUE,2021,4019,"כפר גלים","KEFAR GALLIM",1,"יהודי",380,221,159,89,182,35,0,0,0.37004176804678,1026.9111025109,0,NA
427,2022,"כפרגלים","כפר גלים",32.7661495,34.959511,137.053142773443,427,0,NA,NA,"no_red_alert",0.586206896551724,TRUE,2022,4011,"כפר גלים","KEFAR GALLIM",1,"יהודי",402,228,174,71,220,33,0,0,0.37004176804678,1086.363850551,0,NA
429,2009,"אלוניאבא","אלוני אבא",32.729211,35.170982,140.924768875033,429,1,6,1,"temporal_distance == 6",0.844282238442822,FALSE,2009,NA,NA,NA,NA,NA,NA,NA,NA,NA,NA,NA,NA,NA,NA,NA,NA,NA
429,2013,"אלוניאבא","אלוני אבא",32.729211,35.170982,140.924768875033,429,1,6,1,"temporal_distance == 6",0.84,FALSE,2013,4046,"אלוני אבא","ALLONE ABBA",1,"יהודי",980,480,500,380,70,60,420,40,0.892675148161718,1097.82377387576,0.0408163265306122,62
429,2015,"אלוניאבא","אלוני אבא",32.729211,35.170982,140.924768875033,429,1,6,1,"temporal_distance == 6",0.821603927986907,TRUE,2015,4036,"אלוני אבא","ALLONE ABBA",1,"יהודי",1000,490,510,350,90,80,430,50,0.892675148161718,1120.22834068955,0.05,55
429,2019,"אלוניאבא","אלוני אבא",32.729211,35.170982,140.924768875033,429,1,6,1,"temporal_distance == 6",0.795795795795796,TRUE,2019,4042,"אלוני אבא","ALLONE ABBA",1,"יהודי",992,500,492,275,132,107,396,83,0.892675148161718,1111.26651396403,0.0836693548387097,NA
429,2019,"אלוניאבא","אלוני אבא",32.729211,35.170982,140.924768875033,429,1,6,1,"temporal_distance == 6",0.775811209439528,TRUE,2019.4,4042,"אלוני אבא","ALLONE ABBA",1,"יהודי",992,500,492,275,132,107,396,83,0.892675148161718,1111.26651396403,0.0836693548387097,NA
429,2020,"אלוניאבא","אלוני אבא",32.729211,35.170982,140.924768875033,429,1,6,1,"temporal_distance == 6",0.777126099706745,TRUE,2020,4048,"אלוני אבא","ALLONE ABBA",1,"יהודי",992,497,487,260,131,120,394,87,0.892675148161718,1111.26651396403,0.0877016129032258,NA
429,2021,"אלוניאבא","אלוני אבא",32.729211,35.170982,140.924768875033,429,1,6,1,"temporal_distance == 6",0.754609929078014,TRUE,2021,4045,"אלוני אבא","ALLONE ABBA",1,"יהודי",1000,500,500,245,135,133,393,92,0.892675148161718,1120.22834068955,0.092,NA
429,2022,"אלוניאבא","אלוני אבא",32.729211,35.170982,140.924768875033,429,1,6,1,"temporal_distance == 6",0.73252688172043,TRUE,2022,4047,"אלוני אבא","ALLONE ABBA",1,"יהודי",990,501,489,228,134,136,399,0,0.892675148161718,1109.02605728266,0,NA
430,2009,"ביתלחםהגלילית","בית לחם הגלילית",32.7345175,35.1899475,141.740432818893,430,1,6,1,"temporal_distance == 6",0.757281553398058,FALSE,2009,NA,NA,NA,NA,NA,NA,NA,NA,NA,NA,NA,NA,NA,NA,NA,NA,NA
430,2013,"ביתלחםהגלילית","בית לחם הגלילית",32.7345175,35.1899475,141.740432818893,430,1,6,1,"temporal_distance == 6",0.774545454545455,FALSE,2013,4056,"בית לחם הגלילית","BET LEHEM HAGELILIT",1,"יהודי",780,390,390,200,60,110,350,60,2.1466627565665,363.354699108666,0.0769230769230769,60.5
430,2015,"ביתלחםהגלילית","בית לחם הגלילית",32.7345175,35.1899475,141.740432818893,430,1,6,1,"temporal_distance == 6",0.791071428571429,TRUE,2015,4049,"בית לחם הגלילית","BET LEHEM HAGELILIT",1,"יהודי",780,390,390,190,60,100,350,70,2.1466627565665,363.354699108666,0.0897435897435897,53.5
430,2019,"ביתלחםהגלילית","בית לחם הגלילית",32.7345175,35.1899475,141.740432818893,430,1,6,1,"temporal_distance == 6",0.736507936507937,TRUE,2019.4,4050,"בית לחם הגלילית","BET LEHEM HAGELILIT",1,"יהודי",843,419,425,212,56,104,365,107,2.1466627565665,392.702578652058,0.126927639383155,NA
430,2019,"ביתלחםהגלילית","בית לחם הגלילית",32.7345175,35.1899475,141.740432818893,430,1,6,1,"temporal_distance == 6",0.780998389694042,TRUE,2019,4050,"בית לחם הגלילית","BET LEHEM HAGELILIT",1,"יהודי",843,419,425,212,56,104,365,107,2.1466627565665,392.702578652058,0.126927639383155,NA
430,2020,"ביתלחםהגלילית","בית לחם הגלילית",32.7345175,35.1899475,141.740432818893,430,1,6,1,"temporal_distance == 6",0.723809523809524,TRUE,2020,4061,"בית לחם הגלילית","BET LEHEM HAGELILIT",1,"יהודי",836,418,413,208,60,105,352,111,2.1466627565665,389.441703147236,0.132775119617225,NA
430,2021,"ביתלחםהגלילית","בית לחם הגלילית",32.7345175,35.1899475,141.740432818893,430,1,6,1,"temporal_distance == 6",0.736757624398074,TRUE,2021,4051,"בית לחם הגלילית","BET LEHEM HAGELILIT",1,"יהודי",823,404,419,202,58,98,349,0,2.1466627565665,383.385791495425,0,NA
430,2022,"ביתלחםהגלילית","בית לחם הגלילית",32.7345175,35.1899475,141.740432818893,430,1,6,1,"temporal_distance == 6",0.743377483443709,TRUE,2022,4060,"בית לחם הגלילית","BET LEHEM HAGELILIT",1,"יהודי",824,403,420,197,65,94,338,0,2.1466627565665,383.851630853257,0,NA
433,2009,"נחשולים","נחשולים",32.616702,34.9198625,105.543844508831,10015,1,232,3,"temporal_distance > 200",0.750670241286863,FALSE,2009,NA,NA,NA,NA,NA,NA,NA,NA,NA,NA,NA,NA,NA,NA,NA,NA,NA
433,2013,"נחשולים","נחשולים",32.616702,34.9198625,105.543844508831,10015,1,232,3,"temporal_distance > 200",0.764705882352941,FALSE,2013,4092,"נחשולים","NAHSHOLIM",1,"יהודי",600,280,320,150,30,70,260,80,0.453237012311127,1323.8106855848,0.133333333333333,47
433,2015,"נחשולים","נחשולים",32.616702,34.9198625,105.543844508831,10015,1,232,3,"temporal_distance > 200",0.8,TRUE,2015,4097,"נחשולים","NAHSHOLIM",1,"יהודי",640,300,350,190,30,60,280,90,0.453237012311127,1412.06473129046,0.140625,35.5
433,2019,"נחשולים","נחשולים",32.616702,34.9198625,105.543844508831,10015,1,232,3,"temporal_distance > 200",0.779439252336449,TRUE,2019.4,4096,"נחשולים","NAHSHOLIM",1,"יהודי",687,314,373,200,42,60,293,91,0.453237012311127,1515.7632349946,0.132459970887918,NA
433,2019,"נחשולים","נחשולים",32.616702,34.9198625,105.543844508831,10015,1,232,3,"temporal_distance > 200",0.796610169491525,TRUE,2019,4096,"נחשולים","NAHSHOLIM",1,"יהודי",687,314,373,200,42,60,293,91,0.453237012311127,1515.7632349946,0.132459970887918,NA
433,2020,"נחשולים","נחשולים",32.616702,34.9198625,105.543844508831,10015,1,232,3,"temporal_distance > 200",0.754253308128544,TRUE,2020,4098,"נחשולים","NAHSHOLIM",1,"יהודי",697,315,381,203,46,57,296,95,0.453237012311127,1537.82674642101,0.136298421807747,NA
433,2021,"נחשולים","נחשולים",32.616702,34.9198625,105.543844508831,10015,1,232,3,"temporal_distance > 200",0.795158286778399,TRUE,2021,4090,"נחשולים","NAHSHOLIM",1,"יהודי",700,320,380,198,47,61,296,98,0.453237012311127,1544.44579984894,0.14,NA
433,2022,"נחשולים","נחשולים",32.616702,34.9198625,105.543844508831,10015,1,232,3,"temporal_distance > 200",0.76007326007326,TRUE,2022,4095,"נחשולים","NAHSHOLIM",1,"יהודי",704,320,383,203,49,56,301,95,0.453237012311127,1553.2712044195,0.134943181818182,NA
434,2009,"החותרים","החותרים",32.7524186,34.9572376,135.423655692412,434,0,NA,NA,"no_red_alert",0.720430107526882,FALSE,2009,NA,NA,NA,NA,NA,NA,NA,NA,NA,NA,NA,NA,NA,NA,NA,NA,NA
434,2013,"החותרים","החותרים",32.7524186,34.9572376,135.423655692412,434,0,NA,NA,"no_red_alert",0.775467775467775,FALSE,2013,4107,"החותרים","HAHOTERIM",1,"יהודי",660,340,320,160,30,70,300,100,0.378827819188269,1742.21629608462,0.151515151515152,54
434,2015,"החותרים","החותרים",32.7524186,34.9572376,135.423655692412,434,0,NA,NA,"no_red_alert",0.79324055666004,TRUE,2015,4110,"החותרים","HAHOTERIM",1,"יהודי",730,360,370,200,30,60,330,110,0.378827819188269,1926.99681233602,0.150684931506849,60
434,2019,"החותרים","החותרים",32.7524186,34.9572376,135.423655692412,434,0,NA,NA,"no_red_alert",0.786458333333333,TRUE,2019,4103,"החותרים","HAHOTERIM",1,"יהודי",858,418,440,267,36,65,370,0,0.378827819188269,2264.88118491,0,NA
434,2019,"החותרים","החותרים",32.7524186,34.9572376,135.423655692412,434,0,NA,NA,"no_red_alert",0.755102040816326,TRUE,2019.4,4103,"החותרים","HAHOTERIM",1,"יהודי",858,418,440,267,36,65,370,0,0.378827819188269,2264.88118491,0,NA
434,2020,"החותרים","החותרים",32.7524186,34.9572376,135.423655692412,434,0,NA,NA,"no_red_alert",0.774576271186441,TRUE,2020,4108,"החותרים","HAHOTERIM",1,"יהודי",874,430,443,270,37,64,376,127,0.378827819188269,2307.11673148175,0.145308924485126,NA
434,2021,"החותרים","החותרים",32.7524186,34.9572376,135.423655692412,434,0,NA,NA,"no_red_alert",0.77257525083612,TRUE,2021,4111,"החותרים","HAHOTERIM",1,"יהודי",915,459,456,287,40,67,386,133,0.378827819188269,2415.34531957186,0.145355191256831,NA
434,2022,"החותרים","החותרים",32.7524186,34.9572376,135.423655692412,434,0,NA,NA,"no_red_alert",0.752864157119476,TRUE,2022,4104,"החותרים","HAHOTERIM",1,"יהודי",903,455,448,278,44,68,377,137,0.378827819188269,2383.66865964305,0.15171650055371,NA
436,2009,"עיןדור","עין דור",32.6570405,35.417631,146.150035159886,436,1,6,1,"temporal_distance == 6",0.578796561604584,FALSE,2009,NA,NA,NA,NA,NA,NA,NA,NA,NA,NA,NA,NA,NA,NA,NA,NA,NA
436,2013,"עיןדור","עין דור",32.6570405,35.417631,146.150035159886,436,1,6,1,"temporal_distance == 6",0.644243208279431,FALSE,2013,4137,"עין דור","EN DOR",1,"יהודי",870,420,450,210,70,130,330,130,0.48854051263927,1780.81444116057,0.149425287356322,34.25
436,2015,"עיןדור","עין דור",32.6570405,35.417631,146.150035159886,436,1,6,1,"temporal_distance == 6",0.668957617411226,TRUE,2015,4132,"עין דור","EN DOR",1,"יהודי",990,480,510,270,50,130,380,150,0.48854051263927,2026.44401925169,0.151515151515152,43.25
436,2019,"עיןדור","עין דור",32.6570405,35.417631,146.150035159886,436,1,6,1,"temporal_distance == 6",0.658185840707965,TRUE,2019,4133,"עין דור","EN DOR",1,"יהודי",1031,513,518,328,42,100,402,160,0.48854051263927,2110.36745843282,0.155189136760427,NA
436,2019,"עיןדור","עין דור",32.6570405,35.417631,146.150035159886,436,1,6,1,"temporal_distance == 6",0.638274336283186,TRUE,2019.4,4133,"עין דור","EN DOR",1,"יהודי",1031,513,518,328,42,100,402,160,0.48854051263927,2110.36745843282,0.155189136760427,NA
436,2020,"עיןדור","עין דור",32.6570405,35.417631,146.150035159886,436,1,6,1,"temporal_distance == 6",0.625137816979052,TRUE,2020,4134,"עין דור","EN DOR",1,"יהודי",1046,526,521,330,58,92,410,156,0.48854051263927,2141.0711556942,0.149139579349904,NA
436,2021,"עיןדור","עין דור",32.6570405,35.417631,146.150035159886,436,1,6,1,"temporal_distance == 6",0.626898047722343,TRUE,2021,4136,"עין דור","EN DOR",1,"יהודי",1053,522,531,331,68,82,414,159,0.48854051263927,2155.39954774952,0.150997150997151,NA
436,2022,"עיןדור","עין דור",32.6570405,35.417631,146.150035159886,436,1,6,1,"temporal_distance == 6",0.617044228694714,TRUE,2022,4139,"עין דור","EN DOR",1,"יהודי",1056,530,526,327,66,83,418,162,0.48854051263927,2161.5402872018,0.153409090909091,NA
437,2009,"רשפים","רשפים",32.4817394,35.4771789,134.037211639143,437,1,6,1,"temporal_distance == 6",0.756302521008403,FALSE,2009,NA,NA,NA,NA,NA,NA,NA,NA,NA,NA,NA,NA,NA,NA,NA,NA,NA
437,2013,"רשפים","רשפים",32.4817394,35.4771789,134.037211639143,437,1,6,1,"temporal_distance == 6",0.76775956284153,FALSE,2013,4143,"רשפים","RESHAFIM",1,"יהודי",590,290,310,140,40,80,240,90,1.04999470807682,561.907593877926,0.152542372881356,49
437,2015,"רשפים","רשפים",32.4817394,35.4771789,134.037211639143,437,1,6,1,"temporal_distance == 6",0.79539641943734,TRUE,2015,4141,"רשפים","RESHAFIM",1,"יהודי",730,360,370,230,40,80,300,90,1.04999470807682,695.241599204891,0.123287671232877,55.5
437,2019,"רשפים","רשפים",32.4817394,35.4771789,134.037211639143,437,1,6,1,"temporal_distance == 6",0.819376026272578,TRUE,2019.4,4145,"רשפים","RESHAFIM",1,"יהודי",1089,561,528,409,54,86,443,99,1.04999470807682,1037.14808429332,0.0909090909090909,NA
437,2019,"רשפים","רשפים",32.4817394,35.4771789,134.037211639143,437,1,6,1,"temporal_distance == 6",0.833613445378151,TRUE,2019,4145,"רשפים","RESHAFIM",1,"יהודי",1089,561,528,409,54,86,443,99,1.04999470807682,1037.14808429332,0.0909090909090909,NA
437,2020,"רשפים","רשפים",32.4817394,35.4771789,134.037211639143,437,1,6,1,"temporal_distance == 6",0.811688311688312,TRUE,2020,4144,"רשפים","RESHAFIM",1,"יהודי",1152,592,559,448,55,91,459,99,1.04999470807682,1097.14838669046,0.0859375,NA
437,2021,"רשפים","רשפים",32.4817394,35.4771789,134.037211639143,437,1,6,1,"temporal_distance == 6",0.8125,TRUE,2021,4152,"רשפים","RESHAFIM",1,"יהודי",1200,615,584,463,64,96,469,106,1.04999470807682,1142.86290280256,0.0883333333333333,NA
437,2022,"רשפים","רשפים",32.4817394,35.4771789,134.037211639143,437,1,6,1,"temporal_distance == 6",0.789017341040462,TRUE,2022,4148,"רשפים","RESHAFIM",1,"יהודי",1256,645,610,482,82,93,494,105,1.04999470807682,1196.19650493335,0.0835987261146497,NA
439,2009,"שלוחות","שלוחות",32.471781,35.481756,133.187877921999,439,1,6,2,"temporal_distance == 6",0.686528497409326,FALSE,2009,NA,NA,NA,NA,NA,NA,NA,NA,NA,NA,NA,NA,NA,NA,NA,NA,NA
439,2013,"שלוחות","שלוחות",32.471781,35.481756,133.187877921999,439,1,6,2,"temporal_distance == 6",0.733502538071066,FALSE,2013,4153,"שלוחות","SHELUHOT",1,"יהודי",500,240,260,130,30,90,170,70,2.19332744247934,227.964138101878,0.14,50.6666666666667
439,2015,"שלוחות","שלוחות",32.471781,35.481756,133.187877921999,439,1,6,2,"temporal_distance == 6",0.737662337662338,TRUE,2015,4160,"שלוחות","SHELUHOT",1,"יהודי",470,220,260,120,30,80,170,70,2.19332744247934,214.286289815766,0.148936170212766,53
439,2019,"שלוחות","שלוחות",32.471781,35.481756,133.187877921999,439,1,6,2,"temporal_distance == 6",0.765193370165746,TRUE,2019,4155,"שלוחות","SHELUHOT",1,"יהודי",451,208,243,138,14,56,159,86,2.19332744247934,205.623652567894,0.190687361419069,NA
439,2019,"שלוחות","שלוחות",32.471781,35.481756,133.187877921999,439,1,6,2,"temporal_distance == 6",0.721910112359551,TRUE,2019.4,4155,"שלוחות","SHELUHOT",1,"יהודי",451,208,243,138,14,56,159,86,2.19332744247934,205.623652567894,0.190687361419069,NA
439,2020,"שלוחות","שלוחות",32.471781,35.481756,133.187877921999,439,1,6,2,"temporal_distance == 6",0.728813559322034,TRUE,2020,4159,"שלוחות","SHELUHOT",1,"יהודי",431,197,231,131,12,44,156,88,2.19332744247934,196.505087043819,0.204176334106729,NA
439,2021,"שלוחות","שלוחות",32.471781,35.481756,133.187877921999,439,1,6,2,"temporal_distance == 6",0.725663716814159,TRUE,2021,4164,"שלוחות","SHELUHOT",1,"יהודי",457,213,244,146,17,46,158,92,2.19332744247934,208.359222225117,0.201312910284464,NA
439,2022,"שלוחות","שלוחות",32.471781,35.481756,133.187877921999,439,1,6,2,"temporal_distance == 6",0.704678362573099,TRUE,2022,4165,"שלוחות","SHELUHOT",1,"יהודי",465,227,238,161,16,36,162,93,2.19332744247934,212.006648434747,0.2,NA
442,2009,"גדעונה","גדעונה",32.5482805,35.359388,125.570029694786,10008,1,6,2,"temporal_distance == 6",0.617283950617284,FALSE,2009,NA,NA,NA,NA,NA,NA,NA,NA,NA,NA,NA,NA,NA,NA,NA,NA,NA
442,2013,"גדעונה","גדעונה",32.5482805,35.359388,125.570029694786,10008,1,6,2,"temporal_distance == 6",0.674757281553398,FALSE,2013,4190,"גדעונה","GID'ONA",1,"יהודי",340,170,170,120,20,40,150,20,0.0737311824139807,4611.34609358347,0.0588235294117647,38
442,2015,"גדעונה","גדעונה",32.5482805,35.359388,125.570029694786,10008,1,6,2,"temporal_distance == 6",0.748031496062992,TRUE,2015,4182,"גדעונה","GID'ONA",1,"יהודי",410,210,200,140,20,50,170,30,0.0737311824139807,5560.74087755653,0.0731707317073171,45
442,2019,"גדעונה","גדעונה",32.5482805,35.359388,125.570029694786,10008,1,6,2,"temporal_distance == 6",0.690721649484536,TRUE,2019.4,4187,"גדעונה","GID'ONA",1,"יהודי",471,235,236,165,32,52,181,40,0.0737311824139807,6388.07061787592,0.0849256900212314,NA
442,2019,"גדעונה","גדעונה",32.5482805,35.359388,125.570029694786,10008,1,6,2,"temporal_distance == 6",0.737931034482759,TRUE,2019,4187,"גדעונה","GID'ONA",1,"יהודי",471,235,236,165,32,52,181,40,0.0737311824139807,6388.07061787592,0.0849256900212314,NA
442,2020,"גדעונה","גדעונה",32.5482805,35.359388,125.570029694786,10008,1,6,2,"temporal_distance == 6",0.774744027303754,TRUE,2020,4180,"גדעונה","GID'ONA",1,"יהודי",496,236,250,174,30,57,191,44,0.0737311824139807,6727.14018358059,0.0887096774193548,NA
442,2021,"גדעונה","גדעונה",32.5482805,35.359388,125.570029694786,10008,1,6,2,"temporal_distance == 6",0.738019169329074,TRUE,2021,4181,"גדעונה","GID'ONA",1,"יהודי",505,242,264,174,28,63,195,47,0.0737311824139807,6849.20522723427,0.0930693069306931,NA
442,2022,"גדעונה","גדעונה",32.5482805,35.359388,125.570029694786,10008,1,6,2,"temporal_distance == 6",0.721875,TRUE,2022,4191,"גדעונה","GID'ONA",1,"יהודי",509,243,266,174,30,64,196,0,0.0737311824139807,6903.45635774702,0,NA
444,2009,"רגבים","רגבים",32.5224645,35.0342945,114.880783569788,444,1,232,4,"temporal_distance > 200",0.607558139534884,FALSE,2009,NA,NA,NA,NA,NA,NA,NA,NA,NA,NA,NA,NA,NA,NA,NA,NA,NA
444,2013,"רגבים","רגבים",32.5224645,35.0342945,114.880783569788,444,1,232,4,"temporal_distance > 200",0.62089552238806,FALSE,2013,4210,"רגבים","REGAVIM",1,"יהודי",370,180,190,110,10,40,170,50,0.30496357381005,1213.25965385774,0.135135135135135,57
444,2015,"רגבים","רגבים",32.5224645,35.0342945,114.880783569788,444,1,232,4,"temporal_distance > 200",0.688654353562005,TRUE,2015,4212,"רגבים","REGAVIM",1,"יהודי",420,200,210,130,20,30,180,60,0.30496357381005,1377.21366113581,0.142857142857143,51
444,2019,"רגבים","רגבים",32.5224645,35.0342945,114.880783569788,444,1,232,4,"temporal_distance > 200",0.693975903614458,TRUE,2019.4,4211,"רגבים","REGAVIM",1,"יהודי",480,235,245,157,27,26,205,0,0.30496357381005,1573.9584698695,0,NA
444,2019,"רגבים","רגבים",32.5224645,35.0342945,114.880783569788,444,1,232,4,"temporal_distance > 200",0.697560975609756,TRUE,2019,4211,"רגבים","REGAVIM",1,"יהודי",480,235,245,157,27,26,205,0,0.30496357381005,1573.9584698695,0,NA
444,2020,"רגבים","רגבים",32.5224645,35.0342945,114.880783569788,444,1,232,4,"temporal_distance > 200",0.70048309178744,TRUE,2020,4213,"רגבים","REGAVIM",1,"יהודי",505,251,253,168,31,27,213,66,0.30496357381005,1655.93547350853,0.130693069306931,NA
444,2021,"רגבים","רגבים",32.5224645,35.0342945,114.880783569788,444,1,232,4,"temporal_distance > 200",0.668235294117647,TRUE,2021,4206,"רגבים","REGAVIM",1,"יהודי",528,253,275,179,35,24,220,70,0.30496357381005,1731.35431685645,0.132575757575758,NA
444,2022,"רגבים","רגבים",32.5224645,35.0342945,114.880783569788,444,1,232,4,"temporal_distance > 200",0.715883668903803,TRUE,2022,4205,"רגבים","REGAVIM",1,"יהודי",546,257,289,177,39,27,229,75,0.30496357381005,1790.37775947655,0.137362637362637,NA
445,2009,"רמותמנשה","רמות מנשה",32.596922,35.057061,122.862760479269,445,1,6,3,"temporal_distance == 6",0.747068676716918,FALSE,2009,NA,NA,NA,NA,NA,NA,NA,NA,NA,NA,NA,NA,NA,NA,NA,NA,NA
445,2013,"רמותמנשה","רמות מנשה",32.596922,35.057061,122.862760479269,445,1,6,3,"temporal_distance == 6",0.793882978723404,FALSE,2013,4222,"רמות מנשה","RAMOT MENASHE",1,"יהודי",1060,530,530,370,60,80,450,110,0.480008811424015,2208.29279540798,0.10377358490566,46
445,2015,"רמותמנשה","רמות מנשה",32.596922,35.057061,122.862760479269,445,1,6,3,"temporal_distance == 6",0.794871794871795,TRUE,2015,4227,"רמות מנשה","RAMOT MENASHE",1,"יהודי",1090,540,550,390,60,80,450,110,0.480008811424015,2270.79164810821,0.100917431192661,52
445,2019,"רמותמנשה","רמות מנשה",32.596922,35.057061,122.862760479269,445,1,6,3,"temporal_distance == 6",0.758745476477684,TRUE,2019.4,4229,"רמות מנשה","RAMOT MENASHE",1,"יהודי",1159,588,571,373,110,97,465,115,0.480008811424015,2414.53900931873,0.0992234685073339,NA
445,2019,"רמותמנשה","רמות מנשה",32.596922,35.057061,122.862760479269,445,1,6,3,"temporal_distance == 6",0.791717417783191,TRUE,2019,4229,"רמות מנשה","RAMOT MENASHE",1,"יהודי",1159,588,571,373,110,97,465,115,0.480008811424015,2414.53900931873,0.0992234685073339,NA
445,2020,"רמותמנשה","רמות מנשה",32.596922,35.057061,122.862760479269,445,1,6,3,"temporal_distance == 6",0.777514792899408,TRUE,2020,4220,"רמות מנשה","RAMOT MENASHE",1,"יהודי",1212,613,598,369,135,101,489,118,0.480008811424015,2524.95364908913,0.0973597359735974,NA
445,2021,"רמותמנשה","רמות מנשה",32.596922,35.057061,122.862760479269,445,1,6,3,"temporal_distance == 6",0.7847533632287,TRUE,2021,4224,"רמות מנשה","RAMOT MENASHE",1,"יהודי",1232,624,608,366,135,112,500,120,0.480008811424015,2566.61955088928,0.0974025974025974,NA
445,2022,"רמותמנשה","רמות מנשה",32.596922,35.057061,122.862760479269,445,1,6,3,"temporal_distance == 6",0.761596548004315,TRUE,2022,4218,"רמות מנשה","RAMOT MENASHE",1,"יהודי",1244,634,610,355,142,119,511,116,0.480008811424015,2591.61909196937,0.0932475884244373,NA
447,2009,"נורדיה","נורדיה",32.3149301,34.8960815,87.947131550637,447,0,NA,NA,"no_red_alert",0.732467532467532,FALSE,2009,NA,NA,NA,NA,NA,NA,NA,NA,NA,NA,NA,NA,NA,NA,NA,NA,NA
447,2013,"נורדיה","נורדיה",32.3149301,34.8960815,87.947131550637,447,0,NA,NA,"no_red_alert",0.758208955223881,FALSE,2013,4244,"נורדייה","NORDIYYA",1,"יהודי",2000,950,1050,270,120,290,730,590,1.00201056149711,1995.98694549865,0.295,63
447,2015,"נורדיה","נורדיה",32.3149301,34.8960815,87.947131550637,447,0,NA,NA,"no_red_alert",0.791396582203889,TRUE,2015,4253,"נורדייה","NORDIYYA",1,"יהודי",2010,950,1060,310,100,250,720,630,1.00201056149711,2005.96688022614,0.313432835820896,63
447,2019,"נורדיה","נורדיה",32.3149301,34.8960815,87.947131550637,447,0,NA,NA,"no_red_alert",0.766839378238342,TRUE,2019,4256,"נורדייה","NORDIYYA",1,"יהודי",1950,919,1031,349,64,200,649,688,1.00201056149711,1946.08727186118,0.352820512820513,NA
447,2019,"נורדיה","נורדיה",32.3149301,34.8960815,87.947131550637,447,0,NA,NA,"no_red_alert",0.755167958656331,TRUE,2019.4,4256,"נורדייה","NORDIYYA",1,"יהודי",1950,919,1031,349,64,200,649,688,1.00201056149711,1946.08727186118,0.352820512820513,NA
447,2020,"נורדיה","נורדיה",32.3149301,34.8960815,87.947131550637,447,0,NA,NA,"no_red_alert",0.763225806451613,TRUE,2020,4246,"נורדייה","NORDIYYA",1,"יהודי",2233,1068,1168,424,98,247,735,729,1.00201056149711,2228.51942464924,0.326466636811464,NA
447,2021,"נורדיה","נורדיה",32.3149301,34.8960815,87.947131550637,447,0,NA,NA,"no_red_alert",0.60328947368421,TRUE,2021,4250,"נורדייה","NORDIYYA",1,"יהודי",1924,911,1013,365,83,155,633,686,1.00201056149711,1920.1394415697,0.356548856548857,NA
447,2022,"נורדיה","נורדיה",32.3149301,34.8960815,87.947131550637,447,0,NA,NA,"no_red_alert",0.606139777922926,TRUE,2022,4249,"נורדייה","NORDIYYA",1,"יהודי",1991,938,1053,374,91,142,644,740,1.00201056149711,1987.0050042439,0.371672526368659,NA
452,2009,"יזרעאל","יזרעאל",32.5616544,35.321591,132.453897345019,452,1,6,1,"temporal_distance == 6",0.60427807486631,FALSE,2009,NA,NA,NA,NA,NA,NA,NA,NA,NA,NA,NA,NA,NA,NA,NA,NA,NA
452,2013,"יזרעאל","יזרעאל",32.5616544,35.321591,132.453897345019,452,1,6,1,"temporal_distance == 6",0.579130434782609,FALSE,2013,4297,"יזרעאל","YIZRE'EL",1,"יהודי",550,270,280,140,40,70,200,110,0.429230058075137,1281.36413015074,0.2,44
452,2015,"יזרעאל","יזרעאל",32.5616544,35.321591,132.453897345019,452,1,6,1,"temporal_distance == 6",0.624778761061947,TRUE,2015,4306,"יזרעאל","YIZRE'EL",1,"יהודי",570,270,290,150,40,70,190,120,0.429230058075137,1327.95918942895,0.210526315789474,36.5
452,2019,"יזרעאל","יזרעאל",32.5616544,35.321591,132.453897345019,452,1,6,1,"temporal_distance == 6",0.625441696113074,TRUE,2019,4303,"יזרעאל","YIZRE'EL",1,"יהודי",553,263,290,148,35,61,189,120,0.429230058075137,1288.35338904247,0.216998191681736,NA
452,2019,"יזרעאל","יזרעאל",32.5616544,35.321591,132.453897345019,452,1,6,1,"temporal_distance == 6",0.606007067137809,TRUE,2019.4,4303,"יזרעאל","YIZRE'EL",1,"יהודי",553,263,290,148,35,61,189,120,0.429230058075137,1288.35338904247,0.216998191681736,NA
452,2020,"יזרעאל","יזרעאל",32.5616544,35.321591,132.453897345019,452,1,6,1,"temporal_distance == 6",0.604982206405694,TRUE,2020,4308,"יזרעאל","YIZRE'EL",1,"יהודי",552,258,292,144,38,53,196,121,0.429230058075137,1286.02363607856,0.219202898550725,NA
452,2021,"יזרעאל","יזרעאל",32.5616544,35.321591,132.453897345019,452,1,6,1,"temporal_distance == 6",0.617021276595745,TRUE,2021,4301,"יזרעאל","YIZRE'EL",1,"יהודי",535,254,282,133,40,48,190,122,0.429230058075137,1246.41783569208,0.22803738317757,NA
452,2022,"יזרעאל","יזרעאל",32.5616544,35.321591,132.453897345019,452,1,6,1,"temporal_distance == 6",0.624778761061947,TRUE,2022,4298,"יזרעאל","YIZRE'EL",1,"יהודי",542,259,283,137,41,42,199,122,0.429230058075137,1262.72610643946,0.225092250922509,NA
457,2009,"גזית","גזית",32.6379774,35.4475939,145.989871551574,457,1,6,1,"temporal_distance == 6",0.725978647686833,FALSE,2009,NA,NA,NA,NA,NA,NA,NA,NA,NA,NA,NA,NA,NA,NA,NA,NA,NA
457,2013,"גזית","גזית",32.6379774,35.4475939,145.989871551574,457,1,6,1,"temporal_distance == 6",0.754749568221071,FALSE,2013,4354,"גזית","GAZIT",1,"יהודי",640,310,330,120,30,90,250,140,0.62409805989074,1025.47987428777,0.21875,18
457,2015,"גזית","גזית",32.6379774,35.4475939,145.989871551574,457,1,6,1,"temporal_distance == 6",0.746575342465753,TRUE,2015,4353,"גזית","GAZIT",1,"יהודי",660,320,340,140,30,80,260,150,0.62409805989074,1057.52612035927,0.227272727272727,23
457,2019,"גזית","גזית",32.6379774,35.4475939,145.989871551574,457,1,6,1,"temporal_distance == 6",0.729001584786054,TRUE,2019,4351,"גזית","GAZIT",1,"יהודי",743,359,384,189,47,67,294,0,0.62409805989074,1190.51804155596,0,NA
457,2019,"גזית","גזית",32.6379774,35.4475939,145.989871551574,457,1,6,1,"temporal_distance == 6",0.722662440570523,TRUE,2019.4,4351,"גזית","GAZIT",1,"יהודי",743,359,384,189,47,67,294,0,0.62409805989074,1190.51804155596,0,NA
457,2020,"גזית","גזית",32.6379774,35.4475939,145.989871551574,457,1,6,1,"temporal_distance == 6",0.710900473933649,TRUE,2020,4360,"גזית","GAZIT",1,"יהודי",771,371,396,192,40,85,296,158,0.62409805989074,1235.38278605605,0.204928664072633,NA
457,2021,"גזית","גזית",32.6379774,35.4475939,145.989871551574,457,1,6,1,"temporal_distance == 6",0.712977099236641,TRUE,2021,4359,"גזית","GAZIT",1,"יהודי",805,395,409,212,43,73,310,165,0.62409805989074,1289.86140437759,0.204968944099379,NA
457,2022,"גזית","גזית",32.6379774,35.4475939,145.989871551574,457,1,6,1,"temporal_distance == 6",0.685672514619883,TRUE,2022,4349,"גזית","GAZIT",1,"יהודי",807,391,416,213,44,71,315,166,0.62409805989074,1293.06602898474,0.205700123915737,NA
475,2009,"דחי","דחי",32.6210445,35.3441805,139.13122584857,475,1,6,1,"temporal_distance == 6",0.402816901408451,FALSE,2009,NA,NA,NA,NA,NA,NA,NA,NA,NA,NA,NA,NA,NA,NA,NA,NA,NA
475,2013,"דחי","דחי",32.6210445,35.3441805,139.13122584857,475,1,6,1,"temporal_distance == 6",0.389175257731959,FALSE,2013,4492,"דחי","DAHI",2,"לא יהודי",620,320,300,190,60,80,250,40,0.239168043845771,2592.31956757488,0.0645161290322581,48
475,2015,"דחי","דחי",32.6210445,35.3441805,139.13122584857,475,1,6,1,"temporal_distance == 6",0.603729603729604,TRUE,2015,4484,"דחי","DAHI",2,"לא יהודי",640,330,300,190,70,80,260,40,0.239168043845771,2675.94277943214,0.0625,59.75
475,2019,"דחי","דחי",32.6210445,35.3441805,139.13122584857,475,1,6,1,"temporal_distance == 6",0.538,TRUE,2019.4,4488,"דחי","DAHI",2,"לא יהודי",703,366,337,168,85,124,277,0,0.239168043845771,2939.35589678249,0,NA
475,2019,"דחי","דחי",32.6210445,35.3441805,139.13122584857,475,1,6,1,"temporal_distance == 6",0.276985743380855,TRUE,2019,4488,"דחי","DAHI",2,"לא יהודי",703,366,337,168,85,124,277,0,0.239168043845771,2939.35589678249,0,NA
475,2020,"דחי","דחי",32.6210445,35.3441805,139.13122584857,475,1,6,1,"temporal_distance == 6",0.571428571428571,TRUE,2020,4491,"דחי","DAHI",2,"לא יהודי",715,372,342,173,84,119,289,0,0.239168043845771,2989.52982389684,0,NA
475,2021,"דחי","דחי",32.6210445,35.3441805,139.13122584857,475,1,6,1,"temporal_distance == 6",0.200378071833648,TRUE,2021,4482,"דחי","DAHI",2,"לא יהודי",712,368,343,168,76,124,286,0,0.239168043845771,2976.98634211825,0,NA
475,2022,"דחי","דחי",32.6210445,35.3441805,139.13122584857,475,1,6,1,"temporal_distance == 6",0.399267399267399,TRUE,2022,4481,"דחי","DAHI",2,"לא יהודי",723,376,346,170,70,133,286,0,0.239168043845771,3022.97910863974,0,NA
478,2009,"אכסאל","אכסאל",32.673481,35.3319945,141.842191231777,478,1,6,2,"temporal_distance == 6",0.409474463360474,FALSE,2009,NA,NA,NA,NA,NA,NA,NA,NA,NA,NA,NA,NA,NA,NA,NA,NA,NA
478,2013,"אכסאל","אכסאל",32.673481,35.3319945,141.842191231777,478,1,6,2,"temporal_distance == 6",0.467401166558652,FALSE,2013,4503,"אכסאל","IKSAL",2,"לא יהודי",13090,6730,6360,4510,1440,2140,4540,460,9.09334711990552,1439.51394655833,0.0351413292589763,53.2857142857143
478,2015,"אכסאל","אכסאל",32.673481,35.3319945,141.842191231777,478,1,6,2,"temporal_distance == 6",0.663244353182752,TRUE,2015,4502,"אכסאל","IKSAL",2,"לא יהודי",13740,7090,6650,4500,1510,2370,4840,520,9.09334711990552,1510.99477660133,0.0378457059679767,56.9285714285714
478,2019,"אכסאל","אכסאל",32.673481,35.3319945,141.842191231777,478,1,6,2,"temporal_distance == 6",0.515850144092219,TRUE,2019,4506,"אכסאל","IKSAL",2,"לא יהודי",14784,7632,7152,4456,1595,2728,5313,693,9.09334711990552,1625.80398670117,0.046875,NA
478,2019,"אכסאל","אכסאל",32.673481,35.3319945,141.842191231777,478,1,6,2,"temporal_distance == 6",0.608659011903508,TRUE,2019.4,4506,"אכסאל","IKSAL",2,"לא יהודי",14784,7632,7152,4456,1595,2728,5313,693,9.09334711990552,1625.80398670117,0.046875,NA
478,2020,"אכסאל","אכסאל",32.673481,35.3319945,141.842191231777,478,1,6,2,"temporal_distance == 6",0.679983397322818,TRUE,2020,4500,"אכסאל","IKSAL",2,"לא יהודי",14940,7719,7216,4407,1577,2814,5417,725,9.09334711990552,1642.95938591149,0.0485274431057564,NA
478,2021,"אכסאל","אכסאל",32.673481,35.3319945,141.842191231777,478,1,6,2,"temporal_distance == 6",0.427910717876533,TRUE,2021,4505,"אכסאל","IKSAL",2,"לא יהודי",15146,7831,7315,4393,1557,2878,5543,775,9.09334711990552,1665.61331050974,0.0511686253796382,NA
478,2022,"אכסאל","אכסאל",32.673481,35.3319945,141.842191231777,478,1,6,2,"temporal_distance == 6",0.508315606265713,TRUE,2022,4495,"אכסאל","IKSAL",2,"לא יהודי",15336,7904,7432,4337,1547,2928,5698,827,9.09334711990552,1686.50770698384,0.053925404277517,NA
489,2009,"דבוריה","דבוריה",32.68957,35.3669895,145.614246390327,489,1,6,1,"temporal_distance == 6",0.633566978193146,FALSE,2009,NA,NA,NA,NA,NA,NA,NA,NA,NA,NA,NA,NA,NA,NA,NA,NA,NA
489,2013,"דבוריה","דבוריה",32.68957,35.3669895,145.614246390327,489,1,6,1,"temporal_distance == 6",0.58133472367049,FALSE,2013,4598,"דבורייה","DABURIYYA",2,"לא יהודי",9550,4870,4680,3150,930,1470,3460,540,5.04728773394138,1892.10532535709,0.056544502617801,51.2857142857143
489,2015,"דבוריה","דבוריה",32.68957,35.3669895,145.614246390327,489,1,6,1,"temporal_distance == 6",0.742838327296674,TRUE,2015,4587,"דבורייה","DABURIYYA",2,"לא יהודי",9890,5030,4860,3090,1070,1530,3600,600,5.04728773394138,1959.46823746404,0.0606673407482305,49
489,2019,"דבוריה","דבוריה",32.68957,35.3669895,145.614246390327,489,1,6,1,"temporal_distance == 6",0.548860171337302,TRUE,2019,4590,"דבורייה","DABURIYYA",2,"לא יהודי",10510,5370,5141,2970,1159,1810,3859,714,5.04728773394138,2082.30648895319,0.0679352997145576,NA
489,2019,"דבוריה","דבוריה",32.68957,35.3669895,145.614246390327,489,1,6,1,"temporal_distance == 6",0.644508255563532,TRUE,2019.4,4590,"דבורייה","DABURIYYA",2,"לא יהודי",10510,5370,5141,2970,1159,1810,3859,714,5.04728773394138,2082.30648895319,0.0679352997145576,NA
489,2020,"דבוריה","דבוריה",32.68957,35.3669895,145.614246390327,489,1,6,1,"temporal_distance == 6",0.699247052138088,TRUE,2020,4595,"דבורייה","DABURIYYA",2,"לא יהודי",10683,5443,5237,2953,1101,1907,3970,752,5.04728773394138,2116.58232364291,0.0703922119254891,NA
489,2021,"דבוריה","דבוריה",32.68957,35.3669895,145.614246390327,489,1,6,1,"temporal_distance == 6",0.478404401650619,TRUE,2021,4591,"דבורייה","DABURIYYA",2,"לא יהודי",10782,5491,5291,2934,1096,1900,4082,771,5.04728773394138,2136.19681863876,0.0715080690038954,NA
489,2022,"דבוריה","דבוריה",32.68957,35.3669895,145.614246390327,489,1,6,1,"temporal_distance == 6",0.563667912439936,TRUE,2022,4589,"דבורייה","DABURIYYA",2,"לא יהודי",10831,5541,5290,2872,1050,1919,4189,802,5.04728773394138,2145.90500303064,0.0740467177545933,NA
490,2009,"דייראלאסד","דייר אל-אסד",32.944313,35.2749165,149.500193330484,10056,0,NA,NA,"no_red_alert",NA,FALSE,2009,NA,NA,NA,NA,NA,NA,NA,NA,NA,NA,NA,NA,NA,NA,NA,NA,NA
490,2013,"דייראלאסד","דייר אל-אסד",32.944313,35.2749165,149.500193330484,10056,0,NA,NA,"no_red_alert",0.730146838477675,FALSE,2013,4605,"דייר אל-אסד","DEIR AL-ASAD",2,"לא יהודי",11300,5780,5520,3860,1220,1900,3840,480,5.08310436773074,2223.05095125259,0.0424778761061947,60.8
490,2015,"דייראלאסד","דייר אל-אסד",32.944313,35.2749165,149.500193330484,10056,0,NA,NA,"no_red_alert",0.801542776998597,TRUE,2015,4608,"דייר אל-אסד","DEIR AL-ASAD",2,"לא יהודי",11720,6020,5700,3860,1270,2020,4050,510,5.08310436773074,2305.67762377702,0.0435153583617747,57
490,2019,"דייראלאסד","דייר אל-אסד",32.944313,35.2749165,149.500193330484,10056,0,NA,NA,"no_red_alert",0.765701668302257,TRUE,2019.4,4610,"דייר אל-אסד","DEIR AL-ASAD",2,"לא יהודי",12514,6438,6077,3713,1357,2245,4534,663,5.08310436773074,2461.88138088273,0.052980661658942,NA
490,2019,"דייראלאסד","דייר אל-אסד",32.944313,35.2749165,149.500193330484,10056,0,NA,NA,"no_red_alert",0.734731876861966,TRUE,2019,4610,"דייר אל-אסד","DEIR AL-ASAD",2,"לא יהודי",12514,6438,6077,3713,1357,2245,4534,663,5.08310436773074,2461.88138088273,0.052980661658942,NA
490,2020,"דייראלאסד","דייר אל-אסד",32.944313,35.2749165,149.500193330484,10056,0,NA,NA,"no_red_alert",0.837841130604289,TRUE,2020,4604,"דייר אל-אסד","DEIR AL-ASAD",2,"לא יהודי",12733,6530,6201,3699,1337,2336,4677,684,5.08310436773074,2504.96528869904,0.0537186837351763,NA
490,2021,"דייראלאסד","דייר אל-אסד",32.944313,35.2749165,149.500193330484,10056,0,NA,NA,"no_red_alert",0.613751621653497,TRUE,2021,4611,"דייר אל-אסד","DEIR AL-ASAD",2,"לא יהודי",12935,6642,6293,3659,1384,2347,4825,719,5.08310436773074,2544.70478357984,0.055585620409741,NA
490,2022,"דייראלאסד","דייר אל-אסד",32.944313,35.2749165,149.500193330484,10056,0,NA,NA,"no_red_alert",0.698072805139186,TRUE,2022,4607,"דייר אל-אסד","DEIR AL-ASAD",2,"לא יהודי",13078,6706,6372,3627,1342,2399,4950,759,5.08310436773074,2572.83719827269,0.0580363970025998,NA
494,2009,"דאליתאלכרמל","דאלית אל-כרמל",32.69599,35.0510041,132.2484322558,494,1,232,1,"temporal_distance > 200",0.448327827044572,FALSE,2009,NA,NA,NA,NA,NA,NA,NA,NA,NA,NA,NA,NA,NA,NA,NA,NA,NA
494,2013,"דאליתאלכרמל","דאלית אל-כרמל",32.69599,35.0510041,132.2484322558,494,1,232,1,"temporal_distance > 200",0.578799927706488,FALSE,2013,4639,"דאלית אל-כרמל","DALIYAT AL-KARMEL",2,"לא יהודי",16250,8250,8000,4190,1400,2710,7020,920,8.97240781457225,1811.10804767568,0.0566153846153846,53.9090909090909
494,2015,"דאליתאלכרמל","דאלית אל-כרמל",32.69599,35.0510041,132.2484322558,494,1,232,1,"temporal_distance > 200",0.586406425425339,TRUE,2015,4645,"דאלית אל-כרמל","DALIYAT AL-KARMEL",2,"לא יהודי",16780,8540,8240,4220,1440,2770,7280,1070,8.97240781457225,1870.17803323064,0.0637663885578069,51.9090909090909
494,2019,"דאליתאלכרמל","דאלית אל-כרמל",32.69599,35.0510041,132.2484322558,494,1,232,1,"temporal_distance > 200",0.597693786034593,TRUE,2019,4644,"דאלית אל-כרמל","DALIYAT AL-KARMEL",2,"לא יהודי",17653,8979,8674,4205,1386,2809,7885,1369,8.97240781457225,1967.47633019193,0.0775505579788138,NA
494,2019,"דאליתאלכרמל","דאלית אל-כרמל",32.69599,35.0510041,132.2484322558,494,1,232,1,"temporal_distance > 200",0.593290404642658,TRUE,2019.4,4644,"דאלית אל-כרמל","DALIYAT AL-KARMEL",2,"לא יהודי",17653,8979,8674,4205,1386,2809,7885,1369,8.97240781457225,1967.47633019193,0.0775505579788138,NA
494,2020,"דאליתאלכרמל","דאלית אל-כרמל",32.69599,35.0510041,132.2484322558,494,1,232,1,"temporal_distance > 200",0.563302607736548,TRUE,2020,4648,"דאלית אל-כרמל","DALIYAT AL-KARMEL",2,"לא יהודי",17866,9087,8778,4193,1375,2795,8063,1440,8.97240781457225,1991.21577721685,0.0806000223888951,NA
494,2021,"דאליתאלכרמל","דאלית אל-כרמל",32.69599,35.0510041,132.2484322558,494,1,232,1,"temporal_distance > 200",0.400571914367416,TRUE,2021,4642,"דאלית אל-כרמל","DALIYAT AL-KARMEL",2,"לא יהודי",18061,9168,8893,4161,1406,2787,8162,1543,8.97240781457225,2012.94907378896,0.08543270029345,NA
494,2022,"דאליתאלכרמל","דאלית אל-כרמל",32.69599,35.0510041,132.2484322558,494,1,232,1,"temporal_distance > 200",0.550758547814929,TRUE,2022,4638,"דאלית אל-כרמל","DALIYAT AL-KARMEL",2,"לא יהודי",18190,9240,8950,4100,1433,2737,8301,1619,8.97240781457225,2027.32648536743,0.0890049477735019,NA
497,2009,"טייבהבעמק","טייבה (בעמק)",32.6030136,35.4457815,125.570029694786,10008,1,6,1,"temporal_distance == 6",0.733175914994097,FALSE,2009,NA,NA,NA,NA,NA,NA,NA,NA,NA,NA,NA,NA,NA,NA,NA,NA,NA
497,2013,"טייבהבעמק","טייבה (בעמק)",32.6030136,35.4457815,125.570029694786,10008,1,6,1,"temporal_distance == 6",0.64968814968815,FALSE,2013,4672,"טייבה (בעמק)","TAYIBE(BAEMEQ)",2,"לא יהודי",1670,830,840,560,200,320,540,60,0.368358023084362,4533.63275765419,0.0359281437125748,27
497,2015,"טייבהבעמק","טייבה (בעמק)",32.6030136,35.4457815,125.570029694786,10008,1,6,1,"temporal_distance == 6",0.592979127134725,TRUE,2015,4671,"טייבה (בעמק)","TAYIBE(BAEMEQ)",2,"לא יהודי",1750,880,880,570,210,340,580,60,0.368358023084362,4750.8127699969,0.0342857142857143,24
497,2019,"טייבהבעמק","טייבה (בעמק)",32.6030136,35.4457815,125.570029694786,10008,1,6,1,"temporal_distance == 6",0.524979524979525,TRUE,2019.4,4674,"טייבה (בעמק)","TAYIBE(BAEMEQ)",2,"לא יהודי",1865,937,927,575,193,366,648,0,0.368358023084362,5063.00903773956,0,NA
497,2019,"טייבהבעמק","טייבה (בעמק)",32.6030136,35.4457815,125.570029694786,10008,1,6,1,"temporal_distance == 6",0.395641240569992,TRUE,2019,4674,"טייבה (בעמק)","TAYIBE(BAEMEQ)",2,"לא יהודי",1865,937,927,575,193,366,648,0,0.368358023084362,5063.00903773956,0,NA
497,2020,"טייבהבעמק","טייבה (בעמק)",32.6030136,35.4457815,125.570029694786,10008,1,6,1,"temporal_distance == 6",0.571544715447154,TRUE,2020,4667,"טייבה (בעמק)","TAYIBE(BAEMEQ)",2,"לא יהודי",1918,967,948,592,182,391,665,0,0.368358023084362,5206.89079591661,0,NA
497,2021,"טייבהבעמק","טייבה (בעמק)",32.6030136,35.4457815,125.570029694786,10008,1,6,1,"temporal_distance == 6",0.365141955835962,TRUE,2021,4668,"טייבה (בעמק)","TAYIBE(BAEMEQ)",2,"לא יהודי",1965,989,976,602,176,391,701,94,0.368358023084362,5334.48405316795,0.0478371501272265,NA
497,2022,"טייבהבעמק","טייבה (בעמק)",32.6030136,35.4457815,125.570029694786,10008,1,6,1,"temporal_distance == 6",0.461302681992337,TRUE,2022,4665,"טייבה (בעמק)","TAYIBE(BAEMEQ)",2,"לא יהודי",1986,1003,983,618,170,373,725,98,0.368358023084362,5391.49380640792,0.0493454179254783,NA
499,2009,"יפיע","יפיע",32.6835429,35.2709725,140.431890851216,499,1,6,1,"temporal_distance == 6",0.447860962566845,FALSE,2009,NA,NA,NA,NA,NA,NA,NA,NA,NA,NA,NA,NA,NA,NA,NA,NA,NA
499,2013,"יפיע","יפיע",32.6835429,35.2709725,140.431890851216,499,1,6,1,"temporal_distance == 6",0.555931583279978,FALSE,2013,4704,"יפיע","YAFI",2,"לא יהודי",17670,8880,8800,5570,1900,2870,6460,870,4.08033975277958,4330.52173852997,0.0492359932088285,61.8
499,2015,"יפיע","יפיע",32.6835429,35.2709725,140.431890851216,499,1,6,1,"temporal_distance == 6",0.647175678010019,TRUE,2015,4697,"יפיע","YAFI",2,"לא יהודי",18230,9160,9080,5540,1990,3050,6740,920,4.08033975277958,4467.76521185068,0.0504662643993417,61.4
499,2019,"יפיע","יפיע",32.6835429,35.2709725,140.431890851216,499,1,6,1,"temporal_distance == 6",0.446944336317633,TRUE,2019,4701,"יפיע","YAFI",2,"לא יהודי",19151,9664,9487,5288,1965,3468,7285,1145,4.08033975277958,4693.48170993704,0.0597880006265991,NA
499,2019,"יפיע","יפיע",32.6835429,35.2709725,140.431890851216,499,1,6,1,"temporal_distance == 6",0.616880621108463,TRUE,2019.4,4701,"יפיע","YAFI",2,"לא יהודי",19151,9664,9487,5288,1965,3468,7285,1145,4.08033975277958,4693.48170993704,0.0597880006265991,NA
499,2020,"יפיע","יפיע",32.6835429,35.2709725,140.431890851216,499,1,6,1,"temporal_distance == 6",0.66037020179032,TRUE,2020,4702,"יפיע","YAFI",2,"לא יהודי",19300,9778,9523,5220,1872,3557,7442,1209,4.08033975277958,4729.99827694559,0.0626424870466321,NA
499,2021,"יפיע","יפיע",32.6835429,35.2709725,140.431890851216,499,1,6,1,"temporal_distance == 6",0.422056631892697,TRUE,2021,4696,"יפיע","YAFI",2,"לא יהודי",19538,9901,9637,5221,1796,3659,7583,1279,4.08033975277958,4788.32675310688,0.0654621762718804,NA
499,2022,"יפיע","יפיע",32.6835429,35.2709725,140.431890851216,499,1,6,1,"temporal_distance == 6",0.494588744588745,TRUE,2022,4695,"יפיע","YAFI",2,"לא יהודי",19704,9980,9724,5163,1805,3607,7769,1359,4.08033975277958,4829.00963984124,0.0689707673568818,NA
511,2009,"עילוט","עילוט",32.7204481,35.2634865,143.17972498965,511,1,6,2,"temporal_distance == 6",0.414387308533917,FALSE,2009,NA,NA,NA,NA,NA,NA,NA,NA,NA,NA,NA,NA,NA,NA,NA,NA,NA
511,2013,"עילוט","עילוט",32.7204481,35.2634865,143.17972498965,511,1,6,2,"temporal_distance == 6",0.464491362763916,FALSE,2013,4805,"עילוט","ILUT",2,"לא יהודי",7290,3730,3570,2580,850,1230,2370,250,3.07729651107425,2368.96248826381,0.0342935528120713,63
511,2015,"עילוט","עילוט",32.7204481,35.2634865,143.17972498965,511,1,6,2,"temporal_distance == 6",0.433743016759777,TRUE,2015,4802,"עילוט","ILUT",2,"לא יהודי",7580,3890,3690,2630,810,1360,2520,270,3.07729651107425,2463.20105089708,0.0356200527704486,58.75
511,2019,"עילוט","עילוט",32.7204481,35.2634865,143.17972498965,511,1,6,2,"temporal_distance == 6",0.280876883930319,TRUE,2019,4801,"עילוט","ILUT",2,"לא יהודי",8356,4283,4073,2670,905,1588,2880,311,3.07729651107425,2715.37044608126,0.0372187649593107,NA
511,2019,"עילוט","עילוט",32.7204481,35.2634865,143.17972498965,511,1,6,2,"temporal_distance == 6",0.493431221020093,TRUE,2019.4,4801,"עילוט","ILUT",2,"לא יהודי",8356,4283,4073,2670,905,1588,2880,311,3.07729651107425,2715.37044608126,0.0372187649593107,NA
511,2020,"עילוט","עילוט",32.7204481,35.2634865,143.17972498965,511,1,6,2,"temporal_distance == 6",0.628163653663178,TRUE,2020,4808,"עילוט","ILUT",2,"לא יהודי",8536,4376,4161,2696,911,1623,2966,340,3.07729651107425,2773.86334702605,0.0398313027179007,NA
511,2021,"עילוט","עילוט",32.7204481,35.2634865,143.17972498965,511,1,6,2,"temporal_distance == 6",0.321790384969608,TRUE,2021,4811,"עילוט","ILUT",2,"לא יהודי",8654,4428,4226,2683,887,1663,3061,358,3.07729651107425,2812.20869320096,0.0413681534550497,NA
511,2022,"עילוט","עילוט",32.7204481,35.2634865,143.17972498965,511,1,6,2,"temporal_distance == 6",0.463978965819457,TRUE,2022,4807,"עילוט","ILUT",2,"לא יהודי",8863,4516,4347,2729,863,1708,3192,373,3.07729651107425,2880.12545040908,0.0420850727744556,NA
512,2009,"כפרמצר","כפר מצר",32.6433485,35.420842,145.610788268536,512,1,6,1,"temporal_distance == 6",0.451010886469673,FALSE,2009,NA,NA,NA,NA,NA,NA,NA,NA,NA,NA,NA,NA,NA,NA,NA,NA,NA
512,2013,"כפרמצר","כפר מצר",32.6433485,35.420842,145.610788268536,512,1,6,1,"temporal_distance == 6",0.510076441973593,FALSE,2013,4816,"כפר מצר","KAFAR MISR",2,"לא יהודי",2540,1320,1220,900,290,390,860,90,0.373338572855322,6803.47594563799,0.0354330708661417,27.75
512,2015,"כפרמצר","כפר מצר",32.6433485,35.420842,145.610788268536,512,1,6,1,"temporal_distance == 6",0.613029315960912,TRUE,2015,4814,"כפר מצר","KAFAR MISR",2,"לא יהודי",2600,1350,1240,860,330,420,900,90,0.373338572855322,6964.18797584991,0.0346153846153846,35
512,2019,"כפרמצר","כפר מצר",32.6433485,35.420842,145.610788268536,512,1,6,1,"temporal_distance == 6",0.651123595505618,TRUE,2019.4,4822,"כפר מצר","KAFAR MISR",2,"לא יהודי",2750,1424,1326,786,346,517,977,121,0.373338572855322,7365.96805137971,0.044,NA
512,2019,"כפרמצר","כפר מצר",32.6433485,35.420842,145.610788268536,512,1,6,1,"temporal_distance == 6",0.451170759565962,TRUE,2019,4822,"כפר מצר","KAFAR MISR",2,"לא יהודי",2750,1424,1326,786,346,517,977,121,0.373338572855322,7365.96805137971,0.044,NA
512,2020,"כפרמצר","כפר מצר",32.6433485,35.420842,145.610788268536,512,1,6,1,"temporal_distance == 6",0.650662251655629,TRUE,2020,4813,"כפר מצר","KAFAR MISR",2,"לא יהודי",2778,1447,1328,790,318,535,1004,131,0.373338572855322,7440.96699881194,0.0471562275017999,NA
512,2021,"כפרמצר","כפר מצר",32.6433485,35.420842,145.610788268536,512,1,6,1,"temporal_distance == 6",0.467024128686327,TRUE,2021,4815,"כפר מצר","KAFAR MISR",2,"לא יהודי",2805,1468,1338,770,311,546,1038,139,0.373338572855322,7513.28741240731,0.049554367201426,NA
512,2022,"כפרמצר","כפר מצר",32.6433485,35.420842,145.610788268536,512,1,6,1,"temporal_distance == 6",0.540832049306626,TRUE,2022,4821,"כפר מצר","KAFAR MISR",2,"לא יהודי",2828,1479,1349,758,304,561,1058,148,0.373338572855322,7574.89369065521,0.0523338048090523,NA
520,2009,"משהד","משהד",32.753298,35.3225836,148.138006108115,1061,1,6,1,"temporal_distance == 6",0.503885685635498,FALSE,2009,NA,NA,NA,NA,NA,NA,NA,NA,NA,NA,NA,NA,NA,NA,NA,NA,NA
520,2013,"משהד","משהד",32.753298,35.3225836,148.138006108115,1061,1,6,1,"temporal_distance == 6",0.563266199649737,FALSE,2013,4883,"משהד","MESHHED",2,"לא יהודי",7590,3880,3720,2610,850,1420,2410,310,7.18499330561727,1056.36841638615,0.0408432147562582,62.75
520,2015,"משהד","משהד",32.753298,35.3225836,148.138006108115,1061,1,6,1,"temporal_distance == 6",0.686773996331771,TRUE,2015,4878,"משהד","MESHHED",2,"לא יהודי",7860,4030,3830,2620,880,1460,2550,350,7.18499330561727,1093.9467394987,0.044529262086514,59.4166666666667
520,2019,"משהד","משהד",32.753298,35.3225836,148.138006108115,1061,1,6,1,"temporal_distance == 6",0.492769540545488,TRUE,2019,4879,"משהד","MESHHED",2,"לא יהודי",8373,4323,4051,2622,863,1603,2878,406,7.18499330561727,1165.34555341255,0.0484891914487042,NA
520,2019,"משהד","משהד",32.753298,35.3225836,148.138006108115,1061,1,6,1,"temporal_distance == 6",0.589563019140484,TRUE,2019.4,4879,"משהד","MESHHED",2,"לא יהודי",8373,4323,4051,2622,863,1603,2878,406,7.18499330561727,1165.34555341255,0.0484891914487042,NA
520,2020,"משהד","משהד",32.753298,35.3225836,148.138006108115,1061,1,6,1,"temporal_distance == 6",0.677753934191702,TRUE,2020,4886,"משהד","MESHHED",2,"לא יהודי",8485,4387,4100,2599,846,1655,2958,427,7.18499330561727,1180.93359855553,0.0503241013553329,NA
520,2021,"משהד","משהד",32.753298,35.3225836,148.138006108115,1061,1,6,1,"temporal_distance == 6",0.49608899704502,TRUE,2021,4881,"משהד","MESHHED",2,"לא יהודי",8655,4486,4169,2636,840,1650,3084,445,7.18499330561727,1204.59402421899,0.0514153668399769,NA
520,2022,"משהד","משהד",32.753298,35.3225836,148.138006108115,1061,1,6,1,"temporal_distance == 6",0.484259879437374,TRUE,2022,4890,"משהד","MESHHED",2,"לא יהודי",8771,4556,4214,2637,841,1637,3183,473,7.18499330561727,1220.73878525994,0.0539277163379318,NA
523,2009,"ניין","ניין",32.63478,35.3526654,137.194583443256,10066,1,6,1,"temporal_distance == 6",0.576719576719577,FALSE,2009,NA,NA,NA,NA,NA,NA,NA,NA,NA,NA,NA,NA,NA,NA,NA,NA,NA
523,2013,"ניין","ניין",32.63478,35.3526654,137.194583443256,10066,1,6,1,"temporal_distance == 6",0.744821092278719,FALSE,2013,4924,"ניין","NEIN",2,"לא יהודי",1730,860,860,540,210,260,630,90,0.464320557686493,3725.87422926057,0.0520231213872832,57.4
523,2015,"ניין","ניין",32.63478,35.3526654,137.194583443256,10066,1,6,1,"temporal_distance == 6",0.780678851174935,TRUE,2015,4919,"ניין","NEIN",2,"לא יהודי",1770,890,880,530,210,280,650,100,0.464320557686493,3812.02161028394,0.0564971751412429,60.4
523,2019,"ניין","ניין",32.63478,35.3526654,137.194583443256,10066,1,6,1,"temporal_distance == 6",0.520976353928299,TRUE,2019,4926,"ניין","NEIN",2,"לא יהודי",1876,937,940,486,199,356,707,127,0.464320557686493,4040.31216999586,0.0676972281449893,NA
523,2019,"ניין","ניין",32.63478,35.3526654,137.194583443256,10066,1,6,1,"temporal_distance == 6",0.6,TRUE,2019.4,4926,"ניין","NEIN",2,"לא יהודי",1876,937,940,486,199,356,707,127,0.464320557686493,4040.31216999586,0.0676972281449893,NA
523,2020,"ניין","ניין",32.63478,35.3526654,137.194583443256,10066,1,6,1,"temporal_distance == 6",0.655018587360595,TRUE,2020,4921,"ניין","NEIN",2,"לא יהודי",1898,956,943,476,204,364,721,133,0.464320557686493,4087.69322955871,0.0700737618545838,NA
523,2021,"ניין","ניין",32.63478,35.3526654,137.194583443256,10066,1,6,1,"temporal_distance == 6",0.539752005835157,TRUE,2021,4928,"ניין","NEIN",2,"לא יהודי",1959,986,973,500,196,375,753,134,0.464320557686493,4219.06798561934,0.0684022460439,NA
523,2022,"ניין","ניין",32.63478,35.3526654,137.194583443256,10066,1,6,1,"temporal_distance == 6",0.516597510373444,TRUE,2022,4925,"ניין","NEIN",2,"לא יהודי",1994,1000,994,507,183,388,767,147,0.464320557686493,4294.44694401479,0.0737211634904714,NA
524,2009,"נאעורה","נאעורה",32.614472,35.3916555,140.98120144874,524,1,6,1,"temporal_distance == 6",0.562264150943396,FALSE,2009,NA,NA,NA,NA,NA,NA,NA,NA,NA,NA,NA,NA,NA,NA,NA,NA,NA
524,2013,"נאעורה","נאעורה",32.614472,35.3916555,140.98120144874,524,1,6,1,"temporal_distance == 6",0.549166666666667,FALSE,2013,4943,"נאעורה","NA'URA",2,"לא יהודי",2030,1030,1010,760,180,320,710,70,0.710482072162955,2857.21495240544,0.0344827586206897,33
524,2015,"נאעורה","נאעורה",32.614472,35.3916555,140.98120144874,524,1,6,1,"temporal_distance == 6",0.615566037735849,TRUE,2015,4941,"נאעורה","NA'URA",2,"לא יהודי",2130,1080,1050,780,190,330,750,80,0.710482072162955,2997.96445745005,0.0375586854460094,44
524,2019,"נאעורה","נאעורה",32.614472,35.3916555,140.98120144874,524,1,6,1,"temporal_distance == 6",0.60854583046175,TRUE,2019.4,4932,"נאעורה","NA'URA",2,"לא יהודי",2324,1185,1138,775,268,358,818,107,0.710482072162955,3271.01849723658,0.0460413080895009,NA
524,2019,"נאעורה","נאעורה",32.614472,35.3916555,140.98120144874,524,1,6,1,"temporal_distance == 6",0.431386347642505,TRUE,2019,4932,"נאעורה","NA'URA",2,"לא יהודי",2324,1185,1138,775,268,358,818,107,0.710482072162955,3271.01849723658,0.0460413080895009,NA
524,2020,"נאעורה","נאעורה",32.614472,35.3916555,140.98120144874,524,1,6,1,"temporal_distance == 6",0.711368277739959,TRUE,2020,4938,"נאעורה","NA'URA",2,"לא יהודי",2350,1200,1145,753,270,387,830,110,0.710482072162955,3307.61336854817,0.0468085106382979,NA
524,2021,"נאעורה","נאעורה",32.614472,35.3916555,140.98120144874,524,1,6,1,"temporal_distance == 6",0.395424836601307,TRUE,2021,4933,"נאעורה","NA'URA",2,"לא יהודי",2393,1223,1170,759,258,413,845,119,0.710482072162955,3368.13565571735,0.0497283744254074,NA
524,2022,"נאעורה","נאעורה",32.614472,35.3916555,140.98120144874,524,1,6,1,"temporal_distance == 6",0.540880503144654,TRUE,2022,4937,"נאעורה","NA'URA",2,"לא יהודי",2421,1235,1186,749,261,409,874,128,0.710482072162955,3407.54551712984,0.0528707145807518,NA
526,2009,"סולם","סולם",32.6078275,35.3430585,137.194583443256,10066,1,6,1,"temporal_distance == 6",0.622309197651663,FALSE,2009,NA,NA,NA,NA,NA,NA,NA,NA,NA,NA,NA,NA,NA,NA,NA,NA,NA
526,2013,"סולם","סולם",32.6078275,35.3430585,137.194583443256,10066,1,6,1,"temporal_distance == 6",0.643908181283108,FALSE,2013,4957,"סולם","SULAM",2,"לא יהודי",2360,1190,1170,750,220,430,850,120,0.389428375702383,6060.16445448651,0.0508474576271186,35
526,2015,"סולם","סולם",32.6078275,35.3430585,137.194583443256,10066,1,6,1,"temporal_distance == 6",0.742920599666852,TRUE,2015,4960,"סולם","SULAM",2,"לא יהודי",2470,1250,1220,780,210,450,890,140,0.389428375702383,6342.62974685664,0.0566801619433198,56.6666666666667
526,2019,"סולם","סולם",32.6078275,35.3430585,137.194583443256,10066,1,6,1,"temporal_distance == 6",0.443482688391039,TRUE,2019,4959,"סולם","SULAM",2,"לא יהודי",2609,1308,1301,733,268,452,980,176,0.389428375702383,6699.56316176072,0.0674587964737447,NA
526,2019,"סולם","סולם",32.6078275,35.3430585,137.194583443256,10066,1,6,1,"temporal_distance == 6",0.614646464646465,TRUE,2019.4,4959,"סולם","SULAM",2,"לא יהודי",2609,1308,1301,733,268,452,980,176,0.389428375702383,6699.56316176072,0.0674587964737447,NA
526,2020,"סולם","סולם",32.6078275,35.3430585,137.194583443256,10066,1,6,1,"temporal_distance == 6",0.665009940357853,TRUE,2020,4968,"סולם","SULAM",2,"לא יהודי",2642,1318,1321,733,252,466,1008,183,0.389428375702383,6784.30274947176,0.0692657077971234,NA
526,2021,"סולם","סולם",32.6078275,35.3430585,137.194583443256,10066,1,6,1,"temporal_distance == 6",0.396726047183438,TRUE,2021,4965,"סולם","SULAM",2,"לא יהודי",2661,1328,1333,722,250,453,1047,188,0.389428375702383,6833.09220906296,0.0706501315295002,NA
526,2022,"סולם","סולם",32.6078275,35.3430585,137.194583443256,10066,1,6,1,"temporal_distance == 6",0.532303370786517,TRUE,2022,4966,"סולם","SULAM",2,"לא יהודי",2710,1357,1353,727,233,464,1094,192,0.389428375702383,6958.91765748239,0.0708487084870849,NA
532,2009,"עיןמאהל","עין מאהל",32.7182,35.3567744,147.774987664658,532,1,6,1,"temporal_distance == 6",0.558832758079699,FALSE,2009,NA,NA,NA,NA,NA,NA,NA,NA,NA,NA,NA,NA,NA,NA,NA,NA,NA
532,2013,"עיןמאהל","עין מאהל",32.7182,35.3567744,147.774987664658,532,1,6,1,"temporal_distance == 6",0.613648947951274,FALSE,2013,5042,"עין מאהל","EIN MAHEL",2,"לא יהודי",12070,6150,5920,4110,1260,2030,4220,440,5.20661346180887,2318.20550700276,0.0364540182270091,51.875
532,2015,"עיןמאהל","עין מאהל",32.7182,35.3567744,147.774987664658,532,1,6,1,"temporal_distance == 6",0.739665673189063,TRUE,2015,5043,"עין מאהל","EIN MAHEL",2,"לא יהודי",12480,6360,6120,3970,1430,2180,4420,490,5.20661346180887,2396.95151014038,0.0392628205128205,54.375
532,2019,"עיןמאהל","עין מאהל",32.7182,35.3567744,147.774987664658,532,1,6,1,"temporal_distance == 6",0.598337638998091,TRUE,2019.4,5049,"עין מאהל","EIN MAHEL",2,"לא יהודי",13335,6776,6560,3751,1562,2483,4907,634,5.20661346180887,2561.16573619567,0.0475440569928759,NA
532,2019,"עיןמאהל","עין מאהל",32.7182,35.3567744,147.774987664658,532,1,6,1,"temporal_distance == 6",0.4435318275154,TRUE,2019,5049,"עין מאהל","EIN MAHEL",2,"לא יהודי",13335,6776,6560,3751,1562,2483,4907,634,5.20661346180887,2561.16573619567,0.0475440569928759,NA
532,2020,"עיןמאהל","עין מאהל",32.7182,35.3567744,147.774987664658,532,1,6,1,"temporal_distance == 6",0.72952086553323,TRUE,2020,5045,"עין מאהל","EIN MAHEL",2,"לא יהודי",13567,6878,6688,3773,1458,2575,5063,698,5.20661346180887,2605.72445016623,0.0514483673619813,NA
532,2021,"עיןמאהל","עין מאהל",32.7182,35.3567744,147.774987664658,532,1,6,1,"temporal_distance == 6",0.402292693379044,TRUE,2021,5040,"עין מאהל","EIN MAHEL",2,"לא יהודי",13748,6975,6773,3755,1359,2705,5189,741,5.20661346180887,2640.48792960016,0.0538987489089322,NA
532,2022,"עיןמאהל","עין מאהל",32.7182,35.3567744,147.774987664658,532,1,6,1,"temporal_distance == 6",0.520644095788604,TRUE,2022,5048,"עין מאהל","EIN MAHEL",2,"לא יהודי",13931,7074,6856,3793,1267,2792,5285,794,5.20661346180887,2675.63553587866,0.0569951905821549,NA
534,2009,"עספיא","עספיא",32.7183395,35.0633676,135.180922731151,534,1,232,1,"temporal_distance > 200",NA,FALSE,2009,NA,NA,NA,NA,NA,NA,NA,NA,NA,NA,NA,NA,NA,NA,NA,NA,NA
534,2013,"עספיא","עספיא",32.7183395,35.0633676,135.180922731151,534,1,232,1,"temporal_distance > 200",0.498528847383907,FALSE,2013,5057,"עספיא","ISIFYA",2,"לא יהודי",11550,5830,5720,3050,980,1870,4830,810,7.18057087150781,1608.5072073907,0.0701298701298701,60.1111111111111
534,2015,"עספיא","עספיא",32.7183395,35.0633676,135.180922731151,534,1,232,1,"temporal_distance > 200",0.531299380089948,TRUE,2015,5053,"עספיא","ISIFYA",2,"לא יהודי",11790,5950,5830,2980,990,1890,5050,880,7.18057087150781,1641.93073377804,0.0746395250212044,54
534,2019,"עספיא","עספיא",32.7183395,35.0633676,135.180922731151,534,1,232,1,"temporal_distance > 200",0.571066828140482,TRUE,2019.4,5056,"עספיא","ISIFYA",2,"לא יהודי",12503,6296,6207,2915,1057,1920,5508,1103,7.18057087150781,1741.22646008709,0.0882188274814045,NA
534,2019,"עספיא","עספיא",32.7183395,35.0633676,135.180922731151,534,1,232,1,"temporal_distance > 200",0.504397194701102,TRUE,2019,5056,"עספיא","ISIFYA",2,"לא יהודי",12503,6296,6207,2915,1057,1920,5508,1103,7.18057087150781,1741.22646008709,0.0882188274814045,NA
534,2020,"עספיא","עספיא",32.7183395,35.0633676,135.180922731151,534,1,232,1,"temporal_distance > 200",0.560087241003272,TRUE,2020,5059,"עספיא","ISIFYA",2,"לא יהודי",12612,6355,6259,2896,1025,1958,5584,1149,7.18057087150781,1756.40631165467,0.0911037107516651,NA
534,2021,"עספיא","עספיא",32.7183395,35.0633676,135.180922731151,534,1,232,1,"temporal_distance > 200",0.416988416988417,TRUE,2021,5061,"עספיא","ISIFYA",2,"לא יהודי",12746,6419,6327,2851,1026,2007,5649,1213,7.18057087150781,1775.06778055427,0.0951671112505884,NA
534,2022,"עספיא","עספיא",32.7183395,35.0633676,135.180922731151,534,1,232,1,"temporal_distance > 200",0.517468619246862,TRUE,2022,5063,"עספיא","ISIFYA",2,"לא יהודי",12896,6498,6398,2859,1029,2003,5761,1245,7.18057087150781,1795.95748454636,0.0965415632754342,NA
537,2009,"פוריידיס","פוריידיס",32.597354,34.948224,119.370365497667,537,1,232,3,"temporal_distance > 200",0.393636930754835,FALSE,2009,NA,NA,NA,NA,NA,NA,NA,NA,NA,NA,NA,NA,NA,NA,NA,NA,NA
537,2013,"פוריידיס","פוריידיס",32.597354,34.948224,119.370365497667,537,1,232,3,"temporal_distance > 200",0.425750834260289,FALSE,2013,5103,"פוריידיס","FUREIDIS",2,"לא יהודי",11870,6020,5850,3920,1140,2050,4280,480,4.05764897766898,2925.339295076,0.0404380791912384,62.4285714285714
537,2015,"פוריידיס","פוריידיס",32.597354,34.948224,119.370365497667,537,1,232,3,"temporal_distance > 200",0.671302978611731,TRUE,2015,5098,"פוריידיס","FUREIDIS",2,"לא יהודי",12390,6260,6130,3930,1280,2070,4580,530,4.05764897766898,3053.49232232448,0.0427764326069411,58.4285714285714
537,2019,"פוריידיס","פוריידיס",32.597354,34.948224,119.370365497667,537,1,232,3,"temporal_distance > 200",0.557906976744186,TRUE,2019.4,5091,"פוריידיס","FUREIDIS",2,"לא יהודי",13247,6676,6571,3939,1350,2215,5083,660,4.05764897766898,3264.69836915516,0.0498226013437005,NA
537,2019,"פוריידיס","פוריידיס",32.597354,34.948224,119.370365497667,537,1,232,3,"temporal_distance > 200",0.640400471142521,TRUE,2019,5091,"פוריידיס","FUREIDIS",2,"לא יהודי",13247,6676,6571,3939,1350,2215,5083,660,4.05764897766898,3264.69836915516,0.0498226013437005,NA
537,2020,"פוריידיס","פוריידיס",32.597354,34.948224,119.370365497667,537,1,232,3,"temporal_distance > 200",0.60050597976081,TRUE,2020,5094,"פוריידיס","FUREIDIS",2,"לא יהודי",13450,6770,6680,3917,1281,2375,5188,689,4.05764897766898,3314.72733940793,0.0512267657992565,NA
537,2021,"פוריידיס","פוריידיס",32.597354,34.948224,119.370365497667,537,1,232,3,"temporal_distance > 200",0.290275599372619,TRUE,2021,5093,"פוריידיס","FUREIDIS",2,"לא יהודי",13570,6822,6748,3864,1260,2405,5302,736,4.05764897766898,3344.30111492681,0.0542372881355932,NA
537,2022,"פוריידיס","פוריידיס",32.597354,34.948224,119.370365497667,537,1,232,3,"temporal_distance > 200",0.387271937445699,TRUE,2022,5096,"פוריידיס","FUREIDIS",2,"לא יהודי",13722,6897,6825,3842,1255,2404,5441,780,4.05764897766898,3381.76123058406,0.0568430257979886,NA
541,2009,"גסראזרקא","ג'סר א-זרקא",32.538476,34.907846,111.927897642606,541,1,232,4,"temporal_distance > 200",0.222687122268712,FALSE,2009,NA,NA,NA,NA,NA,NA,NA,NA,NA,NA,NA,NA,NA,NA,NA,NA,NA
541,2013,"גסראזרקא","ג'סר א-זרקא",32.538476,34.907846,111.927897642606,541,1,232,4,"temporal_distance > 200",0.409551176792556,FALSE,2013,5143,"ג'סר א-זרקא","JISR AZ-ZARQA",2,"לא יהודי",13430,6660,6770,5190,1400,2330,4230,270,1.60407823874766,8372.40957179564,0.0201042442293373,63
541,2015,"גסראזרקא","ג'סר א-זרקא",32.538476,34.907846,111.927897642606,541,1,232,4,"temporal_distance > 200",0.580852156057495,TRUE,2015,5155,"ג'סר א-זרקא","JISR AZ-ZARQA",2,"לא יהודי",13960,6900,7060,5220,1520,2370,4520,330,1.60407823874766,8702.81739555229,0.0236389684813754,59
541,2019,"גסראזרקא","ג'סר א-זרקא",32.538476,34.907846,111.927897642606,541,1,232,4,"temporal_distance > 200",0.420127070569548,TRUE,2019.4,5154,"ג'סר א-זרקא","JISR AZ-ZARQA",2,"לא יהודי",14930,7427,7503,5151,1723,2627,4990,438,1.60407823874766,9307.52605412576,0.0293369055592766,NA
541,2019,"גסראזרקא","ג'סר א-זרקא",32.538476,34.907846,111.927897642606,541,1,232,4,"temporal_distance > 200",0.217721518987342,TRUE,2019,5154,"ג'סר א-זרקא","JISR AZ-ZARQA",2,"לא יהודי",14930,7427,7503,5151,1723,2627,4990,438,1.60407823874766,9307.52605412576,0.0293369055592766,NA
541,2020,"גסראזרקא","ג'סר א-זרקא",32.538476,34.907846,111.927897642606,541,1,232,4,"temporal_distance > 200",0.555418165467626,TRUE,2020,5146,"ג'סר א-זרקא","JISR AZ-ZARQA",2,"לא יהודי",15125,7530,7595,5109,1677,2741,5132,466,1.60407823874766,9429.09119682868,0.0308099173553719,NA
541,2021,"גסראזרקא","ג'סר א-זרקא",32.538476,34.907846,111.927897642606,541,1,232,4,"temporal_distance > 200",0.24455574912892,TRUE,2021,5147,"ג'סר א-זרקא","JISR AZ-ZARQA",2,"לא יהודי",15315,7646,7670,5068,1678,2798,5284,487,1.60407823874766,9547.53928459049,0.0317988899771466,NA
541,2022,"גסראזרקא","ג'סר א-זרקא",32.538476,34.907846,111.927897642606,541,1,232,4,"temporal_distance > 200",0.433786610878661,TRUE,2022,5148,"ג'סר א-זרקא","JISR AZ-ZARQA",2,"לא יהודי",15502,7736,7766,5035,1636,2882,5413,536,1.60407823874766,9664.11713938764,0.0345761837182299,NA
542,2009,"ריינה","ריינה",32.7292385,35.305657,146.258126854824,542,1,6,1,"temporal_distance == 6",0.462299278566442,FALSE,2009,NA,NA,NA,NA,NA,NA,NA,NA,NA,NA,NA,NA,NA,NA,NA,NA,NA
542,2013,"ריינה","ריינה",32.7292385,35.305657,146.258126854824,542,1,6,1,"temporal_distance == 6",0.536982866694526,FALSE,2013,5165,"ריינה","REINE",2,"לא יהודי",17760,8990,8770,5510,1980,2960,6500,800,10.8413270951527,1638.17582885592,0.045045045045045,62.4375
542,2015,"ריינה","ריינה",32.7292385,35.305657,146.258126854824,542,1,6,1,"temporal_distance == 6",0.639815992952922,TRUE,2015,5163,"ריינה","REINE",2,"לא יהודי",18480,9340,9140,5550,2140,3180,6740,870,10.8413270951527,1704.58836245819,0.0470779220779221,60.5
542,2019,"ריינה","ריינה",32.7292385,35.305657,146.258126854824,542,1,6,1,"temporal_distance == 6",0.460999201348833,TRUE,2019,5164,"ריינה","REINE",2,"לא יהודי",19001,9685,9316,5268,1996,3543,7103,1091,10.8413270951527,1752.64520968983,0.0574180306299668,NA
542,2019,"ריינה","ריינה",32.7292385,35.305657,146.258126854824,542,1,6,1,"temporal_distance == 6",0.57765068191817,TRUE,2019.4,5164,"ריינה","REINE",2,"לא יהודי",19001,9685,9316,5268,1996,3543,7103,1091,10.8413270951527,1752.64520968983,0.0574180306299668,NA
542,2020,"ריינה","ריינה",32.7292385,35.305657,146.258126854824,542,1,6,1,"temporal_distance == 6",0.67890870933893,TRUE,2020,5169,"ריינה","REINE",2,"לא יהודי",19140,9762,9377,5256,1911,3587,7228,1158,10.8413270951527,1765.46651826027,0.0605015673981191,NA
542,2021,"ריינה","ריינה",32.7292385,35.305657,146.258126854824,542,1,6,1,"temporal_distance == 6",0.452674897119342,TRUE,2021,5168,"ריינה","REINE",2,"לא יהודי",19265,9838,9427,5244,1850,3592,7365,1214,10.8413270951527,1776.99647201066,0.0630158318193615,NA
542,2022,"ריינה","ריינה",32.7292385,35.305657,146.258126854824,542,1,6,1,"temporal_distance == 6",0.527886947069153,TRUE,2022,5161,"ריינה","REINE",2,"לא יהודי",19397,9901,9496,5220,1781,3604,7470,1321,10.8413270951527,1789.17210317108,0.0681033149456101,NA
547,2009,"טמרהיזרעאל","טמרה (יזרעאל)",32.6343095,35.4044136,143.455540100791,547,1,6,1,"temporal_distance == 6",0.685560053981107,FALSE,2009,NA,NA,NA,NA,NA,NA,NA,NA,NA,NA,NA,NA,NA,NA,NA,NA,NA
547,2013,"טמרהיזרעאל","טמרה (יזרעאל)",32.6343095,35.4044136,143.455540100791,547,1,6,1,"temporal_distance == 6",0.504181600955794,FALSE,2013,5204,"טמרה (יזרעאל)","TAMRA (YIZRE'EL)",2,"לא יהודי",1460,740,730,530,170,200,510,50,0.2859297912759,5106.14858803297,0.0342465753424658,29
547,2015,"טמרהיזרעאל","טמרה (יזרעאל)",32.6343095,35.4044136,143.455540100791,547,1,6,1,"temporal_distance == 6",0.821714285714286,TRUE,2015,5208,"טמרה (יזרעאל)","TAMRA (YIZRE'EL)",2,"לא יהודי",1510,760,750,520,180,230,520,60,0.2859297912759,5281.01669036287,0.0397350993377483,37.5
547,2019,"טמרהיזרעאל","טמרה (יזרעאל)",32.6343095,35.4044136,143.455540100791,547,1,6,1,"temporal_distance == 6",0.548104956268222,TRUE,2019.4,5205,"טמרה (יזרעאל)","TAMRA (YIZRE'EL)",2,"לא יהודי",1601,801,801,504,184,251,581,0,0.2859297912759,5599.27663660328,0,NA
547,2019,"טמרהיזרעאל","טמרה (יזרעאל)",32.6343095,35.4044136,143.455540100791,547,1,6,1,"temporal_distance == 6",0.545454545454545,TRUE,2019,5205,"טמרה (יזרעאל)","TAMRA (YIZRE'EL)",2,"לא יהודי",1601,801,801,504,184,251,581,0,0.2859297912759,5599.27663660328,0,NA
547,2020,"טמרהיזרעאל","טמרה (יזרעאל)",32.6343095,35.4044136,143.455540100791,547,1,6,1,"temporal_distance == 6",0.693857965451056,TRUE,2020,5202,"טמרה (יזרעאל)","TAMRA (YIZRE'EL)",2,"לא יהודי",1623,809,811,500,159,286,594,84,0.2859297912759,5676.21860162843,0.0517560073937153,NA
547,2021,"טמרהיזרעאל","טמרה (יזרעאל)",32.6343095,35.4044136,143.455540100791,547,1,6,1,"temporal_distance == 6",0.425373134328358,TRUE,2021,5203,"טמרה (יזרעאל)","TAMRA (YIZRE'EL)",2,"לא יהודי",1656,823,833,491,157,307,610,91,0.2859297912759,5791.63154916617,0.054951690821256,NA
547,2022,"טמרהיזרעאל","טמרה (יזרעאל)",32.6343095,35.4044136,143.455540100791,547,1,6,1,"temporal_distance == 6",0.457399103139013,TRUE,2022,5200,"טמרה (יזרעאל)","TAMRA (YIZRE'EL)",2,"לא יהודי",1677,843,834,497,147,318,615,101,0.2859297912759,5865.07615214472,0.060226595110316,NA
549,2009,"גנותהדר","גנות הדר",32.3204344,34.9006006,89.119420883145,549,0,NA,NA,"no_red_alert",0.8,FALSE,2009,NA,NA,NA,NA,NA,NA,NA,NA,NA,NA,NA,NA,NA,NA,NA,NA,NA
549,2013,"גנותהדר","גנות הדר",32.3204344,34.9006006,89.119420883145,549,0,NA,NA,"no_red_alert",0.791304347826087,FALSE,2013,5211,"גנות הדר","GANNOT HADAR",1,"יהודי",870,450,430,270,70,120,380,40,0.222103079953466,3917.10011487584,0.0459770114942529,63
549,2015,"גנותהדר","גנות הדר",32.3204344,34.9006006,89.119420883145,549,0,NA,NA,"no_red_alert",0.823333333333333,TRUE,2015,5214,"גנות הדר","GANNOT HADAR",1,"יהודי",910,470,440,250,90,130,390,50,0.222103079953466,4097.19667188163,0.0549450549450549,63
549,2019,"גנותהדר","גנות הדר",32.3204344,34.9006006,89.119420883145,549,0,NA,NA,"no_red_alert",0.769559032716927,TRUE,2019,5218,"גנות הדר","GANNOT HADAR",1,"יהודי",971,507,463,229,101,145,400,0,0.222103079953466,4371.84392131545,0,NA
549,2019,"גנותהדר","גנות הדר",32.3204344,34.9006006,89.119420883145,549,0,NA,NA,"no_red_alert",0.767605633802817,TRUE,2019.4,5218,"גנות הדר","GANNOT HADAR",1,"יהודי",971,507,463,229,101,145,400,0,0.222103079953466,4371.84392131545,0,NA
549,2020,"גנותהדר","גנות הדר",32.3204344,34.9006006,89.119420883145,549,0,NA,NA,"no_red_alert",0.76437587657784,TRUE,2020,5215,"גנות הדר","GANNOT HADAR",1,"יהודי",965,506,453,213,106,145,397,0,0.222103079953466,4344.82943776459,0,NA
549,2021,"גנותהדר","גנות הדר",32.3204344,34.9006006,89.119420883145,549,0,NA,NA,"no_red_alert",0.755894590846047,TRUE,2021,5219,"גנות הדר","GANNOT HADAR",1,"יהודי",963,501,463,192,121,138,399,115,0.222103079953466,4335.8246099143,0.119418483904465,NA
549,2022,"גנותהדר","גנות הדר",32.3204344,34.9006006,89.119420883145,549,0,NA,NA,"no_red_alert",0.727636849132176,TRUE,2022,5216,"גנות הדר","GANNOT HADAR",1,"יהודי",946,489,457,177,109,157,383,0,0.222103079953466,4259.28357318684,0,NA
580,2009,"כרםמהרל","כרם מהר""ל",32.6461645,34.991709,105.543844508831,10015,1,232,3,"temporal_distance > 200",0.799145299145299,FALSE,2009,NA,NA,NA,NA,NA,NA,NA,NA,NA,NA,NA,NA,NA,NA,NA,NA,NA
580,2013,"כרםמהרל","כרם מהר""ל",32.6461645,34.991709,105.543844508831,10015,1,232,3,"temporal_distance > 200",0.762411347517731,FALSE,2013,5469,"כרם מהר""ל","KEREM MAHARAL",1,"יהודי",710,370,340,230,40,70,320,40,0.476158340490427,1491.10062688123,0.0563380281690141,21
580,2015,"כרםמהרל","כרם מהר""ל",32.6461645,34.991709,105.543844508831,10015,1,232,3,"temporal_distance > 200",0.79933110367893,TRUE,2015,5475,"כרם מהר""ל","KEREM MAHARAL",1,"יהודי",710,360,340,220,50,80,310,60,0.476158340490427,1491.10062688123,0.0845070422535211,16
580,2019,"כרםמהרל","כרם מהר""ל",32.6461645,34.991709,105.543844508831,10015,1,232,3,"temporal_distance > 200",0.777777777777778,TRUE,2019,5477,"כרם מהר""ל","KEREM MAHARAL",1,"יהודי",777,400,377,234,58,78,321,0,0.476158340490427,1631.81012265734,0,NA
580,2019,"כרםמהרל","כרם מהר""ל",32.6461645,34.991709,105.543844508831,10015,1,232,3,"temporal_distance > 200",0.775384615384615,TRUE,2019.4,5477,"כרם מהר""ל","KEREM MAHARAL",1,"יהודי",777,400,377,234,58,78,321,0,0.476158340490427,1631.81012265734,0,NA
580,2020,"כרםמהרל","כרם מהר""ל",32.6461645,34.991709,105.543844508831,10015,1,232,3,"temporal_distance > 200",0.767584097859327,TRUE,2020,5479,"כרם מהר""ל","KEREM MAHARAL",1,"יהודי",785,400,381,217,69,83,326,0,0.476158340490427,1648.61125648136,0,NA
580,2021,"כרםמהרל","כרם מהר""ל",32.6461645,34.991709,105.543844508831,10015,1,232,3,"temporal_distance > 200",0.74591381872214,TRUE,2021,5478,"כרם מהר""ל","KEREM MAHARAL",1,"יהודי",768,397,371,202,77,79,314,0,0.476158340490427,1612.90884710533,0,NA
580,2022,"כרםמהרל","כרם מהר""ל",32.6461645,34.991709,105.543844508831,10015,1,232,3,"temporal_distance > 200",0.714710252600297,TRUE,2022,5474,"כרם מהר""ל","KEREM MAHARAL",1,"יהודי",749,382,367,182,70,86,312,0,0.476158340490427,1573.00615427329,0,NA
586,2009,"מגידו","מגידו",32.5800195,35.1799315,126.768715608991,586,1,6,3,"temporal_distance == 6",0.801932367149758,FALSE,2009,NA,NA,NA,NA,NA,NA,NA,NA,NA,NA,NA,NA,NA,NA,NA,NA,NA
586,2013,"מגידו","מגידו",32.5800195,35.1799315,126.768715608991,586,1,6,3,"temporal_distance == 6",0.796703296703297,FALSE,2013,5524,"מגידו","MEGIDDO",1,"יהודי",830,400,430,300,60,60,330,80,0.323202747999609,2568.04747217374,0.0963855421686747,57.25
586,2015,"מגידו","מגידו",32.5800195,35.1799315,126.768715608991,586,1,6,3,"temporal_distance == 6",0.765811965811966,TRUE,2015,5530,"מגידו","MEGIDDO",1,"יהודי",850,410,440,290,70,60,350,80,0.323202747999609,2629.92813415383,0.0941176470588235,46.25
586,2019,"מגידו","מגידו",32.5800195,35.1799315,126.768715608991,586,1,6,3,"temporal_distance == 6",0.755233494363929,TRUE,2019,5525,"מגידו","MEGIDDO",1,"יהודי",847,416,432,253,85,87,334,88,0.323202747999609,2620.64603485681,0.103896103896104,NA
586,2019,"מגידו","מגידו",32.5800195,35.1799315,126.768715608991,586,1,6,3,"temporal_distance == 6",0.740858505564388,TRUE,2019.4,5525,"מגידו","MEGIDDO",1,"יהודי",847,416,432,253,85,87,334,88,0.323202747999609,2620.64603485681,0.103896103896104,NA
586,2020,"מגידו","מגידו",32.5800195,35.1799315,126.768715608991,586,1,6,3,"temporal_distance == 6",0.744479495268139,TRUE,2020,5523,"מגידו","MEGIDDO",1,"יהודי",847,421,429,239,95,93,328,92,0.323202747999609,2620.64603485681,0.1086186540732,NA
586,2021,"מגידו","מגידו",32.5800195,35.1799315,126.768715608991,586,1,6,3,"temporal_distance == 6",0.743076923076923,TRUE,2021,5522,"מגידו","MEGIDDO",1,"יהודי",859,425,434,227,102,103,335,92,0.323202747999609,2657.77443204487,0.107101280558789,NA
586,2022,"מגידו","מגידו",32.5800195,35.1799315,126.768715608991,586,1,6,3,"temporal_distance == 6",0.73900293255132,TRUE,2022,5528,"מגידו","MEGIDDO",1,"יהודי",867,427,440,210,108,119,337,0,0.323202747999609,2682.5266968369,0,NA
590,2009,"נווהאור","נווה אור",32.5879536,35.5538404,148.097790905412,590,1,6,2,"temporal_distance == 6",0.66984126984127,FALSE,2009,NA,NA,NA,NA,NA,NA,NA,NA,NA,NA,NA,NA,NA,NA,NA,NA,NA
590,2013,"נווהאור","נווה אור",32.5879536,35.5538404,148.097790905412,590,1,6,2,"temporal_distance == 6",0.707641196013289,FALSE,2013,5582,"נווה אור","NEWE UR",1,"יהודי",290,150,140,60,20,50,130,30,0.430229957964051,674.058127826216,0.103448275862069,29
590,2015,"נווהאור","נווה אור",32.5879536,35.5538404,148.097790905412,590,1,6,2,"temporal_distance == 6",0.674922600619195,TRUE,2015,5581,"נווה אור","NEWE UR",1,"יהודי",330,170,160,80,20,40,150,40,0.430229957964051,767.031662698798,0.121212121212121,23
590,2019,"נווהאור","נווה אור",32.5879536,35.5538404,148.097790905412,590,1,6,2,"temporal_distance == 6",0.688235294117647,TRUE,2019.4,5573,"נווה אור","NEWE UR",1,"יהודי",349,180,170,90,23,34,143,0,0.430229957964051,811.194091763274,0,NA
590,2019,"נווהאור","נווה אור",32.5879536,35.5538404,148.097790905412,590,1,6,2,"temporal_distance == 6",0.683431952662722,TRUE,2019,5573,"נווה אור","NEWE UR",1,"יהודי",349,180,170,90,23,34,143,0,0.430229957964051,811.194091763274,0,NA
590,2020,"נווהאור","נווה אור",32.5879536,35.5538404,148.097790905412,590,1,6,2,"temporal_distance == 6",0.704678362573099,TRUE,2020,5584,"נווה אור","NEWE UR",1,"יהודי",350,185,161,90,21,36,144,0,0.430229957964051,813.518430135088,0,NA
590,2021,"נווהאור","נווה אור",32.5879536,35.5538404,148.097790905412,590,1,6,2,"temporal_distance == 6",0.67536231884058,TRUE,2021,5575,"נווה אור","NEWE UR",1,"יהודי",350,182,168,92,18,35,145,0,0.430229957964051,813.518430135088,0,NA
590,2022,"נווהאור","נווה אור",32.5879536,35.5538404,148.097790905412,590,1,6,2,"temporal_distance == 6",0.663768115942029,TRUE,2022,5577,"נווה אור","NEWE UR",1,"יהודי",356,180,177,96,16,37,144,0,0.430229957964051,827.464460365976,0,NA
612,2009,"צרופה","צרופה",32.648887,34.945574,123.8663903832,612,1,232,6,"temporal_distance > 200",0.753176043557169,FALSE,2009,NA,NA,NA,NA,NA,NA,NA,NA,NA,NA,NA,NA,NA,NA,NA,NA,NA
612,2013,"צרופה","צרופה",32.648887,34.945574,123.8663903832,612,1,232,6,"temporal_distance > 200",0.765089722675367,FALSE,2013,5809,"צרופה","ZERUFA",1,"יהודי",1080,530,550,310,110,140,430,90,2.09818433692576,514.730751246768,0.0833333333333333,41.5
612,2015,"צרופה","צרופה",32.648887,34.945574,123.8663903832,612,1,232,6,"temporal_distance > 200",0.790030211480363,TRUE,2015,5815,"צרופה","ZERUFA",1,"יהודי",1090,540,550,320,90,140,450,90,2.09818433692576,519.496776721276,0.0825688073394495,31
612,2019,"צרופה","צרופה",32.648887,34.945574,123.8663903832,612,1,232,6,"temporal_distance > 200",0.760683760683761,TRUE,2019.4,5814,"צרופה","ZERUFA",1,"יהודי",1097,550,547,299,90,160,444,104,2.09818433692576,522.832994553431,0.0948040109389243,NA
612,2019,"צרופה","צרופה",32.648887,34.945574,123.8663903832,612,1,232,6,"temporal_distance > 200",0.757834757834758,TRUE,2019,5814,"צרופה","ZERUFA",1,"יהודי",1097,550,547,299,90,160,444,104,2.09818433692576,522.832994553431,0.0948040109389243,NA
612,2020,"צרופה","צרופה",32.648887,34.945574,123.8663903832,612,1,232,6,"temporal_distance > 200",0.727272727272727,TRUE,2020,5819,"צרופה","ZERUFA",1,"יהודי",1123,571,553,299,90,160,465,109,2.09818433692576,535.224660787149,0.0970614425645592,NA
612,2021,"צרופה","צרופה",32.648887,34.945574,123.8663903832,612,1,232,6,"temporal_distance > 200",0.744884038199181,TRUE,2021,5811,"צרופה","ZERUFA",1,"יהודי",1152,583,569,304,94,158,481,115,2.09818433692576,549.04613466322,0.0998263888888889,NA
612,2022,"צרופה","צרופה",32.648887,34.945574,123.8663903832,612,1,232,6,"temporal_distance > 200",0.741633199464525,TRUE,2022,5813,"צרופה","ZERUFA",1,"יהודי",1154,591,563,303,94,153,484,120,2.09818433692576,549.999339758121,0.103986135181976,NA
613,2009,"ציפורי","ציפורי",32.7444796,35.278369,146.4485867971,613,1,6,1,"temporal_distance == 6",0.735729386892178,FALSE,2009,NA,NA,NA,NA,NA,NA,NA,NA,NA,NA,NA,NA,NA,NA,NA,NA,NA
613,2013,"ציפורי","ציפורי",32.7444796,35.278369,146.4485867971,613,1,6,1,"temporal_distance == 6",0.764705882352941,FALSE,2013,5825,"ציפורי","ZIPPORI",1,"יהודי",830,410,420,280,80,100,330,40,3.24677212635252,255.638513483371,0.0481927710843374,58.25
613,2015,"ציפורי","ציפורי",32.7444796,35.278369,146.4485867971,613,1,6,1,"temporal_distance == 6",0.77891156462585,TRUE,2015,5832,"ציפורי","ZIPPORI",1,"יהודי",950,490,470,350,120,100,340,50,3.24677212635252,292.598298565304,0.0526315789473684,51.25
613,2019,"ציפורי","ציפורי",32.7444796,35.278369,146.4485867971,613,1,6,1,"temporal_distance == 6",0.720610687022901,TRUE,2019.4,5822,"ציפורי","ZIPPORI",1,"יהודי",972,496,477,335,102,102,350,0,3.24677212635252,299.374259163658,0,NA
613,2019,"ציפורי","ציפורי",32.7444796,35.278369,146.4485867971,613,1,6,1,"temporal_distance == 6",0.765432098765432,TRUE,2019,5822,"ציפורי","ZIPPORI",1,"יהודי",972,496,477,335,102,102,350,0,3.24677212635252,299.374259163658,0,NA
613,2020,"ציפורי","ציפורי",32.7444796,35.278369,146.4485867971,613,1,6,1,"temporal_distance == 6",0.73587786259542,TRUE,2020,5831,"ציפורי","ZIPPORI",1,"יהודי",984,486,495,344,87,108,359,0,3.24677212635252,303.070237671852,0,NA
613,2021,"ציפורי","ציפורי",32.7444796,35.278369,146.4485867971,613,1,6,1,"temporal_distance == 6",0.721407624633431,TRUE,2021,5823,"ציפורי","ZIPPORI",1,"יהודי",1014,491,523,357,102,96,360,0,3.24677212635252,312.310183942335,0,NA
613,2022,"ציפורי","ציפורי",32.7444796,35.278369,146.4485867971,613,1,6,1,"temporal_distance == 6",0.692857142857143,TRUE,2022,5826,"ציפורי","ZIPPORI",1,"יהודי",1030,490,540,363,102,105,353,107,3.24677212635252,317.238155286593,0.103883495145631,NA
617,2009,"ברקאי","ברקאי",32.4751359,35.028904,109.650035086741,617,0,NA,NA,"no_red_alert",0.629186602870813,FALSE,2009,NA,NA,NA,NA,NA,NA,NA,NA,NA,NA,NA,NA,NA,NA,NA,NA,NA
617,2013,"ברקאי","ברקאי",32.4751359,35.028904,109.650035086741,617,0,NA,NA,"no_red_alert",0.661016949152542,FALSE,2013,5873,"ברקאי","BARQAY",1,"יהודי",510,260,250,140,30,50,220,70,0.429544775517765,1187.30346419708,0.137254901960784,62
617,2015,"ברקאי","ברקאי",32.4751359,35.028904,109.650035086741,617,0,NA,NA,"no_red_alert",0.681818181818182,TRUE,2015,5882,"ברקאי","BARQAY",1,"יהודי",530,260,260,150,30,60,220,70,0.429544775517765,1233.86438436167,0.132075471698113,60
617,2019,"ברקאי","ברקאי",32.4751359,35.028904,109.650035086741,617,0,NA,NA,"no_red_alert",0.654970760233918,TRUE,2019.4,5876,"ברקאי","BARQAY",1,"יהודי",553,265,289,149,32,62,233,77,0.429544775517765,1287.40944255095,0.139240506329114,NA
617,2019,"ברקאי","ברקאי",32.4751359,35.028904,109.650035086741,617,0,NA,NA,"no_red_alert",0.679060665362035,TRUE,2019,5876,"ברקאי","BARQAY",1,"יהודי",553,265,289,149,32,62,233,77,0.429544775517765,1287.40944255095,0.139240506329114,NA
617,2020,"ברקאי","ברקאי",32.4751359,35.028904,109.650035086741,617,0,NA,NA,"no_red_alert",0.644787644787645,TRUE,2020,5881,"ברקאי","BARQAY",1,"יהודי",556,271,289,144,37,61,236,78,0.429544775517765,1294.39358057564,0.140287769784173,NA
617,2021,"ברקאי","ברקאי",32.4751359,35.028904,109.650035086741,617,0,NA,NA,"no_red_alert",0.64952380952381,TRUE,2021,5883,"ברקאי","BARQAY",1,"יהודי",546,271,275,134,44,57,229,81,0.429544775517765,1271.11312049335,0.148351648351648,NA
617,2022,"ברקאי","ברקאי",32.4751359,35.028904,109.650035086741,617,0,NA,NA,"no_red_alert",0.62803738317757,TRUE,2022,5874,"ברקאי","BARQAY",1,"יהודי",560,283,277,143,46,50,240,84,0.429544775517765,1303.70576460856,0.15,NA
628,2009,"גת","ג'ת",32.40044,35.0299183,101.571007548999,628,0,NA,NA,"no_red_alert",NA,FALSE,2009,NA,NA,NA,NA,NA,NA,NA,NA,NA,NA,NA,NA,NA,NA,NA,NA,NA
628,2013,"גת","ג'ת",32.40044,35.0299183,101.571007548999,628,0,NA,NA,"no_red_alert",0.388922795239548,FALSE,2013,5975,"ג'ת","JATT",2,"לא יהודי",10710,5480,5230,3340,1200,1820,3830,520,6.57175926395154,1629.70059763878,0.0485527544351074,62.125
628,2015,"גת","ג'ת",32.40044,35.0299183,101.571007548999,628,0,NA,NA,"no_red_alert",0.526854219948849,TRUE,2015,5971,"ג'ת","JATT",2,"לא יהודי",11160,5700,5460,3340,1260,1940,4050,580,6.57175926395154,1698.17541266562,0.0519713261648745,60.875
628,2019,"גת","ג'ת",32.40044,35.0299183,101.571007548999,628,0,NA,NA,"no_red_alert",0.373432012042148,TRUE,2019,5970,"ג'ת","JATT",2,"לא יהודי",12100,6135,5965,3390,1224,2187,4556,743,6.57175926395154,1841.2116929439,0.061404958677686,NA
628,2019,"גת","ג'ת",32.40044,35.0299183,101.571007548999,628,0,NA,NA,"no_red_alert",0.508562918838421,TRUE,2019.4,5970,"ג'ת","JATT",2,"לא יהודי",12100,6135,5965,3390,1224,2187,4556,743,6.57175926395154,1841.2116929439,0.061404958677686,NA
628,2020,"גת","ג'ת",32.40044,35.0299183,101.571007548999,628,0,NA,NA,"no_red_alert",0.561568531639384,TRUE,2020,5966,"ג'ת","JATT",2,"לא יהודי",12269,6219,6050,3414,1137,2272,4653,793,6.57175926395154,1866.92779014287,0.0646344445350069,NA
628,2021,"גת","ג'ת",32.40044,35.0299183,101.571007548999,628,0,NA,NA,"no_red_alert",0.2660485021398,TRUE,2021,5967,"ג'ת","JATT",2,"לא יהודי",12473,6321,6151,3439,1163,2209,4821,841,6.57175926395154,1897.96970628837,0.0674256393810631,NA
628,2022,"גת","ג'ת",32.40044,35.0299183,101.571007548999,628,0,NA,NA,"no_red_alert",0.398320680929377,TRUE,2022,5964,"ג'ת","JATT",2,"לא יהודי",12645,6434,6211,3469,1099,2240,4934,903,6.57175926395154,1924.14230225419,0.07141162514828,NA
635,2009,"מוקייבלה","מוקייבלה",32.514422,35.2949365,126.760953221476,635,1,6,1,"temporal_distance == 6",0.55166270783848,FALSE,2009,NA,NA,NA,NA,NA,NA,NA,NA,NA,NA,NA,NA,NA,NA,NA,NA,NA
635,2013,"מוקייבלה","מוקייבלה",32.514422,35.2949365,126.760953221476,635,1,6,1,"temporal_distance == 6",0.543343653250774,FALSE,2013,6009,"מוקייבלה","MUQEIBLE",2,"לא יהודי",3510,1770,1740,1310,420,530,1130,120,0.402026709098949,8730.76320691942,0.0341880341880342,48.6
635,2015,"מוקייבלה","מוקייבלה",32.514422,35.2949365,126.760953221476,635,1,6,1,"temporal_distance == 6",0.636104513064133,TRUE,2015,6003,"מוקייבלה","MUQEIBLE",2,"לא יהודי",3720,1890,1830,1340,440,620,1200,120,0.402026709098949,9253.11656117955,0.032258064516129,45.8
635,2019,"מוקייבלה","מוקייבלה",32.514422,35.2949365,126.760953221476,635,1,6,1,"temporal_distance == 6",0.500196463654224,TRUE,2019.4,6012,"מוקייבלה","MUQEIBLE",2,"לא יהודי",4081,2057,2025,1338,464,758,1366,158,0.402026709098949,10151.066851122,0.0387160009801519,NA
635,2019,"מוקייבלה","מוקייבלה",32.514422,35.2949365,126.760953221476,635,1,6,1,"temporal_distance == 6",0.338639076800637,TRUE,2019,6012,"מוקייבלה","MUQEIBLE",2,"לא יהודי",4081,2057,2025,1338,464,758,1366,158,0.402026709098949,10151.066851122,0.0387160009801519,NA
635,2020,"מוקייבלה","מוקייבלה",32.514422,35.2949365,126.760953221476,635,1,6,1,"temporal_distance == 6",0.605989887203423,TRUE,2020,6010,"מוקייבלה","MUQEIBLE",2,"לא יהודי",4137,2087,2050,1333,456,790,1391,167,0.402026709098949,10290.3610789247,0.0403674160019338,NA
635,2021,"מוקייבלה","מוקייבלה",32.514422,35.2949365,126.760953221476,635,1,6,1,"temporal_distance == 6",0.359802431610942,TRUE,2021,6005,"מוקייבלה","MUQEIBLE",2,"לא יהודי",4260,2143,2117,1370,462,822,1433,174,0.402026709098949,10596.3109007056,0.0408450704225352,NA
635,2022,"מוקייבלה","מוקייבלה",32.514422,35.2949365,126.760953221476,635,1,6,1,"temporal_distance == 6",0.407367280606717,TRUE,2022,6006,"מוקייבלה","MUQEIBLE",2,"לא יהודי",4281,2153,2127,1339,459,845,1457,181,0.402026709098949,10648.5462361316,0.0422798411586078,NA
636,2009,"צנדלה","צנדלה",32.523028,35.32288,128.997418142922,636,1,6,1,"temporal_distance == 6",0.456830601092896,FALSE,2009,NA,NA,NA,NA,NA,NA,NA,NA,NA,NA,NA,NA,NA,NA,NA,NA,NA
636,2013,"צנדלה","צנדלה",32.523028,35.32288,128.997418142922,636,1,6,1,"temporal_distance == 6",0.43495145631068,FALSE,2013,6028,"צנדלה","SANDALA",2,"לא יהודי",1510,760,750,480,160,250,540,90,0.390028537317275,3871.51158319388,0.0596026490066225,49.75
636,2015,"צנדלה","צנדלה",32.523028,35.32288,128.997418142922,636,1,6,1,"temporal_distance == 6",0.678506375227687,TRUE,2015,6025,"צנדלה","SANDALA",2,"לא יהודי",1570,790,790,490,160,260,570,90,0.390028537317275,4025.34648053934,0.0573248407643312,48.25
636,2019,"צנדלה","צנדלה",32.523028,35.32288,128.997418142922,636,1,6,1,"temporal_distance == 6",0.320299500831947,TRUE,2019,6020,"צנדלה","SANDALA",2,"לא יהודי",1644,839,804,466,167,274,623,112,0.390028537317275,4215.07618726539,0.0681265206812652,NA
636,2019,"צנדלה","צנדלה",32.523028,35.32288,128.997418142922,636,1,6,1,"temporal_distance == 6",0.520197856553998,TRUE,2019.4,6020,"צנדלה","SANDALA",2,"לא יהודי",1644,839,804,466,167,274,623,112,0.390028537317275,4215.07618726539,0.0681265206812652,NA
636,2020,"צנדלה","צנדלה",32.523028,35.32288,128.997418142922,636,1,6,1,"temporal_distance == 6",0.59935379644588,TRUE,2020,6017,"צנדלה","SANDALA",2,"לא יהודי",1668,849,819,455,168,287,633,125,0.390028537317275,4276.61014620358,0.0749400479616307,NA
636,2021,"צנדלה","צנדלה",32.523028,35.32288,128.997418142922,636,1,6,1,"temporal_distance == 6",0.266192733017378,TRUE,2021,6027,"צנדלה","SANDALA",2,"לא יהודי",1678,849,829,442,169,290,645,134,0.390028537317275,4302.24929576115,0.0798569725864124,NA
636,2022,"צנדלה","צנדלה",32.523028,35.32288,128.997418142922,636,1,6,1,"temporal_distance == 6",0.366464339908953,TRUE,2022,6022,"צנדלה","SANDALA",2,"לא יהודי",1710,864,847,453,161,295,663,137,0.390028537317275,4384.29457434539,0.0801169590643275,NA
637,2009,"ערערה","ערערה",32.5014405,35.0931265,114.823027350903,637,0,NA,NA,"no_red_alert",0.56131100082713,FALSE,2009,NA,NA,NA,NA,NA,NA,NA,NA,NA,NA,NA,NA,NA,NA,NA,NA,NA
637,2013,"ערערה","ערערה",32.5014405,35.0931265,114.823027350903,637,0,NA,NA,"no_red_alert",0.531319290465632,FALSE,2013,6035,"ערערה","AR'ARA",2,"לא יהודי",23330,11760,11570,7820,2440,3450,8400,1210,9.18255575863772,2540.68699534487,0.0518645520788684,61.2307692307692
637,2015,"ערערה","ערערה",32.5014405,35.0931265,114.823027350903,637,0,NA,NA,"no_red_alert",0.696906318082789,TRUE,2015,6034,"ערערה","AR'ARA",2,"לא יהודי",24000,12140,11850,7690,2630,3670,8670,1330,9.18255575863772,2613.6514311306,0.0554166666666667,57.3076923076923
637,2019,"ערערה","ערערה",32.5014405,35.0931265,114.823027350903,637,0,NA,NA,"no_red_alert",0.391700092564023,TRUE,2019,6039,"ערערה","AR'ARA",2,"לא יהודי",25245,12791,12454,7323,2832,4265,9269,1557,9.18255575863772,2749.2345991205,0.0616755793226381,NA
637,2019,"ערערה","ערערה",32.5014405,35.0931265,114.823027350903,637,0,NA,NA,"no_red_alert",0.561244674376141,TRUE,2019.4,6039,"ערערה","AR'ARA",2,"לא יהודי",25245,12791,12454,7323,2832,4265,9269,1557,9.18255575863772,2749.2345991205,0.0616755793226381,NA
637,2020,"ערערה","ערערה",32.5014405,35.0931265,114.823027350903,637,0,NA,NA,"no_red_alert",0.686361583621858,TRUE,2020,6030,"ערערה","AR'ARA",2,"לא יהודי",25530,12935,12596,7300,2785,4339,9490,1616,9.18255575863772,2780.27170986518,0.063298080689385,NA
637,2021,"ערערה","ערערה",32.5014405,35.0931265,114.823027350903,637,0,NA,NA,"no_red_alert",0.390799561883899,TRUE,2021,6038,"ערערה","AR'ARA",2,"לא יהודי",25823,13078,12744,7306,2728,4447,9684,1657,9.18255575863772,2812.18003775356,0.0641676025248809,NA
637,2022,"ערערה","ערערה",32.5014405,35.0931265,114.823027350903,637,0,NA,NA,"no_red_alert",0.524509459174344,TRUE,2022,6036,"ערערה","AR'ARA",2,"לא יהודי",26147,13252,12895,7298,2671,4554,9918,1706,9.18255575863772,2847.46433207382,0.0652464909932306,NA
638,2009,"קלנסווה","קלנסווה",32.292594,34.9782225,89.4662318289816,638,1,227,5,"temporal_distance > 200",0.586395939086294,FALSE,2009,NA,NA,NA,NA,NA,NA,NA,NA,NA,NA,NA,NA,NA,NA,NA,NA,NA
638,2013,"קלנסווה","קלנסווה",32.292594,34.9782225,89.4662318289816,638,1,227,5,"temporal_distance > 200",0.526021314387211,FALSE,2013,6044,"קלנסווה","QALANSAWE",2,"לא יהודי",20650,10580,10070,7670,2290,3260,6740,690,8.40452807594796,2457.0088663391,0.0334140435835351,63
638,2015,"קלנסווה","קלנסווה",32.292594,34.9782225,89.4662318289816,638,1,227,5,"temporal_distance > 200",0.707884567951986,TRUE,2015,6048,"קלנסווה","QALANSAWE",2,"לא יהודי",21450,10940,10510,7600,2530,3460,7100,760,8.40452807594796,2552.1956505072,0.0354312354312354,61.25
638,2019,"קלנסווה","קלנסווה",32.292594,34.9782225,89.4662318289816,638,1,227,5,"temporal_distance > 200",0.476656895688854,TRUE,2019,6050,"קלנסווה","QALANSAWE",2,"לא יהודי",23143,11854,11290,7583,2595,4099,7900,968,8.40452807594796,2753.63468250294,0.0418269023030722,NA
638,2019,"קלנסווה","קלנסווה",32.292594,34.9782225,89.4662318289816,638,1,227,5,"temporal_distance > 200",0.655478775913129,TRUE,2019.4,6050,"קלנסווה","QALANSAWE",2,"לא יהודי",23143,11854,11290,7583,2595,4099,7900,968,8.40452807594796,2753.63468250294,0.0418269023030722,NA
638,2020,"קלנסווה","קלנסווה",32.292594,34.9782225,89.4662318289816,638,1,227,5,"temporal_distance > 200",0.725850198205717,TRUE,2020,6056,"קלנסווה","QALANSAWE",2,"לא יהודי",23513,12036,11477,7591,2513,4281,8094,1034,8.40452807594796,2797.65857018069,0.0439756730319398,NA
638,2021,"קלנסווה","קלנסווה",32.292594,34.9782225,89.4662318289816,638,1,227,5,"temporal_distance > 200",0.350317181805912,TRUE,2021,6054,"קלנסווה","QALANSAWE",2,"לא יהודי",23877,12220,11657,7568,2487,4401,8332,1090,8.40452807594796,2840.96855697717,0.0456506261255602,NA
638,2022,"קלנסווה","קלנסווה",32.292594,34.9782225,89.4662318289816,638,1,227,5,"temporal_distance > 200",0.542736705577172,TRUE,2022,6052,"קלנסווה","QALANSAWE",2,"לא יהודי",24205,12379,11826,7574,2433,4488,8546,1165,8.40452807594796,2879.99513848609,0.0481305515389382,NA
648,2009,"מצר","מצר",32.4400464,35.048446,107.185619278996,648,0,NA,NA,"no_red_alert",0.72264631043257,FALSE,2009,NA,NA,NA,NA,NA,NA,NA,NA,NA,NA,NA,NA,NA,NA,NA,NA,NA
648,2013,"מצר","מצר",32.4400464,35.048446,107.185619278996,648,0,NA,NA,"no_red_alert",0.740566037735849,FALSE,2013,6058,"מצר","MEZER",1,"יהודי",400,190,210,80,30,60,180,50,0.32004222243641,1249.83509036679,0.125,60
648,2015,"מצר","מצר",32.4400464,35.048446,107.185619278996,648,0,NA,NA,"no_red_alert",0.750577367205543,TRUE,2015,6061,"מצר","MEZER",1,"יהודי",390,190,210,70,30,60,170,70,0.32004222243641,1218.58921310762,0.179487179487179,57
648,2019,"מצר","מצר",32.4400464,35.048446,107.185619278996,648,0,NA,NA,"no_red_alert",0.732558139534884,TRUE,2019.4,6068,"מצר","MEZER",1,"יהודי",383,181,203,75,20,46,169,0,0.32004222243641,1196.71709902621,0,NA
648,2019,"מצר","מצר",32.4400464,35.048446,107.185619278996,648,0,NA,NA,"no_red_alert",0.75,TRUE,2019,6068,"מצר","MEZER",1,"יהודי",383,181,203,75,20,46,169,0,0.32004222243641,1196.71709902621,0,NA
648,2020,"מצר","מצר",32.4400464,35.048446,107.185619278996,648,0,NA,NA,"no_red_alert",0.695348837209302,TRUE,2020,6069,"מצר","MEZER",1,"יהודי",391,187,200,77,18,49,162,0,0.32004222243641,1221.71380083354,0,NA
648,2021,"מצר","מצר",32.4400464,35.048446,107.185619278996,648,0,NA,NA,"no_red_alert",0.698850574712644,TRUE,2021,6057,"מצר","MEZER",1,"יהודי",390,188,202,82,20,40,166,0,0.32004222243641,1218.58921310762,0,NA
648,2022,"מצר","מצר",32.4400464,35.048446,107.185619278996,648,0,NA,NA,"no_red_alert",0.695348837209302,TRUE,2022,6065,"מצר","MEZER",1,"יהודי",396,190,206,88,17,40,168,0,0.32004222243641,1237.33673946313,0,NA
649,2009,"מייסר","מייסר",32.4474385,35.0441101,99.8598148281967,10014,0,NA,NA,"no_red_alert",0.381310418904404,FALSE,2009,NA,NA,NA,NA,NA,NA,NA,NA,NA,NA,NA,NA,NA,NA,NA,NA,NA
649,2013,"מייסר","מייסר",32.4474385,35.0441101,99.8598148281967,10014,0,NA,NA,"no_red_alert",0.41793893129771,FALSE,2013,6072,"מייסר","MEISER",2,"לא יהודי",1810,920,890,630,190,250,660,80,0.412767657124674,4385.03348980489,0.0441988950276243,61
649,2015,"מייסר","מייסר",32.4474385,35.0441101,99.8598148281967,10014,0,NA,NA,"no_red_alert",0.612137203166227,TRUE,2015,6080,"מייסר","MEISER",2,"לא יהודי",1880,940,940,630,210,280,680,90,0.412767657124674,4554.62042034983,0.0478723404255319,59
649,2019,"מייסר","מייסר",32.4474385,35.0441101,99.8598148281967,10014,0,NA,NA,"no_red_alert",0.567152724481965,TRUE,2019.4,6081,"מייסר","MEISER",2,"לא יהודי",2017,998,1019,593,227,337,753,108,0.412767657124674,4886.52627013065,0.0535448686167576,NA
649,2019,"מייסר","מייסר",32.4474385,35.0441101,99.8598148281967,10014,0,NA,NA,"no_red_alert",0.365129007036747,TRUE,2019,6081,"מייסר","MEISER",2,"לא יהודי",2017,998,1019,593,227,337,753,108,0.412767657124674,4886.52627013065,0.0535448686167576,NA
649,2020,"מייסר","מייסר",32.4474385,35.0441101,99.8598148281967,10014,0,NA,NA,"no_red_alert",0.63499245852187,TRUE,2020,6078,"מייסר","MEISER",2,"לא יהודי",2072,1021,1048,604,216,372,764,116,0.412767657124674,5019.77314413024,0.055984555984556,NA
649,2021,"מייסר","מייסר",32.4474385,35.0441101,99.8598148281967,10014,0,NA,NA,"no_red_alert",0.330396475770925,TRUE,2021,6070,"מייסר","MEISER",2,"לא יהודי",2084,1026,1058,584,212,382,780,124,0.412767657124674,5048.84518936652,0.0595009596928983,NA
649,2022,"מייסר","מייסר",32.4474385,35.0441101,99.8598148281967,10014,0,NA,NA,"no_red_alert",0.42064606741573,TRUE,2022,6082,"מייסר","MEISER",2,"לא יהודי",2115,1040,1075,596,202,382,798,137,0.412767657124674,5123.94797289356,0.0647754137115839,NA
652,2009,"אבטין","אבטין",32.762806,35.1107305,141.810399203482,652,0,NA,NA,"no_red_alert",0.51865671641791,FALSE,2009,NA,NA,NA,NA,NA,NA,NA,NA,NA,NA,NA,NA,NA,NA,NA,NA,NA
652,2013,"אבטין","אבטין",32.762806,35.1107305,141.810399203482,652,0,NA,NA,"no_red_alert",0.412263535551207,FALSE,2013,6090,"אבטין","IBTIN",2,"לא יהודי",2650,1340,1310,920,300,450,870,110,0.593412968978183,4465.6927612538,0.0415094339622641,61.8
652,2015,"אבטין","אבטין",32.762806,35.1107305,141.810399203482,652,0,NA,NA,"no_red_alert",0.494485294117647,TRUE,2015,6093,"אבטין","IBTIN",2,"לא יהודי",2690,1360,1330,890,300,490,900,110,0.593412968978183,4533.09944444254,0.0408921933085502,58.8
652,2019,"אבטין","אבטין",32.762806,35.1107305,141.810399203482,652,0,NA,NA,"no_red_alert",0.506406685236769,TRUE,2019.4,6088,"אבטין","IBTIN",2,"לא יהודי",2835,1444,1391,841,322,546,984,143,0.593412968978183,4777.44867100171,0.0504409171075838,NA
652,2019,"אבטין","אבטין",32.762806,35.1107305,141.810399203482,652,0,NA,NA,"no_red_alert",0.36358511837655,TRUE,2019,6088,"אבטין","IBTIN",2,"לא יהודי",2835,1444,1391,841,322,546,984,143,0.593412968978183,4777.44867100171,0.0504409171075838,NA
652,2020,"אבטין","אבטין",32.762806,35.1107305,141.810399203482,652,0,NA,NA,"no_red_alert",0.638613861386139,TRUE,2020,6085,"אבטין","IBTIN",2,"לא יהודי",2887,1471,1415,834,325,552,1034,142,0.593412968978183,4865.07735914707,0.0491860062348459,NA
652,2021,"אבטין","אבטין",32.762806,35.1107305,141.810399203482,652,0,NA,NA,"no_red_alert",0.350746268656716,TRUE,2021,6091,"אבטין","IBTIN",2,"לא יהודי",2900,1479,1421,825,312,551,1057,156,0.593412968978183,4886.98453118341,0.0537931034482759,NA
652,2022,"אבטין","אבטין",32.762806,35.1107305,141.810399203482,652,0,NA,NA,"no_red_alert",0.452196382428941,TRUE,2022,6095,"אבטין","IBTIN",2,"לא יהודי",2915,1479,1437,814,313,548,1078,163,0.593412968978183,4912.26203737918,0.055917667238422,NA
654,2009,"כפרקרע","כפר קרע",32.50529,35.047132,113.781793174507,654,0,NA,NA,"no_red_alert",0.695409836065574,FALSE,2009,NA,NA,NA,NA,NA,NA,NA,NA,NA,NA,NA,NA,NA,NA,NA,NA,NA
654,2013,"כפרקרע","כפר קרע",32.50529,35.047132,113.781793174507,654,0,NA,NA,"no_red_alert",0.671688757509297,FALSE,2013,6105,"כפר קרע","KAFAR QARA",2,"לא יהודי",17140,8670,8470,5420,1800,2870,6310,750,7.81302449821803,2193.77271937509,0.043757292882147,61.9166666666667
654,2015,"כפרקרע","כפר קרע",32.50529,35.047132,113.781793174507,654,0,NA,NA,"no_red_alert",0.746325821679879,TRUE,2015,6102,"כפר קרע","KAFAR QARA",2,"לא יהודי",17690,8940,8750,5360,1830,3060,6610,830,7.81302449821803,2264.16799333404,0.0469191633691351,58.6666666666667
654,2019,"כפרקרע","כפר קרע",32.50529,35.047132,113.781793174507,654,0,NA,NA,"no_red_alert",0.644984326018809,TRUE,2019.4,6103,"כפר קרע","KAFAR QARA",2,"לא יהודי",19018,9626,9393,5342,1825,3451,7330,1071,7.81302449821803,2434.14058209309,0.056315069933747,NA
654,2019,"כפרקרע","כפר קרע",32.50529,35.047132,113.781793174507,654,0,NA,NA,"no_red_alert",0.472127507731346,TRUE,2019,6103,"כפר קרע","KAFAR QARA",2,"לא יהודי",19018,9626,9393,5342,1825,3451,7330,1071,7.81302449821803,2434.14058209309,0.056315069933747,NA
654,2020,"כפרקרע","כפר קרע",32.50529,35.047132,113.781793174507,654,0,NA,NA,"no_red_alert",0.719422225673682,TRUE,2020,6096,"כפר קרע","KAFAR QARA",2,"לא יהודי",19295,9790,9505,5288,1802,3546,7502,1157,7.81302449821803,2469.59420188696,0.0599637211712879,NA
654,2021,"כפרקרע","כפר קרע",32.50529,35.047132,113.781793174507,654,0,NA,NA,"no_red_alert",0.455479969765684,TRUE,2021,6101,"כפר קרע","KAFAR QARA",2,"לא יהודי",19691,9972,9719,5378,1789,3556,7730,1237,7.81302449821803,2520.2787991374,0.0628205779290031,NA
654,2022,"כפרקרע","כפר קרע",32.50529,35.047132,113.781793174507,654,0,NA,NA,"no_red_alert",0.622060429559519,TRUE,2022,6108,"כפר קרע","KAFAR QARA",2,"לא יהודי",20018,10129,9889,5380,1800,3542,7974,1321,7.81302449821803,2562.13198929117,0.0659906084523929,NA
661,2009,"שעראפרים","שער אפרים",32.288277,34.9981165,89.8461182408628,661,1,227,5,"temporal_distance > 200",0.739077669902913,FALSE,2009,NA,NA,NA,NA,NA,NA,NA,NA,NA,NA,NA,NA,NA,NA,NA,NA,NA
661,2013,"שעראפרים","שער אפרים",32.288277,34.9981165,89.8461182408628,661,1,227,5,"temporal_distance > 200",0.77482088024565,FALSE,2013,6135,"שער אפרים","SHA'AR EFRAYIM",1,"יהודי",1660,840,810,580,120,120,750,90,1.06625731906459,1556.84746103904,0.0542168674698795,63
661,2015,"שעראפרים","שער אפרים",32.288277,34.9981165,89.8461182408628,661,1,227,5,"temporal_distance > 200",0.809893307468477,TRUE,2015,6124,"שער אפרים","SHA'AR EFRAYIM",1,"יהודי",1740,890,850,570,150,140,790,90,1.06625731906459,1631.87625434213,0.0517241379310345,62
661,2019,"שעראפרים","שער אפרים",32.288277,34.9981165,89.8461182408628,661,1,227,5,"temporal_distance > 200",0.762642740619902,TRUE,2019.4,6131,"שער אפרים","SHA'AR EFRAYIM",1,"יהודי",1907,982,925,545,213,191,846,112,1.06625731906459,1788.49886036232,0.0587309910854746,NA
661,2019,"שעראפרים","שער אפרים",32.288277,34.9981165,89.8461182408628,661,1,227,5,"temporal_distance > 200",0.764081632653061,TRUE,2019,6131,"שער אפרים","SHA'AR EFRAYIM",1,"יהודי",1907,982,925,545,213,191,846,112,1.06625731906459,1788.49886036232,0.0587309910854746,NA
661,2020,"שעראפרים","שער אפרים",32.288277,34.9981165,89.8461182408628,661,1,227,5,"temporal_distance > 200",0.755052546483428,TRUE,2020,6126,"שער אפרים","SHA'AR EFRAYIM",1,"יהודי",1921,988,928,539,198,217,844,123,1.06625731906459,1801.62889919036,0.0640291514836023,NA
661,2021,"שעראפרים","שער אפרים",32.288277,34.9981165,89.8461182408628,661,1,227,5,"temporal_distance > 200",0.723921568627451,TRUE,2021,6127,"שער אפרים","SHA'AR EFRAYIM",1,"יהודי",1956,1002,954,530,206,235,857,129,1.06625731906459,1834.45399626046,0.0659509202453988,NA
661,2022,"שעראפרים","שער אפרים",32.288277,34.9981165,89.8461182408628,661,1,227,5,"temporal_distance > 200",0.734467455621302,TRUE,2022,6128,"שער אפרים","SHA'AR EFRAYIM",1,"יהודי",1997,1033,964,510,220,260,873,135,1.06625731906459,1872.9062528283,0.0676014021031547,NA
675,2009,"הבונים","הבונים",32.637162,34.933407,122.712168802811,675,1,232,3,"temporal_distance > 200",0.627049180327869,FALSE,2009,NA,NA,NA,NA,NA,NA,NA,NA,NA,NA,NA,NA,NA,NA,NA,NA,NA
675,2013,"הבונים","הבונים",32.637162,34.933407,122.712168802811,675,1,232,3,"temporal_distance > 200",0.724014336917563,FALSE,2013,6284,"הבונים","HABONIM",1,"יהודי",330,160,160,80,10,30,160,40,0.317004891618077,1040.99340018254,0.121212121212121,36
675,2015,"הבונים","הבונים",32.637162,34.933407,122.712168802811,675,1,232,3,"temporal_distance > 200",0.722222222222222,TRUE,2015,6282,"הבונים","HABONIM",1,"יהודי",350,170,180,90,20,30,160,40,0.317004891618077,1104.08390928451,0.114285714285714,24
675,2019,"הבונים","הבונים",32.637162,34.933407,122.712168802811,675,1,232,3,"temporal_distance > 200",0.672240802675585,TRUE,2019.4,6289,"הבונים","HABONIM",1,"יהודי",369,189,180,104,20,27,158,0,0.317004891618077,1164.01989293139,0,NA
675,2019,"הבונים","הבונים",32.637162,34.933407,122.712168802811,675,1,232,3,"temporal_distance > 200",0.698630136986301,TRUE,2019,6289,"הבונים","HABONIM",1,"יהודי",369,189,180,104,20,27,158,0,0.317004891618077,1164.01989293139,0,NA
675,2020,"הבונים","הבונים",32.637162,34.933407,122.712168802811,675,1,232,3,"temporal_distance > 200",0.683333333333333,TRUE,2020,6291,"הבונים","HABONIM",1,"יהודי",373,189,171,102,22,23,162,0,0.317004891618077,1176.63799475178,0,NA
675,2021,"הבונים","הבונים",32.637162,34.933407,122.712168802811,675,1,232,3,"temporal_distance > 200",0.691803278688525,TRUE,2021,6280,"הבונים","HABONIM",1,"יהודי",386,196,190,101,26,24,167,0,0.317004891618077,1217.64682566806,0,NA
675,2022,"הבונים","הבונים",32.637162,34.933407,122.712168802811,675,1,232,3,"temporal_distance > 200",0.644444444444444,TRUE,2022,6279,"הבונים","HABONIM",1,"יהודי",383,192,191,103,25,26,159,0,0.317004891618077,1208.18324930277,0,NA
677,2009,"הסוללים","הסוללים",32.7510626,35.2373509,145.742227557356,677,1,6,1,"temporal_distance == 6",0.794970986460348,FALSE,2009,NA,NA,NA,NA,NA,NA,NA,NA,NA,NA,NA,NA,NA,NA,NA,NA,NA
677,2013,"הסוללים","הסוללים",32.7510626,35.2373509,145.742227557356,677,1,6,1,"temporal_distance == 6",0.734348561759729,FALSE,2013,6305,"הסוללים","HASOLELIM",1,"יהודי",820,420,400,190,90,110,370,60,1.06709947801073,768.438198028761,0.0731707317073171,62
677,2015,"הסוללים","הסוללים",32.7510626,35.2373509,145.742227557356,677,1,6,1,"temporal_distance == 6",0.791208791208791,TRUE,2015,6313,"הסוללים","HASOLELIM",1,"יהודי",910,460,440,220,90,130,400,60,1.06709947801073,852.778975861186,0.0659340659340659,59
677,2019,"הסוללים","הסוללים",32.7510626,35.2373509,145.742227557356,677,1,6,1,"temporal_distance == 6",0.746817538896747,TRUE,2019.4,6316,"הסוללים","HASOLELIM",1,"יהודי",932,474,458,231,77,127,417,80,1.06709947801073,873.395610442446,0.0858369098712446,NA
677,2019,"הסוללים","הסוללים",32.7510626,35.2373509,145.742227557356,677,1,6,1,"temporal_distance == 6",0.77247191011236,TRUE,2019,6316,"הסוללים","HASOLELIM",1,"יהודי",932,474,458,231,77,127,417,80,1.06709947801073,873.395610442446,0.0858369098712446,NA
677,2020,"הסוללים","הסוללים",32.7510626,35.2373509,145.742227557356,677,1,6,1,"temporal_distance == 6",0.745125348189415,TRUE,2020,6311,"הסוללים","HASOLELIM",1,"יהודי",962,494,468,235,75,139,424,89,1.06709947801073,901.509203053254,0.0925155925155925,NA
677,2021,"הסוללים","הסוללים",32.7510626,35.2373509,145.742227557356,677,1,6,1,"temporal_distance == 6",0.731182795698925,TRUE,2021,6308,"הסוללים","HASOLELIM",1,"יהודי",989,507,482,251,71,135,435,96,1.06709947801073,926.811436402982,0.0970677451971689,NA
677,2022,"הסוללים","הסוללים",32.7510626,35.2373509,145.742227557356,677,1,6,1,"temporal_distance == 6",0.732894736842105,TRUE,2022,6309,"הסוללים","HASOLELIM",1,"יהודי",983,507,476,256,69,120,426,112,1.06709947801073,921.18871788082,0.113936927772126,NA
679,2009,"אביאל","אביאל",32.5321575,34.9908625,113.410404378616,679,1,232,4,"temporal_distance > 200",0.779069767441861,FALSE,2009,NA,NA,NA,NA,NA,NA,NA,NA,NA,NA,NA,NA,NA,NA,NA,NA,NA
679,2013,"אביאל","אביאל",32.5321575,34.9908625,113.410404378616,679,1,232,4,"temporal_distance > 200",0.811359026369168,FALSE,2013,6343,"אביאל","AVI'EL",1,"יהודי",780,390,390,270,40,70,360,40,1.61964076369639,481.588274068788,0.0512820512820513,50
679,2015,"אביאל","אביאל",32.5321575,34.9908625,113.410404378616,679,1,232,4,"temporal_distance > 200",0.81980198019802,TRUE,2015,6342,"אביאל","AVI'EL",1,"יהודי",820,410,410,280,50,80,370,50,1.61964076369639,506.285108636419,0.0609756097560976,38
679,2019,"אביאל","אביאל",32.5321575,34.9908625,113.410404378616,679,1,232,4,"temporal_distance > 200",0.767307692307692,TRUE,2019.4,6336,"אביאל","AVI'EL",1,"יהודי",821,414,407,270,65,73,344,0,1.61964076369639,506.902529500609,0,NA
679,2019,"אביאל","אביאל",32.5321575,34.9908625,113.410404378616,679,1,232,4,"temporal_distance > 200",0.790786948176583,TRUE,2019,6336,"אביאל","AVI'EL",1,"יהודי",821,414,407,270,65,73,344,0,1.61964076369639,506.902529500609,0,NA
679,2020,"אביאל","אביאל",32.5321575,34.9908625,113.410404378616,679,1,232,4,"temporal_distance > 200",0.795761078998073,TRUE,2020,6340,"אביאל","AVI'EL",1,"יהודי",792,399,385,252,55,79,337,0,1.61964076369639,488.997324439077,0,NA
679,2021,"אביאל","אביאל",32.5321575,34.9908625,113.410404378616,679,1,232,4,"temporal_distance > 200",0.783109404990403,TRUE,2021,6339,"אביאל","AVI'EL",1,"יהודי",820,406,415,262,63,73,353,68,1.61964076369639,506.285108636419,0.0829268292682927,NA
679,2022,"אביאל","אביאל",32.5321575,34.9908625,113.410404378616,679,1,232,4,"temporal_distance > 200",0.740402193784278,TRUE,2022,6335,"אביאל","AVI'EL",1,"יהודי",816,406,410,244,71,67,364,69,1.61964076369639,503.815425179656,0.0845588235294118,NA
680,2009,"אומץ","אומץ",32.369656,34.993285,97.4808635612624,680,0,NA,NA,"no_red_alert",0.725433526011561,FALSE,2009,NA,NA,NA,NA,NA,NA,NA,NA,NA,NA,NA,NA,NA,NA,NA,NA,NA
680,2013,"אומץ","אומץ",32.369656,34.993285,97.4808635612624,680,0,NA,NA,"no_red_alert",0.758849557522124,FALSE,2013,6353,"אומץ","OMEZ",1,"יהודי",750,380,370,230,60,80,340,50,1.26174154272344,594.416506554222,0.0666666666666667,59.5
680,2015,"אומץ","אומץ",32.369656,34.993285,97.4808635612624,680,0,NA,NA,"no_red_alert",0.768052516411379,TRUE,2015,6355,"אומץ","OMEZ",1,"יהודי",780,390,390,230,70,80,350,60,1.26174154272344,618.19316681639,0.0769230769230769,53
680,2019,"אומץ","אומץ",32.369656,34.993285,97.4808635612624,680,0,NA,NA,"no_red_alert",0.745098039215686,TRUE,2019,6351,"אומץ","OMEZ",1,"יהודי",849,434,415,239,85,91,352,83,1.26174154272344,672.879485419379,0.0977620730270907,NA
680,2019,"אומץ","אומץ",32.369656,34.993285,97.4808635612624,680,0,NA,NA,"no_red_alert",0.779296875,TRUE,2019.4,6351,"אומץ","OMEZ",1,"יהודי",849,434,415,239,85,91,352,83,1.26174154272344,672.879485419379,0.0977620730270907,NA
680,2020,"אומץ","אומץ",32.369656,34.993285,97.4808635612624,680,0,NA,NA,"no_red_alert",0.7578125,TRUE,2020,6356,"אומץ","OMEZ",1,"יהודי",830,423,405,228,77,91,349,85,1.26174154272344,657.820933920005,0.102409638554217,NA
680,2021,"אומץ","אומץ",32.369656,34.993285,97.4808635612624,680,0,NA,NA,"no_red_alert",0.772102161100196,TRUE,2021,6347,"אומץ","OMEZ",1,"יהודי",824,416,408,216,84,83,353,88,1.26174154272344,653.065601867571,0.106796116504854,NA
680,2022,"אומץ","אומץ",32.369656,34.993285,97.4808635612624,680,0,NA,NA,"no_red_alert",0.741154562383613,TRUE,2022,6349,"אומץ","OMEZ",1,"יהודי",860,435,425,224,92,87,365,93,1.26174154272344,681.597594182174,0.108139534883721,NA
682,2009,"אליקים","אליקים",32.6313095,35.067611,126.729260919974,682,1,6,3,"temporal_distance == 6",0.718106995884774,FALSE,2009,NA,NA,NA,NA,NA,NA,NA,NA,NA,NA,NA,NA,NA,NA,NA,NA,NA
682,2013,"אליקים","אליקים",32.6313095,35.067611,126.729260919974,682,1,6,3,"temporal_distance == 6",0.714011516314779,FALSE,2013,6377,"אליקים","ELYAQIM",1,"יהודי",820,420,410,210,60,100,360,90,0.508373127669934,1612.98848300336,0.109756097560976,60
682,2015,"אליקים","אליקים",32.6313095,35.067611,126.729260919974,682,1,6,3,"temporal_distance == 6",0.767317939609236,TRUE,2015,6379,"אליקים","ELYAQIM",1,"יהודי",860,440,420,220,60,110,360,90,0.508373127669934,1691.67084802791,0.104651162790698,56
682,2019,"אליקים","אליקים",32.6313095,35.067611,126.729260919974,682,1,6,3,"temporal_distance == 6",0.721561969439728,TRUE,2019.4,6381,"אליקים","ELYAQIM",1,"יהודי",910,485,425,267,54,104,356,129,0.508373127669934,1790.02380430861,0.141758241758242,NA
682,2019,"אליקים","אליקים",32.6313095,35.067611,126.729260919974,682,1,6,3,"temporal_distance == 6",0.733898305084746,TRUE,2019,6381,"אליקים","ELYAQIM",1,"יהודי",910,485,425,267,54,104,356,129,0.508373127669934,1790.02380430861,0.141758241758242,NA
682,2020,"אליקים","אליקים",32.6313095,35.067611,126.729260919974,682,1,6,3,"temporal_distance == 6",0.721843003412969,TRUE,2020,6372,"אליקים","ELYAQIM",1,"יהודי",927,490,439,276,59,115,347,130,0.508373127669934,1823.46380944404,0.140237324703344,NA
682,2021,"אליקים","אליקים",32.6313095,35.067611,126.729260919974,682,1,6,3,"temporal_distance == 6",0.661512027491409,TRUE,2021,6383,"אליקים","ELYAQIM",1,"יהודי",969,512,457,285,72,114,359,139,0.508373127669934,1906.08029271982,0.143446852425181,NA
682,2022,"אליקים","אליקים",32.6313095,35.067611,126.729260919974,682,1,6,3,"temporal_distance == 6",0.731942215088282,TRUE,2022,6375,"אליקים","ELYAQIM",1,"יהודי",969,511,458,291,62,112,364,139,0.508373127669934,1906.08029271982,0.143446852425181,NA
683,2009,"גבעכרמל","גבע כרמל",32.662945,34.9523665,125.341484363084,683,1,232,1,"temporal_distance > 200",0.754838709677419,FALSE,2009,NA,NA,NA,NA,NA,NA,NA,NA,NA,NA,NA,NA,NA,NA,NA,NA,NA
683,2013,"גבעכרמל","גבע כרמל",32.662945,34.9523665,125.341484363084,683,1,232,1,"temporal_distance > 200",0.757763975155279,FALSE,2013,6388,"גבע כרמל","GEVA  KARMEL",1,"יהודי",1100,560,550,350,60,120,490,80,1.99986827319678,550.036227256936,0.0727272727272727,42.5
683,2015,"גבעכרמל","גבע כרמל",32.662945,34.9523665,125.341484363084,683,1,232,1,"temporal_distance > 200",0.802469135802469,TRUE,2015,6392,"גבע כרמל","GEVA  KARMEL",1,"יהודי",1170,580,590,380,80,120,500,100,1.99986827319678,585.038532627832,0.0854700854700855,38.25
683,2019,"גבעכרמל","גבע כרמל",32.662945,34.9523665,125.341484363084,683,1,232,1,"temporal_distance > 200",0.788461538461538,TRUE,2019.4,6390,"גבע כרמל","GEVA  KARMEL",1,"יהודי",1200,582,618,361,101,110,505,123,1.99986827319678,600.03952064393,0.1025,NA
683,2019,"גבעכרמל","גבע כרמל",32.662945,34.9523665,125.341484363084,683,1,232,1,"temporal_distance > 200",0.778085991678225,TRUE,2019,6390,"גבע כרמל","GEVA  KARMEL",1,"יהודי",1200,582,618,361,101,110,505,123,1.99986827319678,600.03952064393,0.1025,NA
683,2020,"גבעכרמל","גבע כרמל",32.662945,34.9523665,125.341484363084,683,1,232,1,"temporal_distance > 200",0.727524204702628,TRUE,2020,6387,"גבע כרמל","GEVA  KARMEL",1,"יהודי",1221,599,622,344,106,130,514,127,1.99986827319678,610.540212255199,0.104013104013104,NA
683,2021,"גבעכרמל","גבע כרמל",32.662945,34.9523665,125.341484363084,683,1,232,1,"temporal_distance > 200",0.729138166894665,TRUE,2021,6389,"גבע כרמל","GEVA  KARMEL",1,"יהודי",1192,587,604,323,106,130,506,127,1.99986827319678,596.03925717297,0.106543624161074,NA
683,2022,"גבעכרמל","גבע כרמל",32.662945,34.9523665,125.341484363084,683,1,232,1,"temporal_distance > 200",0.754458161865569,TRUE,2022,6395,"גבע כרמל","GEVA  KARMEL",1,"יהודי",1205,595,609,311,106,143,513,132,1.99986827319678,602.53968531328,0.10954356846473,NA
684,2009,"היוגב","היוגב",32.6112399,35.2055255,130.051577215743,684,1,6,1,"temporal_distance == 6",0.720408163265306,FALSE,2009,NA,NA,NA,NA,NA,NA,NA,NA,NA,NA,NA,NA,NA,NA,NA,NA,NA
684,2013,"היוגב","היוגב",32.6112399,35.2055255,130.051577215743,684,1,6,1,"temporal_distance == 6",0.791586998087954,FALSE,2013,6404,"היוגב","HAYOGEV",1,"יהודי",610,320,290,140,30,90,280,70,4.17276035535357,146.186204826592,0.114754098360656,18.8333333333333
684,2015,"היוגב","היוגב",32.6112399,35.2055255,130.051577215743,684,1,6,1,"temporal_distance == 6",0.808193668528864,TRUE,2015,6405,"היוגב","HAYOGEV",1,"יהודי",630,320,320,170,20,80,280,80,4.17276035535357,150.979195148775,0.126984126984127,17
684,2019,"היוגב","היוגב",32.6112399,35.2055255,130.051577215743,684,1,6,1,"temporal_distance == 6",0.766903914590747,TRUE,2019.4,6399,"היוגב","HAYOGEV",1,"יהודי",711,356,355,233,27,56,286,0,4.17276035535357,170.390805953618,0,NA
684,2019,"היוגב","היוגב",32.6112399,35.2055255,130.051577215743,684,1,6,1,"temporal_distance == 6",0.80385288966725,TRUE,2019,6399,"היוגב","HAYOGEV",1,"יהודי",711,356,355,233,27,56,286,0,4.17276035535357,170.390805953618,0,NA
684,2020,"היוגב","היוגב",32.6112399,35.2055255,130.051577215743,684,1,6,1,"temporal_distance == 6",0.771681415929204,TRUE,2020,6409,"היוגב","HAYOGEV",1,"יהודי",745,368,371,251,26,59,292,0,4.17276035535357,178.53888950133,0,NA
684,2021,"היוגב","היוגב",32.6112399,35.2055255,130.051577215743,684,1,6,1,"temporal_distance == 6",0.786086956521739,TRUE,2021,6397,"היוגב","HAYOGEV",1,"יהודי",790,399,391,267,34,51,312,0,4.17276035535357,189.323117726242,0,NA
684,2022,"היוגב","היוגב",32.6112399,35.2055255,130.051577215743,684,1,6,1,"temporal_distance == 6",0.810679611650485,TRUE,2022,6406,"היוגב","HAYOGEV",1,"יהודי",833,424,408,299,36,46,318,133,4.17276035535357,199.628046918936,0.159663865546218,NA
686,2009,"נווהימין","נווה ימין",32.170906,34.940096,75.599122476945,686,0,NA,NA,"no_red_alert",0.704439252336449,FALSE,2009,NA,NA,NA,NA,NA,NA,NA,NA,NA,NA,NA,NA,NA,NA,NA,NA,NA
686,2013,"נווהימין","נווה ימין",32.170906,34.940096,75.599122476945,686,0,NA,NA,"no_red_alert",0.717532467532468,FALSE,2013,6423,"נווה ימין","NEWE YAMIN",1,"יהודי",1130,580,540,280,60,140,540,110,1.98260311129033,569.95774573589,0.0973451327433628,63
686,2015,"נווהימין","נווה ימין",32.170906,34.940096,75.599122476945,686,0,NA,NA,"no_red_alert",0.776260504201681,TRUE,2015,6431,"נווה ימין","NEWE YAMIN",1,"יהודי",1160,610,550,270,80,150,540,130,1.98260311129033,585.089367304099,0.112068965517241,63
686,2019,"נווהימין","נווה ימין",32.170906,34.940096,75.599122476945,686,0,NA,NA,"no_red_alert",0.762278978388998,TRUE,2019,6427,"נווה ימין","NEWE YAMIN",1,"יהודי",1155,601,554,247,72,152,521,165,1.98260311129033,582.567430376065,0.142857142857143,NA
686,2019,"נווהימין","נווה ימין",32.170906,34.940096,75.599122476945,686,0,NA,NA,"no_red_alert",0.748773307163886,TRUE,2019.4,6427,"נווה ימין","NEWE YAMIN",1,"יהודי",1155,601,554,247,72,152,521,165,1.98260311129033,582.567430376065,0.142857142857143,NA
686,2020,"נווהימין","נווה ימין",32.170906,34.940096,75.599122476945,686,0,NA,NA,"no_red_alert",0.737,TRUE,2020,6426,"נווה ימין","NEWE YAMIN",1,"יהודי",1079,562,518,226,73,136,478,166,1.98260311129033,544.233989069934,0.153846153846154,NA
686,2021,"נווהימין","נווה ימין",32.170906,34.940096,75.599122476945,686,0,NA,NA,"no_red_alert",0.71413612565445,TRUE,2021,6425,"נווה ימין","NEWE YAMIN",1,"יהודי",1065,552,513,214,79,131,470,172,1.98260311129033,537.172565671436,0.16150234741784,NA
686,2022,"נווהימין","נווה ימין",32.170906,34.940096,75.599122476945,686,0,NA,NA,"no_red_alert",0.738170347003155,TRUE,2022,6428,"נווה ימין","NEWE YAMIN",1,"יהודי",1037,528,508,196,76,141,445,178,1.98260311129033,523.049718874441,0.171648987463838,NA
687,2009,"עיןאיילה","עין איילה",32.628625,34.9432685,121.839097679772,687,1,232,3,"temporal_distance > 200",0.787769784172662,FALSE,2009,NA,NA,NA,NA,NA,NA,NA,NA,NA,NA,NA,NA,NA,NA,NA,NA,NA
687,2013,"עיןאיילה","עין איילה",32.628625,34.9432685,121.839097679772,687,1,232,3,"temporal_distance > 200",0.792125984251968,FALSE,2013,6436,"עין איילה","EN AYYALA",1,"יהודי",1140,580,550,420,80,100,490,50,2.44819374802152,465.649420484501,0.043859649122807,41
687,2015,"עיןאיילה","עין איילה",32.628625,34.9432685,121.839097679772,687,1,232,3,"temporal_distance > 200",0.779788838612368,TRUE,2015,6437,"עין איילה","EN AYYALA",1,"יהודי",1130,590,540,390,110,100,480,50,2.44819374802152,461.564776445163,0.0442477876106195,33.75
687,2019,"עיןאיילה","עין איילה",32.628625,34.9432685,121.839097679772,687,1,232,3,"temporal_distance > 200",0.757697456492637,TRUE,2019.4,6438,"עין איילה","EN AYYALA",1,"יהודי",1150,575,575,329,141,118,499,62,2.44819374802152,469.734064523839,0.0539130434782609,NA
687,2019,"עיןאיילה","עין איילה",32.628625,34.9432685,121.839097679772,687,1,232,3,"temporal_distance > 200",0.790760869565217,TRUE,2019,6438,"עין איילה","EN AYYALA",1,"יהודי",1150,575,575,329,141,118,499,62,2.44819374802152,469.734064523839,0.0539130434782609,NA
687,2020,"עיןאיילה","עין איילה",32.628625,34.9432685,121.839097679772,687,1,232,3,"temporal_distance > 200",0.733870967741935,TRUE,2020,6439,"עין איילה","EN AYYALA",1,"יהודי",1150,572,575,321,132,122,510,65,2.44819374802152,469.734064523839,0.0565217391304348,NA
687,2021,"עיןאיילה","עין איילה",32.628625,34.9432685,121.839097679772,687,1,232,3,"temporal_distance > 200",0.723598435462842,TRUE,2021,6447,"עין איילה","EN AYYALA",1,"יהודי",1159,575,584,312,138,131,509,71,2.44819374802152,473.410244159243,0.0612597066436583,NA
687,2022,"עיןאיילה","עין איילה",32.628625,34.9432685,121.839097679772,687,1,232,3,"temporal_distance > 200",0.713197969543147,TRUE,2022,6443,"עין איילה","EN AYYALA",1,"יהודי",1147,581,567,297,136,138,491,85,2.44819374802152,468.508671312037,0.0741063644289451,NA
689,2009,"מגדים","מגדים",32.729338,34.9570295,132.483651479756,689,1,232,1,"temporal_distance > 200",0.765079365079365,FALSE,2009,NA,NA,NA,NA,NA,NA,NA,NA,NA,NA,NA,NA,NA,NA,NA,NA,NA
689,2013,"מגדים","מגדים",32.729338,34.9570295,132.483651479756,689,1,232,1,"temporal_distance > 200",0.754316069057105,FALSE,2013,6462,"מגדים","MEGADIM",1,"יהודי",1250,610,630,370,80,110,560,130,2.94014924349424,425.14848617495,0.104,53.25
689,2015,"מגדים","מגדים",32.729338,34.9570295,132.483651479756,689,1,232,1,"temporal_distance > 200",0.794838709677419,TRUE,2015,6465,"מגדים","MEGADIM",1,"יהודי",1280,630,640,380,80,120,560,140,2.94014924349424,435.352049843149,0.109375,51
689,2019,"מגדים","מגדים",32.729338,34.9570295,132.483651479756,689,1,232,1,"temporal_distance > 200",0.789002557544757,TRUE,2019,6469,"מגדים","MEGADIM",1,"יהודי",1329,663,666,368,95,115,582,171,2.94014924349424,452.017870501207,0.128668171557562,NA
689,2019,"מגדים","מגדים",32.729338,34.9570295,132.483651479756,689,1,232,1,"temporal_distance > 200",0.772040302267002,TRUE,2019.4,6469,"מגדים","MEGADIM",1,"יהודי",1329,663,666,368,95,115,582,171,2.94014924349424,452.017870501207,0.128668171557562,NA
689,2020,"מגדים","מגדים",32.729338,34.9570295,132.483651479756,689,1,232,1,"temporal_distance > 200",0.725888324873096,TRUE,2020,6464,"מגדים","MEGADIM",1,"יהודי",1379,695,684,388,91,130,586,184,2.94014924349424,469.023809948205,0.133430021754895,NA
689,2021,"מגדים","מגדים",32.729338,34.9570295,132.483651479756,689,1,232,1,"temporal_distance > 200",0.752157829839704,TRUE,2021,6472,"מגדים","MEGADIM",1,"יהודי",1388,683,706,374,106,136,581,190,2.94014924349424,472.084879048665,0.136887608069164,NA
689,2022,"מגדים","מגדים",32.729338,34.9570295,132.483651479756,689,1,232,1,"temporal_distance > 200",0.752969121140142,TRUE,2022,6466,"מגדים","MEGADIM",1,"יהודי",1391,686,705,367,108,133,590,192,2.94014924349424,473.105235415484,0.13803019410496,NA
694,2009,"מעגןמיכאל","מעגן מיכאל",32.5556519,34.9155985,113.295608227544,694,1,232,4,"temporal_distance > 200",0.709800918836141,FALSE,2009,NA,NA,NA,NA,NA,NA,NA,NA,NA,NA,NA,NA,NA,NA,NA,NA,NA
694,2013,"מעגןמיכאל","מעגן מיכאל",32.5556519,34.9155985,113.295608227544,694,1,232,4,"temporal_distance > 200",0.693213296398892,FALSE,2013,6524,"מעגן מיכאל","MA'AGAN MIKHA'EL",1,"יהודי",1770,870,900,410,150,280,690,240,0.800810813396687,2210.25986461451,0.135593220338983,61
694,2015,"מעגןמיכאל","מעגן מיכאל",32.5556519,34.9155985,113.295608227544,694,1,232,4,"temporal_distance > 200",0.717477003942181,TRUE,2015,6516,"מעגן מיכאל","MA'AGAN MIKHA'EL",1,"יהודי",1890,950,940,440,170,300,720,260,0.800810813396687,2360.10799102906,0.137566137566138,54
694,2019,"מעגןמיכאל","מעגן מיכאל",32.5556519,34.9155985,113.295608227544,694,1,232,4,"temporal_distance > 200",0.674556213017751,TRUE,2019.4,6517,"מעגן מיכאל","MA'AGAN MIKHA'EL",1,"יהודי",2039,1031,1009,495,174,328,760,283,0.800810813396687,2546.16941466045,0.138793526238352,NA
694,2019,"מעגןמיכאל","מעגן מיכאל",32.5556519,34.9155985,113.295608227544,694,1,232,4,"temporal_distance > 200",0.691895113230036,TRUE,2019,6517,"מעגן מיכאל","MA'AGAN MIKHA'EL",1,"יהודי",2039,1031,1009,495,174,328,760,283,0.800810813396687,2546.16941466045,0.138793526238352,NA
694,2020,"מעגןמיכאל","מעגן מיכאל",32.5556519,34.9155985,113.295608227544,694,1,232,4,"temporal_distance > 200",0.655699177438308,TRUE,2020,6514,"מעגן מיכאל","MA'AGAN MIKHA'EL",1,"יהודי",2064,1037,1031,516,170,309,769,300,0.800810813396687,2577.38777433014,0.145348837209302,NA
694,2021,"מעגןמיכאל","מעגן מיכאל",32.5556519,34.9155985,113.295608227544,694,1,232,4,"temporal_distance > 200",0.655491329479769,TRUE,2021,6525,"מעגן מיכאל","MA'AGAN MIKHA'EL",1,"יהודי",2068,1043,1025,517,162,325,768,296,0.800810813396687,2582.3827118773,0.143133462282398,NA
694,2022,"מעגןמיכאל","מעגן מיכאל",32.5556519,34.9155985,113.295608227544,694,1,232,4,"temporal_distance > 200",0.635788262370541,TRUE,2022,6519,"מעגן מיכאל","MA'AGAN MIKHA'EL",1,"יהודי",2074,1042,1032,528,178,300,773,295,0.800810813396687,2589.87511819802,0.142237222757956,NA
697,2009,"בארותיים","בארותיים",32.3204585,34.9818725,91.7043321577716,697,0,NA,NA,"no_red_alert",0.780718336483932,FALSE,2009,NA,NA,NA,NA,NA,NA,NA,NA,NA,NA,NA,NA,NA,NA,NA,NA,NA
697,2013,"בארותיים","בארותיים",32.3204585,34.9818725,91.7043321577716,697,0,NA,NA,"no_red_alert",0.817420435510888,FALSE,2013,6560,"בארותיים","BE'EROTAYIM",1,"יהודי",1070,550,520,360,70,90,490,60,3.65671245088637,292.61256234152,0.0560747663551402,62.5
697,2015,"בארותיים","בארותיים",32.3204585,34.9818725,91.7043321577716,697,0,NA,NA,"no_red_alert",0.82262996941896,TRUE,2015,6553,"בארותיים","BE'EROTAYIM",1,"יהודי",1120,570,550,360,90,90,500,80,3.65671245088637,306.286046563086,0.0714285714285714,59.6666666666667
697,2019,"בארותיים","בארותיים",32.3204585,34.9818725,91.7043321577716,697,0,NA,NA,"no_red_alert",0.794034090909091,TRUE,2019,6559,"בארותיים","BE'EROTAYIM",1,"יהודי",1143,582,561,336,100,88,506,114,3.65671245088637,312.575849305006,0.0997375328083989,NA
697,2019,"בארותיים","בארותיים",32.3204585,34.9818725,91.7043321577716,697,0,NA,NA,"no_red_alert",0.758087201125176,TRUE,2019.4,6559,"בארותיים","BE'EROTAYIM",1,"יהודי",1143,582,561,336,100,88,506,114,3.65671245088637,312.575849305006,0.0997375328083989,NA
697,2020,"בארותיים","בארותיים",32.3204585,34.9818725,91.7043321577716,697,0,NA,NA,"no_red_alert",0.775714285714286,TRUE,2020,6562,"בארותיים","BE'EROTAYIM",1,"יהודי",1143,571,567,314,109,105,496,119,3.65671245088637,312.575849305006,0.10411198600175,NA
697,2021,"בארותיים","בארותיים",32.3204585,34.9818725,91.7043321577716,697,0,NA,NA,"no_red_alert",0.787204450625869,TRUE,2021,6565,"בארותיים","BE'EROTAYIM",1,"יהודי",1155,582,573,302,123,107,499,123,3.65671245088637,315.857485518182,0.106493506493506,NA
697,2022,"בארותיים","בארותיים",32.3204585,34.9818725,91.7043321577716,697,0,NA,NA,"no_red_alert",0.775862068965517,TRUE,2022,6555,"בארותיים","BE'EROTAYIM",1,"יהודי",1179,587,592,309,118,116,506,128,3.65671245088637,322.420757944534,0.108566581849025,NA
698,2009,"בורגתה","בורגתה",32.3265474,34.9615045,91.6633987128356,698,0,NA,NA,"no_red_alert",0.739520958083832,FALSE,2009,NA,NA,NA,NA,NA,NA,NA,NA,NA,NA,NA,NA,NA,NA,NA,NA,NA
698,2013,"בורגתה","בורגתה",32.3265474,34.9615045,91.6633987128356,698,0,NA,NA,"no_red_alert",0.791666666666667,FALSE,2013,6568,"בורגתה","BURGETA",1,"יהודי",1090,550,540,300,70,130,500,90,0.987042320900301,1104.30928534634,0.0825688073394495,62
698,2015,"בורגתה","בורגתה",32.3265474,34.9615045,91.6633987128356,698,0,NA,NA,"no_red_alert",0.808236808236808,TRUE,2015,6571,"בורגתה","BURGETA",1,"יהודי",1130,570,560,300,80,140,500,110,0.987042320900301,1144.83439673519,0.0973451327433628,57.8333333333333
698,2019,"בורגתה","בורגתה",32.3265474,34.9615045,91.6633987128356,698,0,NA,NA,"no_red_alert",0.78117048346056,TRUE,2019,6578,"בורגתה","BURGETA",1,"יהודי",1136,570,565,297,84,113,492,148,0.987042320900301,1150.91316344352,0.130281690140845,NA
698,2019,"בורגתה","בורגתה",32.3265474,34.9615045,91.6633987128356,698,0,NA,NA,"no_red_alert",0.768647281921618,TRUE,2019.4,6578,"בורגתה","BURGETA",1,"יהודי",1136,570,565,297,84,113,492,148,0.987042320900301,1150.91316344352,0.130281690140845,NA
698,2020,"בורגתה","בורגתה",32.3265474,34.9615045,91.6633987128356,698,0,NA,NA,"no_red_alert",0.768368617683686,TRUE,2020,6573,"בורגתה","BURGETA",1,"יהודי",1135,575,563,281,85,124,491,154,0.987042320900301,1149.9000356588,0.13568281938326,NA
698,2021,"בורגתה","בורגתה",32.3265474,34.9615045,91.6633987128356,698,0,NA,NA,"no_red_alert",0.758830694275274,TRUE,2021,6575,"בורגתה","BURGETA",1,"יהודי",1147,586,561,271,90,133,493,159,0.987042320900301,1162.05756907546,0.138622493461203,NA
698,2022,"בורגתה","בורגתה",32.3265474,34.9615045,91.6633987128356,698,0,NA,NA,"no_red_alert",0.738922155688623,TRUE,2022,6570,"בורגתה","BURGETA",1,"יהודי",1153,590,563,265,90,139,494,166,0.987042320900301,1168.13633578378,0.143972246313964,NA
703,2009,"גבעתעוז","גבעת עוז",32.555281,35.1979329,125.411674786162,703,0,NA,NA,"no_red_alert",0.712365591397849,FALSE,2009,NA,NA,NA,NA,NA,NA,NA,NA,NA,NA,NA,NA,NA,NA,NA,NA,NA
703,2013,"גבעתעוז","גבעת עוז",32.555281,35.1979329,125.411674786162,703,0,NA,NA,"no_red_alert",0.663390663390663,FALSE,2013,6639,"גבעת עוז","GIV'AT OZ",1,"יהודי",490,250,240,110,20,50,200,110,0.344220320979946,1423.5068940876,0.224489795918367,55
703,2015,"גבעתעוז","גבעת עוז",32.555281,35.1979329,125.411674786162,703,0,NA,NA,"no_red_alert",0.675879396984925,TRUE,2015,6635,"גבעת עוז","GIV'AT OZ",1,"יהודי",470,240,230,90,30,60,180,110,0.344220320979946,1365.40457187994,0.234042553191489,49.5
703,2019,"גבעתעוז","גבעת עוז",32.555281,35.1979329,125.411674786162,703,0,NA,NA,"no_red_alert",0.680487804878049,TRUE,2019,6643,"גבעת עוז","GIV'AT OZ",1,"יהודי",464,236,228,91,30,57,184,103,0.344220320979946,1347.97387521765,0.22198275862069,NA
703,2019,"גבעתעוז","גבעת עוז",32.555281,35.1979329,125.411674786162,703,0,NA,NA,"no_red_alert",0.669950738916256,TRUE,2019.4,6643,"גבעת עוז","GIV'AT OZ",1,"יהודי",464,236,228,91,30,57,184,103,0.344220320979946,1347.97387521765,0.22198275862069,NA
703,2020,"גבעתעוז","גבעת עוז",32.555281,35.1979329,125.411674786162,703,0,NA,NA,"no_red_alert",0.640897755610973,TRUE,2020,6637,"גבעת עוז","GIV'AT OZ",1,"יהודי",465,243,221,93,34,56,180,102,0.344220320979946,1350.87899132803,0.219354838709677,NA
703,2021,"גבעתעוז","גבעת עוז",32.555281,35.1979329,125.411674786162,703,0,NA,NA,"no_red_alert",0.620603015075377,TRUE,2021,6638,"גבעת עוז","GIV'AT OZ",1,"יהודי",475,244,231,100,32,53,190,103,0.344220320979946,1379.93015243186,0.216842105263158,NA
703,2022,"גבעתעוז","גבעת עוז",32.555281,35.1979329,125.411674786162,703,0,NA,NA,"no_red_alert",0.623471882640587,TRUE,2022,6640,"גבעת עוז","GIV'AT OZ",1,"יהודי",501,262,239,111,33,58,201,100,0.344220320979946,1455.46317130181,0.199600798403194,NA
715,2009,"להבותחביבה","להבות חביבה",32.3943025,35.010692,99.8598148281967,10014,0,NA,NA,"no_red_alert",0.668918918918919,FALSE,2009,NA,NA,NA,NA,NA,NA,NA,NA,NA,NA,NA,NA,NA,NA,NA,NA,NA
715,2013,"להבותחביבה","להבות חביבה",32.3943025,35.010692,99.8598148281967,10014,0,NA,NA,"no_red_alert",0.74234693877551,FALSE,2013,6786,"להבות חביבה","LAHAVOT HAVIVA",1,"יהודי",890,440,450,290,60,120,360,50,0.36832407273468,2416.35034439116,0.0561797752808989,61
715,2015,"להבותחביבה","להבות חביבה",32.3943025,35.010692,99.8598148281967,10014,0,NA,NA,"no_red_alert",0.79296066252588,TRUE,2015,6777,"להבות חביבה","LAHAVOT HAVIVA",1,"יהודי",970,480,490,330,50,140,400,50,0.36832407273468,2633.55037534767,0.0515463917525773,59
715,2019,"להבותחביבה","להבות חביבה",32.3943025,35.010692,99.8598148281967,10014,0,NA,NA,"no_red_alert",0.776666666666667,TRUE,2019.4,6781,"להבות חביבה","LAHAVOT HAVIVA",1,"יהודי",1021,503,518,346,88,67,457,63,0.36832407273468,2772.01539508245,0.0617042115572968,NA
715,2019,"להבותחביבה","להבות חביבה",32.3943025,35.010692,99.8598148281967,10014,0,NA,NA,"no_red_alert",0.789930555555556,TRUE,2019,6781,"להבות חביבה","LAHAVOT HAVIVA",1,"יהודי",1021,503,518,346,88,67,457,63,0.36832407273468,2772.01539508245,0.0617042115572968,NA
715,2020,"להבותחביבה","להבות חביבה",32.3943025,35.010692,99.8598148281967,10014,0,NA,NA,"no_red_alert",0.77175697865353,TRUE,2020,6778,"להבות חביבה","LAHAVOT HAVIVA",1,"יהודי",1042,511,532,343,96,74,465,64,0.36832407273468,2829.03040320853,0.0614203454894434,NA
715,2021,"להבותחביבה","להבות חביבה",32.3943025,35.010692,99.8598148281967,10014,0,NA,NA,"no_red_alert",0.758785942492013,TRUE,2021,6784,"להבות חביבה","LAHAVOT HAVIVA",1,"יהודי",1061,513,548,335,99,81,476,70,0.36832407273468,2880.6154105607,0.0659754948162111,NA
715,2022,"להבותחביבה","להבות חביבה",32.3943025,35.010692,99.8598148281967,10014,0,NA,NA,"no_red_alert",0.756508422664625,TRUE,2022,6776,"להבות חביבה","LAHAVOT HAVIVA",1,"יהודי",1061,511,550,319,112,89,468,73,0.36832407273468,2880.6154105607,0.0688030160226202,NA
716,2009,"אייל","אייל",32.2117115,34.9791535,81.9039723036658,716,1,227,5,"temporal_distance > 200",0.780254777070064,FALSE,2009,NA,NA,NA,NA,NA,NA,NA,NA,NA,NA,NA,NA,NA,NA,NA,NA,NA
716,2013,"אייל","אייל",32.2117115,34.9791535,81.9039723036658,716,1,227,5,"temporal_distance > 200",0.803324099722992,FALSE,2013,6789,"אייל","EYAL",1,"יהודי",480,260,220,110,30,80,220,20,0.305881037420713,1569.2375181133,0.0416666666666667,63
716,2015,"אייל","אייל",32.2117115,34.9791535,81.9039723036658,716,1,227,5,"temporal_distance > 200",0.818681318681319,TRUE,2015,6797,"אייל","EYAL",1,"יהודי",480,260,230,130,30,70,220,40,0.305881037420713,1569.2375181133,0.0833333333333333,61.25
716,2019,"אייל","אייל",32.2117115,34.9791535,81.9039723036658,716,1,227,5,"temporal_distance > 200",0.827763496143959,TRUE,2019,6794,"אייל","EYAL",1,"יהודי",534,279,255,166,17,60,238,0,0.305881037420713,1745.77673890104,0,NA
716,2019,"אייל","אייל",32.2117115,34.9791535,81.9039723036658,716,1,227,5,"temporal_distance > 200",0.787179487179487,TRUE,2019.4,6794,"אייל","EYAL",1,"יהודי",534,279,255,166,17,60,238,0,0.305881037420713,1745.77673890104,0,NA
716,2020,"אייל","אייל",32.2117115,34.9791535,81.9039723036658,716,1,227,5,"temporal_distance > 200",0.78772378516624,TRUE,2020,6791,"אייל","EYAL",1,"יהודי",535,280,253,158,26,61,225,0,0.305881037420713,1749.04598373045,0,NA
716,2021,"אייל","אייל",32.2117115,34.9791535,81.9039723036658,716,1,227,5,"temporal_distance > 200",0.819796954314721,TRUE,2021,6798,"אייל","EYAL",1,"יהודי",549,292,257,161,29,55,233,0,0.305881037420713,1794.81541134208,0,NA
716,2022,"אייל","אייל",32.2117115,34.9791535,81.9039723036658,716,1,227,5,"temporal_distance > 200",0.81219512195122,TRUE,2022,6788,"אייל","EYAL",1,"יהודי",566,299,267,166,31,49,244,0,0.305881037420713,1850.39257344193,0,NA
718,2009,"ירחיב","ירחיב",32.1541555,34.968904,76.134853295032,718,1,227,3,"temporal_distance > 200",0.671785028790787,FALSE,2009,NA,NA,NA,NA,NA,NA,NA,NA,NA,NA,NA,NA,NA,NA,NA,NA,NA
718,2013,"ירחיב","ירחיב",32.1541555,34.968904,76.134853295032,718,1,227,3,"temporal_distance > 200",0.711290322580645,FALSE,2013,6824,"ירחיב","YARHIV",1,"יהודי",920,470,450,240,80,140,380,80,0.403598030948601,2279.49575927729,0.0869565217391304,63
718,2015,"ירחיב","ירחיב",32.1541555,34.968904,76.134853295032,718,1,227,3,"temporal_distance > 200",0.753323485967504,TRUE,2015,6813,"ירחיב","YARHIV",1,"יהודי",960,490,460,240,80,160,400,80,0.403598030948601,2378.60427055021,0.0833333333333333,61
718,2019,"ירחיב","ירחיב",32.1541555,34.968904,76.134853295032,718,1,227,3,"temporal_distance > 200",0.744010088272383,TRUE,2019.4,6823,"ירחיב","YARHIV",1,"יהודי",1082,563,519,259,99,174,463,85,0.403598030948601,2680.88522993264,0.0785582255083179,NA
718,2019,"ירחיב","ירחיב",32.1541555,34.968904,76.134853295032,718,1,227,3,"temporal_distance > 200",0.74468085106383,TRUE,2019,6823,"ירחיב","YARHIV",1,"יהודי",1082,563,519,259,99,174,463,85,0.403598030948601,2680.88522993264,0.0785582255083179,NA
718,2020,"ירחיב","ירחיב",32.1541555,34.968904,76.134853295032,718,1,227,3,"temporal_distance > 200",0.711392405063291,TRUE,2020,6821,"ירחיב","YARHIV",1,"יהודי",1097,558,536,253,102,173,475,94,0.403598030948601,2718.05092165998,0.0856882406563355,NA
718,2021,"ירחיב","ירחיב",32.1541555,34.968904,76.134853295032,718,1,227,3,"temporal_distance > 200",0.693509615384615,TRUE,2021,6819,"ירחיב","YARHIV",1,"יהודי",1088,556,532,245,100,175,470,99,0.403598030948601,2695.75150662358,0.0909926470588235,NA
718,2022,"ירחיב","ירחיב",32.1541555,34.968904,76.134853295032,718,1,227,3,"temporal_distance > 200",0.738442822384428,TRUE,2022,6815,"ירחיב","YARHIV",1,"יהודי",1087,556,530,242,90,177,469,109,0.403598030948601,2693.27379384175,0.100275988960442,NA
734,2009,"גןיאשיה","גן יאשיה",32.349918,34.9941534,95.5705268388884,734,0,NA,NA,"no_red_alert",0.806324110671937,FALSE,2009,NA,NA,NA,NA,NA,NA,NA,NA,NA,NA,NA,NA,NA,NA,NA,NA,NA
734,2013,"גןיאשיה","גן יאשיה",32.349918,34.9941534,95.5705268388884,734,0,NA,NA,"no_red_alert",0.816254416961131,FALSE,2013,6969,"גן יאשיה","GAN YOSHIYYA",1,"יהודי",950,510,440,260,80,120,430,60,1.91823048727787,495.248097817551,0.0631578947368421,61
734,2015,"גןיאשיה","גן יאשיה",32.349918,34.9941534,95.5705268388884,734,0,NA,NA,"no_red_alert",0.829310344827586,TRUE,2015,6976,"גן יאשיה","GAN YOSHIYYA",1,"יהודי",980,520,460,260,100,120,430,70,1.91823048727787,510.887511432842,0.0714285714285714,54
734,2019,"גןיאשיה","גן יאשיה",32.349918,34.9941534,95.5705268388884,734,0,NA,NA,"no_red_alert",0.754358161648177,TRUE,2019.4,6973,"גן יאשיה","GAN YOSHIYYA",1,"יהודי",997,529,469,251,103,133,423,87,1.91823048727787,519.74984581484,0.0872617853560682,NA
734,2019,"גןיאשיה","גן יאשיה",32.349918,34.9941534,95.5705268388884,734,0,NA,NA,"no_red_alert",0.790064102564103,TRUE,2019,6973,"גן יאשיה","GAN YOSHIYYA",1,"יהודי",997,529,469,251,103,133,423,87,1.91823048727787,519.74984581484,0.0872617853560682,NA
734,2020,"גןיאשיה","גן יאשיה",32.349918,34.9941534,95.5705268388884,734,0,NA,NA,"no_red_alert",0.777777777777778,TRUE,2020,6981,"גן יאשיה","GAN YOSHIYYA",1,"יהודי",1008,532,476,252,93,138,433,92,1.91823048727787,525.48429747378,0.0912698412698413,NA
734,2021,"גןיאשיה","גן יאשיה",32.349918,34.9941534,95.5705268388884,734,0,NA,NA,"no_red_alert",0.779969650986343,TRUE,2021,6978,"גן יאשיה","GAN YOSHIYYA",1,"יהודי",1019,532,487,246,107,135,431,100,1.91823048727787,531.21874913272,0.098135426889107,NA
734,2022,"גןיאשיה","גן יאשיה",32.349918,34.9941534,95.5705268388884,734,0,NA,NA,"no_red_alert",0.761061946902655,TRUE,2022,6971,"גן יאשיה","GAN YOSHIYYA",1,"יהודי",1040,538,501,256,102,137,438,105,1.91823048727787,542.166338663424,0.100961538461538,NA
737,2009,"עולש","עולש",32.333046,34.9849331,93.4649065263428,737,0,NA,NA,"no_red_alert",0.776666666666667,FALSE,2009,NA,NA,NA,NA,NA,NA,NA,NA,NA,NA,NA,NA,NA,NA,NA,NA,NA
737,2013,"עולש","עולש",32.333046,34.9849331,93.4649065263428,737,0,NA,NA,"no_red_alert",0.787923416789396,FALSE,2013,7019,"עולש","OLESH",1,"יהודי",1050,520,530,290,80,140,480,60,2.61828021434801,401.026595337682,0.0571428571428571,61.6666666666667
737,2015,"עולש","עולש",32.333046,34.9849331,93.4649065263428,737,0,NA,NA,"no_red_alert",0.79330422125182,TRUE,2015,7011,"עולש","OLESH",1,"יהודי",1070,530,540,290,90,130,480,70,2.61828021434801,408.665197153638,0.0654205607476635,57.6666666666667
737,2019,"עולש","עולש",32.333046,34.9849331,93.4649065263428,737,0,NA,NA,"no_red_alert",0.773087071240106,TRUE,2019.4,7016,"עולש","OLESH",1,"יהודי",1131,549,582,303,86,139,503,100,2.61828021434801,431.962932692303,0.0884173297966401,NA
737,2019,"עולש","עולש",32.333046,34.9849331,93.4649065263428,737,0,NA,NA,"no_red_alert",0.794195250659631,TRUE,2019,7016,"עולש","OLESH",1,"יהודי",1131,549,582,303,86,139,503,100,2.61828021434801,431.962932692303,0.0884173297966401,NA
737,2020,"עולש","עולש",32.333046,34.9849331,93.4649065263428,737,0,NA,NA,"no_red_alert",0.750328515111695,TRUE,2020,7008,"עולש","OLESH",1,"יהודי",1163,576,586,336,78,136,508,105,2.61828021434801,444.184695597832,0.0902837489251935,NA
737,2021,"עולש","עולש",32.333046,34.9849331,93.4649065263428,737,0,NA,NA,"no_red_alert",0.782383419689119,TRUE,2021,7010,"עולש","OLESH",1,"יהודי",1184,585,599,351,75,142,502,113,2.61828021434801,452.205227504586,0.0954391891891892,NA
737,2022,"עולש","עולש",32.333046,34.9849331,93.4649065263428,737,0,NA,NA,"no_red_alert",0.736975857687421,TRUE,2022,7015,"עולש","OLESH",1,"יהודי",1192,587,605,353,76,136,508,120,2.61828021434801,455.260668230968,0.100671140939597,NA
738,2009,"דור","דור",32.6072055,34.9235706,119.086210035334,738,1,232,3,"temporal_distance > 200",0.744444444444444,FALSE,2009,NA,NA,NA,NA,NA,NA,NA,NA,NA,NA,NA,NA,NA,NA,NA,NA,NA
738,2013,"דור","דור",32.6072055,34.9235706,119.086210035334,738,1,232,3,"temporal_distance > 200",0.734082397003745,FALSE,2013,7029,"דור","DOR",1,"יהודי",370,190,180,60,20,80,180,40,0.579548407523729,638.428119543838,0.108108108108108,44
738,2015,"דור","דור",32.6072055,34.9235706,119.086210035334,738,1,232,3,"temporal_distance > 200",0.827067669172932,TRUE,2015,7025,"דור","DOR",1,"יהודי",400,200,200,90,20,70,200,30,0.579548407523729,690.192561669014,0.075,34
738,2019,"דור","דור",32.6072055,34.9235706,119.086210035334,738,1,232,3,"temporal_distance > 200",0.815217391304348,TRUE,2019.4,7032,"דור","DOR",1,"יהודי",443,215,228,117,13,44,224,43,0.579548407523729,764.388262048433,0.0970654627539503,NA
738,2019,"דור","דור",32.6072055,34.9235706,119.086210035334,738,1,232,3,"temporal_distance > 200",0.800724637681159,TRUE,2019,7032,"דור","DOR",1,"יהודי",443,215,228,117,13,44,224,43,0.579548407523729,764.388262048433,0.0970654627539503,NA
738,2020,"דור","דור",32.6072055,34.9235706,119.086210035334,738,1,232,3,"temporal_distance > 200",0.778947368421053,TRUE,2020,7026,"דור","DOR",1,"יהודי",447,218,226,126,11,38,223,0,0.579548407523729,771.290187665123,0,NA
738,2021,"דור","דור",32.6072055,34.9235706,119.086210035334,738,1,232,3,"temporal_distance > 200",0.777003484320557,TRUE,2021,7022,"דור","DOR",1,"יהודי",451,219,231,134,8,36,221,0,0.579548407523729,778.192113281813,0,NA
738,2022,"דור","דור",32.6072055,34.9235706,119.086210035334,738,1,232,3,"temporal_distance > 200",0.748251748251748,TRUE,2022,7028,"דור","DOR",1,"יהודי",465,227,237,143,5,35,223,0,0.579548407523729,802.348852940229,0,NA
753,2009,"ינוב","ינוב",32.3064854,34.9480839,89.4915300257594,753,0,NA,NA,"no_red_alert",0.677064220183486,FALSE,2009,NA,NA,NA,NA,NA,NA,NA,NA,NA,NA,NA,NA,NA,NA,NA,NA,NA
753,2013,"ינוב","ינוב",32.3064854,34.9480839,89.4915300257594,753,0,NA,NA,"no_red_alert",0.738137082601054,FALSE,2013,7224,"ינוב","YANUV",1,"יהודי",850,460,390,210,70,120,360,90,1.35319429778182,628.143350436323,0.105882352941176,63
753,2015,"ינוב","ינוב",32.3064854,34.9480839,89.4915300257594,753,0,NA,NA,"no_red_alert",0.777027027027027,TRUE,2015,7216,"ינוב","YANUV",1,"יהודי",930,500,430,240,70,140,390,90,1.35319429778182,687.262724595035,0.0967741935483871,61
753,2019,"ינוב","ינוב",32.3064854,34.9480839,89.4915300257594,753,0,NA,NA,"no_red_alert",0.767741935483871,TRUE,2019.4,7220,"ינוב","YANUV",1,"יהודי",936,502,433,231,60,129,388,126,1.35319429778182,691.696677656939,0.134615384615385,NA
753,2019,"ינוב","ינוב",32.3064854,34.9480839,89.4915300257594,753,0,NA,NA,"no_red_alert",0.776872964169381,TRUE,2019,7220,"ינוב","YANUV",1,"יהודי",936,502,433,231,60,129,388,126,1.35319429778182,691.696677656939,0.134615384615385,NA
753,2020,"ינוב","ינוב",32.3064854,34.9480839,89.4915300257594,753,0,NA,NA,"no_red_alert",0.745571658615137,TRUE,2020,7223,"ינוב","YANUV",1,"יהודי",934,499,431,223,61,137,384,129,1.35319429778182,690.218693302971,0.138115631691649,NA
753,2021,"ינוב","ינוב",32.3064854,34.9480839,89.4915300257594,753,0,NA,NA,"no_red_alert",0.729032258064516,TRUE,2021,7219,"ינוב","YANUV",1,"יהודי",952,501,451,228,65,133,392,134,1.35319429778182,703.520552488681,0.140756302521008,NA
753,2022,"ינוב","ינוב",32.3064854,34.9480839,89.4915300257594,753,0,NA,NA,"no_red_alert",0.740740740740741,TRUE,2022,7222,"ינוב","YANUV",1,"יהודי",937,495,442,213,64,130,393,140,1.35319429778182,692.435669833923,0.149413020277481,NA
758,2009,"ידחנה","יד חנה",32.3261819,35.0058661,93.9533738872556,758,0,NA,NA,"no_red_alert",0.721951219512195,FALSE,2009,NA,NA,NA,NA,NA,NA,NA,NA,NA,NA,NA,NA,NA,NA,NA,NA,NA
758,2013,"ידחנה","יד חנה",32.3261819,35.0058661,93.9533738872556,758,0,NA,NA,"no_red_alert",0.811735941320293,FALSE,2013,7276,"יד חנה","YAD HANNA",1,"יהודי",700,360,340,250,30,40,340,40,0.300112189847711,2332.4610718252,0.0571428571428571,62
758,2015,"ידחנה","יד חנה",32.3261819,35.0058661,93.9533738872556,758,0,NA,NA,"no_red_alert",0.818371607515658,TRUE,2015,7275,"יד חנה","YAD HANNA",1,"יהודי",800,410,390,310,30,30,380,50,0.300112189847711,2665.66979637166,0.0625,62
758,2019,"ידחנה","יד חנה",32.3261819,35.0058661,93.9533738872556,758,0,NA,NA,"no_red_alert",0.798922800718133,TRUE,2019,7278,"יד חנה","YAD HANNA",1,"יהודי",968,492,476,375,51,41,427,0,0.300112189847711,3225.46045360971,0,NA
758,2019,"ידחנה","יד חנה",32.3261819,35.0058661,93.9533738872556,758,0,NA,NA,"no_red_alert",0.809859154929577,TRUE,2019.4,7278,"יד חנה","YAD HANNA",1,"יהודי",968,492,476,375,51,41,427,0,0.300112189847711,3225.46045360971,0,NA
758,2020,"ידחנה","יד חנה",32.3261819,35.0058661,93.9533738872556,758,0,NA,NA,"no_red_alert",0.792027729636049,TRUE,2020,7273,"יד חנה","YAD HANNA",1,"יהודי",959,480,477,361,56,48,420,74,0.300112189847711,3195.47166840053,0.0771637122002086,NA
758,2021,"ידחנה","יד חנה",32.3261819,35.0058661,93.9533738872556,758,0,NA,NA,"no_red_alert",0.792808219178082,TRUE,2021,7268,"יד חנה","YAD HANNA",1,"יהודי",986,493,492,373,64,51,414,82,0.300112189847711,3285.43802402807,0.0831643002028398,NA
758,2022,"ידחנה","יד חנה",32.3261819,35.0058661,93.9533738872556,758,0,NA,NA,"no_red_alert",0.802980132450331,TRUE,2022,7277,"יד חנה","YAD HANNA",1,"יהודי",1009,504,505,377,70,60,423,78,0.300112189847711,3362.07603067376,0.0773042616451933,NA
767,2009,"פורת","פורת",32.2760995,34.9494485,86.253145879883,767,1,227,5,"temporal_distance > 200",0.552367288378766,FALSE,2009,NA,NA,NA,NA,NA,NA,NA,NA,NA,NA,NA,NA,NA,NA,NA,NA,NA
767,2013,"פורת","פורת",32.2760995,34.9494485,86.253145879883,767,1,227,5,"temporal_distance > 200",0.599740932642487,FALSE,2013,7397,"פורת","PORAT",1,"יהודי",1170,610,560,370,110,150,460,80,2.32735012901174,502.717655334833,0.0683760683760684,63
767,2015,"פורת","פורת",32.2760995,34.9494485,86.253145879883,767,1,227,5,"temporal_distance > 200",0.705955334987593,TRUE,2015,7389,"פורת","PORAT",1,"יהודי",1210,640,570,350,120,170,490,80,2.32735012901174,519.904583722348,0.0661157024793388,61.3333333333333
767,2019,"פורת","פורת",32.2760995,34.9494485,86.253145879883,767,1,227,5,"temporal_distance > 200",0.686450167973124,TRUE,2019,7390,"פורת","PORAT",1,"יהודי",1275,673,602,352,111,193,528,93,2.32735012901174,547.833342352061,0.0729411764705882,NA
767,2019,"פורת","פורת",32.2760995,34.9494485,86.253145879883,767,1,227,5,"temporal_distance > 200",0.714128035320088,TRUE,2019.4,7390,"פורת","PORAT",1,"יהודי",1275,673,602,352,111,193,528,93,2.32735012901174,547.833342352061,0.0729411764705882,NA
767,2020,"פורת","פורת",32.2760995,34.9494485,86.253145879883,767,1,227,5,"temporal_distance > 200",0.744469026548673,TRUE,2020,7395,"פורת","PORAT",1,"יהודי",1278,681,597,348,100,200,532,98,2.32735012901174,549.122361981125,0.0766823161189358,NA
767,2021,"פורת","פורת",32.2760995,34.9494485,86.253145879883,767,1,227,5,"temporal_distance > 200",0.670341786108049,TRUE,2021,7388,"פורת","PORAT",1,"יהודי",1284,677,607,346,108,207,514,111,2.32735012901174,551.700401239252,0.0864485981308411,NA
767,2022,"פורת","פורת",32.2760995,34.9494485,86.253145879883,767,1,227,5,"temporal_distance > 200",0.741341991341991,TRUE,2022,7391,"פורת","PORAT",1,"יהודי",1295,687,609,335,113,206,523,119,2.32735012901174,556.426806545819,0.0918918918918919,NA
769,2009,"נירעציון","ניר עציון",32.6980295,34.992115,131.11111481826,769,1,232,2,"temporal_distance > 200",0.692118226600985,FALSE,2009,NA,NA,NA,NA,NA,NA,NA,NA,NA,NA,NA,NA,NA,NA,NA,NA,NA
769,2013,"נירעציון","ניר עציון",32.6980295,34.992115,131.11111481826,769,1,232,2,"temporal_distance > 200",0.698564593301435,FALSE,2013,7415,"ניר עציון","NIR EZYON",1,"יהודי",850,480,370,180,300,150,180,40,0.481250539724658,1766.23178539461,0.0470588235294118,37
769,2015,"נירעציון","ניר עציון",32.6980295,34.992115,131.11111481826,769,1,232,2,"temporal_distance > 200",0.753768844221106,TRUE,2015,7413,"ניר עציון","NIR EZYON",1,"יהודי",900,480,420,210,300,150,210,40,0.481250539724658,1870.12777277076,0.0444444444444444,37
769,2019,"נירעציון","ניר עציון",32.6980295,34.992115,131.11111481826,769,1,232,2,"temporal_distance > 200",0.707317073170732,TRUE,2019.4,7417,"ניר עציון","NIR EZYON",1,"יהודי",985,527,458,246,334,145,212,0,0.481250539724658,2046.75095131022,0,NA
769,2019,"נירעציון","ניר עציון",32.6980295,34.992115,131.11111481826,769,1,232,2,"temporal_distance > 200",0.745049504950495,TRUE,2019,7417,"ניר עציון","NIR EZYON",1,"יהודי",985,527,458,246,334,145,212,0,0.481250539724658,2046.75095131022,0,NA
769,2020,"נירעציון","ניר עציון",32.6980295,34.992115,131.11111481826,769,1,232,2,"temporal_distance > 200",0.778588807785888,TRUE,2020,7418,"ניר עציון","NIR EZYON",1,"יהודי",966,526,435,268,332,101,215,0,0.481250539724658,2007.27047610728,0,NA
769,2021,"נירעציון","ניר עציון",32.6980295,34.992115,131.11111481826,769,1,232,2,"temporal_distance > 200",0.71830985915493,TRUE,2021,7416,"ניר עציון","NIR EZYON",1,"יהודי",972,524,448,240,358,99,224,0,0.481250539724658,2019.73799459242,0,NA
769,2022,"נירעציון","ניר עציון",32.6980295,34.992115,131.11111481826,769,1,232,2,"temporal_distance > 200",0.71461716937355,TRUE,2022,7421,"ניר עציון","NIR EZYON",1,"יהודי",1010,528,482,245,352,134,225,53,0.481250539724658,2098.6989449983,0.0524752475247525,NA
773,2009,"עמיקם","עמיקם",32.5629311,35.0204835,117.774588728028,773,1,232,4,"temporal_distance > 200",0.783333333333333,FALSE,2009,NA,NA,NA,NA,NA,NA,NA,NA,NA,NA,NA,NA,NA,NA,NA,NA,NA
773,2013,"עמיקם","עמיקם",32.5629311,35.0204835,117.774588728028,773,1,232,4,"temporal_distance > 200",0.755813953488372,FALSE,2013,7458,"עמיקם","AMMIQAM",1,"יהודי",700,330,360,220,60,70,320,30,1.08531440533277,644.974393190119,0.0428571428571429,27
773,2015,"עמיקם","עמיקם",32.5629311,35.0204835,117.774588728028,773,1,232,4,"temporal_distance > 200",0.78448275862069,TRUE,2015,7454,"עמיקם","AMMIQAM",1,"יהודי",710,340,370,210,60,80,330,30,1.08531440533277,654.188313092835,0.0422535211267606,25
773,2019,"עמיקם","עמיקם",32.5629311,35.0204835,117.774588728028,773,1,232,4,"temporal_distance > 200",0.770428015564202,TRUE,2019,7453,"עמיקם","AMMIQAM",1,"יהודי",739,356,383,194,61,87,338,58,1.08531440533277,680.908680810711,0.0784844384303112,NA
773,2019,"עמיקם","עמיקם",32.5629311,35.0204835,117.774588728028,773,1,232,4,"temporal_distance > 200",0.776923076923077,TRUE,2019.4,7453,"עמיקם","AMMIQAM",1,"יהודי",739,356,383,194,61,87,338,58,1.08531440533277,680.908680810711,0.0784844384303112,NA
773,2020,"עמיקם","עמיקם",32.5629311,35.0204835,117.774588728028,773,1,232,4,"temporal_distance > 200",0.755258126195029,TRUE,2020,7451,"עמיקם","AMMIQAM",1,"יהודי",770,377,388,195,64,95,354,0,1.08531440533277,709.471832509131,0,NA
773,2021,"עמיקם","עמיקם",32.5629311,35.0204835,117.774588728028,773,1,232,4,"temporal_distance > 200",0.734061930783242,TRUE,2021,7459,"עמיקם","AMMIQAM",1,"יהודי",740,363,377,185,58,92,339,0,1.08531440533277,681.830072800983,0,NA
773,2022,"עמיקם","עמיקם",32.5629311,35.0204835,117.774588728028,773,1,232,4,"temporal_distance > 200",0.718978102189781,TRUE,2022,7456,"עמיקם","AMMIQAM",1,"יהודי",741,368,372,178,57,96,343,0,1.08531440533277,682.751464791254,0,NA
800,2009,"ביתחנניה","בית חנניה",32.5289595,34.9259565,110.981417216392,800,1,232,4,"temporal_distance > 200",0.768888888888889,FALSE,2009,NA,NA,NA,NA,NA,NA,NA,NA,NA,NA,NA,NA,NA,NA,NA,NA,NA
800,2013,"ביתחנניה","בית חנניה",32.5289595,34.9259565,110.981417216392,800,1,232,4,"temporal_distance > 200",0.784046692607004,FALSE,2013,7768,"בית חנניה","BET HANANYA",1,"יהודי",860,430,420,230,90,100,380,50,0.568390980494658,1513.04301002729,0.0581395348837209,63
800,2015,"ביתחנניה","בית חנניה",32.5289595,34.9259565,110.981417216392,800,1,232,4,"temporal_distance > 200",0.826714801444043,TRUE,2015,7769,"בית חנניה","BET HANANYA",1,"יהודי",900,460,440,230,100,110,400,70,0.568390980494658,1583.41710351693,0.0777777777777778,61.5
800,2019,"ביתחנניה","בית חנניה",32.5289595,34.9259565,110.981417216392,800,1,232,4,"temporal_distance > 200",0.772727272727273,TRUE,2019.4,7773,"בית חנניה","BET HANANYA",1,"יהודי",907,471,436,226,84,119,397,0,0.568390980494658,1595.73256987762,0,NA
800,2019,"ביתחנניה","בית חנניה",32.5289595,34.9259565,110.981417216392,800,1,232,4,"temporal_distance > 200",0.788617886178862,TRUE,2019,7773,"בית חנניה","BET HANANYA",1,"יהודי",907,471,436,226,84,119,397,0,0.568390980494658,1595.73256987762,0,NA
800,2020,"ביתחנניה","בית חנניה",32.5289595,34.9259565,110.981417216392,800,1,232,4,"temporal_distance > 200",0.753267973856209,TRUE,2020,7765,"בית חנניה","BET HANANYA",1,"יהודי",914,473,438,228,77,133,392,0,0.568390980494658,1608.04803623831,0,NA
800,2021,"ביתחנניה","בית חנניה",32.5289595,34.9259565,110.981417216392,800,1,232,4,"temporal_distance > 200",0.762360446570973,TRUE,2021,7772,"בית חנניה","BET HANANYA",1,"יהודי",923,477,447,232,82,118,398,0,0.568390980494658,1623.88220727348,0,NA
800,2022,"ביתחנניה","בית חנניה",32.5289595,34.9259565,110.981417216392,800,1,232,4,"temporal_distance > 200",0.762738853503185,TRUE,2022,7766,"בית חנניה","BET HANANYA",1,"יהודי",918,474,444,224,82,125,389,0,0.568390980494658,1615.08544558727,0,NA
806,2009,"עיןיהב","עין יהב",30.6551225,35.2362199,107.38184224814,806,0,NA,NA,"no_red_alert",0.762008733624454,FALSE,2009,NA,NA,NA,NA,NA,NA,NA,NA,NA,NA,NA,NA,NA,NA,NA,NA,NA
806,2013,"עיןיהב","עין יהב",30.6551225,35.2362199,107.38184224814,806,0,NA,NA,"no_red_alert",0.801282051282051,FALSE,2013,7846,"עין יהב","EN YAHAV",1,"יהודי",680,350,330,230,40,50,240,120,24.0031419819715,28.3296245346022,0.176470588235294,17.2941176470588
806,2015,"עיןיהב","עין יהב",30.6551225,35.2362199,107.38184224814,806,0,NA,NA,"no_red_alert",0.795031055900621,TRUE,2015,7847,"עין יהב","EN YAHAV",1,"יהודי",670,350,320,210,50,50,240,120,24.0031419819715,27.9130124090934,0.17910447761194,15.3235294117647
806,2019,"עיןיהב","עין יהב",30.6551225,35.2362199,107.38184224814,806,0,NA,NA,"no_red_alert",0.756653992395437,TRUE,2019,7843,"עין יהב","EN YAHAV",1,"יהודי",742,387,356,195,89,81,262,0,24.0031419819715,30.9126197127572,0,NA
806,2019,"עיןיהב","עין יהב",30.6551225,35.2362199,107.38184224814,806,0,NA,NA,"no_red_alert",0.757575757575758,TRUE,2019.4,7843,"עין יהב","EN YAHAV",1,"יהודי",742,387,356,195,89,81,262,0,24.0031419819715,30.9126197127572,0,NA
806,2020,"עיןיהב","עין יהב",30.6551225,35.2362199,107.38184224814,806,0,NA,NA,"no_red_alert",0.718808193668529,TRUE,2020,7850,"עין יהב","EN YAHAV",1,"יהודי",770,393,374,196,107,83,271,0,24.0031419819715,32.079133664182,0,NA
806,2021,"עיןיהב","עין יהב",30.6551225,35.2362199,107.38184224814,806,0,NA,NA,"no_red_alert",0.72310405643739,TRUE,2021,7842,"עין יהב","EN YAHAV",1,"יהודי",803,408,394,192,118,83,298,0,24.0031419819715,33.4539536783612,0,NA
806,2022,"עיןיהב","עין יהב",30.6551225,35.2362199,107.38184224814,806,0,NA,NA,"no_red_alert",0.687702265372168,TRUE,2022,7849,"עין יהב","EN YAHAV",1,"יהודי",856,439,418,208,115,103,321,0,24.0031419819715,35.6619979435581,0,NA
807,2009,"חניאל","חניאל",32.3331206,34.9487035,91.9835702553436,807,0,NA,NA,"no_red_alert",0.736318407960199,FALSE,2009,NA,NA,NA,NA,NA,NA,NA,NA,NA,NA,NA,NA,NA,NA,NA,NA,NA
807,2013,"חניאל","חניאל",32.3331206,34.9487035,91.9835702553436,807,0,NA,NA,"no_red_alert",0.728434504792332,FALSE,2013,7860,"חניאל","HANNI'EL",1,"יהודי",950,470,480,220,80,130,420,100,0.770992885818478,1232.17738772192,0.105263157894737,62
807,2015,"חניאל","חניאל",32.3331206,34.9487035,91.9835702553436,807,0,NA,NA,"no_red_alert",0.748837209302326,TRUE,2015,7863,"חניאל","HANNI'EL",1,"יהודי",930,460,480,200,80,140,410,100,0.770992885818478,1206.2368111383,0.10752688172043,58
807,2019,"חניאל","חניאל",32.3331206,34.9487035,91.9835702553436,807,0,NA,NA,"no_red_alert",0.742770167427702,TRUE,2019.4,7858,"חניאל","HANNI'EL",1,"יהודי",923,453,470,199,62,129,406,128,0.770992885818478,1197.15760933404,0.138678223185265,NA
807,2019,"חניאל","חניאל",32.3331206,34.9487035,91.9835702553436,807,0,NA,NA,"no_red_alert",0.739788199697428,TRUE,2019,7858,"חניאל","HANNI'EL",1,"יהודי",923,453,470,199,62,129,406,128,0.770992885818478,1197.15760933404,0.138678223185265,NA
807,2020,"חניאל","חניאל",32.3331206,34.9487035,91.9835702553436,807,0,NA,NA,"no_red_alert",0.712328767123288,TRUE,2020,7862,"חניאל","HANNI'EL",1,"יהודי",920,448,475,201,52,125,408,134,0.770992885818478,1193.26652284649,0.145652173913043,NA
807,2021,"חניאל","חניאל",32.3331206,34.9487035,91.9835702553436,807,0,NA,NA,"no_red_alert",0.710407239819005,TRUE,2021,7864,"חניאל","HANNI'EL",1,"יהודי",903,433,470,197,60,113,398,136,0.770992885818478,1171.21703275042,0.150609080841639,NA
807,2022,"חניאל","חניאל",32.3331206,34.9487035,91.9835702553436,807,0,NA,NA,"no_red_alert",0.726429675425039,TRUE,2022,7857,"חניאל","HANNI'EL",1,"יהודי",916,441,475,208,61,109,403,137,0.770992885818478,1188.07840752977,0.149563318777293,NA
808,2009,"ניראליהו","ניר אליהו",32.1972309,34.9485296,79.2126010901937,808,1,227,5,"temporal_distance > 200",0.707246376811594,FALSE,2009,NA,NA,NA,NA,NA,NA,NA,NA,NA,NA,NA,NA,NA,NA,NA,NA,NA
808,2013,"ניראליהו","ניר אליהו",32.1972309,34.9485296,79.2126010901937,808,1,227,5,"temporal_distance > 200",0.705014749262537,FALSE,2013,7866,"ניר אליהו","NIR ELIYYAHU",1,"יהודי",380,190,180,80,10,50,180,50,0.401762936493226,945.831398278838,0.131578947368421,63
808,2015,"ניראליהו","ניר אליהו",32.1972309,34.9485296,79.2126010901937,808,1,227,5,"temporal_distance > 200",0.747448979591837,TRUE,2015,7873,"ניר אליהו","NIR ELIYYAHU",1,"יהודי",510,260,240,140,30,40,230,60,0.401762936493226,1269.40529769002,0.117647058823529,61.75
808,2019,"ניראליהו","ניר אליהו",32.1972309,34.9485296,79.2126010901937,808,1,227,5,"temporal_distance > 200",0.737470167064439,TRUE,2019.4,7870,"ניר אליהו","NIR ELIYYAHU",1,"יהודי",555,285,270,186,17,40,232,80,0.401762936493226,1381.4116474862,0.144144144144144,NA
808,2019,"ניראליהו","ניר אליהו",32.1972309,34.9485296,79.2126010901937,808,1,227,5,"temporal_distance > 200",0.712918660287081,TRUE,2019,7870,"ניר אליהו","NIR ELIYYAHU",1,"יהודי",555,285,270,186,17,40,232,80,0.401762936493226,1381.4116474862,0.144144144144144,NA
808,2020,"ניראליהו","ניר אליהו",32.1972309,34.9485296,79.2126010901937,808,1,227,5,"temporal_distance > 200",0.724220623501199,TRUE,2020,7877,"ניר אליהו","NIR ELIYYAHU",1,"יהודי",563,287,271,186,24,41,226,86,0.401762936493226,1401.32388744996,0.152753108348135,NA
808,2021,"ניראליהו","ניר אליהו",32.1972309,34.9485296,79.2126010901937,808,1,227,5,"temporal_distance > 200",0.76303317535545,TRUE,2021,7868,"ניר אליהו","NIR ELIYYAHU",1,"יהודי",564,288,276,170,39,43,226,88,0.401762936493226,1403.81291744543,0.156028368794326,NA
808,2022,"ניראליהו","ניר אליהו",32.1972309,34.9485296,79.2126010901937,808,1,227,5,"temporal_distance > 200",0.743529411764706,TRUE,2022,7878,"ניר אליהו","NIR ELIYYAHU",1,"יהודי",575,292,283,163,52,42,232,88,0.401762936493226,1431.19224739561,0.15304347826087,NA
810,2009,"עופר","עופר",32.622139,34.981089,122.612121857486,810,1,232,3,"temporal_distance > 200",0.760517799352751,FALSE,2009,NA,NA,NA,NA,NA,NA,NA,NA,NA,NA,NA,NA,NA,NA,NA,NA,NA
810,2013,"עופר","עופר",32.622139,34.981089,122.612121857486,810,1,232,3,"temporal_distance > 200",0.768617021276596,FALSE,2013,7894,"עופר","OFER",1,"יהודי",630,310,320,170,40,70,300,40,0.609615438957994,1033.43839368119,0.0634920634920635,22
810,2015,"עופר","עופר",32.622139,34.981089,122.612121857486,810,1,232,3,"temporal_distance > 200",0.809895833333333,TRUE,2015,7895,"עופר","OFER",1,"יהודי",640,310,330,170,40,80,290,60,0.609615438957994,1049.84217770787,0.09375,21
810,2019,"עופר","עופר",32.622139,34.981089,122.612121857486,810,1,232,3,"temporal_distance > 200",0.794486215538847,TRUE,2019,7899,"עופר","OFER",1,"יהודי",651,306,345,183,30,83,290,65,0.609615438957994,1067.88634013722,0.0998463901689708,NA
810,2019,"עופר","עופר",32.622139,34.981089,122.612121857486,810,1,232,3,"temporal_distance > 200",0.78,TRUE,2019.4,7899,"עופר","OFER",1,"יהודי",651,306,345,183,30,83,290,65,0.609615438957994,1067.88634013722,0.0998463901689708,NA
810,2020,"עופר","עופר",32.622139,34.981089,122.612121857486,810,1,232,3,"temporal_distance > 200",0.756962025316456,TRUE,2020,7903,"עופר","OFER",1,"יהודי",662,319,345,186,32,86,293,65,0.609615438957994,1085.93050256658,0.0981873111782477,NA
810,2021,"עופר","עופר",32.622139,34.981089,122.612121857486,810,1,232,3,"temporal_distance > 200",0.74234693877551,TRUE,2021,7893,"עופר","OFER",1,"יהודי",660,316,344,182,36,81,287,75,0.609615438957994,1082.64974576124,0.113636363636364,NA
810,2022,"עופר","עופר",32.622139,34.981089,122.612121857486,810,1,232,3,"temporal_distance > 200",0.763681592039801,TRUE,2022,7896,"עופר","OFER",1,"יהודי",657,314,344,165,47,72,297,78,0.609615438957994,1077.72861055324,0.118721461187215,NA
837,2009,"עזריאל","עזריאל",32.2615839,34.9701744,85.9777190005163,837,1,227,5,"temporal_distance > 200",0.777011494252874,FALSE,2009,NA,NA,NA,NA,NA,NA,NA,NA,NA,NA,NA,NA,NA,NA,NA,NA,NA
837,2013,"עזריאל","עזריאל",32.2615839,34.9701744,85.9777190005163,837,1,227,5,"temporal_distance > 200",0.797244094488189,FALSE,2013,8191,"עזריאל","AZRI'EL",1,"יהודי",790,410,380,290,40,70,320,70,1.22730429250551,643.687148186565,0.0886075949367089,63
837,2015,"עזריאל","עזריאל",32.2615839,34.9701744,85.9777190005163,837,1,227,5,"temporal_distance > 200",0.843866171003718,TRUE,2015,8193,"עזריאל","AZRI'EL",1,"יהודי",860,450,410,320,40,90,340,70,1.22730429250551,700.722718279045,0.0813953488372093,61
837,2019,"עזריאל","עזריאל",32.2615839,34.9701744,85.9777190005163,837,1,227,5,"temporal_distance > 200",0.832504145936982,TRUE,2019,8200,"עזריאל","AZRI'EL",1,"יהודי",904,468,436,295,75,95,363,75,1.22730429250551,736.573648051462,0.0829646017699115,NA
837,2019,"עזריאל","עזריאל",32.2615839,34.9701744,85.9777190005163,837,1,227,5,"temporal_distance > 200",0.814070351758794,TRUE,2019.4,8200,"עזריאל","AZRI'EL",1,"יהודי",904,468,436,295,75,95,363,75,1.22730429250551,736.573648051462,0.0829646017699115,NA
837,2020,"עזריאל","עזריאל",32.2615839,34.9701744,85.9777190005163,837,1,227,5,"temporal_distance > 200",0.820723684210526,TRUE,2020,8198,"עזריאל","AZRI'EL",1,"יהודי",868,454,410,259,78,94,352,85,1.22730429250551,707.241069146757,0.097926267281106,NA
837,2021,"עזריאל","עזריאל",32.2615839,34.9701744,85.9777190005163,837,1,227,5,"temporal_distance > 200",0.777038269550749,TRUE,2021,8202,"עזריאל","AZRI'EL",1,"יהודי",872,456,416,253,82,98,353,88,1.22730429250551,710.500244580613,0.100917431192661,NA
837,2022,"עזריאל","עזריאל",32.2615839,34.9701744,85.9777190005163,837,1,227,5,"temporal_distance > 200",0.796116504854369,TRUE,2022,8195,"עזריאל","AZRI'EL",1,"יהודי",876,453,424,249,86,96,358,88,1.22730429250551,713.759420014469,0.100456621004566,NA
842,2009,"געש","געש",32.2292006,34.8242065,76.7326325223617,842,1,227,5,"temporal_distance > 200",0.746641074856046,FALSE,2009,NA,NA,NA,NA,NA,NA,NA,NA,NA,NA,NA,NA,NA,NA,NA,NA,NA
842,2013,"געש","געש",32.2292006,34.8242065,76.7326325223617,842,1,227,5,"temporal_distance > 200",0.747779751332149,FALSE,2013,8259,"געש","GA'ASH",1,"יהודי",650,310,350,130,40,90,290,110,0.6852650832801,948.538041495855,0.169230769230769,63
842,2015,"געש","געש",32.2292006,34.8242065,76.7326325223617,842,1,227,5,"temporal_distance > 200",0.786206896551724,TRUE,2015,8262,"געש","GA'ASH",1,"יהודי",680,330,360,140,40,90,290,120,0.6852650832801,992.316720334125,0.176470588235294,56
842,2019,"געש","געש",32.2292006,34.8242065,76.7326325223617,842,1,227,5,"temporal_distance > 200",0.791987673343606,TRUE,2019,8268,"געש","GA'ASH",1,"יהודי",819,404,415,202,38,86,356,137,0.6852650832801,1195.15793228478,0.167277167277167,NA
842,2019,"געש","געש",32.2292006,34.8242065,76.7326325223617,842,1,227,5,"temporal_distance > 200",0.78419452887538,TRUE,2019.4,8268,"געש","GA'ASH",1,"יהודי",819,404,415,202,38,86,356,137,0.6852650832801,1195.15793228478,0.167277167277167,NA
842,2020,"געש","געש",32.2292006,34.8242065,76.7326325223617,842,1,227,5,"temporal_distance > 200",0.779761904761905,TRUE,2020,8264,"געש","GA'ASH",1,"יהודי",874,435,436,231,36,85,383,139,0.6852650832801,1275.41884348827,0.159038901601831,NA
842,2021,"געש","געש",32.2292006,34.8242065,76.7326325223617,842,1,227,5,"temporal_distance > 200",0.792318634423898,TRUE,2021,8256,"געש","GA'ASH",1,"יהודי",921,462,459,255,38,79,406,143,0.6852650832801,1344.0054403349,0.155266015200869,NA
842,2022,"געש","געש",32.2292006,34.8242065,76.7326325223617,842,1,227,5,"temporal_distance > 200",0.769655172413793,TRUE,2022,8267,"געש","GA'ASH",1,"יהודי",946,477,469,270,35,81,413,146,0.6852650832801,1380.48767270012,0.154334038054968,NA
850,2009,"אחיטוב","אחיטוב",32.3885199,34.9874885,99.155745721868,850,0,NA,NA,"no_red_alert",0.671666666666667,FALSE,2009,NA,NA,NA,NA,NA,NA,NA,NA,NA,NA,NA,NA,NA,NA,NA,NA,NA
850,2013,"אחיטוב","אחיטוב",32.3885199,34.9874885,99.155745721868,850,0,NA,NA,"no_red_alert",0.702325581395349,FALSE,2013,8354,"אחיטוב","AHITUV",1,"יהודי",1030,540,490,280,80,120,450,110,1.83539084532608,561.188371742701,0.106796116504854,60
850,2015,"אחיטוב","אחיטוב",32.3885199,34.9874885,99.155745721868,850,0,NA,NA,"no_red_alert",0.808605341246291,TRUE,2015,8359,"אחיטוב","AHITUV",1,"יהודי",1060,550,520,270,90,140,450,110,1.83539084532608,577.533664123556,0.10377358490566,55.5
850,2019,"אחיטוב","אחיטוב",32.3885199,34.9874885,99.155745721868,850,0,NA,NA,"no_red_alert",0.791842475386779,TRUE,2019,8349,"אחיטוב","AHITUV",1,"יהודי",1093,558,535,268,102,149,459,116,1.83539084532608,595.513485742497,0.106129917657823,NA
850,2019,"אחיטוב","אחיטוב",32.3885199,34.9874885,99.155745721868,850,0,NA,NA,"no_red_alert",0.772598870056497,TRUE,2019.4,8349,"אחיטוב","AHITUV",1,"יהודי",1093,558,535,268,102,149,459,116,1.83539084532608,595.513485742497,0.106129917657823,NA
850,2020,"אחיטוב","אחיטוב",32.3885199,34.9874885,99.155745721868,850,0,NA,NA,"no_red_alert",0.764705882352941,TRUE,2020,8357,"אחיטוב","AHITUV",1,"יהודי",1079,553,527,249,107,146,459,118,1.83539084532608,587.885682631431,0.109360518999073,NA
850,2021,"אחיטוב","אחיטוב",32.3885199,34.9874885,99.155745721868,850,0,NA,NA,"no_red_alert",0.73006993006993,TRUE,2021,8348,"אחיטוב","AHITUV",1,"יהודי",1091,551,540,247,105,153,457,129,1.83539084532608,594.423799583773,0.118240146654445,NA
850,2022,"אחיטוב","אחיטוב",32.3885199,34.9874885,99.155745721868,850,0,NA,NA,"no_red_alert",0.742934051144011,TRUE,2022,8353,"אחיטוב","AHITUV",1,"יהודי",1105,556,549,249,93,157,462,142,1.83539084532608,602.051602694839,0.128506787330317,NA
851,2009,"ניצניעוז","ניצני עוז",32.3061439,35.003506,91.8641637521968,851,0,NA,NA,"no_red_alert",0.727112676056338,FALSE,2009,NA,NA,NA,NA,NA,NA,NA,NA,NA,NA,NA,NA,NA,NA,NA,NA,NA
851,2013,"ניצניעוז","ניצני עוז",32.3061439,35.003506,91.8641637521968,851,0,NA,NA,"no_red_alert",0.744712990936556,FALSE,2013,8360,"ניצני עוז","NIZZANE OZ",1,"יהודי",1070,500,560,310,100,120,480,70,1.59482552637489,670.919785459012,0.0654205607476635,62.6666666666667
851,2015,"ניצניעוז","ניצני עוז",32.3061439,35.003506,91.8641637521968,851,0,NA,NA,"no_red_alert",0.806078147612156,TRUE,2015,8369,"ניצני עוז","NIZZANE OZ",1,"יהודי",1110,520,590,310,90,140,490,70,1.59482552637489,696.000898934116,0.0630630630630631,62.3333333333333
851,2019,"ניצניעוז","ניצני עוז",32.3061439,35.003506,91.8641637521968,851,0,NA,NA,"no_red_alert",0.748663101604278,TRUE,2019,8363,"ניצני עוז","NIZZANE OZ",1,"יהודי",1115,544,571,301,87,139,505,81,1.59482552637489,699.136038118504,0.0726457399103139,NA
851,2019,"ניצניעוז","ניצני עוז",32.3061439,35.003506,91.8641637521968,851,0,NA,NA,"no_red_alert",0.775815217391304,TRUE,2019.4,8363,"ניצני עוז","NIZZANE OZ",1,"יהודי",1115,544,571,301,87,139,505,81,1.59482552637489,699.136038118504,0.0726457399103139,NA
851,2020,"ניצניעוז","ניצני עוז",32.3061439,35.003506,91.8641637521968,851,0,NA,NA,"no_red_alert",0.769851951547779,TRUE,2020,8366,"ניצני עוז","NIZZANE OZ",1,"יהודי",1109,548,559,302,86,138,488,95,1.59482552637489,695.373871097238,0.0856627592425609,NA
851,2021,"ניצניעוז","ניצני עוז",32.3061439,35.003506,91.8641637521968,851,0,NA,NA,"no_red_alert",0.730978260869565,TRUE,2021,8364,"ניצני עוז","NIZZANE OZ",1,"יהודי",1114,549,566,293,91,138,486,107,1.59482552637489,698.509010281626,0.0960502692998205,NA
851,2022,"ניצניעוז","ניצני עוז",32.3061439,35.003506,91.8641637521968,851,0,NA,NA,"no_red_alert",0.738562091503268,TRUE,2022,8367,"ניצני עוז","NIZZANE OZ",1,"יהודי",1121,548,573,288,92,142,483,116,1.59482552637489,702.898205139769,0.103479036574487,NA
854,2009,"רחוב","רחוב",32.4509745,35.4891885,132.126612414068,854,1,6,2,"temporal_distance == 6",0.685258964143426,FALSE,2009,NA,NA,NA,NA,NA,NA,NA,NA,NA,NA,NA,NA,NA,NA,NA,NA,NA
854,2013,"רחוב","רחוב",32.4509745,35.4891885,132.126612414068,854,1,6,2,"temporal_distance == 6",0.672862453531598,FALSE,2013,8399,"רחוב","REHOV",1,"יהודי",350,180,170,90,30,50,140,40,1.6071443199906,217.77757955306,0.114285714285714,52
854,2015,"רחוב","רחוב",32.4509745,35.4891885,132.126612414068,854,1,6,2,"temporal_distance == 6",0.780918727915194,TRUE,2015,8402,"רחוב","REHOV",1,"יהודי",360,180,180,80,40,50,140,50,1.6071443199906,223.999796111718,0.138888888888889,44
854,2019,"רחוב","רחוב",32.4509745,35.4891885,132.126612414068,854,1,6,2,"temporal_distance == 6",0.719135802469136,TRUE,2019.4,8410,"רחוב","REHOV",1,"יהודי",401,211,191,85,42,68,151,54,1.6071443199906,249.51088400222,0.134663341645885,NA
854,2019,"רחוב","רחוב",32.4509745,35.4891885,132.126612414068,854,1,6,2,"temporal_distance == 6",0.729813664596273,TRUE,2019,8410,"רחוב","REHOV",1,"יהודי",401,211,191,85,42,68,151,54,1.6071443199906,249.51088400222,0.134663341645885,NA
854,2020,"רחוב","רחוב",32.4509745,35.4891885,132.126612414068,854,1,6,2,"temporal_distance == 6",0.75,TRUE,2020,8401,"רחוב","REHOV",1,"יהודי",400,207,194,88,33,72,155,52,1.6071443199906,248.888662346354,0.13,NA
854,2021,"רחוב","רחוב",32.4509745,35.4891885,132.126612414068,854,1,6,2,"temporal_distance == 6",0.712121212121212,TRUE,2021,8400,"רחוב","REHOV",1,"יהודי",406,210,196,83,35,75,155,58,1.6071443199906,252.621992281549,0.142857142857143,NA
854,2022,"רחוב","רחוב",32.4509745,35.4891885,132.126612414068,854,1,6,2,"temporal_distance == 6",0.738095238095238,TRUE,2022,8411,"רחוב","REHOV",1,"יהודי",400,207,193,87,32,66,154,60,1.6071443199906,248.888662346354,0.15,NA
868,2009,"אלונייצחק","אלוני יצחק",32.5099965,35.0052,99.8598148281967,10014,1,227,9,"temporal_distance > 200",0.189655172413793,FALSE,2009,NA,NA,NA,NA,NA,NA,NA,NA,NA,NA,NA,NA,NA,NA,NA,NA,NA
868,2013,"אלונייצחק","אלוני יצחק",32.5099965,35.0052,99.8598148281967,10014,1,227,9,"temporal_distance > 200",0.243478260869565,FALSE,2013,8551,"אלוני יצחק","ALLONE YIZHAQ",1,"יהודי",290,150,140,50,190,10,30,0,0.136795946933768,2119.94585000686,0,56
868,2015,"אלונייצחק","אלוני יצחק",32.5099965,35.0052,99.8598148281967,10014,1,227,9,"temporal_distance > 200",0.226890756302521,TRUE,2015,8542,"אלוני יצחק","ALLONE YIZHAQ",1,"יהודי",290,150,140,60,190,10,40,0,0.136795946933768,2119.94585000686,0,51
868,2019,"אלונייצחק","אלוני יצחק",32.5099965,35.0052,99.8598148281967,10014,1,227,9,"temporal_distance > 200",0.210526315789474,TRUE,2019,8548,"אלוני יצחק","ALLONE YIZHAQ",1,"יהודי",309,156,153,46,197,29,0,0,0.136795946933768,2258.83885397283,0,NA
868,2019,"אלונייצחק","אלוני יצחק",32.5099965,35.0052,99.8598148281967,10014,1,227,9,"temporal_distance > 200",0.220472440944882,TRUE,2019.4,8548,"אלוני יצחק","ALLONE YIZHAQ",1,"יהודי",309,156,153,46,197,29,0,0,0.136795946933768,2258.83885397283,0,NA
868,2020,"אלונייצחק","אלוני יצחק",32.5099965,35.0052,99.8598148281967,10014,1,227,9,"temporal_distance > 200",0.191666666666667,TRUE,2020,8553,"אלוני יצחק","ALLONE YIZHAQ",1,"יהודי",299,129,158,72,161,30,0,0,0.136795946933768,2185.73727293811,0,NA
868,2021,"אלונייצחק","אלוני יצחק",32.5099965,35.0052,99.8598148281967,10014,1,227,9,"temporal_distance > 200",0.184,TRUE,2021,8545,"אלוני יצחק","ALLONE YIZHAQ",1,"יהודי",305,133,172,50,174,46,0,0,0.136795946933768,2229.59822155894,0,NA
868,2022,"אלונייצחק","אלוני יצחק",32.5099965,35.0052,99.8598148281967,10014,1,227,9,"temporal_distance > 200",0.192,TRUE,2022,8544,"אלוני יצחק","ALLONE YIZHAQ",1,"יהודי",304,122,181,62,174,35,0,0,0.136795946933768,2222.28806345547,0,NA
872,2009,"גאוליתימן","גאולי תימן",32.392585,34.9014391,96.3058133499366,872,0,NA,NA,"no_red_alert",0.769811320754717,FALSE,2009,NA,NA,NA,NA,NA,NA,NA,NA,NA,NA,NA,NA,NA,NA,NA,NA,NA
872,2013,"גאוליתימן","גאולי תימן",32.392585,34.9014391,96.3058133499366,872,0,NA,NA,"no_red_alert",0.682142857142857,FALSE,2013,8583,"גאולי תימן","GE'ULE TEMAN",1,"יהודי",370,190,170,90,20,40,170,50,0.215552065692429,1716.52263601107,0.135135135135135,63
872,2015,"גאוליתימן","גאולי תימן",32.392585,34.9014391,96.3058133499366,872,0,NA,NA,"no_red_alert",0.754578754578755,TRUE,2015,8592,"גאולי תימן","GE'ULE TEMAN",1,"יהודי",370,190,180,90,20,40,170,60,0.215552065692429,1716.52263601107,0.162162162162162,60
872,2019,"גאוליתימן","גאולי תימן",32.392585,34.9014391,96.3058133499366,872,0,NA,NA,"no_red_alert",0.772388059701492,TRUE,2019,8591,"גאולי תימן","GE'ULE TEMAN",1,"יהודי",359,188,172,102,10,31,154,63,0.215552065692429,1665.4908819675,0.175487465181058,NA
872,2019,"גאוליתימן","גאולי תימן",32.392585,34.9014391,96.3058133499366,872,0,NA,NA,"no_red_alert",0.786259541984733,TRUE,2019.4,8591,"גאולי תימן","GE'ULE TEMAN",1,"יהודי",359,188,172,102,10,31,154,63,0.215552065692429,1665.4908819675,0.175487465181058,NA
872,2020,"גאוליתימן","גאולי תימן",32.392585,34.9014391,96.3058133499366,872,0,NA,NA,"no_red_alert",0.793103448275862,TRUE,2020,8586,"גאולי תימן","GE'ULE TEMAN",1,"יהודי",363,188,176,102,15,31,148,67,0.215552065692429,1684.04788343789,0.184573002754821,NA
872,2021,"גאוליתימן","גאולי תימן",32.392585,34.9014391,96.3058133499366,872,0,NA,NA,"no_red_alert",0.708171206225681,TRUE,2021,8580,"גאולי תימן","GE'ULE TEMAN",1,"יהודי",358,185,172,102,17,27,145,66,0.215552065692429,1660.8516315999,0.184357541899441,NA
872,2022,"גאוליתימן","גאולי תימן",32.392585,34.9014391,96.3058133499366,872,0,NA,NA,"no_red_alert",0.765873015873016,TRUE,2022,8584,"גאולי תימן","GE'ULE TEMAN",1,"יהודי",357,185,172,94,26,26,141,70,0.215552065692429,1656.2123812323,0.196078431372549,NA
874,2009,"מגדלהעמק","מגדל העמק",32.6797404,35.2467935,139.502973960609,874,1,6,1,"temporal_distance == 6",0.591033851784081,FALSE,2009,NA,NA,NA,NA,NA,NA,NA,NA,NA,NA,NA,NA,NA,NA,NA,NA,NA
874,2013,"מגדלהעמק","מגדל העמק",32.6797404,35.2467935,139.502973960609,874,1,6,1,"temporal_distance == 6",0.613515791561307,FALSE,2013,8609,"מגדל העמק","MIGDAL HAEMEQ",1,"יהודי",24810,12310,12510,6150,2150,3590,9900,3030,7.60220124686841,3263.52844318875,0.122128174123337,61.1
874,2015,"מגדלהעמק","מגדל העמק",32.6797404,35.2467935,139.502973960609,874,1,6,1,"temporal_distance == 6",0.654161213707528,TRUE,2015,8612,"מגדל העמק","MIGDAL HAEMEQ",1,"יהודי",24960,12340,12610,6090,2140,3500,9970,3250,7.60220124686841,3283.2595704148,0.130208333333333,61
874,2019,"מגדלהעמק","מגדל העמק",32.6797404,35.2467935,139.502973960609,874,1,6,1,"temporal_distance == 6",0.632526439482961,TRUE,2019,8607,"מגדל העמק","MIGDAL HAEMEQ",1,"יהודי",25674,12814,12860,6324,2170,3434,10015,3732,7.60220124686841,3377.1797360108,0.145361065669549,NA
874,2019,"מגדלהעמק","מגדל העמק",32.6797404,35.2467935,139.502973960609,874,1,6,1,"temporal_distance == 6",0.636560761761101,TRUE,2019.4,8607,"מגדל העמק","MIGDAL HAEMEQ",1,"יהודי",25674,12814,12860,6324,2170,3434,10015,3732,7.60220124686841,3377.1797360108,0.145361065669549,NA
874,2020,"מגדלהעמק","מגדל העמק",32.6797404,35.2467935,139.502973960609,874,1,6,1,"temporal_distance == 6",0.63673162006966,TRUE,2020,8616,"מגדל העמק","MIGDAL HAEMEQ",1,"יהודי",25717,12776,12953,6297,2157,3418,10006,3839,7.60220124686841,3382.83599248226,0.149278687249679,NA
874,2021,"מגדלהעמק","מגדל העמק",32.6797404,35.2467935,139.502973960609,874,1,6,1,"temporal_distance == 6",0.605486120863175,TRUE,2021,8615,"מגדל העמק","MIGDAL HAEMEQ",1,"יהודי",26028,12915,13113,6361,2185,3457,10035,3989,7.60220124686841,3423.74519626427,0.153258029814046,NA
874,2022,"מגדלהעמק","מגדל העמק",32.6797404,35.2467935,139.502973960609,874,1,6,1,"temporal_distance == 6",0.639734918977804,TRUE,2022,8618,"מגדל העמק","MIGDAL HAEMEQ",1,"יהודי",27088,13481,13608,6767,2215,3463,10515,4131,7.60220124686841,3563.17849532836,0.152502953337271,NA
877,2009,"ביתחירות","בית חירות",32.3794988,34.8705486,93.9339762534525,190,0,NA,NA,"no_red_alert",0.802469135802469,FALSE,2009,NA,NA,NA,NA,NA,NA,NA,NA,NA,NA,NA,NA,NA,NA,NA,NA,NA
877,2013,"ביתחירות","בית חירות",32.3794988,34.8705486,93.9339762534525,190,0,NA,NA,"no_red_alert",0.805054151624549,FALSE,2013,8634,"בית חירות","BET HERUT",1,"יהודי",850,430,430,240,50,90,380,80,0.360913068498649,2355.13777191801,0.0941176470588235,62
877,2015,"ביתחירות","בית חירות",32.3794988,34.8705486,93.9339762534525,190,0,NA,NA,"no_red_alert",0.807486631016043,TRUE,2015,8641,"בית חירות","BET HERUT",1,"יהודי",880,430,450,250,70,80,390,90,0.360913068498649,2438.26028151511,0.102272727272727,56
877,2019,"ביתחירות","בית חירות",32.3794988,34.8705486,93.9339762534525,190,0,NA,NA,"no_red_alert",0.790969899665552,TRUE,2019,8638,"בית חירות","BET HERUT",1,"יהודי",916,452,464,243,76,91,387,117,0.360913068498649,2538.00729303164,0.127729257641921,NA
877,2019,"ביתחירות","בית חירות",32.3794988,34.8705486,93.9339762534525,190,0,NA,NA,"no_red_alert",0.780889621087315,TRUE,2019.4,8638,"בית חירות","BET HERUT",1,"יהודי",916,452,464,243,76,91,387,117,0.360913068498649,2538.00729303164,0.127729257641921,NA
877,2020,"ביתחירות","בית חירות",32.3794988,34.8705486,93.9339762534525,190,0,NA,NA,"no_red_alert",0.770491803278688,TRUE,2020,8644,"בית חירות","BET HERUT",1,"יהודי",904,450,450,232,76,97,380,119,0.360913068498649,2504.7582891928,0.131637168141593,NA
877,2021,"ביתחירות","בית חירות",32.3794988,34.8705486,93.9339762534525,190,0,NA,NA,"no_red_alert",0.787021630615641,TRUE,2021,8639,"בית חירות","BET HERUT",1,"יהודי",904,442,461,232,72,101,375,123,0.360913068498649,2504.7582891928,0.136061946902655,NA
877,2022,"ביתחירות","בית חירות",32.3794988,34.8705486,93.9339762534525,190,0,NA,NA,"no_red_alert",0.747572815533981,TRUE,2022,8643,"בית חירות","BET HERUT",1,"יהודי",918,454,464,226,78,108,372,132,0.360913068498649,2543.54879367145,0.143790849673203,NA
880,2009,"עיןשריד","עין שריד",32.2734114,34.935973,85.9724985175445,880,1,227,5,"temporal_distance > 200",0.713095238095238,FALSE,2009,NA,NA,NA,NA,NA,NA,NA,NA,NA,NA,NA,NA,NA,NA,NA,NA,NA
880,2013,"עיןשריד","עין שריד",32.2734114,34.935973,85.9724985175445,880,1,227,5,"temporal_distance > 200",0.729253112033195,FALSE,2013,8647,"עין שריד","EN SARID",1,"יהודי",1500,760,730,390,130,250,650,80,0.308190834576884,4867.11424127636,0.0533333333333333,63
880,2015,"עיןשריד","עין שריד",32.2734114,34.935973,85.9724985175445,880,1,227,5,"temporal_distance > 200",0.764362220058423,TRUE,2015,8657,"עין שריד","EN SARID",1,"יהודי",1570,790,770,410,140,250,690,90,0.308190834576884,5094.24623920259,0.0573248407643312,62
880,2019,"עיןשריד","עין שריד",32.2734114,34.935973,85.9724985175445,880,1,227,5,"temporal_distance > 200",0.764159702878366,TRUE,2019,8646,"עין שריד","EN SARID",1,"יהודי",1630,822,808,436,108,242,710,134,0.308190834576884,5288.93080885365,0.0822085889570552,NA
880,2019,"עיןשריד","עין שריד",32.2734114,34.935973,85.9724985175445,880,1,227,5,"temporal_distance > 200",0.75614194722475,TRUE,2019.4,8646,"עין שריד","EN SARID",1,"יהודי",1630,822,808,436,108,242,710,134,0.308190834576884,5288.93080885365,0.0822085889570552,NA
880,2020,"עיןשריד","עין שריד",32.2734114,34.935973,85.9724985175445,880,1,227,5,"temporal_distance > 200",0.742286751361162,TRUE,2020,8650,"עין שריד","EN SARID",1,"יהודי",1616,821,790,417,109,245,700,145,0.308190834576884,5243.5044092684,0.0897277227722772,NA
880,2021,"עיןשריד","עין שריד",32.2734114,34.935973,85.9724985175445,880,1,227,5,"temporal_distance > 200",0.743427017225748,TRUE,2021,8651,"עין שריד","EN SARID",1,"יהודי",1647,850,797,410,131,237,715,155,0.308190834576884,5344.09143692145,0.0941105039465695,NA
880,2022,"עיןשריד","עין שריד",32.2734114,34.935973,85.9724985175445,880,1,227,5,"temporal_distance > 200",0.757194244604317,TRUE,2022,8652,"עין שריד","EN SARID",1,"יהודי",1638,852,786,407,129,219,715,169,0.308190834576884,5314.88875147379,0.103174603174603,NA
889,2009,"כפרחסידיםב","כפר חסידים ב'",32.7492255,35.0908395,138.689989059796,112,0,NA,NA,"no_red_alert",0.736,FALSE,2009,NA,NA,NA,NA,NA,NA,NA,NA,NA,NA,NA,NA,NA,NA,NA,NA,NA
889,2013,"כפרחסידיםב","כפר חסידים ב'",32.7492255,35.0908395,138.689989059796,112,0,NA,NA,"no_red_alert",0.741935483870968,FALSE,2013,8715,"כפר חסידים ב'","KEFAR HASIDIM BET",1,"יהודי",230,120,120,60,10,30,90,40,0.255729723766579,899.38704274336,0.173913043478261,63
889,2015,"כפרחסידיםב","כפר חסידים ב'",32.7492255,35.0908395,138.689989059796,112,0,NA,NA,"no_red_alert",0.725631768953069,TRUE,2015,8721,"כפר חסידים ב'","KEFAR HASIDIM BET",1,"יהודי",260,120,130,70,20,30,90,50,0.255729723766579,1016.69839614467,0.192307692307692,60.25
889,2019,"כפרחסידיםב","כפר חסידים ב'",32.7492255,35.0908395,138.689989059796,112,0,NA,NA,"no_red_alert",0.748837209302326,TRUE,2019.4,8720,"כפר חסידים ב'","KEFAR HASIDIM BET",1,"יהודי",302,150,152,93,19,26,100,64,0.255729723766579,1180.9342909065,0.211920529801325,NA
889,2019,"כפרחסידיםב","כפר חסידים ב'",32.7492255,35.0908395,138.689989059796,112,0,NA,NA,"no_red_alert",0.73972602739726,TRUE,2019,8720,"כפר חסידים ב'","KEFAR HASIDIM BET",1,"יהודי",302,150,152,93,19,26,100,64,0.255729723766579,1180.9342909065,0.211920529801325,NA
889,2020,"כפרחסידיםב","כפר חסידים ב'",32.7492255,35.0908395,138.689989059796,112,0,NA,NA,"no_red_alert",0.759803921568627,TRUE,2020,8712,"כפר חסידים ב'","KEFAR HASIDIM BET",1,"יהודי",306,154,149,89,23,28,99,67,0.255729723766579,1196.57580469334,0.218954248366013,NA
889,2021,"כפרחסידיםב","כפר חסידים ב'",32.7492255,35.0908395,138.689989059796,112,0,NA,NA,"no_red_alert",0.726027397260274,TRUE,2021,8719,"כפר חסידים ב'","KEFAR HASIDIM BET",1,"יהודי",305,153,152,90,23,24,101,68,0.255729723766579,1192.66542624663,0.222950819672131,NA
889,2022,"כפרחסידיםב","כפר חסידים ב'",32.7492255,35.0908395,138.689989059796,112,0,NA,NA,"no_red_alert",0.699115044247788,TRUE,2022,8711,"כפר חסידים ב'","KEFAR HASIDIM BET",1,"יהודי",303,153,150,91,21,27,0,69,0.255729723766579,1184.84466935321,0.227722772277228,NA
921,2009,"שערמנשה","שער מנשה",32.4438777,35.0065985,99.8598148281967,10014,0,NA,NA,"no_red_alert",0.0364963503649635,FALSE,2009,NA,NA,NA,NA,NA,NA,NA,NA,NA,NA,NA,NA,NA,NA,NA,NA,NA
921,2013,"שערמנשה","שער מנשה",32.4438777,35.0065985,99.8598148281967,10014,0,NA,NA,"no_red_alert",0.0901639344262295,FALSE,2013,8821,"שער מנשה","SHA'AR MENASHE",1,"יהודי",340,180,160,0,0,10,240,90,0.558551276398722,608.717613523617,0.264705882352941,62
921,2015,"שערמנשה","שער מנשה",32.4438777,35.0065985,99.8598148281967,10014,0,NA,NA,"no_red_alert",0.108333333333333,TRUE,2015,8813,"שער מנשה","SHA'AR MENASHE",1,"יהודי",540,380,160,0,0,50,450,50,0.558551276398722,966.786797949273,0.0925925925925926,60
921,2019,"שערמנשה","שער מנשה",32.4438777,35.0065985,99.8598148281967,10014,0,NA,NA,"no_red_alert",0.099236641221374,TRUE,2019,8823,"שער מנשה","SHA'AR MENASHE",1,"יהודי",574,389,185,0,0,48,407,119,0.558551276398722,1027.65855930164,0.207317073170732,NA
921,2019,"שערמנשה","שער מנשה",32.4438777,35.0065985,99.8598148281967,10014,0,NA,NA,"no_red_alert",0.0916030534351145,TRUE,2019.4,8823,"שער מנשה","SHA'AR MENASHE",1,"יהודי",574,389,185,0,0,48,407,119,0.558551276398722,1027.65855930164,0.207317073170732,NA
921,2020,"שערמנשה","שער מנשה",32.4438777,35.0065985,99.8598148281967,10014,0,NA,NA,"no_red_alert",0.0808823529411765,TRUE,2020,8820,"שער מנשה","SHA'AR MENASHE",1,"יהודי",528,359,161,0,0,43,371,111,0.558551276398722,945.302646883734,0.210227272727273,NA
921,2021,"שערמנשה","שער מנשה",32.4438777,35.0065985,99.8598148281967,10014,0,NA,NA,"no_red_alert",0.10655737704918,TRUE,2021,8812,"שער מנשה","SHA'AR MENASHE",1,"יהודי",511,350,162,0,0,39,352,120,0.558551276398722,914.866766207553,0.234833659491194,NA
921,2022,"שערמנשה","שער מנשה",32.4438777,35.0065985,99.8598148281967,10014,0,NA,NA,"no_red_alert",0.159090909090909,TRUE,2022,8816,"שער מנשה","SHA'AR MENASHE",1,"יהודי",533,370,163,0,0,53,351,129,0.558551276398722,954.254376494375,0.24202626641651,NA
922,2009,"רכסים","רכסים",32.749656,35.1080119,139.950819943971,922,0,NA,NA,"no_red_alert",0.774380718589601,FALSE,2009,NA,NA,NA,NA,NA,NA,NA,NA,NA,NA,NA,NA,NA,NA,NA,NA,NA
922,2013,"רכסים","רכסים",32.749656,35.1080119,139.950819943971,922,0,NA,NA,"no_red_alert",0.851234809878479,FALSE,2013,8828,"רכסים","REKHASIM",1,"יהודי",10090,5120,4970,4330,1040,1710,2610,400,2.82086405766892,3576.91820439517,0.0396432111000991,61
922,2015,"רכסים","רכסים",32.749656,35.1080119,139.950819943971,922,0,NA,NA,"no_red_alert",0.859000183116645,TRUE,2015,8830,"רכסים","REKHASIM",1,"יהודי",10680,5350,5330,4670,1090,1730,2760,430,2.82086405766892,3786.07397650549,0.0402621722846442,59
922,2019,"רכסים","רכסים",32.749656,35.1080119,139.950819943971,922,0,NA,NA,"no_red_alert",0.863078684770162,TRUE,2019,8834,"רכסים","REKHASIM",1,"יהודי",12668,6550,6117,5564,1329,2099,3144,531,2.82086405766892,4490.82257812468,0.041916640353647,NA
922,2019,"רכסים","רכסים",32.749656,35.1080119,139.950819943971,922,0,NA,NA,"no_red_alert",0.855046759109965,TRUE,2019.4,8834,"רכסים","REKHASIM",1,"יהודי",12668,6550,6117,5564,1329,2099,3144,531,2.82086405766892,4490.82257812468,0.041916640353647,NA
922,2020,"רכסים","רכסים",32.749656,35.1080119,139.950819943971,922,0,NA,NA,"no_red_alert",0.845753078623303,TRUE,2020,8833,"רכסים","REKHASIM",1,"יהודי",13264,6908,6359,5790,1467,2159,3284,564,2.82086405766892,4702.10535808697,0.0425211097708082,NA
922,2021,"רכסים","רכסים",32.749656,35.1080119,139.950819943971,922,0,NA,NA,"no_red_alert",0.816749962138422,TRUE,2021,8825,"רכסים","REKHASIM",1,"יהודי",13736,7151,6585,6011,1446,2237,3434,607,2.82086405766892,4869.42997577523,0.0441904484566104,NA
922,2022,"רכסים","רכסים",32.749656,35.1080119,139.950819943971,922,0,NA,NA,"no_red_alert",0.842127903642099,TRUE,2022,8832,"רכסים","REKHASIM",1,"יהודי",14198,7361,6837,6257,1467,2284,3553,638,2.82086405766892,5033.20958037687,0.0449359064656994,NA
942,2009,"סואעדחמרייה","סואעד (חמרייה)",32.7669035,35.168324,144.308928325406,1249,0,NA,NA,"no_red_alert",0.609756097560976,FALSE,2009,NA,NA,NA,NA,NA,NA,NA,NA,NA,NA,NA,NA,NA,NA,NA,NA,NA
942,2013,"סואעדחמרייה","סואעד (חמרייה)",32.7669035,35.168324,144.308928325406,1249,0,NA,NA,"no_red_alert",0.768421052631579,FALSE,2013,8849,"סואעד (חמרייה)*","SAWA'ID(HAMRIYYE)",2,"לא יהודי",140,70,70,50,20,10,40,10,0.0100555294879102,13922.6880263563,0.0714285714285714,59.25
942,2015,"סואעדחמרייה","סואעד (חמרייה)",32.7669035,35.168324,144.308928325406,1249,0,NA,NA,"no_red_alert",0.424778761061947,TRUE,2015,8853,"סואעד (חמרייה)*","SAWA'ID(HAMRIYYE)",2,"לא יהודי",160,80,80,50,20,20,50,20,0.0100555294879102,15911.6434586929,0.125,60.25
942,2019,"סואעדחמרייה","סואעד (חמרייה)",32.7669035,35.168324,144.308928325406,1249,0,NA,NA,"no_red_alert",0.452054794520548,TRUE,2019.4,8850,"סואעד (חמרייה)*","SAWA'ID(HAMRIYYE)",2,"לא יהודי",182,97,85,47,23,38,52,0,0.0100555294879102,18099.4944342632,0,NA
942,2019,"סואעדחמרייה","סואעד (חמרייה)",32.7669035,35.168324,144.308928325406,1249,0,NA,NA,"no_red_alert",0.340277777777778,TRUE,2019,8850,"סואעד (חמרייה)*","SAWA'ID(HAMRIYYE)",2,"לא יהודי",182,97,85,47,23,38,52,0,0.0100555294879102,18099.4944342632,0,NA
942,2020,"סואעדחמרייה","סואעד (חמרייה)",32.7669035,35.168324,144.308928325406,1249,0,NA,NA,"no_red_alert",0.56,TRUE,2020,8861,"סואעד (חמרייה)*","SAWA'ID(HAMRIYYE)",2,"לא יהודי",196,103,81,44,26,49,57,0,0.0100555294879102,19491.7632368988,0,NA
942,2021,"סואעדחמרייה","סואעד (חמרייה)",32.7669035,35.168324,144.308928325406,1249,0,NA,NA,"no_red_alert",0.319277108433735,TRUE,2021,8851,"סואעד (חמרייה)*","SAWA'ID(HAMRIYYE)",2,"לא יהודי",198,105,93,45,26,49,57,0,0.0100555294879102,19690.6587801325,0,NA
942,2022,"סואעדחמרייה","סואעד (חמרייה)",32.7669035,35.168324,144.308928325406,1249,0,NA,NA,"no_red_alert",0.323699421965318,TRUE,2022,8857,"סואעד (חמרייה)*","SAWA'ID(HAMRIYYE)",2,"לא יהודי",196,105,91,39,28,50,57,0,0.0100555294879102,19491.7632368988,0,NA
944,2009,"בסמתטבעון","בסמת טבעון",32.7428446,35.153073,139.646834199337,944,0,NA,NA,"no_red_alert",0.328556806550665,FALSE,2009,NA,NA,NA,NA,NA,NA,NA,NA,NA,NA,NA,NA,NA,NA,NA,NA,NA
944,2013,"בסמתטבעון","בסמת טבעון",32.7428446,35.153073,139.646834199337,944,0,NA,NA,"no_red_alert",0.39638195557591,FALSE,2013,8865,"בסמת טבעון","BASMAT TAB'UN",2,"לא יהודי",7190,3580,3620,2350,750,1140,2610,340,3.42282722020635,2100.60267066783,0.0472878998609179,62.4
944,2015,"בסמתטבעון","בסמת טבעון",32.7428446,35.153073,139.646834199337,944,0,NA,NA,"no_red_alert",0.513960481099656,TRUE,2015,8864,"בסמת טבעון","BASMAT TAB'UN",2,"לא יהודי",7510,3730,3780,2360,800,1250,2730,360,3.42282722020635,2194.092636539,0.0479360852197071,56
944,2019,"בסמתטבעון","בסמת טבעון",32.7428446,35.153073,139.646834199337,944,0,NA,NA,"no_red_alert",0.471455576559546,TRUE,2019.4,8862,"בסמת טבעון","BASMAT TAB'UN",2,"לא יהודי",7916,3916,4000,2204,852,1409,3010,440,3.42282722020635,2312.70803073805,0.0555836280949975,NA
944,2019,"בסמתטבעון","בסמת טבעון",32.7428446,35.153073,139.646834199337,944,0,NA,NA,"no_red_alert",0.318590848171549,TRUE,2019,8862,"בסמת טבעון","BASMAT TAB'UN",2,"לא יהודי",7916,3916,4000,2204,852,1409,3010,440,3.42282722020635,2312.70803073805,0.0555836280949975,NA
944,2020,"בסמתטבעון","בסמת טבעון",32.7428446,35.153073,139.646834199337,944,0,NA,NA,"no_red_alert",0.546639359523366,TRUE,2020,8866,"בסמת טבעון","BASMAT TAB'UN",2,"לא יהודי",7997,3959,4038,2155,866,1458,3065,453,3.42282722020635,2336.37267834919,0.0566462423408778,NA
944,2021,"בסמתטבעון","בסמת טבעון",32.7428446,35.153073,139.646834199337,944,0,NA,NA,"no_red_alert",0.326174008008737,TRUE,2021,8872,"בסמת טבעון","BASMAT TAB'UN",2,"לא יהודי",8068,3992,4077,2148,828,1498,3117,476,3.42282722020635,2357.11576452685,0.0589985126425384,NA
944,2022,"בסמתטבעון","בסמת טבעון",32.7428446,35.153073,139.646834199337,944,0,NA,NA,"no_red_alert",0.430216082182076,TRUE,2022,8873,"בסמת טבעון","BASMAT TAB'UN",2,"לא יהודי",8145,4048,4097,2166,774,1522,3179,503,3.42282722020635,2379.6117875646,0.061755678330264,NA
975,2009,"זרזיר","זרזיר",32.724121,35.2238295,141.457566316893,975,0,NA,NA,"no_red_alert",0.35729788388497,FALSE,2009,NA,NA,NA,NA,NA,NA,NA,NA,NA,NA,NA,NA,NA,NA,NA,NA,NA
975,2013,"זרזיר","זרזיר",32.724121,35.2238295,141.457566316893,975,0,NA,NA,"no_red_alert",0.487465181058496,FALSE,2013,8893,"זרזיר","ZARZIR",2,"לא יהודי",7060,3590,3480,2500,770,1240,2300,250,4.03283747897984,1750.62844381865,0.0354107648725212,62.2
975,2015,"זרזיר","זרזיר",32.724121,35.2238295,141.457566316893,975,0,NA,NA,"no_red_alert",0.486614853195164,TRUE,2015,8895,"זרזיר","ZARZIR",2,"לא יהודי",7460,3780,3680,2580,800,1340,2480,270,4.03283747897984,1849.81419134378,0.0361930294906166,57.8
975,2019,"זרזיר","זרזיר",32.724121,35.2238295,141.457566316893,975,0,NA,NA,"no_red_alert",0.487639177203246,TRUE,2019.4,8890,"זרזיר","ZARZIR",2,"לא יהודי",8119,4126,3993,2635,823,1509,2796,354,4.03283747897984,2013.22271039144,0.0436014287473827,NA
975,2019,"זרזיר","זרזיר",32.724121,35.2238295,141.457566316893,975,0,NA,NA,"no_red_alert",0.361567877629063,TRUE,2019,8890,"זרזיר","ZARZIR",2,"לא יהודי",8119,4126,3993,2635,823,1509,2796,354,4.03283747897984,2013.22271039144,0.0436014287473827,NA
975,2020,"זרזיר","זרזיר",32.724121,35.2238295,141.457566316893,975,0,NA,NA,"no_red_alert",0.533643988816403,TRUE,2020,8892,"זרזיר","ZARZIR",2,"לא יהודי",8275,4196,4082,2652,829,1521,2896,377,4.03283747897984,2051.90515192625,0.045558912386707,NA
975,2021,"זרזיר","זרזיר",32.724121,35.2238295,141.457566316893,975,0,NA,NA,"no_red_alert",0.343789435731026,TRUE,2021,8898,"זרזיר","ZARZIR",2,"לא יהודי",8412,4259,4153,2652,820,1535,3007,398,4.03283747897984,2085.87627045361,0.0473133618640038,NA
975,2022,"זרזיר","זרזיר",32.724121,35.2238295,141.457566316893,975,0,NA,NA,"no_red_alert",0.443923611111111,TRUE,2022,8889,"זרזיר","ZARZIR",2,"לא יהודי",8565,4335,4229,2666,820,1551,3112,417,4.03283747897984,2123.81481888197,0.0486865148861646,NA
978,2009,"כעביהטבאשחגאג","כעביה-טבאש-חג'אג'",32.7480155,35.171925,142.865134237898,978,1,6,1,"temporal_distance == 6",0.44365920691009,FALSE,2009,NA,NA,NA,NA,NA,NA,NA,NA,NA,NA,NA,NA,NA,NA,NA,NA,NA
978,2013,"כעביהטבאשחגאג","כעביה-טבאש-חג'אג'",32.7480155,35.171925,142.865134237898,978,1,6,1,"temporal_distance == 6",0.56650417827298,FALSE,2013,8911,"כעביה-טבאש-חג'אג'רה","KA'ABIYYE-TABBASH-HAJAJRE",2,"לא יהודי",4760,2420,2340,1680,510,830,1570,170,1.5643188911477,3042.85783860075,0.0357142857142857,61
978,2015,"כעביהטבאשחגאג","כעביה-טבאש-חג'אג'",32.7480155,35.171925,142.865134237898,978,1,6,1,"temporal_distance == 6",0.464747736093144,TRUE,2015,8913,"כעביה-טבאש-חג'אג'רה","KA'ABIYYE-TABBASH-HAJAJRE",2,"לא יהודי",4980,2510,2470,1710,540,900,1640,190,1.5643188911477,3183.49412525876,0.0381526104417671,52.6666666666667
978,2019,"כעביהטבאשחגאג","כעביה-טבאש-חג'אג'",32.7480155,35.171925,142.865134237898,978,1,6,1,"temporal_distance == 6",0.434272955623779,TRUE,2019,8912,"כעביה-טבאש-חג'אג'רה","KA'ABIYYE-TABBASH-HAJAJRE",2,"לא יהודי",5504,2769,2735,1747,587,1049,1881,240,1.5643188911477,3518.46418984422,0.0436046511627907,NA
978,2019,"כעביהטבאשחגאג","כעביה-טבאש-חג'אג'",32.7480155,35.171925,142.865134237898,978,1,6,1,"temporal_distance == 6",0.568951279933939,TRUE,2019.4,8912,"כעביה-טבאש-חג'אג'רה","KA'ABIYYE-TABBASH-HAJAJRE",2,"לא יהודי",5504,2769,2735,1747,587,1049,1881,240,1.5643188911477,3518.46418984422,0.0436046511627907,NA
978,2020,"כעביהטבאשחגאג","כעביה-טבאש-חג'אג'",32.7480155,35.171925,142.865134237898,978,1,6,1,"temporal_distance == 6",0.600162645703443,TRUE,2020,8906,"כעביה-טבאש-חג'אג'רה","KA'ABIYYE-TABBASH-HAJAJRE",2,"לא יהודי",5623,2827,2797,1764,581,1064,1962,252,1.5643188911477,3594.53563580924,0.0448159345545083,NA
978,2021,"כעביהטבאשחגאג","כעביה-טבאש-חג'אג'",32.7480155,35.171925,142.865134237898,978,1,6,1,"temporal_distance == 6",0.404517993170475,TRUE,2021,8902,"כעביה-טבאש-חג'אג'רה","KA'ABIYYE-TABBASH-HAJAJRE",2,"לא יהודי",5732,2880,2851,1752,571,1119,2027,264,1.5643188911477,3664.21452328981,0.0460572226099093,NA
978,2022,"כעביהטבאשחגאג","כעביה-טבאש-חג'אג'",32.7480155,35.171925,142.865134237898,978,1,6,1,"temporal_distance == 6",0.563549761845074,TRUE,2022,8904,"כעביה-טבאש-חג'אג'רה","KA'ABIYYE-TABBASH-HAJAJRE",2,"לא יהודי",5878,2948,2930,1773,562,1126,2136,280,1.5643188911477,3757.54587716285,0.0476352500850629,NA
986,2009,"חואלדשבט","ח'ואלד (שבט)",32.7588259,35.15831,128.256614311215,10009,0,NA,NA,"no_red_alert",0.386666666666667,FALSE,2009,NA,NA,NA,NA,NA,NA,NA,NA,NA,NA,NA,NA,NA,NA,NA,NA,NA
986,2013,"חואלדשבט","ח'ואלד (שבט)",32.7588259,35.15831,128.256614311215,10009,0,NA,NA,"no_red_alert",0.350993377483444,FALSE,2013,NA,NA,NA,NA,NA,NA,NA,NA,NA,NA,NA,NA,NA,NA,NA,NA,NA
986,2015,"חואלדשבט","ח'ואלד (שבט)",32.7588259,35.15831,128.256614311215,10009,0,NA,NA,"no_red_alert",0.470198675496689,TRUE,2015,NA,NA,NA,NA,NA,NA,NA,NA,NA,NA,NA,NA,NA,NA,NA,NA,NA
986,2019,"חואלדשבט","ח'ואלד (שבט)",32.7588259,35.15831,128.256614311215,10009,0,NA,NA,"no_red_alert",NA,TRUE,2019,NA,NA,NA,NA,NA,NA,NA,NA,NA,NA,NA,NA,NA,NA,NA,NA,NA
986,2019,"חואלדשבט","ח'ואלד (שבט)",32.7588259,35.15831,128.256614311215,10009,0,NA,NA,"no_red_alert",NA,TRUE,2019.4,NA,NA,NA,NA,NA,NA,NA,NA,NA,NA,NA,NA,NA,NA,NA,NA,NA
986,2020,"חואלדשבט","ח'ואלד (שבט)",32.7588259,35.15831,128.256614311215,10009,0,NA,NA,"no_red_alert",NA,TRUE,2020,NA,NA,NA,NA,NA,NA,NA,NA,NA,NA,NA,NA,NA,NA,NA,NA,NA
986,2021,"חואלדשבט","ח'ואלד (שבט)",32.7588259,35.15831,128.256614311215,10009,0,NA,NA,"no_red_alert",NA,TRUE,2021,NA,NA,NA,NA,NA,NA,NA,NA,NA,NA,NA,NA,NA,NA,NA,NA,NA
986,2022,"חואלדשבט","ח'ואלד (שבט)",32.7588259,35.15831,128.256614311215,10009,0,NA,NA,"no_red_alert",NA,TRUE,2022,NA,NA,NA,NA,NA,NA,NA,NA,NA,NA,NA,NA,NA,NA,NA,NA,NA
990,2009,"ראסעלי","ראס עלי",32.7719585,35.156188,144.35354219572,990,0,NA,NA,"no_red_alert",0.609665427509294,FALSE,2009,NA,NA,NA,NA,NA,NA,NA,NA,NA,NA,NA,NA,NA,NA,NA,NA,NA
990,2013,"ראסעלי","ראס עלי",32.7719585,35.156188,144.35354219572,990,0,NA,NA,"no_red_alert",0.592715231788079,FALSE,2013,8917,"ראס עלי","RAS ALI",2,"לא יהודי",540,270,260,220,70,80,160,10,0.490620800652554,1100.64636330496,0.0185185185185185,59
990,2015,"ראסעלי","ראס עלי",32.7719585,35.156188,144.35354219572,990,0,NA,NA,"no_red_alert",0.625,TRUE,2015,8927,"ראס עלי","RAS ALI",2,"לא יהודי",560,280,280,210,70,90,180,10,0.490620800652554,1141.41104342736,0.0178571428571429,54.75
990,2019,"ראסעלי","ראס עלי",32.7719585,35.156188,144.35354219572,990,0,NA,NA,"no_red_alert",0.405128205128205,TRUE,2019,8920,"ראס עלי","RAS ALI",2,"לא יהודי",643,332,311,224,81,123,198,18,0.490620800652554,1310.58446593535,0.0279937791601866,NA
990,2019,"ראסעלי","ראס עלי",32.7719585,35.156188,144.35354219572,990,0,NA,NA,"no_red_alert",0.596009975062344,TRUE,2019.4,8920,"ראס עלי","RAS ALI",2,"לא יהודי",643,332,311,224,81,123,198,18,0.490620800652554,1310.58446593535,0.0279937791601866,NA
990,2020,"ראסעלי","ראס עלי",32.7719585,35.156188,144.35354219572,990,0,NA,NA,"no_red_alert",0.704433497536946,TRUE,2020,8918,"ראס עלי","RAS ALI",2,"לא יהודי",650,334,316,214,83,130,201,0,0.490620800652554,1324.85210397819,0,NA
990,2021,"ראסעלי","ראס עלי",32.7719585,35.156188,144.35354219572,990,0,NA,NA,"no_red_alert",0.433962264150943,TRUE,2021,8924,"ראס עלי","RAS ALI",2,"לא יהודי",656,338,318,201,90,129,211,0,0.490620800652554,1337.08150801491,0,NA
990,2022,"ראסעלי","ראס עלי",32.7719585,35.156188,144.35354219572,990,0,NA,NA,"no_red_alert",0.536036036036036,TRUE,2022,8928,"ראס עלי","RAS ALI",2,"לא יהודי",663,343,320,201,81,145,214,0,0.490620800652554,1351.34914605775,0,NA
994,2009,"מנשיתזבדה","מנשית זבדה",32.7056885,35.1937431,139.311395253044,994,1,6,1,"temporal_distance == 6",0.587921847246892,FALSE,2009,NA,NA,NA,NA,NA,NA,NA,NA,NA,NA,NA,NA,NA,NA,NA,NA,NA
994,2013,"מנשיתזבדה","מנשית זבדה",32.7056885,35.1937431,139.311395253044,994,1,6,1,"temporal_distance == 6",0.599085365853659,FALSE,2013,8955,"מנשית זבדה","MANSHIYYET ZABDA",2,"לא יהודי",1140,560,580,380,130,230,370,30,1.22324059012108,931.950761940589,0.0263157894736842,62
994,2015,"מנשיתזבדה","מנשית זבדה",32.7056885,35.1937431,139.311395253044,994,1,6,1,"temporal_distance == 6",0.651577503429355,TRUE,2015,8954,"מנשית זבדה","MANSHIYYET ZABDA",2,"לא יהודי",1210,600,610,400,120,260,390,40,1.22324059012108,989.175808726415,0.0330578512396694,55
994,2019,"מנשיתזבדה","מנשית זבדה",32.7056885,35.1937431,139.311395253044,994,1,6,1,"temporal_distance == 6",0.610451306413302,TRUE,2019.4,8946,"מנשית זבדה","MANSHIYYET ZABDA",2,"לא יהודי",1389,695,693,467,118,286,474,0,1.22324059012108,1135.50842836445,0,NA
994,2019,"מנשיתזבדה","מנשית זבדה",32.7056885,35.1937431,139.311395253044,994,1,6,1,"temporal_distance == 6",0.505441354292624,TRUE,2019,8946,"מנשית זבדה","MANSHIYYET ZABDA",2,"לא יהודי",1389,695,693,467,118,286,474,0,1.22324059012108,1135.50842836445,0,NA
994,2020,"מנשיתזבדה","מנשית זבדה",32.7056885,35.1937431,139.311395253044,994,1,6,1,"temporal_distance == 6",0.696009389671362,TRUE,2020,8951,"מנשית זבדה","MANSHIYYET ZABDA",2,"לא יהודי",1425,710,706,477,123,281,494,50,1.22324059012108,1164.93845242574,0.0350877192982456,NA
994,2021,"מנשיתזבדה","מנשית זבדה",32.7056885,35.1937431,139.311395253044,994,1,6,1,"temporal_distance == 6",0.446952595936795,TRUE,2021,8953,"מנשית זבדה","MANSHIYYET ZABDA",2,"לא יהודי",1471,735,735,499,124,263,530,55,1.22324059012108,1202.54348317071,0.0373895309313392,NA
994,2022,"מנשיתזבדה","מנשית זבדה",32.7056885,35.1937431,139.311395253044,994,1,6,1,"temporal_distance == 6",0.531823085221144,TRUE,2022,8948,"מנשית זבדה","MANSHIYYET ZABDA",2,"לא יהודי",1522,763,759,521,126,265,552,57,1.22324059012108,1244.23601725752,0.0374507227332457,NA
998,2009,"ביראלמכסור","ביר אל-מכסור",32.7856399,35.224159,147.319415049832,998,0,NA,NA,"no_red_alert",0.273543583004818,FALSE,2009,NA,NA,NA,NA,NA,NA,NA,NA,NA,NA,NA,NA,NA,NA,NA,NA,NA
998,2013,"ביראלמכסור","ביר אל-מכסור",32.7856399,35.224159,147.319415049832,998,0,NA,NA,"no_red_alert",0.440717177559283,FALSE,2013,8970,"ביר אל-מכסור","BIR EL-MAKSUR",2,"לא יהודי",8300,4210,4090,2860,850,1480,2780,320,4.50709828413875,1841.53960636029,0.0385542168674699,63
998,2015,"ביראלמכסור","ביר אל-מכסור",32.7856399,35.224159,147.319415049832,998,0,NA,NA,"no_red_alert",0.488493347716649,TRUE,2015,8975,"ביר אל-מכסור","BIR EL-MAKSUR",2,"לא יהודי",8710,4420,4290,2920,880,1560,3010,350,4.50709828413875,1932.50722546965,0.0401836969001148,56.8571428571429
998,2019,"ביראלמכסור","ביר אל-מכסור",32.7856399,35.224159,147.319415049832,998,0,NA,NA,"no_red_alert",0.483354271356784,TRUE,2019.4,8971,"ביר אל-מכסור","BIR EL-MAKSUR",2,"לא יהודי",9522,4830,4692,2946,949,1729,3425,473,4.50709828413875,2112.66748575454,0.0496744381432472,NA
998,2019,"ביראלמכסור","ביר אל-מכסור",32.7856399,35.224159,147.319415049832,998,0,NA,NA,"no_red_alert",0.317015209125475,TRUE,2019,8971,"ביר אל-מכסור","BIR EL-MAKSUR",2,"לא יהודי",9522,4830,4692,2946,949,1729,3425,473,4.50709828413875,2112.66748575454,0.0496744381432472,NA
998,2020,"ביראלמכסור","ביר אל-מכסור",32.7856399,35.224159,147.319415049832,998,0,NA,NA,"no_red_alert",0.55218128564822,TRUE,2020,8979,"ביר אל-מכסור","BIR EL-MAKSUR",2,"לא יהודי",9732,4944,4790,2967,945,1774,3529,517,4.50709828413875,2159.26065651787,0.0531237155774764,NA
998,2021,"ביראלמכסור","ביר אל-מכסור",32.7856399,35.224159,147.319415049832,998,0,NA,NA,"no_red_alert",0.391928251121076,TRUE,2021,8980,"ביר אל-מכסור","BIR EL-MAKSUR",2,"לא יהודי",9959,5047,4912,2997,945,1838,3642,536,4.50709828413875,2209.62565539062,0.053820664725374,NA
998,2022,"ביראלמכסור","ביר אל-מכסור",32.7856399,35.224159,147.319415049832,998,0,NA,NA,"no_red_alert",0.614933485910456,TRUE,2022,8978,"ביר אל-מכסור","BIR EL-MAKSUR",2,"לא יהודי",10175,5148,5027,3030,926,1867,3771,582,4.50709828413875,2257.55005960433,0.0571990171990172,NA
1020,2009,"אורעקיבא","אור עקיבא",32.5022664,34.9259461,108.697069960909,1020,1,232,2,"temporal_distance > 200",0.513426736719206,FALSE,2009,NA,NA,NA,NA,NA,NA,NA,NA,NA,NA,NA,NA,NA,NA,NA,NA,NA
1020,2013,"אורעקיבא","אור עקיבא",32.5022664,34.9259461,108.697069960909,1020,1,232,2,"temporal_distance > 200",0.524561155152888,FALSE,2013,9010,"אור עקיבא","OR AQIVA",1,"יהודי",16550,8100,8460,3820,1120,2490,7110,2030,4.54121728656148,3644.39729606758,0.122658610271903,63
1020,2015,"אורעקיבא","אור עקיבא",32.5022664,34.9259461,108.697069960909,1020,1,232,2,"temporal_distance > 200",0.640681678187667,TRUE,2015,9004,"אור עקיבא","OR AQIVA",1,"יהודי",17090,8310,8780,4030,1060,2430,7360,2210,4.54121728656148,3763.30814439848,0.129315389116442,62
1020,2019,"אורעקיבא","אור עקיבא",32.5022664,34.9259461,108.697069960909,1020,1,232,2,"temporal_distance > 200",0.629703608247423,TRUE,2019,9001,"אור עקיבא","OR AQIVA",1,"יהודי",18972,9327,9645,4679,1101,2485,8063,2646,4.54121728656148,4177.73447135916,0.139468690702087,NA
1020,2019,"אורעקיבא","אור עקיבא",32.5022664,34.9259461,108.697069960909,1020,1,232,2,"temporal_distance > 200",0.627291242362525,TRUE,2019.4,9001,"אור עקיבא","OR AQIVA",1,"יהודי",18972,9327,9645,4679,1101,2485,8063,2646,4.54121728656148,4177.73447135916,0.139468690702087,NA
1020,2020,"אורעקיבא","אור עקיבא",32.5022664,34.9259461,108.697069960909,1020,1,232,2,"temporal_distance > 200",0.645808514640416,TRUE,2020,9006,"אור עקיבא","OR AQIVA",1,"יהודי",19446,9576,9874,4776,1197,2450,8243,2780,4.54121728656148,4282.11177156073,0.142959991772087,NA
1020,2021,"אורעקיבא","אור עקיבא",32.5022664,34.9259461,108.697069960909,1020,1,232,2,"temporal_distance > 200",0.593811394891945,TRUE,2021,8998,"אור עקיבא","OR AQIVA",1,"יהודי",19902,9814,10088,4877,1215,2461,8445,2904,4.54121728656148,4382.52537681794,0.145914983418752,NA
1020,2022,"אורעקיבא","אור עקיבא",32.5022664,34.9259461,108.697069960909,1020,1,232,2,"temporal_distance > 200",0.639409327029709,TRUE,2022,9003,"אור עקיבא","OR AQIVA",1,"יהודי",20874,10293,10580,5088,1259,2560,8857,3110,4.54121728656148,4596.56490381357,0.148989173134042,NA
1024,2009,"חרוצים","חרוצים",32.2281892,34.8636491,78.2983418472085,1024,1,227,10,"temporal_distance > 200",0.670309653916211,FALSE,2009,NA,NA,NA,NA,NA,NA,NA,NA,NA,NA,NA,NA,NA,NA,NA,NA,NA
1024,2013,"חרוצים","חרוצים",32.2281892,34.8636491,78.2983418472085,1024,1,227,10,"temporal_distance > 200",0.72463768115942,FALSE,2013,9020,"חרוצים","HARUZIM",1,"יהודי",840,410,430,210,50,80,410,80,0.2041639586979,4114.34028492239,0.0952380952380952,63
1024,2015,"חרוצים","חרוצים",32.2281892,34.8636491,78.2983418472085,1024,1,227,10,"temporal_distance > 200",0.774696707105719,TRUE,2015,9016,"חרוצים","HARUZIM",1,"יהודי",890,440,450,220,50,100,410,100,0.2041639586979,4359.24149235824,0.112359550561798,58
1024,2019,"חרוצים","חרוצים",32.2281892,34.8636491,78.2983418472085,1024,1,227,10,"temporal_distance > 200",0.766031195840555,TRUE,2019.4,9014,"חרוצים","HARUZIM",1,"יהודי",846,414,432,208,58,91,362,127,0.2041639586979,4143.72842981469,0.150118203309693,NA
1024,2019,"חרוצים","חרוצים",32.2281892,34.8636491,78.2983418472085,1024,1,227,10,"temporal_distance > 200",0.756849315068493,TRUE,2019,9014,"חרוצים","HARUZIM",1,"יהודי",846,414,432,208,58,91,362,127,0.2041639586979,4143.72842981469,0.150118203309693,NA
1024,2020,"חרוצים","חרוצים",32.2281892,34.8636491,78.2983418472085,1024,1,227,10,"temporal_distance > 200",0.773451327433628,TRUE,2020,9018,"חרוצים","HARUZIM",1,"יהודי",857,425,433,207,57,96,368,129,0.2041639586979,4197.60669545058,0.150525087514586,NA
1024,2021,"חרוצים","חרוצים",32.2281892,34.8636491,78.2983418472085,1024,1,227,10,"temporal_distance > 200",0.746503496503496,TRUE,2021,9012,"חרוצים","HARUZIM",1,"יהודי",907,450,456,214,66,100,389,139,0.2041639586979,4442.50790288643,0.153252480705623,NA
1024,2022,"חרוצים","חרוצים",32.2281892,34.8636491,78.2983418472085,1024,1,227,10,"temporal_distance > 200",0.769105691056911,TRUE,2022,9011,"חרוצים","HARUZIM",1,"יהודי",916,457,459,213,66,105,397,137,0.2041639586979,4486.59012022489,0.149563318777293,NA
1044,2009,"יעף","יעף",32.2674404,34.967121,86.8511599814999,1044,1,227,5,"temporal_distance > 200",NA,FALSE,2009,NA,NA,NA,NA,NA,NA,NA,NA,NA,NA,NA,NA,NA,NA,NA,NA,NA
1044,2013,"יעף","יעף",32.2674404,34.967121,86.8511599814999,1044,1,227,5,"temporal_distance > 200",0.896,FALSE,2013,9073,"יעף","YE'AF",1,"יהודי",270,130,140,100,20,30,120,0,0.11569481872135,2333.72594368544,0,63
1044,2015,"יעף","יעף",32.2674404,34.967121,86.8511599814999,1044,1,227,5,"temporal_distance > 200",0.867132867132867,TRUE,2015,9077,"יעף","YE'AF",1,"יהודי",290,140,150,110,20,30,130,10,0.11569481872135,2506.59453210659,0.0344827586206897,60.5
1044,2019,"יעף","יעף",32.2674404,34.967121,86.8511599814999,1044,1,227,5,"temporal_distance > 200",0.842424242424242,TRUE,2019.4,9072,"יעף","YE'AF",1,"יהודי",300,154,146,102,21,28,134,0,0.11569481872135,2593.02882631716,0,NA
1044,2019,"יעף","יעף",32.2674404,34.967121,86.8511599814999,1044,1,227,5,"temporal_distance > 200",0.864705882352941,TRUE,2019,9072,"יעף","YE'AF",1,"יהודי",300,154,146,102,21,28,134,0,0.11569481872135,2593.02882631716,0,NA
1044,2020,"יעף","יעף",32.2674404,34.967121,86.8511599814999,1044,1,227,5,"temporal_distance > 200",0.818713450292398,TRUE,2020,9068,"יעף","YE'AF",1,"יהודי",308,159,149,102,24,26,140,0,0.11569481872135,2662.17626168562,0,NA
1044,2021,"יעף","יעף",32.2674404,34.967121,86.8511599814999,1044,1,227,5,"temporal_distance > 200",0.771428571428571,TRUE,2021,9066,"יעף","YE'AF",1,"יהודי",315,161,154,100,32,28,140,0,0.11569481872135,2722.68026763302,0,NA
1044,2022,"יעף","יעף",32.2674404,34.967121,86.8511599814999,1044,1,227,5,"temporal_distance > 200",0.724324324324324,TRUE,2022,9074,"יעף","YE'AF",1,"יהודי",301,153,148,88,34,30,134,0,0.11569481872135,2601.67225573822,0,NA
1057,2009,"נווהזוהר","נווה זוהר",31.15264,35.3650225,86.5402805867067,1057,0,NA,NA,"no_red_alert",NA,FALSE,2009,NA,NA,NA,NA,NA,NA,NA,NA,NA,NA,NA,NA,NA,NA,NA,NA,NA
1057,2013,"נווהזוהר","נווה זוהר",31.15264,35.3650225,86.5402805867067,1057,0,NA,NA,"no_red_alert",0.388888888888889,FALSE,2013,9199,"נווה זוהר","NEWE ZOHAR",1,"יהודי",80,40,30,10,0,10,50,0,0.187830858939939,425.915104959301,0,28
1057,2015,"נווהזוהר","נווה זוהר",31.15264,35.3650225,86.5402805867067,1057,0,NA,NA,"no_red_alert",0.563380281690141,TRUE,2015,9200,"נווה זוהר","NEWE ZOHAR",1,"יהודי",70,40,30,10,0,10,40,10,0.187830858939939,372.675716839389,0.142857142857143,23.3333333333333
1057,2019,"נווהזוהר","נווה זוהר",31.15264,35.3650225,86.5402805867067,1057,0,NA,NA,"no_red_alert",0.625,TRUE,2019.4,9202,"נווה זוהר","NEWE ZOHAR",1,"יהודי",56,27,28,0,0,0,0,0,0.187830858939939,298.140573471511,0,NA
1057,2019,"נווהזוהר","נווה זוהר",31.15264,35.3650225,86.5402805867067,1057,0,NA,NA,"no_red_alert",0.379310344827586,TRUE,2019,9202,"נווה זוהר","NEWE ZOHAR",1,"יהודי",56,27,28,0,0,0,0,0,0.187830858939939,298.140573471511,0,NA
1057,2020,"נווהזוהר","נווה זוהר",31.15264,35.3650225,86.5402805867067,1057,0,NA,NA,"no_red_alert",0.381818181818182,TRUE,2020,9198,"נווה זוהר","NEWE ZOHAR",1,"יהודי",53,28,8,0,0,0,0,0,0.187830858939939,282.168757035537,0,NA
1057,2021,"נווהזוהר","נווה זוהר",31.15264,35.3650225,86.5402805867067,1057,0,NA,NA,"no_red_alert",0.454545454545455,TRUE,2021,9207,"נווה זוהר","NEWE ZOHAR",1,"יהודי",52,25,27,0,4,0,0,0,0.187830858939939,276.844818223546,0,NA
1057,2022,"נווהזוהר","נווה זוהר",31.15264,35.3650225,86.5402805867067,1057,0,NA,NA,"no_red_alert",0.333333333333333,TRUE,2022,9205,"נווה זוהר","NEWE ZOHAR",1,"יהודי",53,26,26,0,0,0,0,0,0.187830858939939,282.168757035537,0,NA
1061,2009,"נצרתעילית","נצרת עילית",32.7252,35.349714,148.921671215247,532,1,6,1,"temporal_distance == 6",0.538332486019319,FALSE,2009,NA,NA,NA,NA,NA,NA,NA,NA,NA,NA,NA,NA,NA,NA,NA,NA,NA
1061,2013,"נצרתעילית","נצרת עילית",32.7252,35.349714,148.921671215247,532,1,6,1,"temporal_distance == 6",0.53079096764339,FALSE,2013,9255,"נצרת עילית","NAZERAT ILLIT",4,"מעורב",40450,19310,21160,7610,2540,5380,17780,7190,32.830025520643,1232.10382442638,0.177750309023486,52.8444444444444
1061,2015,"נצרתעילית","נצרת עילית",32.7252,35.349714,148.921671215247,532,1,6,1,"temporal_distance == 6",0.577839179266764,TRUE,2015,9254,"נצרת עילית","NAZERAT ILLIT",4,"מעורב",40220,19180,21030,7660,2550,5250,17310,7460,32.830025520643,1225.0980424828,0.185479860765788,53.5777777777778
1061,2019,"נצרתעילית","נצרת עילית",32.7252,35.349714,148.921671215247,532,1,6,1,"temporal_distance == 6",0.562824901737036,TRUE,2019.4,9257,"נוף הגליל","NOF HAGALIL",4,"מעורב",41733,20018,21716,8563,2649,5465,17290,7758,32.830025520643,1271.183903703,0.185896053482855,NA
1061,2019,"נצרתעילית","נצרת עילית",32.7252,35.349714,148.921671215247,532,1,6,1,"temporal_distance == 6",0.551830354869915,TRUE,2019,9257,"נוף הגליל","NOF HAGALIL",4,"מעורב",41733,20018,21716,8563,2649,5465,17290,7758,32.830025520643,1271.183903703,0.185896053482855,NA
1061,2020,"נצרתעילית","נצרת עילית",32.7252,35.349714,148.921671215247,532,1,6,1,"temporal_distance == 6",0.566790469693524,TRUE,2020,9250,"נוף הגליל","NOF HAGALIL",4,"מעורב",41945,20147,21793,8676,2658,5605,17186,7820,32.830025520643,1277.64140705969,0.186434616760043,NA
1061,2021,"נצרתעילית","נצרת עילית",32.7252,35.349714,148.921671215247,532,1,6,1,"temporal_distance == 6",0.504641775983855,TRUE,2021,9252,"נוף הגליל","NOF HAGALIL",4,"מעורב",42659,20522,22139,9192,2653,5756,17247,7810,32.830025520643,1299.38979100631,0.183079772146558,NA
1061,2022,"נצרתעילית","נצרת עילית",32.7252,35.349714,148.921671215247,532,1,6,1,"temporal_distance == 6",0.52798576617985,TRUE,2022,9258,"נוף הגליל","NOF HAGALIL",4,"מעורב",44184,21212,22974,10044,2655,5794,17830,7861,32.830025520643,1345.84117128443,0.177915082382763,NA
1069,2009,"רםאון","רם-און",32.5269331,35.2608819,125.660972942478,1069,1,6,1,"temporal_distance == 6",0.832635983263598,FALSE,2009,NA,NA,NA,NA,NA,NA,NA,NA,NA,NA,NA,NA,NA,NA,NA,NA,NA
1069,2013,"רםאון","רם-און",32.5269331,35.2608819,125.660972942478,1069,1,6,1,"temporal_distance == 6",0.827898550724638,FALSE,2013,9343,"רם-און","RAM-ON",1,"יהודי",940,490,440,340,70,60,350,120,1.06599586099467,881.804549525072,0.127659574468085,20
1069,2015,"רםאון","רם-און",32.5269331,35.2608819,125.660972942478,1069,1,6,1,"temporal_distance == 6",0.802447552447552,TRUE,2015,9352,"רם-און","RAM-ON",1,"יהודי",1000,520,480,340,100,70,370,120,1.06599586099467,938.089946303268,0.12,26
1069,2019,"רםאון","רם-און",32.5269331,35.2608819,125.660972942478,1069,1,6,1,"temporal_distance == 6",0.774343122102009,TRUE,2019.4,9342,"רם-און","RAM-ON",1,"יהודי",978,501,477,279,110,103,373,115,1.06599586099467,917.451967484596,0.11758691206544,NA
1069,2019,"רםאון","רם-און",32.5269331,35.2608819,125.660972942478,1069,1,6,1,"temporal_distance == 6",0.773291925465838,TRUE,2019,9342,"רם-און","RAM-ON",1,"יהודי",978,501,477,279,110,103,373,115,1.06599586099467,917.451967484596,0.11758691206544,NA
1069,2020,"רםאון","רם-און",32.5269331,35.2608819,125.660972942478,1069,1,6,1,"temporal_distance == 6",0.748466257668712,TRUE,2020,9341,"רם-און","RAM-ON",1,"יהודי",985,511,466,264,108,128,373,112,1.06599586099467,924.018597108719,0.113705583756345,NA
1069,2021,"רםאון","רם-און",32.5269331,35.2608819,125.660972942478,1069,1,6,1,"temporal_distance == 6",0.760059612518629,TRUE,2021,9340,"רם-און","RAM-ON",1,"יהודי",984,505,479,256,104,134,379,109,1.06599586099467,923.080507162416,0.110772357723577,NA
1069,2022,"רםאון","רם-און",32.5269331,35.2608819,125.660972942478,1069,1,6,1,"temporal_distance == 6",0.727802037845706,TRUE,2022,9349,"רם-און","RAM-ON",1,"יהודי",957,483,475,220,117,142,376,103,1.06599586099467,897.752078612228,0.107628004179728,NA
1077,2009,"גבעתשפירא","גבעת שפירא",32.3574299,34.876295,91.8896501968024,1077,0,NA,NA,"no_red_alert",0.729559748427673,FALSE,2009,NA,NA,NA,NA,NA,NA,NA,NA,NA,NA,NA,NA,NA,NA,NA,NA,NA
1077,2013,"גבעתשפירא","גבעת שפירא",32.3574299,34.876295,91.8896501968024,1077,0,NA,NA,"no_red_alert",0.798913043478261,FALSE,2013,9410,"גבעת שפירא","GIV'AT SHAPPIRA",1,"יהודי",380,190,190,130,30,20,160,40,0.119946787935517,3168.07149687315,0.105263157894737,63
1077,2015,"גבעתשפירא","גבעת שפירא",32.3574299,34.876295,91.8896501968024,1077,0,NA,NA,"no_red_alert",0.828571428571429,TRUE,2015,9406,"גבעת שפירא","GIV'AT SHAPPIRA",1,"יהודי",430,200,230,120,50,20,170,70,0.119946787935517,3584.92300961962,0.162790697674419,62
1077,2019,"גבעתשפירא","גבעת שפירא",32.3574299,34.876295,91.8896501968024,1077,0,NA,NA,"no_red_alert",0.792452830188679,TRUE,2019,9407,"גבעת שפירא","GIV'AT SHAPPIRA",1,"יהודי",410,192,218,111,41,32,150,76,0.119946787935517,3418.18240452104,0.185365853658537,NA
1077,2019,"גבעתשפירא","גבעת שפירא",32.3574299,34.876295,91.8896501968024,1077,0,NA,NA,"no_red_alert",0.783018867924528,TRUE,2019.4,9407,"גבעת שפירא","GIV'AT SHAPPIRA",1,"יהודי",410,192,218,111,41,32,150,76,0.119946787935517,3418.18240452104,0.185365853658537,NA
1077,2020,"גבעתשפירא","גבעת שפירא",32.3574299,34.876295,91.8896501968024,1077,0,NA,NA,"no_red_alert",0.8,TRUE,2020,9412,"גבעת שפירא","GIV'AT SHAPPIRA",1,"יהודי",406,191,212,95,44,34,150,83,0.119946787935517,3384.83428350132,0.204433497536946,NA
1077,2021,"גבעתשפירא","גבעת שפירא",32.3574299,34.876295,91.8896501968024,1077,0,NA,NA,"no_red_alert",0.776255707762557,TRUE,2021,9415,"גבעת שפירא","GIV'AT SHAPPIRA",1,"יהודי",418,193,225,101,52,36,162,70,0.119946787935517,3484.87864656047,0.167464114832536,NA
1077,2022,"גבעתשפירא","גבעת שפירא",32.3574299,34.876295,91.8896501968024,1077,0,NA,NA,"no_red_alert",0.783185840707965,TRUE,2022,9413,"גבעת שפירא","GIV'AT SHAPPIRA",1,"יהודי",423,197,227,102,44,46,161,72,0.119946787935517,3526.56379783512,0.170212765957447,NA
1102,2009,"צוקיים","צוקי ים",32.3610676,34.8599055,91.3892770004616,235,0,NA,NA,"no_red_alert",0.742647058823529,FALSE,2009,NA,NA,NA,NA,NA,NA,NA,NA,NA,NA,NA,NA,NA,NA,NA,NA,NA
1102,2013,"צוקיים","צוקי ים",32.3610676,34.8599055,91.3892770004616,235,0,NA,NA,"no_red_alert",0.734265734265734,FALSE,2013,9555,"צוקי ים","ZUQI YAM",1,"יהודי",240,110,130,60,10,20,90,50,0.0829846484949045,2892.10118200039,0.208333333333333,63
1102,2015,"צוקיים","צוקי ים",32.3610676,34.8599055,91.3892770004616,235,0,NA,NA,"no_red_alert",0.760736196319018,TRUE,2015,9547,"צוקי ים","ZUQI YAM",1,"יהודי",270,120,150,70,10,20,110,50,0.0829846484949045,3253.61382975044,0.185185185185185,60
1102,2019,"צוקיים","צוקי ים",32.3610676,34.8599055,91.3892770004616,235,0,NA,NA,"no_red_alert",0.703703703703704,TRUE,2019.4,9558,"צוקי ים","ZUQI YAM",1,"יהודי",268,128,140,59,24,19,107,59,0.0829846484949045,3229.5129865671,0.220149253731343,NA
1102,2019,"צוקיים","צוקי ים",32.3610676,34.8599055,91.3892770004616,235,0,NA,NA,"no_red_alert",0.753164556962025,TRUE,2019,9558,"צוקי ים","ZUQI YAM",1,"יהודי",268,128,140,59,24,19,107,59,0.0829846484949045,3229.5129865671,0.220149253731343,NA
1102,2020,"צוקיים","צוקי ים",32.3610676,34.8599055,91.3892770004616,235,0,NA,NA,"no_red_alert",0.721212121212121,TRUE,2020,9557,"צוקי ים","ZUQI YAM",1,"יהודי",285,142,132,57,28,24,118,58,0.0829846484949045,3434.37015362546,0.203508771929825,NA
1102,2021,"צוקיים","צוקי ים",32.3610676,34.8599055,91.3892770004616,235,0,NA,NA,"no_red_alert",0.71957671957672,TRUE,2021,9556,"צוקי ים","ZUQI YAM",1,"יהודי",300,155,145,56,32,22,131,60,0.0829846484949045,3615.12647750048,0.2,NA
1102,2022,"צוקיים","צוקי ים",32.3610676,34.8599055,91.3892770004616,235,0,NA,NA,"no_red_alert",0.683937823834197,TRUE,2022,9550,"צוקי ים","ZUQI YAM",1,"יהודי",296,155,141,54,23,28,130,60,0.0829846484949045,3566.92479113381,0.202702702702703,NA
1108,2009,"אומן","אומן",32.5634535,35.24248,128.392824173222,1108,1,6,1,"temporal_distance == 6",0.564885496183206,FALSE,2009,NA,NA,NA,NA,NA,NA,NA,NA,NA,NA,NA,NA,NA,NA,NA,NA,NA
1108,2013,"אומן","אומן",32.5634535,35.24248,128.392824173222,1108,1,6,1,"temporal_distance == 6",0.543478260869565,FALSE,2013,9607,"אומן","OMEN",1,"יהודי",320,160,160,90,20,40,150,20,0.174090013400421,1838.1295615388,0.0625,30.5
1108,2015,"אומן","אומן",32.5634535,35.24248,128.392824173222,1108,1,6,1,"temporal_distance == 6",0.591973244147157,TRUE,2015,9598,"אומן","OMEN",1,"יהודי",330,170,160,90,20,30,160,30,0.174090013400421,1895.57111033689,0.0909090909090909,31
1108,2019,"אומן","אומן",32.5634535,35.24248,128.392824173222,1108,1,6,1,"temporal_distance == 6",0.602305475504323,TRUE,2019,9601,"אומן","OMEN",1,"יהודי",387,185,202,102,27,46,173,0,0.174090013400421,2222.98793848599,0,NA
1108,2019,"אומן","אומן",32.5634535,35.24248,128.392824173222,1108,1,6,1,"temporal_distance == 6",0.622535211267606,TRUE,2019.4,9601,"אומן","OMEN",1,"יהודי",387,185,202,102,27,46,173,0,0.174090013400421,2222.98793848599,0,NA
1108,2020,"אומן","אומן",32.5634535,35.24248,128.392824173222,1108,1,6,1,"temporal_distance == 6",0.629427792915531,TRUE,2020,9603,"אומן","OMEN",1,"יהודי",467,228,239,141,31,55,201,0,0.174090013400421,2682.52032887069,0,NA
1108,2021,"אומן","אומן",32.5634535,35.24248,128.392824173222,1108,1,6,1,"temporal_distance == 6",0.644067796610169,TRUE,2021,9599,"אומן","OMEN",1,"יהודי",559,269,291,181,29,65,236,0,0.174090013400421,3210.98257781309,0,NA
1108,2022,"אומן","אומן",32.5634535,35.24248,128.392824173222,1108,1,6,1,"temporal_distance == 6",0.67935871743487,TRUE,2022,9605,"אומן","OMEN",1,"יהודי",659,317,342,229,34,70,273,0,0.174090013400421,3785.39806579397,0,NA
1110,2009,"חבר","חבר",32.547712,35.263746,128.233795044364,1110,1,6,1,"temporal_distance == 6",0.623255813953488,FALSE,2009,NA,NA,NA,NA,NA,NA,NA,NA,NA,NA,NA,NA,NA,NA,NA,NA,NA
1110,2013,"חבר","חבר",32.547712,35.263746,128.233795044364,1110,1,6,1,"temporal_distance == 6",0.659090909090909,FALSE,2013,9620,"חבר","HEVER",1,"יהודי",390,200,190,130,40,50,160,10,0.218003229839834,1788.96432078796,0.0256410256410256,27.75
1110,2015,"חבר","חבר",32.547712,35.263746,128.233795044364,1110,1,6,1,"temporal_distance == 6",0.719148936170213,TRUE,2015,9623,"חבר","HEVER",1,"יהודי",430,220,210,140,50,40,180,10,0.218003229839834,1972.44784086877,0.0232558139534884,29.25
1110,2019,"חבר","חבר",32.547712,35.263746,128.233795044364,1110,1,6,1,"temporal_distance == 6",0.666666666666667,TRUE,2019,9611,"חבר","HEVER",1,"יהודי",616,307,310,216,63,73,243,0,0.218003229839834,2825.64620924457,0,NA
1110,2019,"חבר","חבר",32.547712,35.263746,128.233795044364,1110,1,6,1,"temporal_distance == 6",0.72463768115942,TRUE,2019.4,9611,"חבר","HEVER",1,"יהודי",616,307,310,216,63,73,243,0,0.218003229839834,2825.64620924457,0,NA
1110,2020,"חבר","חבר",32.547712,35.263746,128.233795044364,1110,1,6,1,"temporal_distance == 6",0.715469613259669,TRUE,2020,9618,"חבר","HEVER",1,"יהודי",678,333,341,238,56,77,282,0,0.218003229839834,3110.04566536984,0,NA
1110,2021,"חבר","חבר",32.547712,35.263746,128.233795044364,1110,1,6,1,"temporal_distance == 6",0.701711491442543,TRUE,2021,9613,"חבר","HEVER",1,"יהודי",800,399,401,283,67,93,324,0,0.218003229839834,3669.67040161633,0,NA
1110,2022,"חבר","חבר",32.547712,35.263746,128.233795044364,1110,1,6,1,"temporal_distance == 6",0.722554890219561,TRUE,2022,9616,"חבר","HEVER",1,"יהודי",874,439,434,310,69,89,366,0,0.218003229839834,4009.11491376584,0,NA
1124,2009,"נאותהכיכר","נאות הכיכר",30.9341985,35.3775974,95.9839451056235,1124,0,NA,NA,"no_red_alert",0.581818181818182,FALSE,2009,NA,NA,NA,NA,NA,NA,NA,NA,NA,NA,NA,NA,NA,NA,NA,NA,NA
1124,2013,"נאותהכיכר","נאות הכיכר",30.9341985,35.3775974,95.9839451056235,1124,0,NA,NA,"no_red_alert",0.703703703703704,FALSE,2013,9720,"נאות הכיכר","NE'OT HAKIKKAR",1,"יהודי",400,220,180,90,20,60,190,50,13.3156840461182,30.0397635310825,0.125,15.5263157894737
1124,2015,"נאותהכיכר","נאות הכיכר",30.9341985,35.3775974,95.9839451056235,1124,0,NA,NA,"no_red_alert",0.686868686868687,TRUE,2015,9719,"נאות הכיכר","NE'OT HAKIKKAR",1,"יהודי",410,220,200,90,30,50,170,80,13.3156840461182,30.7907576193596,0.195121951219512,12.2631578947368
1124,2019,"נאותהכיכר","נאות הכיכר",30.9341985,35.3775974,95.9839451056235,1124,0,NA,NA,"no_red_alert",0.696682464454976,TRUE,2019,9726,"נאות הכיכר","NE'OT HAKIKKAR",1,"יהודי",447,242,206,94,33,50,169,102,13.3156840461182,33.5694357459847,0.228187919463087,NA
1124,2019,"נאותהכיכר","נאות הכיכר",30.9341985,35.3775974,95.9839451056235,1124,0,NA,NA,"no_red_alert",0.696261682242991,TRUE,2019.4,9726,"נאות הכיכר","NE'OT HAKIKKAR",1,"יהודי",447,242,206,94,33,50,169,102,13.3156840461182,33.5694357459847,0.228187919463087,NA
1124,2020,"נאותהכיכר","נאות הכיכר",30.9341985,35.3775974,95.9839451056235,1124,0,NA,NA,"no_red_alert",0.615384615384615,TRUE,2020,9717,"נאות הכיכר","NE'OT HAKIKKAR",1,"יהודי",444,236,206,94,29,53,164,0,13.3156840461182,33.3441375195016,0,NA
1124,2021,"נאותהכיכר","נאות הכיכר",30.9341985,35.3775974,95.9839451056235,1124,0,NA,NA,"no_red_alert",0.65,TRUE,2021,9715,"נאות הכיכר","NE'OT HAKIKKAR",1,"יהודי",443,237,206,97,32,48,166,0,13.3156840461182,33.2690381106739,0,NA
1124,2022,"נאותהכיכר","נאות הכיכר",30.9341985,35.3775974,95.9839451056235,1124,0,NA,NA,"no_red_alert",0.648888888888889,TRUE,2022,9725,"נאות הכיכר","NE'OT HAKIKKAR",1,"יהודי",448,245,203,98,28,53,165,0,13.3156840461182,33.6445351548124,0,NA
1127,2009,"מעלהגלבוע","מעלה גלבוע",32.4769865,35.4197279,130.406076059725,1127,1,6,1,"temporal_distance == 6",0.814159292035398,FALSE,2009,NA,NA,NA,NA,NA,NA,NA,NA,NA,NA,NA,NA,NA,NA,NA,NA,NA
1127,2013,"מעלהגלבוע","מעלה גלבוע",32.4769865,35.4197279,130.406076059725,1127,1,6,1,"temporal_distance == 6",0.809885931558935,FALSE,2013,9756,"מעלה גלבוע","MA'ALE GILBOA",1,"יהודי",590,350,240,220,70,110,190,0,0.584090844167271,1010.11684379534,0,27
1127,2015,"מעלהגלבוע","מעלה גלבוע",32.4769865,35.4197279,130.406076059725,1127,1,6,1,"temporal_distance == 6",0.825082508250825,TRUE,2015,9755,"מעלה גלבוע","MA'ALE GILBOA",1,"יהודי",670,390,280,270,80,90,230,10,0.584090844167271,1147.0818395642,0.0149253731343284,29
1127,2019,"מעלהגלבוע","מעלה גלבוע",32.4769865,35.4197279,130.406076059725,1127,1,6,1,"temporal_distance == 6",0.846153846153846,TRUE,2019,9763,"מעלה גלבוע","MA'ALE GILBOA",1,"יהודי",840,500,340,366,78,109,253,34,0.584090844167271,1438.13245557303,0.0404761904761905,NA
1127,2019,"מעלהגלבוע","מעלה גלבוע",32.4769865,35.4197279,130.406076059725,1127,1,6,1,"temporal_distance == 6",0.816901408450704,TRUE,2019.4,9763,"מעלה גלבוע","MA'ALE GILBOA",1,"יהודי",840,500,340,366,78,109,253,34,0.584090844167271,1438.13245557303,0.0404761904761905,NA
1127,2020,"מעלהגלבוע","מעלה גלבוע",32.4769865,35.4197279,130.406076059725,1127,1,6,1,"temporal_distance == 6",0.805555555555556,TRUE,2020,9761,"מעלה גלבוע","MA'ALE GILBOA",1,"יהודי",803,464,334,350,109,56,247,0,0.584090844167271,1374.78614502993,0,NA
1127,2021,"מעלהגלבוע","מעלה גלבוע",32.4769865,35.4197279,130.406076059725,1127,1,6,1,"temporal_distance == 6",0.806539509536785,TRUE,2021,9754,"מעלה גלבוע","MA'ALE GILBOA",1,"יהודי",830,483,346,353,95,82,254,0,0.584090844167271,1421.01183110192,0,NA
1127,2022,"מעלהגלבוע","מעלה גלבוע",32.4769865,35.4197279,130.406076059725,1127,1,6,1,"temporal_distance == 6",0.803108808290155,TRUE,2022,9766,"מעלה גלבוע","MA'ALE GILBOA",1,"יהודי",843,476,367,355,115,60,267,0,0.584090844167271,1443.26864291436,0,NA
1128,2009,"מיעמי","מי עמי",32.502933,35.1437036,99.8598148281967,10014,0,NA,NA,"no_red_alert",1.42424242424242,FALSE,2009,NA,NA,NA,NA,NA,NA,NA,NA,NA,NA,NA,NA,NA,NA,NA,NA,NA
1128,2013,"מיעמי","מי עמי",32.502933,35.1437036,99.8598148281967,10014,0,NA,NA,"no_red_alert",0.828828828828829,FALSE,2013,9770,"מי עמי","ME AMMI",1,"יהודי",330,170,160,110,10,30,160,0,0.406536581827511,811.735068260144,0,53.5
1128,2015,"מיעמי","מי עמי",32.502933,35.1437036,99.8598148281967,10014,0,NA,NA,"no_red_alert",0.84,TRUE,2015,9772,"מי עמי","ME AMMI",1,"יהודי",330,170,160,110,10,30,160,10,0.406536581827511,811.735068260144,0.0303030303030303,57.75
1128,2019,"מיעמי","מי עמי",32.502933,35.1437036,99.8598148281967,10014,0,NA,NA,"no_red_alert",0.80078125,TRUE,2019.4,9779,"מי עמי","ME AMMI",1,"יהודי",366,188,178,126,17,28,153,0,0.406536581827511,900.287984797614,0,NA
1128,2019,"מיעמי","מי עמי",32.502933,35.1437036,99.8598148281967,10014,0,NA,NA,"no_red_alert",0.81496062992126,TRUE,2019,9779,"מי עמי","ME AMMI",1,"יהודי",366,188,178,126,17,28,153,0,0.406536581827511,900.287984797614,0,NA
1128,2020,"מיעמי","מי עמי",32.502933,35.1437036,99.8598148281967,10014,0,NA,NA,"no_red_alert",0.776470588235294,TRUE,2020,9768,"מי עמי","ME AMMI",1,"יהודי",364,190,172,119,19,27,153,0,0.406536581827511,895.36837832331,0,NA
1128,2021,"מיעמי","מי עמי",32.502933,35.1437036,99.8598148281967,10014,0,NA,NA,"no_red_alert",0.73046875,TRUE,2021,9773,"מי עמי","ME AMMI",1,"יהודי",363,186,177,114,21,27,152,0,0.406536581827511,892.908575086158,0,NA
1128,2022,"מיעמי","מי עמי",32.502933,35.1437036,99.8598148281967,10014,0,NA,NA,"no_red_alert",0.760617760617761,TRUE,2022,9776,"מי עמי","ME AMMI",1,"יהודי",361,186,175,108,27,25,149,0,0.406536581827511,887.988968611854,0,NA
1148,2009,"צורנתן","צור נתן",32.2404895,35.0124589,86.6827146821363,1148,1,227,5,"temporal_distance > 200",0.718446601941748,FALSE,2009,NA,NA,NA,NA,NA,NA,NA,NA,NA,NA,NA,NA,NA,NA,NA,NA,NA
1148,2013,"צורנתן","צור נתן",32.2404895,35.0124589,86.6827146821363,1148,1,227,5,"temporal_distance > 200",0.748792270531401,FALSE,2013,9999,"צור נתן","ZUR NATAN",1,"יהודי",290,140,150,90,10,20,140,30,0.210275888696017,1379.14052723009,0.103448275862069,58
1148,2015,"צורנתן","צור נתן",32.2404895,35.0124589,86.6827146821363,1148,1,227,5,"temporal_distance > 200",0.795348837209302,TRUE,2015,9988,"צור נתן","ZUR NATAN",1,"יהודי",300,140,150,80,20,10,140,50,0.210275888696017,1426.69709713457,0.166666666666667,60.5
1148,2019,"צורנתן","צור נתן",32.2404895,35.0124589,86.6827146821363,1148,1,227,5,"temporal_distance > 200",0.741228070175439,TRUE,2019.4,9997,"צור נתן","ZUR NATAN",1,"יהודי",313,147,166,81,20,19,133,59,0.210275888696017,1488.5206380104,0.188498402555911,NA
1148,2019,"צורנתן","צור נתן",32.2404895,35.0124589,86.6827146821363,1148,1,227,5,"temporal_distance > 200",0.747826086956522,TRUE,2019,9997,"צור נתן","ZUR NATAN",1,"יהודי",313,147,166,81,20,19,133,59,0.210275888696017,1488.5206380104,0.188498402555911,NA
1148,2020,"צורנתן","צור נתן",32.2404895,35.0124589,86.6827146821363,1148,1,227,5,"temporal_distance > 200",0.728070175438597,TRUE,2020,9990,"צור נתן","ZUR NATAN",1,"יהודי",306,151,149,71,23,20,128,0,0.210275888696017,1455.23103907726,0,NA
1148,2021,"צורנתן","צור נתן",32.2404895,35.0124589,86.6827146821363,1148,1,227,5,"temporal_distance > 200",0.755555555555556,TRUE,2021,9993,"צור נתן","ZUR NATAN",1,"יהודי",299,145,154,60,25,21,126,0,0.210275888696017,1421.94144014412,0,NA
1148,2022,"צורנתן","צור נתן",32.2404895,35.0124589,86.6827146821363,1148,1,227,5,"temporal_distance > 200",0.68859649122807,TRUE,2022,9991,"צור נתן","ZUR NATAN",1,"יהודי",290,139,151,56,22,24,124,0,0.210275888696017,1379.14052723009,0,NA
1150,2009,"צופר","צופר",30.5600055,35.181075,110.241073578628,1150,0,NA,NA,"no_red_alert",0.758620689655172,FALSE,2009,NA,NA,NA,NA,NA,NA,NA,NA,NA,NA,NA,NA,NA,NA,NA,NA,NA
1150,2013,"צופר","צופר",30.5600055,35.181075,110.241073578628,1150,0,NA,NA,"no_red_alert",0.772241992882562,FALSE,2013,10021,"צופר","ZOFAR",1,"יהודי",380,190,180,80,30,80,180,0,24.5094606697506,15.5042171315093,0,9.15151515151515
1150,2015,"צופר","צופר",30.5600055,35.181075,110.241073578628,1150,0,NA,NA,"no_red_alert",0.794871794871795,TRUE,2015,10014,"צופר","ZOFAR",1,"יהודי",390,200,200,90,30,70,200,10,24.5094606697506,15.9122228454964,0.0256410256410256,9.6969696969697
1150,2019,"צופר","צופר",30.5600055,35.181075,110.241073578628,1150,0,NA,NA,"no_red_alert",0.721407624633431,TRUE,2019.4,10020,"צופר","ZOFAR",1,"יהודי",451,234,217,119,24,69,209,0,24.5094606697506,18.4010577008176,0,NA
1150,2019,"צופר","צופר",30.5600055,35.181075,110.241073578628,1150,0,NA,NA,"no_red_alert",0.763473053892216,TRUE,2019,10020,"צופר","ZOFAR",1,"יהודי",451,234,217,119,24,69,209,0,24.5094606697506,18.4010577008176,0,NA
1150,2020,"צופר","צופר",30.5600055,35.181075,110.241073578628,1150,0,NA,NA,"no_red_alert",0.758522727272727,TRUE,2020,10015,"צופר","ZOFAR",1,"יהודי",466,235,228,118,24,60,228,0,24.5094606697506,19.0130662717982,0,NA
1150,2021,"צופר","צופר",30.5600055,35.181075,110.241073578628,1150,0,NA,NA,"no_red_alert",0.6398891966759,TRUE,2021,10023,"צופר","ZOFAR",1,"יהודי",463,228,235,120,21,55,222,0,24.5094606697506,18.8906645576021,0,NA
1150,2022,"צופר","צופר",30.5600055,35.181075,110.241073578628,1150,0,NA,NA,"no_red_alert",0.655352480417755,TRUE,2022,10016,"צופר","ZOFAR",1,"יהודי",492,243,249,136,20,50,232,0,24.5094606697506,20.0738811281646,0,NA
1151,2009,"פארן","פארן",30.3626064,35.154859,124.944908262154,1151,0,NA,NA,"no_red_alert",0.683139534883721,FALSE,2009,NA,NA,NA,NA,NA,NA,NA,NA,NA,NA,NA,NA,NA,NA,NA,NA,NA
1151,2013,"פארן","פארן",30.3626064,35.154859,124.944908262154,1151,0,NA,NA,"no_red_alert",0.736389684813754,FALSE,2013,10039,"פארן","PARAN",1,"יהודי",440,220,210,120,30,60,220,10,9.04839466427121,48.6274103115107,0.0227272727272727,18.7692307692308
1151,2015,"פארן","פארן",30.3626064,35.154859,124.944908262154,1151,0,NA,NA,"no_red_alert",0.746556473829201,TRUE,2015,10031,"פארן","PARAN",1,"יהודי",440,220,220,120,30,60,200,20,9.04839466427121,48.6274103115107,0.0454545454545455,10.9230769230769
1151,2019,"פארן","פארן",30.3626064,35.154859,124.944908262154,1151,0,NA,NA,"no_red_alert",0.758241758241758,TRUE,2019,10027,"פארן","PARAN",1,"יהודי",501,250,251,131,62,54,194,60,9.04839466427121,55.3689376501519,0.119760479041916,NA
1151,2019,"פארן","פארן",30.3626064,35.154859,124.944908262154,1151,0,NA,NA,"no_red_alert",0.710382513661202,TRUE,2019.4,10027,"פארן","PARAN",1,"יהודי",501,250,251,131,62,54,194,60,9.04839466427121,55.3689376501519,0.119760479041916,NA
1151,2020,"פארן","פארן",30.3626064,35.154859,124.944908262154,1151,0,NA,NA,"no_red_alert",0.702702702702703,TRUE,2020,10037,"פארן","PARAN",1,"יהודי",509,254,251,133,61,49,200,0,9.04839466427121,56.2530723830885,0,NA
1151,2021,"פארן","פארן",30.3626064,35.154859,124.944908262154,1151,0,NA,NA,"no_red_alert",0.722077922077922,TRUE,2021,10028,"פארן","PARAN",1,"יהודי",508,255,253,133,59,53,194,0,9.04839466427121,56.1425555414714,0,NA
1151,2022,"פארן","פארן",30.3626064,35.154859,124.944908262154,1151,0,NA,NA,"no_red_alert",0.670854271356784,TRUE,2022,10033,"פארן","PARAN",1,"יהודי",537,273,264,145,64,53,206,0,9.04839466427121,59.3475439483665,0,NA
1155,2009,"מגןשאול","מגן שאול",32.521065,35.3075854,127.820070263124,1155,1,6,1,"temporal_distance == 6",0.590405904059041,FALSE,2009,NA,NA,NA,NA,NA,NA,NA,NA,NA,NA,NA,NA,NA,NA,NA,NA,NA
1155,2013,"מגןשאול","מגן שאול",32.521065,35.3075854,127.820070263124,1155,1,6,1,"temporal_distance == 6",0.684713375796178,FALSE,2013,10090,"מגן שאול","MAGEN SHA'UL",1,"יהודי",510,260,250,170,20,60,240,30,1.46857816886885,347.274670706033,0.0588235294117647,56
1155,2015,"מגןשאול","מגן שאול",32.521065,35.3075854,127.820070263124,1155,1,6,1,"temporal_distance == 6",0.760233918128655,TRUE,2015,10087,"מגן שאול","MAGEN SHA'UL",1,"יהודי",610,310,300,210,30,60,270,50,1.46857816886885,415.367743393491,0.0819672131147541,48
1155,2019,"מגןשאול","מגן שאול",32.521065,35.3075854,127.820070263124,1155,1,6,1,"temporal_distance == 6",0.802083333333333,TRUE,2019.4,10079,"מגן שאול","MAGEN SHA'UL",1,"יהודי",676,345,330,257,23,47,265,0,1.46857816886885,460.309171367213,0,NA
1155,2019,"מגןשאול","מגן שאול",32.521065,35.3075854,127.820070263124,1155,1,6,1,"temporal_distance == 6",0.805851063829787,TRUE,2019,10079,"מגן שאול","MAGEN SHA'UL",1,"יהודי",676,345,330,257,23,47,265,0,1.46857816886885,460.309171367213,0,NA
1155,2020,"מגןשאול","מגן שאול",32.521065,35.3075854,127.820070263124,1155,1,6,1,"temporal_distance == 6",0.816062176165803,TRUE,2020,10083,"מגן שאול","MAGEN SHA'UL",1,"יהודי",704,366,336,281,29,41,268,0,1.46857816886885,479.375231719701,0,NA
1155,2021,"מגןשאול","מגן שאול",32.521065,35.3075854,127.820070263124,1155,1,6,1,"temporal_distance == 6",0.72279792746114,TRUE,2021,10082,"מגן שאול","MAGEN SHA'UL",1,"יהודי",735,385,350,287,40,47,276,0,1.46857816886885,500.484084252813,0,NA
1155,2022,"מגןשאול","מגן שאול",32.521065,35.3075854,127.820070263124,1155,1,6,1,"temporal_distance == 6",0.796610169491525,TRUE,2022,10081,"מגן שאול","MAGEN SHA'UL",1,"יהודי",761,395,366,293,42,51,282,94,1.46857816886885,518.188283151552,0.123521681997372,NA
1167,2009,"קיסריה","קיסריה",32.496276,34.9199935,106.366050120438,1020,1,149,20,"temporal_distance > 200",0.668047337278107,FALSE,2009,NA,NA,NA,NA,NA,NA,NA,NA,NA,NA,NA,NA,NA,NA,NA,NA,NA
1167,2013,"קיסריה","קיסריה",32.496276,34.9199935,106.366050120438,1020,1,149,20,"temporal_distance > 200",0.660587639311044,FALSE,2013,10220,"קיסריה","QESARYYA",1,"יהודי",4630,2320,2320,1000,430,570,2030,600,5.96959765332211,775.59665975535,0.129589632829374,62.875
1167,2015,"קיסריה","קיסריה",32.496276,34.9199935,106.366050120438,1020,1,149,20,"temporal_distance > 200",0.676206244087039,TRUE,2015,10219,"קיסריה","QESARYYA",1,"יהודי",4850,2410,2440,970,430,660,2080,720,5.96959765332211,812.450064754524,0.148453608247423,61.5
1167,2019,"קיסריה","קיסריה",32.496276,34.9199935,106.366050120438,1020,1,149,20,"temporal_distance > 200",0.644321443214432,TRUE,2019.4,10216,"קיסריה","QESARYYA",1,"יהודי",5343,2662,2680,1031,480,734,2173,924,5.96959765332211,895.035195048128,0.172936552498596,NA
1167,2019,"קיסריה","קיסריה",32.496276,34.9199935,106.366050120438,1020,1,149,20,"temporal_distance > 200",0.660100586756077,TRUE,2019,10216,"קיסריה","QESARYYA",1,"יהודי",5343,2662,2680,1031,480,734,2173,924,5.96959765332211,895.035195048128,0.172936552498596,NA
1167,2020,"קיסריה","קיסריה",32.496276,34.9199935,106.366050120438,1020,1,149,20,"temporal_distance > 200",0.647189648200566,TRUE,2020,10210,"קיסריה","QESARYYA",1,"יהודי",5561,2791,2770,1100,463,762,2274,962,5.96959765332211,931.553569092765,0.172990469340047,NA
1167,2021,"קיסריה","קיסריה",32.496276,34.9199935,106.366050120438,1020,1,149,20,"temporal_distance > 200",0.641418055017435,TRUE,2021,10211,"קיסריה","QESARYYA",1,"יהודי",5783,2916,2867,1133,477,809,2337,1027,5.96959765332211,968.742005046477,0.177589486425731,NA
1167,2022,"קיסריה","קיסריה",32.496276,34.9199935,106.366050120438,1020,1,149,20,"temporal_distance > 200",0.634544787077827,TRUE,2022,10221,"קיסריה","QESARYYA",1,"יהודי",5997,3034,2963,1159,518,821,2426,1074,5.96959765332211,1004.59031718204,0.179089544772386,NA
1175,2009,"עידן","עידן",30.8061335,35.3007086,101.718059247126,1175,0,NA,NA,"no_red_alert",0.56015037593985,FALSE,2009,NA,NA,NA,NA,NA,NA,NA,NA,NA,NA,NA,NA,NA,NA,NA,NA,NA
1175,2013,"עידן","עידן",30.8061335,35.3007086,101.718059247126,1175,0,NA,NA,"no_red_alert",0.620833333333333,FALSE,2013,10281,"עידן","IDDAN",1,"יהודי",350,170,180,130,20,40,150,0,25.368193878373,13.7968040483317,0,8.85714285714286
1175,2015,"עידן","עידן",30.8061335,35.3007086,101.718059247126,1175,0,NA,NA,"no_red_alert",0.667953667953668,TRUE,2015,10284,"עידן","IDDAN",1,"יהודי",360,170,190,130,30,50,150,0,25.368193878373,14.1909984497126,0,7.94285714285714
1175,2019,"עידן","עידן",30.8061335,35.3007086,101.718059247126,1175,0,NA,NA,"no_red_alert",0.638513513513513,TRUE,2019,10275,"עידן","IDDAN",1,"יהודי",392,191,200,130,43,36,176,0,25.368193878373,15.4524205341315,0,NA
1175,2019,"עידן","עידן",30.8061335,35.3007086,101.718059247126,1175,0,NA,NA,"no_red_alert",0.608108108108108,TRUE,2019.4,10275,"עידן","IDDAN",1,"יהודי",392,191,200,130,43,36,176,0,25.368193878373,15.4524205341315,0,NA
1175,2020,"עידן","עידן",30.8061335,35.3007086,101.718059247126,1175,0,NA,NA,"no_red_alert",0.580536912751678,TRUE,2020,10282,"עידן","IDDAN",1,"יהודי",393,197,195,124,39,44,170,0,25.368193878373,15.4918399742696,0,NA
1175,2021,"עידן","עידן",30.8061335,35.3007086,101.718059247126,1175,0,NA,NA,"no_red_alert",0.561290322580645,TRUE,2021,10278,"עידן","IDDAN",1,"יהודי",407,198,210,124,47,46,173,0,25.368193878373,16.0437121362028,0,NA
1175,2022,"עידן","עידן",30.8061335,35.3007086,101.718059247126,1175,0,NA,NA,"no_red_alert",0.585294117647059,TRUE,2022,10279,"עידן","IDDAN",1,"יהודי",432,208,225,136,46,42,188,0,25.368193878373,17.0291981396551,0,NA
1176,2009,"ספיר","ספיר",30.613609,35.184377,106.452001979238,1176,0,NA,NA,"no_red_alert",0.612099644128114,FALSE,2009,NA,NA,NA,NA,NA,NA,NA,NA,NA,NA,NA,NA,NA,NA,NA,NA,NA
1176,2013,"ספיר","ספיר",30.613609,35.184377,106.452001979238,1176,0,NA,NA,"no_red_alert",0.609929078014184,FALSE,2013,10294,"ספיר","SAPPIR",1,"יהודי",360,170,180,120,30,40,160,20,8.59527566628654,41.8834734308798,0.0555555555555556,26.4615384615385
1176,2015,"ספיר","ספיר",30.613609,35.184377,106.452001979238,1176,0,NA,NA,"no_red_alert",0.698581560283688,TRUE,2015,10298,"ספיר","SAPPIR",1,"יהודי",370,190,190,120,30,50,150,30,8.59527566628654,43.0469032484042,0.0810810810810811,23.5384615384615
1176,2019,"ספיר","ספיר",30.613609,35.184377,106.452001979238,1176,0,NA,NA,"no_red_alert",0.638629283489097,TRUE,2019.4,10290,"ספיר","SAPPIR",1,"יהודי",447,216,230,148,41,45,182,0,8.59527566628654,52.0053128433424,0,NA
1176,2019,"ספיר","ספיר",30.613609,35.184377,106.452001979238,1176,0,NA,NA,"no_red_alert",0.633116883116883,TRUE,2019,10290,"ספיר","SAPPIR",1,"יהודי",447,216,230,148,41,45,182,0,8.59527566628654,52.0053128433424,0,NA
1176,2020,"ספיר","ספיר",30.613609,35.184377,106.452001979238,1176,0,NA,NA,"no_red_alert",0.593373493975904,TRUE,2020,10297,"ספיר","SAPPIR",1,"יהודי",485,245,232,165,44,49,197,0,8.59527566628654,56.4263461499353,0,NA
1176,2021,"ספיר","ספיר",30.613609,35.184377,106.452001979238,1176,0,NA,NA,"no_red_alert",0.567335243553009,TRUE,2021,10299,"ספיר","SAPPIR",1,"יהודי",503,258,245,168,39,59,210,0,8.59527566628654,58.5205198214793,0,NA
1176,2022,"ספיר","ספיר",30.613609,35.184377,106.452001979238,1176,0,NA,NA,"no_red_alert",0.577777777777778,TRUE,2022,10296,"ספיר","SAPPIR",1,"יהודי",498,247,251,166,33,63,205,0,8.59527566628654,57.938804912717,0,NA
1182,2009,"אלוןהגליל","אלון הגליל",32.7570006,35.220052,145.839999740331,1182,0,NA,NA,"no_red_alert",0.742105263157895,FALSE,2009,NA,NA,NA,NA,NA,NA,NA,NA,NA,NA,NA,NA,NA,NA,NA,NA,NA
1182,2013,"אלוןהגליל","אלון הגליל",32.7570006,35.220052,145.839999740331,1182,0,NA,NA,"no_red_alert",0.769578313253012,FALSE,2013,10365,"אלון הגליל","ALLON HAGALIL",1,"יהודי",930,480,450,220,100,180,410,20,0.469181629631772,1982.17479386372,0.021505376344086,62
1182,2015,"אלוןהגליל","אלון הגליל",32.7570006,35.220052,145.839999740331,1182,0,NA,NA,"no_red_alert",0.787749287749288,TRUE,2015,10369,"אלון הגליל","ALLON HAGALIL",1,"יהודי",1000,520,490,240,110,190,440,20,0.469181629631772,2131.37074609002,0.02,58
1182,2019,"אלוןהגליל","אלון הגליל",32.7570006,35.220052,145.839999740331,1182,0,NA,NA,"no_red_alert",0.774154589371981,TRUE,2019.4,10376,"אלון הגליל","ALLON HAGALIL",1,"יהודי",1118,569,549,279,109,180,502,0,0.469181629631772,2382.87249412864,0,NA
1182,2019,"אלוןהגליל","אלון הגליל",32.7570006,35.220052,145.839999740331,1182,0,NA,NA,"no_red_alert",0.805555555555556,TRUE,2019,10376,"אלון הגליל","ALLON HAGALIL",1,"יהודי",1118,569,549,279,109,180,502,0,0.469181629631772,2382.87249412864,0,NA
1182,2020,"אלוןהגליל","אלון הגליל",32.7570006,35.220052,145.839999740331,1182,0,NA,NA,"no_red_alert",0.741545893719807,TRUE,2020,10374,"אלון הגליל","ALLON HAGALIL",1,"יהודי",1147,587,546,290,112,176,504,0,0.469181629631772,2444.68224576525,0,NA
1182,2021,"אלוןהגליל","אלון הגליל",32.7570006,35.220052,145.839999740331,1182,0,NA,NA,"no_red_alert",0.769411764705882,TRUE,2021,10373,"אלון הגליל","ALLON HAGALIL",1,"יהודי",1131,582,549,282,102,173,497,0,0.469181629631772,2410.58031382781,0,NA
1182,2022,"אלוןהגליל","אלון הגליל",32.7570006,35.220052,145.839999740331,1182,0,NA,NA,"no_red_alert",0.707514450867052,TRUE,2022,10366,"אלון הגליל","ALLON HAGALIL",1,"יהודי",1135,578,557,278,104,155,502,0,0.469181629631772,2419.10579681217,0,NA
1186,2009,"הושעיה","הושעיה",32.7583735,35.29276,149.205877916098,1186,1,6,1,"temporal_distance == 6",0.794341675734494,FALSE,2009,NA,NA,NA,NA,NA,NA,NA,NA,NA,NA,NA,NA,NA,NA,NA,NA,NA
1186,2013,"הושעיה","הושעיה",32.7583735,35.29276,149.205877916098,1186,1,6,1,"temporal_distance == 6",0.820603907637655,FALSE,2013,10425,"הושעיה","HOSHA'AYA",1,"יהודי",1900,940,950,720,190,270,690,40,0.693877592789261,2738.23512928606,0.0210526315789474,58
1186,2015,"הושעיה","הושעיה",32.7583735,35.29276,149.205877916098,1186,1,6,1,"temporal_distance == 6",0.778333333333333,TRUE,2015,10429,"הושעיה","HOSHA'AYA",1,"יהודי",1930,980,950,670,220,280,710,50,0.693877592789261,2781.4704208011,0.0259067357512953,52
1186,2019,"הושעיה","הושעיה",32.7583735,35.29276,149.205877916098,1186,1,6,1,"temporal_distance == 6",0.811194029850746,TRUE,2019,10427,"הושעיה","HOSHA'AYA",1,"יהודי",2051,1021,1031,675,206,335,740,0,0.693877592789261,2955.85276324511,0,NA
1186,2019,"הושעיה","הושעיה",32.7583735,35.29276,149.205877916098,1186,1,6,1,"temporal_distance == 6",0.786084381939304,TRUE,2019.4,10427,"הושעיה","HOSHA'AYA",1,"יהודי",2051,1021,1031,675,206,335,740,0,0.693877592789261,2955.85276324511,0,NA
1186,2020,"הושעיה","הושעיה",32.7583735,35.29276,149.205877916098,1186,1,6,1,"temporal_distance == 6",0.758369723435226,TRUE,2020,10417,"הושעיה","HOSHA'AYA",1,"יהודי",2095,1045,1043,660,198,364,756,117,0.693877592789261,3019.26452413384,0.0558472553699284,NA
1186,2021,"הושעיה","הושעיה",32.7583735,35.29276,149.205877916098,1186,1,6,1,"temporal_distance == 6",0.75561797752809,TRUE,2021,10419,"הושעיה","HOSHA'AYA",1,"יהודי",2092,1037,1054,645,194,361,751,138,0.693877592789261,3014.94099498233,0.0659655831739962,NA
1186,2022,"הושעיה","הושעיה",32.7583735,35.29276,149.205877916098,1186,1,6,1,"temporal_distance == 6",0.722567287784679,TRUE,2022,10422,"הושעיה","HOSHA'AYA",1,"יהודי",2057,1024,1032,606,193,360,749,148,0.693877592789261,2964.49982154812,0.0719494409333982,NA
1197,2009,"נאותסמדר","נאות סמדר",30.0503765,35.0337285,98.6501706846034,10053,0,NA,NA,"no_red_alert",0.567857142857143,FALSE,2009,NA,NA,NA,NA,NA,NA,NA,NA,NA,NA,NA,NA,NA,NA,NA,NA,NA
1197,2013,"נאותסמדר","נאות סמדר",30.0503765,35.0337285,98.6501706846034,10053,0,NA,NA,"no_red_alert",0.618122977346278,FALSE,2013,10523,"נאות סמדר","NE'OT SMADAR",1,"יהודי",200,90,110,40,20,40,100,10,0.310050719893206,645.055751100621,0.05,12
1197,2015,"נאותסמדר","נאות סמדר",30.0503765,35.0337285,98.6501706846034,10053,0,NA,NA,"no_red_alert",0.603603603603604,TRUE,2015,10527,"נאות סמדר","NE'OT SMADAR",1,"יהודי",210,100,110,40,20,50,100,10,0.310050719893206,677.308538655652,0.0476190476190476,8
1197,2019,"נאותסמדר","נאות סמדר",30.0503765,35.0337285,98.6501706846034,10053,0,NA,NA,"no_red_alert",0.609195402298851,TRUE,2019.4,10532,"נאות סמדר","NE'OT SMADAR",1,"יהודי",227,112,115,49,9,35,0,0,0.310050719893206,732.138277499205,0,NA
1197,2019,"נאותסמדר","נאות סמדר",30.0503765,35.0337285,98.6501706846034,10053,0,NA,NA,"no_red_alert",0.58984375,TRUE,2019,10532,"נאות סמדר","NE'OT SMADAR",1,"יהודי",227,112,115,49,9,35,0,0,0.310050719893206,732.138277499205,0,NA
1197,2020,"נאותסמדר","נאות סמדר",30.0503765,35.0337285,98.6501706846034,10053,0,NA,NA,"no_red_alert",0.576923076923077,TRUE,2020,10528,"נאות סמדר","NE'OT SMADAR",1,"יהודי",227,114,108,52,8,31,0,0,0.310050719893206,732.138277499205,0,NA
1197,2021,"נאותסמדר","נאות סמדר",30.0503765,35.0337285,98.6501706846034,10053,0,NA,NA,"no_red_alert",0.610687022900763,TRUE,2021,10529,"נאות סמדר","NE'OT SMADAR",1,"יהודי",227,114,113,45,11,33,114,0,0.310050719893206,732.138277499205,0,NA
1197,2022,"נאותסמדר","נאות סמדר",30.0503765,35.0337285,98.6501706846034,10053,0,NA,NA,"no_red_alert",0.578358208955224,TRUE,2022,10521,"נאות סמדר","NE'OT SMADAR",1,"יהודי",233,117,116,50,10,31,118,0,0.310050719893206,751.489950032224,0,NA
1199,2009,"עדי","עדי",32.7828161,35.1740971,146.378060438139,1199,0,NA,NA,"no_red_alert",0.787028921998247,FALSE,2009,NA,NA,NA,NA,NA,NA,NA,NA,NA,NA,NA,NA,NA,NA,NA,NA,NA
1199,2013,"עדי","עדי",32.7828161,35.1740971,146.378060438139,1199,0,NA,NA,"no_red_alert",0.745440126883426,FALSE,2013,10546,"עדי","ADI",1,"יהודי",1730,880,850,400,180,300,740,120,0.899062772090924,1924.22604261167,0.069364161849711,58
1199,2015,"עדי","עדי",32.7828161,35.1740971,146.378060438139,1199,0,NA,NA,"no_red_alert",0.802670623145401,TRUE,2015,10548,"עדי","ADI",1,"יהודי",1860,940,920,450,180,290,800,150,0.899062772090924,2068.82106315475,0.0806451612903226,60
1199,2019,"עדי","עדי",32.7828161,35.1740971,146.378060438139,1199,0,NA,NA,"no_red_alert",0.77079107505071,TRUE,2019,10551,"עדי","ADI",1,"יהודי",1910,989,921,437,168,299,807,199,0.899062772090924,2124.43453259439,0.104188481675393,NA
1199,2019,"עדי","עדי",32.7828161,35.1740971,146.378060438139,1199,0,NA,NA,"no_red_alert",0.757046979865772,TRUE,2019.4,10551,"עדי","ADI",1,"יהודי",1910,989,921,437,168,299,807,199,0.899062772090924,2124.43453259439,0.104188481675393,NA
1199,2020,"עדי","עדי",32.7828161,35.1740971,146.378060438139,1199,0,NA,NA,"no_red_alert",0.744466800804829,TRUE,2020,10553,"עדי","ADI",1,"יהודי",1858,963,891,413,159,290,789,207,0.899062772090924,2066.59652437716,0.111410118406889,NA
1199,2021,"עדי","עדי",32.7828161,35.1740971,146.378060438139,1199,0,NA,NA,"no_red_alert",0.764189189189189,TRUE,2021,10558,"עדי","ADI",1,"יהודי",1867,964,903,410,151,283,808,214,0.899062772090924,2076.6069488763,0.114622388859132,NA
1199,2022,"עדי","עדי",32.7828161,35.1740971,146.378060438139,1199,0,NA,NA,"no_red_alert",0.735059760956175,TRUE,2022,10549,"עדי","ADI",1,"יהודי",1892,971,921,418,153,285,809,228,0.899062772090924,2104.41368359612,0.120507399577167,NA
1224,2009,"כוכביאיר","כוכב יאיר",32.2201335,34.9950665,83.733911120111,1224,1,227,10,"temporal_distance > 200",0.750564784053156,FALSE,2009,NA,NA,NA,NA,NA,NA,NA,NA,NA,NA,NA,NA,NA,NA,NA,NA,NA
1224,2013,"כוכביאיר","כוכב יאיר",32.2201335,34.9950665,83.733911120111,1224,1,227,10,"temporal_distance > 200",0.781820552947314,FALSE,2013,10820,"כוכב יאיר","KOKHAV YA'IR",1,"יהודי",9200,4630,4590,1950,1000,1490,4090,660,3.04666359600624,3019.69669774501,0.0717391304347826,62.5
1224,2015,"כוכביאיר","כוכב יאיר",32.2201335,34.9950665,83.733911120111,1224,1,227,10,"temporal_distance > 200",0.78343621399177,TRUE,2015,10821,"כוכב יאיר","KOKHAV YA'IR",1,"יהודי",9050,4550,4520,1860,930,1490,3930,840,3.04666359600624,2970.46251245569,0.0928176795580111,60.75
1224,2019,"כוכביאיר","כוכב יאיר",32.2201335,34.9950665,83.733911120111,1224,1,227,10,"temporal_distance > 200",0.752875791650511,TRUE,2019.4,10825,"כוכב יאיר","KOKHAV YA'IR",1,"יהודי",8703,4360,4341,1720,734,1406,3717,1124,3.04666359600624,2856.5674304864,0.129150867516948,NA
1224,2019,"כוכביאיר","כוכב יאיר",32.2201335,34.9950665,83.733911120111,1224,1,227,10,"temporal_distance > 200",0.776157915107728,TRUE,2019,10825,"כוכב יאיר","KOKHAV YA'IR",1,"יהודי",8703,4360,4341,1720,734,1406,3717,1124,3.04666359600624,2856.5674304864,0.129150867516948,NA
1224,2020,"כוכביאיר","כוכב יאיר",32.2201335,34.9950665,83.733911120111,1224,1,227,10,"temporal_distance > 200",0.749707906010645,TRUE,2020,10829,"כוכב יאיר","KOKHAV YA'IR",1,"יהודי",8736,4401,4323,1775,712,1355,3708,1186,3.04666359600624,2867.39895125005,0.135760073260073,NA
1224,2021,"כוכביאיר","כוכב יאיר",32.2201335,34.9950665,83.733911120111,1224,1,227,10,"temporal_distance > 200",0.753033823909114,TRUE,2021,10832,"כוכב יאיר","KOKHAV YA'IR",1,"יהודי",8948,4511,4438,1900,721,1279,3782,1268,3.04666359600624,2936.98326645896,0.141707644166294,NA
1224,2022,"כוכביאיר","כוכב יאיר",32.2201335,34.9950665,83.733911120111,1224,1,227,10,"temporal_distance > 200",0.729850555626517,TRUE,2022,10822,"כוכב יאיר","KOKHAV YA'IR",1,"יהודי",8976,4529,4447,1911,697,1242,3781,1346,3.04666359600624,2946.17364771296,0.149955436720143,NA
1236,2009,"נירית","נירית",32.1457201,34.9842675,76.6021517132812,1236,1,227,3,"temporal_distance > 200",0.797738693467337,FALSE,2009,NA,NA,NA,NA,NA,NA,NA,NA,NA,NA,NA,NA,NA,NA,NA,NA,NA
1236,2013,"נירית","נירית",32.1457201,34.9842675,76.6021517132812,1236,1,227,3,"temporal_distance > 200",0.829968119022317,FALSE,2013,10972,"נירית","NIRIT",1,"יהודי",1210,600,620,290,110,200,580,20,0.331434882568972,3650.79254971962,0.0165289256198347,63
1236,2015,"נירית","נירית",32.1457201,34.9842675,76.6021517132812,1236,1,227,3,"temporal_distance > 200",0.816455696202532,TRUE,2015,10975,"נירית","NIRIT",1,"יהודי",1170,580,590,270,110,190,560,50,0.331434882568972,3530.1051927041,0.0427350427350427,60.25
1236,2019,"נירית","נירית",32.1457201,34.9842675,76.6021517132812,1236,1,227,3,"temporal_distance > 200",0.744324970131422,TRUE,2019.4,10969,"נירית","NIRIT",1,"יהודי",926,469,457,140,90,151,429,0,0.331434882568972,2793.9123149094,0,NA
1236,2019,"נירית","נירית",32.1457201,34.9842675,76.6021517132812,1236,1,227,3,"temporal_distance > 200",0.798765432098765,TRUE,2019,10969,"נירית","NIRIT",1,"יהודי",926,469,457,140,90,151,429,0,0.331434882568972,2793.9123149094,0,NA
1236,2020,"נירית","נירית",32.1457201,34.9842675,76.6021517132812,1236,1,227,3,"temporal_distance > 200",0.771531100478469,TRUE,2020,10970,"נירית","NIRIT",1,"יהודי",938,471,461,146,83,151,422,0,0.331434882568972,2830.11852201405,0,NA
1236,2021,"נירית","נירית",32.1457201,34.9842675,76.6021517132812,1236,1,227,3,"temporal_distance > 200",0.770857814336075,TRUE,2021,10963,"נירית","NIRIT",1,"יהודי",952,487,466,149,77,151,422,0,0.331434882568972,2872.35909696949,0,NA
1236,2022,"נירית","נירית",32.1457201,34.9842675,76.6021517132812,1236,1,227,3,"temporal_distance > 200",0.727891156462585,TRUE,2022,10973,"נירית","NIRIT",1,"יהודי",962,490,472,148,82,143,421,0,0.331434882568972,2902.53093622337,0,NA
1243,2009,"קציר","קציר",32.4843709,35.106577,108.388837001877,1247,0,NA,NA,"no_red_alert",NA,FALSE,2009,NA,NA,NA,NA,NA,NA,NA,NA,NA,NA,NA,NA,NA,NA,NA,NA,NA
1243,2013,"קציר","קציר",32.4843709,35.106577,108.388837001877,1247,0,NA,NA,"no_red_alert",0.695676274944568,FALSE,2013,NA,NA,NA,NA,NA,NA,NA,NA,NA,NA,NA,NA,NA,NA,NA,NA,NA
1243,2015,"קציר","קציר",32.4843709,35.106577,108.388837001877,1247,0,NA,NA,"no_red_alert",0.705702647657841,TRUE,2015,11056,"קציר                ","QAZIR",1,"יהודי",2780,1370,1400,740,270,340,1240,190,NA,NA,0.0683453237410072,NA
1243,2019,"קציר","קציר",32.4843709,35.106577,108.388837001877,1247,0,NA,NA,"no_red_alert",0.707895937927887,TRUE,2019,11061,"קציר","QAZIR               ",1,"יהודי",2884,1425,1458,714,256,391,1301,222,NA,NA,0.0769764216366158,NA
1243,2019,"קציר","קציר",32.4843709,35.106577,108.388837001877,1247,0,NA,NA,"no_red_alert",0.698741007194245,TRUE,2019.4,11061,"קציר","QAZIR               ",1,"יהודי",2884,1425,1458,714,256,391,1301,222,NA,NA,0.0769764216366158,NA
1243,2020,"קציר","קציר",32.4843709,35.106577,108.388837001877,1247,0,NA,NA,"no_red_alert",0.676616915422886,TRUE,2020,11059,"קציר","QAZIR               ",1,"יהודי",2951,1451,1499,757,237,394,1344,219,NA,NA,0.074212131480854,NA
1243,2021,"קציר","קציר",32.4843709,35.106577,108.388837001877,1247,0,NA,NA,"no_red_alert",0.672687224669604,TRUE,2021,11054,"קציר","QAZIR               ",1,"יהודי",2933,1436,1497,734,216,392,1342,249,NA,NA,0.0848960109103307,NA
1243,2022,"קציר","קציר",32.4843709,35.106577,108.388837001877,1247,0,NA,NA,"no_red_alert",0.646753246753247,TRUE,2022,11057,"קציר","QAZIR               ",1,"יהודי",2944,1443,1501,726,211,388,1357,262,NA,NA,0.0889945652173913,NA
1244,2009,"תמרת","תמרת",32.7030339,35.224277,140.752941995203,1244,1,6,1,"temporal_distance == 6",0.743775100401606,FALSE,2009,NA,NA,NA,NA,NA,NA,NA,NA,NA,NA,NA,NA,NA,NA,NA,NA,NA
1244,2013,"תמרת","תמרת",32.7030339,35.224277,140.752941995203,1244,1,6,1,"temporal_distance == 6",0.777227722772277,FALSE,2013,11064,"תמרת","TIMRAT",1,"יהודי",1330,660,660,220,110,230,630,140,0.596228701676364,2230.68764764352,0.105263157894737,62.8333333333333
1244,2015,"תמרת","תמרת",32.7030339,35.224277,140.752941995203,1244,1,6,1,"temporal_distance == 6",0.8003314001657,TRUE,2015,11070,"תמרת","TIMRAT",1,"יהודי",1330,670,660,230,100,200,610,190,0.596228701676364,2230.68764764352,0.142857142857143,58.5
1244,2019,"תמרת","תמרת",32.7030339,35.224277,140.752941995203,1244,1,6,1,"temporal_distance == 6",0.760135135135135,TRUE,2019.4,11062,"תמרת","TIMRAT",1,"יהודי",1292,633,659,267,61,172,513,280,0.596228701676364,2166.95371485371,0.21671826625387,NA
1244,2019,"תמרת","תמרת",32.7030339,35.224277,140.752941995203,1244,1,6,1,"temporal_distance == 6",0.800167926112511,TRUE,2019,11062,"תמרת","TIMRAT",1,"יהודי",1292,633,659,267,61,172,513,280,0.596228701676364,2166.95371485371,0.21671826625387,NA
1244,2020,"תמרת","תמרת",32.7030339,35.224277,140.752941995203,1244,1,6,1,"temporal_distance == 6",0.768041237113402,TRUE,2020,11073,"תמרת","TIMRAT",1,"יהודי",1275,625,651,264,65,161,495,290,0.596228701676364,2138.44116597405,0.227450980392157,NA
1244,2021,"תמרת","תמרת",32.7030339,35.224277,140.752941995203,1244,1,6,1,"temporal_distance == 6",0.780550774526678,TRUE,2021,11068,"תמרת","TIMRAT",1,"יהודי",1256,616,640,261,65,136,486,310,0.596228701676364,2106.57419957914,0.246815286624204,NA
1244,2022,"תמרת","תמרת",32.7030339,35.224277,140.752941995203,1244,1,6,1,"temporal_distance == 6",0.734536082474227,TRUE,2022,11071,"תמרת","TIMRAT",1,"יהודי",1291,632,658,288,55,127,492,326,0.596228701676364,2165.27650609608,0.252517428350116,NA
1247,2009,"חריש","חריש",32.4610003,35.0567529,108.388837001877,1247,0,NA,NA,"no_red_alert",0.679447168970129,FALSE,2009,NA,NA,NA,NA,NA,NA,NA,NA,NA,NA,NA,NA,NA,NA,NA,NA,NA
1247,2013,"חריש","חריש",32.4610003,35.0567529,108.388837001877,1247,0,NA,NA,"no_red_alert",0.697231833910035,FALSE,2013,11107,"חריש","HARISH",1,"יהודי",1000,490,510,430,40,120,370,40,9.53428316116843,104.8846549967,0.04,53.1666666666667
1247,2015,"חריש","חריש",32.4610003,35.0567529,108.388837001877,1247,0,NA,NA,"no_red_alert",0.687086092715232,TRUE,2015,11112,"חריש","HARISH",1,"יהודי",970,490,480,430,40,80,370,50,9.53428316116843,101.738115346799,0.0515463917525773,55.8333333333333
1247,2019,"חריש","חריש",32.4610003,35.0567529,108.388837001877,1247,0,NA,NA,"no_red_alert",0.746564619933902,TRUE,2019.4,11111,"חריש","HARISH",1,"יהודי",13232,6513,6719,6066,373,1395,4982,415,9.53428316116843,1387.83375491634,0.031363361547763,NA
1247,2019,"חריש","חריש",32.4610003,35.0567529,108.388837001877,1247,0,NA,NA,"no_red_alert",0.746807573756055,TRUE,2019,11111,"חריש","HARISH",1,"יהודי",13232,6513,6719,6066,373,1395,4982,415,9.53428316116843,1387.83375491634,0.031363361547763,NA
1247,2020,"חריש","חריש",32.4610003,35.0567529,108.388837001877,1247,0,NA,NA,"no_red_alert",0.725840483893656,TRUE,2020,11105,"חריש","HARISH",1,"יהודי",19567,9697,9871,8781,587,2081,7457,661,9.53428316116843,2052.27804432043,0.0337813665865999,NA
1247,2021,"חריש","חריש",32.4610003,35.0567529,108.388837001877,1247,0,NA,NA,"no_red_alert",0.67895798935975,TRUE,2021,11110,"חריש","HARISH",1,"יהודי",27006,13393,13613,11945,863,3009,10178,1009,9.53428316116843,2832.51499284089,0.0373620676886618,NA
1247,2022,"חריש","חריש",32.4610003,35.0567529,108.388837001877,1247,0,NA,NA,"no_red_alert",0.713996178122647,TRUE,2022,11106,"חריש","HARISH",1,"יהודי",33380,16543,16837,14507,1206,3548,12676,1442,9.53428316116843,3501.04978378986,0.0431995206710605,NA
1249,2009,"הרדוף","הרדוף",32.7634985,35.1734815,144.308928325406,1249,0,NA,NA,"no_red_alert",0.748148148148148,FALSE,2009,NA,NA,NA,NA,NA,NA,NA,NA,NA,NA,NA,NA,NA,NA,NA,NA,NA
1249,2013,"הרדוף","הרדוף",32.7634985,35.1734815,144.308928325406,1249,0,NA,NA,"no_red_alert",0.810725552050473,FALSE,2013,11133,"הרדוף","HARDUF",1,"יהודי",1040,500,540,320,120,140,460,10,1.03852221168029,1001.42297228031,0.00961538461538462,59
1249,2015,"הרדוף","הרדוף",32.7634985,35.1734815,144.308928325406,1249,0,NA,NA,"no_red_alert",0.811111111111111,TRUE,2015,11135,"הרדוף","HARDUF",1,"יהודי",1030,510,520,320,120,120,470,10,1.03852221168029,991.793905239156,0.00970873786407767,54
1249,2019,"הרדוף","הרדוף",32.7634985,35.1734815,144.308928325406,1249,0,NA,NA,"no_red_alert",0.781553398058252,TRUE,2019.4,11132,"הרדוף","HARDUF",1,"יהודי",1095,537,558,297,137,149,489,0,1.03852221168029,1054.38284100668,0,NA
1249,2019,"הרדוף","הרדוף",32.7634985,35.1734815,144.308928325406,1249,0,NA,NA,"no_red_alert",0.83046683046683,TRUE,2019,11132,"הרדוף","HARDUF",1,"יהודי",1095,537,558,297,137,149,489,0,1.03852221168029,1054.38284100668,0,NA
1249,2020,"הרדוף","הרדוף",32.7634985,35.1734815,144.308928325406,1249,0,NA,NA,"no_red_alert",0.775308641975309,TRUE,2020,11131,"הרדוף","HARDUF",1,"יהודי",1106,535,563,298,131,160,488,0,1.03852221168029,1064.97481475195,0,NA
1249,2021,"הרדוף","הרדוף",32.7634985,35.1734815,144.308928325406,1249,0,NA,NA,"no_red_alert",0.768321513002364,TRUE,2021,11139,"הרדוף","HARDUF",1,"יהודי",1117,553,564,282,145,159,489,0,1.03852221168029,1075.56678849722,0,NA
1249,2022,"הרדוף","הרדוף",32.7634985,35.1734815,144.308928325406,1249,0,NA,NA,"no_red_alert",0.686666666666667,TRUE,2022,11129,"הרדוף","HARDUF",1,"יהודי",1131,564,566,292,134,159,494,0,1.03852221168029,1089.04748235484,0,NA
1251,2009,"עיןתמר","עין תמר",30.943102,35.3708605,95.9839451056235,1124,0,NA,NA,"no_red_alert",0.678260869565217,FALSE,2009,NA,NA,NA,NA,NA,NA,NA,NA,NA,NA,NA,NA,NA,NA,NA,NA,NA
1251,2013,"עיןתמר","עין תמר",30.943102,35.3708605,95.9839451056235,1124,0,NA,NA,"no_red_alert",0.774193548387097,FALSE,2013,11147,"עין תמר","EN TAMAR",1,"יהודי",180,90,90,40,10,30,90,0,0.248143392029295,725.387037422096,0,23
1251,2015,"עיןתמר","עין תמר",30.943102,35.3708605,95.9839451056235,1124,0,NA,NA,"no_red_alert",0.75,TRUE,2015,11152,"עין תמר","EN TAMAR",1,"יהודי",190,100,90,50,10,30,90,0,0.248143392029295,765.686317278879,0,13
1251,2019,"עיןתמר","עין תמר",30.943102,35.3708605,95.9839451056235,1124,0,NA,NA,"no_red_alert",0.657342657342657,TRUE,2019,11143,"עין תמר","EN TAMAR",1,"יהודי",195,105,89,55,8,27,96,0,0.248143392029295,785.83595720727,0,NA
1251,2019,"עיןתמר","עין תמר",30.943102,35.3708605,95.9839451056235,1124,0,NA,NA,"no_red_alert",0.548611111111111,TRUE,2019.4,11143,"עין תמר","EN TAMAR",1,"יהודי",195,105,89,55,8,27,96,0,0.248143392029295,785.83595720727,0,NA
1251,2020,"עיןתמר","עין תמר",30.943102,35.3708605,95.9839451056235,1124,0,NA,NA,"no_red_alert",0.646258503401361,TRUE,2020,11146,"עין תמר","EN TAMAR",1,"יהודי",197,103,84,55,9,24,96,0,0.248143392029295,793.895813178627,0,NA
1251,2021,"עיןתמר","עין תמר",30.943102,35.3708605,95.9839451056235,1124,0,NA,NA,"no_red_alert",0.648648648648649,TRUE,2021,11149,"עין תמר","EN TAMAR",1,"יהודי",197,101,97,51,12,22,95,0,0.248143392029295,793.895813178627,0,NA
1251,2022,"עיןתמר","עין תמר",30.943102,35.3708605,95.9839451056235,1124,0,NA,NA,"no_red_alert",0.620253164556962,TRUE,2022,11140,"עין תמר","EN TAMAR",1,"יהודי",202,103,99,49,16,18,95,0,0.248143392029295,814.045453107018,0,NA
1257,2009,"חנתון","חנתון",32.7838055,35.2448986,149.134759206322,1257,0,NA,NA,"no_red_alert",0.676923076923077,FALSE,2009,NA,NA,NA,NA,NA,NA,NA,NA,NA,NA,NA,NA,NA,NA,NA,NA,NA
1257,2013,"חנתון","חנתון",32.7838055,35.2448986,149.134759206322,1257,0,NA,NA,"no_red_alert",0.775910364145658,FALSE,2013,11230,"חנתון","HANNATON",1,"יהודי",720,360,360,310,30,50,320,20,1.0193823388824,706.310059078883,0.0277777777777778,61
1257,2015,"חנתון","חנתון",32.7838055,35.2448986,149.134759206322,1257,0,NA,NA,"no_red_alert",0.787735849056604,TRUE,2015,11222,"חנתון","HANNATON",1,"יהודי",790,390,400,330,40,40,350,30,1.0193823388824,774.979092600441,0.0379746835443038,57
1257,2019,"חנתון","חנתון",32.7838055,35.2448986,149.134759206322,1257,0,NA,NA,"no_red_alert",0.755769230769231,TRUE,2019,11219,"חנתון","HANNATON",1,"יהודי",983,500,483,402,103,64,376,0,1.0193823388824,964.309427881308,0,NA
1257,2019,"חנתון","חנתון",32.7838055,35.2448986,149.134759206322,1257,0,NA,NA,"no_red_alert",0.758034026465028,TRUE,2019.4,11219,"חנתון","HANNATON",1,"יהודי",983,500,483,402,103,64,376,0,1.0193823388824,964.309427881308,0,NA
1257,2020,"חנתון","חנתון",32.7838055,35.2448986,149.134759206322,1257,0,NA,NA,"no_red_alert",0.755639097744361,TRUE,2020,11220,"חנתון","HANNATON",1,"יהודי",992,504,483,387,130,61,377,0,1.0193823388824,973.138303619794,0,NA
1257,2021,"חנתון","חנתון",32.7838055,35.2448986,149.134759206322,1257,0,NA,NA,"no_red_alert",0.747680890538033,TRUE,2021,11218,"חנתון","HANNATON",1,"יהודי",1007,512,495,382,122,88,375,0,1.0193823388824,987.853096517271,0,NA
1257,2022,"חנתון","חנתון",32.7838055,35.2448986,149.134759206322,1257,0,NA,NA,"no_red_alert",0.740143369175627,TRUE,2022,11221,"חנתון","HANNATON",1,"יהודי",1008,516,492,366,142,81,375,0,1.0193823388824,988.834082710436,0,NA
1262,2009,"צוקים","צוקים",30.490597,35.166329,115.928012982187,1262,0,NA,NA,"no_red_alert",NA,FALSE,2009,NA,NA,NA,NA,NA,NA,NA,NA,NA,NA,NA,NA,NA,NA,NA,NA,NA
1262,2013,"צוקים","צוקים",30.490597,35.166329,115.928012982187,1262,0,NA,NA,"no_red_alert",0.869158878504673,FALSE,2013,11285,"צוקים","ZUQIM",1,"יהודי",220,110,110,100,10,10,100,0,2.54823089273188,86.3344058136525,0,11
1262,2015,"צוקים","צוקים",30.490597,35.166329,115.928012982187,1262,0,NA,NA,"no_red_alert",0.792592592592593,TRUE,2015,11291,"צוקים","ZUQIM",1,"יהודי",290,140,150,120,10,20,130,10,2.54823089273188,113.804444027087,0.0344827586206897,9.25
1262,2019,"צוקים","צוקים",30.490597,35.166329,115.928012982187,1262,0,NA,NA,"no_red_alert",0.730337078651685,TRUE,2019.4,11287,"צוקים","ZUQIM",1,"יהודי",344,164,180,135,24,17,160,0,2.54823089273188,134.995616363166,0,NA
1262,2019,"צוקים","צוקים",30.490597,35.166329,115.928012982187,1262,0,NA,NA,"no_red_alert",0.76536312849162,TRUE,2019,11287,"צוקים","ZUQIM",1,"יהודי",344,164,180,135,24,17,160,0,2.54823089273188,134.995616363166,0,NA
1262,2020,"צוקים","צוקים",30.490597,35.166329,115.928012982187,1262,0,NA,NA,"no_red_alert",0.726315789473684,TRUE,2020,11289,"צוקים","ZUQIM",1,"יהודי",341,161,176,124,26,22,160,0,2.54823089273188,133.818329011161,0,NA
1262,2021,"צוקים","צוקים",30.490597,35.166329,115.928012982187,1262,0,NA,NA,"no_red_alert",0.665024630541872,TRUE,2021,11293,"צוקים","ZUQIM",1,"יהודי",346,167,179,114,36,22,161,0,2.54823089273188,135.780474597835,0,NA
1262,2022,"צוקים","צוקים",30.490597,35.166329,115.928012982187,1262,0,NA,NA,"no_red_alert",0.59009009009009,TRUE,2022,11290,"צוקים","ZUQIM",1,"יהודי",372,185,188,119,37,27,175,0,2.54823089273188,145.98363164854,0,NA
1274,2009,"גןנר","גן נר",32.530634,35.33543,130.003292629796,1274,1,6,1,"temporal_distance == 6",0.689283449587825,FALSE,2009,NA,NA,NA,NA,NA,NA,NA,NA,NA,NA,NA,NA,NA,NA,NA,NA,NA
1274,2013,"גןנר","גן נר",32.530634,35.33543,130.003292629796,1274,1,6,1,"temporal_distance == 6",0.695551704217215,FALSE,2013,11406,"גן נר","GAN NER",1,"יהודי",2600,1290,1310,720,300,390,1100,80,1.15011946204141,2260.63473040019,0.0307692307692308,40
1274,2015,"גןנר","גן נר",32.530634,35.33543,130.003292629796,1274,1,6,1,"temporal_distance == 6",0.742751713231418,TRUE,2015,11407,"גן נר","GAN NER",1,"יהודי",2640,1310,1340,650,320,440,1130,100,1.15011946204141,2295.4137262525,0.0378787878787879,42
1274,2019,"גןנר","גן נר",32.530634,35.33543,130.003292629796,1274,1,6,1,"temporal_distance == 6",0.728136882129278,TRUE,2019,11412,"גן נר","GAN NER",1,"יהודי",2670,1345,1325,584,280,499,1145,162,1.15011946204141,2321.49797314173,0.0606741573033708,NA
1274,2019,"גןנר","גן נר",32.530634,35.33543,130.003292629796,1274,1,6,1,"temporal_distance == 6",0.713200379867047,TRUE,2019.4,11412,"גן נר","GAN NER",1,"יהודי",2670,1345,1325,584,280,499,1145,162,1.15011946204141,2321.49797314173,0.0606741573033708,NA
1274,2020,"גןנר","גן נר",32.530634,35.33543,130.003292629796,1274,1,6,1,"temporal_distance == 6",0.710138029509757,TRUE,2020,11402,"גן נר","GAN NER",1,"יהודי",2710,1378,1333,576,261,516,1161,0,1.15011946204141,2356.27696899404,0,NA
1274,2021,"גןנר","גן נר",32.530634,35.33543,130.003292629796,1274,1,6,1,"temporal_distance == 6",0.687267657992565,TRUE,2021,11405,"גן נר","GAN NER",1,"יהודי",2671,1359,1313,551,248,508,1153,213,1.15011946204141,2322.36744803804,0.0797454137027331,NA
1274,2022,"גןנר","גן נר",32.530634,35.33543,130.003292629796,1274,1,6,1,"temporal_distance == 6",0.69880624426079,TRUE,2022,11404,"גן נר","GAN NER",1,"יהודי",2676,1351,1325,541,239,504,1148,245,1.15011946204141,2326.71482251958,0.0915545590433483,NA
1282,2009,"מירב","מירב",32.4521545,35.4224056,128.650931450148,1282,1,6,2,"temporal_distance == 6",0.885714285714286,FALSE,2009,NA,NA,NA,NA,NA,NA,NA,NA,NA,NA,NA,NA,NA,NA,NA,NA,NA
1282,2013,"מירב","מירב",32.4521545,35.4224056,128.650931450148,1282,1,6,2,"temporal_distance == 6",0.814229249011858,FALSE,2013,11489,"מירב","MERAV",1,"יהודי",620,320,300,320,60,60,180,0,0.893636532273434,693.794375687288,0,24
1282,2015,"מירב","מירב",32.4521545,35.4224056,128.650931450148,1282,1,6,2,"temporal_distance == 6",0.826229508196721,TRUE,2015,11485,"מירב","MERAV",1,"יהודי",670,340,330,330,60,70,200,10,0.893636532273434,749.745535016908,0.0149253731343284,29
1282,2019,"מירב","מירב",32.4521545,35.4224056,128.650931450148,1282,1,6,2,"temporal_distance == 6",0.831521739130435,TRUE,2019,11483,"מירב","MERAV",1,"יהודי",723,356,367,338,68,84,229,0,0.893636532273434,809.053763906305,0,NA
1282,2019,"מירב","מירב",32.4521545,35.4224056,128.650931450148,1282,1,6,2,"temporal_distance == 6",0.75197889182058,TRUE,2019.4,11483,"מירב","MERAV",1,"יהודי",723,356,367,338,68,84,229,0,0.893636532273434,809.053763906305,0,NA
1282,2020,"מירב","מירב",32.4521545,35.4224056,128.650931450148,1282,1,6,2,"temporal_distance == 6",0.771428571428571,TRUE,2020,11482,"מירב","MERAV",1,"יהודי",743,365,374,337,57,103,241,0,0.893636532273434,831.434227638153,0,NA
1282,2021,"מירב","מירב",32.4521545,35.4224056,128.650931450148,1282,1,6,2,"temporal_distance == 6",0.76046511627907,TRUE,2021,11487,"מירב","MERAV",1,"יהודי",744,368,376,331,63,102,243,0,0.893636532273434,832.553250824745,0,NA
1282,2022,"מירב","מירב",32.4521545,35.4224056,128.650931450148,1282,1,6,2,"temporal_distance == 6",0.740343347639485,TRUE,2022,11484,"מירב","MERAV",1,"יהודי",787,385,402,345,61,113,260,0,0.893636532273434,880.671247848218,0,NA
1283,2009,"תלתאומים","תל תאומים",32.4414475,35.497158,132.490735921635,1283,1,6,1,"temporal_distance == 6",0.599099099099099,FALSE,2009,NA,NA,NA,NA,NA,NA,NA,NA,NA,NA,NA,NA,NA,NA,NA,NA,NA
1283,2013,"תלתאומים","תל תאומים",32.4414475,35.497158,132.490735921635,1283,1,6,1,"temporal_distance == 6",0.661710037174721,FALSE,2013,11490,"תל תאומים","TEL TE'OMIM",1,"יהודי",450,220,230,110,40,110,180,10,0.772570662647987,582.470991660004,0.0222222222222222,41
1283,2015,"תלתאומים","תל תאומים",32.4414475,35.497158,132.490735921635,1283,1,6,1,"temporal_distance == 6",0.71864406779661,TRUE,2015,11496,"תל תאומים","TEL TE'OMIM",1,"יהודי",510,260,260,130,70,110,190,10,0.772570662647987,660.133790548005,0.0196078431372549,41
1283,2019,"תלתאומים","תל תאומים",32.4414475,35.497158,132.490735921635,1283,1,6,1,"temporal_distance == 6",0.751533742331288,TRUE,2019,11502,"תל תאומים","TEL TE'OMIM",1,"יהודי",575,286,288,203,22,96,231,0,0.772570662647987,744.268489343339,0,NA
1283,2019,"תלתאומים","תל תאומים",32.4414475,35.497158,132.490735921635,1283,1,6,1,"temporal_distance == 6",0.710365853658537,TRUE,2019.4,11502,"תל תאומים","TEL TE'OMIM",1,"יהודי",575,286,288,203,22,96,231,0,0.772570662647987,744.268489343339,0,NA
1283,2020,"תלתאומים","תל תאומים",32.4414475,35.497158,132.490735921635,1283,1,6,1,"temporal_distance == 6",0.750741839762611,TRUE,2020,11501,"תל תאומים","TEL TE'OMIM",1,"יהודי",607,303,302,222,20,92,245,0,0.772570662647987,785.688648750273,0,NA
1283,2021,"תלתאומים","תל תאומים",32.4414475,35.497158,132.490735921635,1283,1,6,1,"temporal_distance == 6",0.699708454810496,TRUE,2021,11492,"תל תאומים","TEL TE'OMIM",1,"יהודי",603,306,297,224,17,86,240,0,0.772570662647987,780.511128824406,0,NA
1283,2022,"תלתאומים","תל תאומים",32.4414475,35.497158,132.490735921635,1283,1,6,1,"temporal_distance == 6",0.779710144927536,TRUE,2022,11498,"תל תאומים","TEL TE'OMIM",1,"יהודי",628,316,312,236,26,75,243,0,0.772570662647987,812.870628361073,0,NA
1284,2009,"נופית","נופית",32.759421,35.144937,136.767322336434,10012,0,NA,NA,"no_red_alert",0.809892729439809,FALSE,2009,NA,NA,NA,NA,NA,NA,NA,NA,NA,NA,NA,NA,NA,NA,NA,NA,NA
1284,2013,"נופית","נופית",32.759421,35.144937,136.767322336434,10012,0,NA,NA,"no_red_alert",0.820140010770059,FALSE,2013,11505,"נופית","NOFIT",1,"יהודי",2740,1420,1330,760,280,350,1230,130,0.594029875477981,4612.5626220319,0.0474452554744526,62
1284,2015,"נופית","נופית",32.759421,35.144937,136.767322336434,10012,0,NA,NA,"no_red_alert",0.807172557172557,TRUE,2015,11512,"נופית","NOFIT",1,"יהודי",2730,1410,1310,690,300,360,1200,180,0.594029875477981,4595.7284518785,0.0659340659340659,53.6
1284,2019,"נופית","נופית",32.759421,35.144937,136.767322336434,10012,0,NA,NA,"no_red_alert",0.767453540934204,TRUE,2019,11511,"נופית","NOFIT",1,"יהודי",2689,1374,1315,582,305,399,1102,302,0.594029875477981,4526.70835424956,0.11230940870212,NA
1284,2019,"נופית","נופית",32.759421,35.144937,136.767322336434,10012,0,NA,NA,"no_red_alert",0.753486055776892,TRUE,2019.4,11511,"נופית","NOFIT",1,"יהודי",2689,1374,1315,582,305,399,1102,302,0.594029875477981,4526.70835424956,0.11230940870212,NA
1284,2020,"נופית","נופית",32.759421,35.144937,136.767322336434,10012,0,NA,NA,"no_red_alert",0.759368836291913,TRUE,2020,11507,"נופית","NOFIT",1,"יהודי",2598,1325,1272,525,292,405,1058,318,0.594029875477981,4373.51740585361,0.122401847575058,NA
1284,2021,"נופית","נופית",32.759421,35.144937,136.767322336434,10012,0,NA,NA,"no_red_alert",0.751984126984127,TRUE,2021,11515,"נופית","NOFIT",1,"יהודי",2551,1305,1246,488,274,418,1037,0,0.594029875477981,4294.39680613262,0,NA
1284,2022,"נופית","נופית",32.759421,35.144937,136.767322336434,10012,0,NA,NA,"no_red_alert",0.731262327416174,TRUE,2022,11509,"נופית","NOFIT",1,"יהודי",2546,1295,1250,468,281,424,1035,339,0.594029875477981,4285.97972105592,0.133150039277298,NA
1288,2009,"גבעתאלה","גבעת אלה",32.721788,35.241828,128.256614311215,10009,1,6,1,"temporal_distance == 6",0.701030927835051,FALSE,2009,NA,NA,NA,NA,NA,NA,NA,NA,NA,NA,NA,NA,NA,NA,NA,NA,NA
1288,2013,"גבעתאלה","גבעת אלה",32.721788,35.241828,128.256614311215,10009,1,6,1,"temporal_distance == 6",0.760165403170227,FALSE,2013,11565,"גבעת אלה","GIV'AT ELA",1,"יהודי",1790,880,900,340,160,380,850,60,0.599465621726552,2985.9927494166,0.0335195530726257,63
1288,2015,"גבעתאלה","גבעת אלה",32.721788,35.241828,128.256614311215,10009,1,6,1,"temporal_distance == 6",0.778128950695322,TRUE,2015,11566,"גבעת אלה","GIV'AT ELA",1,"יהודי",1910,950,960,410,130,350,920,110,0.599465621726552,3186.17103429369,0.0575916230366492,58
1288,2019,"גבעתאלה","גבעת אלה",32.721788,35.241828,128.256614311215,10009,1,6,1,"temporal_distance == 6",0.797172710510141,TRUE,2019,11558,"גבעת אלה","GIV'AT ELA",1,"יהודי",1964,992,972,495,113,255,864,238,0.599465621726552,3276.25126248838,0.121181262729124,NA
1288,2019,"גבעתאלה","גבעת אלה",32.721788,35.241828,128.256614311215,10009,1,6,1,"temporal_distance == 6",0.73955773955774,TRUE,2019.4,11558,"גבעת אלה","GIV'AT ELA",1,"יהודי",1964,992,972,495,113,255,864,238,0.599465621726552,3276.25126248838,0.121181262729124,NA
1288,2020,"גבעתאלה","גבעת אלה",32.721788,35.241828,128.256614311215,10009,1,6,1,"temporal_distance == 6",0.752795031055901,TRUE,2020,11561,"גבעת אלה","GIV'AT ELA",1,"יהודי",1937,975,954,484,121,221,838,273,0.599465621726552,3231.21114839104,0.140939597315436,NA
1288,2021,"גבעתאלה","גבעת אלה",32.721788,35.241828,128.256614311215,10009,1,6,1,"temporal_distance == 6",0.755,TRUE,2021,11556,"גבעת אלה","GIV'AT ELA",1,"יהודי",1887,945,942,456,124,208,786,312,0.599465621726552,3147.80352969225,0.165341812400636,NA
1288,2022,"גבעתאלה","גבעת אלה",32.721788,35.241828,128.256614311215,10009,1,6,1,"temporal_distance == 6",0.725590299936184,TRUE,2022,11560,"גבעת אלה","GIV'AT ELA",1,"יהודי",1896,944,952,456,135,201,765,339,0.599465621726552,3162.81690105803,0.17879746835443,NA
1290,2009,"זמר","זמר",32.3617605,35.0329664,97.6799590615801,1290,0,NA,NA,"no_red_alert",0.505385996409336,FALSE,2009,NA,NA,NA,NA,NA,NA,NA,NA,NA,NA,NA,NA,NA,NA,NA,NA,NA
1290,2013,"זמר","זמר",32.3617605,35.0329664,97.6799590615801,1290,0,NA,NA,"no_red_alert",0.55558468799161,FALSE,2013,11569,"זמר","ZEMER",2,"לא יהודי",6290,3170,3110,2000,660,1070,2220,340,8.16990382936273,769.898903508958,0.0540540540540541,60.5833333333333
1290,2015,"זמר","זמר",32.3617605,35.0329664,97.6799590615801,1290,0,NA,NA,"no_red_alert",0.631849315068493,TRUE,2015,11578,"זמר","ZEMER",2,"לא יהודי",6490,3290,3200,2030,680,1100,2320,370,8.16990382936273,794.378995830388,0.0570107858243451,57.1666666666667
1290,2019,"זמר","זמר",32.3617605,35.0329664,97.6799590615801,1290,0,NA,NA,"no_red_alert",0.450108459869848,TRUE,2019,11579,"זמר","ZEMER",2,"לא יהודי",7094,3587,3507,2137,686,1242,2606,423,8.16990382936273,868.308874641105,0.0596278545249507,NA
1290,2019,"זמר","זמר",32.3617605,35.0329664,97.6799590615801,1290,0,NA,NA,"no_red_alert",0.611467693624305,TRUE,2019.4,11579,"זמר","ZEMER",2,"לא יהודי",7094,3587,3507,2137,686,1242,2606,423,8.16990382936273,868.308874641105,0.0596278545249507,NA
1290,2020,"זמר","זמר",32.3617605,35.0329664,97.6799590615801,1290,0,NA,NA,"no_red_alert",0.685593220338983,TRUE,2020,11570,"זמר","ZEMER",2,"לא יהודי",7252,3673,3579,2162,681,1253,2699,457,8.16990382936273,887.648147575034,0.0630170987313844,NA
1290,2021,"זמר","זמר",32.3617605,35.0329664,97.6799590615801,1290,0,NA,NA,"no_red_alert",0.393708881578947,TRUE,2021,11571,"זמר","ZEMER",2,"לא יהודי",7360,3729,3630,2189,653,1268,2770,480,8.16990382936273,900.867397428606,0.0652173913043478,NA
1290,2022,"זמר","זמר",32.3617605,35.0329664,97.6799590615801,1290,0,NA,NA,"no_red_alert",0.564708217546645,TRUE,2022,11580,"זמר","ZEMER",2,"לא יהודי",7457,3777,3680,2204,648,1279,2821,506,8.16990382936273,912.740242204499,0.0678557060480086,NA
1315,2009,"מתן","מתן",32.1578236,34.9724055,76.5324720437069,1315,1,227,6,"temporal_distance > 200",0.802281368821293,FALSE,2009,NA,NA,NA,NA,NA,NA,NA,NA,NA,NA,NA,NA,NA,NA,NA,NA,NA
1315,2013,"מתן","מתן",32.1578236,34.9724055,76.5324720437069,1315,1,227,6,"temporal_distance > 200",0.798212605832549,FALSE,2013,11776,"מתן","MATTAN",1,"יהודי",3570,1800,1780,1070,470,400,1510,120,0.567849766501028,6286.8741181274,0.0336134453781513,63
1315,2015,"מתן","מתן",32.1578236,34.9724055,76.5324720437069,1315,1,227,6,"temporal_distance > 200",0.793747286148502,TRUE,2015,11771,"מתן","MATTAN",1,"יהודי",3610,1790,1820,980,470,500,1530,140,0.567849766501028,6357.31528471706,0.038781163434903,60
1315,2019,"מתן","מתן",32.1578236,34.9724055,76.5324720437069,1315,1,227,6,"temporal_distance > 200",0.752969121140142,TRUE,2019.4,11765,"מתן","MATTAN",1,"יהודי",3617,1811,1806,808,466,649,1522,173,0.567849766501028,6369.64248887025,0.0478296931158419,NA
1315,2019,"מתן","מתן",32.1578236,34.9724055,76.5324720437069,1315,1,227,6,"temporal_distance > 200",0.768341307814992,TRUE,2019,11765,"מתן","MATTAN",1,"יהודי",3617,1811,1806,808,466,649,1522,173,0.567849766501028,6369.64248887025,0.0478296931158419,NA
1315,2020,"מתן","מתן",32.1578236,34.9724055,76.5324720437069,1315,1,227,6,"temporal_distance > 200",0.755659640905542,TRUE,2020,11769,"מתן","MATTAN",1,"יהודי",3632,1828,1804,790,456,660,1537,189,0.567849766501028,6396.05792634137,0.0520374449339207,NA
1315,2021,"מתן","מתן",32.1578236,34.9724055,76.5324720437069,1315,1,227,6,"temporal_distance > 200",0.760531309297913,TRUE,2021,11772,"מתן","MATTAN",1,"יהודי",3630,1837,1794,756,441,663,1564,205,0.567849766501028,6392.53586801189,0.0564738292011019,NA
1315,2022,"מתן","מתן",32.1578236,34.9724055,76.5324720437069,1315,1,227,6,"temporal_distance > 200",0.717571644042232,TRUE,2022,11774,"מתן","MATTAN",1,"יהודי",3570,1802,1768,721,387,686,1556,223,0.567849766501028,6286.8741181274,0.0624649859943978,NA
1316,2009,"אלעריאן","אל-עריאן",32.4983555,35.1250579,116.608901526798,1316,0,NA,NA,"no_red_alert",NA,FALSE,2009,NA,NA,NA,NA,NA,NA,NA,NA,NA,NA,NA,NA,NA,NA,NA,NA,NA
1316,2013,"אלעריאן","אל-עריאן",32.4983555,35.1250579,116.608901526798,1316,0,NA,NA,"no_red_alert",0.728971962616822,FALSE,2013,11788,"אל -עריאן","AL-ARYAN",2,"לא יהודי",170,90,80,50,20,30,60,10,0.0565462878041163,3006.38656579725,0.0588235294117647,54
1316,2015,"אלעריאן","אל-עריאן",32.4983555,35.1250579,116.608901526798,1316,0,NA,NA,"no_red_alert",0.7,TRUE,2015,11783,"אל -עריאן","AL-ARYAN",2,"לא יהודי",180,100,80,50,20,40,60,10,0.0565462878041163,3183.23283437356,0.0555555555555556,53
1316,2019,"אלעריאן","אל-עריאן",32.4983555,35.1250579,116.608901526798,1316,0,NA,NA,"no_red_alert",0.716535433070866,TRUE,2019.4,11779,"אל -עריאן","AL-ARYAN",2,"לא יהודי",191,107,84,51,22,36,72,0,0.0565462878041163,3377.7637298075,0,NA
1316,2019,"אלעריאן","אל-עריאן",32.4983555,35.1250579,116.608901526798,1316,0,NA,NA,"no_red_alert",0.5,TRUE,2019,11779,"אל -עריאן","AL-ARYAN",2,"לא יהודי",191,107,84,51,22,36,72,0,0.0565462878041163,3377.7637298075,0,NA
1316,2020,"אלעריאן","אל-עריאן",32.4983555,35.1250579,116.608901526798,1316,0,NA,NA,"no_red_alert",0.818897637795276,TRUE,2020,11785,"אל -עריאן","AL-ARYAN",2,"לא יהודי",189,103,74,46,20,40,73,0,0.0565462878041163,3342.39447609223,0,NA
1316,2021,"אלעריאן","אל-עריאן",32.4983555,35.1250579,116.608901526798,1316,0,NA,NA,"no_red_alert",0.646153846153846,TRUE,2021,11784,"אל -עריאן","AL-ARYAN",2,"לא יהודי",191,104,87,45,22,39,76,0,0.0565462878041163,3377.7637298075,0,NA
1316,2022,"אלעריאן","אל-עריאן",32.4983555,35.1250579,116.608901526798,1316,0,NA,NA,"no_red_alert",0.763358778625954,TRUE,2022,11787,"אל -עריאן","AL-ARYAN",2,"לא יהודי",190,104,86,43,20,42,74,0,0.0565462878041163,3360.07910294987,0,NA
1319,2009,"בתחפר","בת חפר",32.3323611,35.0110825,94.8995974914814,1319,0,NA,NA,"no_red_alert",0.752252252252252,FALSE,2009,NA,NA,NA,NA,NA,NA,NA,NA,NA,NA,NA,NA,NA,NA,NA,NA,NA
1319,2013,"בתחפר","בת חפר",32.3323611,35.0110825,94.8995974914814,1319,0,NA,NA,"no_red_alert",0.766044340723454,FALSE,2013,11816,"בת חפר","BAT HEFER",1,"יהודי",5550,2820,2730,1830,640,560,2330,180,0.802937095846783,6912.12304015787,0.0324324324324324,62
1319,2015,"בתחפר","בת חפר",32.3323611,35.0110825,94.8995974914814,1319,0,NA,NA,"no_red_alert",0.792331374195354,TRUE,2015,11825,"בת חפר","BAT HEFER",1,"יהודי",5450,2760,2680,1580,720,650,2290,210,0.802937095846783,6787.58028267755,0.0385321100917431,60.8333333333333
1319,2019,"בתחפר","בת חפר",32.3323611,35.0110825,94.8995974914814,1319,0,NA,NA,"no_red_alert",0.730606136193565,TRUE,2019.4,11822,"בת חפר","BAT HEFER",1,"יהודי",5301,2706,2595,1139,713,899,2285,266,0.802937095846783,6602.01157403187,0.0501792114695341,NA
1319,2019,"בתחפר","בת חפר",32.3323611,35.0110825,94.8995974914814,1319,0,NA,NA,"no_red_alert",0.761460957178841,TRUE,2019,11822,"בת חפר","BAT HEFER",1,"יהודי",5301,2706,2595,1139,713,899,2285,266,0.802937095846783,6602.01157403187,0.0501792114695341,NA
1319,2020,"בתחפר","בת חפר",32.3323611,35.0110825,94.8995974914814,1319,0,NA,NA,"no_red_alert",0.725024727992087,TRUE,2020,11817,"בת חפר","BAT HEFER",1,"יהודי",5283,2688,2598,1055,697,956,2291,284,0.802937095846783,6579.59387768541,0.0537573348476245,NA
1319,2021,"בתחפר","בת חפר",32.3323611,35.0110825,94.8995974914814,1319,0,NA,NA,"no_red_alert",0.721586760769044,TRUE,2021,11824,"בת חפר","BAT HEFER",1,"יהודי",5241,2676,2565,1004,660,979,2300,299,0.802937095846783,6527.28591954368,0.0570501812631177,NA
1319,2022,"בתחפר","בת חפר",32.3323611,35.0110825,94.8995974914814,1319,0,NA,NA,"no_red_alert",0.722632959694729,TRUE,2022,11820,"בת חפר","BAT HEFER",1,"יהודי",5209,2659,2551,989,596,1019,2295,311,0.802937095846783,6487.43223714997,0.0597043578421962,NA
1320,2009,"עיןחוד","עין חוד",32.6915505,34.999556,130.784598977277,1320,1,232,1,"temporal_distance > 200",0.407079646017699,FALSE,2009,NA,NA,NA,NA,NA,NA,NA,NA,NA,NA,NA,NA,NA,NA,NA,NA,NA
1320,2013,"עיןחוד","עין חוד",32.6915505,34.999556,130.784598977277,1320,1,232,1,"temporal_distance > 200",0.776978417266187,FALSE,2013,11838,"עין חוד","EIN HOD",2,"לא יהודי",260,130,130,80,30,50,90,10,0.0602358057259144,4316.36958892946,0.0384615384615385,18
1320,2015,"עיןחוד","עין חוד",32.6915505,34.999556,130.784598977277,1320,1,232,1,"temporal_distance > 200",0.685534591194969,TRUE,2015,11833,"עין חוד","EIN HOD",2,"לא יהודי",270,140,140,80,30,60,90,10,0.0602358057259144,4482.38380388829,0.037037037037037,28
1320,2019,"עיןחוד","עין חוד",32.6915505,34.999556,130.784598977277,1320,1,232,1,"temporal_distance > 200",0.601036269430052,TRUE,2019.4,11839,"עין חוד","EIN HOD",2,"לא יהודי",305,155,150,86,35,60,111,0,0.0602358057259144,5063.43355624418,0,NA
1320,2019,"עיןחוד","עין חוד",32.6915505,34.999556,130.784598977277,1320,1,232,1,"temporal_distance > 200",0.368983957219251,TRUE,2019,11839,"עין חוד","EIN HOD",2,"לא יהודי",305,155,150,86,35,60,111,0,0.0602358057259144,5063.43355624418,0,NA
1320,2020,"עיןחוד","עין חוד",32.6915505,34.999556,130.784598977277,1320,1,232,1,"temporal_distance > 200",0.706185567010309,TRUE,2020,11832,"עין חוד","EIN HOD",2,"לא יהודי",316,160,146,93,34,61,115,0,0.0602358057259144,5246.04919269889,0,NA
1320,2021,"עיןחוד","עין חוד",32.6915505,34.999556,130.784598977277,1320,1,232,1,"temporal_distance > 200",0.494949494949495,TRUE,2021,11828,"עין חוד","EIN HOD",2,"לא יהודי",318,160,158,93,35,58,119,0,0.0602358057259144,5279.25203569065,0,NA
1320,2022,"עיןחוד","עין חוד",32.6915505,34.999556,130.784598977277,1320,1,232,1,"temporal_distance > 200",0.529126213592233,TRUE,2022,11840,"עין חוד","EIN HOD",2,"לא יהודי",325,166,159,96,34,61,119,0,0.0602358057259144,5395.46198616183,0,NA
1321,2009,"חואלד","ח'ואלד",32.758826,35.15831,128.256614311215,10009,0,NA,NA,"no_red_alert",0.568527918781726,FALSE,2009,NA,NA,NA,NA,NA,NA,NA,NA,NA,NA,NA,NA,NA,NA,NA,NA,NA
1321,2013,"חואלד","ח'ואלד",32.758826,35.15831,128.256614311215,10009,0,NA,NA,"no_red_alert",0.439655172413793,FALSE,2013,11848,"ח'ואלד","KHAWALED",2,"לא יהודי",400,190,200,150,30,50,150,20,0.599262426198564,667.487201788054,0.05,61.25
1321,2015,"חואלד","ח'ואלד",32.758826,35.15831,128.256614311215,10009,0,NA,NA,"no_red_alert",0.588,TRUE,2015,11843,"ח'ואלד","KHAWALED",2,"לא יהודי",460,220,230,170,50,50,170,20,0.599262426198564,767.610282056263,0.0434782608695652,55.25
1321,2019,"חואלד","ח'ואלד",32.758826,35.15831,128.256614311215,10009,0,NA,NA,"no_red_alert",0.454918032786885,TRUE,2019,11852,"ח'ואלד","KHAWALED",2,"לא יהודי",710,353,357,230,75,104,272,0,0.599262426198564,1184.7897831738,0,NA
1321,2019,"חואלד","ח'ואלד",32.758826,35.15831,128.256614311215,10009,0,NA,NA,"no_red_alert",0.521384928716904,TRUE,2019.4,11852,"ח'ואלד","KHAWALED",2,"לא יהודי",710,353,357,230,75,104,272,0,0.599262426198564,1184.7897831738,0,NA
1321,2020,"חואלד","ח'ואלד",32.758826,35.15831,128.256614311215,10009,0,NA,NA,"no_red_alert",0.546,TRUE,2020,11850,"ח'ואלד","KHAWALED",2,"לא יהודי",710,351,353,217,71,114,278,0,0.599262426198564,1184.7897831738,0,NA
1321,2021,"חואלד","ח'ואלד",32.758826,35.15831,128.256614311215,10009,0,NA,NA,"no_red_alert",0.432748538011696,TRUE,2021,11853,"ח'ואלד","KHAWALED",2,"לא יהודי",729,362,367,221,70,124,281,0,0.599262426198564,1216.49542525873,0,NA
1321,2022,"חואלד","ח'ואלד",32.758826,35.15831,128.256614311215,10009,0,NA,NA,"no_red_alert",0.471014492753623,TRUE,2022,11847,"ח'ואלד","KHAWALED",2,"לא יהודי",773,383,390,232,73,133,296,0,0.599262426198564,1289.91901745542,0,NA
1326,2009,"בסמה","בסמ""ה",32.506227,35.101132,114.823027350903,637,0,NA,NA,"no_red_alert",0.517241379310345,FALSE,2009,NA,NA,NA,NA,NA,NA,NA,NA,NA,NA,NA,NA,NA,NA,NA,NA,NA
1326,2013,"בסמה","בסמ""ה",32.506227,35.101132,114.823027350903,637,0,NA,NA,"no_red_alert",0.555755395683453,FALSE,2013,11905,"בסמ""ה","BASMA",2,"לא יהודי",8490,4390,4100,3120,940,1390,2730,300,3.96713081773752,2140.08571687129,0.0353356890459364,46.5
1326,2015,"בסמה","בסמ""ה",32.506227,35.101132,114.823027350903,637,0,NA,NA,"no_red_alert",0.66507528461256,TRUE,2015,11909,"בסמ""ה","BASMA",2,"לא יהודי",8910,4590,4320,3100,1040,1540,2890,340,3.96713081773752,2245.95568166351,0.0381593714927048,41.5
1326,2019,"בסמה","בסמ""ה",32.506227,35.101132,114.823027350903,637,0,NA,NA,"no_red_alert",0.560336906584992,TRUE,2019.4,11910,"בסמ""ה","BASMA",2,"לא יהודי",10010,5124,4886,3159,1135,1894,3374,449,3.96713081773752,2523.23416088123,0.0448551448551449,NA
1326,2019,"בסמה","בסמ""ה",32.506227,35.101132,114.823027350903,637,0,NA,NA,"no_red_alert",0.397138858653398,TRUE,2019,11910,"בסמ""ה","BASMA",2,"לא יהודי",10010,5124,4886,3159,1135,1894,3374,449,3.96713081773752,2523.23416088123,0.0448551448551449,NA
1326,2020,"בסמה","בסמ""ה",32.506227,35.101132,114.823027350903,637,0,NA,NA,"no_red_alert",0.672842295526435,TRUE,2020,11911,"בסמ""ה","BASMA",2,"לא יהודי",10257,5259,5004,3170,1102,2005,3511,469,3.96713081773752,2585.49578303284,0.0457248708199279,NA
1326,2021,"בסמה","בסמ""ה",32.506227,35.101132,114.823027350903,637,0,NA,NA,"no_red_alert",0.377939042089985,TRUE,2021,11907,"בסמ""ה","BASMA",2,"לא יהודי",10497,5386,5111,3221,1090,2038,3653,497,3.96713081773752,2645.99290577126,0.047346861007907,NA
1326,2022,"בסמה","בסמ""ה",32.506227,35.101132,114.823027350903,637,0,NA,NA,"no_red_alert",0.456602732165034,TRUE,2022,11904,"בסמ""ה","BASMA",2,"לא יהודי",10743,5511,5232,3267,1063,2101,3775,536,3.96713081773752,2708.00245657813,0.0498929535511496,NA
1327,2009,"מעלהעירון","מעלה עירון",32.5496519,35.1756835,119.959515697689,2710,0,NA,NA,"no_red_alert",0.449254379614883,FALSE,2009,NA,NA,NA,NA,NA,NA,NA,NA,NA,NA,NA,NA,NA,NA,NA,NA,NA
1327,2013,"מעלהעירון","מעלה עירון",32.5496519,35.1756835,119.959515697689,2710,0,NA,NA,"no_red_alert",0.515693336763571,FALSE,2013,11929,"מעלה עירון","MA'ALE IRON",2,"לא יהודי",13650,6900,6750,4690,1640,2060,4730,530,6.22744322262316,2191.91079099879,0.0388278388278388,58.5555555555556
1327,2015,"מעלהעירון","מעלה עירון",32.5496519,35.1756835,119.959515697689,2710,0,NA,NA,"no_red_alert",0.662738095238095,TRUE,2015,11920,"מעלה עירון","MA'ALE IRON",2,"לא יהודי",14140,7160,6980,4580,1740,2300,4920,590,6.22744322262316,2270.59476811157,0.0417256011315417,53.4444444444444
1327,2019,"מעלהעירון","מעלה עירון",32.5496519,35.1756835,119.959515697689,2710,0,NA,NA,"no_red_alert",0.485004108463435,TRUE,2019.4,11924,"מעלה עירון","MA'ALE IRON",2,"לא יהודי",15065,7661,7405,4333,1754,2853,5378,747,6.22744322262316,2419.13084735508,0.0495851310985728,NA
1327,2019,"מעלהעירון","מעלה עירון",32.5496519,35.1756835,119.959515697689,2710,0,NA,NA,"no_red_alert",0.371369078604893,TRUE,2019,11924,"מעלה עירון","MA'ALE IRON",2,"לא יהודי",15065,7661,7405,4333,1754,2853,5378,747,6.22744322262316,2419.13084735508,0.0495851310985728,NA
1327,2020,"מעלהעירון","מעלה עירון",32.5496519,35.1756835,119.959515697689,2710,0,NA,NA,"no_red_alert",0.613177041228779,TRUE,2020,11918,"מעלה עירון","MA'ALE IRON",2,"לא יהודי",15380,7814,7565,4368,1678,2992,5555,787,6.22744322262316,2469.71340407043,0.0511703511053316,NA
1327,2021,"מעלהעירון","מעלה עירון",32.5496519,35.1756835,119.959515697689,2710,0,NA,NA,"no_red_alert",0.314254965267586,TRUE,2021,11922,"מעלה עירון","MA'ALE IRON",2,"לא יהודי",15642,7953,7689,4388,1631,3112,5682,829,6.22744322262316,2511.785244894,0.0529983378084644,NA
1327,2022,"מעלהעירון","מעלה עירון",32.5496519,35.1756835,119.959515697689,2710,0,NA,NA,"no_red_alert",0.430698632702753,TRUE,2022,11928,"מעלה עירון","MA'ALE IRON",2,"לא יהודי",15861,8058,7803,4386,1559,3214,5825,877,6.22744322262316,2546.95216527706,0.0552928566925162,NA
1330,2009,"אחוזתברק","אחוזת ברק",32.6437734,35.3389026,140.681971924455,1330,1,6,1,"temporal_distance == 6",0.761160714285714,FALSE,2009,NA,NA,NA,NA,NA,NA,NA,NA,NA,NA,NA,NA,NA,NA,NA,NA,NA
1330,2013,"אחוזתברק","אחוזת ברק",32.6437734,35.3389026,140.681971924455,1330,1,6,1,"temporal_distance == 6",0.754111198120595,FALSE,2013,11945,"אחוזת ברק","AHUZZAT BARAQ",1,"יהודי",2030,1020,1010,670,180,220,890,70,0.333011328612359,6095.88871483413,0.0344827586206897,61
1330,2015,"אחוזתברק","אחוזת ברק",32.6437734,35.3389026,140.681971924455,1330,1,6,1,"temporal_distance == 6",0.787449392712551,TRUE,2015,11944,"אחוזת ברק","AHUZZAT BARAQ",1,"יהודי",2100,1050,1050,660,200,230,910,100,0.333011328612359,6306.09177396634,0.0476190476190476,59.3333333333333
1330,2019,"אחוזתברק","אחוזת ברק",32.6437734,35.3389026,140.681971924455,1330,1,6,1,"temporal_distance == 6",0.740390301596688,TRUE,2019.4,11934,"אחוזת ברק","AHUZZAT BARAQ",1,"יהודי",2279,1148,1132,625,239,293,978,143,0.333011328612359,6843.61102517585,0.0627468187801667,NA
1330,2019,"אחוזתברק","אחוזת ברק",32.6437734,35.3389026,140.681971924455,1330,1,6,1,"temporal_distance == 6",0.774850299401198,TRUE,2019,11934,"אחוזת ברק","AHUZZAT BARAQ",1,"יהודי",2279,1148,1132,625,239,293,978,143,0.333011328612359,6843.61102517585,0.0627468187801667,NA
1330,2020,"אחוזתברק","אחוזת ברק",32.6437734,35.3389026,140.681971924455,1330,1,6,1,"temporal_distance == 6",0.761237594862814,TRUE,2020,11933,"אחוזת ברק","AHUZZAT BARAQ",1,"יהודי",2388,1184,1207,644,245,322,1015,162,0.333011328612359,7170.92721725315,0.0678391959798995,NA
1330,2021,"אחוזתברק","אחוזת ברק",32.6437734,35.3389026,140.681971924455,1330,1,6,1,"temporal_distance == 6",0.707573244886678,TRUE,2021,11938,"אחוזת ברק","AHUZZAT BARAQ",1,"יהודי",2427,1199,1228,651,246,320,1044,167,0.333011328612359,7288.04035019824,0.0688092295014421,NA
1330,2022,"אחוזתברק","אחוזת ברק",32.6437734,35.3389026,140.681971924455,1330,1,6,1,"temporal_distance == 6",0.730561555075594,TRUE,2022,11939,"אחוזת ברק","AHUZZAT BARAQ",1,"יהודי",2429,1209,1221,627,238,340,1049,175,0.333011328612359,7294.04615188773,0.0720461095100865,NA
1331,2009,"כמאנה","כמאנה",32.9096667,35.3450019,149.500193330484,10056,0,NA,NA,"no_red_alert",0.542666666666667,FALSE,2009,NA,NA,NA,NA,NA,NA,NA,NA,NA,NA,NA,NA,NA,NA,NA,NA,NA
1331,2013,"כמאנה","כמאנה",32.9096667,35.3450019,149.500193330484,10056,0,NA,NA,"no_red_alert",0.527810650887574,FALSE,2013,11953,"כמאנה","KAMANE",2,"לא יהודי",1370,700,680,470,160,250,450,60,0.0653182653523931,20974.2250901617,0.0437956204379562,47.5
1331,2015,"כמאנה","כמאנה",32.9096667,35.3450019,149.500193330484,10056,0,NA,NA,"no_red_alert",0.621348314606742,TRUE,2015,11955,"כמאנה","KAMANE",2,"לא יהודי",1420,720,700,450,160,250,480,70,0.0653182653523931,21739.7077576858,0.0492957746478873,52
1331,2019,"כמאנה","כמאנה",32.9096667,35.3450019,149.500193330484,10056,0,NA,NA,"no_red_alert",0.541910331384016,TRUE,2019.4,11956,"כמאנה","KAMANE",2,"לא יהודי",1534,777,757,446,155,303,548,80,0.0653182653523931,23485.0082396409,0.0521512385919166,NA
1331,2019,"כמאנה","כמאנה",32.9096667,35.3450019,149.500193330484,10056,0,NA,NA,"no_red_alert",0.407517309594461,TRUE,2019,11956,"כמאנה","KAMANE",2,"לא יהודי",1534,777,757,446,155,303,548,80,0.0653182653523931,23485.0082396409,0.0521512385919166,NA
1331,2020,"כמאנה","כמאנה",32.9096667,35.3450019,149.500193330484,10056,0,NA,NA,"no_red_alert",0.629032258064516,TRUE,2020,11950,"כמאנה","KAMANE",2,"לא יהודי",1568,799,770,456,149,308,572,83,0.0653182653523931,24005.5364535573,0.0529336734693878,NA
1331,2021,"כמאנה","כמאנה",32.9096667,35.3450019,149.500193330484,10056,0,NA,NA,"no_red_alert",0.38134810710988,TRUE,2021,11954,"כמאנה","KAMANE",2,"לא יהודי",1620,824,796,463,149,313,610,85,0.0653182653523931,24801.6384277824,0.0524691358024691,NA
1331,2022,"כמאנה","כמאנה",32.9096667,35.3450019,149.500193330484,10056,0,NA,NA,"no_red_alert",0.468667255075022,TRUE,2022,11952,"כמאנה","KAMANE",2,"לא יהודי",1623,844,779,449,147,317,620,86,0.0653182653523931,24847.5673878338,0.0529882932840419,NA
1332,2009,"חוסנייה","חוסנייה",32.9012455,35.321258,149.500193330484,10056,0,NA,NA,"no_red_alert",0.580547112462006,FALSE,2009,NA,NA,NA,NA,NA,NA,NA,NA,NA,NA,NA,NA,NA,NA,NA,NA,NA
1332,2013,"חוסנייה","חוסנייה",32.9012455,35.321258,149.500193330484,10056,0,NA,NA,"no_red_alert",0.5575,FALSE,2013,11967,"חוסנייה","HUSSNIYYA",2,"לא יהודי",610,300,310,210,70,100,200,20,0.411342906929502,1482.94765686708,0.0327868852459016,47.1666666666667
1332,2015,"חוסנייה","חוסנייה",32.9012455,35.321258,149.500193330484,10056,0,NA,NA,"no_red_alert",0.620137299771167,TRUE,2015,11968,"חוסנייה","HUSSNIYYA",2,"לא יהודי",650,320,330,210,70,130,220,20,0.411342906929502,1580.19012616984,0.0307692307692308,55.8333333333333
1332,2019,"חוסנייה","חוסנייה",32.9012455,35.321258,149.500193330484,10056,0,NA,NA,"no_red_alert",0.450094161958569,TRUE,2019,11970,"חוסנייה","HUSSNIYYA",2,"לא יהודי",773,388,385,235,81,154,272,0,0.411342906929502,1879.21071927583,0,NA
1332,2019,"חוסנייה","חוסנייה",32.9012455,35.321258,149.500193330484,10056,0,NA,NA,"no_red_alert",0.510204081632653,TRUE,2019.4,11970,"חוסנייה","HUSSNIYYA",2,"לא יהודי",773,388,385,235,81,154,272,0,0.411342906929502,1879.21071927583,0,NA
1332,2020,"חוסנייה","חוסנייה",32.9012455,35.321258,149.500193330484,10056,0,NA,NA,"no_red_alert",0.61231884057971,TRUE,2020,11963,"חוסנייה","HUSSNIYYA",2,"לא יהודי",801,404,398,239,77,161,287,0,0.411342906929502,1947.28044778776,0,NA
1332,2021,"חוסנייה","חוסנייה",32.9012455,35.321258,149.500193330484,10056,0,NA,NA,"no_red_alert",0.407279029462738,TRUE,2021,11964,"חוסנייה","HUSSNIYYA",2,"לא יהודי",822,417,405,243,76,168,296,0,0.411342906929502,1998.33274417171,0,NA
1332,2022,"חוסנייה","חוסנייה",32.9012455,35.321258,149.500193330484,10056,0,NA,NA,"no_red_alert",0.543657331136738,TRUE,2022,11966,"חוסנייה","HUSSNIYYA",2,"לא יהודי",851,432,419,250,73,179,302,0,0.411342906929502,2068.83353441621,0,NA
1337,2009,"שמשית","שמשית",32.7328215,35.2467715,144.423903909102,1337,1,6,1,"temporal_distance == 6",0.8208,FALSE,2009,NA,NA,NA,NA,NA,NA,NA,NA,NA,NA,NA,NA,NA,NA,NA,NA,NA
1337,2013,"שמשית","שמשית",32.7328215,35.2467715,144.423903909102,1337,1,6,1,"temporal_distance == 6",0.823823109843081,FALSE,2013,12020,"שמשית","SHIMSHIT",1,"יהודי",2660,1340,1320,1020,350,190,1070,30,1.18619399393151,2242.46625223899,0.0112781954887218,63
1337,2015,"שמשית","שמשית",32.7328215,35.2467715,144.423903909102,1337,1,6,1,"temporal_distance == 6",0.821685173089484,TRUE,2015,12023,"שמשית","SHIMSHIT",1,"יהודי",2590,1310,1280,830,420,250,1060,40,1.18619399393151,2183.45398244323,0.0154440154440154,58.5
1337,2019,"שמשית","שמשית",32.7328215,35.2467715,144.423903909102,1337,1,6,1,"temporal_distance == 6",0.733665559246955,TRUE,2019.4,12025,"שמשית","SHIMSHIT",1,"יהודי",2514,1293,1222,531,431,463,1028,0,1.18619399393151,2119.38351809355,0,NA
1337,2019,"שמשית","שמשית",32.7328215,35.2467715,144.423903909102,1337,1,6,1,"temporal_distance == 6",0.747068676716918,TRUE,2019,12025,"שמשית","SHIMSHIT",1,"יהודי",2514,1293,1222,531,431,463,1028,0,1.18619399393151,2119.38351809355,0,NA
1337,2020,"שמשית","שמשית",32.7328215,35.2467715,144.423903909102,1337,1,6,1,"temporal_distance == 6",0.737848170398689,TRUE,2020,12029,"שמשית","SHIMSHIT",1,"יהודי",2517,1292,1223,474,419,509,1052,0,1.18619399393151,2121.91261537051,0,NA
1337,2021,"שמשית","שמשית",32.7328215,35.2467715,144.423903909102,1337,1,6,1,"temporal_distance == 6",0.713016204913748,TRUE,2021,12026,"שמשית","SHIMSHIT",1,"יהודי",2481,1275,1206,419,413,534,1039,0,1.18619399393151,2091.56344804697,0,NA
1337,2022,"שמשית","שמשית",32.7328215,35.2467715,144.423903909102,1337,1,6,1,"temporal_distance == 6",0.691836734693878,TRUE,2022,12030,"שמשית","SHIMSHIT",1,"יהודי",2441,1251,1190,381,369,576,1031,0,1.18619399393151,2057.84215102082,0,NA
1345,2009,"צוריצחק","צור יצחק",32.2410095,34.9979679,85.7968629549206,1345,1,227,5,"temporal_distance > 200",0.909090909090909,FALSE,2009,NA,NA,NA,NA,NA,NA,NA,NA,NA,NA,NA,NA,NA,NA,NA,NA,NA
1345,2013,"צוריצחק","צור יצחק",32.2410095,34.9979679,85.7968629549206,1345,1,227,5,"temporal_distance > 200",0.849957374254049,FALSE,2013,12127,"צור יצחק","ZUR YIZHAQ",1,"יהודי",2690,1350,1340,1100,60,170,1280,80,0.573061865933991,4694.08306486381,0.0297397769516729,63
1345,2015,"צוריצחק","צור יצחק",32.2410095,34.9979679,85.7968629549206,1345,1,227,5,"temporal_distance > 200",0.890444015444015,TRUE,2015,12122,"צור יצחק","ZUR YIZHAQ",1,"יהודי",4250,2110,2140,1780,120,220,1980,150,0.573061865933991,7416.30224002646,0.0352941176470588,62
1345,2019,"צוריצחק","צור יצחק",32.2410095,34.9979679,85.7968629549206,1345,1,227,5,"temporal_distance > 200",0.832651869158878,TRUE,2019.4,12125,"צור יצחק","ZUR YIZHAQ",1,"יהודי",6361,3125,3236,2719,207,260,2866,311,0.573061865933991,11100.0231879549,0.0488916836975318,NA
1345,2019,"צוריצחק","צור יצחק",32.2410095,34.9979679,85.7968629549206,1345,1,227,5,"temporal_distance > 200",0.846268656716418,TRUE,2019,12125,"צור יצחק","ZUR YIZHAQ",1,"יהודי",6361,3125,3236,2719,207,260,2866,311,0.573061865933991,11100.0231879549,0.0488916836975318,NA
1345,2020,"צוריצחק","צור יצחק",32.2410095,34.9979679,85.7968629549206,1345,1,227,5,"temporal_distance > 200",0.821154392948536,TRUE,2020,12124,"צור יצחק","ZUR YIZHAQ",1,"יהודי",6584,3239,3345,2780,256,273,2934,341,0.573061865933991,11489.1609290198,0.0517922235722965,NA
1345,2021,"צוריצחק","צור יצחק",32.2410095,34.9979679,85.7968629549206,1345,1,227,5,"temporal_distance > 200",0.806222707423581,TRUE,2021,12126,"צור יצחק","ZUR YIZHAQ",1,"יהודי",6855,3382,3473,2846,314,293,3019,383,0.573061865933991,11962.0592600897,0.0558716265499635,NA
1345,2022,"צוריצחק","צור יצחק",32.2410095,34.9979679,85.7968629549206,1345,1,227,5,"temporal_distance > 200",0.808613659531091,TRUE,2022,12128,"צור יצחק","ZUR YIZHAQ",1,"יהודי",7080,3488,3593,2889,365,304,3098,424,0.573061865933991,12354.6870257382,0.0598870056497175,NA
1361,2009,"בתחן","בת חן",32.3606264,34.871703,92.1063920807006,1361,0,NA,NA,"no_red_alert",0.775583482944345,FALSE,2009,NA,NA,NA,NA,NA,NA,NA,NA,NA,NA,NA,NA,NA,NA,NA,NA,NA
1361,2013,"בתחן","בת חן",32.3606264,34.871703,92.1063920807006,1361,0,NA,NA,"no_red_alert",0.774566473988439,FALSE,2013,12223,"בת חן","BAT HEN",1,"יהודי",420,210,220,130,30,40,190,50,0.21607977740436,1943.72654880163,0.119047619047619,63
1361,2015,"בתחן","בת חן",32.3606264,34.871703,92.1063920807006,1361,0,NA,NA,"no_red_alert",0.806,TRUE,2015,12227,"בת חן","BAT HEN",1,"יהודי",420,200,220,110,40,50,160,70,0.21607977740436,1943.72654880163,0.166666666666667,62
1361,2019,"בתחן","בת חן",32.3606264,34.871703,92.1063920807006,1361,0,NA,NA,"no_red_alert",0.765957446808511,TRUE,2019.4,12229,"בת חן","BAT HEN",1,"יהודי",412,208,205,104,44,38,154,0,0.21607977740436,1906.70318596731,0,NA
1361,2019,"בתחן","בת חן",32.3606264,34.871703,92.1063920807006,1361,0,NA,NA,"no_red_alert",0.728110599078341,TRUE,2019,12229,"בת חן","BAT HEN",1,"יהודי",412,208,205,104,44,38,154,0,0.21607977740436,1906.70318596731,0,NA
1361,2020,"בתחן","בת חן",32.3606264,34.871703,92.1063920807006,1361,0,NA,NA,"no_red_alert",0.764988009592326,TRUE,2020,12220,"בת חן","BAT HEN",1,"יהודי",428,213,214,99,44,47,160,78,0.21607977740436,1980.74991163594,0.182242990654206,NA
1361,2021,"בתחן","בת חן",32.3606264,34.871703,92.1063920807006,1361,0,NA,NA,"no_red_alert",0.537897310513447,TRUE,2021,12230,"בת חן","BAT HEN",1,"יהודי",430,210,219,101,40,46,160,83,0.21607977740436,1990.00575234452,0.193023255813953,NA
1361,2022,"בתחן","בת חן",32.3606264,34.871703,92.1063920807006,1361,0,NA,NA,"no_red_alert",0.592405063291139,TRUE,2022,12225,"בת חן","BAT HEN",1,"יהודי",407,198,210,96,33,42,152,0,0.21607977740436,1883.56358419586,0,NA
1370,2009,"מצפהאילן","מצפה אילן",32.4596405,35.067258,110.367703703094,1370,0,NA,NA,"no_red_alert",NA,FALSE,2009,NA,NA,NA,NA,NA,NA,NA,NA,NA,NA,NA,NA,NA,NA,NA,NA,NA
1370,2013,"מצפהאילן","מצפה אילן",32.4596405,35.067258,110.367703703094,1370,0,NA,NA,"no_red_alert",0.958333333333333,FALSE,2013,12316,"מצפה אילן","MITSPE ILAN",1,"יהודי",300,150,150,200,0,0,100,0,0.150148033270017,1998.02816904367,0,42.5
1370,2015,"מצפהאילן","מצפה אילן",32.4596405,35.067258,110.367703703094,1370,0,NA,NA,"no_red_alert",0.989690721649485,TRUE,2015,12313,"מצפה אילן","MITSPE ILAN",1,"יהודי",320,150,170,200,10,0,100,0,0.150148033270017,2131.23004697992,0,52.25
1370,2019,"מצפהאילן","מצפה אילן",32.4596405,35.067258,110.367703703094,1370,0,NA,NA,"no_red_alert",0.876190476190476,TRUE,2019.4,12309,"מצפה אילן","MITSPE ILAN",1,"יהודי",626,298,328,357,59,16,193,0,0.150148033270017,4169.21877940447,0,NA
1370,2019,"מצפהאילן","מצפה אילן",32.4596405,35.067258,110.367703703094,1370,0,NA,NA,"no_red_alert",0.903030303030303,TRUE,2019,12309,"מצפה אילן","MITSPE ILAN",1,"יהודי",626,298,328,357,59,16,193,0,0.150148033270017,4169.21877940447,0,NA
1370,2020,"מצפהאילן","מצפה אילן",32.4596405,35.067258,110.367703703094,1370,0,NA,NA,"no_red_alert",0.890829694323144,TRUE,2020,12312,"מצפה אילן","MITSPE ILAN",1,"יהודי",725,356,366,380,103,0,0,0,0.150148033270017,4828.56807518888,0,NA
1370,2021,"מצפהאילן","מצפה אילן",32.4596405,35.067258,110.367703703094,1370,0,NA,NA,"no_red_alert",0.84981684981685,TRUE,2021,12317,"מצפה אילן","MITSPE ILAN",1,"יהודי",752,369,383,387,96,41,0,0,0.150148033270017,5008.39061040281,0,NA
1370,2022,"מצפהאילן","מצפה אילן",32.4596405,35.067258,110.367703703094,1370,0,NA,NA,"no_red_alert",0.821538461538462,TRUE,2022,12314,"מצפה אילן","MITSPE ILAN",1,"יהודי",763,374,389,387,93,52,0,0,0.150148033270017,5081.65164326775,0,NA
1416,2009,"מחנהיוכבד","מחנה יוכבד",29.952075,34.934344,98.6501706846034,10053,0,NA,NA,"no_red_alert",0.504672897196262,FALSE,2009,NA,NA,NA,NA,NA,NA,NA,NA,NA,NA,NA,NA,NA,NA,NA,NA,NA
1416,2013,"מחנהיוכבד","מחנה יוכבד",29.952075,34.934344,98.6501706846034,10053,0,NA,NA,"no_red_alert",0.733870967741935,FALSE,2013,NA,NA,NA,NA,NA,NA,NA,NA,NA,NA,NA,NA,NA,NA,NA,NA,NA
1416,2015,"מחנהיוכבד","מחנה יוכבד",29.952075,34.934344,98.6501706846034,10053,0,NA,NA,"no_red_alert",0.859504132231405,TRUE,2015,NA,NA,NA,NA,NA,NA,NA,NA,NA,NA,NA,NA,NA,NA,NA,NA,NA
1416,2019,"מחנהיוכבד","מחנה יוכבד",29.952075,34.934344,98.6501706846034,10053,0,NA,NA,"no_red_alert",0.708333333333333,TRUE,2019,NA,NA,NA,NA,NA,NA,NA,NA,NA,NA,NA,NA,NA,NA,NA,NA,NA
1416,2019,"מחנהיוכבד","מחנה יוכבד",29.952075,34.934344,98.6501706846034,10053,0,NA,NA,"no_red_alert",0.586776859504132,TRUE,2019.4,NA,NA,NA,NA,NA,NA,NA,NA,NA,NA,NA,NA,NA,NA,NA,NA,NA
1416,2020,"מחנהיוכבד","מחנה יוכבד",29.952075,34.934344,98.6501706846034,10053,0,NA,NA,"no_red_alert",0.649122807017544,TRUE,2020,NA,NA,NA,NA,NA,NA,NA,NA,NA,NA,NA,NA,NA,NA,NA,NA,NA
1416,2021,"מחנהיוכבד","מחנה יוכבד",29.952075,34.934344,98.6501706846034,10053,0,NA,NA,"no_red_alert",0.456,TRUE,2021,NA,NA,NA,NA,NA,NA,NA,NA,NA,NA,NA,NA,NA,NA,NA,NA,NA
1416,2022,"מחנהיוכבד","מחנה יוכבד",29.952075,34.934344,98.6501706846034,10053,0,NA,NA,"no_red_alert",0.527777777777778,TRUE,2022,NA,NA,NA,NA,NA,NA,NA,NA,NA,NA,NA,NA,NA,NA,NA,NA,NA
2002,2009,"תנובות","תנובות",32.306917,34.9630831,89.8286161063688,2002,0,NA,NA,"no_red_alert",0.676982591876209,FALSE,2009,NA,NA,NA,NA,NA,NA,NA,NA,NA,NA,NA,NA,NA,NA,NA,NA,NA
2002,2013,"תנובות","תנובות",32.306917,34.9630831,89.8286161063688,2002,0,NA,NA,"no_red_alert",0.746350364963504,FALSE,2013,12866,"תנובות","TENUVOT",1,"יהודי",810,410,400,220,60,90,370,70,0.758825542244007,1067.43902900878,0.0864197530864197,63
2002,2015,"תנובות","תנובות",32.306917,34.9630831,89.8286161063688,2002,0,NA,NA,"no_red_alert",0.793345008756567,TRUE,2015,12865,"תנובות","TENUVOT",1,"יהודי",830,430,410,220,60,100,370,90,0.758825542244007,1093.79554824356,0.108433734939759,61
2002,2019,"תנובות","תנובות",32.306917,34.9630831,89.8286161063688,2002,0,NA,NA,"no_red_alert",0.772652388797364,TRUE,2019.4,12868,"תנובות","TENUVOT",1,"יהודי",830,426,404,199,62,106,364,100,0.758825542244007,1093.79554824356,0.120481927710843,NA
2002,2019,"תנובות","תנובות",32.306917,34.9630831,89.8286161063688,2002,0,NA,NA,"no_red_alert",0.773095623987034,TRUE,2019,12868,"תנובות","TENUVOT",1,"יהודי",830,426,404,199,62,106,364,100,0.758825542244007,1093.79554824356,0.120481927710843,NA
2002,2020,"תנובות","תנובות",32.306917,34.9630831,89.8286161063688,2002,0,NA,NA,"no_red_alert",0.718801996672213,TRUE,2020,12861,"תנובות","TENUVOT",1,"יהודי",829,427,402,194,58,112,362,103,0.758825542244007,1092.47772228182,0.124246079613993,NA
2002,2021,"תנובות","תנובות",32.306917,34.9630831,89.8286161063688,2002,0,NA,NA,"no_red_alert",0.709150326797386,TRUE,2021,12860,"תנובות","TENUVOT",1,"יהודי",847,433,414,199,60,105,373,110,0.758825542244007,1116.19858959313,0.12987012987013,NA
2002,2022,"תנובות","תנובות",32.306917,34.9630831,89.8286161063688,2002,0,NA,NA,"no_red_alert",0.726698262243286,TRUE,2022,12872,"תנובות","TENUVOT",1,"יהודי",863,443,420,205,58,104,380,116,0.758825542244007,1137.28380498095,0.13441483198146,NA
2003,2009,"תלמיאלעזר","תלמי אלעזר",32.4452695,34.978798,104.125053473532,2003,0,NA,NA,"no_red_alert",0.777292576419214,FALSE,2009,NA,NA,NA,NA,NA,NA,NA,NA,NA,NA,NA,NA,NA,NA,NA,NA,NA
2003,2013,"תלמיאלעזר","תלמי אלעזר",32.4452695,34.978798,104.125053473532,2003,0,NA,NA,"no_red_alert",0.776515151515151,FALSE,2013,12873,"תלמי אלעזר","TALME EL'AZAR",1,"יהודי",760,380,370,190,70,110,340,50,0.783338814103236,970.205977690568,0.0657894736842105,55
2003,2015,"תלמיאלעזר","תלמי אלעזר",32.4452695,34.978798,104.125053473532,2003,0,NA,NA,"no_red_alert",0.786618444846293,TRUE,2015,12876,"תלמי אלעזר","TALME EL'AZAR",1,"יהודי",770,390,380,200,60,110,340,60,0.783338814103236,982.971845818076,0.0779220779220779,58
2003,2019,"תלמיאלעזר","תלמי אלעזר",32.4452695,34.978798,104.125053473532,2003,0,NA,NA,"no_red_alert",0.771822358346095,TRUE,2019.4,12875,"תלמי אלעזר","TALME EL'AZAR",1,"יהודי",945,478,467,268,65,124,414,75,0.783338814103236,1206.37453804946,0.0793650793650794,NA
2003,2019,"תלמיאלעזר","תלמי אלעזר",32.4452695,34.978798,104.125053473532,2003,0,NA,NA,"no_red_alert",0.793375394321767,TRUE,2019,12875,"תלמי אלעזר","TALME EL'AZAR",1,"יהודי",945,478,467,268,65,124,414,75,0.783338814103236,1206.37453804946,0.0793650793650794,NA
2003,2020,"תלמיאלעזר","תלמי אלעזר",32.4452695,34.978798,104.125053473532,2003,0,NA,NA,"no_red_alert",0.781626506024096,TRUE,2020,12882,"תלמי אלעזר","TALME EL'AZAR",1,"יהודי",966,479,479,268,77,108,433,80,0.783338814103236,1233.18286111722,0.082815734989648,NA
2003,2021,"תלמיאלעזר","תלמי אלעזר",32.4452695,34.978798,104.125053473532,2003,0,NA,NA,"no_red_alert",0.763081395348837,TRUE,2021,12878,"תלמי אלעזר","TALME EL'AZAR",1,"יהודי",951,474,476,261,75,98,430,89,0.783338814103236,1214.03405892596,0.0935856992639327,NA
2003,2022,"תלמיאלעזר","תלמי אלעזר",32.4452695,34.978798,104.125053473532,2003,0,NA,NA,"no_red_alert",0.762043795620438,TRUE,2022,12879,"תלמי אלעזר","TALME EL'AZAR",1,"יהודי",931,462,469,250,62,105,409,105,0.783338814103236,1188.50232267095,0.112781954887218,NA
2008,2009,"שדהיצחק","שדה יצחק",32.4054345,34.9931659,100.93773844013,2008,0,NA,NA,"no_red_alert",0.663522012578616,FALSE,2009,NA,NA,NA,NA,NA,NA,NA,NA,NA,NA,NA,NA,NA,NA,NA,NA,NA
2008,2013,"שדהיצחק","שדה יצחק",32.4054345,34.9931659,100.93773844013,2008,0,NA,NA,"no_red_alert",0.708791208791209,FALSE,2013,12898,"שדה יצחק","SEDE YIZHAQ",1,"יהודי",680,340,340,210,110,70,250,40,1.25667228239106,541.11164026485,0.0588235294117647,54
2008,2015,"שדהיצחק","שדה יצחק",32.4054345,34.9931659,100.93773844013,2008,0,NA,NA,"no_red_alert",0.740437158469945,TRUE,2015,12904,"שדה יצחק","SEDE YIZHAQ",1,"יהודי",700,350,350,200,120,70,270,50,1.25667228239106,557.026688507934,0.0714285714285714,56
2008,2019,"שדהיצחק","שדה יצחק",32.4054345,34.9931659,100.93773844013,2008,0,NA,NA,"no_red_alert",0.734848484848485,TRUE,2019.4,12900,"שדה יצחק","SEDE YIZHAQ",1,"יהודי",687,331,356,167,115,88,262,0,1.25667228239106,546.681907149929,0,NA
2008,2019,"שדהיצחק","שדה יצחק",32.4054345,34.9931659,100.93773844013,2008,0,NA,NA,"no_red_alert",0.716455696202532,TRUE,2019,12900,"שדה יצחק","SEDE YIZHAQ",1,"יהודי",687,331,356,167,115,88,262,0,1.25667228239106,546.681907149929,0,NA
2008,2020,"שדהיצחק","שדה יצחק",32.4054345,34.9931659,100.93773844013,2008,0,NA,NA,"no_red_alert",0.694789081885856,TRUE,2020,12906,"שדה יצחק","SEDE YIZHAQ",1,"יהודי",717,341,368,175,115,88,275,0,1.25667228239106,570.554479514555,0,NA
2008,2021,"שדהיצחק","שדה יצחק",32.4054345,34.9931659,100.93773844013,2008,0,NA,NA,"no_red_alert",0.685446009389671,TRUE,2021,12902,"שדה יצחק","SEDE YIZHAQ",1,"יהודי",736,360,376,171,124,86,288,0,1.25667228239106,585.673775345485,0,NA
2008,2022,"שדהיצחק","שדה יצחק",32.4054345,34.9931659,100.93773844013,2008,0,NA,NA,"no_red_alert",0.748878923766816,TRUE,2022,12901,"שדה יצחק","SEDE YIZHAQ",1,"יהודי",730,368,362,178,103,83,294,70,1.25667228239106,580.89926087256,0.0958904109589041,NA
2015,2009,"שדיחמד","שדי חמד",32.1563785,34.9423861,75.323175720505,2015,1,227,3,"temporal_distance > 200",0.760135135135135,FALSE,2009,NA,NA,NA,NA,NA,NA,NA,NA,NA,NA,NA,NA,NA,NA,NA,NA,NA
2015,2013,"שדיחמד","שדי חמד",32.1563785,34.9423861,75.323175720505,2015,1,227,3,"temporal_distance > 200",0.786026200873362,FALSE,2013,12997,"שדי חמד","SEDE HEMED",1,"יהודי",1020,510,520,320,50,100,470,70,0.617251404131148,1652.48712789202,0.0686274509803922,63
2015,2015,"שדיחמד","שדי חמד",32.1563785,34.9423861,75.323175720505,2015,1,227,3,"temporal_distance > 200",0.81700288184438,TRUE,2015,12998,"שדי חמד","SEDE HEMED",1,"יהודי",1020,500,520,310,50,100,470,80,0.617251404131148,1652.48712789202,0.0784313725490196,62
2015,2019,"שדיחמד","שדי חמד",32.1563785,34.9423861,75.323175720505,2015,1,227,3,"temporal_distance > 200",0.799442896935933,TRUE,2019.4,12995,"שדי חמד","SEDE HEMED",1,"יהודי",1019,510,509,274,88,96,464,97,0.617251404131148,1650.86704247252,0.0951913640824338,NA
2015,2019,"שדיחמד","שדי חמד",32.1563785,34.9423861,75.323175720505,2015,1,227,3,"temporal_distance > 200",0.810320781032078,TRUE,2019,12995,"שדי חמד","SEDE HEMED",1,"יהודי",1019,510,509,274,88,96,464,97,0.617251404131148,1650.86704247252,0.0951913640824338,NA
2015,2020,"שדיחמד","שדי חמד",32.1563785,34.9423861,75.323175720505,2015,1,227,3,"temporal_distance > 200",0.772099447513812,TRUE,2020,12994,"שדי חמד","SEDE HEMED",1,"יהודי",981,494,480,253,90,92,445,101,0.617251404131148,1589.30379653145,0.102956167176351,NA
2015,2021,"שדיחמד","שדי חמד",32.1563785,34.9423861,75.323175720505,2015,1,227,3,"temporal_distance > 200",0.762306610407876,TRUE,2021,12990,"שדי חמד","SEDE HEMED",1,"יהודי",953,477,476,238,86,95,424,112,0.617251404131148,1543.94140478539,0.117523609653725,NA
2015,2022,"שדיחמד","שדי חמד",32.1563785,34.9423861,75.323175720505,2015,1,227,3,"temporal_distance > 200",0.751373626373626,TRUE,2022,12996,"שדי חמד","SEDE HEMED",1,"יהודי",965,480,485,229,90,99,429,118,0.617251404131148,1563.38242981941,0.122279792746114,NA
2016,2009,"רוויה","רוויה",32.4488355,35.4735335,131.057998834273,2016,1,6,1,"temporal_distance == 6",0.642487046632124,FALSE,2009,NA,NA,NA,NA,NA,NA,NA,NA,NA,NA,NA,NA,NA,NA,NA,NA,NA
2016,2013,"רוויה","רוויה",32.4488355,35.4735335,131.057998834273,2016,1,6,1,"temporal_distance == 6",0.676190476190476,FALSE,2013,13008,"רוויה","REWAYA",1,"יהודי",370,170,190,110,40,50,130,40,1.33175483219565,277.82891494374,0.108108108108108,33.3333333333333
2016,2015,"רוויה","רוויה",32.4488355,35.4735335,131.057998834273,2016,1,6,1,"temporal_distance == 6",0.687782805429864,TRUE,2015,13009,"רוויה","REWAYA",1,"יהודי",380,180,200,110,40,40,140,40,1.33175483219565,285.337804536814,0.105263157894737,33
2016,2019,"רוויה","רוויה",32.4488355,35.4735335,131.057998834273,2016,1,6,1,"temporal_distance == 6",0.709803921568627,TRUE,2019.4,13006,"רוויה","REWAYA",1,"יהודי",444,216,227,145,46,52,161,0,1.33175483219565,333.394697932488,0,NA
2016,2019,"רוויה","רוויה",32.4488355,35.4735335,131.057998834273,2016,1,6,1,"temporal_distance == 6",0.683794466403162,TRUE,2019,13006,"רוויה","REWAYA",1,"יהודי",444,216,227,145,46,52,161,0,1.33175483219565,333.394697932488,0,NA
2016,2020,"רוויה","רוויה",32.4488355,35.4735335,131.057998834273,2016,1,6,1,"temporal_distance == 6",0.709803921568627,TRUE,2020,13013,"רוויה","REWAYA",1,"יהודי",444,221,220,142,45,56,159,0,1.33175483219565,333.394697932488,0,NA
2016,2021,"רוויה","רוויה",32.4488355,35.4735335,131.057998834273,2016,1,6,1,"temporal_distance == 6",0.648648648648649,TRUE,2021,13010,"רוויה","REWAYA",1,"יהודי",445,221,224,136,48,59,158,0,1.33175483219565,334.145586891795,0,NA
2016,2022,"רוויה","רוויה",32.4488355,35.4735335,131.057998834273,2016,1,6,1,"temporal_distance == 6",0.690036900369004,TRUE,2022,13003,"רוויה","REWAYA",1,"יהודי",459,233,226,143,52,64,159,0,1.33175483219565,344.658032322099,0,NA
2018,2009,"גבעתחייםאיחוד","גבעת חיים (איחוד)",32.39968,34.932302,98.0644361254225,2018,0,NA,NA,"no_red_alert",0.737974683544304,FALSE,2009,NA,NA,NA,NA,NA,NA,NA,NA,NA,NA,NA,NA,NA,NA,NA,NA,NA
2018,2013,"גבעתחייםאיחוד","גבעת חיים (איחוד)",32.39968,34.932302,98.0644361254225,2018,0,NA,NA,"no_red_alert",0.755172413793103,FALSE,2013,13023,"גבעת חיים (איחוד)","GIV'AT HAYYIM (IHUD)",1,"יהודי",990,480,500,240,40,110,430,160,0.676990782132974,1462.35373675375,0.161616161616162,59
2018,2015,"גבעתחייםאיחוד","גבעת חיים (איחוד)",32.39968,34.932302,98.0644361254225,2018,0,NA,NA,"no_red_alert",0.770345596432553,TRUE,2015,13019,"גבעת חיים (איחוד)","GIV'AT HAYYIM (IHUD)",1,"יהודי",1070,530,540,290,50,120,420,190,0.676990782132974,1580.52373568335,0.177570093457944,61
2018,2019,"גבעתחייםאיחוד","גבעת חיים (איחוד)",32.39968,34.932302,98.0644361254225,2018,0,NA,NA,"no_red_alert",0.772679874869656,TRUE,2019,13015,"גבעת חיים (איחוד)","GIV'AT HAYYIM (IHUD)",1,"יהודי",1176,568,609,336,71,82,465,221,0.676990782132974,1737.09898426506,0.187925170068027,NA
2018,2019,"גבעתחייםאיחוד","גבעת חיים (איחוד)",32.39968,34.932302,98.0644361254225,2018,0,NA,NA,"no_red_alert",0.769709543568465,TRUE,2019.4,13015,"גבעת חיים (איחוד)","GIV'AT HAYYIM (IHUD)",1,"יהודי",1176,568,609,336,71,82,465,221,0.676990782132974,1737.09898426506,0.187925170068027,NA
2018,2020,"גבעתחייםאיחוד","גבעת חיים (איחוד)",32.39968,34.932302,98.0644361254225,2018,0,NA,NA,"no_red_alert",0.753086419753086,TRUE,2020,13025,"גבעת חיים (איחוד)","GIV'AT HAYYIM (IHUD)",1,"יהודי",1192,576,614,339,82,79,471,221,0.676990782132974,1760.73298405098,0.185402684563758,NA
2018,2021,"גבעתחייםאיחוד","גבעת חיים (איחוד)",32.39968,34.932302,98.0644361254225,2018,0,NA,NA,"no_red_alert",0.743434343434343,TRUE,2021,13027,"גבעת חיים (איחוד)","GIV'AT HAYYIM (IHUD)",1,"יהודי",1207,583,624,345,81,82,473,225,0.676990782132974,1782.88985885028,0.186412593206297,NA
2018,2022,"גבעתחייםאיחוד","גבעת חיים (איחוד)",32.39968,34.932302,98.0644361254225,2018,0,NA,NA,"no_red_alert",0.737051792828685,TRUE,2022,13016,"גבעת חיים (איחוד)","GIV'AT HAYYIM (IHUD)",1,"יהודי",1198,579,619,329,84,86,472,226,0.676990782132974,1769.5957339707,0.18864774624374,NA
2024,2009,"אוםאלקוטוף","אום אל-קוטוף",32.4666355,35.05543,110.228315657597,2024,0,NA,NA,"no_red_alert",0.597194388777555,FALSE,2009,NA,NA,NA,NA,NA,NA,NA,NA,NA,NA,NA,NA,NA,NA,NA,NA,NA
2024,2013,"אוםאלקוטוף","אום אל-קוטוף",32.4666355,35.05543,110.228315657597,2024,0,NA,NA,"no_red_alert",0.547368421052632,FALSE,2013,13058,"אום אל-קוטוף","UMM AL-QUTUF",2,"לא יהודי",1010,520,490,340,110,170,360,30,0.782834833390113,1290.1827523772,0.0297029702970297,51
2024,2015,"אוםאלקוטוף","אום אל-קוטוף",32.4666355,35.05543,110.228315657597,2024,0,NA,NA,"no_red_alert",0.830670926517572,TRUE,2015,13064,"אום אל-קוטוף","UMM AL-QUTUF",2,"לא יהודי",1040,530,500,350,110,170,380,30,0.782834833390113,1328.5050123488,0.0288461538461538,56
2024,2019,"אוםאלקוטוף","אום אל-קוטוף",32.4666355,35.05543,110.228315657597,2024,0,NA,NA,"no_red_alert",0.523809523809524,TRUE,2019,13065,"אום אל-קוטוף","UMM AL-QUTUF",2,"לא יהודי",1117,580,536,334,127,192,412,0,0.782834833390113,1426.86547960924,0,NA
2024,2019,"אוםאלקוטוף","אום אל-קוטוף",32.4666355,35.05543,110.228315657597,2024,0,NA,NA,"no_red_alert",0.720338983050847,TRUE,2019.4,13065,"אום אל-קוטוף","UMM AL-QUTUF",2,"לא יהודי",1117,580,536,334,127,192,412,0,0.782834833390113,1426.86547960924,0,NA
2024,2020,"אוםאלקוטוף","אום אל-קוטוף",32.4666355,35.05543,110.228315657597,2024,0,NA,NA,"no_red_alert",0.808926080892608,TRUE,2020,13053,"אום אל-קוטוף","UMM AL-QUTUF",2,"לא יהודי",1150,596,552,336,129,199,428,0,0.782834833390113,1469.019965578,0,NA
2024,2021,"אוםאלקוטוף","אום אל-קוטוף",32.4666355,35.05543,110.228315657597,2024,0,NA,NA,"no_red_alert",0.512096774193548,TRUE,2021,13060,"אום אל-קוטוף","UMM AL-QUTUF",2,"לא יהודי",1169,602,567,334,124,215,434,0,0.782834833390113,1493.29073022668,0,NA
2024,2022,"אוםאלקוטוף","אום אל-קוטוף",32.4666355,35.05543,110.228315657597,2024,0,NA,NA,"no_red_alert",0.579081632653061,TRUE,2022,13059,"אום אל-קוטוף","UMM AL-QUTUF",2,"לא יהודי",1201,610,590,342,125,220,443,0,0.782834833390113,1534.16780752972,0,NA
2026,2009,"ירדנה","ירדנה",32.5652925,35.5632725,146.825643735759,2026,1,6,1,"temporal_distance == 6",0.596296296296296,FALSE,2009,NA,NA,NA,NA,NA,NA,NA,NA,NA,NA,NA,NA,NA,NA,NA,NA,NA
2026,2013,"ירדנה","ירדנה",32.5652925,35.5632725,146.825643735759,2026,1,6,1,"temporal_distance == 6",0.600732600732601,FALSE,2013,13068,"ירדנה","YARDENA",1,"יהודי",350,180,170,90,20,50,150,40,1.17746401656933,297.248998759015,0.114285714285714,23.3333333333333
2026,2015,"ירדנה","ירדנה",32.5652925,35.5632725,146.825643735759,2026,1,6,1,"temporal_distance == 6",0.692307692307692,TRUE,2015,13076,"ירדנה","YARDENA",1,"יהודי",340,170,180,90,20,50,140,40,1.17746401656933,288.756170223043,0.117647058823529,22
2026,2019,"ירדנה","ירדנה",32.5652925,35.5632725,146.825643735759,2026,1,6,1,"temporal_distance == 6",0.719858156028369,TRUE,2019,13073,"ירדנה","YARDENA",1,"יהודי",371,185,186,105,22,44,155,46,1.17746401656933,315.083938684555,0.123989218328841,NA
2026,2019,"ירדנה","ירדנה",32.5652925,35.5632725,146.825643735759,2026,1,6,1,"temporal_distance == 6",0.72280701754386,TRUE,2019.4,13073,"ירדנה","YARDENA",1,"יהודי",371,185,186,105,22,44,155,46,1.17746401656933,315.083938684555,0.123989218328841,NA
2026,2020,"ירדנה","ירדנה",32.5652925,35.5632725,146.825643735759,2026,1,6,1,"temporal_distance == 6",0.747368421052632,TRUE,2020,13074,"ירדנה","YARDENA",1,"יהודי",360,179,171,99,25,42,152,42,1.17746401656933,305.741827294986,0.116666666666667,NA
2026,2021,"ירדנה","ירדנה",32.5652925,35.5632725,146.825643735759,2026,1,6,1,"temporal_distance == 6",0.725631768953069,TRUE,2021,13071,"ירדנה","YARDENA",1,"יהודי",370,177,193,105,30,38,152,46,1.17746401656933,314.234655830958,0.124324324324324,NA
2026,2022,"ירדנה","ירדנה",32.5652925,35.5632725,146.825643735759,2026,1,6,1,"temporal_distance == 6",0.777385159010601,TRUE,2022,13070,"ירדנה","YARDENA",1,"יהודי",384,184,200,111,33,33,161,46,1.17746401656933,326.124615781319,0.119791666666667,NA
2029,2009,"מדרךעוז","מדרך עוז",32.5971066,35.158467,126.935949246231,2029,1,6,3,"temporal_distance == 6",0.67258883248731,FALSE,2009,NA,NA,NA,NA,NA,NA,NA,NA,NA,NA,NA,NA,NA,NA,NA,NA,NA
2029,2013,"מדרךעוז","מדרך עוז",32.5971066,35.158467,126.935949246231,2029,1,6,3,"temporal_distance == 6",0.681818181818182,FALSE,2013,13086,"מדרך עוז","MIDRAKH OZ",1,"יהודי",670,330,340,210,40,70,290,70,0.88188084649971,759.739825010725,0.104477611940299,32.5
2029,2015,"מדרךעוז","מדרך עוז",32.5971066,35.158467,126.935949246231,2029,1,6,3,"temporal_distance == 6",0.765957446808511,TRUE,2015,13080,"מדרך עוז","MIDRAKH OZ",1,"יהודי",750,370,380,240,40,70,320,80,0.88188084649971,850.45502799708,0.106666666666667,31.1666666666667
2029,2019,"מדרךעוז","מדרך עוז",32.5971066,35.158467,126.935949246231,2029,1,6,3,"temporal_distance == 6",0.70990990990991,TRUE,2019,13089,"מדרך עוז","MIDRAKH OZ",1,"יהודי",794,376,418,247,51,80,324,93,0.88188084649971,900.348389639576,0.117128463476071,NA
2029,2019,"מדרךעוז","מדרך עוז",32.5971066,35.158467,126.935949246231,2029,1,6,3,"temporal_distance == 6",0.724324324324324,TRUE,2019.4,13089,"מדרך עוז","MIDRAKH OZ",1,"יהודי",794,376,418,247,51,80,324,93,0.88188084649971,900.348389639576,0.117128463476071,NA
2029,2020,"מדרךעוז","מדרך עוז",32.5971066,35.158467,126.935949246231,2029,1,6,3,"temporal_distance == 6",0.734402852049911,TRUE,2020,13079,"מדרך עוז","MIDRAKH OZ",1,"יהודי",794,377,417,235,52,94,316,97,0.88188084649971,900.348389639576,0.122166246851385,NA
2029,2021,"מדרךעוז","מדרך עוז",32.5971066,35.158467,126.935949246231,2029,1,6,3,"temporal_distance == 6",0.712765957446808,TRUE,2021,13091,"מדרך עוז","MIDRAKH OZ",1,"יהודי",828,396,432,240,67,103,323,95,0.88188084649971,938.902350908776,0.114734299516908,NA
2029,2022,"מדרךעוז","מדרך עוז",32.5971066,35.158467,126.935949246231,2029,1,6,3,"temporal_distance == 6",0.712543554006969,TRUE,2022,13087,"מדרך עוז","MIDRAKH OZ",1,"יהודי",822,398,423,232,64,105,326,95,0.88188084649971,932.0987106848,0.115571776155718,NA
2042,2009,"עיןגדי","עין גדי",31.4526095,35.3846921,77.4373749771429,2042,0,NA,NA,"no_red_alert",0.643835616438356,FALSE,2009,NA,NA,NA,NA,NA,NA,NA,NA,NA,NA,NA,NA,NA,NA,NA,NA,NA
2042,2013,"עיןגדי","עין גדי",31.4526095,35.3846921,77.4373749771429,2042,0,NA,NA,"no_red_alert",0.697516930022573,FALSE,2013,13180,"עין גדי","EN GEDI",1,"יהודי",520,280,240,100,80,60,190,100,0.323759923629677,1606.12837490902,0.192307692307692,22.2
2042,2015,"עיןגדי","עין גדי",31.4526095,35.3846921,77.4373749771429,2042,0,NA,NA,"no_red_alert",0.673469387755102,TRUE,2015,13175,"עין גדי","EN GEDI",1,"יהודי",560,310,250,100,100,60,190,100,0.323759923629677,1729.67671144048,0.178571428571429,20
2042,2019,"עיןגדי","עין גדי",31.4526095,35.3846921,77.4373749771429,2042,0,NA,NA,"no_red_alert",0.668058455114823,TRUE,2019.4,13174,"עין גדי","EN GEDI",1,"יהודי",610,347,263,98,96,88,215,0,0.323759923629677,1884.11213210481,0,NA
2042,2019,"עיןגדי","עין גדי",31.4526095,35.3846921,77.4373749771429,2042,0,NA,NA,"no_red_alert",0.683438155136268,TRUE,2019,13174,"עין גדי","EN GEDI",1,"יהודי",610,347,263,98,96,88,215,0,0.323759923629677,1884.11213210481,0,NA
2042,2020,"עיןגדי","עין גדי",31.4526095,35.3846921,77.4373749771429,2042,0,NA,NA,"no_red_alert",0.655601659751037,TRUE,2020,13176,"עין גדי","EN GEDI",1,"יהודי",592,305,288,124,68,62,225,113,0.323759923629677,1828.51538066565,0.190878378378378,NA
2042,2021,"עיןגדי","עין גדי",31.4526095,35.3846921,77.4373749771429,2042,0,NA,NA,"no_red_alert",0.627291242362525,TRUE,2021,13169,"עין גדי","EN GEDI",1,"יהודי",588,303,285,115,75,57,229,112,0.323759923629677,1816.1605470125,0.19047619047619,NA
2042,2022,"עיןגדי","עין גדי",31.4526095,35.3846921,77.4373749771429,2042,0,NA,NA,"no_red_alert",0.592050209205021,TRUE,2022,13172,"עין גדי","EN GEDI",1,"יהודי",604,308,296,98,114,60,222,112,0.323759923629677,1865.57988162509,0.185430463576159,NA
2043,2009,"בחן","בחן",32.3512816,35.0195255,97.0487492978069,2043,0,NA,NA,"no_red_alert",0.677902621722846,FALSE,2009,NA,NA,NA,NA,NA,NA,NA,NA,NA,NA,NA,NA,NA,NA,NA,NA,NA
2043,2013,"בחן","בחן",32.3512816,35.0195255,97.0487492978069,2043,0,NA,NA,"no_red_alert",0.791011235955056,FALSE,2013,13190,"בחן","BAHAN",1,"יהודי",840,460,370,370,30,40,340,60,0.421665966442102,1992.09816976144,0.0714285714285714,62
2043,2015,"בחן","בחן",32.3512816,35.0195255,97.0487492978069,2043,0,NA,NA,"no_red_alert",0.803846153846154,TRUE,2015,13183,"בחן","BAHAN",1,"יהודי",930,500,430,410,40,50,360,70,0.421665966442102,2205.53725937873,0.0752688172043011,57
2043,2019,"בחן","בחן",32.3512816,35.0195255,97.0487492978069,2043,0,NA,NA,"no_red_alert",0.773747841105354,TRUE,2019.4,13194,"בחן","BAHAN",1,"יהודי",1084,573,511,451,95,50,418,70,0.421665966442102,2570.75525716833,0.0645756457564576,NA
2043,2019,"בחן","בחן",32.3512816,35.0195255,97.0487492978069,2043,0,NA,NA,"no_red_alert",0.798611111111111,TRUE,2019,13194,"בחן","BAHAN",1,"יהודי",1084,573,511,451,95,50,418,70,0.421665966442102,2570.75525716833,0.0645756457564576,NA
2043,2020,"בחן","בחן",32.3512816,35.0195255,97.0487492978069,2043,0,NA,NA,"no_red_alert",0.780033840947547,TRUE,2020,13191,"בחן","BAHAN",1,"יהודי",1112,586,527,454,98,57,433,70,0.421665966442102,2637.15852949371,0.0629496402877698,NA
2043,2021,"בחן","בחן",32.3512816,35.0195255,97.0487492978069,2043,0,NA,NA,"no_red_alert",0.777424483306836,TRUE,2021,13182,"בחן","BAHAN",1,"יהודי",1140,599,541,410,152,61,444,70,0.421665966442102,2703.56180181909,0.0614035087719298,NA
2043,2022,"בחן","בחן",32.3512816,35.0195255,97.0487492978069,2043,0,NA,NA,"no_red_alert",0.745535714285714,TRUE,2022,13189,"בחן","BAHAN",1,"יהודי",1147,600,548,393,164,71,442,74,0.421665966442102,2720.16261990044,0.0645161290322581,NA
2052,2009,"אביטל","אביטל",32.55723,35.3074155,130.684429770734,2052,1,6,1,"temporal_distance == 6",0.703208556149733,FALSE,2009,NA,NA,NA,NA,NA,NA,NA,NA,NA,NA,NA,NA,NA,NA,NA,NA,NA
2052,2013,"אביטל","אביטל",32.55723,35.3074155,130.684429770734,2052,1,6,1,"temporal_distance == 6",0.696808510638298,FALSE,2013,13305,"אביטל","AVITAL",1,"יהודי",480,250,230,140,30,50,190,70,1.3417111956734,357.752101605659,0.145833333333333,38
2052,2015,"אביטל","אביטל",32.55723,35.3074155,130.684429770734,2052,1,6,1,"temporal_distance == 6",0.765171503957784,TRUE,2015,13304,"אביטל","AVITAL",1,"יהודי",500,260,240,150,30,60,190,70,1.3417111956734,372.658439172561,0.14,31
2052,2019,"אביטל","אביטל",32.55723,35.3074155,130.684429770734,2052,1,6,1,"temporal_distance == 6",0.793814432989691,TRUE,2019.4,13300,"אביטל","AVITAL",1,"יהודי",494,261,233,137,44,50,186,77,1.3417111956734,368.18653790249,0.15587044534413,NA
2052,2019,"אביטל","אביטל",32.55723,35.3074155,130.684429770734,2052,1,6,1,"temporal_distance == 6",0.763020833333333,TRUE,2019,13300,"אביטל","AVITAL",1,"יהודי",494,261,233,137,44,50,186,77,1.3417111956734,368.18653790249,0.15587044534413,NA
2052,2020,"אביטל","אביטל",32.55723,35.3074155,130.684429770734,2052,1,6,1,"temporal_distance == 6",0.79136690647482,TRUE,2020,13309,"אביטל","AVITAL",1,"יהודי",494,269,222,129,46,49,192,78,1.3417111956734,368.18653790249,0.157894736842105,NA
2052,2021,"אביטל","אביטל",32.55723,35.3074155,130.684429770734,2052,1,6,1,"temporal_distance == 6",0.753148614609572,TRUE,2021,13311,"אביטל","AVITAL",1,"יהודי",489,269,220,124,45,54,186,0,1.3417111956734,364.459953510765,0,NA
2052,2022,"אביטל","אביטל",32.55723,35.3074155,130.684429770734,2052,1,6,1,"temporal_distance == 6",0.792270531400966,TRUE,2022,13308,"אביטל","AVITAL",1,"יהודי",515,281,234,133,46,61,195,0,1.3417111956734,383.838192347738,0,NA
2053,2009,"פרזון","פרזון",32.5447335,35.3112965,130.252258556403,2053,1,6,1,"temporal_distance == 6",0.605633802816901,FALSE,2009,NA,NA,NA,NA,NA,NA,NA,NA,NA,NA,NA,NA,NA,NA,NA,NA,NA
2053,2013,"פרזון","פרזון",32.5447335,35.3112965,130.252258556403,2053,1,6,1,"temporal_distance == 6",0.664429530201342,FALSE,2013,13312,"פרזון","PERAZON",1,"יהודי",320,150,170,80,20,50,120,50,0.845837849935751,378.32310297335,0.15625,42.4
2053,2015,"פרזון","פרזון",32.5447335,35.3112965,130.252258556403,2053,1,6,1,"temporal_distance == 6",0.754966887417219,TRUE,2015,13313,"פרזון","PERAZON",1,"יהודי",320,160,160,80,20,50,130,50,0.845837849935751,378.32310297335,0.15625,37.6
2053,2019,"פרזון","פרזון",32.5447335,35.3112965,130.252258556403,2053,1,6,1,"temporal_distance == 6",0.75,TRUE,2019.4,13317,"פרזון","PERAZON",1,"יהודי",322,160,162,82,20,42,132,47,0.845837849935751,380.687622366933,0.145962732919255,NA
2053,2019,"פרזון","פרזון",32.5447335,35.3112965,130.252258556403,2053,1,6,1,"temporal_distance == 6",0.711598746081505,TRUE,2019,13317,"פרזון","PERAZON",1,"יהודי",322,160,162,82,20,42,132,47,0.845837849935751,380.687622366933,0.145962732919255,NA
2053,2020,"פרזון","פרזון",32.5447335,35.3112965,130.252258556403,2053,1,6,1,"temporal_distance == 6",0.744827586206897,TRUE,2020,13320,"פרזון","PERAZON",1,"יהודי",363,174,188,94,25,52,146,46,0.845837849935751,429.160269935394,0.126721763085399,NA
2053,2021,"פרזון","פרזון",32.5447335,35.3112965,130.252258556403,2053,1,6,1,"temporal_distance == 6",0.692982456140351,TRUE,2021,13322,"פרזון","PERAZON",1,"יהודי",361,172,189,96,26,49,139,50,0.845837849935751,426.79575054181,0.138504155124654,NA
2053,2022,"פרזון","פרזון",32.5447335,35.3112965,130.252258556403,2053,1,6,1,"temporal_distance == 6",0.72972972972973,TRUE,2022,13318,"פרזון","PERAZON",1,"יהודי",353,171,182,96,23,42,141,0,0.845837849935751,417.337672967476,0,NA
2054,2009,"מיטב","מיטב",32.546892,35.300938,129.572623595548,2054,1,6,1,"temporal_distance == 6",0.665644171779141,FALSE,2009,NA,NA,NA,NA,NA,NA,NA,NA,NA,NA,NA,NA,NA,NA,NA,NA,NA
2054,2013,"מיטב","מיטב",32.546892,35.300938,129.572623595548,2054,1,6,1,"temporal_distance == 6",0.678260869565217,FALSE,2013,13327,"מיטב","METAV",1,"יהודי",450,230,220,120,40,60,180,50,1.1396110456137,394.871567568623,0.111111111111111,35.5
2054,2015,"מיטב","מיטב",32.546892,35.300938,129.572623595548,2054,1,6,1,"temporal_distance == 6",0.776203966005666,TRUE,2015,13335,"מיטב","METAV",1,"יהודי",460,250,220,120,30,60,190,60,1.1396110456137,403.64649129237,0.130434782608696,33.5
2054,2019,"מיטב","מיטב",32.546892,35.300938,129.572623595548,2054,1,6,1,"temporal_distance == 6",0.757333333333333,TRUE,2019.4,13334,"מיטב","METAV",1,"יהודי",471,259,212,126,31,71,186,55,1.1396110456137,413.298907388492,0.116772823779193,NA
2054,2019,"מיטב","מיטב",32.546892,35.300938,129.572623595548,2054,1,6,1,"temporal_distance == 6",0.785145888594164,TRUE,2019,13334,"מיטב","METAV",1,"יהודי",471,259,212,126,31,71,186,55,1.1396110456137,413.298907388492,0.116772823779193,NA
2054,2020,"מיטב","מיטב",32.546892,35.300938,129.572623595548,2054,1,6,1,"temporal_distance == 6",0.774798927613941,TRUE,2020,13330,"מיטב","METAV",1,"יהודי",458,247,211,116,32,72,184,54,1.1396110456137,401.89150654762,0.117903930131004,NA
2054,2021,"מיטב","מיטב",32.546892,35.300938,129.572623595548,2054,1,6,1,"temporal_distance == 6",0.738161559888579,TRUE,2021,13328,"מיטב","METAV",1,"יהודי",460,250,210,113,38,68,187,52,1.1396110456137,403.64649129237,0.11304347826087,NA
2054,2022,"מיטב","מיטב",32.546892,35.300938,129.572623595548,2054,1,6,1,"temporal_distance == 6",0.796703296703297,TRUE,2022,13325,"מיטב","METAV",1,"יהודי",456,248,208,113,38,65,185,55,1.1396110456137,400.136521802871,0.120614035087719,NA
2055,2009,"מאור","מאור",32.424546,35.006559,103.398160442067,2055,0,NA,NA,"no_red_alert",0.730578512396694,FALSE,2009,NA,NA,NA,NA,NA,NA,NA,NA,NA,NA,NA,NA,NA,NA,NA,NA,NA
2055,2013,"מאור","מאור",32.424546,35.006559,103.398160442067,2055,0,NA,NA,"no_red_alert",0.777310924369748,FALSE,2013,13343,"מאור","MA'OR",1,"יהודי",1170,570,600,390,90,120,510,60,0.986969785806204,1185.44662341845,0.0512820512820513,60.5
2055,2015,"מאור","מאור",32.424546,35.006559,103.398160442067,2055,0,NA,NA,"no_red_alert",0.805263157894737,TRUE,2015,13339,"מאור","MA'OR",1,"יהודי",1260,610,650,420,100,140,530,70,0.986969785806204,1276.63482521987,0.0555555555555556,59
2055,2019,"מאור","מאור",32.424546,35.006559,103.398160442067,2055,0,NA,NA,"no_red_alert",0.7718715393134,TRUE,2019.4,13348,"מאור","MA'OR",1,"יהודי",1398,676,722,432,127,164,584,93,0.986969785806204,1416.45673464872,0.0665236051502146,NA
2055,2019,"מאור","מאור",32.424546,35.006559,103.398160442067,2055,0,NA,NA,"no_red_alert",0.787741203178207,TRUE,2019,13348,"מאור","MA'OR",1,"יהודי",1398,676,722,432,127,164,584,93,0.986969785806204,1416.45673464872,0.0665236051502146,NA
2055,2020,"מאור","מאור",32.424546,35.006559,103.398160442067,2055,0,NA,NA,"no_red_alert",0.774509803921569,TRUE,2020,13346,"מאור","MA'OR",1,"יהודי",1435,722,714,440,129,165,606,95,0.986969785806204,1453.94521761152,0.0662020905923345,NA
2055,2021,"מאור","מאור",32.424546,35.006559,103.398160442067,2055,0,NA,NA,"no_red_alert",0.769148936170213,TRUE,2021,13340,"מאור","MA'OR",1,"יהודי",1441,724,717,434,123,180,601,104,0.986969785806204,1460.02443106495,0.0721721027064539,NA
2055,2022,"מאור","מאור",32.424546,35.006559,103.398160442067,2055,0,NA,NA,"no_red_alert",0.756172839506173,TRUE,2022,13342,"מאור","MA'OR",1,"יהודי",1479,739,740,436,139,174,617,113,0.986969785806204,1498.52611626999,0.0764029749830967,NA
2057,2009,"שדיתרומות","שדי תרומות",32.440574,35.4860065,131.462828800854,2057,1,6,1,"temporal_distance == 6",0.556962025316456,FALSE,2009,NA,NA,NA,NA,NA,NA,NA,NA,NA,NA,NA,NA,NA,NA,NA,NA,NA
2057,2013,"שדיתרומות","שדי תרומות",32.440574,35.4860065,131.462828800854,2057,1,6,1,"temporal_distance == 6",0.552469135802469,FALSE,2013,13352,"שדי תרומות","SEDE TERUMOT",1,"יהודי",420,220,200,100,40,60,170,50,1.4886103305012,282.142338659298,0.119047619047619,34
2057,2015,"שדיתרומות","שדי תרומות",32.440574,35.4860065,131.462828800854,2057,1,6,1,"temporal_distance == 6",0.67741935483871,TRUE,2015,13353,"שדי תרומות","SEDE TERUMOT",1,"יהודי",430,230,210,110,40,60,180,50,1.4886103305012,288.860013389281,0.116279069767442,37.5
2057,2019,"שדיתרומות","שדי תרומות",32.440574,35.4860065,131.462828800854,2057,1,6,1,"temporal_distance == 6",0.659340659340659,TRUE,2019.4,13360,"שדי תרומות","SEDE TERUMOT",1,"יהודי",463,239,224,115,38,68,191,52,1.4886103305012,311.028339998226,0.11231101511879,NA
2057,2019,"שדיתרומות","שדי תרומות",32.440574,35.4860065,131.462828800854,2057,1,6,1,"temporal_distance == 6",0.707988980716253,TRUE,2019,13360,"שדי תרומות","SEDE TERUMOT",1,"יהודי",463,239,224,115,38,68,191,52,1.4886103305012,311.028339998226,0.11231101511879,NA
2057,2020,"שדיתרומות","שדי תרומות",32.440574,35.4860065,131.462828800854,2057,1,6,1,"temporal_distance == 6",0.723577235772358,TRUE,2020,13355,"שדי תרומות","SEDE TERUMOT",1,"יהודי",458,240,215,101,42,73,191,51,1.4886103305012,307.669502633234,0.111353711790393,NA
2057,2021,"שדיתרומות","שדי תרומות",32.440574,35.4860065,131.462828800854,2057,1,6,1,"temporal_distance == 6",0.676630434782609,TRUE,2021,13351,"שדי תרומות","SEDE TERUMOT",1,"יהודי",478,249,229,109,43,72,202,51,1.4886103305012,321.104852093201,0.106694560669456,NA
2057,2022,"שדיתרומות","שדי תרומות",32.440574,35.4860065,131.462828800854,2057,1,6,1,"temporal_distance == 6",0.757105943152455,TRUE,2022,13358,"שדי תרומות","SEDE TERUMOT",1,"יהודי",494,255,239,114,43,77,206,53,1.4886103305012,331.853131661174,0.107287449392713,NA
2100,2009,"טירתכרמל","טירת כרמל",32.764342,34.9684699,136.626198025522,2100,0,NA,NA,"no_red_alert",0.566559897501602,FALSE,2009,NA,NA,NA,NA,NA,NA,NA,NA,NA,NA,NA,NA,NA,NA,NA,NA,NA
2100,2013,"טירתכרמל","טירת כרמל",32.764342,34.9684699,136.626198025522,2100,0,NA,NA,"no_red_alert",0.614558999936865,FALSE,2013,13446,"טירת כרמל","TIRAT KARMEL",1,"יהודי",18740,9280,9460,3920,1190,2890,8300,2410,5.92611152252586,3162.27595933134,0.128601921024546,59.875
2100,2015,"טירתכרמל","טירת כרמל",32.764342,34.9684699,136.626198025522,2100,0,NA,NA,"no_red_alert",0.664500154750851,TRUE,2015,13450,"טירת כרמל","TIRAT KARMEL",1,"יהודי",19370,9530,9830,4150,1180,2850,8530,2660,5.92611152252586,3268.58512978912,0.137325761486835,62.375
2100,2019,"טירתכרמל","טירת כרמל",32.764342,34.9684699,136.626198025522,2100,0,NA,NA,"no_red_alert",0.651843876177658,TRUE,2019.4,13452,"טירת כרמל","TIRAT KARMEL",1,"יהודי",23112,11382,11729,5410,1260,2932,10126,3381,5.92611152252586,3900.02785336531,0.14628764278297,NA
2100,2019,"טירתכרמל","טירת כרמל",32.764342,34.9684699,136.626198025522,2100,0,NA,NA,"no_red_alert",0.647132714363736,TRUE,2019,13452,"טירת כרמל","TIRAT KARMEL",1,"יהודי",23112,11382,11729,5410,1260,2932,10126,3381,5.92611152252586,3900.02785336531,0.14628764278297,NA
2100,2020,"טירתכרמל","טירת כרמל",32.764342,34.9684699,136.626198025522,2100,0,NA,NA,"no_red_alert",0.663797683561789,TRUE,2020,13443,"טירת כרמל","TIRAT KARMEL",1,"יהודי",24297,11975,12316,5803,1316,2952,10642,3584,5.92611152252586,4099.99034065494,0.147507922788822,NA
2100,2021,"טירתכרמל","טירת כרמל",32.764342,34.9684699,136.626198025522,2100,0,NA,NA,"no_red_alert",0.62829785066721,TRUE,2021,13454,"טירת כרמל","TIRAT KARMEL",1,"יהודי",26807,13186,13622,6626,1397,3058,11833,3891,5.92611152252586,4523.53957533593,0.145148655201999,NA
2100,2022,"טירתכרמל","טירת כרמל",32.764342,34.9684699,136.626198025522,2100,0,NA,NA,"no_red_alert",0.68516924192306,TRUE,2022,13453,"טירת כרמל","TIRAT KARMEL",1,"יהודי",28751,14158,14594,7239,1529,3132,12689,4164,5.92611152252586,4851.57930131993,0.144829745052346,NA
2300,2009,"קריתטבעון","קרית טבעון",32.7142445,35.1253606,137.724073362611,2300,0,NA,NA,"no_red_alert",0.682988637292569,FALSE,2009,NA,NA,NA,NA,NA,NA,NA,NA,NA,NA,NA,NA,NA,NA,NA,NA,NA
2300,2013,"קריתטבעון","קרית טבעון",32.7142445,35.1253606,137.724073362611,2300,0,NA,NA,"no_red_alert",0.718130753627711,FALSE,2013,13480,"קריית טבעון","QIRYAT TIV'ON",1,"יהודי",17480,8370,9100,3680,1310,2040,7460,2980,8.19272884772887,2133.59923474651,0.170480549199085,62
2300,2015,"קריתטבעון","קרית טבעון",32.7142445,35.1253606,137.724073362611,2300,0,NA,NA,"no_red_alert",0.722905282331512,TRUE,2015,13473,"קריית טבעון","QIRYAT TIV'ON",1,"יהודי",17860,8530,9330,3790,1400,2030,7430,3210,8.19272884772887,2179.98182680622,0.17973124300112,56.6666666666667
2300,2019,"קריתטבעון","קרית טבעון",32.7142445,35.1253606,137.724073362611,2300,0,NA,NA,"no_red_alert",0.694167643610785,TRUE,2019.4,13477,"קריית טבעון","QIRYAT TIV'ON",1,"יהודי",18129,8709,9420,3742,1405,2017,7343,3622,8.19272884772887,2212.81581960638,0.199790391086105,NA
2300,2019,"קריתטבעון","קרית טבעון",32.7142445,35.1253606,137.724073362611,2300,0,NA,NA,"no_red_alert",0.712496337532962,TRUE,2019,13477,"קריית טבעון","QIRYAT TIV'ON",1,"יהודי",18129,8709,9420,3742,1405,2017,7343,3622,8.19272884772887,2212.81581960638,0.199790391086105,NA
2300,2020,"קריתטבעון","קרית טבעון",32.7142445,35.1253606,137.724073362611,2300,0,NA,NA,"no_red_alert",0.691571720712825,TRUE,2020,13470,"קריית טבעון","QIRYAT TIV'ON",1,"יהודי",18310,8774,9543,3800,1348,2073,7366,3723,8.19272884772887,2234.90858056114,0.203331512834517,NA
2300,2021,"קריתטבעון","קרית טבעון",32.7142445,35.1253606,137.724073362611,2300,0,NA,NA,"no_red_alert",0.67143267710878,TRUE,2021,13478,"קריית טבעון","QIRYAT TIV'ON",1,"יהודי",18520,8904,9615,3818,1433,2027,7469,3771,8.19272884772887,2260.54106564676,0.203617710583153,NA
2300,2022,"קריתטבעון","קרית טבעון",32.7142445,35.1253606,137.724073362611,2300,0,NA,NA,"no_red_alert",0.674511975633393,TRUE,2022,13481,"קריית טבעון","QIRYAT TIV'ON",1,"יהודי",19180,9210,9969,3963,1495,2090,7767,3862,8.19272884772887,2341.10030448731,0.201355578727841,NA
2500,2009,"נשר","נשר",32.766861,35.0420564,139.669815843418,2500,0,NA,NA,"no_red_alert",0.621998320738875,FALSE,2009,NA,NA,NA,NA,NA,NA,NA,NA,NA,NA,NA,NA,NA,NA,NA,NA,NA
2500,2013,"נשר","נשר",32.766861,35.0420564,139.669815843418,2500,0,NA,NA,"no_red_alert",0.629450687952946,FALSE,2013,13510,"נשר","NESHER",1,"יהודי",23310,11350,11970,4410,1380,3610,10560,3350,12.8848462185425,1809.10191744894,0.143715143715144,61.3888888888889
2500,2015,"נשר","נשר",32.766861,35.0420564,139.669815843418,2500,0,NA,NA,"no_red_alert",0.672895744901128,TRUE,2015,13503,"נשר","NESHER",1,"יהודי",23420,11360,12060,4430,1300,3560,10410,3710,12.8848462185425,1817.63907793454,0.158411614005124,62.3888888888889
2500,2019,"נשר","נשר",32.766861,35.0420564,139.669815843418,2500,0,NA,NA,"no_red_alert",0.636622874019758,TRUE,2019.4,13500,"נשר","NESHER",1,"יהודי",24147,11712,12434,4626,1351,3245,10620,4293,12.8848462185425,1874.06194768939,0.177786060380171,NA
2500,2019,"נשר","נשר",32.766861,35.0420564,139.669815843418,2500,0,NA,NA,"no_red_alert",0.643564862104188,TRUE,2019,13500,"נשר","NESHER",1,"יהודי",24147,11712,12434,4626,1351,3245,10620,4293,12.8848462185425,1874.06194768939,0.177786060380171,NA
2500,2020,"נשר","נשר",32.766861,35.0420564,139.669815843418,2500,0,NA,NA,"no_red_alert",0.639638274224512,TRUE,2020,13508,"נשר","NESHER",1,"יהודי",24038,11667,12363,4473,1349,3228,10483,4484,12.8848462185425,1865.60239775365,0.186537981529245,NA
2500,2021,"נשר","נשר",32.766861,35.0420564,139.669815843418,2500,0,NA,NA,"no_red_alert",0.601244372502403,TRUE,2021,13504,"נשר","NESHER",1,"יהודי",23759,11537,12222,4364,1335,3127,10307,4603,12.8848462185425,1843.94905434017,0.193737110147733,NA
2500,2022,"נשר","נשר",32.766861,35.0420564,139.669815843418,2500,0,NA,NA,"no_red_alert",0.621665648544085,TRUE,2022,13505,"נשר","NESHER",1,"יהודי",23762,11471,12289,4338,1351,3064,10284,4704,12.8848462185425,1844.18188598978,0.197963134416295,NA
2710,2009,"אוםאלפחם","אום אל-פחם",32.5345474,35.151224,120.184263785055,2710,0,NA,NA,"no_red_alert",0.590224655769386,FALSE,2009,NA,NA,NA,NA,NA,NA,NA,NA,NA,NA,NA,NA,NA,NA,NA,NA,NA
2710,2013,"אוםאלפחם","אום אל-פחם",32.5345474,35.151224,120.184263785055,2710,0,NA,NA,"no_red_alert",0.567424081545976,FALSE,2013,13660,"אום אל-פחם","UMM AL-FAHM",2,"לא יהודי",0,0,0,0,0,0,0,0,25.9473598012094,0,NA,57.6486486486486
2710,2015,"אוםאלפחם","אום אל-פחם",32.5345474,35.151224,120.184263785055,2710,0,NA,NA,"no_red_alert",0.674208740901755,TRUE,2015,13652,"אום אל-פחם","UMM AL-FAHM",2,"לא יהודי",52500,26680,25820,17850,6200,8380,18110,1960,25.9473598012094,2023.32724416736,0.0373333333333333,56.4054054054054
2710,2019,"אוםאלפחם","אום אל-פחם",32.5345474,35.151224,120.184263785055,2710,0,NA,NA,"no_red_alert",0.513345271595464,TRUE,2019.4,13656,"אום אל-פחם","UMM AL-FAHM",2,"לא יהודי",56109,28601,27508,17181,6367,10208,19887,2466,25.9473598012094,2162.41653986641,0.0439501684221783,NA
2710,2019,"אוםאלפחם","אום אל-פחם",32.5345474,35.151224,120.184263785055,2710,0,NA,NA,"no_red_alert",0.451353686635945,TRUE,2019,13656,"אום אל-פחם","UMM AL-FAHM",2,"לא יהודי",56109,28601,27508,17181,6367,10208,19887,2466,25.9473598012094,2162.41653986641,0.0439501684221783,NA
2710,2020,"אוםאלפחם","אום אל-פחם",32.5345474,35.151224,120.184263785055,2710,0,NA,NA,"no_red_alert",0.631038055501106,TRUE,2020,13654,"אום אל-פחם","UMM AL-FAHM",2,"לא יהודי",56776,28947,27830,16958,6230,10601,20343,2644,25.9473598012094,2188.12243075897,0.0465689728054107,NA
2710,2021,"אוםאלפחם","אום אל-פחם",32.5345474,35.151224,120.184263785055,2710,0,NA,NA,"no_red_alert",0.33147473208943,TRUE,2021,13649,"אום אל-פחם","UMM AL-FAHM",2,"לא יהודי",57677,29408,28269,16874,6115,10990,20902,2797,25.9473598012094,2222.84658022554,0.048494200461189,NA
2710,2022,"אוםאלפחם","אום אל-פחם",32.5345474,35.151224,120.184263785055,2710,0,NA,NA,"no_red_alert",0.382855351825733,TRUE,2022,13651,"אום אל-פחם","UMM AL-FAHM",2,"לא יהודי",58665,29908,28757,16884,5934,11391,21511,2945,25.9473598012094,2260.92367198244,0.0502002897809597,NA
2720,2009,"טירה","טירה",32.233012,34.9601645,83.053278245561,2720,1,227,5,"temporal_distance > 200",0.618467670504872,FALSE,2009,NA,NA,NA,NA,NA,NA,NA,NA,NA,NA,NA,NA,NA,NA,NA,NA,NA
2720,2013,"טירה","טירה",32.233012,34.9601645,83.053278245561,2720,1,227,5,"temporal_distance > 200",0.58834388185654,FALSE,2013,13674,"טירה","TIRE",2,"לא יהודי",24050,12150,11900,7030,2540,4040,9030,1400,11.8736994738243,2025.48498494665,0.0582120582120582,63
2720,2015,"טירה","טירה",32.233012,34.9601645,83.053278245561,2720,1,227,5,"temporal_distance > 200",0.725995898328258,TRUE,2015,13663,"טירה","TIRE",2,"לא יהודי",24870,12550,12330,7090,2560,4280,9480,1470,11.8736994738243,2094.54517985959,0.0591073582629674,61.8888888888889
2720,2019,"טירה","טירה",32.233012,34.9601645,83.053278245561,2720,1,227,5,"temporal_distance > 200",0.672409017891763,TRUE,2019.4,13667,"טירה","TIRE",2,"לא יהודי",26552,13331,13221,7043,2555,4713,10420,1821,11.8736994738243,2236.20279918101,0.0685824043386562,NA
2720,2019,"טירה","טירה",32.233012,34.9601645,83.053278245561,2720,1,227,5,"temporal_distance > 200",0.596486320147709,TRUE,2019,13667,"טירה","TIRE",2,"לא יהודי",26552,13331,13221,7043,2555,4713,10420,1821,11.8736994738243,2236.20279918101,0.0685824043386562,NA
2720,2020,"טירה","טירה",32.233012,34.9601645,83.053278245561,2720,1,227,5,"temporal_distance > 200",0.724750520890449,TRUE,2020,13675,"טירה","TIRE",2,"לא יהודי",27039,13592,13444,7109,2528,4810,10668,1924,11.8736994738243,2277.21781737931,0.0711564776803876,NA
2720,2021,"טירה","טירה",32.233012,34.9601645,83.053278245561,2720,1,227,5,"temporal_distance > 200",0.470984649943841,TRUE,2021,13664,"טירה","TIRE",2,"לא יהודי",27392,13768,13624,7128,2508,4840,10897,2020,11.8736994738243,2306.94738909183,0.0737441588785047,NA
2720,2022,"טירה","טירה",32.233012,34.9601645,83.053278245561,2720,1,227,5,"temporal_distance > 200",0.622703038459548,TRUE,2022,13669,"טירה","TIRE",2,"לא יהודי",27802,13976,13826,7188,2417,4879,11196,2124,11.8736994738243,2341.4774865483,0.0763973814833465,NA
2730,2009,"טייבה","טייבה",32.2616036,34.999281,87.6529277137216,2730,1,227,5,"temporal_distance > 200",0.643899845320959,FALSE,2009,NA,NA,NA,NA,NA,NA,NA,NA,NA,NA,NA,NA,NA,NA,NA,NA,NA
2730,2013,"טייבה","טייבה",32.2616036,34.999281,87.6529277137216,2730,1,227,5,"temporal_distance > 200",0.604838709677419,FALSE,2013,13683,"טייבה","TAYIBE",2,"לא יהודי",39560,20000,19560,13600,4020,6000,14030,1910,18.9068354008579,2092.36496543493,0.0482810920121335,61.3333333333333
2730,2015,"טייבה","טייבה",32.2616036,34.999281,87.6529277137216,2730,1,227,5,"temporal_distance > 200",0.739501633986928,TRUE,2015,13681,"טייבה","TAYIBE",2,"לא יהודי",40940,20640,20300,13540,4400,6320,14630,2060,18.9068354008579,2165.35444097336,0.0503175378602833,61.8333333333333
2730,2019,"טייבה","טייבה",32.2616036,34.999281,87.6529277137216,2730,1,227,5,"temporal_distance > 200",0.666177418200043,TRUE,2019.4,13688,"טייבה","TAYIBE",2,"לא יהודי",43957,22120,21837,13239,4767,7470,16013,2468,18.9068354008579,2324.92635959614,0.0561457788293105,NA
2730,2019,"טייבה","טייבה",32.2616036,34.999281,87.6529277137216,2730,1,227,5,"temporal_distance > 200",0.618292063031007,TRUE,2019,13688,"טייבה","TAYIBE",2,"לא יהודי",43957,22120,21837,13239,4767,7470,16013,2468,18.9068354008579,2324.92635959614,0.0561457788293105,NA
2730,2020,"טייבה","טייבה",32.2616036,34.999281,87.6529277137216,2730,1,227,5,"temporal_distance > 200",0.70941919102867,TRUE,2020,13677,"טייבה","TAYIBE",2,"לא יהודי",44586,22411,22175,13118,4754,7766,16350,2598,18.9068354008579,2358.19475098286,0.0582694119230252,NA
2730,2021,"טייבה","טייבה",32.2616036,34.999281,87.6529277137216,2730,1,227,5,"temporal_distance > 200",0.434015888234488,TRUE,2021,13690,"טייבה","TAYIBE",2,"לא יהודי",45388,22851,22537,13172,4750,7994,16765,2708,18.9068354008579,2400.61327227403,0.0596633471402133,NA
2730,2022,"טייבה","טייבה",32.2616036,34.999281,87.6529277137216,2730,1,227,5,"temporal_distance > 200",0.577131413939135,TRUE,2022,13689,"טייבה","TAYIBE",2,"לא יהודי",46020,23179,22842,13076,4784,8148,17184,2829,18.9068354008579,2434.04033643366,0.0614732724902216,NA
3557,2009,"קדומים","קדומים",32.2180506,35.161528,92.290384191096,3557,0,NA,NA,"no_red_alert",0.824207492795389,FALSE,2009,NA,NA,NA,NA,NA,NA,NA,NA,NA,NA,NA,NA,NA,NA,NA,NA,NA
3557,2013,"קדומים","קדומים",32.2180506,35.161528,92.290384191096,3557,0,NA,NA,"no_red_alert",0.856646394439618,FALSE,2013,13768,"קדומים","QEDUMIM",1,"יהודי",4170,1990,2190,1710,390,600,1270,200,2.31564256723636,1800.79605505644,0.0479616306954436,56.6666666666667
3557,2015,"קדומים","קדומים",32.2180506,35.161528,92.290384191096,3557,0,NA,NA,"no_red_alert",0.861880772460118,TRUE,2015,13759,"קדומים","QEDUMIM",1,"יהודי",4340,2110,2230,1820,340,580,1330,280,2.31564256723636,1874.2098031043,0.0645161290322581,51
3557,2019,"קדומים","קדומים",32.2180506,35.161528,92.290384191096,3557,0,NA,NA,"no_red_alert",0.800531914893617,TRUE,2019.4,13765,"קדומים","QEDUMIM",1,"יהודי",4544,2240,2304,1873,375,563,1361,371,2.31564256723636,1962.30630076174,0.0816461267605634,NA
3557,2019,"קדומים","קדומים",32.2180506,35.161528,92.290384191096,3557,0,NA,NA,"no_red_alert",0.836719049444231,TRUE,2019,13765,"קדומים","QEDUMIM",1,"יהודי",4544,2240,2304,1873,375,563,1361,371,2.31564256723636,1962.30630076174,0.0816461267605634,NA
3557,2020,"קדומים","קדומים",32.2180506,35.161528,92.290384191096,3557,0,NA,NA,"no_red_alert",0.799156765044078,TRUE,2020,13770,"קדומים","Qedumim",1,"יהודי",4586,2263,2320,1812,414,599,1379,382,2.31564256723636,1980.44381498533,0.0832969908416921,NA
3557,2021,"קדומים","קדומים",32.2180506,35.161528,92.290384191096,3557,0,NA,NA,"no_red_alert",0.774436090225564,TRUE,2021,13758,"קדומים","QEDUMIM",1,"יהודי",4590,2266,2324,1787,432,597,1363,411,2.31564256723636,1982.17119729234,0.0895424836601307,NA
3557,2022,"קדומים","קדומים",32.2180506,35.161528,92.290384191096,3557,0,NA,NA,"no_red_alert",0.760220994475138,TRUE,2022,13769,"קדומים","QEDUMIM",1,"יהודי",4548,2242,2306,1744,442,575,1369,417,2.31564256723636,1964.03368306875,0.091688654353562,NA
3558,2009,"תומר","תומר",32.018984,35.4392885,97.6846065677831,3558,0,NA,NA,"no_red_alert",0.683333333333333,FALSE,2009,NA,NA,NA,NA,NA,NA,NA,NA,NA,NA,NA,NA,NA,NA,NA,NA,NA
3558,2013,"תומר","תומר",32.018984,35.4392885,97.6846065677831,3558,0,NA,NA,"no_red_alert",0.752066115702479,FALSE,2013,13782,"תומר","TOMER",1,"יהודי",230,120,110,40,10,60,120,0,0.147686105383797,1557.3570675609,0,33.6666666666667
3558,2015,"תומר","תומר",32.018984,35.4392885,97.6846065677831,3558,0,NA,NA,"no_red_alert",0.728395061728395,TRUE,2015,13780,"תומר","TOMER",1,"יהודי",250,120,120,60,10,50,120,0,0.147686105383797,1692.77942126184,0,28.3333333333333
3558,2019,"תומר","תומר",32.018984,35.4392885,97.6846065677831,3558,0,NA,NA,"no_red_alert",0.827309236947791,TRUE,2019.4,13775,"תומר","TOMER",1,"יהודי",276,141,135,86,6,17,0,0,0.147686105383797,1868.82848107307,0,NA
3558,2019,"תומר","תומר",32.018984,35.4392885,97.6846065677831,3558,0,NA,NA,"no_red_alert",0.829365079365079,TRUE,2019,13775,"תומר","TOMER",1,"יהודי",276,141,135,86,6,17,0,0,0.147686105383797,1868.82848107307,0,NA
3558,2020,"תומר","תומר",32.018984,35.4392885,97.6846065677831,3558,0,NA,NA,"no_red_alert",0.768292682926829,TRUE,2020,13776,"תומר","Tomer",1,"יהודי",288,147,134,91,6,14,0,0,0.147686105383797,1950.08189329364,0,NA
3558,2021,"תומר","תומר",32.018984,35.4392885,97.6846065677831,3558,0,NA,NA,"no_red_alert",0.795180722891566,TRUE,2021,13771,"תומר","TOMER",1,"יהודי",301,151,151,102,4,9,0,0,0.147686105383797,2038.10642319926,0,NA
3558,2022,"תומר","תומר",32.018984,35.4392885,97.6846065677831,3558,0,NA,NA,"no_red_alert",0.775590551181102,TRUE,2022,13781,"תומר","TOMER",1,"יהודי",310,156,154,109,8,0,0,0,0.147686105383797,2099.04648236469,0,NA
3565,2009,"רימונים","רימונים",31.9353815,35.340494,84.7342167808495,3565,0,NA,NA,"no_red_alert",0.655963302752294,FALSE,2009,NA,NA,NA,NA,NA,NA,NA,NA,NA,NA,NA,NA,NA,NA,NA,NA,NA
3565,2013,"רימונים","רימונים",31.9353815,35.340494,84.7342167808495,3565,0,NA,NA,"no_red_alert",0.652777777777778,FALSE,2013,13842,"רימונים","RIMMONIM",1,"יהודי",540,270,280,120,60,100,230,30,0.189191494715046,2854.25093138214,0.0555555555555556,21.3333333333333
3565,2015,"רימונים","רימונים",31.9353815,35.340494,84.7342167808495,3565,0,NA,NA,"no_red_alert",0.698237885462555,TRUE,2015,13844,"רימונים","RIMMONIM",1,"יהודי",600,300,300,140,60,110,260,30,0.189191494715046,3171.38992375794,0.05,29
3565,2019,"רימונים","רימונים",31.9353815,35.340494,84.7342167808495,3565,0,NA,NA,"no_red_alert",0.692156862745098,TRUE,2019.4,13843,"רימונים","RIMMONIM",1,"יהודי",700,351,349,211,47,128,269,0,0.189191494715046,3699.95491105093,0,NA
3565,2019,"רימונים","רימונים",31.9353815,35.340494,84.7342167808495,3565,0,NA,NA,"no_red_alert",0.695906432748538,TRUE,2019,13843,"רימונים","RIMMONIM",1,"יהודי",700,351,349,211,47,128,269,0,0.189191494715046,3699.95491105093,0,NA
3565,2020,"רימונים","רימונים",31.9353815,35.340494,84.7342167808495,3565,0,NA,NA,"no_red_alert",0.719056974459725,TRUE,2020,13846,"רימונים","Rimmonim",1,"יהודי",699,355,339,206,42,122,280,0,0.189191494715046,3694.669261178,0,NA
3565,2021,"רימונים","רימונים",31.9353815,35.340494,84.7342167808495,3565,0,NA,NA,"no_red_alert",0.669847328244275,TRUE,2021,13841,"רימונים","RIMMONIM",1,"יהודי",715,371,344,219,50,106,287,0,0.189191494715046,3779.23965914487,0,NA
3565,2022,"רימונים","רימונים",31.9353815,35.340494,84.7342167808495,3565,0,NA,NA,"no_red_alert",0.703125,TRUE,2022,13839,"רימונים","RIMMONIM",1,"יהודי",707,367,340,209,45,113,283,0,0.189191494715046,3736.95446016144,0,NA
3568,2009,"ריחן","ריחן",32.4687845,35.1349229,114.124513174494,3568,0,NA,NA,"no_red_alert",0.696428571428571,FALSE,2009,NA,NA,NA,NA,NA,NA,NA,NA,NA,NA,NA,NA,NA,NA,NA,NA,NA
3568,2013,"ריחן","ריחן",32.4687845,35.1349229,114.124513174494,3568,0,NA,NA,"no_red_alert",0.741666666666667,FALSE,2013,13881,"ריחן","REHAN",1,"יהודי",180,90,90,60,20,20,90,0,0.223381558267021,805.796151644869,0,36
3568,2015,"ריחן","ריחן",32.4687845,35.1349229,114.124513174494,3568,0,NA,NA,"no_red_alert",0.763358778625954,TRUE,2015,13882,"ריחן","REHAN",1,"יהודי",210,110,100,70,20,20,100,0,0.223381558267021,940.095510252347,0,42
3568,2019,"ריחן","ריחן",32.4687845,35.1349229,114.124513174494,3568,0,NA,NA,"no_red_alert",0.762626262626263,TRUE,2019.4,13877,"ריחן","REHAN",1,"יהודי",330,173,156,118,17,28,157,0,0.223381558267021,1477.29294468226,0,NA
3568,2019,"ריחן","ריחן",32.4687845,35.1349229,114.124513174494,3568,0,NA,NA,"no_red_alert",0.807291666666667,TRUE,2019,13877,"ריחן","REHAN",1,"יהודי",330,173,156,118,17,28,157,0,0.223381558267021,1477.29294468226,0,NA
3568,2020,"ריחן","ריחן",32.4687845,35.1349229,114.124513174494,3568,0,NA,NA,"no_red_alert",0.753623188405797,TRUE,2020,13875,"ריחן","Rehan",1,"יהודי",352,188,156,130,16,23,171,0,0.223381558267021,1575.77914099441,0,NA
3568,2021,"ריחן","ריחן",32.4687845,35.1349229,114.124513174494,3568,0,NA,NA,"no_red_alert",0.790909090909091,TRUE,2021,13878,"ריחן","REHAN",1,"יהודי",384,203,181,149,20,23,176,0,0.223381558267021,1719.03179017572,0,NA
3568,2022,"ריחן","ריחן",32.4687845,35.1349229,114.124513174494,3568,0,NA,NA,"no_red_alert",0.768595041322314,TRUE,2022,13885,"ריחן","REHAN",1,"יהודי",408,214,194,163,21,22,185,0,0.223381558267021,1826.4712770617,0,NA
3571,2009,"שבישומרון","שבי שומרון",32.2634505,35.183905,98.6011540937461,3571,1,208,2,"temporal_distance > 200",0.75103734439834,FALSE,2009,NA,NA,NA,NA,NA,NA,NA,NA,NA,NA,NA,NA,NA,NA,NA,NA,NA
3571,2013,"שבישומרון","שבי שומרון",32.2634505,35.183905,98.6011540937461,3571,1,208,2,"temporal_distance > 200",0.792607802874743,FALSE,2013,13924,"שבי שומרון","SHAVE SHOMERON",1,"יהודי",780,410,380,320,40,140,250,40,0.208006843474885,3749.87662410338,0.0512820512820513,47
3571,2015,"שבישומרון","שבי שומרון",32.2634505,35.183905,98.6011540937461,3571,1,208,2,"temporal_distance > 200",0.786538461538462,TRUE,2015,13923,"שבי שומרון","SHAVE SHOMERON",1,"יהודי",880,450,430,390,40,140,260,50,0.208006843474885,4230.63003744996,0.0568181818181818,47.6666666666667
3571,2019,"שבישומרון","שבי שומרון",32.2634505,35.183905,98.6011540937461,3571,1,208,2,"temporal_distance > 200",0.795289855072464,TRUE,2019.4,13920,"שבי שומרון","SHAVE SHOMERON",1,"יהודי",977,518,459,434,52,149,271,0,0.208006843474885,4696.96084839615,0,NA
3571,2019,"שבישומרון","שבי שומרון",32.2634505,35.183905,98.6011540937461,3571,1,208,2,"temporal_distance > 200",0.819521178637201,TRUE,2019,13920,"שבי שומרון","SHAVE SHOMERON",1,"יהודי",977,518,459,434,52,149,271,0,0.208006843474885,4696.96084839615,0,NA
3571,2020,"שבישומרון","שבי שומרון",32.2634505,35.183905,98.6011540937461,3571,1,208,2,"temporal_distance > 200",0.797853309481216,TRUE,2020,13916,"שבי שומרון","Shave Shomeron",1,"יהודי",1032,545,485,450,74,158,273,0,0.208006843474885,4961.37522573677,0,NA
3571,2021,"שבישומרון","שבי שומרון",32.2634505,35.183905,98.6011540937461,3571,1,208,2,"temporal_distance > 200",0.793650793650794,TRUE,2021,13914,"שבי שומרון","SHAVE SHOMERON",1,"יהודי",1050,561,489,469,77,153,274,0,0.208006843474885,5047.91084013916,0,NA
3571,2022,"שבישומרון","שבי שומרון",32.2634505,35.183905,98.6011540937461,3571,1,208,2,"temporal_distance > 200",0.79421768707483,TRUE,2022,13915,"שבי שומרון","SHAVE SHOMERON",1,"יהודי",1083,573,510,475,86,160,281,0,0.208006843474885,5206.55946654353,0,NA
3578,2009,"שדמותמחולה","שדמות מחולה",32.34686,35.531013,127.528661791021,3578,0,NA,NA,"no_red_alert",0.828571428571429,FALSE,2009,NA,NA,NA,NA,NA,NA,NA,NA,NA,NA,NA,NA,NA,NA,NA,NA,NA
3578,2013,"שדמותמחולה","שדמות מחולה",32.34686,35.531013,127.528661791021,3578,0,NA,NA,"no_red_alert",0.644021739130435,FALSE,2013,13993,"שדמות מחולה","SHADMOT MEHOLA",1,"יהודי",540,280,260,250,30,80,180,10,0.122924064532677,4392.95594441112,0.0185185185185185,20
3578,2015,"שדמותמחולה","שדמות מחולה",32.34686,35.531013,127.528661791021,3578,0,NA,NA,"no_red_alert",0.819314641744548,TRUE,2015,14000,"שדמות מחולה","SHADMOT MEHOLA",1,"יהודי",550,280,270,250,30,70,190,20,0.122924064532677,4474.30698041873,0.0363636363636364,16.5
3578,2019,"שדמותמחולה","שדמות מחולה",32.34686,35.531013,127.528661791021,3578,0,NA,NA,"no_red_alert",0.839285714285714,TRUE,2019.4,13996,"שדמות מחולה","SHADMOT MEHOLA",1,"יהודי",666,347,319,282,51,94,204,0,0.122924064532677,5417.97899810705,0,NA
3578,2019,"שדמותמחולה","שדמות מחולה",32.34686,35.531013,127.528661791021,3578,0,NA,NA,"no_red_alert",0.857894736842105,TRUE,2019,13996,"שדמות מחולה","SHADMOT MEHOLA",1,"יהודי",666,347,319,282,51,94,204,0,0.122924064532677,5417.97899810705,0,NA
3578,2020,"שדמותמחולה","שדמות מחולה",32.34686,35.531013,127.528661791021,3578,0,NA,NA,"no_red_alert",0.79539641943734,TRUE,2020,13999,"שדמות מחולה","Shadmot Mehola",1,"יהודי",666,350,314,261,59,104,206,0,0.122924064532677,5417.97899810705,0,NA
3578,2021,"שדמותמחולה","שדמות מחולה",32.34686,35.531013,127.528661791021,3578,0,NA,NA,"no_red_alert",0.75417661097852,TRUE,2021,13992,"שדמות מחולה","SHADMOT MEHOLA",1,"יהודי",677,361,316,274,42,115,208,0,0.122924064532677,5507.46513771542,0,NA
3578,2022,"שדמותמחולה","שדמות מחולה",32.34686,35.531013,127.528661791021,3578,0,NA,NA,"no_red_alert",0.778032036613272,TRUE,2022,14002,"שדמות מחולה","SHADMOT MEHOLA",1,"יהודי",702,365,337,275,59,106,216,0,0.122924064532677,5710.84272773446,0,NA
3598,2009,"ארגמן","ארגמן",32.1722275,35.5222129,113.987177147548,3598,0,NA,NA,"no_red_alert",0.60431654676259,FALSE,2009,NA,NA,NA,NA,NA,NA,NA,NA,NA,NA,NA,NA,NA,NA,NA,NA,NA
3598,2013,"ארגמן","ארגמן",32.1722275,35.5222129,113.987177147548,3598,0,NA,NA,"no_red_alert",0.634328358208955,FALSE,2013,14023,"ארגמן","ARGAMAN",1,"יהודי",130,70,60,20,10,30,70,0,0.184006779186344,706.495709423558,0,19.3333333333333
3598,2015,"ארגמן","ארגמן",32.1722275,35.5222129,113.987177147548,3598,0,NA,NA,"no_red_alert",0.676923076923077,TRUE,2015,14029,"ארגמן","ARGAMAN",1,"יהודי",130,70,60,20,10,30,70,10,0.184006779186344,706.495709423558,0.0769230769230769,17
3598,2019,"ארגמן","ארגמן",32.1722275,35.5222129,113.987177147548,3598,0,NA,NA,"no_red_alert",0.6640625,TRUE,2019.4,14027,"ארגמן","ARGAMAN",1,"יהודי",132,72,60,28,0,20,0,0,0.184006779186344,717.36487418392,0,NA
3598,2019,"ארגמן","ארגמן",32.1722275,35.5222129,113.987177147548,3598,0,NA,NA,"no_red_alert",0.6484375,TRUE,2019,14027,"ארגמן","ARGAMAN",1,"יהודי",132,72,60,28,0,20,0,0,0.184006779186344,717.36487418392,0,NA
3598,2020,"ארגמן","ארגמן",32.1722275,35.5222129,113.987177147548,3598,0,NA,NA,"no_red_alert",0.693548387096774,TRUE,2020,14026,"ארגמן","Argaman",1,"יהודי",133,71,43,30,0,13,0,0,0.184006779186344,722.799456564102,0,NA
3598,2021,"ארגמן","ארגמן",32.1722275,35.5222129,113.987177147548,3598,0,NA,NA,"no_red_alert",0.663934426229508,TRUE,2021,14022,"ארגמן","ARGAMAN",1,"יהודי",133,70,63,32,0,0,0,0,0.184006779186344,722.799456564102,0,NA
3598,2022,"ארגמן","ארגמן",32.1722275,35.5222129,113.987177147548,3598,0,NA,NA,"no_red_alert",0.628099173553719,TRUE,2022,14030,"ארגמן","ARGAMAN",1,"יהודי",131,68,63,32,7,0,0,0,0.184006779186344,711.930291803739,0,NA
3599,2009,"מחולה","מחולה",32.3657605,35.515604,127.710257110078,3599,0,NA,NA,"no_red_alert",0.763358778625954,FALSE,2009,NA,NA,NA,NA,NA,NA,NA,NA,NA,NA,NA,NA,NA,NA,NA,NA,NA
3599,2013,"מחולה","מחולה",32.3657605,35.515604,127.710257110078,3599,0,NA,NA,"no_red_alert",0.84070796460177,FALSE,2013,14038,"מחולה","MEHOLA",1,"יהודי",440,230,210,180,30,50,160,10,0.141970132080478,3099.2434362925,0.0227272727272727,25.5
3599,2015,"מחולה","מחולה",32.3657605,35.515604,127.710257110078,3599,0,NA,NA,"no_red_alert",0.822335025380711,TRUE,2015,14041,"מחולה","MEHOLA",1,"יהודי",470,240,230,200,40,40,170,30,0.141970132080478,3310.55548876699,0.0638297872340425,20
3599,2019,"מחולה","מחולה",32.3657605,35.515604,127.710257110078,3599,0,NA,NA,"no_red_alert",0.784431137724551,TRUE,2019.4,14035,"מחולה","MEHOLA",1,"יהודי",609,297,311,249,69,57,180,0,0.141970132080478,4289.63466523212,0,NA
3599,2019,"מחולה","מחולה",32.3657605,35.515604,127.710257110078,3599,0,NA,NA,"no_red_alert",0.857438016528926,TRUE,2019,14035,"מחולה","MEHOLA",1,"יהודי",609,297,311,249,69,57,180,0,0.141970132080478,4289.63466523212,0,NA
3599,2020,"מחולה","מחולה",32.3657605,35.515604,127.710257110078,3599,0,NA,NA,"no_red_alert",0.755162241887906,TRUE,2020,14034,"מחולה","Mehola",1,"יהודי",628,308,322,259,66,64,182,0,0.141970132080478,4423.4656317993,0,NA
3599,2021,"מחולה","מחולה",32.3657605,35.515604,127.710257110078,3599,0,NA,NA,"no_red_alert",0.763380281690141,TRUE,2021,14032,"מחולה","MEHOLA",1,"יהודי",649,312,336,264,69,67,185,0,0.141970132080478,4571.38406853144,0,NA
3599,2022,"מחולה","מחולה",32.3657605,35.515604,127.710257110078,3599,0,NA,NA,"no_red_alert",0.732824427480916,TRUE,2022,14039,"מחולה","MEHOLA",1,"יהודי",688,329,359,281,73,75,194,0,0.141970132080478,4846.08973674828,0,NA
3601,2009,"קליה","קליה",31.7510134,35.466779,87.9249714525511,3601,0,NA,NA,"no_red_alert",0.634361233480176,FALSE,2009,NA,NA,NA,NA,NA,NA,NA,NA,NA,NA,NA,NA,NA,NA,NA,NA,NA
3601,2013,"קליה","קליה",31.7510134,35.466779,87.9249714525511,3601,0,NA,NA,"no_red_alert",0.742372881355932,FALSE,2013,14049,"קליה","QALYA",1,"יהודי",370,190,190,100,30,70,170,0,0.190125811370221,1946.07979491812,0,27
3601,2015,"קליה","קליה",31.7510134,35.466779,87.9249714525511,3601,0,NA,NA,"no_red_alert",0.772727272727273,TRUE,2015,14052,"קליה","QALYA",1,"יהודי",390,200,200,110,30,70,180,0,0.190125811370221,2051.27329734612,0,22
3601,2019,"קליה","קליה",31.7510134,35.466779,87.9249714525511,3601,0,NA,NA,"no_red_alert",0.706070287539936,TRUE,2019.4,14051,"קליה","QALYA",1,"יהודי",438,222,216,120,26,64,207,0,0.190125811370221,2303.73770317334,0,NA
3601,2019,"קליה","קליה",31.7510134,35.466779,87.9249714525511,3601,0,NA,NA,"no_red_alert",0.75,TRUE,2019,14051,"קליה","QALYA",1,"יהודי",438,222,216,120,26,64,207,0,0.190125811370221,2303.73770317334,0,NA
3601,2020,"קליה","קליה",31.7510134,35.466779,87.9249714525511,3601,0,NA,NA,"no_red_alert",0.69811320754717,TRUE,2020,14047,"קליה","Qalya",1,"יהודי",463,238,222,118,40,62,217,0,0.190125811370221,2435.22958120835,0,NA
3601,2021,"קליה","קליה",31.7510134,35.466779,87.9249714525511,3601,0,NA,NA,"no_red_alert",0.676923076923077,TRUE,2021,14044,"קליה","QALYA",1,"יהודי",489,255,234,137,25,68,222,0,0.190125811370221,2571.98113436476,0,NA
3601,2022,"קליה","קליה",31.7510134,35.466779,87.9249714525511,3601,0,NA,NA,"no_red_alert",0.699115044247788,TRUE,2022,14055,"קליה","QALYA",1,"יהודי",490,251,239,142,26,57,225,0,0.190125811370221,2577.24080948616,0,NA
3606,2009,"גלגל","גלגל",32.0000155,35.444643,97.0926162621053,3606,0,NA,NA,"no_red_alert",0.581818181818182,FALSE,2009,NA,NA,NA,NA,NA,NA,NA,NA,NA,NA,NA,NA,NA,NA,NA,NA,NA
3606,2013,"גלגל","גלגל",32.0000155,35.444643,97.0926162621053,3606,0,NA,NA,"no_red_alert",0.573770491803279,FALSE,2013,14112,"גלגל","GILGAL",1,"יהודי",170,80,90,30,20,50,70,0,0.259432464231882,655.276510992292,0,28.5
3606,2015,"גלגל","גלגל",32.0000155,35.444643,97.0926162621053,3606,0,NA,NA,"no_red_alert",0.621212121212121,TRUE,2015,14118,"גלגל","GILGAL",1,"יהודי",170,70,100,30,20,40,80,10,0.259432464231882,655.276510992292,0.0588235294117647,29.5
3606,2019,"גלגל","גלגל",32.0000155,35.444643,97.0926162621053,3606,0,NA,NA,"no_red_alert",0.585526315789474,TRUE,2019.4,14115,"גלגל","GILGAL",1,"יהודי",203,97,107,43,12,46,94,0,0.259432464231882,782.477245479031,0,NA
3606,2019,"גלגל","גלגל",32.0000155,35.444643,97.0926162621053,3606,0,NA,NA,"no_red_alert",0.585034013605442,TRUE,2019,14115,"גלגל","GILGAL",1,"יהודי",203,97,107,43,12,46,94,0,0.259432464231882,782.477245479031,0,NA
3606,2020,"גלגל","גלגל",32.0000155,35.444643,97.0926162621053,3606,0,NA,NA,"no_red_alert",0.587096774193548,TRUE,2020,14113,"גלגל","Gilgal",1,"יהודי",217,94,110,57,7,44,101,0,0.259432464231882,836.441193443102,0,NA
3606,2021,"גלגל","גלגל",32.0000155,35.444643,97.0926162621053,3606,0,NA,NA,"no_red_alert",0.54320987654321,TRUE,2021,14110,"גלגל","GILGAL",1,"יהודי",222,101,122,62,4,43,101,0,0.259432464231882,855.714032001699,0,NA
3606,2022,"גלגל","גלגל",32.0000155,35.444643,97.0926162621053,3606,0,NA,NA,"no_red_alert",0.594936708860759,TRUE,2022,14116,"גלגל","GILGAL",1,"יהודי",229,104,125,69,5,39,104,0,0.259432464231882,882.696005983734,0,NA
3609,2009,"חמרה","חמרה",32.1992761,35.4355605,109.637484615406,3609,0,NA,NA,"no_red_alert",0.598425196850394,FALSE,2009,NA,NA,NA,NA,NA,NA,NA,NA,NA,NA,NA,NA,NA,NA,NA,NA,NA
3609,2013,"חמרה","חמרה",32.1992761,35.4355605,109.637484615406,3609,0,NA,NA,"no_red_alert",0.64,FALSE,2013,14151,"חמרה","HAMRA",1,"יהודי",110,60,50,30,0,10,50,20,0.152110182613303,723.16000224419,0.181818181818182,12.5
3609,2015,"חמרה","חמרה",32.1992761,35.4355605,109.637484615406,3609,0,NA,NA,"no_red_alert",0.704545454545455,TRUE,2015,14148,"חמרה","HAMRA",1,"יהודי",130,70,60,40,10,10,50,30,0.152110182613303,854.643639015861,0.230769230769231,14.5
3609,2019,"חמרה","חמרה",32.1992761,35.4355605,109.637484615406,3609,0,NA,NA,"no_red_alert",0.647058823529412,TRUE,2019.4,14152,"חמרה","HAMRA",1,"יהודי",173,69,104,44,46,12,0,0,0.152110182613303,1137.33345807495,0,NA
3609,2019,"חמרה","חמרה",32.1992761,35.4355605,109.637484615406,3609,0,NA,NA,"no_red_alert",0.718518518518519,TRUE,2019,14152,"חמרה","HAMRA",1,"יהודי",173,69,104,44,46,12,0,0,0.152110182613303,1137.33345807495,0,NA
3609,2020,"חמרה","חמרה",32.1992761,35.4355605,109.637484615406,3609,0,NA,NA,"no_red_alert",0.66412213740458,TRUE,2020,14156,"חמרה","Hamra",1,"יהודי",256,81,166,84,82,15,0,0,0.152110182613303,1682.99055067739,0,NA
3609,2021,"חמרה","חמרה",32.1992761,35.4355605,109.637484615406,3609,0,NA,NA,"no_red_alert",0.639705882352941,TRUE,2021,14154,"חמרה","HAMRA",1,"יהודי",273,89,184,68,111,15,0,0,0.152110182613303,1794.75164193331,0,NA
3609,2022,"חמרה","חמרה",32.1992761,35.4355605,109.637484615406,3609,0,NA,NA,"no_red_alert",0.702702702702703,TRUE,2022,14149,"חמרה","HAMRA",1,"יהודי",224,93,131,69,55,11,0,0,0.152110182613303,1472.61673184271,0,NA
3614,2009,"מכורה","מכורה",32.165092,35.4236425,106.159412764546,3614,0,NA,NA,"no_red_alert",0.654867256637168,FALSE,2009,NA,NA,NA,NA,NA,NA,NA,NA,NA,NA,NA,NA,NA,NA,NA,NA,NA
3614,2013,"מכורה","מכורה",32.165092,35.4236425,106.159412764546,3614,0,NA,NA,"no_red_alert",0.726415094339623,FALSE,2013,14221,"מכורה","MEKHORA",1,"יהודי",130,70,60,40,10,10,60,10,0.121899921291921,1066.44859670321,0.0769230769230769,12.5
3614,2015,"מכורה","מכורה",32.165092,35.4236425,106.159412764546,3614,0,NA,NA,"no_red_alert",0.704347826086957,TRUE,2015,14223,"מכורה","MEKHORA",1,"יהודי",140,80,70,50,10,10,60,10,0.121899921291921,1148.48310414191,0.0714285714285714,13
3614,2019,"מכורה","מכורה",32.165092,35.4236425,106.159412764546,3614,0,NA,NA,"no_red_alert",0.711111111111111,TRUE,2019.4,14220,"מכורה","MEKHORA",1,"יהודי",166,88,78,55,9,0,0,0,0.121899921291921,1361.77282348255,0,NA
3614,2019,"מכורה","מכורה",32.165092,35.4236425,106.159412764546,3614,0,NA,NA,"no_red_alert",0.699248120300752,TRUE,2019,14220,"מכורה","MEKHORA",1,"יהודי",166,88,78,55,9,0,0,0,0.121899921291921,1361.77282348255,0,NA
3614,2020,"מכורה","מכורה",32.165092,35.4236425,106.159412764546,3614,0,NA,NA,"no_red_alert",0.711111111111111,TRUE,2020,14216,"מכורה","Mekhora",1,"יהודי",178,93,82,62,10,16,0,0,0.121899921291921,1460.214232409,0,NA
3614,2021,"מכורה","מכורה",32.165092,35.4236425,106.159412764546,3614,0,NA,NA,"no_red_alert",0.661870503597122,TRUE,2021,14219,"מכורה","MEKHORA",1,"יהודי",186,98,88,61,13,19,0,0,0.121899921291921,1525.84183835997,0,NA
3614,2022,"מכורה","מכורה",32.165092,35.4236425,106.159412764546,3614,0,NA,NA,"no_red_alert",0.664335664335664,TRUE,2022,14213,"מכורה","MEKHORA",1,"יהודי",179,95,85,58,12,18,0,0,0.121899921291921,1468.41768315287,0,NA
3615,2009,"פצאל","פצאל",32.0443941,35.442084,99.4009414975705,3615,0,NA,NA,"no_red_alert",0.654708520179372,FALSE,2009,NA,NA,NA,NA,NA,NA,NA,NA,NA,NA,NA,NA,NA,NA,NA,NA,NA
3615,2013,"פצאל","פצאל",32.0443941,35.442084,99.4009414975705,3615,0,NA,NA,"no_red_alert",0.700892857142857,FALSE,2013,14228,"פצאל","PEZA'EL",1,"יהודי",220,130,100,40,0,40,110,20,0.194473794362942,1131.25781661574,0.0909090909090909,25
3615,2015,"פצאל","פצאל",32.0443941,35.442084,99.4009414975705,3615,0,NA,NA,"no_red_alert",0.782222222222222,TRUE,2015,14238,"פצאל","PEZA'EL",1,"יהודי",250,140,110,70,0,40,110,30,0.194473794362942,1285.52024615425,0.12,23
3615,2019,"פצאל","פצאל",32.0443941,35.442084,99.4009414975705,3615,0,NA,NA,"no_red_alert",0.819327731092437,TRUE,2019.4,14235,"פצאל","PEZA'EL",1,"יהודי",304,163,140,102,11,24,0,0,0.194473794362942,1563.19261932356,0,NA
3615,2019,"פצאל","פצאל",32.0443941,35.442084,99.4009414975705,3615,0,NA,NA,"no_red_alert",0.847826086956522,TRUE,2019,14235,"פצאל","PEZA'EL",1,"יהודי",304,163,140,102,11,24,0,0,0.194473794362942,1563.19261932356,0,NA
3615,2020,"פצאל","פצאל",32.0443941,35.442084,99.4009414975705,3615,0,NA,NA,"no_red_alert",0.782426778242678,TRUE,2020,14230,"פצאל","Peza'el",1,"יהודי",321,172,145,109,15,23,122,0,0.194473794362942,1650.60799606205,0,NA
3615,2021,"פצאל","פצאל",32.0443941,35.442084,99.4009414975705,3615,0,NA,NA,"no_red_alert",0.766393442622951,TRUE,2021,14231,"פצאל","PEZA'EL",1,"יהודי",361,189,172,129,17,21,133,0,0.194473794362942,1856.29123544673,0,NA
3615,2022,"פצאל","פצאל",32.0443941,35.442084,99.4009414975705,3615,0,NA,NA,"no_red_alert",0.776951672862453,TRUE,2022,14226,"פצאל","PEZA'EL",1,"יהודי",371,193,177,136,19,17,136,0,0.194473794362942,1907.7120452929,0,NA
3639,2009,"ורדיריחו","ורד יריחו",31.826984,35.4322771,87.6750388421595,3639,0,NA,NA,"no_red_alert",0.677018633540373,FALSE,2009,NA,NA,NA,NA,NA,NA,NA,NA,NA,NA,NA,NA,NA,NA,NA,NA,NA
3639,2013,"ורדיריחו","ורד יריחו",31.826984,35.4322771,87.6750388421595,3639,0,NA,NA,"no_red_alert",0.830409356725146,FALSE,2013,14337,"ורד יריחו","WERED YERIHO",1,"יהודי",220,110,110,70,10,30,100,10,0.169434357799679,1298.43794881381,0.0454545454545455,49.6666666666667
3639,2015,"ורדיריחו","ורד יריחו",31.826984,35.4322771,87.6750388421595,3639,0,NA,NA,"no_red_alert",0.786127167630058,TRUE,2015,14340,"ורד יריחו","WERED YERIHO",1,"יהודי",240,120,120,80,20,20,100,10,0.169434357799679,1416.47776234234,0.0416666666666667,47
3639,2019,"ורדיריחו","ורד יריחו",31.826984,35.4322771,87.6750388421595,3639,0,NA,NA,"no_red_alert",0.780172413793103,TRUE,2019.4,14330,"ורד יריחו","WERED YERIHO",1,"יהודי",341,174,167,121,25,35,136,0,0.169434357799679,2012.57882066141,0,NA
3639,2019,"ורדיריחו","ורד יריחו",31.826984,35.4322771,87.6750388421595,3639,0,NA,NA,"no_red_alert",0.783185840707965,TRUE,2019,14330,"ורד יריחו","WERED YERIHO",1,"יהודי",341,174,167,121,25,35,136,0,0.169434357799679,2012.57882066141,0,NA
3639,2020,"ורדיריחו","ורד יריחו",31.826984,35.4322771,87.6750388421595,3639,0,NA,NA,"no_red_alert",0.794117647058823,TRUE,2020,14335,"ורד יריחו","Wered Yeriho",1,"יהודי",360,183,180,131,22,36,145,0,0.169434357799679,2124.71664351351,0,NA
3639,2021,"ורדיריחו","ורד יריחו",31.826984,35.4322771,87.6750388421595,3639,0,NA,NA,"no_red_alert",0.752941176470588,TRUE,2021,14331,"ורד יריחו","WERED YERIHO",1,"יהודי",364,182,182,128,27,32,148,0,0.169434357799679,2148.32460621921,0,NA
3639,2022,"ורדיריחו","ורד יריחו",31.826984,35.4322771,87.6750388421595,3639,0,NA,NA,"no_red_alert",0.745318352059925,TRUE,2022,14339,"ורד יריחו","WERED YERIHO",1,"יהודי",377,189,188,121,34,36,154,0,0.169434357799679,2225.05048501276,0,NA
3640,2009,"קרנישומרון","קרני שומרון",32.1707625,35.1053194,83.7464840229706,3640,0,NA,NA,"no_red_alert",0.731718061674009,FALSE,2009,NA,NA,NA,NA,NA,NA,NA,NA,NA,NA,NA,NA,NA,NA,NA,NA,NA
3640,2013,"קרנישומרון","קרני שומרון",32.1707625,35.1053194,83.7464840229706,3640,0,NA,NA,"no_red_alert",0.744329022683909,FALSE,2013,14347,"קרני שומרון","QARNE SHOMERON",1,"יהודי",6560,3430,3130,1860,600,1460,2260,380,7.19756291616176,911.419611945296,0.0579268292682927,57.25
3640,2015,"קרנישומרון","קרני שומרון",32.1707625,35.1053194,83.7464840229706,3640,0,NA,NA,"no_red_alert",0.775698969939037,TRUE,2015,14348,"קרני שומרון","QARNE SHOMERON",1,"יהודי",6910,3590,3310,2020,650,1380,2380,470,7.19756291616176,960.047182704572,0.0680173661360347,52.25
3640,2019,"קרנישומרון","קרני שומרון",32.1707625,35.1053194,83.7464840229706,3640,0,NA,NA,"no_red_alert",0.75130014858841,TRUE,2019.4,14341,"קרני שומרון","QARNE SHOMERON",1,"יהודי",8135,4202,3933,2740,627,1357,2753,657,7.19756291616176,1130.24368036204,0.0807621389059619,NA
3640,2019,"קרנישומרון","קרני שומרון",32.1707625,35.1053194,83.7464840229706,3640,0,NA,NA,"no_red_alert",0.771498310176493,TRUE,2019,14341,"קרני שומרון","QARNE SHOMERON",1,"יהודי",8135,4202,3933,2740,627,1357,2753,657,7.19756291616176,1130.24368036204,0.0807621389059619,NA
3640,2020,"קרנישומרון","קרני שומרון",32.1707625,35.1053194,83.7464840229706,3640,0,NA,NA,"no_red_alert",0.755276564774381,TRUE,2020,14352,"קרני שומרון","Qarne Shomeron",1,"יהודי",9418,4764,4652,3247,675,1450,3240,806,7.19756291616176,1308.4984611739,0.0855808027181992,NA
3640,2021,"קרנישומרון","קרני שומרון",32.1707625,35.1053194,83.7464840229706,3640,0,NA,NA,"no_red_alert",0.725599111252182,TRUE,2021,14349,"קרני שומרון","QARNE SHOMERON",1,"יהודי",9663,4882,4780,3375,669,1460,3313,846,7.19756291616176,1342.53776070539,0.0875504501707544,NA
3640,2022,"קרנישומרון","קרני שומרון",32.1707625,35.1053194,83.7464840229706,3640,0,NA,NA,"no_red_alert",0.735457920792079,TRUE,2022,14351,"קרני שומרון","QARNE SHOMERON",1,"יהודי",9920,5063,4857,3441,839,1388,3352,899,7.19756291616176,1378.24429123435,0.090625,NA
3643,2009,"חיננית","חיננית",32.4814815,35.167567,117.290526474943,3643,0,NA,NA,"no_red_alert",0.809744779582367,FALSE,2009,NA,NA,NA,NA,NA,NA,NA,NA,NA,NA,NA,NA,NA,NA,NA,NA,NA
3643,2013,"חיננית","חיננית",32.4814815,35.167567,117.290526474943,3643,0,NA,NA,"no_red_alert",0.82078853046595,FALSE,2013,14377,"חיננית","HINNANIT",1,"יהודי",980,510,470,430,70,100,360,20,0.640554692421747,1529.92400429526,0.0204081632653061,43
3643,2015,"חיננית","חיננית",32.4814815,35.167567,117.290526474943,3643,0,NA,NA,"no_red_alert",0.8096,TRUE,2015,14378,"חיננית","HINNANIT",1,"יהודי",1090,570,520,480,70,120,400,20,0.640554692421747,1701.65016804269,0.018348623853211,41
3643,2019,"חיננית","חיננית",32.4814815,35.167567,117.290526474943,3643,0,NA,NA,"no_red_alert",0.752910737386805,TRUE,2019.4,14372,"חיננית","HINNANIT",1,"יהודי",1410,729,681,642,82,147,519,0,0.640554692421747,2201.21718985339,0,NA
3643,2019,"חיננית","חיננית",32.4814815,35.167567,117.290526474943,3643,0,NA,NA,"no_red_alert",0.782383419689119,TRUE,2019,14372,"חיננית","HINNANIT",1,"יהודי",1410,729,681,642,82,147,519,0,0.640554692421747,2201.21718985339,0,NA
3643,2020,"חיננית","חיננית",32.4814815,35.167567,117.290526474943,3643,0,NA,NA,"no_red_alert",0.777777777777778,TRUE,2020,14369,"חיננית","Hinnanit",1,"יהודי",1478,765,707,665,80,170,536,0,0.640554692421747,2307.37518198816,0,NA
3643,2021,"חיננית","חיננית",32.4814815,35.167567,117.290526474943,3643,0,NA,NA,"no_red_alert",0.76094674556213,TRUE,2021,14379,"חיננית","HINNANIT",1,"יהודי",1513,776,737,692,74,166,546,0,0.640554692421747,2362.01532499871,0,NA
3643,2022,"חיננית","חיננית",32.4814815,35.167567,117.290526474943,3643,0,NA,NA,"no_red_alert",0.759423503325942,TRUE,2022,14373,"חיננית","HINNANIT",1,"יהודי",1659,857,802,761,83,177,598,0,0.640554692421747,2589.94277869984,0,NA
3649,2009,"שקד","שקד",32.473527,35.1690215,116.222455772766,3649,0,NA,NA,"no_red_alert",0.743654822335025,FALSE,2009,NA,NA,NA,NA,NA,NA,NA,NA,NA,NA,NA,NA,NA,NA,NA,NA,NA
3649,2013,"שקד","שקד",32.473527,35.1690215,116.222455772766,3649,0,NA,NA,"no_red_alert",0.754716981132076,FALSE,2013,14446,"שקד","SHAQED",1,"יהודי",740,390,360,220,60,100,330,30,0.510374679415985,1449.91518945801,0.0405405405405405,49
3649,2015,"שקד","שקד",32.473527,35.1690215,116.222455772766,3649,0,NA,NA,"no_red_alert",0.773255813953488,TRUE,2015,14454,"שקד","SHAQED",1,"יהודי",850,430,420,280,70,100,360,50,0.510374679415985,1665.4431230261,0.0588235294117647,44
3649,2019,"שקד","שקד",32.473527,35.1690215,116.222455772766,3649,0,NA,NA,"no_red_alert",0.717948717948718,TRUE,2019.4,14449,"שקד","SHAQED",1,"יהודי",962,500,461,362,49,99,384,0,0.510374679415985,1884.88974629542,0,NA
3649,2019,"שקד","שקד",32.473527,35.1690215,116.222455772766,3649,0,NA,NA,"no_red_alert",0.740740740740741,TRUE,2019,14449,"שקד","SHAQED",1,"יהודי",962,500,461,362,49,99,384,0,0.510374679415985,1884.88974629542,0,NA
3649,2020,"שקד","שקד",32.473527,35.1690215,116.222455772766,3649,0,NA,NA,"no_red_alert",0.71280276816609,TRUE,2020,14453,"שקד","Shaqed",1,"יהודי",1018,529,490,384,60,106,398,0,0.510374679415985,1994.61305793008,0,NA
3649,2021,"שקד","שקד",32.473527,35.1690215,116.222455772766,3649,0,NA,NA,"no_red_alert",0.741407528641571,TRUE,2021,14455,"שקד","SHAQED",1,"יהודי",1081,551,529,413,68,101,419,0,0.510374679415985,2118.05178351907,0,NA
3649,2022,"שקד","שקד",32.473527,35.1690215,116.222455772766,3649,0,NA,NA,"no_red_alert",0.729970326409496,TRUE,2022,14452,"שקד","SHAQED",1,"יהודי",1128,571,557,417,74,112,443,0,0.510374679415985,2210.14099149816,0,NA
3651,2009,"מעלהמכמש","מעלה מכמש",31.8791305,35.305902,79.0884450859718,3651,0,NA,NA,"no_red_alert",0.839869281045752,FALSE,2009,NA,NA,NA,NA,NA,NA,NA,NA,NA,NA,NA,NA,NA,NA,NA,NA,NA
3651,2013,"מעלהמכמש","מעלה מכמש",31.8791305,35.305902,79.0884450859718,3651,0,NA,NA,"no_red_alert",0.877840909090909,FALSE,2013,14475,"מעלה מכמש","MA'ALE MIKHMAS",1,"יהודי",1290,680,610,650,60,140,410,20,0.142814904096402,9032.67070171634,0.0155038759689922,35
3651,2015,"מעלהמכמש","מעלה מכמש",31.8791305,35.305902,79.0884450859718,3651,0,NA,NA,"no_red_alert",0.873239436619718,TRUE,2015,14478,"מעלה מכמש","MA'ALE MIKHMAS",1,"יהודי",1350,690,670,640,90,160,440,30,0.142814904096402,9452.79492040082,0.0222222222222222,37
3651,2019,"מעלהמכמש","מעלה מכמש",31.8791305,35.305902,79.0884450859718,3651,0,NA,NA,"no_red_alert",0.786096256684492,TRUE,2019.4,14476,"מעלה מכמש","MA'ALE MIKHMAS",1,"יהודי",1529,769,760,682,110,195,491,0,0.142814904096402,10706.1655061429,0,NA
3651,2019,"מעלהמכמש","מעלה מכמש",31.8791305,35.305902,79.0884450859718,3651,0,NA,NA,"no_red_alert",0.806486486486486,TRUE,2019,14476,"מעלה מכמש","MA'ALE MIKHMAS",1,"יהודי",1529,769,760,682,110,195,491,0,0.142814904096402,10706.1655061429,0,NA
3651,2020,"מעלהמכמש","מעלה מכמש",31.8791305,35.305902,79.0884450859718,3651,0,NA,NA,"no_red_alert",0.783246073298429,TRUE,2020,14472,"מעלה מכמש","Ma'ale Mikhmas",1,"יהודי",1636,809,826,664,174,230,513,0,0.142814904096402,11455.3870294635,0,NA
3651,2021,"מעלהמכמש","מעלה מכמש",31.8791305,35.305902,79.0884450859718,3651,0,NA,NA,"no_red_alert",0.775672981056829,TRUE,2021,14471,"מעלה מכמש","MA'ALE MIKHMAS",1,"יהודי",1691,829,862,685,180,243,525,0,0.142814904096402,11840.500896591,0,NA
3651,2022,"מעלהמכמש","מעלה מכמש",31.8791305,35.305902,79.0884450859718,3651,0,NA,NA,"no_red_alert",0.776951672862453,TRUE,2022,14483,"מעלה מכמש","MA'ALE MIKHMAS",1,"יהודי",1744,848,896,714,150,259,557,0,0.142814904096402,12211.6106230956,0,NA
3656,2009,"כרמל","כרמל",32.8026295,34.983837,141.353127063174,4000,0,NA,NA,"no_red_alert",0.837606837606838,FALSE,2009,NA,NA,NA,NA,NA,NA,NA,NA,NA,NA,NA,NA,NA,NA,NA,NA,NA
3656,2013,"כרמל","כרמל",32.8026295,34.983837,141.353127063174,4000,0,NA,NA,"no_red_alert",0.8559670781893,FALSE,2013,14537,"כרמל","KARMEL",1,"יהודי",390,210,180,170,10,100,110,0,0.177030833085395,2203.00607076663,0,27
3656,2015,"כרמל","כרמל",32.8026295,34.983837,141.353127063174,4000,0,NA,NA,"no_red_alert",0.813688212927757,TRUE,2015,14536,"כרמל","KARMEL",1,"יהודי",410,220,180,170,20,90,130,0,0.177030833085395,2315.98074106236,0,23
3656,2019,"כרמל","כרמל",32.8026295,34.983837,141.353127063174,4000,0,NA,NA,"no_red_alert",0.775665399239544,TRUE,2019.4,14538,"כרמל","KARMEL",1,"יהודי",437,243,194,196,18,83,132,0,0.177030833085395,2468.49654596159,0,NA
3656,2019,"כרמל","כרמל",32.8026295,34.983837,141.353127063174,4000,0,NA,NA,"no_red_alert",0.859848484848485,TRUE,2019,14538,"כרמל","KARMEL",1,"יהודי",437,243,194,196,18,83,132,0,0.177030833085395,2468.49654596159,0,NA
3656,2020,"כרמל","כרמל",32.8026295,34.983837,141.353127063174,4000,0,NA,NA,"no_red_alert",0.815094339622642,TRUE,2020,14541,"כרמל","Karmel",1,"יהודי",448,236,208,194,25,81,139,0,0.177030833085395,2530.63261462424,0,NA
3656,2021,"כרמל","כרמל",32.8026295,34.983837,141.353127063174,4000,0,NA,NA,"no_red_alert",0.819494584837545,TRUE,2021,14548,"כרמל","KARMEL",1,"יהודי",467,244,223,216,15,85,139,0,0.177030833085395,2637.95855140518,0,NA
3656,2022,"כרמל","כרמל",32.8026295,34.983837,141.353127063174,4000,0,NA,NA,"no_red_alert",0.746527777777778,TRUE,2022,14542,"כרמל","KARMEL",1,"יהודי",465,235,231,215,16,76,142,0,0.177030833085395,2626.6610843756,0,NA
3660,2009,"עמנואל","עמנואל",32.1585666,35.1422255,85.7249349319036,3660,0,NA,NA,"no_red_alert",0.66388557806913,FALSE,2009,NA,NA,NA,NA,NA,NA,NA,NA,NA,NA,NA,NA,NA,NA,NA,NA,NA
3660,2013,"עמנואל","עמנואל",32.1585666,35.1422255,85.7249349319036,3660,0,NA,NA,"no_red_alert",0.738122171945701,FALSE,2013,14600,"עמנואל","IMMANU'EL",1,"יהודי",3120,1570,1540,1460,230,470,850,110,4.87535003615156,639.954049835327,0.0352564102564103,33.2857142857143
3660,2015,"עמנואל","עמנואל",32.1585666,35.1422255,85.7249349319036,3660,0,NA,NA,"no_red_alert",0.728414442700157,TRUE,2015,14593,"עמנואל","IMMANU'EL",1,"יהודי",3250,1630,1620,1530,250,500,870,110,4.87535003615156,666.618801911799,0.0338461538461538,41.5714285714286
3660,2019,"עמנואל","עמנואל",32.1585666,35.1422255,85.7249349319036,3660,0,NA,NA,"no_red_alert",0.732362312243969,TRUE,2019.4,14589,"עמנואל","IMMANU'EL",1,"יהודי",3906,1958,1947,1824,287,667,979,148,4.87535003615156,801.173243159226,0.0378904249871992,NA
3660,2019,"עמנואל","עמנואל",32.1585666,35.1422255,85.7249349319036,3660,0,NA,NA,"no_red_alert",0.726849697533737,TRUE,2019,14589,"עמנואל","IMMANU'EL",1,"יהודי",3906,1958,1947,1824,287,667,979,148,4.87535003615156,801.173243159226,0.0378904249871992,NA
3660,2020,"עמנואל","עמנואל",32.1585666,35.1422255,85.7249349319036,3660,0,NA,NA,"no_red_alert",0.73374613003096,TRUE,2020,14588,"עמנואל","Immanu'el",1,"יהודי",4129,2052,2079,1930,283,740,1014,162,4.87535003615156,846.913548644251,0.0392346815209494,NA
3660,2021,"עמנואל","עמנואל",32.1585666,35.1422255,85.7249349319036,3660,0,NA,NA,"no_red_alert",0.672979797979798,TRUE,2021,14591,"עמנואל","IMMANU'EL",1,"יהודי",4372,2168,2205,2065,304,754,1087,163,4.87535003615156,896.756123679503,0.0372827081427264,NA
3660,2022,"עמנואל","עמנואל",32.1585666,35.1422255,85.7249349319036,3660,0,NA,NA,"no_red_alert",0.75808336579665,TRUE,2022,14592,"עמנואל","IMMANU'EL",1,"יהודי",4656,2328,2329,2211,319,813,1130,185,4.87535003615156,955.008351292718,0.039733676975945,NA
3715,2009,"עלמון","עלמון",31.828431,35.2943875,75.5927523904828,3715,1,210,4,"temporal_distance > 200",0.742115027829313,FALSE,2009,NA,NA,NA,NA,NA,NA,NA,NA,NA,NA,NA,NA,NA,NA,NA,NA,NA
3715,2013,"עלמון","עלמון",31.828431,35.2943875,75.5927523904828,3715,1,210,4,"temporal_distance > 200",0.768308921438083,FALSE,2013,14663,"עלמון","ALMON",1,"יהודי",1190,580,610,400,110,150,490,40,0.174926954565863,6802.8395220929,0.0336134453781513,60.3333333333333
3715,2015,"עלמון","עלמון",31.828431,35.2943875,75.5927523904828,3715,1,210,4,"temporal_distance > 200",0.775757575757576,TRUE,2015,14660,"עלמון","ALMON",1,"יהודי",1290,640,650,430,120,180,510,60,0.174926954565863,7374.5067088234,0.0465116279069767,55.6666666666667
3715,2019,"עלמון","עלמון",31.828431,35.2943875,75.5927523904828,3715,1,210,4,"temporal_distance > 200",0.753326509723644,TRUE,2019.4,14654,"עלמון","ALMON",1,"יהודי",1420,723,697,446,117,208,562,88,0.174926954565863,8117.67405157304,0.0619718309859155,NA
3715,2019,"עלמון","עלמון",31.828431,35.2943875,75.5927523904828,3715,1,210,4,"temporal_distance > 200",0.770767613038906,TRUE,2019,14654,"עלמון","ALMON",1,"יהודי",1420,723,697,446,117,208,562,88,0.174926954565863,8117.67405157304,0.0619718309859155,NA
3715,2020,"עלמון","עלמון",31.828431,35.2943875,75.5927523904828,3715,1,210,4,"temporal_distance > 200",0.749746707193516,TRUE,2020,14653,"עלמון","Almon",1,"יהודי",1440,741,702,434,131,205,575,95,0.174926954565863,8232.00748891914,0.0659722222222222,NA
3715,2021,"עלמון","עלמון",31.828431,35.2943875,75.5927523904828,3715,1,210,4,"temporal_distance > 200",0.724070450097847,TRUE,2021,14655,"עלמון","ALMON",1,"יהודי",1442,739,703,432,132,204,573,101,0.174926954565863,8243.44083265375,0.0700416088765603,NA
3715,2022,"עלמון","עלמון",31.828431,35.2943875,75.5927523904828,3715,1,210,4,"temporal_distance > 200",0.751205400192864,TRUE,2022,14658,"עלמון","ALMON",1,"יהודי",1467,745,722,438,127,214,588,101,0.174926954565863,8386.35762933637,0.0688479890933879,NA
3717,2009,"חרמש","חרמש",32.42325,35.1189896,109.146198743125,3717,0,NA,NA,"no_red_alert",0.571428571428571,FALSE,2009,NA,NA,NA,NA,NA,NA,NA,NA,NA,NA,NA,NA,NA,NA,NA,NA,NA
3717,2013,"חרמש","חרמש",32.42325,35.1189896,109.146198743125,3717,0,NA,NA,"no_red_alert",0.605882352941176,FALSE,2013,14673,"חרמש","HERMESH",1,"יהודי",190,100,90,50,20,20,90,20,0.267038051375884,711.509086517993,0.105263157894737,17
3717,2015,"חרמש","חרמש",32.42325,35.1189896,109.146198743125,3717,0,NA,NA,"no_red_alert",0.674033149171271,TRUE,2015,14676,"חרמש","HERMESH",1,"יהודי",220,110,110,60,20,30,100,20,0.267038051375884,823.852626494518,0.0909090909090909,24.6666666666667
3717,2019,"חרמש","חרמש",32.42325,35.1189896,109.146198743125,3717,0,NA,NA,"no_red_alert",0.689655172413793,TRUE,2019.4,14675,"חרמש","HERMESH",1,"יהודי",224,119,105,51,16,30,105,0,0.267038051375884,838.831765158054,0,NA
3717,2019,"חרמש","חרמש",32.42325,35.1189896,109.146198743125,3717,0,NA,NA,"no_red_alert",0.691176470588235,TRUE,2019,14675,"חרמש","HERMESH",1,"יהודי",224,119,105,51,16,30,105,0,0.267038051375884,838.831765158054,0,NA
3717,2020,"חרמש","חרמש",32.42325,35.1189896,109.146198743125,3717,0,NA,NA,"no_red_alert",0.63768115942029,TRUE,2020,14667,"חרמש","Hermesh",1,"יהודי",228,118,102,52,19,26,101,0,0.267038051375884,853.810903821591,0,NA
3717,2021,"חרמש","חרמש",32.42325,35.1189896,109.146198743125,3717,0,NA,NA,"no_red_alert",0.617924528301887,TRUE,2021,14671,"חרמש","HERMESH",1,"יהודי",235,119,116,56,15,31,100,0,0.267038051375884,880.02439648278,0,NA
3717,2022,"חרמש","חרמש",32.42325,35.1189896,109.146198743125,3717,0,NA,NA,"no_red_alert",0.647887323943662,TRUE,2022,14666,"חרמש","HERMESH",1,"יהודי",245,122,123,62,15,34,97,0,0.267038051375884,917.472243141622,0,NA
3751,2009,"מגדלים","מגדלים",32.0904831,35.3419725,95.041486326704,3751,0,NA,NA,"no_red_alert",0.56043956043956,FALSE,2009,NA,NA,NA,NA,NA,NA,NA,NA,NA,NA,NA,NA,NA,NA,NA,NA,NA
3751,2013,"מגדלים","מגדלים",32.0904831,35.3419725,95.041486326704,3751,0,NA,NA,"no_red_alert",0.621621621621622,FALSE,2013,14902,"מגדלים","MIGDALIM",1,"יהודי",150,90,60,40,10,30,70,0,0.162185564275927,924.866529704236,0,27
3751,2015,"מגדלים","מגדלים",32.0904831,35.3419725,95.041486326704,3751,0,NA,NA,"no_red_alert",0.694029850746269,TRUE,2015,14894,"מגדלים","MIGDALIM",1,"יהודי",270,160,110,100,10,70,90,10,0.162185564275927,1664.75975346762,0.037037037037037,31
3751,2019,"מגדלים","מגדלים",32.0904831,35.3419725,95.041486326704,3751,0,NA,NA,"no_red_alert",0.733624454148472,TRUE,2019.4,14898,"מגדלים","MIGDALIM",1,"יהודי",447,248,199,206,12,83,131,0,0.162185564275927,2756.10225851862,0,NA
3751,2019,"מגדלים","מגדלים",32.0904831,35.3419725,95.041486326704,3751,0,NA,NA,"no_red_alert",0.765486725663717,TRUE,2019,14898,"מגדלים","MIGDALIM",1,"יהודי",447,248,199,206,12,83,131,0,0.162185564275927,2756.10225851862,0,NA
3751,2020,"מגדלים","מגדלים",32.0904831,35.3419725,95.041486326704,3751,0,NA,NA,"no_red_alert",0.736842105263158,TRUE,2020,14895,"מגדלים","Migdalim",1,"יהודי",503,270,226,233,15,88,153,0,0.162185564275927,3101.38576294154,0,NA
3751,2021,"מגדלים","מגדלים",32.0904831,35.3419725,95.041486326704,3751,0,NA,NA,"no_red_alert",0.747252747252747,TRUE,2021,14897,"מגדלים","MIGDALIM",1,"יהודי",543,280,263,257,22,85,162,0,0.162185564275927,3348.01683752933,0,NA
3751,2022,"מגדלים","מגדלים",32.0904831,35.3419725,95.041486326704,3751,0,NA,NA,"no_red_alert",0.760942760942761,TRUE,2022,14903,"מגדלים","MIGDALIM",1,"יהודי",592,301,291,291,22,83,180,0,0.162185564275927,3650.13990389938,0,NA
3767,2009,"נחליאל","נחליאל",32.4444315,34.927338,101.90744845949,6500,1,208,2,"temporal_distance > 200",0.742105263157895,FALSE,2009,NA,NA,NA,NA,NA,NA,NA,NA,NA,NA,NA,NA,NA,NA,NA,NA,NA
3767,2013,"נחליאל","נחליאל",32.4444315,34.927338,101.90744845949,6500,1,208,2,"temporal_distance > 200",0.776892430278884,FALSE,2013,15042,"נחליאל","NAHALI'EL",1,"יהודי",550,290,260,290,30,100,130,10,0.00323581713760927,169972.522120443,0.0181818181818182,39
3767,2015,"נחליאל","נחליאל",32.4444315,34.927338,101.90744845949,6500,1,208,2,"temporal_distance > 200",0.850694444444444,TRUE,2015,15043,"נחליאל","NAHALI'EL",1,"יהודי",670,350,320,360,40,90,160,20,0.00323581713760927,207057.436037631,0.0298507462686567,42
3767,2019,"נחליאל","נחליאל",32.4444315,34.927338,101.90744845949,6500,1,208,2,"temporal_distance > 200",0.784848484848485,TRUE,2019.4,15049,"נחליאל","NAHALI'EL",1,"יהודי",725,389,335,392,45,92,175,0,0.00323581713760927,224054.688249675,0,NA
3767,2019,"נחליאל","נחליאל",32.4444315,34.927338,101.90744845949,6500,1,208,2,"temporal_distance > 200",0.781818181818182,TRUE,2019,15049,"נחליאל","NAHALI'EL",1,"יהודי",725,389,335,392,45,92,175,0,0.00323581713760927,224054.688249675,0,NA
3767,2020,"נחליאל","נחליאל",32.4444315,34.927338,101.90744845949,6500,1,208,2,"temporal_distance > 200",0.759036144578313,TRUE,2020,15039,"נחליאל","Nahali'el",1,"יהודי",736,384,345,398,44,91,183,0,0.00323581713760927,227454.138692084,0,NA
3767,2021,"נחליאל","נחליאל",32.4444315,34.927338,101.90744845949,6500,1,208,2,"temporal_distance > 200",0.720116618075802,TRUE,2021,15037,"נחליאל","NAHALI'EL",1,"יהודי",737,386,351,396,50,86,183,0,0.00323581713760927,227763.179641394,0,NA
3767,2022,"נחליאל","נחליאל",32.4444315,34.927338,101.90744845949,6500,1,208,2,"temporal_distance > 200",0.76878612716763,TRUE,2022,15044,"נחליאל","NAHALI'EL",1,"יהודי",743,380,363,390,52,90,189,0,0.00323581713760927,229617.425337253,0,NA
4000,2009,"חיפה","חיפה",32.7996224,35.016776,142.648821617816,4000,0,NA,NA,"no_red_alert",0.580387588329833,FALSE,2009,NA,NA,NA,NA,NA,NA,NA,NA,NA,NA,NA,NA,NA,NA,NA,NA,NA
4000,2013,"חיפה","חיפה",32.7996224,35.016776,142.648821617816,4000,0,NA,NA,"no_red_alert",0.586025279440413,FALSE,2013,15354,"חיפה","HAIFA",4,"מעורב",273180,131260,141990,52050,15160,39320,113640,52940,64.5543004703389,4231.78623282455,0.193791639212241,62.6630434782609
4000,2015,"חיפה","חיפה",32.7996224,35.016776,142.648821617816,4000,0,NA,NA,"no_red_alert",0.622006461849602,TRUE,2015,15357,"חיפה","HAIFA",4,"מעורב",278880,134050,144960,54630,15390,39160,114700,55240,64.5543004703389,4320.08399081233,0.198078026391279,62.9782608695652
4000,2019,"חיפה","חיפה",32.7996224,35.016776,142.648821617816,4000,0,NA,NA,"no_red_alert",0.582886108540854,TRUE,2019.4,15355,"חיפה","HAIFA",4,"מעורב",285317,137696,147627,57194,15929,37650,115356,58502,64.5543004703389,4419.79849399957,0.205042111055423,NA
4000,2019,"חיפה","חיפה",32.7996224,35.016776,142.648821617816,4000,0,NA,NA,"no_red_alert",0.587438373960124,TRUE,2019,15355,"חיפה","HAIFA",4,"מעורב",285317,137696,147627,57194,15929,37650,115356,58502,64.5543004703389,4419.79849399957,0.205042111055423,NA
4000,2020,"חיפה","חיפה",32.7996224,35.016776,142.648821617816,4000,0,NA,NA,"no_red_alert",0.582821569782115,TRUE,2020,15350,"חיפה","HAIFA",4,"מעורב",283735,136781,146898,56466,16515,36469,114824,58998,64.5543004703389,4395.29199344928,0.207933459037482,NA
4000,2021,"חיפה","חיפה",32.7996224,35.016776,142.648821617816,4000,0,NA,NA,"no_red_alert",0.5511105775003,TRUE,2021,15359,"חיפה","HAIFA",4,"מעורב",282834,136489,146340,56034,16160,36671,114147,59262,64.5543004703389,4381.33475135332,0.209529264515582,NA
4000,2022,"חיפה","חיפה",32.7996224,35.016776,142.648821617816,4000,0,NA,NA,"no_red_alert",0.55528796803689,TRUE,2022,15352,"חיפה","HAIFA",4,"מעורב",290305,140319,149990,56926,16703,38097,117822,60085,64.5543004703389,4497.06677765624,0.206971977747541,NA
6000,2009,"באקהאלגרביה","באקה אל-גרביה",32.4191113,35.0357895,104.077576635775,6000,0,NA,NA,"no_red_alert",0.49751345808767,FALSE,2009,NA,NA,NA,NA,NA,NA,NA,NA,NA,NA,NA,NA,NA,NA,NA,NA,NA
6000,2013,"באקהאלגרביה","באקה אל-גרביה",32.4191113,35.0357895,104.077576635775,6000,0,NA,NA,"no_red_alert",0.4326171875,FALSE,2013,16151,"באקה אל-גרביה","BAQA AL-GHARBIYYE",2,"לא יהודי",27100,13730,13360,9490,2790,4200,9430,1180,9.5021134593176,2851.99709685914,0.0435424354243542,61.7692307692308
6000,2015,"באקהאלגרביה","באקה אל-גרביה",32.4191113,35.0357895,104.077576635775,6000,0,NA,NA,"no_red_alert",0.615112736136502,TRUE,2015,16164,"באקה אל-גרביה","BAQA AL-GHARBIYYE",2,"לא יהודי",28130,14210,13920,9360,3120,4420,9920,1310,9.5021134593176,2960.39403448885,0.0465694987557767,60.2307692307692
6000,2019,"באקהאלגרביה","באקה אל-גרביה",32.4191113,35.0357895,104.077576635775,6000,0,NA,NA,"no_red_alert",0.578660312417262,TRUE,2019.4,16159,"באקה אל-גרביה","BAQA AL-GHARBIYYE",2,"לא יהודי",29950,15106,14845,8908,3353,5126,10945,1619,9.5021134593176,3151.93037088308,0.0540567612687813,NA
6000,2019,"באקהאלגרביה","באקה אל-גרביה",32.4191113,35.0357895,104.077576635775,6000,0,NA,NA,"no_red_alert",0.428816742688489,TRUE,2019,16159,"באקה אל-גרביה","BAQA AL-GHARBIYYE",2,"לא יהודי",29950,15106,14845,8908,3353,5126,10945,1619,9.5021134593176,3151.93037088308,0.0540567612687813,NA
6000,2020,"באקהאלגרביה","באקה אל-גרביה",32.4191113,35.0357895,104.077576635775,6000,0,NA,NA,"no_red_alert",0.618923565883395,TRUE,2020,16161,"באקה אל-גרביה","BAQA AL-GHARBIYYE",2,"לא יהודי",30456,15407,15050,8926,3295,5344,11205,1686,9.5021134593176,3205.18168199048,0.0553585500394011,NA
6000,2021,"באקהאלגרביה","באקה אל-גרביה",32.4191113,35.0357895,104.077576635775,6000,0,NA,NA,"no_red_alert",0.313345150671056,TRUE,2021,16155,"באקה אל-גרביה","BAQA AL-GHARBIYYE",2,"לא יהודי",30973,15655,15317,8894,3301,5530,11490,1759,9.5021134593176,3259.59063029588,0.0567913989603848,NA
6000,2022,"באקהאלגרביה","באקה אל-גרביה",32.4191113,35.0357895,104.077576635775,6000,0,NA,NA,"no_red_alert",0.475463837620501,TRUE,2022,16162,"באקה אל-גרביה","BAQA AL-GHARBIYYE",2,"לא יהודי",31397,15857,15541,8853,3230,5651,11809,1855,9.5021134593176,3304.21228229102,0.0590820779055324,NA
6500,2009,"חדרה","חדרה",32.4406399,34.9238165,102.091048173486,6500,1,232,2,"temporal_distance > 200",0.561766445627471,FALSE,2009,NA,NA,NA,NA,NA,NA,NA,NA,NA,NA,NA,NA,NA,NA,NA,NA,NA
6500,2013,"חדרה","חדרה",32.4406399,34.9238165,102.091048173486,6500,1,232,2,"temporal_distance > 200",0.577455640518438,FALSE,2013,16222,"חדרה","HADERA",1,"יהודי",85390,42000,43410,19150,5710,12520,36380,11660,50.6859448716254,1684.68793895963,0.136549947300621,61.4
6500,2015,"חדרה","חדרה",32.4406399,34.9238165,102.091048173486,6500,1,232,2,"temporal_distance > 200",0.648789224817309,TRUE,2015,16225,"חדרה","HADERA",1,"יהודי",88790,43580,45200,20350,5810,12220,37680,12770,50.6859448716254,1751.76767888775,0.143822502534069,61.4666666666667
6500,2019,"חדרה","חדרה",32.4406399,34.9238165,102.091048173486,6500,1,232,2,"temporal_distance > 200",0.628321276004814,TRUE,2019,16223,"חדרה","HADERA",1,"יהודי",97332,47945,49389,23038,6212,12286,40743,15006,50.6859448716254,1920.29566078954,0.15417334484034,NA
6500,2019,"חדרה","חדרה",32.4406399,34.9238165,102.091048173486,6500,1,232,2,"temporal_distance > 200",0.622931177500691,TRUE,2019.4,16223,"חדרה","HADERA",1,"יהודי",97332,47945,49389,23038,6212,12286,40743,15006,50.6859448716254,1920.29566078954,0.15417334484034,NA
6500,2020,"חדרה","חדרה",32.4406399,34.9238165,102.091048173486,6500,1,232,2,"temporal_distance > 200",0.630254186368505,TRUE,2020,16227,"חדרה","HADERA",1,"יהודי",98915,48573,50330,23424,6282,12288,41186,15676,50.6859448716254,1951.52719852666,0.158479502603245,NA
6500,2021,"חדרה","חדרה",32.4406399,34.9238165,102.091048173486,6500,1,232,2,"temporal_distance > 200",0.590772278246553,TRUE,2021,16220,"חדרה","HADERA",1,"יהודי",100633,49303,51330,23882,6408,12292,41798,16196,50.6859448716254,1985.42219652564,0.160941241938529,NA
6500,2022,"חדרה","חדרה",32.4406399,34.9238165,102.091048173486,6500,1,232,2,"temporal_distance > 200",0.627481563743901,TRUE,2022,16232,"חדרה","HADERA",1,"יהודי",103044,50566,52474,24337,6665,12239,42808,16925,50.6859448716254,2032.98962386879,0.164250223205621,NA
6800,2009,"קריתאתא","קרית אתא",32.7991306,35.1028235,145.219450521301,6800,0,NA,NA,"no_red_alert",0.603841479398518,FALSE,2009,NA,NA,NA,NA,NA,NA,NA,NA,NA,NA,NA,NA,NA,NA,NA,NA,NA
6800,2013,"קריתאתא","קרית אתא",32.7991306,35.1028235,145.219450521301,6800,0,NA,NA,"no_red_alert",0.609739321824059,FALSE,2013,16267,"קריית אתא","QIRYAT ATTA",1,"יהודי",53390,26040,27340,11430,3380,8050,23090,7420,16.3424855973285,3266.94490149819,0.138977336579884,62.9090909090909
6800,2015,"קריתאתא","קרית אתא",32.7991306,35.1028235,145.219450521301,6800,0,NA,NA,"no_red_alert",0.669652630403217,TRUE,2015,16264,"קריית אתא","QIRYAT ATTA",1,"יהודי",55470,27130,28330,12110,3460,7960,23660,8300,16.3424855973285,3394.22052230951,0.14963043086353,62.6363636363636
6800,2019,"קריתאתא","קרית אתא",32.7991306,35.1028235,145.219450521301,6800,0,NA,NA,"no_red_alert",0.657375268840101,TRUE,2019,16273,"קריית אתא","QIRYAT ATTA",1,"יהודי",59031,28881,30150,13442,3652,7588,24653,9699,16.3424855973285,3612.11883274657,0.164303501550033,NA
6800,2019,"קריתאתא","קרית אתא",32.7991306,35.1028235,145.219450521301,6800,0,NA,NA,"no_red_alert",0.652896415778206,TRUE,2019.4,16273,"קריית אתא","QIRYAT ATTA",1,"יהודי",59031,28881,30150,13442,3652,7588,24653,9699,16.3424855973285,3612.11883274657,0.164303501550033,NA
6800,2020,"קריתאתא","קרית אתא",32.7991306,35.1028235,145.219450521301,6800,0,NA,NA,"no_red_alert",0.661316550864818,TRUE,2020,16270,"קריית אתא","QIRYAT ATTA",1,"יהודי",59362,29070,30292,13396,3642,7620,24663,10041,16.3424855973285,3632.37278971222,0.169148613591186,NA
6800,2021,"קריתאתא","קרית אתא",32.7991306,35.1028235,145.219450521301,6800,0,NA,NA,"no_red_alert",0.617795328516216,TRUE,2021,16265,"קריית אתא","QIRYAT ATTA",1,"יהודי",60103,29417,30687,13636,3695,7624,24835,10316,16.3424855973285,3677.71472962625,0.171638686920786,NA
6800,2022,"קריתאתא","קרית אתא",32.7991306,35.1028235,145.219450521301,6800,0,NA,NA,"no_red_alert",0.649707626420688,TRUE,2022,16263,"קריית אתא","QIRYAT ATTA",1,"יהודי",61142,29925,31217,13889,3824,7527,25229,10674,16.3424855973285,3741.2913498296,0.174577213699257,NA
6900,2009,"כפרסבא","כפר סבא",32.179595,34.9207583,76.1464261482036,6900,1,187,2,"temporal_distance > 200",0.67880504613947,FALSE,2009,NA,NA,NA,NA,NA,NA,NA,NA,NA,NA,NA,NA,NA,NA,NA,NA,NA
6900,2013,"כפרסבא","כפר סבא",32.179595,34.9207583,76.1464261482036,6900,1,187,2,"temporal_distance > 200",0.716771280695959,FALSE,2013,16283,"כפר סבא","KEFAR SAVA",1,"יהודי",91660,44150,47530,20340,5710,10990,40650,13960,14.4836180105393,6328.52923442896,0.152301985598953,63
6900,2015,"כפרסבא","כפר סבא",32.179595,34.9207583,76.1464261482036,6900,1,187,2,"temporal_distance > 200",0.749124930915599,TRUE,2015,16286,"כפר סבא","KEFAR SAVA",1,"יהודי",96910,46620,50320,22500,6000,10550,41820,16120,14.4836180105393,6691.00772538196,0.166339903002786,62.9090909090909
6900,2019,"כפרסבא","כפר סבא",32.179595,34.9207583,76.1464261482036,6900,1,187,2,"temporal_distance > 200",0.720709073505464,TRUE,2019.4,16284,"כפר סבא","KEFAR SAVA",1,"יהודי",101431,48845,52588,24136,6264,9807,41843,19386,14.4836180105393,7003.15348873405,0.191125001232365,NA
6900,2019,"כפרסבא","כפר סבא",32.179595,34.9207583,76.1464261482036,6900,1,187,2,"temporal_distance > 200",0.732085361287907,TRUE,2019,16284,"כפר סבא","KEFAR SAVA",1,"יהודי",101431,48845,52588,24136,6264,9807,41843,19386,14.4836180105393,7003.15348873405,0.191125001232365,NA
6900,2020,"כפרסבא","כפר סבא",32.179595,34.9207583,76.1464261482036,6900,1,187,2,"temporal_distance > 200",0.722084674424362,TRUE,2020,16281,"כפר סבא","KEFAR SAVA",1,"יהודי",101827,49152,52687,24061,6399,9835,41600,19932,14.4836180105393,7030.49472348022,0.195743761477801,NA
6900,2021,"כפרסבא","כפר סבא",32.179595,34.9207583,76.1464261482036,6900,1,187,2,"temporal_distance > 200",0.699081031806647,TRUE,2021,16285,"כפר סבא","KEFAR SAVA",1,"יהודי",101799,49138,52664,23603,6767,9723,41204,20495,14.4836180105393,7028.56150486181,0.201328107348795,NA
6900,2022,"כפרסבא","כפר סבא",32.179595,34.9207583,76.1464261482036,6900,1,187,2,"temporal_distance > 200",0.698851193461957,TRUE,2022,16275,"כפר סבא","KEFAR SAVA",1,"יהודי",101557,48862,52695,23055,6815,9619,41206,20851,14.4836180105393,7011.85297251693,0.205313272349518,NA
7300,2009,"נצרת","נצרת",32.714179,35.2898175,144.511453494153,7300,1,6,1,"temporal_distance == 6",0.478433706766438,FALSE,2009,NA,NA,NA,NA,NA,NA,NA,NA,NA,NA,NA,NA,NA,NA,NA,NA,NA
7300,2013,"נצרת","נצרת",32.714179,35.2898175,144.511453494153,7300,1,6,1,"temporal_distance == 6",0.550539571867839,FALSE,2013,16343,"נצרת","NAZARETH",2,"לא יהודי",74370,37200,37170,21250,7650,11930,28180,5350,14.1958537010931,5238.85365163162,0.0719376092510421,62.5263157894737
7300,2015,"נצרת","נצרת",32.714179,35.2898175,144.511453494153,7300,1,6,1,"temporal_distance == 6",0.6140855124737,TRUE,2015,16341,"נצרת","NAZARETH",2,"לא יהודי",75740,37850,37930,20910,7770,12480,28930,5670,14.1958537010931,5335.36070424337,0.0748613678373383,62
7300,2019,"נצרת","נצרת",32.714179,35.2898175,144.511453494153,7300,1,6,1,"temporal_distance == 6",0.557527827616841,TRUE,2019.4,16337,"נצרת","NAZARETH",2,"לא יהודי",77444,38755,38687,19456,7449,13678,30243,6621,14.1958537010931,5455.39575362323,0.0854940343990496,NA
7300,2019,"נצרת","נצרת",32.714179,35.2898175,144.511453494153,7300,1,6,1,"temporal_distance == 6",0.398309987552813,TRUE,2019,16337,"נצרת","NAZARETH",2,"לא יהודי",77444,38755,38687,19456,7449,13678,30243,6621,14.1958537010931,5455.39575362323,0.0854940343990496,NA
7300,2020,"נצרת","נצרת",32.714179,35.2898175,144.511453494153,7300,1,6,1,"temporal_distance == 6",0.603372751354814,TRUE,2020,16342,"נצרת","NAZARETH",2,"לא יהודי",77792,38867,38927,19334,7122,13853,30604,6879,14.1958537010931,5479.90995384869,0.0884281160016454,NA
7300,2021,"נצרת","נצרת",32.714179,35.2898175,144.511453494153,7300,1,6,1,"temporal_distance == 6",0.390330007674597,TRUE,2021,16332,"נצרת","NAZARETH",2,"לא יהודי",77926,38899,39028,19138,6904,13851,31001,7039,14.1958537010931,5489.34932979758,0.0903292867592331,NA
7300,2022,"נצרת","נצרת",32.714179,35.2898175,144.511453494153,7300,1,6,1,"temporal_distance == 6",0.482854214620541,TRUE,2022,16334,"נצרת","NAZARETH",2,"לא יהודי",78008,38917,39088,18893,6636,13735,31330,7418,14.1958537010931,5495.12566433346,0.0950928109937442,NA
7400,2009,"נתניה","נתניה",32.3047284,34.860388,85.8006358936619,7400,0,NA,NA,"no_red_alert",0.551214185360527,FALSE,2009,NA,NA,NA,NA,NA,NA,NA,NA,NA,NA,NA,NA,NA,NA,NA,NA,NA
7400,2013,"נתניה","נתניה",32.3047284,34.860388,85.8006358936619,7400,0,NA,NA,"no_red_alert",0.584772390060222,FALSE,2013,16354,"נתניה","NETANYA",1,"יהודי",196970,96080,100910,46410,12200,26340,81180,30850,29.028353979978,6785.43468692223,0.156622835964868,62.925
7400,2015,"נתניה","נתניה",32.3047284,34.860388,85.8006358936619,7400,0,NA,NA,"no_red_alert",0.631907361142356,TRUE,2015,16353,"נתניה","NETANYA",1,"יהודי",207870,101230,106640,49860,12640,26410,84540,34560,29.028353979978,7160.9296256817,0.166257757252129,62.875
7400,2019,"נתניה","נתניה",32.3047284,34.860388,85.8006358936619,7400,0,NA,NA,"no_red_alert",0.592254502719397,TRUE,2019.4,16349,"נתניה","NETANYA",1,"יהודי",221352,107851,113503,53182,13733,26359,88004,40005,29.028353979978,7625.37208112713,0.180730239618345,NA
7400,2019,"נתניה","נתניה",32.3047284,34.860388,85.8006358936619,7400,0,NA,NA,"no_red_alert",0.603258138443272,TRUE,2019,16349,"נתניה","NETANYA",1,"יהודי",221352,107851,113503,53182,13733,26359,88004,40005,29.028353979978,7625.37208112713,0.180730239618345,NA
7400,2020,"נתניה","נתניה",32.3047284,34.860388,85.8006358936619,7400,0,NA,NA,"no_red_alert",0.598002307529806,TRUE,2020,16355,"נתניה","NETANYA",1,"יהודי",222118,108263,113856,52936,13935,26481,87821,40863,29.028353979978,7651.76007407114,0.183969781827677,NA
7400,2021,"נתניה","נתניה",32.3047284,34.860388,85.8006358936619,7400,0,NA,NA,"no_red_alert",0.564959093096626,TRUE,2021,16352,"נתניה","NETANYA",1,"יהודי",224065,109134,114930,53024,14256,26511,88078,42090,29.028353979978,7718.83242689359,0.187847276459956,NA
7400,2022,"נתניה","נתניה",32.3047284,34.860388,85.8006358936619,7400,0,NA,NA,"no_red_alert",0.582860362667759,TRUE,2022,16345,"נתניה","NETANYA",1,"יהודי",233104,113567,119534,54372,15070,27160,92535,43867,29.028353979978,8030.21763344834,0.188186388907955,NA
7700,2009,"עפולה","עפולה",32.607609,35.3106015,135.530167595351,66,1,6,1,"temporal_distance == 6",0.55930746561886,FALSE,2009,NA,NA,NA,NA,NA,NA,NA,NA,NA,NA,NA,NA,NA,NA,NA,NA,NA
7700,2013,"עפולה","עפולה",32.607609,35.3106015,135.530167595351,66,1,6,1,"temporal_distance == 6",0.572170361726954,FALSE,2013,16393,"עפולה","AFULA",1,"יהודי",42770,20740,22040,9570,2910,6840,17800,5680,29.269301062621,1461.25798865148,0.13280336684592,50.4871794871795
7700,2015,"עפולה","עפולה",32.607609,35.3106015,135.530167595351,66,1,6,1,"temporal_distance == 6",0.650685507612078,TRUE,2015,16397,"עפולה","AFULA",1,"יהודי",44920,21790,23150,10210,3070,7100,18310,6280,29.269301062621,1534.71379121404,0.139804096170971,58.8717948717949
7700,2019,"עפולה","עפולה",32.607609,35.3106015,135.530167595351,66,1,6,1,"temporal_distance == 6",0.63951135061325,TRUE,2019.4,16396,"עפולה","AFULA",1,"יהודי",54249,26354,27896,13862,3423,8030,21091,7838,29.269301062621,1853.44364335642,0.144481925934119,NA
7700,2019,"עפולה","עפולה",32.607609,35.3106015,135.530167595351,66,1,6,1,"temporal_distance == 6",0.647204599524187,TRUE,2019,16396,"עפולה","AFULA",1,"יהודי",54249,26354,27896,13862,3423,8030,21091,7838,29.269301062621,1853.44364335642,0.144481925934119,NA
7700,2020,"עפולה","עפולה",32.607609,35.3106015,135.530167595351,66,1,6,1,"temporal_distance == 6",0.632336390412107,TRUE,2020,16394,"עפולה","AFULA",1,"יהודי",56768,27686,29079,14884,3597,7982,21972,8251,29.269301062621,1939.50651156808,0.145345969560316,NA
7700,2021,"עפולה","עפולה",32.607609,35.3106015,135.530167595351,66,1,6,1,"temporal_distance == 6",0.593040394270186,TRUE,2021,16395,"עפולה","AFULA",1,"יהודי",59074,28830,30245,15712,3709,8253,22685,8720,29.269301062621,2018.29213050263,0.14761147035921,NA
7700,2022,"עפולה","עפולה",32.607609,35.3106015,135.530167595351,66,1,6,1,"temporal_distance == 6",0.632701111837803,TRUE,2022,16387,"עפולה","AFULA",1,"יהודי",61519,29963,31553,16565,3815,8487,23438,9209,29.269301062621,2101.82675248656,0.149693590598027,NA
7800,2009,"פרדסחנהכרכור","פרדס חנה-כרכור",32.47489,34.9782499,107.124791385522,7800,0,NA,NA,"no_red_alert",0.613280562884784,FALSE,2009,NA,NA,NA,NA,NA,NA,NA,NA,NA,NA,NA,NA,NA,NA,NA,NA,NA
7800,2013,"פרדסחנהכרכור","פרדס חנה-כרכור",32.47489,34.9782499,107.124791385522,7800,0,NA,NA,"no_red_alert",0.653325951119196,FALSE,2013,16399,"פרדס חנה-כרכור","PARDES HANNA-KARKUR",1,"יהודי",35780,17550,18230,9610,2380,4430,15650,3700,22.5129073055318,1589.31050150099,0.103409726103969,62.3214285714286
7800,2015,"פרדסחנהכרכור","פרדס חנה-כרכור",32.47489,34.9782499,107.124791385522,7800,0,NA,NA,"no_red_alert",0.716183257663878,TRUE,2015,16405,"פרדס חנה-כרכור","PARDES HANNA-KARKUR",1,"יהודי",38020,18710,19320,10610,2550,4310,16510,4070,22.5129073055318,1688.80897895661,0.1070489216202,61.5
7800,2019,"פרדסחנהכרכור","פרדס חנה-כרכור",32.47489,34.9782499,107.124791385522,7800,0,NA,NA,"no_red_alert",0.709680622207513,TRUE,2019.4,16406,"פרדס חנה-כרכור","PARDES HANNA-KARKUR",1,"יהודי",43011,21056,21956,12341,2834,4459,18439,4940,22.5129073055318,1910.50402403742,0.114854339587547,NA
7800,2019,"פרדסחנהכרכור","פרדס חנה-כרכור",32.47489,34.9782499,107.124791385522,7800,0,NA,NA,"no_red_alert",0.721679720046659,TRUE,2019,16406,"פרדס חנה-כרכור","PARDES HANNA-KARKUR",1,"יהודי",43011,21056,21956,12341,2834,4459,18439,4940,22.5129073055318,1910.50402403742,0.114854339587547,NA
7800,2020,"פרדסחנהכרכור","פרדס חנה-כרכור",32.47489,34.9782499,107.124791385522,7800,0,NA,NA,"no_red_alert",0.7145287401446,TRUE,2020,16401,"פרדס חנה-כרכור","PARDES HANNA-KARKUR",1,"יהודי",43760,21373,22390,12291,2913,4581,18645,5330,22.5129073055318,1943.77382743664,0.121800731261426,NA
7800,2021,"פרדסחנהכרכור","פרדס חנה-כרכור",32.47489,34.9782499,107.124791385522,7800,0,NA,NA,"no_red_alert",0.691697446603501,TRUE,2021,16403,"פרדס חנה-כרכור","PARDES HANNA-KARKUR",1,"יהודי",44210,21629,22580,12197,3079,4560,18796,5582,22.5129073055318,1963.76236085407,0.126261026916987,NA
7800,2022,"פרדסחנהכרכור","פרדס חנה-כרכור",32.47489,34.9782499,107.124791385522,7800,0,NA,NA,"no_red_alert",0.694480022492268,TRUE,2022,16409,"פרדס חנה-כרכור","PARDES HANNA-KARKUR",1,"יהודי",44840,21953,22886,12095,3293,4597,19075,5781,22.5129073055318,1991.74630763846,0.128925066904549,NA
8200,2009,"קריתמוצקין","קרית מוצקין",32.8417945,35.0819335,148.905200299476,8200,0,NA,NA,"no_red_alert",0.641117415975556,FALSE,2009,NA,NA,NA,NA,NA,NA,NA,NA,NA,NA,NA,NA,NA,NA,NA,NA,NA
8200,2013,"קריתמוצקין","קרית מוצקין",32.8417945,35.0819335,148.905200299476,8200,0,NA,NA,"no_red_alert",0.636540720158125,FALSE,2013,16444,"קריית מוצקין","QIRYAT MOTZKIN",1,"יהודי",39220,18540,20690,7310,2130,5100,17340,7320,3.7755171988438,10387.9807545336,0.186639469658338,63
8200,2015,"קריתמוצקין","קרית מוצקין",32.8417945,35.0819335,148.905200299476,8200,0,NA,NA,"no_red_alert",0.690252768619494,TRUE,2015,16445,"קריית מוצקין","QIRYAT MOTZKIN",1,"יהודי",40170,18990,21170,7730,2200,4820,17470,7950,3.7755171988438,10639.6019099851,0.197908887229276,63
8200,2019,"קריתמוצקין","קרית מוצקין",32.8417945,35.0819335,148.905200299476,8200,0,NA,NA,"no_red_alert",0.656208455198086,TRUE,2019.4,16452,"קריית מוצקין","QIRYAT MOTZKIN",1,"יהודי",43303,20485,22818,8686,2404,4676,18264,9276,3.7755171988438,11469.4219942266,0.21421148650209,NA
8200,2019,"קריתמוצקין","קרית מוצקין",32.8417945,35.0819335,148.905200299476,8200,0,NA,NA,"no_red_alert",0.668890203884017,TRUE,2019,16452,"קריית מוצקין","QIRYAT MOTZKIN",1,"יהודי",43303,20485,22818,8686,2404,4676,18264,9276,3.7755171988438,11469.4219942266,0.21421148650209,NA
8200,2020,"קריתמוצקין","קרית מוצקין",32.8417945,35.0819335,148.905200299476,8200,0,NA,NA,"no_red_alert",0.653721597640926,TRUE,2020,16451,"קריית מוצקין","QIRYAT MOTZKIN",1,"יהודי",45467,21497,23970,9344,2460,4879,19175,9609,3.7755171988438,12042.5884999077,0.211340092814569,NA
8200,2021,"קריתמוצקין","קרית מוצקין",32.8417945,35.0819335,148.905200299476,8200,0,NA,NA,"no_red_alert",0.619109217267793,TRUE,2021,16448,"קריית מוצקין","QIRYAT MOTZKIN",1,"יהודי",46564,21997,24567,9684,2537,4905,19499,9941,3.7755171988438,12333.1447183606,0.213491109011253,NA
8200,2022,"קריתמוצקין","קרית מוצקין",32.8417945,35.0819335,148.905200299476,8200,0,NA,NA,"no_red_alert",0.6334716796875,TRUE,2022,16450,"קריית מוצקין","QIRYAT MOTZKIN",1,"יהודי",48002,22708,25294,9942,2659,4981,20078,10338,3.7755171988438,12714.0196884019,0.215366026415566,NA
8800,2009,"שפרעם","שפרעם",32.8012879,35.1786884,148.051637350568,8800,0,NA,NA,"no_red_alert",0.48655030325478,FALSE,2009,NA,NA,NA,NA,NA,NA,NA,NA,NA,NA,NA,NA,NA,NA,NA,NA,NA
8800,2013,"שפרעם","שפרעם",32.8012879,35.1786884,148.051637350568,8800,0,NA,NA,"no_red_alert",0.54090626939789,FALSE,2013,16533,"שפרעם","SHEFAR'AM",2,"לא יהודי",38720,19420,19290,11380,4000,5930,15150,2250,19.6348067899614,1972.00820024347,0.0581095041322314,62.2592592592593
8800,2015,"שפרעם","שפרעם",32.8012879,35.1786884,148.051637350568,8800,0,NA,NA,"no_red_alert",0.591804938848641,TRUE,2015,16525,"שפרעם","SHEFAR'AM",2,"לא יהודי",40020,20090,19930,11270,4180,6380,15770,2420,19.6348067899614,2038.21715324751,0.0604697651174413,60.7407407407407
8800,2019,"שפרעם","שפרעם",32.8012879,35.1786884,148.051637350568,8800,0,NA,NA,"no_red_alert",0.592187119869322,TRUE,2019.4,16531,"שפרעם","SHEFAR'AM",2,"לא יהודי",42137,21158,20979,10574,4298,7487,16810,2968,19.6348067899614,2146.0358867164,0.070436908180459,NA
8800,2019,"שפרעם","שפרעם",32.8012879,35.1786884,148.051637350568,8800,0,NA,NA,"no_red_alert",0.474150353214072,TRUE,2019,16531,"שפרעם","SHEFAR'AM",2,"לא יהודי",42137,21158,20979,10574,4298,7487,16810,2968,19.6348067899614,2146.0358867164,0.070436908180459,NA
8800,2020,"שפרעם","שפרעם",32.8012879,35.1786884,148.051637350568,8800,0,NA,NA,"no_red_alert",0.659340659340659,TRUE,2020,16535,"שפרעם","SHEFAR'AM",2,"לא יהודי",42510,21394,21113,10341,4247,7684,17091,3147,19.6348067899614,2165.03276323218,0.074029640084686,NA
8800,2021,"שפרעם","שפרעם",32.8012879,35.1786884,148.051637350568,8800,0,NA,NA,"no_red_alert",0.448252733248373,TRUE,2021,16522,"שפרעם","SHEFAR'AM",2,"לא יהודי",43023,21643,21379,10286,4175,7826,17451,3286,19.6348067899614,2191.15983468685,0.0763777514352788,NA
8800,2022,"שפרעם","שפרעם",32.8012879,35.1786884,148.051637350568,8800,0,NA,NA,"no_red_alert",0.514655870445344,TRUE,2022,16528,"שפרעם","SHEFAR'AM",2,"לא יהודי",43543,21914,21630,10316,3988,7904,17854,3480,19.6348067899614,2217.64341588846,0.0799209976345222,NA
9100,2009,"נהריה","נהריה",33.0154355,35.1367736,148.969752004214,10004,0,NA,NA,"no_red_alert",0.594856622667274,FALSE,2009,NA,NA,NA,NA,NA,NA,NA,NA,NA,NA,NA,NA,NA,NA,NA,NA,NA
9100,2013,"נהריה","נהריה",33.0154355,35.1367736,148.969752004214,10004,0,NA,NA,"no_red_alert",0.608380426687694,FALSE,2013,16572,"נהרייה","NAHARIYYA",1,"יהודי",53360,26090,27270,12040,3280,6770,23230,8070,11.0175159782583,4843.19696974338,0.15123688155922,61.25
9100,2015,"נהריה","נהריה",33.0154355,35.1367736,148.969752004214,10004,0,NA,NA,"no_red_alert",0.658843109223974,TRUE,2015,16568,"נהרייה","NAHARIYYA",1,"יהודי",54290,26480,27820,12030,3460,6680,23470,8690,11.0175159782583,4927.60801138246,0.16006631055443,60.4375
9100,2019,"נהריה","נהריה",33.0154355,35.1367736,148.969752004214,10004,0,NA,NA,"no_red_alert",0.615213505461768,TRUE,2019.4,16575,"נהרייה","NAHARIYYA",1,"יהודי",58097,28222,29869,12424,3877,6810,24721,10266,11.0175159782583,5273.14869473728,0.17670447699537,NA
9100,2019,"נהריה","נהריה",33.0154355,35.1367736,148.969752004214,10004,0,NA,NA,"no_red_alert",0.629325372177363,TRUE,2019,16575,"נהרייה","NAHARIYYA",1,"יהודי",58097,28222,29869,12424,3877,6810,24721,10266,11.0175159782583,5273.14869473728,0.17670447699537,NA
9100,2020,"נהריה","נהריה",33.0154355,35.1367736,148.969752004214,10004,0,NA,NA,"no_red_alert",0.62716723281431,TRUE,2020,16571,"נהרייה","NAHARIYYA",1,"יהודי",59161,28757,30395,12481,3904,7002,25101,10673,11.0175159782583,5369.72218753726,0.180406010716519,NA
9100,2021,"נהריה","נהריה",33.0154355,35.1367736,148.969752004214,10004,0,NA,NA,"no_red_alert",0.592360724367715,TRUE,2021,16566,"נהרייה","NAHARIYYA",1,"יהודי",60805,29552,31252,12864,3964,7190,25672,11117,11.0175159782583,5518.93912566054,0.182830359345449,NA
9100,2022,"נהריה","נהריה",33.0154355,35.1367736,148.969752004214,10004,0,NA,NA,"no_red_alert",0.608012925244164,TRUE,2022,16576,"נהרייה","NAHARIYYA",1,"יהודי",63947,31045,32901,13455,4100,7394,27188,11811,11.0175159782583,5804.12137601537,0.184699829546343,NA
9200,2009,"ביתשאן","בית שאן",32.501214,35.5021999,136.827604429127,9200,1,6,1,"temporal_distance == 6",0.562480352090538,FALSE,2009,NA,NA,NA,NA,NA,NA,NA,NA,NA,NA,NA,NA,NA,NA,NA,NA,NA
9200,2013,"ביתשאן","בית שאן",32.501214,35.5021999,136.827604429127,9200,1,6,1,"temporal_distance == 6",0.633481772209223,FALSE,2013,16590,"בית שאן","BET SHE'AN",1,"יהודי",17260,8750,8510,4600,1360,2900,6910,1490,7.32248219306738,2357.1242025472,0.0863267670915411,60.4444444444444
9200,2015,"ביתשאן","בית שאן",32.501214,35.5021999,136.827604429127,9200,1,6,1,"temporal_distance == 6",0.702508960573477,TRUE,2015,16587,"בית שאן","BET SHE'AN",1,"יהודי",17340,8740,8580,4550,1370,2850,7000,1600,7.32248219306738,2368.04945956943,0.0922722029988466,60.6666666666667
9200,2019,"ביתשאן","בית שאן",32.501214,35.5021999,136.827604429127,9200,1,6,1,"temporal_distance == 6",0.694586455634148,TRUE,2019.4,16588,"בית שאן","BET SHE'AN",1,"יהודי",18463,9307,9157,4863,1421,2896,7242,2040,7.32248219306738,2521.41275501906,0.110491252775822,NA
9200,2019,"ביתשאן","בית שאן",32.501214,35.5021999,136.827604429127,9200,1,6,1,"temporal_distance == 6",0.698589562764457,TRUE,2019,16588,"בית שאן","BET SHE'AN",1,"יהודי",18463,9307,9157,4863,1421,2896,7242,2040,7.32248219306738,2521.41275501906,0.110491252775822,NA
9200,2020,"ביתשאן","בית שאן",32.501214,35.5021999,136.827604429127,9200,1,6,1,"temporal_distance == 6",0.707062264939407,TRUE,2020,16586,"בית שאן","BET SHE'AN",1,"יהודי",18706,9417,9289,4864,1429,2940,7335,2138,7.32248219306738,2554.59822322409,0.114294878648562,NA
9200,2021,"ביתשאן","בית שאן",32.501214,35.5021999,136.827604429127,9200,1,6,1,"temporal_distance == 6",0.651599972354689,TRUE,2021,16582,"בית שאן","BET SHE'AN",1,"יהודי",18900,9507,9393,4946,1391,2925,7399,2237,7.32248219306738,2581.09197150301,0.118359788359788,NA
9200,2022,"ביתשאן","בית שאן",32.501214,35.5021999,136.827604429127,9200,1,6,1,"temporal_distance == 6",0.706602624813963,TRUE,2022,16585,"בית שאן","BET SHE'AN",1,"יהודי",19073,9573,9499,4982,1382,2914,7462,2332,7.32248219306738,2604.7178398136,0.122267079117077,NA
9300,2009,"זכרוןיעקב","זכרון יעקב",32.5652884,34.9653615,112.705104017978,9300,1,232,3,"temporal_distance > 200",0.717629726632837,FALSE,2009,NA,NA,NA,NA,NA,NA,NA,NA,NA,NA,NA,NA,NA,NA,NA,NA,NA
9300,2013,"זכרוןיעקב","זכרון יעקב",32.5652884,34.9653615,112.705104017978,9300,1,232,3,"temporal_distance > 200",0.746588831059221,FALSE,2013,16602,"זכרון יעקב","ZIKHRON YA'AQOV",1,"יהודי",21430,10520,10910,6120,2050,2630,8790,1870,31.5269361389198,679.736207336202,0.0872608492767149,49.125
9300,2015,"זכרוןיעקב","זכרון יעקב",32.5652884,34.9653615,112.705104017978,9300,1,232,3,"temporal_distance > 200",0.769751544629946,TRUE,2015,16600,"זכרון יעקב","ZIKHRON YA'AQOV",1,"יהודי",22540,11150,11380,6160,2310,2810,9150,2110,31.5269361389198,714.944195676995,0.0936113575865129,53.15
9300,2019,"זכרוןיעקב","זכרון יעקב",32.5652884,34.9653615,112.705104017978,9300,1,232,3,"temporal_distance > 200",0.72470741994891,TRUE,2019.4,16592,"זכרון יעקב","ZIKHRON YA'AQOV",1,"יהודי",23205,11365,11840,6006,2153,2906,9420,2723,31.5269361389198,736.037269773055,0.117345399698341,NA
9300,2019,"זכרוןיעקב","זכרון יעקב",32.5652884,34.9653615,112.705104017978,9300,1,232,3,"temporal_distance > 200",0.746368581505171,TRUE,2019,16592,"זכרון יעקב","ZIKHRON YA'AQOV",1,"יהודי",23205,11365,11840,6006,2153,2906,9420,2723,31.5269361389198,736.037269773055,0.117345399698341,NA
9300,2020,"זכרוןיעקב","זכרון יעקב",32.5652884,34.9653615,112.705104017978,9300,1,232,3,"temporal_distance > 200",0.72044983722995,TRUE,2020,16591,"זכרון יעקב","ZIKHRON YA'AQOV",1,"יהודי",23435,11521,11915,5934,2136,3037,9452,2876,31.5269361389198,743.332618708535,0.122722423725197,NA
9300,2021,"זכרוןיעקב","זכרון יעקב",32.5652884,34.9653615,112.705104017978,9300,1,232,3,"temporal_distance > 200",0.71857291546201,TRUE,2021,16596,"זכרון יעקב","ZIKHRON YA'AQOV",1,"יהודי",23857,11706,12151,5979,2177,3054,9583,3063,31.5269361389198,756.717998059719,0.128389990359224,NA
9300,2022,"זכרוןיעקב","זכרון יעקב",32.5652884,34.9653615,112.705104017978,9300,1,232,3,"temporal_distance > 200",0.712169489630499,TRUE,2022,16594,"זכרון יעקב","ZIKHRON YA'AQOV",1,"יהודי",24145,11809,12338,5867,2217,3124,9703,3236,31.5269361389198,765.853043683276,0.134023607372127,NA
9500,2009,"קריתביאליק","קרית ביאליק",32.8426381,35.0939164,149.290136357252,9500,0,NA,NA,"no_red_alert",0.620712721965459,FALSE,2009,NA,NA,NA,NA,NA,NA,NA,NA,NA,NA,NA,NA,NA,NA,NA,NA,NA
9500,2013,"קריתביאליק","קרית ביאליק",32.8426381,35.0939164,149.290136357252,9500,0,NA,NA,"no_red_alert",0.626423079215593,FALSE,2013,16622,"קריית ביאליק","QIRYAT BIALIK",1,"יהודי",38580,18590,20020,7410,2020,5150,17180,6820,8.10843006178686,4758.01107070265,0.176775531363401,63
9500,2015,"קריתביאליק","קרית ביאליק",32.8426381,35.0939164,149.290136357252,9500,0,NA,NA,"no_red_alert",0.67698567132496,TRUE,2015,16630,"קריית ביאליק","QIRYAT BIALIK",1,"יהודי",39070,18800,20310,7830,1990,4810,17070,7380,8.10843006178686,4818.4420044674,0.188891732787305,62.9166666666667
9500,2019,"קריתביאליק","קרית ביאליק",32.8426381,35.0939164,149.290136357252,9500,0,NA,NA,"no_red_alert",0.635109461315874,TRUE,2019.4,16628,"קריית ביאליק","QIRYAT BIALIK",1,"יהודי",40231,19337,20894,8339,2249,4421,17013,8204,8.10843006178686,4961.626318959,0.203922348437772,NA
9500,2019,"קריתביאליק","קרית ביאליק",32.8426381,35.0939164,149.290136357252,9500,0,NA,NA,"no_red_alert",0.64780829924021,TRUE,2019,16628,"קריית ביאליק","QIRYAT BIALIK",1,"יהודי",40231,19337,20894,8339,2249,4421,17013,8204,8.10843006178686,4961.626318959,0.203922348437772,NA
9500,2020,"קריתביאליק","קרית ביאליק",32.8426381,35.0939164,149.290136357252,9500,0,NA,NA,"no_red_alert",0.639697981704661,TRUE,2020,16621,"קריית ביאליק","QIRYAT BIALIK",1,"יהודי",41910,20172,21748,8836,2285,4597,17602,8590,8.10843006178686,5168.69476343048,0.204963015986638,NA
9500,2021,"קריתביאליק","קרית ביאליק",32.8426381,35.0939164,149.290136357252,9500,0,NA,NA,"no_red_alert",0.609626724600062,TRUE,2021,16624,"קריית ביאליק","QIRYAT BIALIK",1,"יהודי",43268,20841,22427,9276,2368,4705,18141,8778,8.10843006178686,5336.17477986423,0.202875104002958,NA
9500,2022,"קריתביאליק","קרית ביאליק",32.8426381,35.0939164,149.290136357252,9500,0,NA,NA,"no_red_alert",0.626465707212232,TRUE,2022,16619,"קריית ביאליק","QIRYAT BIALIK",1,"יהודי",44619,21454,23167,9704,2422,4796,18707,8995,8.10843006178686,5502.7914972442,0.201595732759587,NA
9600,2009,"קריתים","קרית ים",32.8482189,35.0728375,149.17466011087,9600,0,NA,NA,"no_red_alert",0.553268556315759,FALSE,2009,NA,NA,NA,NA,NA,NA,NA,NA,NA,NA,NA,NA,NA,NA,NA,NA,NA
9600,2013,"קריתים","קרית ים",32.8482189,35.0728375,149.17466011087,9600,0,NA,NA,"no_red_alert",0.546817427502602,FALSE,2013,16636,"קריית ים","QIRYAT YAM",1,"יהודי",38680,18510,20140,6530,2040,5420,17150,7530,4.54896371891345,8503.03550216904,0.194674250258532,62.75
9600,2015,"קריתים","קרית ים",32.8482189,35.0728375,149.17466011087,9600,0,NA,NA,"no_red_alert",0.593127338229181,TRUE,2015,16641,"קריית ים","QIRYAT YAM",1,"יהודי",39280,18810,20480,6880,1940,5160,17250,8080,4.54896371891345,8634.93367438469,0.205702647657841,63
9600,2019,"קריתים","קרית ים",32.8482189,35.0728375,149.17466011087,9600,0,NA,NA,"no_red_alert",0.578370678792527,TRUE,2019,16642,"קריית ים","QIRYAT YAM",1,"יהודי",39899,18969,20925,7086,2024,4445,17198,9144,4.54896371891345,8771.00862205384,0.229178676157297,NA
9600,2019,"קריתים","קרית ים",32.8482189,35.0728375,149.17466011087,9600,0,NA,NA,"no_red_alert",0.566590927756029,TRUE,2019.4,16642,"קריית ים","QIRYAT YAM",1,"יהודי",39899,18969,20925,7086,2024,4445,17198,9144,4.54896371891345,8771.00862205384,0.229178676157297,NA
9600,2020,"קריתים","קרית ים",32.8482189,35.0728375,149.17466011087,9600,0,NA,NA,"no_red_alert",0.575229232243055,TRUE,2020,16635,"קריית ים","QIRYAT YAM",1,"יהודי",39465,18771,20680,6845,2009,4298,17019,9294,4.54896371891345,8675.60227748452,0.235499809958191,NA
9600,2021,"קריתים","קרית ים",32.8482189,35.0728375,149.17466011087,9600,0,NA,NA,"no_red_alert",0.534260917481747,TRUE,2021,16633,"קריית ים","QIRYAT YAM",1,"יהודי",39440,18823,20618,6855,2053,4237,16836,9468,4.54896371891345,8670.10652030887,0.240060851926978,NA
9600,2022,"קריתים","קרית ים",32.8482189,35.0728375,149.17466011087,9600,0,NA,NA,"no_red_alert",0.556306673182386,TRUE,2022,16631,"קריית ים","QIRYAT YAM",1,"יהודי",41095,19604,21491,7177,2185,4286,17560,9883,4.54896371891345,9033.92564533704,0.240491543983453,NA
9800,2009,"בנימינהגבעתעדה","בנימינה-גבעת עדה",32.525651,34.9722554,110.495018393667,9800,1,232,4,"temporal_distance > 200",0.72349879395709,FALSE,2009,NA,NA,NA,NA,NA,NA,NA,NA,NA,NA,NA,NA,NA,NA,NA,NA,NA
9800,2013,"בנימינהגבעתעדה","בנימינה-גבעת עדה",32.525651,34.9722554,110.495018393667,9800,1,232,4,"temporal_distance > 200",0.751236342725704,FALSE,2013,16657,"בנימינה-גבעת עדה*","BINYAMINA-GIV'AT ADA",1,"יהודי",14260,7050,7210,4540,1020,1440,6260,1030,25.3977302341043,561.467496054098,0.0722300140252454,57.9166666666667
9800,2015,"בנימינהגבעתעדה","בנימינה-גבעת עדה",32.525651,34.9722554,110.495018393667,9800,1,232,4,"temporal_distance > 200",0.765739225313693,TRUE,2015,16665,"בנימינה-גבעת עדה*","BINYAMINA-GIV'AT ADA",1,"יהודי",14780,7340,7440,4500,1190,1470,6480,1160,25.3977302341043,581.941766597446,0.0784844384303112,53.75
9800,2019,"בנימינהגבעתעדה","בנימינה-גבעת עדה",32.525651,34.9722554,110.495018393667,9800,1,232,4,"temporal_distance > 200",0.759654521989477,TRUE,2019,16662,"בנימינה-גבעת עדה*","BINYAMINA-GIV'AT ADA",1,"יהודי",15846,7900,7946,4505,1479,1621,6843,1398,25.3977302341043,623.914021211307,0.0882241575160924,NA
9800,2019,"בנימינהגבעתעדה","בנימינה-גבעת עדה",32.525651,34.9722554,110.495018393667,9800,1,232,4,"temporal_distance > 200",0.74304870834155,TRUE,2019.4,16662,"בנימינה-גבעת עדה*","BINYAMINA-GIV'AT ADA",1,"יהודי",15846,7900,7946,4505,1479,1621,6843,1398,25.3977302341043,623.914021211307,0.0882241575160924,NA
9800,2020,"בנימינהגבעתעדה","בנימינה-גבעת עדה",32.525651,34.9722554,110.495018393667,9800,1,232,4,"temporal_distance > 200",0.744467193136395,TRUE,2020,16661,"בנימינה-גבעת עדה*","BINYAMINA-GIV'AT ADA",1,"יהודי",15922,7938,7984,4406,1491,1702,6875,1448,25.3977302341043,626.906414598412,0.0909433488255244,NA
9800,2021,"בנימינהגבעתעדה","בנימינה-גבעת עדה",32.525651,34.9722554,110.495018393667,9800,1,232,4,"temporal_distance > 200",0.730476190476191,TRUE,2021,16664,"בנימינה-גבעת עדה*","BINYAMINA-GIV'AT ADA",1,"יהודי",16076,8028,8048,4349,1550,1738,6933,1501,25.3977302341043,632.969948567018,0.0933689972630007,NA
9800,2022,"בנימינהגבעתעדה","בנימינה-גבעת עדה",32.525651,34.9722554,110.495018393667,9800,1,232,4,"temporal_distance > 200",0.72182936908807,TRUE,2022,16663,"בנימינה-גבעת עדה*","BINYAMINA-GIV'AT ADA",1,"יהודי",16281,8156,8124,4258,1632,1831,7020,1543,25.3977302341043,641.041535992761,0.0947730483385541,NA
