"SEMEL_YISHUV","year","alarm","locality","loc","date","distance","alert","month","Pop_Total","district","geometry"
-2,2014,1,"אבו עפאש","אבועפאש",2014-08-20,26.4971169290394,1,8,0,"HaDarom",c(34.808983, 31.1598595)
-2,2014,1,"אבו תלול","אבותלול",2014-07-27,26.4971169290394,1,7,0,"HaDarom",c(34.913514, 31.1426115)
-2,2015,1,"שבלי","שבלי",2015-03-11,26.4971169290394,1,3,0,"HaZafon",c(35.3975925, 32.687675)
-2,2016,1,"גבעת וולפסון","גבעתוולפסון",2016-06-22,26.4971169290394,1,6,0,"Haifa",c(35.0170555, 32.7202415)
-2,2016,1,"אבו ג'ודה","אבוגודה",2016-09-20,26.4971169290394,1,9,0,"HaDarom",c(35.111137, 31.2344475)
-2,2017,1,"אבו ג'ודה","אבוגודה",2017-03-21,26.4971169290394,1,3,NA,"HaDarom",c(35.111137, 31.2344475)
-2,2017,1,"שבלי","שבלי",2017-07-18,26.4971169290394,1,7,NA,"HaZafon",c(35.3975925, 32.687675)
-2,2017,1,"צריפין","צריפין",2017-08-08,26.4971169290394,1,8,NA,"HaMerkaz",c(34.840566, 31.9573275)
-2,2018,1,"אבו תלול","אבותלול",2018-10-17,26.4971169290394,1,10,NA,"HaDarom",c(34.913514, 31.1426115)
-2,2018,1,"מסעודין אל עזאזמה","מסעודיןאלעזאזמה",2018-08-09,26.4971169290394,1,8,NA,"HaDarom",c(34.817449, 31.1992635)
-2,2018,1,"חוות שלם","חוותשלם",2018-12-26,26.4971169290394,1,12,NA,"Tel Aviv",c(34.822714, 32.0396005)
-2,2018,1,"לב יתיר","לביתיר",2018-11-12,26.4971169290394,1,11,NA,"HaDarom",c(35.060671, 31.3477925)
-2,2019,1,"אבו ג'ודה","אבוגודה",2019-05-05,26.4971169290394,1,5,NA,"HaDarom",c(35.111137, 31.2344475)
-2,2019,1,"בית ספר אורט בנימינה","ביתספראורטבנימינה",2019-07-31,26.4971169290394,1,7,NA,"Haifa",c(34.9528783, 32.5497387)
-2,2019,1,"חוות שלם","חוותשלם",2019-03-14,26.4971169290394,1,3,NA,"Tel Aviv",c(34.822714, 32.0396005)
-2,2021,1,"אבו קרינאת והפזורה","אבוקרינאתוהפזורה",2021-05-13,26.4971169290394,1,5,NA,"HaDarom",c(34.9130342, 31.1031086)
-2,2021,1,"אבו קרינאת והפזורה","אבוקרינאתוהפזורה",2021-04-22,26.4971169290394,1,4,NA,"HaDarom",c(34.9130342, 31.1031086)
-2,2023,1,"אבו קרינאת","אבוקרינאת",2023-10-28,26.4971169290394,1,10,NA,"HaDarom",c(34.952003, 31.1031145)
-2,2023,1,"אבו תלול","אבותלול",2023-12-04,26.4971169290394,1,12,NA,"HaDarom",c(34.913514, 31.1426115)
-2,2023,1,"אבו תלול","אבותלול",2023-11-11,26.4971169290394,1,11,NA,"HaDarom",c(34.913514, 31.1426115)
7,2014,1,"שחר","שחר",2014-07-27,16.202691272524,1,7,810,"HaDarom",c(34.7258235, 31.6190036)
7,2014,1,"שחר","שחר",2014-08-20,16.202691272524,1,8,810,"HaDarom",c(34.7258235, 31.6190036)
7,2016,1,"שחר","שחר",2016-09-20,16.202691272524,1,9,860,"HaDarom",c(34.7258235, 31.6190036)
7,2018,1,"שחר","שחר",2018-05-30,16.202691272524,1,5,875,"HaDarom",c(34.7258235, 31.6190036)
7,2018,1,"שחר","שחר",2018-07-14,16.202691272524,1,7,875,"HaDarom",c(34.7258235, 31.6190036)
7,2019,1,"שחר","שחר",2019-11-14,16.202691272524,1,11,879,"HaDarom",c(34.7258235, 31.6190036)
7,2019,1,"שחר","שחר",2019-05-05,16.202691272524,1,5,879,"HaDarom",c(34.7258235, 31.6190036)
7,2021,1,"שחר","שחר",2021-05-13,16.202691272524,1,5,880,"HaDarom",c(34.7258235, 31.6190036)
7,2023,1,"שחר","שחר",2023-10-07,16.202691272524,1,10,NA,"HaDarom",c(34.7258235, 31.6190036)
7,2023,1,"שחר","שחר",2023-12-17,16.202691272524,1,12,NA,"HaDarom",c(34.7258235, 31.6190036)
10,2016,1,"תירוש","תירוש",2016-09-20,37.3432923304252,1,9,520,"Jerusalem",c(34.8851455, 31.7507185)
10,2016,1,"תירוש","תירוש",2016-07-06,37.3432923304252,1,7,520,"Jerusalem",c(34.8851455, 31.7507185)
10,2017,1,"תירוש","תירוש",2017-12-05,37.3432923304252,1,12,502,"Jerusalem",c(34.8851455, 31.7507185)
10,2019,1,"תירוש","תירוש",2019-05-04,37.3432923304252,1,5,492,"Jerusalem",c(34.8851455, 31.7507185)
10,2021,1,"תירוש","תירוש",2021-05-15,37.3432923304252,1,5,454,"Jerusalem",c(34.8851455, 31.7507185)
10,2023,1,"תירוש","תירוש",2023-12-02,37.3432923304252,1,12,NA,"Jerusalem",c(34.8851455, 31.7507185)
10,2023,1,"תירוש","תירוש",2023-05-12,37.3432923304252,1,5,NA,"Jerusalem",c(34.8851455, 31.7507185)
10,2023,1,"תירוש","תירוש",2023-11-21,37.3432923304252,1,11,NA,"Jerusalem",c(34.8851455, 31.7507185)
10,2023,1,"תירוש","תירוש",2023-10-07,37.3432923304252,1,10,NA,"Jerusalem",c(34.8851455, 31.7507185)
11,2014,1,"ניר ח""ן","נירחן",2014-08-20,15.0164445153399,1,8,480,"HaDarom",c(34.7149321, 31.6089264)
11,2014,1,"ניר ח""ן","נירחן",2014-07-27,15.0164445153399,1,7,480,"HaDarom",c(34.7149321, 31.6089264)
11,2016,1,"ניר ח""ן","נירחן",2016-09-20,15.0164445153399,1,9,530,"HaDarom",c(34.7149321, 31.6089264)
11,2018,1,"ניר ח""ן","נירחן",2018-07-14,15.0164445153399,1,7,552,"HaDarom",c(34.7149321, 31.6089264)
11,2018,1,"ניר ח""ן","נירחן",2018-05-30,15.0164445153399,1,5,552,"HaDarom",c(34.7149321, 31.6089264)
11,2019,1,"ניר ח""ן","נירחן",2019-05-04,15.0164445153399,1,5,548,"HaDarom",c(34.7149321, 31.6089264)
11,2021,1,"ניר ח''ן","נירחן",2021-05-13,15.0164445153399,1,5,578,"HaDarom",c(34.7149321, 31.6089264)
11,2023,1,"ניר ח''ן","נירחן",2023-10-07,15.0164445153399,1,10,NA,"HaDarom",c(34.7149321, 31.6089264)
13,2016,1,"חצבה","חצבה",2016-09-20,102.743642435493,1,9,570,"HaDarom",c(35.2739275, 30.76713)
13,2019,1,"חצבה","חצבה",2019-01-02,102.743642435493,1,1,620,"HaDarom",c(35.2739275, 30.76713)
15,2014,1,"נועם","נועם",2014-08-20,20.4434594923625,1,8,350,"HaDarom",c(34.78867, 31.567545)
15,2014,1,"נועם","נועם",2014-07-31,20.4434594923625,1,7,350,"HaDarom",c(34.78867, 31.567545)
15,2016,1,"נועם","נועם",2016-09-20,20.4434594923625,1,9,350,"HaDarom",c(34.78867, 31.567545)
15,2019,1,"נועם","נועם",2019-05-05,20.4434594923625,1,5,355,"HaDarom",c(34.78867, 31.567545)
15,2023,1,"נועם","נועם",2023-10-07,20.4434594923625,1,10,NA,"HaDarom",c(34.78867, 31.567545)
16,2014,1,"בית ניר","ביתניר",2014-08-05,30.8875857507144,1,8,560,"HaDarom",c(34.873543, 31.6483794)
16,2014,1,"בית ניר","ביתניר",2014-07-27,30.8875857507144,1,7,560,"HaDarom",c(34.873543, 31.6483794)
16,2016,1,"בית ניר","ביתניר",2016-09-20,30.8875857507144,1,9,590,"HaDarom",c(34.873543, 31.6483794)
16,2019,1,"בית ניר","ביתניר",2019-05-05,30.8875857507144,1,5,609,"HaDarom",c(34.873543, 31.6483794)
18,2014,1,"שדה משה","שדהמשה",2014-07-27,22.3284459185118,1,7,740,"HaDarom",c(34.8015805, 31.6106876)
18,2014,1,"שדה משה","שדהמשה",2014-08-20,22.3284459185118,1,8,740,"HaDarom",c(34.8015805, 31.6106876)
18,2016,1,"שדה משה","שדהמשה",2016-09-20,22.3284459185118,1,9,750,"HaDarom",c(34.8015805, 31.6106876)
18,2019,1,"שדה משה","שדהמשה",2019-05-05,22.3284459185118,1,5,760,"HaDarom",c(34.8015805, 31.6106876)
18,2021,1,"שדה משה","שדהמשה",2021-05-15,22.3284459185118,1,5,780,"HaDarom",c(34.8015805, 31.6106876)
18,2023,1,"שדה משה","שדהמשה",2023-10-07,22.3284459185118,1,10,NA,"HaDarom",c(34.8015805, 31.6106876)
21,2016,1,"באר אורה","באראורה",2016-09-20,179.483537012709,1,9,740,"HaDarom",c(34.984974, 29.7098625)
21,2019,1,"באר אורה","באראורה",2019-01-02,179.483537012709,1,1,1033,"HaDarom",c(34.984974, 29.7098625)
23,2014,1,"אמציה","אמציה",2014-07-27,32.481645266208,1,7,540,"HaDarom",c(34.913869, 31.532573)
23,2016,1,"אמציה","אמציה",2016-09-20,32.481645266208,1,9,570,"HaDarom",c(34.913869, 31.532573)
23,2018,1,"אמציה","אמציה",2018-11-12,32.481645266208,1,11,353,"HaDarom",c(34.913869, 31.532573)
24,2014,1,"לכיש","לכיש",2014-08-05,25.4508465432507,1,8,700,"HaDarom",c(34.8416729, 31.562406)
24,2014,1,"לכיש","לכיש",2014-07-27,25.4508465432507,1,7,700,"HaDarom",c(34.8416729, 31.562406)
24,2016,1,"לכיש","לכיש",2016-09-20,25.4508465432507,1,9,740,"HaDarom",c(34.8416729, 31.562406)
24,2018,1,"לכיש","לכיש",2018-08-09,25.4508465432507,1,8,744,"HaDarom",c(34.8416729, 31.562406)
24,2018,1,"לכיש","לכיש",2018-07-14,25.4508465432507,1,7,744,"HaDarom",c(34.8416729, 31.562406)
24,2018,1,"לכיש","לכיש",2018-06-20,25.4508465432507,1,6,744,"HaDarom",c(34.8416729, 31.562406)
24,2018,1,"לכיש","לכיש",2018-05-29,25.4508465432507,1,5,744,"HaDarom",c(34.8416729, 31.562406)
24,2019,1,"לכיש","לכיש",2019-05-04,25.4508465432507,1,5,769,"HaDarom",c(34.8416729, 31.562406)
26,2016,1,"ראש פינה","ראשפינה",2016-09-20,179.80587319621,1,9,3000,"HaZafon",c(35.5581355, 32.9923749)
26,2017,1,"ראש פינה","ראשפינה",2017-07-18,179.80587319621,1,7,3061,"HaZafon",c(35.5581355, 32.9923749)
26,2018,1,"ראש פינה","ראשפינה",2018-02-10,179.80587319621,1,2,3120,"HaZafon",c(35.5581355, 32.9923749)
26,2019,1,"ראש פינה","ראשפינה",2019-05-20,179.80587319621,1,5,3148,"HaZafon",c(35.5581355, 32.9923749)
26,2022,1,"ראש פינה","ראשפינה",2022-02-18,179.80587319621,1,2,3308,"HaZafon",c(35.5581355, 32.9923749)
26,2023,1,"ראש פינה","ראשפינה",2023-10-29,179.80587319621,1,10,NA,"HaZafon",c(35.5581355, 32.9923749)
27,2016,1,"שדות מיכה","שדותמיכה",2016-07-06,38.3974050039027,1,7,400,"Jerusalem",c(34.9217185, 31.7217105)
27,2016,1,"שדות מיכה","שדותמיכה",2016-09-20,38.3974050039027,1,9,400,"Jerusalem",c(34.9217185, 31.7217105)
27,2017,1,"שדות מיכה","שדותמיכה",2017-12-05,38.3974050039027,1,12,398,"Jerusalem",c(34.9217185, 31.7217105)
27,2019,1,"שדות מיכה","שדותמיכה",2019-05-05,38.3974050039027,1,5,378,"Jerusalem",c(34.9217185, 31.7217105)
27,2021,1,"שדות מיכה","שדותמיכה",2021-05-10,38.3974050039027,1,5,390,"Jerusalem",c(34.9217185, 31.7217105)
27,2023,1,"שדות מיכה","שדותמיכה",2023-10-07,38.3974050039027,1,10,NA,"Jerusalem",c(34.9217185, 31.7217105)
28,2014,1,"מזכרת בתיה","מזכרתבתיה",2014-08-01,39.9539933496945,1,8,11860,"HaMerkaz",c(34.8443814, 31.8407815)
28,2016,1,"מזכרת בתיה","מזכרתבתיה",2016-09-20,39.9539933496945,1,9,13420,"HaMerkaz",c(34.8443814, 31.8407815)
28,2017,1,"מזכרת בתיה","מזכרתבתיה",2017-08-08,39.9539933496945,1,8,14159,"HaMerkaz",c(34.8443814, 31.8407815)
28,2019,1,"מזכרת בתיה","מזכרתבתיה",2019-11-12,39.9539933496945,1,11,14837,"HaMerkaz",c(34.8443814, 31.8407815)
28,2019,1,"מזכרת בתיה","מזכרתבתיה",2019-05-04,39.9539933496945,1,5,14837,"HaMerkaz",c(34.8443814, 31.8407815)
28,2021,1,"מזכרת בתיה","מזכרתבתיה",2021-05-12,39.9539933496945,1,5,15424,"HaMerkaz",c(34.8443814, 31.8407815)
28,2023,1,"מזכרת בתיה","מזכרתבתיה",2023-12-02,39.9539933496945,1,12,NA,"HaMerkaz",c(34.8443814, 31.8407815)
28,2023,1,"מזכרת בתיה","מזכרתבתיה",2023-10-07,39.9539933496945,1,10,NA,"HaMerkaz",c(34.8443814, 31.8407815)
28,2023,1,"מזכרת בתיה","מזכרתבתיה",2023-11-20,39.9539933496945,1,11,NA,"HaMerkaz",c(34.8443814, 31.8407815)
29,2016,1,"יסוד המעלה","יסודהמעלה",2016-09-20,189.874762842093,1,9,1680,"HaZafon",c(35.6046765, 33.0609239)
29,2017,1,"יסוד המעלה","יסודהמעלה",2017-07-18,189.874762842093,1,7,1697,"HaZafon",c(35.6046765, 33.0609239)
29,2018,1,"יסוד המעלה","יסודהמעלה",2018-07-23,189.874762842093,1,7,1719,"HaZafon",c(35.6046765, 33.0609239)
29,2019,1,"יסוד המעלה","יסודהמעלה",2019-05-20,189.874762842093,1,5,1730,"HaZafon",c(35.6046765, 33.0609239)
29,2022,1,"יסוד המעלה","יסודהמעלה",2022-02-18,189.874762842093,1,2,1798,"HaZafon",c(35.6046765, 33.0609239)
31,2014,1,"אופקים","אופקים",2014-07-24,20.5357295868332,1,7,25300,"HaDarom",c(34.6254634, 31.3085344)
31,2014,1,"אופקים","אופקים",2014-08-02,20.5357295868332,1,8,25300,"HaDarom",c(34.6254634, 31.3085344)
31,2016,1,"אופקים","אופקים",2016-09-20,20.5357295868332,1,9,26620,"HaDarom",c(34.6254634, 31.3085344)
31,2017,1,"אופקים","אופקים",2017-03-21,20.5357295868332,1,3,27770,"HaDarom",c(34.6254634, 31.3085344)
31,2018,1,"אופקים","אופקים",2018-11-12,20.5357295868332,1,11,29022,"HaDarom",c(34.6254634, 31.3085344)
31,2018,1,"אופקים","אופקים",2018-05-29,20.5357295868332,1,5,29022,"HaDarom",c(34.6254634, 31.3085344)
31,2019,1,"אופקים","אופקים",2019-05-04,20.5357295868332,1,5,30662,"HaDarom",c(34.6254634, 31.3085344)
31,2021,1,"אופקים","אופקים",2021-05-14,20.5357295868332,1,5,33999,"HaDarom",c(34.6254634, 31.3085344)
31,2023,1,"אופקים","אופקים",2023-10-07,20.5357295868332,1,10,NA,"HaDarom",c(34.6254634, 31.3085344)
31,2023,1,"אופקים","אופקים",2023-12-14,20.5357295868332,1,12,NA,"HaDarom",c(34.6254634, 31.3085344)
31,2023,1,"אופקים","אופקים",2023-05-13,20.5357295868332,1,5,NA,"HaDarom",c(34.6254634, 31.3085344)
32,2014,1,"עוצם","עוצם",2014-07-31,15.8781868146933,1,7,500,"HaDarom",c(34.7047254, 31.639199)
32,2014,1,"עוצם","עוצם",2014-08-19,15.8781868146933,1,8,500,"HaDarom",c(34.7047254, 31.639199)
32,2016,1,"עוצם","עוצם",2016-09-20,15.8781868146933,1,9,520,"HaDarom",c(34.7047254, 31.639199)
32,2018,1,"עוצם","עוצם",2018-07-14,15.8781868146933,1,7,642,"HaDarom",c(34.7047254, 31.639199)
32,2018,1,"עוצם","עוצם",2018-05-29,15.8781868146933,1,5,642,"HaDarom",c(34.7047254, 31.639199)
32,2019,1,"עוצם","עוצם",2019-05-04,15.8781868146933,1,5,653,"HaDarom",c(34.7047254, 31.639199)
32,2021,1,"עוצם","עוצם",2021-05-12,15.8781868146933,1,5,753,"HaDarom",c(34.7047254, 31.639199)
32,2023,1,"עוצם","עוצם",2023-10-07,15.8781868146933,1,10,NA,"HaDarom",c(34.7047254, 31.639199)
33,2014,1,"בת שלמה","בתשלמה",2014-07-28,120.786273076813,1,7,570,"Haifa",c(35.004929, 32.5997835)
33,2019,1,"בת שלמה","בתשלמה",2019-07-31,120.786273076813,1,7,656,"Haifa",c(35.004929, 32.5997835)
35,2016,1,"גדות","גדות",2016-09-20,189.693820063353,1,9,400,"HaZafon",c(35.6171239, 33.0186075)
35,2017,1,"גדות","גדות",2017-07-18,189.693820063353,1,7,421,"HaZafon",c(35.6171239, 33.0186075)
35,2018,1,"גדות","גדות",2018-07-23,189.693820063353,1,7,441,"HaZafon",c(35.6171239, 33.0186075)
35,2019,1,"גדות","גדות",2019-05-20,189.693820063353,1,5,434,"HaZafon",c(35.6171239, 33.0186075)
35,2022,1,"גדות","גדות",2022-02-18,189.693820063353,1,2,471,"HaZafon",c(35.6171239, 33.0186075)
36,2014,1,"שדה דוד","שדהדוד",2014-07-31,10.765001322118,1,7,380,"HaDarom",c(34.6832015, 31.576122)
36,2014,1,"שדה דוד","שדהדוד",2014-08-01,10.765001322118,1,8,380,"HaDarom",c(34.6832015, 31.576122)
36,2016,1,"שדה דוד","שדהדוד",2016-09-20,10.765001322118,1,9,390,"HaDarom",c(34.6832015, 31.576122)
36,2018,1,"שדה דוד","שדהדוד",2018-07-14,10.765001322118,1,7,547,"HaDarom",c(34.6832015, 31.576122)
36,2018,1,"שדה דוד","שדהדוד",2018-05-30,10.765001322118,1,5,547,"HaDarom",c(34.6832015, 31.576122)
36,2018,1,"שדה דוד","שדהדוד",2018-08-09,10.765001322118,1,8,547,"HaDarom",c(34.6832015, 31.576122)
36,2018,1,"שדה דוד","שדהדוד",2018-06-03,10.765001322118,1,6,547,"HaDarom",c(34.6832015, 31.576122)
36,2019,1,"שדה דוד","שדהדוד",2019-05-04,10.765001322118,1,5,594,"HaDarom",c(34.6832015, 31.576122)
36,2019,1,"שדה דוד","שדהדוד",2019-11-14,10.765001322118,1,11,594,"HaDarom",c(34.6832015, 31.576122)
36,2021,1,"שדה דוד","שדהדוד",2021-05-13,10.765001322118,1,5,632,"HaDarom",c(34.6832015, 31.576122)
36,2023,1,"שדה דוד","שדהדוד",2023-10-07,10.765001322118,1,10,NA,"HaDarom",c(34.6832015, 31.576122)
37,2014,1,"איתן","איתן",2014-08-20,16.8140877030511,1,8,420,"HaDarom",c(34.748113, 31.5718444)
37,2014,1,"איתן","איתן",2014-07-27,16.8140877030511,1,7,420,"HaDarom",c(34.748113, 31.5718444)
37,2016,1,"איתן","איתן",2016-09-20,16.8140877030511,1,9,440,"HaDarom",c(34.748113, 31.5718444)
37,2019,1,"איתן","איתן",2019-05-04,16.8140877030511,1,5,464,"HaDarom",c(34.748113, 31.5718444)
37,2021,1,"איתן","איתן",2021-05-15,16.8140877030511,1,5,520,"HaDarom",c(34.748113, 31.5718444)
37,2023,1,"איתן","איתן",2023-10-07,16.8140877030511,1,10,NA,"HaDarom",c(34.748113, 31.5718444)
39,2016,1,"גפן","גפן",2016-07-06,36.1543235079982,1,7,410,"Jerusalem",c(34.8774004, 31.7415764)
39,2016,1,"גפן","גפן",2016-09-20,36.1543235079982,1,9,410,"Jerusalem",c(34.8774004, 31.7415764)
39,2017,1,"גפן","גפן",2017-12-05,36.1543235079982,1,12,420,"Jerusalem",c(34.8774004, 31.7415764)
39,2019,1,"גפן","גפן",2019-05-05,36.1543235079982,1,5,410,"Jerusalem",c(34.8774004, 31.7415764)
39,2021,1,"גפן","גפן",2021-05-15,36.1543235079982,1,5,422,"Jerusalem",c(34.8774004, 31.7415764)
39,2023,1,"גפן","גפן",2023-11-21,36.1543235079982,1,11,NA,"Jerusalem",c(34.8774004, 31.7415764)
39,2023,1,"גפן","גפן",2023-12-02,36.1543235079982,1,12,NA,"Jerusalem",c(34.8774004, 31.7415764)
39,2023,1,"גפן","גפן",2023-10-07,36.1543235079982,1,10,NA,"Jerusalem",c(34.8774004, 31.7415764)
39,2023,1,"גפן","גפן",2023-05-12,36.1543235079982,1,5,NA,"Jerusalem",c(34.8774004, 31.7415764)
41,2016,1,"אליכין","אליכין",2016-09-20,97.9577989286117,1,9,3410,"Haifa",c(34.9220145, 32.4078249)
41,2017,1,"אליכין","אליכין",2017-02-07,97.9577989286117,1,2,3483,"Haifa",c(34.9220145, 32.4078249)
44,2014,1,"זוהר","זוהר",2014-07-27,12.6716329368973,1,7,340,"HaDarom",c(34.693213, 31.593985)
44,2014,1,"זוהר","זוהר",2014-08-20,12.6716329368973,1,8,340,"HaDarom",c(34.693213, 31.593985)
44,2016,1,"זוהר","זוהר",2016-09-20,12.6716329368973,1,9,360,"HaDarom",c(34.693213, 31.593985)
44,2018,1,"זוהר","זוהר",2018-05-30,12.6716329368973,1,5,359,"HaDarom",c(34.693213, 31.593985)
44,2018,1,"זוהר","זוהר",2018-07-14,12.6716329368973,1,7,359,"HaDarom",c(34.693213, 31.593985)
44,2019,1,"זוהר","זוהר",2019-05-05,12.6716329368973,1,5,350,"HaDarom",c(34.693213, 31.593985)
44,2021,1,"זוהר","זוהר",2021-05-18,12.6716329368973,1,5,343,"HaDarom",c(34.693213, 31.593985)
44,2023,1,"זוהר","זוהר",2023-10-11,12.6716329368973,1,10,NA,"HaDarom",c(34.693213, 31.593985)
46,2015,1,"יבנאל","יבנאל",2015-03-11,153.794906441779,1,3,4090,"HaZafon",c(35.511988, 32.7100585)
46,2016,1,"יבנאל","יבנאל",2016-09-20,153.794906441779,1,9,4190,"HaZafon",c(35.511988, 32.7100585)
46,2017,1,"יבנאל","יבנאל",2017-07-18,153.794906441779,1,7,4281,"HaZafon",c(35.511988, 32.7100585)
46,2021,1,"יבנאל","יבנאל",2021-11-03,153.794906441779,1,11,4448,"HaZafon",c(35.511988, 32.7100585)
47,2015,1,"כפר תבור","כפרתבור",2015-03-11,146.264738444617,1,3,3800,"HaZafon",c(35.4221325, 32.6846205)
47,2016,1,"כפר תבור","כפרתבור",2016-09-20,146.264738444617,1,9,3990,"HaZafon",c(35.4221325, 32.6846205)
47,2017,1,"כפר תבור","כפרתבור",2017-07-18,146.264738444617,1,7,4099,"HaZafon",c(35.4221325, 32.6846205)
48,2015,1,"מנחמיה","מנחמיה",2015-03-11,152.863787074466,1,3,1000,"HaZafon",c(35.553217, 32.6593444)
48,2016,1,"מנחמיה","מנחמיה",2016-09-20,152.863787074466,1,9,1010,"HaZafon",c(35.553217, 32.6593444)
48,2017,1,"מנחמיה","מנחמיה",2017-07-18,152.863787074466,1,7,1041,"HaZafon",c(35.553217, 32.6593444)
49,2015,1,"אילניה","אילניה",2015-03-11,153.53295244072,1,3,480,"HaZafon",c(35.4055819, 32.755011)
49,2016,1,"אילניה","אילניה",2016-09-20,153.53295244072,1,9,480,"HaZafon",c(35.4055819, 32.755011)
49,2017,1,"אילניה","אילניה",2017-07-18,153.53295244072,1,7,487,"HaZafon",c(35.4055819, 32.755011)
52,2016,1,"לוזית","לוזית",2016-07-06,33.3616487154073,1,7,680,"Jerusalem",c(34.8867501, 31.687536)
52,2016,1,"לוזית","לוזית",2016-09-20,33.3616487154073,1,9,680,"Jerusalem",c(34.8867501, 31.687536)
52,2017,1,"לוזית","לוזית",2017-12-05,33.3616487154073,1,12,723,"Jerusalem",c(34.8867501, 31.687536)
52,2019,1,"לוזית","לוזית",2019-05-04,33.3616487154073,1,5,816,"Jerusalem",c(34.8867501, 31.687536)
52,2022,1,"לוזית","לוזית",2022-08-07,33.3616487154073,1,8,871,"Jerusalem",c(34.8867501, 31.687536)
52,2023,1,"לוזית","לוזית",2023-10-22,33.3616487154073,1,10,NA,"Jerusalem",c(34.8867501, 31.687536)
53,2014,1,"עתלית","עתלית",2014-07-28,126.087004080812,1,7,6560,"Haifa",c(34.9465515, 32.6958085)
53,2016,1,"עתלית","עתלית",2016-09-20,126.087004080812,1,9,7000,"Haifa",c(34.9465515, 32.6958085)
53,2016,1,"עתלית","עתלית",2016-06-22,126.087004080812,1,6,7000,"Haifa",c(34.9465515, 32.6958085)
53,2019,1,"עתלית","עתלית",2019-07-31,126.087004080812,1,7,8875,"Haifa",c(34.9465515, 32.6958085)
55,2014,1,"נוגה","נוגה",2014-07-27,14.3542339040261,1,7,550,"HaDarom",c(34.6943355, 31.6242929)
55,2014,1,"נוגה","נוגה",2014-08-20,14.3542339040261,1,8,550,"HaDarom",c(34.6943355, 31.6242929)
55,2016,1,"נוגה","נוגה",2016-09-20,14.3542339040261,1,9,550,"HaDarom",c(34.6943355, 31.6242929)
55,2018,1,"נוגה","נוגה",2018-05-29,14.3542339040261,1,5,557,"HaDarom",c(34.6943355, 31.6242929)
55,2018,1,"נוגה","נוגה",2018-07-14,14.3542339040261,1,7,557,"HaDarom",c(34.6943355, 31.6242929)
55,2019,1,"נוגה","נוגה",2019-05-04,14.3542339040261,1,5,583,"HaDarom",c(34.6943355, 31.6242929)
55,2021,1,"נוגה","נוגה",2021-05-13,14.3542339040261,1,5,578,"HaDarom",c(34.6943355, 31.6242929)
55,2023,1,"נוגה","נוגה",2023-10-07,14.3542339040261,1,10,NA,"HaDarom",c(34.6943355, 31.6242929)
57,2015,1,"כינרת קבוצה","כינרתקבוצה",2015-03-11,159.271062804505,1,3,690,"HaZafon",c(35.5614085, 32.7133725)
57,2016,1,"כינרת קבוצה","כינרתקבוצה",2016-09-20,159.271062804505,1,9,690,"HaZafon",c(35.5614085, 32.7133725)
57,2017,1,"כינרת קבוצה","כינרתקבוצה",2017-07-18,159.271062804505,1,7,681,"HaZafon",c(35.5614085, 32.7133725)
58,2015,1,"מצפה","מצפה",2015-03-11,163.083814460273,1,3,140,"HaZafon",c(35.5098555, 32.790956)
58,2016,1,"מצפה","מצפה",2016-09-20,163.083814460273,1,9,140,"HaZafon",c(35.5098555, 32.790956)
58,2017,1,"מצפה","מצפה",2017-07-18,163.083814460273,1,7,139,"HaZafon",c(35.5098555, 32.790956)
59,2016,1,"נחושה","נחושה",2016-09-20,37.4611738604817,1,9,1300,"Jerusalem",c(34.9537935, 31.6278261)
59,2016,1,"נחושה","נחושה",2016-07-06,37.4611738604817,1,7,1300,"Jerusalem",c(34.9537935, 31.6278261)
59,2017,1,"נחושה","נחושה",2017-12-05,37.4611738604817,1,12,1336,"Jerusalem",c(34.9537935, 31.6278261)
59,2019,1,"נחושה","נחושה",2019-05-05,37.4611738604817,1,5,1484,"Jerusalem",c(34.9537935, 31.6278261)
62,2015,1,"דגניה א'","דגניהא",2015-03-11,159.308268817349,1,3,530,"HaZafon",c(35.574352, 32.7072299)
62,2016,1,"דגניה א'","דגניהא",2016-09-20,159.308268817349,1,9,750,"HaZafon",c(35.574352, 32.7072299)
62,2017,1,"דגניה א'","דגניהא",2017-07-18,159.308268817349,1,7,752,"HaZafon",c(35.574352, 32.7072299)
63,2015,1,"כינרת מושבה","כינרתמושבה",2015-03-11,159.933266192989,1,3,630,"HaZafon",c(35.5578436, 32.7396056)
63,2016,1,"כינרת מושבה","כינרתמושבה",2016-09-20,159.933266192989,1,9,660,"HaZafon",c(35.5578436, 32.7396056)
63,2017,1,"כינרת מושבה","כינרתמושבה",2017-07-18,159.933266192989,1,7,680,"HaZafon",c(35.5578436, 32.7396056)
64,2014,1,"יד רמב""ם","ידרמבם",2014-08-01,49.993663406527,1,8,1040,"HaMerkaz",c(34.9018265, 31.900349)
64,2016,1,"יד רמב""ם","ידרמבם",2016-09-20,49.993663406527,1,9,1070,"HaMerkaz",c(34.9018265, 31.900349)
64,2017,1,"יד רמב""ם","ידרמבם",2017-08-08,49.993663406527,1,8,1085,"HaMerkaz",c(34.9018265, 31.900349)
64,2019,1,"יד רמב""ם","ידרמבם",2019-05-04,49.993663406527,1,5,1124,"HaMerkaz",c(34.9018265, 31.900349)
64,2021,1,"יד רמב''ם","ידרמבם",2021-05-11,49.993663406527,1,5,1139,"HaMerkaz",c(34.9018265, 31.900349)
64,2023,1,"יד רמב''ם","ידרמבם",2023-11-03,49.993663406527,1,11,NA,"HaMerkaz",c(34.9018265, 31.900349)
64,2023,1,"יד רמב''ם","ידרמבם",2023-12-02,49.993663406527,1,12,NA,"HaMerkaz",c(34.9018265, 31.900349)
65,2015,1,"מגדל","מגדל",2015-03-11,165.943503708562,1,3,1810,"HaZafon",c(35.495053, 32.8363539)
65,2016,1,"מגדל","מגדל",2016-09-20,165.943503708562,1,9,1880,"HaZafon",c(35.495053, 32.8363539)
65,2017,1,"מגדל","מגדל",2017-07-18,165.943503708562,1,7,1887,"HaZafon",c(35.495053, 32.8363539)
65,2018,1,"מג'דל","מגדל",2018-10-16,165.943503708562,1,10,1941,"HaZafon",c(35.495053, 32.8363539)
65,2019,1,"מגדל","מגדל",2019-05-20,165.943503708562,1,5,1952,"HaZafon",c(35.495053, 32.8363539)
65,2021,1,"מגדל","מגדל",2021-11-03,165.943503708562,1,11,1988,"HaZafon",c(35.495053, 32.8363539)
66,2015,1,"מרחביה מושב","מרחביהמושב",2015-03-11,135.365627501323,1,3,1140,"HaZafon",c(35.3081, 32.6046995)
66,2016,1,"מרחביה מושב","מרחביהמושב",2016-09-20,135.365627501323,1,9,1170,"HaZafon",c(35.3081, 32.6046995)
66,2023,1,"מרחביה מושב","מרחביהמושב",2023-12-02,135.365627501323,1,12,NA,"HaZafon",c(35.3081, 32.6046995)
67,2014,1,"אור הנר","אורהנר",2014-07-29,3.15231219207301,1,7,690,"HaDarom",c(34.6007315, 31.5577976)
67,2014,1,"אור הנר","אורהנר",2014-09-18,3.15231219207301,1,9,690,"HaDarom",c(34.6007315, 31.5577976)
67,2014,1,"אור הנר","אורהנר",2014-08-21,3.15231219207301,1,8,690,"HaDarom",c(34.6007315, 31.5577976)
67,2015,1,"אור הנר","אורהנר",2015-11-17,3.15231219207301,1,11,710,"HaDarom",c(34.6007315, 31.5577976)
67,2016,1,"אור הנר","אורהנר",2016-09-20,3.15231219207301,1,9,720,"HaDarom",c(34.6007315, 31.5577976)
67,2016,1,"אור הנר","אורהנר",2016-10-24,3.15231219207301,1,10,720,"HaDarom",c(34.6007315, 31.5577976)
67,2017,1,"אור הנר","אורהנר",2017-11-30,3.15231219207301,1,11,733,"HaDarom",c(34.6007315, 31.5577976)
67,2017,1,"אור הנר","אורהנר",2017-07-12,3.15231219207301,1,7,733,"HaDarom",c(34.6007315, 31.5577976)
67,2018,1,"אור הנר","אורהנר",2018-07-14,3.15231219207301,1,7,754,"HaDarom",c(34.6007315, 31.5577976)
67,2018,1,"אור הנר","אורהנר",2018-08-09,3.15231219207301,1,8,754,"HaDarom",c(34.6007315, 31.5577976)
67,2018,1,"אור הנר","אורהנר",2018-06-03,3.15231219207301,1,6,754,"HaDarom",c(34.6007315, 31.5577976)
67,2018,1,"אור הנר","אורהנר",2018-03-25,3.15231219207301,1,3,754,"HaDarom",c(34.6007315, 31.5577976)
67,2018,1,"אור הנר","אורהנר",2018-11-13,3.15231219207301,1,11,754,"HaDarom",c(34.6007315, 31.5577976)
67,2018,1,"אור הנר","אורהנר",2018-05-30,3.15231219207301,1,5,754,"HaDarom",c(34.6007315, 31.5577976)
67,2018,1,"אור הנר","אורהנר",2018-02-17,3.15231219207301,1,2,754,"HaDarom",c(34.6007315, 31.5577976)
67,2018,1,"אור הנר","אורהנר",2018-10-27,3.15231219207301,1,10,754,"HaDarom",c(34.6007315, 31.5577976)
67,2019,1,"אור הנר","אורהנר",2019-11-01,3.15231219207301,1,11,769,"HaDarom",c(34.6007315, 31.5577976)
67,2019,1,"אור הנר","אורהנר",2019-05-04,3.15231219207301,1,5,769,"HaDarom",c(34.6007315, 31.5577976)
67,2019,1,"אור הנר","אורהנר",2019-08-25,3.15231219207301,1,8,769,"HaDarom",c(34.6007315, 31.5577976)
67,2019,1,"אור הנר","אורהנר",2019-12-07,3.15231219207301,1,12,769,"HaDarom",c(34.6007315, 31.5577976)
67,2019,1,"אור הנר","אורהנר",2019-03-26,3.15231219207301,1,3,769,"HaDarom",c(34.6007315, 31.5577976)
67,2019,1,"אור הנר","אורהנר",2019-09-06,3.15231219207301,1,9,769,"HaDarom",c(34.6007315, 31.5577976)
67,2020,1,"אור הנר","אורהנר",2020-01-31,3.15231219207301,1,1,789,"HaDarom",c(34.6007315, 31.5577976)
67,2020,1,"אור הנר","אורהנר",2020-03-27,3.15231219207301,1,3,789,"HaDarom",c(34.6007315, 31.5577976)
67,2020,1,"אור הנר","אורהנר",2020-08-02,3.15231219207301,1,8,789,"HaDarom",c(34.6007315, 31.5577976)
67,2021,1,"אור הנר","אורהנר",2021-05-14,3.15231219207301,1,5,809,"HaDarom",c(34.6007315, 31.5577976)
67,2022,1,"אור הנר","אורהנר",2022-08-05,3.15231219207301,1,8,835,"HaDarom",c(34.6007315, 31.5577976)
67,2023,1,"אור הנר","אורהנר",2023-10-07,3.15231219207301,1,10,NA,"HaDarom",c(34.6007315, 31.5577976)
67,2023,1,"אור הנר","אורהנר",2023-11-11,3.15231219207301,1,11,NA,"HaDarom",c(34.6007315, 31.5577976)
67,2023,1,"אור הנר","אורהנר",2023-02-05,3.15231219207301,1,2,NA,"HaDarom",c(34.6007315, 31.5577976)
67,2023,1,"אור הנר","אורהנר",2023-05-12,3.15231219207301,1,5,NA,"HaDarom",c(34.6007315, 31.5577976)
67,2023,1,"אור הנר","אורהנר",2023-12-03,3.15231219207301,1,12,NA,"HaDarom",c(34.6007315, 31.5577976)
69,2014,1,"ניר עוז","נירעוז",2014-07-29,2.29600978191193,1,7,400,"HaDarom",c(34.4019695, 31.312319)
69,2014,1,"ניר עוז","נירעוז",2014-08-21,2.29600978191193,1,8,400,"HaDarom",c(34.4019695, 31.312319)
69,2016,1,"ניר עוז","נירעוז",2016-09-20,2.29600978191193,1,9,400,"HaDarom",c(34.4019695, 31.312319)
69,2017,1,"ניר עוז","נירעוז",2017-03-19,2.29600978191193,1,3,394,"HaDarom",c(34.4019695, 31.312319)
69,2018,1,"ניר עוז","נירעוז",2018-05-30,2.29600978191193,1,5,392,"HaDarom",c(34.4019695, 31.312319)
69,2018,1,"ניר עוז","נירעוז",2018-08-09,2.29600978191193,1,8,392,"HaDarom",c(34.4019695, 31.312319)
69,2018,1,"ניר עוז","נירעוז",2018-11-13,2.29600978191193,1,11,392,"HaDarom",c(34.4019695, 31.312319)
69,2018,1,"ניר עוז","נירעוז",2018-10-27,2.29600978191193,1,10,392,"HaDarom",c(34.4019695, 31.312319)
69,2018,1,"ניר עוז","נירעוז",2018-07-14,2.29600978191193,1,7,392,"HaDarom",c(34.4019695, 31.312319)
69,2019,1,"ניר עוז","נירעוז",2019-03-26,2.29600978191193,1,3,387,"HaDarom",c(34.4019695, 31.312319)
69,2019,1,"ניר עוז","נירעוז",2019-11-13,2.29600978191193,1,11,387,"HaDarom",c(34.4019695, 31.312319)
69,2019,1,"ניר עוז","נירעוז",2019-05-04,2.29600978191193,1,5,387,"HaDarom",c(34.4019695, 31.312319)
69,2021,1,"ניר עוז","נירעוז",2021-05-14,2.29600978191193,1,5,393,"HaDarom",c(34.4019695, 31.312319)
69,2022,1,"ניר עוז","נירעוז",2022-08-07,2.29600978191193,1,8,380,"HaDarom",c(34.4019695, 31.312319)
69,2023,1,"ניר עוז","נירעוז",2023-05-11,2.29600978191193,1,5,NA,"HaDarom",c(34.4019695, 31.312319)
69,2023,1,"ניר עוז","נירעוז",2023-11-07,2.29600978191193,1,11,NA,"HaDarom",c(34.4019695, 31.312319)
69,2023,1,"ניר עוז","נירעוז",2023-10-07,2.29600978191193,1,10,NA,"HaDarom",c(34.4019695, 31.312319)
69,2023,1,"ניר עוז","נירעוז",2023-12-09,2.29600978191193,1,12,NA,"HaDarom",c(34.4019695, 31.312319)
69,2023,1,"ניר עוז","נירעוז",2023-01-27,2.29600978191193,1,1,NA,"HaDarom",c(34.4019695, 31.312319)
70,2014,1,"אשדוד","אשדוד",2014-07-29,22.3267617998777,1,7,217950,"HaDarom",c(34.6581541, 31.8082335)
70,2014,1,"אשדוד","אשדוד",2014-08-01,22.3267617998777,1,8,217950,"HaDarom",c(34.6581541, 31.8082335)
70,2015,1,"אשדוד","אשדוד",2015-05-26,22.3267617998777,1,5,220190,"HaDarom",c(34.6581541, 31.8082335)
70,2015,1,"אשדוד","אשדוד",2015-09-29,22.3267617998777,1,9,220190,"HaDarom",c(34.6581541, 31.8082335)
70,2016,1,"אשדוד","אשדוד",2016-09-20,22.3267617998777,1,9,221630,"HaDarom",c(34.6581541, 31.8082335)
70,2019,1,"אשדוד","אשדוד",2019-09-10,22.3267617998777,1,9,225942,"HaDarom",c(34.6581541, 31.8082335)
70,2019,1,"אזור תעשייה עד הלום","אזורתעשייהעדהלום",2019-11-14,22.3267617998777,1,11,225942,"HaDarom",c(34.6631285, 31.7832605)
70,2019,1,"אשדוד","אשדוד",2019-06-18,22.3267617998777,1,6,225942,"HaDarom",c(34.6581541, 31.8082335)
70,2019,1,"אשדוד","אשדוד",2019-05-04,22.3267617998777,1,5,225942,"HaDarom",c(34.6581541, 31.8082335)
70,2020,1,"אשדוד","אשדוד",2020-11-15,22.3267617998777,1,11,226144,"HaDarom",c(34.6581541, 31.8082335)
70,2020,1,"אשדוד","אשדוד",2020-09-15,22.3267617998777,1,9,226144,"HaDarom",c(34.6581541, 31.8082335)
70,2021,1,"אזור תעשייה עד הלום","אזורתעשייהעדהלום",2021-05-12,22.3267617998777,1,5,225975,"HaDarom",c(34.6631285, 31.7832605)
70,2022,1,"אזור תעשייה עד הלום","אזורתעשייהעדהלום",2022-08-06,22.3267617998777,1,8,226830,"HaDarom",c(34.6631285, 31.7832605)
70,2023,1,"אזור תעשייה עד הלום","אזורתעשייהעדהלום",2023-12-01,22.3267617998777,1,12,NA,"HaDarom",c(34.6631285, 31.7832605)
70,2023,1,"אזור תעשייה עד הלום","אזורתעשייהעדהלום",2023-10-17,22.3267617998777,1,10,NA,"HaDarom",c(34.6631285, 31.7832605)
70,2023,1,"אזור תעשייה עד הלום","אזורתעשייהעדהלום",2023-11-09,22.3267617998777,1,11,NA,"HaDarom",c(34.6631285, 31.7832605)
70,2023,1,"אזור תעשייה עד הלום","אזורתעשייהעדהלום",2023-05-13,22.3267617998777,1,5,NA,"HaDarom",c(34.6631285, 31.7832605)
71,2014,1,"אשבול","אשבול",2014-08-21,12.6915342177158,1,8,460,"HaDarom",c(34.6654445, 31.4473745)
71,2015,1,"אשבול","אשבול",2015-04-23,12.6915342177158,1,4,490,"HaDarom",c(34.6654445, 31.4473745)
71,2016,1,"אשבול","אשבול",2016-09-20,12.6915342177158,1,9,530,"HaDarom",c(34.6654445, 31.4473745)
71,2017,1,"אשבול","אשבול",2017-03-21,12.6915342177158,1,3,562,"HaDarom",c(34.6654445, 31.4473745)
71,2018,1,"אשבול","אשבול",2018-07-14,12.6915342177158,1,7,635,"HaDarom",c(34.6654445, 31.4473745)
71,2018,1,"אשבול","אשבול",2018-08-09,12.6915342177158,1,8,635,"HaDarom",c(34.6654445, 31.4473745)
71,2018,1,"אשבול","אשבול",2018-05-30,12.6915342177158,1,5,635,"HaDarom",c(34.6654445, 31.4473745)
71,2018,1,"אשבול","אשבול",2018-11-12,12.6915342177158,1,11,635,"HaDarom",c(34.6654445, 31.4473745)
71,2019,1,"אשבול","אשבול",2019-11-12,12.6915342177158,1,11,652,"HaDarom",c(34.6654445, 31.4473745)
71,2019,1,"אשבול","אשבול",2019-05-04,12.6915342177158,1,5,652,"HaDarom",c(34.6654445, 31.4473745)
71,2021,1,"אשבול","אשבול",2021-05-12,12.6915342177158,1,5,630,"HaDarom",c(34.6654445, 31.4473745)
71,2022,1,"אשבול","אשבול",2022-08-07,12.6915342177158,1,8,662,"HaDarom",c(34.6654445, 31.4473745)
72,2016,1,"גן שמואל","גןשמואל",2016-06-22,103.924995471069,1,6,880,"Haifa",c(34.95038, 32.454062)
72,2016,1,"גן שמואל","גןשמואל",2016-09-20,103.924995471069,1,9,880,"Haifa",c(34.95038, 32.454062)
72,2019,1,"גן שמואל","גןשמואל",2019-07-31,103.924995471069,1,7,933,"Haifa",c(34.95038, 32.454062)
74,2014,1,"עין הוד","עיןהוד",2014-07-28,130.575233761085,1,7,580,"Haifa",c(34.9821209, 32.6995071)
74,2016,1,"עין הוד","עיןהוד",2016-06-22,130.575233761085,1,6,610,"Haifa",c(34.9821209, 32.6995071)
74,2016,1,"עין הוד","עיןהוד",2016-09-20,130.575233761085,1,9,610,"Haifa",c(34.9821209, 32.6995071)
74,2019,1,"עין הוד","עיןהוד",2019-07-31,130.575233761085,1,7,643,"Haifa",c(34.9821209, 32.6995071)
76,2014,1,"כפר גלעדי","כפרגלעדי",2014-09-11,208.188011200156,1,9,650,"HaZafon",c(35.5754526, 33.2421781)
76,2014,1,"כפר גלעדי","כפרגלעדי",2014-08-25,208.188011200156,1,8,650,"HaZafon",c(35.5754526, 33.2421781)
76,2016,1,"כפר גלעדי","כפרגלעדי",2016-09-20,208.188011200156,1,9,650,"HaZafon",c(35.5754526, 33.2421781)
76,2016,1,"כפר גלעדי","כפרגלעדי",2016-12-06,208.188011200156,1,12,650,"HaZafon",c(35.5754526, 33.2421781)
76,2018,1,"כפר גלעדי","כפרגלעדי",2018-02-10,208.188011200156,1,2,675,"HaZafon",c(35.5754526, 33.2421781)
76,2019,1,"כפר גלעדי","כפרגלעדי",2019-05-20,208.188011200156,1,5,673,"HaZafon",c(35.5754526, 33.2421781)
76,2021,1,"כפר גלעדי ","כפרגלעדי",2021-08-04,208.188011200156,1,8,689,"HaZafon",c(35.5754526, 33.2421781)
76,2023,1,"כפר גלעדי","כפרגלעדי",2023-11-21,208.188011200156,1,11,NA,"HaZafon",c(35.5754526, 33.2421781)
76,2023,1,"כפר גלעדי","כפרגלעדי",2023-10-12,208.188011200156,1,10,NA,"HaZafon",c(35.5754526, 33.2421781)
76,2023,1,"כפר גלעדי","כפרגלעדי",2023-12-16,208.188011200156,1,12,NA,"HaZafon",c(35.5754526, 33.2421781)
77,2016,1,"איילת השחר","איילתהשחר",2016-09-20,187.259735326818,1,9,1200,"HaZafon",c(35.5778794, 33.023077)
77,2017,1,"איילת השחר","איילתהשחר",2017-07-18,187.259735326818,1,7,1161,"HaZafon",c(35.5778794, 33.023077)
77,2018,1,"איילת השחר","איילתהשחר",2018-07-23,187.259735326818,1,7,1134,"HaZafon",c(35.5778794, 33.023077)
77,2019,1,"איילת השחר","איילתהשחר",2019-05-20,187.259735326818,1,5,1134,"HaZafon",c(35.5778794, 33.023077)
77,2022,1,"איילת השחר","איילתהשחר",2022-02-18,187.259735326818,1,2,1154,"HaZafon",c(35.5778794, 33.023077)
77,2023,1,"איילת השחר","איילתהשחר",2023-10-29,187.259735326818,1,10,NA,"HaZafon",c(35.5778794, 33.023077)
78,2014,1,"קרית ענבים","קריתענבים",2014-08-19,59.8682202783447,1,8,450,"Jerusalem",c(35.1207425, 31.8090964)
78,2016,1,"קרית ענבים","קריתענבים",2016-07-06,59.8682202783447,1,7,470,"Jerusalem",c(35.1207425, 31.8090964)
78,2016,1,"קרית ענבים","קריתענבים",2016-09-20,59.8682202783447,1,9,470,"Jerusalem",c(35.1207425, 31.8090964)
78,2017,1,"קרית ענבים","קריתענבים",2017-12-05,59.8682202783447,1,12,459,"Jerusalem",c(35.1207425, 31.8090964)
78,2021,1,"קריית ענבים","קרייתענבים",2021-05-10,59.8682202783447,1,5,455,"Jerusalem",c(35.1207425, 31.8090964)
78,2022,1,"קריית ענבים","קרייתענבים",2022-08-07,59.8682202783447,1,8,489,"Jerusalem",c(35.1207425, 31.8090964)
78,2023,1,"קריית ענבים","קרייתענבים",2023-10-07,59.8682202783447,1,10,NA,"Jerusalem",c(35.1207425, 31.8090964)
79,2015,1,"דגניה ב'","דגניהב",2015-03-11,159.155014450091,1,3,640,"HaZafon",c(35.57463, 32.6998335)
79,2016,1,"דגניה ב'","דגניהב",2016-09-20,159.155014450091,1,9,650,"HaZafon",c(35.57463, 32.6998335)
79,2017,1,"דגניה ב'","דגניהב",2017-07-18,159.155014450091,1,7,655,"HaZafon",c(35.57463, 32.6998335)
80,2015,1,"נהלל","נהלל",2015-03-11,136.149024654341,1,3,960,"HaZafon",c(35.198956, 32.6916755)
80,2016,1,"נהלל","נהלל",2016-09-20,136.149024654341,1,9,810,"HaZafon",c(35.198956, 32.6916755)
82,2015,1,"עין חרוד מאוחד","עיןחרודמאוחד",2015-03-11,135.87769237714,1,3,740,"HaZafon",c(35.391689, 32.557856)
82,2016,1,"עין חרוד מאוחד","עיןחרודמאוחד",2016-09-20,135.87769237714,1,9,740,"HaZafon",c(35.391689, 32.557856)
84,2015,1,"תל יוסף","תליוסף",2015-03-11,136.254988240105,1,3,540,"HaZafon",c(35.398222, 32.555386)
84,2016,1,"תל יוסף","תליוסף",2016-09-20,136.254988240105,1,9,550,"HaZafon",c(35.398222, 32.555386)
85,2015,1,"כפר יחזקאל","כפריחזקאל",2015-03-11,134.280545655343,1,3,1150,"HaZafon",c(35.3595726, 32.5668535)
85,2016,1,"כפר יחזקאל","כפריחזקאל",2016-09-20,134.280545655343,1,9,1140,"HaZafon",c(35.3595726, 32.5668535)
85,2023,1,"כפר יחזקאל","כפריחזקאל",2023-12-02,134.280545655343,1,12,NA,"HaZafon",c(35.3595726, 32.5668535)
86,2015,1,"גבע","גבע",2015-03-11,135.56622038062,1,3,630,"HaZafon",c(35.3733486, 32.566335)
86,2016,1,"גבע","גבע",2016-09-20,135.56622038062,1,9,630,"HaZafon",c(35.3733486, 32.566335)
86,2023,1,"קבוצת גבע","קבוצתגבע",2023-12-02,135.56622038062,1,12,NA,"HaZafon",c(35.3733486, 32.566335)
88,2014,1,"כרם בן שמן","כרםבןשמן",2014-08-01,57.3045594564793,1,8,80,"HaMerkaz",c(34.9339324, 31.9586779)
88,2014,1,"כרם בן שמן","כרםבןשמן",2014-07-29,57.3045594564793,1,7,80,"HaMerkaz",c(34.9339324, 31.9586779)
88,2015,1,"כרם בן שמן","כרםבןשמן",2015-03-23,57.3045594564793,1,3,80,"HaMerkaz",c(34.9339324, 31.9586779)
88,2016,1,"כרם בן שמן","כרםבןשמן",2016-09-20,57.3045594564793,1,9,90,"HaMerkaz",c(34.9339324, 31.9586779)
90,2015,1,"חפצי בה","חפציבה",2015-03-11,134.755077038911,1,3,540,"HaZafon",c(35.425948, 32.518864)
90,2016,1,"חפצי בה","חפציבה",2016-09-20,134.755077038911,1,9,650,"HaZafon",c(35.425948, 32.518864)
90,2018,1,"חפצי בה","חפציבה",2018-02-10,134.755077038911,1,2,742,"HaZafon",c(35.425948, 32.518864)
92,2015,1,"גיניגר","גיניגר",2015-03-11,138.344206620856,1,3,660,"HaZafon",c(35.2578845, 32.664113)
92,2016,1,"גיניגר","גיניגר",2016-09-20,138.344206620856,1,9,670,"HaZafon",c(35.2578845, 32.664113)
92,2023,1,"גניגר","גניגר",2023-12-02,138.344206620856,1,12,NA,"HaZafon",c(35.2578845, 32.664113)
94,2015,1,"בלפוריה","בלפוריה",2015-03-11,136.780691061526,1,3,440,"HaZafon",c(35.2966354, 32.6298995)
94,2016,1,"בלפוריה","בלפוריה",2016-09-20,136.780691061526,1,9,440,"HaZafon",c(35.2966354, 32.6298995)
94,2023,1,"בלפוריה","בלפוריה",2023-12-02,136.780691061526,1,12,NA,"HaZafon",c(35.2966354, 32.6298995)
95,2015,1,"בית אלפא","ביתאלפא",2015-03-11,134.832808863252,1,3,860,"HaZafon",c(35.4320531, 32.5169685)
95,2016,1,"בית אלפא","ביתאלפא",2016-09-20,134.832808863252,1,9,740,"HaZafon",c(35.4320531, 32.5169685)
95,2018,1,"בית אלפא","ביתאלפא",2018-02-10,134.832808863252,1,2,691,"HaZafon",c(35.4320531, 32.5169685)
96,2016,1,"יגור","יגור",2016-09-20,138.037130311087,1,9,1570,"Haifa",c(35.076898, 32.7415995)
96,2018,1,"יגור","יגור",2018-09-05,138.037130311087,1,9,1603,"Haifa",c(35.076898, 32.7415995)
98,2014,1,"כפר מל""ל","כפרמלל",2014-08-02,73.3865545465055,1,8,340,"HaMerkaz",c(34.8943739, 32.1676809)
98,2016,1,"כפר מל""ל","כפרמלל",2016-12-20,73.3865545465055,1,12,310,"HaMerkaz",c(34.8943739, 32.1676809)
98,2016,1,"כפר מל""ל","כפרמלל",2016-09-20,73.3865545465055,1,9,310,"HaMerkaz",c(34.8943739, 32.1676809)
98,2018,1,"כפר מל""ל","כפרמלל",2018-12-26,73.3865545465055,1,12,328,"HaMerkaz",c(34.8943739, 32.1676809)
98,2021,1,"כפר מל''ל","כפרמלל",2021-05-11,73.3865545465055,1,5,324,"HaMerkaz",c(34.8943739, 32.1676809)
98,2023,1,"כפר מל''ל","כפרמלל",2023-10-29,73.3865545465055,1,10,NA,"HaMerkaz",c(34.8943739, 32.1676809)
98,2023,1,"כפר מל''ל","כפרמלל",2023-11-20,73.3865545465055,1,11,NA,"HaMerkaz",c(34.8943739, 32.1676809)
99,2016,1,"מצפה רמון","מצפהרמון",2016-09-20,78.5084245751327,1,9,5120,"HaDarom",c(34.81849, 30.621129)
99,2017,1,"מצפה רמון","מצפהרמון",2017-03-21,78.5084245751327,1,3,5240,"HaDarom",c(34.81849, 30.621129)
99,2018,1,"רמון","רמון",2018-10-16,78.5084245751327,1,10,5220,"HaDarom",c(34.8009348, 30.6108887)
102,2014,1,"מאיר שפיה","מאירשפיה",2014-07-28,118.615819743464,1,7,300,"Haifa",c(34.9710703, 32.5912213)
102,2019,1,"מאיר שפיה","מאירשפיה",2019-07-31,118.615819743464,1,7,297,"Haifa",c(34.9710703, 32.5912213)
103,2015,1,"תל עדשים","תלעדשים",2015-03-11,139.035665873934,1,3,1420,"HaZafon",c(35.3039544, 32.6565105)
103,2016,1,"תל עדשים","תלעדשים",2016-09-20,139.035665873934,1,9,1460,"HaZafon",c(35.3039544, 32.6565105)
103,2023,1,"תל עדשים","תלעדשים",2023-12-02,139.035665873934,1,12,NA,"HaZafon",c(35.3039544, 32.6565105)
104,2015,1,"מזרע","מזרע",2015-03-11,138.374074525615,1,3,610,"HaZafon",c(35.285987, 32.65049)
104,2016,1,"מזרע","מזרע",2016-09-20,138.374074525615,1,9,700,"HaZafon",c(35.285987, 32.65049)
104,2023,1,"מזרע","מזרע",2023-12-02,138.374074525615,1,12,NA,"HaZafon",c(35.285987, 32.65049)
106,2015,1,"כפר גדעון","כפרגדעון",2015-03-11,138.095299723274,1,3,330,"HaZafon",c(35.2910261, 32.6438401)
106,2016,1,"כפר גדעון","כפרגדעון",2016-09-20,138.095299723274,1,9,360,"HaZafon",c(35.2910261, 32.6438401)
106,2023,1,"כפר גדעון","כפרגדעון",2023-12-02,138.095299723274,1,12,NA,"HaZafon",c(35.2910261, 32.6438401)
107,2014,1,"כפר סילבר","כפרסילבר",2014-07-31,13.5075788043159,1,7,220,"HaDarom",c(34.612311, 31.6756685)
107,2014,1,"כפר סילבר","כפרסילבר",2014-08-01,13.5075788043159,1,8,220,"HaDarom",c(34.612311, 31.6756685)
107,2015,1,"כפר סילבר","כפרסילבר",2015-05-26,13.5075788043159,1,5,230,"HaDarom",c(34.612311, 31.6756685)
107,2015,1,"כפר סילבר","כפרסילבר",2015-06-03,13.5075788043159,1,6,230,"HaDarom",c(34.612311, 31.6756685)
107,2016,1,"כפר סילבר","כפרסילבר",2016-09-20,13.5075788043159,1,9,280,"HaDarom",c(34.612311, 31.6756685)
107,2017,1,"כפר סילבר","כפרסילבר",2017-12-11,13.5075788043159,1,12,289,"HaDarom",c(34.612311, 31.6756685)
107,2018,1,"כפר סילבר","כפרסילבר",2018-05-29,13.5075788043159,1,5,274,"HaDarom",c(34.612311, 31.6756685)
107,2018,1,"כפר סילבר","כפרסילבר",2018-11-13,13.5075788043159,1,11,274,"HaDarom",c(34.612311, 31.6756685)
107,2019,1,"כפר סילבר","כפרסילבר",2019-11-12,13.5075788043159,1,11,290,"HaDarom",c(34.612311, 31.6756685)
107,2019,1,"כפר סילבר","כפרסילבר",2019-05-05,13.5075788043159,1,5,290,"HaDarom",c(34.612311, 31.6756685)
107,2021,1,"כפר סילבר","כפרסילבר",2021-05-10,13.5075788043159,1,5,406,"HaDarom",c(34.612311, 31.6756685)
107,2022,1,"כפר סילבר","כפרסילבר",2022-08-07,13.5075788043159,1,8,402,"HaDarom",c(34.612311, 31.6756685)
107,2023,1,"כפר סילבר","כפרסילבר",2023-10-07,13.5075788043159,1,10,NA,"HaDarom",c(34.612311, 31.6756685)
107,2023,1,"כפר סילבר","כפרסילבר",2023-12-05,13.5075788043159,1,12,NA,"HaDarom",c(34.612311, 31.6756685)
107,2023,1,"כפר סילבר","כפרסילבר",2023-11-15,13.5075788043159,1,11,NA,"HaDarom",c(34.612311, 31.6756685)
107,2023,1,"כפר סילבר","כפרסילבר",2023-05-11,13.5075788043159,1,5,NA,"HaDarom",c(34.612311, 31.6756685)
112,2016,1,"כפר חסידים א'","כפרחסידיםא",2016-09-20,138.416943385426,1,9,840,"Haifa",c(35.094092, 32.751098)
112,2018,1,"כפר חסידים א'","כפרחסידיםא",2018-09-05,138.416943385426,1,9,833,"Haifa",c(35.094092, 32.751098)
113,2015,1,"אדירים","אדירים",2015-03-11,128.30456608428,1,3,270,"HaZafon",c(35.272318, 32.5491954)
113,2016,1,"אדירים","אדירים",2016-09-20,128.30456608428,1,9,270,"HaZafon",c(35.272318, 32.5491954)
115,2016,1,"חופית","חופית",2016-09-20,94.152194957121,1,9,740,"HaMerkaz",c(34.8755282, 32.385757)
115,2017,1,"חופית","חופית",2017-02-07,94.152194957121,1,2,750,"HaMerkaz",c(34.8755282, 32.385757)
122,2015,1,"רמת ישי","רמתישי",2015-03-11,137.569672006859,1,3,7480,"HaZafon",c(35.1687169, 32.7061594)
122,2016,1,"רמת ישי","רמתישי",2016-09-20,137.569672006859,1,9,7570,"HaZafon",c(35.1687169, 32.7061594)
122,2023,1,"רמת ישי","רמתישי",2023-10-13,137.569672006859,1,10,NA,"HaZafon",c(35.1687169, 32.7061594)
126,2015,1,"שריד","שריד",2015-03-11,135.613537934856,1,3,850,"HaZafon",c(35.2251395, 32.6642239)
126,2016,1,"שריד","שריד",2016-09-20,135.613537934856,1,9,870,"HaZafon",c(35.2251395, 32.6642239)
126,2023,1,"שריד","שריד",2023-12-02,135.613537934856,1,12,NA,"HaZafon",c(35.2251395, 32.6642239)
127,2014,1,"רמת רחל","רמתרחל",2014-08-19,65.0205158287512,1,8,470,"Jerusalem",c(35.2202885, 31.7403486)
127,2016,1,"רמת רחל","רמתרחל",2016-09-20,65.0205158287512,1,9,510,"Jerusalem",c(35.2202885, 31.7403486)
127,2019,1,"רמת רחל","רמתרחל",2019-02-06,65.0205158287512,1,2,545,"Jerusalem",c(35.2202885, 31.7403486)
128,2014,1,"גת רימון","גתרימון",2014-08-20,63.5609540329213,1,8,300,"HaMerkaz",c(34.880092, 32.068303)
128,2015,1,"גת רימון","גתרימון",2015-03-23,63.5609540329213,1,3,300,"HaMerkaz",c(34.880092, 32.068303)
128,2016,1,"גת רימון","גתרימון",2016-09-20,63.5609540329213,1,9,290,"HaMerkaz",c(34.880092, 32.068303)
128,2021,1,"גת רימון","גתרימון",2021-05-11,63.5609540329213,1,5,317,"HaMerkaz",c(34.880092, 32.068303)
128,2023,1,"גת רימון","גתרימון",2023-11-20,63.5609540329213,1,11,NA,"HaMerkaz",c(34.880092, 32.068303)
128,2023,1,"גת רימון","גתרימון",2023-10-27,63.5609540329213,1,10,NA,"HaMerkaz",c(34.880092, 32.068303)
128,2023,1,"גת רימון","גתרימון",2023-12-08,63.5609540329213,1,12,NA,"HaMerkaz",c(34.880092, 32.068303)
130,2015,1,"משמר העמק","משמרהעמק",2015-03-11,127.754958164979,1,3,1220,"HaZafon",c(35.1418074, 32.6097176)
130,2016,1,"משמר העמק","משמרהעמק",2016-09-20,127.754958164979,1,9,1230,"HaZafon",c(35.1418074, 32.6097176)
130,2016,1,"משמר העמק","משמרהעמק",2016-06-22,127.754958164979,1,6,1230,"HaZafon",c(35.1418074, 32.6097176)
132,2015,1,"כפר ברוך","כפרברוך",2015-03-11,133.227390568458,1,3,520,"HaZafon",c(35.1907171, 32.6460175)
132,2016,1,"כפר ברוך","כפרברוך",2016-09-20,133.227390568458,1,9,540,"HaZafon",c(35.1907171, 32.6460175)
133,2015,1,"גבת","גבת",2015-03-11,136.538311818503,1,3,860,"HaZafon",c(35.2124295, 32.6747386)
133,2016,1,"גבת","גבת",2016-09-20,136.538311818503,1,9,890,"HaZafon",c(35.2124295, 32.6747386)
134,2015,1,"יפעת","יפעת",2015-03-11,137.721386966089,1,3,1080,"HaZafon",c(35.2244009, 32.6772201)
134,2016,1,"יפעת","יפעת",2016-09-20,137.721386966089,1,9,1180,"HaZafon",c(35.2244009, 32.6772201)
135,2015,1,"רמת דוד","רמתדוד",2015-03-11,135.449376654464,1,3,480,"HaZafon",c(35.2031079, 32.6781214)
135,2016,1,"רמת דוד","רמתדוד",2016-09-20,135.449376654464,1,9,490,"HaZafon",c(35.2031079, 32.6781214)
139,2016,1,"עין שמר","עיןשמר",2016-06-22,107.314308736751,1,6,560,"Haifa",c(35.0065911, 32.462106)
139,2016,1,"עין שמר","עיןשמר",2016-09-20,107.314308736751,1,9,560,"Haifa",c(35.0065911, 32.462106)
139,2019,1,"עין שמר","עיןשמר",2019-07-31,107.314308736751,1,7,571,"Haifa",c(35.0065911, 32.462106)
139,2023,1,"עין שמר","עיןשמר",2023-10-09,107.314308736751,1,10,NA,"Haifa",c(35.0065911, 32.462106)
140,2015,1,"כפר יהושע","כפריהושע",2015-03-11,133.461984250908,1,3,1110,"HaZafon",c(35.1514906, 32.683821)
140,2016,1,"כפר יהושע","כפריהושע",2016-09-20,133.461984250908,1,9,1160,"HaZafon",c(35.1514906, 32.683821)
141,2015,1,"ברק","ברק",2015-03-11,127.398381145244,1,3,420,"HaZafon",c(35.2650905, 32.5416905)
141,2016,1,"ברק","ברק",2016-09-20,127.398381145244,1,9,430,"HaZafon",c(35.2650905, 32.5416905)
142,2015,1,"שדה יעקב","שדהיעקב",2015-03-11,135.650286558412,1,3,1130,"HaZafon",c(35.1419005, 32.697437)
142,2016,1,"שדה יעקב","שדהיעקב",2016-09-20,135.650286558412,1,9,1090,"HaZafon",c(35.1419005, 32.697437)
143,2015,1,"בית זרע","ביתזרע",2015-03-11,157.967856536988,1,3,570,"HaZafon",c(35.5735085, 32.6888225)
143,2016,1,"בית זרע","ביתזרע",2016-09-20,157.967856536988,1,9,580,"HaZafon",c(35.5735085, 32.6888225)
143,2017,1,"בית זרע","ביתזרע",2017-07-18,157.967856536988,1,7,577,"HaZafon",c(35.5735085, 32.6888225)
144,2014,1,"גן שלמה","גןשלמה",2014-08-05,42.1575546624987,1,8,510,"HaMerkaz",c(34.7986829, 31.878022)
144,2014,1,"גן שלמה","גןשלמה",2014-07-30,42.1575546624987,1,7,510,"HaMerkaz",c(34.7986829, 31.878022)
144,2016,1,"גן שלמה","גןשלמה",2016-09-20,42.1575546624987,1,9,540,"HaMerkaz",c(34.7986829, 31.878022)
144,2017,1,"גן שלמה","גןשלמה",2017-08-08,42.1575546624987,1,8,550,"HaMerkaz",c(34.7986829, 31.878022)
144,2019,1,"גן שלמה","גןשלמה",2019-05-05,42.1575546624987,1,5,578,"HaMerkaz",c(34.7986829, 31.878022)
144,2019,1,"גן שלמה","גןשלמה",2019-11-13,42.1575546624987,1,11,578,"HaMerkaz",c(34.7986829, 31.878022)
144,2021,1,"גן שלמה","גןשלמה",2021-05-12,42.1575546624987,1,5,591,"HaMerkaz",c(34.7986829, 31.878022)
144,2023,1,"גן שלמה","גןשלמה",2023-10-07,42.1575546624987,1,10,NA,"HaMerkaz",c(34.7986829, 31.878022)
144,2023,1,"גן שלמה","גןשלמה",2023-05-11,42.1575546624987,1,5,NA,"HaMerkaz",c(34.7986829, 31.878022)
144,2023,1,"גן שלמה","גןשלמה",2023-12-02,42.1575546624987,1,12,NA,"HaMerkaz",c(34.7986829, 31.878022)
144,2023,1,"גן שלמה","גןשלמה",2023-11-18,42.1575546624987,1,11,NA,"HaMerkaz",c(34.7986829, 31.878022)
145,2015,1,"גדיש","גדיש",2015-03-11,127.848213385516,1,3,400,"HaZafon",c(35.245248, 32.5596795)
145,2016,1,"גדיש","גדיש",2016-09-20,127.848213385516,1,9,410,"HaZafon",c(35.245248, 32.5596795)
146,2015,1,"דבורה","דבורה",2015-03-11,128.102766259865,1,3,230,"HaZafon",c(35.2645125, 32.5535275)
146,2016,1,"דבורה","דבורה",2016-09-20,128.102766259865,1,9,220,"HaZafon",c(35.2645125, 32.5535275)
147,2014,1,"גבעת ברנר","גבעתברנר",2014-07-29,40.6311956700671,1,7,2620,"HaMerkaz",c(34.8036534, 31.8663165)
147,2014,1,"גבעת ברנר","גבעתברנר",2014-08-19,40.6311956700671,1,8,2620,"HaMerkaz",c(34.8036534, 31.8663165)
147,2016,1,"גבעת ברנר","גבעתברנר",2016-09-20,40.6311956700671,1,9,2680,"HaMerkaz",c(34.8036534, 31.8663165)
147,2017,1,"גבעת ברנר","גבעתברנר",2017-08-08,40.6311956700671,1,8,2669,"HaMerkaz",c(34.8036534, 31.8663165)
147,2019,1,"גבעת ברנר","גבעתברנר",2019-11-13,40.6311956700671,1,11,2678,"HaMerkaz",c(34.8036534, 31.8663165)
147,2019,1,"גבעת ברנר","גבעתברנר",2019-05-05,40.6311956700671,1,5,2678,"HaMerkaz",c(34.8036534, 31.8663165)
147,2021,1,"גבעת ברנר","גבעתברנר",2021-05-12,40.6311956700671,1,5,2694,"HaMerkaz",c(34.8036534, 31.8663165)
147,2023,1,"גבעת ברנר","גבעתברנר",2023-12-01,40.6311956700671,1,12,NA,"HaMerkaz",c(34.8036534, 31.8663165)
147,2023,1,"גבעת ברנר","גבעתברנר",2023-11-18,40.6311956700671,1,11,NA,"HaMerkaz",c(34.8036534, 31.8663165)
147,2023,1,"גבעת ברנר","גבעתברנר",2023-05-11,40.6311956700671,1,5,NA,"HaMerkaz",c(34.8036534, 31.8663165)
147,2023,1,"גבעת ברנר","גבעתברנר",2023-10-07,40.6311956700671,1,10,NA,"HaMerkaz",c(34.8036534, 31.8663165)
155,2014,1,"באר טוביה","בארטוביה",2014-08-03,24.0962765775602,1,8,1010,"HaDarom",c(34.722009, 31.7344595)
155,2014,1,"באר טוביה","בארטוביה",2014-07-29,24.0962765775602,1,7,1010,"HaDarom",c(34.722009, 31.7344595)
155,2016,1,"באר טוביה","בארטוביה",2016-09-20,24.0962765775602,1,9,1110,"HaDarom",c(34.722009, 31.7344595)
155,2019,1,"באר טוביה","בארטוביה",2019-05-05,24.0962765775602,1,5,1289,"HaDarom",c(34.722009, 31.7344595)
155,2021,1,"באר טוביה","בארטוביה",2021-05-18,24.0962765775602,1,5,1294,"HaDarom",c(34.722009, 31.7344595)
155,2023,1,"באר טוביה","בארטוביה",2023-05-11,24.0962765775602,1,5,NA,"HaDarom",c(34.722009, 31.7344595)
155,2023,1,"באר טוביה","בארטוביה",2023-10-07,24.0962765775602,1,10,NA,"HaDarom",c(34.722009, 31.7344595)
155,2023,1,"באר טוביה","בארטוביה",2023-12-01,24.0962765775602,1,12,NA,"HaDarom",c(34.722009, 31.7344595)
156,2014,1,"עיינות","עיינות",2014-07-30,43.7391203350943,1,7,320,"HaMerkaz",c(34.768097, 31.9157995)
156,2014,1,"עיינות","עיינות",2014-08-19,43.7391203350943,1,8,320,"HaMerkaz",c(34.768097, 31.9157995)
156,2016,1,"עיינות","עיינות",2016-09-20,43.7391203350943,1,9,350,"HaMerkaz",c(34.768097, 31.9157995)
156,2017,1,"עיינות","עיינות",2017-08-08,43.7391203350943,1,8,352,"HaMerkaz",c(34.768097, 31.9157995)
156,2021,1,"עיינות","עיינות",2021-05-11,43.7391203350943,1,5,407,"HaMerkaz",c(34.768097, 31.9157995)
156,2022,1,"עיינות","עיינות",2022-08-07,43.7391203350943,1,8,342,"HaMerkaz",c(34.768097, 31.9157995)
156,2023,1,"עיינות","עיינות",2023-10-07,43.7391203350943,1,10,NA,"HaMerkaz",c(34.768097, 31.9157995)
156,2023,1,"עיינות","עיינות",2023-11-20,43.7391203350943,1,11,NA,"HaMerkaz",c(34.768097, 31.9157995)
156,2023,1,"עיינות","עיינות",2023-12-01,43.7391203350943,1,12,NA,"HaMerkaz",c(34.768097, 31.9157995)
157,2014,1,"עין ורד","עיןורד",2014-08-02,84.1144268104242,1,8,1440,"HaMerkaz",c(34.934946, 32.2640975)
157,2016,1,"עין ורד","עיןורד",2016-09-20,84.1144268104242,1,9,1480,"HaMerkaz",c(34.934946, 32.2640975)
157,2017,1,"עין ורד","עיןורד",2017-02-07,84.1144268104242,1,2,1476,"HaMerkaz",c(34.934946, 32.2640975)
157,2019,1,"עין ורד","עיןורד",2019-03-25,84.1144268104242,1,3,1504,"HaMerkaz",c(34.934946, 32.2640975)
157,2021,1,"עין ורד","עיןורד",2021-05-13,84.1144268104242,1,5,1567,"HaMerkaz",c(34.934946, 32.2640975)
158,2014,1,"נען","נען",2014-08-21,45.8313725914516,1,8,1480,"HaMerkaz",c(34.8583524, 31.884339)
158,2016,1,"נען","נען",2016-09-20,45.8313725914516,1,9,1590,"HaMerkaz",c(34.8583524, 31.884339)
158,2017,1,"נען","נען",2017-08-08,45.8313725914516,1,8,1643,"HaMerkaz",c(34.8583524, 31.884339)
158,2019,1,"נען","נען",2019-05-04,45.8313725914516,1,5,1717,"HaMerkaz",c(34.8583524, 31.884339)
158,2021,1,"נען","נען",2021-05-12,45.8313725914516,1,5,1771,"HaMerkaz",c(34.8583524, 31.884339)
158,2023,1,"נען","נען",2023-11-18,45.8313725914516,1,11,NA,"HaMerkaz",c(34.8583524, 31.884339)
158,2023,1,"נען","נען",2023-12-01,45.8313725914516,1,12,NA,"HaMerkaz",c(34.8583524, 31.884339)
158,2023,1,"נען","נען",2023-10-15,45.8313725914516,1,10,NA,"HaMerkaz",c(34.8583524, 31.884339)
160,2014,1,"חולדה","חולדה",2014-08-21,43.3784573428915,1,8,860,"HaMerkaz",c(34.8818439, 31.8311671)
160,2016,1,"חולדה","חולדה",2016-09-20,43.3784573428915,1,9,960,"HaMerkaz",c(34.8818439, 31.8311671)
160,2017,1,"חולדה","חולדה",2017-08-08,43.3784573428915,1,8,1067,"HaMerkaz",c(34.8818439, 31.8311671)
160,2019,1,"חולדה","חולדה",2019-05-04,43.3784573428915,1,5,1163,"HaMerkaz",c(34.8818439, 31.8311671)
160,2019,1,"חולדה","חולדה",2019-11-13,43.3784573428915,1,11,1163,"HaMerkaz",c(34.8818439, 31.8311671)
160,2021,1,"חולדה","חולדה",2021-05-16,43.3784573428915,1,5,1169,"HaMerkaz",c(34.8818439, 31.8311671)
160,2023,1,"חולדה","חולדה",2023-05-13,43.3784573428915,1,5,NA,"HaMerkaz",c(34.8818439, 31.8311671)
160,2023,1,"חולדה","חולדה",2023-10-07,43.3784573428915,1,10,NA,"HaMerkaz",c(34.8818439, 31.8311671)
162,2014,1,"חרות","חרות",2014-08-02,81.4030868366877,1,8,1290,"HaMerkaz",c(34.91468, 32.2403081)
162,2016,1,"חרות","חרות",2016-09-20,81.4030868366877,1,9,1260,"HaMerkaz",c(34.91468, 32.2403081)
162,2017,1,"חרות","חרות",2017-02-07,81.4030868366877,1,2,1281,"HaMerkaz",c(34.91468, 32.2403081)
162,2019,1,"חרות","חרות",2019-03-25,81.4030868366877,1,3,1298,"HaMerkaz",c(34.91468, 32.2403081)
162,2021,1,"חרות","חרות",2021-05-13,81.4030868366877,1,5,1260,"HaMerkaz",c(34.91468, 32.2403081)
163,2014,1,"תימורים","תימורים",2014-07-31,25.8340743937132,1,7,770,"HaDarom",c(34.7605895, 31.7151415)
163,2014,1,"תימורים","תימורים",2014-08-05,25.8340743937132,1,8,770,"HaDarom",c(34.7605895, 31.7151415)
163,2016,1,"תימורים","תימורים",2016-09-20,25.8340743937132,1,9,790,"HaDarom",c(34.7605895, 31.7151415)
163,2019,1,"תימורים","תימורים",2019-05-05,25.8340743937132,1,5,777,"HaDarom",c(34.7605895, 31.7151415)
163,2021,1,"אזור תעשייה תימורים","אזורתעשייהתימורים",2021-05-19,25.8340743937132,1,5,743,"HaDarom",c(34.7605895, 31.7151415)
163,2023,1,"אזור תעשייה תימורים","אזורתעשייהתימורים",2023-10-07,25.8340743937132,1,10,NA,"HaDarom",c(34.7605895, 31.7151415)
164,2015,1,"מלאה","מלאה",2015-03-11,127.752883152997,1,3,390,"HaZafon",c(35.235457, 32.5630945)
164,2016,1,"מלאה","מלאה",2016-09-20,127.752883152997,1,9,400,"HaZafon",c(35.235457, 32.5630945)
165,2015,1,"ניר יפה","ניריפה",2015-03-11,128.746959570369,1,3,680,"HaZafon",c(35.2441356, 32.5698615)
165,2016,1,"ניר יפה","ניריפה",2016-09-20,128.746959570369,1,9,670,"HaZafon",c(35.2441356, 32.5698615)
166,2014,1,"גן יבנה","גןיבנה",2014-07-29,26.5242075626912,1,7,21750,"HaMerkaz",c(34.7005495, 31.7913644)
166,2014,1,"גן יבנה","גןיבנה",2014-08-01,26.5242075626912,1,8,21750,"HaMerkaz",c(34.7005495, 31.7913644)
166,2016,1,"גן יבנה","גןיבנה",2016-09-20,26.5242075626912,1,9,23100,"HaMerkaz",c(34.7005495, 31.7913644)
166,2019,1,"גן יבנה","גןיבנה",2019-11-12,26.5242075626912,1,11,23869,"HaMerkaz",c(34.7005495, 31.7913644)
166,2019,1,"גן יבנה","גןיבנה",2019-05-05,26.5242075626912,1,5,23869,"HaMerkaz",c(34.7005495, 31.7913644)
166,2021,1,"גן יבנה","גןיבנה",2021-05-15,26.5242075626912,1,5,24251,"HaMerkaz",c(34.7005495, 31.7913644)
166,2022,1,"גן יבנה","גןיבנה",2022-08-05,26.5242075626912,1,8,24574,"HaMerkaz",c(34.7005495, 31.7913644)
166,2023,1,"גן יבנה","גןיבנה",2023-05-13,26.5242075626912,1,5,NA,"HaMerkaz",c(34.7005495, 31.7913644)
166,2023,1,"גן יבנה","גןיבנה",2023-10-17,26.5242075626912,1,10,NA,"HaMerkaz",c(34.7005495, 31.7913644)
166,2023,1,"גן יבנה","גןיבנה",2023-11-09,26.5242075626912,1,11,NA,"HaMerkaz",c(34.7005495, 31.7913644)
166,2023,1,"גן יבנה","גןיבנה",2023-12-01,26.5242075626912,1,12,NA,"HaMerkaz",c(34.7005495, 31.7913644)
167,2016,1,"עין החורש","עיןהחורש",2016-09-20,96.8808871069419,1,9,780,"HaMerkaz",c(34.9393695, 32.3864185)
167,2017,1,"עין החורש","עיןהחורש",2017-02-07,96.8808871069419,1,2,785,"HaMerkaz",c(34.9393695, 32.3864185)
168,2016,1,"כפר יונה","כפריונה",2016-09-20,88.1957249024117,1,9,22250,"HaMerkaz",c(34.9255086, 32.323707)
168,2017,1,"כפר יונה","כפריונה",2017-02-07,88.1957249024117,1,2,22536,"HaMerkaz",c(34.9255086, 32.323707)
168,2021,1,"כפר יונה","כפריונה",2021-05-11,88.1957249024117,1,5,27897,"HaMerkaz",c(34.9255086, 32.323707)
168,2023,1,"כפר יונה","כפריונה",2023-10-12,88.1957249024117,1,10,NA,"HaMerkaz",c(34.9255086, 32.323707)
170,2014,1,"כפר יעבץ","כפריעבץ",2014-08-02,87.0393975156536,1,8,660,"HaMerkaz",c(34.964609, 32.2734364)
170,2016,1,"כפר יעבץ","כפריעבץ",2016-09-20,87.0393975156536,1,9,670,"HaMerkaz",c(34.964609, 32.2734364)
170,2017,1,"כפר יעבץ","כפריעבץ",2017-02-07,87.0393975156536,1,2,665,"HaMerkaz",c(34.964609, 32.2734364)
170,2019,1,"כפר יעבץ","כפריעבץ",2019-03-25,87.0393975156536,1,3,659,"HaMerkaz",c(34.964609, 32.2734364)
170,2021,1,"כפר יעבץ","כפריעבץ",2021-05-13,87.0393975156536,1,5,676,"HaMerkaz",c(34.964609, 32.2734364)
171,2014,1,"פרדסיה","פרדסיה",2014-08-02,87.4936899723056,1,8,5430,"HaMerkaz",c(34.909346, 32.3079525)
171,2016,1,"פרדסיה","פרדסיה",2016-09-20,87.4936899723056,1,9,5750,"HaMerkaz",c(34.909346, 32.3079525)
171,2017,1,"פרדסיה","פרדסיה",2017-02-07,87.4936899723056,1,2,5828,"HaMerkaz",c(34.909346, 32.3079525)
171,2019,1,"פרדסיה","פרדסיה",2019-03-25,87.4936899723056,1,3,5930,"HaMerkaz",c(34.909346, 32.3079525)
171,2023,1,"פרדסיה","פרדסיה",2023-10-12,87.4936899723056,1,10,NA,"HaMerkaz",c(34.909346, 32.3079525)
173,2016,1,"גבעת חיים מאוחד","גבעתחייםמאוחד",2016-09-20,96.9355804016677,1,9,990,"HaMerkaz",c(34.928827, 32.3916616)
173,2017,1,"גבעת חיים מאוחד","גבעתחייםמאוחד",2017-02-07,96.9355804016677,1,2,990,"HaMerkaz",c(34.928827, 32.3916616)
174,2014,1,"נטעים","נטעים",2014-07-29,46.4774704521534,1,7,580,"HaMerkaz",c(34.7734194, 31.9448125)
174,2014,1,"נטעים","נטעים",2014-08-19,46.4774704521534,1,8,580,"HaMerkaz",c(34.7734194, 31.9448125)
174,2016,1,"נטעים","נטעים",2016-09-20,46.4774704521534,1,9,600,"HaMerkaz",c(34.7734194, 31.9448125)
174,2017,1,"נטעים","נטעים",2017-08-08,46.4774704521534,1,8,600,"HaMerkaz",c(34.7734194, 31.9448125)
174,2021,1,"נטעים","נטעים",2021-05-11,46.4774704521534,1,5,636,"HaMerkaz",c(34.7734194, 31.9448125)
174,2022,1,"נטעים","נטעים",2022-08-07,46.4774704521534,1,8,626,"HaMerkaz",c(34.7734194, 31.9448125)
174,2023,1,"נטעים","נטעים",2023-10-09,46.4774704521534,1,10,NA,"HaMerkaz",c(34.7734194, 31.9448125)
174,2023,1,"נטעים","נטעים",2023-05-10,46.4774704521534,1,5,NA,"HaMerkaz",c(34.7734194, 31.9448125)
174,2023,1,"נטעים","נטעים",2023-12-01,46.4774704521534,1,12,NA,"HaMerkaz",c(34.7734194, 31.9448125)
174,2023,1,"נטעים","נטעים",2023-11-04,46.4774704521534,1,11,NA,"HaMerkaz",c(34.7734194, 31.9448125)
175,2016,1,"אביחיל","אביחיל",2016-09-20,90.3078230626382,1,9,1390,"HaMerkaz",c(34.8701769, 32.3512015)
175,2017,1,"אביחיל","אביחיל",2017-02-07,90.3078230626382,1,2,1383,"HaMerkaz",c(34.8701769, 32.3512015)
176,2015,1,"אפיקים","אפיקים",2015-03-11,157.084995121673,1,3,1470,"HaZafon",c(35.5777715, 32.6802345)
176,2016,1,"אפיקים","אפיקים",2016-09-20,157.084995121673,1,9,1450,"HaZafon",c(35.5777715, 32.6802345)
176,2017,1,"אפיקים","אפיקים",2017-07-18,157.084995121673,1,7,1493,"HaZafon",c(35.5777715, 32.6802345)
177,2014,1,"כפר ביל""ו","כפרבילו",2014-08-01,43.1392386039343,1,8,1250,"HaMerkaz",c(34.829693, 31.8726545)
177,2016,1,"כפר ביל""ו","כפרבילו",2016-09-20,43.1392386039343,1,9,1300,"HaMerkaz",c(34.829693, 31.8726545)
177,2017,1,"כפר ביל""ו","כפרבילו",2017-08-08,43.1392386039343,1,8,1295,"HaMerkaz",c(34.829693, 31.8726545)
177,2019,1,"כפר ביל""ו","כפרבילו",2019-05-04,43.1392386039343,1,5,1258,"HaMerkaz",c(34.829693, 31.8726545)
177,2021,1,"כפר ביל''ו","כפרבילו",2021-05-15,43.1392386039343,1,5,1253,"HaMerkaz",c(34.829693, 31.8726545)
177,2023,1,"כפר ביל''ו","כפרבילו",2023-12-02,43.1392386039343,1,12,NA,"HaMerkaz",c(34.829693, 31.8726545)
177,2023,1,"כפר ביל''ו","כפרבילו",2023-10-13,43.1392386039343,1,10,NA,"HaMerkaz",c(34.829693, 31.8726545)
177,2023,1,"כפר ביל''ו","כפרבילו",2023-11-20,43.1392386039343,1,11,NA,"HaMerkaz",c(34.829693, 31.8726545)
178,2016,1,"רמת יוחנן","רמתיוחנן",2016-09-20,144.953441149791,1,9,970,"Haifa",c(35.122295, 32.7921545)
178,2018,1,"רמת יוחנן","רמתיוחנן",2018-09-05,144.953441149791,1,9,981,"Haifa",c(35.122295, 32.7921545)
182,2014,1,"אבן יהודה","אבןיהודה",2014-08-02,80.8533948484225,1,8,12970,"HaMerkaz",c(34.8814773, 32.267805)
182,2016,1,"אבן יהודה","אבןיהודה",2016-09-20,80.8533948484225,1,9,13550,"HaMerkaz",c(34.8814773, 32.267805)
182,2017,1,"אבן יהודה","אבןיהודה",2017-02-07,80.8533948484225,1,2,13704,"HaMerkaz",c(34.8814773, 32.267805)
182,2021,1,"אבן יהודה","אבןיהודה",2021-05-11,80.8533948484225,1,5,14266,"HaMerkaz",c(34.8814773, 32.267805)
182,2023,1,"אבן יהודה","אבןיהודה",2023-10-12,80.8533948484225,1,10,NA,"HaMerkaz",c(34.8814773, 32.267805)
183,2014,1,"ירקונה","ירקונה",2014-08-02,71.1688454529523,1,8,410,"HaMerkaz",c(34.8991991, 32.1437205)
183,2016,1,"ירקונה","ירקונה",2016-09-20,71.1688454529523,1,9,370,"HaMerkaz",c(34.8991991, 32.1437205)
183,2016,1,"ירקונה","ירקונה",2016-12-20,71.1688454529523,1,12,370,"HaMerkaz",c(34.8991991, 32.1437205)
183,2018,1,"ירקונה","ירקונה",2018-12-26,71.1688454529523,1,12,366,"HaMerkaz",c(34.8991991, 32.1437205)
183,2021,1,"ירקונה","ירקונה",2021-05-11,71.1688454529523,1,5,358,"HaMerkaz",c(34.8991991, 32.1437205)
183,2023,1,"ירקונה","ירקונה",2023-11-20,71.1688454529523,1,11,NA,"HaMerkaz",c(34.8991991, 32.1437205)
183,2023,1,"ירקונה","ירקונה",2023-10-07,71.1688454529523,1,10,NA,"HaMerkaz",c(34.8991991, 32.1437205)
184,2014,1,"רמת הכובש","רמתהכובש",2014-08-02,80.2097469915762,1,8,1030,"HaMerkaz",c(34.938611, 32.2173385)
184,2016,1,"רמת הכובש","רמתהכובש",2016-09-20,80.2097469915762,1,9,1070,"HaMerkaz",c(34.938611, 32.2173385)
184,2017,1,"רמת הכובש","רמתהכובש",2017-02-07,80.2097469915762,1,2,1082,"HaMerkaz",c(34.938611, 32.2173385)
184,2019,1,"רמת הכובש","רמתהכובש",2019-03-25,80.2097469915762,1,3,1130,"HaMerkaz",c(34.938611, 32.2173385)
184,2021,1,"רמת הכובש","רמתהכובש",2021-05-11,80.2097469915762,1,5,1183,"HaMerkaz",c(34.938611, 32.2173385)
187,2014,1,"כפר הס","כפרהס",2014-08-02,82.5286377313926,1,8,1560,"HaMerkaz",c(34.9341671, 32.2462419)
187,2016,1,"כפר הס","כפרהס",2016-09-20,82.5286377313926,1,9,1600,"HaMerkaz",c(34.9341671, 32.2462419)
187,2017,1,"כפר הס","כפרהס",2017-02-07,82.5286377313926,1,2,1599,"HaMerkaz",c(34.9341671, 32.2462419)
187,2019,1,"כפר הס","כפרהס",2019-03-25,82.5286377313926,1,3,1593,"HaMerkaz",c(34.9341671, 32.2462419)
187,2021,1,"כפר הס","כפרהס",2021-05-13,82.5286377313926,1,5,1583,"HaMerkaz",c(34.9341671, 32.2462419)
188,2015,1,"אשדות יעקב מאוחד","אשדותיעקבמאוחד",2015-03-11,156.412663529006,1,3,510,"HaZafon",c(35.5835955, 32.6627285)
188,2016,1,"אשדות יעקב מאוחד","אשדותיעקבמאוחד",2016-09-20,156.412663529006,1,9,440,"HaZafon",c(35.5835955, 32.6627285)
188,2017,1,"אשדות יעקב מאוחד","אשדותיעקבמאוחד",2017-07-18,156.412663529006,1,7,475,"HaZafon",c(35.5835955, 32.6627285)
189,2016,1,"כפר פינס","כפרפינס",2016-09-20,108.963341904812,1,9,1020,"Haifa",c(35.0019444, 32.4839884)
189,2016,1,"כפר פינס","כפרפינס",2016-06-22,108.963341904812,1,6,1020,"Haifa",c(35.0019444, 32.4839884)
189,2019,1,"כפר פינס","כפרפינס",2019-07-31,108.963341904812,1,7,1034,"Haifa",c(35.0019444, 32.4839884)
190,2016,1,"בית חרות","ביתחרות",2016-09-20,93.7388234535044,1,9,2010,"HaMerkaz",c(34.8705486, 32.3794988)
190,2017,1,"בית חרות","ביתחרות",2017-02-07,93.7388234535044,1,2,2005,"HaMerkaz",c(34.8705486, 32.3794988)
191,2016,1,"הדר עם","הדרעם",2016-09-20,91.6211345128367,1,9,630,"HaMerkaz",c(34.900045, 32.3494611)
191,2017,1,"הדר עם","הדרעם",2017-02-07,91.6211345128367,1,2,669,"HaMerkaz",c(34.900045, 32.3494611)
192,2015,1,"כפר החורש","כפרהחורש",2015-03-11,142.651847568477,1,3,610,"HaZafon",c(35.273488, 32.701404)
192,2016,1,"כפר החורש","כפרהחורש",2016-09-20,142.651847568477,1,9,630,"HaZafon",c(35.273488, 32.701404)
193,2016,1,"כפר חיים","כפרחיים",2016-09-20,92.3278260605588,1,9,610,"HaMerkaz",c(34.897966, 32.3565545)
193,2017,1,"כפר חיים","כפרחיים",2017-02-07,92.3278260605588,1,2,623,"HaMerkaz",c(34.897966, 32.3565545)
194,2016,1,"משמר השרון","משמרהשרון",2016-09-20,92.6536586703493,1,9,570,"HaMerkaz",c(34.9043595, 32.3570245)
194,2017,1,"משמר השרון","משמרהשרון",2017-02-07,92.6536586703493,1,2,582,"HaMerkaz",c(34.9043595, 32.3570245)
195,2014,1,"קדימה צורן","קדימהצורן",2014-08-02,83.7678062084039,1,8,19600,"HaMerkaz",c(34.921187, 32.28232)
195,2016,1,"קדימה צורן","קדימהצורן",2016-09-20,83.7678062084039,1,9,21410,"HaMerkaz",c(34.921187, 32.28232)
195,2017,1,"קדימה צורן","קדימהצורן",2017-02-07,83.7678062084039,1,2,21987,"HaMerkaz",c(34.921187, 32.28232)
195,2019,1,"קדימה צורן","קדימהצורן",2019-03-25,83.7678062084039,1,3,22683,"HaMerkaz",c(34.921187, 32.28232)
195,2021,1,"צורן","צורן",2021-05-11,83.7678062084039,1,5,22919,"HaMerkaz",c(34.921187, 32.28232)
195,2023,1,"קדימה-צורן","קדימהצורן",2023-10-12,83.7678062084039,1,10,NA,"HaMerkaz",c(34.921187, 32.28232)
196,2014,1,"גיבתון","גיבתון",2014-07-29,43.2416810313707,1,7,300,"HaMerkaz",c(34.800138, 31.8882515)
196,2014,1,"גיבתון","גיבתון",2014-08-05,43.2416810313707,1,8,300,"HaMerkaz",c(34.800138, 31.8882515)
196,2016,1,"גיבתון","גיבתון",2016-09-20,43.2416810313707,1,9,330,"HaMerkaz",c(34.800138, 31.8882515)
196,2017,1,"גיבתון","גיבתון",2017-08-08,43.2416810313707,1,8,347,"HaMerkaz",c(34.800138, 31.8882515)
196,2019,1,"גיבתון","גיבתון",2019-05-05,43.2416810313707,1,5,369,"HaMerkaz",c(34.800138, 31.8882515)
196,2021,1,"גיבתון","גיבתון",2021-05-16,43.2416810313707,1,5,390,"HaMerkaz",c(34.800138, 31.8882515)
196,2023,1,"גיבתון","גיבתון",2023-05-11,43.2416810313707,1,5,NA,"HaMerkaz",c(34.800138, 31.8882515)
196,2023,1,"גיבתון","גיבתון",2023-12-01,43.2416810313707,1,12,NA,"HaMerkaz",c(34.800138, 31.8882515)
196,2023,1,"גיבתון","גיבתון",2023-10-07,43.2416810313707,1,10,NA,"HaMerkaz",c(34.800138, 31.8882515)
196,2023,1,"גיבתון","גיבתון",2023-11-18,43.2416810313707,1,11,NA,"HaMerkaz",c(34.800138, 31.8882515)
197,2016,1,"מעברות","מעברות",2016-09-20,93.2321847906772,1,9,970,"HaMerkaz",c(34.9046479, 32.3634805)
197,2017,1,"מעברות","מעברות",2017-02-07,93.2321847906772,1,2,986,"HaMerkaz",c(34.9046479, 32.3634805)
198,2016,1,"צופית","צופית",2016-12-20,77.2828131466143,1,12,1290,"HaMerkaz",c(34.922165, 32.1925615)
198,2016,1,"צופית","צופית",2016-09-20,77.2828131466143,1,9,1290,"HaMerkaz",c(34.922165, 32.1925615)
198,2018,1,"צופית","צופית",2018-12-26,77.2828131466143,1,12,1271,"HaMerkaz",c(34.922165, 32.1925615)
198,2019,1,"צופית","צופית",2019-03-25,77.2828131466143,1,3,1287,"HaMerkaz",c(34.922165, 32.1925615)
198,2021,1,"צופית","צופית",2021-05-11,77.2828131466143,1,5,1327,"HaMerkaz",c(34.922165, 32.1925615)
198,2023,1,"צופית","צופית",2023-10-24,77.2828131466143,1,10,NA,"HaMerkaz",c(34.922165, 32.1925615)
199,2015,1,"אשדות יעקב איחוד","אשדותיעקבאיחוד",2015-03-11,155.688883862681,1,3,920,"HaZafon",c(35.5798165, 32.6580961)
199,2016,1,"אשדות יעקב איחוד","אשדותיעקבאיחוד",2016-09-20,155.688883862681,1,9,980,"HaZafon",c(35.5798165, 32.6580961)
199,2017,1,"אשדות יעקב איחוד","אשדותיעקבאיחוד",2017-07-18,155.688883862681,1,7,996,"HaZafon",c(35.5798165, 32.6580961)
200,2016,1,"בית ינאי","ביתינאי",2016-09-20,93.4677197826315,1,9,390,"HaMerkaz",c(34.8631614, 32.381781)
200,2017,1,"בית ינאי","ביתינאי",2017-02-07,93.4677197826315,1,2,404,"HaMerkaz",c(34.8631614, 32.381781)
202,2014,1,"בית עובד","ביתעובד",2014-08-19,44.6716842997589,1,8,300,"HaMerkaz",c(34.772477, 31.9217415)
202,2014,1,"בית עובד","ביתעובד",2014-07-30,44.6716842997589,1,7,300,"HaMerkaz",c(34.772477, 31.9217415)
202,2016,1,"בית עובד","ביתעובד",2016-09-20,44.6716842997589,1,9,300,"HaMerkaz",c(34.772477, 31.9217415)
202,2017,1,"בית עובד","ביתעובד",2017-08-08,44.6716842997589,1,8,278,"HaMerkaz",c(34.772477, 31.9217415)
202,2022,1,"בית עובד","ביתעובד",2022-08-07,44.6716842997589,1,8,259,"HaMerkaz",c(34.772477, 31.9217415)
202,2023,1,"בית עובד","ביתעובד",2023-11-01,44.6716842997589,1,11,NA,"HaMerkaz",c(34.772477, 31.9217415)
202,2023,1,"בית עובד","ביתעובד",2023-05-10,44.6716842997589,1,5,NA,"HaMerkaz",c(34.772477, 31.9217415)
202,2023,1,"בית עובד","ביתעובד",2023-10-09,44.6716842997589,1,10,NA,"HaMerkaz",c(34.772477, 31.9217415)
202,2023,1,"בית עובד","ביתעובד",2023-12-08,44.6716842997589,1,12,NA,"HaMerkaz",c(34.772477, 31.9217415)
204,2016,1,"אלישיב","אלישיב",2016-09-20,95.0954076483986,1,9,730,"HaMerkaz",c(34.910079, 32.380606)
204,2017,1,"אלישיב","אלישיב",2017-02-07,95.0954076483986,1,2,734,"HaMerkaz",c(34.910079, 32.380606)
205,2016,1,"חגלה","חגלה",2016-09-20,96.0543252628287,1,9,860,"HaMerkaz",c(34.925105, 32.3855984)
205,2017,1,"חגלה","חגלה",2017-02-07,96.0543252628287,1,2,871,"HaMerkaz",c(34.925105, 32.3855984)
208,2014,1,"מוצא עילית","מוצאעילית",2014-08-19,61.6426792036396,1,8,940,"Jerusalem",c(35.1575881, 31.7922369)
208,2016,1,"מוצא עילית","מוצאעילית",2016-07-06,61.6426792036396,1,7,970,"Jerusalem",c(35.1575881, 31.7922369)
208,2016,1,"מוצא עילית","מוצאעילית",2016-09-20,61.6426792036396,1,9,970,"Jerusalem",c(35.1575881, 31.7922369)
208,2017,1,"מוצא עילית","מוצאעילית",2017-12-05,61.6426792036396,1,12,1107,"Jerusalem",c(35.1575881, 31.7922369)
208,2021,1,"מוצא עילית","מוצאעילית",2021-05-10,61.6426792036396,1,5,1524,"Jerusalem",c(35.1575881, 31.7922369)
208,2023,1,"מוצא עילית","מוצאעילית",2023-10-07,61.6426792036396,1,10,NA,"Jerusalem",c(35.1575881, 31.7922369)
208,2023,1,"מוצא עילית","מוצאעילית",2023-12-15,61.6426792036396,1,12,NA,"Jerusalem",c(35.1575881, 31.7922369)
213,2016,1,"משמרות","משמרות",2016-09-20,108.631581194428,1,9,840,"Haifa",c(34.9849875, 32.4880031)
213,2016,1,"משמרות","משמרות",2016-06-22,108.631581194428,1,6,840,"Haifa",c(34.9849875, 32.4880031)
213,2019,1,"משמרות","משמרות",2019-07-31,108.631581194428,1,7,1024,"Haifa",c(34.9849875, 32.4880031)
217,2016,1,"בית חזון","ביתחזון",2016-09-20,96.1748302346093,1,9,1500,"HaMerkaz",c(34.9133521, 32.3869255)
217,2017,1,"בית חזון","ביתחזון",2017-02-07,96.1748302346093,1,2,1499,"HaMerkaz",c(34.9133521, 32.3869255)
218,2014,1,"גני עם","גניעם",2014-08-02,72.4580727479899,1,8,240,"HaMerkaz",c(34.9020345, 32.15085)
218,2016,1,"גני עם","גניעם",2016-09-20,72.4580727479899,1,9,260,"HaMerkaz",c(34.9020345, 32.15085)
218,2016,1,"גני עם","גניעם",2016-12-20,72.4580727479899,1,12,260,"HaMerkaz",c(34.9020345, 32.15085)
218,2018,1,"גני עם","גניעם",2018-12-26,72.4580727479899,1,12,242,"HaMerkaz",c(34.9020345, 32.15085)
218,2021,1,"גני עם","גניעם",2021-05-11,72.4580727479899,1,5,235,"HaMerkaz",c(34.9020345, 32.15085)
218,2023,1,"גני עם","גניעם",2023-10-24,72.4580727479899,1,10,NA,"HaMerkaz",c(34.9020345, 32.15085)
218,2023,1,"גני עם","גניעם",2023-11-05,72.4580727479899,1,11,NA,"HaMerkaz",c(34.9020345, 32.15085)
223,2016,1,"עין עירון","עיןעירון",2016-09-20,109.359985383768,1,9,570,"Haifa",c(35.0095294, 32.4844365)
223,2016,1,"עין עירון","עיןעירון",2016-06-22,109.359985383768,1,6,570,"Haifa",c(35.0095294, 32.4844365)
223,2019,1,"עין עירון","עיןעירון",2019-07-31,109.359985383768,1,7,546,"Haifa",c(35.0095294, 32.4844365)
225,2016,1,"גן השומרון","גןהשומרון",2016-09-20,106.566250105614,1,9,820,"Haifa",c(34.9982495, 32.4630355)
225,2016,1,"גן השומרון","גןהשומרון",2016-06-22,106.566250105614,1,6,820,"Haifa",c(34.9982495, 32.4630355)
225,2019,1,"גן השומרון","גןהשומרון",2019-07-31,106.566250105614,1,7,861,"Haifa",c(34.9982495, 32.4630355)
225,2023,1,"גן השומרון","גןהשומרון",2023-10-07,106.566250105614,1,10,NA,"Haifa",c(34.9982495, 32.4630355)
229,2014,1,"גני תקווה","גניתקווה",2014-07-29,62.0925204499359,1,7,15610,"HaMerkaz",c(34.8754055, 32.061258)
229,2014,1,"גני תקווה","גניתקווה",2014-08-20,62.0925204499359,1,8,15610,"HaMerkaz",c(34.8754055, 32.061258)
229,2016,1,"גני תקווה","גניתקווה",2016-09-20,62.0925204499359,1,9,17300,"HaMerkaz",c(34.8754055, 32.061258)
229,2018,1,"גני תקווה","גניתקווה",2018-12-26,62.0925204499359,1,12,19264,"HaMerkaz",c(34.8754055, 32.061258)
229,2021,1,"גני תקווה","גניתקווה",2021-05-11,62.0925204499359,1,5,22695,"HaMerkaz",c(34.8754055, 32.061258)
229,2023,1,"גני תקווה","גניתקווה",2023-11-05,62.0925204499359,1,11,NA,"HaMerkaz",c(34.8754055, 32.061258)
229,2023,1,"גני תקווה","גניתקווה",2023-10-27,62.0925204499359,1,10,NA,"HaMerkaz",c(34.8754055, 32.061258)
229,2023,1,"גני תקווה","גניתקווה",2023-12-04,62.0925204499359,1,12,NA,"HaMerkaz",c(34.8754055, 32.061258)
230,2014,1,"מעש","מעש",2014-08-26,63.5400740071701,1,8,830,"HaMerkaz",c(34.887924, 32.0618956)
230,2014,1,"מעש","מעש",2014-07-29,63.5400740071701,1,7,830,"HaMerkaz",c(34.887924, 32.0618956)
230,2016,1,"מעש","מעש",2016-09-20,63.5400740071701,1,9,840,"HaMerkaz",c(34.887924, 32.0618956)
230,2018,1,"מעש","מעש",2018-12-26,63.5400740071701,1,12,868,"HaMerkaz",c(34.887924, 32.0618956)
230,2021,1,"מעש","מעש",2021-05-13,63.5400740071701,1,5,836,"HaMerkaz",c(34.887924, 32.0618956)
230,2023,1,"מעש","מעש",2023-12-04,63.5400740071701,1,12,NA,"HaMerkaz",c(34.887924, 32.0618956)
230,2023,1,"מעש","מעש",2023-10-24,63.5400740071701,1,10,NA,"HaMerkaz",c(34.887924, 32.0618956)
230,2023,1,"מעש","מעש",2023-11-07,63.5400740071701,1,11,NA,"HaMerkaz",c(34.887924, 32.0618956)
232,2014,1,"שפיים","שפיים",2014-08-02,75.1144130241108,1,8,1170,"HaMerkaz",c(34.8235531, 32.2165834)
232,2016,1,"שפיים","שפיים",2016-09-20,75.1144130241108,1,9,1240,"HaMerkaz",c(34.8235531, 32.2165834)
232,2017,1,"שפיים","שפיים",2017-02-07,75.1144130241108,1,2,1266,"HaMerkaz",c(34.8235531, 32.2165834)
232,2021,1,"שפיים","שפיים",2021-05-11,75.1144130241108,1,5,1346,"HaMerkaz",c(34.8235531, 32.2165834)
232,2023,1,"שפיים","שפיים",2023-11-20,75.1144130241108,1,11,NA,"HaMerkaz",c(34.8235531, 32.2165834)
232,2023,1,"שפיים","שפיים",2023-10-24,75.1144130241108,1,10,NA,"HaMerkaz",c(34.8235531, 32.2165834)
233,2016,1,"כפר ידידיה","כפרידידיה",2016-09-20,91.2391126709585,1,9,760,"HaMerkaz",c(34.8940206, 32.3464526)
233,2017,1,"כפר ידידיה","כפרידידיה",2017-02-07,91.2391126709585,1,2,743,"HaMerkaz",c(34.8940206, 32.3464526)
234,2014,1,"ביצרון","ביצרון",2014-07-29,30.3697426950889,1,7,1210,"HaDarom",c(34.7286946, 31.7978265)
234,2014,1,"ביצרון","ביצרון",2014-08-24,30.3697426950889,1,8,1210,"HaDarom",c(34.7286946, 31.7978265)
234,2016,1,"ביצרון","ביצרון",2016-09-20,30.3697426950889,1,9,1230,"HaDarom",c(34.7286946, 31.7978265)
234,2019,1,"ביצרון","ביצרון",2019-05-05,30.3697426950889,1,5,1258,"HaDarom",c(34.7286946, 31.7978265)
234,2019,1,"ביצרון","ביצרון",2019-11-13,30.3697426950889,1,11,1258,"HaDarom",c(34.7286946, 31.7978265)
234,2021,1,"ביצרון","ביצרון",2021-05-12,30.3697426950889,1,5,1248,"HaDarom",c(34.7286946, 31.7978265)
234,2022,1,"ביצרון","ביצרון",2022-08-05,30.3697426950889,1,8,1231,"HaDarom",c(34.7286946, 31.7978265)
234,2023,1,"ביצרון","ביצרון",2023-12-01,30.3697426950889,1,12,NA,"HaDarom",c(34.7286946, 31.7978265)
234,2023,1,"ביצרון","ביצרון",2023-05-13,30.3697426950889,1,5,NA,"HaDarom",c(34.7286946, 31.7978265)
234,2023,1,"ביצרון","ביצרון",2023-11-01,30.3697426950889,1,11,NA,"HaDarom",c(34.7286946, 31.7978265)
234,2023,1,"ביצרון","ביצרון",2023-10-17,30.3697426950889,1,10,NA,"HaDarom",c(34.7286946, 31.7978265)
235,2016,1,"חבצלת השרון","חבצלתהשרון",2016-09-20,91.1990048248044,1,9,650,"HaMerkaz",c(34.8624625, 32.3593451)
235,2017,1,"חבצלת השרון","חבצלתהשרון",2017-02-07,91.1990048248044,1,2,640,"HaMerkaz",c(34.8624625, 32.3593451)
237,2016,1,"שער העמקים","שערהעמקים",2016-09-20,137.15057029536,1,9,720,"Haifa",c(35.113553, 32.72283)
237,2018,1,"שער העמקים","שערהעמקים",2018-09-05,137.15057029536,1,9,746,"Haifa",c(35.113553, 32.72283)
239,2016,1,"גן חיים","גןחיים",2016-12-20,76.521863928415,1,12,820,"HaMerkaz",c(34.9024749, 32.1976255)
239,2016,1,"גן חיים","גןחיים",2016-09-20,76.521863928415,1,9,820,"HaMerkaz",c(34.9024749, 32.1976255)
239,2018,1,"גן חיים","גןחיים",2018-12-26,76.521863928415,1,12,835,"HaMerkaz",c(34.9024749, 32.1976255)
239,2019,1,"גן חיים","גןחיים",2019-03-25,76.521863928415,1,3,816,"HaMerkaz",c(34.9024749, 32.1976255)
239,2021,1,"גן חיים","גןחיים",2021-05-13,76.521863928415,1,5,811,"HaMerkaz",c(34.9024749, 32.1976255)
239,2023,1,"גן חיים","גןחיים",2023-10-07,76.521863928415,1,10,NA,"HaMerkaz",c(34.9024749, 32.1976255)
240,2015,1,"יוקנעם עילית","יוקנעםעילית",2015-03-11,127.591574621388,1,3,21380,"HaZafon",c(35.0884011, 32.655368)
240,2016,1,"יוקנעם עילית","יוקנעםעילית",2016-06-22,127.591574621388,1,6,22010,"HaZafon",c(35.0884011, 32.655368)
240,2016,1,"יוקנעם עילית","יוקנעםעילית",2016-09-20,127.591574621388,1,9,22010,"HaZafon",c(35.0884011, 32.655368)
241,2015,1,"יוקנעם","יוקנעם",2015-03-11,130.530513853442,1,3,1350,"HaZafon",c(35.1153181, 32.6571359)
241,2016,1,"יוקנעם","יוקנעם",2016-09-20,130.530513853442,1,9,1360,"HaZafon",c(35.1153181, 32.6571359)
241,2016,1,"יוקנעם","יוקנעם",2016-06-22,130.530513853442,1,6,1360,"HaZafon",c(35.1153181, 32.6571359)
242,2015,1,"בית השיטה","ביתהשיטה",2015-03-11,137.279132220902,1,3,1220,"HaZafon",c(35.4399595, 32.5512825)
242,2016,1,"בית השיטה","ביתהשיטה",2016-09-20,137.279132220902,1,9,1220,"HaZafon",c(35.4399595, 32.5512825)
242,2018,1,"בית השיטה","ביתהשיטה",2018-02-10,137.279132220902,1,2,1264,"HaZafon",c(35.4399595, 32.5512825)
246,2014,1,"נתיבות","נתיבות",2014-08-25,7.69160123686344,1,8,30290,"HaDarom",c(34.5815646, 31.4251425)
246,2014,1,"נתיבות","נתיבות",2014-07-29,7.69160123686344,1,7,30290,"HaDarom",c(34.5815646, 31.4251425)
246,2015,1,"נתיבות","נתיבות",2015-06-03,7.69160123686344,1,6,31320,"HaDarom",c(34.5815646, 31.4251425)
246,2016,1,"נתיבות","נתיבות",2016-09-20,7.69160123686344,1,9,32530,"HaDarom",c(34.5815646, 31.4251425)
246,2017,1,"נתיבות","נתיבות",2017-03-21,7.69160123686344,1,3,33779,"HaDarom",c(34.5815646, 31.4251425)
246,2018,1,"נתיבות","נתיבות",2018-11-12,7.69160123686344,1,11,35630,"HaDarom",c(34.5815646, 31.4251425)
246,2018,1,"נתיבות","נתיבות",2018-08-09,7.69160123686344,1,8,35630,"HaDarom",c(34.5815646, 31.4251425)
246,2018,1,"נתיבות","נתיבות",2018-10-11,7.69160123686344,1,10,35630,"HaDarom",c(34.5815646, 31.4251425)
246,2018,1,"נתיבות","נתיבות",2018-07-14,7.69160123686344,1,7,35630,"HaDarom",c(34.5815646, 31.4251425)
246,2018,1,"נתיבות","נתיבות",2018-05-30,7.69160123686344,1,5,35630,"HaDarom",c(34.5815646, 31.4251425)
246,2019,1,"נתיבות","נתיבות",2019-05-04,7.69160123686344,1,5,37542,"HaDarom",c(34.5815646, 31.4251425)
246,2019,1,"נתיבות","נתיבות",2019-03-25,7.69160123686344,1,3,37542,"HaDarom",c(34.5815646, 31.4251425)
246,2019,1,"נתיבות","נתיבות",2019-11-13,7.69160123686344,1,11,37542,"HaDarom",c(34.5815646, 31.4251425)
246,2020,1,"נתיבות","נתיבות",2020-02-24,7.69160123686344,1,2,39703,"HaDarom",c(34.5815646, 31.4251425)
246,2021,1,"נתיבות","נתיבות",2021-05-11,7.69160123686344,1,5,42038,"HaDarom",c(34.5815646, 31.4251425)
246,2022,1,"נתיבות","נתיבות",2022-08-07,7.69160123686344,1,8,46375,"HaDarom",c(34.5815646, 31.4251425)
246,2023,1,"אזור תעשייה נ.ע.מ","אזורתעשייהנעמ",2023-10-07,7.69160123686344,1,10,NA,"HaDarom",c(34.6001209, 31.4234933)
246,2023,1,"אזור תעשייה נ.ע.מ","אזורתעשייהנעמ",2023-05-10,7.69160123686344,1,5,NA,"HaDarom",c(34.6001209, 31.4234933)
246,2023,1,"אזור תעשייה נ.ע.מ","אזורתעשייהנעמ",2023-12-01,7.69160123686344,1,12,NA,"HaDarom",c(34.6001209, 31.4234933)
246,2023,1,"אזור תעשייה נ.ע.מ","אזורתעשייהנעמ",2023-11-05,7.69160123686344,1,11,NA,"HaDarom",c(34.6001209, 31.4234933)
247,2014,1,"רשפון","רשפון",2014-08-02,73.1319071768263,1,8,1390,"HaMerkaz",c(34.825255, 32.2018725)
247,2016,1,"רשפון","רשפון",2016-12-20,73.1319071768263,1,12,1430,"HaMerkaz",c(34.825255, 32.2018725)
247,2016,1,"רשפון","רשפון",2016-09-20,73.1319071768263,1,9,1430,"HaMerkaz",c(34.825255, 32.2018725)
247,2018,1,"רשפון","רשפון",2018-12-26,73.1319071768263,1,12,1446,"HaMerkaz",c(34.825255, 32.2018725)
247,2021,1,"רשפון","רשפון",2021-05-11,73.1319071768263,1,5,1483,"HaMerkaz",c(34.825255, 32.2018725)
247,2023,1,"רשפון","רשפון",2023-10-24,73.1319071768263,1,10,NA,"HaMerkaz",c(34.825255, 32.2018725)
247,2023,1,"רשפון","רשפון",2023-11-20,73.1319071768263,1,11,NA,"HaMerkaz",c(34.825255, 32.2018725)
248,2015,1,"בית שערים","ביתשערים",2015-03-11,136.838289215896,1,3,750,"HaZafon",c(35.1774255, 32.697537)
248,2016,1,"בית שערים","ביתשערים",2016-09-20,136.838289215896,1,9,760,"HaZafon",c(35.1774255, 32.697537)
248,2023,1,"בית שערים","ביתשערים",2023-10-13,136.838289215896,1,10,NA,"HaZafon",c(35.1774255, 32.697537)
249,2014,1,"כפר סירקין","כפרסירקין",2014-08-20,66.4741692103967,1,8,1280,"HaMerkaz",c(34.9228276, 32.0767164)
249,2015,1,"כפר סירקין","כפרסירקין",2015-03-23,66.4741692103967,1,3,1330,"HaMerkaz",c(34.9228276, 32.0767164)
249,2016,1,"כפר סירקין","כפרסירקין",2016-09-20,66.4741692103967,1,9,1370,"HaMerkaz",c(34.9228276, 32.0767164)
249,2021,1,"כפר סירקין","כפרסירקין",2021-05-16,66.4741692103967,1,5,1544,"HaMerkaz",c(34.9228276, 32.0767164)
249,2023,1,"כפר סירקין","כפרסירקין",2023-11-07,66.4741692103967,1,11,NA,"HaMerkaz",c(34.9228276, 32.0767164)
249,2023,1,"כפר סירקין","כפרסירקין",2023-10-07,66.4741692103967,1,10,NA,"HaMerkaz",c(34.9228276, 32.0767164)
250,2015,1,"הזורע","הזורע",2015-03-11,129.9364030484,1,3,840,"HaZafon",c(35.119371, 32.6430235)
250,2016,1,"הזורע","הזורע",2016-06-22,129.9364030484,1,6,850,"HaZafon",c(35.119371, 32.6430235)
250,2016,1,"הזורע","הזורע",2016-09-20,129.9364030484,1,9,850,"HaZafon",c(35.119371, 32.6430235)
252,2016,1,"ביתן אהרן","ביתןאהרן",2016-09-20,92.1336760962539,1,9,370,"HaMerkaz",c(34.870095, 32.3648685)
252,2017,1,"ביתן אהרן","ביתןאהרן",2017-02-07,92.1336760962539,1,2,376,"HaMerkaz",c(34.870095, 32.3648685)
253,2016,1,"חולתה","חולתה",2016-09-20,192.343915719976,1,9,630,"HaZafon",c(35.610094, 33.0513845)
253,2017,1,"חולתה","חולתה",2017-07-18,192.343915719976,1,7,654,"HaZafon",c(35.610094, 33.0513845)
253,2018,1,"חולתה","חולתה",2018-07-23,192.343915719976,1,7,669,"HaZafon",c(35.610094, 33.0513845)
253,2019,1,"חולתה","חולתה",2019-05-20,192.343915719976,1,5,701,"HaZafon",c(35.610094, 33.0513845)
253,2022,1,"חולתה","חולתה",2022-02-18,192.343915719976,1,2,754,"HaZafon",c(35.610094, 33.0513845)
254,2016,1,"כפר המכבי","כפרהמכבי",2016-09-20,144.501304159528,1,9,370,"Haifa",c(35.1150965, 32.79003)
254,2018,1,"כפר המכבי","כפרהמכבי",2018-09-05,144.501304159528,1,9,373,"Haifa",c(35.1150965, 32.79003)
255,2015,1,"כפר חיטים","כפרחיטים",2015-03-11,163.595937131552,1,3,670,"HaZafon",c(35.5053525, 32.8011625)
255,2016,1,"כפר חיטים","כפרחיטים",2016-09-20,163.595937131552,1,9,640,"HaZafon",c(35.5053525, 32.8011625)
255,2017,1,"כפר חיטים","כפרחיטים",2017-07-18,163.595937131552,1,7,635,"HaZafon",c(35.5053525, 32.8011625)
255,2019,1,"כפר חיטים","כפרחיטים",2019-05-20,163.595937131552,1,5,619,"HaZafon",c(35.5053525, 32.8011625)
256,2015,1,"ניר דוד","נירדוד",2015-03-11,135.042294294452,1,3,660,"HaZafon",c(35.4575585, 32.503684)
256,2016,1,"ניר דוד","נירדוד",2016-09-20,135.042294294452,1,9,690,"HaZafon",c(35.4575585, 32.503684)
256,2018,1,"ניר דוד","נירדוד",2018-02-10,135.042294294452,1,2,708,"HaZafon",c(35.4575585, 32.503684)
257,2014,1,"נופך","נופך",2014-07-29,63.897956192662,1,7,500,"HaMerkaz",c(34.9203535, 32.0431125)
257,2014,1,"נופך","נופך",2014-08-26,63.897956192662,1,8,500,"HaMerkaz",c(34.9203535, 32.0431125)
257,2015,1,"נופך","נופך",2015-03-23,63.897956192662,1,3,540,"HaMerkaz",c(34.9203535, 32.0431125)
257,2016,1,"נופך","נופך",2016-09-20,63.897956192662,1,9,550,"HaMerkaz",c(34.9203535, 32.0431125)
257,2021,1,"נופך","נופך",2021-05-12,63.897956192662,1,5,610,"HaMerkaz",c(34.9203535, 32.0431125)
257,2023,1,"נופך","נופך",2023-10-24,63.897956192662,1,10,NA,"HaMerkaz",c(34.9203535, 32.0431125)
257,2023,1,"נופך","נופך",2023-11-02,63.897956192662,1,11,NA,"HaMerkaz",c(34.9203535, 32.0431125)
257,2023,1,"נופך","נופך",2023-12-02,63.897956192662,1,12,NA,"HaMerkaz",c(34.9203535, 32.0431125)
259,2015,1,"שדה נחום","שדהנחום",2015-03-11,138.656866269525,1,3,570,"HaZafon",c(35.4811185, 32.5259385)
259,2016,1,"שדה נחום","שדהנחום",2016-09-20,138.656866269525,1,9,630,"HaZafon",c(35.4811185, 32.5259385)
259,2018,1,"שדה נחום","שדהנחום",2018-02-10,138.656866269525,1,2,716,"HaZafon",c(35.4811185, 32.5259385)
262,2015,1,"גינוסר","גינוסר",2015-03-11,168.777556979614,1,3,570,"HaZafon",c(35.52478, 32.8495036)
262,2016,1,"גינוסר","גינוסר",2016-09-20,168.777556979614,1,9,580,"HaZafon",c(35.52478, 32.8495036)
262,2017,1,"גינוסר","גינוסר",2017-07-18,168.777556979614,1,7,592,"HaZafon",c(35.52478, 32.8495036)
262,2019,1,"גינוסר","גינוסר",2019-05-20,168.777556979614,1,5,585,"HaZafon",c(35.52478, 32.8495036)
263,2016,1,"מסדה","מסדה",2016-09-20,159.075213418443,1,9,380,"HaZafon",c(35.5979145, 32.682953)
263,2017,1,"מסדה","מסדה",2017-06-12,159.075213418443,1,6,378,"HaZafon",c(35.5979145, 32.682953)
263,2017,1,"מסדה","מסדה",2017-11-22,159.075213418443,1,11,378,"HaZafon",c(35.5979145, 32.682953)
263,2018,1,"מסדה","מסדה",2018-07-23,159.075213418443,1,7,370,"HaZafon",c(35.5979145, 32.682953)
263,2018,1,"מסדה","מסדה",2018-02-10,159.075213418443,1,2,370,"HaZafon",c(35.5979145, 32.682953)
263,2021,1,"מסדה","מסדה",2021-11-03,159.075213418443,1,11,376,"HaZafon",c(35.5979145, 32.682953)
264,2016,1,"שער הגולן","שערהגולן",2016-09-20,159.18710721776,1,9,540,"HaZafon",c(35.6042804, 32.6869705)
264,2017,1,"שער הגולן","שערהגולן",2017-06-12,159.18710721776,1,6,552,"HaZafon",c(35.6042804, 32.6869705)
264,2017,1,"שער הגולן","שערהגולן",2017-11-22,159.18710721776,1,11,552,"HaZafon",c(35.6042804, 32.6869705)
264,2018,1,"שער הגולן","שערהגולן",2018-02-10,159.18710721776,1,2,552,"HaZafon",c(35.6042804, 32.6869705)
264,2018,1,"שער הגולן","שערהגולן",2018-07-23,159.18710721776,1,7,552,"HaZafon",c(35.6042804, 32.6869705)
264,2021,1,"שער הגולן","שערהגולן",2021-11-03,159.18710721776,1,11,526,"HaZafon",c(35.6042804, 32.6869705)
265,2015,1,"בית יוסף","ביתיוסף",2015-03-11,145.008582107623,1,3,430,"HaZafon",c(35.5507225, 32.559236)
265,2016,1,"בית יוסף","ביתיוסף",2016-09-20,145.008582107623,1,9,450,"HaZafon",c(35.5507225, 32.559236)
265,2018,1,"בית יוסף","ביתיוסף",2018-02-10,145.008582107623,1,2,461,"HaZafon",c(35.5507225, 32.559236)
267,2014,1,"כפר שמריהו","כפרשמריהו",2014-08-26,71.5792480470323,1,8,1860,"Tel Aviv",c(34.8262471, 32.1860724)
267,2016,1,"כפר שמריהו","כפרשמריהו",2016-09-20,71.5792480470323,1,9,1910,"Tel Aviv",c(34.8262471, 32.1860724)
267,2016,1,"כפר שמריהו","כפרשמריהו",2016-12-20,71.5792480470323,1,12,1910,"Tel Aviv",c(34.8262471, 32.1860724)
267,2018,1,"כפר שמריהו","כפרשמריהו",2018-12-26,71.5792480470323,1,12,1890,"Tel Aviv",c(34.8262471, 32.1860724)
267,2021,1,"כפר שמריהו","כפרשמריהו",2021-05-11,71.5792480470323,1,5,1948,"Tel Aviv",c(34.8262471, 32.1860724)
267,2023,1,"כפר שמריהו","כפרשמריהו",2023-11-20,71.5792480470323,1,11,NA,"Tel Aviv",c(34.8262471, 32.1860724)
267,2023,1,"כפר שמריהו","כפרשמריהו",2023-10-10,71.5792480470323,1,10,NA,"Tel Aviv",c(34.8262471, 32.1860724)
268,2015,1,"טירת צבי","טירתצבי",2015-03-11,132.422112127314,1,3,760,"HaZafon",c(35.5277755, 32.4209814)
268,2016,1,"טירת צבי","טירתצבי",2016-09-20,132.422112127314,1,9,790,"HaZafon",c(35.5277755, 32.4209814)
268,2018,1,"טירת צבי","טירתצבי",2018-02-10,132.422112127314,1,2,904,"HaZafon",c(35.5277755, 32.4209814)
269,2015,1,"מולדת","מולדת",2015-03-11,141.225525872924,1,3,990,"HaZafon",c(35.4399345, 32.5871205)
269,2016,1,"מולדת","מולדת",2016-09-20,141.225525872924,1,9,1010,"HaZafon",c(35.4399345, 32.5871205)
269,2018,1,"מולדת","מולדת",2018-02-10,141.225525872924,1,2,1066,"HaZafon",c(35.4399345, 32.5871205)
270,2015,1,"עין השופט","עיןהשופט",2015-03-11,124.458463217808,1,3,820,"HaZafon",c(35.1019244, 32.5939786)
270,2016,1,"עין השופט","עיןהשופט",2016-09-20,124.458463217808,1,9,840,"HaZafon",c(35.1019244, 32.5939786)
270,2016,1,"עין השופט","עיןהשופט",2016-06-22,124.458463217808,1,6,840,"HaZafon",c(35.1019244, 32.5939786)
272,2015,1,"מעוז חיים","מעוזחיים",2015-03-11,140.082025831536,1,3,460,"HaZafon",c(35.5503535, 32.4933954)
272,2016,1,"מעוז חיים","מעוזחיים",2016-09-20,140.082025831536,1,9,470,"HaZafon",c(35.5503535, 32.4933954)
272,2018,1,"מעוז חיים","מעוזחיים",2018-02-10,140.082025831536,1,2,479,"HaZafon",c(35.5503535, 32.4933954)
273,2016,1,"עין גב","עיןגב",2016-09-20,169.874954695064,1,9,640,"HaZafon",c(35.6383561, 32.783385)
273,2017,1,"עין גב","עיןגב",2017-06-12,169.874954695064,1,6,664,"HaZafon",c(35.6383561, 32.783385)
273,2017,1,"עין גב","עיןגב",2017-11-22,169.874954695064,1,11,664,"HaZafon",c(35.6383561, 32.783385)
273,2018,1,"עין גב","עיןגב",2018-07-23,169.874954695064,1,7,681,"HaZafon",c(35.6383561, 32.783385)
273,2018,1,"עין גב","עיןגב",2018-02-10,169.874954695064,1,2,681,"HaZafon",c(35.6383561, 32.783385)
274,2014,1,"כפר מנחם","כפרמנחם",2014-07-29,31.8915720164143,1,7,1270,"HaDarom",c(34.8337116, 31.729724)
274,2014,1,"כפר מנחם","כפרמנחם",2014-08-20,31.8915720164143,1,8,1270,"HaDarom",c(34.8337116, 31.729724)
274,2016,1,"כפר מנחם","כפרמנחם",2016-09-20,31.8915720164143,1,9,1370,"HaDarom",c(34.8337116, 31.729724)
274,2019,1,"כפר מנחם","כפרמנחם",2019-05-05,31.8915720164143,1,5,1366,"HaDarom",c(34.8337116, 31.729724)
276,2014,1,"צור משה","צורמשה",2014-08-02,86.5786062173488,1,8,3090,"HaMerkaz",c(34.9133309, 32.2957995)
276,2016,1,"צור משה","צורמשה",2016-09-20,86.5786062173488,1,9,3370,"HaMerkaz",c(34.9133309, 32.2957995)
276,2017,1,"צור משה","צורמשה",2017-02-07,86.5786062173488,1,2,3375,"HaMerkaz",c(34.9133309, 32.2957995)
276,2019,1,"צור משה","צורמשה",2019-03-25,86.5786062173488,1,3,3291,"HaMerkaz",c(34.9133309, 32.2957995)
276,2023,1,"צור משה","צורמשה",2023-10-12,86.5786062173488,1,10,NA,"HaMerkaz",c(34.9133309, 32.2957995)
278,2016,1,"אושה","אושה",2016-09-20,145.068629399528,1,9,500,"Haifa",c(35.113886, 32.795807)
278,2018,1,"אושה","אושה",2018-09-05,145.068629399528,1,9,493,"Haifa",c(35.113886, 32.795807)
281,2016,1,"פקיעין חדשה","פקיעיןחדשה",2016-12-06,172.291833235718,1,12,470,"HaZafon",c(35.3216775, 32.9841149)
281,2016,1,"פקיעין חדשה","פקיעיןחדשה",2016-09-20,172.291833235718,1,9,470,"HaZafon",c(35.3216775, 32.9841149)
281,2018,1,"פקיעין חדשה","פקיעיןחדשה",2018-02-10,172.291833235718,1,2,547,"HaZafon",c(35.3216775, 32.9841149)
281,2019,1,"פקיעין חדשה","פקיעיןחדשה",2019-05-20,172.291833235718,1,5,535,"HaZafon",c(35.3216775, 32.9841149)
282,2015,1,"שבי ציון","שביציון",2015-12-20,162.47068547819,1,12,1010,"HaZafon",c(35.087566, 32.9792695)
282,2016,1,"שבי ציון","שביציון",2016-09-20,162.47068547819,1,9,1010,"HaZafon",c(35.087566, 32.9792695)
282,2016,1,"שבי ציון","שביציון",2016-12-06,162.47068547819,1,12,1010,"HaZafon",c(35.087566, 32.9792695)
282,2019,1,"שבי ציון","שביציון",2019-05-20,162.47068547819,1,5,1205,"HaZafon",c(35.087566, 32.9792695)
284,2014,1,"שדה ורבורג","שדהורבורג",2014-08-02,77.6882803266011,1,8,1490,"HaMerkaz",c(34.90421, 32.20704)
284,2016,1,"שדה ורבורג","שדהורבורג",2016-09-20,77.6882803266011,1,9,1490,"HaMerkaz",c(34.90421, 32.20704)
284,2017,1,"שדה ורבורג","שדהורבורג",2017-02-07,77.6882803266011,1,2,1489,"HaMerkaz",c(34.90421, 32.20704)
284,2019,1,"שדה ורבורג","שדהורבורג",2019-03-25,77.6882803266011,1,3,1478,"HaMerkaz",c(34.90421, 32.20704)
284,2023,1,"שדה ורבורג","שדהורבורג",2023-10-07,77.6882803266011,1,10,NA,"HaMerkaz",c(34.90421, 32.20704)
285,2016,1,"אלונים","אלונים",2016-09-20,137.734507699864,1,9,480,"HaZafon",c(35.144898, 32.7199675)
285,2018,1,"אלונים","אלונים",2018-09-05,137.734507699864,1,9,505,"HaZafon",c(35.144898, 32.7199675)
285,2023,1,"אלונים","אלונים",2023-10-13,137.734507699864,1,10,NA,"HaZafon",c(35.144898, 32.7199675)
286,2014,1,"מעלה החמישה","מעלההחמישה",2014-08-19,59.1766262175986,1,8,600,"Jerusalem",c(35.1104655, 31.81809)
286,2016,1,"מעלה החמישה","מעלההחמישה",2016-07-06,59.1766262175986,1,7,720,"Jerusalem",c(35.1104655, 31.81809)
286,2016,1,"מעלה החמישה","מעלההחמישה",2016-09-20,59.1766262175986,1,9,720,"Jerusalem",c(35.1104655, 31.81809)
286,2017,1,"מעלה החמישה","מעלההחמישה",2017-12-05,59.1766262175986,1,12,739,"Jerusalem",c(35.1104655, 31.81809)
286,2021,1,"מעלה החמישה","מעלההחמישה",2021-05-10,59.1766262175986,1,5,845,"Jerusalem",c(35.1104655, 31.81809)
286,2022,1,"מעלה החמישה","מעלההחמישה",2022-08-07,59.1766262175986,1,8,862,"Jerusalem",c(35.1104655, 31.81809)
286,2023,1,"מעלה החמישה","מעלההחמישה",2023-10-07,59.1766262175986,1,10,NA,"Jerusalem",c(35.1104655, 31.81809)
286,2023,1,"מעלה החמישה","מעלההחמישה",2023-12-15,59.1766262175986,1,12,NA,"Jerusalem",c(35.1104655, 31.81809)
287,2014,1,"תל יצחק","תליצחק",2014-08-02,80.7572408101525,1,8,1020,"HaMerkaz",c(34.869547, 32.2527169)
287,2016,1,"תל יצחק","תליצחק",2016-09-20,80.7572408101525,1,9,1030,"HaMerkaz",c(34.869547, 32.2527169)
287,2017,1,"תל יצחק","תליצחק",2017-02-07,80.7572408101525,1,2,1029,"HaMerkaz",c(34.869547, 32.2527169)
287,2021,1,"תל יצחק","תליצחק",2021-05-11,80.7572408101525,1,5,823,"HaMerkaz",c(34.869547, 32.2527169)
288,2014,1,"בית יהושע","ביתיהושע",2014-08-02,81.0957942673354,1,8,1060,"HaMerkaz",c(34.8669499, 32.26148)
288,2016,1,"בית יהושע","ביתיהושע",2016-09-20,81.0957942673354,1,9,1040,"HaMerkaz",c(34.8669499, 32.26148)
288,2017,1,"בית יהושע","ביתיהושע",2017-02-07,81.0957942673354,1,2,1076,"HaMerkaz",c(34.8669499, 32.26148)
288,2021,1,"בית יהושע","ביתיהושע",2021-05-11,81.0957942673354,1,5,1118,"HaMerkaz",c(34.8669499, 32.26148)
289,2014,1,"עין המפרץ","עיןהמפרץ",2014-08-23,155.222452107208,1,8,1190,"HaZafon",c(35.0974595, 32.903273)
289,2016,1,"עין המפרץ","עיןהמפרץ",2016-05-31,155.222452107208,1,5,1220,"HaZafon",c(35.0974595, 32.903273)
289,2016,1,"עין המפרץ","עיןהמפרץ",2016-09-20,155.222452107208,1,9,1220,"HaZafon",c(35.0974595, 32.903273)
289,2018,1,"עין המפרץ","עיןהמפרץ",2018-06-19,155.222452107208,1,6,1238,"HaZafon",c(35.0974595, 32.903273)
289,2018,1,"עין המפרץ","עיןהמפרץ",2018-02-10,155.222452107208,1,2,1238,"HaZafon",c(35.0974595, 32.903273)
289,2019,1,"עין המפרץ","עיןהמפרץ",2019-05-20,155.222452107208,1,5,1249,"HaZafon",c(35.0974595, 32.903273)
289,2021,1,"עין המפרץ","עיןהמפרץ",2021-05-19,155.222452107208,1,5,1259,"HaZafon",c(35.0974595, 32.903273)
289,2023,1,"עין המפרץ","עיןהמפרץ",2023-11-13,155.222452107208,1,11,NA,"HaZafon",c(35.0974595, 32.903273)
289,2023,1,"עין המפרץ","עיןהמפרץ",2023-10-23,155.222452107208,1,10,NA,"HaZafon",c(35.0974595, 32.903273)
290,2014,1,"מעיין צבי","מעייןצבי",2014-07-28,115.399963772174,1,7,650,"Haifa",c(34.940559, 32.5668855)
290,2019,1,"מעיין צבי","מעייןצבי",2019-07-31,115.399963772174,1,7,749,"Haifa",c(34.940559, 32.5668855)
293,2014,1,"שדה יואב","שדהיואב",2014-08-10,14.9893231492334,1,8,430,"HaDarom",c(34.676654, 31.645658)
293,2014,1,"שדה יואב","שדהיואב",2014-07-27,14.9893231492334,1,7,430,"HaDarom",c(34.676654, 31.645658)
293,2016,1,"שדה יואב","שדהיואב",2016-09-20,14.9893231492334,1,9,450,"HaDarom",c(34.676654, 31.645658)
293,2018,1,"שדה יואב","שדהיואב",2018-05-30,14.9893231492334,1,5,542,"HaDarom",c(34.676654, 31.645658)
293,2018,1,"שדה יואב","שדהיואב",2018-07-14,14.9893231492334,1,7,542,"HaDarom",c(34.676654, 31.645658)
293,2019,1,"שדה יואב","שדהיואב",2019-05-04,14.9893231492334,1,5,583,"HaDarom",c(34.676654, 31.645658)
293,2021,1,"שדה יואב","שדהיואב",2021-05-12,14.9893231492334,1,5,594,"HaDarom",c(34.676654, 31.645658)
293,2022,1,"שדה יואב","שדהיואב",2022-08-06,14.9893231492334,1,8,607,"HaDarom",c(34.676654, 31.645658)
293,2023,1,"שדה יואב","שדהיואב",2023-10-22,14.9893231492334,1,10,NA,"HaDarom",c(34.676654, 31.645658)
294,2016,1,"אילון","אילון",2016-09-20,175.842038800237,1,9,960,"HaZafon",c(35.2177275, 33.063399)
294,2016,1,"אילון","אילון",2016-12-06,175.842038800237,1,12,960,"HaZafon",c(35.2177275, 33.063399)
294,2018,1,"אילון","אילון",2018-02-10,175.842038800237,1,2,1019,"HaZafon",c(35.2177275, 33.063399)
294,2019,1,"אילון","אילון",2019-05-20,175.842038800237,1,5,1031,"HaZafon",c(35.2177275, 33.063399)
294,2023,1,"אילון","אילון",2023-04-06,175.842038800237,1,4,NA,"HaZafon",c(35.2177275, 33.063399)
294,2023,1,"אילון","אילון",2023-11-25,175.842038800237,1,11,NA,"HaZafon",c(35.2177275, 33.063399)
294,2023,1,"אילון","אילון",2023-12-16,175.842038800237,1,12,NA,"HaZafon",c(35.2177275, 33.063399)
295,2015,1,"כפר רופין","כפררופין",2015-03-11,136.603838074382,1,3,400,"HaZafon",c(35.5567319, 32.457696)
295,2016,1,"כפר רופין","כפררופין",2016-09-20,136.603838074382,1,9,440,"HaZafon",c(35.5567319, 32.457696)
295,2018,1,"כפר רופין","כפררופין",2018-02-10,136.603838074382,1,2,494,"HaZafon",c(35.5567319, 32.457696)
296,2015,1,"נווה איתן","נווהאיתן",2015-03-11,138.902837375694,1,3,320,"HaZafon",c(35.5326065, 32.491369)
296,2016,1,"נווה איתן","נווהאיתן",2016-09-20,138.902837375694,1,9,310,"HaZafon",c(35.5326065, 32.491369)
296,2018,1,"נווה איתן","נווהאיתן",2018-02-10,138.902837375694,1,2,312,"HaZafon",c(35.5326065, 32.491369)
297,2014,1,"כפר מסריק","כפרמסריק",2014-08-23,153.718272855195,1,8,760,"HaZafon",c(35.0994009, 32.890588)
297,2016,1,"כפר מסריק","כפרמסריק",2016-09-20,153.718272855195,1,9,820,"HaZafon",c(35.0994009, 32.890588)
297,2016,1,"כפר מסריק","כפרמסריק",2016-05-31,153.718272855195,1,5,820,"HaZafon",c(35.0994009, 32.890588)
297,2018,1,"כפר מסריק","כפרמסריק",2018-06-19,153.718272855195,1,6,831,"HaZafon",c(35.0994009, 32.890588)
297,2018,1,"כפר מסריק","כפרמסריק",2018-02-10,153.718272855195,1,2,831,"HaZafon",c(35.0994009, 32.890588)
297,2019,1,"כפר מסריק","כפרמסריק",2019-05-20,153.718272855195,1,5,868,"HaZafon",c(35.0994009, 32.890588)
297,2021,1,"כפר מסריק","כפרמסריק",2021-05-19,153.718272855195,1,5,867,"HaZafon",c(35.0994009, 32.890588)
297,2023,1,"כפר מסריק","כפרמסריק",2023-11-12,153.718272855195,1,11,NA,"HaZafon",c(35.0994009, 32.890588)
297,2023,1,"כפר מסריק","כפרמסריק",2023-10-23,153.718272855195,1,10,NA,"HaZafon",c(35.0994009, 32.890588)
298,2015,1,"מסילות","מסילות",2015-03-11,135.519299937511,1,3,430,"HaZafon",c(35.4748406, 32.4949335)
298,2016,1,"מסילות","מסילות",2016-09-20,135.519299937511,1,9,430,"HaZafon",c(35.4748406, 32.4949335)
298,2018,1,"מסילות","מסילות",2018-02-10,135.519299937511,1,2,431,"HaZafon",c(35.4748406, 32.4949335)
300,2015,1,"דליה","דליה",2015-03-11,122.513894869593,1,3,790,"HaZafon",c(35.0739136, 32.5895405)
300,2016,1,"דליה","דליה",2016-09-20,122.513894869593,1,9,810,"HaZafon",c(35.0739136, 32.5895405)
300,2016,1,"דליה","דליה",2016-06-22,122.513894869593,1,6,810,"HaZafon",c(35.0739136, 32.5895405)
301,2014,1,"בית עוזיאל","ביתעוזיאל",2014-08-01,48.042863687014,1,8,570,"HaMerkaz",c(34.9045195, 31.870438)
301,2016,1,"בית עוזיאל","ביתעוזיאל",2016-09-20,48.042863687014,1,9,630,"HaMerkaz",c(34.9045195, 31.870438)
301,2017,1,"בית עוזיאל","ביתעוזיאל",2017-08-08,48.042863687014,1,8,623,"HaMerkaz",c(34.9045195, 31.870438)
301,2019,1,"בית עוזיאל","ביתעוזיאל",2019-11-12,48.042863687014,1,11,625,"HaMerkaz",c(34.9045195, 31.870438)
301,2019,1,"בית עוזיאל","ביתעוזיאל",2019-05-04,48.042863687014,1,5,625,"HaMerkaz",c(34.9045195, 31.870438)
301,2021,1,"בית עוזיאל","ביתעוזיאל",2021-05-13,48.042863687014,1,5,650,"HaMerkaz",c(34.9045195, 31.870438)
301,2022,1,"בית עוזיאל","ביתעוזיאל",2022-08-06,48.042863687014,1,8,659,"HaMerkaz",c(34.9045195, 31.870438)
301,2023,1,"בית עוזיאל","ביתעוזיאל",2023-10-07,48.042863687014,1,10,NA,"HaMerkaz",c(34.9045195, 31.870438)
301,2023,1,"בית עוזיאל","ביתעוזיאל",2023-11-20,48.042863687014,1,11,NA,"HaMerkaz",c(34.9045195, 31.870438)
301,2023,1,"בית עוזיאל","ביתעוזיאל",2023-12-02,48.042863687014,1,12,NA,"HaMerkaz",c(34.9045195, 31.870438)
302,2016,1,"דפנה","דפנה",2016-09-20,210.28286421924,1,9,930,"HaZafon",c(35.6385991, 33.2300325)
302,2016,1,"דפנה","דפנה",2016-12-06,210.28286421924,1,12,930,"HaZafon",c(35.6385991, 33.2300325)
302,2018,1,"דפנה","דפנה",2018-02-10,210.28286421924,1,2,965,"HaZafon",c(35.6385991, 33.2300325)
302,2019,1,"דפנה","דפנה",2019-11-19,210.28286421924,1,11,962,"HaZafon",c(35.6385991, 33.2300325)
302,2019,1,"דפנה","דפנה",2019-05-20,210.28286421924,1,5,962,"HaZafon",c(35.6385991, 33.2300325)
302,2023,1,"דפנה","דפנה",2023-12-01,210.28286421924,1,12,NA,"HaZafon",c(35.6385991, 33.2300325)
302,2023,1,"דפנה","דפנה",2023-11-05,210.28286421924,1,11,NA,"HaZafon",c(35.6385991, 33.2300325)
302,2023,1,"דפנה","דפנה",2023-10-12,210.28286421924,1,10,NA,"HaZafon",c(35.6385991, 33.2300325)
303,2023,1,"קיבוץ דן","קיבוץדן",2023-11-06,212.209747189318,1,11,NA,"HaZafon",c(35.6540716, 33.239794)
304,2015,1,"שדה אליהו","שדהאליהו",2015-03-11,133.087994346374,1,3,690,"HaZafon",c(35.5137175, 32.440773)
304,2016,1,"שדה אליהו","שדהאליהו",2016-09-20,133.087994346374,1,9,670,"HaZafon",c(35.5137175, 32.440773)
304,2018,1,"שדה אליהו","שדהאליהו",2018-02-10,133.087994346374,1,2,691,"HaZafon",c(35.5137175, 32.440773)
305,2015,1,"גשר","גשר",2015-03-11,150.445090787221,1,3,430,"HaZafon",c(35.5514305, 32.6217924)
305,2016,1,"גשר","גשר",2016-09-20,150.445090787221,1,9,420,"HaZafon",c(35.5514305, 32.6217924)
305,2018,1,"גשר","גשר",2018-02-10,150.445090787221,1,2,420,"HaZafon",c(35.5514305, 32.6217924)
306,2015,1,"שדמות דבורה","שדמותדבורה",2015-03-11,150.099316887282,1,3,660,"HaZafon",c(35.4363525, 32.6975124)
306,2016,1,"שדמות דבורה","שדמותדבורה",2016-09-20,150.099316887282,1,9,680,"HaZafon",c(35.4363525, 32.6975124)
306,2017,1,"שדמות דבורה","שדמותדבורה",2017-07-18,150.099316887282,1,7,703,"HaZafon",c(35.4363525, 32.6975124)
307,2015,1,"הזורעים","הזורעים",2015-03-11,158.188085991958,1,3,920,"HaZafon",c(35.5017935, 32.746258)
307,2016,1,"הזורעים","הזורעים",2016-09-20,158.188085991958,1,9,990,"HaZafon",c(35.5017935, 32.746258)
307,2017,1,"הזורעים","הזורעים",2017-07-18,158.188085991958,1,7,1030,"HaZafon",c(35.5017935, 32.746258)
308,2016,1,"מחניים","מחניים",2016-09-20,184.574540437731,1,9,700,"HaZafon",c(35.5705511, 32.9885475)
308,2017,1,"מחניים","מחניים",2017-07-18,184.574540437731,1,7,739,"HaZafon",c(35.5705511, 32.9885475)
308,2018,1,"מחניים","מחניים",2018-02-10,184.574540437731,1,2,773,"HaZafon",c(35.5705511, 32.9885475)
308,2019,1,"מחניים","מחניים",2019-05-20,184.574540437731,1,5,818,"HaZafon",c(35.5705511, 32.9885475)
308,2022,1,"מחניים","מחניים",2022-02-18,184.574540437731,1,2,798,"HaZafon",c(35.5705511, 32.9885475)
308,2023,1,"מחניים","מחניים",2023-10-29,184.574540437731,1,10,NA,"HaZafon",c(35.5705511, 32.9885475)
309,2014,1,"נהורה","נהורה",2014-07-31,15.2056879450429,1,7,1140,"HaDarom",c(34.707256, 31.6242025)
309,2014,1,"נהורה","נהורה",2014-08-20,15.2056879450429,1,8,1140,"HaDarom",c(34.707256, 31.6242025)
309,2016,1,"נהורה","נהורה",2016-09-20,15.2056879450429,1,9,1160,"HaDarom",c(34.707256, 31.6242025)
309,2018,1,"נהורה","נהורה",2018-05-30,15.2056879450429,1,5,1176,"HaDarom",c(34.707256, 31.6242025)
309,2018,1,"נהורה","נהורה",2018-07-14,15.2056879450429,1,7,1176,"HaDarom",c(34.707256, 31.6242025)
309,2019,1,"נהורה","נהורה",2019-05-05,15.2056879450429,1,5,1181,"HaDarom",c(34.707256, 31.6242025)
309,2021,1,"נהורה","נהורה",2021-05-12,15.2056879450429,1,5,1195,"HaDarom",c(34.707256, 31.6242025)
309,2023,1,"נהורה","נהורה",2023-10-07,15.2056879450429,1,10,NA,"HaDarom",c(34.707256, 31.6242025)
310,2014,1,"כפר גליקסון","כפרגליקסון",2014-07-28,111.484449580653,1,7,280,"Haifa",c(35.0049105, 32.5056829)
310,2016,1,"כפר גליקסון","כפרגליקסון",2016-09-20,111.484449580653,1,9,270,"Haifa",c(35.0049105, 32.5056829)
310,2016,1,"כפר גליקסון","כפרגליקסון",2016-06-22,111.484449580653,1,6,270,"Haifa",c(35.0049105, 32.5056829)
310,2019,1,"כפר גליקסון","כפרגליקסון",2019-07-31,111.484449580653,1,7,338,"Haifa",c(35.0049105, 32.5056829)
311,2014,1,"גן שורק","גןשורק",2014-07-29,45.6057208613738,1,7,680,"HaMerkaz",c(34.7570804, 31.943821)
311,2014,1,"גן שורק","גןשורק",2014-08-26,45.6057208613738,1,8,680,"HaMerkaz",c(34.7570804, 31.943821)
311,2016,1,"גן שורק","גןשורק",2016-09-20,45.6057208613738,1,9,700,"HaMerkaz",c(34.7570804, 31.943821)
311,2017,1,"גן שורק","גןשורק",2017-08-08,45.6057208613738,1,8,701,"HaMerkaz",c(34.7570804, 31.943821)
311,2019,1,"גן שורק","גןשורק",2019-11-12,45.6057208613738,1,11,694,"HaMerkaz",c(34.7570804, 31.943821)
311,2021,1,"גן שורק","גןשורק",2021-05-13,45.6057208613738,1,5,701,"HaMerkaz",c(34.7570804, 31.943821)
311,2022,1,"גן שורק","גןשורק",2022-08-06,45.6057208613738,1,8,703,"HaMerkaz",c(34.7570804, 31.943821)
311,2023,1,"גן שורק","גןשורק",2023-10-28,45.6057208613738,1,10,NA,"HaMerkaz",c(34.7570804, 31.943821)
311,2023,1,"גן שורק","גןשורק",2023-05-10,45.6057208613738,1,5,NA,"HaMerkaz",c(34.7570804, 31.943821)
311,2023,1,"גן שורק","גןשורק",2023-11-05,45.6057208613738,1,11,NA,"HaMerkaz",c(34.7570804, 31.943821)
311,2023,1,"גן שורק","גןשורק",2023-12-01,45.6057208613738,1,12,NA,"HaMerkaz",c(34.7570804, 31.943821)
312,2014,1,"נווה ים","נווהים",2014-07-28,126.832719738099,1,7,240,"Haifa",c(34.9313865, 32.6790704)
312,2016,1,"נווה ים","נווהים",2016-09-20,126.832719738099,1,9,260,"Haifa",c(34.9313865, 32.6790704)
312,2016,1,"נווה ים","נווהים",2016-06-22,126.832719738099,1,6,260,"Haifa",c(34.9313865, 32.6790704)
312,2019,1,"נווה ים","נווהים",2019-07-31,126.832719738099,1,7,232,"Haifa",c(34.9313865, 32.6790704)
313,2016,1,"אפק","אפק",2016-09-20,149.651313367421,1,9,590,"HaZafon",c(35.1278121, 32.838477)
313,2018,1,"אפק","אפק",2018-09-05,149.651313367421,1,9,684,"HaZafon",c(35.1278121, 32.838477)
315,2014,1,"נגבה","נגבה",2014-07-31,16.6031183516977,1,7,850,"HaDarom",c(34.682415, 31.661213)
315,2014,1,"נגבה","נגבה",2014-08-05,16.6031183516977,1,8,850,"HaDarom",c(34.682415, 31.661213)
315,2016,1,"נגבה","נגבה",2016-09-20,16.6031183516977,1,9,910,"HaDarom",c(34.682415, 31.661213)
315,2018,1,"נגבה","נגבה",2018-07-14,16.6031183516977,1,7,953,"HaDarom",c(34.682415, 31.661213)
315,2018,1,"נגבה","נגבה",2018-05-30,16.6031183516977,1,5,953,"HaDarom",c(34.682415, 31.661213)
315,2019,1,"נגבה","נגבה",2019-05-05,16.6031183516977,1,5,969,"HaDarom",c(34.682415, 31.661213)
315,2021,1,"נגבה","נגבה",2021-05-20,16.6031183516977,1,5,967,"HaDarom",c(34.682415, 31.661213)
315,2023,1,"נגבה","נגבה",2023-10-07,16.6031183516977,1,10,NA,"HaDarom",c(34.682415, 31.661213)
316,2014,1,"כפר נטר","כפרנטר",2014-08-02,82.2015794100824,1,8,1150,"HaMerkaz",c(34.871533, 32.2757749)
316,2016,1,"כפר נטר","כפרנטר",2016-09-20,82.2015794100824,1,9,1230,"HaMerkaz",c(34.871533, 32.2757749)
316,2017,1,"כפר נטר","כפרנטר",2017-02-07,82.2015794100824,1,2,1236,"HaMerkaz",c(34.871533, 32.2757749)
316,2021,1,"כפר נטר","כפרנטר",2021-05-11,82.2015794100824,1,5,1159,"HaMerkaz",c(34.871533, 32.2757749)
317,2014,1,"בית אורן","ביתאורן",2014-07-28,134.67232264995,1,7,420,"Haifa",c(35.0055265, 32.7318775)
317,2016,1,"בית אורן","ביתאורן",2016-09-20,134.67232264995,1,9,470,"Haifa",c(35.0055265, 32.7318775)
317,2016,1,"בית אורן","ביתאורן",2016-06-22,134.67232264995,1,6,470,"Haifa",c(35.0055265, 32.7318775)
317,2019,1,"בית אורן","ביתאורן",2019-07-31,134.67232264995,1,7,507,"Haifa",c(35.0055265, 32.7318775)
318,2014,1,"עמיעוז","עמיעוז",2014-08-08,5.79234363821797,1,8,190,"HaDarom",c(34.4120905, 31.2483075)
318,2014,1,"עמיעוז","עמיעוז",2014-07-27,5.79234363821797,1,7,190,"HaDarom",c(34.4120905, 31.2483075)
318,2016,1,"עמיעוז","עמיעוז",2016-09-20,5.79234363821797,1,9,210,"HaDarom",c(34.4120905, 31.2483075)
318,2018,1,"עמיעוז","עמיעוז",2018-11-12,5.79234363821797,1,11,205,"HaDarom",c(34.4120905, 31.2483075)
318,2018,1,"עמיעוז","עמיעוז",2018-06-20,5.79234363821797,1,6,205,"HaDarom",c(34.4120905, 31.2483075)
318,2018,1,"עמיעוז","עמיעוז",2018-08-09,5.79234363821797,1,8,205,"HaDarom",c(34.4120905, 31.2483075)
318,2018,1,"עמיעוז","עמיעוז",2018-05-30,5.79234363821797,1,5,205,"HaDarom",c(34.4120905, 31.2483075)
318,2019,1,"מבטחים עמיעוז ישע","מבטחיםעמיעוזישע",2019-11-14,5.79234363821797,1,11,209,"HaDarom",c(34.4120905, 31.2483075)
318,2019,1,"עמיעוז","עמיעוז",2019-05-05,5.79234363821797,1,5,209,"HaDarom",c(34.4120905, 31.2483075)
318,2021,1,"מבטחים עמיעוז ישע","מבטחיםעמיעוזישע",2021-04-24,5.79234363821797,1,4,208,"HaDarom",c(34.4120905, 31.2483075)
318,2021,1,"מבטחים עמיעוז ישע","מבטחיםעמיעוזישע",2021-05-20,5.79234363821797,1,5,208,"HaDarom",c(34.4120905, 31.2483075)
318,2022,1," עמיעוז","עמיעוז",2022-08-07,5.79234363821797,1,8,218,"HaDarom",c(34.4120905, 31.2483075)
318,2023,1," עמיעוז","עמיעוז",2023-05-11,5.79234363821797,1,5,NA,"HaDarom",c(34.4120905, 31.2483075)
318,2023,1," עמיעוז","עמיעוז",2023-10-15,5.79234363821797,1,10,NA,"HaDarom",c(34.4120905, 31.2483075)
318,2023,1," עמיעוז","עמיעוז",2023-11-05,5.79234363821797,1,11,NA,"HaDarom",c(34.4120905, 31.2483075)
318,2023,1," עמיעוז","עמיעוז",2023-12-03,5.79234363821797,1,12,NA,"HaDarom",c(34.4120905, 31.2483075)
319,2014,1,"עמיר","עמיר",2014-07-29,204.616865641174,1,7,550,"HaZafon",c(35.6207559, 33.1778901)
319,2014,1,"עמיר","עמיר",2014-08-21,204.616865641174,1,8,550,"HaZafon",c(35.6207559, 33.1778901)
319,2015,1,"עמיר","עמיר",2015-04-28,204.616865641174,1,4,540,"HaZafon",c(35.6207559, 33.1778901)
319,2016,1,"עמיר","עמיר",2016-09-20,204.616865641174,1,9,560,"HaZafon",c(35.6207559, 33.1778901)
319,2016,1,"עמיר","עמיר",2016-12-06,204.616865641174,1,12,560,"HaZafon",c(35.6207559, 33.1778901)
319,2018,1,"עמיר","עמיר",2018-02-10,204.616865641174,1,2,592,"HaZafon",c(35.6207559, 33.1778901)
319,2019,1,"עמיר","עמיר",2019-05-20,204.616865641174,1,5,584,"HaZafon",c(35.6207559, 33.1778901)
319,2023,1,"עמיר","עמיר",2023-12-08,204.616865641174,1,12,NA,"HaZafon",c(35.6207559, 33.1778901)
320,2014,1,"כפר ורבורג","כפרורבורג",2014-08-19,23.2593300087986,1,8,1070,"HaDarom",c(34.7243919, 31.7192469)
320,2014,1,"כפר ורבורג","כפרורבורג",2014-07-29,23.2593300087986,1,7,1070,"HaDarom",c(34.7243919, 31.7192469)
320,2016,1,"כפר ורבורג","כפרורבורג",2016-09-20,23.2593300087986,1,9,1120,"HaDarom",c(34.7243919, 31.7192469)
320,2019,1,"כפר ורבורג","כפרורבורג",2019-05-05,23.2593300087986,1,5,1143,"HaDarom",c(34.7243919, 31.7192469)
320,2019,1,"כפר ורבורג","כפרורבורג",2019-11-14,23.2593300087986,1,11,1143,"HaDarom",c(34.7243919, 31.7192469)
320,2021,1,"כפר ורבורג","כפרורבורג",2021-05-11,23.2593300087986,1,5,1161,"HaDarom",c(34.7243919, 31.7192469)
320,2023,1,"כפר ורבורג","כפרורבורג",2023-10-07,23.2593300087986,1,10,NA,"HaDarom",c(34.7243919, 31.7192469)
322,2014,1,"בית הלל","ביתהלל",2014-09-11,206.063285150876,1,9,750,"HaZafon",c(35.6037705, 33.2090245)
322,2014,1,"בית הלל","ביתהלל",2014-08-25,206.063285150876,1,8,750,"HaZafon",c(35.6037705, 33.2090245)
322,2016,1,"בית הלל","ביתהלל",2016-12-06,206.063285150876,1,12,790,"HaZafon",c(35.6037705, 33.2090245)
322,2016,1,"בית הלל","ביתהלל",2016-09-20,206.063285150876,1,9,790,"HaZafon",c(35.6037705, 33.2090245)
322,2018,1,"בית הלל","ביתהלל",2018-02-10,206.063285150876,1,2,791,"HaZafon",c(35.6037705, 33.2090245)
322,2019,1,"בית הלל","ביתהלל",2019-05-20,206.063285150876,1,5,775,"HaZafon",c(35.6037705, 33.2090245)
322,2023,1,"בית הלל","ביתהלל",2023-11-21,206.063285150876,1,11,NA,"HaZafon",c(35.6037705, 33.2090245)
322,2023,1,"בית הלל","ביתהלל",2023-10-17,206.063285150876,1,10,NA,"HaZafon",c(35.6037705, 33.2090245)
322,2023,1,"בית הלל","ביתהלל",2023-12-01,206.063285150876,1,12,NA,"HaZafon",c(35.6037705, 33.2090245)
324,2016,1,"שאר ישוב","שארישוב",2016-12-06,210.058187965893,1,12,670,"HaZafon",c(35.6461108, 33.2261512)
324,2016,1,"שאר ישוב","שארישוב",2016-09-20,210.058187965893,1,9,670,"HaZafon",c(35.6461108, 33.2261512)
324,2018,1,"שאר ישוב","שארישוב",2018-02-10,210.058187965893,1,2,667,"HaZafon",c(35.6461108, 33.2261512)
324,2019,1,"שאר ישוב","שארישוב",2019-05-20,210.058187965893,1,5,668,"HaZafon",c(35.6461108, 33.2261512)
324,2019,1,"שאר ישוב","שארישוב",2019-11-19,210.058187965893,1,11,668,"HaZafon",c(35.6461108, 33.2261512)
324,2023,1,"שאר ישוב","שארישוב",2023-11-06,210.058187965893,1,11,NA,"HaZafon",c(35.6461108, 33.2261512)
324,2023,1,"שאר ישוב","שארישוב",2023-10-12,210.058187965893,1,10,NA,"HaZafon",c(35.6461108, 33.2261512)
324,2023,1,"שאר ישוב","שארישוב",2023-12-01,210.058187965893,1,12,NA,"HaZafon",c(35.6461108, 33.2261512)
325,2015,1,"מצובה","מצובה",2015-12-20,173.884989371347,1,12,1120,"HaZafon",c(35.1577706, 33.0627275)
325,2016,1,"מצובה","מצובה",2016-09-20,173.884989371347,1,9,1160,"HaZafon",c(35.1577706, 33.0627275)
325,2016,1,"מצובה","מצובה",2016-12-06,173.884989371347,1,12,1160,"HaZafon",c(35.1577706, 33.0627275)
325,2018,1,"מצובה","מצובה",2018-02-10,173.884989371347,1,2,1170,"HaZafon",c(35.1577706, 33.0627275)
325,2019,1,"מצובה","מצובה",2019-05-20,173.884989371347,1,5,1165,"HaZafon",c(35.1577706, 33.0627275)
325,2021,1,"מצובה","מצובה",2021-07-20,173.884989371347,1,7,1157,"HaZafon",c(35.1577706, 33.0627275)
325,2023,1,"מצובה","מצובה",2023-04-06,173.884989371347,1,4,NA,"HaZafon",c(35.1577706, 33.0627275)
325,2023,1,"מצובה","מצובה",2023-10-10,173.884989371347,1,10,NA,"HaZafon",c(35.1577706, 33.0627275)
325,2023,1,"מצובה","מצובה",2023-11-12,173.884989371347,1,11,NA,"HaZafon",c(35.1577706, 33.0627275)
326,2016,1,"בית יצחק שער חפר","ביתיצחקשערחפר",2016-09-20,88.8046985349083,1,9,2110,"HaMerkaz",c(34.8898236, 32.3334794)
326,2017,1,"בית יצחק שער חפר","ביתיצחקשערחפר",2017-02-07,88.8046985349083,1,2,2112,"HaMerkaz",c(34.8898236, 32.3334794)
326,2021,1,"בית יצחק - שער חפר","ביתיצחקשערחפר",2021-05-11,88.8046985349083,1,5,2144,"HaMerkaz",c(34.8898236, 32.3334794)
327,2014,1,"שדות ים","שדותים",2014-07-28,105.863187295005,1,7,940,"Haifa",c(34.8925865, 32.492799)
327,2016,1,"שדות ים","שדותים",2016-09-20,105.863187295005,1,9,1000,"Haifa",c(34.8925865, 32.492799)
327,2016,1,"שדות ים","שדותים",2016-06-22,105.863187295005,1,6,1000,"Haifa",c(34.8925865, 32.492799)
327,2019,1,"מרכז ימי קיסריה","מרכזימיקיסריה",2019-07-31,105.863187295005,1,7,1096,"Haifa",c(34.89315, 32.492613)
328,2014,1,"עזוז","עזוז",2014-10-19,50.9057371346666,1,10,70,"HaDarom",c(34.4727055, 30.792373)
328,2014,1,"עזוז","עזוז",2014-07-29,50.9057371346666,1,7,70,"HaDarom",c(34.4727055, 30.792373)
328,2014,1,"עזוז","עזוז",2014-08-24,50.9057371346666,1,8,70,"HaDarom",c(34.4727055, 30.792373)
328,2016,1,"עזוז","עזוז",2016-09-20,50.9057371346666,1,9,80,"HaDarom",c(34.4727055, 30.792373)
328,2016,1,"עזוז","עזוז",2016-12-13,50.9057371346666,1,12,80,"HaDarom",c(34.4727055, 30.792373)
328,2017,1,"עזוז","עזוז",2017-11-26,50.9057371346666,1,11,76,"HaDarom",c(34.4727055, 30.792373)
329,2014,1,"שדה נחמיה","שדהנחמיה",2014-07-29,205.489461072957,1,7,1050,"HaZafon",c(35.624589, 33.1882845)
329,2014,1,"שדה נחמיה","שדהנחמיה",2014-08-21,205.489461072957,1,8,1050,"HaZafon",c(35.624589, 33.1882845)
329,2015,1,"שדה נחמיה","שדהנחמיה",2015-04-28,205.489461072957,1,4,1100,"HaZafon",c(35.624589, 33.1882845)
329,2016,1,"שדה נחמיה","שדהנחמיה",2016-09-20,205.489461072957,1,9,1160,"HaZafon",c(35.624589, 33.1882845)
329,2016,1,"שדה נחמיה","שדהנחמיה",2016-12-06,205.489461072957,1,12,1160,"HaZafon",c(35.624589, 33.1882845)
329,2018,1,"שדה נחמיה","שדהנחמיה",2018-02-10,205.489461072957,1,2,1217,"HaZafon",c(35.624589, 33.1882845)
329,2019,1,"שדה נחמיה","שדהנחמיה",2019-05-20,205.489461072957,1,5,1235,"HaZafon",c(35.624589, 33.1882845)
329,2023,1,"שדה נחמיה","שדהנחמיה",2023-12-08,205.489461072957,1,12,NA,"HaZafon",c(35.624589, 33.1882845)
330,2015,1,"אלומות","אלומות",2015-03-11,157.720750729822,1,3,320,"HaZafon",c(35.5463205, 32.7082059)
330,2016,1,"אלומות","אלומות",2016-09-20,157.720750729822,1,9,350,"HaZafon",c(35.5463205, 32.7082059)
330,2017,1,"אלומות","אלומות",2017-07-18,157.720750729822,1,7,381,"HaZafon",c(35.5463205, 32.7082059)
331,2014,1,"ניר צבי","נירצבי",2014-07-29,52.1189236883491,1,7,1250,"HaMerkaz",c(34.8611565, 31.9530399)
331,2014,1,"ניר צבי","נירצבי",2014-08-20,52.1189236883491,1,8,1250,"HaMerkaz",c(34.8611565, 31.9530399)
331,2015,1,"ניר צבי","נירצבי",2015-03-23,52.1189236883491,1,3,1280,"HaMerkaz",c(34.8611565, 31.9530399)
331,2016,1,"ניר צבי","נירצבי",2016-09-20,52.1189236883491,1,9,1300,"HaMerkaz",c(34.8611565, 31.9530399)
331,2021,1,"ניר צבי","נירצבי",2021-05-11,52.1189236883491,1,5,1272,"HaMerkaz",c(34.8611565, 31.9530399)
331,2022,1,"ניר צבי","נירצבי",2022-08-07,52.1189236883491,1,8,1270,"HaMerkaz",c(34.8611565, 31.9530399)
331,2023,1,"ניר צבי","נירצבי",2023-11-05,52.1189236883491,1,11,NA,"HaMerkaz",c(34.8611565, 31.9530399)
331,2023,1,"ניר צבי","נירצבי",2023-12-05,52.1189236883491,1,12,NA,"HaMerkaz",c(34.8611565, 31.9530399)
331,2023,1,"ניר צבי","נירצבי",2023-10-24,52.1189236883491,1,10,NA,"HaMerkaz",c(34.8611565, 31.9530399)
334,2014,1,"קבוצת יבנה","קבוצתיבנה",2014-07-29,31.4679086736816,1,7,960,"HaMerkaz",c(34.719815, 31.816119)
334,2014,1,"קבוצת יבנה","קבוצתיבנה",2014-08-21,31.4679086736816,1,8,960,"HaMerkaz",c(34.719815, 31.816119)
334,2016,1,"קבוצת יבנה","קבוצתיבנה",2016-09-20,31.4679086736816,1,9,980,"HaMerkaz",c(34.719815, 31.816119)
334,2017,1,"קבוצת יבנה","קבוצתיבנה",2017-08-08,31.4679086736816,1,8,991,"HaMerkaz",c(34.719815, 31.816119)
334,2019,1,"קבוצת יבנה","קבוצתיבנה",2019-05-05,31.4679086736816,1,5,964,"HaMerkaz",c(34.719815, 31.816119)
334,2019,1,"קבוצת יבנה","קבוצתיבנה",2019-11-13,31.4679086736816,1,11,964,"HaMerkaz",c(34.719815, 31.816119)
334,2021,1,"קבוצת יבנה","קבוצתיבנה",2021-05-15,31.4679086736816,1,5,957,"HaMerkaz",c(34.719815, 31.816119)
334,2022,1,"קבוצת יבנה","קבוצתיבנה",2022-08-05,31.4679086736816,1,8,940,"HaMerkaz",c(34.719815, 31.816119)
334,2023,1,"קבוצת יבנה","קבוצתיבנה",2023-10-14,31.4679086736816,1,10,NA,"HaMerkaz",c(34.719815, 31.816119)
334,2023,1,"קבוצת יבנה","קבוצתיבנה",2023-05-13,31.4679086736816,1,5,NA,"HaMerkaz",c(34.719815, 31.816119)
334,2023,1,"קבוצת יבנה","קבוצתיבנה",2023-11-20,31.4679086736816,1,11,NA,"HaMerkaz",c(34.719815, 31.816119)
334,2023,1,"קבוצת יבנה","קבוצתיבנה",2023-12-01,31.4679086736816,1,12,NA,"HaMerkaz",c(34.719815, 31.816119)
336,2015,1,"דורות","דורות",2015-04-23,7.71046667028972,1,4,760,"HaDarom",c(34.64596, 31.506123)
336,2016,1,"דורות","דורות",2016-03-11,7.71046667028972,1,3,790,"HaDarom",c(34.64596, 31.506123)
336,2016,1,"דורות","דורות",2016-09-20,7.71046667028972,1,9,790,"HaDarom",c(34.64596, 31.506123)
336,2017,1,"דורות","דורות",2017-12-08,7.71046667028972,1,12,812,"HaDarom",c(34.64596, 31.506123)
336,2018,1,"דורות","דורות",2018-05-29,7.71046667028972,1,5,821,"HaDarom",c(34.64596, 31.506123)
336,2018,1,"דורות","דורות",2018-11-12,7.71046667028972,1,11,821,"HaDarom",c(34.64596, 31.506123)
336,2018,1,"דורות","דורות",2018-07-14,7.71046667028972,1,7,821,"HaDarom",c(34.64596, 31.506123)
336,2018,1,"דורות","דורות",2018-08-09,7.71046667028972,1,8,821,"HaDarom",c(34.64596, 31.506123)
336,2019,1,"דורות","דורות",2019-08-17,7.71046667028972,1,8,843,"HaDarom",c(34.64596, 31.506123)
336,2019,1,"דורות","דורות",2019-11-12,7.71046667028972,1,11,843,"HaDarom",c(34.64596, 31.506123)
336,2019,1,"דורות","דורות",2019-05-04,7.71046667028972,1,5,843,"HaDarom",c(34.64596, 31.506123)
336,2021,1,"דורות","דורות",2021-05-14,7.71046667028972,1,5,870,"HaDarom",c(34.64596, 31.506123)
336,2022,1,"דורות","דורות",2022-08-07,7.71046667028972,1,8,915,"HaDarom",c(34.64596, 31.506123)
336,2023,1,"דורות","דורות",2023-10-09,7.71046667028972,1,10,NA,"HaDarom",c(34.64596, 31.506123)
336,2023,1,"דורות","דורות",2023-04-06,7.71046667028972,1,4,NA,"HaDarom",c(34.64596, 31.506123)
336,2023,1,"דורות","דורות",2023-11-04,7.71046667028972,1,11,NA,"HaDarom",c(34.64596, 31.506123)
338,2014,1,"איבים","איבים",2014-08-24,3.51370647064705,1,8,260,"HaDarom",c(34.609697, 31.5335965)
338,2014,1,"איבים","איבים",2014-07-31,3.51370647064705,1,7,260,"HaDarom",c(34.609697, 31.5335965)
338,2015,1,"איבים","איבים",2015-12-13,3.51370647064705,1,12,280,"HaDarom",c(34.609697, 31.5335965)
338,2015,1,"איבים","איבים",2015-04-23,3.51370647064705,1,4,280,"HaDarom",c(34.609697, 31.5335965)
338,2016,1,"איבים","איבים",2016-03-11,3.51370647064705,1,3,130,"HaDarom",c(34.609697, 31.5335965)
338,2016,1,"איבים","איבים",2016-07-01,3.51370647064705,1,7,130,"HaDarom",c(34.609697, 31.5335965)
338,2016,1,"איבים","איבים",2016-08-21,3.51370647064705,1,8,130,"HaDarom",c(34.609697, 31.5335965)
338,2016,1,"איבים","איבים",2016-01-01,3.51370647064705,1,1,130,"HaDarom",c(34.609697, 31.5335965)
338,2016,1,"איבים","איבים",2016-09-20,3.51370647064705,1,9,130,"HaDarom",c(34.609697, 31.5335965)
338,2017,1,"איבים","איבים",2017-11-30,3.51370647064705,1,11,379,"HaDarom",c(34.609697, 31.5335965)
338,2017,1,"איבים","איבים",2017-12-13,3.51370647064705,1,12,379,"HaDarom",c(34.609697, 31.5335965)
338,2018,1,"איבים","איבים",2018-10-26,3.51370647064705,1,10,277,"HaDarom",c(34.609697, 31.5335965)
338,2018,1,"איבים","איבים",2018-05-29,3.51370647064705,1,5,277,"HaDarom",c(34.609697, 31.5335965)
338,2018,1,"איבים","איבים",2018-11-12,3.51370647064705,1,11,277,"HaDarom",c(34.609697, 31.5335965)
338,2018,1,"איבים","איבים",2018-06-27,3.51370647064705,1,6,277,"HaDarom",c(34.609697, 31.5335965)
338,2018,1,"איבים","איבים",2018-08-09,3.51370647064705,1,8,277,"HaDarom",c(34.609697, 31.5335965)
338,2018,1,"איבים","איבים",2018-07-14,3.51370647064705,1,7,277,"HaDarom",c(34.609697, 31.5335965)
338,2018,1,"איבים","איבים",2018-02-18,3.51370647064705,1,2,277,"HaDarom",c(34.609697, 31.5335965)
338,2018,1,"איבים","איבים",2018-03-25,3.51370647064705,1,3,277,"HaDarom",c(34.609697, 31.5335965)
338,2019,1," איבים","איבים",2019-11-01,3.51370647064705,1,11,458,"HaDarom",c(34.609697, 31.5335965)
338,2019,1," איבים","איבים",2019-12-07,3.51370647064705,1,12,458,"HaDarom",c(34.609697, 31.5335965)
338,2019,1," איבים","איבים",2019-07-03,3.51370647064705,1,7,458,"HaDarom",c(34.609697, 31.5335965)
338,2019,1," איבים","איבים",2019-08-17,3.51370647064705,1,8,458,"HaDarom",c(34.609697, 31.5335965)
338,2019,1,"איבים","איבים",2019-05-04,3.51370647064705,1,5,458,"HaDarom",c(34.609697, 31.5335965)
338,2019,1,"איבים","איבים",2019-03-25,3.51370647064705,1,3,458,"HaDarom",c(34.609697, 31.5335965)
338,2019,1," איבים","איבים",2019-06-13,3.51370647064705,1,6,458,"HaDarom",c(34.609697, 31.5335965)
338,2019,1," איבים","איבים",2019-09-06,3.51370647064705,1,9,458,"HaDarom",c(34.609697, 31.5335965)
338,2020,1," איבים","איבים",2020-08-02,3.51370647064705,1,8,652,"HaDarom",c(34.609697, 31.5335965)
338,2020,1," איבים","איבים",2020-09-16,3.51370647064705,1,9,652,"HaDarom",c(34.609697, 31.5335965)
338,2020,1," איבים","איבים",2020-03-27,3.51370647064705,1,3,652,"HaDarom",c(34.609697, 31.5335965)
338,2020,1," איבים","איבים",2020-01-31,3.51370647064705,1,1,652,"HaDarom",c(34.609697, 31.5335965)
338,2020,1," איבים","איבים",2020-02-23,3.51370647064705,1,2,652,"HaDarom",c(34.609697, 31.5335965)
338,2021,1," איבים","איבים",2021-10-18,3.51370647064705,1,10,721,"HaDarom",c(34.609697, 31.5335965)
338,2021,1," איבים","איבים",2021-05-12,3.51370647064705,1,5,721,"HaDarom",c(34.609697, 31.5335965)
338,2021,1," איבים","איבים",2021-08-16,3.51370647064705,1,8,721,"HaDarom",c(34.609697, 31.5335965)
338,2021,1," איבים","איבים",2021-04-26,3.51370647064705,1,4,721,"HaDarom",c(34.609697, 31.5335965)
338,2021,1," איבים","איבים",2021-09-11,3.51370647064705,1,9,721,"HaDarom",c(34.609697, 31.5335965)
338,2022,1," איבים","איבים",2022-08-06,3.51370647064705,1,8,774,"HaDarom",c(34.609697, 31.5335965)
338,2022,1," איבים","איבים",2022-04-21,3.51370647064705,1,4,774,"HaDarom",c(34.609697, 31.5335965)
338,2023,1," איבים","איבים",2023-04-07,3.51370647064705,1,4,NA,"HaDarom",c(34.609697, 31.5335965)
338,2023,1," איבים","איבים",2023-07-05,3.51370647064705,1,7,NA,"HaDarom",c(34.609697, 31.5335965)
338,2023,1," איבים","איבים",2023-10-20,3.51370647064705,1,10,NA,"HaDarom",c(34.609697, 31.5335965)
338,2023,1," איבים","איבים",2023-05-10,3.51370647064705,1,5,NA,"HaDarom",c(34.609697, 31.5335965)
338,2023,1," איבים","איבים",2023-11-05,3.51370647064705,1,11,NA,"HaDarom",c(34.609697, 31.5335965)
338,2023,1," איבים","איבים",2023-12-12,3.51370647064705,1,12,NA,"HaDarom",c(34.609697, 31.5335965)
338,2023,1," איבים","איבים",2023-02-01,3.51370647064705,1,2,NA,"HaDarom",c(34.609697, 31.5335965)
339,2015,1,"רמת צבי","רמתצבי",2015-03-11,139.438727397958,1,3,590,"HaZafon",c(35.4122204, 32.5925854)
339,2016,1,"רמת צבי","רמתצבי",2016-09-20,139.438727397958,1,9,640,"HaZafon",c(35.4122204, 32.5925854)
342,2014,1,"גברעם","גברעם",2014-08-01,6.59939156428454,1,8,390,"HaDarom",c(34.6121915, 31.5917914)
342,2014,1,"גברעם","גברעם",2014-07-27,6.59939156428454,1,7,390,"HaDarom",c(34.6121915, 31.5917914)
342,2016,1,"גברעם","גברעם",2016-09-20,6.59939156428454,1,9,450,"HaDarom",c(34.6121915, 31.5917914)
342,2018,1,"גברעם","גברעם",2018-06-03,6.59939156428454,1,6,470,"HaDarom",c(34.6121915, 31.5917914)
342,2018,1,"גברעם","גברעם",2018-05-30,6.59939156428454,1,5,470,"HaDarom",c(34.6121915, 31.5917914)
342,2018,1,"גברעם","גברעם",2018-08-09,6.59939156428454,1,8,470,"HaDarom",c(34.6121915, 31.5917914)
342,2018,1,"גברעם","גברעם",2018-07-14,6.59939156428454,1,7,470,"HaDarom",c(34.6121915, 31.5917914)
342,2019,1,"גברעם","גברעם",2019-05-05,6.59939156428454,1,5,466,"HaDarom",c(34.6121915, 31.5917914)
342,2021,1,"גברעם","גברעם",2021-05-13,6.59939156428454,1,5,668,"HaDarom",c(34.6121915, 31.5917914)
342,2022,1,"גברעם","גברעם",2022-08-06,6.59939156428454,1,8,674,"HaDarom",c(34.6121915, 31.5917914)
342,2023,1,"גברעם","גברעם",2023-10-07,6.59939156428454,1,10,NA,"HaDarom",c(34.6121915, 31.5917914)
342,2023,1,"גברעם","גברעם",2023-11-18,6.59939156428454,1,11,NA,"HaDarom",c(34.6121915, 31.5917914)
342,2023,1,"גברעם","גברעם",2023-12-03,6.59939156428454,1,12,NA,"HaDarom",c(34.6121915, 31.5917914)
343,2015,1,"חמדיה","חמדיה",2015-03-11,140.416135538933,1,3,400,"HaZafon",c(35.5197915, 32.519864)
343,2016,1,"חמדיה","חמדיה",2016-09-20,140.416135538933,1,9,380,"HaZafon",c(35.5197915, 32.519864)
343,2018,1,"חמדיה","חמדיה",2018-02-10,140.416135538933,1,2,365,"HaZafon",c(35.5197915, 32.519864)
344,2016,1,"מענית","מענית",2016-06-22,107.639247973594,1,6,690,"Haifa",c(35.0286855, 32.456388)
344,2016,1,"מענית","מענית",2016-09-20,107.639247973594,1,9,690,"Haifa",c(35.0286855, 32.456388)
344,2019,1,"מענית","מענית",2019-07-31,107.639247973594,1,7,812,"Haifa",c(35.0286855, 32.456388)
344,2023,1,"מענית","מענית",2023-10-07,107.639247973594,1,10,NA,"Haifa",c(35.0286855, 32.456388)
345,2014,1,"כפר סאלד","כפרסאלד",2014-07-29,207.92151244391,1,7,570,"HaZafon",c(35.6574289, 33.1950795)
345,2014,1,"כפר סאלד","כפרסאלד",2014-08-21,207.92151244391,1,8,570,"HaZafon",c(35.6574289, 33.1950795)
345,2015,1,"כפר סאלד","כפרסאלד",2015-04-28,207.92151244391,1,4,590,"HaZafon",c(35.6574289, 33.1950795)
345,2016,1,"כפר סאלד","כפרסאלד",2016-09-20,207.92151244391,1,9,600,"HaZafon",c(35.6574289, 33.1950795)
345,2016,1,"כפר סאלד","כפרסאלד",2016-12-06,207.92151244391,1,12,600,"HaZafon",c(35.6574289, 33.1950795)
345,2018,1,"כפר סאלד","כפרסאלד",2018-02-10,207.92151244391,1,2,632,"HaZafon",c(35.6574289, 33.1950795)
345,2019,1,"כפר סאלד","כפרסאלד",2019-05-20,207.92151244391,1,5,674,"HaZafon",c(35.6574289, 33.1950795)
345,2019,1,"כפר סאלד","כפרסאלד",2019-11-19,207.92151244391,1,11,674,"HaZafon",c(35.6574289, 33.1950795)
348,2014,1,"ניר עם","נירעם",2014-08-08,1.53203404551004,1,8,480,"HaDarom",c(34.5771634, 31.5202415)
348,2014,1,"ניר עם","נירעם",2014-07-31,1.53203404551004,1,7,480,"HaDarom",c(34.5771634, 31.5202415)
348,2015,1,"ניר עם","נירעם",2015-04-23,1.53203404551004,1,4,490,"HaDarom",c(34.5771634, 31.5202415)
348,2015,1,"ניר עם","נירעם",2015-12-13,1.53203404551004,1,12,490,"HaDarom",c(34.5771634, 31.5202415)
348,2016,1,"ניר עם","נירעם",2016-08-21,1.53203404551004,1,8,510,"HaDarom",c(34.5771634, 31.5202415)
348,2016,1,"ניר עם","נירעם",2016-07-01,1.53203404551004,1,7,510,"HaDarom",c(34.5771634, 31.5202415)
348,2016,1,"ניר עם","נירעם",2016-01-01,1.53203404551004,1,1,510,"HaDarom",c(34.5771634, 31.5202415)
348,2016,1,"ניר עם","נירעם",2016-09-20,1.53203404551004,1,9,510,"HaDarom",c(34.5771634, 31.5202415)
348,2016,1,"ניר עם","נירעם",2016-03-11,1.53203404551004,1,3,510,"HaDarom",c(34.5771634, 31.5202415)
348,2017,1,"ניר עם","נירעם",2017-12-13,1.53203404551004,1,12,553,"HaDarom",c(34.5771634, 31.5202415)
348,2017,1,"ניר עם","נירעם",2017-11-30,1.53203404551004,1,11,553,"HaDarom",c(34.5771634, 31.5202415)
348,2018,1,"ניר עם","נירעם",2018-07-14,1.53203404551004,1,7,573,"HaDarom",c(34.5771634, 31.5202415)
348,2018,1,"ניר עם","נירעם",2018-08-08,1.53203404551004,1,8,573,"HaDarom",c(34.5771634, 31.5202415)
348,2018,1,"ניר עם","נירעם",2018-11-12,1.53203404551004,1,11,573,"HaDarom",c(34.5771634, 31.5202415)
348,2018,1,"ניר עם","נירעם",2018-02-18,1.53203404551004,1,2,573,"HaDarom",c(34.5771634, 31.5202415)
348,2018,1,"ניר עם","נירעם",2018-06-27,1.53203404551004,1,6,573,"HaDarom",c(34.5771634, 31.5202415)
348,2018,1,"ניר עם","נירעם",2018-03-25,1.53203404551004,1,3,573,"HaDarom",c(34.5771634, 31.5202415)
348,2018,1,"ניר עם","נירעם",2018-05-30,1.53203404551004,1,5,573,"HaDarom",c(34.5771634, 31.5202415)
348,2018,1,"ניר עם","נירעם",2018-10-26,1.53203404551004,1,10,573,"HaDarom",c(34.5771634, 31.5202415)
348,2019,1,"ניר עם","נירעם",2019-08-17,1.53203404551004,1,8,611,"HaDarom",c(34.5771634, 31.5202415)
348,2019,1,"ניר עם","נירעם",2019-03-25,1.53203404551004,1,3,611,"HaDarom",c(34.5771634, 31.5202415)
348,2019,1,"ניר עם","נירעם",2019-05-04,1.53203404551004,1,5,611,"HaDarom",c(34.5771634, 31.5202415)
348,2019,1,"ניר עם","נירעם",2019-12-07,1.53203404551004,1,12,611,"HaDarom",c(34.5771634, 31.5202415)
348,2019,1,"ניר עם","נירעם",2019-11-12,1.53203404551004,1,11,611,"HaDarom",c(34.5771634, 31.5202415)
348,2019,1,"ניר עם","נירעם",2019-09-19,1.53203404551004,1,9,611,"HaDarom",c(34.5771634, 31.5202415)
348,2020,1,"ניר עם","נירעם",2020-09-16,1.53203404551004,1,9,644,"HaDarom",c(34.5771634, 31.5202415)
348,2020,1,"ניר עם","נירעם",2020-08-02,1.53203404551004,1,8,644,"HaDarom",c(34.5771634, 31.5202415)
348,2020,1,"ניר עם","נירעם",2020-01-31,1.53203404551004,1,1,644,"HaDarom",c(34.5771634, 31.5202415)
348,2020,1,"ניר עם","נירעם",2020-02-24,1.53203404551004,1,2,644,"HaDarom",c(34.5771634, 31.5202415)
348,2020,1,"ניר עם","נירעם",2020-07-05,1.53203404551004,1,7,644,"HaDarom",c(34.5771634, 31.5202415)
348,2021,1,"ניר עם","נירעם",2021-05-18,1.53203404551004,1,5,683,"HaDarom",c(34.5771634, 31.5202415)
348,2021,1,"ניר עם","נירעם",2021-04-26,1.53203404551004,1,4,683,"HaDarom",c(34.5771634, 31.5202415)
348,2021,1," ניר עם","נירעם",2021-09-12,1.53203404551004,1,9,683,"HaDarom",c(34.5771634, 31.5202415)
348,2021,1," ניר עם","נירעם",2021-10-18,1.53203404551004,1,10,683,"HaDarom",c(34.5771634, 31.5202415)
348,2021,1," ניר עם","נירעם",2021-08-16,1.53203404551004,1,8,683,"HaDarom",c(34.5771634, 31.5202415)
348,2022,1," ניר עם","נירעם",2022-04-21,1.53203404551004,1,4,726,"HaDarom",c(34.5771634, 31.5202415)
348,2022,1," ניר עם","נירעם",2022-08-06,1.53203404551004,1,8,726,"HaDarom",c(34.5771634, 31.5202415)
348,2023,1," ניר עם","נירעם",2023-10-09,1.53203404551004,1,10,NA,"HaDarom",c(34.5771634, 31.5202415)
348,2023,1," ניר עם","נירעם",2023-12-13,1.53203404551004,1,12,NA,"HaDarom",c(34.5771634, 31.5202415)
348,2023,1," ניר עם","נירעם",2023-11-17,1.53203404551004,1,11,NA,"HaDarom",c(34.5771634, 31.5202415)
348,2023,1," ניר עם","נירעם",2023-02-01,1.53203404551004,1,2,NA,"HaDarom",c(34.5771634, 31.5202415)
348,2023,1," ניר עם","נירעם",2023-04-07,1.53203404551004,1,4,NA,"HaDarom",c(34.5771634, 31.5202415)
348,2023,1," ניר עם","נירעם",2023-05-10,1.53203404551004,1,5,NA,"HaDarom",c(34.5771634, 31.5202415)
348,2023,1," ניר עם","נירעם",2023-07-05,1.53203404551004,1,7,NA,"HaDarom",c(34.5771634, 31.5202415)
351,2014,1,"ניצן","ניצן",2014-08-03,20.1754397946365,1,8,1660,"HaDarom",c(34.631012, 31.739369)
351,2014,1,"ניצן","ניצן",2014-07-31,20.1754397946365,1,7,1660,"HaDarom",c(34.631012, 31.739369)
351,2015,1,"ניצן","ניצן",2015-05-26,20.1754397946365,1,5,1850,"HaDarom",c(34.631012, 31.739369)
351,2015,1,"ניצן","ניצן",2015-09-29,20.1754397946365,1,9,1850,"HaDarom",c(34.631012, 31.739369)
351,2016,1,"ניצן","ניצן",2016-09-20,20.1754397946365,1,9,1980,"HaDarom",c(34.631012, 31.739369)
351,2018,1,"ניצן","ניצן",2018-11-12,20.1754397946365,1,11,2343,"HaDarom",c(34.631012, 31.739369)
351,2019,1,"ניצן","ניצן",2019-05-04,20.1754397946365,1,5,2461,"HaDarom",c(34.631012, 31.739369)
351,2019,1,"ניצן","ניצן",2019-11-12,20.1754397946365,1,11,2461,"HaDarom",c(34.631012, 31.739369)
351,2021,1,"ניצן","ניצן",2021-05-18,20.1754397946365,1,5,2660,"HaDarom",c(34.631012, 31.739369)
351,2022,1,"ניצן","ניצן",2022-08-06,20.1754397946365,1,8,2696,"HaDarom",c(34.631012, 31.739369)
351,2023,1,"ניצן","ניצן",2023-05-13,20.1754397946365,1,5,NA,"HaDarom",c(34.631012, 31.739369)
351,2023,1,"ניצן","ניצן",2023-11-04,20.1754397946365,1,11,NA,"HaDarom",c(34.631012, 31.739369)
351,2023,1,"ניצן","ניצן",2023-12-13,20.1754397946365,1,12,NA,"HaDarom",c(34.631012, 31.739369)
351,2023,1,"ניצן","ניצן",2023-10-20,20.1754397946365,1,10,NA,"HaDarom",c(34.631012, 31.739369)
352,2014,1,"גבולות","גבולות",2014-08-20,12.3902209584098,1,8,290,"HaDarom",c(34.465442, 31.210295)
352,2014,1,"גבולות","גבולות",2014-10-19,12.3902209584098,1,10,290,"HaDarom",c(34.465442, 31.210295)
352,2016,1,"גבולות","גבולות",2016-09-20,12.3902209584098,1,9,320,"HaDarom",c(34.465442, 31.210295)
352,2018,1,"גבולות","גבולות",2018-05-30,12.3902209584098,1,5,345,"HaDarom",c(34.465442, 31.210295)
352,2018,1,"גבולות","גבולות",2018-08-09,12.3902209584098,1,8,345,"HaDarom",c(34.465442, 31.210295)
352,2021,1,"גבולות","גבולות",2021-05-13,12.3902209584098,1,5,399,"HaDarom",c(34.465442, 31.210295)
352,2023,1,"גבולות","גבולות",2023-10-10,12.3902209584098,1,10,NA,"HaDarom",c(34.465442, 31.210295)
353,2016,1,"כפר תקווה","כפרתקווה",2016-09-20,135.750374265824,1,9,90,"HaZafon",c(35.115035, 32.701338)
353,2018,1,"כפר תקווה","כפרתקווה",2018-09-05,135.750374265824,1,9,79,"HaZafon",c(35.115035, 32.701338)
354,2014,1,"רביבים","רביבים",2014-10-19,42.6653772924838,1,10,1040,"HaDarom",c(34.7209294, 31.044355)
354,2014,1,"רביבים","רביבים",2014-07-29,42.6653772924838,1,7,1040,"HaDarom",c(34.7209294, 31.044355)
354,2014,1,"רביבים","רביבים",2014-08-24,42.6653772924838,1,8,1040,"HaDarom",c(34.7209294, 31.044355)
354,2016,1,"רביבים","רביבים",2016-09-20,42.6653772924838,1,9,1050,"HaDarom",c(34.7209294, 31.044355)
354,2016,1,"רביבים","רביבים",2016-12-13,42.6653772924838,1,12,1050,"HaDarom",c(34.7209294, 31.044355)
354,2017,1,"רביבים","רביבים",2017-11-26,42.6653772924838,1,11,1076,"HaDarom",c(34.7209294, 31.044355)
355,2014,1,"חורשים","חורשים",2014-08-02,74.9369256135588,1,8,300,"HaMerkaz",c(34.970238, 32.138416)
355,2016,1,"חורשים","חורשים",2016-12-20,74.9369256135588,1,12,310,"HaMerkaz",c(34.970238, 32.138416)
355,2016,1,"חורשים","חורשים",2016-09-20,74.9369256135588,1,9,310,"HaMerkaz",c(34.970238, 32.138416)
355,2018,1,"חורשים","חורשים",2018-12-26,74.9369256135588,1,12,331,"HaMerkaz",c(34.970238, 32.138416)
355,2021,1,"חורשים","חורשים",2021-05-11,74.9369256135588,1,5,351,"HaMerkaz",c(34.970238, 32.138416)
355,2023,1,"חורשים","חורשים",2023-10-28,74.9369256135588,1,10,NA,"HaMerkaz",c(34.970238, 32.138416)
355,2023,1,"חורשים","חורשים",2023-11-05,74.9369256135588,1,11,NA,"HaMerkaz",c(34.970238, 32.138416)
356,2016,1,"הגושרים","הגושרים",2016-12-06,208.35424732745,1,12,750,"HaZafon",c(35.6230576, 33.2201709)
356,2016,1,"הגושרים","הגושרים",2016-09-20,208.35424732745,1,9,750,"HaZafon",c(35.6230576, 33.2201709)
356,2018,1,"הגושרים","הגושרים",2018-02-10,208.35424732745,1,2,809,"HaZafon",c(35.6230576, 33.2201709)
356,2019,1,"הגושרים","הגושרים",2019-05-20,208.35424732745,1,5,820,"HaZafon",c(35.6230576, 33.2201709)
356,2023,1,"הגושרים","הגושרים",2023-10-12,208.35424732745,1,10,NA,"HaZafon",c(35.6230576, 33.2201709)
356,2023,1,"הגושרים","הגושרים",2023-11-06,208.35424732745,1,11,NA,"HaZafon",c(35.6230576, 33.2201709)
356,2023,1,"הגושרים","הגושרים",2023-12-01,208.35424732745,1,12,NA,"HaZafon",c(35.6230576, 33.2201709)
357,2014,1,"כפר בלום","כפרבלום",2014-07-29,203.3661424908,1,7,630,"HaZafon",c(35.6066025, 33.172328)
357,2014,1,"כפר בלום","כפרבלום",2014-08-21,203.3661424908,1,8,630,"HaZafon",c(35.6066025, 33.172328)
357,2015,1,"כפר בלום","כפרבלום",2015-04-28,203.3661424908,1,4,680,"HaZafon",c(35.6066025, 33.172328)
357,2016,1,"כפר בלום","כפרבלום",2016-12-06,203.3661424908,1,12,700,"HaZafon",c(35.6066025, 33.172328)
357,2016,1,"כפר בלום","כפרבלום",2016-09-20,203.3661424908,1,9,700,"HaZafon",c(35.6066025, 33.172328)
357,2018,1,"כפר בלום","כפרבלום",2018-02-10,203.3661424908,1,2,771,"HaZafon",c(35.6066025, 33.172328)
357,2019,1,"כפר בלום","כפרבלום",2019-05-20,203.3661424908,1,5,766,"HaZafon",c(35.6066025, 33.172328)
357,2023,1,"כפר בלום","כפרבלום",2023-12-08,203.3661424908,1,12,NA,"HaZafon",c(35.6066025, 33.172328)
358,2014,1,"יד מרדכי","ידמרדכי",2014-07-30,2.63129748986891,1,7,690,"HaDarom",c(34.5576449, 31.589037)
358,2014,1,"יד מרדכי","ידמרדכי",2014-08-04,2.63129748986891,1,8,690,"HaDarom",c(34.5576449, 31.589037)
358,2014,1,"יד מרדכי","ידמרדכי",2014-09-18,2.63129748986891,1,9,690,"HaDarom",c(34.5576449, 31.589037)
358,2015,1,"יד מרדכי","ידמרדכי",2015-10-10,2.63129748986891,1,10,680,"HaDarom",c(34.5576449, 31.589037)
358,2016,1,"יד מרדכי","ידמרדכי",2016-09-20,2.63129748986891,1,9,740,"HaDarom",c(34.5576449, 31.589037)
358,2017,1,"יד מרדכי","ידמרדכי",2017-12-07,2.63129748986891,1,12,748,"HaDarom",c(34.5576449, 31.589037)
358,2017,1,"יד מרדכי","ידמרדכי",2017-08-21,2.63129748986891,1,8,748,"HaDarom",c(34.5576449, 31.589037)
358,2017,1,"יד מרדכי","ידמרדכי",2017-07-12,2.63129748986891,1,7,748,"HaDarom",c(34.5576449, 31.589037)
358,2017,1,"יד מרדכי","ידמרדכי",2017-10-07,2.63129748986891,1,10,748,"HaDarom",c(34.5576449, 31.589037)
358,2017,1,"יד מרדכי","ידמרדכי",2017-03-18,2.63129748986891,1,3,748,"HaDarom",c(34.5576449, 31.589037)
358,2018,1,"יד מרדכי","ידמרדכי",2018-08-09,2.63129748986891,1,8,767,"HaDarom",c(34.5576449, 31.589037)
358,2018,1,"יד מרדכי","ידמרדכי",2018-07-25,2.63129748986891,1,7,767,"HaDarom",c(34.5576449, 31.589037)
358,2018,1,"יד מרדכי","ידמרדכי",2018-05-29,2.63129748986891,1,5,767,"HaDarom",c(34.5576449, 31.589037)
358,2018,1,"יד מרדכי","ידמרדכי",2018-03-25,2.63129748986891,1,3,767,"HaDarom",c(34.5576449, 31.589037)
358,2018,1,"יד מרדכי","ידמרדכי",2018-02-18,2.63129748986891,1,2,767,"HaDarom",c(34.5576449, 31.589037)
358,2018,1,"יד מרדכי","ידמרדכי",2018-11-13,2.63129748986891,1,11,767,"HaDarom",c(34.5576449, 31.589037)
358,2018,1,"יד מרדכי","ידמרדכי",2018-06-20,2.63129748986891,1,6,767,"HaDarom",c(34.5576449, 31.589037)
358,2018,1,"יד מרדכי","ידמרדכי",2018-10-17,2.63129748986891,1,10,767,"HaDarom",c(34.5576449, 31.589037)
358,2019,1,"יד מרדכי","ידמרדכי",2019-11-12,2.63129748986891,1,11,737,"HaDarom",c(34.5576449, 31.589037)
358,2019,1,"יד מרדכי","ידמרדכי",2019-05-05,2.63129748986891,1,5,737,"HaDarom",c(34.5576449, 31.589037)
358,2019,1,"יד מרדכי","ידמרדכי",2019-03-25,2.63129748986891,1,3,737,"HaDarom",c(34.5576449, 31.589037)
358,2019,1,"יד מרדכי","ידמרדכי",2019-09-11,2.63129748986891,1,9,737,"HaDarom",c(34.5576449, 31.589037)
358,2020,1,"יד מרדכי","ידמרדכי",2020-02-24,2.63129748986891,1,2,746,"HaDarom",c(34.5576449, 31.589037)
358,2020,1,"יד מרדכי","ידמרדכי",2020-10-22,2.63129748986891,1,10,746,"HaDarom",c(34.5576449, 31.589037)
358,2020,1,"יד מרדכי","ידמרדכי",2020-01-30,2.63129748986891,1,1,746,"HaDarom",c(34.5576449, 31.589037)
358,2021,1,"יד מרדכי","ידמרדכי",2021-04-24,2.63129748986891,1,4,792,"HaDarom",c(34.5576449, 31.589037)
358,2021,1,"יד מרדכי","ידמרדכי",2021-05-14,2.63129748986891,1,5,792,"HaDarom",c(34.5576449, 31.589037)
358,2021,1,"יד מרדכי","ידמרדכי",2021-10-18,2.63129748986891,1,10,792,"HaDarom",c(34.5576449, 31.589037)
358,2022,1,"יד מרדכי","ידמרדכי",2022-08-07,2.63129748986891,1,8,830,"HaDarom",c(34.5576449, 31.589037)
358,2023,1,"יד מרדכי","ידמרדכי",2023-12-12,2.63129748986891,1,12,NA,"HaDarom",c(34.5576449, 31.589037)
358,2023,1,"יד מרדכי","ידמרדכי",2023-05-03,2.63129748986891,1,5,NA,"HaDarom",c(34.5576449, 31.589037)
358,2023,1,"יד מרדכי","ידמרדכי",2023-10-10,2.63129748986891,1,10,NA,"HaDarom",c(34.5576449, 31.589037)
358,2023,1,"יד מרדכי","ידמרדכי",2023-11-06,2.63129748986891,1,11,NA,"HaDarom",c(34.5576449, 31.589037)
359,2014,1,"ניצנים","ניצנים",2014-07-29,18.4836225612927,1,7,380,"HaDarom",c(34.634534, 31.7170384)
359,2014,1,"ניצנים","ניצנים",2014-08-23,18.4836225612927,1,8,380,"HaDarom",c(34.634534, 31.7170384)
359,2015,1,"ניצנים","ניצנים",2015-09-29,18.4836225612927,1,9,340,"HaDarom",c(34.634534, 31.7170384)
359,2015,1,"ניצנים","ניצנים",2015-05-26,18.4836225612927,1,5,340,"HaDarom",c(34.634534, 31.7170384)
359,2016,1,"ניצנים","ניצנים",2016-09-20,18.4836225612927,1,9,360,"HaDarom",c(34.634534, 31.7170384)
359,2018,1,"ניצנים","ניצנים",2018-11-12,18.4836225612927,1,11,382,"HaDarom",c(34.634534, 31.7170384)
359,2019,1,"ניצנים","ניצנים",2019-12-25,18.4836225612927,1,12,421,"HaDarom",c(34.634534, 31.7170384)
359,2019,1,"ניצנים","ניצנים",2019-11-12,18.4836225612927,1,11,421,"HaDarom",c(34.634534, 31.7170384)
359,2019,1,"ניצנים","ניצנים",2019-05-05,18.4836225612927,1,5,421,"HaDarom",c(34.634534, 31.7170384)
359,2021,1,"ניצנים","ניצנים",2021-05-20,18.4836225612927,1,5,613,"HaDarom",c(34.634534, 31.7170384)
359,2022,1,"ניצנים","ניצנים",2022-08-06,18.4836225612927,1,8,624,"HaDarom",c(34.634534, 31.7170384)
359,2023,1,"ניצנים","ניצנים",2023-12-08,18.4836225612927,1,12,NA,"HaDarom",c(34.634534, 31.7170384)
359,2023,1,"ניצנים","ניצנים",2023-11-20,18.4836225612927,1,11,NA,"HaDarom",c(34.634534, 31.7170384)
359,2023,1,"ניצנים","ניצנים",2023-10-11,18.4836225612927,1,10,NA,"HaDarom",c(34.634534, 31.7170384)
360,2014,1,"גבעת ניל""י","גבעתנילי",2014-07-28,117.15455969729,1,7,730,"Haifa",c(35.0428094, 32.5480851)
360,2016,1,"גבעת ניל""י","גבעתנילי",2016-06-22,117.15455969729,1,6,720,"Haifa",c(35.0428094, 32.5480851)
360,2016,1,"גבעת ניל""י","גבעתנילי",2016-09-20,117.15455969729,1,9,720,"Haifa",c(35.0428094, 32.5480851)
360,2019,1,"גבעת ניל''י","גבעתנילי",2019-07-31,117.15455969729,1,7,730,"Haifa",c(35.0428094, 32.5480851)
362,2015,1,"רוחמה","רוחמה",2015-04-23,13.2533365109824,1,4,580,"HaDarom",c(34.7050949, 31.49733)
362,2016,1,"רוחמה","רוחמה",2016-09-20,13.2533365109824,1,9,600,"HaDarom",c(34.7050949, 31.49733)
362,2016,1,"רוחמה","רוחמה",2016-03-11,13.2533365109824,1,3,600,"HaDarom",c(34.7050949, 31.49733)
362,2017,1,"רוחמה","רוחמה",2017-12-08,13.2533365109824,1,12,643,"HaDarom",c(34.7050949, 31.49733)
362,2018,1,"רוחמה","רוחמה",2018-08-09,13.2533365109824,1,8,686,"HaDarom",c(34.7050949, 31.49733)
362,2018,1,"רוחמה","רוחמה",2018-05-29,13.2533365109824,1,5,686,"HaDarom",c(34.7050949, 31.49733)
362,2018,1,"רוחמה","רוחמה",2018-11-12,13.2533365109824,1,11,686,"HaDarom",c(34.7050949, 31.49733)
362,2018,1,"רוחמה","רוחמה",2018-07-14,13.2533365109824,1,7,686,"HaDarom",c(34.7050949, 31.49733)
362,2019,1,"רוחמה","רוחמה",2019-05-04,13.2533365109824,1,5,689,"HaDarom",c(34.7050949, 31.49733)
362,2023,1,"רוחמה","רוחמה",2023-02-13,13.2533365109824,1,2,NA,"HaDarom",c(34.7050949, 31.49733)
363,2014,1,"חפץ חיים","חפץחיים",2014-07-29,34.6644861216928,1,7,470,"HaMerkaz",c(34.8011815, 31.7887894)
363,2014,1,"חפץ חיים","חפץחיים",2014-08-05,34.6644861216928,1,8,470,"HaMerkaz",c(34.8011815, 31.7887894)
363,2016,1,"חפץ חיים","חפץחיים",2016-09-20,34.6644861216928,1,9,510,"HaMerkaz",c(34.8011815, 31.7887894)
363,2017,1,"חפץ חיים","חפץחיים",2017-08-08,34.6644861216928,1,8,530,"HaMerkaz",c(34.8011815, 31.7887894)
363,2019,1,"חפץ חיים","חפץחיים",2019-05-04,34.6644861216928,1,5,558,"HaMerkaz",c(34.8011815, 31.7887894)
363,2019,1,"חפץ חיים","חפץחיים",2019-11-12,34.6644861216928,1,11,558,"HaMerkaz",c(34.8011815, 31.7887894)
363,2021,1,"חפץ חיים","חפץחיים",2021-05-11,34.6644861216928,1,5,586,"HaMerkaz",c(34.8011815, 31.7887894)
363,2023,1,"חפץ חיים","חפץחיים",2023-10-07,34.6644861216928,1,10,NA,"HaMerkaz",c(34.8011815, 31.7887894)
363,2023,1,"חפץ חיים","חפץחיים",2023-05-12,34.6644861216928,1,5,NA,"HaMerkaz",c(34.8011815, 31.7887894)
364,2014,1,"כפר אוריה","כפראוריה",2014-08-19,45.1231584073736,1,8,890,"Jerusalem",c(34.947352, 31.7923861)
364,2014,1,"כפר אוריה","כפראוריה",2014-07-29,45.1231584073736,1,7,890,"Jerusalem",c(34.947352, 31.7923861)
364,2016,1,"כפר אוריה","כפראוריה",2016-09-20,45.1231584073736,1,9,920,"Jerusalem",c(34.947352, 31.7923861)
364,2016,1,"כפר אוריה","כפראוריה",2016-07-06,45.1231584073736,1,7,920,"Jerusalem",c(34.947352, 31.7923861)
364,2017,1,"כפר אוריה","כפראוריה",2017-12-05,45.1231584073736,1,12,936,"Jerusalem",c(34.947352, 31.7923861)
364,2019,1,"כפר אוריה","כפראוריה",2019-05-04,45.1231584073736,1,5,947,"Jerusalem",c(34.947352, 31.7923861)
364,2019,1,"כפר אוריה","כפראוריה",2019-11-13,45.1231584073736,1,11,947,"Jerusalem",c(34.947352, 31.7923861)
364,2023,1,"כפר אוריה","כפראוריה",2023-10-07,45.1231584073736,1,10,NA,"Jerusalem",c(34.947352, 31.7923861)
365,2015,1,"בית קשת","ביתקשת",2015-03-11,150.521372984531,1,3,590,"HaZafon",c(35.394159, 32.7181025)
365,2016,1,"בית קשת","ביתקשת",2016-09-20,150.521372984531,1,9,610,"HaZafon",c(35.394159, 32.7181025)
365,2017,1,"בית קשת","ביתקשת",2017-07-18,150.521372984531,1,7,648,"HaZafon",c(35.394159, 32.7181025)
366,2014,1,"שמיר","שמיר",2014-08-21,205.268347687499,1,8,900,"HaZafon",c(35.6607399, 33.166208)
366,2014,1,"שמיר","שמיר",2014-07-29,205.268347687499,1,7,900,"HaZafon",c(35.6607399, 33.166208)
366,2015,1,"שמיר","שמיר",2015-04-28,205.268347687499,1,4,900,"HaZafon",c(35.6607399, 33.166208)
366,2016,1,"שמיר","שמיר",2016-09-20,205.268347687499,1,9,890,"HaZafon",c(35.6607399, 33.166208)
366,2016,1,"שמיר","שמיר",2016-12-06,205.268347687499,1,12,890,"HaZafon",c(35.6607399, 33.166208)
366,2018,1,"שמיר","שמיר",2018-02-10,205.268347687499,1,2,912,"HaZafon",c(35.6607399, 33.166208)
366,2019,1,"שמיר","שמיר",2019-05-20,205.268347687499,1,5,922,"HaZafon",c(35.6607399, 33.166208)
367,2015,1,"עין העמק","עיןהעמק",2015-03-11,126.962563673202,1,3,750,"HaZafon",c(35.0849255, 32.628988)
367,2016,1,"עין העמק","עיןהעמק",2016-09-20,126.962563673202,1,9,770,"HaZafon",c(35.0849255, 32.628988)
367,2016,1,"עין העמק","עיןהעמק",2016-06-22,126.962563673202,1,6,770,"HaZafon",c(35.0849255, 32.628988)
369,2015,1,"גלעד","גלעד",2015-03-11,119.689365174103,1,3,460,"HaZafon",c(35.0756085, 32.557258)
369,2016,1,"גלעד","גלעד",2016-09-20,119.689365174103,1,9,480,"HaZafon",c(35.0756085, 32.557258)
369,2016,1,"גלעד","גלעד",2016-06-22,119.689365174103,1,6,480,"HaZafon",c(35.0756085, 32.557258)
371,2015,1,"כדורי","כדורי",2015-03-11,150.019275449151,1,3,170,"HaZafon",c(35.406304, 32.7062395)
371,2016,1,"כדורי","כדורי",2016-09-20,150.019275449151,1,9,230,"HaZafon",c(35.406304, 32.7062395)
371,2017,1,"כדורי","כדורי",2017-07-18,150.019275449151,1,7,230,"HaZafon",c(35.406304, 32.7062395)
372,2016,1,"רמות נפתלי","רמותנפתלי",2016-12-06,193.724442444309,1,12,560,"HaZafon",c(35.5530306, 33.104339)
372,2016,1,"רמות נפתלי","רמותנפתלי",2016-09-20,193.724442444309,1,9,560,"HaZafon",c(35.5530306, 33.104339)
372,2018,1,"רמות נפתלי","רמותנפתלי",2018-02-10,193.724442444309,1,2,556,"HaZafon",c(35.5530306, 33.104339)
372,2019,1,"רמות נפתלי","רמותנפתלי",2019-05-20,193.724442444309,1,5,546,"HaZafon",c(35.5530306, 33.104339)
372,2023,1,"רמות נפתלי","רמותנפתלי",2023-11-22,193.724442444309,1,11,NA,"HaZafon",c(35.5530306, 33.104339)
372,2023,1,"רמות נפתלי","רמותנפתלי",2023-10-09,193.724442444309,1,10,NA,"HaZafon",c(35.5530306, 33.104339)
373,2016,1,"בית הלוי","ביתהלוי",2016-09-20,93.030674661978,1,9,800,"HaMerkaz",c(34.932115, 32.3542399)
373,2017,1,"בית הלוי","ביתהלוי",2017-02-07,93.030674661978,1,2,813,"HaMerkaz",c(34.932115, 32.3542399)
374,2015,1,"חוקוק","חוקוק",2015-03-11,170.564370162469,1,3,540,"HaZafon",c(35.4950805, 32.8798715)
374,2016,1,"חוקוק","חוקוק",2016-09-20,170.564370162469,1,9,570,"HaZafon",c(35.4950805, 32.8798715)
374,2017,1,"חוקוק","חוקוק",2017-07-18,170.564370162469,1,7,595,"HaZafon",c(35.4950805, 32.8798715)
374,2019,1,"חוקוק","חוקוק",2019-05-20,170.564370162469,1,5,612,"HaZafon",c(35.4950805, 32.8798715)
374,2022,1,"חוקוק","חוקוק",2022-02-18,170.564370162469,1,2,646,"HaZafon",c(35.4950805, 32.8798715)
376,2015,1,"עברון","עברון",2015-12-20,164.592241184201,1,12,760,"HaZafon",c(35.1008106, 32.991333)
376,2016,1,"עברון","עברון",2016-09-20,164.592241184201,1,9,780,"HaZafon",c(35.1008106, 32.991333)
376,2016,1,"עברון","עברון",2016-12-06,164.592241184201,1,12,780,"HaZafon",c(35.1008106, 32.991333)
376,2019,1,"עברון","עברון",2019-05-20,164.592241184201,1,5,847,"HaZafon",c(35.1008106, 32.991333)
377,2016,1,"המעפיל","המעפיל",2016-06-22,98.0504010876445,1,6,800,"HaMerkaz",c(34.9835834, 32.377769)
377,2016,1,"המעפיל","המעפיל",2016-09-20,98.0504010876445,1,9,800,"HaMerkaz",c(34.9835834, 32.377769)
378,2014,1,"משגב עם","משגבעם",2014-08-25,208.079275214851,1,8,300,"HaZafon",c(35.549423, 33.247304)
378,2014,1,"משגב עם","משגבעם",2014-09-11,208.079275214851,1,9,300,"HaZafon",c(35.549423, 33.247304)
378,2016,1,"משגב עם","משגבעם",2016-12-06,208.079275214851,1,12,320,"HaZafon",c(35.549423, 33.247304)
378,2016,1,"משגב עם","משגבעם",2016-09-20,208.079275214851,1,9,320,"HaZafon",c(35.549423, 33.247304)
378,2018,1,"משגב עם","משגבעם",2018-02-10,208.079275214851,1,2,337,"HaZafon",c(35.549423, 33.247304)
378,2019,1,"משגב עם","משגבעם",2019-05-20,208.079275214851,1,5,339,"HaZafon",c(35.549423, 33.247304)
378,2021,1,"משגב עם","משגבעם",2021-05-17,208.079275214851,1,5,358,"HaZafon",c(35.549423, 33.247304)
378,2023,1,"משגב עם","משגבעם",2023-12-15,208.079275214851,1,12,NA,"HaZafon",c(35.549423, 33.247304)
378,2023,1,"משגב עם","משגבעם",2023-10-12,208.079275214851,1,10,NA,"HaZafon",c(35.549423, 33.247304)
378,2023,1,"משגב עם","משגבעם",2023-11-19,208.079275214851,1,11,NA,"HaZafon",c(35.549423, 33.247304)
380,2014,1,"להבות הבשן","להבותהבשן",2014-07-29,202.470669343725,1,7,840,"HaZafon",c(35.64826, 33.140549)
380,2014,1,"להבות הבשן","להבותהבשן",2014-08-21,202.470669343725,1,8,840,"HaZafon",c(35.64826, 33.140549)
380,2015,1,"להבות הבשן","להבותהבשן",2015-04-28,202.470669343725,1,4,870,"HaZafon",c(35.64826, 33.140549)
380,2016,1,"להבות הבשן","להבותהבשן",2016-12-06,202.470669343725,1,12,860,"HaZafon",c(35.64826, 33.140549)
380,2016,1,"להבות הבשן","להבותהבשן",2016-09-20,202.470669343725,1,9,860,"HaZafon",c(35.64826, 33.140549)
380,2018,1,"להבות הבשן","להבותהבשן",2018-02-10,202.470669343725,1,2,879,"HaZafon",c(35.64826, 33.140549)
380,2019,1,"להבות הבשן","להבותהבשן",2019-05-20,202.470669343725,1,5,915,"HaZafon",c(35.64826, 33.140549)
382,2016,1,"מכמורת","מכמורת",2016-09-20,96.1869912579065,1,9,1380,"HaMerkaz",c(34.8726429, 32.405747)
382,2017,1,"מכמורת","מכמורת",2017-02-07,96.1869912579065,1,2,1367,"HaMerkaz",c(34.8726429, 32.405747)
383,2015,1,"עין הנצי""ב","עיןהנציב",2015-03-11,135.021790111456,1,3,610,"HaZafon",c(35.502296, 32.4699205)
383,2016,1,"עין הנצי""ב","עיןהנציב",2016-09-20,135.021790111456,1,9,620,"HaZafon",c(35.502296, 32.4699205)
383,2018,1,"עין הנצי""ב","עיןהנציב",2018-02-10,135.021790111456,1,2,626,"HaZafon",c(35.502296, 32.4699205)
385,2016,1,"עמיעד","עמיעד",2016-09-20,177.139724907594,1,9,430,"HaZafon",c(35.540727, 32.9283065)
385,2017,1,"עמיעד","עמיעד",2017-07-18,177.139724907594,1,7,425,"HaZafon",c(35.540727, 32.9283065)
385,2018,1,"עמיעד","עמיעד",2018-02-10,177.139724907594,1,2,442,"HaZafon",c(35.540727, 32.9283065)
385,2019,1,"עמיעד","עמיעד",2019-05-20,177.139724907594,1,5,439,"HaZafon",c(35.540727, 32.9283065)
385,2022,1,"עמיעד","עמיעד",2022-02-18,177.139724907594,1,2,538,"HaZafon",c(35.540727, 32.9283065)
386,2014,1,"בני דרור","בנידרור",2014-08-02,82.5722375167937,1,8,1240,"HaMerkaz",c(34.9011449, 32.2621054)
386,2016,1,"בני דרור","בנידרור",2016-09-20,82.5722375167937,1,9,1240,"HaMerkaz",c(34.9011449, 32.2621054)
386,2017,1,"בני דרור","בנידרור",2017-02-07,82.5722375167937,1,2,1224,"HaMerkaz",c(34.9011449, 32.2621054)
386,2019,1,"בני דרור","בנידרור",2019-03-25,82.5722375167937,1,3,1171,"HaMerkaz",c(34.9011449, 32.2621054)
386,2023,1,"בני דרור","בנידרור",2023-10-12,82.5722375167937,1,10,NA,"HaMerkaz",c(34.9011449, 32.2621054)
387,2016,1,"כפר מונש","כפרמונש",2016-09-20,92.0088371469402,1,9,930,"HaMerkaz",c(34.9160405, 32.3477669)
387,2017,1,"כפר מונש","כפרמונש",2017-02-07,92.0088371469402,1,2,946,"HaMerkaz",c(34.9160405, 32.3477669)
388,2015,1,"כפר קיש","כפרקיש",2015-03-11,148.605162606834,1,3,520,"HaZafon",c(35.4511275, 32.6678364)
388,2016,1,"כפר קיש","כפרקיש",2016-09-20,148.605162606834,1,9,540,"HaZafon",c(35.4511275, 32.6678364)
388,2017,1,"כפר קיש","כפרקיש",2017-07-18,148.605162606834,1,7,564,"HaZafon",c(35.4511275, 32.6678364)
389,2014,1,"בצרה","בצרה",2014-08-02,76.889816464869,1,8,1120,"HaMerkaz",c(34.8800895, 32.212797)
389,2016,1,"בצרה","בצרה",2016-09-20,76.889816464869,1,9,1150,"HaMerkaz",c(34.8800895, 32.212797)
389,2017,1,"בצרה","בצרה",2017-02-07,76.889816464869,1,2,1188,"HaMerkaz",c(34.8800895, 32.212797)
389,2021,1,"בצרה","בצרה",2021-05-11,76.889816464869,1,5,1205,"HaMerkaz",c(34.8800895, 32.212797)
389,2023,1,"בצרה","בצרה",2023-10-09,76.889816464869,1,10,NA,"HaMerkaz",c(34.8800895, 32.212797)
390,2016,1,"רגבה","רגבה",2016-09-20,162.939547312532,1,9,1050,"HaZafon",c(35.0998484, 32.976326)
390,2016,1,"רגבה","רגבה",2016-05-31,162.939547312532,1,5,1050,"HaZafon",c(35.0998484, 32.976326)
390,2018,1,"רגבה","רגבה",2018-06-19,162.939547312532,1,6,1085,"HaZafon",c(35.0998484, 32.976326)
390,2019,1,"רגבה","רגבה",2019-05-20,162.939547312532,1,5,1096,"HaZafon",c(35.0998484, 32.976326)
392,2014,1,"קדמה","קדמה",2014-08-19,26.1446579291713,1,8,60,"HaDarom",c(34.7747216, 31.7011953)
392,2014,1,"קדמה","קדמה",2014-07-27,26.1446579291713,1,7,60,"HaDarom",c(34.7747216, 31.7011953)
392,2016,1,"קדמה","קדמה",2016-09-20,26.1446579291713,1,9,140,"HaDarom",c(34.7747216, 31.7011953)
392,2019,1,"קדמה","קדמה",2019-05-05,26.1446579291713,1,5,0,"HaDarom",c(34.7747216, 31.7011953)
392,2023,1,"קדמה","קדמה",2023-10-07,26.1446579291713,1,10,NA,"HaDarom",c(34.7747216, 31.7011953)
393,2014,1,"גלאון","גלאון",2014-07-27,28.0595931304036,1,7,370,"HaDarom",c(34.8487446, 31.633539)
393,2014,1,"גלאון","גלאון",2014-08-05,28.0595931304036,1,8,370,"HaDarom",c(34.8487446, 31.633539)
393,2016,1,"גלאון","גלאון",2016-09-20,28.0595931304036,1,9,380,"HaDarom",c(34.8487446, 31.633539)
393,2019,1,"גלאון","גלאון",2019-05-04,28.0595931304036,1,5,582,"HaDarom",c(34.8487446, 31.633539)
394,2014,1,"שובל","שובל",2014-08-08,20.8789977993507,1,8,630,"HaDarom",c(34.7427845, 31.413716)
394,2014,1,"שובל","שובל",2014-07-29,20.8789977993507,1,7,630,"HaDarom",c(34.7427845, 31.413716)
394,2016,1,"שובל","שובל",2016-09-20,20.8789977993507,1,9,660,"HaDarom",c(34.7427845, 31.413716)
394,2017,1,"שובל","שובל",2017-03-21,20.8789977993507,1,3,754,"HaDarom",c(34.7427845, 31.413716)
394,2018,1,"שובל","שובל",2018-11-12,20.8789977993507,1,11,802,"HaDarom",c(34.7427845, 31.413716)
394,2019,1,"שובל","שובל",2019-05-04,20.8789977993507,1,5,820,"HaDarom",c(34.7427845, 31.413716)
394,2021,1,"שובל","שובל",2021-05-17,20.8789977993507,1,5,870,"HaDarom",c(34.7427845, 31.413716)
395,2014,1,"משמר הנגב","משמרהנגב",2014-07-29,22.5609522860019,1,7,830,"HaDarom",c(34.717917, 31.364078)
395,2014,1,"משמר הנגב","משמרהנגב",2014-08-08,22.5609522860019,1,8,830,"HaDarom",c(34.717917, 31.364078)
395,2016,1,"משמר הנגב","משמרהנגב",2016-09-20,22.5609522860019,1,9,870,"HaDarom",c(34.717917, 31.364078)
395,2017,1,"משמר הנגב","משמרהנגב",2017-03-21,22.5609522860019,1,3,907,"HaDarom",c(34.717917, 31.364078)
395,2018,1,"משמר הנגב","משמרהנגב",2018-11-12,22.5609522860019,1,11,934,"HaDarom",c(34.717917, 31.364078)
395,2019,1,"משמר הנגב","משמרהנגב",2019-05-04,22.5609522860019,1,5,1005,"HaDarom",c(34.717917, 31.364078)
395,2021,1,"משמר הנגב","משמרהנגב",2021-05-12,22.5609522860019,1,5,1084,"HaDarom",c(34.717917, 31.364078)
395,2023,1,"משמר הנגב","משמרהנגב",2023-10-07,22.5609522860019,1,10,NA,"HaDarom",c(34.717917, 31.364078)
396,2014,1,"נבטים","נבטים",2014-08-21,43.9321019819937,1,8,790,"HaDarom",c(34.8808699, 31.2237525)
396,2014,1,"נבטים","נבטים",2014-07-27,43.9321019819937,1,7,790,"HaDarom",c(34.8808699, 31.2237525)
396,2016,1,"נבטים","נבטים",2016-09-20,43.9321019819937,1,9,900,"HaDarom",c(34.8808699, 31.2237525)
396,2017,1,"נבטים","נבטים",2017-03-21,43.9321019819937,1,3,919,"HaDarom",c(34.8808699, 31.2237525)
396,2018,1,"נבטים","נבטים",2018-10-17,43.9321019819937,1,10,979,"HaDarom",c(34.8808699, 31.2237525)
396,2019,1,"נבטים","נבטים",2019-05-04,43.9321019819937,1,5,996,"HaDarom",c(34.8808699, 31.2237525)
396,2021,1,"נבטים","נבטים",2021-05-20,43.9321019819937,1,5,1068,"HaDarom",c(34.8808699, 31.2237525)
396,2023,1,"נבטים","נבטים",2023-10-07,43.9321019819937,1,10,NA,"HaDarom",c(34.8808699, 31.2237525)
396,2023,1,"נבטים","נבטים",2023-12-04,43.9321019819937,1,12,NA,"HaDarom",c(34.8808699, 31.2237525)
396,2023,1,"נבטים","נבטים",2023-11-11,43.9321019819937,1,11,NA,"HaDarom",c(34.8808699, 31.2237525)
397,2014,1,"חצרים","חצרים",2014-08-24,32.7460835814448,1,8,770,"HaDarom",c(34.716239, 31.239215)
397,2014,1,"חצרים","חצרים",2014-07-27,32.7460835814448,1,7,770,"HaDarom",c(34.716239, 31.239215)
397,2016,1,"חצרים","חצרים",2016-09-20,32.7460835814448,1,9,780,"HaDarom",c(34.716239, 31.239215)
397,2017,1,"חצרים","חצרים",2017-03-21,32.7460835814448,1,3,808,"HaDarom",c(34.716239, 31.239215)
397,2018,1,"חצרים","חצרים",2018-11-12,32.7460835814448,1,11,832,"HaDarom",c(34.716239, 31.239215)
397,2019,1,"חצרים","חצרים",2019-05-05,32.7460835814448,1,5,852,"HaDarom",c(34.716239, 31.239215)
397,2021,1,"חצרים","חצרים",2021-05-20,32.7460835814448,1,5,857,"HaDarom",c(34.716239, 31.239215)
397,2022,1,"חצרים","חצרים",2022-08-07,32.7460835814448,1,8,864,"HaDarom",c(34.716239, 31.239215)
397,2023,1,"חצרים","חצרים",2023-11-05,32.7460835814448,1,11,NA,"HaDarom",c(34.716239, 31.239215)
397,2023,1,"חצרים","חצרים",2023-10-07,32.7460835814448,1,10,NA,"HaDarom",c(34.716239, 31.239215)
397,2023,1,"חצרים","חצרים",2023-12-05,32.7460835814448,1,12,NA,"HaDarom",c(34.716239, 31.239215)
398,2014,1,"שרשרת","שרשרת",2014-07-27,12.1184101437951,1,7,290,"HaDarom",c(34.6027256, 31.403813)
398,2014,1,"שרשרת","שרשרת",2014-08-25,12.1184101437951,1,8,290,"HaDarom",c(34.6027256, 31.403813)
398,2015,1,"שרשרת","שרשרת",2015-06-03,12.1184101437951,1,6,290,"HaDarom",c(34.6027256, 31.403813)
398,2016,1,"שרשרת","שרשרת",2016-09-20,12.1184101437951,1,9,300,"HaDarom",c(34.6027256, 31.403813)
398,2017,1,"שרשרת","שרשרת",2017-12-08,12.1184101437951,1,12,296,"HaDarom",c(34.6027256, 31.403813)
398,2017,1,"שרשרת","שרשרת",2017-03-21,12.1184101437951,1,3,296,"HaDarom",c(34.6027256, 31.403813)
398,2018,1,"שרשרת","שרשרת",2018-07-14,12.1184101437951,1,7,319,"HaDarom",c(34.6027256, 31.403813)
398,2018,1,"שרשרת","שרשרת",2018-11-12,12.1184101437951,1,11,319,"HaDarom",c(34.6027256, 31.403813)
398,2018,1,"שרשרת","שרשרת",2018-05-30,12.1184101437951,1,5,319,"HaDarom",c(34.6027256, 31.403813)
398,2018,1,"שרשרת","שרשרת",2018-08-09,12.1184101437951,1,8,319,"HaDarom",c(34.6027256, 31.403813)
398,2019,1,"שרשרת","שרשרת",2019-03-25,12.1184101437951,1,3,321,"HaDarom",c(34.6027256, 31.403813)
398,2019,1,"שרשרת","שרשרת",2019-11-13,12.1184101437951,1,11,321,"HaDarom",c(34.6027256, 31.403813)
398,2019,1,"שרשרת","שרשרת",2019-05-05,12.1184101437951,1,5,321,"HaDarom",c(34.6027256, 31.403813)
398,2020,1,"שרשרת","שרשרת",2020-02-05,12.1184101437951,1,2,334,"HaDarom",c(34.6027256, 31.403813)
398,2021,1,"שרשרת","שרשרת",2021-05-17,12.1184101437951,1,5,345,"HaDarom",c(34.6027256, 31.403813)
398,2022,1,"שרשרת","שרשרת",2022-08-07,12.1184101437951,1,8,359,"HaDarom",c(34.6027256, 31.403813)
398,2023,1,"שרשרת","שרשרת",2023-12-01,12.1184101437951,1,12,NA,"HaDarom",c(34.6027256, 31.403813)
398,2023,1,"שרשרת","שרשרת",2023-10-09,12.1184101437951,1,10,NA,"HaDarom",c(34.6027256, 31.403813)
398,2023,1,"שרשרת","שרשרת",2023-05-10,12.1184101437951,1,5,NA,"HaDarom",c(34.6027256, 31.403813)
398,2023,1,"שרשרת","שרשרת",2023-11-03,12.1184101437951,1,11,NA,"HaDarom",c(34.6027256, 31.403813)
399,2014,1,"בארי","בארי",2014-07-28,4.28204934229103,1,7,970,"HaDarom",c(34.4909565, 31.423639)
399,2014,1,"בארי","בארי",2014-08-24,4.28204934229103,1,8,970,"HaDarom",c(34.4909565, 31.423639)
399,2016,1,"בארי","בארי",2016-09-20,4.28204934229103,1,9,1010,"HaDarom",c(34.4909565, 31.423639)
399,2018,1,"בארי","בארי",2018-11-12,4.28204934229103,1,11,1038,"HaDarom",c(34.4909565, 31.423639)
399,2018,1,"בארי","בארי",2018-02-18,4.28204934229103,1,2,1038,"HaDarom",c(34.4909565, 31.423639)
399,2018,1,"בארי","בארי",2018-08-09,4.28204934229103,1,8,1038,"HaDarom",c(34.4909565, 31.423639)
399,2018,1,"בארי","בארי",2018-05-30,4.28204934229103,1,5,1038,"HaDarom",c(34.4909565, 31.423639)
399,2019,1,"בארי","בארי",2019-05-04,4.28204934229103,1,5,1049,"HaDarom",c(34.4909565, 31.423639)
399,2019,1,"בארי","בארי",2019-11-14,4.28204934229103,1,11,1049,"HaDarom",c(34.4909565, 31.423639)
399,2019,1,"בארי","בארי",2019-10-31,4.28204934229103,1,10,1049,"HaDarom",c(34.4909565, 31.423639)
399,2020,1,"בארי","בארי",2020-02-24,4.28204934229103,1,2,1040,"HaDarom",c(34.4909565, 31.423639)
399,2021,1,"בארי","בארי",2021-05-14,4.28204934229103,1,5,1047,"HaDarom",c(34.4909565, 31.423639)
399,2022,1,"בארי","בארי",2022-08-05,4.28204934229103,1,8,1071,"HaDarom",c(34.4909565, 31.423639)
399,2023,1,"בארי","בארי",2023-12-07,4.28204934229103,1,12,NA,"HaDarom",c(34.4909565, 31.423639)
399,2023,1,"בארי","בארי",2023-02-02,4.28204934229103,1,2,NA,"HaDarom",c(34.4909565, 31.423639)
399,2023,1,"בארי","בארי",2023-05-13,4.28204934229103,1,5,NA,"HaDarom",c(34.4909565, 31.423639)
399,2023,1,"בארי","בארי",2023-10-13,4.28204934229103,1,10,NA,"HaDarom",c(34.4909565, 31.423639)
399,2023,1,"בארי","בארי",2023-11-11,4.28204934229103,1,11,NA,"HaDarom",c(34.4909565, 31.423639)
402,2014,1,"ניר יצחק","ניריצחק",2014-08-24,3.24594028905085,1,8,640,"HaDarom",c(34.358141, 31.2369481)
402,2014,1,"ניר יצחק","ניריצחק",2014-07-31,3.24594028905085,1,7,640,"HaDarom",c(34.358141, 31.2369481)
402,2015,1,"ניר יצחק","ניריצחק",2015-10-10,3.24594028905085,1,10,630,"HaDarom",c(34.358141, 31.2369481)
402,2016,1,"ניר יצחק","ניריצחק",2016-05-18,3.24594028905085,1,5,620,"HaDarom",c(34.358141, 31.2369481)
402,2016,1,"ניר יצחק","ניריצחק",2016-09-20,3.24594028905085,1,9,620,"HaDarom",c(34.358141, 31.2369481)
402,2017,1,"ניר יצחק","ניריצחק",2017-10-08,3.24594028905085,1,10,631,"HaDarom",c(34.358141, 31.2369481)
402,2018,1,"ניר יצחק","ניריצחק",2018-08-09,3.24594028905085,1,8,657,"HaDarom",c(34.358141, 31.2369481)
402,2018,1,"ניר יצחק","ניריצחק",2018-11-12,3.24594028905085,1,11,657,"HaDarom",c(34.358141, 31.2369481)
402,2018,1,"ניר יצחק","ניריצחק",2018-02-03,3.24594028905085,1,2,657,"HaDarom",c(34.358141, 31.2369481)
402,2018,1,"ניר יצחק","ניריצחק",2018-10-27,3.24594028905085,1,10,657,"HaDarom",c(34.358141, 31.2369481)
402,2018,1,"ניר יצחק","ניריצחק",2018-06-20,3.24594028905085,1,6,657,"HaDarom",c(34.358141, 31.2369481)
402,2018,1,"ניר יצחק","ניריצחק",2018-05-29,3.24594028905085,1,5,657,"HaDarom",c(34.358141, 31.2369481)
402,2018,1,"ניר יצחק","ניריצחק",2018-07-14,3.24594028905085,1,7,657,"HaDarom",c(34.358141, 31.2369481)
402,2019,1,"ניר יצחק","ניריצחק",2019-03-25,3.24594028905085,1,3,630,"HaDarom",c(34.358141, 31.2369481)
402,2019,1,"ניר יצחק","ניריצחק",2019-05-05,3.24594028905085,1,5,630,"HaDarom",c(34.358141, 31.2369481)
402,2019,1,"ניר יצחק","ניריצחק",2019-07-12,3.24594028905085,1,7,630,"HaDarom",c(34.358141, 31.2369481)
402,2019,1,"ניר יצחק","ניריצחק",2019-02-06,3.24594028905085,1,2,630,"HaDarom",c(34.358141, 31.2369481)
402,2019,1,"ניר יצחק","ניריצחק",2019-11-13,3.24594028905085,1,11,630,"HaDarom",c(34.358141, 31.2369481)
402,2020,1,"ניר יצחק","ניריצחק",2020-02-24,3.24594028905085,1,2,640,"HaDarom",c(34.358141, 31.2369481)
402,2020,1,"ניר יצחק","ניריצחק",2020-01-31,3.24594028905085,1,1,640,"HaDarom",c(34.358141, 31.2369481)
402,2021,1,"ניר יצחק","ניריצחק",2021-05-16,3.24594028905085,1,5,649,"HaDarom",c(34.358141, 31.2369481)
402,2021,1,"ניר יצחק","ניריצחק",2021-04-24,3.24594028905085,1,4,649,"HaDarom",c(34.358141, 31.2369481)
402,2022,1,"ניר יצחק","ניריצחק",2022-08-07,3.24594028905085,1,8,633,"HaDarom",c(34.358141, 31.2369481)
402,2023,1,"ניר יצחק","ניריצחק",2023-10-07,3.24594028905085,1,10,NA,"HaDarom",c(34.358141, 31.2369481)
402,2023,1,"ניר יצחק","ניריצחק",2023-12-04,3.24594028905085,1,12,NA,"HaDarom",c(34.358141, 31.2369481)
402,2023,1,"ניר יצחק","ניריצחק",2023-11-05,3.24594028905085,1,11,NA,"HaDarom",c(34.358141, 31.2369481)
402,2023,1,"ניר יצחק","ניריצחק",2023-05-11,3.24594028905085,1,5,NA,"HaDarom",c(34.358141, 31.2369481)
403,2014,1,"אורים","אורים",2014-07-27,13.6579499322332,1,7,480,"HaDarom",c(34.5227285, 31.3039921)
403,2014,1,"אורים","אורים",2014-08-21,13.6579499322332,1,8,480,"HaDarom",c(34.5227285, 31.3039921)
403,2016,1,"אורים","אורים",2016-09-20,13.6579499322332,1,9,470,"HaDarom",c(34.5227285, 31.3039921)
403,2017,1,"אורים","אורים",2017-03-21,13.6579499322332,1,3,475,"HaDarom",c(34.5227285, 31.3039921)
403,2018,1,"אורים","אורים",2018-11-12,13.6579499322332,1,11,493,"HaDarom",c(34.5227285, 31.3039921)
403,2018,1,"אורים","אורים",2018-05-30,13.6579499322332,1,5,493,"HaDarom",c(34.5227285, 31.3039921)
403,2018,1,"אורים","אורים",2018-10-24,13.6579499322332,1,10,493,"HaDarom",c(34.5227285, 31.3039921)
403,2018,1,"אורים","אורים",2018-08-09,13.6579499322332,1,8,493,"HaDarom",c(34.5227285, 31.3039921)
403,2019,1,"אורים","אורים",2019-05-04,13.6579499322332,1,5,502,"HaDarom",c(34.5227285, 31.3039921)
403,2021,1,"אורים","אורים",2021-05-18,13.6579499322332,1,5,504,"HaDarom",c(34.5227285, 31.3039921)
403,2023,1,"אורים","אורים",2023-12-14,13.6579499322332,1,12,NA,"HaDarom",c(34.5227285, 31.3039921)
403,2023,1,"אורים","אורים",2023-10-14,13.6579499322332,1,10,NA,"HaDarom",c(34.5227285, 31.3039921)
406,2014,1,"חצור אשדוד","חצוראשדוד",2014-07-29,28.2078727894336,1,7,530,"HaDarom",c(34.7194555, 31.775121)
406,2014,1,"חצור אשדוד","חצוראשדוד",2014-08-25,28.2078727894336,1,8,530,"HaDarom",c(34.7194555, 31.775121)
406,2016,1,"חצור אשדוד","חצוראשדוד",2016-09-20,28.2078727894336,1,9,580,"HaDarom",c(34.7194555, 31.775121)
406,2019,1,"חצור אשדוד","חצוראשדוד",2019-05-05,28.2078727894336,1,5,653,"HaDarom",c(34.7194555, 31.775121)
407,2015,1,"דברת","דברת",2015-03-11,141.364848538776,1,3,350,"HaZafon",c(35.350178, 32.6475029)
407,2016,1,"דברת","דברת",2016-09-20,141.364848538776,1,9,420,"HaZafon",c(35.350178, 32.6475029)
407,2023,1,"דברת","דברת",2023-12-02,141.364848538776,1,12,NA,"HaZafon",c(35.350178, 32.6475029)
408,2014,1,"נאות מרדכי","נאותמרדכי",2014-08-21,201.81196649918,1,8,540,"HaZafon",c(35.597509, 33.15942)
408,2014,1,"נאות מרדכי","נאותמרדכי",2014-07-29,201.81196649918,1,7,540,"HaZafon",c(35.597509, 33.15942)
408,2015,1,"נאות מרדכי","נאותמרדכי",2015-04-28,201.81196649918,1,4,550,"HaZafon",c(35.597509, 33.15942)
408,2016,1,"נאות מרדכי","נאותמרדכי",2016-12-06,201.81196649918,1,12,560,"HaZafon",c(35.597509, 33.15942)
408,2016,1,"נאות מרדכי","נאותמרדכי",2016-09-20,201.81196649918,1,9,560,"HaZafon",c(35.597509, 33.15942)
408,2018,1,"נאות מרדכי","נאותמרדכי",2018-02-10,201.81196649918,1,2,586,"HaZafon",c(35.597509, 33.15942)
408,2019,1,"נאות מרדכי","נאותמרדכי",2019-05-20,201.81196649918,1,5,620,"HaZafon",c(35.597509, 33.15942)
408,2023,1,"נאות מרדכי","נאותמרדכי",2023-12-08,201.81196649918,1,12,NA,"HaZafon",c(35.597509, 33.15942)
409,2014,1,"יחיעם","יחיעם",2014-07-29,169.397669321512,1,7,540,"HaZafon",c(35.2202319, 32.9970075)
409,2016,1,"יחיעם","יחיעם",2016-12-06,169.397669321512,1,12,640,"HaZafon",c(35.2202319, 32.9970075)
409,2016,1,"אורנים","אורנים",2016-09-20,169.397669321512,1,9,640,"HaZafon",c(35.222, 32.9976495)
409,2018,1,"אורנים","אורנים",2018-09-05,169.397669321512,1,9,716,"HaZafon",c(35.222, 32.9976495)
409,2018,1,"יחיעם","יחיעם",2018-02-10,169.397669321512,1,2,716,"HaZafon",c(35.2202319, 32.9970075)
409,2019,1,"יחיעם","יחיעם",2019-05-20,169.397669321512,1,5,729,"HaZafon",c(35.2202319, 32.9970075)
413,2014,1,"צאלים","צאלים",2014-08-20,15.2228310313358,1,8,440,"HaDarom",c(34.534258, 31.203217)
413,2014,1,"צאלים","צאלים",2014-10-19,15.2228310313358,1,10,440,"HaDarom",c(34.534258, 31.203217)
413,2016,1,"צאלים","צאלים",2016-09-20,15.2228310313358,1,9,450,"HaDarom",c(34.534258, 31.203217)
413,2018,1,"צאלים","צאלים",2018-05-29,15.2228310313358,1,5,465,"HaDarom",c(34.534258, 31.203217)
413,2018,1,"צאלים","צאלים",2018-08-09,15.2228310313358,1,8,465,"HaDarom",c(34.534258, 31.203217)
413,2021,1,"צאלים","צאלים",2021-05-20,15.2228310313358,1,5,470,"HaDarom",c(34.534258, 31.203217)
413,2023,1,"צאלים","צאלים",2023-10-17,15.2228310313358,1,10,NA,"HaDarom",c(34.534258, 31.203217)
414,2014,1,"קלחים","קלחים",2014-08-21,12.9330489298277,1,8,580,"HaDarom",c(34.676825, 31.450237)
414,2015,1,"קלחים","קלחים",2015-04-23,12.9330489298277,1,4,590,"HaDarom",c(34.676825, 31.450237)
414,2016,1,"קלחים","קלחים",2016-09-20,12.9330489298277,1,9,610,"HaDarom",c(34.676825, 31.450237)
414,2017,1,"קלחים","קלחים",2017-03-21,12.9330489298277,1,3,638,"HaDarom",c(34.676825, 31.450237)
414,2018,1,"קלחים","קלחים",2018-08-09,12.9330489298277,1,8,632,"HaDarom",c(34.676825, 31.450237)
414,2018,1,"קלחים","קלחים",2018-11-12,12.9330489298277,1,11,632,"HaDarom",c(34.676825, 31.450237)
414,2018,1,"קלחים","קלחים",2018-05-29,12.9330489298277,1,5,632,"HaDarom",c(34.676825, 31.450237)
414,2018,1,"קלחים","קלחים",2018-07-14,12.9330489298277,1,7,632,"HaDarom",c(34.676825, 31.450237)
414,2019,1,"קלחים","קלחים",2019-05-04,12.9330489298277,1,5,643,"HaDarom",c(34.676825, 31.450237)
414,2019,1,"קלחים","קלחים",2019-11-12,12.9330489298277,1,11,643,"HaDarom",c(34.676825, 31.450237)
414,2021,1,"קלחים","קלחים",2021-05-17,12.9330489298277,1,5,679,"HaDarom",c(34.676825, 31.450237)
415,2014,1,"שוקדה","שוקדה",2014-07-31,5.91765431001369,1,7,350,"HaDarom",c(34.523818, 31.4216514)
415,2014,1,"שוקדה","שוקדה",2014-08-04,5.91765431001369,1,8,350,"HaDarom",c(34.523818, 31.4216514)
415,2015,1,"שוקדה","שוקדה",2015-06-03,5.91765431001369,1,6,410,"HaDarom",c(34.523818, 31.4216514)
415,2016,1,"שוקדה","שוקדה",2016-09-20,5.91765431001369,1,9,450,"HaDarom",c(34.523818, 31.4216514)
415,2017,1,"שוקדה","שוקדה",2017-12-29,5.91765431001369,1,12,512,"HaDarom",c(34.523818, 31.4216514)
415,2018,1,"שוקדה","שוקדה",2018-05-30,5.91765431001369,1,5,559,"HaDarom",c(34.523818, 31.4216514)
415,2018,1,"שוקדה","שוקדה",2018-07-14,5.91765431001369,1,7,559,"HaDarom",c(34.523818, 31.4216514)
415,2018,1,"שוקדה","שוקדה",2018-11-12,5.91765431001369,1,11,559,"HaDarom",c(34.523818, 31.4216514)
415,2018,1,"שוקדה","שוקדה",2018-10-11,5.91765431001369,1,10,559,"HaDarom",c(34.523818, 31.4216514)
415,2018,1,"שוקדה","שוקדה",2018-08-09,5.91765431001369,1,8,559,"HaDarom",c(34.523818, 31.4216514)
415,2018,1,"שוקדה","שוקדה",2018-06-27,5.91765431001369,1,6,559,"HaDarom",c(34.523818, 31.4216514)
415,2019,1,"שוקדה","שוקדה",2019-11-12,5.91765431001369,1,11,565,"HaDarom",c(34.523818, 31.4216514)
415,2019,1,"שוקדה","שוקדה",2019-01-12,5.91765431001369,1,1,565,"HaDarom",c(34.523818, 31.4216514)
415,2019,1,"שוקדה","שוקדה",2019-03-25,5.91765431001369,1,3,565,"HaDarom",c(34.523818, 31.4216514)
415,2019,1,"שוקדה","שוקדה",2019-05-04,5.91765431001369,1,5,565,"HaDarom",c(34.523818, 31.4216514)
415,2020,1,"שוקדה","שוקדה",2020-02-24,5.91765431001369,1,2,607,"HaDarom",c(34.523818, 31.4216514)
415,2021,1,"שוקדה","שוקדה",2021-05-12,5.91765431001369,1,5,635,"HaDarom",c(34.523818, 31.4216514)
415,2022,1,"שוקדה","שוקדה",2022-08-07,5.91765431001369,1,8,665,"HaDarom",c(34.523818, 31.4216514)
415,2023,1,"שוקדה","שוקדה",2023-11-03,5.91765431001369,1,11,NA,"HaDarom",c(34.523818, 31.4216514)
415,2023,1,"שוקדה","שוקדה",2023-05-11,5.91765431001369,1,5,NA,"HaDarom",c(34.523818, 31.4216514)
415,2023,1,"שוקדה","שוקדה",2023-10-07,5.91765431001369,1,10,NA,"HaDarom",c(34.523818, 31.4216514)
416,2014,1,"מעיין ברוך","מעייןברוך",2014-08-25,210.196667611283,1,8,720,"HaZafon",c(35.6073735, 33.240483)
416,2014,1,"מעיין ברוך","מעייןברוך",2014-09-11,210.196667611283,1,9,720,"HaZafon",c(35.6073735, 33.240483)
416,2016,1,"מעיין ברוך","מעייןברוך",2016-12-06,210.196667611283,1,12,650,"HaZafon",c(35.6073735, 33.240483)
416,2016,1,"מעיין ברוך","מעייןברוך",2016-09-20,210.196667611283,1,9,650,"HaZafon",c(35.6073735, 33.240483)
416,2018,1,"מעיין ברוך","מעייןברוך",2018-02-10,210.196667611283,1,2,746,"HaZafon",c(35.6073735, 33.240483)
416,2019,1,"מעיין ברוך","מעייןברוך",2019-05-20,210.196667611283,1,5,767,"HaZafon",c(35.6073735, 33.240483)
416,2023,1,"מעיין ברוך","מעייןברוך",2023-11-05,210.196667611283,1,11,NA,"HaZafon",c(35.6073735, 33.240483)
416,2023,1,"מעיין ברוך","מעייןברוך",2023-10-18,210.196667611283,1,10,NA,"HaZafon",c(35.6073735, 33.240483)
417,2014,1,"יקום","יקום",2014-08-02,79.0778363666868,1,8,690,"HaMerkaz",c(34.8412091, 32.2499656)
417,2016,1,"יקום","יקום",2016-09-20,79.0778363666868,1,9,720,"HaMerkaz",c(34.8412091, 32.2499656)
417,2017,1,"יקום","יקום",2017-02-07,79.0778363666868,1,2,733,"HaMerkaz",c(34.8412091, 32.2499656)
418,2014,1,"בני ציון","בניציון",2014-08-02,76.9655374123577,1,8,1380,"HaMerkaz",c(34.867371, 32.2178798)
418,2016,1,"בני ציון","בניציון",2016-09-20,76.9655374123577,1,9,1410,"HaMerkaz",c(34.867371, 32.2178798)
418,2017,1,"בני ציון","בניציון",2017-02-07,76.9655374123577,1,2,1401,"HaMerkaz",c(34.867371, 32.2178798)
418,2021,1,"בני ציון","בניציון",2021-05-11,76.9655374123577,1,5,1334,"HaMerkaz",c(34.867371, 32.2178798)
418,2023,1,"בני ציון","בניציון",2023-10-09,76.9655374123577,1,10,NA,"HaMerkaz",c(34.867371, 32.2178798)
419,2014,1,"סעד","סעד",2014-08-23,3.23317673054252,1,8,760,"HaDarom",c(34.5355975, 31.470519)
419,2014,1,"סעד","סעד",2014-07-31,3.23317673054252,1,7,760,"HaDarom",c(34.5355975, 31.470519)
419,2015,1,"סעד","סעד",2015-09-19,3.23317673054252,1,9,760,"HaDarom",c(34.5355975, 31.470519)
419,2015,1,"סעד","סעד",2015-10-21,3.23317673054252,1,10,760,"HaDarom",c(34.5355975, 31.470519)
419,2016,1,"סעד","סעד",2016-09-20,3.23317673054252,1,9,800,"HaDarom",c(34.5355975, 31.470519)
419,2017,1,"סעד","סעד",2017-02-28,3.23317673054252,1,2,808,"HaDarom",c(34.5355975, 31.470519)
419,2017,1,"סעד","סעד",2017-12-13,3.23317673054252,1,12,808,"HaDarom",c(34.5355975, 31.470519)
419,2018,1,"סעד","סעד",2018-05-30,3.23317673054252,1,5,854,"HaDarom",c(34.5355975, 31.470519)
419,2018,1,"סעד","סעד",2018-11-12,3.23317673054252,1,11,854,"HaDarom",c(34.5355975, 31.470519)
419,2018,1,"סעד","סעד",2018-08-09,3.23317673054252,1,8,854,"HaDarom",c(34.5355975, 31.470519)
419,2018,1,"סעד","סעד",2018-07-14,3.23317673054252,1,7,854,"HaDarom",c(34.5355975, 31.470519)
419,2018,1,"סעד","סעד",2018-04-12,3.23317673054252,1,4,854,"HaDarom",c(34.5355975, 31.470519)
419,2018,1,"סעד","סעד",2018-10-11,3.23317673054252,1,10,854,"HaDarom",c(34.5355975, 31.470519)
419,2018,1,"סעד","סעד",2018-02-18,3.23317673054252,1,2,854,"HaDarom",c(34.5355975, 31.470519)
419,2018,1,"סעד","סעד",2018-06-27,3.23317673054252,1,6,854,"HaDarom",c(34.5355975, 31.470519)
419,2019,1,"סעד","סעד",2019-03-25,3.23317673054252,1,3,854,"HaDarom",c(34.5355975, 31.470519)
419,2019,1,"סעד","סעד",2019-11-14,3.23317673054252,1,11,854,"HaDarom",c(34.5355975, 31.470519)
419,2019,1,"סעד","סעד",2019-05-04,3.23317673054252,1,5,854,"HaDarom",c(34.5355975, 31.470519)
419,2020,1,"סעד","סעד",2020-05-26,3.23317673054252,1,5,844,"HaDarom",c(34.5355975, 31.470519)
419,2020,1,"סעד","סעד",2020-10-20,3.23317673054252,1,10,844,"HaDarom",c(34.5355975, 31.470519)
419,2020,1,"סעד","סעד",2020-01-15,3.23317673054252,1,1,844,"HaDarom",c(34.5355975, 31.470519)
419,2020,1,"סעד","סעד",2020-02-23,3.23317673054252,1,2,844,"HaDarom",c(34.5355975, 31.470519)
419,2021,1,"סעד","סעד",2021-05-11,3.23317673054252,1,5,846,"HaDarom",c(34.5355975, 31.470519)
419,2022,1,"סעד","סעד",2022-08-06,3.23317673054252,1,8,838,"HaDarom",c(34.5355975, 31.470519)
419,2023,1,"סעד","סעד",2023-12-01,3.23317673054252,1,12,NA,"HaDarom",c(34.5355975, 31.470519)
419,2023,1,"סעד","סעד",2023-10-08,3.23317673054252,1,10,NA,"HaDarom",c(34.5355975, 31.470519)
419,2023,1,"סעד","סעד",2023-05-10,3.23317673054252,1,5,NA,"HaDarom",c(34.5355975, 31.470519)
419,2023,1,"סעד","סעד",2023-11-19,3.23317673054252,1,11,NA,"HaDarom",c(34.5355975, 31.470519)
421,2014,1,"משאבי שדה","משאבישדה",2014-07-29,50.658316318929,1,7,450,"HaDarom",c(34.7868229, 31.003775)
421,2014,1,"משאבי שדה","משאבישדה",2014-08-24,50.658316318929,1,8,450,"HaDarom",c(34.7868229, 31.003775)
421,2014,1,"משאבי שדה","משאבישדה",2014-10-19,50.658316318929,1,10,450,"HaDarom",c(34.7868229, 31.003775)
421,2016,1,"משאבי שדה","משאבישדה",2016-09-20,50.658316318929,1,9,450,"HaDarom",c(34.7868229, 31.003775)
421,2016,1,"משאבי שדה","משאבישדה",2016-12-13,50.658316318929,1,12,450,"HaDarom",c(34.7868229, 31.003775)
421,2017,1,"משאבי שדה","משאבישדה",2017-11-26,50.658316318929,1,11,453,"HaDarom",c(34.7868229, 31.003775)
423,2016,1,"העוגן","העוגן",2016-09-20,93.8403085909398,1,9,870,"HaMerkaz",c(34.9236844, 32.3628044)
423,2017,1,"העוגן","העוגן",2017-02-07,93.8403085909398,1,2,898,"HaMerkaz",c(34.9236844, 32.3628044)
424,2014,1,"גבים","גבים",2014-08-01,3.21707804320108,1,8,460,"HaDarom",c(34.6014415, 31.5063705)
424,2014,1,"גבים","גבים",2014-07-31,3.21707804320108,1,7,460,"HaDarom",c(34.6014415, 31.5063705)
424,2015,1,"גבים","גבים",2015-04-23,3.21707804320108,1,4,520,"HaDarom",c(34.6014415, 31.5063705)
424,2015,1,"גבים","גבים",2015-12-13,3.21707804320108,1,12,520,"HaDarom",c(34.6014415, 31.5063705)
424,2016,1,"גבים","גבים",2016-07-01,3.21707804320108,1,7,570,"HaDarom",c(34.6014415, 31.5063705)
424,2016,1,"גבים","גבים",2016-09-20,3.21707804320108,1,9,570,"HaDarom",c(34.6014415, 31.5063705)
424,2016,1,"גבים","גבים",2016-01-01,3.21707804320108,1,1,570,"HaDarom",c(34.6014415, 31.5063705)
424,2016,1,"גבים","גבים",2016-08-21,3.21707804320108,1,8,570,"HaDarom",c(34.6014415, 31.5063705)
424,2016,1,"גבים","גבים",2016-03-11,3.21707804320108,1,3,570,"HaDarom",c(34.6014415, 31.5063705)
424,2017,1,"גבים","גבים",2017-12-13,3.21707804320108,1,12,597,"HaDarom",c(34.6014415, 31.5063705)
424,2017,1,"גבים","גבים",2017-11-30,3.21707804320108,1,11,597,"HaDarom",c(34.6014415, 31.5063705)
424,2018,1,"גבים","גבים",2018-11-12,3.21707804320108,1,11,624,"HaDarom",c(34.6014415, 31.5063705)
424,2018,1,"גבים","גבים",2018-07-14,3.21707804320108,1,7,624,"HaDarom",c(34.6014415, 31.5063705)
424,2018,1,"גבים","גבים",2018-06-27,3.21707804320108,1,6,624,"HaDarom",c(34.6014415, 31.5063705)
424,2018,1,"גבים","גבים",2018-10-26,3.21707804320108,1,10,624,"HaDarom",c(34.6014415, 31.5063705)
424,2018,1,"גבים","גבים",2018-03-25,3.21707804320108,1,3,624,"HaDarom",c(34.6014415, 31.5063705)
424,2018,1,"גבים","גבים",2018-05-30,3.21707804320108,1,5,624,"HaDarom",c(34.6014415, 31.5063705)
424,2018,1,"גבים","גבים",2018-02-18,3.21707804320108,1,2,624,"HaDarom",c(34.6014415, 31.5063705)
424,2018,1,"גבים","גבים",2018-08-09,3.21707804320108,1,8,624,"HaDarom",c(34.6014415, 31.5063705)
424,2019,1,"גבים","גבים",2019-12-07,3.21707804320108,1,12,621,"HaDarom",c(34.6014415, 31.5063705)
424,2019,1,"גבים","גבים",2019-03-25,3.21707804320108,1,3,621,"HaDarom",c(34.6014415, 31.5063705)
424,2019,1,"גבים","גבים",2019-09-19,3.21707804320108,1,9,621,"HaDarom",c(34.6014415, 31.5063705)
424,2019,1,"גבים","גבים",2019-05-05,3.21707804320108,1,5,621,"HaDarom",c(34.6014415, 31.5063705)
424,2019,1,"גבים","גבים",2019-08-17,3.21707804320108,1,8,621,"HaDarom",c(34.6014415, 31.5063705)
424,2019,1,"גבים","גבים",2019-11-14,3.21707804320108,1,11,621,"HaDarom",c(34.6014415, 31.5063705)
424,2020,1,"גבים","גבים",2020-01-31,3.21707804320108,1,1,625,"HaDarom",c(34.6014415, 31.5063705)
424,2020,1,"גבים","גבים",2020-06-26,3.21707804320108,1,6,625,"HaDarom",c(34.6014415, 31.5063705)
424,2020,1,"גבים","גבים",2020-02-23,3.21707804320108,1,2,625,"HaDarom",c(34.6014415, 31.5063705)
424,2020,1,"גבים","גבים",2020-09-16,3.21707804320108,1,9,625,"HaDarom",c(34.6014415, 31.5063705)
424,2021,1,"גבים","גבים",2021-09-11,3.21707804320108,1,9,617,"HaDarom",c(34.6014415, 31.5063705)
424,2021,1,"גבים","גבים",2021-04-24,3.21707804320108,1,4,617,"HaDarom",c(34.6014415, 31.5063705)
424,2021,1,"גבים","גבים",2021-05-20,3.21707804320108,1,5,617,"HaDarom",c(34.6014415, 31.5063705)
424,2021,1,"גבים","גבים",2021-10-18,3.21707804320108,1,10,617,"HaDarom",c(34.6014415, 31.5063705)
424,2022,1,"גבים","גבים",2022-04-21,3.21707804320108,1,4,619,"HaDarom",c(34.6014415, 31.5063705)
424,2022,1,"גבים","גבים",2022-08-06,3.21707804320108,1,8,619,"HaDarom",c(34.6014415, 31.5063705)
424,2023,1,"גבים","גבים",2023-05-10,3.21707804320108,1,5,NA,"HaDarom",c(34.6014415, 31.5063705)
424,2023,1,"גבים","גבים",2023-10-08,3.21707804320108,1,10,NA,"HaDarom",c(34.6014415, 31.5063705)
424,2023,1,"גבים","גבים",2023-12-12,3.21707804320108,1,12,NA,"HaDarom",c(34.6014415, 31.5063705)
424,2023,1,"גבים","גבים",2023-04-07,3.21707804320108,1,4,NA,"HaDarom",c(34.6014415, 31.5063705)
424,2023,1,"גבים","גבים",2023-11-11,3.21707804320108,1,11,NA,"HaDarom",c(34.6014415, 31.5063705)
424,2023,1,"גבים","גבים",2023-02-23,3.21707804320108,1,2,NA,"HaDarom",c(34.6014415, 31.5063705)
424,2023,1,"גבים","גבים",2023-07-05,3.21707804320108,1,7,NA,"HaDarom",c(34.6014415, 31.5063705)
425,2014,1,"משמרת","משמרת",2014-08-02,79.2502800375336,1,8,1060,"HaMerkaz",c(34.920827, 32.227112)
425,2016,1,"משמרת","משמרת",2016-09-20,79.2502800375336,1,9,1060,"HaMerkaz",c(34.920827, 32.227112)
425,2017,1,"משמרת","משמרת",2017-02-07,79.2502800375336,1,2,1066,"HaMerkaz",c(34.920827, 32.227112)
425,2019,1,"משמרת","משמרת",2019-03-25,79.2502800375336,1,3,1059,"HaMerkaz",c(34.920827, 32.227112)
425,2021,1,"משמרת","משמרת",2021-05-13,79.2502800375336,1,5,1049,"HaMerkaz",c(34.920827, 32.227112)
426,2014,1,"עין כרמל","עיןכרמל",2014-07-28,127.212570377992,1,7,870,"Haifa",c(34.9548701, 32.675373)
426,2016,1,"עין כרמל","עיןכרמל",2016-09-20,127.212570377992,1,9,900,"Haifa",c(34.9548701, 32.675373)
426,2016,1,"עין כרמל","עיןכרמל",2016-06-22,127.212570377992,1,6,900,"Haifa",c(34.9548701, 32.675373)
426,2019,1,"עין כרמל","עיןכרמל",2019-07-31,127.212570377992,1,7,922,"Haifa",c(34.9548701, 32.675373)
427,2016,1,"כפר גלים","כפרגלים",2016-09-20,136.74425757061,1,9,320,"Haifa",c(34.959511, 32.7661495)
427,2017,1,"כפר גלים","כפרגלים",2017-10-24,136.74425757061,1,10,339,"Haifa",c(34.959511, 32.7661495)
427,2019,1,"כפר גלים","כפרגלים",2019-07-31,136.74425757061,1,7,389,"Haifa",c(34.959511, 32.7661495)
428,2014,1,"ברור חיל","ברורחיל",2014-07-27,6.26867109841349,1,7,870,"HaDarom",c(34.648247, 31.5580501)
428,2014,1,"ברור חיל","ברורחיל",2014-08-19,6.26867109841349,1,8,870,"HaDarom",c(34.648247, 31.5580501)
428,2016,1,"ברור חיל","ברורחיל",2016-09-20,6.26867109841349,1,9,920,"HaDarom",c(34.648247, 31.5580501)
428,2018,1,"ברור חיל","ברורחיל",2018-08-09,6.26867109841349,1,8,986,"HaDarom",c(34.648247, 31.5580501)
428,2018,1,"ברור חיל","ברורחיל",2018-05-29,6.26867109841349,1,5,986,"HaDarom",c(34.648247, 31.5580501)
428,2018,1,"ברור חיל","ברורחיל",2018-06-20,6.26867109841349,1,6,986,"HaDarom",c(34.648247, 31.5580501)
428,2018,1,"ברור חיל","ברורחיל",2018-07-14,6.26867109841349,1,7,986,"HaDarom",c(34.648247, 31.5580501)
428,2019,1,"ברור חיל","ברורחיל",2019-05-05,6.26867109841349,1,5,954,"HaDarom",c(34.648247, 31.5580501)
428,2019,1,"ברור חיל","ברורחיל",2019-12-07,6.26867109841349,1,12,954,"HaDarom",c(34.648247, 31.5580501)
428,2021,1,"ברור חיל","ברורחיל",2021-05-12,6.26867109841349,1,5,1015,"HaDarom",c(34.648247, 31.5580501)
428,2023,1,"ברור חיל","ברורחיל",2023-10-07,6.26867109841349,1,10,NA,"HaDarom",c(34.648247, 31.5580501)
429,2015,1,"אלוני אבא","אלוניאבא",2015-03-11,140.676093404793,1,3,1000,"HaZafon",c(35.170982, 32.729211)
429,2016,1,"אלוני אבא","אלוניאבא",2016-09-20,140.676093404793,1,9,980,"HaZafon",c(35.170982, 32.729211)
429,2023,1,"אלוני אבא","אלוניאבא",2023-10-13,140.676093404793,1,10,NA,"HaZafon",c(35.170982, 32.729211)
430,2015,1,"בית לחם הגלילית","ביתלחםהגלילית",2015-03-11,141.496455729688,1,3,780,"HaZafon",c(35.1899475, 32.7345175)
430,2016,1,"בית לחם הגלילית","ביתלחםהגלילית",2016-09-20,141.496455729688,1,9,780,"HaZafon",c(35.1899475, 32.7345175)
430,2023,1,"בית לחם הגלילית","ביתלחםהגלילית",2023-10-13,141.496455729688,1,10,NA,"HaZafon",c(35.1899475, 32.7345175)
431,2016,1,"דלתון","דלתון",2016-12-06,182.872889561851,1,12,870,"HaZafon",c(35.4892865, 33.016631)
431,2016,1,"דלתון","דלתון",2016-09-20,182.872889561851,1,9,870,"HaZafon",c(35.4892865, 33.016631)
431,2018,1,"דלתון","דלתון",2018-02-10,182.872889561851,1,2,861,"HaZafon",c(35.4892865, 33.016631)
431,2019,1,"דלתון","דלתון",2019-05-20,182.872889561851,1,5,862,"HaZafon",c(35.4892865, 33.016631)
431,2023,1,"דלתון","דלתון",2023-11-23,182.872889561851,1,11,NA,"HaZafon",c(35.4892865, 33.016631)
432,2014,1,"שמרת","שמרת",2014-08-23,159.998681113625,1,8,430,"HaZafon",c(35.0951925, 32.9522185)
432,2016,1,"שמרת","שמרת",2016-05-31,159.998681113625,1,5,490,"HaZafon",c(35.0951925, 32.9522185)
432,2016,1,"שמרת","שמרת",2016-09-20,159.998681113625,1,9,490,"HaZafon",c(35.0951925, 32.9522185)
432,2018,1,"שמרת","שמרת",2018-06-19,159.998681113625,1,6,555,"HaZafon",c(35.0951925, 32.9522185)
432,2018,1,"שמרת","שמרת",2018-02-10,159.998681113625,1,2,555,"HaZafon",c(35.0951925, 32.9522185)
432,2019,1,"שמרת","שמרת",2019-05-20,159.998681113625,1,5,580,"HaZafon",c(35.0951925, 32.9522185)
432,2023,1,"שומרת","שומרת",2023-12-12,159.998681113625,1,12,NA,"HaZafon",c(35.0951925, 32.9522185)
434,2016,1,"החותרים","החותרים",2016-09-20,135.118820808189,1,9,750,"Haifa",c(34.9572376, 32.7524186)
434,2017,1,"החותרים","החותרים",2017-10-24,135.118820808189,1,10,790,"Haifa",c(34.9572376, 32.7524186)
434,2019,1,"החותרים","החותרים",2019-07-31,135.118820808189,1,7,858,"Haifa",c(34.9572376, 32.7524186)
435,2014,1,"נצר סרני","נצרסרני",2014-08-19,47.4902934540041,1,8,690,"HaMerkaz",c(34.8222885, 31.921062)
435,2014,1,"נצר סרני","נצרסרני",2014-07-29,47.4902934540041,1,7,690,"HaMerkaz",c(34.8222885, 31.921062)
435,2016,1,"נצר סרני","נצרסרני",2016-09-20,47.4902934540041,1,9,770,"HaMerkaz",c(34.8222885, 31.921062)
435,2017,1,"נצר סרני","נצרסרני",2017-08-08,47.4902934540041,1,8,782,"HaMerkaz",c(34.8222885, 31.921062)
435,2019,1,"נצר סרני","נצרסרני",2019-05-05,47.4902934540041,1,5,882,"HaMerkaz",c(34.8222885, 31.921062)
435,2021,1,"נצר סרני","נצרסרני",2021-05-12,47.4902934540041,1,5,945,"HaMerkaz",c(34.8222885, 31.921062)
435,2022,1,"נצר סרני","נצרסרני",2022-08-07,47.4902934540041,1,8,974,"HaMerkaz",c(34.8222885, 31.921062)
435,2023,1,"נצר סרני","נצרסרני",2023-11-04,47.4902934540041,1,11,NA,"HaMerkaz",c(34.8222885, 31.921062)
435,2023,1,"נצר סרני","נצרסרני",2023-12-02,47.4902934540041,1,12,NA,"HaMerkaz",c(34.8222885, 31.921062)
435,2023,1,"נצר סרני","נצרסרני",2023-10-13,47.4902934540041,1,10,NA,"HaMerkaz",c(34.8222885, 31.921062)
435,2023,1,"נצר סרני","נצרסרני",2023-05-11,47.4902934540041,1,5,NA,"HaMerkaz",c(34.8222885, 31.921062)
436,2015,1,"עין דור","עיןדור",2015-03-11,145.996606557834,1,3,990,"HaZafon",c(35.417631, 32.6570405)
436,2016,1,"עין דור","עיןדור",2016-09-20,145.996606557834,1,9,1020,"HaZafon",c(35.417631, 32.6570405)
436,2017,1,"עין דור","עיןדור",2017-07-18,145.996606557834,1,7,1029,"HaZafon",c(35.417631, 32.6570405)
437,2015,1,"רשפים","רשפים",2015-03-11,133.941299669556,1,3,730,"HaZafon",c(35.4771789, 32.4817394)
437,2016,1,"רשפים","רשפים",2016-09-20,133.941299669556,1,9,840,"HaZafon",c(35.4771789, 32.4817394)
437,2018,1,"רשפים","רשפים",2018-02-10,133.941299669556,1,2,1040,"HaZafon",c(35.4771789, 32.4817394)
439,2015,1,"חוות עדן","חוותעדן",2015-03-11,133.098021822977,1,3,470,"HaZafon",c(35.486637, 32.4658035)
439,2016,1,"חוות עדן","חוותעדן",2016-09-20,133.098021822977,1,9,480,"HaZafon",c(35.486637, 32.4658035)
439,2018,1,"חוות עדן","חוותעדן",2018-02-10,133.098021822977,1,2,462,"HaZafon",c(35.486637, 32.4658035)
440,2014,1,"יסודות","יסודות",2014-08-01,40.793361700032,1,8,890,"HaMerkaz",c(34.8637495, 31.8157655)
440,2016,1,"יסודות","יסודות",2016-09-20,40.793361700032,1,9,860,"HaMerkaz",c(34.8637495, 31.8157655)
440,2017,1,"יסודות","יסודות",2017-08-08,40.793361700032,1,8,882,"HaMerkaz",c(34.8637495, 31.8157655)
440,2019,1,"יסודות","יסודות",2019-05-04,40.793361700032,1,5,924,"HaMerkaz",c(34.8637495, 31.8157655)
440,2019,1,"יסודות","יסודות",2019-11-13,40.793361700032,1,11,924,"HaMerkaz",c(34.8637495, 31.8157655)
440,2021,1,"יסודות","יסודות",2021-05-16,40.793361700032,1,5,1016,"HaMerkaz",c(34.8637495, 31.8157655)
440,2023,1,"יסודות","יסודות",2023-10-07,40.793361700032,1,10,NA,"HaMerkaz",c(34.8637495, 31.8157655)
440,2023,1,"יסודות","יסודות",2023-05-13,40.793361700032,1,5,NA,"HaMerkaz",c(34.8637495, 31.8157655)
443,2016,1,"כפר הנשיא","כפרהנשיא",2016-09-20,184.974095733916,1,9,860,"HaZafon",c(35.6008935, 32.9764105)
443,2017,1,"כפר הנשיא","כפרהנשיא",2017-07-18,184.974095733916,1,7,850,"HaZafon",c(35.6008935, 32.9764105)
443,2018,1,"כפר הנשיא","כפרהנשיא",2018-02-10,184.974095733916,1,2,864,"HaZafon",c(35.6008935, 32.9764105)
443,2019,1,"כפר הנשיא","כפרהנשיא",2019-05-20,184.974095733916,1,5,876,"HaZafon",c(35.6008935, 32.9764105)
443,2022,1,"כפר הנשיא","כפרהנשיא",2022-02-18,184.974095733916,1,2,988,"HaZafon",c(35.6008935, 32.9764105)
443,2023,1,"כפר הנשיא","כפרהנשיא",2023-10-29,184.974095733916,1,10,NA,"HaZafon",c(35.6008935, 32.9764105)
444,2014,1,"רגבים","רגבים",2014-07-28,114.672734246288,1,7,390,"Haifa",c(35.0342945, 32.5224645)
444,2016,1,"רגבים","רגבים",2016-09-20,114.672734246288,1,9,430,"Haifa",c(35.0342945, 32.5224645)
444,2016,1,"רגבים","רגבים",2016-06-22,114.672734246288,1,6,430,"Haifa",c(35.0342945, 32.5224645)
444,2019,1,"אזור תעשייה רגבים","אזורתעשייהרגבים",2019-07-31,114.672734246288,1,7,480,"Haifa",c(35.0342945, 32.5224645)
445,2015,1,"רמות מנשה","רמותמנשה",2015-03-11,122.63452146658,1,3,1090,"HaZafon",c(35.057061, 32.596922)
445,2016,1,"רמות מנשה","רמותמנשה",2016-06-22,122.63452146658,1,6,1130,"HaZafon",c(35.057061, 32.596922)
445,2016,1,"רמות מנשה","רמותמנשה",2016-09-20,122.63452146658,1,9,1130,"HaZafon",c(35.057061, 32.596922)
447,2016,1,"נורדיה","נורדיה",2016-09-20,87.7820450358529,1,9,2000,"HaMerkaz",c(34.8960815, 32.3149301)
447,2017,1,"נורדיה","נורדיה",2017-02-07,87.7820450358529,1,2,1928,"HaMerkaz",c(34.8960815, 32.3149301)
447,2021,1,"נורדיה","נורדיה",2021-05-11,87.7820450358529,1,5,1924,"HaMerkaz",c(34.8960815, 32.3149301)
448,2014,1,"בני עטרות","בניעטרות",2014-07-29,61.0297395964697,1,7,980,"HaMerkaz",c(34.9149056, 32.0241585)
448,2014,1,"בני עטרות","בניעטרות",2014-08-26,61.0297395964697,1,8,980,"HaMerkaz",c(34.9149056, 32.0241585)
448,2015,1,"בני עטרות","בניעטרות",2015-03-23,61.0297395964697,1,3,1000,"HaMerkaz",c(34.9149056, 32.0241585)
448,2016,1,"בני עטרות","בניעטרות",2016-09-20,61.0297395964697,1,9,990,"HaMerkaz",c(34.9149056, 32.0241585)
448,2021,1,"בני עטרות","בניעטרות",2021-05-12,61.0297395964697,1,5,960,"HaMerkaz",c(34.9149056, 32.0241585)
448,2023,1,"בני עטרות","בניעטרות",2023-12-02,61.0297395964697,1,12,NA,"HaMerkaz",c(34.9149056, 32.0241585)
448,2023,1,"בני עטרות","בניעטרות",2023-10-24,61.0297395964697,1,10,NA,"HaMerkaz",c(34.9149056, 32.0241585)
448,2023,1,"בני עטרות","בניעטרות",2023-11-20,61.0297395964697,1,11,NA,"HaMerkaz",c(34.9149056, 32.0241585)
449,2014,1,"נחלים","נחלים",2014-08-26,63.5847722312973,1,8,1630,"HaMerkaz",c(34.9110055, 32.0583085)
449,2014,1,"נחלים","נחלים",2014-07-29,63.5847722312973,1,7,1630,"HaMerkaz",c(34.9110055, 32.0583085)
449,2015,1,"נחלים","נחלים",2015-03-23,63.5847722312973,1,3,1690,"HaMerkaz",c(34.9110055, 32.0583085)
449,2016,1,"נחלים","נחלים",2016-09-20,63.5847722312973,1,9,1610,"HaMerkaz",c(34.9110055, 32.0583085)
449,2021,1,"נחלים","נחלים",2021-05-15,63.5847722312973,1,5,1848,"HaMerkaz",c(34.9110055, 32.0583085)
449,2023,1,"נחלים","נחלים",2023-12-02,63.5847722312973,1,12,NA,"HaMerkaz",c(34.9110055, 32.0583085)
449,2023,1,"נחלים","נחלים",2023-10-14,63.5847722312973,1,10,NA,"HaMerkaz",c(34.9110055, 32.0583085)
449,2023,1,"נחלים","נחלים",2023-11-02,63.5847722312973,1,11,NA,"HaMerkaz",c(34.9110055, 32.0583085)
450,2014,1,"בארות יצחק","בארותיצחק",2014-08-26,62.6434105953932,1,8,410,"HaMerkaz",c(34.9103885, 32.0420589)
450,2014,1,"בארות יצחק","בארותיצחק",2014-07-29,62.6434105953932,1,7,410,"HaMerkaz",c(34.9103885, 32.0420589)
450,2015,1,"בארות יצחק","בארותיצחק",2015-03-23,62.6434105953932,1,3,420,"HaMerkaz",c(34.9103885, 32.0420589)
450,2016,1,"בארות יצחק","בארותיצחק",2016-09-20,62.6434105953932,1,9,420,"HaMerkaz",c(34.9103885, 32.0420589)
450,2021,1,"בארות יצחק","בארותיצחק",2021-05-11,62.6434105953932,1,5,470,"HaMerkaz",c(34.9103885, 32.0420589)
450,2023,1,"בארות יצחק","בארותיצחק",2023-12-02,62.6434105953932,1,12,NA,"HaMerkaz",c(34.9103885, 32.0420589)
450,2023,1,"בארות יצחק","בארותיצחק",2023-10-14,62.6434105953932,1,10,NA,"HaMerkaz",c(34.9103885, 32.0420589)
450,2023,1,"בארות יצחק","בארותיצחק",2023-11-02,62.6434105953932,1,11,NA,"HaMerkaz",c(34.9103885, 32.0420589)
452,2015,1,"יזרעאל","יזרעאל",2015-03-11,132.307901976871,1,3,570,"HaZafon",c(35.321591, 32.5616544)
452,2016,1,"יזרעאל","יזרעאל",2016-09-20,132.307901976871,1,9,570,"HaZafon",c(35.321591, 32.5616544)
452,2023,1,"יזרעאל","יזרעאל",2023-12-02,132.307901976871,1,12,NA,"HaZafon",c(35.321591, 32.5616544)
453,2016,1,"יפתח","יפתח",2016-12-06,195.87487251812,1,12,510,"HaZafon",c(35.5498421, 33.1277855)
453,2016,1,"יפתח","יפתח",2016-09-20,195.87487251812,1,9,510,"HaZafon",c(35.5498421, 33.1277855)
453,2018,1,"יפתח","יפתח",2018-02-10,195.87487251812,1,2,538,"HaZafon",c(35.5498421, 33.1277855)
453,2019,1,"יפתח","יפתח",2019-05-20,195.87487251812,1,5,569,"HaZafon",c(35.5498421, 33.1277855)
453,2023,1,"יפתח","יפתח",2023-11-25,195.87487251812,1,11,NA,"HaZafon",c(35.5498421, 33.1277855)
453,2023,1,"יפתח","יפתח",2023-10-22,195.87487251812,1,10,NA,"HaZafon",c(35.5498421, 33.1277855)
453,2023,1,"יפתח","יפתח",2023-12-14,195.87487251812,1,12,NA,"HaZafon",c(35.5498421, 33.1277855)
454,2015,1,"סער","סער",2015-12-20,168.840938754921,1,12,780,"HaZafon",c(35.110015, 33.0293455)
454,2016,1,"סער","סער",2016-09-20,168.840938754921,1,9,800,"HaZafon",c(35.110015, 33.0293455)
454,2016,1,"סער","סער",2016-12-06,168.840938754921,1,12,800,"HaZafon",c(35.110015, 33.0293455)
454,2019,1,"סער","סער",2019-05-20,168.840938754921,1,5,858,"HaZafon",c(35.110015, 33.0293455)
454,2023,1,"סער","סער",2023-11-06,168.840938754921,1,11,NA,"HaZafon",c(35.110015, 33.0293455)
456,2014,1,"שורש","שורש",2014-07-29,54.6631087384135,1,7,1000,"Jerusalem",c(35.06528, 31.7967205)
456,2014,1,"שורש","שורש",2014-08-24,54.6631087384135,1,8,1000,"Jerusalem",c(35.06528, 31.7967205)
456,2016,1,"שורש","שורש",2016-07-06,54.6631087384135,1,7,1230,"Jerusalem",c(35.06528, 31.7967205)
456,2016,1,"שורש","שורש",2016-09-20,54.6631087384135,1,9,1230,"Jerusalem",c(35.06528, 31.7967205)
456,2017,1,"שורש","שורש",2017-12-05,54.6631087384135,1,12,1243,"Jerusalem",c(35.06528, 31.7967205)
456,2022,1,"שורש","שורש",2022-08-07,54.6631087384135,1,8,1195,"Jerusalem",c(35.06528, 31.7967205)
456,2023,1,"שורש","שורש",2023-12-15,54.6631087384135,1,12,NA,"Jerusalem",c(35.06528, 31.7967205)
456,2023,1,"שורש","שורש",2023-10-07,54.6631087384135,1,10,NA,"Jerusalem",c(35.06528, 31.7967205)
457,2015,1,"גזית","גזית",2015-03-11,145.851371722604,1,3,660,"HaZafon",c(35.4475939, 32.6379774)
457,2016,1,"גזית","גזית",2016-09-20,145.851371722604,1,9,680,"HaZafon",c(35.4475939, 32.6379774)
457,2017,1,"גזית","גזית",2017-07-18,145.851371722604,1,7,702,"HaZafon",c(35.4475939, 32.6379774)
460,2014,1,"רמת רזיאל","רמתרזיאל",2014-08-24,53.7348962923588,1,8,640,"Jerusalem",c(35.073783, 31.7735359)
460,2014,1,"רמת רזיאל","רמתרזיאל",2014-07-29,53.7348962923588,1,7,640,"Jerusalem",c(35.073783, 31.7735359)
460,2016,1,"רמת רזיאל","רמתרזיאל",2016-07-06,53.7348962923588,1,7,630,"Jerusalem",c(35.073783, 31.7735359)
460,2016,1,"רמת רזיאל","רמתרזיאל",2016-09-20,53.7348962923588,1,9,630,"Jerusalem",c(35.073783, 31.7735359)
460,2017,1,"רמת רזיאל","רמתרזיאל",2017-12-05,53.7348962923588,1,12,644,"Jerusalem",c(35.073783, 31.7735359)
460,2021,1,"רמת רזיאל","רמתרזיאל",2021-05-10,53.7348962923588,1,5,662,"Jerusalem",c(35.073783, 31.7735359)
460,2022,1,"רמת רזיאל","רמתרזיאל",2022-08-07,53.7348962923588,1,8,659,"Jerusalem",c(35.073783, 31.7735359)
460,2023,1,"רמת רזיאל","רמתרזיאל",2023-10-07,53.7348962923588,1,10,NA,"Jerusalem",c(35.073783, 31.7735359)
462,2014,1,"טל שחר","טלשחר",2014-07-29,42.1462355670773,1,7,1230,"Jerusalem",c(34.9019645, 31.8055426)
462,2014,1,"טל שחר","טלשחר",2014-08-19,42.1462355670773,1,8,1230,"Jerusalem",c(34.9019645, 31.8055426)
462,2016,1,"טל שחר","טלשחר",2016-07-06,42.1462355670773,1,7,1310,"Jerusalem",c(34.9019645, 31.8055426)
462,2016,1,"טל שחר","טלשחר",2016-09-20,42.1462355670773,1,9,1310,"Jerusalem",c(34.9019645, 31.8055426)
462,2017,1,"טל שחר","טלשחר",2017-12-05,42.1462355670773,1,12,1362,"Jerusalem",c(34.9019645, 31.8055426)
462,2019,1,"טל שחר","טלשחר",2019-05-04,42.1462355670773,1,5,1369,"Jerusalem",c(34.9019645, 31.8055426)
462,2019,1,"טל שחר","טלשחר",2019-11-13,42.1462355670773,1,11,1369,"Jerusalem",c(34.9019645, 31.8055426)
462,2021,1,"טל שחר","טלשחר",2021-05-11,42.1462355670773,1,5,1375,"Jerusalem",c(34.9019645, 31.8055426)
462,2023,1,"טל שחר","טלשחר",2023-10-07,42.1462355670773,1,10,NA,"Jerusalem",c(34.9019645, 31.8055426)
462,2023,1,"טל שחר","טלשחר",2023-11-21,42.1462355670773,1,11,NA,"Jerusalem",c(34.9019645, 31.8055426)
462,2023,1,"טל שחר","טלשחר",2023-12-15,42.1462355670773,1,12,NA,"Jerusalem",c(34.9019645, 31.8055426)
463,2014,1,"געתון","געתון",2014-07-29,170.268073035685,1,7,550,"HaZafon",c(35.2148984, 33.0059735)
463,2016,1,"געתון","געתון",2016-09-20,170.268073035685,1,9,590,"HaZafon",c(35.2148984, 33.0059735)
463,2016,1,"געתון","געתון",2016-12-06,170.268073035685,1,12,590,"HaZafon",c(35.2148984, 33.0059735)
463,2018,1,"געתון","געתון",2018-02-10,170.268073035685,1,2,694,"HaZafon",c(35.2148984, 33.0059735)
463,2019,1,"געתון","געתון",2019-05-20,170.268073035685,1,5,692,"HaZafon",c(35.2148984, 33.0059735)
464,2014,1,"הראל","הראל",2014-07-29,46.28521568224,1,7,240,"Jerusalem",c(34.9490304, 31.809577)
464,2014,1,"הראל","הראל",2014-08-19,46.28521568224,1,8,240,"Jerusalem",c(34.9490304, 31.809577)
464,2016,1,"הראל","הראל",2016-09-20,46.28521568224,1,9,260,"Jerusalem",c(34.9490304, 31.809577)
464,2016,1,"הראל","הראל",2016-07-06,46.28521568224,1,7,260,"Jerusalem",c(34.9490304, 31.809577)
464,2017,1,"הראל","הראל",2017-12-05,46.28521568224,1,12,271,"Jerusalem",c(34.9490304, 31.809577)
464,2019,1,"הראל","הראל",2019-11-13,46.28521568224,1,11,264,"Jerusalem",c(34.9490304, 31.809577)
464,2019,1,"הראל","הראל",2019-05-04,46.28521568224,1,5,264,"Jerusalem",c(34.9490304, 31.809577)
464,2023,1,"הראל","הראל",2023-10-07,46.28521568224,1,10,NA,"Jerusalem",c(34.9490304, 31.809577)
464,2023,1,"הראל","הראל",2023-11-21,46.28521568224,1,11,NA,"Jerusalem",c(34.9490304, 31.809577)
465,2014,1,"צובה","צובה",2014-08-19,58.3617778883038,1,8,650,"Jerusalem",c(35.1187709, 31.783538)
465,2016,1,"צובה","צובה",2016-07-06,58.3617778883038,1,7,640,"Jerusalem",c(35.1187709, 31.783538)
465,2016,1,"צובה","צובה",2016-09-20,58.3617778883038,1,9,640,"Jerusalem",c(35.1187709, 31.783538)
465,2017,1,"צובה","צובה",2017-12-05,58.3617778883038,1,12,628,"Jerusalem",c(35.1187709, 31.783538)
465,2021,1,"צובה","צובה",2021-05-10,58.3617778883038,1,5,623,"Jerusalem",c(35.1187709, 31.783538)
465,2023,1,"צובה","צובה",2023-10-07,58.3617778883038,1,10,NA,"Jerusalem",c(35.1187709, 31.783538)
469,2014,1,"מרכז קניות ביל""ו","מרכזקניותבילו",2014-08-01,41.55275557899,1,8,10700,"HaMerkaz",c(34.8166232, 31.8648919)
469,2016,1,"מרכז קניות ביל""ו","מרכזקניותבילו",2016-09-20,41.55275557899,1,9,10790,"HaMerkaz",c(34.8166232, 31.8648919)
469,2017,1,"מרכז קניות ביל""ו","מרכזקניותבילו",2017-08-08,41.55275557899,1,8,10909,"HaMerkaz",c(34.8166232, 31.8648919)
469,2019,1,"מרכז קניות ביל""ו","מרכזקניותבילו",2019-05-04,41.55275557899,1,5,11000,"HaMerkaz",c(34.8166232, 31.8648919)
469,2019,1,"קריית עקרון","קרייתעקרון",2019-11-12,41.55275557899,1,11,11000,"HaMerkaz",c(34.8197865, 31.8616715)
469,2021,1,"קריית עקרון","קרייתעקרון",2021-05-16,41.55275557899,1,5,11051,"HaMerkaz",c(34.8197865, 31.8616715)
469,2023,1,"קריית עקרון","קרייתעקרון",2023-10-07,41.55275557899,1,10,NA,"HaMerkaz",c(34.8197865, 31.8616715)
469,2023,1,"קריית עקרון","קרייתעקרון",2023-11-20,41.55275557899,1,11,NA,"HaMerkaz",c(34.8197865, 31.8616715)
469,2023,1,"קריית עקרון","קרייתעקרון",2023-12-02,41.55275557899,1,12,NA,"HaMerkaz",c(34.8197865, 31.8616715)
472,2014,1,"אבו גוש","אבוגוש",2014-08-24,58.1455055632925,1,8,6790,"Jerusalem",c(35.108562, 31.806502)
472,2014,1,"אבו גוש","אבוגוש",2014-07-29,58.1455055632925,1,7,6790,"Jerusalem",c(35.108562, 31.806502)
472,2016,1,"אבו גוש","אבוגוש",2016-09-20,58.1455055632925,1,9,7140,"Jerusalem",c(35.108562, 31.806502)
472,2016,1,"אבו גוש","אבוגוש",2016-07-06,58.1455055632925,1,7,7140,"Jerusalem",c(35.108562, 31.806502)
472,2017,1,"אבו גוש","אבוגוש",2017-12-05,58.1455055632925,1,12,7332,"Jerusalem",c(35.108562, 31.806502)
472,2021,1,"אבו-גוש","אבוגוש",2021-05-10,58.1455055632925,1,5,7880,"Jerusalem",c(35.108562, 31.806502)
472,2022,1,"אבו-גוש","אבוגוש",2022-08-07,58.1455055632925,1,8,7942,"Jerusalem",c(35.108562, 31.806502)
472,2023,1,"אבו-גוש","אבוגוש",2023-10-09,58.1455055632925,1,10,NA,"Jerusalem",c(35.108562, 31.806502)
472,2023,1,"אבו-גוש","אבוגוש",2023-12-15,58.1455055632925,1,12,NA,"Jerusalem",c(35.108562, 31.806502)
475,2015,1,"דחי","דחי",2015-03-11,138.969763092677,1,3,640,"HaZafon",c(35.3441805, 32.6210445)
475,2016,1,"דחי","דחי",2016-09-20,138.969763092677,1,9,650,"HaZafon",c(35.3441805, 32.6210445)
475,2023,1,"דחי","דחי",2023-12-02,138.969763092677,1,12,NA,"HaZafon",c(35.3441805, 32.6210445)
478,2015,1,"אכסאל","אכסאל",2015-03-11,141.384506000495,1,3,13740,"HaZafon",c(35.3319945, 32.673481)
478,2016,1,"אכסאל","אכסאל",2016-09-20,141.384506000495,1,9,13960,"HaZafon",c(35.3319945, 32.673481)
478,2023,1,"אכסאל","אכסאל",2023-12-02,141.384506000495,1,12,NA,"HaZafon",c(35.3319945, 32.673481)
480,2016,1,"בית ג'ן","ביתגן",2016-09-20,171.985980802532,1,9,11560,"HaZafon",c(35.3790864, 32.9657885)
480,2017,1,"בית ג'ן","ביתגן",2017-07-18,171.985980802532,1,7,11714,"HaZafon",c(35.3790864, 32.9657885)
480,2019,1,"בית ג'ן","ביתגן",2019-05-20,171.985980802532,1,5,12001,"HaZafon",c(35.3790864, 32.9657885)
481,2015,1,"מגאר","מגאר",2015-03-11,163.789569109786,1,3,21650,"HaZafon",c(35.4155614, 32.8733075)
481,2016,1,"מגאר","מגאר",2016-09-20,163.789569109786,1,9,21910,"HaZafon",c(35.4155614, 32.8733075)
481,2017,1,"מגאר","מגאר",2017-07-18,163.789569109786,1,7,22261,"HaZafon",c(35.4155614, 32.8733075)
481,2019,1,"מגאר","מגאר",2019-05-20,163.789569109786,1,5,22957,"HaZafon",c(35.4155614, 32.8733075)
482,2015,1,"בועיינה נוג'יידאת","בועיינהנוגיידאת",2015-03-11,156.212795028816,1,3,9110,"HaZafon",c(35.3739565, 32.8124755)
482,2016,1,"בועיינה נוג'יידאת","בועיינהנוגיידאת",2016-09-20,156.212795028816,1,9,9270,"HaZafon",c(35.3739565, 32.8124755)
482,2017,1,"בועיינה נוג'יידאת","בועיינהנוגיידאת",2017-07-18,156.212795028816,1,7,9467,"HaZafon",c(35.3739565, 32.8124755)
482,2019,1,"בועיינה נוג'יידאת","בועיינהנוגיידאת",2019-05-20,156.212795028816,1,5,9812,"HaZafon",c(35.3739565, 32.8124755)
482,2023,1,"בועיינה-נוג'ידאת","בועיינהנוגידאת",2023-11-21,156.212795028816,1,11,NA,"HaZafon",c(35.3739565, 32.8124755)
483,2016,1,"ביענה","ביענה",2016-05-31,164.385029150717,1,5,7990,"HaZafon",c(35.2790699, 32.9293434)
483,2016,1,"ביענה","ביענה",2016-09-20,164.385029150717,1,9,7990,"HaZafon",c(35.2790699, 32.9293434)
483,2018,1,"ביענה","ביענה",2018-06-19,164.385029150717,1,6,8300,"HaZafon",c(35.2790699, 32.9293434)
483,2019,1,"ביענה","ביענה",2019-05-20,164.385029150717,1,5,8381,"HaZafon",c(35.2790699, 32.9293434)
485,2016,1,"ג'וליס","גוליס",2016-05-31,161.090189312749,1,5,6210,"HaZafon",c(35.1803245, 32.9413535)
485,2016,1,"ג'וליס","גוליס",2016-09-20,161.090189312749,1,9,6210,"HaZafon",c(35.1803245, 32.9413535)
485,2018,1,"ג'וליס","גוליס",2018-06-19,161.090189312749,1,6,6375,"HaZafon",c(35.1803245, 32.9413535)
485,2018,1,"ג'וליס","גוליס",2018-02-10,161.090189312749,1,2,6375,"HaZafon",c(35.1803245, 32.9413535)
485,2019,1,"ג'וליס","גוליס",2019-05-20,161.090189312749,1,5,6465,"HaZafon",c(35.1803245, 32.9413535)
487,2016,1,"ג'יש","גיש",2016-12-06,178.930202306877,1,12,3080,"HaZafon",c(35.431121, 33.023092)
487,2016,1,"ג'יש","גיש",2016-09-20,178.930202306877,1,9,3080,"HaZafon",c(35.431121, 33.023092)
487,2018,1,"ג'יש","גיש",2018-02-10,178.930202306877,1,2,3090,"HaZafon",c(35.431121, 33.023092)
487,2019,1,"ג'יש","גיש",2019-05-20,178.930202306877,1,5,3105,"HaZafon",c(35.431121, 33.023092)
487,2023,1,"ג'ש - גוש חלב","גשגושחלב",2023-11-19,178.930202306877,1,11,NA,"HaZafon",c(35.431121, 33.023092)
489,2015,1,"דבוריה","דבוריה",2015-03-11,145.430096538835,1,3,9890,"HaZafon",c(35.3669895, 32.68957)
489,2016,1,"דבוריה","דבוריה",2016-09-20,145.430096538835,1,9,10040,"HaZafon",c(35.3669895, 32.68957)
489,2017,1,"דבוריה","דבוריה",2017-07-18,145.430096538835,1,7,10154,"HaZafon",c(35.3669895, 32.68957)
492,2016,1,"דייר חנא","דיירחנא",2016-09-20,161.869274732084,1,9,9940,"HaZafon",c(35.3676535, 32.8641421)
492,2016,1,"דייר חנא","דיירחנא",2016-05-31,161.869274732084,1,5,9940,"HaZafon",c(35.3676535, 32.8641421)
492,2018,1,"דייר חנא","דיירחנא",2018-06-19,161.869274732084,1,6,10259,"HaZafon",c(35.3676535, 32.8641421)
492,2019,1,"דייר חנא","דיירחנא",2019-05-20,161.869274732084,1,5,10339,"HaZafon",c(35.3676535, 32.8641421)
494,2014,1,"דאלית אל כרמל","דאליתאלכרמל",2014-07-28,131.020713572196,1,7,16550,"Haifa",c(35.0510041, 32.69599)
494,2016,1,"דאלית אל כרמל","דאליתאלכרמל",2016-09-20,131.020713572196,1,9,16990,"Haifa",c(35.0510041, 32.69599)
494,2016,1,"דאלית אל כרמל","דאליתאלכרמל",2016-06-22,131.020713572196,1,6,16990,"Haifa",c(35.0510041, 32.69599)
494,2023,1,"דלית אל כרמל","דליתאלכרמל",2023-10-25,131.020713572196,1,10,NA,"Haifa",c(35.0510041, 32.69599)
496,2016,1,"חורפיש","חורפיש",2016-09-20,175.886369636708,1,9,6160,"HaZafon",c(35.3451584, 33.0229845)
496,2016,1,"חורפיש","חורפיש",2016-12-06,175.886369636708,1,12,6160,"HaZafon",c(35.3451584, 33.0229845)
496,2018,1,"חורפיש","חורפיש",2018-02-10,175.886369636708,1,2,6315,"HaZafon",c(35.3451584, 33.0229845)
496,2019,1,"חורפיש","חורפיש",2019-05-20,175.886369636708,1,5,6410,"HaZafon",c(35.3451584, 33.0229845)
496,2020,1,"חורפיש","חורפיש",2020-08-07,175.886369636708,1,8,6488,"HaZafon",c(35.3451584, 33.0229845)
498,2015,1,"טורעאן","טורעאן",2015-03-11,152.873973900868,1,3,13340,"HaZafon",c(35.3818125, 32.774987)
498,2016,1,"טורעאן","טורעאן",2016-09-20,152.873973900868,1,9,13460,"HaZafon",c(35.3818125, 32.774987)
498,2017,1,"טורעאן","טורעאן",2017-07-18,152.873973900868,1,7,13703,"HaZafon",c(35.3818125, 32.774987)
499,2015,1,"יפיע","יפיע",2015-03-11,139.693565798282,1,3,18230,"HaZafon",c(35.2709725, 32.6835429)
499,2016,1,"יפיע","יפיע",2016-09-20,139.693565798282,1,9,18410,"HaZafon",c(35.2709725, 32.6835429)
499,2023,1,"יפיע","יפיע",2023-12-02,139.693565798282,1,12,NA,"HaZafon",c(35.2709725, 32.6835429)
502,2016,1,"ירכא","ירכא",2016-05-31,162.491420578339,1,5,16590,"HaZafon",c(35.210859, 32.9600645)
502,2016,1,"ירכא","ירכא",2016-09-20,162.491420578339,1,9,16590,"HaZafon",c(35.210859, 32.9600645)
502,2018,1,"ירכא","ירכא",2018-02-10,162.491420578339,1,2,17002,"HaZafon",c(35.210859, 32.9600645)
502,2018,1,"ירכא","ירכא",2018-06-19,162.491420578339,1,6,17002,"HaZafon",c(35.210859, 32.9600645)
502,2019,1,"ירכא","ירכא",2019-05-20,162.491420578339,1,5,17171,"HaZafon",c(35.210859, 32.9600645)
504,2016,1,"כאבול","כאבול",2016-05-31,154.859837731055,1,5,13430,"HaZafon",c(35.2042935, 32.8766485)
504,2016,1,"כאבול","כאבול",2016-09-20,154.859837731055,1,9,13430,"HaZafon",c(35.2042935, 32.8766485)
504,2018,1,"כאבול","כאבול",2018-06-19,154.859837731055,1,6,13854,"HaZafon",c(35.2042935, 32.8766485)
504,2019,1,"כאבול","כאבול",2019-05-20,154.859837731055,1,5,14095,"HaZafon",c(35.2042935, 32.8766485)
505,2016,1,"כאוכב אבו אל היגא","כאוכבאבואלהיגא",2016-05-31,153.159594950585,1,5,3390,"HaZafon",c(35.2509515, 32.829475)
505,2016,1,"כאוכב אבו אל היגא","כאוכבאבואלהיגא",2016-09-20,153.159594950585,1,9,3390,"HaZafon",c(35.2509515, 32.829475)
505,2018,1,"כאוכב אבו אל היגא","כאוכבאבואלהיגא",2018-06-19,153.159594950585,1,6,3526,"HaZafon",c(35.2509515, 32.829475)
505,2019,1,"כאוכב אבו אל היגא","כאוכבאבואלהיגא",2019-05-20,153.159594950585,1,5,3589,"HaZafon",c(35.2509515, 32.829475)
505,2023,1,"כאוכב אבו אלהיג'א","כאוכבאבואלהיגא",2023-10-13,153.159594950585,1,10,NA,"HaZafon",c(35.2509515, 32.829475)
507,2016,1,"כפר יאסיף","כפריאסיף",2016-05-31,162.065064021272,1,5,9700,"HaZafon",c(35.1604509, 32.9501741)
507,2016,1,"כפר יאסיף","כפריאסיף",2016-09-20,162.065064021272,1,9,9700,"HaZafon",c(35.1604509, 32.9501741)
507,2018,1,"כפר יאסיף","כפריאסיף",2018-06-19,162.065064021272,1,6,10029,"HaZafon",c(35.1604509, 32.9501741)
507,2018,1,"כפר יאסיף","כפריאסיף",2018-02-10,162.065064021272,1,2,10029,"HaZafon",c(35.1604509, 32.9501741)
507,2019,1,"כפר יאסיף","כפריאסיף",2019-05-20,162.065064021272,1,5,10133,"HaZafon",c(35.1604509, 32.9501741)
508,2015,1,"כפר כמא","כפרכמא",2015-03-11,151.057716397225,1,3,3190,"HaZafon",c(35.4332224, 32.71963)
508,2016,1,"כפר כמא","כפרכמא",2016-09-20,151.057716397225,1,9,3240,"HaZafon",c(35.4332224, 32.71963)
508,2017,1,"כפר כמא","כפרכמא",2017-07-18,151.057716397225,1,7,3284,"HaZafon",c(35.4332224, 32.71963)
508,2021,1,"כפר כמא","כפרכמא",2021-11-03,151.057716397225,1,11,3479,"HaZafon",c(35.4332224, 32.71963)
509,2015,1,"כפר כנא","כפרכנא",2015-03-11,149.33450124379,1,3,21300,"HaZafon",c(35.3455005, 32.753169)
509,2016,1,"כפר כנא","כפרכנא",2016-09-20,149.33450124379,1,9,21540,"HaZafon",c(35.3455005, 32.753169)
510,2016,1,"כפר מנדא","כפרמנדא",2016-05-31,150.22632927056,1,5,18850,"HaZafon",c(35.2612525, 32.806258)
510,2016,1,"כפר מנדא","כפרמנדא",2016-09-20,150.22632927056,1,9,18850,"HaZafon",c(35.2612525, 32.806258)
510,2018,1,"כפר מנדא","כפרמנדא",2018-06-19,150.22632927056,1,6,19843,"HaZafon",c(35.2612525, 32.806258)
510,2019,1,"כפר מנדא","כפרמנדא",2019-05-20,150.22632927056,1,5,20188,"HaZafon",c(35.2612525, 32.806258)
510,2023,1,"כפר מנדא","כפרמנדא",2023-10-13,150.22632927056,1,10,NA,"HaZafon",c(35.2612525, 32.806258)
511,2015,1,"עילוט","עילוט",2015-03-11,142.958698505463,1,3,7580,"HaZafon",c(35.2634865, 32.7204481)
511,2016,1,"עילוט","עילוט",2016-09-20,142.958698505463,1,9,7720,"HaZafon",c(35.2634865, 32.7204481)
512,2015,1,"כפר מיסר","כפרמיסר",2015-03-11,145.461289257556,1,3,2600,"HaZafon",c(35.420842, 32.6433485)
512,2016,1,"כפר מיסר","כפרמיסר",2016-09-20,145.461289257556,1,9,2630,"HaZafon",c(35.420842, 32.6433485)
512,2017,1,"כפר מיסר","כפרמיסר",2017-07-18,145.461289257556,1,7,2688,"HaZafon",c(35.420842, 32.6433485)
516,2016,1,"מג'ד אל כרום","מגדאלכרום",2016-09-20,160.000438394007,1,9,14840,"HaZafon",c(35.229347, 32.915679)
516,2016,1,"מג'ד אל כרום","מגדאלכרום",2016-05-31,160.000438394007,1,5,14840,"HaZafon",c(35.229347, 32.915679)
516,2018,1,"מג'ד אל כרום","מגדאלכרום",2018-06-19,160.000438394007,1,6,15292,"HaZafon",c(35.229347, 32.915679)
516,2019,1,"מג'ד אל כרום","מגדאלכרום",2019-05-20,160.000438394007,1,5,15455,"HaZafon",c(35.229347, 32.915679)
517,2016,1,"מזרעה","מזרעה",2016-05-31,163.785610060092,1,5,3720,"HaZafon",c(35.098807, 32.9842929)
517,2016,1,"מזרעה","מזרעה",2016-09-20,163.785610060092,1,9,3720,"HaZafon",c(35.098807, 32.9842929)
517,2018,1,"מזרעה","מזרעה",2018-06-19,163.785610060092,1,6,3858,"HaZafon",c(35.098807, 32.9842929)
517,2019,1,"מזרעה","מזרעה",2019-05-20,163.785610060092,1,5,3929,"HaZafon",c(35.098807, 32.9842929)
518,2016,1,"מעיליא","מעיליא",2016-12-06,173.8544837615,1,12,3210,"HaZafon",c(35.258061, 33.0268211)
518,2016,1,"מעיליא","מעיליא",2016-09-20,173.8544837615,1,9,3210,"HaZafon",c(35.258061, 33.0268211)
518,2018,1,"מעיליא","מעיליא",2018-02-10,173.8544837615,1,2,3254,"HaZafon",c(35.258061, 33.0268211)
518,2019,1,"מעיליא","מעיליא",2019-05-20,173.8544837615,1,5,3244,"HaZafon",c(35.258061, 33.0268211)
518,2023,1,"מעיליא","מעיליא",2023-12-08,173.8544837615,1,12,NA,"HaZafon",c(35.258061, 33.0268211)
521,2014,1,"עין נקובא","עיןנקובא",2014-08-24,58.896170421498,1,8,2940,"Jerusalem",c(35.120836, 31.7937091)
521,2014,1,"עין נקובא","עיןנקובא",2014-07-29,58.896170421498,1,7,2940,"Jerusalem",c(35.120836, 31.7937091)
521,2016,1,"עין נקובא","עיןנקובא",2016-07-06,58.896170421498,1,7,3150,"Jerusalem",c(35.120836, 31.7937091)
521,2016,1,"עין נקובא","עיןנקובא",2016-09-20,58.896170421498,1,9,3150,"Jerusalem",c(35.120836, 31.7937091)
521,2017,1,"עין נקובא","עיןנקובא",2017-12-05,58.896170421498,1,12,3284,"Jerusalem",c(35.120836, 31.7937091)
521,2021,1,"עין נקובא","עיןנקובא",2021-05-10,58.896170421498,1,5,3680,"Jerusalem",c(35.120836, 31.7937091)
521,2023,1,"עין נקובא","עיןנקובא",2023-10-09,58.896170421498,1,10,NA,"Jerusalem",c(35.120836, 31.7937091)
522,2016,1,"נחף","נחף",2016-05-31,165.799323223129,1,5,12340,"HaZafon",c(35.3169566, 32.9351165)
522,2016,1,"נחף","נחף",2016-09-20,165.799323223129,1,9,12340,"HaZafon",c(35.3169566, 32.9351165)
522,2018,1,"נחף","נחף",2018-06-19,165.799323223129,1,6,12845,"HaZafon",c(35.3169566, 32.9351165)
522,2019,1,"נחף","נחף",2019-05-20,165.799323223129,1,5,13113,"HaZafon",c(35.3169566, 32.9351165)
524,2015,1,"נאעורה","נאעורה",2015-03-11,140.835680210683,1,3,2130,"HaZafon",c(35.3916555, 32.614472)
524,2016,1,"נאעורה","נאעורה",2016-09-20,140.835680210683,1,9,2180,"HaZafon",c(35.3916555, 32.614472)
524,2023,1,"נעורה","נעורה",2023-12-02,140.835680210683,1,12,NA,"HaZafon",c(35.3916555, 32.614472)
525,2016,1,"סאג'ור","סאגור",2016-09-20,168.073624159141,1,9,4080,"HaZafon",c(35.342678, 32.9392365)
525,2016,1,"סאג'ור","סאגור",2016-05-31,168.073624159141,1,5,4080,"HaZafon",c(35.342678, 32.9392365)
525,2018,1,"סאג'ור","סאגור",2018-06-19,168.073624159141,1,6,4209,"HaZafon",c(35.342678, 32.9392365)
525,2019,1,"סאג'ור","סאגור",2019-05-20,168.073624159141,1,5,4270,"HaZafon",c(35.342678, 32.9392365)
527,2016,1,"שזור","שזור",2016-05-31,168.30579015298,1,5,320,"HaZafon",c(35.352186, 32.9324835)
527,2016,1,"שזור","שזור",2016-09-20,168.30579015298,1,9,320,"HaZafon",c(35.352186, 32.9324835)
527,2018,1,"שזור","שזור",2018-06-19,168.30579015298,1,6,313,"HaZafon",c(35.352186, 32.9324835)
527,2019,1,"שזור","שזור",2019-05-20,168.30579015298,1,5,323,"HaZafon",c(35.352186, 32.9324835)
528,2015,1,"עוזייר","עוזייר",2015-03-11,153.199432312538,1,3,3050,"HaZafon",c(35.3298825, 32.792857)
528,2016,1,"עוזייר","עוזייר",2016-09-20,153.199432312538,1,9,3080,"HaZafon",c(35.3298825, 32.792857)
529,2016,1,"אעבלין","אעבלין",2016-05-31,149.660927260985,1,5,12830,"HaZafon",c(35.174408, 32.827894)
529,2016,1,"אעבלין","אעבלין",2016-09-20,149.660927260985,1,9,12830,"HaZafon",c(35.174408, 32.827894)
529,2018,1,"אעבלין","אעבלין",2018-06-19,149.660927260985,1,6,13128,"HaZafon",c(35.174408, 32.827894)
529,2019,1,"אעבלין","אעבלין",2019-05-20,149.660927260985,1,5,13305,"HaZafon",c(35.174408, 32.827894)
529,2021,1,"אעבלין","אעבלין",2021-05-19,149.660927260985,1,5,13692,"HaZafon",c(35.174408, 32.827894)
530,2015,1,"עיילבון","עיילבון",2015-03-11,160.873414380775,1,3,5560,"HaZafon",c(35.400515, 32.842315)
530,2016,1,"עיילבון","עיילבון",2016-09-20,160.873414380775,1,9,5540,"HaZafon",c(35.400515, 32.842315)
530,2017,1,"עיילבון","עיילבון",2017-07-18,160.873414380775,1,7,5588,"HaZafon",c(35.400515, 32.842315)
530,2019,1,"עיילבון","עיילבון",2019-05-20,160.873414380775,1,5,5752,"HaZafon",c(35.400515, 32.842315)
531,2016,1,"עראבה","עראבה",2016-05-31,158.858295602375,1,5,24450,"HaZafon",c(35.3404015, 32.8556495)
531,2016,1,"עראבה","עראבה",2016-09-20,158.858295602375,1,9,24450,"HaZafon",c(35.3404015, 32.8556495)
531,2018,1,"עראבה","עראבה",2018-06-19,158.858295602375,1,6,25369,"HaZafon",c(35.3404015, 32.8556495)
531,2019,1,"עראבה","עראבה",2019-05-20,158.858295602375,1,5,25833,"HaZafon",c(35.3404015, 32.8556495)
532,2015,1,"נצרת עילית","נצרתעילית",2015-03-11,146.846168454823,1,3,12480,"HaZafon",c(35.349714, 32.7252)
532,2016,1,"נצרת עילית","נצרתעילית",2016-09-20,146.846168454823,1,9,12630,"HaZafon",c(35.349714, 32.7252)
532,2021,1,"ואדי אל נעם","ואדיאלנעם",2021-05-17,146.846168454823,1,5,13748,"HaZafon",c(35.349218, 32.7199065)
532,2023,1,"נוף הגליל","נוףהגליל",2023-12-02,146.846168454823,1,12,NA,"HaZafon",c(35.349714, 32.7252)
534,2014,1,"עספיא","עספיא",2014-07-28,133.790187516579,1,7,11660,"Haifa",c(35.0633676, 32.7183395)
534,2016,1,"עספיא","עספיא",2016-06-22,133.790187516579,1,6,11940,"Haifa",c(35.0633676, 32.7183395)
534,2016,1,"עספיא","עספיא",2016-09-20,133.790187516579,1,9,11940,"Haifa",c(35.0633676, 32.7183395)
535,2016,1,"פסוטה","פסוטה",2016-09-20,176.986616065011,1,9,3050,"HaZafon",c(35.3067435, 33.0527571)
535,2016,1,"פסוטה","פסוטה",2016-12-06,176.986616065011,1,12,3050,"HaZafon",c(35.3067435, 33.0527571)
535,2018,1,"פסוטה","פסוטה",2018-02-10,176.986616065011,1,2,3148,"HaZafon",c(35.3067435, 33.0527571)
535,2019,1,"פסוטה","פסוטה",2019-05-20,176.986616065011,1,5,3172,"HaZafon",c(35.3067435, 33.0527571)
535,2020,1,"פסוטה","פסוטה",2020-08-07,176.986616065011,1,8,3180,"HaZafon",c(35.3067435, 33.0527571)
535,2022,1,"פסוטה","פסוטה",2022-05-19,176.986616065011,1,5,3255,"HaZafon",c(35.3067435, 33.0527571)
535,2023,1,"פסוטה","פסוטה",2023-10-19,176.986616065011,1,10,NA,"HaZafon",c(35.3067435, 33.0527571)
535,2023,1,"פסוטה","פסוטה",2023-04-06,176.986616065011,1,4,NA,"HaZafon",c(35.3067435, 33.0527571)
535,2023,1,"פסוטה","פסוטה",2023-12-11,176.986616065011,1,12,NA,"HaZafon",c(35.3067435, 33.0527571)
536,2016,1,"פקיעין","פקיעין",2016-09-20,170.435449106877,1,9,5690,"HaZafon",c(35.323924, 32.976773)
536,2016,1,"פקיעין","פקיעין",2016-12-06,170.435449106877,1,12,5690,"HaZafon",c(35.323924, 32.976773)
536,2018,1,"פקיעין","פקיעין",2018-02-10,170.435449106877,1,2,5815,"HaZafon",c(35.323924, 32.976773)
536,2019,1,"פקיעין","פקיעין",2019-05-20,170.435449106877,1,5,5893,"HaZafon",c(35.323924, 32.976773)
536,2020,1,"פקיעין","פקיעין",2020-08-07,170.435449106877,1,8,5974,"HaZafon",c(35.323924, 32.976773)
536,2023,1,"פקיעין","פקיעין",2023-04-06,170.435449106877,1,4,NA,"HaZafon",c(35.323924, 32.976773)
537,2014,1,"פוריידיס","פוריידיס",2014-07-28,118.323977152549,1,7,12100,"Haifa",c(34.948224, 32.597354)
537,2019,1,"פוריידיס","פוריידיס",2019-07-31,118.323977152549,1,7,13247,"Haifa",c(34.948224, 32.597354)
538,2016,1,"שעב","שעב",2016-09-20,158.508524490541,1,9,6700,"HaZafon",c(35.2232151, 32.8931435)
538,2016,1,"שעב","שעב",2016-05-31,158.508524490541,1,5,6700,"HaZafon",c(35.2232151, 32.8931435)
538,2018,1,"שעב","שעב",2018-06-19,158.508524490541,1,6,6941,"HaZafon",c(35.2232151, 32.8931435)
538,2019,1,"שעב","שעב",2019-05-20,158.508524490541,1,5,7061,"HaZafon",c(35.2232151, 32.8931435)
539,2015,1,"רומאנה","רומאנה",2015-03-11,152.749072174985,1,3,1130,"HaZafon",c(35.311368, 32.7877156)
539,2016,1,"רומאנה","רומאנה",2016-09-20,152.749072174985,1,9,1130,"HaZafon",c(35.311368, 32.7877156)
540,2016,1,"ריחאנייה","ריחאנייה",2016-12-06,185.8729452869,1,12,1190,"HaZafon",c(35.4869756, 33.0499625)
540,2016,1,"ריחאנייה","ריחאנייה",2016-09-20,185.8729452869,1,9,1190,"HaZafon",c(35.4869756, 33.0499625)
540,2018,1,"ריחאנייה","ריחאנייה",2018-02-10,185.8729452869,1,2,1184,"HaZafon",c(35.4869756, 33.0499625)
540,2019,1,"ריחאנייה","ריחאנייה",2019-05-20,185.8729452869,1,5,1195,"HaZafon",c(35.4869756, 33.0499625)
540,2023,1,"ריחאנייה","ריחאנייה",2023-11-23,185.8729452869,1,11,NA,"HaZafon",c(35.4869756, 33.0499625)
541,2014,1,"ג'סר א זרקא","גסראזרקא",2014-07-28,110.787447321398,1,7,13690,"Haifa",c(34.907846, 32.538476)
541,2016,1,"ג'סר א זרקא","גסראזרקא",2016-09-20,110.787447321398,1,9,14210,"Haifa",c(34.907846, 32.538476)
541,2016,1,"ג'סר א זרקא","גסראזרקא",2016-06-22,110.787447321398,1,6,14210,"Haifa",c(34.907846, 32.538476)
541,2019,1,"ג'סר א-זרקא","גסראזרקא",2019-07-31,110.787447321398,1,7,14930,"Haifa",c(34.907846, 32.538476)
542,2015,1,"ריינה","ריינה",2015-03-11,145.669542679566,1,3,18480,"HaZafon",c(35.305657, 32.7292385)
542,2016,1,"ריינה","ריינה",2016-09-20,145.669542679566,1,9,18570,"HaZafon",c(35.305657, 32.7292385)
543,2016,1,"ראמה","ראמה",2016-09-20,168.345314431639,1,9,7470,"HaZafon",c(35.372975, 32.933685)
543,2016,1,"ראמה","ראמה",2016-05-31,168.345314431639,1,5,7470,"HaZafon",c(35.372975, 32.933685)
543,2018,1,"ראמה","ראמה",2018-06-19,168.345314431639,1,6,7651,"HaZafon",c(35.372975, 32.933685)
543,2019,1,"ראמה","ראמה",2019-05-20,168.345314431639,1,5,7728,"HaZafon",c(35.372975, 32.933685)
546,2016,1,"עין אל אסד","עיןאלאסד",2016-09-20,171.542588281596,1,9,860,"HaZafon",c(35.4016665, 32.940309)
546,2016,1,"עין אל אסד","עיןאלאסד",2016-05-31,171.542588281596,1,5,860,"HaZafon",c(35.4016665, 32.940309)
546,2018,1,"עין אל אסד","עיןאלאסד",2018-06-19,171.542588281596,1,6,872,"HaZafon",c(35.4016665, 32.940309)
546,2019,1,"עין אל אסד","עיןאלאסד",2019-05-20,171.542588281596,1,5,886,"HaZafon",c(35.4016665, 32.940309)
547,2015,1,"טמרה יזרעאל","טמרהיזרעאל",2015-03-11,143.305433535341,1,3,1510,"HaZafon",c(35.4044136, 32.6343095)
547,2016,1,"טמרה יזרעאל","טמרהיזרעאל",2016-09-20,143.305433535341,1,9,1540,"HaZafon",c(35.4044136, 32.6343095)
549,2016,1,"גנות הדר","גנותהדר",2016-09-20,88.951503561417,1,9,940,"HaMerkaz",c(34.9006006, 32.3204344)
549,2017,1,"גנות הדר","גנותהדר",2017-02-07,88.951503561417,1,2,956,"HaMerkaz",c(34.9006006, 32.3204344)
549,2021,1,"גנות הדר","גנותהדר",2021-05-11,88.951503561417,1,5,963,"HaMerkaz",c(34.9006006, 32.3204344)
553,2014,1,"ניר בנים","נירבנים",2014-07-27,21.9308190705708,1,7,700,"HaDarom",c(34.754475, 31.672068)
553,2014,1,"ניר בנים","נירבנים",2014-08-05,21.9308190705708,1,8,700,"HaDarom",c(34.754475, 31.672068)
553,2016,1,"ניר בנים","נירבנים",2016-09-20,21.9308190705708,1,9,720,"HaDarom",c(34.754475, 31.672068)
553,2019,1,"ניר בנים","נירבנים",2019-05-05,21.9308190705708,1,5,726,"HaDarom",c(34.754475, 31.672068)
553,2023,1,"ניר בנים","נירבנים",2023-10-22,21.9308190705708,1,10,NA,"HaDarom",c(34.754475, 31.672068)
555,2014,1,"שדמה","שדמה",2014-07-29,34.3215509521821,1,7,590,"HaMerkaz",c(34.7408986, 31.8321615)
555,2014,1,"שדמה","שדמה",2014-08-23,34.3215509521821,1,8,590,"HaMerkaz",c(34.7408986, 31.8321615)
555,2016,1,"שדמה","שדמה",2016-09-20,34.3215509521821,1,9,630,"HaMerkaz",c(34.7408986, 31.8321615)
555,2017,1,"שדמה","שדמה",2017-08-08,34.3215509521821,1,8,622,"HaMerkaz",c(34.7408986, 31.8321615)
555,2019,1,"שדמה","שדמה",2019-05-05,34.3215509521821,1,5,593,"HaMerkaz",c(34.7408986, 31.8321615)
555,2019,1,"שדמה","שדמה",2019-11-13,34.3215509521821,1,11,593,"HaMerkaz",c(34.7408986, 31.8321615)
555,2021,1,"שדמה","שדמה",2021-05-14,34.3215509521821,1,5,586,"HaMerkaz",c(34.7408986, 31.8321615)
555,2023,1,"שדמה","שדמה",2023-05-13,34.3215509521821,1,5,NA,"HaMerkaz",c(34.7408986, 31.8321615)
555,2023,1,"שדמה","שדמה",2023-12-02,34.3215509521821,1,12,NA,"HaMerkaz",c(34.7408986, 31.8321615)
555,2023,1,"שדמה","שדמה",2023-11-20,34.3215509521821,1,11,NA,"HaMerkaz",c(34.7408986, 31.8321615)
555,2023,1,"שדמה","שדמה",2023-10-07,34.3215509521821,1,10,NA,"HaMerkaz",c(34.7408986, 31.8321615)
559,2014,1,"בוסתן הגליל","בוסתןהגליל",2014-08-23,159.505005966831,1,8,890,"HaZafon",c(35.0824711, 32.9521655)
559,2016,1,"בוסתן הגליל","בוסתןהגליל",2016-05-31,159.505005966831,1,5,1200,"HaZafon",c(35.0824711, 32.9521655)
559,2016,1,"בוסתן הגליל","בוסתןהגליל",2016-09-20,159.505005966831,1,9,1200,"HaZafon",c(35.0824711, 32.9521655)
559,2018,1,"בוסתן הגליל","בוסתןהגליל",2018-02-10,159.505005966831,1,2,1305,"HaZafon",c(35.0824711, 32.9521655)
559,2018,1,"בוסתן הגליל","בוסתןהגליל",2018-06-19,159.505005966831,1,6,1305,"HaZafon",c(35.0824711, 32.9521655)
559,2019,1,"בוסתן הגליל","בוסתןהגליל",2019-05-20,159.505005966831,1,5,1302,"HaZafon",c(35.0824711, 32.9521655)
559,2023,1,"בוסתן הגליל","בוסתןהגליל",2023-12-12,159.505005966831,1,12,NA,"HaZafon",c(35.0824711, 32.9521655)
562,2014,1,"בית אלעזרי","ביתאלעזרי",2014-08-05,38.1194392733803,1,8,1440,"HaMerkaz",c(34.801868, 31.84349)
562,2014,1,"בית אלעזרי","ביתאלעזרי",2014-07-29,38.1194392733803,1,7,1440,"HaMerkaz",c(34.801868, 31.84349)
562,2016,1,"בית אלעזרי","ביתאלעזרי",2016-09-20,38.1194392733803,1,9,1530,"HaMerkaz",c(34.801868, 31.84349)
562,2017,1,"בית אלעזרי","ביתאלעזרי",2017-08-08,38.1194392733803,1,8,1543,"HaMerkaz",c(34.801868, 31.84349)
562,2019,1,"בית אלעזרי","ביתאלעזרי",2019-05-04,38.1194392733803,1,5,1568,"HaMerkaz",c(34.801868, 31.84349)
562,2019,1,"בית אלעזרי","ביתאלעזרי",2019-11-12,38.1194392733803,1,11,1568,"HaMerkaz",c(34.801868, 31.84349)
562,2021,1,"בית אלעזרי","ביתאלעזרי",2021-05-11,38.1194392733803,1,5,1576,"HaMerkaz",c(34.801868, 31.84349)
562,2023,1,"בית אלעזרי","ביתאלעזרי",2023-10-07,38.1194392733803,1,10,NA,"HaMerkaz",c(34.801868, 31.84349)
562,2023,1,"בית אלעזרי","ביתאלעזרי",2023-12-02,38.1194392733803,1,12,NA,"HaMerkaz",c(34.801868, 31.84349)
562,2023,1,"בית אלעזרי","ביתאלעזרי",2023-11-20,38.1194392733803,1,11,NA,"HaMerkaz",c(34.801868, 31.84349)
563,2014,1,"משמר דוד","משמרדוד",2014-08-01,43.9986324686955,1,8,600,"HaMerkaz",c(34.9010999, 31.8223665)
563,2016,1,"משמר דוד","משמרדוד",2016-09-20,43.9986324686955,1,9,770,"HaMerkaz",c(34.9010999, 31.8223665)
563,2017,1,"משמר דוד","משמרדוד",2017-08-08,43.9986324686955,1,8,806,"HaMerkaz",c(34.9010999, 31.8223665)
563,2019,1,"משמר דוד","משמרדוד",2019-11-13,43.9986324686955,1,11,949,"HaMerkaz",c(34.9010999, 31.8223665)
563,2019,1,"משמר דוד","משמרדוד",2019-05-04,43.9986324686955,1,5,949,"HaMerkaz",c(34.9010999, 31.8223665)
563,2021,1,"משמר דוד","משמרדוד",2021-05-11,43.9986324686955,1,5,1304,"HaMerkaz",c(34.9010999, 31.8223665)
563,2023,1,"משמר דוד","משמרדוד",2023-10-07,43.9986324686955,1,10,NA,"HaMerkaz",c(34.9010999, 31.8223665)
564,2014,1,"רבדים","רבדים",2014-08-24,33.4225491919971,1,8,640,"HaDarom",c(34.8143065, 31.7718645)
564,2014,1,"רבדים","רבדים",2014-07-29,33.4225491919971,1,7,640,"HaDarom",c(34.8143065, 31.7718645)
564,2016,1,"רבדים","רבדים",2016-09-20,33.4225491919971,1,9,680,"HaDarom",c(34.8143065, 31.7718645)
564,2017,1,"רבדים","רבדים",2017-08-08,33.4225491919971,1,8,702,"HaDarom",c(34.8143065, 31.7718645)
564,2019,1,"רבדים","רבדים",2019-05-05,33.4225491919971,1,5,813,"HaDarom",c(34.8143065, 31.7718645)
564,2019,1,"רבדים","רבדים",2019-11-13,33.4225491919971,1,11,813,"HaDarom",c(34.8143065, 31.7718645)
564,2023,1,"רבדים","רבדים",2023-05-13,33.4225491919971,1,5,NA,"HaDarom",c(34.8143065, 31.7718645)
564,2023,1,"רבדים","רבדים",2023-10-07,33.4225491919971,1,10,NA,"HaDarom",c(34.8143065, 31.7718645)
565,2014,1,"אזור","אזור",2014-08-25,55.2078569199895,1,8,11980,"Tel Aviv",c(34.806161, 32.0219125)
565,2014,1,"אזור","אזור",2014-07-29,55.2078569199895,1,7,11980,"Tel Aviv",c(34.806161, 32.0219125)
565,2016,1,"אזור","אזור",2016-09-20,55.2078569199895,1,9,12570,"Tel Aviv",c(34.806161, 32.0219125)
565,2017,1,"אזור","אזור",2017-11-02,55.2078569199895,1,11,12700,"Tel Aviv",c(34.806161, 32.0219125)
565,2018,1,"אזור","אזור",2018-12-26,55.2078569199895,1,12,12853,"Tel Aviv",c(34.806161, 32.0219125)
565,2019,1,"אזור","אזור",2019-03-14,55.2078569199895,1,3,12956,"Tel Aviv",c(34.806161, 32.0219125)
565,2021,1,"אזור","אזור",2021-05-11,55.2078569199895,1,5,13474,"Tel Aviv",c(34.806161, 32.0219125)
565,2022,1,"אזור","אזור",2022-08-06,55.2078569199895,1,8,13593,"Tel Aviv",c(34.806161, 32.0219125)
565,2023,1,"אזור","אזור",2023-10-27,55.2078569199895,1,10,NA,"Tel Aviv",c(34.806161, 32.0219125)
565,2023,1,"אזור","אזור",2023-05-10,55.2078569199895,1,5,NA,"Tel Aviv",c(34.806161, 32.0219125)
565,2023,1,"אזור","אזור",2023-11-17,55.2078569199895,1,11,NA,"Tel Aviv",c(34.806161, 32.0219125)
565,2023,1,"אזור","אזור",2023-12-05,55.2078569199895,1,12,NA,"Tel Aviv",c(34.806161, 32.0219125)
566,2014,1,"גבעת שמש","גבעתשמש",2014-07-29,44.5102396398,1,7,70,"Jerusalem",c(34.95055, 31.7741885)
566,2014,1,"גבעת שמש","גבעתשמש",2014-08-19,44.5102396398,1,8,70,"Jerusalem",c(34.95055, 31.7741885)
566,2016,1,"גבעת שמש","גבעתשמש",2016-09-20,44.5102396398,1,9,90,"Jerusalem",c(34.95055, 31.7741885)
566,2016,1,"גבעת שמש","גבעתשמש",2016-07-06,44.5102396398,1,7,90,"Jerusalem",c(34.95055, 31.7741885)
566,2017,1,"גבעת שמש","גבעתשמש",2017-12-05,44.5102396398,1,12,86,"Jerusalem",c(34.95055, 31.7741885)
566,2019,1,"גבעת שמש","גבעתשמש",2019-05-04,44.5102396398,1,5,64,"Jerusalem",c(34.95055, 31.7741885)
566,2023,1,"רטורנו - גבעת שמש","רטורנוגבעתשמש",2023-10-07,44.5102396398,1,10,NA,"Jerusalem",c(34.95055, 31.7741885)
567,2014,1,"פארק צרעה","פארקצרעה",2014-08-19,44.7510385816164,1,8,890,"Jerusalem",c(34.9738314, 31.761916)
567,2014,1,"פארק צרעה","פארקצרעה",2014-07-29,44.7510385816164,1,7,890,"Jerusalem",c(34.9738314, 31.761916)
567,2016,1,"פארק צרעה","פארקצרעה",2016-09-20,44.7510385816164,1,9,900,"Jerusalem",c(34.9738314, 31.761916)
567,2016,1,"פארק צרעה","פארקצרעה",2016-07-06,44.7510385816164,1,7,900,"Jerusalem",c(34.9738314, 31.761916)
567,2017,1,"פארק צרעה","פארקצרעה",2017-12-05,44.7510385816164,1,12,908,"Jerusalem",c(34.9738314, 31.761916)
567,2019,1,"פארק צרעה","פארקצרעה",2019-05-04,44.7510385816164,1,5,930,"Jerusalem",c(34.9738314, 31.761916)
567,2023,1,"צרעה","צרעה",2023-10-07,44.7510385816164,1,10,NA,"Jerusalem",c(34.9697485, 31.7618814)
567,2023,1,"צרעה","צרעה",2023-12-15,44.7510385816164,1,12,NA,"Jerusalem",c(34.9697485, 31.7618814)
570,2016,1,"מעונה","מעונה",2016-12-06,172.740401521259,1,12,980,"HaZafon",c(35.2592935, 33.017219)
570,2016,1,"מעונה","מעונה",2016-09-20,172.740401521259,1,9,980,"HaZafon",c(35.2592935, 33.017219)
570,2018,1,"מעונה","מעונה",2018-02-10,172.740401521259,1,2,963,"HaZafon",c(35.2592935, 33.017219)
570,2019,1,"מעונה","מעונה",2019-05-20,172.740401521259,1,5,963,"HaZafon",c(35.2592935, 33.017219)
570,2023,1,"מעונה","מעונה",2023-12-11,172.740401521259,1,12,NA,"HaZafon",c(35.2592935, 33.017219)
571,2014,1,"בית גמליאל","ביתגמליאל",2014-08-25,37.6069805510593,1,8,950,"HaMerkaz",c(34.7617969, 31.8582065)
571,2014,1,"בית גמליאל","ביתגמליאל",2014-07-29,37.6069805510593,1,7,950,"HaMerkaz",c(34.7617969, 31.8582065)
571,2016,1,"בית גמליאל","ביתגמליאל",2016-09-20,37.6069805510593,1,9,960,"HaMerkaz",c(34.7617969, 31.8582065)
571,2017,1,"בית גמליאל","ביתגמליאל",2017-08-08,37.6069805510593,1,8,982,"HaMerkaz",c(34.7617969, 31.8582065)
571,2019,1,"בית גמליאל","ביתגמליאל",2019-11-13,37.6069805510593,1,11,1019,"HaMerkaz",c(34.7617969, 31.8582065)
571,2019,1,"בית גמליאל","ביתגמליאל",2019-05-05,37.6069805510593,1,5,1019,"HaMerkaz",c(34.7617969, 31.8582065)
571,2021,1,"בית גמליאל","ביתגמליאל",2021-05-14,37.6069805510593,1,5,1026,"HaMerkaz",c(34.7617969, 31.8582065)
571,2023,1,"בית גמליאל","ביתגמליאל",2023-11-20,37.6069805510593,1,11,NA,"HaMerkaz",c(34.7617969, 31.8582065)
571,2023,1,"בית גמליאל","ביתגמליאל",2023-12-08,37.6069805510593,1,12,NA,"HaMerkaz",c(34.7617969, 31.8582065)
571,2023,1,"בית גמליאל","ביתגמליאל",2023-10-14,37.6069805510593,1,10,NA,"HaMerkaz",c(34.7617969, 31.8582065)
572,2014,1,"בית העמק","ביתהעמק",2014-08-23,163.885810152532,1,8,490,"HaZafon",c(35.1453195, 32.971832)
572,2016,1,"בית העמק","ביתהעמק",2016-05-31,163.885810152532,1,5,540,"HaZafon",c(35.1453195, 32.971832)
572,2016,1,"בית העמק","ביתהעמק",2016-09-20,163.885810152532,1,9,540,"HaZafon",c(35.1453195, 32.971832)
572,2018,1,"בית העמק","ביתהעמק",2018-02-10,163.885810152532,1,2,554,"HaZafon",c(35.1453195, 32.971832)
572,2018,1,"בית העמק","ביתהעמק",2018-06-19,163.885810152532,1,6,554,"HaZafon",c(35.1453195, 32.971832)
572,2019,1,"בית העמק","ביתהעמק",2019-05-20,163.885810152532,1,5,578,"HaZafon",c(35.1453195, 32.971832)
573,2014,1,"מבקיעים","מבקיעים",2014-08-10,7.07282340890078,1,8,380,"HaDarom",c(34.5772195, 31.6223895)
573,2014,1,"מבקיעים","מבקיעים",2014-07-30,7.07282340890078,1,7,380,"HaDarom",c(34.5772195, 31.6223895)
573,2015,1,"מבקיעים","מבקיעים",2015-06-06,7.07282340890078,1,6,400,"HaDarom",c(34.5772195, 31.6223895)
573,2016,1,"מבקיעים","מבקיעים",2016-09-20,7.07282340890078,1,9,420,"HaDarom",c(34.5772195, 31.6223895)
573,2017,1,"מבקיעים","מבקיעים",2017-12-11,7.07282340890078,1,12,445,"HaDarom",c(34.5772195, 31.6223895)
573,2018,1,"מבקיעים","מבקיעים",2018-08-09,7.07282340890078,1,8,484,"HaDarom",c(34.5772195, 31.6223895)
573,2018,1,"מבקיעים","מבקיעים",2018-07-14,7.07282340890078,1,7,484,"HaDarom",c(34.5772195, 31.6223895)
573,2018,1,"מבקיעים","מבקיעים",2018-11-13,7.07282340890078,1,11,484,"HaDarom",c(34.5772195, 31.6223895)
573,2018,1,"מבקיעים","מבקיעים",2018-02-18,7.07282340890078,1,2,484,"HaDarom",c(34.5772195, 31.6223895)
573,2018,1,"מבקיעים","מבקיעים",2018-05-30,7.07282340890078,1,5,484,"HaDarom",c(34.5772195, 31.6223895)
573,2019,1,"מבקיעים","מבקיעים",2019-05-04,7.07282340890078,1,5,484,"HaDarom",c(34.5772195, 31.6223895)
573,2019,1,"מבקיעים","מבקיעים",2019-09-11,7.07282340890078,1,9,484,"HaDarom",c(34.5772195, 31.6223895)
573,2019,1,"מבקיעים","מבקיעים",2019-11-13,7.07282340890078,1,11,484,"HaDarom",c(34.5772195, 31.6223895)
573,2020,1,"מבקיעים","מבקיעים",2020-02-24,7.07282340890078,1,2,478,"HaDarom",c(34.5772195, 31.6223895)
573,2020,1,"מבקיעים","מבקיעים",2020-10-22,7.07282340890078,1,10,478,"HaDarom",c(34.5772195, 31.6223895)
573,2020,1,"מבקיעים","מבקיעים",2020-12-25,7.07282340890078,1,12,478,"HaDarom",c(34.5772195, 31.6223895)
573,2021,1,"מבקיעים","מבקיעים",2021-05-11,7.07282340890078,1,5,509,"HaDarom",c(34.5772195, 31.6223895)
573,2021,1,"מבקיעים","מבקיעים",2021-10-18,7.07282340890078,1,10,509,"HaDarom",c(34.5772195, 31.6223895)
573,2022,1,"מבקיעים","מבקיעים",2022-06-18,7.07282340890078,1,6,517,"HaDarom",c(34.5772195, 31.6223895)
573,2022,1,"מבקיעים","מבקיעים",2022-08-05,7.07282340890078,1,8,517,"HaDarom",c(34.5772195, 31.6223895)
573,2023,1,"מבקיעים","מבקיעים",2023-12-05,7.07282340890078,1,12,NA,"HaDarom",c(34.5772195, 31.6223895)
573,2023,1,"מבקיעים","מבקיעים",2023-05-11,7.07282340890078,1,5,NA,"HaDarom",c(34.5772195, 31.6223895)
573,2023,1,"מבקיעים","מבקיעים",2023-11-17,7.07282340890078,1,11,NA,"HaDarom",c(34.5772195, 31.6223895)
573,2023,1,"מבקיעים","מבקיעים",2023-10-07,7.07282340890078,1,10,NA,"HaDarom",c(34.5772195, 31.6223895)
574,2015,1,"גשר הזיו","גשרהזיו",2015-12-20,169.793601763405,1,12,1610,"HaZafon",c(35.1114795, 33.0389234)
574,2016,1,"גשר הזיו","גשרהזיו",2016-12-06,169.793601763405,1,12,1620,"HaZafon",c(35.1114795, 33.0389234)
574,2016,1,"גשר הזיו","גשרהזיו",2016-09-20,169.793601763405,1,9,1620,"HaZafon",c(35.1114795, 33.0389234)
574,2019,1,"גשר הזיו","גשרהזיו",2019-05-20,169.793601763405,1,5,1614,"HaZafon",c(35.1114795, 33.0389234)
574,2023,1,"גשר הזיו","גשרהזיו",2023-10-29,169.793601763405,1,10,NA,"HaZafon",c(35.1114795, 33.0389234)
574,2023,1,"גשר הזיו","גשרהזיו",2023-11-12,169.793601763405,1,11,NA,"HaZafon",c(35.1114795, 33.0389234)
575,2016,1,"יסעור","יסעור",2016-09-20,157.640638068419,1,9,790,"HaZafon",c(35.1658504, 32.900553)
575,2016,1,"יסעור","יסעור",2016-05-31,157.640638068419,1,5,790,"HaZafon",c(35.1658504, 32.900553)
575,2018,1,"יסעור","יסעור",2018-06-19,157.640638068419,1,6,857,"HaZafon",c(35.1658504, 32.900553)
575,2019,1,"יסעור","יסעור",2019-05-20,157.640638068419,1,5,867,"HaZafon",c(35.1658504, 32.900553)
576,2016,1,"כברי","כברי",2016-12-06,169.300322388771,1,12,1030,"HaZafon",c(35.149237, 33.021039)
576,2016,1,"כברי","כברי",2016-09-20,169.300322388771,1,9,1030,"HaZafon",c(35.149237, 33.021039)
576,2018,1,"כברי","כברי",2018-02-10,169.300322388771,1,2,1051,"HaZafon",c(35.149237, 33.021039)
576,2019,1,"כברי","כברי",2019-05-20,169.300322388771,1,5,1054,"HaZafon",c(35.149237, 33.021039)
576,2021,1,"כברי","כברי",2021-07-20,169.300322388771,1,7,1098,"HaZafon",c(35.149237, 33.021039)
576,2023,1,"כברי","כברי",2023-11-12,169.300322388771,1,11,NA,"HaZafon",c(35.149237, 33.021039)
577,2014,1,"יד בנימין","ידבנימין",2014-07-29,36.3023800316322,1,7,3710,"HaMerkaz",c(34.8217669, 31.7971735)
577,2014,1,"יד בנימין","ידבנימין",2014-08-23,36.3023800316322,1,8,3710,"HaMerkaz",c(34.8217669, 31.7971735)
577,2016,1,"יד בנימין","ידבנימין",2016-09-20,36.3023800316322,1,9,3930,"HaMerkaz",c(34.8217669, 31.7971735)
577,2017,1,"יד בנימין","ידבנימין",2017-08-08,36.3023800316322,1,8,4049,"HaMerkaz",c(34.8217669, 31.7971735)
577,2019,1,"יד בנימין","ידבנימין",2019-11-13,36.3023800316322,1,11,4268,"HaMerkaz",c(34.8217669, 31.7971735)
577,2019,1,"יד בנימין","ידבנימין",2019-05-05,36.3023800316322,1,5,4268,"HaMerkaz",c(34.8217669, 31.7971735)
577,2021,1,"יד בנימין","ידבנימין",2021-05-18,36.3023800316322,1,5,4272,"HaMerkaz",c(34.8217669, 31.7971735)
577,2023,1,"יד בנימין","ידבנימין",2023-05-13,36.3023800316322,1,5,NA,"HaMerkaz",c(34.8217669, 31.7971735)
577,2023,1,"יד בנימין","ידבנימין",2023-10-07,36.3023800316322,1,10,NA,"HaMerkaz",c(34.8217669, 31.7971735)
578,2016,1,"סאסא","סאסא",2016-09-20,179.579453281711,1,9,400,"HaZafon",c(35.3944125, 33.027665)
578,2016,1,"סאסא","סאסא",2016-12-06,179.579453281711,1,12,400,"HaZafon",c(35.3944125, 33.027665)
578,2018,1,"סאסא","סאסא",2018-02-10,179.579453281711,1,2,403,"HaZafon",c(35.3944125, 33.027665)
578,2019,1,"סאסא","סאסא",2019-05-20,179.579453281711,1,5,416,"HaZafon",c(35.3944125, 33.027665)
578,2020,1,"סאסא","סאסא",2020-08-07,179.579453281711,1,8,400,"HaZafon",c(35.3944125, 33.027665)
578,2023,1,"סאסא","סאסא",2023-11-23,179.579453281711,1,11,NA,"HaZafon",c(35.3944125, 33.027665)
579,2015,1,"כפר ראש הנקרה","כפרראשהנקרה",2015-12-20,174.333113219882,1,12,1270,"HaZafon",c(35.1156505, 33.086191)
579,2016,1,"כפר ראש הנקרה","כפרראשהנקרה",2016-12-06,174.333113219882,1,12,1350,"HaZafon",c(35.1156505, 33.086191)
579,2016,1,"כפר ראש הנקרה","כפרראשהנקרה",2016-09-20,174.333113219882,1,9,1350,"HaZafon",c(35.1156505, 33.086191)
579,2018,1,"כפר ראש הנקרה","כפרראשהנקרה",2018-02-10,174.333113219882,1,2,1365,"HaZafon",c(35.1156505, 33.086191)
579,2019,1,"כפר ראש הנקרה","כפרראשהנקרה",2019-05-20,174.333113219882,1,5,1363,"HaZafon",c(35.1156505, 33.086191)
579,2021,1,"ראש הנקרה","ראשהנקרה",2021-07-20,174.333113219882,1,7,1406,"HaZafon",c(35.1156505, 33.086191)
579,2023,1,"ראש הנקרה","ראשהנקרה",2023-04-06,174.333113219882,1,4,NA,"HaZafon",c(35.1156505, 33.086191)
579,2023,1,"ראש הנקרה","ראשהנקרה",2023-11-22,174.333113219882,1,11,NA,"HaZafon",c(35.1156505, 33.086191)
579,2023,1,"ראש הנקרה","ראשהנקרה",2023-12-13,174.333113219882,1,12,NA,"HaZafon",c(35.1156505, 33.086191)
579,2023,1,"ראש הנקרה","ראשהנקרה",2023-10-19,174.333113219882,1,10,NA,"HaZafon",c(35.1156505, 33.086191)
582,2014,1,"כפר הנגיד","כפרהנגיד",2014-08-19,39.5682386860212,1,8,1220,"HaMerkaz",c(34.7492975, 31.8877665)
582,2014,1,"כפר הנגיד","כפרהנגיד",2014-07-29,39.5682386860212,1,7,1220,"HaMerkaz",c(34.7492975, 31.8877665)
582,2016,1,"כפר הנגיד","כפרהנגיד",2016-09-20,39.5682386860212,1,9,1220,"HaMerkaz",c(34.7492975, 31.8877665)
582,2017,1,"כפר הנגיד","כפרהנגיד",2017-08-08,39.5682386860212,1,8,1216,"HaMerkaz",c(34.7492975, 31.8877665)
582,2019,1,"כפר הנגיד","כפרהנגיד",2019-11-12,39.5682386860212,1,11,1260,"HaMerkaz",c(34.7492975, 31.8877665)
582,2019,1,"כפר הנגיד","כפרהנגיד",2019-05-05,39.5682386860212,1,5,1260,"HaMerkaz",c(34.7492975, 31.8877665)
582,2021,1,"כפר הנגיד","כפרהנגיד",2021-05-13,39.5682386860212,1,5,1223,"HaMerkaz",c(34.7492975, 31.8877665)
582,2022,1,"כפר הנגיד","כפרהנגיד",2022-08-07,39.5682386860212,1,8,1226,"HaMerkaz",c(34.7492975, 31.8877665)
582,2023,1,"כפר הנגיד","כפרהנגיד",2023-10-24,39.5682386860212,1,10,NA,"HaMerkaz",c(34.7492975, 31.8877665)
582,2023,1,"כפר הנגיד","כפרהנגיד",2023-11-21,39.5682386860212,1,11,NA,"HaMerkaz",c(34.7492975, 31.8877665)
582,2023,1,"כפר הנגיד","כפרהנגיד",2023-12-08,39.5682386860212,1,12,NA,"HaMerkaz",c(34.7492975, 31.8877665)
584,2014,1,"זיקים","זיקים",2014-08-04,2.2675710153722,1,8,620,"HaDarom",c(34.5211984, 31.6086824)
584,2014,1,"זיקים","זיקים",2014-07-30,2.2675710153722,1,7,620,"HaDarom",c(34.5211984, 31.6086824)
584,2015,1,"זיקים","זיקים",2015-10-10,2.2675710153722,1,10,630,"HaDarom",c(34.5211984, 31.6086824)
584,2016,1,"זיקים","זיקים",2016-09-20,2.2675710153722,1,9,670,"HaDarom",c(34.5211984, 31.6086824)
584,2017,1,"זיקים","זיקים",2017-02-06,2.2675710153722,1,2,734,"HaDarom",c(34.5211984, 31.6086824)
584,2017,1,"זיקים","זיקים",2017-12-11,2.2675710153722,1,12,734,"HaDarom",c(34.5211984, 31.6086824)
584,2017,1,"זיקים","זיקים",2017-08-08,2.2675710153722,1,8,734,"HaDarom",c(34.5211984, 31.6086824)
584,2017,1,"זיקים","זיקים",2017-06-03,2.2675710153722,1,6,734,"HaDarom",c(34.5211984, 31.6086824)
584,2018,1,"זיקים","זיקים",2018-08-09,2.2675710153722,1,8,810,"HaDarom",c(34.5211984, 31.6086824)
584,2018,1,"זיקים","זיקים",2018-03-25,2.2675710153722,1,3,810,"HaDarom",c(34.5211984, 31.6086824)
584,2018,1,"זיקים","זיקים",2018-11-12,2.2675710153722,1,11,810,"HaDarom",c(34.5211984, 31.6086824)
584,2018,1,"זיקים","זיקים",2018-06-20,2.2675710153722,1,6,810,"HaDarom",c(34.5211984, 31.6086824)
584,2018,1,"זיקים","זיקים",2018-05-30,2.2675710153722,1,5,810,"HaDarom",c(34.5211984, 31.6086824)
584,2018,1,"זיקים","זיקים",2018-02-18,2.2675710153722,1,2,810,"HaDarom",c(34.5211984, 31.6086824)
584,2018,1,"זיקים","זיקים",2018-07-14,2.2675710153722,1,7,810,"HaDarom",c(34.5211984, 31.6086824)
584,2019,1,"זיקים","זיקים",2019-05-05,2.2675710153722,1,5,852,"HaDarom",c(34.5211984, 31.6086824)
584,2019,1,"זיקים","זיקים",2019-03-26,2.2675710153722,1,3,852,"HaDarom",c(34.5211984, 31.6086824)
584,2019,1,"זיקים","זיקים",2019-09-11,2.2675710153722,1,9,852,"HaDarom",c(34.5211984, 31.6086824)
584,2019,1,"זיקים","זיקים",2019-11-13,2.2675710153722,1,11,852,"HaDarom",c(34.5211984, 31.6086824)
584,2020,1,"זיקים","זיקים",2020-08-18,2.2675710153722,1,8,858,"HaDarom",c(34.5211984, 31.6086824)
584,2020,1,"זיקים","זיקים",2020-12-25,2.2675710153722,1,12,858,"HaDarom",c(34.5211984, 31.6086824)
584,2020,1,"זיקים","זיקים",2020-02-24,2.2675710153722,1,2,858,"HaDarom",c(34.5211984, 31.6086824)
584,2021,1,"זיקים","זיקים",2021-10-18,2.2675710153722,1,10,894,"HaDarom",c(34.5211984, 31.6086824)
584,2021,1,"זיקים","זיקים",2021-03-11,2.2675710153722,1,3,894,"HaDarom",c(34.5211984, 31.6086824)
584,2021,1,"זיקים","זיקים",2021-04-24,2.2675710153722,1,4,894,"HaDarom",c(34.5211984, 31.6086824)
584,2021,1,"זיקים","זיקים",2021-05-14,2.2675710153722,1,5,894,"HaDarom",c(34.5211984, 31.6086824)
584,2022,1,"זיקים","זיקים",2022-08-07,2.2675710153722,1,8,918,"HaDarom",c(34.5211984, 31.6086824)
584,2022,1,"זיקים","זיקים",2022-06-18,2.2675710153722,1,6,918,"HaDarom",c(34.5211984, 31.6086824)
584,2023,1,"זיקים","זיקים",2023-10-08,2.2675710153722,1,10,NA,"HaDarom",c(34.5211984, 31.6086824)
584,2023,1,"זיקים","זיקים",2023-05-03,2.2675710153722,1,5,NA,"HaDarom",c(34.5211984, 31.6086824)
584,2023,1,"זיקים","זיקים",2023-01-26,2.2675710153722,1,1,NA,"HaDarom",c(34.5211984, 31.6086824)
584,2023,1,"זיקים","זיקים",2023-12-02,2.2675710153722,1,12,NA,"HaDarom",c(34.5211984, 31.6086824)
584,2023,1,"זיקים","זיקים",2023-11-14,2.2675710153722,1,11,NA,"HaDarom",c(34.5211984, 31.6086824)
585,2015,1,"לביא","לביא",2015-03-11,159.248389281602,1,3,640,"HaZafon",c(35.442765, 32.7887475)
585,2016,1,"לביא","לביא",2016-09-20,159.248389281602,1,9,620,"HaZafon",c(35.442765, 32.7887475)
585,2017,1,"לביא","לביא",2017-07-18,159.248389281602,1,7,620,"HaZafon",c(35.442765, 32.7887475)
586,2015,1,"מגידו","מגידו",2015-03-11,126.577522553311,1,3,850,"HaZafon",c(35.1799315, 32.5800195)
586,2016,1,"מגידו","מגידו",2016-09-20,126.577522553311,1,9,850,"HaZafon",c(35.1799315, 32.5800195)
586,2016,1,"מגידו","מגידו",2016-06-22,126.577522553311,1,6,850,"HaZafon",c(35.1799315, 32.5800195)
587,2014,1,"סביון","סביון",2014-08-25,60.0477729967761,1,8,3590,"HaMerkaz",c(34.878415, 32.04517)
587,2014,1,"סביון","סביון",2014-07-29,60.0477729967761,1,7,3590,"HaMerkaz",c(34.878415, 32.04517)
587,2016,1,"סביון","סביון",2016-09-20,60.0477729967761,1,9,3790,"HaMerkaz",c(34.878415, 32.04517)
587,2018,1,"סביון","סביון",2018-12-26,60.0477729967761,1,12,3969,"HaMerkaz",c(34.878415, 32.04517)
587,2021,1,"סביון","סביון",2021-05-13,60.0477729967761,1,5,4051,"HaMerkaz",c(34.878415, 32.04517)
587,2023,1,"סביון","סביון",2023-11-07,60.0477729967761,1,11,NA,"HaMerkaz",c(34.878415, 32.04517)
587,2023,1,"סביון","סביון",2023-12-05,60.0477729967761,1,12,NA,"HaMerkaz",c(34.878415, 32.04517)
587,2023,1,"סביון","סביון",2023-10-14,60.0477729967761,1,10,NA,"HaMerkaz",c(34.878415, 32.04517)
588,2014,1,"בני ראם","בניראם",2014-07-29,31.7867642747285,1,7,1360,"HaMerkaz",c(34.7912239, 31.7684064)
588,2014,1,"בני ראם","בניראם",2014-08-03,31.7867642747285,1,8,1360,"HaMerkaz",c(34.7912239, 31.7684064)
588,2016,1,"בני ראם","בניראם",2016-09-20,31.7867642747285,1,9,1340,"HaMerkaz",c(34.7912239, 31.7684064)
588,2017,1,"בני ראם","בניראם",2017-08-08,31.7867642747285,1,8,1356,"HaMerkaz",c(34.7912239, 31.7684064)
588,2019,1,"בני ראם","בניראם",2019-05-05,31.7867642747285,1,5,1417,"HaMerkaz",c(34.7912239, 31.7684064)
588,2019,1,"בני ראם","בניראם",2019-11-12,31.7867642747285,1,11,1417,"HaMerkaz",c(34.7912239, 31.7684064)
588,2021,1,"בני ראם","בניראם",2021-05-11,31.7867642747285,1,5,1416,"HaMerkaz",c(34.7912239, 31.7684064)
588,2023,1,"בני ראם","בניראם",2023-10-07,31.7867642747285,1,10,NA,"HaMerkaz",c(34.7912239, 31.7684064)
588,2023,1,"בני ראם","בניראם",2023-05-13,31.7867642747285,1,5,NA,"HaMerkaz",c(34.7912239, 31.7684064)
589,2015,1,"בצת","בצת",2015-12-20,173.732699074817,1,12,250,"HaZafon",c(35.1327256, 33.0704774)
589,2016,1,"בצת","בצת",2016-12-06,173.732699074817,1,12,260,"HaZafon",c(35.1327256, 33.0704774)
589,2016,1,"בצת","בצת",2016-09-20,173.732699074817,1,9,260,"HaZafon",c(35.1327256, 33.0704774)
589,2018,1,"בצת","בצת",2018-02-10,173.732699074817,1,2,279,"HaZafon",c(35.1327256, 33.0704774)
589,2019,1,"בצת","בצת",2019-05-20,173.732699074817,1,5,295,"HaZafon",c(35.1327256, 33.0704774)
589,2023,1,"בצת","בצת",2023-10-15,173.732699074817,1,10,NA,"HaZafon",c(35.1327256, 33.0704774)
589,2023,1,"בצת","בצת",2023-11-19,173.732699074817,1,11,NA,"HaZafon",c(35.1327256, 33.0704774)
589,2023,1,"בצת","בצת",2023-12-10,173.732699074817,1,12,NA,"HaZafon",c(35.1327256, 33.0704774)
589,2023,1,"בצת","בצת",2023-04-06,173.732699074817,1,4,NA,"HaZafon",c(35.1327256, 33.0704774)
590,2015,1,"נווה אור","נווהאור",2015-03-11,147.980558043945,1,3,330,"HaZafon",c(35.5538404, 32.5879536)
590,2016,1,"נווה אור","נווהאור",2016-09-20,147.980558043945,1,9,330,"HaZafon",c(35.5538404, 32.5879536)
590,2018,1,"נווה אור","נווהאור",2018-02-10,147.980558043945,1,2,342,"HaZafon",c(35.5538404, 32.5879536)
591,2014,1,"עשרת","עשרת",2014-08-23,34.5586271572258,1,8,970,"HaMerkaz",c(34.7470224, 31.8241704)
591,2014,1,"עשרת","עשרת",2014-07-29,34.5586271572258,1,7,970,"HaMerkaz",c(34.7470224, 31.8241704)
591,2016,1,"עשרת","עשרת",2016-09-20,34.5586271572258,1,9,970,"HaMerkaz",c(34.7470224, 31.8241704)
591,2017,1,"עשרת","עשרת",2017-08-08,34.5586271572258,1,8,983,"HaMerkaz",c(34.7470224, 31.8241704)
591,2019,1,"עשרת","עשרת",2019-05-05,34.5586271572258,1,5,1012,"HaMerkaz",c(34.7470224, 31.8241704)
591,2019,1,"עשרת","עשרת",2019-11-13,34.5586271572258,1,11,1012,"HaMerkaz",c(34.7470224, 31.8241704)
591,2021,1,"עשרת","עשרת",2021-05-18,34.5586271572258,1,5,969,"HaMerkaz",c(34.7470224, 31.8241704)
591,2023,1,"עשרת","עשרת",2023-10-07,34.5586271572258,1,10,NA,"HaMerkaz",c(34.7470224, 31.8241704)
591,2023,1,"עשרת","עשרת",2023-12-02,34.5586271572258,1,12,NA,"HaMerkaz",c(34.7470224, 31.8241704)
591,2023,1,"עשרת","עשרת",2023-11-20,34.5586271572258,1,11,NA,"HaMerkaz",c(34.7470224, 31.8241704)
591,2023,1,"עשרת","עשרת",2023-05-13,34.5586271572258,1,5,NA,"HaMerkaz",c(34.7470224, 31.8241704)
592,2014,1,"בני דרום","בנידרום",2014-07-30,30.0951275923396,1,7,630,"HaMerkaz",c(34.6924049, 31.82118)
592,2014,1,"בני דרום","בנידרום",2014-08-03,30.0951275923396,1,8,630,"HaMerkaz",c(34.6924049, 31.82118)
592,2015,1,"בני דרום","בנידרום",2015-09-29,30.0951275923396,1,9,670,"HaMerkaz",c(34.6924049, 31.82118)
592,2015,1,"בני דרום","בנידרום",2015-05-26,30.0951275923396,1,5,670,"HaMerkaz",c(34.6924049, 31.82118)
592,2016,1,"בני דרום","בנידרום",2016-09-20,30.0951275923396,1,9,700,"HaMerkaz",c(34.6924049, 31.82118)
592,2019,1,"בני דרום","בנידרום",2019-05-05,30.0951275923396,1,5,903,"HaMerkaz",c(34.6924049, 31.82118)
592,2019,1,"בני דרום","בנידרום",2019-11-13,30.0951275923396,1,11,903,"HaMerkaz",c(34.6924049, 31.82118)
592,2021,1,"בני דרום","בנידרום",2021-05-12,30.0951275923396,1,5,950,"HaMerkaz",c(34.6924049, 31.82118)
592,2022,1,"בני דרום","בנידרום",2022-08-05,30.0951275923396,1,8,979,"HaMerkaz",c(34.6924049, 31.82118)
592,2023,1,"בני דרום","בנידרום",2023-11-01,30.0951275923396,1,11,NA,"HaMerkaz",c(34.6924049, 31.82118)
592,2023,1,"בני דרום","בנידרום",2023-12-13,30.0951275923396,1,12,NA,"HaMerkaz",c(34.6924049, 31.82118)
592,2023,1,"בני דרום","בנידרום",2023-10-31,30.0951275923396,1,10,NA,"HaMerkaz",c(34.6924049, 31.82118)
592,2023,1,"בני דרום","בנידרום",2023-05-10,30.0951275923396,1,5,NA,"HaMerkaz",c(34.6924049, 31.82118)
593,2014,1,"ערוגות","ערוגות",2014-07-29,27.4225557295461,1,7,1090,"HaDarom",c(34.7724655, 31.7341745)
593,2014,1,"ערוגות","ערוגות",2014-08-05,27.4225557295461,1,8,1090,"HaDarom",c(34.7724655, 31.7341745)
593,2016,1,"ערוגות","ערוגות",2016-09-20,27.4225557295461,1,9,1150,"HaDarom",c(34.7724655, 31.7341745)
593,2019,1,"ערוגות","ערוגות",2019-05-04,27.4225557295461,1,5,1147,"HaDarom",c(34.7724655, 31.7341745)
593,2021,1,"ערוגות","ערוגות",2021-05-11,27.4225557295461,1,5,1145,"HaDarom",c(34.7724655, 31.7341745)
593,2023,1,"ערוגות","ערוגות",2023-10-07,27.4225557295461,1,10,NA,"HaDarom",c(34.7724655, 31.7341745)
594,2014,1,"צפריה","צפריה",2014-08-26,56.2265605623889,1,8,910,"HaMerkaz",c(34.8554411, 32.003126)
594,2014,1,"צפריה","צפריה",2014-07-29,56.2265605623889,1,7,910,"HaMerkaz",c(34.8554411, 32.003126)
594,2015,1,"צפריה","צפריה",2015-03-23,56.2265605623889,1,3,920,"HaMerkaz",c(34.8554411, 32.003126)
594,2016,1,"צפריה","צפריה",2016-09-20,56.2265605623889,1,9,880,"HaMerkaz",c(34.8554411, 32.003126)
594,2021,1,"צפריה","צפריה",2021-05-11,56.2265605623889,1,5,1035,"HaMerkaz",c(34.8554411, 32.003126)
594,2023,1,"צפריה","צפריה",2023-10-17,56.2265605623889,1,10,NA,"HaMerkaz",c(34.8554411, 32.003126)
594,2023,1,"צפריה","צפריה",2023-11-05,56.2265605623889,1,11,NA,"HaMerkaz",c(34.8554411, 32.003126)
594,2023,1,"צפריה","צפריה",2023-12-02,56.2265605623889,1,12,NA,"HaMerkaz",c(34.8554411, 32.003126)
595,2016,1,"לוחמי הגיטאות","לוחמיהגיטאות",2016-05-31,161.360621442978,1,5,630,"HaZafon",c(35.0984955, 32.9628374)
595,2016,1,"לוחמי הגיטאות","לוחמיהגיטאות",2016-09-20,161.360621442978,1,9,630,"HaZafon",c(35.0984955, 32.9628374)
595,2018,1,"לוחמי הגיטאות","לוחמיהגיטאות",2018-06-19,161.360621442978,1,6,685,"HaZafon",c(35.0984955, 32.9628374)
595,2019,1,"לוחמי הגיטאות","לוחמיהגיטאות",2019-05-20,161.360621442978,1,5,705,"HaZafon",c(35.0984955, 32.9628374)
596,2016,1,"מלכיה","מלכיה",2016-09-20,191.3836022552,1,9,450,"HaZafon",c(35.5103471, 33.097776)
596,2016,1,"מלכיה","מלכיה",2016-12-06,191.3836022552,1,12,450,"HaZafon",c(35.5103471, 33.097776)
596,2018,1,"מלכיה","מלכיה",2018-02-10,191.3836022552,1,2,452,"HaZafon",c(35.5103471, 33.097776)
596,2019,1,"מלכיה","מלכיה",2019-05-20,191.3836022552,1,5,462,"HaZafon",c(35.5103471, 33.097776)
596,2023,1,"מלכיה","מלכיה",2023-11-06,191.3836022552,1,11,NA,"HaZafon",c(35.5103471, 33.097776)
596,2023,1,"מלכיה","מלכיה",2023-10-17,191.3836022552,1,10,NA,"HaZafon",c(35.5103471, 33.097776)
596,2023,1,"מלכיה","מלכיה",2023-12-09,191.3836022552,1,12,NA,"HaZafon",c(35.5103471, 33.097776)
597,2014,1,"פלמחים","פלמחים",2014-07-30,42.291639636764,1,7,560,"HaMerkaz",c(34.7060765, 31.933804)
597,2014,1,"פלמחים","פלמחים",2014-08-05,42.291639636764,1,8,560,"HaMerkaz",c(34.7060765, 31.933804)
597,2016,1,"פלמחים","פלמחים",2016-09-20,42.291639636764,1,9,640,"HaMerkaz",c(34.7060765, 31.933804)
597,2017,1,"פלמחים","פלמחים",2017-08-08,42.291639636764,1,8,667,"HaMerkaz",c(34.7060765, 31.933804)
597,2019,1,"פלמחים","פלמחים",2019-11-12,42.291639636764,1,11,689,"HaMerkaz",c(34.7060765, 31.933804)
597,2020,1,"פלמחים","פלמחים",2020-11-15,42.291639636764,1,11,745,"HaMerkaz",c(34.7060765, 31.933804)
597,2021,1,"פלמחים","פלמחים",2021-05-16,42.291639636764,1,5,743,"HaMerkaz",c(34.7060765, 31.933804)
597,2022,1,"פלמחים","פלמחים",2022-08-06,42.291639636764,1,8,745,"HaMerkaz",c(34.7060765, 31.933804)
597,2023,1,"פלמחים","פלמחים",2023-11-07,42.291639636764,1,11,NA,"HaMerkaz",c(34.7060765, 31.933804)
597,2023,1,"פלמחים","פלמחים",2023-10-24,42.291639636764,1,10,NA,"HaMerkaz",c(34.7060765, 31.933804)
597,2023,1,"פלמחים","פלמחים",2023-05-11,42.291639636764,1,5,NA,"HaMerkaz",c(34.7060765, 31.933804)
598,2014,1,"בית קמה","ביתקמה",2014-07-29,20.5750128686091,1,7,1350,"HaDarom",c(34.7607044, 31.44731)
598,2014,1,"בית קמה","ביתקמה",2014-08-20,20.5750128686091,1,8,1350,"HaDarom",c(34.7607044, 31.44731)
598,2016,1,"בית קמה","ביתקמה",2016-09-20,20.5750128686091,1,9,1400,"HaDarom",c(34.7607044, 31.44731)
598,2017,1,"בית קמה","ביתקמה",2017-03-21,20.5750128686091,1,3,1445,"HaDarom",c(34.7607044, 31.44731)
598,2018,1,"בית קמה","ביתקמה",2018-11-12,20.5750128686091,1,11,1396,"HaDarom",c(34.7607044, 31.44731)
598,2019,1,"בית קמה","ביתקמה",2019-05-05,20.5750128686091,1,5,1405,"HaDarom",c(34.7607044, 31.44731)
598,2021,1,"בית קמה","ביתקמה",2021-05-12,20.5750128686091,1,5,1420,"HaDarom",c(34.7607044, 31.44731)
599,2016,1,"פרוד","פרוד",2016-09-20,172.426443702888,1,9,490,"HaZafon",c(35.4335105, 32.9316405)
599,2017,1,"פרוד","פרוד",2017-07-18,172.426443702888,1,7,539,"HaZafon",c(35.4335105, 32.9316405)
599,2018,1,"פרוד","פרוד",2018-02-10,172.426443702888,1,2,566,"HaZafon",c(35.4335105, 32.9316405)
599,2019,1,"פרוד","פרוד",2019-05-20,172.426443702888,1,5,595,"HaZafon",c(35.4335105, 32.9316405)
602,2014,1,"נירים","נירים",2014-07-30,1.90732927718915,1,7,340,"HaDarom",c(34.395472, 31.3350285)
602,2014,1,"נירים","נירים",2014-08-20,1.90732927718915,1,8,340,"HaDarom",c(34.395472, 31.3350285)
602,2014,1,"נירים","נירים",2014-10-05,1.90732927718915,1,10,340,"HaDarom",c(34.395472, 31.3350285)
602,2016,1,"נירים","נירים",2016-06-29,1.90732927718915,1,6,370,"HaDarom",c(34.395472, 31.3350285)
602,2016,1,"נירים","נירים",2016-09-20,1.90732927718915,1,9,370,"HaDarom",c(34.395472, 31.3350285)
602,2017,1,"נירים","נירים",2017-01-09,1.90732927718915,1,1,372,"HaDarom",c(34.395472, 31.3350285)
602,2018,1,"נירים","נירים",2018-07-14,1.90732927718915,1,7,362,"HaDarom",c(34.395472, 31.3350285)
602,2018,1,"נירים","נירים",2018-05-29,1.90732927718915,1,5,362,"HaDarom",c(34.395472, 31.3350285)
602,2018,1,"נירים","נירים",2018-08-08,1.90732927718915,1,8,362,"HaDarom",c(34.395472, 31.3350285)
602,2018,1,"נירים","נירים",2018-06-20,1.90732927718915,1,6,362,"HaDarom",c(34.395472, 31.3350285)
602,2018,1,"נירים","נירים",2018-11-12,1.90732927718915,1,11,362,"HaDarom",c(34.395472, 31.3350285)
602,2019,1,"נירים","נירים",2019-11-12,1.90732927718915,1,11,360,"HaDarom",c(34.395472, 31.3350285)
602,2019,1,"נירים","נירים",2019-05-04,1.90732927718915,1,5,360,"HaDarom",c(34.395472, 31.3350285)
602,2019,1,"נירים","נירים",2019-03-25,1.90732927718915,1,3,360,"HaDarom",c(34.395472, 31.3350285)
602,2019,1,"נירים","נירים",2019-06-13,1.90732927718915,1,6,360,"HaDarom",c(34.395472, 31.3350285)
602,2020,1,"נירים","נירים",2020-02-24,1.90732927718915,1,2,372,"HaDarom",c(34.395472, 31.3350285)
602,2020,1,"נירים","נירים",2020-09-16,1.90732927718915,1,9,372,"HaDarom",c(34.395472, 31.3350285)
602,2021,1,"נירים","נירים",2021-05-15,1.90732927718915,1,5,407,"HaDarom",c(34.395472, 31.3350285)
602,2021,1,"נירים","נירים",2021-04-24,1.90732927718915,1,4,407,"HaDarom",c(34.395472, 31.3350285)
602,2022,1,"נירים","נירים",2022-11-03,1.90732927718915,1,11,416,"HaDarom",c(34.395472, 31.3350285)
602,2022,1,"נירים","נירים",2022-08-07,1.90732927718915,1,8,416,"HaDarom",c(34.395472, 31.3350285)
602,2023,1,"נירים","נירים",2023-11-02,1.90732927718915,1,11,NA,"HaDarom",c(34.395472, 31.3350285)
602,2023,1,"נירים","נירים",2023-05-13,1.90732927718915,1,5,NA,"HaDarom",c(34.395472, 31.3350285)
602,2023,1,"נירים","נירים",2023-12-16,1.90732927718915,1,12,NA,"HaDarom",c(34.395472, 31.3350285)
602,2023,1,"נירים","נירים",2023-04-07,1.90732927718915,1,4,NA,"HaDarom",c(34.395472, 31.3350285)
602,2023,1,"נירים","נירים",2023-10-16,1.90732927718915,1,10,NA,"HaDarom",c(34.395472, 31.3350285)
603,2016,1,"אלקוש","אלקוש",2016-09-20,176.946383345659,1,9,310,"HaZafon",c(35.3239164, 33.0335481)
603,2016,1,"אלקוש","אלקוש",2016-12-06,176.946383345659,1,12,310,"HaZafon",c(35.3239164, 33.0335481)
603,2018,1,"אלקוש","אלקוש",2018-02-10,176.946383345659,1,2,292,"HaZafon",c(35.3239164, 33.0335481)
603,2019,1,"אלקוש","אלקוש",2019-05-20,176.946383345659,1,5,275,"HaZafon",c(35.3239164, 33.0335481)
603,2020,1,"אלקוש","אלקוש",2020-08-07,176.946383345659,1,8,269,"HaZafon",c(35.3239164, 33.0335481)
603,2023,1,"אלקוש","אלקוש",2023-10-24,176.946383345659,1,10,NA,"HaZafon",c(35.3239164, 33.0335481)
603,2023,1,"אלקוש","אלקוש",2023-12-09,176.946383345659,1,12,NA,"HaZafon",c(35.3239164, 33.0335481)
604,2014,1,"בית עריף","ביתעריף",2014-07-29,60.0811817332547,1,7,1130,"HaMerkaz",c(34.935068, 31.9946071)
604,2014,1,"בית עריף","ביתעריף",2014-08-26,60.0811817332547,1,8,1130,"HaMerkaz",c(34.935068, 31.9946071)
604,2015,1,"בית עריף","ביתעריף",2015-03-23,60.0811817332547,1,3,1110,"HaMerkaz",c(34.935068, 31.9946071)
604,2016,1,"בית עריף","ביתעריף",2016-09-20,60.0811817332547,1,9,1130,"HaMerkaz",c(34.935068, 31.9946071)
604,2021,1,"בית עריף","ביתעריף",2021-05-15,60.0811817332547,1,5,1202,"HaMerkaz",c(34.935068, 31.9946071)
604,2023,1,"בית עריף","ביתעריף",2023-10-26,60.0811817332547,1,10,NA,"HaMerkaz",c(34.935068, 31.9946071)
604,2023,1,"בית עריף","ביתעריף",2023-11-17,60.0811817332547,1,11,NA,"HaMerkaz",c(34.935068, 31.9946071)
604,2023,1,"בית עריף","ביתעריף",2023-12-02,60.0811817332547,1,12,NA,"HaMerkaz",c(34.935068, 31.9946071)
606,2014,1,"מזור","מזור",2014-08-26,64.1367884791681,1,8,1350,"HaMerkaz",c(34.925621, 32.051183)
606,2014,1,"מזור","מזור",2014-07-29,64.1367884791681,1,7,1350,"HaMerkaz",c(34.925621, 32.051183)
606,2015,1,"מזור","מזור",2015-03-23,64.1367884791681,1,3,1300,"HaMerkaz",c(34.925621, 32.051183)
606,2016,1,"מזור","מזור",2016-09-20,64.1367884791681,1,9,1320,"HaMerkaz",c(34.925621, 32.051183)
606,2021,1,"מזור","מזור",2021-05-16,64.1367884791681,1,5,1330,"HaMerkaz",c(34.925621, 32.051183)
606,2023,1,"מזור","מזור",2023-12-02,64.1367884791681,1,12,NA,"HaMerkaz",c(34.925621, 32.051183)
606,2023,1,"מזור","מזור",2023-10-25,64.1367884791681,1,10,NA,"HaMerkaz",c(34.925621, 32.051183)
606,2023,1,"מזור","מזור",2023-11-02,64.1367884791681,1,11,NA,"HaMerkaz",c(34.925621, 32.051183)
607,2016,1,"מירון","מירון",2016-09-20,177.570882446897,1,9,900,"HaZafon",c(35.438942, 32.987944)
607,2017,1,"מירון","מירון",2017-07-18,177.570882446897,1,7,938,"HaZafon",c(35.438942, 32.987944)
607,2018,1,"מירון","מירון",2018-02-10,177.570882446897,1,2,963,"HaZafon",c(35.438942, 32.987944)
607,2019,1,"מירון","מירון",2019-05-20,177.570882446897,1,5,985,"HaZafon",c(35.438942, 32.987944)
607,2023,1,"מירון","מירון",2023-11-02,177.570882446897,1,11,NA,"HaZafon",c(35.438942, 32.987944)
609,2023,1,"ספסופה - כפר חושן","ספסופהכפרחושן",2023-11-02,179.788713533002,1,11,NA,"HaZafon",c(35.438397, 33.0106885)
610,2014,1,"סתריה","סתריה",2014-08-21,45.5028300212995,1,8,1030,"HaMerkaz",c(34.8436625, 31.890449)
610,2016,1,"סתריה","סתריה",2016-09-20,45.5028300212995,1,9,1040,"HaMerkaz",c(34.8436625, 31.890449)
610,2017,1,"סתריה","סתריה",2017-08-08,45.5028300212995,1,8,1099,"HaMerkaz",c(34.8436625, 31.890449)
610,2019,1,"סתריה","סתריה",2019-05-04,45.5028300212995,1,5,1102,"HaMerkaz",c(34.8436625, 31.890449)
610,2021,1,"סתריה","סתריה",2021-05-12,45.5028300212995,1,5,1092,"HaMerkaz",c(34.8436625, 31.890449)
610,2023,1,"סתריה","סתריה",2023-12-01,45.5028300212995,1,12,NA,"HaMerkaz",c(34.8436625, 31.890449)
610,2023,1,"סתריה","סתריה",2023-11-20,45.5028300212995,1,11,NA,"HaMerkaz",c(34.8436625, 31.890449)
610,2023,1,"סתריה","סתריה",2023-10-07,45.5028300212995,1,10,NA,"HaMerkaz",c(34.8436625, 31.890449)
612,2014,1,"צרופה","צרופה",2014-07-28,123.593660225195,1,7,1100,"Haifa",c(34.945574, 32.648887)
612,2019,1,"צרופה","צרופה",2019-07-31,123.593660225195,1,7,1097,"Haifa",c(34.945574, 32.648887)
613,2015,1,"ציפורי","ציפורי",2015-03-11,146.223523799046,1,3,950,"HaZafon",c(35.278369, 32.7444796)
613,2016,1,"ציפורי","ציפורי",2016-09-20,146.223523799046,1,9,960,"HaZafon",c(35.278369, 32.7444796)
614,2016,1,"שומרה","שומרה",2016-12-06,180.338200039764,1,12,350,"HaZafon",c(35.285244, 33.0853974)
614,2016,1,"שומרה","שומרה",2016-09-20,180.338200039764,1,9,350,"HaZafon",c(35.285244, 33.0853974)
614,2018,1,"שומרה","שומרה",2018-02-10,180.338200039764,1,2,340,"HaZafon",c(35.285244, 33.0853974)
614,2019,1,"שומרה","שומרה",2019-05-20,180.338200039764,1,5,353,"HaZafon",c(35.285244, 33.0853974)
614,2023,1,"שומרה","שומרה",2023-11-14,180.338200039764,1,11,NA,"HaZafon",c(35.285244, 33.0853974)
614,2023,1,"שומרה","שומרה",2023-10-19,180.338200039764,1,10,NA,"HaZafon",c(35.285244, 33.0853974)
614,2023,1,"שומרה","שומרה",2023-04-06,180.338200039764,1,4,NA,"HaZafon",c(35.285244, 33.0853974)
615,2014,1,"קדרון","קדרון",2014-08-23,35.7994988892083,1,8,1570,"HaMerkaz",c(34.7954529, 31.8143475)
615,2014,1,"קדרון","קדרון",2014-07-29,35.7994988892083,1,7,1570,"HaMerkaz",c(34.7954529, 31.8143475)
615,2016,1,"קדרון","קדרון",2016-09-20,35.7994988892083,1,9,1580,"HaMerkaz",c(34.7954529, 31.8143475)
615,2017,1,"קדרון","קדרון",2017-08-08,35.7994988892083,1,8,1594,"HaMerkaz",c(34.7954529, 31.8143475)
615,2019,1,"קדרון","קדרון",2019-05-05,35.7994988892083,1,5,1607,"HaMerkaz",c(34.7954529, 31.8143475)
615,2019,1,"קדרון","קדרון",2019-11-12,35.7994988892083,1,11,1607,"HaMerkaz",c(34.7954529, 31.8143475)
615,2021,1,"קדרון","קדרון",2021-05-11,35.7994988892083,1,5,1615,"HaMerkaz",c(34.7954529, 31.8143475)
615,2023,1,"קדרון","קדרון",2023-12-02,35.7994988892083,1,12,NA,"HaMerkaz",c(34.7954529, 31.8143475)
615,2023,1,"קדרון","קדרון",2023-11-20,35.7994988892083,1,11,NA,"HaMerkaz",c(34.7954529, 31.8143475)
615,2023,1,"קדרון","קדרון",2023-10-07,35.7994988892083,1,10,NA,"HaMerkaz",c(34.7954529, 31.8143475)
616,2014,1,"רינתיה","רינתיה",2014-07-29,63.494976192986,1,7,1160,"HaMerkaz",c(34.9282085, 32.0448175)
616,2014,1,"רינתיה","רינתיה",2014-08-26,63.494976192986,1,8,1160,"HaMerkaz",c(34.9282085, 32.0448175)
616,2015,1,"רינתיה","רינתיה",2015-03-23,63.494976192986,1,3,1130,"HaMerkaz",c(34.9282085, 32.0448175)
616,2016,1,"רינתיה","רינתיה",2016-09-20,63.494976192986,1,9,1160,"HaMerkaz",c(34.9282085, 32.0448175)
616,2021,1,"רינתיה","רינתיה",2021-05-16,63.494976192986,1,5,1192,"HaMerkaz",c(34.9282085, 32.0448175)
616,2023,1,"רינתיה","רינתיה",2023-11-07,63.494976192986,1,11,NA,"HaMerkaz",c(34.9282085, 32.0448175)
616,2023,1,"רינתיה","רינתיה",2023-12-02,63.494976192986,1,12,NA,"HaMerkaz",c(34.9282085, 32.0448175)
616,2023,1,"רינתיה","רינתיה",2023-10-24,63.494976192986,1,10,NA,"HaMerkaz",c(34.9282085, 32.0448175)
617,2016,1,"ברקאי","ברקאי",2016-09-20,109.456607957353,1,9,560,"Haifa",c(35.028904, 32.4751359)
617,2016,1,"ברקאי","ברקאי",2016-06-22,109.456607957353,1,6,560,"Haifa",c(35.028904, 32.4751359)
617,2019,1,"ברקאי","ברקאי",2019-07-31,109.456607957353,1,7,553,"Haifa",c(35.028904, 32.4751359)
618,2014,1,"חדיד","חדיד",2014-07-29,57.9372863295358,1,7,830,"HaMerkaz",c(34.9307015, 31.9682711)
618,2014,1,"חדיד","חדיד",2014-08-25,57.9372863295358,1,8,830,"HaMerkaz",c(34.9307015, 31.9682711)
618,2015,1,"חדיד","חדיד",2015-03-23,57.9372863295358,1,3,870,"HaMerkaz",c(34.9307015, 31.9682711)
618,2016,1,"חדיד","חדיד",2016-09-20,57.9372863295358,1,9,880,"HaMerkaz",c(34.9307015, 31.9682711)
618,2021,1,"חדיד","חדיד",2021-05-16,57.9372863295358,1,5,913,"HaMerkaz",c(34.9307015, 31.9682711)
618,2023,1,"חדיד","חדיד",2023-11-20,57.9372863295358,1,11,NA,"HaMerkaz",c(34.9307015, 31.9682711)
618,2023,1,"חדיד","חדיד",2023-10-14,57.9372863295358,1,10,NA,"HaMerkaz",c(34.9307015, 31.9682711)
618,2023,1,"חדיד","חדיד",2023-12-02,57.9372863295358,1,12,NA,"HaMerkaz",c(34.9307015, 31.9682711)
619,2014,1,"בית גוברין","ביתגוברין",2014-07-27,31.3282760476484,1,7,410,"HaDarom",c(34.896847, 31.612565)
619,2014,1,"בית גוברין","ביתגוברין",2014-08-05,31.3282760476484,1,8,410,"HaDarom",c(34.896847, 31.612565)
619,2016,1,"בית גוברין","ביתגוברין",2016-09-20,31.3282760476484,1,9,440,"HaDarom",c(34.896847, 31.612565)
619,2019,1,"בית גוברין","ביתגוברין",2019-05-05,31.3282760476484,1,5,435,"HaDarom",c(34.896847, 31.612565)
620,2014,1,"משואות יצחק","משואותיצחק",2014-08-05,20.0802149000511,1,8,690,"HaDarom",c(34.690162, 31.704484)
620,2014,1,"משואות יצחק","משואותיצחק",2014-07-31,20.0802149000511,1,7,690,"HaDarom",c(34.690162, 31.704484)
620,2016,1,"משואות יצחק","משואותיצחק",2016-09-20,20.0802149000511,1,9,710,"HaDarom",c(34.690162, 31.704484)
620,2019,1,"משואות יצחק","משואותיצחק",2019-05-05,20.0802149000511,1,5,697,"HaDarom",c(34.690162, 31.704484)
620,2019,1,"משואות יצחק","משואותיצחק",2019-11-14,20.0802149000511,1,11,697,"HaDarom",c(34.690162, 31.704484)
620,2021,1,"משואות יצחק","משואותיצחק",2021-05-12,20.0802149000511,1,5,685,"HaDarom",c(34.690162, 31.704484)
620,2023,1,"משואות יצחק","משואותיצחק",2023-10-07,20.0802149000511,1,10,NA,"HaDarom",c(34.690162, 31.704484)
620,2023,1,"משואות יצחק","משואותיצחק",2023-05-11,20.0802149000511,1,5,NA,"HaDarom",c(34.690162, 31.704484)
622,2014,1,"עין צורים","עיןצורים",2014-07-31,21.496795317039,1,7,790,"HaDarom",c(34.7182281, 31.6957701)
622,2014,1,"עין צורים","עיןצורים",2014-08-05,21.496795317039,1,8,790,"HaDarom",c(34.7182281, 31.6957701)
622,2016,1,"עין צורים","עיןצורים",2016-09-20,21.496795317039,1,9,800,"HaDarom",c(34.7182281, 31.6957701)
622,2019,1,"עין צורים","עיןצורים",2019-05-04,21.496795317039,1,5,863,"HaDarom",c(34.7182281, 31.6957701)
622,2019,1,"עין צורים","עיןצורים",2019-11-14,21.496795317039,1,11,863,"HaDarom",c(34.7182281, 31.6957701)
622,2021,1,"עין צורים","עיןצורים",2021-05-11,21.496795317039,1,5,861,"HaDarom",c(34.7182281, 31.6957701)
622,2023,1,"עין צורים","עיןצורים",2023-10-17,21.496795317039,1,10,NA,"HaDarom",c(34.7182281, 31.6957701)
623,2016,1,"יראון","יראון",2016-09-20,187.138288998158,1,9,390,"HaZafon",c(35.45482, 33.0764655)
623,2016,1,"יראון","יראון",2016-12-06,187.138288998158,1,12,390,"HaZafon",c(35.45482, 33.0764655)
623,2018,1,"יראון","יראון",2018-02-10,187.138288998158,1,2,410,"HaZafon",c(35.45482, 33.0764655)
623,2019,1,"יראון","יראון",2019-05-20,187.138288998158,1,5,404,"HaZafon",c(35.45482, 33.0764655)
623,2023,1,"יראון","יראון",2023-11-19,187.138288998158,1,11,NA,"HaZafon",c(35.45482, 33.0764655)
633,2014,1,"כפר ברא","כפרברא",2014-08-02,74.0399653888141,1,8,3270,"HaMerkaz",c(34.9753646, 32.1287775)
633,2016,1,"כפר ברא","כפרברא",2016-09-20,74.0399653888141,1,9,3390,"HaMerkaz",c(34.9753646, 32.1287775)
633,2016,1,"כפר ברא","כפרברא",2016-12-20,74.0399653888141,1,12,3390,"HaMerkaz",c(34.9753646, 32.1287775)
633,2018,1,"כפר ברא","כפרברא",2018-12-26,74.0399653888141,1,12,3594,"HaMerkaz",c(34.9753646, 32.1287775)
633,2021,1,"כפר ברא","כפרברא",2021-05-11,74.0399653888141,1,5,3856,"HaMerkaz",c(34.9753646, 32.1287775)
633,2023,1,"כפר ברא","כפרברא",2023-11-07,74.0399653888141,1,11,NA,"HaMerkaz",c(34.9753646, 32.1287775)
633,2023,1,"כפר ברא","כפרברא",2023-10-14,74.0399653888141,1,10,NA,"HaMerkaz",c(34.9753646, 32.1287775)
634,2014,1,"כפר קאסם","כפרקאסם",2014-08-02,71.1500278618468,1,8,21360,"HaMerkaz",c(34.9684525, 32.1194579)
634,2016,1,"כפר קאסם","כפרקאסם",2016-12-20,71.1500278618468,1,12,22260,"HaMerkaz",c(34.9684525, 32.1194579)
634,2016,1,"כפר קאסם","כפרקאסם",2016-09-20,71.1500278618468,1,9,22260,"HaMerkaz",c(34.9684525, 32.1194579)
634,2018,1,"כפר קאסם","כפרקאסם",2018-12-26,71.1500278618468,1,12,23242,"HaMerkaz",c(34.9684525, 32.1194579)
634,2021,1,"כפר קאסם","כפרקאסם",2021-05-11,71.1500278618468,1,5,24757,"HaMerkaz",c(34.9684525, 32.1194579)
634,2023,1,"כפר קאסם","כפרקאסם",2023-11-02,71.1500278618468,1,11,NA,"HaMerkaz",c(34.9684525, 32.1194579)
634,2023,1,"כפר קאסם","כפרקאסם",2023-10-07,71.1500278618468,1,10,NA,"HaMerkaz",c(34.9684525, 32.1194579)
635,2015,1,"מוקייבלה","מוקייבלה",2015-03-11,126.623864978808,1,3,3720,"HaZafon",c(35.2949365, 32.514422)
635,2016,1,"מוקייבלה","מוקייבלה",2016-09-20,126.623864978808,1,9,3840,"HaZafon",c(35.2949365, 32.514422)
636,2015,1,"צנדלה","צנדלה",2015-03-11,128.866304152529,1,3,1570,"HaZafon",c(35.32288, 32.523028)
636,2016,1,"צנדלה","צנדלה",2016-09-20,128.866304152529,1,9,1570,"HaZafon",c(35.32288, 32.523028)
637,2016,1,"בסמ""ה","בסמה",2016-09-20,113.76883619827,1,9,24170,"Haifa",c(35.101132, 32.506227)
637,2016,1,"בסמ""ה","בסמה",2016-06-22,113.76883619827,1,6,24170,"Haifa",c(35.101132, 32.506227)
637,2019,1,"ערערה","ערערה",2019-07-31,113.76883619827,1,7,25245,"Haifa",c(35.0931265, 32.5014405)
637,2021,1,"ערערה","ערערה",2021-05-13,113.76883619827,1,5,25823,"Haifa",c(35.0931265, 32.5014405)
638,2014,1,"קלנסווה","קלנסווה",2014-08-02,88.1136913427146,1,8,21040,"HaMerkaz",c(34.9782225, 32.292594)
638,2016,1,"קלנסווה","קלנסווה",2016-09-20,88.1136913427146,1,9,21900,"HaMerkaz",c(34.9782225, 32.292594)
638,2017,1,"קלנסווה","קלנסווה",2017-02-07,88.1136913427146,1,2,22370,"HaMerkaz",c(34.9782225, 32.292594)
638,2019,1,"קלנסווה","קלנסווה",2019-03-25,88.1136913427146,1,3,23143,"HaMerkaz",c(34.9782225, 32.292594)
638,2021,1,"קלנסווה","קלנסווה",2021-05-15,88.1136913427146,1,5,23877,"HaMerkaz",c(34.9782225, 32.292594)
648,2016,1,"מצר","מצר",2016-09-20,107.010566207139,1,9,380,"Haifa",c(35.048446, 32.4400464)
648,2016,1,"מצר","מצר",2016-06-22,107.010566207139,1,6,380,"Haifa",c(35.048446, 32.4400464)
648,2019,1,"מצר","מצר",2019-07-31,107.010566207139,1,7,383,"Haifa",c(35.048446, 32.4400464)
652,2016,1,"אבטין","אבטין",2016-09-20,141.534040080821,1,9,2740,"Haifa",c(35.1107305, 32.762806)
652,2018,1,"אבטין","אבטין",2018-09-05,141.534040080821,1,9,2773,"Haifa",c(35.1107305, 32.762806)
654,2016,1,"כפר קרע","כפרקרע",2016-06-22,111.897493213286,1,6,17970,"Haifa",c(35.047132, 32.50529)
654,2016,1,"כפר קרע","כפרקרע",2016-09-20,111.897493213286,1,9,17970,"Haifa",c(35.047132, 32.50529)
654,2019,1,"כפר קרע","כפרקרע",2019-07-31,111.897493213286,1,7,19018,"Haifa",c(35.047132, 32.50529)
658,2014,1,"שייח' דנון","שייחדנון",2014-08-23,166.331596234229,1,8,2670,"HaZafon",c(35.1490095, 32.9937465)
658,2016,1,"שייח' דנון","שייחדנון",2016-05-31,166.331596234229,1,5,2740,"HaZafon",c(35.1490095, 32.9937465)
658,2016,1,"שייח' דנון","שייחדנון",2016-09-20,166.331596234229,1,9,2740,"HaZafon",c(35.1490095, 32.9937465)
658,2018,1,"שייח' דנון","שייחדנון",2018-02-10,166.331596234229,1,2,2851,"HaZafon",c(35.1490095, 32.9937465)
658,2018,1,"שייח' דנון","שייחדנון",2018-06-19,166.331596234229,1,6,2851,"HaZafon",c(35.1490095, 32.9937465)
658,2019,1,"שייח' דנון","שייחדנון",2019-05-20,166.331596234229,1,5,2887,"HaZafon",c(35.1490095, 32.9937465)
658,2021,1,"שייח' דנון","שייחדנון",2021-07-20,166.331596234229,1,7,2983,"HaZafon",c(35.1490095, 32.9937465)
662,2016,1,"חוסן","חוסן",2016-12-06,172.451977429056,1,12,1080,"HaZafon",c(35.2960755, 32.9986275)
662,2016,1,"חוסן","חוסן",2016-09-20,172.451977429056,1,9,1080,"HaZafon",c(35.2960755, 32.9986275)
662,2018,1,"חוסן","חוסן",2018-02-10,172.451977429056,1,2,1130,"HaZafon",c(35.2960755, 32.9986275)
662,2019,1,"חוסן","חוסן",2019-05-20,172.451977429056,1,5,1135,"HaZafon",c(35.2960755, 32.9986275)
662,2023,1,"חוסן","חוסן",2023-12-11,172.451977429056,1,12,NA,"HaZafon",c(35.2960755, 32.9986275)
662,2023,1,"חוסן","חוסן",2023-04-06,172.451977429056,1,4,NA,"HaZafon",c(35.2960755, 32.9986275)
663,2014,1,"טירת יהודה","טירתיהודה",2014-07-29,61.2937025191967,1,7,1170,"HaMerkaz",c(34.934372, 32.0128525)
663,2014,1,"טירת יהודה","טירתיהודה",2014-08-25,61.2937025191967,1,8,1170,"HaMerkaz",c(34.934372, 32.0128525)
663,2015,1,"טירת יהודה","טירתיהודה",2015-03-23,61.2937025191967,1,3,1180,"HaMerkaz",c(34.934372, 32.0128525)
663,2016,1,"טירת יהודה","טירתיהודה",2016-09-20,61.2937025191967,1,9,1190,"HaMerkaz",c(34.934372, 32.0128525)
663,2021,1,"טירת יהודה","טירתיהודה",2021-05-15,61.2937025191967,1,5,1211,"HaMerkaz",c(34.934372, 32.0128525)
663,2023,1,"טירת יהודה","טירתיהודה",2023-10-24,61.2937025191967,1,10,NA,"HaMerkaz",c(34.934372, 32.0128525)
663,2023,1,"טירת יהודה","טירתיהודה",2023-12-02,61.2937025191967,1,12,NA,"HaMerkaz",c(34.934372, 32.0128525)
663,2023,1,"טירת יהודה","טירתיהודה",2023-11-20,61.2937025191967,1,11,NA,"HaMerkaz",c(34.934372, 32.0128525)
664,2016,1,"כרם בן זמרה","כרםבןזמרה",2016-12-06,183.496369450808,1,12,480,"HaZafon",c(35.4664145, 33.0375156)
664,2016,1,"כרם בן זמרה","כרםבןזמרה",2016-09-20,183.496369450808,1,9,480,"HaZafon",c(35.4664145, 33.0375156)
664,2018,1,"כרם בן זמרה","כרםבןזמרה",2018-02-10,183.496369450808,1,2,492,"HaZafon",c(35.4664145, 33.0375156)
664,2019,1,"כרם בן זמרה","כרםבןזמרה",2019-05-20,183.496369450808,1,5,526,"HaZafon",c(35.4664145, 33.0375156)
664,2023,1,"כרם בן זמרה","כרםבןזמרה",2023-11-02,183.496369450808,1,11,NA,"HaZafon",c(35.4664145, 33.0375156)
665,2014,1,"תקומה","תקומה",2014-07-29,6.49183928521598,1,7,580,"HaDarom",c(34.5808455, 31.4514085)
665,2014,1,"תקומה","תקומה",2014-08-13,6.49183928521598,1,8,580,"HaDarom",c(34.5808455, 31.4514085)
665,2015,1,"תקומה","תקומה",2015-06-03,6.49183928521598,1,6,650,"HaDarom",c(34.5808455, 31.4514085)
665,2016,1,"תקומה","תקומה",2016-09-20,6.49183928521598,1,9,670,"HaDarom",c(34.5808455, 31.4514085)
665,2017,1,"תקומה","תקומה",2017-12-29,6.49183928521598,1,12,677,"HaDarom",c(34.5808455, 31.4514085)
665,2018,1,"תקומה","תקומה",2018-08-09,6.49183928521598,1,8,699,"HaDarom",c(34.5808455, 31.4514085)
665,2018,1,"תקומה","תקומה",2018-06-27,6.49183928521598,1,6,699,"HaDarom",c(34.5808455, 31.4514085)
665,2018,1,"תקומה","תקומה",2018-05-30,6.49183928521598,1,5,699,"HaDarom",c(34.5808455, 31.4514085)
665,2018,1,"תקומה","תקומה",2018-07-14,6.49183928521598,1,7,699,"HaDarom",c(34.5808455, 31.4514085)
665,2018,1,"תקומה","תקומה",2018-11-12,6.49183928521598,1,11,699,"HaDarom",c(34.5808455, 31.4514085)
665,2018,1,"תקומה","תקומה",2018-10-11,6.49183928521598,1,10,699,"HaDarom",c(34.5808455, 31.4514085)
665,2019,1,"תקומה","תקומה",2019-01-12,6.49183928521598,1,1,722,"HaDarom",c(34.5808455, 31.4514085)
665,2019,1,"תקומה","תקומה",2019-11-12,6.49183928521598,1,11,722,"HaDarom",c(34.5808455, 31.4514085)
665,2019,1,"תקומה","תקומה",2019-05-04,6.49183928521598,1,5,722,"HaDarom",c(34.5808455, 31.4514085)
665,2019,1,"תקומה","תקומה",2019-03-25,6.49183928521598,1,3,722,"HaDarom",c(34.5808455, 31.4514085)
665,2021,1,"תקומה","תקומה",2021-05-20,6.49183928521598,1,5,737,"HaDarom",c(34.5808455, 31.4514085)
665,2022,1,"תקומה","תקומה",2022-08-07,6.49183928521598,1,8,724,"HaDarom",c(34.5808455, 31.4514085)
665,2023,1,"תקומה","תקומה",2023-11-03,6.49183928521598,1,11,NA,"HaDarom",c(34.5808455, 31.4514085)
665,2023,1,"תקומה","תקומה",2023-05-13,6.49183928521598,1,5,NA,"HaDarom",c(34.5808455, 31.4514085)
665,2023,1,"תקומה","תקומה",2023-12-04,6.49183928521598,1,12,NA,"HaDarom",c(34.5808455, 31.4514085)
665,2023,1,"תקומה","תקומה",2023-10-07,6.49183928521598,1,10,NA,"HaDarom",c(34.5808455, 31.4514085)
666,2016,1,"אבו טראש","אבוטראש",2016-09-20,36.0244230731047,1,9,7520,"HaDarom",c(34.854024, 31.2890445)
666,2017,1,"אבו טראש","אבוטראש",2017-03-21,36.0244230731047,1,3,7613,"HaDarom",c(34.854024, 31.2890445)
666,2018,1,"אבו טראש","אבוטראש",2018-08-09,36.0244230731047,1,8,7586,"HaDarom",c(34.854024, 31.2890445)
666,2018,1,"אבו טראש","אבוטראש",2018-11-12,36.0244230731047,1,11,7586,"HaDarom",c(34.854024, 31.2890445)
666,2018,1,"אבו טראש","אבוטראש",2018-10-17,36.0244230731047,1,10,7586,"HaDarom",c(34.854024, 31.2890445)
666,2019,1,"אבו טראש","אבוטראש",2019-05-04,36.0244230731047,1,5,7530,"HaDarom",c(34.854024, 31.2890445)
666,2019,1,"עומר","עומר",2019-11-16,36.0244230731047,1,11,7530,"HaDarom",c(34.8590592, 31.2744479)
666,2021,1,"עומר","עומר",2021-05-12,36.0244230731047,1,5,7656,"HaDarom",c(34.8590592, 31.2744479)
666,2021,1,"עומר","עומר",2021-11-03,36.0244230731047,1,11,7656,"HaDarom",c(34.8590592, 31.2744479)
666,2023,1,"עומר","עומר",2023-10-10,36.0244230731047,1,10,NA,"HaDarom",c(34.8590592, 31.2744479)
666,2023,1,"עומר","עומר",2023-12-06,36.0244230731047,1,12,NA,"HaDarom",c(34.8590592, 31.2744479)
666,2023,1,"עומר","עומר",2023-11-11,36.0244230731047,1,11,NA,"HaDarom",c(34.8590592, 31.2744479)
667,2016,1,"ברעם","ברעם",2016-09-20,184.608129262527,1,9,590,"HaZafon",c(35.4359615, 33.057947)
667,2016,1,"ברעם","ברעם",2016-12-06,184.608129262527,1,12,590,"HaZafon",c(35.4359615, 33.057947)
667,2018,1,"ברעם","ברעם",2018-02-10,184.608129262527,1,2,590,"HaZafon",c(35.4359615, 33.057947)
667,2019,1,"ברעם","ברעם",2019-05-20,184.608129262527,1,5,594,"HaZafon",c(35.4359615, 33.057947)
667,2023,1,"ברעם","ברעם",2023-12-12,184.608129262527,1,12,NA,"HaZafon",c(35.4359615, 33.057947)
667,2023,1,"ברעם","ברעם",2023-11-21,184.608129262527,1,11,NA,"HaZafon",c(35.4359615, 33.057947)
668,2014,1,"מפלסים","מפלסים",2014-07-31,1.11128807362076,1,7,950,"HaDarom",c(34.5640385, 31.501525)
668,2014,1,"מפלסים","מפלסים",2014-08-25,1.11128807362076,1,8,950,"HaDarom",c(34.5640385, 31.501525)
668,2015,1,"מפלסים","מפלסים",2015-12-17,1.11128807362076,1,12,970,"HaDarom",c(34.5640385, 31.501525)
668,2015,1,"מפלסים","מפלסים",2015-09-19,1.11128807362076,1,9,970,"HaDarom",c(34.5640385, 31.501525)
668,2016,1,"מפלסים","מפלסים",2016-01-24,1.11128807362076,1,1,1000,"HaDarom",c(34.5640385, 31.501525)
668,2016,1,"מפלסים","מפלסים",2016-03-11,1.11128807362076,1,3,1000,"HaDarom",c(34.5640385, 31.501525)
668,2016,1,"מפלסים","מפלסים",2016-09-20,1.11128807362076,1,9,1000,"HaDarom",c(34.5640385, 31.501525)
668,2017,1,"מפלסים","מפלסים",2017-12-08,1.11128807362076,1,12,1007,"HaDarom",c(34.5640385, 31.501525)
668,2018,1,"מפלסים","מפלסים",2018-10-26,1.11128807362076,1,10,1007,"HaDarom",c(34.5640385, 31.501525)
668,2018,1,"מפלסים","מפלסים",2018-05-30,1.11128807362076,1,5,1007,"HaDarom",c(34.5640385, 31.501525)
668,2018,1,"מפלסים","מפלסים",2018-03-25,1.11128807362076,1,3,1007,"HaDarom",c(34.5640385, 31.501525)
668,2018,1,"מפלסים","מפלסים",2018-06-27,1.11128807362076,1,6,1007,"HaDarom",c(34.5640385, 31.501525)
668,2018,1,"מפלסים","מפלסים",2018-07-14,1.11128807362076,1,7,1007,"HaDarom",c(34.5640385, 31.501525)
668,2018,1,"מפלסים","מפלסים",2018-08-09,1.11128807362076,1,8,1007,"HaDarom",c(34.5640385, 31.501525)
668,2018,1,"מפלסים","מפלסים",2018-11-12,1.11128807362076,1,11,1007,"HaDarom",c(34.5640385, 31.501525)
668,2019,1,"מפלסים","מפלסים",2019-08-17,1.11128807362076,1,8,1024,"HaDarom",c(34.5640385, 31.501525)
668,2019,1,"מפלסים","מפלסים",2019-03-15,1.11128807362076,1,3,1024,"HaDarom",c(34.5640385, 31.501525)
668,2019,1,"מפלסים","מפלסים",2019-11-12,1.11128807362076,1,11,1024,"HaDarom",c(34.5640385, 31.501525)
668,2019,1,"מפלסים","מפלסים",2019-09-19,1.11128807362076,1,9,1024,"HaDarom",c(34.5640385, 31.501525)
668,2019,1,"מפלסים","מפלסים",2019-05-05,1.11128807362076,1,5,1024,"HaDarom",c(34.5640385, 31.501525)
668,2019,1,"מפלסים","מפלסים",2019-12-07,1.11128807362076,1,12,1024,"HaDarom",c(34.5640385, 31.501525)
668,2020,1,"מפלסים","מפלסים",2020-02-23,1.11128807362076,1,2,1035,"HaDarom",c(34.5640385, 31.501525)
668,2020,1,"מפלסים","מפלסים",2020-07-05,1.11128807362076,1,7,1035,"HaDarom",c(34.5640385, 31.501525)
668,2020,1,"מפלסים","מפלסים",2020-09-16,1.11128807362076,1,9,1035,"HaDarom",c(34.5640385, 31.501525)
668,2021,1,"מפלסים","מפלסים",2021-04-24,1.11128807362076,1,4,1037,"HaDarom",c(34.5640385, 31.501525)
668,2021,1,"מפלסים","מפלסים",2021-09-11,1.11128807362076,1,9,1037,"HaDarom",c(34.5640385, 31.501525)
668,2021,1,"מפלסים","מפלסים",2021-10-18,1.11128807362076,1,10,1037,"HaDarom",c(34.5640385, 31.501525)
668,2021,1,"מפלסים","מפלסים",2021-05-20,1.11128807362076,1,5,1037,"HaDarom",c(34.5640385, 31.501525)
668,2022,1,"מפלסים","מפלסים",2022-08-07,1.11128807362076,1,8,1057,"HaDarom",c(34.5640385, 31.501525)
668,2022,1,"מפלסים","מפלסים",2022-04-21,1.11128807362076,1,4,1057,"HaDarom",c(34.5640385, 31.501525)
668,2023,1,"מפלסים","מפלסים",2023-11-22,1.11128807362076,1,11,NA,"HaDarom",c(34.5640385, 31.501525)
668,2023,1,"מפלסים","מפלסים",2023-05-10,1.11128807362076,1,5,NA,"HaDarom",c(34.5640385, 31.501525)
668,2023,1,"מפלסים","מפלסים",2023-04-07,1.11128807362076,1,4,NA,"HaDarom",c(34.5640385, 31.501525)
668,2023,1,"מפלסים","מפלסים",2023-01-27,1.11128807362076,1,1,NA,"HaDarom",c(34.5640385, 31.501525)
668,2023,1,"מפלסים","מפלסים",2023-10-09,1.11128807362076,1,10,NA,"HaDarom",c(34.5640385, 31.501525)
668,2023,1,"מפלסים","מפלסים",2023-12-16,1.11128807362076,1,12,NA,"HaDarom",c(34.5640385, 31.501525)
670,2014,1,"משמר איילון","משמראיילון",2014-08-21,50.4005579830347,1,8,500,"HaMerkaz",c(34.9445185, 31.8721324)
670,2016,1,"משמר איילון","משמראיילון",2016-09-20,50.4005579830347,1,9,530,"HaMerkaz",c(34.9445185, 31.8721324)
670,2017,1,"משמר איילון","משמראיילון",2017-08-08,50.4005579830347,1,8,562,"HaMerkaz",c(34.9445185, 31.8721324)
670,2019,1,"משמר איילון","משמראיילון",2019-11-12,50.4005579830347,1,11,556,"HaMerkaz",c(34.9445185, 31.8721324)
670,2019,1,"משמר איילון","משמראיילון",2019-05-04,50.4005579830347,1,5,556,"HaMerkaz",c(34.9445185, 31.8721324)
670,2021,1,"משמר איילון","משמראיילון",2021-05-13,50.4005579830347,1,5,573,"HaMerkaz",c(34.9445185, 31.8721324)
670,2023,1,"משמר איילון","משמראיילון",2023-12-02,50.4005579830347,1,12,NA,"HaMerkaz",c(34.9445185, 31.8721324)
670,2023,1,"משמר איילון","משמראיילון",2023-11-03,50.4005579830347,1,11,NA,"HaMerkaz",c(34.9445185, 31.8721324)
670,2023,1,"משמר איילון","משמראיילון",2023-10-16,50.4005579830347,1,10,NA,"HaMerkaz",c(34.9445185, 31.8721324)
672,2014,1,"בית נקופה","ביתנקופה",2014-08-19,60.0209193968503,1,8,600,"Jerusalem",c(35.126866, 31.8047949)
672,2016,1,"בית נקופה","ביתנקופה",2016-07-06,60.0209193968503,1,7,650,"Jerusalem",c(35.126866, 31.8047949)
672,2016,1,"בית נקופה","ביתנקופה",2016-09-20,60.0209193968503,1,9,650,"Jerusalem",c(35.126866, 31.8047949)
672,2017,1,"בית נקופה","ביתנקופה",2017-12-05,60.0209193968503,1,12,690,"Jerusalem",c(35.126866, 31.8047949)
672,2021,1,"בית נקופה","ביתנקופה",2021-05-10,60.0209193968503,1,5,758,"Jerusalem",c(35.126866, 31.8047949)
672,2023,1,"בית נקופה","ביתנקופה",2023-10-09,60.0209193968503,1,10,NA,"Jerusalem",c(35.126866, 31.8047949)
673,2014,1,"כפר טרומן","כפרטרומן",2014-08-26,57.9694440889491,1,8,870,"HaMerkaz",c(34.924122, 31.9796965)
673,2014,1,"כפר טרומן","כפרטרומן",2014-07-29,57.9694440889491,1,7,870,"HaMerkaz",c(34.924122, 31.9796965)
673,2015,1,"כפר טרומן","כפרטרומן",2015-03-23,57.9694440889491,1,3,880,"HaMerkaz",c(34.924122, 31.9796965)
673,2016,1,"כפר טרומן","כפרטרומן",2016-09-20,57.9694440889491,1,9,860,"HaMerkaz",c(34.924122, 31.9796965)
673,2021,1,"כפר טרומן","כפרטרומן",2021-05-11,57.9694440889491,1,5,908,"HaMerkaz",c(34.924122, 31.9796965)
673,2023,1,"כפר טרומן","כפרטרומן",2023-11-20,57.9694440889491,1,11,NA,"HaMerkaz",c(34.924122, 31.9796965)
673,2023,1,"כפר טרומן","כפרטרומן",2023-12-02,57.9694440889491,1,12,NA,"HaMerkaz",c(34.924122, 31.9796965)
673,2023,1,"כפר טרומן","כפרטרומן",2023-10-26,57.9694440889491,1,10,NA,"HaMerkaz",c(34.924122, 31.9796965)
674,2015,1,"לימן","לימן",2015-12-20,171.342072848109,1,12,730,"HaZafon",c(35.1138335, 33.0591225)
674,2016,1,"לימן","לימן",2016-09-20,171.342072848109,1,9,720,"HaZafon",c(35.1138335, 33.0591225)
674,2016,1,"לימן","לימן",2016-12-06,171.342072848109,1,12,720,"HaZafon",c(35.1138335, 33.0591225)
674,2018,1,"לימן","לימן",2018-02-10,171.342072848109,1,2,690,"HaZafon",c(35.1138335, 33.0591225)
674,2019,1,"לימן","לימן",2019-05-20,171.342072848109,1,5,692,"HaZafon",c(35.1138335, 33.0591225)
674,2023,1,"לימן","לימן",2023-04-06,171.342072848109,1,4,NA,"HaZafon",c(35.1138335, 33.0591225)
674,2023,1,"לימן","לימן",2023-12-10,171.342072848109,1,12,NA,"HaZafon",c(35.1138335, 33.0591225)
674,2023,1,"לימן","לימן",2023-11-12,171.342072848109,1,11,NA,"HaZafon",c(35.1138335, 33.0591225)
674,2023,1,"לימן","לימן",2023-10-19,171.342072848109,1,10,NA,"HaZafon",c(35.1138335, 33.0591225)
675,2014,1,"הבונים","הבונים",2014-07-28,122.441458087567,1,7,340,"Haifa",c(34.933407, 32.637162)
675,2019,1,"הבונים","הבונים",2019-07-31,122.441458087567,1,7,369,"Haifa",c(34.933407, 32.637162)
676,2014,1,"עין השלושה","עיןהשלושה",2014-08-23,2.87194519136679,1,8,380,"HaDarom",c(34.4029385, 31.3509035)
676,2014,1,"עין השלושה","עיןהשלושה",2014-07-30,2.87194519136679,1,7,380,"HaDarom",c(34.4029385, 31.3509035)
676,2014,1,"עין השלושה","עיןהשלושה",2014-10-05,2.87194519136679,1,10,380,"HaDarom",c(34.4029385, 31.3509035)
676,2016,1,"עין השלושה","עיןהשלושה",2016-06-29,2.87194519136679,1,6,400,"HaDarom",c(34.4029385, 31.3509035)
676,2016,1,"עין השלושה","עיןהשלושה",2016-09-20,2.87194519136679,1,9,400,"HaDarom",c(34.4029385, 31.3509035)
676,2017,1,"עין השלושה","עיןהשלושה",2017-01-09,2.87194519136679,1,1,396,"HaDarom",c(34.4029385, 31.3509035)
676,2018,1,"עין השלושה","עיןהשלושה",2018-06-27,2.87194519136679,1,6,351,"HaDarom",c(34.4029385, 31.3509035)
676,2018,1,"עין השלושה","עיןהשלושה",2018-11-13,2.87194519136679,1,11,351,"HaDarom",c(34.4029385, 31.3509035)
676,2018,1,"עין השלושה","עיןהשלושה",2018-07-14,2.87194519136679,1,7,351,"HaDarom",c(34.4029385, 31.3509035)
676,2018,1,"עין השלושה","עיןהשלושה",2018-08-09,2.87194519136679,1,8,351,"HaDarom",c(34.4029385, 31.3509035)
676,2018,1,"עין השלושה","עיןהשלושה",2018-05-29,2.87194519136679,1,5,351,"HaDarom",c(34.4029385, 31.3509035)
676,2019,1,"עין השלושה","עיןהשלושה",2019-05-04,2.87194519136679,1,5,361,"HaDarom",c(34.4029385, 31.3509035)
676,2019,1,"עין השלושה","עיןהשלושה",2019-11-13,2.87194519136679,1,11,361,"HaDarom",c(34.4029385, 31.3509035)
676,2019,1,"עין השלושה","עיןהשלושה",2019-03-25,2.87194519136679,1,3,361,"HaDarom",c(34.4029385, 31.3509035)
676,2020,1,"עין השלושה","עיןהשלושה",2020-09-16,2.87194519136679,1,9,365,"HaDarom",c(34.4029385, 31.3509035)
676,2020,1,"עין השלושה","עיןהשלושה",2020-02-24,2.87194519136679,1,2,365,"HaDarom",c(34.4029385, 31.3509035)
676,2021,1,"עין השלושה","עיןהשלושה",2021-09-13,2.87194519136679,1,9,369,"HaDarom",c(34.4029385, 31.3509035)
676,2021,1,"עין השלושה","עיןהשלושה",2021-05-14,2.87194519136679,1,5,369,"HaDarom",c(34.4029385, 31.3509035)
676,2022,1,"עין השלושה","עיןהשלושה",2022-04-18,2.87194519136679,1,4,353,"HaDarom",c(34.4029385, 31.3509035)
676,2022,1,"עין השלושה","עיןהשלושה",2022-11-03,2.87194519136679,1,11,353,"HaDarom",c(34.4029385, 31.3509035)
676,2022,1,"עין השלושה","עיןהשלושה",2022-08-07,2.87194519136679,1,8,353,"HaDarom",c(34.4029385, 31.3509035)
676,2023,1,"עין השלושה","עיןהשלושה",2023-05-13,2.87194519136679,1,5,NA,"HaDarom",c(34.4029385, 31.3509035)
676,2023,1,"עין השלושה","עיןהשלושה",2023-11-21,2.87194519136679,1,11,NA,"HaDarom",c(34.4029385, 31.3509035)
676,2023,1,"עין השלושה","עיןהשלושה",2023-10-16,2.87194519136679,1,10,NA,"HaDarom",c(34.4029385, 31.3509035)
676,2023,1,"עין השלושה","עיןהשלושה",2023-12-16,2.87194519136679,1,12,NA,"HaDarom",c(34.4029385, 31.3509035)
677,2015,1,"הסוללים","הסוללים",2015-03-11,145.499009764693,1,3,910,"HaZafon",c(35.2373509, 32.7510626)
677,2016,1,"הסוללים","הסוללים",2016-09-20,145.499009764693,1,9,940,"HaZafon",c(35.2373509, 32.7510626)
677,2023,1,"הסוללים","הסוללים",2023-10-13,145.499009764693,1,10,NA,"HaZafon",c(35.2373509, 32.7510626)
678,2016,1,"מעגן","מעגן",2016-09-20,161.118614526141,1,9,370,"HaZafon",c(35.6015434, 32.7059065)
678,2017,1,"מעגן","מעגן",2017-06-12,161.118614526141,1,6,380,"HaZafon",c(35.6015434, 32.7059065)
678,2017,1,"מעגן","מעגן",2017-11-22,161.118614526141,1,11,380,"HaZafon",c(35.6015434, 32.7059065)
678,2018,1,"מעגן","מעגן",2018-07-24,161.118614526141,1,7,374,"HaZafon",c(35.6015434, 32.7059065)
678,2018,1,"מעגן","מעגן",2018-02-10,161.118614526141,1,2,374,"HaZafon",c(35.6015434, 32.7059065)
678,2021,1,"מעגן","מעגן",2021-11-03,161.118614526141,1,11,394,"HaZafon",c(35.6015434, 32.7059065)
679,2014,1,"אביאל","אביאל",2014-07-28,113.189404746705,1,7,780,"Haifa",c(34.9908625, 32.5321575)
679,2016,1,"אביאל","אביאל",2016-06-22,113.189404746705,1,6,850,"Haifa",c(34.9908625, 32.5321575)
679,2016,1,"אביאל","אביאל",2016-09-20,113.189404746705,1,9,850,"Haifa",c(34.9908625, 32.5321575)
679,2019,1,"אביאל","אביאל",2019-07-31,113.189404746705,1,7,821,"Haifa",c(34.9908625, 32.5321575)
680,2016,1,"אומץ","אומץ",2016-06-22,97.3185737234505,1,6,790,"HaMerkaz",c(34.993285, 32.369656)
680,2016,1,"אומץ","אומץ",2016-09-20,97.3185737234505,1,9,790,"HaMerkaz",c(34.993285, 32.369656)
681,2014,1,"גבעת שמואל","גבעתשמואל",2014-08-22,61.9161092894433,1,8,24660,"HaMerkaz",c(34.8516645, 32.0780165)
681,2014,1,"גבעת שמואל","גבעתשמואל",2014-07-31,61.9161092894433,1,7,24660,"HaMerkaz",c(34.8516645, 32.0780165)
681,2016,1,"גבעת שמואל","גבעתשמואל",2016-09-20,61.9161092894433,1,9,25550,"HaMerkaz",c(34.8516645, 32.0780165)
681,2018,1,"גבעת שמואל","גבעתשמואל",2018-12-26,61.9161092894433,1,12,26022,"HaMerkaz",c(34.8516645, 32.0780165)
681,2019,1,"גבעת שמואל","גבעתשמואל",2019-03-14,61.9161092894433,1,3,26578,"HaMerkaz",c(34.8516645, 32.0780165)
681,2021,1,"גבעת שמואל","גבעתשמואל",2021-05-16,61.9161092894433,1,5,28162,"HaMerkaz",c(34.8516645, 32.0780165)
681,2023,1,"גבעת שמואל","גבעתשמואל",2023-05-10,61.9161092894433,1,5,NA,"HaMerkaz",c(34.8516645, 32.0780165)
681,2023,1,"גבעת שמואל","גבעתשמואל",2023-10-17,61.9161092894433,1,10,NA,"HaMerkaz",c(34.8516645, 32.0780165)
681,2023,1,"גבעת שמואל","גבעתשמואל",2023-11-20,61.9161092894433,1,11,NA,"HaMerkaz",c(34.8516645, 32.0780165)
681,2023,1,"גבעת שמואל","גבעתשמואל",2023-12-08,61.9161092894433,1,12,NA,"HaMerkaz",c(34.8516645, 32.0780165)
682,2015,1,"אליקים","אליקים",2015-03-11,126.49071562315,1,3,860,"HaZafon",c(35.067611, 32.6313095)
682,2016,1,"אליקים","אליקים",2016-06-22,126.49071562315,1,6,880,"HaZafon",c(35.067611, 32.6313095)
682,2016,1,"אליקים","אליקים",2016-09-20,126.49071562315,1,9,880,"HaZafon",c(35.067611, 32.6313095)
683,2014,1,"גבע כרמל","גבעכרמל",2014-07-28,125.067644571866,1,7,1100,"Haifa",c(34.9523665, 32.662945)
683,2016,1,"גבע כרמל","גבעכרמל",2016-09-20,125.067644571866,1,9,1180,"Haifa",c(34.9523665, 32.662945)
683,2016,1,"גבע כרמל","גבעכרמל",2016-06-22,125.067644571866,1,6,1180,"Haifa",c(34.9523665, 32.662945)
683,2019,1,"גבע כרמל","גבעכרמל",2019-07-31,125.067644571866,1,7,1200,"Haifa",c(34.9523665, 32.662945)
684,2015,1,"היוגב","היוגב",2015-03-11,129.855783154524,1,3,630,"HaZafon",c(35.2055255, 32.6112399)
684,2016,1,"היוגב","היוגב",2016-09-20,129.855783154524,1,9,680,"HaZafon",c(35.2055255, 32.6112399)
684,2023,1,"היוגב","היוגב",2023-12-02,129.855783154524,1,12,NA,"HaZafon",c(35.2055255, 32.6112399)
685,2014,1,"בניה","בניה",2014-08-20,35.4237989171021,1,8,780,"HaMerkaz",c(34.748099, 31.8446986)
685,2014,1,"בניה","בניה",2014-07-29,35.4237989171021,1,7,780,"HaMerkaz",c(34.748099, 31.8446986)
685,2016,1,"בניה","בניה",2016-09-20,35.4237989171021,1,9,800,"HaMerkaz",c(34.748099, 31.8446986)
685,2017,1,"בניה","בניה",2017-08-08,35.4237989171021,1,8,805,"HaMerkaz",c(34.748099, 31.8446986)
685,2019,1,"בניה","בניה",2019-05-05,35.4237989171021,1,5,798,"HaMerkaz",c(34.748099, 31.8446986)
685,2019,1,"בניה","בניה",2019-11-13,35.4237989171021,1,11,798,"HaMerkaz",c(34.748099, 31.8446986)
685,2021,1,"בניה","בניה",2021-05-19,35.4237989171021,1,5,764,"HaMerkaz",c(34.748099, 31.8446986)
685,2023,1,"בניה","בניה",2023-12-01,35.4237989171021,1,12,NA,"HaMerkaz",c(34.748099, 31.8446986)
685,2023,1,"בניה","בניה",2023-11-18,35.4237989171021,1,11,NA,"HaMerkaz",c(34.748099, 31.8446986)
685,2023,1,"בניה","בניה",2023-10-07,35.4237989171021,1,10,NA,"HaMerkaz",c(34.748099, 31.8446986)
686,2016,1,"נווה ימין","נווהימין",2016-12-20,75.4972829253229,1,12,1210,"HaMerkaz",c(34.940096, 32.170906)
686,2016,1,"נווה ימין","נווהימין",2016-09-20,75.4972829253229,1,9,1210,"HaMerkaz",c(34.940096, 32.170906)
686,2018,1,"נווה ימין","נווהימין",2018-12-26,75.4972829253229,1,12,1189,"HaMerkaz",c(34.940096, 32.170906)
686,2019,1,"נווה ימין","נווהימין",2019-03-25,75.4972829253229,1,3,1155,"HaMerkaz",c(34.940096, 32.170906)
686,2021,1,"נווה ימין","נווהימין",2021-05-11,75.4972829253229,1,5,1065,"HaMerkaz",c(34.940096, 32.170906)
686,2023,1,"נווה ימין","נווהימין",2023-10-31,75.4972829253229,1,10,NA,"HaMerkaz",c(34.940096, 32.170906)
687,2014,1,"עין איילה","עיןאיילה",2014-07-28,121.5730484031,1,7,1140,"Haifa",c(34.9432685, 32.628625)
687,2019,1,"עין איילה","עיןאיילה",2019-07-31,121.5730484031,1,7,1150,"Haifa",c(34.9432685, 32.628625)
688,2016,1,"עלמה","עלמה",2016-09-20,186.722702361836,1,9,690,"HaZafon",c(35.4994659, 33.0503365)
688,2016,1,"עלמה","עלמה",2016-12-06,186.722702361836,1,12,690,"HaZafon",c(35.4994659, 33.0503365)
688,2018,1,"עלמה","עלמה",2018-02-10,186.722702361836,1,2,712,"HaZafon",c(35.4994659, 33.0503365)
688,2019,1,"עלמה","עלמה",2019-05-20,186.722702361836,1,5,712,"HaZafon",c(35.4994659, 33.0503365)
688,2023,1,"עלמה","עלמה",2023-10-14,186.722702361836,1,10,NA,"HaZafon",c(35.4994659, 33.0503365)
689,2014,1,"מגדים","מגדים",2014-07-28,132.186731245728,1,7,1280,"Haifa",c(34.9570295, 32.729338)
689,2016,1,"מגדים","מגדים",2016-09-20,132.186731245728,1,9,1290,"Haifa",c(34.9570295, 32.729338)
689,2016,1,"מגדים","מגדים",2016-06-22,132.186731245728,1,6,1290,"Haifa",c(34.9570295, 32.729338)
689,2019,1,"מגדים","מגדים",2019-07-31,132.186731245728,1,7,1329,"Haifa",c(34.9570295, 32.729338)
690,2014,1,"כפר אחים","כפראחים",2014-08-20,27.9993292593929,1,8,790,"HaDarom",c(34.7553565, 31.7455075)
690,2014,1,"כפר אחים","כפראחים",2014-07-29,27.9993292593929,1,7,790,"HaDarom",c(34.7553565, 31.7455075)
690,2016,1,"כפר אחים","כפראחים",2016-09-20,27.9993292593929,1,9,840,"HaDarom",c(34.7553565, 31.7455075)
690,2019,1,"כפר אחים","כפראחים",2019-11-12,27.9993292593929,1,11,877,"HaDarom",c(34.7553565, 31.7455075)
690,2019,1,"כפר אחים","כפראחים",2019-05-05,27.9993292593929,1,5,877,"HaDarom",c(34.7553565, 31.7455075)
690,2021,1,"כפר אחים","כפראחים",2021-05-13,27.9993292593929,1,5,892,"HaDarom",c(34.7553565, 31.7455075)
690,2023,1,"כפר אחים","כפראחים",2023-10-07,27.9993292593929,1,10,NA,"HaDarom",c(34.7553565, 31.7455075)
692,2014,1,"שפיר","שפיר",2014-08-05,22.3726516113538,1,8,810,"HaDarom",c(34.729741, 31.695841)
692,2014,1,"שפיר","שפיר",2014-07-31,22.3726516113538,1,7,810,"HaDarom",c(34.729741, 31.695841)
692,2016,1,"שפיר","שפיר",2016-09-20,22.3726516113538,1,9,880,"HaDarom",c(34.729741, 31.695841)
692,2019,1,"שפיר","שפיר",2019-05-04,22.3726516113538,1,5,920,"HaDarom",c(34.729741, 31.695841)
692,2019,1,"שפיר","שפיר",2019-11-14,22.3726516113538,1,11,920,"HaDarom",c(34.729741, 31.695841)
692,2021,1,"שפיר","שפיר",2021-05-12,22.3726516113538,1,5,911,"HaDarom",c(34.729741, 31.695841)
692,2023,1,"שפיר","שפיר",2023-10-07,22.3726516113538,1,10,NA,"HaDarom",c(34.729741, 31.695841)
693,2014,1,"נתיב הל""ה","נתיבהלה",2014-07-29,41.9503506235324,1,7,590,"Jerusalem",c(34.9816795, 31.6879955)
693,2014,1,"נתיב הל""ה","נתיבהלה",2014-08-19,41.9503506235324,1,8,590,"Jerusalem",c(34.9816795, 31.6879955)
693,2016,1,"נתיב הל""ה","נתיבהלה",2016-09-20,41.9503506235324,1,9,600,"Jerusalem",c(34.9816795, 31.6879955)
693,2016,1,"נתיב הל""ה","נתיבהלה",2016-07-06,41.9503506235324,1,7,600,"Jerusalem",c(34.9816795, 31.6879955)
693,2017,1,"נתיב הל""ה","נתיבהלה",2017-12-05,41.9503506235324,1,12,622,"Jerusalem",c(34.9816795, 31.6879955)
693,2019,1,"נתיב הל""ה","נתיבהלה",2019-05-04,41.9503506235324,1,5,654,"Jerusalem",c(34.9816795, 31.6879955)
693,2023,1,"נתיב הל''ה","נתיבהלה",2023-10-07,41.9503506235324,1,10,NA,"Jerusalem",c(34.9816795, 31.6879955)
694,2014,1,"מעגן מיכאל","מעגןמיכאל",2014-07-28,113.050465544958,1,7,1830,"Haifa",c(34.9155985, 32.5556519)
694,2016,1,"מעגן מיכאל","מעגןמיכאל",2016-06-22,113.050465544958,1,6,1910,"Haifa",c(34.9155985, 32.5556519)
694,2016,1,"מעגן מיכאל","מעגןמיכאל",2016-09-20,113.050465544958,1,9,1910,"Haifa",c(34.9155985, 32.5556519)
694,2019,1,"מעגן מיכאל","מעגןמיכאל",2019-07-31,113.050465544958,1,7,2039,"Haifa",c(34.9155985, 32.5556519)
695,2014,1,"מגן","מגן",2014-07-31,4.42772500444768,1,7,540,"HaDarom",c(34.4272655, 31.2986895)
695,2014,1,"מגן","מגן",2014-08-26,4.42772500444768,1,8,540,"HaDarom",c(34.4272655, 31.2986895)
695,2016,1,"מגן","מגן",2016-09-20,4.42772500444768,1,9,550,"HaDarom",c(34.4272655, 31.2986895)
695,2017,1,"מגן","מגן",2017-10-15,4.42772500444768,1,10,542,"HaDarom",c(34.4272655, 31.2986895)
695,2017,1,"מגן","מגן",2017-03-19,4.42772500444768,1,3,542,"HaDarom",c(34.4272655, 31.2986895)
695,2018,1,"מגן","מגן",2018-07-14,4.42772500444768,1,7,537,"HaDarom",c(34.4272655, 31.2986895)
695,2018,1,"מגן","מגן",2018-11-12,4.42772500444768,1,11,537,"HaDarom",c(34.4272655, 31.2986895)
695,2018,1,"מגן","מגן",2018-05-30,4.42772500444768,1,5,537,"HaDarom",c(34.4272655, 31.2986895)
695,2018,1,"מגן","מגן",2018-10-27,4.42772500444768,1,10,537,"HaDarom",c(34.4272655, 31.2986895)
695,2018,1,"מגן","מגן",2018-08-09,4.42772500444768,1,8,537,"HaDarom",c(34.4272655, 31.2986895)
695,2019,1,"מגן","מגן",2019-03-26,4.42772500444768,1,3,532,"HaDarom",c(34.4272655, 31.2986895)
695,2019,1,"מגן","מגן",2019-05-05,4.42772500444768,1,5,532,"HaDarom",c(34.4272655, 31.2986895)
695,2021,1,"מגן","מגן",2021-05-14,4.42772500444768,1,5,537,"HaDarom",c(34.4272655, 31.2986895)
695,2022,1,"מגן","מגן",2022-08-06,4.42772500444768,1,8,540,"HaDarom",c(34.4272655, 31.2986895)
695,2023,1,"מגן","מגן",2023-05-12,4.42772500444768,1,5,NA,"HaDarom",c(34.4272655, 31.2986895)
695,2023,1,"מגן","מגן",2023-12-02,4.42772500444768,1,12,NA,"HaDarom",c(34.4272655, 31.2986895)
695,2023,1,"מגן","מגן",2023-10-07,4.42772500444768,1,10,NA,"HaDarom",c(34.4272655, 31.2986895)
695,2023,1,"מגן","מגן",2023-01-27,4.42772500444768,1,1,NA,"HaDarom",c(34.4272655, 31.2986895)
696,2014,1,"כפר חב""ד","כפרחבד",2014-08-26,54.5579043095506,1,8,5860,"HaMerkaz",c(34.8516894, 31.9880875)
696,2014,1,"כפר חב""ד","כפרחבד",2014-07-29,54.5579043095506,1,7,5860,"HaMerkaz",c(34.8516894, 31.9880875)
696,2015,1,"כפר חב""ד","כפרחבד",2015-03-23,54.5579043095506,1,3,6050,"HaMerkaz",c(34.8516894, 31.9880875)
696,2016,1,"כפר חב""ד","כפרחבד",2016-09-20,54.5579043095506,1,9,6020,"HaMerkaz",c(34.8516894, 31.9880875)
696,2021,1,"כפר חב''ד","כפרחבד",2021-05-12,54.5579043095506,1,5,6797,"HaMerkaz",c(34.8516894, 31.9880875)
696,2023,1,"כפר חב''ד","כפרחבד",2023-12-02,54.5579043095506,1,12,NA,"HaMerkaz",c(34.8516894, 31.9880875)
696,2023,1,"כפר חב''ד","כפרחבד",2023-10-28,54.5579043095506,1,10,NA,"HaMerkaz",c(34.8516894, 31.9880875)
696,2023,1,"כפר חב''ד","כפרחבד",2023-11-17,54.5579043095506,1,11,NA,"HaMerkaz",c(34.8516894, 31.9880875)
697,2016,1,"בארותיים","בארותיים",2016-09-20,91.5560949224122,1,9,1140,"HaMerkaz",c(34.9818725, 32.3204585)
697,2017,1,"בארותיים","בארותיים",2017-02-07,91.5560949224122,1,2,1151,"HaMerkaz",c(34.9818725, 32.3204585)
697,2021,1,"בארותיים","בארותיים",2021-05-11,91.5560949224122,1,5,1155,"HaMerkaz",c(34.9818725, 32.3204585)
698,2016,1,"בורגתה","בורגתה",2016-09-20,91.511299271711,1,9,1130,"HaMerkaz",c(34.9615045, 32.3265474)
698,2017,1,"בורגתה","בורגתה",2017-02-07,91.511299271711,1,2,1118,"HaMerkaz",c(34.9615045, 32.3265474)
698,2021,1,"בורגתה","בורגתה",2021-05-11,91.511299271711,1,5,1147,"HaMerkaz",c(34.9615045, 32.3265474)
699,2014,1,"ניר ישראל","נירישראל",2014-07-31,15.1487291422629,1,7,860,"HaDarom",c(34.6354599, 31.688192)
699,2014,1,"ניר ישראל","נירישראל",2014-08-24,15.1487291422629,1,8,860,"HaDarom",c(34.6354599, 31.688192)
699,2015,1,"ניר ישראל","נירישראל",2015-06-03,15.1487291422629,1,6,850,"HaDarom",c(34.6354599, 31.688192)
699,2015,1,"ניר ישראל","נירישראל",2015-05-26,15.1487291422629,1,5,850,"HaDarom",c(34.6354599, 31.688192)
699,2016,1,"ניר ישראל","נירישראל",2016-09-20,15.1487291422629,1,9,880,"HaDarom",c(34.6354599, 31.688192)
699,2017,1,"ניר ישראל","נירישראל",2017-12-11,15.1487291422629,1,12,870,"HaDarom",c(34.6354599, 31.688192)
699,2018,1,"ניר ישראל","נירישראל",2018-11-13,15.1487291422629,1,11,891,"HaDarom",c(34.6354599, 31.688192)
699,2018,1,"ניר ישראל","נירישראל",2018-05-30,15.1487291422629,1,5,891,"HaDarom",c(34.6354599, 31.688192)
699,2019,1,"ניר ישראל","נירישראל",2019-05-05,15.1487291422629,1,5,877,"HaDarom",c(34.6354599, 31.688192)
699,2019,1,"ניר ישראל","נירישראל",2019-11-12,15.1487291422629,1,11,877,"HaDarom",c(34.6354599, 31.688192)
699,2019,1,"ניר ישראל","נירישראל",2019-12-25,15.1487291422629,1,12,877,"HaDarom",c(34.6354599, 31.688192)
699,2021,1,"ניר ישראל","נירישראל",2021-05-15,15.1487291422629,1,5,892,"HaDarom",c(34.6354599, 31.688192)
699,2022,1,"ניר ישראל","נירישראל",2022-08-07,15.1487291422629,1,8,884,"HaDarom",c(34.6354599, 31.688192)
699,2023,1,"ניר ישראל","נירישראל",2023-05-10,15.1487291422629,1,5,NA,"HaDarom",c(34.6354599, 31.688192)
699,2023,1,"ניר ישראל","נירישראל",2023-10-13,15.1487291422629,1,10,NA,"HaDarom",c(34.6354599, 31.688192)
699,2023,1,"ניר ישראל","נירישראל",2023-11-04,15.1487291422629,1,11,NA,"HaDarom",c(34.6354599, 31.688192)
700,2014,1,"חצב","חצב",2014-07-29,31.5700146839525,1,7,1390,"HaDarom",c(34.7697325, 31.7824135)
700,2014,1,"חצב","חצב",2014-08-20,31.5700146839525,1,8,1390,"HaDarom",c(34.7697325, 31.7824135)
700,2016,1,"חצב","חצב",2016-09-20,31.5700146839525,1,9,1450,"HaDarom",c(34.7697325, 31.7824135)
700,2019,1,"חצב","חצב",2019-11-12,31.5700146839525,1,11,1486,"HaDarom",c(34.7697325, 31.7824135)
700,2019,1,"חצב","חצב",2019-05-05,31.5700146839525,1,5,1486,"HaDarom",c(34.7697325, 31.7824135)
700,2021,1,"חצב","חצב",2021-05-11,31.5700146839525,1,5,1518,"HaDarom",c(34.7697325, 31.7824135)
700,2023,1,"חצב","חצב",2023-05-13,31.5700146839525,1,5,NA,"HaDarom",c(34.7697325, 31.7824135)
700,2023,1,"חצב","חצב",2023-10-07,31.5700146839525,1,10,NA,"HaDarom",c(34.7697325, 31.7824135)
701,2015,1,"ארבל","ארבל",2015-03-11,163.550498144573,1,3,670,"HaZafon",c(35.4856675, 32.812244)
701,2016,1,"ארבל","ארבל",2016-09-20,163.550498144573,1,9,710,"HaZafon",c(35.4856675, 32.812244)
701,2017,1,"ארבל","ארבל",2017-07-18,163.550498144573,1,7,732,"HaZafon",c(35.4856675, 32.812244)
701,2019,1,"ארבל","ארבל",2019-05-20,163.550498144573,1,5,735,"HaZafon",c(35.4856675, 32.812244)
702,2016,1,"האון","האון",2016-09-20,163.809415331442,1,9,180,"HaZafon",c(35.6229476, 32.7264595)
702,2017,1,"האון","האון",2017-06-12,163.809415331442,1,6,182,"HaZafon",c(35.6229476, 32.7264595)
702,2017,1,"האון","האון",2017-11-22,163.809415331442,1,11,182,"HaZafon",c(35.6229476, 32.7264595)
702,2018,1,"האון","האון",2018-02-10,163.809415331442,1,2,181,"HaZafon",c(35.6229476, 32.7264595)
702,2018,1,"האון","האון",2018-07-23,163.809415331442,1,7,181,"HaZafon",c(35.6229476, 32.7264595)
702,2021,1,"האון","האון",2021-11-03,163.809415331442,1,11,183,"HaZafon",c(35.6229476, 32.7264595)
703,2016,1,"גבעת עוז","גבעתעוז",2016-06-22,125.235131411897,1,6,470,"HaZafon",c(35.1979329, 32.555281)
703,2016,1,"גבעת עוז","גבעתעוז",2016-09-20,125.235131411897,1,9,470,"HaZafon",c(35.1979329, 32.555281)
706,2014,1,"גיאה","גיאה",2014-08-20,8.57428969610382,1,8,920,"HaDarom",c(34.6052625, 31.6253985)
706,2014,1,"גיאה","גיאה",2014-07-30,8.57428969610382,1,7,920,"HaDarom",c(34.6052625, 31.6253985)
706,2015,1,"גיאה","גיאה",2015-06-06,8.57428969610382,1,6,930,"HaDarom",c(34.6052625, 31.6253985)
706,2016,1,"גיאה","גיאה",2016-09-20,8.57428969610382,1,9,940,"HaDarom",c(34.6052625, 31.6253985)
706,2017,1,"גיאה","גיאה",2017-12-11,8.57428969610382,1,12,973,"HaDarom",c(34.6052625, 31.6253985)
706,2018,1,"גיאה","גיאה",2018-07-14,8.57428969610382,1,7,970,"HaDarom",c(34.6052625, 31.6253985)
706,2018,1,"גיאה","גיאה",2018-02-18,8.57428969610382,1,2,970,"HaDarom",c(34.6052625, 31.6253985)
706,2018,1,"גיאה","גיאה",2018-08-09,8.57428969610382,1,8,970,"HaDarom",c(34.6052625, 31.6253985)
706,2018,1,"גיאה","גיאה",2018-05-30,8.57428969610382,1,5,970,"HaDarom",c(34.6052625, 31.6253985)
706,2018,1,"גיאה","גיאה",2018-11-13,8.57428969610382,1,11,970,"HaDarom",c(34.6052625, 31.6253985)
706,2019,1,"גיאה","גיאה",2019-11-12,8.57428969610382,1,11,969,"HaDarom",c(34.6052625, 31.6253985)
706,2019,1,"גיאה","גיאה",2019-05-04,8.57428969610382,1,5,969,"HaDarom",c(34.6052625, 31.6253985)
706,2020,1,"גיאה","גיאה",2020-02-23,8.57428969610382,1,2,978,"HaDarom",c(34.6052625, 31.6253985)
706,2021,1,"גיאה","גיאה",2021-05-10,8.57428969610382,1,5,980,"HaDarom",c(34.6052625, 31.6253985)
706,2022,1,"גיאה","גיאה",2022-08-05,8.57428969610382,1,8,972,"HaDarom",c(34.6052625, 31.6253985)
706,2022,1,"גיאה","גיאה",2022-07-16,8.57428969610382,1,7,972,"HaDarom",c(34.6052625, 31.6253985)
706,2023,1,"גיאה","גיאה",2023-10-07,8.57428969610382,1,10,NA,"HaDarom",c(34.6052625, 31.6253985)
706,2023,1,"גיאה","גיאה",2023-11-15,8.57428969610382,1,11,NA,"HaDarom",c(34.6052625, 31.6253985)
706,2023,1,"גיאה","גיאה",2023-12-03,8.57428969610382,1,12,NA,"HaDarom",c(34.6052625, 31.6253985)
706,2023,1,"גיאה","גיאה",2023-05-13,8.57428969610382,1,5,NA,"HaDarom",c(34.6052625, 31.6253985)
707,2014,1,"כפר דניאל","כפרדניאל",2014-08-21,54.896249798389,1,8,730,"HaMerkaz",c(34.932786, 31.933019)
707,2015,1,"כפר דניאל","כפרדניאל",2015-03-23,54.896249798389,1,3,730,"HaMerkaz",c(34.932786, 31.933019)
707,2016,1,"כפר דניאל","כפרדניאל",2016-09-20,54.896249798389,1,9,730,"HaMerkaz",c(34.932786, 31.933019)
707,2021,1,"כפר דניאל","כפרדניאל",2021-05-12,54.896249798389,1,5,684,"HaMerkaz",c(34.932786, 31.933019)
707,2023,1,"כפר דניאל","כפרדניאל",2023-11-03,54.896249798389,1,11,NA,"HaMerkaz",c(34.932786, 31.933019)
707,2023,1,"כפר דניאל","כפרדניאל",2023-12-02,54.896249798389,1,12,NA,"HaMerkaz",c(34.932786, 31.933019)
708,2016,1,"עמקה","עמקה",2016-09-20,165.31522091419,1,9,710,"HaZafon",c(35.162118, 32.9801254)
708,2016,1,"עמקה","עמקה",2016-05-31,165.31522091419,1,5,710,"HaZafon",c(35.162118, 32.9801254)
708,2018,1,"עמקה","עמקה",2018-06-19,165.31522091419,1,6,753,"HaZafon",c(35.162118, 32.9801254)
708,2018,1,"עמקה","עמקה",2018-02-10,165.31522091419,1,2,753,"HaZafon",c(35.162118, 32.9801254)
708,2019,1,"עמקה","עמקה",2019-05-20,165.31522091419,1,5,772,"HaZafon",c(35.162118, 32.9801254)
709,2014,1,"תפרח","תפרח",2014-08-20,23.0657231742677,1,8,2090,"HaDarom",c(34.677233, 31.3264646)
709,2014,1,"תפרח","תפרח",2014-07-29,23.0657231742677,1,7,2090,"HaDarom",c(34.677233, 31.3264646)
709,2016,1,"תפרח","תפרח",2016-09-20,23.0657231742677,1,9,2240,"HaDarom",c(34.677233, 31.3264646)
709,2017,1,"תפרח","תפרח",2017-03-21,23.0657231742677,1,3,2236,"HaDarom",c(34.677233, 31.3264646)
709,2018,1,"תפרח","תפרח",2018-11-12,23.0657231742677,1,11,2164,"HaDarom",c(34.677233, 31.3264646)
709,2019,1,"תפרח","תפרח",2019-05-04,23.0657231742677,1,5,2178,"HaDarom",c(34.677233, 31.3264646)
709,2021,1,"תפרח","תפרח",2021-05-12,23.0657231742677,1,5,2231,"HaDarom",c(34.677233, 31.3264646)
709,2023,1,"תפרח","תפרח",2023-10-07,23.0657231742677,1,10,NA,"HaDarom",c(34.677233, 31.3264646)
710,2014,1,"בית זית","ביתזית",2014-08-19,61.7665363647175,1,8,1610,"Jerusalem",c(35.1656214, 31.7838375)
710,2016,1,"בית זית","ביתזית",2016-09-20,61.7665363647175,1,9,1630,"Jerusalem",c(35.1656214, 31.7838375)
710,2016,1,"בית זית","ביתזית",2016-07-06,61.7665363647175,1,7,1630,"Jerusalem",c(35.1656214, 31.7838375)
710,2017,1,"בית זית","ביתזית",2017-12-05,61.7665363647175,1,12,1694,"Jerusalem",c(35.1656214, 31.7838375)
710,2021,1,"בית זית","ביתזית",2021-05-10,61.7665363647175,1,5,1655,"Jerusalem",c(35.1656214, 31.7838375)
710,2023,1,"בית זית","ביתזית",2023-10-07,61.7665363647175,1,10,NA,"Jerusalem",c(35.1656214, 31.7838375)
710,2023,1,"בית זית","ביתזית",2023-12-15,61.7665363647175,1,12,NA,"Jerusalem",c(35.1656214, 31.7838375)
711,2014,1,"עזריה","עזריה",2014-08-21,49.4562965059978,1,8,1140,"HaMerkaz",c(34.9071711, 31.890195)
711,2016,1,"עזריה","עזריה",2016-09-20,49.4562965059978,1,9,1220,"HaMerkaz",c(34.9071711, 31.890195)
711,2017,1,"עזריה","עזריה",2017-08-08,49.4562965059978,1,8,1225,"HaMerkaz",c(34.9071711, 31.890195)
711,2019,1,"עזריה","עזריה",2019-11-12,49.4562965059978,1,11,1227,"HaMerkaz",c(34.9071711, 31.890195)
711,2019,1,"עזריה","עזריה",2019-05-04,49.4562965059978,1,5,1227,"HaMerkaz",c(34.9071711, 31.890195)
711,2021,1,"עזריה","עזריה",2021-05-13,49.4562965059978,1,5,1237,"HaMerkaz",c(34.9071711, 31.890195)
711,2022,1,"עזריה","עזריה",2022-08-06,49.4562965059978,1,8,1269,"HaMerkaz",c(34.9071711, 31.890195)
711,2023,1,"עזריה","עזריה",2023-12-02,49.4562965059978,1,12,NA,"HaMerkaz",c(34.9071711, 31.890195)
711,2023,1,"עזריה","עזריה",2023-10-07,49.4562965059978,1,10,NA,"HaMerkaz",c(34.9071711, 31.890195)
711,2023,1,"עזריה","עזריה",2023-11-20,49.4562965059978,1,11,NA,"HaMerkaz",c(34.9071711, 31.890195)
712,2016,1,"בן עמי","בןעמי",2016-09-20,166.324194739328,1,9,770,"HaZafon",c(35.1254956, 33.0065479)
712,2016,1,"בן עמי","בןעמי",2016-12-06,166.324194739328,1,12,770,"HaZafon",c(35.1254956, 33.0065479)
712,2018,1,"בן עמי","בןעמי",2018-02-10,166.324194739328,1,2,775,"HaZafon",c(35.1254956, 33.0065479)
712,2019,1,"בן עמי","בןעמי",2019-05-20,166.324194739328,1,5,766,"HaZafon",c(35.1254956, 33.0065479)
713,2014,1,"רעים","רעים",2014-08-08,4.91278678678689,1,8,400,"HaDarom",c(34.460259, 31.3852205)
713,2014,1,"רעים","רעים",2014-07-30,4.91278678678689,1,7,400,"HaDarom",c(34.460259, 31.3852205)
713,2016,1,"רעים","רעים",2016-10-06,4.91278678678689,1,10,410,"HaDarom",c(34.460259, 31.3852205)
713,2016,1,"רעים","רעים",2016-09-20,4.91278678678689,1,9,410,"HaDarom",c(34.460259, 31.3852205)
713,2018,1,"רעים","רעים",2018-08-08,4.91278678678689,1,8,418,"HaDarom",c(34.460259, 31.3852205)
713,2018,1,"רעים","רעים",2018-11-12,4.91278678678689,1,11,418,"HaDarom",c(34.460259, 31.3852205)
713,2018,1,"רעים","רעים",2018-06-20,4.91278678678689,1,6,418,"HaDarom",c(34.460259, 31.3852205)
713,2018,1,"רעים","רעים",2018-07-14,4.91278678678689,1,7,418,"HaDarom",c(34.460259, 31.3852205)
713,2018,1,"רעים","רעים",2018-05-29,4.91278678678689,1,5,418,"HaDarom",c(34.460259, 31.3852205)
713,2019,1,"רעים","רעים",2019-11-12,4.91278678678689,1,11,409,"HaDarom",c(34.460259, 31.3852205)
713,2019,1,"רעים","רעים",2019-03-25,4.91278678678689,1,3,409,"HaDarom",c(34.460259, 31.3852205)
713,2020,1,"רעים","רעים",2020-09-16,4.91278678678689,1,9,427,"HaDarom",c(34.460259, 31.3852205)
713,2020,1,"רעים","רעים",2020-03-12,4.91278678678689,1,3,427,"HaDarom",c(34.460259, 31.3852205)
713,2021,1,"רעים","רעים",2021-05-13,4.91278678678689,1,5,433,"HaDarom",c(34.460259, 31.3852205)
713,2022,1,"רעים","רעים",2022-08-07,4.91278678678689,1,8,422,"HaDarom",c(34.460259, 31.3852205)
713,2023,1,"רעים","רעים",2023-11-05,4.91278678678689,1,11,NA,"HaDarom",c(34.460259, 31.3852205)
713,2023,1,"רעים","רעים",2023-10-18,4.91278678678689,1,10,NA,"HaDarom",c(34.460259, 31.3852205)
713,2023,1,"רעים","רעים",2023-05-13,4.91278678678689,1,5,NA,"HaDarom",c(34.460259, 31.3852205)
713,2023,1,"רעים","רעים",2023-12-03,4.91278678678689,1,12,NA,"HaDarom",c(34.460259, 31.3852205)
714,2014,1,"ארז","ארז",2014-09-18,1.05880930774134,1,9,490,"HaDarom",c(34.565899, 31.55949)
714,2014,1,"ארז","ארז",2014-07-29,1.05880930774134,1,7,490,"HaDarom",c(34.565899, 31.55949)
714,2014,1,"ארז","ארז",2014-08-26,1.05880930774134,1,8,490,"HaDarom",c(34.565899, 31.55949)
714,2015,1,"ארז","ארז",2015-11-17,1.05880930774134,1,11,490,"HaDarom",c(34.565899, 31.55949)
714,2016,1,"ארז","ארז",2016-10-24,1.05880930774134,1,10,480,"HaDarom",c(34.565899, 31.55949)
714,2016,1,"ארז","ארז",2016-09-20,1.05880930774134,1,9,480,"HaDarom",c(34.565899, 31.55949)
714,2017,1,"ארז","ארז",2017-11-30,1.05880930774134,1,11,494,"HaDarom",c(34.565899, 31.55949)
714,2017,1,"ארז","ארז",2017-07-12,1.05880930774134,1,7,494,"HaDarom",c(34.565899, 31.55949)
714,2018,1,"ארז","ארז",2018-06-03,1.05880930774134,1,6,517,"HaDarom",c(34.565899, 31.55949)
714,2018,1,"ארז","ארז",2018-11-12,1.05880930774134,1,11,517,"HaDarom",c(34.565899, 31.55949)
714,2018,1,"ארז","ארז",2018-02-17,1.05880930774134,1,2,517,"HaDarom",c(34.565899, 31.55949)
714,2018,1,"ארז","ארז",2018-08-08,1.05880930774134,1,8,517,"HaDarom",c(34.565899, 31.55949)
714,2018,1,"ארז","ארז",2018-05-30,1.05880930774134,1,5,517,"HaDarom",c(34.565899, 31.55949)
714,2018,1,"ארז","ארז",2018-03-25,1.05880930774134,1,3,517,"HaDarom",c(34.565899, 31.55949)
714,2018,1,"ארז","ארז",2018-07-14,1.05880930774134,1,7,517,"HaDarom",c(34.565899, 31.55949)
714,2018,1,"ארז","ארז",2018-10-27,1.05880930774134,1,10,517,"HaDarom",c(34.565899, 31.55949)
714,2019,1,"ארז","ארז",2019-05-04,1.05880930774134,1,5,557,"HaDarom",c(34.565899, 31.55949)
714,2019,1,"ארז","ארז",2019-10-27,1.05880930774134,1,10,557,"HaDarom",c(34.565899, 31.55949)
714,2019,1,"ארז","ארז",2019-12-07,1.05880930774134,1,12,557,"HaDarom",c(34.565899, 31.55949)
714,2019,1,"ארז","ארז",2019-11-12,1.05880930774134,1,11,557,"HaDarom",c(34.565899, 31.55949)
714,2019,1,"ארז","ארז",2019-09-19,1.05880930774134,1,9,557,"HaDarom",c(34.565899, 31.55949)
714,2019,1,"ארז","ארז",2019-03-26,1.05880930774134,1,3,557,"HaDarom",c(34.565899, 31.55949)
714,2019,1,"ארז","ארז",2019-08-16,1.05880930774134,1,8,557,"HaDarom",c(34.565899, 31.55949)
714,2020,1,"ארז","ארז",2020-02-24,1.05880930774134,1,2,586,"HaDarom",c(34.565899, 31.55949)
714,2020,1,"ארז","ארז",2020-08-02,1.05880930774134,1,8,586,"HaDarom",c(34.565899, 31.55949)
714,2020,1,"ארז","ארז",2020-01-31,1.05880930774134,1,1,586,"HaDarom",c(34.565899, 31.55949)
714,2021,1,"ארז","ארז",2021-04-26,1.05880930774134,1,4,608,"HaDarom",c(34.565899, 31.55949)
714,2021,1,"ארז","ארז",2021-05-20,1.05880930774134,1,5,608,"HaDarom",c(34.565899, 31.55949)
714,2021,1,"ארז","ארז",2021-08-16,1.05880930774134,1,8,608,"HaDarom",c(34.565899, 31.55949)
714,2022,1,"ארז","ארז",2022-04-21,1.05880930774134,1,4,616,"HaDarom",c(34.565899, 31.55949)
714,2022,1,"ארז","ארז",2022-08-05,1.05880930774134,1,8,616,"HaDarom",c(34.565899, 31.55949)
714,2023,1,"ארז","ארז",2023-10-08,1.05880930774134,1,10,NA,"HaDarom",c(34.565899, 31.55949)
714,2023,1,"ארז","ארז",2023-04-05,1.05880930774134,1,4,NA,"HaDarom",c(34.565899, 31.55949)
714,2023,1,"ארז","ארז",2023-12-01,1.05880930774134,1,12,NA,"HaDarom",c(34.565899, 31.55949)
714,2023,1,"ארז","ארז",2023-11-06,1.05880930774134,1,11,NA,"HaDarom",c(34.565899, 31.55949)
714,2023,1,"ארז","ארז",2023-05-11,1.05880930774134,1,5,NA,"HaDarom",c(34.565899, 31.55949)
717,2014,1,"חגור","חגור",2014-08-02,72.7229718312715,1,8,1100,"HaMerkaz",c(34.9465584, 32.1375555)
717,2016,1,"חגור","חגור",2016-12-20,72.7229718312715,1,12,1150,"HaMerkaz",c(34.9465584, 32.1375555)
717,2016,1,"חגור","חגור",2016-09-20,72.7229718312715,1,9,1150,"HaMerkaz",c(34.9465584, 32.1375555)
717,2018,1,"חגור","חגור",2018-12-26,72.7229718312715,1,12,1156,"HaMerkaz",c(34.9465584, 32.1375555)
717,2021,1,"חגור","חגור",2021-05-11,72.7229718312715,1,5,1152,"HaMerkaz",c(34.9465584, 32.1375555)
717,2023,1,"חגור","חגור",2023-10-28,72.7229718312715,1,10,NA,"HaMerkaz",c(34.9465584, 32.1375555)
717,2023,1,"חגור","חגור",2023-11-05,72.7229718312715,1,11,NA,"HaMerkaz",c(34.9465584, 32.1375555)
718,2014,1,"ירחיב","ירחיב",2014-08-02,76.0486684630799,1,8,920,"HaMerkaz",c(34.968904, 32.1541555)
718,2016,1,"ירחיב","ירחיב",2016-12-20,76.0486684630799,1,12,960,"HaMerkaz",c(34.968904, 32.1541555)
718,2016,1,"ירחיב","ירחיב",2016-09-20,76.0486684630799,1,9,960,"HaMerkaz",c(34.968904, 32.1541555)
718,2018,1,"ירחיב","ירחיב",2018-12-26,76.0486684630799,1,12,1086,"HaMerkaz",c(34.968904, 32.1541555)
718,2021,1,"ירחיב","ירחיב",2021-05-11,76.0486684630799,1,5,1088,"HaMerkaz",c(34.968904, 32.1541555)
718,2023,1,"ירחיב","ירחיב",2023-10-28,76.0486684630799,1,10,NA,"HaMerkaz",c(34.968904, 32.1541555)
719,2016,1,"תל קציר","תלקציר",2016-09-20,161.771875494811,1,9,360,"HaZafon",c(35.6167419, 32.7057485)
719,2017,1,"תל קציר","תלקציר",2017-11-22,161.771875494811,1,11,382,"HaZafon",c(35.6167419, 32.7057485)
719,2017,1,"תל קציר","תלקציר",2017-06-12,161.771875494811,1,6,382,"HaZafon",c(35.6167419, 32.7057485)
719,2018,1,"תל קציר","תלקציר",2018-02-10,161.771875494811,1,2,405,"HaZafon",c(35.6167419, 32.7057485)
719,2018,1,"תל קציר","תלקציר",2018-07-24,161.771875494811,1,7,405,"HaZafon",c(35.6167419, 32.7057485)
719,2021,1,"תל קציר","תלקציר",2021-11-03,161.771875494811,1,11,500,"HaZafon",c(35.6167419, 32.7057485)
720,2014,1,"ניר גלים","נירגלים",2014-08-04,30.4721030956223,1,8,1310,"HaMerkaz",c(34.6842496, 31.825094)
720,2014,1,"ניר גלים","נירגלים",2014-07-30,30.4721030956223,1,7,1310,"HaMerkaz",c(34.6842496, 31.825094)
720,2015,1,"ניר גלים","נירגלים",2015-05-26,30.4721030956223,1,5,1400,"HaMerkaz",c(34.6842496, 31.825094)
720,2015,1,"ניר גלים","נירגלים",2015-09-29,30.4721030956223,1,9,1400,"HaMerkaz",c(34.6842496, 31.825094)
720,2016,1,"ניר גלים","נירגלים",2016-09-20,30.4721030956223,1,9,1410,"HaMerkaz",c(34.6842496, 31.825094)
720,2019,1,"ניר גלים","נירגלים",2019-05-05,30.4721030956223,1,5,1396,"HaMerkaz",c(34.6842496, 31.825094)
720,2019,1,"ניר גלים","נירגלים",2019-11-12,30.4721030956223,1,11,1396,"HaMerkaz",c(34.6842496, 31.825094)
720,2021,1,"ניר גלים","נירגלים",2021-05-15,30.4721030956223,1,5,1387,"HaMerkaz",c(34.6842496, 31.825094)
720,2023,1,"ניר גלים","נירגלים",2023-05-10,30.4721030956223,1,5,NA,"HaMerkaz",c(34.6842496, 31.825094)
720,2023,1,"ניר גלים","נירגלים",2023-12-01,30.4721030956223,1,12,NA,"HaMerkaz",c(34.6842496, 31.825094)
720,2023,1,"ניר גלים","נירגלים",2023-10-30,30.4721030956223,1,10,NA,"HaMerkaz",c(34.6842496, 31.825094)
720,2023,1,"ניר גלים","נירגלים",2023-11-01,30.4721030956223,1,11,NA,"HaMerkaz",c(34.6842496, 31.825094)
721,2015,1,"שדה אילן","שדהאילן",2015-03-11,154.077227143603,1,3,540,"HaZafon",c(35.4233705, 32.7484765)
721,2016,1,"שדה אילן","שדהאילן",2016-09-20,154.077227143603,1,9,560,"HaZafon",c(35.4233705, 32.7484765)
721,2017,1,"שדה אילן","שדהאילן",2017-07-18,154.077227143603,1,7,574,"HaZafon",c(35.4233705, 32.7484765)
722,2014,1,"מגשימים","מגשימים",2014-08-26,61.827094371126,1,8,1050,"HaMerkaz",c(34.895483, 32.049609)
722,2014,1,"מגשימים","מגשימים",2014-07-29,61.827094371126,1,7,1050,"HaMerkaz",c(34.895483, 32.049609)
722,2015,1,"מגשימים","מגשימים",2015-03-23,61.827094371126,1,3,1060,"HaMerkaz",c(34.895483, 32.049609)
722,2016,1,"מגשימים","מגשימים",2016-09-20,61.827094371126,1,9,1070,"HaMerkaz",c(34.895483, 32.049609)
722,2021,1,"מגשימים","מגשימים",2021-05-11,61.827094371126,1,5,1090,"HaMerkaz",c(34.895483, 32.049609)
722,2023,1,"מגשימים","מגשימים",2023-10-16,61.827094371126,1,10,NA,"HaMerkaz",c(34.895483, 32.049609)
722,2023,1,"מגשימים","מגשימים",2023-12-04,61.827094371126,1,12,NA,"HaMerkaz",c(34.895483, 32.049609)
722,2023,1,"מגשימים","מגשימים",2023-11-05,61.827094371126,1,11,NA,"HaMerkaz",c(34.895483, 32.049609)
723,2014,1,"בית הגדי","ביתהגדי",2014-08-01,9.09305663988076,1,8,710,"HaDarom",c(34.606871, 31.425047)
723,2014,1,"בית הגדי","ביתהגדי",2014-07-30,9.09305663988076,1,7,710,"HaDarom",c(34.606871, 31.425047)
723,2015,1,"בית הגדי","ביתהגדי",2015-06-03,9.09305663988076,1,6,730,"HaDarom",c(34.606871, 31.425047)
723,2016,1,"בית הגדי","ביתהגדי",2016-09-20,9.09305663988076,1,9,760,"HaDarom",c(34.606871, 31.425047)
723,2017,1,"בית הגדי","ביתהגדי",2017-03-21,9.09305663988076,1,3,793,"HaDarom",c(34.606871, 31.425047)
723,2018,1,"בית הגדי","ביתהגדי",2018-05-30,9.09305663988076,1,5,839,"HaDarom",c(34.606871, 31.425047)
723,2018,1,"בית הגדי","ביתהגדי",2018-08-09,9.09305663988076,1,8,839,"HaDarom",c(34.606871, 31.425047)
723,2018,1,"בית הגדי","ביתהגדי",2018-10-11,9.09305663988076,1,10,839,"HaDarom",c(34.606871, 31.425047)
723,2018,1,"בית הגדי","ביתהגדי",2018-07-14,9.09305663988076,1,7,839,"HaDarom",c(34.606871, 31.425047)
723,2018,1,"בית הגדי","ביתהגדי",2018-11-12,9.09305663988076,1,11,839,"HaDarom",c(34.606871, 31.425047)
723,2019,1,"בית הגדי","ביתהגדי",2019-05-04,9.09305663988076,1,5,847,"HaDarom",c(34.606871, 31.425047)
723,2019,1,"בית הגדי","ביתהגדי",2019-11-12,9.09305663988076,1,11,847,"HaDarom",c(34.606871, 31.425047)
723,2019,1,"בית הגדי","ביתהגדי",2019-03-25,9.09305663988076,1,3,847,"HaDarom",c(34.606871, 31.425047)
723,2020,1,"בית הגדי","ביתהגדי",2020-02-24,9.09305663988076,1,2,841,"HaDarom",c(34.606871, 31.425047)
723,2021,1,"בית הגדי","ביתהגדי",2021-05-12,9.09305663988076,1,5,887,"HaDarom",c(34.606871, 31.425047)
723,2022,1,"בית הגדי","ביתהגדי",2022-08-06,9.09305663988076,1,8,867,"HaDarom",c(34.606871, 31.425047)
723,2023,1,"בית הגדי","ביתהגדי",2023-10-07,9.09305663988076,1,10,NA,"HaDarom",c(34.606871, 31.425047)
723,2023,1,"בית הגדי","ביתהגדי",2023-12-04,9.09305663988076,1,12,NA,"HaDarom",c(34.606871, 31.425047)
723,2023,1,"בית הגדי","ביתהגדי",2023-05-13,9.09305663988076,1,5,NA,"HaDarom",c(34.606871, 31.425047)
723,2023,1,"בית הגדי","ביתהגדי",2023-11-05,9.09305663988076,1,11,NA,"HaDarom",c(34.606871, 31.425047)
726,2014,1,"הודיה","הודיה",2014-08-26,14.5029116338572,1,8,500,"HaDarom",c(34.6420335, 31.67292)
726,2014,1,"הודיה","הודיה",2014-07-31,14.5029116338572,1,7,500,"HaDarom",c(34.6420335, 31.67292)
726,2015,1,"הודיה","הודיה",2015-06-03,14.5029116338572,1,6,490,"HaDarom",c(34.6420335, 31.67292)
726,2015,1,"הודיה","הודיה",2015-05-26,14.5029116338572,1,5,490,"HaDarom",c(34.6420335, 31.67292)
726,2016,1,"הודיה","הודיה",2016-09-20,14.5029116338572,1,9,490,"HaDarom",c(34.6420335, 31.67292)
726,2017,1,"הודיה","הודיה",2017-12-11,14.5029116338572,1,12,491,"HaDarom",c(34.6420335, 31.67292)
726,2018,1,"הודיה","הודיה",2018-11-13,14.5029116338572,1,11,535,"HaDarom",c(34.6420335, 31.67292)
726,2018,1,"הודיה","הודיה",2018-05-30,14.5029116338572,1,5,535,"HaDarom",c(34.6420335, 31.67292)
726,2019,1,"הודיה","הודיה",2019-11-12,14.5029116338572,1,11,548,"HaDarom",c(34.6420335, 31.67292)
726,2019,1,"הודיה","הודיה",2019-12-25,14.5029116338572,1,12,548,"HaDarom",c(34.6420335, 31.67292)
726,2019,1,"הודיה","הודיה",2019-05-05,14.5029116338572,1,5,548,"HaDarom",c(34.6420335, 31.67292)
726,2020,1,"הודיה","הודיה",2020-02-23,14.5029116338572,1,2,590,"HaDarom",c(34.6420335, 31.67292)
726,2021,1,"הודיה","הודיה",2021-05-12,14.5029116338572,1,5,617,"HaDarom",c(34.6420335, 31.67292)
726,2022,1,"הודיה","הודיה",2022-08-06,14.5029116338572,1,8,604,"HaDarom",c(34.6420335, 31.67292)
726,2023,1,"הודיה","הודיה",2023-11-04,14.5029116338572,1,11,NA,"HaDarom",c(34.6420335, 31.67292)
726,2023,1,"הודיה","הודיה",2023-05-11,14.5029116338572,1,5,NA,"HaDarom",c(34.6420335, 31.67292)
726,2023,1,"הודיה","הודיה",2023-10-13,14.5029116338572,1,10,NA,"HaDarom",c(34.6420335, 31.67292)
727,2014,1,"תלמי יחיאל","תלמייחיאל",2014-08-24,28.925660591073,1,8,950,"HaDarom",c(34.7612805, 31.754279)
727,2014,1,"תלמי יחיאל","תלמייחיאל",2014-07-31,28.925660591073,1,7,950,"HaDarom",c(34.7612805, 31.754279)
727,2016,1,"תלמי יחיאל","תלמייחיאל",2016-09-20,28.925660591073,1,9,990,"HaDarom",c(34.7612805, 31.754279)
727,2019,1,"תלמי יחיאל","תלמייחיאל",2019-05-05,28.925660591073,1,5,997,"HaDarom",c(34.7612805, 31.754279)
727,2019,1,"תלמי יחיאל","תלמייחיאל",2019-11-12,28.925660591073,1,11,997,"HaDarom",c(34.7612805, 31.754279)
727,2021,1,"תלמי יחיאל","תלמייחיאל",2021-05-16,28.925660591073,1,5,1022,"HaDarom",c(34.7612805, 31.754279)
727,2023,1,"תלמי יחיאל","תלמייחיאל",2023-10-07,28.925660591073,1,10,NA,"HaDarom",c(34.7612805, 31.754279)
729,2014,1,"משמר השבעה","משמרהשבעה",2014-07-29,54.7227938679757,1,7,970,"HaMerkaz",c(34.824863, 32.009402)
729,2014,1,"משמר השבעה","משמרהשבעה",2014-08-26,54.7227938679757,1,8,970,"HaMerkaz",c(34.824863, 32.009402)
729,2015,1,"משמר השבעה","משמרהשבעה",2015-03-23,54.7227938679757,1,3,990,"HaMerkaz",c(34.824863, 32.009402)
729,2016,1,"משמר השבעה","משמרהשבעה",2016-09-20,54.7227938679757,1,9,1000,"HaMerkaz",c(34.824863, 32.009402)
729,2021,1,"משמר השבעה","משמרהשבעה",2021-05-13,54.7227938679757,1,5,1045,"HaMerkaz",c(34.824863, 32.009402)
729,2023,1,"משמר השבעה","משמרהשבעה",2023-11-05,54.7227938679757,1,11,NA,"HaMerkaz",c(34.824863, 32.009402)
729,2023,1,"משמר השבעה","משמרהשבעה",2023-12-11,54.7227938679757,1,12,NA,"HaMerkaz",c(34.824863, 32.009402)
729,2023,1,"משמר השבעה","משמרהשבעה",2023-05-10,54.7227938679757,1,5,NA,"HaMerkaz",c(34.824863, 32.009402)
729,2023,1,"משמר השבעה","משמרהשבעה",2023-10-16,54.7227938679757,1,10,NA,"HaMerkaz",c(34.824863, 32.009402)
730,2016,1,"אליפלט","אליפלט",2016-09-20,179.32657765386,1,9,610,"HaZafon",c(35.548167, 32.94797)
730,2017,1,"אליפלט","אליפלט",2017-07-18,179.32657765386,1,7,623,"HaZafon",c(35.548167, 32.94797)
730,2018,1,"אליפלט","אליפלט",2018-02-10,179.32657765386,1,2,632,"HaZafon",c(35.548167, 32.94797)
730,2019,1,"אליפלט","אליפלט",2019-05-20,179.32657765386,1,5,651,"HaZafon",c(35.548167, 32.94797)
730,2022,1,"אליפלט","אליפלט",2022-02-18,179.32657765386,1,2,728,"HaZafon",c(35.548167, 32.94797)
731,2014,1,"מישר","מישר",2014-07-29,33.6387075139401,1,7,800,"HaMerkaz",c(34.75518, 31.8188266)
731,2014,1,"מישר","מישר",2014-08-05,33.6387075139401,1,8,800,"HaMerkaz",c(34.75518, 31.8188266)
731,2016,1,"מישר","מישר",2016-09-20,33.6387075139401,1,9,830,"HaMerkaz",c(34.75518, 31.8188266)
731,2017,1,"מישר","מישר",2017-08-08,33.6387075139401,1,8,834,"HaMerkaz",c(34.75518, 31.8188266)
731,2019,1,"מישר","מישר",2019-11-12,33.6387075139401,1,11,795,"HaMerkaz",c(34.75518, 31.8188266)
731,2019,1,"מישר","מישר",2019-05-05,33.6387075139401,1,5,795,"HaMerkaz",c(34.75518, 31.8188266)
731,2021,1,"מישר","מישר",2021-05-18,33.6387075139401,1,5,811,"HaMerkaz",c(34.75518, 31.8188266)
731,2023,1,"מישר","מישר",2023-12-02,33.6387075139401,1,12,NA,"HaMerkaz",c(34.75518, 31.8188266)
731,2023,1,"מישר","מישר",2023-05-13,33.6387075139401,1,5,NA,"HaMerkaz",c(34.75518, 31.8188266)
731,2023,1,"מישר","מישר",2023-11-01,33.6387075139401,1,11,NA,"HaMerkaz",c(34.75518, 31.8188266)
731,2023,1,"מישר","מישר",2023-10-07,33.6387075139401,1,10,NA,"HaMerkaz",c(34.75518, 31.8188266)
732,2016,1,"משמר הירדן","משמרהירדן",2016-09-20,186.975572706131,1,9,720,"HaZafon",c(35.5997525, 33.0050745)
732,2017,1,"משמר הירדן","משמרהירדן",2017-07-18,186.975572706131,1,7,766,"HaZafon",c(35.5997525, 33.0050745)
732,2018,1,"משמר הירדן","משמרהירדן",2018-07-23,186.975572706131,1,7,804,"HaZafon",c(35.5997525, 33.0050745)
732,2019,1,"משמר הירדן","משמרהירדן",2019-05-20,186.975572706131,1,5,810,"HaZafon",c(35.5997525, 33.0050745)
732,2022,1,"משמר הירדן","משמרהירדן",2022-02-18,186.975572706131,1,2,885,"HaZafon",c(35.5997525, 33.0050745)
732,2023,1,"משמר הירדן","משמרהירדן",2023-10-29,186.975572706131,1,10,NA,"HaZafon",c(35.5997525, 33.0050745)
734,2016,1,"גן יאשיה","גןיאשיה",2016-09-20,95.4168755943459,1,9,980,"HaMerkaz",c(34.9941534, 32.349918)
734,2017,1,"גן יאשיה","גןיאשיה",2017-02-07,95.4168755943459,1,2,982,"HaMerkaz",c(34.9941534, 32.349918)
735,2014,1,"רמות מאיר","רמותמאיר",2014-08-01,45.2191278948306,1,8,770,"HaMerkaz",c(34.8580475, 31.8736261)
735,2016,1,"רמות מאיר","רמותמאיר",2016-09-20,45.2191278948306,1,9,750,"HaMerkaz",c(34.8580475, 31.8736261)
735,2017,1,"רמות מאיר","רמותמאיר",2017-08-08,45.2191278948306,1,8,748,"HaMerkaz",c(34.8580475, 31.8736261)
735,2019,1,"רמות מאיר","רמותמאיר",2019-05-04,45.2191278948306,1,5,749,"HaMerkaz",c(34.8580475, 31.8736261)
735,2021,1,"רמות מאיר","רמותמאיר",2021-05-16,45.2191278948306,1,5,755,"HaMerkaz",c(34.8580475, 31.8736261)
735,2023,1,"רמות מאיר","רמותמאיר",2023-11-18,45.2191278948306,1,11,NA,"HaMerkaz",c(34.8580475, 31.8736261)
735,2023,1,"רמות מאיר","רמותמאיר",2023-12-02,45.2191278948306,1,12,NA,"HaMerkaz",c(34.8580475, 31.8736261)
735,2023,1,"רמות מאיר","רמותמאיר",2023-10-07,45.2191278948306,1,10,NA,"HaMerkaz",c(34.8580475, 31.8736261)
736,2014,1,"גילת","גילת",2014-08-19,21.8270656818221,1,8,1270,"HaDarom",c(34.653144, 31.3278036)
736,2014,1,"גילת","גילת",2014-07-28,21.8270656818221,1,7,1270,"HaDarom",c(34.653144, 31.3278036)
736,2016,1,"גילת","גילת",2016-09-20,21.8270656818221,1,9,1370,"HaDarom",c(34.653144, 31.3278036)
736,2017,1,"גילת","גילת",2017-03-21,21.8270656818221,1,3,1411,"HaDarom",c(34.653144, 31.3278036)
736,2018,1,"גילת","גילת",2018-11-12,21.8270656818221,1,11,1437,"HaDarom",c(34.653144, 31.3278036)
736,2019,1,"גילת","גילת",2019-05-04,21.8270656818221,1,5,1451,"HaDarom",c(34.653144, 31.3278036)
736,2021,1,"גילת","גילת",2021-05-12,21.8270656818221,1,5,1558,"HaDarom",c(34.653144, 31.3278036)
736,2023,1,"גילת","גילת",2023-10-07,21.8270656818221,1,10,NA,"HaDarom",c(34.653144, 31.3278036)
736,2023,1,"גילת","גילת",2023-12-14,21.8270656818221,1,12,NA,"HaDarom",c(34.653144, 31.3278036)
737,2016,1,"עולש","עולש",2016-09-20,93.311459452138,1,9,1100,"HaMerkaz",c(34.9849331, 32.333046)
737,2017,1,"עולש","עולש",2017-02-07,93.311459452138,1,2,1110,"HaMerkaz",c(34.9849331, 32.333046)
737,2021,1,"עולש","עולש",2021-05-11,93.311459452138,1,5,1184,"HaMerkaz",c(34.9849331, 32.333046)
738,2014,1,"דור","דור",2014-07-28,118.82375841593,1,7,390,"Haifa",c(34.9235706, 32.6072055)
738,2019,1,"דור","דור",2019-07-31,118.82375841593,1,7,443,"Haifa",c(34.9235706, 32.6072055)
739,2014,1,"שדה עוזיהו","שדהעוזיהו",2014-08-05,23.5671742093139,1,8,1430,"HaDarom",c(34.6781615, 31.7564395)
739,2014,1,"שדה עוזיהו","שדהעוזיהו",2014-07-31,23.5671742093139,1,7,1430,"HaDarom",c(34.6781615, 31.7564395)
739,2015,1,"שדה עוזיהו","שדהעוזיהו",2015-05-26,23.5671742093139,1,5,1470,"HaDarom",c(34.6781615, 31.7564395)
739,2016,1,"שדה עוזיהו","שדהעוזיהו",2016-09-20,23.5671742093139,1,9,1480,"HaDarom",c(34.6781615, 31.7564395)
739,2019,1,"שדה עוזיהו","שדהעוזיהו",2019-05-05,23.5671742093139,1,5,1571,"HaDarom",c(34.6781615, 31.7564395)
739,2019,1,"שדה עוזיהו","שדהעוזיהו",2019-12-25,23.5671742093139,1,12,1571,"HaDarom",c(34.6781615, 31.7564395)
739,2019,1,"שדה עוזיהו","שדהעוזיהו",2019-11-13,23.5671742093139,1,11,1571,"HaDarom",c(34.6781615, 31.7564395)
739,2021,1,"שדה עוזיהו","שדהעוזיהו",2021-05-12,23.5671742093139,1,5,1586,"HaDarom",c(34.6781615, 31.7564395)
739,2022,1,"שדה עוזיהו","שדהעוזיהו",2022-08-05,23.5671742093139,1,8,1617,"HaDarom",c(34.6781615, 31.7564395)
739,2023,1,"שדה עוזיהו","שדהעוזיהו",2023-05-13,23.5671742093139,1,5,NA,"HaDarom",c(34.6781615, 31.7564395)
739,2023,1,"שדה עוזיהו","שדהעוזיהו",2023-12-01,23.5671742093139,1,12,NA,"HaDarom",c(34.6781615, 31.7564395)
739,2023,1,"שדה עוזיהו","שדהעוזיהו",2023-10-07,23.5671742093139,1,10,NA,"HaDarom",c(34.6781615, 31.7564395)
739,2023,1,"שדה עוזיהו","שדהעוזיהו",2023-11-04,23.5671742093139,1,11,NA,"HaDarom",c(34.6781615, 31.7564395)
740,2014,1,"אשתאול","אשתאול",2014-08-19,48.8481514612524,1,8,1160,"Jerusalem",c(35.0079279, 31.782486)
740,2014,1,"אשתאול","אשתאול",2014-07-29,48.8481514612524,1,7,1160,"Jerusalem",c(35.0079279, 31.782486)
740,2016,1,"אשתאול","אשתאול",2016-07-06,48.8481514612524,1,7,1240,"Jerusalem",c(35.0079279, 31.782486)
740,2016,1,"אשתאול","אשתאול",2016-09-20,48.8481514612524,1,9,1240,"Jerusalem",c(35.0079279, 31.782486)
740,2017,1,"אשתאול","אשתאול",2017-12-05,48.8481514612524,1,12,1267,"Jerusalem",c(35.0079279, 31.782486)
740,2019,1,"אשתאול","אשתאול",2019-05-04,48.8481514612524,1,5,1238,"Jerusalem",c(35.0079279, 31.782486)
740,2023,1,"אשתאול","אשתאול",2023-10-30,48.8481514612524,1,10,NA,"Jerusalem",c(35.0079279, 31.782486)
740,2023,1,"אשתאול","אשתאול",2023-12-15,48.8481514612524,1,12,NA,"Jerusalem",c(35.0079279, 31.782486)
742,2014,1,"מסילת ציון","מסילתציון",2014-08-19,50.4202037637115,1,8,1240,"Jerusalem",c(35.01118, 31.801832)
742,2014,1,"מסילת ציון","מסילתציון",2014-07-29,50.4202037637115,1,7,1240,"Jerusalem",c(35.01118, 31.801832)
742,2016,1,"מסילת ציון","מסילתציון",2016-07-06,50.4202037637115,1,7,1260,"Jerusalem",c(35.01118, 31.801832)
742,2016,1,"מסילת ציון","מסילתציון",2016-09-20,50.4202037637115,1,9,1260,"Jerusalem",c(35.01118, 31.801832)
742,2017,1,"מסילת ציון","מסילתציון",2017-12-05,50.4202037637115,1,12,1262,"Jerusalem",c(35.01118, 31.801832)
742,2019,1,"מסילת ציון","מסילתציון",2019-05-04,50.4202037637115,1,5,1215,"Jerusalem",c(35.01118, 31.801832)
742,2023,1,"מסילת ציון","מסילתציון",2023-10-07,50.4202037637115,1,10,NA,"Jerusalem",c(35.01118, 31.801832)
743,2014,1,"כפר שמואל","כפרשמואל",2014-08-21,51.1386254406952,1,8,830,"HaMerkaz",c(34.9334264, 31.8890425)
743,2016,1,"כפר שמואל","כפרשמואל",2016-09-20,51.1386254406952,1,9,840,"HaMerkaz",c(34.9334264, 31.8890425)
743,2017,1,"כפר שמואל","כפרשמואל",2017-08-08,51.1386254406952,1,8,895,"HaMerkaz",c(34.9334264, 31.8890425)
743,2019,1,"כפר שמואל","כפרשמואל",2019-11-12,51.1386254406952,1,11,956,"HaMerkaz",c(34.9334264, 31.8890425)
743,2019,1,"כפר שמואל","כפרשמואל",2019-05-04,51.1386254406952,1,5,956,"HaMerkaz",c(34.9334264, 31.8890425)
743,2021,1,"כפר שמואל","כפרשמואל",2021-05-13,51.1386254406952,1,5,970,"HaMerkaz",c(34.9334264, 31.8890425)
743,2022,1,"כפר שמואל","כפרשמואל",2022-08-06,51.1386254406952,1,8,971,"HaMerkaz",c(34.9334264, 31.8890425)
743,2023,1,"כפר שמואל","כפרשמואל",2023-12-02,51.1386254406952,1,12,NA,"HaMerkaz",c(34.9334264, 31.8890425)
743,2023,1,"כפר שמואל","כפרשמואל",2023-10-07,51.1386254406952,1,10,NA,"HaMerkaz",c(34.9334264, 31.8890425)
744,2014,1,"תלמי יפה","תלמייפה",2014-08-24,8.74118410898978,1,8,790,"HaDarom",c(34.6141916, 31.6169241)
744,2014,1,"תלמי יפה","תלמייפה",2014-07-28,8.74118410898978,1,7,790,"HaDarom",c(34.6141916, 31.6169241)
744,2015,1,"תלמי יפה","תלמייפה",2015-06-06,8.74118410898978,1,6,810,"HaDarom",c(34.6141916, 31.6169241)
744,2016,1,"תלמי יפה","תלמייפה",2016-09-20,8.74118410898978,1,9,830,"HaDarom",c(34.6141916, 31.6169241)
744,2017,1,"תלמי יפה","תלמייפה",2017-12-11,8.74118410898978,1,12,827,"HaDarom",c(34.6141916, 31.6169241)
744,2018,1,"תלמי יפה","תלמייפה",2018-07-14,8.74118410898978,1,7,833,"HaDarom",c(34.6141916, 31.6169241)
744,2018,1,"תלמי יפה","תלמייפה",2018-11-13,8.74118410898978,1,11,833,"HaDarom",c(34.6141916, 31.6169241)
744,2018,1,"תלמי יפה","תלמייפה",2018-08-09,8.74118410898978,1,8,833,"HaDarom",c(34.6141916, 31.6169241)
744,2018,1,"תלמי יפה","תלמייפה",2018-05-29,8.74118410898978,1,5,833,"HaDarom",c(34.6141916, 31.6169241)
744,2018,1,"תלמי יפה","תלמייפה",2018-02-18,8.74118410898978,1,2,833,"HaDarom",c(34.6141916, 31.6169241)
744,2019,1,"תלמי יפה","תלמייפה",2019-05-04,8.74118410898978,1,5,818,"HaDarom",c(34.6141916, 31.6169241)
744,2019,1,"תלמי יפה","תלמייפה",2019-11-12,8.74118410898978,1,11,818,"HaDarom",c(34.6141916, 31.6169241)
744,2021,1,"תלמי יפה","תלמייפה",2021-05-12,8.74118410898978,1,5,810,"HaDarom",c(34.6141916, 31.6169241)
744,2022,1,"תלמי יפה","תלמייפה",2022-08-07,8.74118410898978,1,8,808,"HaDarom",c(34.6141916, 31.6169241)
744,2023,1,"תלמי יפה","תלמייפה",2023-05-10,8.74118410898978,1,5,NA,"HaDarom",c(34.6141916, 31.6169241)
744,2023,1,"תלמי יפה","תלמייפה",2023-10-07,8.74118410898978,1,10,NA,"HaDarom",c(34.6141916, 31.6169241)
744,2023,1,"תלמי יפה","תלמייפה",2023-12-08,8.74118410898978,1,12,NA,"HaDarom",c(34.6141916, 31.6169241)
745,2014,1,"גמזו","גמזו",2014-08-21,54.8385590253349,1,8,1140,"HaMerkaz",c(34.9406941, 31.929616)
745,2015,1,"גמזו","גמזו",2015-03-23,54.8385590253349,1,3,1170,"HaMerkaz",c(34.9406941, 31.929616)
745,2016,1,"גמזו","גמזו",2016-09-20,54.8385590253349,1,9,1150,"HaMerkaz",c(34.9406941, 31.929616)
745,2021,1,"גמזו","גמזו",2021-05-12,54.8385590253349,1,5,1198,"HaMerkaz",c(34.9406941, 31.929616)
745,2023,1,"גמזו","גמזו",2023-12-02,54.8385590253349,1,12,NA,"HaMerkaz",c(34.9406941, 31.929616)
745,2023,1,"גמזו","גמזו",2023-11-20,54.8385590253349,1,11,NA,"HaMerkaz",c(34.9406941, 31.929616)
746,2014,1,"ברכיה","ברכיה",2014-08-26,13.1434976226346,1,8,1180,"HaDarom",c(34.623791, 31.6709465)
746,2014,1,"ברכיה","ברכיה",2014-07-31,13.1434976226346,1,7,1180,"HaDarom",c(34.623791, 31.6709465)
746,2015,1,"ברכיה","ברכיה",2015-05-26,13.1434976226346,1,5,1200,"HaDarom",c(34.623791, 31.6709465)
746,2015,1,"ברכיה","ברכיה",2015-06-03,13.1434976226346,1,6,1200,"HaDarom",c(34.623791, 31.6709465)
746,2016,1,"ברכיה","ברכיה",2016-09-20,13.1434976226346,1,9,1210,"HaDarom",c(34.623791, 31.6709465)
746,2017,1,"ברכיה","ברכיה",2017-12-11,13.1434976226346,1,12,1212,"HaDarom",c(34.623791, 31.6709465)
746,2018,1,"ברכיה","ברכיה",2018-05-30,13.1434976226346,1,5,1273,"HaDarom",c(34.623791, 31.6709465)
746,2018,1,"ברכיה","ברכיה",2018-11-13,13.1434976226346,1,11,1273,"HaDarom",c(34.623791, 31.6709465)
746,2019,1,"ברכיה","ברכיה",2019-11-12,13.1434976226346,1,11,1274,"HaDarom",c(34.623791, 31.6709465)
746,2019,1,"ברכיה","ברכיה",2019-05-05,13.1434976226346,1,5,1274,"HaDarom",c(34.623791, 31.6709465)
746,2019,1,"ברכיה","ברכיה",2019-12-25,13.1434976226346,1,12,1274,"HaDarom",c(34.623791, 31.6709465)
746,2021,1,"ברכיה","ברכיה",2021-05-14,13.1434976226346,1,5,1252,"HaDarom",c(34.623791, 31.6709465)
746,2022,1,"ברכיה","ברכיה",2022-08-07,13.1434976226346,1,8,1242,"HaDarom",c(34.623791, 31.6709465)
746,2023,1,"ברכיה","ברכיה",2023-10-09,13.1434976226346,1,10,NA,"HaDarom",c(34.623791, 31.6709465)
746,2023,1,"ברכיה","ברכיה",2023-05-13,13.1434976226346,1,5,NA,"HaDarom",c(34.623791, 31.6709465)
746,2023,1,"ברכיה","ברכיה",2023-11-23,13.1434976226346,1,11,NA,"HaDarom",c(34.623791, 31.6709465)
747,2014,1,"בית שיקמה","ביתשיקמה",2014-07-30,9.7678359325151,1,7,800,"HaDarom",c(34.608175, 31.6379386)
747,2014,1,"בית שיקמה","ביתשיקמה",2014-08-19,9.7678359325151,1,8,800,"HaDarom",c(34.608175, 31.6379386)
747,2015,1,"בית שיקמה","ביתשיקמה",2015-06-06,9.7678359325151,1,6,830,"HaDarom",c(34.608175, 31.6379386)
747,2016,1,"בית שיקמה","ביתשיקמה",2016-09-20,9.7678359325151,1,9,860,"HaDarom",c(34.608175, 31.6379386)
747,2017,1,"בית שיקמה","ביתשיקמה",2017-12-11,9.7678359325151,1,12,876,"HaDarom",c(34.608175, 31.6379386)
747,2018,1,"בית שיקמה","ביתשיקמה",2018-07-14,9.7678359325151,1,7,874,"HaDarom",c(34.608175, 31.6379386)
747,2018,1,"בית שיקמה","ביתשיקמה",2018-11-13,9.7678359325151,1,11,874,"HaDarom",c(34.608175, 31.6379386)
747,2018,1,"בית שיקמה","ביתשיקמה",2018-05-30,9.7678359325151,1,5,874,"HaDarom",c(34.608175, 31.6379386)
747,2018,1,"בית שיקמה","ביתשיקמה",2018-02-18,9.7678359325151,1,2,874,"HaDarom",c(34.608175, 31.6379386)
747,2018,1,"בית שיקמה","ביתשיקמה",2018-08-09,9.7678359325151,1,8,874,"HaDarom",c(34.608175, 31.6379386)
747,2019,1,"בית שיקמה","ביתשיקמה",2019-05-04,9.7678359325151,1,5,863,"HaDarom",c(34.608175, 31.6379386)
747,2019,1,"בית שקמה","ביתשקמה",2019-11-12,9.7678359325151,1,11,863,"HaDarom",c(34.608175, 31.6379386)
747,2020,1,"בית שקמה","ביתשקמה",2020-02-23,9.7678359325151,1,2,894,"HaDarom",c(34.608175, 31.6379386)
747,2021,1,"בית שקמה","ביתשקמה",2021-05-15,9.7678359325151,1,5,878,"HaDarom",c(34.608175, 31.6379386)
747,2022,1,"בית שקמה","ביתשקמה",2022-08-06,9.7678359325151,1,8,893,"HaDarom",c(34.608175, 31.6379386)
747,2023,1,"בית שקמה","ביתשקמה",2023-11-04,9.7678359325151,1,11,NA,"HaDarom",c(34.608175, 31.6379386)
747,2023,1,"בית שקמה","ביתשקמה",2023-12-03,9.7678359325151,1,12,NA,"HaDarom",c(34.608175, 31.6379386)
747,2023,1,"בית שקמה","ביתשקמה",2023-10-07,9.7678359325151,1,10,NA,"HaDarom",c(34.608175, 31.6379386)
747,2023,1,"בית שקמה","ביתשקמה",2023-05-13,9.7678359325151,1,5,NA,"HaDarom",c(34.608175, 31.6379386)
748,2014,1,"מסלול","מסלול",2014-07-30,17.8948487549102,1,7,870,"HaDarom",c(34.588327, 31.3230576)
748,2014,1,"מסלול","מסלול",2014-08-02,17.8948487549102,1,8,870,"HaDarom",c(34.588327, 31.3230576)
748,2016,1,"מסלול","מסלול",2016-09-20,17.8948487549102,1,9,850,"HaDarom",c(34.588327, 31.3230576)
748,2017,1,"מסלול","מסלול",2017-03-21,17.8948487549102,1,3,859,"HaDarom",c(34.588327, 31.3230576)
748,2018,1,"מסלול","מסלול",2018-11-12,17.8948487549102,1,11,860,"HaDarom",c(34.588327, 31.3230576)
748,2018,1,"מסלול","מסלול",2018-05-29,17.8948487549102,1,5,860,"HaDarom",c(34.588327, 31.3230576)
748,2019,1,"מסלול","מסלול",2019-05-04,17.8948487549102,1,5,859,"HaDarom",c(34.588327, 31.3230576)
748,2021,1,"מסלול","מסלול",2021-05-14,17.8948487549102,1,5,902,"HaDarom",c(34.588327, 31.3230576)
748,2023,1,"מסלול","מסלול",2023-11-09,17.8948487549102,1,11,NA,"HaDarom",c(34.588327, 31.3230576)
748,2023,1,"מסלול","מסלול",2023-12-14,17.8948487549102,1,12,NA,"HaDarom",c(34.588327, 31.3230576)
748,2023,1,"מסלול","מסלול",2023-10-07,17.8948487549102,1,10,NA,"HaDarom",c(34.588327, 31.3230576)
749,2014,1,"פטיש","פטיש",2014-07-27,14.7296595178297,1,7,830,"HaDarom",c(34.5591226, 31.3265802)
749,2014,1,"פטיש","פטיש",2014-08-21,14.7296595178297,1,8,830,"HaDarom",c(34.5591226, 31.3265802)
749,2016,1,"פטיש","פטיש",2016-09-20,14.7296595178297,1,9,860,"HaDarom",c(34.5591226, 31.3265802)
749,2017,1,"פטיש","פטיש",2017-03-21,14.7296595178297,1,3,875,"HaDarom",c(34.5591226, 31.3265802)
749,2018,1,"פטיש","פטיש",2018-08-09,14.7296595178297,1,8,909,"HaDarom",c(34.5591226, 31.3265802)
749,2018,1,"פטיש","פטיש",2018-05-30,14.7296595178297,1,5,909,"HaDarom",c(34.5591226, 31.3265802)
749,2018,1,"פטיש","פטיש",2018-11-12,14.7296595178297,1,11,909,"HaDarom",c(34.5591226, 31.3265802)
749,2018,1,"פטיש","פטיש",2018-10-24,14.7296595178297,1,10,909,"HaDarom",c(34.5591226, 31.3265802)
749,2019,1,"פטיש","פטיש",2019-05-04,14.7296595178297,1,5,947,"HaDarom",c(34.5591226, 31.3265802)
749,2021,1,"פטיש","פטיש",2021-05-13,14.7296595178297,1,5,998,"HaDarom",c(34.5591226, 31.3265802)
749,2023,1,"פטיש","פטיש",2023-12-14,14.7296595178297,1,12,NA,"HaDarom",c(34.5591226, 31.3265802)
749,2023,1,"פטיש","פטיש",2023-04-06,14.7296595178297,1,4,NA,"HaDarom",c(34.5591226, 31.3265802)
749,2023,1,"פטיש","פטיש",2023-10-07,14.7296595178297,1,10,NA,"HaDarom",c(34.5591226, 31.3265802)
749,2023,1,"פטיש","פטיש",2023-11-09,14.7296595178297,1,11,NA,"HaDarom",c(34.5591226, 31.3265802)
750,2014,1,"פדויים","פדויים",2014-07-30,19.3212622708687,1,7,480,"HaDarom",c(34.610545, 31.3266434)
750,2014,1,"פדויים","פדויים",2014-08-26,19.3212622708687,1,8,480,"HaDarom",c(34.610545, 31.3266434)
750,2016,1,"פדויים","פדויים",2016-09-20,19.3212622708687,1,9,480,"HaDarom",c(34.610545, 31.3266434)
750,2017,1,"פדויים","פדויים",2017-03-21,19.3212622708687,1,3,494,"HaDarom",c(34.610545, 31.3266434)
750,2018,1,"פדויים","פדויים",2018-05-29,19.3212622708687,1,5,497,"HaDarom",c(34.610545, 31.3266434)
750,2018,1,"פדויים","פדויים",2018-11-12,19.3212622708687,1,11,497,"HaDarom",c(34.610545, 31.3266434)
750,2019,1,"פדויים","פדויים",2019-05-04,19.3212622708687,1,5,520,"HaDarom",c(34.610545, 31.3266434)
750,2021,1,"פדויים","פדויים",2021-05-20,19.3212622708687,1,5,503,"HaDarom",c(34.610545, 31.3266434)
750,2023,1,"פדויים","פדויים",2023-10-07,19.3212622708687,1,10,NA,"HaDarom",c(34.610545, 31.3266434)
750,2023,1,"פדויים","פדויים",2023-12-14,19.3212622708687,1,12,NA,"HaDarom",c(34.610545, 31.3266434)
750,2023,1,"פדויים","פדויים",2023-11-09,19.3212622708687,1,11,NA,"HaDarom",c(34.610545, 31.3266434)
751,2014,1,"בית מאיר","ביתמאיר",2014-07-29,52.0344798249621,1,7,780,"Jerusalem",c(35.036954, 31.7928896)
751,2014,1,"בית מאיר","ביתמאיר",2014-08-24,52.0344798249621,1,8,780,"Jerusalem",c(35.036954, 31.7928896)
751,2016,1,"בית מאיר","ביתמאיר",2016-07-06,52.0344798249621,1,7,800,"Jerusalem",c(35.036954, 31.7928896)
751,2016,1,"בית מאיר","ביתמאיר",2016-09-20,52.0344798249621,1,9,800,"Jerusalem",c(35.036954, 31.7928896)
751,2017,1,"בית מאיר","ביתמאיר",2017-12-05,52.0344798249621,1,12,778,"Jerusalem",c(35.036954, 31.7928896)
751,2022,1,"בית מאיר","ביתמאיר",2022-08-07,52.0344798249621,1,8,765,"Jerusalem",c(35.036954, 31.7928896)
751,2023,1,"בית מאיר","ביתמאיר",2023-12-15,52.0344798249621,1,12,NA,"Jerusalem",c(35.036954, 31.7928896)
751,2023,1,"בית מאיר","ביתמאיר",2023-10-30,52.0344798249621,1,10,NA,"Jerusalem",c(35.036954, 31.7928896)
752,2014,1,"תעוז","תעוז",2014-08-19,47.5535531991511,1,8,600,"Jerusalem",c(34.973816, 31.800845)
752,2014,1,"תעוז","תעוז",2014-07-29,47.5535531991511,1,7,600,"Jerusalem",c(34.973816, 31.800845)
752,2016,1,"תעוז","תעוז",2016-09-20,47.5535531991511,1,9,620,"Jerusalem",c(34.973816, 31.800845)
752,2016,1,"תעוז","תעוז",2016-07-06,47.5535531991511,1,7,620,"Jerusalem",c(34.973816, 31.800845)
752,2017,1,"תעוז","תעוז",2017-12-05,47.5535531991511,1,12,598,"Jerusalem",c(34.973816, 31.800845)
752,2019,1,"תעוז","תעוז",2019-11-13,47.5535531991511,1,11,629,"Jerusalem",c(34.973816, 31.800845)
752,2019,1,"תעוז","תעוז",2019-05-04,47.5535531991511,1,5,629,"Jerusalem",c(34.973816, 31.800845)
752,2023,1,"תעוז","תעוז",2023-10-07,47.5535531991511,1,10,NA,"Jerusalem",c(34.973816, 31.800845)
753,2016,1,"ינוב","ינוב",2016-09-20,89.3416550334358,1,9,920,"HaMerkaz",c(34.9480839, 32.3064854)
753,2017,1,"ינוב","ינוב",2017-02-07,89.3416550334358,1,2,926,"HaMerkaz",c(34.9480839, 32.3064854)
753,2021,1,"ינוב","ינוב",2021-05-11,89.3416550334358,1,5,952,"HaMerkaz",c(34.9480839, 32.3064854)
753,2023,1,"ינוב","ינוב",2023-10-12,89.3416550334358,1,10,NA,"HaMerkaz",c(34.9480839, 32.3064854)
755,2016,1,"גורן","גורן",2016-12-06,176.138987319807,1,12,440,"HaZafon",c(35.2389875, 33.0567491)
755,2016,1,"גורן","גורן",2016-09-20,176.138987319807,1,9,440,"HaZafon",c(35.2389875, 33.0567491)
755,2018,1,"גורן","גורן",2018-02-10,176.138987319807,1,2,429,"HaZafon",c(35.2389875, 33.0567491)
755,2019,1,"גורן","גורן",2019-05-20,176.138987319807,1,5,426,"HaZafon",c(35.2389875, 33.0567491)
755,2023,1,"גורן","גורן",2023-10-10,176.138987319807,1,10,NA,"HaZafon",c(35.2389875, 33.0567491)
755,2023,1,"גורן","גורן",2023-04-06,176.138987319807,1,4,NA,"HaZafon",c(35.2389875, 33.0567491)
755,2023,1,"גורן","גורן",2023-11-13,176.138987319807,1,11,NA,"HaZafon",c(35.2389875, 33.0567491)
755,2023,1,"גורן","גורן",2023-12-10,176.138987319807,1,12,NA,"HaZafon",c(35.2389875, 33.0567491)
756,2014,1,"בית עזרא","ביתעזרא",2014-08-23,21.1292273753475,1,8,1100,"HaDarom",c(34.655032, 31.7372495)
756,2014,1,"בית עזרא","ביתעזרא",2014-07-29,21.1292273753475,1,7,1100,"HaDarom",c(34.655032, 31.7372495)
756,2015,1,"בית עזרא","ביתעזרא",2015-05-26,21.1292273753475,1,5,1090,"HaDarom",c(34.655032, 31.7372495)
756,2016,1,"בית עזרא","ביתעזרא",2016-09-20,21.1292273753475,1,9,1090,"HaDarom",c(34.655032, 31.7372495)
756,2019,1,"בית עזרא","ביתעזרא",2019-11-13,21.1292273753475,1,11,1116,"HaDarom",c(34.655032, 31.7372495)
756,2019,1,"בית עזרא","ביתעזרא",2019-05-05,21.1292273753475,1,5,1116,"HaDarom",c(34.655032, 31.7372495)
756,2021,1,"בית עזרא","ביתעזרא",2021-05-13,21.1292273753475,1,5,1105,"HaDarom",c(34.655032, 31.7372495)
756,2022,1,"בית עזרא","ביתעזרא",2022-08-06,21.1292273753475,1,8,1072,"HaDarom",c(34.655032, 31.7372495)
756,2023,1,"בית עזרא","ביתעזרא",2023-10-20,21.1292273753475,1,10,NA,"HaDarom",c(34.655032, 31.7372495)
756,2023,1,"בית עזרא","ביתעזרא",2023-12-01,21.1292273753475,1,12,NA,"HaDarom",c(34.655032, 31.7372495)
756,2023,1,"בית עזרא","ביתעזרא",2023-05-13,21.1292273753475,1,5,NA,"HaDarom",c(34.655032, 31.7372495)
756,2023,1,"בית עזרא","ביתעזרא",2023-11-04,21.1292273753475,1,11,NA,"HaDarom",c(34.655032, 31.7372495)
757,2014,1,"מצליח","מצליח",2014-07-29,48.1065920487629,1,7,1280,"HaMerkaz",c(34.8747065, 31.9076465)
757,2014,1,"מצליח","מצליח",2014-08-25,48.1065920487629,1,8,1280,"HaMerkaz",c(34.8747065, 31.9076465)
757,2016,1,"מצליח","מצליח",2016-09-20,48.1065920487629,1,9,1330,"HaMerkaz",c(34.8747065, 31.9076465)
757,2017,1,"מצליח","מצליח",2017-08-08,48.1065920487629,1,8,1339,"HaMerkaz",c(34.8747065, 31.9076465)
757,2021,1,"מצליח","מצליח",2021-05-12,48.1065920487629,1,5,1343,"HaMerkaz",c(34.8747065, 31.9076465)
757,2023,1,"מצליח","מצליח",2023-11-18,48.1065920487629,1,11,NA,"HaMerkaz",c(34.8747065, 31.9076465)
757,2023,1,"מצליח","מצליח",2023-10-14,48.1065920487629,1,10,NA,"HaMerkaz",c(34.8747065, 31.9076465)
757,2023,1,"מצליח","מצליח",2023-12-02,48.1065920487629,1,12,NA,"HaMerkaz",c(34.8747065, 31.9076465)
759,2014,1,"יציץ","יציץ",2014-08-01,44.1214897671684,1,8,770,"HaMerkaz",c(34.860583, 31.8633079)
759,2016,1,"יציץ","יציץ",2016-09-20,44.1214897671684,1,9,780,"HaMerkaz",c(34.860583, 31.8633079)
759,2017,1,"יציץ","יציץ",2017-08-08,44.1214897671684,1,8,805,"HaMerkaz",c(34.860583, 31.8633079)
759,2019,1,"יציץ","יציץ",2019-05-04,44.1214897671684,1,5,822,"HaMerkaz",c(34.860583, 31.8633079)
759,2021,1,"יציץ","יציץ",2021-05-12,44.1214897671684,1,5,826,"HaMerkaz",c(34.860583, 31.8633079)
759,2023,1,"יציץ","יציץ",2023-10-07,44.1214897671684,1,10,NA,"HaMerkaz",c(34.860583, 31.8633079)
759,2023,1,"יציץ","יציץ",2023-12-02,44.1214897671684,1,12,NA,"HaMerkaz",c(34.860583, 31.8633079)
759,2023,1,"יציץ","יציץ",2023-11-04,44.1214897671684,1,11,NA,"HaMerkaz",c(34.860583, 31.8633079)
760,2014,1,"בן זכאי","בןזכאי",2014-08-20,35.2557717868405,1,8,1080,"HaMerkaz",c(34.7288715, 31.856077)
760,2014,1,"בן זכאי","בןזכאי",2014-07-29,35.2557717868405,1,7,1080,"HaMerkaz",c(34.7288715, 31.856077)
760,2016,1,"בן זכאי","בןזכאי",2016-09-20,35.2557717868405,1,9,1090,"HaMerkaz",c(34.7288715, 31.856077)
760,2017,1,"בן זכאי","בןזכאי",2017-08-08,35.2557717868405,1,8,1078,"HaMerkaz",c(34.7288715, 31.856077)
760,2019,1,"בן זכאי","בןזכאי",2019-05-05,35.2557717868405,1,5,1132,"HaMerkaz",c(34.7288715, 31.856077)
760,2019,1,"בן זכאי","בןזכאי",2019-11-13,35.2557717868405,1,11,1132,"HaMerkaz",c(34.7288715, 31.856077)
760,2021,1,"בן זכאי","בןזכאי",2021-05-13,35.2557717868405,1,5,1086,"HaMerkaz",c(34.7288715, 31.856077)
760,2022,1,"בן זכאי","בןזכאי",2022-08-07,35.2557717868405,1,8,1080,"HaMerkaz",c(34.7288715, 31.856077)
760,2023,1,"בן זכאי","בןזכאי",2023-10-07,35.2557717868405,1,10,NA,"HaMerkaz",c(34.7288715, 31.856077)
760,2023,1,"בן זכאי","בןזכאי",2023-11-20,35.2557717868405,1,11,NA,"HaMerkaz",c(34.7288715, 31.856077)
760,2023,1,"בן זכאי","בןזכאי",2023-12-01,35.2557717868405,1,12,NA,"HaMerkaz",c(34.7288715, 31.856077)
761,2014,1,"שובה","שובה",2014-07-28,4.99282280606076,1,7,550,"HaDarom",c(34.5453965, 31.451966)
761,2014,1,"שובה","שובה",2014-08-04,4.99282280606076,1,8,550,"HaDarom",c(34.5453965, 31.451966)
761,2015,1,"שובה","שובה",2015-06-03,4.99282280606076,1,6,570,"HaDarom",c(34.5453965, 31.451966)
761,2016,1,"שובה","שובה",2016-09-20,4.99282280606076,1,9,620,"HaDarom",c(34.5453965, 31.451966)
761,2017,1,"שובה","שובה",2017-12-29,4.99282280606076,1,12,667,"HaDarom",c(34.5453965, 31.451966)
761,2018,1,"שובה","שובה",2018-05-30,4.99282280606076,1,5,694,"HaDarom",c(34.5453965, 31.451966)
761,2018,1,"שובה","שובה",2018-06-27,4.99282280606076,1,6,694,"HaDarom",c(34.5453965, 31.451966)
761,2018,1,"שובה","שובה",2018-11-12,4.99282280606076,1,11,694,"HaDarom",c(34.5453965, 31.451966)
761,2018,1,"שובה","שובה",2018-08-09,4.99282280606076,1,8,694,"HaDarom",c(34.5453965, 31.451966)
761,2018,1,"שובה","שובה",2018-07-14,4.99282280606076,1,7,694,"HaDarom",c(34.5453965, 31.451966)
761,2018,1,"שובה","שובה",2018-10-11,4.99282280606076,1,10,694,"HaDarom",c(34.5453965, 31.451966)
761,2019,1,"שובה","שובה",2019-03-25,4.99282280606076,1,3,691,"HaDarom",c(34.5453965, 31.451966)
761,2019,1,"שובה","שובה",2019-05-05,4.99282280606076,1,5,691,"HaDarom",c(34.5453965, 31.451966)
761,2019,1,"שובה","שובה",2019-01-12,4.99282280606076,1,1,691,"HaDarom",c(34.5453965, 31.451966)
761,2022,1," שובה","שובה",2022-08-07,4.99282280606076,1,8,744,"HaDarom",c(34.5453965, 31.451966)
761,2023,1," שובה","שובה",2023-12-12,4.99282280606076,1,12,NA,"HaDarom",c(34.5453965, 31.451966)
761,2023,1," שובה","שובה",2023-10-07,4.99282280606076,1,10,NA,"HaDarom",c(34.5453965, 31.451966)
761,2023,1," שובה","שובה",2023-11-03,4.99282280606076,1,11,NA,"HaDarom",c(34.5453965, 31.451966)
761,2023,1," שובה","שובה",2023-05-13,4.99282280606076,1,5,NA,"HaDarom",c(34.5453965, 31.451966)
762,2014,1,"בטחה","בטחה",2014-07-29,20.0828638992658,1,7,720,"HaDarom",c(34.632266, 31.3340975)
762,2014,1,"בטחה","בטחה",2014-08-20,20.0828638992658,1,8,720,"HaDarom",c(34.632266, 31.3340975)
762,2016,1,"בטחה","בטחה",2016-09-20,20.0828638992658,1,9,760,"HaDarom",c(34.632266, 31.3340975)
762,2017,1,"בטחה","בטחה",2017-03-21,20.0828638992658,1,3,775,"HaDarom",c(34.632266, 31.3340975)
762,2018,1,"בטחה","בטחה",2018-11-12,20.0828638992658,1,11,790,"HaDarom",c(34.632266, 31.3340975)
762,2019,1,"בטחה","בטחה",2019-05-04,20.0828638992658,1,5,777,"HaDarom",c(34.632266, 31.3340975)
762,2021,1,"בטחה","בטחה",2021-05-16,20.0828638992658,1,5,791,"HaDarom",c(34.632266, 31.3340975)
762,2022,1,"בטחה","בטחה",2022-08-07,20.0828638992658,1,8,790,"HaDarom",c(34.632266, 31.3340975)
762,2023,1,"בטחה","בטחה",2023-10-07,20.0828638992658,1,10,NA,"HaDarom",c(34.632266, 31.3340975)
762,2023,1,"בטחה","בטחה",2023-12-14,20.0828638992658,1,12,NA,"HaDarom",c(34.632266, 31.3340975)
763,2014,1,"שתולים","שתולים",2014-08-24,26.14707113049,1,8,1960,"HaDarom",c(34.6842756, 31.7737875)
763,2014,1,"שתולים","שתולים",2014-07-29,26.14707113049,1,7,1960,"HaDarom",c(34.6842756, 31.7737875)
763,2015,1,"שתולים","שתולים",2015-05-26,26.14707113049,1,5,1980,"HaDarom",c(34.6842756, 31.7737875)
763,2016,1,"שתולים","שתולים",2016-09-20,26.14707113049,1,9,2000,"HaDarom",c(34.6842756, 31.7737875)
763,2019,1,"שתולים","שתולים",2019-11-12,26.14707113049,1,11,2116,"HaDarom",c(34.6842756, 31.7737875)
763,2019,1,"שתולים","שתולים",2019-05-05,26.14707113049,1,5,2116,"HaDarom",c(34.6842756, 31.7737875)
763,2021,1,"שתולים","שתולים",2021-05-12,26.14707113049,1,5,2121,"HaDarom",c(34.6842756, 31.7737875)
763,2022,1,"שתולים","שתולים",2022-08-05,26.14707113049,1,8,2174,"HaDarom",c(34.6842756, 31.7737875)
763,2023,1,"שתולים","שתולים",2023-11-01,26.14707113049,1,11,NA,"HaDarom",c(34.6842756, 31.7737875)
763,2023,1,"שתולים","שתולים",2023-12-01,26.14707113049,1,12,NA,"HaDarom",c(34.6842756, 31.7737875)
763,2023,1,"שתולים","שתולים",2023-05-13,26.14707113049,1,5,NA,"HaDarom",c(34.6842756, 31.7737875)
763,2023,1,"שתולים","שתולים",2023-10-07,26.14707113049,1,10,NA,"HaDarom",c(34.6842756, 31.7737875)
764,2014,1,"כפר מרדכי","כפרמרדכי",2014-08-23,35.2709417624506,1,8,620,"HaMerkaz",c(34.755768, 31.8310255)
764,2014,1,"כפר מרדכי","כפרמרדכי",2014-07-29,35.2709417624506,1,7,620,"HaMerkaz",c(34.755768, 31.8310255)
764,2016,1,"כפר מרדכי","כפרמרדכי",2016-09-20,35.2709417624506,1,9,660,"HaMerkaz",c(34.755768, 31.8310255)
764,2017,1,"כפר מרדכי","כפרמרדכי",2017-08-08,35.2709417624506,1,8,659,"HaMerkaz",c(34.755768, 31.8310255)
764,2019,1,"כפר מרדכי","כפרמרדכי",2019-11-13,35.2709417624506,1,11,644,"HaMerkaz",c(34.755768, 31.8310255)
764,2019,1,"כפר מרדכי","כפרמרדכי",2019-05-05,35.2709417624506,1,5,644,"HaMerkaz",c(34.755768, 31.8310255)
764,2021,1,"כפר מרדכי","כפרמרדכי",2021-05-19,35.2709417624506,1,5,657,"HaMerkaz",c(34.755768, 31.8310255)
764,2023,1,"כפר מרדכי","כפרמרדכי",2023-10-07,35.2709417624506,1,10,NA,"HaMerkaz",c(34.755768, 31.8310255)
764,2023,1,"כפר מרדכי","כפרמרדכי",2023-12-02,35.2709417624506,1,12,NA,"HaMerkaz",c(34.755768, 31.8310255)
764,2023,1,"כפר מרדכי","כפרמרדכי",2023-05-13,35.2709417624506,1,5,NA,"HaMerkaz",c(34.755768, 31.8310255)
764,2023,1,"כפר מרדכי","כפרמרדכי",2023-11-20,35.2709417624506,1,11,NA,"HaMerkaz",c(34.755768, 31.8310255)
765,2014,1,"משגב דב","משגבדב",2014-07-29,33.5488002512878,1,7,680,"HaMerkaz",c(34.739651, 31.8194705)
765,2014,1,"משגב דב","משגבדב",2014-08-05,33.5488002512878,1,8,680,"HaMerkaz",c(34.739651, 31.8194705)
765,2016,1,"משגב דב","משגבדב",2016-09-20,33.5488002512878,1,9,690,"HaMerkaz",c(34.739651, 31.8194705)
765,2017,1,"משגב דב","משגבדב",2017-08-08,33.5488002512878,1,8,683,"HaMerkaz",c(34.739651, 31.8194705)
765,2019,1,"משגב דב","משגבדב",2019-11-12,33.5488002512878,1,11,722,"HaMerkaz",c(34.739651, 31.8194705)
765,2019,1,"משגב דב","משגבדב",2019-05-05,33.5488002512878,1,5,722,"HaMerkaz",c(34.739651, 31.8194705)
765,2021,1,"משגב דב","משגבדב",2021-05-18,33.5488002512878,1,5,714,"HaMerkaz",c(34.739651, 31.8194705)
765,2023,1,"משגב דב","משגבדב",2023-11-20,33.5488002512878,1,11,NA,"HaMerkaz",c(34.739651, 31.8194705)
765,2023,1,"משגב דב","משגבדב",2023-10-17,33.5488002512878,1,10,NA,"HaMerkaz",c(34.739651, 31.8194705)
765,2023,1,"משגב דב","משגבדב",2023-12-01,33.5488002512878,1,12,NA,"HaMerkaz",c(34.739651, 31.8194705)
765,2023,1,"משגב דב","משגבדב",2023-05-13,33.5488002512878,1,5,NA,"HaMerkaz",c(34.739651, 31.8194705)
766,2014,1,"קוממיות","קוממיות",2014-08-20,19.641278644514,1,8,510,"HaDarom",c(34.7301505, 31.6627675)
766,2014,1,"קוממיות","קוממיות",2014-07-27,19.641278644514,1,7,510,"HaDarom",c(34.7301505, 31.6627675)
766,2016,1,"קוממיות","קוממיות",2016-09-20,19.641278644514,1,9,540,"HaDarom",c(34.7301505, 31.6627675)
766,2019,1,"קוממיות","קוממיות",2019-05-05,19.641278644514,1,5,559,"HaDarom",c(34.7301505, 31.6627675)
766,2021,1,"קוממיות","קוממיות",2021-05-18,19.641278644514,1,5,555,"HaDarom",c(34.7301505, 31.6627675)
766,2023,1,"קוממיות","קוממיות",2023-10-07,19.641278644514,1,10,NA,"HaDarom",c(34.7301505, 31.6627675)
767,2014,1,"פורת","פורת",2014-08-02,86.1166815669804,1,8,1190,"HaMerkaz",c(34.9494485, 32.2760995)
767,2016,1,"פורת","פורת",2016-09-20,86.1166815669804,1,9,1230,"HaMerkaz",c(34.9494485, 32.2760995)
767,2017,1,"פורת","פורת",2017-02-07,86.1166815669804,1,2,1240,"HaMerkaz",c(34.9494485, 32.2760995)
767,2019,1,"פורת","פורת",2019-03-25,86.1166815669804,1,3,1275,"HaMerkaz",c(34.9494485, 32.2760995)
767,2021,1,"פורת","פורת",2021-05-11,86.1166815669804,1,5,1284,"HaMerkaz",c(34.9494485, 32.2760995)
768,2014,1,"כרמיה","כרמיה",2014-07-29,3.35560688042021,1,7,640,"HaDarom",c(34.5415296, 31.6052454)
768,2014,1,"כרמיה","כרמיה",2014-08-04,3.35560688042021,1,8,640,"HaDarom",c(34.5415296, 31.6052454)
768,2015,1,"כרמיה","כרמיה",2015-10-10,3.35560688042021,1,10,640,"HaDarom",c(34.5415296, 31.6052454)
768,2016,1,"כרמיה","כרמיה",2016-09-20,3.35560688042021,1,9,640,"HaDarom",c(34.5415296, 31.6052454)
768,2017,1,"כרמיה","כרמיה",2017-08-08,3.35560688042021,1,8,631,"HaDarom",c(34.5415296, 31.6052454)
768,2017,1,"כרמיה","כרמיה",2017-06-03,3.35560688042021,1,6,631,"HaDarom",c(34.5415296, 31.6052454)
768,2017,1,"כרמיה","כרמיה",2017-02-06,3.35560688042021,1,2,631,"HaDarom",c(34.5415296, 31.6052454)
768,2017,1,"כרמיה","כרמיה",2017-12-11,3.35560688042021,1,12,631,"HaDarom",c(34.5415296, 31.6052454)
768,2018,1,"כרמיה","כרמיה",2018-08-09,3.35560688042021,1,8,647,"HaDarom",c(34.5415296, 31.6052454)
768,2018,1,"כרמיה","כרמיה",2018-11-13,3.35560688042021,1,11,647,"HaDarom",c(34.5415296, 31.6052454)
768,2018,1,"כרמיה","כרמיה",2018-06-20,3.35560688042021,1,6,647,"HaDarom",c(34.5415296, 31.6052454)
768,2018,1,"כרמיה","כרמיה",2018-05-30,3.35560688042021,1,5,647,"HaDarom",c(34.5415296, 31.6052454)
768,2018,1,"כרמיה","כרמיה",2018-07-14,3.35560688042021,1,7,647,"HaDarom",c(34.5415296, 31.6052454)
768,2018,1,"כרמיה","כרמיה",2018-02-18,3.35560688042021,1,2,647,"HaDarom",c(34.5415296, 31.6052454)
768,2018,1,"כרמיה","כרמיה",2018-03-25,3.35560688042021,1,3,647,"HaDarom",c(34.5415296, 31.6052454)
768,2019,1,"כרמיה","כרמיה",2019-11-12,3.35560688042021,1,11,650,"HaDarom",c(34.5415296, 31.6052454)
768,2019,1,"כרמיה","כרמיה",2019-05-05,3.35560688042021,1,5,650,"HaDarom",c(34.5415296, 31.6052454)
768,2019,1,"כרמיה","כרמיה",2019-03-26,3.35560688042021,1,3,650,"HaDarom",c(34.5415296, 31.6052454)
768,2020,1,"כרמיה","כרמיה",2020-02-23,3.35560688042021,1,2,650,"HaDarom",c(34.5415296, 31.6052454)
768,2020,1,"כרמיה","כרמיה",2020-10-22,3.35560688042021,1,10,650,"HaDarom",c(34.5415296, 31.6052454)
768,2020,1,"כרמיה","כרמיה",2020-12-25,3.35560688042021,1,12,650,"HaDarom",c(34.5415296, 31.6052454)
768,2021,1,"כרמיה","כרמיה",2021-05-11,3.35560688042021,1,5,652,"HaDarom",c(34.5415296, 31.6052454)
768,2021,1,"כרמיה","כרמיה",2021-04-24,3.35560688042021,1,4,652,"HaDarom",c(34.5415296, 31.6052454)
768,2021,1,"כרמיה","כרמיה",2021-10-18,3.35560688042021,1,10,652,"HaDarom",c(34.5415296, 31.6052454)
768,2022,1,"כרמיה","כרמיה",2022-06-18,3.35560688042021,1,6,656,"HaDarom",c(34.5415296, 31.6052454)
768,2022,1,"כרמיה","כרמיה",2022-08-07,3.35560688042021,1,8,656,"HaDarom",c(34.5415296, 31.6052454)
768,2023,1,"כרמיה","כרמיה",2023-11-15,3.35560688042021,1,11,NA,"HaDarom",c(34.5415296, 31.6052454)
768,2023,1,"כרמיה","כרמיה",2023-10-10,3.35560688042021,1,10,NA,"HaDarom",c(34.5415296, 31.6052454)
768,2023,1,"כרמיה","כרמיה",2023-05-11,3.35560688042021,1,5,NA,"HaDarom",c(34.5415296, 31.6052454)
768,2023,1,"כרמיה","כרמיה",2023-12-12,3.35560688042021,1,12,NA,"HaDarom",c(34.5415296, 31.6052454)
768,2023,1,"כרמיה","כרמיה",2023-01-26,3.35560688042021,1,1,NA,"HaDarom",c(34.5415296, 31.6052454)
768,2023,1,"כרמיה","כרמיה",2023-04-07,3.35560688042021,1,4,NA,"HaDarom",c(34.5415296, 31.6052454)
769,2014,1,"ימין אורד","ימיןאורד",2014-07-28,130.832680191117,1,7,860,"Haifa",c(34.9878, 32.7017975)
769,2016,1,"ימין אורד","ימיןאורד",2016-09-20,130.832680191117,1,9,920,"Haifa",c(34.9878, 32.7017975)
769,2016,1,"ימין אורד","ימיןאורד",2016-06-22,130.832680191117,1,6,920,"Haifa",c(34.9878, 32.7017975)
769,2019,1,"אזור תעשייה ניר עציון","אזורתעשייהנירעציון",2019-07-31,130.832680191117,1,7,985,"Haifa",c(34.992115, 32.6980296)
771,2014,1,"מבוא ביתר","מבואביתר",2014-08-24,54.3604592135269,1,8,760,"Jerusalem",c(35.1048591, 31.7227325)
771,2014,1,"מבוא ביתר","מבואביתר",2014-07-29,54.3604592135269,1,7,760,"Jerusalem",c(35.1048591, 31.7227325)
771,2016,1,"מבוא ביתר","מבואביתר",2016-07-06,54.3604592135269,1,7,900,"Jerusalem",c(35.1048591, 31.7227325)
771,2016,1,"מבוא ביתר","מבואביתר",2016-09-20,54.3604592135269,1,9,900,"Jerusalem",c(35.1048591, 31.7227325)
771,2017,1,"מבוא ביתר","מבואביתר",2017-12-05,54.3604592135269,1,12,944,"Jerusalem",c(35.1048591, 31.7227325)
771,2023,1,"מבוא ביתר","מבואביתר",2023-10-07,54.3604592135269,1,10,NA,"Jerusalem",c(35.1048591, 31.7227325)
771,2023,1,"מבוא ביתר","מבואביתר",2023-05-12,54.3604592135269,1,5,NA,"Jerusalem",c(35.1048591, 31.7227325)
772,2014,1,"אמונים","אמונים",2014-08-20,22.7564863860593,1,8,940,"HaDarom",c(34.6755975, 31.743756)
772,2014,1,"אמונים","אמונים",2014-07-29,22.7564863860593,1,7,940,"HaDarom",c(34.6755975, 31.743756)
772,2015,1,"אמונים","אמונים",2015-05-26,22.7564863860593,1,5,930,"HaDarom",c(34.6755975, 31.743756)
772,2016,1,"אמונים","אמונים",2016-09-20,22.7564863860593,1,9,940,"HaDarom",c(34.6755975, 31.743756)
772,2019,1,"אמונים","אמונים",2019-12-25,22.7564863860593,1,12,993,"HaDarom",c(34.6755975, 31.743756)
772,2019,1,"אמונים","אמונים",2019-11-12,22.7564863860593,1,11,993,"HaDarom",c(34.6755975, 31.743756)
772,2019,1,"אמונים","אמונים",2019-05-04,22.7564863860593,1,5,993,"HaDarom",c(34.6755975, 31.743756)
772,2021,1,"אמונים","אמונים",2021-05-15,22.7564863860593,1,5,1011,"HaDarom",c(34.6755975, 31.743756)
772,2022,1,"אמונים","אמונים",2022-08-06,22.7564863860593,1,8,1007,"HaDarom",c(34.6755975, 31.743756)
772,2023,1,"אמונים","אמונים",2023-11-04,22.7564863860593,1,11,NA,"HaDarom",c(34.6755975, 31.743756)
772,2023,1,"אמונים","אמונים",2023-10-07,22.7564863860593,1,10,NA,"HaDarom",c(34.6755975, 31.743756)
772,2023,1,"אמונים","אמונים",2023-12-01,22.7564863860593,1,12,NA,"HaDarom",c(34.6755975, 31.743756)
772,2023,1,"אמונים","אמונים",2023-05-13,22.7564863860593,1,5,NA,"HaDarom",c(34.6755975, 31.743756)
773,2014,1,"עמיקם","עמיקם",2014-07-28,117.549262295234,1,7,720,"Haifa",c(35.0204835, 32.5629311)
773,2016,1,"עמיקם","עמיקם",2016-09-20,117.549262295234,1,9,720,"Haifa",c(35.0204835, 32.5629311)
773,2016,1,"עמיקם","עמיקם",2016-06-22,117.549262295234,1,6,720,"Haifa",c(35.0204835, 32.5629311)
773,2019,1,"עמיקם","עמיקם",2019-07-31,117.549262295234,1,7,739,"Haifa",c(35.0204835, 32.5629311)
774,2016,1,"צוריאל","צוריאל",2016-12-06,174.244106789432,1,12,310,"HaZafon",c(35.314606, 33.0071365)
774,2016,1,"צוריאל","צוריאל",2016-09-20,174.244106789432,1,9,310,"HaZafon",c(35.314606, 33.0071365)
774,2018,1,"צוריאל","צוריאל",2018-02-10,174.244106789432,1,2,335,"HaZafon",c(35.314606, 33.0071365)
774,2019,1,"צוריאל","צוריאל",2019-05-20,174.244106789432,1,5,360,"HaZafon",c(35.314606, 33.0071365)
774,2020,1,"צוריאל","צוריאל",2020-08-07,174.244106789432,1,8,373,"HaZafon",c(35.314606, 33.0071365)
774,2023,1,"צוריאל","צוריאל",2023-04-06,174.244106789432,1,4,NA,"HaZafon",c(35.314606, 33.0071365)
775,2014,1,"יד נתן","ידנתן",2014-07-31,16.9166868946019,1,7,570,"HaDarom",c(34.705261, 31.654395)
775,2014,1,"יד נתן","ידנתן",2014-08-20,16.9166868946019,1,8,570,"HaDarom",c(34.705261, 31.654395)
775,2016,1,"יד נתן","ידנתן",2016-09-20,16.9166868946019,1,9,620,"HaDarom",c(34.705261, 31.654395)
775,2018,1,"יד נתן","ידנתן",2018-07-14,16.9166868946019,1,7,638,"HaDarom",c(34.705261, 31.654395)
775,2018,1,"יד נתן","ידנתן",2018-05-30,16.9166868946019,1,5,638,"HaDarom",c(34.705261, 31.654395)
775,2019,1,"יד נתן","ידנתן",2019-05-05,16.9166868946019,1,5,666,"HaDarom",c(34.705261, 31.654395)
775,2021,1,"יד נתן","ידנתן",2021-05-18,16.9166868946019,1,5,637,"HaDarom",c(34.705261, 31.654395)
775,2023,1,"יד נתן","ידנתן",2023-10-07,16.9166868946019,1,10,NA,"HaDarom",c(34.705261, 31.654395)
776,2014,1,"מחסיה","מחסיה",2014-08-19,47.1662424705207,1,8,420,"Jerusalem",c(35.0069879, 31.7478261)
776,2014,1,"מחסיה","מחסיה",2014-07-29,47.1662424705207,1,7,420,"Jerusalem",c(35.0069879, 31.7478261)
776,2016,1,"מחסיה","מחסיה",2016-09-20,47.1662424705207,1,9,430,"Jerusalem",c(35.0069879, 31.7478261)
776,2016,1,"מחסיה","מחסיה",2016-07-06,47.1662424705207,1,7,430,"Jerusalem",c(35.0069879, 31.7478261)
776,2017,1,"מחסיה","מחסיה",2017-12-05,47.1662424705207,1,12,452,"Jerusalem",c(35.0069879, 31.7478261)
776,2019,1,"מחסיה","מחסיה",2019-05-04,47.1662424705207,1,5,477,"Jerusalem",c(35.0069879, 31.7478261)
776,2022,1,"מחסיה","מחסיה",2022-08-07,47.1662424705207,1,8,498,"Jerusalem",c(35.0069879, 31.7478261)
776,2023,1,"מחסיה","מחסיה",2023-10-07,47.1662424705207,1,10,NA,"Jerusalem",c(35.0069879, 31.7478261)
776,2023,1,"מחסיה","מחסיה",2023-12-15,47.1662424705207,1,12,NA,"Jerusalem",c(35.0069879, 31.7478261)
777,2014,1,"נחשון","נחשון",2014-07-29,48.0129885278705,1,7,470,"Jerusalem",c(34.9542719, 31.8310375)
777,2014,1,"נחשון","נחשון",2014-08-19,48.0129885278705,1,8,470,"Jerusalem",c(34.9542719, 31.8310375)
777,2016,1,"נחשון","נחשון",2016-07-06,48.0129885278705,1,7,520,"Jerusalem",c(34.9542719, 31.8310375)
777,2016,1,"נחשון","נחשון",2016-09-20,48.0129885278705,1,9,520,"Jerusalem",c(34.9542719, 31.8310375)
777,2017,1,"נחשון","נחשון",2017-12-05,48.0129885278705,1,12,551,"Jerusalem",c(34.9542719, 31.8310375)
777,2019,1,"נחשון","נחשון",2019-11-13,48.0129885278705,1,11,589,"Jerusalem",c(34.9542719, 31.8310375)
777,2019,1,"נחשון","נחשון",2019-05-04,48.0129885278705,1,5,589,"Jerusalem",c(34.9542719, 31.8310375)
777,2023,1,"נחשון","נחשון",2023-10-07,48.0129885278705,1,10,NA,"Jerusalem",c(34.9542719, 31.8310375)
777,2023,1,"נחשון","נחשון",2023-12-15,48.0129885278705,1,12,NA,"Jerusalem",c(34.9542719, 31.8310375)
780,2014,1,"אורה","אורה",2014-07-29,59.4436218266131,1,7,1270,"Jerusalem",c(35.1526239, 31.7523459)
780,2014,1,"אורה","אורה",2014-08-24,59.4436218266131,1,8,1270,"Jerusalem",c(35.1526239, 31.7523459)
780,2016,1,"אורה","אורה",2016-07-06,59.4436218266131,1,7,1410,"Jerusalem",c(35.1526239, 31.7523459)
780,2016,1,"אורה","אורה",2016-09-20,59.4436218266131,1,9,1410,"Jerusalem",c(35.1526239, 31.7523459)
780,2017,1,"אורה","אורה",2017-12-05,59.4436218266131,1,12,1388,"Jerusalem",c(35.1526239, 31.7523459)
780,2023,1,"אורה","אורה",2023-10-30,59.4436218266131,1,10,NA,"Jerusalem",c(35.1526239, 31.7523459)
783,2014,1,"אבן ספיר","אבןספיר",2014-08-24,58.7411874889608,1,8,720,"Jerusalem",c(35.135988, 31.7627975)
783,2014,1,"אבן ספיר","אבןספיר",2014-07-29,58.7411874889608,1,7,720,"Jerusalem",c(35.135988, 31.7627975)
783,2016,1,"אבן ספיר","אבןספיר",2016-07-06,58.7411874889608,1,7,740,"Jerusalem",c(35.135988, 31.7627975)
783,2016,1,"אבן ספיר","אבןספיר",2016-09-20,58.7411874889608,1,9,740,"Jerusalem",c(35.135988, 31.7627975)
783,2017,1,"אבן ספיר","אבןספיר",2017-12-05,58.7411874889608,1,12,728,"Jerusalem",c(35.135988, 31.7627975)
783,2021,1,"אבן ספיר","אבןספיר",2021-05-10,58.7411874889608,1,5,686,"Jerusalem",c(35.135988, 31.7627975)
783,2023,1,"אבן ספיר","אבןספיר",2023-10-30,58.7411874889608,1,10,NA,"Jerusalem",c(35.135988, 31.7627975)
784,2014,1,"בית נחמיה","ביתנחמיה",2014-08-20,59.6309157888624,1,8,890,"HaMerkaz",c(34.9550584, 31.976824)
784,2014,1,"בית נחמיה","ביתנחמיה",2014-07-29,59.6309157888624,1,7,890,"HaMerkaz",c(34.9550584, 31.976824)
784,2015,1,"בית נחמיה","ביתנחמיה",2015-03-23,59.6309157888624,1,3,890,"HaMerkaz",c(34.9550584, 31.976824)
784,2016,1,"בית נחמיה","ביתנחמיה",2016-09-20,59.6309157888624,1,9,890,"HaMerkaz",c(34.9550584, 31.976824)
784,2021,1,"בית נחמיה","ביתנחמיה",2021-05-12,59.6309157888624,1,5,893,"HaMerkaz",c(34.9550584, 31.976824)
784,2023,1,"בית נחמיה","ביתנחמיה",2023-12-02,59.6309157888624,1,12,NA,"HaMerkaz",c(34.9550584, 31.976824)
784,2023,1,"בית נחמיה","ביתנחמיה",2023-10-26,59.6309157888624,1,10,NA,"HaMerkaz",c(34.9550584, 31.976824)
784,2023,1,"בית נחמיה","ביתנחמיה",2023-11-20,59.6309157888624,1,11,NA,"HaMerkaz",c(34.9550584, 31.976824)
785,2016,1,"אחיהוד","אחיהוד",2016-09-20,158.015309536993,1,9,850,"HaZafon",c(35.175634, 32.905976)
785,2016,1,"אחיהוד","אחיהוד",2016-05-31,158.015309536993,1,5,850,"HaZafon",c(35.175634, 32.905976)
785,2018,1,"אחיהוד","אחיהוד",2018-06-19,158.015309536993,1,6,867,"HaZafon",c(35.175634, 32.905976)
785,2019,1,"אחיהוד","אחיהוד",2019-05-20,158.015309536993,1,5,892,"HaZafon",c(35.175634, 32.905976)
786,2015,1,"כפר זיתים","כפרזיתים",2015-03-11,162.333764550985,1,3,760,"HaZafon",c(35.4629424, 32.8114235)
786,2016,1,"כפר זיתים","כפרזיתים",2016-09-20,162.333764550985,1,9,780,"HaZafon",c(35.4629424, 32.8114235)
786,2017,1,"כפר זיתים","כפרזיתים",2017-07-18,162.333764550985,1,7,786,"HaZafon",c(35.4629424, 32.8114235)
786,2019,1,"כפר זיתים","כפרזיתים",2019-05-20,162.333764550985,1,5,768,"HaZafon",c(35.4629424, 32.8114235)
788,2014,1,"זיתן","זיתן",2014-08-23,55.8522512018469,1,8,1080,"HaMerkaz",c(34.8888939, 31.9748405)
788,2014,1,"זיתן","זיתן",2014-07-29,55.8522512018469,1,7,1080,"HaMerkaz",c(34.8888939, 31.9748405)
788,2015,1,"זיתן","זיתן",2015-03-23,55.8522512018469,1,3,1050,"HaMerkaz",c(34.8888939, 31.9748405)
788,2016,1,"זיתן","זיתן",2016-09-20,55.8522512018469,1,9,1070,"HaMerkaz",c(34.8888939, 31.9748405)
788,2021,1,"זיתן","זיתן",2021-05-12,55.8522512018469,1,5,1031,"HaMerkaz",c(34.8888939, 31.9748405)
788,2022,1,"זיתן","זיתן",2022-08-07,55.8522512018469,1,8,1015,"HaMerkaz",c(34.8888939, 31.9748405)
788,2023,1,"זיתן","זיתן",2023-11-02,55.8522512018469,1,11,NA,"HaMerkaz",c(34.8888939, 31.9748405)
788,2023,1,"זיתן","זיתן",2023-10-30,55.8522512018469,1,10,NA,"HaMerkaz",c(34.8888939, 31.9748405)
788,2023,1,"זיתן","זיתן",2023-12-02,55.8522512018469,1,12,NA,"HaMerkaz",c(34.8888939, 31.9748405)
789,2014,1,"רנן","רנן",2014-08-21,17.9271064553731,1,8,580,"HaDarom",c(34.601846, 31.337221)
789,2014,1,"רנן","רנן",2014-07-24,17.9271064553731,1,7,580,"HaDarom",c(34.601846, 31.337221)
789,2016,1,"רנן","רנן",2016-09-20,17.9271064553731,1,9,650,"HaDarom",c(34.601846, 31.337221)
789,2017,1,"רנן","רנן",2017-03-21,17.9271064553731,1,3,661,"HaDarom",c(34.601846, 31.337221)
789,2018,1,"רנן","רנן",2018-11-12,17.9271064553731,1,11,671,"HaDarom",c(34.601846, 31.337221)
789,2018,1,"רנן","רנן",2018-05-29,17.9271064553731,1,5,671,"HaDarom",c(34.601846, 31.337221)
789,2019,1,"רנן","רנן",2019-05-04,17.9271064553731,1,5,703,"HaDarom",c(34.601846, 31.337221)
789,2021,1,"רנן","רנן",2021-05-12,17.9271064553731,1,5,717,"HaDarom",c(34.601846, 31.337221)
789,2023,1,"רנן","רנן",2023-11-09,17.9271064553731,1,11,NA,"HaDarom",c(34.601846, 31.337221)
789,2023,1,"רנן","רנן",2023-10-07,17.9271064553731,1,10,NA,"HaDarom",c(34.601846, 31.337221)
789,2023,1,"רנן","רנן",2023-04-06,17.9271064553731,1,4,NA,"HaDarom",c(34.601846, 31.337221)
791,2014,1,"משען","משען",2014-08-20,12.5019441702161,1,8,1000,"HaDarom",c(34.6253065, 31.6561331)
791,2014,1,"משען","משען",2014-07-31,12.5019441702161,1,7,1000,"HaDarom",c(34.6253065, 31.6561331)
791,2015,1,"משען","משען",2015-06-03,12.5019441702161,1,6,1010,"HaDarom",c(34.6253065, 31.6561331)
791,2015,1,"משען","משען",2015-05-26,12.5019441702161,1,5,1010,"HaDarom",c(34.6253065, 31.6561331)
791,2016,1,"משען","משען",2016-09-20,12.5019441702161,1,9,1050,"HaDarom",c(34.6253065, 31.6561331)
791,2017,1,"משען","משען",2017-12-11,12.5019441702161,1,12,1050,"HaDarom",c(34.6253065, 31.6561331)
791,2018,1,"משען","משען",2018-05-30,12.5019441702161,1,5,1053,"HaDarom",c(34.6253065, 31.6561331)
791,2018,1,"משען","משען",2018-11-13,12.5019441702161,1,11,1053,"HaDarom",c(34.6253065, 31.6561331)
791,2019,1,"משען","משען",2019-11-12,12.5019441702161,1,11,1064,"HaDarom",c(34.6253065, 31.6561331)
791,2019,1,"משען","משען",2019-05-04,12.5019441702161,1,5,1064,"HaDarom",c(34.6253065, 31.6561331)
791,2020,1,"משען","משען",2020-02-23,12.5019441702161,1,2,1071,"HaDarom",c(34.6253065, 31.6561331)
791,2021,1,"משען","משען",2021-05-19,12.5019441702161,1,5,1069,"HaDarom",c(34.6253065, 31.6561331)
791,2022,1,"משען","משען",2022-08-07,12.5019441702161,1,8,1043,"HaDarom",c(34.6253065, 31.6561331)
791,2023,1,"משען","משען",2023-11-23,12.5019441702161,1,11,NA,"HaDarom",c(34.6253065, 31.6561331)
791,2023,1,"משען","משען",2023-05-11,12.5019441702161,1,5,NA,"HaDarom",c(34.6253065, 31.6561331)
791,2023,1,"משען","משען",2023-10-07,12.5019441702161,1,10,NA,"HaDarom",c(34.6253065, 31.6561331)
792,2014,1,"נתיב השיירה","נתיבהשיירה",2014-08-23,165.430566639651,1,8,480,"HaZafon",c(35.1349995, 32.9938661)
792,2016,1,"נתיב השיירה","נתיבהשיירה",2016-05-31,165.430566639651,1,5,490,"HaZafon",c(35.1349995, 32.9938661)
792,2016,1,"נתיב השיירה","נתיבהשיירה",2016-09-20,165.430566639651,1,9,490,"HaZafon",c(35.1349995, 32.9938661)
792,2018,1,"נתיב השיירה","נתיבהשיירה",2018-06-19,165.430566639651,1,6,502,"HaZafon",c(35.1349995, 32.9938661)
792,2018,1,"נתיב השיירה","נתיבהשיירה",2018-02-10,165.430566639651,1,2,502,"HaZafon",c(35.1349995, 32.9938661)
792,2019,1,"נתיב השיירה","נתיבהשיירה",2019-05-20,165.430566639651,1,5,477,"HaZafon",c(35.1349995, 32.9938661)
792,2021,1,"נתיב השיירה","נתיבהשיירה",2021-07-20,165.430566639651,1,7,507,"HaZafon",c(35.1349995, 32.9938661)
793,2014,1,"גבעתי","גבעתי",2014-07-31,21.7490518032856,1,7,940,"HaDarom",c(34.6822891, 31.7324125)
793,2014,1,"גבעתי","גבעתי",2014-08-21,21.7490518032856,1,8,940,"HaDarom",c(34.6822891, 31.7324125)
793,2015,1,"גבעתי","גבעתי",2015-05-26,21.7490518032856,1,5,960,"HaDarom",c(34.6822891, 31.7324125)
793,2016,1,"גבעתי","גבעתי",2016-09-20,21.7490518032856,1,9,960,"HaDarom",c(34.6822891, 31.7324125)
793,2019,1,"גבעתי","גבעתי",2019-05-04,21.7490518032856,1,5,1047,"HaDarom",c(34.6822891, 31.7324125)
793,2019,1,"גבעתי","גבעתי",2019-11-12,21.7490518032856,1,11,1047,"HaDarom",c(34.6822891, 31.7324125)
793,2021,1,"גבעתי","גבעתי",2021-05-11,21.7490518032856,1,5,1071,"HaDarom",c(34.6822891, 31.7324125)
793,2022,1,"גבעתי","גבעתי",2022-08-06,21.7490518032856,1,8,1072,"HaDarom",c(34.6822891, 31.7324125)
793,2023,1,"גבעתי","גבעתי",2023-10-07,21.7490518032856,1,10,NA,"HaDarom",c(34.6822891, 31.7324125)
793,2023,1,"גבעתי","גבעתי",2023-12-01,21.7490518032856,1,12,NA,"HaDarom",c(34.6822891, 31.7324125)
793,2023,1,"גבעתי","גבעתי",2023-11-06,21.7490518032856,1,11,NA,"HaDarom",c(34.6822891, 31.7324125)
793,2023,1,"גבעתי","גבעתי",2023-05-10,21.7490518032856,1,5,NA,"HaDarom",c(34.6822891, 31.7324125)
794,2016,1,"עגור","עגור",2016-07-06,36.5528360149632,1,7,520,"Jerusalem",c(34.9118265, 31.6976495)
794,2016,1,"עגור","עגור",2016-09-20,36.5528360149632,1,9,520,"Jerusalem",c(34.9118265, 31.6976495)
794,2017,1,"עגור","עגור",2017-12-05,36.5528360149632,1,12,526,"Jerusalem",c(34.9118265, 31.6976495)
794,2019,1,"עגור","עגור",2019-05-04,36.5528360149632,1,5,528,"Jerusalem",c(34.9118265, 31.6976495)
794,2021,1,"עגור","עגור",2021-05-10,36.5528360149632,1,5,552,"Jerusalem",c(34.9118265, 31.6976495)
794,2023,1,"עגור","עגור",2023-10-22,36.5528360149632,1,10,NA,"Jerusalem",c(34.9118265, 31.6976495)
795,2016,1,"יערה","יערה",2016-12-06,175.18637355146,1,12,730,"HaZafon",c(35.18375, 33.066775)
795,2016,1,"יערה","יערה",2016-09-20,175.18637355146,1,9,730,"HaZafon",c(35.18375, 33.066775)
795,2018,1,"יערה","יערה",2018-02-10,175.18637355146,1,2,740,"HaZafon",c(35.18375, 33.066775)
795,2019,1,"יערה","יערה",2019-05-20,175.18637355146,1,5,752,"HaZafon",c(35.18375, 33.066775)
795,2021,1,"יערה","יערה",2021-07-20,175.18637355146,1,7,808,"HaZafon",c(35.18375, 33.066775)
795,2023,1,"יערה","יערה",2023-04-06,175.18637355146,1,4,NA,"HaZafon",c(35.18375, 33.066775)
795,2023,1,"יערה","יערה",2023-11-25,175.18637355146,1,11,NA,"HaZafon",c(35.18375, 33.066775)
795,2023,1,"יערה","יערה",2023-12-10,175.18637355146,1,12,NA,"HaZafon",c(35.18375, 33.066775)
796,2014,1,"צלפון","צלפון",2014-07-29,44.4986228286935,1,7,830,"Jerusalem",c(34.9307385, 31.8048009)
796,2014,1,"צלפון","צלפון",2014-08-19,44.4986228286935,1,8,830,"Jerusalem",c(34.9307385, 31.8048009)
796,2016,1,"צלפון","צלפון",2016-09-20,44.4986228286935,1,9,920,"Jerusalem",c(34.9307385, 31.8048009)
796,2016,1,"צלפון","צלפון",2016-07-06,44.4986228286935,1,7,920,"Jerusalem",c(34.9307385, 31.8048009)
796,2017,1,"צלפון","צלפון",2017-12-05,44.4986228286935,1,12,945,"Jerusalem",c(34.9307385, 31.8048009)
796,2019,1,"צלפון","צלפון",2019-05-04,44.4986228286935,1,5,1044,"Jerusalem",c(34.9307385, 31.8048009)
796,2019,1,"צלפון","צלפון",2019-11-13,44.4986228286935,1,11,1044,"Jerusalem",c(34.9307385, 31.8048009)
796,2023,1,"צלפון","צלפון",2023-11-21,44.4986228286935,1,11,NA,"Jerusalem",c(34.9307385, 31.8048009)
796,2023,1,"צלפון","צלפון",2023-12-15,44.4986228286935,1,12,NA,"Jerusalem",c(34.9307385, 31.8048009)
796,2023,1,"צלפון","צלפון",2023-10-07,44.4986228286935,1,10,NA,"Jerusalem",c(34.9307385, 31.8048009)
797,2014,1,"אחיעזר","אחיעזר",2014-08-26,55.1408487196538,1,8,1760,"HaMerkaz",c(34.8707271, 31.9820885)
797,2014,1,"אחיעזר","אחיעזר",2014-07-29,55.1408487196538,1,7,1760,"HaMerkaz",c(34.8707271, 31.9820885)
797,2015,1,"אחיעזר","אחיעזר",2015-03-23,55.1408487196538,1,3,1750,"HaMerkaz",c(34.8707271, 31.9820885)
797,2016,1,"אחיעזר","אחיעזר",2016-09-20,55.1408487196538,1,9,1770,"HaMerkaz",c(34.8707271, 31.9820885)
797,2021,1,"אחיעזר","אחיעזר",2021-05-13,55.1408487196538,1,5,1947,"HaMerkaz",c(34.8707271, 31.9820885)
797,2022,1,"אחיעזר","אחיעזר",2022-08-07,55.1408487196538,1,8,1991,"HaMerkaz",c(34.8707271, 31.9820885)
797,2023,1,"אחיעזר","אחיעזר",2023-10-07,55.1408487196538,1,10,NA,"HaMerkaz",c(34.8707271, 31.9820885)
797,2023,1,"אחיעזר","אחיעזר",2023-12-02,55.1408487196538,1,12,NA,"HaMerkaz",c(34.8707271, 31.9820885)
797,2023,1,"אחיעזר","אחיעזר",2023-11-05,55.1408487196538,1,11,NA,"HaMerkaz",c(34.8707271, 31.9820885)
798,2014,1,"יגל","יגל",2014-08-26,56.2262827810613,1,8,860,"HaMerkaz",c(34.879657, 31.988265)
798,2014,1,"יגל","יגל",2014-07-29,56.2262827810613,1,7,860,"HaMerkaz",c(34.879657, 31.988265)
798,2015,1,"יגל","יגל",2015-03-23,56.2262827810613,1,3,900,"HaMerkaz",c(34.879657, 31.988265)
798,2016,1,"יגל","יגל",2016-09-20,56.2262827810613,1,9,910,"HaMerkaz",c(34.879657, 31.988265)
798,2021,1,"יגל","יגל",2021-05-13,56.2262827810613,1,5,919,"HaMerkaz",c(34.879657, 31.988265)
798,2022,1,"יגל","יגל",2022-08-07,56.2262827810613,1,8,905,"HaMerkaz",c(34.879657, 31.988265)
798,2023,1,"יגל","יגל",2023-10-24,56.2262827810613,1,10,NA,"HaMerkaz",c(34.879657, 31.988265)
798,2023,1,"יגל","יגל",2023-11-02,56.2262827810613,1,11,NA,"HaMerkaz",c(34.879657, 31.988265)
798,2023,1,"יגל","יגל",2023-12-02,56.2262827810613,1,12,NA,"HaMerkaz",c(34.879657, 31.988265)
799,2016,1,"זכריה","זכריה",2016-09-20,39.6596996253327,1,9,1070,"Jerusalem",c(34.9446629, 31.7092394)
799,2016,1,"זכריה","זכריה",2016-07-06,39.6596996253327,1,7,1070,"Jerusalem",c(34.9446629, 31.7092394)
799,2017,1,"זכריה","זכריה",2017-12-05,39.6596996253327,1,12,1079,"Jerusalem",c(34.9446629, 31.7092394)
799,2019,1,"זכריה","זכריה",2019-05-05,39.6596996253327,1,5,1124,"Jerusalem",c(34.9446629, 31.7092394)
799,2021,1,"זכריה","זכריה",2021-05-10,39.6596996253327,1,5,1146,"Jerusalem",c(34.9446629, 31.7092394)
799,2023,1,"זכריה","זכריה",2023-10-07,39.6596996253327,1,10,NA,"Jerusalem",c(34.9446629, 31.7092394)
800,2014,1,"בית חנניה","ביתחנניה",2014-07-28,110.746874357003,1,7,880,"Haifa",c(34.9259565, 32.5289595)
800,2016,1,"בית חנניה","ביתחנניה",2016-09-20,110.746874357003,1,9,900,"Haifa",c(34.9259565, 32.5289595)
800,2016,1,"בית חנניה","ביתחנניה",2016-06-22,110.746874357003,1,6,900,"Haifa",c(34.9259565, 32.5289595)
800,2019,1,"בית חנניה","ביתחנניה",2019-07-31,110.746874357003,1,7,907,"Haifa",c(34.9259565, 32.5289595)
801,2014,1,"חמד","חמד",2014-08-26,56.5683391187104,1,8,1120,"HaMerkaz",c(34.8376745, 32.0188855)
801,2014,1,"חמד","חמד",2014-07-29,56.5683391187104,1,7,1120,"HaMerkaz",c(34.8376745, 32.0188855)
801,2015,1,"חמד","חמד",2015-03-23,56.5683391187104,1,3,1130,"HaMerkaz",c(34.8376745, 32.0188855)
801,2016,1,"חמד","חמד",2016-09-20,56.5683391187104,1,9,1180,"HaMerkaz",c(34.8376745, 32.0188855)
801,2021,1,"חמד","חמד",2021-05-16,56.5683391187104,1,5,1356,"HaMerkaz",c(34.8376745, 32.0188855)
801,2023,1,"חמד","חמד",2023-11-02,56.5683391187104,1,11,NA,"HaMerkaz",c(34.8376745, 32.0188855)
801,2023,1,"חמד","חמד",2023-12-04,56.5683391187104,1,12,NA,"HaMerkaz",c(34.8376745, 32.0188855)
801,2023,1,"חמד","חמד",2023-05-10,56.5683391187104,1,5,NA,"HaMerkaz",c(34.8376745, 32.0188855)
801,2023,1,"חמד","חמד",2023-10-17,56.5683391187104,1,10,NA,"HaMerkaz",c(34.8376745, 32.0188855)
802,2014,1,"גבעת כ""ח","גבעתכח",2014-07-29,62.8915655511129,1,7,840,"HaMerkaz",c(34.940689, 32.0329089)
802,2014,1,"גבעת כ""ח","גבעתכח",2014-08-26,62.8915655511129,1,8,840,"HaMerkaz",c(34.940689, 32.0329089)
802,2015,1,"גבעת כ""ח","גבעתכח",2015-03-23,62.8915655511129,1,3,860,"HaMerkaz",c(34.940689, 32.0329089)
802,2016,1,"גבעת כ""ח","גבעתכח",2016-09-20,62.8915655511129,1,9,890,"HaMerkaz",c(34.940689, 32.0329089)
802,2021,1,"גבעת כ''ח","גבעתכח",2021-05-16,62.8915655511129,1,5,887,"HaMerkaz",c(34.940689, 32.0329089)
802,2023,1,"גבעת כ''ח","גבעתכח",2023-12-02,62.8915655511129,1,12,NA,"HaMerkaz",c(34.940689, 32.0329089)
802,2023,1,"גבעת כ''ח","גבעתכח",2023-11-20,62.8915655511129,1,11,NA,"HaMerkaz",c(34.940689, 32.0329089)
802,2023,1,"גבעת כ''ח","גבעתכח",2023-10-17,62.8915655511129,1,10,NA,"HaMerkaz",c(34.940689, 32.0329089)
803,2014,1,"יושיביה","יושיביה",2014-08-26,8.49499024920782,1,8,480,"HaDarom",c(34.609785, 31.444491)
803,2015,1,"יושיביה","יושיביה",2015-04-23,8.49499024920782,1,4,520,"HaDarom",c(34.609785, 31.444491)
803,2016,1,"יושיביה","יושיביה",2016-09-20,8.49499024920782,1,9,570,"HaDarom",c(34.609785, 31.444491)
803,2017,1,"יושיביה","יושיביה",2017-03-21,8.49499024920782,1,3,608,"HaDarom",c(34.609785, 31.444491)
803,2018,1,"יושיביה","יושיביה",2018-07-14,8.49499024920782,1,7,667,"HaDarom",c(34.609785, 31.444491)
803,2018,1,"יושיביה","יושיביה",2018-11-12,8.49499024920782,1,11,667,"HaDarom",c(34.609785, 31.444491)
803,2018,1,"יושיביה","יושיביה",2018-05-30,8.49499024920782,1,5,667,"HaDarom",c(34.609785, 31.444491)
803,2018,1,"יושיביה","יושיביה",2018-08-09,8.49499024920782,1,8,667,"HaDarom",c(34.609785, 31.444491)
803,2019,1,"יושיביה","יושיביה",2019-05-04,8.49499024920782,1,5,683,"HaDarom",c(34.609785, 31.444491)
803,2019,1,"יושיביה","יושיביה",2019-11-12,8.49499024920782,1,11,683,"HaDarom",c(34.609785, 31.444491)
803,2021,1,"יושיביה","יושיביה",2021-05-12,8.49499024920782,1,5,733,"HaDarom",c(34.609785, 31.444491)
803,2023,1,"יושיביה","יושיביה",2023-05-10,8.49499024920782,1,5,NA,"HaDarom",c(34.609785, 31.444491)
803,2023,1,"יושיביה","יושיביה",2023-12-04,8.49499024920782,1,12,NA,"HaDarom",c(34.609785, 31.444491)
803,2023,1,"יושיביה","יושיביה",2023-11-03,8.49499024920782,1,11,NA,"HaDarom",c(34.609785, 31.444491)
803,2023,1,"יושיביה","יושיביה",2023-10-07,8.49499024920782,1,10,NA,"HaDarom",c(34.609785, 31.444491)
804,2014,1,"אחיסמך","אחיסמך",2014-07-29,52.7240192471427,1,7,1340,"HaMerkaz",c(34.907828, 31.9363705)
804,2014,1,"אחיסמך","אחיסמך",2014-08-01,52.7240192471427,1,8,1340,"HaMerkaz",c(34.907828, 31.9363705)
804,2015,1,"אחיסמך","אחיסמך",2015-03-23,52.7240192471427,1,3,1350,"HaMerkaz",c(34.907828, 31.9363705)
804,2016,1,"אחיסמך","אחיסמך",2016-09-20,52.7240192471427,1,9,1370,"HaMerkaz",c(34.907828, 31.9363705)
804,2021,1,"אחיסמך","אחיסמך",2021-05-13,52.7240192471427,1,5,1418,"HaMerkaz",c(34.907828, 31.9363705)
804,2023,1,"אחיסמך","אחיסמך",2023-12-02,52.7240192471427,1,12,NA,"HaMerkaz",c(34.907828, 31.9363705)
804,2023,1,"אחיסמך","אחיסמך",2023-10-07,52.7240192471427,1,10,NA,"HaMerkaz",c(34.907828, 31.9363705)
804,2023,1,"אחיסמך","אחיסמך",2023-11-20,52.7240192471427,1,11,NA,"HaMerkaz",c(34.907828, 31.9363705)
805,2014,1,"ישעי","ישעי",2014-08-19,43.588596240184,1,8,710,"Jerusalem",c(34.96424, 31.7508255)
805,2014,1,"ישעי","ישעי",2014-07-29,43.588596240184,1,7,710,"Jerusalem",c(34.96424, 31.7508255)
805,2016,1,"ישעי","ישעי",2016-07-06,43.588596240184,1,7,760,"Jerusalem",c(34.96424, 31.7508255)
805,2016,1,"ישעי","ישעי",2016-09-20,43.588596240184,1,9,760,"Jerusalem",c(34.96424, 31.7508255)
805,2017,1,"ישעי","ישעי",2017-12-05,43.588596240184,1,12,767,"Jerusalem",c(34.96424, 31.7508255)
805,2019,1,"ישעי","ישעי",2019-05-04,43.588596240184,1,5,771,"Jerusalem",c(34.96424, 31.7508255)
805,2023,1,"ישעי","ישעי",2023-12-15,43.588596240184,1,12,NA,"Jerusalem",c(34.96424, 31.7508255)
805,2023,1,"ישעי","ישעי",2023-10-22,43.588596240184,1,10,NA,"Jerusalem",c(34.96424, 31.7508255)
807,2016,1,"חניאל","חניאל",2016-09-20,91.8233303439696,1,9,940,"HaMerkaz",c(34.9487035, 32.3331206)
807,2017,1,"חניאל","חניאל",2017-02-07,91.8233303439696,1,2,953,"HaMerkaz",c(34.9487035, 32.3331206)
808,2014,1,"ניר אליהו","ניראליהו",2014-08-02,79.1035202847633,1,8,450,"HaMerkaz",c(34.9485296, 32.1972309)
808,2016,1,"ניר אליהו","ניראליהו",2016-09-20,79.1035202847633,1,9,520,"HaMerkaz",c(34.9485296, 32.1972309)
808,2017,1,"ניר אליהו","ניראליהו",2017-02-07,79.1035202847633,1,2,533,"HaMerkaz",c(34.9485296, 32.1972309)
808,2019,1,"ניר אליהו","ניראליהו",2019-03-25,79.1035202847633,1,3,555,"HaMerkaz",c(34.9485296, 32.1972309)
808,2021,1,"ניר אליהו","ניראליהו",2021-05-11,79.1035202847633,1,5,564,"HaMerkaz",c(34.9485296, 32.1972309)
808,2023,1,"ניר אליהו","ניראליהו",2023-10-24,79.1035202847633,1,10,NA,"HaMerkaz",c(34.9485296, 32.1972309)
809,2014,1,"נחם","נחם",2014-08-19,47.3230323494659,1,8,520,"Jerusalem",c(35.003968, 31.767209)
809,2014,1,"נחם","נחם",2014-07-29,47.3230323494659,1,7,520,"Jerusalem",c(35.003968, 31.767209)
809,2016,1,"נחם","נחם",2016-07-06,47.3230323494659,1,7,520,"Jerusalem",c(35.003968, 31.767209)
809,2016,1,"נחם","נחם",2016-09-20,47.3230323494659,1,9,520,"Jerusalem",c(35.003968, 31.767209)
809,2017,1,"נחם","נחם",2017-12-05,47.3230323494659,1,12,529,"Jerusalem",c(35.003968, 31.767209)
809,2019,1,"נחם","נחם",2019-05-04,47.3230323494659,1,5,570,"Jerusalem",c(35.003968, 31.767209)
809,2023,1,"נחם","נחם",2023-12-15,47.3230323494659,1,12,NA,"Jerusalem",c(35.003968, 31.767209)
809,2023,1,"נחם","נחם",2023-10-30,47.3230323494659,1,10,NA,"Jerusalem",c(35.003968, 31.767209)
810,2014,1,"עופר","עופר",2014-07-28,122.356480971477,1,7,630,"Haifa",c(34.981089, 32.622139)
810,2019,1,"עופר","עופר",2019-07-31,122.356480971477,1,7,651,"Haifa",c(34.981089, 32.622139)
810,2023,1,"עופר","עופר",2023-10-11,122.356480971477,1,10,NA,"Haifa",c(34.981089, 32.622139)
811,2014,1,"יכיני","יכיני",2014-08-14,4.77332651099165,1,8,640,"HaDarom",c(34.6011976, 31.4827316)
811,2015,1,"יכיני","יכיני",2015-04-23,4.77332651099165,1,4,670,"HaDarom",c(34.6011976, 31.4827316)
811,2016,1,"יכיני","יכיני",2016-09-20,4.77332651099165,1,9,690,"HaDarom",c(34.6011976, 31.4827316)
811,2018,1,"יכיני","יכיני",2018-05-30,4.77332651099165,1,5,716,"HaDarom",c(34.6011976, 31.4827316)
811,2018,1,"יכיני","יכיני",2018-10-26,4.77332651099165,1,10,716,"HaDarom",c(34.6011976, 31.4827316)
811,2018,1,"יכיני","יכיני",2018-08-09,4.77332651099165,1,8,716,"HaDarom",c(34.6011976, 31.4827316)
811,2018,1,"יכיני","יכיני",2018-07-14,4.77332651099165,1,7,716,"HaDarom",c(34.6011976, 31.4827316)
811,2018,1,"יכיני","יכיני",2018-06-06,4.77332651099165,1,6,716,"HaDarom",c(34.6011976, 31.4827316)
811,2018,1,"יכיני","יכיני",2018-11-12,4.77332651099165,1,11,716,"HaDarom",c(34.6011976, 31.4827316)
811,2019,1,"יכיני","יכיני",2019-11-13,4.77332651099165,1,11,734,"HaDarom",c(34.6011976, 31.4827316)
811,2019,1,"יכיני","יכיני",2019-04-02,4.77332651099165,1,4,734,"HaDarom",c(34.6011976, 31.4827316)
811,2019,1,"יכיני","יכיני",2019-03-25,4.77332651099165,1,3,734,"HaDarom",c(34.6011976, 31.4827316)
811,2019,1,"יכיני","יכיני",2019-05-04,4.77332651099165,1,5,734,"HaDarom",c(34.6011976, 31.4827316)
811,2021,1,"יכיני","יכיני",2021-05-17,4.77332651099165,1,5,724,"HaDarom",c(34.6011976, 31.4827316)
811,2023,1,"יכיני","יכיני",2023-05-13,4.77332651099165,1,5,NA,"HaDarom",c(34.6011976, 31.4827316)
811,2023,1,"יכיני","יכיני",2023-10-09,4.77332651099165,1,10,NA,"HaDarom",c(34.6011976, 31.4827316)
811,2023,1,"יכיני","יכיני",2023-12-12,4.77332651099165,1,12,NA,"HaDarom",c(34.6011976, 31.4827316)
812,2015,1,"שלומי","שלומי",2015-12-20,172.143680644036,1,12,6170,"HaZafon",c(35.1464375, 33.0660977)
812,2016,1,"שלומי","שלומי",2016-12-06,172.143680644036,1,12,6190,"HaZafon",c(35.1464375, 33.0660977)
812,2016,1,"שלומי","שלומי",2016-09-20,172.143680644036,1,9,6190,"HaZafon",c(35.1464375, 33.0660977)
812,2018,1,"שלומי","שלומי",2018-02-10,172.143680644036,1,2,6350,"HaZafon",c(35.1464375, 33.0660977)
812,2019,1,"שלומי","שלומי",2019-05-20,172.143680644036,1,5,6511,"HaZafon",c(35.1464375, 33.0660977)
812,2021,1,"שלומי","שלומי",2021-07-20,172.143680644036,1,7,7055,"HaZafon",c(35.1464375, 33.0660977)
812,2023,1,"שלומי","שלומי",2023-11-06,172.143680644036,1,11,NA,"HaZafon",c(35.1464375, 33.0660977)
812,2023,1,"שלומי","שלומי",2023-12-12,172.143680644036,1,12,NA,"HaZafon",c(35.1464375, 33.0660977)
812,2023,1,"שלומי","שלומי",2023-10-15,172.143680644036,1,10,NA,"HaZafon",c(35.1464375, 33.0660977)
812,2023,1,"שלומי","שלומי",2023-04-06,172.143680644036,1,4,NA,"HaZafon",c(35.1464375, 33.0660977)
813,2014,1,"עין יעקב","עיןיעקב",2014-07-29,170.79184165475,1,7,960,"HaZafon",c(35.2291919, 33.0102365)
813,2016,1,"עין יעקב","עיןיעקב",2016-09-20,170.79184165475,1,9,1030,"HaZafon",c(35.2291919, 33.0102365)
813,2016,1,"עין יעקב","עיןיעקב",2016-12-06,170.79184165475,1,12,1030,"HaZafon",c(35.2291919, 33.0102365)
813,2018,1,"עין יעקב","עיןיעקב",2018-02-10,170.79184165475,1,2,1106,"HaZafon",c(35.2291919, 33.0102365)
813,2019,1,"עין יעקב","עיןיעקב",2019-05-20,170.79184165475,1,5,1137,"HaZafon",c(35.2291919, 33.0102365)
813,2023,1,"עין יעקב","עיןיעקב",2023-12-08,170.79184165475,1,12,NA,"HaZafon",c(35.2291919, 33.0102365)
814,2014,1,"תלמים","תלמים",2014-08-19,9.34854130182154,1,8,900,"HaDarom",c(34.671067, 31.564938)
814,2014,1,"תלמים","תלמים",2014-07-31,9.34854130182154,1,7,900,"HaDarom",c(34.671067, 31.564938)
814,2016,1,"תלמים","תלמים",2016-09-20,9.34854130182154,1,9,880,"HaDarom",c(34.671067, 31.564938)
814,2018,1,"תלמים","תלמים",2018-07-14,9.34854130182154,1,7,912,"HaDarom",c(34.671067, 31.564938)
814,2018,1,"תלמים","תלמים",2018-08-09,9.34854130182154,1,8,912,"HaDarom",c(34.671067, 31.564938)
814,2018,1,"תלמים","תלמים",2018-06-03,9.34854130182154,1,6,912,"HaDarom",c(34.671067, 31.564938)
814,2018,1,"תלמים","תלמים",2018-05-30,9.34854130182154,1,5,912,"HaDarom",c(34.671067, 31.564938)
814,2019,1,"תלמים","תלמים",2019-05-04,9.34854130182154,1,5,929,"HaDarom",c(34.671067, 31.564938)
814,2019,1,"תלמים","תלמים",2019-11-14,9.34854130182154,1,11,929,"HaDarom",c(34.671067, 31.564938)
814,2021,1,"תלמים","תלמים",2021-05-13,9.34854130182154,1,5,916,"HaDarom",c(34.671067, 31.564938)
814,2023,1,"תלמים","תלמים",2023-10-07,9.34854130182154,1,10,NA,"HaDarom",c(34.671067, 31.564938)
815,2014,1,"זבדיאל","זבדיאל",2014-08-19,21.6455209420554,1,8,470,"HaDarom",c(34.76289, 31.6599209)
815,2014,1,"זבדיאל","זבדיאל",2014-07-27,21.6455209420554,1,7,470,"HaDarom",c(34.76289, 31.6599209)
815,2016,1,"זבדיאל","זבדיאל",2016-09-20,21.6455209420554,1,9,470,"HaDarom",c(34.76289, 31.6599209)
815,2019,1,"זבדיאל","זבדיאל",2019-05-05,21.6455209420554,1,5,559,"HaDarom",c(34.76289, 31.6599209)
815,2023,1,"זבדיאל","זבדיאל",2023-10-07,21.6455209420554,1,10,NA,"HaDarom",c(34.76289, 31.6599209)
815,2023,1,"זבדיאל","זבדיאל",2023-12-17,21.6455209420554,1,12,NA,"HaDarom",c(34.76289, 31.6599209)
816,2014,1,"זנוח","זנוח",2014-07-29,45.5535696013548,1,7,480,"Jerusalem",c(34.9989055, 31.7316691)
816,2014,1,"זנוח","זנוח",2014-08-19,45.5535696013548,1,8,480,"Jerusalem",c(34.9989055, 31.7316691)
816,2016,1,"זנוח","זנוח",2016-09-20,45.5535696013548,1,9,490,"Jerusalem",c(34.9989055, 31.7316691)
816,2016,1,"זנוח","זנוח",2016-07-06,45.5535696013548,1,7,490,"Jerusalem",c(34.9989055, 31.7316691)
816,2017,1,"זנוח","זנוח",2017-12-05,45.5535696013548,1,12,486,"Jerusalem",c(34.9989055, 31.7316691)
816,2019,1,"זנוח","זנוח",2019-05-04,45.5535696013548,1,5,524,"Jerusalem",c(34.9989055, 31.7316691)
816,2021,1,"זנוח","זנוח",2021-05-10,45.5535696013548,1,5,539,"Jerusalem",c(34.9989055, 31.7316691)
816,2023,1,"זנוח","זנוח",2023-10-12,45.5535696013548,1,10,NA,"Jerusalem",c(34.9989055, 31.7316691)
816,2023,1,"זנוח","זנוח",2023-12-15,45.5535696013548,1,12,NA,"Jerusalem",c(34.9989055, 31.7316691)
817,2014,1,"עזריקם","עזריקם",2014-08-23,24.4768575906692,1,8,1320,"HaDarom",c(34.696152, 31.7498831)
817,2014,1,"עזריקם","עזריקם",2014-07-29,24.4768575906692,1,7,1320,"HaDarom",c(34.696152, 31.7498831)
817,2015,1,"עזריקם","עזריקם",2015-05-26,24.4768575906692,1,5,1380,"HaDarom",c(34.696152, 31.7498831)
817,2016,1,"עזריקם","עזריקם",2016-09-20,24.4768575906692,1,9,1410,"HaDarom",c(34.696152, 31.7498831)
817,2019,1,"עזריקם","עזריקם",2019-12-25,24.4768575906692,1,12,1495,"HaDarom",c(34.696152, 31.7498831)
817,2019,1,"עזריקם","עזריקם",2019-05-05,24.4768575906692,1,5,1495,"HaDarom",c(34.696152, 31.7498831)
817,2019,1,"עזריקם","עזריקם",2019-11-13,24.4768575906692,1,11,1495,"HaDarom",c(34.696152, 31.7498831)
817,2021,1,"עזריקם","עזריקם",2021-05-15,24.4768575906692,1,5,1530,"HaDarom",c(34.696152, 31.7498831)
817,2022,1,"עזריקם","עזריקם",2022-08-05,24.4768575906692,1,8,1538,"HaDarom",c(34.696152, 31.7498831)
817,2023,1,"עזריקם","עזריקם",2023-10-07,24.4768575906692,1,10,NA,"HaDarom",c(34.696152, 31.7498831)
817,2023,1,"עזריקם","עזריקם",2023-12-01,24.4768575906692,1,12,NA,"HaDarom",c(34.696152, 31.7498831)
817,2023,1,"עזריקם","עזריקם",2023-11-04,24.4768575906692,1,11,NA,"HaDarom",c(34.696152, 31.7498831)
817,2023,1,"עזריקם","עזריקם",2023-05-10,24.4768575906692,1,5,NA,"HaDarom",c(34.696152, 31.7498831)
818,2014,1,"זרחיה","זרחיה",2014-07-27,21.4461597843072,1,7,690,"HaDarom",c(34.746495, 31.682231)
818,2014,1,"זרחיה","זרחיה",2014-08-19,21.4461597843072,1,8,690,"HaDarom",c(34.746495, 31.682231)
818,2016,1,"זרחיה","זרחיה",2016-09-20,21.4461597843072,1,9,700,"HaDarom",c(34.746495, 31.682231)
818,2019,1,"זרחיה","זרחיה",2019-05-05,21.4461597843072,1,5,729,"HaDarom",c(34.746495, 31.682231)
818,2021,1,"זרחיה","זרחיה",2021-05-16,21.4461597843072,1,5,755,"HaDarom",c(34.746495, 31.682231)
818,2023,1,"זרחיה","זרחיה",2023-10-22,21.4461597843072,1,10,NA,"HaDarom",c(34.746495, 31.682231)
819,2014,1,"אביגדור","אביגדור",2014-08-10,23.4203420761663,1,8,760,"HaDarom",c(34.742767, 31.7072915)
819,2014,1,"אביגדור","אביגדור",2014-07-29,23.4203420761663,1,7,760,"HaDarom",c(34.742767, 31.7072915)
819,2016,1,"אביגדור","אביגדור",2016-09-20,23.4203420761663,1,9,770,"HaDarom",c(34.742767, 31.7072915)
819,2019,1,"אביגדור","אביגדור",2019-05-05,23.4203420761663,1,5,826,"HaDarom",c(34.742767, 31.7072915)
819,2021,1,"אביגדור","אביגדור",2021-05-16,23.4203420761663,1,5,807,"HaDarom",c(34.742767, 31.7072915)
819,2023,1,"אביגדור","אביגדור",2023-10-07,23.4203420761663,1,10,NA,"HaDarom",c(34.742767, 31.7072915)
820,2014,1,"חלץ","חלץ",2014-07-27,8.68785500212569,1,7,460,"HaDarom",c(34.6587029, 31.5771965)
820,2014,1,"חלץ","חלץ",2014-08-20,8.68785500212569,1,8,460,"HaDarom",c(34.6587029, 31.5771965)
820,2016,1,"חלץ","חלץ",2016-09-20,8.68785500212569,1,9,450,"HaDarom",c(34.6587029, 31.5771965)
820,2018,1,"חלץ","חלץ",2018-08-09,8.68785500212569,1,8,444,"HaDarom",c(34.6587029, 31.5771965)
820,2018,1,"חלץ","חלץ",2018-05-30,8.68785500212569,1,5,444,"HaDarom",c(34.6587029, 31.5771965)
820,2018,1,"חלץ","חלץ",2018-06-03,8.68785500212569,1,6,444,"HaDarom",c(34.6587029, 31.5771965)
820,2018,1,"חלץ","חלץ",2018-07-14,8.68785500212569,1,7,444,"HaDarom",c(34.6587029, 31.5771965)
820,2019,1,"חלץ","חלץ",2019-05-05,8.68785500212569,1,5,455,"HaDarom",c(34.6587029, 31.5771965)
820,2021,1,"חלץ","חלץ",2021-05-13,8.68785500212569,1,5,487,"HaDarom",c(34.6587029, 31.5771965)
820,2022,1,"חלץ","חלץ",2022-08-06,8.68785500212569,1,8,504,"HaDarom",c(34.6587029, 31.5771965)
820,2023,1,"חלץ","חלץ",2023-12-17,8.68785500212569,1,12,NA,"HaDarom",c(34.6587029, 31.5771965)
820,2023,1,"חלץ","חלץ",2023-10-07,8.68785500212569,1,10,NA,"HaDarom",c(34.6587029, 31.5771965)
821,2014,1,"אחוזם","אחוזם",2014-08-20,18.5024817976572,1,8,520,"HaDarom",c(34.7697735, 31.5537641)
821,2014,1,"אחוזם","אחוזם",2014-07-31,18.5024817976572,1,7,520,"HaDarom",c(34.7697735, 31.5537641)
821,2016,1,"אחוזם","אחוזם",2016-09-20,18.5024817976572,1,9,540,"HaDarom",c(34.7697735, 31.5537641)
821,2019,1,"אחוזם","אחוזם",2019-05-05,18.5024817976572,1,5,547,"HaDarom",c(34.7697735, 31.5537641)
821,2021,1,"אחוזם","אחוזם",2021-05-12,18.5024817976572,1,5,552,"HaDarom",c(34.7697735, 31.5537641)
821,2022,1,"אחוזם","אחוזם",2022-07-16,18.5024817976572,1,7,554,"HaDarom",c(34.7697735, 31.5537641)
823,2014,1,"בר גיורא","ברגיורא",2014-07-29,51.4860528522166,1,7,620,"Jerusalem",c(35.071218, 31.7296975)
823,2014,1,"בר גיורא","ברגיורא",2014-08-24,51.4860528522166,1,8,620,"Jerusalem",c(35.071218, 31.7296975)
823,2016,1,"בר גיורא","ברגיורא",2016-09-20,51.4860528522166,1,9,660,"Jerusalem",c(35.071218, 31.7296975)
823,2016,1,"בר גיורא","ברגיורא",2016-07-06,51.4860528522166,1,7,660,"Jerusalem",c(35.071218, 31.7296975)
823,2017,1,"בר גיורא","ברגיורא",2017-12-05,51.4860528522166,1,12,670,"Jerusalem",c(35.071218, 31.7296975)
823,2021,1,"בר גיורא","ברגיורא",2021-05-10,51.4860528522166,1,5,717,"Jerusalem",c(35.071218, 31.7296975)
823,2023,1,"בר גיורא","ברגיורא",2023-10-07,51.4860528522166,1,10,NA,"Jerusalem",c(35.071218, 31.7296975)
823,2023,1,"בר גיורא","ברגיורא",2023-05-12,51.4860528522166,1,5,NA,"Jerusalem",c(35.071218, 31.7296975)
824,2014,1,"כוכב מיכאל","כוכבמיכאל",2014-07-27,12.5390991363273,1,7,980,"HaDarom",c(34.6692325, 31.6294461)
824,2014,1,"כוכב מיכאל","כוכבמיכאל",2014-08-05,12.5390991363273,1,8,980,"HaDarom",c(34.6692325, 31.6294461)
824,2016,1,"כוכב מיכאל","כוכבמיכאל",2016-09-20,12.5390991363273,1,9,1010,"HaDarom",c(34.6692325, 31.6294461)
824,2018,1,"כוכב מיכאל","כוכבמיכאל",2018-07-14,12.5390991363273,1,7,1053,"HaDarom",c(34.6692325, 31.6294461)
824,2018,1,"כוכב מיכאל","כוכבמיכאל",2018-05-30,12.5390991363273,1,5,1053,"HaDarom",c(34.6692325, 31.6294461)
824,2019,1,"כוכב מיכאל","כוכבמיכאל",2019-05-04,12.5390991363273,1,5,1052,"HaDarom",c(34.6692325, 31.6294461)
824,2021,1,"כוכב מיכאל","כוכבמיכאל",2021-05-12,12.5390991363273,1,5,1104,"HaDarom",c(34.6692325, 31.6294461)
824,2022,1,"כוכב מיכאל","כוכבמיכאל",2022-08-06,12.5390991363273,1,8,1122,"HaDarom",c(34.6692325, 31.6294461)
824,2023,1,"כוכב מיכאל","כוכבמיכאל",2023-10-07,12.5390991363273,1,10,NA,"HaDarom",c(34.6692325, 31.6294461)
824,2023,1,"כוכב מיכאל","כוכבמיכאל",2023-05-10,12.5390991363273,1,5,NA,"HaDarom",c(34.6692325, 31.6294461)
825,2014,1,"נס הרים","נסהרים",2014-07-29,50.9794291623074,1,7,1190,"Jerusalem",c(35.0581699, 31.7438754)
825,2014,1,"נס הרים","נסהרים",2014-08-24,50.9794291623074,1,8,1190,"Jerusalem",c(35.0581699, 31.7438754)
825,2016,1,"נס הרים","נסהרים",2016-07-06,50.9794291623074,1,7,1330,"Jerusalem",c(35.0581699, 31.7438754)
825,2016,1,"נס הרים","נסהרים",2016-09-20,50.9794291623074,1,9,1330,"Jerusalem",c(35.0581699, 31.7438754)
825,2017,1,"נס הרים","נסהרים",2017-12-05,50.9794291623074,1,12,1364,"Jerusalem",c(35.0581699, 31.7438754)
825,2021,1,"נס הרים","נסהרים",2021-05-10,50.9794291623074,1,5,1473,"Jerusalem",c(35.0581699, 31.7438754)
825,2023,1,"נס הרים","נסהרים",2023-05-12,50.9794291623074,1,5,NA,"Jerusalem",c(35.0581699, 31.7438754)
825,2023,1,"נס הרים","נסהרים",2023-10-07,50.9794291623074,1,10,NA,"Jerusalem",c(35.0581699, 31.7438754)
826,2014,1,"עוזה","עוזה",2014-08-05,18.8124119078485,1,8,440,"HaDarom",c(34.764505, 31.5935736)
826,2014,1,"עוזה","עוזה",2014-07-27,18.8124119078485,1,7,440,"HaDarom",c(34.764505, 31.5935736)
826,2016,1,"עוזה","עוזה",2016-09-20,18.8124119078485,1,9,440,"HaDarom",c(34.764505, 31.5935736)
826,2019,1,"עוזה","עוזה",2019-05-04,18.8124119078485,1,5,429,"HaDarom",c(34.764505, 31.5935736)
826,2021,1,"עוזה","עוזה",2021-05-15,18.8124119078485,1,5,407,"HaDarom",c(34.764505, 31.5935736)
826,2023,1,"עוזה","עוזה",2023-10-07,18.8124119078485,1,10,NA,"HaDarom",c(34.764505, 31.5935736)
827,2014,1,"נווה מבטח","נווהמבטח",2014-08-25,32.010982850093,1,8,630,"HaDarom",c(34.741747, 31.804946)
827,2014,1,"נווה מבטח","נווהמבטח",2014-07-31,32.010982850093,1,7,630,"HaDarom",c(34.741747, 31.804946)
827,2016,1,"נווה מבטח","נווהמבטח",2016-09-20,32.010982850093,1,9,650,"HaDarom",c(34.741747, 31.804946)
827,2019,1,"נווה מבטח","נווהמבטח",2019-05-05,32.010982850093,1,5,677,"HaDarom",c(34.741747, 31.804946)
827,2019,1,"נווה מבטח","נווהמבטח",2019-11-13,32.010982850093,1,11,677,"HaDarom",c(34.741747, 31.804946)
827,2021,1,"נווה מבטח","נווהמבטח",2021-05-14,32.010982850093,1,5,691,"HaDarom",c(34.741747, 31.804946)
827,2023,1,"נווה מבטח","נווהמבטח",2023-10-07,32.010982850093,1,10,NA,"HaDarom",c(34.741747, 31.804946)
827,2023,1,"נווה מבטח","נווהמבטח",2023-11-01,32.010982850093,1,11,NA,"HaDarom",c(34.741747, 31.804946)
827,2023,1,"נווה מבטח","נווהמבטח",2023-05-13,32.010982850093,1,5,NA,"HaDarom",c(34.741747, 31.804946)
828,2014,1,"ישרש","ישרש",2014-08-05,47.6774573665219,1,8,920,"HaMerkaz",c(34.846784, 31.9154431)
828,2014,1,"ישרש","ישרש",2014-07-29,47.6774573665219,1,7,920,"HaMerkaz",c(34.846784, 31.9154431)
828,2016,1,"ישרש","ישרש",2016-09-20,47.6774573665219,1,9,960,"HaMerkaz",c(34.846784, 31.9154431)
828,2017,1,"ישרש","ישרש",2017-08-08,47.6774573665219,1,8,1007,"HaMerkaz",c(34.846784, 31.9154431)
828,2021,1,"ישרש","ישרש",2021-05-11,47.6774573665219,1,5,983,"HaMerkaz",c(34.846784, 31.9154431)
828,2023,1,"ישרש","ישרש",2023-10-26,47.6774573665219,1,10,NA,"HaMerkaz",c(34.846784, 31.9154431)
828,2023,1,"ישרש","ישרש",2023-12-01,47.6774573665219,1,12,NA,"HaMerkaz",c(34.846784, 31.9154431)
828,2023,1,"ישרש","ישרש",2023-05-11,47.6774573665219,1,5,NA,"HaMerkaz",c(34.846784, 31.9154431)
828,2023,1,"ישרש","ישרש",2023-11-04,47.6774573665219,1,11,NA,"HaMerkaz",c(34.846784, 31.9154431)
829,2014,1,"מבטחים","מבטחים",2014-07-27,6.01746515624456,1,7,380,"HaDarom",c(34.4076461, 31.2412965)
829,2014,1,"מבטחים","מבטחים",2014-08-26,6.01746515624456,1,8,380,"HaDarom",c(34.4076461, 31.2412965)
829,2016,1,"מבטחים","מבטחים",2016-09-20,6.01746515624456,1,9,420,"HaDarom",c(34.4076461, 31.2412965)
829,2018,1,"מבטחים","מבטחים",2018-11-12,6.01746515624456,1,11,426,"HaDarom",c(34.4076461, 31.2412965)
829,2018,1,"מבטחים","מבטחים",2018-05-30,6.01746515624456,1,5,426,"HaDarom",c(34.4076461, 31.2412965)
829,2018,1,"מבטחים","מבטחים",2018-06-20,6.01746515624456,1,6,426,"HaDarom",c(34.4076461, 31.2412965)
829,2018,1,"מבטחים","מבטחים",2018-08-09,6.01746515624456,1,8,426,"HaDarom",c(34.4076461, 31.2412965)
829,2019,1,"מבטחים","מבטחים",2019-05-04,6.01746515624456,1,5,439,"HaDarom",c(34.4076461, 31.2412965)
829,2022,1,"מבטחים","מבטחים",2022-08-07,6.01746515624456,1,8,455,"HaDarom",c(34.4076461, 31.2412965)
829,2023,1,"מבטחים","מבטחים",2023-11-05,6.01746515624456,1,11,NA,"HaDarom",c(34.4076461, 31.2412965)
829,2023,1,"מבטחים","מבטחים",2023-05-11,6.01746515624456,1,5,NA,"HaDarom",c(34.4076461, 31.2412965)
829,2023,1,"מבטחים","מבטחים",2023-10-24,6.01746515624456,1,10,NA,"HaDarom",c(34.4076461, 31.2412965)
829,2023,1,"מבטחים","מבטחים",2023-12-03,6.01746515624456,1,12,NA,"HaDarom",c(34.4076461, 31.2412965)
831,2016,1,"ירוחם","ירוחם",2016-09-20,56.8795042931353,1,9,9230,"HaDarom",c(34.916939, 30.9866729)
831,2017,1,"ירוחם","ירוחם",2017-03-21,56.8795042931353,1,3,9511,"HaDarom",c(34.916939, 30.9866729)
836,2014,1,"גנות","גנות",2014-08-26,56.209366747258,1,8,610,"HaMerkaz",c(34.8296679, 32.017835)
836,2014,1,"גנות","גנות",2014-07-29,56.209366747258,1,7,610,"HaMerkaz",c(34.8296679, 32.017835)
836,2015,1,"גנות","גנות",2015-03-23,56.209366747258,1,3,620,"HaMerkaz",c(34.8296679, 32.017835)
836,2016,1,"גנות","גנות",2016-09-20,56.209366747258,1,9,620,"HaMerkaz",c(34.8296679, 32.017835)
836,2021,1,"גנות","גנות",2021-05-13,56.209366747258,1,5,585,"HaMerkaz",c(34.8296679, 32.017835)
836,2023,1,"גנות","גנות",2023-12-08,56.209366747258,1,12,NA,"HaMerkaz",c(34.8296679, 32.017835)
836,2023,1,"גנות","גנות",2023-05-10,56.209366747258,1,5,NA,"HaMerkaz",c(34.8296679, 32.017835)
836,2023,1,"גנות","גנות",2023-10-19,56.209366747258,1,10,NA,"HaMerkaz",c(34.8296679, 32.017835)
836,2023,1,"גנות","גנות",2023-11-13,56.209366747258,1,11,NA,"HaMerkaz",c(34.8296679, 32.017835)
837,2014,1,"עזריאל","עזריאל",2014-08-02,85.8503312875295,1,8,820,"HaMerkaz",c(34.9701744, 32.2615839)
837,2016,1,"עזריאל","עזריאל",2016-09-20,85.8503312875295,1,9,900,"HaMerkaz",c(34.9701744, 32.2615839)
837,2017,1,"עזריאל","עזריאל",2017-02-07,85.8503312875295,1,2,913,"HaMerkaz",c(34.9701744, 32.2615839)
837,2019,1,"עזריאל","עזריאל",2019-03-25,85.8503312875295,1,3,904,"HaMerkaz",c(34.9701744, 32.2615839)
837,2021,1,"עזריאל","עזריאל",2021-05-11,85.8503312875295,1,5,872,"HaMerkaz",c(34.9701744, 32.2615839)
838,2014,1,"פדיה","פדיה",2014-08-21,45.0830099298639,1,8,790,"HaMerkaz",c(34.882367, 31.8573)
838,2016,1,"פדיה","פדיה",2016-09-20,45.0830099298639,1,9,810,"HaMerkaz",c(34.882367, 31.8573)
838,2017,1,"פדיה","פדיה",2017-08-08,45.0830099298639,1,8,813,"HaMerkaz",c(34.882367, 31.8573)
838,2019,1,"פדיה","פדיה",2019-05-04,45.0830099298639,1,5,841,"HaMerkaz",c(34.882367, 31.8573)
838,2021,1,"פדיה","פדיה",2021-05-16,45.0830099298639,1,5,827,"HaMerkaz",c(34.882367, 31.8573)
838,2023,1,"פדיה","פדיה",2023-12-02,45.0830099298639,1,12,NA,"HaMerkaz",c(34.882367, 31.8573)
838,2023,1,"פדיה","פדיה",2023-10-07,45.0830099298639,1,10,NA,"HaMerkaz",c(34.882367, 31.8573)
838,2023,1,"פדיה","פדיה",2023-11-20,45.0830099298639,1,11,NA,"HaMerkaz",c(34.882367, 31.8573)
839,2014,1,"פתחיה","פתחיה",2014-08-01,46.1412661783494,1,8,870,"HaMerkaz",c(34.8839354, 31.868493)
839,2016,1,"פתחיה","פתחיה",2016-09-20,46.1412661783494,1,9,870,"HaMerkaz",c(34.8839354, 31.868493)
839,2017,1,"פתחיה","פתחיה",2017-08-08,46.1412661783494,1,8,850,"HaMerkaz",c(34.8839354, 31.868493)
839,2019,1,"פתחיה","פתחיה",2019-05-04,46.1412661783494,1,5,841,"HaMerkaz",c(34.8839354, 31.868493)
839,2021,1,"פתחיה","פתחיה",2021-05-12,46.1412661783494,1,5,886,"HaMerkaz",c(34.8839354, 31.868493)
839,2023,1,"פתחיה","פתחיה",2023-11-20,46.1412661783494,1,11,NA,"HaMerkaz",c(34.8839354, 31.868493)
839,2023,1,"פתחיה","פתחיה",2023-10-07,46.1412661783494,1,10,NA,"HaMerkaz",c(34.8839354, 31.868493)
839,2023,1,"פתחיה","פתחיה",2023-12-01,46.1412661783494,1,12,NA,"HaMerkaz",c(34.8839354, 31.868493)
840,2014,1,"כיסופים","כיסופים",2014-10-05,1.77582366389665,1,10,230,"HaDarom",c(34.3987484, 31.3748035)
840,2014,1,"כיסופים","כיסופים",2014-11-07,1.77582366389665,1,11,230,"HaDarom",c(34.3987484, 31.3748035)
840,2014,1,"כיסופים","כיסופים",2014-08-02,1.77582366389665,1,8,230,"HaDarom",c(34.3987484, 31.3748035)
840,2014,1,"כיסופים","כיסופים",2014-07-27,1.77582366389665,1,7,230,"HaDarom",c(34.3987484, 31.3748035)
840,2016,1,"כיסופים","כיסופים",2016-09-20,1.77582366389665,1,9,250,"HaDarom",c(34.3987484, 31.3748035)
840,2016,1,"כיסופים","כיסופים",2016-05-07,1.77582366389665,1,5,250,"HaDarom",c(34.3987484, 31.3748035)
840,2017,1,"כיסופים","כיסופים",2017-05-07,1.77582366389665,1,5,233,"HaDarom",c(34.3987484, 31.3748035)
840,2018,1,"כיסופים","כיסופים",2018-07-14,1.77582366389665,1,7,237,"HaDarom",c(34.3987484, 31.3748035)
840,2018,1,"כיסופים","כיסופים",2018-05-30,1.77582366389665,1,5,237,"HaDarom",c(34.3987484, 31.3748035)
840,2018,1,"כיסופים","כיסופים",2018-08-09,1.77582366389665,1,8,237,"HaDarom",c(34.3987484, 31.3748035)
840,2018,1,"כיסופים","כיסופים",2018-06-20,1.77582366389665,1,6,237,"HaDarom",c(34.3987484, 31.3748035)
840,2018,1,"כיסופים","כיסופים",2018-11-13,1.77582366389665,1,11,237,"HaDarom",c(34.3987484, 31.3748035)
840,2019,1,"כיסופים","כיסופים",2019-05-05,1.77582366389665,1,5,279,"HaDarom",c(34.3987484, 31.3748035)
840,2019,1,"כיסופים","כיסופים",2019-03-29,1.77582366389665,1,3,279,"HaDarom",c(34.3987484, 31.3748035)
840,2019,1,"כיסופים","כיסופים",2019-11-13,1.77582366389665,1,11,279,"HaDarom",c(34.3987484, 31.3748035)
840,2019,1,"כיסופים","כיסופים",2019-10-04,1.77582366389665,1,10,279,"HaDarom",c(34.3987484, 31.3748035)
840,2020,1,"כיסופים","כיסופים",2020-02-15,1.77582366389665,1,2,286,"HaDarom",c(34.3987484, 31.3748035)
840,2020,1,"כיסופים","כיסופים",2020-01-29,1.77582366389665,1,1,286,"HaDarom",c(34.3987484, 31.3748035)
840,2020,1,"כיסופים","כיסופים",2020-08-20,1.77582366389665,1,8,286,"HaDarom",c(34.3987484, 31.3748035)
840,2020,1,"כיסופים","כיסופים",2020-09-16,1.77582366389665,1,9,286,"HaDarom",c(34.3987484, 31.3748035)
840,2021,1,"כיסופים","כיסופים",2021-09-13,1.77582366389665,1,9,292,"HaDarom",c(34.3987484, 31.3748035)
840,2021,1,"כיסופים","כיסופים",2021-04-23,1.77582366389665,1,4,292,"HaDarom",c(34.3987484, 31.3748035)
840,2021,1,"כיסופים","כיסופים",2021-05-20,1.77582366389665,1,5,292,"HaDarom",c(34.3987484, 31.3748035)
840,2022,1,"כיסופים","כיסופים",2022-04-18,1.77582366389665,1,4,294,"HaDarom",c(34.3987484, 31.3748035)
840,2022,1,"כיסופים","כיסופים",2022-11-03,1.77582366389665,1,11,294,"HaDarom",c(34.3987484, 31.3748035)
840,2022,1,"כיסופים","כיסופים",2022-08-07,1.77582366389665,1,8,294,"HaDarom",c(34.3987484, 31.3748035)
840,2023,1,"כיסופים","כיסופים",2023-12-02,1.77582366389665,1,12,NA,"HaDarom",c(34.3987484, 31.3748035)
840,2023,1,"כיסופים","כיסופים",2023-10-27,1.77582366389665,1,10,NA,"HaDarom",c(34.3987484, 31.3748035)
840,2023,1,"כיסופים","כיסופים",2023-05-11,1.77582366389665,1,5,NA,"HaDarom",c(34.3987484, 31.3748035)
840,2023,1,"כיסופים","כיסופים",2023-11-17,1.77582366389665,1,11,NA,"HaDarom",c(34.3987484, 31.3748035)
841,2014,1,"אלישמע","אלישמע",2014-08-02,73.344682852149,1,8,1200,"HaMerkaz",c(34.9264919, 32.1539575)
841,2016,1,"אלישמע","אלישמע",2016-12-20,73.344682852149,1,12,1210,"HaMerkaz",c(34.9264919, 32.1539575)
841,2016,1,"אלישמע","אלישמע",2016-09-20,73.344682852149,1,9,1210,"HaMerkaz",c(34.9264919, 32.1539575)
841,2018,1,"אלישמע","אלישמע",2018-12-26,73.344682852149,1,12,1200,"HaMerkaz",c(34.9264919, 32.1539575)
841,2021,1,"אלישמע","אלישמע",2021-05-11,73.344682852149,1,5,1166,"HaMerkaz",c(34.9264919, 32.1539575)
841,2023,1,"אלישמע","אלישמע",2023-10-24,73.344682852149,1,10,NA,"HaMerkaz",c(34.9264919, 32.1539575)
841,2023,1,"אלישמע","אלישמע",2023-11-05,73.344682852149,1,11,NA,"HaMerkaz",c(34.9264919, 32.1539575)
842,2014,1,"געש","געש",2014-08-02,76.5806574940646,1,8,660,"HaMerkaz",c(34.8242065, 32.2292006)
842,2016,1,"געש","געש",2016-09-20,76.5806574940646,1,9,700,"HaMerkaz",c(34.8242065, 32.2292006)
842,2017,1,"געש","געש",2017-02-07,76.5806574940646,1,2,728,"HaMerkaz",c(34.8242065, 32.2292006)
842,2023,1,"געש","געש",2023-10-24,76.5806574940646,1,10,NA,"HaMerkaz",c(34.8242065, 32.2292006)
843,2014,1,"מרגליות","מרגליות",2014-08-25,204.33684168951,1,8,390,"HaZafon",c(35.5453855, 33.2151339)
843,2014,1,"מרגליות","מרגליות",2014-09-11,204.33684168951,1,9,390,"HaZafon",c(35.5453855, 33.2151339)
843,2016,1,"מרגליות","מרגליות",2016-09-20,204.33684168951,1,9,410,"HaZafon",c(35.5453855, 33.2151339)
843,2016,1,"מרגליות","מרגליות",2016-12-06,204.33684168951,1,12,410,"HaZafon",c(35.5453855, 33.2151339)
843,2018,1,"מרגליות","מרגליות",2018-02-10,204.33684168951,1,2,401,"HaZafon",c(35.5453855, 33.2151339)
843,2019,1,"מרגליות","מרגליות",2019-05-20,204.33684168951,1,5,412,"HaZafon",c(35.5453855, 33.2151339)
843,2023,1,"מרגליות","מרגליות",2023-11-15,204.33684168951,1,11,NA,"HaZafon",c(35.5453855, 33.2151339)
843,2023,1,"מרגליות","מרגליות",2023-10-28,204.33684168951,1,10,NA,"HaZafon",c(35.5453855, 33.2151339)
843,2023,1,"מרגליות","מרגליות",2023-12-01,204.33684168951,1,12,NA,"HaZafon",c(35.5453855, 33.2151339)
844,2014,1,"נחל עוז","נחלעוז",2014-07-29,0.739737443890259,1,7,350,"HaDarom",c(34.497926, 31.4723415)
844,2014,1,"נחל עוז","נחלעוז",2014-10-19,0.739737443890259,1,10,350,"HaDarom",c(34.497926, 31.4723415)
844,2014,1,"נחל עוז","נחלעוז",2014-08-23,0.739737443890259,1,8,350,"HaDarom",c(34.497926, 31.4723415)
844,2015,1,"נחל עוז","נחלעוז",2015-10-26,0.739737443890259,1,10,380,"HaDarom",c(34.497926, 31.4723415)
844,2015,1,"נחל עוז","נחלעוז",2015-11-08,0.739737443890259,1,11,380,"HaDarom",c(34.497926, 31.4723415)
844,2016,1,"נחל עוז","נחלעוז",2016-04-14,0.739737443890259,1,4,360,"HaDarom",c(34.497926, 31.4723415)
844,2016,1,"נחל עוז","נחלעוז",2016-09-20,0.739737443890259,1,9,360,"HaDarom",c(34.497926, 31.4723415)
844,2017,1,"נחל עוז","נחלעוז",2017-12-29,0.739737443890259,1,12,385,"HaDarom",c(34.497926, 31.4723415)
844,2017,1,"נחל עוז","נחלעוז",2017-02-28,0.739737443890259,1,2,385,"HaDarom",c(34.497926, 31.4723415)
844,2018,1,"נחל עוז","נחלעוז",2018-06-20,0.739737443890259,1,6,404,"HaDarom",c(34.497926, 31.4723415)
844,2018,1,"נחל עוז","נחלעוז",2018-05-29,0.739737443890259,1,5,404,"HaDarom",c(34.497926, 31.4723415)
844,2018,1,"נחל עוז","נחלעוז",2018-07-14,0.739737443890259,1,7,404,"HaDarom",c(34.497926, 31.4723415)
844,2018,1,"נחל עוז","נחלעוז",2018-08-09,0.739737443890259,1,8,404,"HaDarom",c(34.497926, 31.4723415)
844,2018,1,"נחל עוז","נחלעוז",2018-01-30,0.739737443890259,1,1,404,"HaDarom",c(34.497926, 31.4723415)
844,2018,1,"נחל עוז","נחלעוז",2018-11-12,0.739737443890259,1,11,404,"HaDarom",c(34.497926, 31.4723415)
844,2018,1,"נחל עוז","נחלעוז",2018-10-27,0.739737443890259,1,10,404,"HaDarom",c(34.497926, 31.4723415)
844,2019,1,"נחל עוז","נחלעוז",2019-01-12,0.739737443890259,1,1,423,"HaDarom",c(34.497926, 31.4723415)
844,2019,1,"נחל עוז","נחלעוז",2019-03-15,0.739737443890259,1,3,423,"HaDarom",c(34.497926, 31.4723415)
844,2019,1,"נחל עוז","נחלעוז",2019-05-05,0.739737443890259,1,5,423,"HaDarom",c(34.497926, 31.4723415)
844,2019,1,"נחל עוז","נחלעוז",2019-11-12,0.739737443890259,1,11,423,"HaDarom",c(34.497926, 31.4723415)
844,2019,1,"נחל עוז","נחלעוז",2019-07-01,0.739737443890259,1,7,423,"HaDarom",c(34.497926, 31.4723415)
844,2020,1,"נחל עוז","נחלעוז",2020-02-23,0.739737443890259,1,2,471,"HaDarom",c(34.497926, 31.4723415)
844,2020,1,"נחל עוז","נחלעוז",2020-10-20,0.739737443890259,1,10,471,"HaDarom",c(34.497926, 31.4723415)
844,2020,1,"נחל עוז","נחלעוז",2020-08-28,0.739737443890259,1,8,471,"HaDarom",c(34.497926, 31.4723415)
844,2020,1,"נחל עוז","נחלעוז",2020-01-15,0.739737443890259,1,1,471,"HaDarom",c(34.497926, 31.4723415)
844,2021,1,"נחל עוז","נחלעוז",2021-04-24,0.739737443890259,1,4,471,"HaDarom",c(34.497926, 31.4723415)
844,2021,1,"נחל עוז","נחלעוז",2021-05-11,0.739737443890259,1,5,471,"HaDarom",c(34.497926, 31.4723415)
844,2022,1,"נחל עוז","נחלעוז",2022-04-17,0.739737443890259,1,4,479,"HaDarom",c(34.497926, 31.4723415)
844,2022,1,"נחל עוז","נחלעוז",2022-08-05,0.739737443890259,1,8,479,"HaDarom",c(34.497926, 31.4723415)
844,2023,1,"נחל עוז","נחלעוז",2023-05-10,0.739737443890259,1,5,NA,"HaDarom",c(34.497926, 31.4723415)
844,2023,1,"נחל עוז","נחלעוז",2023-03-18,0.739737443890259,1,3,NA,"HaDarom",c(34.497926, 31.4723415)
844,2023,1,"נחל עוז","נחלעוז",2023-12-13,0.739737443890259,1,12,NA,"HaDarom",c(34.497926, 31.4723415)
844,2023,1,"נחל עוז","נחלעוז",2023-02-11,0.739737443890259,1,2,NA,"HaDarom",c(34.497926, 31.4723415)
844,2023,1,"נחל עוז","נחלעוז",2023-04-07,0.739737443890259,1,4,NA,"HaDarom",c(34.497926, 31.4723415)
844,2023,1,"נחל עוז","נחלעוז",2023-10-09,0.739737443890259,1,10,NA,"HaDarom",c(34.497926, 31.4723415)
844,2023,1,"נחל עוז","נחלעוז",2023-11-14,0.739737443890259,1,11,NA,"HaDarom",c(34.497926, 31.4723415)
845,2014,1,"כפר עזה","כפרעזה",2014-08-08,1.89178385209768,1,8,690,"HaDarom",c(34.533009, 31.4834635)
845,2014,1,"כפר עזה","כפרעזה",2014-07-31,1.89178385209768,1,7,690,"HaDarom",c(34.533009, 31.4834635)
845,2015,1,"כפר עזה","כפרעזה",2015-10-21,1.89178385209768,1,10,710,"HaDarom",c(34.533009, 31.4834635)
845,2015,1,"כפר עזה","כפרעזה",2015-09-19,1.89178385209768,1,9,710,"HaDarom",c(34.533009, 31.4834635)
845,2016,1,"כפר עזה","כפרעזה",2016-09-20,1.89178385209768,1,9,690,"HaDarom",c(34.533009, 31.4834635)
845,2017,1,"כפר עזה","כפרעזה",2017-12-13,1.89178385209768,1,12,712,"HaDarom",c(34.533009, 31.4834635)
845,2017,1,"כפר עזה","כפרעזה",2017-02-28,1.89178385209768,1,2,712,"HaDarom",c(34.533009, 31.4834635)
845,2018,1,"כפר עזה","כפרעזה",2018-04-12,1.89178385209768,1,4,703,"HaDarom",c(34.533009, 31.4834635)
845,2018,1,"כפר עזה","כפרעזה",2018-10-11,1.89178385209768,1,10,703,"HaDarom",c(34.533009, 31.4834635)
845,2018,1,"כפר עזה","כפרעזה",2018-07-14,1.89178385209768,1,7,703,"HaDarom",c(34.533009, 31.4834635)
845,2018,1,"כפר עזה","כפרעזה",2018-05-29,1.89178385209768,1,5,703,"HaDarom",c(34.533009, 31.4834635)
845,2018,1,"כפר עזה","כפרעזה",2018-08-09,1.89178385209768,1,8,703,"HaDarom",c(34.533009, 31.4834635)
845,2018,1,"כפר עזה","כפרעזה",2018-02-18,1.89178385209768,1,2,703,"HaDarom",c(34.533009, 31.4834635)
845,2018,1,"כפר עזה","כפרעזה",2018-06-20,1.89178385209768,1,6,703,"HaDarom",c(34.533009, 31.4834635)
845,2018,1,"כפר עזה","כפרעזה",2018-11-12,1.89178385209768,1,11,703,"HaDarom",c(34.533009, 31.4834635)
845,2019,1,"כפר עזה","כפרעזה",2019-12-19,1.89178385209768,1,12,720,"HaDarom",c(34.533009, 31.4834635)
845,2019,1,"כפר עזה","כפרעזה",2019-03-25,1.89178385209768,1,3,720,"HaDarom",c(34.533009, 31.4834635)
845,2019,1,"כפר עזה","כפרעזה",2019-11-12,1.89178385209768,1,11,720,"HaDarom",c(34.533009, 31.4834635)
845,2019,1,"כפר עזה","כפרעזה",2019-05-04,1.89178385209768,1,5,720,"HaDarom",c(34.533009, 31.4834635)
845,2019,1,"כפר עזה","כפרעזה",2019-07-13,1.89178385209768,1,7,720,"HaDarom",c(34.533009, 31.4834635)
845,2020,1,"כפר עזה","כפרעזה",2020-05-26,1.89178385209768,1,5,744,"HaDarom",c(34.533009, 31.4834635)
845,2020,1,"כפר עזה","כפרעזה",2020-01-15,1.89178385209768,1,1,744,"HaDarom",c(34.533009, 31.4834635)
845,2020,1,"כפר עזה","כפרעזה",2020-10-20,1.89178385209768,1,10,744,"HaDarom",c(34.533009, 31.4834635)
845,2020,1,"כפר עזה","כפרעזה",2020-07-05,1.89178385209768,1,7,744,"HaDarom",c(34.533009, 31.4834635)
845,2021,1,"כפר עזה","כפרעזה",2021-05-11,1.89178385209768,1,5,765,"HaDarom",c(34.533009, 31.4834635)
845,2021,1,"כפר עזה","כפרעזה",2021-04-24,1.89178385209768,1,4,765,"HaDarom",c(34.533009, 31.4834635)
845,2021,1,"כפר עזה","כפרעזה",2021-06-18,1.89178385209768,1,6,765,"HaDarom",c(34.533009, 31.4834635)
845,2022,1,"כפר עזה","כפרעזה",2022-08-06,1.89178385209768,1,8,787,"HaDarom",c(34.533009, 31.4834635)
845,2023,1,"כפר עזה","כפרעזה",2023-01-27,1.89178385209768,1,1,NA,"HaDarom",c(34.533009, 31.4834635)
845,2023,1,"כפר עזה","כפרעזה",2023-02-02,1.89178385209768,1,2,NA,"HaDarom",c(34.533009, 31.4834635)
845,2023,1,"כפר עזה","כפרעזה",2023-05-10,1.89178385209768,1,5,NA,"HaDarom",c(34.533009, 31.4834635)
845,2023,1,"כפר עזה","כפרעזה",2023-12-01,1.89178385209768,1,12,NA,"HaDarom",c(34.533009, 31.4834635)
845,2023,1,"כפר עזה","כפרעזה",2023-10-20,1.89178385209768,1,10,NA,"HaDarom",c(34.533009, 31.4834635)
845,2023,1,"כפר עזה","כפרעזה",2023-11-19,1.89178385209768,1,11,NA,"HaDarom",c(34.533009, 31.4834635)
846,2016,1,"שפר","שפר",2016-09-20,173.709278718593,1,9,380,"HaZafon",c(35.4362195, 32.9426339)
846,2017,1,"שפר","שפר",2017-07-18,173.709278718593,1,7,386,"HaZafon",c(35.4362195, 32.9426339)
846,2018,1,"שפר","שפר",2018-02-10,173.709278718593,1,2,425,"HaZafon",c(35.4362195, 32.9426339)
846,2019,1,"שפר","שפר",2019-05-20,173.709278718593,1,5,427,"HaZafon",c(35.4362195, 32.9426339)
848,2019,1,"גבעת וושינגטון","גבעתוושינגטון",2019-11-13,32.8746276541622,1,11,1018,"HaMerkaz",c(34.7289, 31.8174965)
848,2021,1,"גבעת וושינגטון","גבעתוושינגטון",2021-05-12,32.8746276541622,1,5,922,"HaMerkaz",c(34.7289, 31.8174965)
848,2023,1,"גבעת וושינגטון","גבעתוושינגטון",2023-10-07,32.8746276541622,1,10,NA,"HaMerkaz",c(34.7289, 31.8174965)
848,2023,1,"גבעת וושינגטון","גבעתוושינגטון",2023-12-01,32.8746276541622,1,12,NA,"HaMerkaz",c(34.7289, 31.8174965)
848,2023,1,"גבעת וושינגטון","גבעתוושינגטון",2023-05-13,32.8746276541622,1,5,NA,"HaMerkaz",c(34.7289, 31.8174965)
848,2023,1,"גבעת וושינגטון","גבעתוושינגטון",2023-11-20,32.8746276541622,1,11,NA,"HaMerkaz",c(34.7289, 31.8174965)
849,2014,1,"דבירה","דבירה",2014-08-08,27.6031313864002,1,8,740,"HaDarom",c(34.8243395, 31.4126684)
849,2014,1,"דבירה","דבירה",2014-07-27,27.6031313864002,1,7,740,"HaDarom",c(34.8243395, 31.4126684)
849,2016,1,"דבירה","דבירה",2016-09-20,27.6031313864002,1,9,850,"HaDarom",c(34.8243395, 31.4126684)
849,2017,1,"דבירה","דבירה",2017-03-21,27.6031313864002,1,3,935,"HaDarom",c(34.8243395, 31.4126684)
849,2018,1,"דבירה","דבירה",2018-11-12,27.6031313864002,1,11,999,"HaDarom",c(34.8243395, 31.4126684)
849,2019,1,"דבירה","דבירה",2019-05-04,27.6031313864002,1,5,1007,"HaDarom",c(34.8243395, 31.4126684)
850,2016,1,"אחיטוב","אחיטוב",2016-06-22,98.9863765346394,1,6,1050,"HaMerkaz",c(34.9874885, 32.3885199)
850,2016,1,"אחיטוב","אחיטוב",2016-09-20,98.9863765346394,1,9,1050,"HaMerkaz",c(34.9874885, 32.3885199)
852,2014,1,"גונן","גונן",2014-07-29,200.44564077159,1,7,350,"HaZafon",c(35.6457011, 33.1241971)
852,2014,1,"גונן","גונן",2014-08-21,200.44564077159,1,8,350,"HaZafon",c(35.6457011, 33.1241971)
852,2015,1,"גונן","גונן",2015-04-28,200.44564077159,1,4,330,"HaZafon",c(35.6457011, 33.1241971)
852,2016,1,"גונן","גונן",2016-09-20,200.44564077159,1,9,340,"HaZafon",c(35.6457011, 33.1241971)
852,2016,1,"גונן","גונן",2016-12-06,200.44564077159,1,12,340,"HaZafon",c(35.6457011, 33.1241971)
852,2018,1,"גונן","גונן",2018-02-10,200.44564077159,1,2,370,"HaZafon",c(35.6457011, 33.1241971)
852,2019,1,"גונן","גונן",2019-05-20,200.44564077159,1,5,364,"HaZafon",c(35.6457011, 33.1241971)
853,2014,1,"גאליה","גאליה",2014-07-29,40.0729105185063,1,7,990,"HaMerkaz",c(34.7667071, 31.8850621)
853,2014,1,"גאליה","גאליה",2014-08-19,40.0729105185063,1,8,990,"HaMerkaz",c(34.7667071, 31.8850621)
853,2016,1,"גאליה","גאליה",2016-09-20,40.0729105185063,1,9,990,"HaMerkaz",c(34.7667071, 31.8850621)
853,2017,1,"גאליה","גאליה",2017-08-08,40.0729105185063,1,8,990,"HaMerkaz",c(34.7667071, 31.8850621)
853,2019,1,"גאליה","גאליה",2019-05-05,40.0729105185063,1,5,973,"HaMerkaz",c(34.7667071, 31.8850621)
853,2019,1,"גאליה","גאליה",2019-11-13,40.0729105185063,1,11,973,"HaMerkaz",c(34.7667071, 31.8850621)
853,2021,1,"גאליה","גאליה",2021-05-12,40.0729105185063,1,5,942,"HaMerkaz",c(34.7667071, 31.8850621)
853,2022,1,"גאליה","גאליה",2022-08-07,40.0729105185063,1,8,924,"HaMerkaz",c(34.7667071, 31.8850621)
853,2023,1,"גאליה","גאליה",2023-12-01,40.0729105185063,1,12,NA,"HaMerkaz",c(34.7667071, 31.8850621)
853,2023,1,"גאליה","גאליה",2023-10-28,40.0729105185063,1,10,NA,"HaMerkaz",c(34.7667071, 31.8850621)
853,2023,1,"גאליה","גאליה",2023-11-21,40.0729105185063,1,11,NA,"HaMerkaz",c(34.7667071, 31.8850621)
854,2015,1,"ביכורה","ביכורה",2015-03-11,132.031460703097,1,3,360,"HaZafon",c(35.487443, 32.4472135)
854,2016,1,"ביכורה","ביכורה",2016-09-20,132.031460703097,1,9,380,"HaZafon",c(35.487443, 32.4472135)
854,2018,1,"ביכורה","ביכורה",2018-02-10,132.031460703097,1,2,404,"HaZafon",c(35.487443, 32.4472135)
856,2014,1,"שעלבים","שעלבים",2014-08-21,53.3160757621537,1,8,1700,"HaMerkaz",c(34.9831209, 31.8706875)
856,2015,1,"שעלבים","שעלבים",2015-03-23,53.3160757621537,1,3,1760,"HaMerkaz",c(34.9831209, 31.8706875)
856,2016,1,"שעלבים","שעלבים",2016-09-20,53.3160757621537,1,9,1770,"HaMerkaz",c(34.9831209, 31.8706875)
856,2023,1,"שעלבים","שעלבים",2023-10-07,53.3160757621537,1,10,NA,"HaMerkaz",c(34.9831209, 31.8706875)
857,2014,1,"כפר אביב","כפראביב",2014-08-05,33.1101976781264,1,8,770,"HaMerkaz",c(34.7197404, 31.8317515)
857,2014,1,"כפר אביב","כפראביב",2014-07-29,33.1101976781264,1,7,770,"HaMerkaz",c(34.7197404, 31.8317515)
857,2016,1,"כפר אביב","כפראביב",2016-09-20,33.1101976781264,1,9,820,"HaMerkaz",c(34.7197404, 31.8317515)
857,2017,1,"כפר אביב","כפראביב",2017-08-08,33.1101976781264,1,8,800,"HaMerkaz",c(34.7197404, 31.8317515)
857,2019,1,"כפר אביב","כפראביב",2019-11-12,33.1101976781264,1,11,822,"HaMerkaz",c(34.7197404, 31.8317515)
857,2019,1,"כפר אביב","כפראביב",2019-05-05,33.1101976781264,1,5,822,"HaMerkaz",c(34.7197404, 31.8317515)
857,2021,1,"כפר אביב","כפראביב",2021-05-15,33.1101976781264,1,5,823,"HaMerkaz",c(34.7197404, 31.8317515)
857,2022,1,"כפר אביב","כפראביב",2022-08-07,33.1101976781264,1,8,833,"HaMerkaz",c(34.7197404, 31.8317515)
857,2023,1,"כפר אביב","כפראביב",2023-10-07,33.1101976781264,1,10,NA,"HaMerkaz",c(34.7197404, 31.8317515)
857,2023,1,"כפר אביב","כפראביב",2023-05-10,33.1101976781264,1,5,NA,"HaMerkaz",c(34.7197404, 31.8317515)
857,2023,1,"כפר אביב","כפראביב",2023-12-13,33.1101976781264,1,12,NA,"HaMerkaz",c(34.7197404, 31.8317515)
857,2023,1,"כפר אביב","כפראביב",2023-11-20,33.1101976781264,1,11,NA,"HaMerkaz",c(34.7197404, 31.8317515)
858,2014,1,"נווה ירק","נווהירק",2014-08-02,71.738735057655,1,8,1360,"HaMerkaz",c(34.924612, 32.1323245)
858,2016,1,"נווה ירק","נווהירק",2016-09-20,71.738735057655,1,9,1360,"HaMerkaz",c(34.924612, 32.1323245)
858,2016,1,"נווה ירק","נווהירק",2016-12-20,71.738735057655,1,12,1360,"HaMerkaz",c(34.924612, 32.1323245)
858,2018,1,"נווה ירק","נווהירק",2018-12-26,71.738735057655,1,12,1321,"HaMerkaz",c(34.924612, 32.1323245)
858,2021,1,"נווה ירק","נווהירק",2021-05-11,71.738735057655,1,5,1271,"HaMerkaz",c(34.924612, 32.1323245)
858,2023,1,"נווה ירק","נווהירק",2023-11-05,71.738735057655,1,11,NA,"HaMerkaz",c(34.924612, 32.1323245)
858,2023,1,"נווה ירק","נווהירק",2023-10-07,71.738735057655,1,10,NA,"HaMerkaz",c(34.924612, 32.1323245)
859,2014,1,"כסלון","כסלון",2014-07-29,51.8526600992105,1,7,450,"Jerusalem",c(35.0505076, 31.774366)
859,2014,1,"כסלון","כסלון",2014-08-24,51.8526600992105,1,8,450,"Jerusalem",c(35.0505076, 31.774366)
859,2016,1,"כסלון","כסלון",2016-09-20,51.8526600992105,1,9,420,"Jerusalem",c(35.0505076, 31.774366)
859,2016,1,"כסלון","כסלון",2016-07-06,51.8526600992105,1,7,420,"Jerusalem",c(35.0505076, 31.774366)
859,2017,1,"כסלון","כסלון",2017-12-05,51.8526600992105,1,12,418,"Jerusalem",c(35.0505076, 31.774366)
859,2021,1,"כסלון","כסלון",2021-05-10,51.8526600992105,1,5,487,"Jerusalem",c(35.0505076, 31.774366)
859,2022,1,"כסלון","כסלון",2022-08-07,51.8526600992105,1,8,492,"Jerusalem",c(35.0505076, 31.774366)
859,2023,1,"כסלון","כסלון",2023-12-15,51.8526600992105,1,12,NA,"Jerusalem",c(35.0505076, 31.774366)
859,2023,1,"כסלון","כסלון",2023-10-07,51.8526600992105,1,10,NA,"Jerusalem",c(35.0505076, 31.774366)
861,2016,1,"שדה אליעזר","שדהאליעזר",2016-09-20,188.934265027596,1,9,820,"HaZafon",c(35.5645789, 33.0462815)
861,2017,1,"שדה אליעזר","שדהאליעזר",2017-07-18,188.934265027596,1,7,818,"HaZafon",c(35.5645789, 33.0462815)
861,2018,1,"שדה אליעזר","שדהאליעזר",2018-07-23,188.934265027596,1,7,800,"HaZafon",c(35.5645789, 33.0462815)
861,2019,1,"שדה אליעזר","שדהאליעזר",2019-05-20,188.934265027596,1,5,809,"HaZafon",c(35.5645789, 33.0462815)
861,2022,1,"שדה אליעזר","שדהאליעזר",2022-02-18,188.934265027596,1,2,891,"HaZafon",c(35.5645789, 33.0462815)
861,2023,1,"שדה אליעזר","שדהאליעזר",2023-10-15,188.934265027596,1,10,NA,"HaZafon",c(35.5645789, 33.0462815)
862,2014,1,"גני יוחנן","גנייוחנן",2014-08-01,42.266591735428,1,8,610,"HaMerkaz",c(34.8402214, 31.8580225)
862,2016,1,"גני יוחנן","גנייוחנן",2016-09-20,42.266591735428,1,9,630,"HaMerkaz",c(34.8402214, 31.8580225)
862,2017,1,"גני יוחנן","גנייוחנן",2017-08-08,42.266591735428,1,8,625,"HaMerkaz",c(34.8402214, 31.8580225)
862,2019,1,"גני יוחנן","גנייוחנן",2019-05-04,42.266591735428,1,5,621,"HaMerkaz",c(34.8402214, 31.8580225)
862,2019,1,"גני יוחנן","גנייוחנן",2019-11-12,42.266591735428,1,11,621,"HaMerkaz",c(34.8402214, 31.8580225)
862,2021,1,"גני יוחנן","גנייוחנן",2021-05-11,42.266591735428,1,5,602,"HaMerkaz",c(34.8402214, 31.8580225)
862,2023,1,"גני יוחנן","גנייוחנן",2023-12-02,42.266591735428,1,12,NA,"HaMerkaz",c(34.8402214, 31.8580225)
862,2023,1,"גני יוחנן","גנייוחנן",2023-10-07,42.266591735428,1,10,NA,"HaMerkaz",c(34.8402214, 31.8580225)
862,2023,1,"גני יוחנן","גנייוחנן",2023-11-20,42.266591735428,1,11,NA,"HaMerkaz",c(34.8402214, 31.8580225)
863,2014,1,"גינתון","גינתון",2014-08-05,56.1519125448837,1,8,860,"HaMerkaz",c(34.914353, 31.963241)
863,2014,1,"גינתון","גינתון",2014-07-29,56.1519125448837,1,7,860,"HaMerkaz",c(34.914353, 31.963241)
863,2015,1,"גינתון","גינתון",2015-03-23,56.1519125448837,1,3,880,"HaMerkaz",c(34.914353, 31.963241)
863,2016,1,"גינתון","גינתון",2016-09-20,56.1519125448837,1,9,910,"HaMerkaz",c(34.914353, 31.963241)
863,2021,1,"גינתון","גינתון",2021-05-12,56.1519125448837,1,5,920,"HaMerkaz",c(34.914353, 31.963241)
863,2023,1,"גינתון","גינתון",2023-10-14,56.1519125448837,1,10,NA,"HaMerkaz",c(34.914353, 31.963241)
863,2023,1,"גינתון","גינתון",2023-11-20,56.1519125448837,1,11,NA,"HaMerkaz",c(34.914353, 31.963241)
863,2023,1,"גינתון","גינתון",2023-12-01,56.1519125448837,1,12,NA,"HaMerkaz",c(34.914353, 31.963241)
864,2014,1,"בקוע","בקוע",2014-08-19,45.8773982992106,1,8,630,"Jerusalem",c(34.9244695, 31.828808)
864,2014,1,"בקוע","בקוע",2014-07-29,45.8773982992106,1,7,630,"Jerusalem",c(34.9244695, 31.828808)
864,2016,1,"בקוע","בקוע",2016-07-06,45.8773982992106,1,7,690,"Jerusalem",c(34.9244695, 31.828808)
864,2016,1,"בקוע","בקוע",2016-09-20,45.8773982992106,1,9,690,"Jerusalem",c(34.9244695, 31.828808)
864,2017,1,"בקוע","בקוע",2017-12-05,45.8773982992106,1,12,724,"Jerusalem",c(34.9244695, 31.828808)
864,2019,1,"בקוע","בקוע",2019-05-04,45.8773982992106,1,5,786,"Jerusalem",c(34.9244695, 31.828808)
864,2019,1,"בקוע","בקוע",2019-11-13,45.8773982992106,1,11,786,"Jerusalem",c(34.9244695, 31.828808)
864,2021,1,"בקוע","בקוע",2021-05-11,45.8773982992106,1,5,827,"Jerusalem",c(34.9244695, 31.828808)
864,2023,1,"בקוע","בקוע",2023-10-07,45.8773982992106,1,10,NA,"Jerusalem",c(34.9244695, 31.828808)
864,2023,1,"בקוע","בקוע",2023-12-15,45.8773982992106,1,12,NA,"Jerusalem",c(34.9244695, 31.828808)
864,2023,1,"בקוע","בקוע",2023-11-03,45.8773982992106,1,11,NA,"Jerusalem",c(34.9244695, 31.828808)
865,2014,1,"שיבולים","שיבולים",2014-08-26,13.6068571868381,1,8,300,"HaDarom",c(34.6072155, 31.3957329)
865,2014,1,"שיבולים","שיבולים",2014-07-30,13.6068571868381,1,7,300,"HaDarom",c(34.6072155, 31.3957329)
865,2015,1,"שיבולים","שיבולים",2015-06-03,13.6068571868381,1,6,310,"HaDarom",c(34.6072155, 31.3957329)
865,2016,1,"שיבולים","שיבולים",2016-09-20,13.6068571868381,1,9,330,"HaDarom",c(34.6072155, 31.3957329)
865,2017,1,"שיבולים","שיבולים",2017-12-08,13.6068571868381,1,12,329,"HaDarom",c(34.6072155, 31.3957329)
865,2017,1,"שיבולים","שיבולים",2017-03-21,13.6068571868381,1,3,329,"HaDarom",c(34.6072155, 31.3957329)
865,2018,1,"שיבולים","שיבולים",2018-07-14,13.6068571868381,1,7,307,"HaDarom",c(34.6072155, 31.3957329)
865,2018,1,"שיבולים","שיבולים",2018-11-12,13.6068571868381,1,11,307,"HaDarom",c(34.6072155, 31.3957329)
865,2018,1,"שיבולים","שיבולים",2018-08-09,13.6068571868381,1,8,307,"HaDarom",c(34.6072155, 31.3957329)
865,2018,1,"שיבולים","שיבולים",2018-05-29,13.6068571868381,1,5,307,"HaDarom",c(34.6072155, 31.3957329)
865,2019,1,"שיבולים","שיבולים",2019-05-06,13.6068571868381,1,5,299,"HaDarom",c(34.6072155, 31.3957329)
865,2019,1,"שיבולים","שיבולים",2019-03-25,13.6068571868381,1,3,299,"HaDarom",c(34.6072155, 31.3957329)
865,2019,1,"שיבולים","שיבולים",2019-11-12,13.6068571868381,1,11,299,"HaDarom",c(34.6072155, 31.3957329)
865,2020,1,"שיבולים","שיבולים",2020-02-24,13.6068571868381,1,2,286,"HaDarom",c(34.6072155, 31.3957329)
865,2021,1,"שיבולים","שיבולים",2021-05-17,13.6068571868381,1,5,291,"HaDarom",c(34.6072155, 31.3957329)
865,2022,1,"שיבולים","שיבולים",2022-08-07,13.6068571868381,1,8,308,"HaDarom",c(34.6072155, 31.3957329)
865,2023,1,"שיבולים","שיבולים",2023-12-01,13.6068571868381,1,12,NA,"HaDarom",c(34.6072155, 31.3957329)
865,2023,1,"שיבולים","שיבולים",2023-05-10,13.6068571868381,1,5,NA,"HaDarom",c(34.6072155, 31.3957329)
865,2023,1,"שיבולים","שיבולים",2023-10-08,13.6068571868381,1,10,NA,"HaDarom",c(34.6072155, 31.3957329)
870,2014,1,"גבעת השלושה","גבעתהשלושה",2014-08-02,68.3178473255277,1,8,770,"HaMerkaz",c(34.9202775, 32.098878)
870,2015,1,"גבעת השלושה","גבעתהשלושה",2015-03-23,68.3178473255277,1,3,780,"HaMerkaz",c(34.9202775, 32.098878)
870,2016,1,"גבעת השלושה","גבעתהשלושה",2016-09-20,68.3178473255277,1,9,790,"HaMerkaz",c(34.9202775, 32.098878)
870,2021,1,"גבעת השלושה","גבעתהשלושה",2021-05-11,68.3178473255277,1,5,900,"HaMerkaz",c(34.9202775, 32.098878)
870,2023,1,"גבעת השלושה","גבעתהשלושה",2023-10-07,68.3178473255277,1,10,NA,"HaMerkaz",c(34.9202775, 32.098878)
870,2023,1,"גבעת השלושה","גבעתהשלושה",2023-12-04,68.3178473255277,1,12,NA,"HaMerkaz",c(34.9202775, 32.098878)
870,2023,1,"גבעת השלושה","גבעתהשלושה",2023-11-20,68.3178473255277,1,11,NA,"HaMerkaz",c(34.9202775, 32.098878)
871,2014,1,"עינת","עינת",2014-08-26,68.2351614340489,1,8,780,"HaMerkaz",c(34.9394815, 32.0797105)
871,2014,1,"עינת","עינת",2014-07-29,68.2351614340489,1,7,780,"HaMerkaz",c(34.9394815, 32.0797105)
871,2015,1,"עינת","עינת",2015-03-23,68.2351614340489,1,3,790,"HaMerkaz",c(34.9394815, 32.0797105)
871,2016,1,"עינת","עינת",2016-09-20,68.2351614340489,1,9,780,"HaMerkaz",c(34.9394815, 32.0797105)
871,2021,1,"עינת","עינת",2021-05-15,68.2351614340489,1,5,842,"HaMerkaz",c(34.9394815, 32.0797105)
871,2023,1,"עינת","עינת",2023-11-07,68.2351614340489,1,11,NA,"HaMerkaz",c(34.9394815, 32.0797105)
871,2023,1,"עינת","עינת",2023-10-25,68.2351614340489,1,10,NA,"HaMerkaz",c(34.9394815, 32.0797105)
872,2016,1,"גאולי תימן","גאוליתימן",2016-09-20,96.1127264854557,1,9,360,"HaMerkaz",c(34.9014391, 32.392585)
872,2017,1,"גאולי תימן","גאוליתימן",2017-02-07,96.1127264854557,1,2,365,"HaMerkaz",c(34.9014391, 32.392585)
873,2014,1,"שלווה","שלווה",2014-08-20,18.2829772052284,1,8,420,"HaDarom",c(34.7686099, 31.5638924)
873,2014,1,"שלווה","שלווה",2014-07-27,18.2829772052284,1,7,420,"HaDarom",c(34.7686099, 31.5638924)
873,2016,1,"שלווה","שלווה",2016-09-20,18.2829772052284,1,9,430,"HaDarom",c(34.7686099, 31.5638924)
873,2019,1,"שלווה","שלווה",2019-05-04,18.2829772052284,1,5,503,"HaDarom",c(34.7686099, 31.5638924)
874,2015,1,"מגדל העמק","מגדלהעמק",2015-03-11,137.574717436686,1,3,24960,"HaZafon",c(35.2467935, 32.6797404)
874,2016,1,"מגדל העמק","מגדלהעמק",2016-09-20,137.574717436686,1,9,25090,"HaZafon",c(35.2467935, 32.6797404)
874,2023,1,"מגדל העמק","מגדלהעמק",2023-12-02,137.574717436686,1,12,NA,"HaZafon",c(35.2467935, 32.6797404)
875,2014,1,"כפר עבודה","כפרעבודה",2014-08-02,84.4269077388812,1,8,260,"HaMerkaz",c(34.939669, 32.2557305)
875,2016,1,"כפר עבודה","כפרעבודה",2016-09-20,84.4269077388812,1,9,240,"HaMerkaz",c(34.939669, 32.2557305)
875,2017,1,"כפר עבודה","כפרעבודה",2017-02-07,84.4269077388812,1,2,240,"HaMerkaz",c(34.939669, 32.2557305)
875,2019,1,"כפר עבודה","כפרעבודה",2019-03-25,84.4269077388812,1,3,229,"HaMerkaz",c(34.939669, 32.2557305)
875,2021,1,"כפר עבודה","כפרעבודה",2021-05-13,84.4269077388812,1,5,212,"HaMerkaz",c(34.939669, 32.2557305)
880,2014,1,"עין שריד","עיןשריד",2014-08-02,85.8293837031331,1,8,1530,"HaMerkaz",c(34.935973, 32.2734114)
880,2016,1,"עין שריד","עיןשריד",2016-09-20,85.8293837031331,1,9,1620,"HaMerkaz",c(34.935973, 32.2734114)
880,2017,1,"עין שריד","עיןשריד",2017-02-07,85.8293837031331,1,2,1632,"HaMerkaz",c(34.935973, 32.2734114)
880,2019,1,"עין שריד","עיןשריד",2019-03-25,85.8293837031331,1,3,1630,"HaMerkaz",c(34.935973, 32.2734114)
880,2021,1,"עין שריד","עיןשריד",2021-05-11,85.8293837031331,1,5,1647,"HaMerkaz",c(34.935973, 32.2734114)
885,2016,1,"שדה בוקר","שדהבוקר",2016-09-20,56.8456107535216,1,9,450,"HaDarom",c(34.793967, 30.8735606)
885,2017,1,"שדה בוקר","שדהבוקר",2017-03-21,56.8456107535216,1,3,432,"HaDarom",c(34.793967, 30.8735606)
886,2014,1,"איתנים","איתנים",2014-08-24,56.3021656087996,1,8,100,"Jerusalem",c(35.095169, 31.7788995)
886,2014,1,"איתנים","איתנים",2014-07-29,56.3021656087996,1,7,100,"Jerusalem",c(35.095169, 31.7788995)
886,2016,1,"איתנים","איתנים",2016-07-06,56.3021656087996,1,7,70,"Jerusalem",c(35.095169, 31.7788995)
886,2016,1,"איתנים","איתנים",2016-09-20,56.3021656087996,1,9,70,"Jerusalem",c(35.095169, 31.7788995)
886,2017,1,"איתנים","איתנים",2017-12-05,56.3021656087996,1,12,72,"Jerusalem",c(35.095169, 31.7788995)
888,2014,1,"כפר הרי""ף","כפרהריף",2014-08-21,30.5022687200081,1,8,820,"HaDarom",c(34.7947419, 31.7438356)
888,2014,1,"כפר הרי""ף","כפרהריף",2014-07-29,30.5022687200081,1,7,820,"HaDarom",c(34.7947419, 31.7438356)
888,2016,1,"כפר הרי""ף","כפרהריף",2016-09-20,30.5022687200081,1,9,860,"HaDarom",c(34.7947419, 31.7438356)
888,2019,1,"כפר הרי""ף","כפרהריף",2019-05-04,30.5022687200081,1,5,836,"HaDarom",c(34.7947419, 31.7438356)
890,2016,1,"כפר הנוער הדתי","כפרהנוערהדתי",2016-09-20,139.256971932011,1,9,240,"Haifa",c(35.09615, 32.7428965)
890,2018,1,"כפר הנוער הדתי","כפרהנוערהדתי",2018-09-05,139.256971932011,1,9,222,"Haifa",c(35.09615, 32.7428965)
892,2014,1,"עבדון","עבדון",2014-07-29,173.163289767197,1,7,580,"HaZafon",c(35.1782645, 33.0478246)
892,2016,1,"עבדון","עבדון",2016-09-20,173.163289767197,1,9,640,"HaZafon",c(35.1782645, 33.0478246)
892,2016,1,"עבדון","עבדון",2016-12-06,173.163289767197,1,12,640,"HaZafon",c(35.1782645, 33.0478246)
892,2018,1,"עבדון","עבדון",2018-02-10,173.163289767197,1,2,652,"HaZafon",c(35.1782645, 33.0478246)
892,2019,1,"עבדון","עבדון",2019-05-20,173.163289767197,1,5,668,"HaZafon",c(35.1782645, 33.0478246)
892,2023,1,"עבדון","עבדון",2023-11-11,173.163289767197,1,11,NA,"HaZafon",c(35.1782645, 33.0478246)
892,2023,1,"עבדון","עבדון",2023-12-10,173.163289767197,1,12,NA,"HaZafon",c(35.1782645, 33.0478246)
892,2023,1,"עבדון","עבדון",2023-04-06,173.163289767197,1,4,NA,"HaZafon",c(35.1782645, 33.0478246)
916,2014,1,"ישע","ישע",2014-07-27,5.3227462055855,1,7,370,"HaDarom",c(34.4014755, 31.247755)
916,2014,1,"ישע","ישע",2014-08-03,5.3227462055855,1,8,370,"HaDarom",c(34.4014755, 31.247755)
916,2016,1,"ישע","ישע",2016-09-20,5.3227462055855,1,9,370,"HaDarom",c(34.4014755, 31.247755)
916,2018,1,"ישע","ישע",2018-06-20,5.3227462055855,1,6,410,"HaDarom",c(34.4014755, 31.247755)
916,2018,1,"ישע","ישע",2018-11-12,5.3227462055855,1,11,410,"HaDarom",c(34.4014755, 31.247755)
916,2018,1,"ישע","ישע",2018-05-30,5.3227462055855,1,5,410,"HaDarom",c(34.4014755, 31.247755)
916,2018,1,"ישע","ישע",2018-08-09,5.3227462055855,1,8,410,"HaDarom",c(34.4014755, 31.247755)
916,2019,1,"ישע","ישע",2019-05-04,5.3227462055855,1,5,413,"HaDarom",c(34.4014755, 31.247755)
916,2022,1," ישע","ישע",2022-08-07,5.3227462055855,1,8,426,"HaDarom",c(34.4014755, 31.247755)
916,2023,1," ישע","ישע",2023-10-17,5.3227462055855,1,10,NA,"HaDarom",c(34.4014755, 31.247755)
916,2023,1," ישע","ישע",2023-11-10,5.3227462055855,1,11,NA,"HaDarom",c(34.4014755, 31.247755)
916,2023,1," ישע","ישע",2023-12-08,5.3227462055855,1,12,NA,"HaDarom",c(34.4014755, 31.247755)
916,2023,1," ישע","ישע",2023-05-11,5.3227462055855,1,5,NA,"HaDarom",c(34.4014755, 31.247755)
917,2016,1,"אתגר","אתגר",2016-05-31,157.245273552443,1,5,1080,"HaZafon",c(35.256072, 32.8593505)
917,2016,1,"אתגר","אתגר",2016-09-20,157.245273552443,1,9,1080,"HaZafon",c(35.256072, 32.8593505)
917,2018,1,"אתגר","אתגר",2018-06-19,157.245273552443,1,6,1121,"HaZafon",c(35.256072, 32.8593505)
917,2019,1,"אתגר","אתגר",2019-05-20,157.245273552443,1,5,1121,"HaZafon",c(35.256072, 32.8593505)
919,2016,1,"גבעת ישעיהו","גבעתישעיהו",2016-07-06,37.7029465470457,1,7,820,"Jerusalem",c(34.9504485, 31.670608)
919,2016,1,"גבעת ישעיהו","גבעתישעיהו",2016-09-20,37.7029465470457,1,9,820,"Jerusalem",c(34.9504485, 31.670608)
919,2017,1,"גבעת ישעיהו","גבעתישעיהו",2017-12-05,37.7029465470457,1,12,846,"Jerusalem",c(34.9504485, 31.670608)
919,2019,1,"גבעת ישעיהו","גבעתישעיהו",2019-05-04,37.7029465470457,1,5,824,"Jerusalem",c(34.9504485, 31.670608)
919,2021,1,"גבעת ישעיהו","גבעתישעיהו",2021-05-10,37.7029465470457,1,5,807,"Jerusalem",c(34.9504485, 31.670608)
919,2023,1,"גבעת ישעיהו","גבעתישעיהו",2023-10-07,37.7029465470457,1,10,NA,"Jerusalem",c(34.9504485, 31.670608)
922,2016,1,"רכסים","רכסים",2016-09-20,139.67906082986,1,9,11360,"Haifa",c(35.1080119, 32.749656)
922,2018,1,"רכסים","רכסים",2018-09-05,139.67906082986,1,9,12110,"Haifa",c(35.1080119, 32.749656)
944,2016,1,"בסמת טבעון","בסמתטבעון",2016-09-20,139.387251028314,1,9,7620,"HaZafon",c(35.153073, 32.7428446)
944,2018,1,"בסמת טבעון","בסמתטבעון",2018-09-05,139.387251028314,1,9,7835,"HaZafon",c(35.153073, 32.7428446)
944,2023,1,"בסמת טבעון","בסמתטבעון",2023-10-13,139.387251028314,1,10,NA,"HaZafon",c(35.153073, 32.7428446)
962,2016,1,"טובא זנגריה","טובאזנגריה",2016-09-20,182.182874911964,1,9,6390,"HaZafon",c(35.589887, 32.964856)
962,2017,1,"טובא זנגריה","טובאזנגריה",2017-07-18,182.182874911964,1,7,6530,"HaZafon",c(35.589887, 32.964856)
962,2018,1,"טובא זנגריה","טובאזנגריה",2018-02-10,182.182874911964,1,2,6667,"HaZafon",c(35.589887, 32.964856)
962,2019,1,"טובא זנגריה","טובאזנגריה",2019-05-20,182.182874911964,1,5,6776,"HaZafon",c(35.589887, 32.964856)
962,2022,1,"טובא זנגריה","טובאזנגריה",2022-02-18,182.182874911964,1,2,7095,"HaZafon",c(35.589887, 32.964856)
962,2023,1,"טובא זנגריה","טובאזנגריה",2023-10-29,182.182874911964,1,10,NA,"HaZafon",c(35.589887, 32.964856)
975,2023,1,"זרזיר","זרזיר",2023-10-13,141.224588606875,1,10,NA,"HaZafon",c(35.2238295, 32.724121)
978,2015,1,"כעביה טבאש חג'אג'רה","כעביהטבאשחגאגרה",2015-03-11,142.6090138145,1,3,4980,"HaZafon",c(35.184848, 32.749939)
978,2016,1,"כעביה טבאש חג'אג'רה","כעביהטבאשחגאגרה",2016-09-20,142.6090138145,1,9,5100,"HaZafon",c(35.184848, 32.749939)
978,2023,1,"חג'אג'רה","חגאגרה",2023-10-13,142.6090138145,1,10,NA,"HaZafon",c(35.198906, 32.7452075)
990,2016,1,"ראס עלי","ראסעלי",2016-05-31,144.085268568637,1,5,570,"HaZafon",c(35.156188, 32.7719585)
990,2016,1,"ראס עלי","ראסעלי",2016-09-20,144.085268568637,1,9,570,"HaZafon",c(35.156188, 32.7719585)
990,2018,1,"ראס עלי","ראסעלי",2018-06-19,144.085268568637,1,6,624,"HaZafon",c(35.156188, 32.7719585)
990,2019,1,"ראס עלי","ראסעלי",2019-05-20,144.085268568637,1,5,643,"HaZafon",c(35.156188, 32.7719585)
990,2023,1,"ראס עלי","ראסעלי",2023-10-13,144.085268568637,1,10,NA,"HaZafon",c(35.156188, 32.7719585)
993,2015,1,"חמאם","חמאם",2015-03-11,165.746166348002,1,3,1410,"HaZafon",c(35.489235, 32.830528)
993,2016,1,"חמאם","חמאם",2016-09-20,165.746166348002,1,9,1430,"HaZafon",c(35.489235, 32.830528)
993,2017,1,"חמאם","חמאם",2017-07-18,165.746166348002,1,7,1455,"HaZafon",c(35.489235, 32.830528)
993,2019,1,"חמאם","חמאם",2019-05-20,165.746166348002,1,5,1503,"HaZafon",c(35.489235, 32.830528)
994,2015,1,"מנשית זבדה","מנשיתזבדה",2015-03-11,139.074214502864,1,3,1210,"HaZafon",c(35.1937431, 32.7056885)
994,2016,1,"מנשית זבדה","מנשיתזבדה",2016-09-20,139.074214502864,1,9,1250,"HaZafon",c(35.1937431, 32.7056885)
994,2023,1,"מנשית זבדה","מנשיתזבדה",2023-10-13,139.074214502864,1,10,NA,"HaZafon",c(35.1937431, 32.7056885)
997,2015,1,"רומת היב","רומתהיב",2015-03-11,150.96505033529,1,3,1880,"HaZafon",c(35.3048614, 32.778279)
997,2016,1,"רומת היב","רומתהיב",2016-09-20,150.96505033529,1,9,1930,"HaZafon",c(35.3048614, 32.778279)
998,2016,1,"ביר אל מכסור","ביראלמכסור",2016-09-20,147.065506516193,1,9,8900,"HaZafon",c(35.224159, 32.7856399)
998,2016,1,"ביר אל מכסור","ביראלמכסור",2016-05-31,147.065506516193,1,5,8900,"HaZafon",c(35.224159, 32.7856399)
998,2018,1,"ביר אל מכסור","ביראלמכסור",2018-06-19,147.065506516193,1,6,9317,"HaZafon",c(35.224159, 32.7856399)
998,2019,1,"ביר אל מכסור","ביראלמכסור",2019-05-20,147.065506516193,1,5,9522,"HaZafon",c(35.224159, 32.7856399)
998,2023,1,"ביר אלמכסור","ביראלמכסור",2023-10-13,147.065506516193,1,10,NA,"HaZafon",c(35.224159, 32.7856399)
1015,2014,1,"מבשרת ציון","מבשרתציון",2014-08-19,60.1745057901644,1,8,24250,"Jerusalem",c(35.1518804, 31.7966965)
1015,2016,1,"מבשרת ציון","מבשרתציון",2016-07-06,60.1745057901644,1,7,24420,"Jerusalem",c(35.1518804, 31.7966965)
1015,2016,1,"מבשרת ציון","מבשרתציון",2016-09-20,60.1745057901644,1,9,24420,"Jerusalem",c(35.1518804, 31.7966965)
1015,2017,1,"מבשרת ציון","מבשרתציון",2017-12-05,60.1745057901644,1,12,24444,"Jerusalem",c(35.1518804, 31.7966965)
1015,2021,1,"מבשרת ציון","מבשרתציון",2021-05-10,60.1745057901644,1,5,24942,"Jerusalem",c(35.1518804, 31.7966965)
1015,2023,1,"מבשרת ציון","מבשרתציון",2023-10-09,60.1745057901644,1,10,NA,"Jerusalem",c(35.1518804, 31.7966965)
1015,2023,1,"מבשרת ציון","מבשרתציון",2023-12-15,60.1745057901644,1,12,NA,"Jerusalem",c(35.1518804, 31.7966965)
1020,2014,1,"אור עקיבא","אורעקיבא",2014-07-28,106.145054656694,1,7,16750,"Haifa",c(34.9259461, 32.5022664)
1020,2016,1,"אור עקיבא","אורעקיבא",2016-09-20,106.145054656694,1,9,17580,"Haifa",c(34.9259461, 32.5022664)
1020,2016,1,"אור עקיבא","אורעקיבא",2016-06-22,106.145054656694,1,6,17580,"Haifa",c(34.9259461, 32.5022664)
1020,2019,1,"אור עקיבא","אורעקיבא",2019-07-31,106.145054656694,1,7,18972,"Haifa",c(34.9259461, 32.5022664)
1024,2014,1,"חרוצים","חרוצים",2014-08-02,78.1559277100065,1,8,870,"HaMerkaz",c(34.8636491, 32.2281892)
1024,2016,1,"חרוצים","חרוצים",2016-09-20,78.1559277100065,1,9,900,"HaMerkaz",c(34.8636491, 32.2281892)
1024,2017,1,"חרוצים","חרוצים",2017-02-07,78.1559277100065,1,2,898,"HaMerkaz",c(34.8636491, 32.2281892)
1031,2014,1,"שדרות","שדרות",2014-08-21,1.12930195361304,1,8,22480,"HaDarom",c(34.597413, 31.5267045)
1031,2014,1,"שדרות","שדרות",2014-07-31,1.12930195361304,1,7,22480,"HaDarom",c(34.597413, 31.5267045)
1031,2015,1,"שדרות","שדרות",2015-04-23,1.12930195361304,1,4,23100,"HaDarom",c(34.597413, 31.5267045)
1031,2015,1,"שדרות","שדרות",2015-12-13,1.12930195361304,1,12,23100,"HaDarom",c(34.597413, 31.5267045)
1031,2016,1,"שדרות","שדרות",2016-07-01,1.12930195361304,1,7,24010,"HaDarom",c(34.597413, 31.5267045)
1031,2016,1,"שדרות","שדרות",2016-01-01,1.12930195361304,1,1,24010,"HaDarom",c(34.597413, 31.5267045)
1031,2016,1,"שדרות","שדרות",2016-09-20,1.12930195361304,1,9,24010,"HaDarom",c(34.597413, 31.5267045)
1031,2016,1,"שדרות","שדרות",2016-03-11,1.12930195361304,1,3,24010,"HaDarom",c(34.597413, 31.5267045)
1031,2016,1,"שדרות","שדרות",2016-08-21,1.12930195361304,1,8,24010,"HaDarom",c(34.597413, 31.5267045)
1031,2017,1,"שדרות","שדרות",2017-11-30,1.12930195361304,1,11,25139,"HaDarom",c(34.597413, 31.5267045)
1031,2017,1,"שדרות","שדרות",2017-12-08,1.12930195361304,1,12,25139,"HaDarom",c(34.597413, 31.5267045)
1031,2018,1,"שדרות","שדרות",2018-07-14,1.12930195361304,1,7,26456,"HaDarom",c(34.597413, 31.5267045)
1031,2018,1,"שדרות","שדרות",2018-06-27,1.12930195361304,1,6,26456,"HaDarom",c(34.597413, 31.5267045)
1031,2018,1,"שדרות","שדרות",2018-08-09,1.12930195361304,1,8,26456,"HaDarom",c(34.597413, 31.5267045)
1031,2018,1,"שדרות","שדרות",2018-05-30,1.12930195361304,1,5,26456,"HaDarom",c(34.597413, 31.5267045)
1031,2018,1,"שדרות","שדרות",2018-11-12,1.12930195361304,1,11,26456,"HaDarom",c(34.597413, 31.5267045)
1031,2018,1,"שדרות","שדרות",2018-03-25,1.12930195361304,1,3,26456,"HaDarom",c(34.597413, 31.5267045)
1031,2018,1,"שדרות","שדרות",2018-02-18,1.12930195361304,1,2,26456,"HaDarom",c(34.597413, 31.5267045)
1031,2018,1,"שדרות","שדרות",2018-10-26,1.12930195361304,1,10,26456,"HaDarom",c(34.597413, 31.5267045)
1031,2019,1,"שדרות","שדרות",2019-12-19,1.12930195361304,1,12,27635,"HaDarom",c(34.597413, 31.5267045)
1031,2019,1,"שדרות","שדרות",2019-05-04,1.12930195361304,1,5,27635,"HaDarom",c(34.597413, 31.5267045)
1031,2019,1,"שדרות","שדרות",2019-11-12,1.12930195361304,1,11,27635,"HaDarom",c(34.597413, 31.5267045)
1031,2019,1,"שדרות","שדרות",2019-08-16,1.12930195361304,1,8,27635,"HaDarom",c(34.597413, 31.5267045)
1031,2019,1,"שדרות","שדרות",2019-03-25,1.12930195361304,1,3,27635,"HaDarom",c(34.597413, 31.5267045)
1031,2019,1,"שדרות","שדרות",2019-07-03,1.12930195361304,1,7,27635,"HaDarom",c(34.597413, 31.5267045)
1031,2019,1,"שדרות","שדרות",2019-09-19,1.12930195361304,1,9,27635,"HaDarom",c(34.597413, 31.5267045)
1031,2019,1,"שדרות","שדרות",2019-06-13,1.12930195361304,1,6,27635,"HaDarom",c(34.597413, 31.5267045)
1031,2020,1,"שדרות","שדרות",2020-01-31,1.12930195361304,1,1,29070,"HaDarom",c(34.597413, 31.5267045)
1031,2020,1,"שדרות","שדרות",2020-08-22,1.12930195361304,1,8,29070,"HaDarom",c(34.597413, 31.5267045)
1031,2020,1,"שדרות","שדרות",2020-02-24,1.12930195361304,1,2,29070,"HaDarom",c(34.597413, 31.5267045)
1031,2020,1,"שדרות","שדרות",2020-09-16,1.12930195361304,1,9,29070,"HaDarom",c(34.597413, 31.5267045)
1031,2020,1,"שדרות","שדרות",2020-03-27,1.12930195361304,1,3,29070,"HaDarom",c(34.597413, 31.5267045)
1031,2021,1,"שדרות","שדרות",2021-09-12,1.12930195361304,1,9,30552,"HaDarom",c(34.597413, 31.5267045)
1031,2021,1,"שדרות","שדרות",2021-10-18,1.12930195361304,1,10,30552,"HaDarom",c(34.597413, 31.5267045)
1031,2021,1,"שדרות","שדרות",2021-05-13,1.12930195361304,1,5,30552,"HaDarom",c(34.597413, 31.5267045)
1031,2021,1,"שדרות","שדרות",2021-04-26,1.12930195361304,1,4,30552,"HaDarom",c(34.597413, 31.5267045)
1031,2021,1,"שדרות","שדרות",2021-08-16,1.12930195361304,1,8,30552,"HaDarom",c(34.597413, 31.5267045)
1031,2022,1,"שדרות","שדרות",2022-08-07,1.12930195361304,1,8,33002,"HaDarom",c(34.597413, 31.5267045)
1031,2022,1,"שדרות","שדרות",2022-04-20,1.12930195361304,1,4,33002,"HaDarom",c(34.597413, 31.5267045)
1031,2023,1,"שדרות","שדרות",2023-11-17,1.12930195361304,1,11,NA,"HaDarom",c(34.597413, 31.5267045)
1031,2023,1,"שדרות","שדרות",2023-05-02,1.12930195361304,1,5,NA,"HaDarom",c(34.597413, 31.5267045)
1031,2023,1,"שדרות","שדרות",2023-07-05,1.12930195361304,1,7,NA,"HaDarom",c(34.597413, 31.5267045)
1031,2023,1,"שדרות","שדרות",2023-04-07,1.12930195361304,1,4,NA,"HaDarom",c(34.597413, 31.5267045)
1031,2023,1,"שדרות","שדרות",2023-12-04,1.12930195361304,1,12,NA,"HaDarom",c(34.597413, 31.5267045)
1031,2023,1,"שדרות","שדרות",2023-02-05,1.12930195361304,1,2,NA,"HaDarom",c(34.597413, 31.5267045)
1031,2023,1,"שדרות","שדרות",2023-10-07,1.12930195361304,1,10,NA,"HaDarom",c(34.597413, 31.5267045)
1034,2014,1,"קרית מלאכי","קריתמלאכי",2014-07-29,25.4390657511036,1,7,21350,"HaDarom",c(34.7522994, 31.7306836)
1034,2014,1,"קרית מלאכי","קריתמלאכי",2014-08-21,25.4390657511036,1,8,21350,"HaDarom",c(34.7522994, 31.7306836)
1034,2016,1,"קרית מלאכי","קריתמלאכי",2016-09-20,25.4390657511036,1,9,21800,"HaDarom",c(34.7522994, 31.7306836)
1034,2019,1,"קרית מלאכי","קריתמלאכי",2019-05-05,25.4390657511036,1,5,23820,"HaDarom",c(34.7522994, 31.7306836)
1034,2021,1,"קריית מלאכי","קרייתמלאכי",2021-05-15,25.4390657511036,1,5,25023,"HaDarom",c(34.7522994, 31.7306836)
1034,2023,1,"קריית מלאכי","קרייתמלאכי",2023-10-07,25.4390657511036,1,10,NA,"HaDarom",c(34.7522994, 31.7306836)
1043,2014,1,"גיזו","גיזו",2014-08-19,45.421415236191,1,8,190,"Jerusalem",c(34.939057, 31.805218)
1043,2014,1,"גיזו","גיזו",2014-07-29,45.421415236191,1,7,190,"Jerusalem",c(34.939057, 31.805218)
1043,2016,1,"גיזו","גיזו",2016-09-20,45.421415236191,1,9,200,"Jerusalem",c(34.939057, 31.805218)
1043,2016,1,"גיזו","גיזו",2016-07-06,45.421415236191,1,7,200,"Jerusalem",c(34.939057, 31.805218)
1043,2017,1,"גיזו","גיזו",2017-12-05,45.421415236191,1,12,210,"Jerusalem",c(34.939057, 31.805218)
1043,2019,1,"גיזו","גיזו",2019-05-04,45.421415236191,1,5,207,"Jerusalem",c(34.939057, 31.805218)
1043,2019,1,"גיזו","גיזו",2019-11-13,45.421415236191,1,11,207,"Jerusalem",c(34.939057, 31.805218)
1043,2023,1,"גיזו","גיזו",2023-10-07,45.421415236191,1,10,NA,"Jerusalem",c(34.939057, 31.805218)
1043,2023,1,"גיזו","גיזו",2023-11-21,45.421415236191,1,11,NA,"Jerusalem",c(34.939057, 31.805218)
1044,2014,1,"יעף","יעף",2014-08-02,86.7186263333281,1,8,270,"HaMerkaz",c(34.967121, 32.2674404)
1044,2016,1,"יעף","יעף",2016-09-20,86.7186263333281,1,9,310,"HaMerkaz",c(34.967121, 32.2674404)
1044,2017,1,"יעף","יעף",2017-02-07,86.7186263333281,1,2,308,"HaMerkaz",c(34.967121, 32.2674404)
1044,2019,1,"יעף","יעף",2019-03-25,86.7186263333281,1,3,300,"HaMerkaz",c(34.967121, 32.2674404)
1044,2021,1,"יעף","יעף",2021-05-11,86.7186263333281,1,5,315,"HaMerkaz",c(34.967121, 32.2674404)
1046,2014,1,"אוהד","אוהד",2014-08-03,8.1165012865545,1,8,390,"HaDarom",c(34.4321034, 31.2376795)
1046,2014,1,"אוהד","אוהד",2014-07-27,8.1165012865545,1,7,390,"HaDarom",c(34.4321034, 31.2376795)
1046,2016,1,"אוהד","אוהד",2016-09-20,8.1165012865545,1,9,410,"HaDarom",c(34.4321034, 31.2376795)
1046,2018,1,"אוהד","אוהד",2018-11-12,8.1165012865545,1,11,407,"HaDarom",c(34.4321034, 31.2376795)
1046,2018,1,"אוהד","אוהד",2018-05-30,8.1165012865545,1,5,407,"HaDarom",c(34.4321034, 31.2376795)
1046,2018,1,"אוהד","אוהד",2018-06-20,8.1165012865545,1,6,407,"HaDarom",c(34.4321034, 31.2376795)
1046,2018,1,"אוהד","אוהד",2018-08-09,8.1165012865545,1,8,407,"HaDarom",c(34.4321034, 31.2376795)
1046,2019,1,"אוהד","אוהד",2019-05-04,8.1165012865545,1,5,408,"HaDarom",c(34.4321034, 31.2376795)
1046,2022,1," אוהד","אוהד",2022-08-07,8.1165012865545,1,8,409,"HaDarom",c(34.4321034, 31.2376795)
1046,2023,1," אוהד","אוהד",2023-10-17,8.1165012865545,1,10,NA,"HaDarom",c(34.4321034, 31.2376795)
1046,2023,1," אוהד","אוהד",2023-05-11,8.1165012865545,1,5,NA,"HaDarom",c(34.4321034, 31.2376795)
1046,2023,1," אוהד","אוהד",2023-11-07,8.1165012865545,1,11,NA,"HaDarom",c(34.4321034, 31.2376795)
1046,2023,1," אוהד","אוהד",2023-12-02,8.1165012865545,1,12,NA,"HaDarom",c(34.4321034, 31.2376795)
1047,2016,1,"חזון","חזון",2016-09-20,168.05756048909,1,9,330,"HaZafon",c(35.393833, 32.905703)
1047,2016,1,"חזון","חזון",2016-05-31,168.05756048909,1,5,330,"HaZafon",c(35.393833, 32.905703)
1047,2018,1,"חזון","חזון",2018-06-19,168.05756048909,1,6,324,"HaZafon",c(35.393833, 32.905703)
1047,2019,1,"חזון","חזון",2019-05-20,168.05756048909,1,5,306,"HaZafon",c(35.393833, 32.905703)
1050,2014,1,"בית חשמונאי","ביתחשמונאי",2014-08-21,50.3738365069469,1,8,2160,"HaMerkaz",c(34.9190885, 31.8908211)
1050,2016,1,"בית חשמונאי","ביתחשמונאי",2016-09-20,50.3738365069469,1,9,2180,"HaMerkaz",c(34.9190885, 31.8908211)
1050,2017,1,"בית חשמונאי","ביתחשמונאי",2017-08-08,50.3738365069469,1,8,2195,"HaMerkaz",c(34.9190885, 31.8908211)
1050,2019,1,"בית חשמונאי","ביתחשמונאי",2019-05-04,50.3738365069469,1,5,2197,"HaMerkaz",c(34.9190885, 31.8908211)
1050,2019,1,"בית חשמונאי","ביתחשמונאי",2019-11-12,50.3738365069469,1,11,2197,"HaMerkaz",c(34.9190885, 31.8908211)
1050,2021,1,"בית חשמונאי","ביתחשמונאי",2021-05-13,50.3738365069469,1,5,2167,"HaMerkaz",c(34.9190885, 31.8908211)
1050,2022,1,"בית חשמונאי","ביתחשמונאי",2022-08-06,50.3738365069469,1,8,2172,"HaMerkaz",c(34.9190885, 31.8908211)
1050,2023,1,"בית חשמונאי","ביתחשמונאי",2023-12-02,50.3738365069469,1,12,NA,"HaMerkaz",c(34.9190885, 31.8908211)
1050,2023,1,"בית חשמונאי","ביתחשמונאי",2023-11-20,50.3738365069469,1,11,NA,"HaMerkaz",c(34.9190885, 31.8908211)
1050,2023,1,"בית חשמונאי","ביתחשמונאי",2023-10-07,50.3738365069469,1,10,NA,"HaMerkaz",c(34.9190885, 31.8908211)
1051,2014,1,"תלמי אליהו","תלמיאליהו",2014-08-03,8.66251725928693,1,8,320,"HaDarom",c(34.429544, 31.2287925)
1051,2014,1,"תלמי אליהו","תלמיאליהו",2014-07-27,8.66251725928693,1,7,320,"HaDarom",c(34.429544, 31.2287925)
1051,2016,1,"תלמי אליהו","תלמיאליהו",2016-09-20,8.66251725928693,1,9,300,"HaDarom",c(34.429544, 31.2287925)
1051,2018,1,"תלמי אליהו","תלמיאליהו",2018-11-12,8.66251725928693,1,11,314,"HaDarom",c(34.429544, 31.2287925)
1051,2018,1,"תלמי אליהו","תלמיאליהו",2018-08-09,8.66251725928693,1,8,314,"HaDarom",c(34.429544, 31.2287925)
1051,2018,1,"תלמי אליהו","תלמיאליהו",2018-05-29,8.66251725928693,1,5,314,"HaDarom",c(34.429544, 31.2287925)
1051,2018,1,"תלמי אליהו","תלמיאליהו",2018-06-20,8.66251725928693,1,6,314,"HaDarom",c(34.429544, 31.2287925)
1051,2019,1,"תלמי אליהו","תלמיאליהו",2019-05-04,8.66251725928693,1,5,302,"HaDarom",c(34.429544, 31.2287925)
1051,2019,1,"תלמי אליהו","תלמיאליהו",2019-11-13,8.66251725928693,1,11,302,"HaDarom",c(34.429544, 31.2287925)
1051,2021,1,"תלמי אליהו","תלמיאליהו",2021-05-20,8.66251725928693,1,5,321,"HaDarom",c(34.429544, 31.2287925)
1051,2022,1,"תלמי אליהו","תלמיאליהו",2022-08-07,8.66251725928693,1,8,320,"HaDarom",c(34.429544, 31.2287925)
1051,2023,1,"תלמי אליהו","תלמיאליהו",2023-10-24,8.66251725928693,1,10,NA,"HaDarom",c(34.429544, 31.2287925)
1051,2023,1,"תלמי אליהו","תלמיאליהו",2023-11-23,8.66251725928693,1,11,NA,"HaDarom",c(34.429544, 31.2287925)
1052,2016,1,"קטורה","קטורה",2016-09-20,158.117007592723,1,9,480,"HaDarom",c(35.061034, 29.9691415)
1052,2019,1,"קטורה","קטורה",2019-01-02,158.117007592723,1,1,471,"HaDarom",c(35.061034, 29.9691415)
1052,2023,1,"קטורה","קטורה",2023-11-04,158.117007592723,1,11,NA,"HaDarom",c(35.061034, 29.9691415)
1053,2016,1,"עין חצבה","עיןחצבה",2016-09-20,98.6344230890537,1,9,0,"HaDarom",c(35.2455085, 30.797866)
1053,2019,1,"עין חצבה","עיןחצבה",2019-01-02,98.6344230890537,1,1,0,"HaDarom",c(35.2455085, 30.797866)
1054,2016,1,"אבו סריחאן","אבוסריחאן",2016-09-20,40.0032091439584,1,9,19170,"HaDarom",c(34.881407, 31.2543325)
1054,2017,1,"אבו סריחאן","אבוסריחאן",2017-03-21,40.0032091439584,1,3,19748,"HaDarom",c(34.881407, 31.2543325)
1054,2018,1,"אבו סריחאן","אבוסריחאן",2018-08-09,40.0032091439584,1,8,20203,"HaDarom",c(34.881407, 31.2543325)
1054,2018,1,"אבו סריחאן","אבוסריחאן",2018-11-12,40.0032091439584,1,11,20203,"HaDarom",c(34.881407, 31.2543325)
1054,2018,1,"אבו סריחאן","אבוסריחאן",2018-10-17,40.0032091439584,1,10,20203,"HaDarom",c(34.881407, 31.2543325)
1054,2019,1,"אבו סריחאן","אבוסריחאן",2019-05-04,40.0032091439584,1,5,20808,"HaDarom",c(34.881407, 31.2543325)
1054,2021,1,"תל שבע","תלשבע",2021-05-15,40.0032091439584,1,5,22187,"HaDarom",c(34.8582071, 31.2476944)
1054,2023,1,"תל שבע","תלשבע",2023-12-06,40.0032091439584,1,12,NA,"HaDarom",c(34.8582071, 31.2476944)
1054,2023,1,"תל שבע","תלשבע",2023-10-07,40.0032091439584,1,10,NA,"HaDarom",c(34.8582071, 31.2476944)
1054,2023,1,"תל שבע","תלשבע",2023-11-11,40.0032091439584,1,11,NA,"HaDarom",c(34.8582071, 31.2476944)
1057,2016,1,"נווה זוהר","נווהזוהר",2016-09-20,86.6153736448038,1,9,70,"HaDarom",c(35.3650225, 31.15264)
1057,2018,1,"נווה זוהר","נווהזוהר",2018-11-12,86.6153736448038,1,11,58,"HaDarom",c(35.3650225, 31.15264)
1057,2018,1,"נווה זוהר","נווהזוהר",2018-10-16,86.6153736448038,1,10,58,"HaDarom",c(35.3650225, 31.15264)
1059,2016,1,"אבו רביעה","אבורביעה",2016-09-20,56.0242580054504,1,9,19720,"HaDarom",c(35.064209, 31.2308106)
1059,2017,1,"אבו רביעה","אבורביעה",2017-03-21,56.0242580054504,1,3,20250,"HaDarom",c(35.064209, 31.2308106)
1059,2019,1,"אבו רביעה","אבורביעה",2019-05-05,56.0242580054504,1,5,21866,"HaDarom",c(35.064209, 31.2308106)
1059,2021,1,"כסייפה והפזורה","כסייפהוהפזורה",2021-05-12,56.0242580054504,1,5,23219,"HaDarom",c(35.0905246, 31.2396324)
1059,2023,1,"כסייפה","כסייפה",2023-10-31,56.0242580054504,1,10,NA,"HaDarom",c(35.0905245, 31.2396324)
1059,2023,1,"כסייפה","כסייפה",2023-12-04,56.0242580054504,1,12,NA,"HaDarom",c(35.0905245, 31.2396324)
1060,2014,1," פזורה לקיה","פזורהלקיה",2014-07-29,35.1444791965213,1,7,11250,"HaDarom",c(34.8699774, 31.324195)
1060,2014,1,"פזורה לקיה","פזורהלקיה",2014-08-03,35.1444791965213,1,8,11250,"HaDarom",c(34.8699774, 31.324195)
1060,2016,1,"אבו ג'אבר","אבוגאבר",2016-09-20,35.1444791965213,1,9,12290,"HaDarom",c(34.868677, 31.3152595)
1060,2017,1,"אבו ג'אבר","אבוגאבר",2017-03-21,35.1444791965213,1,3,12857,"HaDarom",c(34.868677, 31.3152595)
1060,2018,1,"אבו ג'אבר","אבוגאבר",2018-08-09,35.1444791965213,1,8,13394,"HaDarom",c(34.868677, 31.3152595)
1060,2018,1,"אבו ג'אבר","אבוגאבר",2018-10-17,35.1444791965213,1,10,13394,"HaDarom",c(34.868677, 31.3152595)
1060,2018,1,"אבו ג'אבר","אבוגאבר",2018-11-12,35.1444791965213,1,11,13394,"HaDarom",c(34.868677, 31.3152595)
1060,2019,1,"אבו ג'אבר","אבוגאבר",2019-05-05,35.1444791965213,1,5,14075,"HaDarom",c(34.868677, 31.3152595)
1060,2019,1,"לקיה והפזורה","לקיהוהפזורה",2019-11-16,35.1444791965213,1,11,14075,"HaDarom",c(34.8699774, 31.324195)
1060,2021,1,"לקיה והפזורה","לקיהוהפזורה",2021-05-18,35.1444791965213,1,5,15295,"HaDarom",c(34.8699774, 31.324195)
1060,2021,1,"לקיה","לקיה",2021-11-03,35.1444791965213,1,11,15295,"HaDarom",c(34.8699775, 31.324195)
1060,2023,1,"לקיה","לקיה",2023-10-07,35.1444791965213,1,10,NA,"HaDarom",c(34.8699775, 31.324195)
1060,2023,1,"לקיה","לקיה",2023-11-11,35.1444791965213,1,11,NA,"HaDarom",c(34.8699775, 31.324195)
1060,2023,1,"לקיה","לקיה",2023-12-06,35.1444791965213,1,12,NA,"HaDarom",c(34.8699775, 31.324195)
1061,2015,1,"משהד","משהד",2015-03-11,142.420451164397,1,3,40220,"HaZafon",c(35.3225836, 32.753298)
1061,2016,1,"גולן 5","גולן",2016-11-29,142.420451164397,1,11,40250,"HaZafon",c(35.3157504, 32.7069618)
1061,2016,1,"גולן 4","גולן",2016-09-20,142.420451164397,1,9,40250,"HaZafon",c(35.3157504, 32.7069618)
1061,2017,1,"גולן 5","גולן",2017-11-22,142.420451164397,1,11,40596,"HaZafon",c(35.3157504, 32.7069618)
1061,2018,1,"גולן 4","גולן",2018-07-23,142.420451164397,1,7,41168,"HaZafon",c(35.3157504, 32.7069618)
1061,2018,1,"גולן 5","גולן",2018-02-10,142.420451164397,1,2,41168,"HaZafon",c(35.3157504, 32.7069618)
1063,2016,1,"מעלות תרשיחא","מעלותתרשיחא",2016-09-20,171.701176930873,1,9,21130,"HaZafon",c(35.273306, 33.0142325)
1063,2016,1,"מעלות תרשיחא","מעלותתרשיחא",2016-12-06,171.701176930873,1,12,21130,"HaZafon",c(35.273306, 33.0142325)
1063,2018,1,"מעלות תרשיחא","מעלותתרשיחא",2018-02-10,171.701176930873,1,2,21423,"HaZafon",c(35.273306, 33.0142325)
1063,2019,1,"מעלות תרשיחא","מעלותתרשיחא",2019-05-20,171.701176930873,1,5,21836,"HaZafon",c(35.273306, 33.0142325)
1063,2023,1,"מעלות תרשיחא","מעלותתרשיחא",2023-12-08,171.701176930873,1,12,NA,"HaZafon",c(35.273306, 33.0142325)
1064,2016,1,"אמירים","אמירים",2016-09-20,173.637698737664,1,9,790,"HaZafon",c(35.4491336, 32.9380664)
1064,2017,1,"אמירים","אמירים",2017-07-18,173.637698737664,1,7,813,"HaZafon",c(35.4491336, 32.9380664)
1064,2018,1,"אמירים","אמירים",2018-02-10,173.637698737664,1,2,837,"HaZafon",c(35.4491336, 32.9380664)
1064,2019,1,"אמירים","אמירים",2019-05-20,173.637698737664,1,5,866,"HaZafon",c(35.4491336, 32.9380664)
1064,2023,1,"אמירים","אמירים",2023-11-02,173.637698737664,1,11,NA,"HaZafon",c(35.4491336, 32.9380664)
1065,2014,1,"זמרת","זמרת",2014-08-08,6.13932201849673,1,8,420,"HaDarom",c(34.553848, 31.4472805)
1065,2014,1,"זמרת","זמרת",2014-07-29,6.13932201849673,1,7,420,"HaDarom",c(34.553848, 31.4472805)
1065,2015,1,"זמרת","זמרת",2015-06-03,6.13932201849673,1,6,460,"HaDarom",c(34.553848, 31.4472805)
1065,2016,1,"זמרת","זמרת",2016-09-20,6.13932201849673,1,9,520,"HaDarom",c(34.553848, 31.4472805)
1065,2017,1,"זמרת","זמרת",2017-12-13,6.13932201849673,1,12,564,"HaDarom",c(34.553848, 31.4472805)
1065,2018,1,"זמרת","זמרת",2018-10-11,6.13932201849673,1,10,589,"HaDarom",c(34.553848, 31.4472805)
1065,2018,1,"זמרת","זמרת",2018-06-27,6.13932201849673,1,6,589,"HaDarom",c(34.553848, 31.4472805)
1065,2018,1,"זמרת","זמרת",2018-05-30,6.13932201849673,1,5,589,"HaDarom",c(34.553848, 31.4472805)
1065,2018,1,"זמרת","זמרת",2018-11-12,6.13932201849673,1,11,589,"HaDarom",c(34.553848, 31.4472805)
1065,2018,1,"זמרת","זמרת",2018-07-14,6.13932201849673,1,7,589,"HaDarom",c(34.553848, 31.4472805)
1065,2018,1,"זמרת","זמרת",2018-08-09,6.13932201849673,1,8,589,"HaDarom",c(34.553848, 31.4472805)
1065,2019,1,"זמרת","זמרת",2019-05-05,6.13932201849673,1,5,624,"HaDarom",c(34.553848, 31.4472805)
1065,2019,1,"זמרת","זמרת",2019-03-25,6.13932201849673,1,3,624,"HaDarom",c(34.553848, 31.4472805)
1065,2019,1,"זמרת","זמרת",2019-01-12,6.13932201849673,1,1,624,"HaDarom",c(34.553848, 31.4472805)
1065,2019,1,"זמרת ושובה","זמרתושובה",2019-11-13,6.13932201849673,1,11,624,"HaDarom",c(34.553848, 31.4472805)
1065,2020,1,"זמרת ושובה","זמרתושובה",2020-05-26,6.13932201849673,1,5,647,"HaDarom",c(34.553848, 31.4472805)
1065,2020,1,"זמרת ושובה","זמרתושובה",2020-02-24,6.13932201849673,1,2,647,"HaDarom",c(34.553848, 31.4472805)
1065,2021,1,"זמרת ושובה","זמרתושובה",2021-05-13,6.13932201849673,1,5,684,"HaDarom",c(34.553848, 31.4472805)
1065,2022,1,"זמרת","זמרת",2022-08-07,6.13932201849673,1,8,685,"HaDarom",c(34.553848, 31.4472805)
1065,2023,1,"זמרת","זמרת",2023-10-07,6.13932201849673,1,10,NA,"HaDarom",c(34.553848, 31.4472805)
1065,2023,1,"זמרת","זמרת",2023-11-09,6.13932201849673,1,11,NA,"HaDarom",c(34.553848, 31.4472805)
1065,2023,1,"זמרת","זמרת",2023-05-13,6.13932201849673,1,5,NA,"HaDarom",c(34.553848, 31.4472805)
1065,2023,1,"זמרת","זמרת",2023-12-12,6.13932201849673,1,12,NA,"HaDarom",c(34.553848, 31.4472805)
1066,2014,1,"בני עי""ש","בניעיש",2014-07-29,32.2506495579629,1,7,6930,"HaDarom",c(34.761066, 31.791471)
1066,2014,1,"בני עי""ש","בניעיש",2014-08-01,32.2506495579629,1,8,6930,"HaDarom",c(34.761066, 31.791471)
1066,2016,1,"בני עי""ש","בניעיש",2016-09-20,32.2506495579629,1,9,6960,"HaDarom",c(34.761066, 31.791471)
1066,2019,1,"בני עי""ש","בניעיש",2019-05-05,32.2506495579629,1,5,6978,"HaDarom",c(34.761066, 31.791471)
1066,2019,1,"בני עי''ש","בניעיש",2019-11-13,32.2506495579629,1,11,6978,"HaDarom",c(34.761066, 31.791471)
1066,2021,1,"בני עי''ש","בניעיש",2021-05-12,32.2506495579629,1,5,6895,"HaDarom",c(34.761066, 31.791471)
1066,2023,1,"בני עי''ש","בניעיש",2023-10-13,32.2506495579629,1,10,NA,"HaDarom",c(34.761066, 31.791471)
1067,2016,1,"דוב""ב","דובב",2016-09-20,182.413895314096,1,9,470,"HaZafon",c(35.406107, 33.0518845)
1067,2016,1,"דוב""ב","דובב",2016-12-06,182.413895314096,1,12,470,"HaZafon",c(35.406107, 33.0518845)
1067,2018,1,"דוב""ב","דובב",2018-02-10,182.413895314096,1,2,487,"HaZafon",c(35.406107, 33.0518845)
1067,2019,1,"דוב""ב","דובב",2019-05-20,182.413895314096,1,5,483,"HaZafon",c(35.406107, 33.0518845)
1067,2020,1,"דוב''ב","דובב",2020-08-07,182.413895314096,1,8,479,"HaZafon",c(35.406107, 33.0518845)
1067,2023,1,"דוב''ב","דובב",2023-11-30,182.413895314096,1,11,NA,"HaZafon",c(35.406107, 33.0518845)
1067,2023,1,"דוב''ב","דובב",2023-10-20,182.413895314096,1,10,NA,"HaZafon",c(35.406107, 33.0518845)
1068,2016,1,"אדמית","אדמית",2016-12-06,177.737527414397,1,12,180,"HaZafon",c(35.209404, 33.0791505)
1068,2016,1,"אדמית","אדמית",2016-09-20,177.737527414397,1,9,180,"HaZafon",c(35.209404, 33.0791505)
1068,2018,1,"אדמית","אדמית",2018-02-10,177.737527414397,1,2,208,"HaZafon",c(35.209404, 33.0791505)
1068,2019,1,"אדמית","אדמית",2019-05-20,177.737527414397,1,5,216,"HaZafon",c(35.209404, 33.0791505)
1068,2021,1,"אדמית","אדמית",2021-07-20,177.737527414397,1,7,265,"HaZafon",c(35.209404, 33.0791505)
1068,2023,1,"אדמית","אדמית",2023-04-06,177.737527414397,1,4,NA,"HaZafon",c(35.209404, 33.0791505)
1068,2023,1,"אדמית","אדמית",2023-11-02,177.737527414397,1,11,NA,"HaZafon",c(35.209404, 33.0791505)
1068,2023,1,"אדמית","אדמית",2023-12-05,177.737527414397,1,12,NA,"HaZafon",c(35.209404, 33.0791505)
1069,2015,1,"רם און","רםאון",2015-03-11,125.512357337545,1,3,1000,"HaZafon",c(35.2608819, 32.5269331)
1069,2016,1,"רם און","רםאון",2016-09-20,125.512357337545,1,9,990,"HaZafon",c(35.2608819, 32.5269331)
1070,2014,1,"אביעזר","אביעזר",2014-07-29,44.3664350792402,1,7,800,"Jerusalem",c(35.015569, 31.681274)
1070,2014,1,"אביעזר","אביעזר",2014-08-19,44.3664350792402,1,8,800,"Jerusalem",c(35.015569, 31.681274)
1070,2016,1,"אביעזר","אביעזר",2016-09-20,44.3664350792402,1,9,860,"Jerusalem",c(35.015569, 31.681274)
1070,2016,1,"אביעזר","אביעזר",2016-07-06,44.3664350792402,1,7,860,"Jerusalem",c(35.015569, 31.681274)
1070,2017,1,"אביעזר","אביעזר",2017-12-05,44.3664350792402,1,12,883,"Jerusalem",c(35.015569, 31.681274)
1070,2019,1,"אביעזר","אביעזר",2019-05-04,44.3664350792402,1,5,875,"Jerusalem",c(35.015569, 31.681274)
1070,2023,1,"אביעזר","אביעזר",2023-10-07,44.3664350792402,1,10,NA,"Jerusalem",c(35.015569, 31.681274)
1071,2014,1,"נווה מיכאל","נווהמיכאל",2014-07-29,43.4859068255821,1,7,620,"Jerusalem",c(35.005866, 31.673319)
1071,2014,1,"נווה מיכאל","נווהמיכאל",2014-08-19,43.4859068255821,1,8,620,"Jerusalem",c(35.005866, 31.673319)
1071,2016,1,"נווה מיכאל","נווהמיכאל",2016-07-06,43.4859068255821,1,7,720,"Jerusalem",c(35.005866, 31.673319)
1071,2016,1,"נווה מיכאל","נווהמיכאל",2016-09-20,43.4859068255821,1,9,720,"Jerusalem",c(35.005866, 31.673319)
1071,2017,1,"נווה מיכאל","נווהמיכאל",2017-12-05,43.4859068255821,1,12,770,"Jerusalem",c(35.005866, 31.673319)
1071,2019,1,"נווה מיכאל","נווהמיכאל",2019-05-04,43.4859068255821,1,5,849,"Jerusalem",c(35.005866, 31.673319)
1071,2023,1,"נווה מיכאל - רוגלית","נווהמיכאלרוגלית",2023-10-07,43.4859068255821,1,10,NA,"Jerusalem",c(35.003668, 31.6727535)
1072,2014,1,"גן הדרום","גןהדרום",2014-07-29,29.6336774192257,1,7,560,"HaMerkaz",c(34.6995725, 31.8085646)
1072,2014,1,"גן הדרום","גןהדרום",2014-08-01,29.6336774192257,1,8,560,"HaMerkaz",c(34.6995725, 31.8085646)
1072,2016,1,"גן הדרום","גןהדרום",2016-09-20,29.6336774192257,1,9,580,"HaMerkaz",c(34.6995725, 31.8085646)
1072,2019,1,"גן הדרום","גןהדרום",2019-11-12,29.6336774192257,1,11,636,"HaMerkaz",c(34.6995725, 31.8085646)
1072,2019,1,"גן הדרום","גןהדרום",2019-05-05,29.6336774192257,1,5,636,"HaMerkaz",c(34.6995725, 31.8085646)
1072,2021,1,"גן הדרום","גןהדרום",2021-05-15,29.6336774192257,1,5,633,"HaMerkaz",c(34.6995725, 31.8085646)
1072,2022,1,"גן הדרום","גןהדרום",2022-08-05,29.6336774192257,1,8,605,"HaMerkaz",c(34.6995725, 31.8085646)
1072,2023,1,"גן הדרום","גןהדרום",2023-12-01,29.6336774192257,1,12,NA,"HaMerkaz",c(34.6995725, 31.8085646)
1072,2023,1,"גן הדרום","גןהדרום",2023-05-13,29.6336774192257,1,5,NA,"HaMerkaz",c(34.6995725, 31.8085646)
1072,2023,1,"גן הדרום","גןהדרום",2023-10-17,29.6336774192257,1,10,NA,"HaMerkaz",c(34.6995725, 31.8085646)
1072,2023,1,"גן הדרום","גןהדרום",2023-11-09,29.6336774192257,1,11,NA,"HaMerkaz",c(34.6995725, 31.8085646)
1076,2014,1,"בית ברל","ביתברל",2014-08-02,78.213961236669,1,8,110,"HaMerkaz",c(34.9260732, 32.1997354)
1076,2016,1,"בית ברל","ביתברל",2016-09-20,78.213961236669,1,9,200,"HaMerkaz",c(34.9260732, 32.1997354)
1076,2017,1,"בית ברל","ביתברל",2017-02-07,78.213961236669,1,2,192,"HaMerkaz",c(34.9260732, 32.1997354)
1076,2019,1,"בית ברל","ביתברל",2019-03-25,78.213961236669,1,3,198,"HaMerkaz",c(34.9260732, 32.1997354)
1076,2023,1,"בית ברל","ביתברל",2023-10-07,78.213961236669,1,10,NA,"HaMerkaz",c(34.9260732, 32.1997354)
1077,2016,1,"גבעת שפירא","גבעתשפירא",2016-09-20,91.7040971171502,1,9,420,"HaMerkaz",c(34.876295, 32.3574299)
1077,2017,1,"גבעת שפירא","גבעתשפירא",2017-02-07,91.7040971171502,1,2,414,"HaMerkaz",c(34.876295, 32.3574299)
1079,2016,1,"צפרירים","צפרירים",2016-07-06,37.2901204566519,1,7,450,"Jerusalem",c(34.9424186, 31.660294)
1079,2016,1,"צפרירים","צפרירים",2016-09-20,37.2901204566519,1,9,450,"Jerusalem",c(34.9424186, 31.660294)
1079,2017,1,"צפרירים","צפרירים",2017-12-05,37.2901204566519,1,12,436,"Jerusalem",c(34.9424186, 31.660294)
1079,2019,1,"צפרירים","צפרירים",2019-05-04,37.2901204566519,1,5,402,"Jerusalem",c(34.9424186, 31.660294)
1080,2014,1,"מבועים","מבועים",2014-08-26,11.4893178242218,1,8,1150,"HaDarom",c(34.6530469, 31.448783)
1080,2015,1,"מבועים","מבועים",2015-04-23,11.4893178242218,1,4,1160,"HaDarom",c(34.6530469, 31.448783)
1080,2016,1,"מבועים","מבועים",2016-09-20,11.4893178242218,1,9,1180,"HaDarom",c(34.6530469, 31.448783)
1080,2017,1,"מבועים","מבועים",2017-03-21,11.4893178242218,1,3,1218,"HaDarom",c(34.6530469, 31.448783)
1080,2018,1,"מבועים","מבועים",2018-11-12,11.4893178242218,1,11,1218,"HaDarom",c(34.6530469, 31.448783)
1080,2018,1,"מבועים","מבועים",2018-08-09,11.4893178242218,1,8,1218,"HaDarom",c(34.6530469, 31.448783)
1080,2018,1,"מבועים","מבועים",2018-05-30,11.4893178242218,1,5,1218,"HaDarom",c(34.6530469, 31.448783)
1080,2018,1,"מבועים","מבועים",2018-07-14,11.4893178242218,1,7,1218,"HaDarom",c(34.6530469, 31.448783)
1080,2019,1,"מבועים","מבועים",2019-05-04,11.4893178242218,1,5,1235,"HaDarom",c(34.6530469, 31.448783)
1080,2019,1,"מבועים","מבועים",2019-11-12,11.4893178242218,1,11,1235,"HaDarom",c(34.6530469, 31.448783)
1080,2021,1,"מבועים","מבועים",2021-05-13,11.4893178242218,1,5,1250,"HaDarom",c(34.6530469, 31.448783)
1080,2022,1,"מבועים","מבועים",2022-08-07,11.4893178242218,1,8,1238,"HaDarom",c(34.6530469, 31.448783)
1080,2023,1,"מבועים","מבועים",2023-04-05,11.4893178242218,1,4,NA,"HaDarom",c(34.6530469, 31.448783)
1081,2016,1,"אבן מנחם","אבןמנחם",2016-12-06,179.768081467309,1,12,270,"HaZafon",c(35.2939279, 33.0743345)
1081,2016,1,"אבן מנחם","אבןמנחם",2016-09-20,179.768081467309,1,9,270,"HaZafon",c(35.2939279, 33.0743345)
1081,2018,1,"אבן מנחם","אבןמנחם",2018-02-10,179.768081467309,1,2,297,"HaZafon",c(35.2939279, 33.0743345)
1081,2019,1,"אבן מנחם","אבןמנחם",2019-05-20,179.768081467309,1,5,299,"HaZafon",c(35.2939279, 33.0743345)
1081,2022,1,"אבן מנחם","אבןמנחם",2022-05-19,179.768081467309,1,5,285,"HaZafon",c(35.2939279, 33.0743345)
1081,2023,1,"אבן מנחם","אבןמנחם",2023-10-19,179.768081467309,1,10,NA,"HaZafon",c(35.2939279, 33.0743345)
1081,2023,1,"אבן מנחם","אבןמנחם",2023-11-13,179.768081467309,1,11,NA,"HaZafon",c(35.2939279, 33.0743345)
1081,2023,1,"אבן מנחם","אבןמנחם",2023-04-06,179.768081467309,1,4,NA,"HaZafon",c(35.2939279, 33.0743345)
1082,2014,1,"מעגלים","מעגלים",2014-07-30,13.0375470643095,1,7,1960,"HaDarom",c(34.5987645, 31.3965756)
1082,2014,1,"מעגלים","מעגלים",2014-08-08,13.0375470643095,1,8,1960,"HaDarom",c(34.5987645, 31.3965756)
1082,2015,1,"מעגלים","מעגלים",2015-06-03,13.0375470643095,1,6,1970,"HaDarom",c(34.5987645, 31.3965756)
1082,2016,1,"מעגלים","מעגלים",2016-09-20,13.0375470643095,1,9,2010,"HaDarom",c(34.5987645, 31.3965756)
1082,2017,1,"מעגלים","מעגלים",2017-12-08,13.0375470643095,1,12,2043,"HaDarom",c(34.5987645, 31.3965756)
1082,2017,1,"מעגלים","מעגלים",2017-03-21,13.0375470643095,1,3,2043,"HaDarom",c(34.5987645, 31.3965756)
1082,2018,1,"מעגלים","מעגלים",2018-11-12,13.0375470643095,1,11,2059,"HaDarom",c(34.5987645, 31.3965756)
1082,2018,1,"מעגלים","מעגלים",2018-08-09,13.0375470643095,1,8,2059,"HaDarom",c(34.5987645, 31.3965756)
1082,2018,1,"מעגלים","מעגלים",2018-05-29,13.0375470643095,1,5,2059,"HaDarom",c(34.5987645, 31.3965756)
1082,2018,1,"מעגלים","מעגלים",2018-07-14,13.0375470643095,1,7,2059,"HaDarom",c(34.5987645, 31.3965756)
1082,2019,1,"מעגלים","מעגלים",2019-05-05,13.0375470643095,1,5,2061,"HaDarom",c(34.5987645, 31.3965756)
1082,2019,1,"מעגלים","מעגלים",2019-03-25,13.0375470643095,1,3,2061,"HaDarom",c(34.5987645, 31.3965756)
1082,2022,1,"מעגלים","מעגלים",2022-08-07,13.0375470643095,1,8,2075,"HaDarom",c(34.5987645, 31.3965756)
1082,2023,1,"מעגלים","מעגלים",2023-10-08,13.0375470643095,1,10,NA,"HaDarom",c(34.5987645, 31.3965756)
1082,2023,1,"מעגלים","מעגלים",2023-05-10,13.0375470643095,1,5,NA,"HaDarom",c(34.5987645, 31.3965756)
1083,2014,1,"תושיה","תושיה",2014-08-26,6.90384132601256,1,8,990,"HaDarom",c(34.5420729, 31.4330525)
1083,2014,1,"תושיה","תושיה",2014-07-28,6.90384132601256,1,7,990,"HaDarom",c(34.5420729, 31.4330525)
1083,2015,1,"תושיה","תושיה",2015-06-03,6.90384132601256,1,6,1010,"HaDarom",c(34.5420729, 31.4330525)
1083,2016,1,"תושיה","תושיה",2016-09-20,6.90384132601256,1,9,1000,"HaDarom",c(34.5420729, 31.4330525)
1083,2017,1,"תושיה","תושיה",2017-12-13,6.90384132601256,1,12,1005,"HaDarom",c(34.5420729, 31.4330525)
1083,2018,1,"תושיה","תושיה",2018-06-27,6.90384132601256,1,6,977,"HaDarom",c(34.5420729, 31.4330525)
1083,2018,1,"תושיה","תושיה",2018-05-30,6.90384132601256,1,5,977,"HaDarom",c(34.5420729, 31.4330525)
1083,2018,1,"תושיה","תושיה",2018-11-12,6.90384132601256,1,11,977,"HaDarom",c(34.5420729, 31.4330525)
1083,2018,1,"תושיה","תושיה",2018-07-14,6.90384132601256,1,7,977,"HaDarom",c(34.5420729, 31.4330525)
1083,2018,1,"תושיה","תושיה",2018-10-11,6.90384132601256,1,10,977,"HaDarom",c(34.5420729, 31.4330525)
1083,2018,1,"תושיה","תושיה",2018-08-09,6.90384132601256,1,8,977,"HaDarom",c(34.5420729, 31.4330525)
1083,2019,1,"תושיה","תושיה",2019-01-12,6.90384132601256,1,1,955,"HaDarom",c(34.5420729, 31.4330525)
1083,2019,1,"תושיה","תושיה",2019-03-25,6.90384132601256,1,3,955,"HaDarom",c(34.5420729, 31.4330525)
1083,2019,1,"תושיה","תושיה",2019-05-04,6.90384132601256,1,5,955,"HaDarom",c(34.5420729, 31.4330525)
1084,2014,1,"בן שמן","בןשמן",2014-08-20,56.9883058991183,1,8,610,"HaMerkaz",c(34.927831, 31.9590185)
1084,2014,1,"בן שמן","בןשמן",2014-07-29,56.9883058991183,1,7,610,"HaMerkaz",c(34.927831, 31.9590185)
1084,2015,1,"בן שמן","בןשמן",2015-03-23,56.9883058991183,1,3,630,"HaMerkaz",c(34.927831, 31.9590185)
1084,2016,1,"בן שמן","בןשמן",2016-09-20,56.9883058991183,1,9,630,"HaMerkaz",c(34.927831, 31.9590185)
1084,2021,1,"בן שמן","בןשמן",2021-05-12,56.9883058991183,1,5,667,"HaMerkaz",c(34.927831, 31.9590185)
1084,2023,1,"בן שמן","בןשמן",2023-12-01,56.9883058991183,1,12,NA,"HaMerkaz",c(34.927831, 31.9590185)
1084,2023,1,"בן שמן","בןשמן",2023-10-26,56.9883058991183,1,10,NA,"HaMerkaz",c(34.927831, 31.9590185)
1084,2023,1,"בן שמן","בןשמן",2023-11-20,56.9883058991183,1,11,NA,"HaMerkaz",c(34.927831, 31.9590185)
1085,2014,1,"כרם שלום","כרםשלום",2014-07-31,0.0240611435954278,1,7,120,"HaDarom",c(34.284601, 31.2276045)
1085,2014,1,"כרם שלום","כרםשלום",2014-08-20,0.0240611435954278,1,8,120,"HaDarom",c(34.284601, 31.2276045)
1085,2016,1,"כרם שלום","כרםשלום",2016-09-20,0.0240611435954278,1,9,120,"HaDarom",c(34.284601, 31.2276045)
1085,2016,1,"כרם שלום","כרםשלום",2016-12-25,0.0240611435954278,1,12,120,"HaDarom",c(34.284601, 31.2276045)
1085,2016,1,"כרם שלום","כרםשלום",2016-04-28,0.0240611435954278,1,4,120,"HaDarom",c(34.284601, 31.2276045)
1085,2017,1,"כרם שלום","כרםשלום",2017-11-04,0.0240611435954278,1,11,105,"HaDarom",c(34.284601, 31.2276045)
1085,2017,1,"כרם שלום","כרםשלום",2017-12-05,0.0240611435954278,1,12,105,"HaDarom",c(34.284601, 31.2276045)
1085,2018,1,"כרם שלום","כרםשלום",2018-09-23,0.0240611435954278,1,9,157,"HaDarom",c(34.284601, 31.2276045)
1085,2018,1,"כרם שלום","כרםשלום",2018-05-30,0.0240611435954278,1,5,157,"HaDarom",c(34.284601, 31.2276045)
1085,2018,1,"כרם שלום","כרםשלום",2018-01-12,0.0240611435954278,1,1,157,"HaDarom",c(34.284601, 31.2276045)
1085,2018,1,"כרם שלום","כרםשלום",2018-11-12,0.0240611435954278,1,11,157,"HaDarom",c(34.284601, 31.2276045)
1085,2018,1,"כרם שלום","כרםשלום",2018-03-07,0.0240611435954278,1,3,157,"HaDarom",c(34.284601, 31.2276045)
1085,2018,1,"כרם שלום","כרםשלום",2018-07-14,0.0240611435954278,1,7,157,"HaDarom",c(34.284601, 31.2276045)
1085,2018,1,"כרם שלום","כרםשלום",2018-06-20,0.0240611435954278,1,6,157,"HaDarom",c(34.284601, 31.2276045)
1085,2018,1,"כרם שלום","כרםשלום",2018-10-27,0.0240611435954278,1,10,157,"HaDarom",c(34.284601, 31.2276045)
1085,2018,1,"כרם שלום","כרםשלום",2018-08-08,0.0240611435954278,1,8,157,"HaDarom",c(34.284601, 31.2276045)
1085,2019,1,"כרם שלום","כרםשלום",2019-03-26,0.0240611435954278,1,3,183,"HaDarom",c(34.284601, 31.2276045)
1085,2019,1,"כרם שלום","כרםשלום",2019-05-05,0.0240611435954278,1,5,183,"HaDarom",c(34.284601, 31.2276045)
1085,2019,1,"כרם שלום","כרםשלום",2019-11-13,0.0240611435954278,1,11,183,"HaDarom",c(34.284601, 31.2276045)
1085,2020,1,"כרם שלום","כרםשלום",2020-02-23,0.0240611435954278,1,2,190,"HaDarom",c(34.284601, 31.2276045)
1085,2020,1,"כרם שלום","כרםשלום",2020-12-29,0.0240611435954278,1,12,190,"HaDarom",c(34.284601, 31.2276045)
1085,2020,1,"כרם שלום","כרםשלום",2020-10-05,0.0240611435954278,1,10,190,"HaDarom",c(34.284601, 31.2276045)
1085,2021,1,"כרם שלום","כרםשלום",2021-05-20,0.0240611435954278,1,5,194,"HaDarom",c(34.284601, 31.2276045)
1085,2021,1,"כרם שלום","כרםשלום",2021-04-24,0.0240611435954278,1,4,194,"HaDarom",c(34.284601, 31.2276045)
1085,2022,1,"כרם שלום","כרםשלום",2022-08-07,0.0240611435954278,1,8,220,"HaDarom",c(34.284601, 31.2276045)
1085,2023,1,"כרם שלום","כרםשלום",2023-10-08,0.0240611435954278,1,10,NA,"HaDarom",c(34.284601, 31.2276045)
1085,2023,1,"כרם שלום","כרםשלום",2023-11-20,0.0240611435954278,1,11,NA,"HaDarom",c(34.284601, 31.2276045)
1085,2023,1,"כרם שלום","כרםשלום",2023-05-11,0.0240611435954278,1,5,NA,"HaDarom",c(34.284601, 31.2276045)
1085,2023,1,"כרם שלום","כרםשלום",2023-12-06,0.0240611435954278,1,12,NA,"HaDarom",c(34.284601, 31.2276045)
1094,2014,1,"כרם יבנה","כרםיבנה",2014-08-05,32.7343180762367,1,8,510,"HaMerkaz",c(34.7226127, 31.8199341)
1094,2014,1,"כרם יבנה","כרםיבנה",2014-07-29,32.7343180762367,1,7,510,"HaMerkaz",c(34.7226127, 31.8199341)
1094,2016,1,"כרם יבנה","כרםיבנה",2016-09-20,32.7343180762367,1,9,500,"HaMerkaz",c(34.7226127, 31.8199341)
1094,2017,1,"כרם יבנה","כרםיבנה",2017-08-08,32.7343180762367,1,8,499,"HaMerkaz",c(34.7226127, 31.8199341)
1094,2019,1,"כרם ביבנה","כרםביבנה",2019-11-13,32.7343180762367,1,11,534,"HaMerkaz",c(34.7226127, 31.8199341)
1094,2019,1,"כרם יבנה","כרםיבנה",2019-05-05,32.7343180762367,1,5,534,"HaMerkaz",c(34.7226127, 31.8199341)
1094,2021,1,"כרם ביבנה","כרםביבנה",2021-05-12,32.7343180762367,1,5,538,"HaMerkaz",c(34.7226127, 31.8199341)
1094,2022,1,"כרם ביבנה","כרםביבנה",2022-08-05,32.7343180762367,1,8,536,"HaMerkaz",c(34.7226127, 31.8199341)
1094,2023,1,"כרם ביבנה","כרםביבנה",2023-10-07,32.7343180762367,1,10,NA,"HaMerkaz",c(34.7226127, 31.8199341)
1094,2023,1,"כרם ביבנה","כרםביבנה",2023-11-20,32.7343180762367,1,11,NA,"HaMerkaz",c(34.7226127, 31.8199341)
1094,2023,1,"כרם ביבנה","כרםביבנה",2023-05-10,32.7343180762367,1,5,NA,"HaMerkaz",c(34.7226127, 31.8199341)
1094,2023,1,"כרם ביבנה","כרםביבנה",2023-12-01,32.7343180762367,1,12,NA,"HaMerkaz",c(34.7226127, 31.8199341)
1095,2014,1,"כפר מימון","כפרמימון",2014-07-31,6.22730205785343,1,7,280,"HaDarom",c(34.535252, 31.4328755)
1095,2014,1,"כפר מימון","כפרמימון",2014-08-10,6.22730205785343,1,8,280,"HaDarom",c(34.535252, 31.4328755)
1095,2015,1,"כפר מימון","כפרמימון",2015-06-03,6.22730205785343,1,6,300,"HaDarom",c(34.535252, 31.4328755)
1095,2016,1,"כפר מימון","כפרמימון",2016-09-20,6.22730205785343,1,9,330,"HaDarom",c(34.535252, 31.4328755)
1095,2017,1,"כפר מימון","כפרמימון",2017-12-29,6.22730205785343,1,12,346,"HaDarom",c(34.535252, 31.4328755)
1095,2018,1,"כפר מימון","כפרמימון",2018-06-27,6.22730205785343,1,6,340,"HaDarom",c(34.535252, 31.4328755)
1095,2018,1,"כפר מימון","כפרמימון",2018-11-12,6.22730205785343,1,11,340,"HaDarom",c(34.535252, 31.4328755)
1095,2018,1,"כפר מימון","כפרמימון",2018-10-11,6.22730205785343,1,10,340,"HaDarom",c(34.535252, 31.4328755)
1095,2018,1,"כפר מימון","כפרמימון",2018-08-09,6.22730205785343,1,8,340,"HaDarom",c(34.535252, 31.4328755)
1095,2018,1,"כפר מימון","כפרמימון",2018-07-14,6.22730205785343,1,7,340,"HaDarom",c(34.535252, 31.4328755)
1095,2018,1,"כפר מימון","כפרמימון",2018-05-30,6.22730205785343,1,5,340,"HaDarom",c(34.535252, 31.4328755)
1095,2019,1,"כפר מימון","כפרמימון",2019-01-12,6.22730205785343,1,1,375,"HaDarom",c(34.535252, 31.4328755)
1095,2019,1,"כפר מימון","כפרמימון",2019-03-25,6.22730205785343,1,3,375,"HaDarom",c(34.535252, 31.4328755)
1095,2019,1,"כפר מימון ותושיה","כפרמימוןותושיה",2019-11-12,6.22730205785343,1,11,375,"HaDarom",c(34.535252, 31.4328755)
1095,2019,1,"כפר מימון","כפרמימון",2019-05-04,6.22730205785343,1,5,375,"HaDarom",c(34.535252, 31.4328755)
1095,2020,1,"כפר מימון ותושיה","כפרמימוןותושיה",2020-02-24,6.22730205785343,1,2,418,"HaDarom",c(34.535252, 31.4328755)
1095,2020,1,"כפר מימון ותושיה","כפרמימוןותושיה",2020-07-05,6.22730205785343,1,7,418,"HaDarom",c(34.535252, 31.4328755)
1095,2021,1,"כפר מימון ותושיה","כפרמימוןותושיה",2021-05-11,6.22730205785343,1,5,427,"HaDarom",c(34.535252, 31.4328755)
1095,2021,1,"כפר מימון ותושיה","כפרמימוןותושיה",2021-04-24,6.22730205785343,1,4,427,"HaDarom",c(34.535252, 31.4328755)
1095,2022,1,"כפר מימון ותושיה","כפרמימוןותושיה",2022-08-07,6.22730205785343,1,8,438,"HaDarom",c(34.535252, 31.4328755)
1095,2023,1,"כפר מימון ותושיה","כפרמימוןותושיה",2023-11-03,6.22730205785343,1,11,NA,"HaDarom",c(34.535252, 31.4328755)
1095,2023,1,"כפר מימון ותושיה","כפרמימוןותושיה",2023-10-07,6.22730205785343,1,10,NA,"HaDarom",c(34.535252, 31.4328755)
1095,2023,1,"כפר מימון ותושיה","כפרמימוןותושיה",2023-05-10,6.22730205785343,1,5,NA,"HaDarom",c(34.535252, 31.4328755)
1098,2014,1,"מרכז שפירא","מרכזשפירא",2014-07-31,21.0749232616908,1,7,2200,"HaDarom",c(34.7080585, 31.696969)
1098,2014,1,"מרכז שפירא","מרכזשפירא",2014-08-05,21.0749232616908,1,8,2200,"HaDarom",c(34.7080585, 31.696969)
1098,2016,1,"מרכז שפירא","מרכזשפירא",2016-09-20,21.0749232616908,1,9,2160,"HaDarom",c(34.7080585, 31.696969)
1098,2019,1,"מרכז שפירא","מרכזשפירא",2019-05-05,21.0749232616908,1,5,2230,"HaDarom",c(34.7080585, 31.696969)
1098,2019,1,"מרכז שפירא","מרכזשפירא",2019-11-14,21.0749232616908,1,11,2230,"HaDarom",c(34.7080585, 31.696969)
1098,2021,1,"מרכז שפירא","מרכזשפירא",2021-05-12,21.0749232616908,1,5,2589,"HaDarom",c(34.7080585, 31.696969)
1098,2023,1,"מרכז שפירא","מרכזשפירא",2023-10-17,21.0749232616908,1,10,NA,"HaDarom",c(34.7080585, 31.696969)
1103,2014,1,"גני הדר","גניהדר",2014-08-21,45.6590507035357,1,8,290,"HaMerkaz",c(34.8576736, 31.8780974)
1103,2016,1,"גני הדר","גניהדר",2016-09-20,45.6590507035357,1,9,290,"HaMerkaz",c(34.8576736, 31.8780974)
1103,2017,1,"גני הדר","גניהדר",2017-08-08,45.6590507035357,1,8,302,"HaMerkaz",c(34.8576736, 31.8780974)
1103,2019,1,"גני הדר","גניהדר",2019-05-04,45.6590507035357,1,5,339,"HaMerkaz",c(34.8576736, 31.8780974)
1103,2021,1,"גני הדר","גניהדר",2021-05-12,45.6590507035357,1,5,354,"HaMerkaz",c(34.8576736, 31.8780974)
1103,2023,1,"גני הדר","גניהדר",2023-10-07,45.6590507035357,1,10,NA,"HaMerkaz",c(34.8576736, 31.8780974)
1103,2023,1,"גני הדר","גניהדר",2023-12-02,45.6590507035357,1,12,NA,"HaMerkaz",c(34.8576736, 31.8780974)
1103,2023,1,"גני הדר","גניהדר",2023-11-18,45.6590507035357,1,11,NA,"HaMerkaz",c(34.8576736, 31.8780974)
1104,2015,1,"פוריה כפר עבודה","פוריהכפרעבודה",2015-03-11,158.652061538143,1,3,370,"HaZafon",c(35.5470385, 32.7195801)
1104,2016,1,"פוריה כפר עבודה","פוריהכפרעבודה",2016-09-20,158.652061538143,1,9,380,"HaZafon",c(35.5470385, 32.7195801)
1104,2017,1,"פוריה כפר עבודה","פוריהכפרעבודה",2017-07-18,158.652061538143,1,7,381,"HaZafon",c(35.5470385, 32.7195801)
1105,2015,1,"פוריה נווה עובד","פוריהנווהעובד",2015-03-11,160.432531057878,1,3,1110,"HaZafon",c(35.536594, 32.7432095)
1105,2016,1,"פוריה נווה עובד","פוריהנווהעובד",2016-09-20,160.432531057878,1,9,1170,"HaZafon",c(35.536594, 32.7432095)
1105,2017,1,"פוריה נווה עובד","פוריהנווהעובד",2017-07-18,160.432531057878,1,7,1183,"HaZafon",c(35.536594, 32.7432095)
1108,2015,1,"אומן","אומן",2015-03-11,128.224921313989,1,3,330,"HaZafon",c(35.24248, 32.5634535)
1108,2016,1,"אומן","אומן",2016-09-20,128.224921313989,1,9,320,"HaZafon",c(35.24248, 32.5634535)
1108,2023,1,"ישובי אומן","ישוביאומן",2023-12-02,128.224921313989,1,12,NA,"HaZafon",c(35.24248, 32.5634535)
1110,2015,1,"חבר","חבר",2015-03-11,128.077983220201,1,3,430,"HaZafon",c(35.263746, 32.547712)
1110,2016,1,"חבר","חבר",2016-09-20,128.077983220201,1,9,480,"HaZafon",c(35.263746, 32.547712)
1110,2023,1,"מרכז חבר","מרכזחבר",2023-12-02,128.077983220201,1,12,NA,"HaZafon",c(35.263746, 32.547712)
1111,2019,1,"מעון צופיה","מעוןצופיה",2019-11-13,36.9663384660118,1,11,0,"HaMerkaz",c(34.7374628, 31.855517)
1111,2021,1,"מעון צופיה","מעוןצופיה",2021-05-13,36.9663384660118,1,5,0,"HaMerkaz",c(34.7374628, 31.855517)
1111,2022,1,"מעון צופיה","מעוןצופיה",2022-08-05,36.9663384660118,1,8,0,"HaMerkaz",c(34.7374628, 31.855517)
1111,2023,1,"מעון צופיה","מעוןצופיה",2023-12-08,36.9663384660118,1,12,NA,"HaMerkaz",c(34.7374628, 31.855517)
1111,2023,1,"מעון צופיה","מעוןצופיה",2023-11-01,36.9663384660118,1,11,NA,"HaMerkaz",c(34.7374628, 31.855517)
1111,2023,1,"מעון צופיה","מעוןצופיה",2023-10-07,36.9663384660118,1,10,NA,"HaMerkaz",c(34.7374628, 31.855517)
1112,2016,1,"יודפת","יודפת",2016-05-31,155.383958739101,1,5,760,"HaZafon",c(35.271918, 32.836999)
1112,2016,1,"יודפת","יודפת",2016-09-20,155.383958739101,1,9,760,"HaZafon",c(35.271918, 32.836999)
1112,2018,1,"יודפת","יודפת",2018-06-19,155.383958739101,1,6,867,"HaZafon",c(35.271918, 32.836999)
1112,2019,1,"יודפת","יודפת",2019-05-20,155.383958739101,1,5,908,"HaZafon",c(35.271918, 32.836999)
1113,2014,1,"צור הדסה","צורהדסה",2014-07-29,52.7179448179118,1,7,7180,"Jerusalem",c(35.09407, 31.7166329)
1113,2014,1,"צור הדסה","צורהדסה",2014-08-24,52.7179448179118,1,8,7180,"Jerusalem",c(35.09407, 31.7166329)
1113,2016,1,"צור הדסה","צורהדסה",2016-09-20,52.7179448179118,1,9,7770,"Jerusalem",c(35.09407, 31.7166329)
1113,2016,1,"צור הדסה","צורהדסה",2016-07-06,52.7179448179118,1,7,7770,"Jerusalem",c(35.09407, 31.7166329)
1113,2017,1,"צור הדסה","צורהדסה",2017-12-05,52.7179448179118,1,12,8182,"Jerusalem",c(35.09407, 31.7166329)
1113,2023,1,"צור הדסה","צורהדסה",2023-10-07,52.7179448179118,1,10,NA,"Jerusalem",c(35.09407, 31.7166329)
1113,2023,1,"צור הדסה","צורהדסה",2023-05-12,52.7179448179118,1,5,NA,"Jerusalem",c(35.09407, 31.7166329)
1114,2016,1,"שריגים","שריגים",2016-07-06,37.5534850402924,1,7,1060,"Jerusalem",c(34.9349875, 31.6771235)
1114,2016,1,"שריגים","שריגים",2016-09-20,37.5534850402924,1,9,1060,"Jerusalem",c(34.9349875, 31.6771235)
1114,2017,1,"שריגים","שריגים",2017-12-05,37.5534850402924,1,12,1076,"Jerusalem",c(34.9349875, 31.6771235)
1114,2019,1,"שריגים","שריגים",2019-05-05,37.5534850402924,1,5,1082,"Jerusalem",c(34.9349875, 31.6771235)
1114,2021,1,"שריגים - ליאון","שריגיםליאון",2021-05-10,37.5534850402924,1,5,1044,"Jerusalem",c(34.9349875, 31.6771235)
1114,2023,1,"שריגים - ליאון","שריגיםליאון",2023-10-22,37.5534850402924,1,10,NA,"Jerusalem",c(34.9349875, 31.6771235)
1117,2023,1,"ישובי יעל","ישובייעל",2023-12-02,130.899755617552,1,12,NA,"HaZafon",c(35.3074255, 32.55137)
1123,2014,1,"אדרת","אדרת",2014-07-29,42.1201697710541,1,7,860,"Jerusalem",c(34.9947191, 31.6600555)
1123,2014,1,"אדרת","אדרת",2014-08-19,42.1201697710541,1,8,860,"Jerusalem",c(34.9947191, 31.6600555)
1123,2016,1,"אדרת","אדרת",2016-09-20,42.1201697710541,1,9,910,"Jerusalem",c(34.9947191, 31.6600555)
1123,2016,1,"אדרת","אדרת",2016-07-06,42.1201697710541,1,7,910,"Jerusalem",c(34.9947191, 31.6600555)
1123,2017,1,"אדרת","אדרת",2017-12-05,42.1201697710541,1,12,919,"Jerusalem",c(34.9947191, 31.6600555)
1123,2019,1,"אדרת","אדרת",2019-05-04,42.1201697710541,1,5,883,"Jerusalem",c(34.9947191, 31.6600555)
1123,2023,1,"אדרת","אדרת",2023-10-07,42.1201697710541,1,10,NA,"Jerusalem",c(34.9947191, 31.6600555)
1125,2016,1,"אלמגור","אלמגור",2016-09-20,178.861374506094,1,9,380,"HaZafon",c(35.6032754, 32.9126025)
1125,2017,1,"אלמגור","אלמגור",2017-07-18,178.861374506094,1,7,383,"HaZafon",c(35.6032754, 32.9126025)
1125,2018,1,"אלמגור","אלמגור",2018-02-10,178.861374506094,1,2,389,"HaZafon",c(35.6032754, 32.9126025)
1125,2019,1,"אלמגור","אלמגור",2019-05-20,178.861374506094,1,5,418,"HaZafon",c(35.6032754, 32.9126025)
1125,2022,1,"אלמגור","אלמגור",2022-02-18,178.861374506094,1,2,425,"HaZafon",c(35.6032754, 32.9126025)
1127,2015,1,"מעלה גלבוע","מעלהגלבוע",2015-03-11,130.296381007224,1,3,670,"HaZafon",c(35.4197279, 32.4769865)
1127,2016,1,"מעלה גלבוע","מעלהגלבוע",2016-09-20,130.296381007224,1,9,760,"HaZafon",c(35.4197279, 32.4769865)
1127,2018,1,"מעלה גלבוע","מעלהגלבוע",2018-02-10,130.296381007224,1,2,806,"HaZafon",c(35.4197279, 32.4769865)
1132,2016,1,"שניר","שניר",2016-12-06,213.376340525412,1,12,540,"HaZafon",c(35.678258, 33.2419235)
1132,2016,1,"שניר","שניר",2016-09-20,213.376340525412,1,9,540,"HaZafon",c(35.678258, 33.2419235)
1132,2018,1,"שניר","שניר",2018-02-10,213.376340525412,1,2,562,"HaZafon",c(35.678258, 33.2419235)
1132,2019,1,"שניר","שניר",2019-05-20,213.376340525412,1,5,586,"HaZafon",c(35.678258, 33.2419235)
1132,2019,1,"שניר","שניר",2019-11-19,213.376340525412,1,11,586,"HaZafon",c(35.678258, 33.2419235)
1132,2021,1,"שניר","שניר",2021-08-06,213.376340525412,1,8,641,"HaZafon",c(35.678258, 33.2419235)
1132,2023,1,"שניר","שניר",2023-11-07,213.376340525412,1,11,NA,"HaZafon",c(35.678258, 33.2419235)
1133,2014,1,"ורדון","ורדון",2014-07-27,24.1612314985075,1,7,240,"HaDarom",c(34.7819125, 31.6638845)
1133,2014,1,"ורדון","ורדון",2014-08-19,24.1612314985075,1,8,240,"HaDarom",c(34.7819125, 31.6638845)
1133,2016,1,"ורדון","ורדון",2016-09-20,24.1612314985075,1,9,290,"HaDarom",c(34.7819125, 31.6638845)
1133,2019,1,"ורדון","ורדון",2019-05-05,24.1612314985075,1,5,277,"HaDarom",c(34.7819125, 31.6638845)
1133,2023,1,"ורדון","ורדון",2023-10-22,24.1612314985075,1,10,NA,"HaDarom",c(34.7819125, 31.6638845)
1134,2014,1,"יד השמונה","ידהשמונה",2014-07-29,57.584115234218,1,7,110,"Jerusalem",c(35.0894305, 31.809954)
1134,2014,1,"יד השמונה","ידהשמונה",2014-08-24,57.584115234218,1,8,110,"Jerusalem",c(35.0894305, 31.809954)
1134,2016,1,"יד השמונה","ידהשמונה",2016-09-20,57.584115234218,1,9,240,"Jerusalem",c(35.0894305, 31.809954)
1134,2016,1,"יד השמונה","ידהשמונה",2016-07-06,57.584115234218,1,7,240,"Jerusalem",c(35.0894305, 31.809954)
1134,2017,1,"יד השמונה","ידהשמונה",2017-12-05,57.584115234218,1,12,280,"Jerusalem",c(35.0894305, 31.809954)
1134,2022,1,"יד השמונה","ידהשמונה",2022-08-07,57.584115234218,1,8,307,"Jerusalem",c(35.0894305, 31.809954)
1134,2023,1,"יד השמונה","ידהשמונה",2023-10-07,57.584115234218,1,10,NA,"Jerusalem",c(35.0894305, 31.809954)
1134,2023,1,"יד השמונה","ידהשמונה",2023-12-15,57.584115234218,1,12,NA,"Jerusalem",c(35.0894305, 31.809954)
1138,2016,1,"יעד","יעד",2016-05-31,158.575476115519,1,5,710,"HaZafon",c(35.244069, 32.878655)
1138,2016,1,"יעד","יעד",2016-09-20,158.575476115519,1,9,710,"HaZafon",c(35.244069, 32.878655)
1138,2018,1,"יעד","יעד",2018-06-19,158.575476115519,1,6,682,"HaZafon",c(35.244069, 32.878655)
1138,2019,1,"יעד","יעד",2019-05-20,158.575476115519,1,5,690,"HaZafon",c(35.244069, 32.878655)
1139,2016,1,"כרמיאל","כרמיאל",2016-05-31,161.74452228282,1,5,45290,"HaZafon",c(35.3115249, 32.9112925)
1139,2016,1,"כרמיאל","כרמיאל",2016-09-20,161.74452228282,1,9,45290,"HaZafon",c(35.3115249, 32.9112925)
1139,2018,1,"כרמיאל","כרמיאל",2018-06-19,161.74452228282,1,6,46124,"HaZafon",c(35.3115249, 32.9112925)
1139,2019,1,"כרמיאל","כרמיאל",2019-05-20,161.74452228282,1,5,46252,"HaZafon",c(35.3115249, 32.9112925)
1139,2021,1,"אזור תעשייה כרמיאל","אזורתעשייהכרמיאל",2021-11-03,161.74452228282,1,11,46310,"HaZafon",c(35.3115249, 32.9112925)
1140,2016,1,"מדרשת בן גוריון","מדרשתבןגוריון",2016-09-20,61.3971804241249,1,9,1890,"HaDarom",c(34.7820196, 30.8521197)
1140,2017,1,"מדרשת בן גוריון","מדרשתבןגוריון",2017-03-21,61.3971804241249,1,3,1915,"HaDarom",c(34.7820196, 30.8521197)
1143,2014,1,"נס עמים","נסעמים",2014-08-23,162.937465436684,1,8,0,"HaZafon",c(35.120825, 32.965777)
1143,2016,1,"נס עמים","נסעמים",2016-09-20,162.937465436684,1,9,330,"HaZafon",c(35.120825, 32.965777)
1143,2016,1,"נס עמים","נסעמים",2016-05-31,162.937465436684,1,5,330,"HaZafon",c(35.120825, 32.965777)
1143,2018,1,"נס עמים","נסעמים",2018-02-10,162.937465436684,1,2,414,"HaZafon",c(35.120825, 32.965777)
1143,2018,1,"נס עמים","נסעמים",2018-06-19,162.937465436684,1,6,414,"HaZafon",c(35.120825, 32.965777)
1143,2019,1,"נס עמים","נסעמים",2019-05-20,162.937465436684,1,5,420,"HaZafon",c(35.120825, 32.965777)
1144,2014,1,"ידידה","ידידה",2014-08-24,59.0580800714722,1,8,210,"Jerusalem",c(35.104639, 31.8122805)
1144,2014,1,"ידידה","ידידה",2014-07-29,59.0580800714722,1,7,210,"Jerusalem",c(35.104639, 31.8122805)
1144,2016,1,"ידידה","ידידה",2016-07-06,59.0580800714722,1,7,210,"Jerusalem",c(35.104639, 31.8122805)
1144,2016,1,"ידידה","ידידה",2016-09-20,59.0580800714722,1,9,210,"Jerusalem",c(35.104639, 31.8122805)
1144,2017,1,"ידידה","ידידה",2017-12-05,59.0580800714722,1,12,212,"Jerusalem",c(35.104639, 31.8122805)
1145,2014,1,"אלומה","אלומה",2014-08-20,20.3173619781745,1,8,500,"HaDarom",c(34.743285, 31.6520315)
1145,2014,1,"אלומה","אלומה",2014-07-27,20.3173619781745,1,7,500,"HaDarom",c(34.743285, 31.6520315)
1145,2016,1,"אלומה","אלומה",2016-09-20,20.3173619781745,1,9,490,"HaDarom",c(34.743285, 31.6520315)
1145,2019,1,"אלומה","אלומה",2019-05-05,20.3173619781745,1,5,537,"HaDarom",c(34.743285, 31.6520315)
1145,2023,1,"אלומה","אלומה",2023-10-07,20.3173619781745,1,10,NA,"HaDarom",c(34.743285, 31.6520315)
1146,2014,1,"עלומים","עלומים",2014-07-29,3.66033890654625,1,7,460,"HaDarom",c(34.5126546, 31.4522919)
1146,2014,1,"עלומים","עלומים",2014-10-19,3.66033890654625,1,10,460,"HaDarom",c(34.5126546, 31.4522919)
1146,2014,1,"עלומים","עלומים",2014-08-13,3.66033890654625,1,8,460,"HaDarom",c(34.5126546, 31.4522919)
1146,2015,1,"עלומים","עלומים",2015-11-08,3.66033890654625,1,11,470,"HaDarom",c(34.5126546, 31.4522919)
1146,2015,1,"עלומים","עלומים",2015-10-26,3.66033890654625,1,10,470,"HaDarom",c(34.5126546, 31.4522919)
1146,2016,1,"עלומים","עלומים",2016-04-14,3.66033890654625,1,4,490,"HaDarom",c(34.5126546, 31.4522919)
1146,2016,1,"עלומים","עלומים",2016-09-20,3.66033890654625,1,9,490,"HaDarom",c(34.5126546, 31.4522919)
1146,2017,1,"עלומים","עלומים",2017-12-29,3.66033890654625,1,12,487,"HaDarom",c(34.5126546, 31.4522919)
1146,2017,1,"עלומים","עלומים",2017-02-28,3.66033890654625,1,2,487,"HaDarom",c(34.5126546, 31.4522919)
1146,2018,1,"עלומים","עלומים",2018-05-29,3.66033890654625,1,5,510,"HaDarom",c(34.5126546, 31.4522919)
1146,2018,1,"עלומים","עלומים",2018-11-13,3.66033890654625,1,11,510,"HaDarom",c(34.5126546, 31.4522919)
1146,2018,1,"עלומים","עלומים",2018-07-14,3.66033890654625,1,7,510,"HaDarom",c(34.5126546, 31.4522919)
1146,2018,1,"עלומים","עלומים",2018-10-27,3.66033890654625,1,10,510,"HaDarom",c(34.5126546, 31.4522919)
1146,2018,1,"עלומים","עלומים",2018-08-08,3.66033890654625,1,8,510,"HaDarom",c(34.5126546, 31.4522919)
1146,2018,1,"עלומים","עלומים",2018-06-27,3.66033890654625,1,6,510,"HaDarom",c(34.5126546, 31.4522919)
1146,2018,1,"עלומים","עלומים",2018-01-30,3.66033890654625,1,1,510,"HaDarom",c(34.5126546, 31.4522919)
1146,2019,1,"עלומים","עלומים",2019-10-31,3.66033890654625,1,10,510,"HaDarom",c(34.5126546, 31.4522919)
1146,2019,1,"עלומים","עלומים",2019-11-12,3.66033890654625,1,11,510,"HaDarom",c(34.5126546, 31.4522919)
1146,2019,1,"עלומים","עלומים",2019-03-25,3.66033890654625,1,3,510,"HaDarom",c(34.5126546, 31.4522919)
1146,2019,1,"עלומים","עלומים",2019-01-12,3.66033890654625,1,1,510,"HaDarom",c(34.5126546, 31.4522919)
1146,2019,1,"עלומים","עלומים",2019-05-05,3.66033890654625,1,5,510,"HaDarom",c(34.5126546, 31.4522919)
1146,2020,1,"עלומים","עלומים",2020-07-05,3.66033890654625,1,7,522,"HaDarom",c(34.5126546, 31.4522919)
1146,2020,1,"עלומים","עלומים",2020-02-05,3.66033890654625,1,2,522,"HaDarom",c(34.5126546, 31.4522919)
1146,2020,1,"עלומים","עלומים",2020-08-28,3.66033890654625,1,8,522,"HaDarom",c(34.5126546, 31.4522919)
1146,2021,1,"עלומים","עלומים",2021-04-24,3.66033890654625,1,4,531,"HaDarom",c(34.5126546, 31.4522919)
1146,2021,1,"עלומים","עלומים",2021-05-11,3.66033890654625,1,5,531,"HaDarom",c(34.5126546, 31.4522919)
1146,2022,1,"עלומים","עלומים",2022-08-07,3.66033890654625,1,8,531,"HaDarom",c(34.5126546, 31.4522919)
1146,2023,1,"עלומים","עלומים",2023-04-07,3.66033890654625,1,4,NA,"HaDarom",c(34.5126546, 31.4522919)
1146,2023,1,"עלומים","עלומים",2023-05-13,3.66033890654625,1,5,NA,"HaDarom",c(34.5126546, 31.4522919)
1146,2023,1,"עלומים","עלומים",2023-12-09,3.66033890654625,1,12,NA,"HaDarom",c(34.5126546, 31.4522919)
1146,2023,1,"עלומים","עלומים",2023-10-10,3.66033890654625,1,10,NA,"HaDarom",c(34.5126546, 31.4522919)
1146,2023,1,"עלומים","עלומים",2023-11-09,3.66033890654625,1,11,NA,"HaDarom",c(34.5126546, 31.4522919)
1147,2016,1,"נטועה","נטועה",2016-09-20,180.119718147892,1,9,290,"HaZafon",c(35.3229934, 33.0649715)
1147,2016,1,"נטועה","נטועה",2016-12-06,180.119718147892,1,12,290,"HaZafon",c(35.3229934, 33.0649715)
1147,2018,1,"נטועה","נטועה",2018-02-10,180.119718147892,1,2,297,"HaZafon",c(35.3229934, 33.0649715)
1147,2019,1,"נטועה","נטועה",2019-05-20,180.119718147892,1,5,306,"HaZafon",c(35.3229934, 33.0649715)
1147,2020,1,"נטועה","נטועה",2020-08-07,180.119718147892,1,8,303,"HaZafon",c(35.3229934, 33.0649715)
1147,2022,1,"נטועה","נטועה",2022-05-19,180.119718147892,1,5,323,"HaZafon",c(35.3229934, 33.0649715)
1147,2023,1,"נטועה","נטועה",2023-11-22,180.119718147892,1,11,NA,"HaZafon",c(35.3229934, 33.0649715)
1147,2023,1,"נטועה","נטועה",2023-04-06,180.119718147892,1,4,NA,"HaZafon",c(35.3229934, 33.0649715)
1147,2023,1,"נטועה","נטועה",2023-10-24,180.119718147892,1,10,NA,"HaZafon",c(35.3229934, 33.0649715)
1149,2014,1,"עזר","עזר",2014-07-31,22.6355453440266,1,7,840,"HaDarom",c(34.6707074, 31.7365045)
1149,2014,1,"עזר","עזר",2014-08-23,22.6355453440266,1,8,840,"HaDarom",c(34.6707074, 31.7365045)
1149,2015,1,"עזר","עזר",2015-05-26,22.6355453440266,1,5,840,"HaDarom",c(34.6707074, 31.7365045)
1149,2016,1,"עזר","עזר",2016-09-20,22.6355453440266,1,9,830,"HaDarom",c(34.6707074, 31.7365045)
1149,2019,1,"עזר","עזר",2019-11-13,22.6355453440266,1,11,817,"HaDarom",c(34.6707074, 31.7365045)
1149,2019,1,"עזר","עזר",2019-05-04,22.6355453440266,1,5,817,"HaDarom",c(34.6707074, 31.7365045)
1149,2021,1,"עזר","עזר",2021-05-14,22.6355453440266,1,5,811,"HaDarom",c(34.6707074, 31.7365045)
1149,2022,1,"עזר","עזר",2022-08-06,22.6355453440266,1,8,771,"HaDarom",c(34.6707074, 31.7365045)
1149,2023,1,"עזר","עזר",2023-12-01,22.6355453440266,1,12,NA,"HaDarom",c(34.6707074, 31.7365045)
1149,2023,1,"עזר","עזר",2023-11-06,22.6355453440266,1,11,NA,"HaDarom",c(34.6707074, 31.7365045)
1149,2023,1,"עזר","עזר",2023-10-07,22.6355453440266,1,10,NA,"HaDarom",c(34.6707074, 31.7365045)
1150,2016,1,"צופר","צופר",2016-09-20,110.177248525772,1,9,390,"HaDarom",c(35.181075, 30.5600055)
1150,2019,1,"צופר","צופר",2019-01-02,110.177248525772,1,1,451,"HaDarom",c(35.181075, 30.5600055)
1151,2016,1,"פארן","פארן",2016-09-20,124.831766677097,1,9,440,"HaDarom",c(35.154859, 30.3626064)
1151,2019,1,"פארן","פארן",2019-01-02,124.831766677097,1,1,501,"HaDarom",c(35.154859, 30.3626064)
1152,2014,1,"אשלים","אשלים",2014-10-19,47.9022765444697,1,10,420,"HaDarom",c(34.7016725, 30.9645255)
1152,2014,1,"אשלים","אשלים",2014-08-24,47.9022765444697,1,8,420,"HaDarom",c(34.7016725, 30.9645255)
1152,2014,1,"אשלים","אשלים",2014-07-29,47.9022765444697,1,7,420,"HaDarom",c(34.7016725, 30.9645255)
1152,2016,1,"אשלים","אשלים",2016-09-20,47.9022765444697,1,9,500,"HaDarom",c(34.7016725, 30.9645255)
1152,2016,1,"אשלים","אשלים",2016-12-13,47.9022765444697,1,12,500,"HaDarom",c(34.7016725, 30.9645255)
1152,2017,1,"אשלים","אשלים",2017-11-26,47.9022765444697,1,11,525,"HaDarom",c(34.7016725, 30.9645255)
1153,2016,1,"כישור","כישור",2016-05-31,165.499137704397,1,5,170,"HaZafon",c(35.250226, 32.945831)
1153,2016,1,"כישור","כישור",2016-09-20,165.499137704397,1,9,170,"HaZafon",c(35.250226, 32.945831)
1153,2018,1,"כישור","כישור",2018-06-19,165.499137704397,1,6,184,"HaZafon",c(35.250226, 32.945831)
1153,2019,1,"כישור","כישור",2019-05-20,165.499137704397,1,5,188,"HaZafon",c(35.250226, 32.945831)
1154,2015,1,"מלכישוע","מלכישוע",2015-03-11,127.176707474255,1,3,140,"HaZafon",c(35.413252, 32.4386115)
1154,2016,1,"מלכישוע","מלכישוע",2016-09-20,127.176707474255,1,9,210,"HaZafon",c(35.413252, 32.4386115)
1154,2018,1,"מלכישוע","מלכישוע",2018-02-10,127.176707474255,1,2,213,"HaZafon",c(35.413252, 32.4386115)
1155,2015,1,"מגן שאול","מגןשאול",2015-03-11,127.685270666056,1,3,610,"HaZafon",c(35.3075854, 32.521065)
1155,2016,1,"מגן שאול","מגןשאול",2016-09-20,127.685270666056,1,9,640,"HaZafon",c(35.3075854, 32.521065)
1156,2016,1,"סמר","סמר",2016-09-20,170.006420516104,1,9,280,"HaDarom",c(35.022771, 29.831908)
1156,2019,1,"סמר","סמר",2019-01-02,170.006420516104,1,1,279,"HaDarom",c(35.022771, 29.831908)
1157,2014,1,"אחווה","אחווה",2014-07-29,29.1905192578089,1,7,250,"HaDarom",c(34.7690869, 31.7432671)
1157,2014,1,"אחווה","אחווה",2014-08-19,29.1905192578089,1,8,250,"HaDarom",c(34.7690869, 31.7432671)
1157,2016,1,"אחווה","אחווה",2016-09-20,29.1905192578089,1,9,340,"HaDarom",c(34.7690869, 31.7432671)
1157,2019,1,"אחווה","אחווה",2019-05-05,29.1905192578089,1,5,303,"HaDarom",c(34.7690869, 31.7432671)
1157,2019,1,"אחווה","אחווה",2019-11-12,29.1905192578089,1,11,303,"HaDarom",c(34.7690869, 31.7432671)
1157,2021,1,"אחווה","אחווה",2021-05-19,29.1905192578089,1,5,279,"HaDarom",c(34.7690869, 31.7432671)
1157,2023,1,"אחווה","אחווה",2023-10-07,29.1905192578089,1,10,NA,"HaDarom",c(34.7690869, 31.7432671)
1160,2016,1,"שכניה","שכניה",2016-09-20,155.72818108261,1,9,780,"HaZafon",c(35.2463795, 32.847946)
1160,2016,1,"שכניה","שכניה",2016-05-31,155.72818108261,1,5,780,"HaZafon",c(35.2463795, 32.847946)
1160,2018,1,"שכניה","שכניה",2018-06-19,155.72818108261,1,6,806,"HaZafon",c(35.2463795, 32.847946)
1160,2019,1,"שכניה","שכניה",2019-05-20,155.72818108261,1,5,814,"HaZafon",c(35.2463795, 32.847946)
1160,2023,1,"שכניה","שכניה",2023-10-13,155.72818108261,1,10,NA,"HaZafon",c(35.2463795, 32.847946)
1161,2014,1,"א זיאדנה דרומית לרהט","אזיאדנהדרומיתלרהט",2014-07-27,20.7572243292498,1,7,60410,"HaDarom",c(34.740095, 31.3670925)
1161,2014,1,"א זיאדנה דרומית לרהט","אזיאדנהדרומיתלרהט",2014-08-20,20.7572243292498,1,8,60410,"HaDarom",c(34.740095, 31.3670925)
1161,2016,1,"א זיאדנה דרומית לרהט","אזיאדנהדרומיתלרהט",2016-09-20,20.7572243292498,1,9,64450,"HaDarom",c(34.740095, 31.3670925)
1161,2017,1,"א זיאדנה דרומית לרהט","אזיאדנהדרומיתלרהט",2017-03-21,20.7572243292498,1,3,66791,"HaDarom",c(34.740095, 31.3670925)
1161,2018,1,"עמוריה","עמוריה",2018-10-16,20.7572243292498,1,10,69032,"HaDarom",c(34.735355, 31.3791312)
1161,2018,1,"א זיאדנה דרומית לרהט","אזיאדנהדרומיתלרהט",2018-11-12,20.7572243292498,1,11,69032,"HaDarom",c(34.740095, 31.3670925)
1161,2019,1,"א זיאדנה דרומית לרהט","אזיאדנהדרומיתלרהט",2019-05-04,20.7572243292498,1,5,71437,"HaDarom",c(34.740095, 31.3670925)
1161,2021,1,"רהט והפזורה","רהטוהפזורה",2021-05-13,20.7572243292498,1,5,76239,"HaDarom",c(34.7506795, 31.3881151)
1161,2023,1,"רהט","רהט",2023-10-07,20.7572243292498,1,10,NA,"HaDarom",c(34.7506795, 31.3881151)
1162,2015,1,"בית רימון","ביתרימון",2015-03-11,153.095248270858,1,3,620,"HaZafon",c(35.328779, 32.7820144)
1162,2016,1,"בית רימון","ביתרימון",2016-09-20,153.095248270858,1,9,660,"HaZafon",c(35.328779, 32.7820144)
1163,2016,1,"מורן","מורן",2016-09-20,169.138999317922,1,9,440,"HaZafon",c(35.3940479, 32.9205475)
1163,2016,1,"מורן","מורן",2016-05-31,169.138999317922,1,5,440,"HaZafon",c(35.3940479, 32.9205475)
1163,2018,1,"מורן","מורן",2018-06-19,169.138999317922,1,6,458,"HaZafon",c(35.3940479, 32.9205475)
1163,2019,1,"מורן","מורן",2019-05-20,169.138999317922,1,5,452,"HaZafon",c(35.3940479, 32.9205475)
1165,2014,1,"שילת","שילת",2014-08-21,59.1122509179559,1,8,650,"HaMerkaz",c(35.0192325, 31.918399)
1165,2015,1,"שילת","שילת",2015-03-23,59.1122509179559,1,3,680,"HaMerkaz",c(35.0192325, 31.918399)
1165,2016,1,"שילת","שילת",2016-09-20,59.1122509179559,1,9,690,"HaMerkaz",c(35.0192325, 31.918399)
1165,2023,1,"שילת","שילת",2023-10-27,59.1122509179559,1,10,NA,"HaMerkaz",c(35.0192325, 31.918399)
1165,2023,1,"שילת","שילת",2023-12-02,59.1122509179559,1,12,NA,"HaMerkaz",c(35.0192325, 31.918399)
1166,2014,1,"כפר רות","כפררות",2014-08-21,58.8596531067077,1,8,200,"HaMerkaz",c(35.0352785, 31.9091589)
1166,2015,1,"כפר רות","כפררות",2015-03-23,58.8596531067077,1,3,210,"HaMerkaz",c(35.0352785, 31.9091589)
1166,2016,1,"כפר רות","כפררות",2016-09-20,58.8596531067077,1,9,220,"HaMerkaz",c(35.0352785, 31.9091589)
1166,2021,1,"כפר רות","כפררות",2021-05-12,58.8596531067077,1,5,284,"HaMerkaz",c(35.0352785, 31.9091589)
1166,2023,1,"כפר רות","כפררות",2023-10-27,58.8596531067077,1,10,NA,"HaMerkaz",c(35.0352785, 31.9091589)
1166,2023,1,"כפר רות","כפררות",2023-12-02,58.8596531067077,1,12,NA,"HaMerkaz",c(35.0352785, 31.9091589)
1167,2014,1,"מעלה שביט","מעלהשביט",2014-08-24,105.968346314921,1,8,4760,"Haifa",c(34.9130043, 32.4883192)
1167,2014,1,"מעלה שביט","מעלהשביט",2014-10-19,105.968346314921,1,10,4760,"Haifa",c(34.9130043, 32.4883192)
1167,2014,1,"מעלה שביט","מעלהשביט",2014-07-29,105.968346314921,1,7,4760,"Haifa",c(34.9130043, 32.4883192)
1167,2016,1,"מעלה שביט","מעלהשביט",2016-09-20,105.968346314921,1,9,4970,"Haifa",c(34.9130043, 32.4883192)
1167,2016,1,"מעלה שביט","מעלהשביט",2016-12-13,105.968346314921,1,12,4970,"Haifa",c(34.9130043, 32.4883192)
1167,2017,1,"מעלה שביט","מעלהשביט",2017-11-26,105.968346314921,1,11,5127,"Haifa",c(34.9130043, 32.4883192)
1171,2016,1,"לוטם","לוטם",2016-05-31,163.580413497326,1,5,720,"HaZafon",c(35.3576765, 32.8830195)
1171,2016,1,"לוטם","לוטם",2016-09-20,163.580413497326,1,9,720,"HaZafon",c(35.3576765, 32.8830195)
1171,2018,1,"לוטם","לוטם",2018-06-19,163.580413497326,1,6,765,"HaZafon",c(35.3576765, 32.8830195)
1171,2019,1,"לוטם","לוטם",2019-05-20,163.580413497326,1,5,782,"HaZafon",c(35.3576765, 32.8830195)
1172,2016,1,"תובל","תובל",2016-09-20,163.692828728069,1,9,310,"HaZafon",c(35.2450029, 32.928143)
1172,2016,1,"תובל","תובל",2016-05-31,163.692828728069,1,5,310,"HaZafon",c(35.2450029, 32.928143)
1172,2018,1,"תובל","תובל",2018-06-19,163.692828728069,1,6,325,"HaZafon",c(35.2450029, 32.928143)
1172,2019,1,"תובל","תובל",2019-05-20,163.692828728069,1,5,319,"HaZafon",c(35.2450029, 32.928143)
1173,2016,1,"לפידות","לפידות",2016-05-31,167.394941254351,1,5,120,"HaZafon",c(35.2621849, 32.9590049)
1173,2016,1,"לפידות","לפידות",2016-09-20,167.394941254351,1,9,120,"HaZafon",c(35.2621849, 32.9590049)
1173,2018,1,"לפידות","לפידות",2018-06-19,167.394941254351,1,6,116,"HaZafon",c(35.2621849, 32.9590049)
1173,2018,1,"לפידות","לפידות",2018-02-10,167.394941254351,1,2,116,"HaZafon",c(35.2621849, 32.9590049)
1173,2019,1,"לפידות","לפידות",2019-05-20,167.394941254351,1,5,128,"HaZafon",c(35.2621849, 32.9590049)
1174,2016,1,"מנוף","מנוף",2016-05-31,155.829719459587,1,5,820,"HaZafon",c(35.237182, 32.854117)
1174,2016,1,"מנוף","מנוף",2016-09-20,155.829719459587,1,9,820,"HaZafon",c(35.237182, 32.854117)
1174,2018,1,"מנוף","מנוף",2018-06-19,155.829719459587,1,6,862,"HaZafon",c(35.237182, 32.854117)
1174,2019,1,"מנוף","מנוף",2019-05-20,155.829719459587,1,5,862,"HaZafon",c(35.237182, 32.854117)
1174,2023,1,"מנוף","מנוף",2023-10-13,155.829719459587,1,10,NA,"HaZafon",c(35.237182, 32.854117)
1175,2016,1,"עידן","עידן",2016-09-20,101.797446958077,1,9,380,"HaDarom",c(35.3007086, 30.8061335)
1175,2019,1,"עידן","עידן",2019-01-02,101.797446958077,1,1,392,"HaDarom",c(35.3007086, 30.8061335)
1176,2016,1,"ספיר","ספיר",2016-09-20,106.411934404822,1,9,390,"HaDarom",c(35.184377, 30.613609)
1176,2019,1,"ספיר","ספיר",2019-01-02,106.411934404822,1,1,447,"HaDarom",c(35.184377, 30.613609)
1178,2016,1,"מורשת","מורשת",2016-09-20,152.618105725032,1,9,1440,"HaZafon",c(35.2341325, 32.8272679)
1178,2016,1,"מורשת","מורשת",2016-05-31,152.618105725032,1,5,1440,"HaZafon",c(35.2341325, 32.8272679)
1178,2018,1,"מורשת","מורשת",2018-06-19,152.618105725032,1,6,1455,"HaZafon",c(35.2341325, 32.8272679)
1178,2019,1,"מורשת","מורשת",2019-05-20,152.618105725032,1,5,1489,"HaZafon",c(35.2341325, 32.8272679)
1178,2023,1,"מורשת","מורשת",2023-10-13,152.618105725032,1,10,NA,"HaZafon",c(35.2341325, 32.8272679)
1179,2016,1,"קורנית","קורנית",2016-05-31,155.488544197814,1,5,880,"HaZafon",c(35.2523315, 32.843647)
1179,2016,1,"קורנית","קורנית",2016-09-20,155.488544197814,1,9,880,"HaZafon",c(35.2523315, 32.843647)
1179,2018,1,"קורנית","קורנית",2018-06-19,155.488544197814,1,6,925,"HaZafon",c(35.2523315, 32.843647)
1179,2019,1,"קורנית","קורנית",2019-05-20,155.488544197814,1,5,927,"HaZafon",c(35.2523315, 32.843647)
1179,2023,1,"קורנית","קורנית",2023-10-13,155.488544197814,1,10,NA,"HaZafon",c(35.2523315, 32.843647)
1180,2016,1,"צביה","צביה",2016-05-31,163.575076671498,1,5,310,"HaZafon",c(35.3314, 32.8893995)
1180,2016,1,"צביה","צביה",2016-09-20,163.575076671498,1,9,310,"HaZafon",c(35.3314, 32.8893995)
1180,2018,1,"צביה","צביה",2018-06-19,163.575076671498,1,6,327,"HaZafon",c(35.3314, 32.8893995)
1180,2019,1,"צביה","צביה",2019-05-20,163.575076671498,1,5,331,"HaZafon",c(35.3314, 32.8893995)
1181,2016,1,"טל אל","טלאל",2016-09-20,160.416272872382,1,9,1120,"HaZafon",c(35.1784815, 32.9261834)
1181,2016,1,"טל אל","טלאל",2016-05-31,160.416272872382,1,5,1120,"HaZafon",c(35.1784815, 32.9261834)
1181,2018,1,"טל אל","טלאל",2018-02-10,160.416272872382,1,2,1174,"HaZafon",c(35.1784815, 32.9261834)
1181,2018,1,"טל אל","טלאל",2018-06-19,160.416272872382,1,6,1174,"HaZafon",c(35.1784815, 32.9261834)
1181,2019,1,"טל אל","טלאל",2019-05-20,160.416272872382,1,5,1186,"HaZafon",c(35.1784815, 32.9261834)
1182,2016,1,"אלון הגליל","אלוןהגליל",2016-09-20,145.592263372039,1,9,1070,"HaZafon",c(35.220052, 32.7570006)
1182,2016,1,"אלון הגליל","אלוןהגליל",2016-05-31,145.592263372039,1,5,1070,"HaZafon",c(35.220052, 32.7570006)
1182,2018,1,"אלון הגליל","אלוןהגליל",2018-06-19,145.592263372039,1,6,1115,"HaZafon",c(35.220052, 32.7570006)
1182,2019,1,"אלון הגליל","אלוןהגליל",2019-05-20,145.592263372039,1,5,1118,"HaZafon",c(35.220052, 32.7570006)
1182,2023,1,"אלון הגליל","אלוןהגליל",2023-10-13,145.592263372039,1,10,NA,"HaZafon",c(35.220052, 32.7570006)
1183,2016,1,"כליל","כליל",2016-09-20,166.45586158292,1,9,630,"HaZafon",c(35.197101, 32.9816176)
1183,2016,1,"כליל","כליל",2016-05-31,166.45586158292,1,5,630,"HaZafon",c(35.197101, 32.9816176)
1183,2018,1,"כפר קליל","כפרקליל",2018-10-16,166.45586158292,1,10,705,"HaZafon",c(35.197101, 32.9816176)
1183,2018,1,"כליל","כליל",2018-06-19,166.45586158292,1,6,705,"HaZafon",c(35.197101, 32.9816176)
1183,2018,1,"כליל","כליל",2018-02-10,166.45586158292,1,2,705,"HaZafon",c(35.197101, 32.9816176)
1183,2019,1,"כליל","כליל",2019-05-20,166.45586158292,1,5,748,"HaZafon",c(35.197101, 32.9816176)
1183,2023,1,"כליל","כליל",2023-12-10,166.45586158292,1,12,NA,"HaZafon",c(35.197101, 32.9816176)
1184,2016,1,"מתת","מתת",2016-12-06,179.191869127507,1,12,200,"HaZafon",c(35.3576599, 33.0403725)
1184,2016,1,"מתת","מתת",2016-09-20,179.191869127507,1,9,200,"HaZafon",c(35.3576599, 33.0403725)
1184,2018,1,"מתת","מתת",2018-02-10,179.191869127507,1,2,191,"HaZafon",c(35.3576599, 33.0403725)
1184,2019,1,"מתת","מתת",2019-05-20,179.191869127507,1,5,191,"HaZafon",c(35.3576599, 33.0403725)
1184,2020,1,"מתת","מתת",2020-08-07,179.191869127507,1,8,220,"HaZafon",c(35.3576599, 33.0403725)
1184,2023,1,"מתת","מתת",2023-12-04,179.191869127507,1,12,NA,"HaZafon",c(35.3576599, 33.0403725)
1184,2023,1,"מתת","מתת",2023-11-05,179.191869127507,1,11,NA,"HaZafon",c(35.3576599, 33.0403725)
1185,2016,1,"פלך","פלך",2016-05-31,163.929219287377,1,5,110,"HaZafon",c(35.2334619, 32.933693)
1185,2016,1,"פלך","פלך",2016-09-20,163.929219287377,1,9,110,"HaZafon",c(35.2334619, 32.933693)
1185,2018,1,"פלך","פלך",2018-06-19,163.929219287377,1,6,139,"HaZafon",c(35.2334619, 32.933693)
1185,2019,1,"פלך","פלך",2019-05-20,163.929219287377,1,5,142,"HaZafon",c(35.2334619, 32.933693)
1186,2015,1,"הושעיה","הושעיה",2015-03-11,148.975998739751,1,3,1930,"HaZafon",c(35.29276, 32.7583735)
1186,2016,1,"הושעיה","הושעיה",2016-09-20,148.975998739751,1,9,1940,"HaZafon",c(35.29276, 32.7583735)
1187,2016,1,"עיר אובות","עיראובות",2016-09-20,96.7437831267593,1,9,0,"HaDarom",c(35.245412, 30.8097619)
1187,2019,1,"עיר אובות","עיראובות",2019-01-02,96.7437831267593,1,1,0,"HaDarom",c(35.245412, 30.8097619)
1188,2016,1,"אשחר","אשחר",2016-09-20,161.7755371992,1,9,870,"HaZafon",c(35.3000005, 32.8864315)
1188,2016,1,"אשחר","אשחר",2016-05-31,161.7755371992,1,5,870,"HaZafon",c(35.3000005, 32.8864315)
1188,2018,1,"אשחר","אשחר",2018-06-19,161.7755371992,1,6,919,"HaZafon",c(35.3000005, 32.8864315)
1188,2019,1,"אשחר","אשחר",2019-05-20,161.7755371992,1,5,965,"HaZafon",c(35.3000005, 32.8864315)
1190,2015,1,"מצפה נטופה","מצפהנטופה",2015-03-11,157.754211948457,1,3,850,"HaZafon",c(35.386005, 32.8025641)
1190,2016,1,"מצפה נטופה","מצפהנטופה",2016-09-20,157.754211948457,1,9,880,"HaZafon",c(35.386005, 32.8025641)
1190,2017,1,"מצפה נטופה","מצפהנטופה",2017-07-18,157.754211948457,1,7,966,"HaZafon",c(35.386005, 32.8025641)
1190,2019,1,"מצפה נטופה","מצפהנטופה",2019-05-20,157.754211948457,1,5,1029,"HaZafon",c(35.386005, 32.8025641)
1191,2016,1,"בר יוחאי","בריוחאי",2016-09-20,179.30695856385,1,9,940,"HaZafon",c(35.4486735, 32.9978399)
1191,2017,1,"בר יוחאי","בריוחאי",2017-07-18,179.30695856385,1,7,1015,"HaZafon",c(35.4486735, 32.9978399)
1191,2018,1,"בר יוחאי","בריוחאי",2018-02-10,179.30695856385,1,2,1062,"HaZafon",c(35.4486735, 32.9978399)
1191,2019,1,"בר יוחאי","בריוחאי",2019-05-20,179.30695856385,1,5,1072,"HaZafon",c(35.4486735, 32.9978399)
1191,2023,1,"בר יוחאי","בריוחאי",2023-11-02,179.30695856385,1,11,NA,"HaZafon",c(35.4486735, 32.9978399)
1192,2016,1,"ערערה בנגב","ערערהבנגב",2016-09-20,57.2036253546936,1,9,16350,"HaDarom",c(35.0179745, 31.1576349)
1192,2017,1,"ערערה בנגב","ערערהבנגב",2017-03-21,57.2036253546936,1,3,16988,"HaDarom",c(35.0179745, 31.1576349)
1192,2019,1,"ערערה בנגב","ערערהבנגב",2019-05-05,57.2036253546936,1,5,18332,"HaDarom",c(35.0179745, 31.1576349)
1192,2021,1,"ערוער - ערערה בנגב","ערוערערערהבנגב",2021-05-12,57.2036253546936,1,5,19682,"HaDarom",c(35.0179745, 31.1576349)
1192,2023,1,"ערערה בנגב","ערערהבנגב",2023-10-28,57.2036253546936,1,10,NA,"HaDarom",c(35.0179745, 31.1576349)
1195,2014,1,"ניצנה כפר נוער","ניצנהכפרנוער",2014-10-19,39.9467415579673,1,10,60,"HaDarom",c(34.4215222, 30.8864847)
1195,2014,1,"ניצנה כפר נוער","ניצנהכפרנוער",2014-07-29,39.9467415579673,1,7,60,"HaDarom",c(34.4215222, 30.8864847)
1195,2014,1,"ניצנה כפר נוער","ניצנהכפרנוער",2014-08-24,39.9467415579673,1,8,60,"HaDarom",c(34.4215222, 30.8864847)
1195,2016,1,"ניצנה כפר נוער","ניצנהכפרנוער",2016-09-20,39.9467415579673,1,9,230,"HaDarom",c(34.4215222, 30.8864847)
1195,2016,1,"ניצנה כפר נוער","ניצנהכפרנוער",2016-12-13,39.9467415579673,1,12,230,"HaDarom",c(34.4215222, 30.8864847)
1195,2017,1,"ניצנה כפר נוער","ניצנהכפרנוער",2017-11-26,39.9467415579673,1,11,224,"HaDarom",c(34.4215222, 30.8864847)
1195,2023,1,"ניצנה","ניצנה",2023-10-07,39.9467415579673,1,10,NA,"HaDarom",c(34.4220775, 30.8854434)
1198,2014,1,"כרמים","כרמים",2014-08-21,39.8763858631655,1,8,310,"HaDarom",c(34.917848, 31.333894)
1198,2014,1,"כרמים","כרמים",2014-07-29,39.8763858631655,1,7,310,"HaDarom",c(34.917848, 31.333894)
1198,2016,1,"כרמים","כרמים",2016-09-20,39.8763858631655,1,9,440,"HaDarom",c(34.917848, 31.333894)
1198,2017,1,"כרמים","כרמים",2017-03-21,39.8763858631655,1,3,466,"HaDarom",c(34.917848, 31.333894)
1198,2018,1,"כרמים","כרמים",2018-11-12,39.8763858631655,1,11,485,"HaDarom",c(34.917848, 31.333894)
1198,2019,1,"כרמים","כרמים",2019-05-04,39.8763858631655,1,5,489,"HaDarom",c(34.917848, 31.333894)
1198,2023,1,"כרמים","כרמים",2023-10-19,39.8763858631655,1,10,NA,"HaDarom",c(34.917848, 31.333894)
1199,2016,1,"עדי","עדי",2016-05-31,146.113641223402,1,5,1930,"HaZafon",c(35.1740971, 32.7828161)
1199,2016,1,"עדי","עדי",2016-09-20,146.113641223402,1,9,1930,"HaZafon",c(35.1740971, 32.7828161)
1199,2018,1,"עדי","עדי",2018-06-19,146.113641223402,1,6,1920,"HaZafon",c(35.1740971, 32.7828161)
1199,2019,1,"עדי","עדי",2019-05-20,146.113641223402,1,5,1910,"HaZafon",c(35.1740971, 32.7828161)
1199,2023,1,"עדי","עדי",2023-10-13,146.113641223402,1,10,NA,"HaZafon",c(35.1740971, 32.7828161)
1200,2015,1,"מודיעין מכבים רעות","מודיעיןמכביםרעות",2015-03-23,52.1846513702096,1,3,88750,"HaMerkaz",c(34.98807, 31.8952745)
1200,2017,1,"גיתית","גיתית",2017-03-17,52.1846513702096,1,3,91328,"HaMerkaz",c(35.0109342, 31.8861104)
1200,2019,1,"מודיעין","מודיעין",2019-11-12,52.1846513702096,1,11,93277,"HaMerkaz",c(34.98807, 31.8952745)
1200,2021,1,"מודיעין","מודיעין",2021-05-13,52.1846513702096,1,5,97097,"HaMerkaz",c(34.98807, 31.8952745)
1200,2022,1,"מודיעין","מודיעין",2022-08-06,52.1846513702096,1,8,99169,"HaMerkaz",c(34.98807, 31.8952745)
1200,2023,1,"מודיעין","מודיעין",2023-10-27,52.1846513702096,1,10,NA,"HaMerkaz",c(34.98807, 31.8952745)
1200,2023,1,"מודיעין","מודיעין",2023-12-02,52.1846513702096,1,12,NA,"HaMerkaz",c(34.98807, 31.8952745)
1201,2016,1,"כמון","כמון",2016-09-20,166.539160674188,1,9,1370,"HaZafon",c(35.359388, 32.9127015)
1201,2016,1,"כמון","כמון",2016-05-31,166.539160674188,1,5,1370,"HaZafon",c(35.359388, 32.9127015)
1201,2018,1,"כמון","כמון",2018-06-19,166.539160674188,1,6,1384,"HaZafon",c(35.359388, 32.9127015)
1201,2019,1,"כמון","כמון",2019-05-20,166.539160674188,1,5,1402,"HaZafon",c(35.359388, 32.9127015)
1202,2016,1,"מכמנים","מכמנים",2016-09-20,165.055662014312,1,9,480,"HaZafon",c(35.3273471, 32.9062005)
1202,2016,1,"מכמנים","מכמנים",2016-05-31,165.055662014312,1,5,480,"HaZafon",c(35.3273471, 32.9062005)
1202,2018,1,"מכמנים","מכמנים",2018-06-19,165.055662014312,1,6,533,"HaZafon",c(35.3273471, 32.9062005)
1202,2019,1,"מכמנים","מכמנים",2019-05-20,165.055662014312,1,5,557,"HaZafon",c(35.3273471, 32.9062005)
1203,2016,1,"הררית","הררית",2016-05-31,160.83172632164,1,5,440,"HaZafon",c(35.3685975, 32.845644)
1203,2016,1,"הררית","הררית",2016-09-20,160.83172632164,1,9,440,"HaZafon",c(35.3685975, 32.845644)
1203,2018,1,"הררית","הררית",2018-06-19,160.83172632164,1,6,509,"HaZafon",c(35.3685975, 32.845644)
1203,2019,1,"הררית","הררית",2019-05-20,160.83172632164,1,5,542,"HaZafon",c(35.3685975, 32.845644)
1204,2016,1,"גילון","גילון",2016-09-20,160.725086450299,1,9,1050,"HaZafon",c(35.2366039, 32.9036455)
1204,2016,1,"גילון","גילון",2016-05-31,160.725086450299,1,5,1050,"HaZafon",c(35.2366039, 32.9036455)
1204,2018,1,"גילון","גילון",2018-06-19,160.725086450299,1,6,1029,"HaZafon",c(35.2366039, 32.9036455)
1204,2019,1,"גילון","גילון",2019-05-20,160.725086450299,1,5,1092,"HaZafon",c(35.2366039, 32.9036455)
1205,2014,1,"מנות","מנות",2014-07-27,172.356128517502,1,7,380,"HaZafon",c(35.194624, 33.0384039)
1205,2016,1,"מנות","מנות",2016-09-20,172.356128517502,1,9,410,"HaZafon",c(35.194624, 33.0384039)
1205,2016,1,"מנות","מנות",2016-12-06,172.356128517502,1,12,410,"HaZafon",c(35.194624, 33.0384039)
1205,2018,1,"מנות","מנות",2018-02-10,172.356128517502,1,2,441,"HaZafon",c(35.194624, 33.0384039)
1205,2019,1,"מנות","מנות",2019-05-20,172.356128517502,1,5,459,"HaZafon",c(35.194624, 33.0384039)
1205,2023,1,"מנות","מנות",2023-11-11,172.356128517502,1,11,NA,"HaZafon",c(35.194624, 33.0384039)
1205,2023,1,"מנות","מנות",2023-04-06,172.356128517502,1,4,NA,"HaZafon",c(35.194624, 33.0384039)
1206,2016,1,"גיתה","גיתה",2016-05-31,167.808618423178,1,5,270,"HaZafon",c(35.249353, 32.9671674)
1206,2016,1,"גיתה","גיתה",2016-09-20,167.808618423178,1,9,270,"HaZafon",c(35.249353, 32.9671674)
1206,2018,1,"גיתה","גיתה",2018-06-19,167.808618423178,1,6,287,"HaZafon",c(35.249353, 32.9671674)
1206,2018,1,"גיתה","גיתה",2018-02-10,167.808618423178,1,2,287,"HaZafon",c(35.249353, 32.9671674)
1206,2019,1,"גיתה","גיתה",2019-05-20,167.808618423178,1,5,291,"HaZafon",c(35.249353, 32.9671674)
1207,2016,1,"לבון","לבון",2016-09-20,166.369205787668,1,9,690,"HaZafon",c(35.285843, 32.942886)
1207,2016,1,"לבון","לבון",2016-05-31,166.369205787668,1,5,690,"HaZafon",c(35.285843, 32.942886)
1207,2018,1,"לבון","לבון",2018-06-19,166.369205787668,1,6,710,"HaZafon",c(35.285843, 32.942886)
1207,2019,1,"לבון","לבון",2019-05-20,166.369205787668,1,5,717,"HaZafon",c(35.285843, 32.942886)
1208,2016,1,"הילה","הילה",2016-12-06,174.302910839308,1,12,580,"HaZafon",c(35.244291, 33.035967)
1208,2016,1,"הילה","הילה",2016-09-20,174.302910839308,1,9,580,"HaZafon",c(35.244291, 33.035967)
1208,2018,1,"הילה","הילה",2018-02-10,174.302910839308,1,2,578,"HaZafon",c(35.244291, 33.035967)
1208,2019,1,"הילה","הילה",2019-05-20,174.302910839308,1,5,588,"HaZafon",c(35.244291, 33.035967)
1208,2023,1,"הילה","הילה",2023-12-08,174.302910839308,1,12,NA,"HaZafon",c(35.244291, 33.035967)
1208,2023,1,"הילה","הילה",2023-04-06,174.302910839308,1,4,NA,"HaZafon",c(35.244291, 33.035967)
1209,2016,1,"חרשים","חרשים",2016-09-20,169.957304340466,1,9,320,"HaZafon",c(35.3285415, 32.956371)
1209,2017,1,"חרשים","חרשים",2017-07-18,169.957304340466,1,7,315,"HaZafon",c(35.3285415, 32.956371)
1209,2019,1,"חרשים","חרשים",2019-05-20,169.957304340466,1,5,333,"HaZafon",c(35.3285415, 32.956371)
1210,2015,1,"כחל","כחל",2015-03-11,172.09122318787,1,3,360,"HaZafon",c(35.5115775, 32.8900455)
1210,2016,1,"כחל","כחל",2016-09-20,172.09122318787,1,9,390,"HaZafon",c(35.5115775, 32.8900455)
1210,2017,1,"כחל","כחל",2017-07-18,172.09122318787,1,7,414,"HaZafon",c(35.5115775, 32.8900455)
1210,2019,1,"כחל","כחל",2019-05-20,172.09122318787,1,5,442,"HaZafon",c(35.5115775, 32.8900455)
1210,2022,1,"כחל","כחל",2022-02-18,172.09122318787,1,2,475,"HaZafon",c(35.5115775, 32.8900455)
1212,2016,1,"עמוקה","עמוקה",2016-09-20,183.114094966929,1,9,130,"HaZafon",c(35.5248074, 32.9980295)
1212,2017,1,"עמוקה","עמוקה",2017-07-18,183.114094966929,1,7,139,"HaZafon",c(35.5248074, 32.9980295)
1212,2018,1,"עמוקה","עמוקה",2018-07-23,183.114094966929,1,7,135,"HaZafon",c(35.5248074, 32.9980295)
1212,2019,1,"עמוקה","עמוקה",2019-05-20,183.114094966929,1,5,132,"HaZafon",c(35.5248074, 32.9980295)
1212,2022,1,"עמוקה","עמוקה",2022-02-18,183.114094966929,1,2,159,"HaZafon",c(35.5248074, 32.9980295)
1212,2023,1,"עמוקה","עמוקה",2023-11-19,183.114094966929,1,11,NA,"HaZafon",c(35.5248074, 32.9980295)
1212,2023,1,"עמוקה","עמוקה",2023-10-13,183.114094966929,1,10,NA,"HaZafon",c(35.5248074, 32.9980295)
1213,2016,1,"צבעון","צבעון",2016-09-20,180.56535877765,1,9,120,"HaZafon",c(35.41742, 33.0269645)
1213,2016,1,"צבעון","צבעון",2016-12-06,180.56535877765,1,12,120,"HaZafon",c(35.41742, 33.0269645)
1213,2018,1,"צבעון","צבעון",2018-02-10,180.56535877765,1,2,245,"HaZafon",c(35.41742, 33.0269645)
1213,2019,1,"צבעון","צבעון",2019-05-20,180.56535877765,1,5,274,"HaZafon",c(35.41742, 33.0269645)
1213,2020,1,"צבעון","צבעון",2020-08-07,180.56535877765,1,8,303,"HaZafon",c(35.41742, 33.0269645)
1213,2023,1,"צבעון","צבעון",2023-11-23,180.56535877765,1,11,NA,"HaZafon",c(35.41742, 33.0269645)
1214,2015,1,"טפחות","טפחות",2015-03-11,165.717297094605,1,3,460,"HaZafon",c(35.4228729, 32.8678459)
1214,2016,1,"טפחות","טפחות",2016-09-20,165.717297094605,1,9,450,"HaZafon",c(35.4228729, 32.8678459)
1214,2017,1,"טפחות","טפחות",2017-07-18,165.717297094605,1,7,463,"HaZafon",c(35.4228729, 32.8678459)
1214,2017,1,"רועי","רועי",2017-03-17,165.717297094605,1,3,463,"HaZafon",c(35.419893, 32.8706875)
1214,2018,1,"רועי","רועי",2018-10-16,165.717297094605,1,10,484,"HaZafon",c(35.419893, 32.8706875)
1214,2019,1,"טפחות","טפחות",2019-05-20,165.717297094605,1,5,478,"HaZafon",c(35.4228729, 32.8678459)
1219,2016,1,"גורנות הגליל","גורנותהגליל",2016-12-06,177.147170545077,1,12,180,"HaZafon",c(35.2502269, 33.0595285)
1219,2016,1,"גורנות הגליל","גורנותהגליל",2016-09-20,177.147170545077,1,9,180,"HaZafon",c(35.2502269, 33.0595285)
1219,2018,1,"גורנות הגליל","גורנותהגליל",2018-02-10,177.147170545077,1,2,186,"HaZafon",c(35.2502269, 33.0595285)
1219,2019,1,"גורנות הגליל","גורנותהגליל",2019-05-20,177.147170545077,1,5,177,"HaZafon",c(35.2502269, 33.0595285)
1219,2023,1,"גורנות הגליל","גורנותהגליל",2023-11-12,177.147170545077,1,11,NA,"HaZafon",c(35.2502269, 33.0595285)
1219,2023,1,"גורנות הגליל","גורנותהגליל",2023-10-10,177.147170545077,1,10,NA,"HaZafon",c(35.2502269, 33.0595285)
1220,2016,1,"אבירים","אבירים",2016-09-20,176.347772936204,1,9,210,"HaZafon",c(35.2869275, 33.0383745)
1220,2016,1,"אבירים","אבירים",2016-12-06,176.347772936204,1,12,210,"HaZafon",c(35.2869275, 33.0383745)
1220,2018,1,"אבירים","אבירים",2018-02-10,176.347772936204,1,2,226,"HaZafon",c(35.2869275, 33.0383745)
1220,2019,1,"אבירים","אבירים",2019-05-20,176.347772936204,1,5,263,"HaZafon",c(35.2869275, 33.0383745)
1220,2020,1,"אבירים","אבירים",2020-08-07,176.347772936204,1,8,270,"HaZafon",c(35.2869275, 33.0383745)
1220,2022,1,"אבירים","אבירים",2022-05-19,176.347772936204,1,5,310,"HaZafon",c(35.2869275, 33.0383745)
1220,2023,1,"אבירים","אבירים",2023-12-08,176.347772936204,1,12,NA,"HaZafon",c(35.2869275, 33.0383745)
1220,2023,1,"אבירים","אבירים",2023-10-19,176.347772936204,1,10,NA,"HaZafon",c(35.2869275, 33.0383745)
1220,2023,1,"אבירים","אבירים",2023-04-06,176.347772936204,1,4,NA,"HaZafon",c(35.2869275, 33.0383745)
1221,2016,1,"צורית","צורית",2016-09-20,161.414721965031,1,9,830,"HaZafon",c(35.250845, 32.904188)
1221,2016,1,"צורית","צורית",2016-05-31,161.414721965031,1,5,830,"HaZafon",c(35.250845, 32.904188)
1221,2018,1,"צורית","צורית",2018-06-19,161.414721965031,1,6,906,"HaZafon",c(35.250845, 32.904188)
1221,2019,1,"צורית","צורית",2019-05-20,161.414721965031,1,5,901,"HaZafon",c(35.250845, 32.904188)
1222,2016,1,"מצפה אבי""ב","מצפהאביב",2016-09-20,152.258056766758,1,9,990,"HaZafon",c(35.199203, 32.83559)
1222,2016,1,"מצפה אבי""ב","מצפהאביב",2016-05-31,152.258056766758,1,5,990,"HaZafon",c(35.199203, 32.83559)
1222,2018,1,"מצפה אבי""ב","מצפהאביב",2018-06-19,152.258056766758,1,6,1024,"HaZafon",c(35.199203, 32.83559)
1222,2019,1,"מצפה אבי""ב","מצפהאביב",2019-05-20,152.258056766758,1,5,1070,"HaZafon",c(35.199203, 32.83559)
1223,2014,1,"שדי אברהם","שדיאברהם",2014-08-24,4.03140923457837,1,8,330,"HaDarom",c(34.3387369, 31.2113185)
1223,2014,1,"שדי אברהם","שדיאברהם",2014-07-30,4.03140923457837,1,7,330,"HaDarom",c(34.3387369, 31.2113185)
1223,2015,1,"שדי אברהם","שדיאברהם",2015-10-10,4.03140923457837,1,10,340,"HaDarom",c(34.3387369, 31.2113185)
1223,2016,1,"שדי אברהם","שדיאברהם",2016-09-20,4.03140923457837,1,9,350,"HaDarom",c(34.3387369, 31.2113185)
1223,2017,1,"שדי אברהם","שדיאברהם",2017-10-15,4.03140923457837,1,10,357,"HaDarom",c(34.3387369, 31.2113185)
1223,2017,1,"שדי אברהם","שדיאברהם",2017-04-10,4.03140923457837,1,4,357,"HaDarom",c(34.3387369, 31.2113185)
1223,2018,1,"שדי אברהם","שדיאברהם",2018-06-20,4.03140923457837,1,6,362,"HaDarom",c(34.3387369, 31.2113185)
1223,2018,1,"שדי אברהם","שדיאברהם",2018-07-14,4.03140923457837,1,7,362,"HaDarom",c(34.3387369, 31.2113185)
1223,2018,1,"שדי אברהם","שדיאברהם",2018-08-08,4.03140923457837,1,8,362,"HaDarom",c(34.3387369, 31.2113185)
1223,2018,1,"שדי אברהם","שדיאברהם",2018-02-03,4.03140923457837,1,2,362,"HaDarom",c(34.3387369, 31.2113185)
1223,2018,1,"שדי אברהם","שדיאברהם",2018-05-29,4.03140923457837,1,5,362,"HaDarom",c(34.3387369, 31.2113185)
1223,2018,1,"שדי אברהם","שדיאברהם",2018-11-12,4.03140923457837,1,11,362,"HaDarom",c(34.3387369, 31.2113185)
1223,2019,1,"שדי אברהם","שדיאברהם",2019-03-08,4.03140923457837,1,3,358,"HaDarom",c(34.3387369, 31.2113185)
1223,2019,1,"שדי אברהם","שדיאברהם",2019-02-06,4.03140923457837,1,2,358,"HaDarom",c(34.3387369, 31.2113185)
1223,2019,1,"שדה אברהם","שדהאברהם",2019-11-13,4.03140923457837,1,11,358,"HaDarom",c(34.3387369, 31.2113185)
1223,2019,1,"שדי אברהם","שדיאברהם",2019-05-04,4.03140923457837,1,5,358,"HaDarom",c(34.3387369, 31.2113185)
1223,2021,1,"שדה אברהם","שדהאברהם",2021-05-19,4.03140923457837,1,5,367,"HaDarom",c(34.3387369, 31.2113185)
1223,2021,1,"שדה אברהם","שדהאברהם",2021-04-16,4.03140923457837,1,4,367,"HaDarom",c(34.3387369, 31.2113185)
1223,2022,1,"שדה אברהם","שדהאברהם",2022-08-07,4.03140923457837,1,8,360,"HaDarom",c(34.3387369, 31.2113185)
1223,2023,1,"שדה אברהם","שדהאברהם",2023-12-03,4.03140923457837,1,12,NA,"HaDarom",c(34.3387369, 31.2113185)
1223,2023,1,"שדה אברהם","שדהאברהם",2023-11-05,4.03140923457837,1,11,NA,"HaDarom",c(34.3387369, 31.2113185)
1223,2023,1,"שדה אברהם","שדהאברהם",2023-10-19,4.03140923457837,1,10,NA,"HaDarom",c(34.3387369, 31.2113185)
1223,2023,1,"שדה אברהם","שדהאברהם",2023-05-12,4.03140923457837,1,5,NA,"HaDarom",c(34.3387369, 31.2113185)
1225,2015,1,"רביד","רביד",2015-03-11,166.189840815421,1,3,90,"HaZafon",c(35.4625945, 32.851165)
1225,2016,1,"רביד","רביד",2016-09-20,166.189840815421,1,9,90,"HaZafon",c(35.4625945, 32.851165)
1225,2017,1,"רביד","רביד",2017-07-18,166.189840815421,1,7,92,"HaZafon",c(35.4625945, 32.851165)
1225,2019,1,"רביד","רביד",2019-05-20,166.189840815421,1,5,114,"HaZafon",c(35.4625945, 32.851165)
1226,2016,1,"יובלים","יובלים",2016-09-20,159.227056444412,1,9,1120,"HaZafon",c(35.2708255, 32.8775039)
1226,2016,1,"יובלים","יובלים",2016-05-31,159.227056444412,1,5,1120,"HaZafon",c(35.2708255, 32.8775039)
1226,2018,1,"יובלים","יובלים",2018-06-19,159.227056444412,1,6,1105,"HaZafon",c(35.2708255, 32.8775039)
1226,2019,1,"יובלים","יובלים",2019-05-20,159.227056444412,1,5,1093,"HaZafon",c(35.2708255, 32.8775039)
1227,2014,1,"יתד","יתד",2014-08-14,4.08819711966603,1,8,320,"HaDarom",c(34.32613, 31.2061345)
1227,2014,1,"יתד","יתד",2014-07-30,4.08819711966603,1,7,320,"HaDarom",c(34.32613, 31.2061345)
1227,2015,1,"יתד","יתד",2015-10-10,4.08819711966603,1,10,330,"HaDarom",c(34.32613, 31.2061345)
1227,2016,1,"יתד","יתד",2016-09-20,4.08819711966603,1,9,370,"HaDarom",c(34.32613, 31.2061345)
1227,2017,1,"יתד","יתד",2017-04-10,4.08819711966603,1,4,420,"HaDarom",c(34.32613, 31.2061345)
1227,2017,1,"יתד","יתד",2017-10-15,4.08819711966603,1,10,420,"HaDarom",c(34.32613, 31.2061345)
1227,2018,1,"יתד","יתד",2018-02-17,4.08819711966603,1,2,462,"HaDarom",c(34.32613, 31.2061345)
1227,2018,1,"יתד","יתד",2018-06-20,4.08819711966603,1,6,462,"HaDarom",c(34.32613, 31.2061345)
1227,2018,1,"יתד","יתד",2018-11-12,4.08819711966603,1,11,462,"HaDarom",c(34.32613, 31.2061345)
1227,2018,1,"יתד","יתד",2018-08-08,4.08819711966603,1,8,462,"HaDarom",c(34.32613, 31.2061345)
1227,2018,1,"יתד","יתד",2018-07-14,4.08819711966603,1,7,462,"HaDarom",c(34.32613, 31.2061345)
1227,2018,1,"יתד","יתד",2018-05-30,4.08819711966603,1,5,462,"HaDarom",c(34.32613, 31.2061345)
1227,2019,1,"יתד","יתד",2019-03-08,4.08819711966603,1,3,508,"HaDarom",c(34.32613, 31.2061345)
1227,2019,1,"יתד","יתד",2019-02-06,4.08819711966603,1,2,508,"HaDarom",c(34.32613, 31.2061345)
1227,2019,1,"יתד","יתד",2019-05-05,4.08819711966603,1,5,508,"HaDarom",c(34.32613, 31.2061345)
1227,2019,1,"יתד","יתד",2019-11-13,4.08819711966603,1,11,508,"HaDarom",c(34.32613, 31.2061345)
1227,2020,1,"יתד","יתד",2020-02-06,4.08819711966603,1,2,538,"HaDarom",c(34.32613, 31.2061345)
1227,2021,1,"יתד","יתד",2021-05-11,4.08819711966603,1,5,563,"HaDarom",c(34.32613, 31.2061345)
1227,2022,1,"יתד","יתד",2022-08-07,4.08819711966603,1,8,570,"HaDarom",c(34.32613, 31.2061345)
1227,2023,1,"יתד","יתד",2023-12-03,4.08819711966603,1,12,NA,"HaDarom",c(34.32613, 31.2061345)
1227,2023,1,"יתד","יתד",2023-10-21,4.08819711966603,1,10,NA,"HaDarom",c(34.32613, 31.2061345)
1227,2023,1,"יתד","יתד",2023-05-13,4.08819711966603,1,5,NA,"HaDarom",c(34.32613, 31.2061345)
1227,2023,1,"יתד","יתד",2023-11-05,4.08819711966603,1,11,NA,"HaDarom",c(34.32613, 31.2061345)
1227,2023,1,"יתד","יתד",2023-04-07,4.08819711966603,1,4,NA,"HaDarom",c(34.32613, 31.2061345)
1228,2016,1,"רקפת","רקפת",2016-09-20,157.000252415421,1,9,940,"HaZafon",c(35.2644004, 32.8551105)
1228,2016,1,"רקפת","רקפת",2016-05-31,157.000252415421,1,5,940,"HaZafon",c(35.2644004, 32.8551105)
1228,2018,1,"רקפת","רקפת",2018-06-19,157.000252415421,1,6,1048,"HaZafon",c(35.2644004, 32.8551105)
1228,2019,1,"רקפת","רקפת",2019-05-20,157.000252415421,1,5,1057,"HaZafon",c(35.2644004, 32.8551105)
1228,2023,1,"רקפת","רקפת",2023-10-13,157.000252415421,1,10,NA,"HaZafon",c(35.2644004, 32.8551105)
1229,2015,1,"כלנית","כלנית",2015-03-11,168.104815859144,1,3,200,"HaZafon",c(35.4536474, 32.875043)
1229,2016,1,"כלנית","כלנית",2016-09-20,168.104815859144,1,9,220,"HaZafon",c(35.4536474, 32.875043)
1229,2017,1,"כלנית","כלנית",2017-07-18,168.104815859144,1,7,220,"HaZafon",c(35.4536474, 32.875043)
1229,2019,1,"כלנית","כלנית",2019-05-20,168.104815859144,1,5,238,"HaZafon",c(35.4536474, 32.875043)
1230,2015,1,"לבנים","לבנים",2015-03-11,168.736609184603,1,3,420,"HaZafon",c(35.4964015, 32.8628485)
1230,2016,1,"לבנים","לבנים",2016-09-20,168.736609184603,1,9,420,"HaZafon",c(35.4964015, 32.8628485)
1230,2017,1,"לבנים","לבנים",2017-07-18,168.736609184603,1,7,421,"HaZafon",c(35.4964015, 32.8628485)
1230,2019,1,"לבנים","לבנים",2019-05-20,168.736609184603,1,5,427,"HaZafon",c(35.4964015, 32.8628485)
1231,2014,1,"פרי גן","פריגן",2014-08-20,3.46031348337148,1,8,220,"HaDarom",c(34.3556376, 31.221188)
1231,2014,1,"פרי גן","פריגן",2014-07-28,3.46031348337148,1,7,220,"HaDarom",c(34.3556376, 31.221188)
1231,2015,1,"פרי גן","פריגן",2015-10-10,3.46031348337148,1,10,230,"HaDarom",c(34.3556376, 31.221188)
1231,2016,1,"פרי גן","פריגן",2016-09-20,3.46031348337148,1,9,240,"HaDarom",c(34.3556376, 31.221188)
1231,2017,1,"פרי גן","פריגן",2017-04-10,3.46031348337148,1,4,241,"HaDarom",c(34.3556376, 31.221188)
1231,2017,1,"פרי גן","פריגן",2017-10-08,3.46031348337148,1,10,241,"HaDarom",c(34.3556376, 31.221188)
1231,2018,1,"פרי גן","פריגן",2018-07-14,3.46031348337148,1,7,242,"HaDarom",c(34.3556376, 31.221188)
1231,2018,1,"פרי גן","פריגן",2018-02-03,3.46031348337148,1,2,242,"HaDarom",c(34.3556376, 31.221188)
1231,2018,1,"פרי גן","פריגן",2018-06-20,3.46031348337148,1,6,242,"HaDarom",c(34.3556376, 31.221188)
1231,2018,1,"פרי גן","פריגן",2018-05-30,3.46031348337148,1,5,242,"HaDarom",c(34.3556376, 31.221188)
1231,2018,1,"פרי גן","פריגן",2018-11-12,3.46031348337148,1,11,242,"HaDarom",c(34.3556376, 31.221188)
1231,2018,1,"פרי גן","פריגן",2018-08-08,3.46031348337148,1,8,242,"HaDarom",c(34.3556376, 31.221188)
1231,2019,1,"פרי גן","פריגן",2019-03-06,3.46031348337148,1,3,246,"HaDarom",c(34.3556376, 31.221188)
1231,2019,1,"פרי גן","פריגן",2019-02-06,3.46031348337148,1,2,246,"HaDarom",c(34.3556376, 31.221188)
1231,2019,1,"פרי גן","פריגן",2019-11-12,3.46031348337148,1,11,246,"HaDarom",c(34.3556376, 31.221188)
1231,2019,1,"פרי גן","פריגן",2019-05-05,3.46031348337148,1,5,246,"HaDarom",c(34.3556376, 31.221188)
1231,2020,1,"פרי גן","פריגן",2020-02-24,3.46031348337148,1,2,245,"HaDarom",c(34.3556376, 31.221188)
1231,2021,1,"פרי גן","פריגן",2021-05-13,3.46031348337148,1,5,252,"HaDarom",c(34.3556376, 31.221188)
1231,2022,1,"פרי גן","פריגן",2022-08-07,3.46031348337148,1,8,249,"HaDarom",c(34.3556376, 31.221188)
1231,2023,1,"פרי גן","פריגן",2023-10-28,3.46031348337148,1,10,NA,"HaDarom",c(34.3556376, 31.221188)
1231,2023,1,"פרי גן","פריגן",2023-12-10,3.46031348337148,1,12,NA,"HaDarom",c(34.3556376, 31.221188)
1231,2023,1,"פרי גן","פריגן",2023-11-22,3.46031348337148,1,11,NA,"HaDarom",c(34.3556376, 31.221188)
1231,2023,1,"פרי גן","פריגן",2023-05-12,3.46031348337148,1,5,NA,"HaDarom",c(34.3556376, 31.221188)
1232,2014,1,"יבול","יבול",2014-08-24,4.31658155079948,1,8,360,"HaDarom",c(34.3177805, 31.1892995)
1232,2014,1,"יבול","יבול",2014-07-28,4.31658155079948,1,7,360,"HaDarom",c(34.3177805, 31.1892995)
1232,2015,1,"יבול","יבול",2015-10-10,4.31658155079948,1,10,350,"HaDarom",c(34.3177805, 31.1892995)
1232,2016,1,"יבול","יבול",2016-09-20,4.31658155079948,1,9,350,"HaDarom",c(34.3177805, 31.1892995)
1232,2017,1,"יבול","יבול",2017-04-10,4.31658155079948,1,4,345,"HaDarom",c(34.3177805, 31.1892995)
1232,2017,1,"יבול","יבול",2017-10-08,4.31658155079948,1,10,345,"HaDarom",c(34.3177805, 31.1892995)
1232,2018,1,"יבול","יבול",2018-05-29,4.31658155079948,1,5,340,"HaDarom",c(34.3177805, 31.1892995)
1232,2018,1,"יבול","יבול",2018-06-20,4.31658155079948,1,6,340,"HaDarom",c(34.3177805, 31.1892995)
1232,2018,1,"יבול","יבול",2018-07-14,4.31658155079948,1,7,340,"HaDarom",c(34.3177805, 31.1892995)
1232,2018,1,"יבול","יבול",2018-11-12,4.31658155079948,1,11,340,"HaDarom",c(34.3177805, 31.1892995)
1232,2018,1,"יבול","יבול",2018-02-03,4.31658155079948,1,2,340,"HaDarom",c(34.3177805, 31.1892995)
1232,2018,1,"יבול","יבול",2018-08-08,4.31658155079948,1,8,340,"HaDarom",c(34.3177805, 31.1892995)
1232,2019,1,"יבול","יבול",2019-11-13,4.31658155079948,1,11,338,"HaDarom",c(34.3177805, 31.1892995)
1232,2019,1,"יבול","יבול",2019-03-26,4.31658155079948,1,3,338,"HaDarom",c(34.3177805, 31.1892995)
1232,2019,1,"יבול","יבול",2019-02-06,4.31658155079948,1,2,338,"HaDarom",c(34.3177805, 31.1892995)
1232,2019,1,"יבול","יבול",2019-05-05,4.31658155079948,1,5,338,"HaDarom",c(34.3177805, 31.1892995)
1232,2021,1,"יבול","יבול",2021-09-10,4.31658155079948,1,9,352,"HaDarom",c(34.3177805, 31.1892995)
1232,2021,1,"יבול","יבול",2021-05-12,4.31658155079948,1,5,352,"HaDarom",c(34.3177805, 31.1892995)
1232,2022,1,"יבול","יבול",2022-08-07,4.31658155079948,1,8,352,"HaDarom",c(34.3177805, 31.1892995)
1232,2023,1,"יבול","יבול",2023-05-12,4.31658155079948,1,5,NA,"HaDarom",c(34.3177805, 31.1892995)
1232,2023,1,"יבול","יבול",2023-10-11,4.31658155079948,1,10,NA,"HaDarom",c(34.3177805, 31.1892995)
1232,2023,1,"יבול","יבול",2023-11-05,4.31658155079948,1,11,NA,"HaDarom",c(34.3177805, 31.1892995)
1235,2016,1,"שורשים","שורשים",2016-09-20,160.619828726194,1,9,510,"HaZafon",c(35.2578405, 32.893852)
1235,2016,1,"שורשים","שורשים",2016-05-31,160.619828726194,1,5,510,"HaZafon",c(35.2578405, 32.893852)
1235,2018,1,"שורשים","שורשים",2018-06-19,160.619828726194,1,6,498,"HaZafon",c(35.2578405, 32.893852)
1235,2019,1,"שורשים","שורשים",2019-05-20,160.619828726194,1,5,517,"HaZafon",c(35.2578405, 32.893852)
1237,2014,1,"תלמי יוסף","תלמייוסף",2014-08-04,5.92745396544979,1,8,300,"HaDarom",c(34.3622954, 31.2006139)
1237,2014,1,"תלמי יוסף","תלמייוסף",2014-07-28,5.92745396544979,1,7,300,"HaDarom",c(34.3622954, 31.2006139)
1237,2015,1,"תלמי יוסף","תלמייוסף",2015-10-10,5.92745396544979,1,10,300,"HaDarom",c(34.3622954, 31.2006139)
1237,2016,1,"תלמי יוסף","תלמייוסף",2016-09-20,5.92745396544979,1,9,310,"HaDarom",c(34.3622954, 31.2006139)
1237,2017,1,"תלמי יוסף","תלמייוסף",2017-10-15,5.92745396544979,1,10,321,"HaDarom",c(34.3622954, 31.2006139)
1237,2017,1,"תלמי יוסף","תלמייוסף",2017-04-10,5.92745396544979,1,4,321,"HaDarom",c(34.3622954, 31.2006139)
1237,2018,1,"תלמי יוסף","תלמייוסף",2018-05-30,5.92745396544979,1,5,324,"HaDarom",c(34.3622954, 31.2006139)
1237,2018,1,"תלמי יוסף","תלמייוסף",2018-08-08,5.92745396544979,1,8,324,"HaDarom",c(34.3622954, 31.2006139)
1237,2018,1,"תלמי יוסף","תלמייוסף",2018-06-20,5.92745396544979,1,6,324,"HaDarom",c(34.3622954, 31.2006139)
1237,2018,1,"תלמי יוסף","תלמייוסף",2018-07-19,5.92745396544979,1,7,324,"HaDarom",c(34.3622954, 31.2006139)
1237,2018,1,"תלמי יוסף","תלמייוסף",2018-02-17,5.92745396544979,1,2,324,"HaDarom",c(34.3622954, 31.2006139)
1237,2018,1,"תלמי יוסף","תלמייוסף",2018-11-11,5.92745396544979,1,11,324,"HaDarom",c(34.3622954, 31.2006139)
1237,2019,1,"תלמי יוסף","תלמייוסף",2019-02-06,5.92745396544979,1,2,329,"HaDarom",c(34.3622954, 31.2006139)
1237,2019,1,"תלמי יוסף","תלמייוסף",2019-03-26,5.92745396544979,1,3,329,"HaDarom",c(34.3622954, 31.2006139)
1237,2019,1,"תלמי יוסף","תלמייוסף",2019-11-13,5.92745396544979,1,11,329,"HaDarom",c(34.3622954, 31.2006139)
1237,2019,1,"תלמי יוסף","תלמייוסף",2019-05-04,5.92745396544979,1,5,329,"HaDarom",c(34.3622954, 31.2006139)
1237,2021,1,"תלמי יוסף","תלמייוסף",2021-05-11,5.92745396544979,1,5,339,"HaDarom",c(34.3622954, 31.2006139)
1237,2022,1,"תלמי יוסף","תלמייוסף",2022-08-07,5.92745396544979,1,8,331,"HaDarom",c(34.3622954, 31.2006139)
1237,2023,1,"תלמי יוסף","תלמייוסף",2023-12-03,5.92745396544979,1,12,NA,"HaDarom",c(34.3622954, 31.2006139)
1237,2023,1,"תלמי יוסף","תלמייוסף",2023-10-09,5.92745396544979,1,10,NA,"HaDarom",c(34.3622954, 31.2006139)
1237,2023,1,"תלמי יוסף","תלמייוסף",2023-05-12,5.92745396544979,1,5,NA,"HaDarom",c(34.3622954, 31.2006139)
1238,2014,1,"סופה","סופה",2014-08-23,2.31603366344122,1,8,240,"HaDarom",c(34.3407275, 31.235935)
1238,2014,1,"סופה","סופה",2014-07-31,2.31603366344122,1,7,240,"HaDarom",c(34.3407275, 31.235935)
1238,2015,1,"סופה","סופה",2015-10-10,2.31603366344122,1,10,230,"HaDarom",c(34.3407275, 31.235935)
1238,2016,1,"סופה","סופה",2016-05-18,2.31603366344122,1,5,210,"HaDarom",c(34.3407275, 31.235935)
1238,2016,1,"סופה","סופה",2016-09-20,2.31603366344122,1,9,210,"HaDarom",c(34.3407275, 31.235935)
1238,2017,1,"סופה","סופה",2017-10-08,2.31603366344122,1,10,199,"HaDarom",c(34.3407275, 31.235935)
1238,2018,1,"סופה","סופה",2018-11-12,2.31603366344122,1,11,204,"HaDarom",c(34.3407275, 31.235935)
1238,2018,1,"סופה","סופה",2018-08-09,2.31603366344122,1,8,204,"HaDarom",c(34.3407275, 31.235935)
1238,2018,1,"סופה","סופה",2018-02-03,2.31603366344122,1,2,204,"HaDarom",c(34.3407275, 31.235935)
1238,2018,1,"סופה","סופה",2018-05-29,2.31603366344122,1,5,204,"HaDarom",c(34.3407275, 31.235935)
1238,2018,1,"סופה","סופה",2018-07-14,2.31603366344122,1,7,204,"HaDarom",c(34.3407275, 31.235935)
1238,2018,1,"סופה","סופה",2018-10-27,2.31603366344122,1,10,204,"HaDarom",c(34.3407275, 31.235935)
1238,2018,1,"סופה","סופה",2018-06-20,2.31603366344122,1,6,204,"HaDarom",c(34.3407275, 31.235935)
1238,2019,1,"סופה","סופה",2019-07-12,2.31603366344122,1,7,211,"HaDarom",c(34.3407275, 31.235935)
1238,2019,1,"סופה","סופה",2019-02-06,2.31603366344122,1,2,211,"HaDarom",c(34.3407275, 31.235935)
1238,2019,1,"סופה","סופה",2019-11-13,2.31603366344122,1,11,211,"HaDarom",c(34.3407275, 31.235935)
1238,2019,1,"סופה","סופה",2019-05-04,2.31603366344122,1,5,211,"HaDarom",c(34.3407275, 31.235935)
1238,2019,1,"סופה","סופה",2019-03-25,2.31603366344122,1,3,211,"HaDarom",c(34.3407275, 31.235935)
1238,2020,1,"סופה","סופה",2020-01-31,2.31603366344122,1,1,219,"HaDarom",c(34.3407275, 31.235935)
1238,2020,1,"סופה","סופה",2020-02-24,2.31603366344122,1,2,219,"HaDarom",c(34.3407275, 31.235935)
1238,2021,1,"סופה","סופה",2021-05-12,2.31603366344122,1,5,227,"HaDarom",c(34.3407275, 31.235935)
1238,2022,1,"סופה","סופה",2022-08-07,2.31603366344122,1,8,233,"HaDarom",c(34.3407275, 31.235935)
1238,2023,1,"סופה","סופה",2023-05-13,2.31603366344122,1,5,NA,"HaDarom",c(34.3407275, 31.235935)
1238,2023,1,"סופה","סופה",2023-12-04,2.31603366344122,1,12,NA,"HaDarom",c(34.3407275, 31.235935)
1238,2023,1,"סופה","סופה",2023-11-22,2.31603366344122,1,11,NA,"HaDarom",c(34.3407275, 31.235935)
1238,2023,1,"סופה","סופה",2023-10-07,2.31603366344122,1,10,NA,"HaDarom",c(34.3407275, 31.235935)
1239,2014,1,"חולית","חולית",2014-12-19,2.00941208957253,1,12,130,"HaDarom",c(34.3267411, 31.23004)
1239,2014,1,"חולית","חולית",2014-07-28,2.00941208957253,1,7,130,"HaDarom",c(34.3267411, 31.23004)
1239,2014,1,"חולית","חולית",2014-08-23,2.00941208957253,1,8,130,"HaDarom",c(34.3267411, 31.23004)
1239,2015,1,"חולית","חולית",2015-10-10,2.00941208957253,1,10,150,"HaDarom",c(34.3267411, 31.23004)
1239,2016,1,"חולית","חולית",2016-05-18,2.00941208957253,1,5,150,"HaDarom",c(34.3267411, 31.23004)
1239,2016,1,"חולית","חולית",2016-09-20,2.00941208957253,1,9,150,"HaDarom",c(34.3267411, 31.23004)
1239,2017,1,"חולית","חולית",2017-10-08,2.00941208957253,1,10,163,"HaDarom",c(34.3267411, 31.23004)
1239,2018,1,"חולית","חולית",2018-05-30,2.00941208957253,1,5,164,"HaDarom",c(34.3267411, 31.23004)
1239,2018,1,"חולית","חולית",2018-07-19,2.00941208957253,1,7,164,"HaDarom",c(34.3267411, 31.23004)
1239,2018,1,"חולית","חולית",2018-06-20,2.00941208957253,1,6,164,"HaDarom",c(34.3267411, 31.23004)
1239,2018,1,"חולית","חולית",2018-02-03,2.00941208957253,1,2,164,"HaDarom",c(34.3267411, 31.23004)
1239,2018,1,"חולית","חולית",2018-08-09,2.00941208957253,1,8,164,"HaDarom",c(34.3267411, 31.23004)
1239,2018,1,"חולית","חולית",2018-10-27,2.00941208957253,1,10,164,"HaDarom",c(34.3267411, 31.23004)
1239,2018,1,"חולית","חולית",2018-11-11,2.00941208957253,1,11,164,"HaDarom",c(34.3267411, 31.23004)
1239,2019,1,"חולית","חולית",2019-11-13,2.00941208957253,1,11,169,"HaDarom",c(34.3267411, 31.23004)
1239,2019,1,"חולית","חולית",2019-05-05,2.00941208957253,1,5,169,"HaDarom",c(34.3267411, 31.23004)
1239,2019,1,"חולית","חולית",2019-02-06,2.00941208957253,1,2,169,"HaDarom",c(34.3267411, 31.23004)
1239,2019,1,"חולית","חולית",2019-03-25,2.00941208957253,1,3,169,"HaDarom",c(34.3267411, 31.23004)
1239,2020,1,"חולית","חולית",2020-02-24,2.00941208957253,1,2,206,"HaDarom",c(34.3267411, 31.23004)
1239,2021,1,"חולית","חולית",2021-05-18,2.00941208957253,1,5,203,"HaDarom",c(34.3267411, 31.23004)
1239,2021,1,"חולית","חולית",2021-04-16,2.00941208957253,1,4,203,"HaDarom",c(34.3267411, 31.23004)
1239,2022,1,"חולית","חולית",2022-08-07,2.00941208957253,1,8,210,"HaDarom",c(34.3267411, 31.23004)
1239,2023,1,"חולית","חולית",2023-11-01,2.00941208957253,1,11,NA,"HaDarom",c(34.3267411, 31.23004)
1239,2023,1,"חולית","חולית",2023-12-01,2.00941208957253,1,12,NA,"HaDarom",c(34.3267411, 31.23004)
1239,2023,1,"חולית","חולית",2023-05-10,2.00941208957253,1,5,NA,"HaDarom",c(34.3267411, 31.23004)
1239,2023,1,"חולית","חולית",2023-10-07,2.00941208957253,1,10,NA,"HaDarom",c(34.3267411, 31.23004)
1240,2014,1,"עין הבשור","עיןהבשור",2014-08-26,5.95148642537366,1,8,1090,"HaDarom",c(34.4424311, 31.2814176)
1240,2014,1,"עין הבשור","עיןהבשור",2014-07-31,5.95148642537366,1,7,1090,"HaDarom",c(34.4424311, 31.2814176)
1240,2016,1,"עין הבשור","עיןהבשור",2016-09-20,5.95148642537366,1,9,1180,"HaDarom",c(34.4424311, 31.2814176)
1240,2017,1,"עין הבשור","עיןהבשור",2017-10-15,5.95148642537366,1,10,1172,"HaDarom",c(34.4424311, 31.2814176)
1240,2017,1,"עין הבשור","עיןהבשור",2017-03-19,5.95148642537366,1,3,1172,"HaDarom",c(34.4424311, 31.2814176)
1240,2018,1,"עין הבשור","עיןהבשור",2018-08-08,5.95148642537366,1,8,1156,"HaDarom",c(34.4424311, 31.2814176)
1240,2018,1,"עין הבשור","עיןהבשור",2018-07-14,5.95148642537366,1,7,1156,"HaDarom",c(34.4424311, 31.2814176)
1240,2018,1,"עין הבשור","עיןהבשור",2018-11-12,5.95148642537366,1,11,1156,"HaDarom",c(34.4424311, 31.2814176)
1240,2018,1,"עין הבשור","עיןהבשור",2018-10-27,5.95148642537366,1,10,1156,"HaDarom",c(34.4424311, 31.2814176)
1240,2018,1,"עין הבשור","עיןהבשור",2018-05-30,5.95148642537366,1,5,1156,"HaDarom",c(34.4424311, 31.2814176)
1240,2019,1,"עין הבשור","עיןהבשור",2019-03-25,5.95148642537366,1,3,1146,"HaDarom",c(34.4424311, 31.2814176)
1240,2019,1,"עין הבשור","עיןהבשור",2019-05-05,5.95148642537366,1,5,1146,"HaDarom",c(34.4424311, 31.2814176)
1240,2021,1,"עין הבשור","עיןהבשור",2021-05-19,5.95148642537366,1,5,1114,"HaDarom",c(34.4424311, 31.2814176)
1240,2022,1,"עין הבשור","עיןהבשור",2022-08-06,5.95148642537366,1,8,1109,"HaDarom",c(34.4424311, 31.2814176)
1240,2023,1,"עין הבשור","עיןהבשור",2023-01-27,5.95148642537366,1,1,NA,"HaDarom",c(34.4424311, 31.2814176)
1240,2023,1,"עין הבשור","עיןהבשור",2023-10-20,5.95148642537366,1,10,NA,"HaDarom",c(34.4424311, 31.2814176)
1240,2023,1,"עין הבשור","עיןהבשור",2023-12-02,5.95148642537366,1,12,NA,"HaDarom",c(34.4424311, 31.2814176)
1240,2023,1,"עין הבשור","עיןהבשור",2023-05-12,5.95148642537366,1,5,NA,"HaDarom",c(34.4424311, 31.2814176)
1241,2014,1,"דקל","דקל",2014-07-30,5.60203727001,1,7,300,"HaDarom",c(34.3478439, 31.196468)
1241,2014,1,"דקל","דקל",2014-08-24,5.60203727001,1,8,300,"HaDarom",c(34.3478439, 31.196468)
1241,2015,1,"דקל","דקל",2015-10-10,5.60203727001,1,10,310,"HaDarom",c(34.3478439, 31.196468)
1241,2016,1,"דקל","דקל",2016-09-20,5.60203727001,1,9,310,"HaDarom",c(34.3478439, 31.196468)
1241,2017,1,"דקל","דקל",2017-10-08,5.60203727001,1,10,333,"HaDarom",c(34.3478439, 31.196468)
1241,2017,1,"דקל","דקל",2017-04-10,5.60203727001,1,4,333,"HaDarom",c(34.3478439, 31.196468)
1241,2018,1,"דקל","דקל",2018-06-20,5.60203727001,1,6,341,"HaDarom",c(34.3478439, 31.196468)
1241,2018,1,"דקל","דקל",2018-07-19,5.60203727001,1,7,341,"HaDarom",c(34.3478439, 31.196468)
1241,2018,1,"דקל","דקל",2018-11-12,5.60203727001,1,11,341,"HaDarom",c(34.3478439, 31.196468)
1241,2018,1,"דקל","דקל",2018-05-29,5.60203727001,1,5,341,"HaDarom",c(34.3478439, 31.196468)
1241,2018,1,"דקל","דקל",2018-02-03,5.60203727001,1,2,341,"HaDarom",c(34.3478439, 31.196468)
1241,2018,1,"דקל","דקל",2018-08-08,5.60203727001,1,8,341,"HaDarom",c(34.3478439, 31.196468)
1241,2019,1,"דקל","דקל",2019-02-06,5.60203727001,1,2,350,"HaDarom",c(34.3478439, 31.196468)
1241,2019,1,"דקל","דקל",2019-03-06,5.60203727001,1,3,350,"HaDarom",c(34.3478439, 31.196468)
1241,2019,1,"דקל","דקל",2019-05-05,5.60203727001,1,5,350,"HaDarom",c(34.3478439, 31.196468)
1241,2019,1,"דקל","דקל",2019-11-13,5.60203727001,1,11,350,"HaDarom",c(34.3478439, 31.196468)
1241,2021,1,"דקל","דקל",2021-05-11,5.60203727001,1,5,381,"HaDarom",c(34.3478439, 31.196468)
1241,2022,1,"דקל","דקל",2022-08-07,5.60203727001,1,8,392,"HaDarom",c(34.3478439, 31.196468)
1241,2023,1,"דקל","דקל",2023-05-12,5.60203727001,1,5,NA,"HaDarom",c(34.3478439, 31.196468)
1241,2023,1,"דקל","דקל",2023-12-03,5.60203727001,1,12,NA,"HaDarom",c(34.3478439, 31.196468)
1241,2023,1,"דקל","דקל",2023-10-09,5.60203727001,1,10,NA,"HaDarom",c(34.3478439, 31.196468)
1242,2014,1,"נתיב העשרה","נתיבהעשרה",2014-07-31,0.112528251621145,1,7,780,"HaDarom",c(34.5394674, 31.5717829)
1242,2014,1,"נתיב העשרה","נתיבהעשרה",2014-09-18,0.112528251621145,1,9,780,"HaDarom",c(34.5394674, 31.5717829)
1242,2014,1,"נתיב העשרה","נתיבהעשרה",2014-08-04,0.112528251621145,1,8,780,"HaDarom",c(34.5394674, 31.5717829)
1242,2014,1,"נתיב העשרה","נתיבהעשרה",2014-12-26,0.112528251621145,1,12,780,"HaDarom",c(34.5394674, 31.5717829)
1242,2015,1,"נתיב העשרה","נתיבהעשרה",2015-10-10,0.112528251621145,1,10,810,"HaDarom",c(34.5394674, 31.5717829)
1242,2016,1,"נתיב העשרה","נתיבהעשרה",2016-09-20,0.112528251621145,1,9,820,"HaDarom",c(34.5394674, 31.5717829)
1242,2017,1,"נתיב העשרה","נתיבהעשרה",2017-12-17,0.112528251621145,1,12,842,"HaDarom",c(34.5394674, 31.5717829)
1242,2017,1,"נתיב העשרה","נתיבהעשרה",2017-08-21,0.112528251621145,1,8,842,"HaDarom",c(34.5394674, 31.5717829)
1242,2017,1,"נתיב העשרה","נתיבהעשרה",2017-07-12,0.112528251621145,1,7,842,"HaDarom",c(34.5394674, 31.5717829)
1242,2017,1,"נתיב העשרה","נתיבהעשרה",2017-10-07,0.112528251621145,1,10,842,"HaDarom",c(34.5394674, 31.5717829)
1242,2017,1,"נתיב העשרה","נתיבהעשרה",2017-03-18,0.112528251621145,1,3,842,"HaDarom",c(34.5394674, 31.5717829)
1242,2018,1,"נתיב העשרה","נתיבהעשרה",2018-06-18,0.112528251621145,1,6,852,"HaDarom",c(34.5394674, 31.5717829)
1242,2018,1,"נתיב העשרה","נתיבהעשרה",2018-10-17,0.112528251621145,1,10,852,"HaDarom",c(34.5394674, 31.5717829)
1242,2018,1,"נתיב העשרה","נתיבהעשרה",2018-02-18,0.112528251621145,1,2,852,"HaDarom",c(34.5394674, 31.5717829)
1242,2018,1,"נתיב העשרה","נתיבהעשרה",2018-08-09,0.112528251621145,1,8,852,"HaDarom",c(34.5394674, 31.5717829)
1242,2018,1,"נתיב העשרה","נתיבהעשרה",2018-07-25,0.112528251621145,1,7,852,"HaDarom",c(34.5394674, 31.5717829)
1242,2018,1,"נתיב העשרה","נתיבהעשרה",2018-03-25,0.112528251621145,1,3,852,"HaDarom",c(34.5394674, 31.5717829)
1242,2018,1,"נתיב העשרה","נתיבהעשרה",2018-11-13,0.112528251621145,1,11,852,"HaDarom",c(34.5394674, 31.5717829)
1242,2018,1,"נתיב העשרה","נתיבהעשרה",2018-05-30,0.112528251621145,1,5,852,"HaDarom",c(34.5394674, 31.5717829)
1242,2019,1,"נתיב העשרה","נתיבהעשרה",2019-05-05,0.112528251621145,1,5,891,"HaDarom",c(34.5394674, 31.5717829)
1242,2019,1,"נתיב העשרה","נתיבהעשרה",2019-08-28,0.112528251621145,1,8,891,"HaDarom",c(34.5394674, 31.5717829)
1242,2019,1,"נתיב העשרה","נתיבהעשרה",2019-11-13,0.112528251621145,1,11,891,"HaDarom",c(34.5394674, 31.5717829)
1242,2019,1,"נתיב העשרה","נתיבהעשרה",2019-03-25,0.112528251621145,1,3,891,"HaDarom",c(34.5394674, 31.5717829)
1242,2019,1,"נתיב העשרה","נתיבהעשרה",2019-09-11,0.112528251621145,1,9,891,"HaDarom",c(34.5394674, 31.5717829)
1242,2020,1,"נתיב העשרה","נתיבהעשרה",2020-02-23,0.112528251621145,1,2,887,"HaDarom",c(34.5394674, 31.5717829)
1242,2020,1,"נתיב העשרה","נתיבהעשרה",2020-10-22,0.112528251621145,1,10,887,"HaDarom",c(34.5394674, 31.5717829)
1242,2020,1,"נתיב העשרה","נתיבהעשרה",2020-12-25,0.112528251621145,1,12,887,"HaDarom",c(34.5394674, 31.5717829)
1242,2020,1,"נתיב העשרה","נתיבהעשרה",2020-09-11,0.112528251621145,1,9,887,"HaDarom",c(34.5394674, 31.5717829)
1242,2021,1,"נתיב העשרה","נתיבהעשרה",2021-10-18,0.112528251621145,1,10,900,"HaDarom",c(34.5394674, 31.5717829)
1242,2021,1,"נתיב העשרה","נתיבהעשרה",2021-05-12,0.112528251621145,1,5,900,"HaDarom",c(34.5394674, 31.5717829)
1242,2021,1,"נתיב העשרה","נתיבהעשרה",2021-04-24,0.112528251621145,1,4,900,"HaDarom",c(34.5394674, 31.5717829)
1242,2022,1,"נתיב העשרה","נתיבהעשרה",2022-06-18,0.112528251621145,1,6,948,"HaDarom",c(34.5394674, 31.5717829)
1242,2022,1,"נתיב העשרה","נתיבהעשרה",2022-08-07,0.112528251621145,1,8,948,"HaDarom",c(34.5394674, 31.5717829)
1242,2023,1,"נתיב העשרה","נתיבהעשרה",2023-11-06,0.112528251621145,1,11,NA,"HaDarom",c(34.5394674, 31.5717829)
1242,2023,1,"נתיב העשרה","נתיבהעשרה",2023-12-01,0.112528251621145,1,12,NA,"HaDarom",c(34.5394674, 31.5717829)
1242,2023,1,"נתיב העשרה","נתיבהעשרה",2023-05-11,0.112528251621145,1,5,NA,"HaDarom",c(34.5394674, 31.5717829)
1242,2023,1,"נתיב העשרה","נתיבהעשרה",2023-04-07,0.112528251621145,1,4,NA,"HaDarom",c(34.5394674, 31.5717829)
1242,2023,1,"נתיב העשרה","נתיבהעשרה",2023-10-17,0.112528251621145,1,10,NA,"HaDarom",c(34.5394674, 31.5717829)
1244,2015,1,"תמרת","תמרת",2015-03-11,140.525912961301,1,3,1330,"HaZafon",c(35.224277, 32.7030339)
1244,2016,1,"תמרת","תמרת",2016-09-20,140.525912961301,1,9,1300,"HaZafon",c(35.224277, 32.7030339)
1245,2016,1,"סלמה","סלמה",2016-05-31,164.793323156109,1,5,3140,"HaZafon",c(35.362631, 32.892033)
1245,2016,1,"סלמה","סלמה",2016-09-20,164.793323156109,1,9,3140,"HaZafon",c(35.362631, 32.892033)
1245,2018,1,"סלמה","סלמה",2018-06-19,164.793323156109,1,6,3265,"HaZafon",c(35.362631, 32.892033)
1245,2019,1,"סלמה","סלמה",2019-05-20,164.793323156109,1,5,3340,"HaZafon",c(35.362631, 32.892033)
1246,2016,1,"א נוואקיר","אנוואקיר",2016-09-20,178.127717345708,1,9,1610,"HaZafon",c(35.213638, 33.0907875)
1246,2016,1,"א נוואקיר","אנוואקיר",2016-12-06,178.127717345708,1,12,1610,"HaZafon",c(35.213638, 33.0907875)
1246,2018,1,"א נוואקיר","אנוואקיר",2018-02-10,178.127717345708,1,2,1662,"HaZafon",c(35.213638, 33.0907875)
1246,2019,1,"א נוואקיר","אנוואקיר",2019-05-20,178.127717345708,1,5,1682,"HaZafon",c(35.213638, 33.0907875)
1246,2023,1,"ערב אל עראמשה","ערבאלעראמשה",2023-04-06,178.127717345708,1,4,NA,"HaZafon",c(35.2251645, 33.088863)
1246,2023,1,"ערב אל עראמשה","ערבאלעראמשה",2023-10-11,178.127717345708,1,10,NA,"HaZafon",c(35.2251645, 33.088863)
1246,2023,1,"ערב אל עראמשה","ערבאלעראמשה",2023-12-07,178.127717345708,1,12,NA,"HaZafon",c(35.2251645, 33.088863)
1246,2023,1,"ערב אל עראמשה","ערבאלעראמשה",2023-11-02,178.127717345708,1,11,NA,"HaZafon",c(35.2251645, 33.088863)
1247,2019,1,"חריש","חריש",2019-07-31,108.207055277217,1,7,13232,"Haifa",c(35.0567529, 32.4610003)
1248,2016,1,"אליפז","אליפז",2016-09-20,171.735223291706,1,9,160,"HaDarom",c(35.0117386, 29.7964095)
1248,2019,1,"אליפז","אליפז",2019-01-02,171.735223291706,1,1,150,"HaDarom",c(35.0117386, 29.7964095)
1249,2016,1,"הרדוף","הרדוף",2016-09-20,144.048642200379,1,9,1110,"HaZafon",c(35.1734815, 32.7634985)
1249,2016,1,"הרדוף","הרדוף",2016-05-31,144.048642200379,1,5,1110,"HaZafon",c(35.1734815, 32.7634985)
1249,2018,1,"הרדוף","הרדוף",2018-06-19,144.048642200379,1,6,1107,"HaZafon",c(35.1734815, 32.7634985)
1249,2019,1,"הרדוף","הרדוף",2019-05-20,144.048642200379,1,5,1095,"HaZafon",c(35.1734815, 32.7634985)
1249,2023,1,"הרדוף","הרדוף",2023-10-13,144.048642200379,1,10,NA,"HaZafon",c(35.1734815, 32.7634985)
1252,2016,1,"ורד הגליל","ורדהגליל",2016-09-20,175.908284537041,1,9,360,"HaZafon",c(35.551013, 32.9047505)
1252,2017,1,"ורד הגליל","ורדהגליל",2017-07-18,175.908284537041,1,7,341,"HaZafon",c(35.551013, 32.9047505)
1252,2018,1,"ורד הגליל","ורדהגליל",2018-02-10,175.908284537041,1,2,343,"HaZafon",c(35.551013, 32.9047505)
1252,2019,1,"ורד הגליל","ורדהגליל",2019-05-20,175.908284537041,1,5,349,"HaZafon",c(35.551013, 32.9047505)
1253,2016,1,"אמנון","אמנון",2016-09-20,176.714900228714,1,9,300,"HaZafon",c(35.571802, 32.9050934)
1253,2017,1,"אמנון","אמנון",2017-07-18,176.714900228714,1,7,313,"HaZafon",c(35.571802, 32.9050934)
1253,2018,1,"אמנון","אמנון",2018-02-10,176.714900228714,1,2,319,"HaZafon",c(35.571802, 32.9050934)
1253,2019,1,"אמנון","אמנון",2019-05-20,176.714900228714,1,5,392,"HaZafon",c(35.571802, 32.9050934)
1253,2022,1,"אמנון","אמנון",2022-02-18,176.714900228714,1,2,466,"HaZafon",c(35.571802, 32.9050934)
1254,2014,1,"נטף","נטף",2014-07-29,56.822396850394,1,7,380,"Jerusalem",c(35.0680665, 31.833001)
1254,2014,1,"נטף","נטף",2014-08-24,56.822396850394,1,8,380,"Jerusalem",c(35.0680665, 31.833001)
1254,2016,1,"נטף","נטף",2016-07-06,56.822396850394,1,7,400,"Jerusalem",c(35.0680665, 31.833001)
1254,2016,1,"נטף","נטף",2016-09-20,56.822396850394,1,9,400,"Jerusalem",c(35.0680665, 31.833001)
1254,2017,1,"נטף","נטף",2017-12-05,56.822396850394,1,12,429,"Jerusalem",c(35.0680665, 31.833001)
1254,2021,1,"נטף","נטף",2021-05-13,56.822396850394,1,5,478,"Jerusalem",c(35.0680665, 31.833001)
1256,2016,1,"אשרת","אשרת",2016-09-20,164.211471301945,1,9,540,"HaZafon",c(35.156304, 32.9715484)
1256,2016,1,"אשרת","אשרת",2016-05-31,164.211471301945,1,5,540,"HaZafon",c(35.156304, 32.9715484)
1256,2018,1,"אשרת","אשרת",2018-02-10,164.211471301945,1,2,548,"HaZafon",c(35.156304, 32.9715484)
1256,2018,1,"אשרת","אשרת",2018-06-19,164.211471301945,1,6,548,"HaZafon",c(35.156304, 32.9715484)
1256,2019,1,"אשרת","אשרת",2019-05-20,164.211471301945,1,5,587,"HaZafon",c(35.156304, 32.9715484)
1257,2016,1,"חנתון","חנתון",2016-05-31,148.883628618206,1,5,860,"HaZafon",c(35.2448986, 32.7838055)
1257,2016,1,"חנתון","חנתון",2016-09-20,148.883628618206,1,9,860,"HaZafon",c(35.2448986, 32.7838055)
1257,2018,1,"חנתון","חנתון",2018-06-19,148.883628618206,1,6,963,"HaZafon",c(35.2448986, 32.7838055)
1257,2019,1,"חנתון","חנתון",2019-05-20,148.883628618206,1,5,983,"HaZafon",c(35.2448986, 32.7838055)
1258,2015,1,"מסד","מסד",2015-03-11,163.553637080728,1,3,350,"HaZafon",c(35.4238406, 32.8442124)
1258,2016,1,"מסד","מסד",2016-09-20,163.553637080728,1,9,380,"HaZafon",c(35.4238406, 32.8442124)
1258,2017,1,"מסד","מסד",2017-07-18,163.553637080728,1,7,377,"HaZafon",c(35.4238406, 32.8442124)
1258,2019,1,"מסד","מסד",2019-05-20,163.553637080728,1,5,347,"HaZafon",c(35.4238406, 32.8442124)
1259,2014,1,"נווה שלום","נווהשלום",2014-07-29,49.1717213284707,1,7,240,"Jerusalem",c(34.9787761, 31.8177324)
1259,2014,1,"נווה שלום","נווהשלום",2014-08-19,49.1717213284707,1,8,240,"Jerusalem",c(34.9787761, 31.8177324)
1259,2016,1,"נווה שלום","נווהשלום",2016-09-20,49.1717213284707,1,9,260,"Jerusalem",c(34.9787761, 31.8177324)
1259,2016,1,"נווה שלום","נווהשלום",2016-07-06,49.1717213284707,1,7,260,"Jerusalem",c(34.9787761, 31.8177324)
1259,2017,1,"נווה שלום","נווהשלום",2017-12-05,49.1717213284707,1,12,287,"Jerusalem",c(34.9787761, 31.8177324)
1259,2019,1,"נווה שלום","נווהשלום",2019-11-13,49.1717213284707,1,11,323,"Jerusalem",c(34.9787761, 31.8177324)
1259,2019,1,"נווה שלום","נווהשלום",2019-05-04,49.1717213284707,1,5,323,"Jerusalem",c(34.9787761, 31.8177324)
1259,2023,1,"נווה שלום","נווהשלום",2023-10-07,49.1717213284707,1,10,NA,"Jerusalem",c(34.9787761, 31.8177324)
1261,2016,1,"הר עמשא","הרעמשא",2016-09-20,54.8496970107951,1,9,150,"HaDarom",c(35.1011545, 31.3432165)
1261,2018,1,"הר עמשא","הרעמשא",2018-10-16,54.8496970107951,1,10,180,"HaDarom",c(35.1011545, 31.3432165)
1261,2018,1,"הר עמשא","הרעמשא",2018-11-12,54.8496970107951,1,11,180,"HaDarom",c(35.1011545, 31.3432165)
1263,2016,1,"כפר ורדים","כפרורדים",2016-09-20,170.559660342302,1,9,5550,"HaZafon",c(35.26062, 33.000268)
1263,2016,1,"כפר ורדים","כפרורדים",2016-12-06,170.559660342302,1,12,5550,"HaZafon",c(35.26062, 33.000268)
1263,2018,1,"כפר ורדים","כפרורדים",2018-02-10,170.559660342302,1,2,5579,"HaZafon",c(35.26062, 33.000268)
1263,2019,1,"כפר ורדים","כפרורדים",2019-05-20,170.559660342302,1,5,5486,"HaZafon",c(35.26062, 33.000268)
1263,2023,1,"כפר ורדים","כפרורדים",2023-12-08,170.559660342302,1,12,NA,"HaZafon",c(35.26062, 33.000268)
1264,2014,1,"כרמי יוסף","כרמייוסף",2014-08-21,46.8544164138951,1,8,1670,"HaMerkaz",c(34.9184285, 31.845866)
1264,2016,1,"כרמי יוסף","כרמייוסף",2016-09-20,46.8544164138951,1,9,1690,"HaMerkaz",c(34.9184285, 31.845866)
1264,2017,1,"כרמי יוסף","כרמייוסף",2017-08-08,46.8544164138951,1,8,1707,"HaMerkaz",c(34.9184285, 31.845866)
1264,2019,1,"כרמי יוסף","כרמייוסף",2019-11-13,46.8544164138951,1,11,1743,"HaMerkaz",c(34.9184285, 31.845866)
1264,2019,1,"כרמי יוסף","כרמייוסף",2019-05-04,46.8544164138951,1,5,1743,"HaMerkaz",c(34.9184285, 31.845866)
1264,2021,1,"כרמי יוסף","כרמייוסף",2021-05-13,46.8544164138951,1,5,1757,"HaMerkaz",c(34.9184285, 31.845866)
1264,2023,1,"כרמי יוסף","כרמייוסף",2023-11-03,46.8544164138951,1,11,NA,"HaMerkaz",c(34.9184285, 31.845866)
1264,2023,1,"כרמי יוסף","כרמייוסף",2023-10-07,46.8544164138951,1,10,NA,"HaMerkaz",c(34.9184285, 31.845866)
1264,2023,1,"כרמי יוסף","כרמייוסף",2023-12-02,46.8544164138951,1,12,NA,"HaMerkaz",c(34.9184285, 31.845866)
1266,2016,1,"שחרות","שחרות",2016-09-20,162.02866627384,1,9,140,"HaDarom",c(34.9999036, 29.9044221)
1266,2019,1,"שחרות","שחרות",2019-01-02,162.02866627384,1,1,164,"HaDarom",c(34.9999036, 29.9044221)
1266,2023,1,"שחרות","שחרות",2023-11-04,162.02866627384,1,11,NA,"HaDarom",c(34.9999036, 29.9044221)
1267,2023,1,"שיטים","שיטים",2023-11-04,135.109446681648,1,11,NA,"HaDarom",c(35.016356, 30.176853)
1268,2014,1,"אל עטאונה","אלעטאונה",2014-08-21,37.5133563261302,1,8,7120,"HaDarom",c(34.916719, 31.3024815)
1268,2014,1,"אל עטאונה","אלעטאונה",2014-07-29,37.5133563261302,1,7,7120,"HaDarom",c(34.916719, 31.3024815)
1268,2016,1,"אל עטאונה","אלעטאונה",2016-09-20,37.5133563261302,1,9,7500,"HaDarom",c(34.916719, 31.3024815)
1268,2017,1,"אל עטאונה","אלעטאונה",2017-03-21,37.5133563261302,1,3,7749,"HaDarom",c(34.916719, 31.3024815)
1268,2018,1,"אפיניש","אפיניש",2018-10-16,37.5133563261302,1,10,8438,"HaDarom",c(34.996386, 31.3161825)
1268,2018,1,"אל עטאונה","אלעטאונה",2018-11-12,37.5133563261302,1,11,8438,"HaDarom",c(34.916719, 31.3024815)
1268,2019,1,"אל עטאונה","אלעטאונה",2019-05-05,37.5133563261302,1,5,9418,"HaDarom",c(34.916719, 31.3024815)
1268,2021,1,"כרמית","כרמית",2021-05-12,37.5133563261302,1,5,10565,"HaDarom",c(34.896813, 31.3321815)
1268,2023,1,"כרמית","כרמית",2023-10-19,37.5133563261302,1,10,NA,"HaDarom",c(34.896813, 31.3321815)
1271,2014,1,"להבים","להבים",2014-08-20,28.1329511433455,1,8,6350,"HaDarom",c(34.812109, 31.36909)
1271,2014,1,"להבים","להבים",2014-07-29,28.1329511433455,1,7,6350,"HaDarom",c(34.812109, 31.36909)
1271,2016,1,"להבים","להבים",2016-09-20,28.1329511433455,1,9,6450,"HaDarom",c(34.812109, 31.36909)
1271,2017,1,"להבים","להבים",2017-03-21,28.1329511433455,1,3,6392,"HaDarom",c(34.812109, 31.36909)
1271,2018,1,"להבים","להבים",2018-11-12,28.1329511433455,1,11,6350,"HaDarom",c(34.812109, 31.36909)
1271,2019,1,"להבים","להבים",2019-05-04,28.1329511433455,1,5,6415,"HaDarom",c(34.812109, 31.36909)
1271,2021,1,"להבים","להבים",2021-05-17,28.1329511433455,1,5,6977,"HaDarom",c(34.812109, 31.36909)
1272,2016,1,"חלוץ","חלוץ",2016-09-20,168.469832646569,1,9,490,"HaZafon",c(35.312278, 32.9505495)
1272,2017,1,"חלוץ","חלוץ",2017-07-18,168.469832646569,1,7,497,"HaZafon",c(35.312278, 32.9505495)
1272,2019,1,"חלוץ","חלוץ",2019-05-20,168.469832646569,1,5,536,"HaZafon",c(35.312278, 32.9505495)
1274,2015,1,"גן נר","גןנר",2015-03-11,129.875046554086,1,3,2640,"HaZafon",c(35.33543, 32.530634)
1274,2016,1,"גן נר","גןנר",2016-09-20,129.875046554086,1,9,2680,"HaZafon",c(35.33543, 32.530634)
1275,2016,1,"אבטליון","אבטליון",2016-05-31,159.459666116027,1,5,400,"HaZafon",c(35.350544, 32.8368694)
1275,2016,1,"אבטליון","אבטליון",2016-09-20,159.459666116027,1,9,400,"HaZafon",c(35.350544, 32.8368694)
1275,2018,1,"אבטליון","אבטליון",2018-06-19,159.459666116027,1,6,470,"HaZafon",c(35.350544, 32.8368694)
1275,2019,1,"אבטליון","אבטליון",2019-05-20,159.459666116027,1,5,468,"HaZafon",c(35.350544, 32.8368694)
1276,2016,1,"אשבל","אשבל",2016-09-20,161.32879268189,1,9,110,"HaZafon",c(35.3053629, 32.8768045)
1276,2016,1,"אשבל","אשבל",2016-05-31,161.32879268189,1,5,110,"HaZafon",c(35.3053629, 32.8768045)
1276,2018,1,"אשבל","אשבל",2018-06-19,161.32879268189,1,6,125,"HaZafon",c(35.3053629, 32.8768045)
1276,2019,1,"אשבל","אשבל",2019-05-20,161.32879268189,1,5,126,"HaZafon",c(35.3053629, 32.8768045)
1278,2014,1,"באר מילכה","בארמילכה",2014-07-29,34.4402355123639,1,7,130,"HaDarom",c(34.4092905, 30.932554)
1278,2014,1,"באר מילכה","בארמילכה",2014-10-19,34.4402355123639,1,10,130,"HaDarom",c(34.4092905, 30.932554)
1278,2014,1,"באר מילכה","בארמילכה",2014-08-21,34.4402355123639,1,8,130,"HaDarom",c(34.4092905, 30.932554)
1278,2016,1,"באר מילכה","בארמילכה",2016-09-20,34.4402355123639,1,9,150,"HaDarom",c(34.4092905, 30.932554)
1278,2016,1,"באר מילכה","בארמילכה",2016-12-13,34.4402355123639,1,12,150,"HaDarom",c(34.4092905, 30.932554)
1278,2017,1,"באר מילכה","בארמילכה",2017-11-26,34.4402355123639,1,11,182,"HaDarom",c(34.4092905, 30.932554)
1279,2016,1,"נווה חריף","נווהחריף",2016-09-20,149.733075822863,1,9,110,"HaDarom",c(35.0375795, 30.0380175)
1279,2019,1,"נווה חריף","נווהחריף",2019-01-02,149.733075822863,1,1,114,"HaDarom",c(35.0375795, 30.0380175)
1279,2023,1,"נווה חריף","נווהחריף",2023-11-04,149.733075822863,1,11,NA,"HaDarom",c(35.0375795, 30.0380175)
1280,2014,1,"ניצני סיני","ניצניסיני",2014-10-19,37.2623967464165,1,10,250,"HaDarom",c(34.3974601, 30.903967)
1280,2014,1,"ניצני סיני","ניצניסיני",2014-07-29,37.2623967464165,1,7,250,"HaDarom",c(34.3974601, 30.903967)
1280,2014,1,"ניצני סיני","ניצניסיני",2014-08-24,37.2623967464165,1,8,250,"HaDarom",c(34.3974601, 30.903967)
1280,2016,1,"ניצני סיני","ניצניסיני",2016-09-20,37.2623967464165,1,9,270,"HaDarom",c(34.3974601, 30.903967)
1280,2016,1,"ניצני סיני","ניצניסיני",2016-12-13,37.2623967464165,1,12,270,"HaDarom",c(34.3974601, 30.903967)
1280,2017,1,"ניצני סיני","ניצניסיני",2017-11-26,37.2623967464165,1,11,279,"HaDarom",c(34.3974601, 30.903967)
1282,2015,1,"מירב","מירב",2015-03-11,128.547140207541,1,3,670,"HaZafon",c(35.4224056, 32.4521545)
1282,2016,1,"מירב","מירב",2016-09-20,128.547140207541,1,9,690,"HaZafon",c(35.4224056, 32.4521545)
1282,2018,1,"מירב","מירב",2018-02-10,128.547140207541,1,2,706,"HaZafon",c(35.4224056, 32.4521545)
1283,2015,1,"תל תאומים","תלתאומים",2015-03-11,132.400725626865,1,3,510,"HaZafon",c(35.497158, 32.4414475)
1283,2016,1,"תל תאומים","תלתאומים",2016-09-20,132.400725626865,1,9,530,"HaZafon",c(35.497158, 32.4414475)
1283,2018,1,"תל תאומים","תלתאומים",2018-02-10,132.400725626865,1,2,543,"HaZafon",c(35.497158, 32.4414475)
1285,2016,1,"כרכום","כרכום",2016-09-20,180.577070195889,1,9,550,"HaZafon",c(35.6077089, 32.930156)
1285,2017,1,"כרכום","כרכום",2017-07-18,180.577070195889,1,7,529,"HaZafon",c(35.6077089, 32.930156)
1285,2018,1,"כרכום","כרכום",2018-02-10,180.577070195889,1,2,527,"HaZafon",c(35.6077089, 32.930156)
1285,2019,1,"כרכום","כרכום",2019-05-20,180.577070195889,1,5,528,"HaZafon",c(35.6077089, 32.930156)
1285,2022,1,"כרכום","כרכום",2022-02-18,180.577070195889,1,2,511,"HaZafon",c(35.6077089, 32.930156)
1286,2014,1,"שגב שלום","שגבשלום",2014-07-27,42.3039954411409,1,7,8750,"HaDarom",c(34.8390906, 31.2017005)
1286,2014,1,"שגב שלום","שגבשלום",2014-08-23,42.3039954411409,1,8,8750,"HaDarom",c(34.8390906, 31.2017005)
1286,2016,1,"שגב שלום","שגבשלום",2016-09-20,42.3039954411409,1,9,9500,"HaDarom",c(34.8390906, 31.2017005)
1286,2017,1,"שגב שלום","שגבשלום",2017-03-21,42.3039954411409,1,3,9897,"HaDarom",c(34.8390906, 31.2017005)
1286,2018,1,"שגב שלום","שגבשלום",2018-10-17,42.3039954411409,1,10,10362,"HaDarom",c(34.8390906, 31.2017005)
1286,2019,1,"שגב שלום","שגבשלום",2019-05-05,42.3039954411409,1,5,10936,"HaDarom",c(34.8390906, 31.2017005)
1286,2019,1,"שגב שלום והפזורה","שגבשלוםוהפזורה",2019-11-16,42.3039954411409,1,11,10936,"HaDarom",c(34.8390906, 31.2017005)
1286,2021,1,"שגב שלום והפזורה","שגבשלוםוהפזורה",2021-05-12,42.3039954411409,1,5,11865,"HaDarom",c(34.8390906, 31.2017005)
1286,2023,1,"שגב שלום","שגבשלום",2023-10-19,42.3039954411409,1,10,NA,"HaDarom",c(34.8390906, 31.2017005)
1286,2023,1,"שגב שלום","שגבשלום",2023-12-06,42.3039954411409,1,12,NA,"HaDarom",c(34.8390906, 31.2017005)
1286,2023,1,"שגב שלום","שגבשלום",2023-11-11,42.3039954411409,1,11,NA,"HaDarom",c(34.8390906, 31.2017005)
1287,2016,1,"שני ליבנה","שניליבנה",2016-09-20,51.3161160802285,1,9,510,"HaDarom",c(35.0683081, 31.3555735)
1287,2018,1,"שני ליבנה","שניליבנה",2018-11-12,51.3161160802285,1,11,545,"HaDarom",c(35.0683081, 31.3555735)
1287,2018,1,"שני ליבנה","שניליבנה",2018-10-16,51.3161160802285,1,10,545,"HaDarom",c(35.0683081, 31.3555735)
1291,2014,1,"כמהין","כמהין",2014-10-19,37.623856374227,1,10,150,"HaDarom",c(34.4313666, 30.910501)
1291,2014,1,"כמהין","כמהין",2014-07-29,37.623856374227,1,7,150,"HaDarom",c(34.4313666, 30.910501)
1291,2014,1,"כמהין","כמהין",2014-08-24,37.623856374227,1,8,150,"HaDarom",c(34.4313666, 30.910501)
1291,2016,1,"כמהין","כמהין",2016-09-20,37.623856374227,1,9,170,"HaDarom",c(34.4313666, 30.910501)
1291,2016,1,"כמהין","כמהין",2016-12-13,37.623856374227,1,12,170,"HaDarom",c(34.4313666, 30.910501)
1291,2017,1,"כמהין","כמהין",2017-11-26,37.623856374227,1,11,176,"HaDarom",c(34.4313666, 30.910501)
1292,2014,1,"ג'דידה מכר","גדידהמכר",2014-08-23,157.922822777061,1,8,19740,"HaZafon",c(35.1422211, 32.9313151)
1292,2016,1,"ג'דידה מכר","גדידהמכר",2016-09-20,157.922822777061,1,9,20260,"HaZafon",c(35.1422211, 32.9313151)
1292,2016,1,"ג'דידה מכר","גדידהמכר",2016-05-31,157.922822777061,1,5,20260,"HaZafon",c(35.1422211, 32.9313151)
1292,2018,1,"ג'דידה מכר","גדידהמכר",2018-02-10,157.922822777061,1,2,20920,"HaZafon",c(35.1422211, 32.9313151)
1292,2018,1,"ג'דידה מכר","גדידהמכר",2018-06-19,157.922822777061,1,6,20920,"HaZafon",c(35.1422211, 32.9313151)
1292,2019,1,"ג'דידה מכר","גדידהמכר",2019-05-20,157.922822777061,1,5,21163,"HaZafon",c(35.1422211, 32.9313151)
1293,2015,1,"גבעת אבני","גבעתאבני",2015-03-11,157.839644994196,1,3,2080,"HaZafon",c(35.4378235, 32.774709)
1293,2016,1,"גבעת אבני","גבעתאבני",2016-09-20,157.839644994196,1,9,2050,"HaZafon",c(35.4378235, 32.774709)
1293,2017,1,"גבעת אבני","גבעתאבני",2017-07-18,157.839644994196,1,7,1991,"HaZafon",c(35.4378235, 32.774709)
1294,2016,1,"אור הגנוז","אורהגנוז",2016-09-20,180.025516087846,1,9,510,"HaZafon",c(35.446569, 33.0045305)
1294,2017,1,"אור הגנוז","אורהגנוז",2017-07-18,180.025516087846,1,7,539,"HaZafon",c(35.446569, 33.0045305)
1294,2018,1,"אור הגנוז","אורהגנוז",2018-02-10,180.025516087846,1,2,548,"HaZafon",c(35.446569, 33.0045305)
1294,2019,1,"אור הגנוז","אורהגנוז",2019-05-20,180.025516087846,1,5,574,"HaZafon",c(35.446569, 33.0045305)
1294,2023,1,"אור הגנוז","אורהגנוז",2023-11-02,180.025516087846,1,11,NA,"HaZafon",c(35.446569, 33.0045305)
1295,2016,1,"יאנוח ג'ת","יאנוחגת",2016-05-31,166.339662510643,1,5,6370,"HaZafon",c(35.244815, 32.9786209)
1295,2016,1,"יאנוח ג'ת","יאנוחגת",2016-09-20,166.339662510643,1,9,6370,"HaZafon",c(35.244815, 32.9786209)
1295,2018,1,"יאנוח ג'ת","יאנוחגת",2018-06-19,166.339662510643,1,6,6614,"HaZafon",c(35.244815, 32.9786209)
1295,2018,1,"יאנוח ג'ת","יאנוחגת",2018-02-10,166.339662510643,1,2,6614,"HaZafon",c(35.244815, 32.9786209)
1295,2019,1,"יאנוח ג'ת","יאנוחגת",2019-05-20,166.339662510643,1,5,6679,"HaZafon",c(35.244815, 32.9786209)
1295,2023,1,"ינוח-ג'ת","ינוחגת",2023-12-08,166.339662510643,1,12,NA,"HaZafon",c(35.244815, 32.9786209)
1296,2016,1,"כיסרא סומיע","כיסראסומיע",2016-05-31,167.884823288374,1,5,8340,"HaZafon",c(35.2954015, 32.9717)
1296,2016,1,"כיסרא סומיע","כיסראסומיע",2016-09-20,167.884823288374,1,9,8340,"HaZafon",c(35.2954015, 32.9717)
1296,2018,1,"כיסרא סומיע","כיסראסומיע",2018-02-10,167.884823288374,1,2,8649,"HaZafon",c(35.2954015, 32.9717)
1296,2018,1,"כיסרא סומיע","כיסראסומיע",2018-06-19,167.884823288374,1,6,8649,"HaZafon",c(35.2954015, 32.9717)
1296,2019,1,"כיסרא סומיע","כיסראסומיע",2019-05-20,167.884823288374,1,5,8818,"HaZafon",c(35.2954015, 32.9717)
1296,2023,1,"כיסרא סמיע","כיסראסמיע",2023-04-06,167.884823288374,1,4,NA,"HaZafon",c(35.2954015, 32.9717)
1297,2015,1,"כפר חנניה","כפרחנניה",2015-03-11,169.047021906435,1,3,670,"HaZafon",c(35.423417, 32.9154044)
1297,2016,1,"כפר חנניה","כפרחנניה",2016-09-20,169.047021906435,1,9,720,"HaZafon",c(35.423417, 32.9154044)
1297,2017,1,"כפר חנניה","כפרחנניה",2017-07-18,169.047021906435,1,7,742,"HaZafon",c(35.423417, 32.9154044)
1297,2019,1,"כפר חנניה","כפרחנניה",2019-05-20,169.047021906435,1,5,750,"HaZafon",c(35.423417, 32.9154044)
1303,2014,1,"אבו ג'אבר דרומית ממיתר","אבוגאברדרומיתממיתר",2014-07-29,41.9553154515382,1,7,18790,"HaDarom",c(34.934897, 31.3121635)
1303,2014,1,"אבו ג'אבר דרומית ממיתר","אבוגאברדרומיתממיתר",2014-08-21,41.9553154515382,1,8,18790,"HaDarom",c(34.934897, 31.3121635)
1303,2016,1,"אבו ג'אבר דרומית ממיתר","אבוגאברדרומיתממיתר",2016-09-20,41.9553154515382,1,9,19980,"HaDarom",c(34.934897, 31.3121635)
1303,2017,1,"אבו ג'אבר דרומית ממיתר","אבוגאברדרומיתממיתר",2017-03-21,41.9553154515382,1,3,20782,"HaDarom",c(34.934897, 31.3121635)
1303,2018,1,"אבו ג'אבר דרומית ממיתר","אבוגאברדרומיתממיתר",2018-11-12,41.9553154515382,1,11,21559,"HaDarom",c(34.934897, 31.3121635)
1303,2019,1,"אבו ג'אבר דרומית ממיתר","אבוגאברדרומיתממיתר",2019-05-04,41.9553154515382,1,5,22337,"HaDarom",c(34.934897, 31.3121635)
1303,2021,1,"חורה","חורה",2021-05-12,41.9553154515382,1,5,23943,"HaDarom",c(34.940497, 31.2955784)
1304,2014,1,"שוהם","שוהם",2014-08-26,59.6974887406089,1,8,19980,"HaMerkaz",c(34.9498535, 31.9965881)
1304,2014,1,"שוהם","שוהם",2014-07-29,59.6974887406089,1,7,19980,"HaMerkaz",c(34.9498535, 31.9965881)
1304,2015,1,"שוהם","שוהם",2015-03-23,59.6974887406089,1,3,20400,"HaMerkaz",c(34.9498535, 31.9965881)
1304,2016,1,"שוהם","שוהם",2016-09-20,59.6974887406089,1,9,20740,"HaMerkaz",c(34.9498535, 31.9965881)
1304,2021,1,"שהם","שהם",2021-05-16,59.6974887406089,1,5,21441,"HaMerkaz",c(34.9498535, 31.9965881)
1304,2023,1,"שהם","שהם",2023-12-02,59.6974887406089,1,12,NA,"HaMerkaz",c(34.9498535, 31.9965881)
1304,2023,1,"שהם","שהם",2023-10-07,59.6974887406089,1,10,NA,"HaMerkaz",c(34.9498535, 31.9965881)
1304,2023,1,"שהם","שהם",2023-11-20,59.6974887406089,1,11,NA,"HaMerkaz",c(34.9498535, 31.9965881)
1309,2014,1,"אלעד","אלעד",2014-07-29,65.8522459434699,1,7,43630,"HaMerkaz",c(34.9564145, 32.052637)
1309,2014,1,"אלעד","אלעד",2014-08-26,65.8522459434699,1,8,43630,"HaMerkaz",c(34.9564145, 32.052637)
1309,2015,1,"אלעד","אלעד",2015-03-23,65.8522459434699,1,3,44870,"HaMerkaz",c(34.9564145, 32.052637)
1309,2016,1,"אלעד","אלעד",2016-09-20,65.8522459434699,1,9,45850,"HaMerkaz",c(34.9564145, 32.052637)
1309,2021,1,"אלעד","אלעד",2021-05-12,65.8522459434699,1,5,49592,"HaMerkaz",c(34.9564145, 32.052637)
1309,2023,1,"אלעד","אלעד",2023-10-25,65.8522459434699,1,10,NA,"HaMerkaz",c(34.9564145, 32.052637)
1309,2023,1,"אלעד","אלעד",2023-11-20,65.8522459434699,1,11,NA,"HaMerkaz",c(34.9564145, 32.052637)
1310,2014,1,"לפיד","לפיד",2014-08-21,60.1511781752151,1,8,2510,"HaMerkaz",c(35.0323525, 31.9178914)
1310,2015,1,"לפיד","לפיד",2015-03-23,60.1511781752151,1,3,2550,"HaMerkaz",c(35.0323525, 31.9178914)
1310,2016,1,"לפיד","לפיד",2016-09-20,60.1511781752151,1,9,2520,"HaMerkaz",c(35.0323525, 31.9178914)
1310,2023,1,"לפיד","לפיד",2023-12-02,60.1511781752151,1,12,NA,"HaMerkaz",c(35.0323525, 31.9178914)
1310,2023,1,"לפיד","לפיד",2023-10-27,60.1511781752151,1,10,NA,"HaMerkaz",c(35.0323525, 31.9178914)
1311,2014,1,"אבשלום","אבשלום",2014-07-30,5.76955083627983,1,7,240,"HaDarom",c(34.3315555, 31.194878)
1311,2014,1,"אבשלום","אבשלום",2014-08-20,5.76955083627983,1,8,240,"HaDarom",c(34.3315555, 31.194878)
1311,2015,1,"אבשלום","אבשלום",2015-10-10,5.76955083627983,1,10,260,"HaDarom",c(34.3315555, 31.194878)
1311,2016,1,"אבשלום","אבשלום",2016-09-20,5.76955083627983,1,9,260,"HaDarom",c(34.3315555, 31.194878)
1311,2017,1,"אבשלום","אבשלום",2017-10-15,5.76955083627983,1,10,261,"HaDarom",c(34.3315555, 31.194878)
1311,2017,1,"אבשלום","אבשלום",2017-04-10,5.76955083627983,1,4,261,"HaDarom",c(34.3315555, 31.194878)
1311,2018,1,"אבשלום","אבשלום",2018-08-08,5.76955083627983,1,8,273,"HaDarom",c(34.3315555, 31.194878)
1311,2018,1,"אבשלום","אבשלום",2018-11-12,5.76955083627983,1,11,273,"HaDarom",c(34.3315555, 31.194878)
1311,2018,1,"אבשלום","אבשלום",2018-05-29,5.76955083627983,1,5,273,"HaDarom",c(34.3315555, 31.194878)
1311,2018,1,"אבשלום","אבשלום",2018-07-14,5.76955083627983,1,7,273,"HaDarom",c(34.3315555, 31.194878)
1311,2018,1,"אבשלום","אבשלום",2018-02-03,5.76955083627983,1,2,273,"HaDarom",c(34.3315555, 31.194878)
1311,2018,1,"אבשלום","אבשלום",2018-06-20,5.76955083627983,1,6,273,"HaDarom",c(34.3315555, 31.194878)
1311,2019,1,"אבשלום","אבשלום",2019-02-06,5.76955083627983,1,2,298,"HaDarom",c(34.3315555, 31.194878)
1311,2019,1,"אבשלום","אבשלום",2019-03-26,5.76955083627983,1,3,298,"HaDarom",c(34.3315555, 31.194878)
1311,2019,1,"אבשלום","אבשלום",2019-11-13,5.76955083627983,1,11,298,"HaDarom",c(34.3315555, 31.194878)
1311,2019,1,"אבשלום","אבשלום",2019-05-05,5.76955083627983,1,5,298,"HaDarom",c(34.3315555, 31.194878)
1311,2021,1,"אבשלום","אבשלום",2021-05-17,5.76955083627983,1,5,345,"HaDarom",c(34.3315555, 31.194878)
1311,2021,1,"אבשלום","אבשלום",2021-09-10,5.76955083627983,1,9,345,"HaDarom",c(34.3315555, 31.194878)
1311,2022,1,"אבשלום","אבשלום",2022-08-07,5.76955083627983,1,8,382,"HaDarom",c(34.3315555, 31.194878)
1311,2023,1,"אבשלום","אבשלום",2023-10-07,5.76955083627983,1,10,NA,"HaDarom",c(34.3315555, 31.194878)
1311,2023,1,"אבשלום","אבשלום",2023-05-12,5.76955083627983,1,5,NA,"HaDarom",c(34.3315555, 31.194878)
1311,2023,1,"אבשלום","אבשלום",2023-11-05,5.76955083627983,1,11,NA,"HaDarom",c(34.3315555, 31.194878)
1311,2023,1,"אבשלום","אבשלום",2023-12-03,5.76955083627983,1,12,NA,"HaDarom",c(34.3315555, 31.194878)
1313,2015,1,"פוריה עילית","פוריהעילית",2015-03-11,159.646777703893,1,3,910,"HaZafon",c(35.5455756, 32.7296485)
1313,2016,1,"פוריה עילית","פוריהעילית",2016-09-20,159.646777703893,1,9,1010,"HaZafon",c(35.5455756, 32.7296485)
1313,2017,1,"פוריה עילית","פוריהעילית",2017-07-18,159.646777703893,1,7,1081,"HaZafon",c(35.5455756, 32.7296485)
1314,2014,1,"נווה זיו","נווהזיו",2014-07-27,171.237848560296,1,7,790,"HaZafon",c(35.184838, 33.027252)
1314,2016,1,"נווה זיו","נווהזיו",2016-12-06,171.237848560296,1,12,920,"HaZafon",c(35.184838, 33.027252)
1314,2016,1,"נווה זיו","נווהזיו",2016-09-20,171.237848560296,1,9,920,"HaZafon",c(35.184838, 33.027252)
1314,2018,1,"נווה זיו","נווהזיו",2018-02-10,171.237848560296,1,2,962,"HaZafon",c(35.184838, 33.027252)
1314,2019,1,"נווה זיו","נווהזיו",2019-05-20,171.237848560296,1,5,950,"HaZafon",c(35.184838, 33.027252)
1314,2023,1,"נווה זיו","נווהזיו",2023-11-11,171.237848560296,1,11,NA,"HaZafon",c(35.184838, 33.027252)
1316,2016,1,"אל עריאן","אלעריאן",2016-06-22,116.432290718184,1,6,180,"Haifa",c(35.1250579, 32.4983555)
1316,2016,1,"אל עריאן","אלעריאן",2016-09-20,116.432290718184,1,9,180,"Haifa",c(35.1250579, 32.4983555)
1316,2019,1,"אל עריאן","אלעריאן",2019-07-31,116.432290718184,1,7,191,"Haifa",c(35.1250579, 32.4983555)
1317,2016,1,"דמיידה","דמיידה",2016-09-20,151.420226894903,1,9,480,"HaZafon",c(35.226947, 32.8141955)
1317,2016,1,"דמיידה","דמיידה",2016-05-31,151.420226894903,1,5,480,"HaZafon",c(35.226947, 32.8141955)
1317,2018,1,"דמיידה","דמיידה",2018-06-19,151.420226894903,1,6,510,"HaZafon",c(35.226947, 32.8141955)
1317,2019,1,"דמיידה","דמיידה",2019-05-20,151.420226894903,1,5,515,"HaZafon",c(35.226947, 32.8141955)
1317,2023,1,"דמיידה","דמיידה",2023-10-13,151.420226894903,1,10,NA,"HaZafon",c(35.226947, 32.8141955)
1318,2016,1,"מבואות ים","מבואותים",2016-09-20,95.9921440495335,1,9,440,"HaMerkaz",c(34.866797, 32.4016965)
1318,2017,1,"מבואות ים","מבואותים",2017-02-07,95.9921440495335,1,2,439,"HaMerkaz",c(34.866797, 32.4016965)
1320,2014,1,"עין חוד","עיןחוד",2014-07-28,130.509258448827,1,7,260,"Haifa",c(34.999556, 32.6915505)
1320,2016,1,"עין חוד","עיןחוד",2016-06-22,130.509258448827,1,6,280,"Haifa",c(34.999556, 32.6915505)
1320,2016,1,"עין חוד","עיןחוד",2016-09-20,130.509258448827,1,9,280,"Haifa",c(34.999556, 32.6915505)
1320,2019,1,"עין חוד","עיןחוד",2019-07-31,130.509258448827,1,7,305,"Haifa",c(34.999556, 32.6915505)
1321,2016,1,"אל ח'וואלד מערב","אלחוואלדמערב",2016-09-20,143.406750393357,1,9,480,"Haifa",c(35.1385386, 32.770109)
1321,2018,1,"אל ח'וואלד מערב","אלחוואלדמערב",2018-09-05,143.406750393357,1,9,696,"Haifa",c(35.1385386, 32.770109)
1321,2023,1,"אל-ח'וואלד מערב","אלחוואלדמערב",2023-10-13,143.406750393357,1,10,NA,"Haifa",c(35.1385386, 32.770109)
1322,2015,1,"הודיות","הודיות",2015-03-11,159.190493361396,1,3,290,"HaZafon",c(35.435, 32.7886105)
1322,2016,1,"הודיות","הודיות",2016-09-20,159.190493361396,1,9,350,"HaZafon",c(35.435, 32.7886105)
1322,2017,1,"הודיות","הודיות",2017-07-18,159.190493361396,1,7,360,"HaZafon",c(35.435, 32.7886105)
1323,2014,1,"בת הדר","בתהדר",2014-07-30,10.3750711622739,1,7,690,"HaDarom",c(34.596605, 31.6461865)
1323,2014,1,"בת הדר","בתהדר",2014-08-19,10.3750711622739,1,8,690,"HaDarom",c(34.596605, 31.6461865)
1323,2015,1,"בת הדר","בתהדר",2015-06-06,10.3750711622739,1,6,700,"HaDarom",c(34.596605, 31.6461865)
1323,2016,1,"בת הדר","בתהדר",2016-09-20,10.3750711622739,1,9,730,"HaDarom",c(34.596605, 31.6461865)
1323,2017,1,"בת הדר","בתהדר",2017-12-11,10.3750711622739,1,12,767,"HaDarom",c(34.596605, 31.6461865)
1323,2018,1,"בת הדר","בתהדר",2018-08-09,10.3750711622739,1,8,764,"HaDarom",c(34.596605, 31.6461865)
1323,2018,1,"בת הדר","בתהדר",2018-05-30,10.3750711622739,1,5,764,"HaDarom",c(34.596605, 31.6461865)
1323,2018,1,"בת הדר","בתהדר",2018-11-12,10.3750711622739,1,11,764,"HaDarom",c(34.596605, 31.6461865)
1323,2018,1,"בת הדר","בתהדר",2018-02-18,10.3750711622739,1,2,764,"HaDarom",c(34.596605, 31.6461865)
1323,2018,1,"בת הדר","בתהדר",2018-07-14,10.3750711622739,1,7,764,"HaDarom",c(34.596605, 31.6461865)
1323,2019,1,"בת הדר","בתהדר",2019-11-12,10.3750711622739,1,11,760,"HaDarom",c(34.596605, 31.6461865)
1323,2019,1,"בת הדר","בתהדר",2019-05-05,10.3750711622739,1,5,760,"HaDarom",c(34.596605, 31.6461865)
1323,2020,1,"בת הדר","בתהדר",2020-02-23,10.3750711622739,1,2,764,"HaDarom",c(34.596605, 31.6461865)
1323,2021,1,"בת הדר","בתהדר",2021-05-14,10.3750711622739,1,5,771,"HaDarom",c(34.596605, 31.6461865)
1323,2022,1,"בת הדר","בתהדר",2022-08-07,10.3750711622739,1,8,760,"HaDarom",c(34.596605, 31.6461865)
1323,2023,1,"בת הדר","בתהדר",2023-05-13,10.3750711622739,1,5,NA,"HaDarom",c(34.596605, 31.6461865)
1323,2023,1,"בת הדר","בתהדר",2023-12-05,10.3750711622739,1,12,NA,"HaDarom",c(34.596605, 31.6461865)
1323,2023,1,"בת הדר","בתהדר",2023-11-14,10.3750711622739,1,11,NA,"HaDarom",c(34.596605, 31.6461865)
1323,2023,1,"בת הדר","בתהדר",2023-10-13,10.3750711622739,1,10,NA,"HaDarom",c(34.596605, 31.6461865)
1326,2019,1,"מועאוויה","מועאוויה",2019-07-31,111.856106121501,1,7,10010,"HaZafon",c(35.102853, 32.5319425)
1327,2016,1,"סאלם","סאלם",2016-09-20,121.613439981005,1,9,14300,"Haifa",c(35.198599, 32.5446735)
1327,2018,1,"סאלם","סאלם",2018-10-16,121.613439981005,1,10,14833,"Haifa",c(35.198599, 32.5446735)
1330,2015,1,"אחוזת ברק","אחוזתברק",2015-03-11,140.509973761544,1,3,2100,"HaZafon",c(35.3389026, 32.6437734)
1330,2016,1,"אחוזת ברק","אחוזתברק",2016-09-20,140.509973761544,1,9,2140,"HaZafon",c(35.3389026, 32.6437734)
1330,2023,1,"אחוזת ברק","אחוזתברק",2023-12-02,140.509973761544,1,12,NA,"HaZafon",c(35.3389026, 32.6437734)
1333,2014,1,"נוף איילון","נוףאיילון",2014-08-21,53.3062171150606,1,8,2110,"HaMerkaz",c(34.9885929, 31.8686229)
1333,2015,1,"נוף איילון","נוףאיילון",2015-03-23,53.3062171150606,1,3,2130,"HaMerkaz",c(34.9885929, 31.8686229)
1333,2016,1,"נוף איילון","נוףאיילון",2016-09-20,53.3062171150606,1,9,2240,"HaMerkaz",c(34.9885929, 31.8686229)
1333,2023,1,"נוף איילון","נוףאיילון",2023-10-20,53.3062171150606,1,10,NA,"HaMerkaz",c(34.9885929, 31.8686229)
1334,2016,1,"ראס אל עין","ראסאלעין",2016-09-20,167.493741155002,1,9,350,"HaZafon",c(35.3729765, 32.915618)
1334,2016,1,"ראס אל עין","ראסאלעין",2016-05-31,167.493741155002,1,5,350,"HaZafon",c(35.3729765, 32.915618)
1334,2018,1,"ראס אל עין","ראסאלעין",2018-06-19,167.493741155002,1,6,381,"HaZafon",c(35.3729765, 32.915618)
1334,2019,1,"ראס אל עין","ראסאלעין",2019-05-20,167.493741155002,1,5,393,"HaZafon",c(35.3729765, 32.915618)
1335,2016,1,"ערב אל נעים","ערבאלנעים",2016-09-20,161.657537303786,1,9,750,"HaZafon",c(35.290128, 32.8880725)
1335,2016,1,"ערב אל נעים","ערבאלנעים",2016-05-31,161.657537303786,1,5,750,"HaZafon",c(35.290128, 32.8880725)
1335,2018,1,"ערב אל נעים","ערבאלנעים",2018-06-19,161.657537303786,1,6,788,"HaZafon",c(35.290128, 32.8880725)
1335,2019,1,"ערב אל נעים","ערבאלנעים",2019-05-20,161.657537303786,1,5,815,"HaZafon",c(35.290128, 32.8880725)
1337,2015,1,"שמשית","שמשית",2015-03-11,144.191982485929,1,3,2590,"HaZafon",c(35.2467715, 32.7328215)
1337,2016,1,"שמשית","שמשית",2016-09-20,144.191982485929,1,9,2590,"HaZafon",c(35.2467715, 32.7328215)
1338,2016,1,"קדיתא","קדיתא",2016-09-20,180.64679639111,1,9,170,"HaZafon",c(35.468309, 33.0059535)
1338,2017,1,"קדיתא","קדיתא",2017-07-18,180.64679639111,1,7,180,"HaZafon",c(35.468309, 33.0059535)
1338,2018,1,"קדיתא","קדיתא",2018-02-10,180.64679639111,1,2,186,"HaZafon",c(35.468309, 33.0059535)
1338,2019,1,"קדיתא","קדיתא",2019-05-20,180.64679639111,1,5,181,"HaZafon",c(35.468309, 33.0059535)
1338,2023,1,"קדיתא","קדיתא",2023-11-02,180.64679639111,1,11,NA,"HaZafon",c(35.468309, 33.0059535)
1340,2016,1,"מרחב עם","מרחבעם",2016-09-20,61.5628242483518,1,9,400,"HaDarom",c(34.8282805, 30.88742)
1340,2017,1,"מרחב עם","מרחבעם",2017-03-21,61.5628242483518,1,3,448,"HaDarom",c(34.8282805, 30.88742)
1343,2016,1,"מכחול","מכחול",2016-09-20,52.3546549206238,1,9,420,"HaDarom",c(35.075736, 31.2885145)
1343,2017,1,"מכחול","מכחול",2017-03-21,52.3546549206238,1,3,490,"HaDarom",c(35.075736, 31.2885145)
1343,2019,1,"מכחול","מכחול",2019-05-05,52.3546549206238,1,5,839,"HaDarom",c(35.075736, 31.2885145)
1343,2023,1,"מרעית","מרעית",2023-10-10,52.3546549206238,1,10,NA,"HaDarom",c(35.075736, 31.2885145)
1345,2014,1,"צור יצחק","צוריצחק",2014-08-02,85.6830755900862,1,8,3580,"HaMerkaz",c(34.9979679, 32.2410095)
1345,2016,1,"צור יצחק","צוריצחק",2016-09-20,85.6830755900862,1,9,4940,"HaMerkaz",c(34.9979679, 32.2410095)
1345,2017,1,"צור יצחק","צוריצחק",2017-02-07,85.6830755900862,1,2,5541,"HaMerkaz",c(34.9979679, 32.2410095)
1345,2019,1,"צור יצחק","צוריצחק",2019-03-25,85.6830755900862,1,3,6361,"HaMerkaz",c(34.9979679, 32.2410095)
1345,2021,1,"צור יצחק","צוריצחק",2021-05-11,85.6830755900862,1,5,6855,"HaMerkaz",c(34.9979679, 32.2410095)
1345,2023,1,"צור יצחק","צוריצחק",2023-10-12,85.6830755900862,1,10,NA,"HaMerkaz",c(34.9979679, 32.2410095)
1346,2014,1,"תראבין א צאנה","תראביןאצאנה",2014-07-29,25.2781541030971,1,7,430,"HaDarom",c(34.7375071, 31.3445964)
1346,2014,1,"תראבין א צאנה","תראביןאצאנה",2014-08-08,25.2781541030971,1,8,430,"HaDarom",c(34.7375071, 31.3445964)
1346,2016,1,"תראבין א צאנה","תראביןאצאנה",2016-09-20,25.2781541030971,1,9,490,"HaDarom",c(34.7375071, 31.3445964)
1346,2017,1,"תראבין א צאנה","תראביןאצאנה",2017-03-21,25.2781541030971,1,3,565,"HaDarom",c(34.7375071, 31.3445964)
1346,2018,1,"תראבין א צאנה","תראביןאצאנה",2018-11-12,25.2781541030971,1,11,1089,"HaDarom",c(34.7375071, 31.3445964)
1346,2019,1,"תראבין א צאנה","תראביןאצאנה",2019-05-04,25.2781541030971,1,5,1139,"HaDarom",c(34.7375071, 31.3445964)
1346,2021,1,"תראבין א-צאנע ופזורה","תראביןאצאנעופזורה",2021-05-16,25.2781541030971,1,5,1240,"HaDarom",c(34.7375071, 31.3445964)
1346,2023,1,"תארבין","תארבין",2023-10-07,25.2781541030971,1,10,NA,"HaDarom",c(34.7375071, 31.3445964)
1347,2016,1,"הוואשלה","הוואשלה",2016-09-20,61.6478176760467,1,9,1580,"HaDarom",c(34.979069, 31.0922265)
1347,2017,1,"הוואשלה","הוואשלה",2017-03-21,61.6478176760467,1,3,1724,"HaDarom",c(34.979069, 31.0922265)
1347,2021,1,"קצר-א-סיר והפזורה","קצראסירוהפזורה",2021-05-18,61.6478176760467,1,5,2731,"HaDarom",c(34.979579, 31.0833285)
1347,2023,1,"קצר-א-סיר","קצראסיר",2023-10-28,61.6478176760467,1,10,NA,"HaDarom",c(34.979579, 31.0833285)
1348,2014,1,"ביר הדאג'","בירהדאג",2014-08-21,41.0499261940807,1,8,4530,"HaDarom",c(34.709138, 31.0231595)
1348,2014,1,"ביר הדאג'","בירהדאג",2014-07-29,41.0499261940807,1,7,4530,"HaDarom",c(34.709138, 31.0231595)
1348,2014,1,"ביר הדאג'","בירהדאג",2014-10-19,41.0499261940807,1,10,4530,"HaDarom",c(34.709138, 31.0231595)
1348,2016,1,"ביר הדאג'","בירהדאג",2016-09-20,41.0499261940807,1,9,5150,"HaDarom",c(34.709138, 31.0231595)
1348,2016,1,"ביר הדאג'","בירהדאג",2016-12-13,41.0499261940807,1,12,5150,"HaDarom",c(34.709138, 31.0231595)
1348,2017,1,"ביר הדאג'","בירהדאג",2017-11-26,41.0499261940807,1,11,5265,"HaDarom",c(34.709138, 31.0231595)
1349,2016,1,"דריג'את","דריגאת",2016-09-20,54.4669728572846,1,9,1120,"HaDarom",c(35.076793, 31.3018846)
1349,2017,1,"דריג'את","דריגאת",2017-03-21,54.4669728572846,1,3,1153,"HaDarom",c(35.076793, 31.3018846)
1349,2019,1,"דריג'את","דריגאת",2019-05-05,54.4669728572846,1,5,1244,"HaDarom",c(35.076793, 31.3018846)
1349,2021,1,"דריג'את","דריגאת",2021-05-12,54.4669728572846,1,5,1307,"HaDarom",c(35.076793, 31.3018846)
1358,2016,1,"אבו כף אום בטין","אבוכףאוםבטין",2016-09-20,39.4079062608989,1,9,3280,"HaDarom",c(34.8826857, 31.2777331)
1358,2017,1,"אבו כף אום בטין","אבוכףאוםבטין",2017-03-21,39.4079062608989,1,3,3443,"HaDarom",c(34.8826857, 31.2777331)
1358,2018,1,"אבו כף אום בטין","אבוכףאוםבטין",2018-11-12,39.4079062608989,1,11,4093,"HaDarom",c(34.8826857, 31.2777331)
1358,2018,1,"אבו כף אום בטין","אבוכףאוםבטין",2018-10-17,39.4079062608989,1,10,4093,"HaDarom",c(34.8826857, 31.2777331)
1358,2018,1,"אבו כף אום בטין","אבוכףאוםבטין",2018-08-09,39.4079062608989,1,8,4093,"HaDarom",c(34.8826857, 31.2777331)
1358,2019,1,"אבו כף אום בטין","אבוכףאוםבטין",2019-05-04,39.4079062608989,1,5,4277,"HaDarom",c(34.8826857, 31.2777331)
1358,2021,1,"אום בטין והפזורה","אוםבטיןוהפזורה",2021-05-14,39.4079062608989,1,5,4705,"HaDarom",c(34.8826857, 31.2777331)
1358,2023,1,"אום בטין","אוםבטין",2023-10-19,39.4079062608989,1,10,NA,"HaDarom",c(34.8826857, 31.2777331)
1358,2023,1,"אום בטין","אוםבטין",2023-12-04,39.4079062608989,1,12,NA,"HaDarom",c(34.8826857, 31.2777331)
1358,2023,1,"אום בטין","אוםבטין",2023-11-11,39.4079062608989,1,11,NA,"HaDarom",c(34.8826857, 31.2777331)
1359,2014,1,"א סייד","אסייד",2014-07-29,41.6164174552271,1,7,3350,"HaDarom",c(34.916298, 31.2817185)
1359,2014,1,"א סייד","אסייד",2014-08-21,41.6164174552271,1,8,3350,"HaDarom",c(34.916298, 31.2817185)
1359,2016,1,"א סייד","אסייד",2016-09-20,41.6164174552271,1,9,3690,"HaDarom",c(34.916298, 31.2817185)
1359,2017,1,"א סייד","אסייד",2017-03-21,41.6164174552271,1,3,3796,"HaDarom",c(34.916298, 31.2817185)
1359,2018,1,"א סייד","אסייד",2018-11-12,41.6164174552271,1,11,5664,"HaDarom",c(34.916298, 31.2817185)
1359,2019,1,"א סייד","אסייד",2019-05-04,41.6164174552271,1,5,5875,"HaDarom",c(34.916298, 31.2817185)
1359,2021,1," אל-סייד והפזורה","אלסיידוהפזורה",2021-05-12,41.6164174552271,1,5,6289,"HaDarom",c(34.916298, 31.2817185)
1359,2023,1,"אל סייד","אלסייד",2023-12-04,41.6164174552271,1,12,NA,"HaDarom",c(34.916298, 31.2817185)
1359,2023,1,"אל סייד","אלסייד",2023-10-31,41.6164174552271,1,10,NA,"HaDarom",c(34.916298, 31.2817185)
1360,2014,1,"מולדה","מולדה",2014-07-29,46.3670501800052,1,7,260,"HaDarom",c(34.975564, 31.2610705)
1360,2014,1,"מולדה","מולדה",2014-08-21,46.3670501800052,1,8,260,"HaDarom",c(34.975564, 31.2610705)
1360,2016,1,"מולדה","מולדה",2016-09-20,46.3670501800052,1,9,330,"HaDarom",c(34.975564, 31.2610705)
1360,2017,1,"מולדה","מולדה",2017-03-21,46.3670501800052,1,3,385,"HaDarom",c(34.975564, 31.2610705)
1360,2018,1,"מולדה","מולדה",2018-11-12,46.3670501800052,1,11,1739,"HaDarom",c(34.975564, 31.2610705)
1360,2019,1,"מולדה","מולדה",2019-05-05,46.3670501800052,1,5,1867,"HaDarom",c(34.975564, 31.2610705)
1360,2021,1,"מולדה","מולדה",2021-05-18,46.3670501800052,1,5,2149,"HaDarom",c(34.975564, 31.2610705)
1360,2023,1,"סעייה-מולדה","סעייהמולדה",2023-12-04,46.3670501800052,1,12,NA,"HaDarom",c(34.975564, 31.2610705)
1360,2023,1,"סעייה-מולדה","סעייהמולדה",2023-10-07,46.3670501800052,1,10,NA,"HaDarom",c(34.975564, 31.2610705)
1361,2016,1,"בת חן","בתחן",2016-09-20,91.9183556476219,1,9,410,"HaMerkaz",c(34.871703, 32.3606264)
1361,2017,1,"בת חן","בתחן",2017-02-07,91.9183556476219,1,2,407,"HaMerkaz",c(34.871703, 32.3606264)
1363,2014,1,"בני נצרים","בנינצרים",2014-08-14,9.64903456822172,1,8,480,"HaDarom",c(34.3145299, 31.1408885)
1363,2014,1,"בני נצרים","בנינצרים",2014-07-30,9.64903456822172,1,7,480,"HaDarom",c(34.3145299, 31.1408885)
1363,2015,1,"בני נצרים","בנינצרים",2015-10-10,9.64903456822172,1,10,540,"HaDarom",c(34.3145299, 31.1408885)
1363,2016,1,"בני נצרים","בנינצרים",2016-09-20,9.64903456822172,1,9,610,"HaDarom",c(34.3145299, 31.1408885)
1363,2017,1,"בני נצרים","בנינצרים",2017-04-10,9.64903456822172,1,4,671,"HaDarom",c(34.3145299, 31.1408885)
1363,2017,1,"בני נצרים","בנינצרים",2017-10-15,9.64903456822172,1,10,671,"HaDarom",c(34.3145299, 31.1408885)
1363,2018,1,"בני נצרים","בנינצרים",2018-05-29,9.64903456822172,1,5,728,"HaDarom",c(34.3145299, 31.1408885)
1363,2018,1,"בני נצרים","בנינצרים",2018-02-03,9.64903456822172,1,2,728,"HaDarom",c(34.3145299, 31.1408885)
1363,2018,1,"בני נצרים","בנינצרים",2018-07-14,9.64903456822172,1,7,728,"HaDarom",c(34.3145299, 31.1408885)
1363,2018,1,"בני נצרים","בנינצרים",2018-11-11,9.64903456822172,1,11,728,"HaDarom",c(34.3145299, 31.1408885)
1363,2018,1,"בני נצרים","בנינצרים",2018-08-08,9.64903456822172,1,8,728,"HaDarom",c(34.3145299, 31.1408885)
1363,2018,1,"בני נצרים","בנינצרים",2018-06-20,9.64903456822172,1,6,728,"HaDarom",c(34.3145299, 31.1408885)
1363,2019,1,"בני נצרים","בנינצרים",2019-03-06,9.64903456822172,1,3,770,"HaDarom",c(34.3145299, 31.1408885)
1363,2019,1,"בני נצרים","בנינצרים",2019-05-04,9.64903456822172,1,5,770,"HaDarom",c(34.3145299, 31.1408885)
1363,2019,1,"בני נצרים","בנינצרים",2019-02-06,9.64903456822172,1,2,770,"HaDarom",c(34.3145299, 31.1408885)
1363,2021,1,"בני נצרים","בנינצרים",2021-05-12,9.64903456822172,1,5,902,"HaDarom",c(34.3145299, 31.1408885)
1363,2023,1,"בני נצרים","בנינצרים",2023-10-07,9.64903456822172,1,10,NA,"HaDarom",c(34.3145299, 31.1408885)
1366,2014,1,"נווה","נווה",2014-08-20,8.21060205793904,1,8,1010,"HaDarom",c(34.3280725, 31.1610394)
1366,2014,1,"נווה","נווה",2014-07-30,8.21060205793904,1,7,1010,"HaDarom",c(34.3280725, 31.1610394)
1366,2015,1,"נווה","נווה",2015-10-10,8.21060205793904,1,10,1070,"HaDarom",c(34.3280725, 31.1610394)
1366,2016,1,"נווה","נווה",2016-09-20,8.21060205793904,1,9,1190,"HaDarom",c(34.3280725, 31.1610394)
1366,2017,1,"נווה","נווה",2017-10-08,8.21060205793904,1,10,1233,"HaDarom",c(34.3280725, 31.1610394)
1366,2017,1,"נווה","נווה",2017-04-10,8.21060205793904,1,4,1233,"HaDarom",c(34.3280725, 31.1610394)
1366,2018,1,"נווה","נווה",2018-08-08,8.21060205793904,1,8,1233,"HaDarom",c(34.3280725, 31.1610394)
1366,2018,1,"נווה","נווה",2018-11-12,8.21060205793904,1,11,1233,"HaDarom",c(34.3280725, 31.1610394)
1366,2018,1,"נווה","נווה",2018-05-29,8.21060205793904,1,5,1233,"HaDarom",c(34.3280725, 31.1610394)
1366,2018,1,"נווה","נווה",2018-06-20,8.21060205793904,1,6,1233,"HaDarom",c(34.3280725, 31.1610394)
1366,2018,1,"נווה","נווה",2018-02-03,8.21060205793904,1,2,1233,"HaDarom",c(34.3280725, 31.1610394)
1366,2018,1,"נווה","נווה",2018-07-14,8.21060205793904,1,7,1233,"HaDarom",c(34.3280725, 31.1610394)
1366,2019,1,"נווה","נווה",2019-05-05,8.21060205793904,1,5,1267,"HaDarom",c(34.3280725, 31.1610394)
1366,2019,1,"נווה","נווה",2019-02-06,8.21060205793904,1,2,1267,"HaDarom",c(34.3280725, 31.1610394)
1366,2019,1,"נווה","נווה",2019-03-26,8.21060205793904,1,3,1267,"HaDarom",c(34.3280725, 31.1610394)
1366,2021,1,"נווה","נווה",2021-05-14,8.21060205793904,1,5,1327,"HaDarom",c(34.3280725, 31.1610394)
1366,2022,1,"נווה","נווה",2022-08-07,8.21060205793904,1,8,1333,"HaDarom",c(34.3280725, 31.1610394)
1367,2016,1,"כוחלה","כוחלה",2016-09-20,53.2099023677414,1,9,180,"HaDarom",c(35.048572, 31.2871116)
1367,2017,1,"כוחלה","כוחלה",2017-03-21,53.2099023677414,1,3,182,"HaDarom",c(35.048572, 31.2871116)
1367,2019,1,"כוחלה","כוחלה",2019-05-05,53.2099023677414,1,5,429,"HaDarom",c(35.048572, 31.2871116)
1367,2021,1,"כוחלה מכחול","כוחלהמכחול",2021-05-12,53.2099023677414,1,5,455,"HaDarom",c(35.048572, 31.2871116)
1371,2014,1,"גני טל","גניטל",2014-08-05,34.0645201390464,1,8,590,"HaMerkaz",c(34.791243, 31.7881945)
1371,2014,1,"גני טל","גניטל",2014-07-29,34.0645201390464,1,7,590,"HaMerkaz",c(34.791243, 31.7881945)
1371,2016,1,"גני טל","גניטל",2016-09-20,34.0645201390464,1,9,740,"HaMerkaz",c(34.791243, 31.7881945)
1371,2017,1,"גני טל","גניטל",2017-08-08,34.0645201390464,1,8,792,"HaMerkaz",c(34.791243, 31.7881945)
1371,2019,1,"גני טל","גניטל",2019-05-04,34.0645201390464,1,5,867,"HaMerkaz",c(34.791243, 31.7881945)
1371,2019,1,"גני טל","גניטל",2019-11-12,34.0645201390464,1,11,867,"HaMerkaz",c(34.791243, 31.7881945)
1371,2021,1,"גני טל","גניטל",2021-05-11,34.0645201390464,1,5,909,"HaMerkaz",c(34.791243, 31.7881945)
1371,2023,1,"גני טל","גניטל",2023-05-12,34.0645201390464,1,5,NA,"HaMerkaz",c(34.791243, 31.7881945)
1371,2023,1,"גני טל","גניטל",2023-10-07,34.0645201390464,1,10,NA,"HaMerkaz",c(34.791243, 31.7881945)
1372,2014,1,"נצר חזני","נצרחזני",2014-08-21,41.2242376967763,1,8,310,"HaMerkaz",c(34.8628011, 31.819461)
1372,2016,1,"נצר חזני","נצרחזני",2016-09-20,41.2242376967763,1,9,390,"HaMerkaz",c(34.8628011, 31.819461)
1372,2017,1,"נצר חזני","נצרחזני",2017-08-08,41.2242376967763,1,8,419,"HaMerkaz",c(34.8628011, 31.819461)
1372,2019,1,"נצר חזני","נצרחזני",2019-05-04,41.2242376967763,1,5,498,"HaMerkaz",c(34.8628011, 31.819461)
1372,2019,1,"נצר חזני","נצרחזני",2019-11-13,41.2242376967763,1,11,498,"HaMerkaz",c(34.8628011, 31.819461)
1372,2021,1,"נצר חזני","נצרחזני",2021-05-11,41.2242376967763,1,5,544,"HaMerkaz",c(34.8628011, 31.819461)
1372,2023,1,"נצר חזני","נצרחזני",2023-10-07,41.2242376967763,1,10,NA,"HaMerkaz",c(34.8628011, 31.819461)
1372,2023,1,"נצר חזני","נצרחזני",2023-05-13,41.2242376967763,1,5,NA,"HaMerkaz",c(34.8628011, 31.819461)
1419,2014,1,"ניצן ב'","ניצןב",2014-08-22,20.1205372384252,1,8,1490,"HaDarom",c(34.6362015, 31.736731)
1419,2014,1,"ניצן ב'","ניצןב",2014-07-31,20.1205372384252,1,7,1490,"HaDarom",c(34.6362015, 31.736731)
1419,2015,1,"ניצן ב'","ניצןב",2015-09-29,20.1205372384252,1,9,1350,"HaDarom",c(34.6362015, 31.736731)
1419,2015,1,"ניצן ב'","ניצןב",2015-05-26,20.1205372384252,1,5,1350,"HaDarom",c(34.6362015, 31.736731)
1419,2016,1,"ניצן ב'","ניצןב",2016-09-20,20.1205372384252,1,9,1130,"HaDarom",c(34.6362015, 31.736731)
1419,2018,1,"ניצן ב'","ניצןב",2018-11-12,20.1205372384252,1,11,631,"HaDarom",c(34.6362015, 31.736731)
1419,2019,1,"ניצן ב'","ניצןב",2019-05-05,20.1205372384252,1,5,498,"HaDarom",c(34.6362015, 31.736731)
1722,2016,1,"מגדל תפן","מגדלתפן",2016-05-31,168.992051259374,1,5,0,"HaZafon",c(35.2754755, 32.9751455)
1722,2016,1,"מגדל תפן","מגדלתפן",2016-09-20,168.992051259374,1,9,0,"HaZafon",c(35.2754755, 32.9751455)
1722,2018,1,"מגדל תפן","מגדלתפן",2018-02-10,168.992051259374,1,2,0,"HaZafon",c(35.2754755, 32.9751455)
1722,2018,1,"מגדל תפן","מגדלתפן",2018-06-19,168.992051259374,1,6,0,"HaZafon",c(35.2754755, 32.9751455)
1722,2019,1,"מגדל תפן","מגדלתפן",2019-05-20,168.992051259374,1,5,0,"HaZafon",c(35.2754755, 32.9751455)
1770,2014,1,"רמת חובב","רמתחובב",2014-08-20,38.2227488264016,1,8,0,"HaDarom",c(34.7892684, 31.1346905)
1770,2016,1,"רמת חובב","רמתחובב",2016-09-20,38.2227488264016,1,9,0,"HaDarom",c(34.7892684, 31.1346905)
1770,2017,1,"רמת חובב","רמתחובב",2017-03-21,38.2227488264016,1,3,0,"HaDarom",c(34.7892684, 31.1346905)
1770,2019,1,"רמת חובב","רמתחובב",2019-05-05,38.2227488264016,1,5,0,"HaDarom",c(34.7892684, 31.1346905)
2002,2016,1,"תנובות","תנובות",2016-09-20,89.6826979006484,1,9,830,"HaMerkaz",c(34.9630831, 32.306917)
2002,2017,1,"תנובות","תנובות",2017-02-07,89.6826979006484,1,2,838,"HaMerkaz",c(34.9630831, 32.306917)
2002,2021,1,"תנובות","תנובות",2021-05-11,89.6826979006484,1,5,847,"HaMerkaz",c(34.9630831, 32.306917)
2003,2016,1,"תלמי אלעזר","תלמיאלעזר",2016-09-20,103.931497645781,1,9,810,"Haifa",c(34.978798, 32.4452695)
2003,2016,1,"תלמי אלעזר","תלמיאלעזר",2016-06-22,103.931497645781,1,6,810,"Haifa",c(34.978798, 32.4452695)
2003,2019,1,"תלמי אלעזר","תלמיאלעזר",2019-07-31,103.931497645781,1,7,945,"Haifa",c(34.978798, 32.4452695)
2003,2023,1,"תלמי אלעזר","תלמיאלעזר",2023-10-07,103.931497645781,1,10,NA,"Haifa",c(34.978798, 32.4452695)
2008,2016,1,"שדה יצחק","שדהיצחק",2016-09-20,100.761978600987,1,9,670,"Haifa",c(34.9931659, 32.4054345)
2008,2016,1,"שדה יצחק","שדהיצחק",2016-06-22,100.761978600987,1,6,670,"Haifa",c(34.9931659, 32.4054345)
2008,2019,1,"שדה יצחק","שדהיצחק",2019-07-31,100.761978600987,1,7,687,"Haifa",c(34.9931659, 32.4054345)
2008,2021,1,"שדה יצחק","שדהיצחק",2021-05-13,100.761978600987,1,5,736,"Haifa",c(34.9931659, 32.4054345)
2009,2014,1,"יובל","יובל",2014-08-25,209.622224148094,1,8,660,"HaZafon",c(35.5989725, 33.2432995)
2009,2014,1,"יובל","יובל",2014-09-11,209.622224148094,1,9,660,"HaZafon",c(35.5989725, 33.2432995)
2009,2016,1,"יובל","יובל",2016-09-20,209.622224148094,1,9,620,"HaZafon",c(35.5989725, 33.2432995)
2009,2016,1,"יובל","יובל",2016-12-06,209.622224148094,1,12,620,"HaZafon",c(35.5989725, 33.2432995)
2009,2018,1,"יובל","יובל",2018-02-10,209.622224148094,1,2,625,"HaZafon",c(35.5989725, 33.2432995)
2009,2019,1,"יובל","יובל",2019-05-20,209.622224148094,1,5,638,"HaZafon",c(35.5989725, 33.2432995)
2009,2023,1,"כפר יובל","כפריובל",2023-11-21,209.622224148094,1,11,NA,"HaZafon",c(35.5989725, 33.2432995)
2009,2023,1,"כפר יובל","כפריובל",2023-10-18,209.622224148094,1,10,NA,"HaZafon",c(35.5989725, 33.2432995)
2010,2014,1,"כפר בן נון","כפרבןנון",2014-08-01,49.7660899449417,1,8,660,"HaMerkaz",c(34.9474846, 31.861001)
2010,2016,1,"כפר בן נון","כפרבןנון",2016-09-20,49.7660899449417,1,9,680,"HaMerkaz",c(34.9474846, 31.861001)
2010,2017,1,"כפר בן נון","כפרבןנון",2017-08-08,49.7660899449417,1,8,727,"HaMerkaz",c(34.9474846, 31.861001)
2010,2019,1,"כפר בן נון","כפרבןנון",2019-05-04,49.7660899449417,1,5,749,"HaMerkaz",c(34.9474846, 31.861001)
2010,2019,1,"כפר בן נון","כפרבןנון",2019-11-12,49.7660899449417,1,11,749,"HaMerkaz",c(34.9474846, 31.861001)
2010,2021,1,"כפר בן נון","כפרבןנון",2021-05-11,49.7660899449417,1,5,742,"HaMerkaz",c(34.9474846, 31.861001)
2010,2023,1,"כפר בן נון","כפרבןנון",2023-11-03,49.7660899449417,1,11,NA,"HaMerkaz",c(34.9474846, 31.861001)
2010,2023,1,"כפר בן נון","כפרבןנון",2023-12-02,49.7660899449417,1,12,NA,"HaMerkaz",c(34.9474846, 31.861001)
2010,2023,1,"כפר בן נון","כפרבןנון",2023-10-07,49.7660899449417,1,10,NA,"HaMerkaz",c(34.9474846, 31.861001)
2011,2014,1,"ינון","ינון",2014-07-29,29.5397818727724,1,7,1100,"HaDarom",c(34.78416, 31.738415)
2011,2014,1,"ינון","ינון",2014-08-05,29.5397818727724,1,8,1100,"HaDarom",c(34.78416, 31.738415)
2011,2016,1,"ינון","ינון",2016-09-20,29.5397818727724,1,9,1120,"HaDarom",c(34.78416, 31.738415)
2011,2019,1,"ינון","ינון",2019-05-05,29.5397818727724,1,5,1197,"HaDarom",c(34.78416, 31.738415)
2011,2019,1,"ינון","ינון",2019-11-12,29.5397818727724,1,11,1197,"HaDarom",c(34.78416, 31.738415)
2011,2021,1,"ינון","ינון",2021-05-12,29.5397818727724,1,5,1215,"HaDarom",c(34.78416, 31.738415)
2011,2023,1,"ינון","ינון",2023-10-17,29.5397818727724,1,10,NA,"HaDarom",c(34.78416, 31.738415)
2012,2014,1,"אורות","אורות",2014-08-19,25.6787892526119,1,8,500,"HaDarom",c(34.7338266, 31.7418095)
2012,2014,1,"אורות","אורות",2014-07-31,25.6787892526119,1,7,500,"HaDarom",c(34.7338266, 31.7418095)
2012,2016,1,"אורות","אורות",2016-09-20,25.6787892526119,1,9,490,"HaDarom",c(34.7338266, 31.7418095)
2012,2019,1,"אורות","אורות",2019-05-05,25.6787892526119,1,5,496,"HaDarom",c(34.7338266, 31.7418095)
2012,2021,1,"אורות","אורות",2021-05-12,25.6787892526119,1,5,472,"HaDarom",c(34.7338266, 31.7418095)
2012,2023,1,"אורות","אורות",2023-10-17,25.6787892526119,1,10,NA,"HaDarom",c(34.7338266, 31.7418095)
2014,2014,1,"גבעולים","גבעולים",2014-08-22,12.5728194151317,1,8,330,"HaDarom",c(34.5908514, 31.3967565)
2014,2014,1,"גבעולים","גבעולים",2014-07-27,12.5728194151317,1,7,330,"HaDarom",c(34.5908514, 31.3967565)
2014,2015,1,"גבעולים","גבעולים",2015-06-03,12.5728194151317,1,6,330,"HaDarom",c(34.5908514, 31.3967565)
2014,2016,1,"גבעולים","גבעולים",2016-09-20,12.5728194151317,1,9,340,"HaDarom",c(34.5908514, 31.3967565)
2014,2017,1,"גבעולים","גבעולים",2017-12-08,12.5728194151317,1,12,340,"HaDarom",c(34.5908514, 31.3967565)
2014,2017,1,"גבעולים","גבעולים",2017-03-21,12.5728194151317,1,3,340,"HaDarom",c(34.5908514, 31.3967565)
2014,2018,1,"גבעולים","גבעולים",2018-08-09,12.5728194151317,1,8,384,"HaDarom",c(34.5908514, 31.3967565)
2014,2018,1,"גבעולים","גבעולים",2018-11-12,12.5728194151317,1,11,384,"HaDarom",c(34.5908514, 31.3967565)
2014,2018,1,"גבעולים","גבעולים",2018-05-30,12.5728194151317,1,5,384,"HaDarom",c(34.5908514, 31.3967565)
2014,2018,1,"גבעולים","גבעולים",2018-07-14,12.5728194151317,1,7,384,"HaDarom",c(34.5908514, 31.3967565)
2014,2019,1,"גבעולים","גבעולים",2019-03-25,12.5728194151317,1,3,386,"HaDarom",c(34.5908514, 31.3967565)
2014,2019,1,"מעגלים גבעולים מלילות","מעגליםגבעוליםמלילות",2019-11-12,12.5728194151317,1,11,386,"HaDarom",c(34.5908514, 31.3967565)
2014,2019,1,"גבעולים","גבעולים",2019-05-05,12.5728194151317,1,5,386,"HaDarom",c(34.5908514, 31.3967565)
2014,2020,1,"מעגלים גבעולים מלילות","מעגליםגבעוליםמלילות",2020-02-24,12.5728194151317,1,2,409,"HaDarom",c(34.5908514, 31.3967565)
2014,2021,1,"מעגלים גבעולים מלילות","מעגליםגבעוליםמלילות",2021-05-17,12.5728194151317,1,5,422,"HaDarom",c(34.5908514, 31.3967565)
2014,2022,1," גבעולים","גבעולים",2022-08-07,12.5728194151317,1,8,426,"HaDarom",c(34.5908514, 31.3967565)
2014,2023,1," גבעולים","גבעולים",2023-05-10,12.5728194151317,1,5,NA,"HaDarom",c(34.5908514, 31.3967565)
2014,2023,1," גבעולים","גבעולים",2023-10-07,12.5728194151317,1,10,NA,"HaDarom",c(34.5908514, 31.3967565)
2015,2014,1,"שדי חמד","שדיחמד",2014-08-02,75.2256690366854,1,8,1000,"HaMerkaz",c(34.9423861, 32.1563785)
2015,2016,1,"שדי חמד","שדיחמד",2016-09-20,75.2256690366854,1,9,1040,"HaMerkaz",c(34.9423861, 32.1563785)
2015,2016,1,"שדי חמד","שדיחמד",2016-12-20,75.2256690366854,1,12,1040,"HaMerkaz",c(34.9423861, 32.1563785)
2015,2018,1,"שדי חמד","שדיחמד",2018-12-26,75.2256690366854,1,12,1017,"HaMerkaz",c(34.9423861, 32.1563785)
2015,2021,1,"שדי חמד","שדיחמד",2021-05-11,75.2256690366854,1,5,953,"HaMerkaz",c(34.9423861, 32.1563785)
2015,2023,1,"שדי חמד","שדיחמד",2023-10-14,75.2256690366854,1,10,NA,"HaMerkaz",c(34.9423861, 32.1563785)
2016,2015,1,"רוויה","רוויה",2015-03-11,130.968918814604,1,3,380,"HaZafon",c(35.4735335, 32.4488355)
2016,2016,1,"רוויה","רוויה",2016-09-20,130.968918814604,1,9,420,"HaZafon",c(35.4735335, 32.4488355)
2016,2018,1,"רוויה","רוויה",2018-02-10,130.968918814604,1,2,436,"HaZafon",c(35.4735335, 32.4488355)
2018,2016,1,"גבעת חיים איחוד","גבעתחייםאיחוד",2016-09-20,97.8752656019918,1,9,1070,"HaMerkaz",c(34.932302, 32.39968)
2018,2017,1,"גבעת חיים איחוד","גבעתחייםאיחוד",2017-02-07,97.8752656019918,1,2,1088,"HaMerkaz",c(34.932302, 32.39968)
2021,2021,1,"אשל הנשיא","אשלהנשיא",2021-05-15,24.7950382839699,1,5,141,"HaDarom",c(34.697497, 31.3268275)
2021,2023,1,"אשל הנשיא","אשלהנשיא",2023-10-07,24.7950382839699,1,10,NA,"HaDarom",c(34.697497, 31.3268275)
2023,2014,1,"להב","להב",2014-07-29,32.928027492642,1,7,470,"HaDarom",c(34.86984, 31.379032)
2023,2014,1,"להב","להב",2014-08-08,32.928027492642,1,8,470,"HaDarom",c(34.86984, 31.379032)
2023,2016,1,"להב","להב",2016-09-20,32.928027492642,1,9,490,"HaDarom",c(34.86984, 31.379032)
2023,2017,1,"להב","להב",2017-03-21,32.928027492642,1,3,520,"HaDarom",c(34.86984, 31.379032)
2023,2018,1,"להב","להב",2018-11-12,32.928027492642,1,11,530,"HaDarom",c(34.86984, 31.379032)
2023,2019,1,"להב","להב",2019-05-04,32.928027492642,1,5,567,"HaDarom",c(34.86984, 31.379032)
2023,2021,1,"להב","להב",2021-05-12,32.928027492642,1,5,657,"HaDarom",c(34.86984, 31.379032)
2024,2016,1,"אום אל קוטוף","אוםאלקוטוף",2016-06-22,110.04551505697,1,6,1050,"Haifa",c(35.05543, 32.4666355)
2024,2016,1,"אום אל קוטוף","אוםאלקוטוף",2016-09-20,110.04551505697,1,9,1050,"Haifa",c(35.05543, 32.4666355)
2024,2019,1,"אום אל קוטוף","אוםאלקוטוף",2019-07-31,110.04551505697,1,7,1117,"Haifa",c(35.05543, 32.4666355)
2026,2015,1,"ירדנה","ירדנה",2015-03-11,146.720925341642,1,3,340,"HaZafon",c(35.5632725, 32.5652925)
2026,2016,1,"ירדנה","ירדנה",2016-09-20,146.720925341642,1,9,350,"HaZafon",c(35.5632725, 32.5652925)
2026,2018,1,"ירדנה","ירדנה",2018-02-10,146.720925341642,1,2,371,"HaZafon",c(35.5632725, 32.5652925)
2029,2015,1,"מדרך עוז","מדרךעוז",2015-03-11,126.732540906711,1,3,750,"HaZafon",c(35.158467, 32.5971066)
2029,2016,1,"מדרך עוז","מדרךעוז",2016-06-22,126.732540906711,1,6,770,"HaZafon",c(35.158467, 32.5971066)
2029,2016,1,"מדרך עוז","מדרךעוז",2016-09-20,126.732540906711,1,9,770,"HaZafon",c(35.158467, 32.5971066)
2030,2014,1,"מנוחה","מנוחה",2014-08-05,22.631676248568,1,8,520,"HaDarom",c(34.7751244, 31.6569911)
2030,2014,1,"מנוחה","מנוחה",2014-07-27,22.631676248568,1,7,520,"HaDarom",c(34.7751244, 31.6569911)
2030,2016,1,"מנוחה","מנוחה",2016-09-20,22.631676248568,1,9,550,"HaDarom",c(34.7751244, 31.6569911)
2030,2019,1,"מנוחה","מנוחה",2019-05-05,22.631676248568,1,5,618,"HaDarom",c(34.7751244, 31.6569911)
2030,2023,1,"מנוחה","מנוחה",2023-12-17,22.631676248568,1,12,NA,"HaDarom",c(34.7751244, 31.6569911)
2030,2023,1,"מנוחה","מנוחה",2023-10-07,22.631676248568,1,10,NA,"HaDarom",c(34.7751244, 31.6569911)
2033,2014,1,"בית חלקיה","ביתחלקיה",2014-08-05,35.3718543922301,1,8,850,"HaMerkaz",c(34.81189, 31.7931885)
2033,2014,1,"בית חלקיה","ביתחלקיה",2014-07-29,35.3718543922301,1,7,850,"HaMerkaz",c(34.81189, 31.7931885)
2033,2016,1,"בית חלקיה","ביתחלקיה",2016-09-20,35.3718543922301,1,9,1150,"HaMerkaz",c(34.81189, 31.7931885)
2033,2017,1,"בית חלקיה","ביתחלקיה",2017-08-08,35.3718543922301,1,8,1176,"HaMerkaz",c(34.81189, 31.7931885)
2033,2019,1,"בית חלקיה","ביתחלקיה",2019-11-12,35.3718543922301,1,11,1248,"HaMerkaz",c(34.81189, 31.7931885)
2033,2019,1,"בית חלקיה","ביתחלקיה",2019-05-04,35.3718543922301,1,5,1248,"HaMerkaz",c(34.81189, 31.7931885)
2033,2021,1,"בית חלקיה","ביתחלקיה",2021-05-12,35.3718543922301,1,5,1446,"HaMerkaz",c(34.81189, 31.7931885)
2033,2023,1,"בית חלקיה","ביתחלקיה",2023-10-07,35.3718543922301,1,10,NA,"HaMerkaz",c(34.81189, 31.7931885)
2033,2023,1,"בית חלקיה","ביתחלקיה",2023-05-13,35.3718543922301,1,5,NA,"HaMerkaz",c(34.81189, 31.7931885)
2034,2016,1,"חצור הגלילית","חצורהגלילית",2016-09-20,181.706081305841,1,9,9000,"HaZafon",c(35.5401935, 32.985147)
2034,2017,1,"חצור הגלילית","חצורהגלילית",2017-07-18,181.706081305841,1,7,9060,"HaZafon",c(35.5401935, 32.985147)
2034,2018,1,"חצור הגלילית","חצורהגלילית",2018-02-10,181.706081305841,1,2,9165,"HaZafon",c(35.5401935, 32.985147)
2034,2019,1,"חצור הגלילית","חצורהגלילית",2019-05-20,181.706081305841,1,5,9272,"HaZafon",c(35.5401935, 32.985147)
2034,2021,1,"חצור","חצור",2021-05-12,181.706081305841,1,5,9764,"HaZafon",c(35.5401935, 32.985147)
2034,2022,1,"חצור הגלילית","חצורהגלילית",2022-02-18,181.706081305841,1,2,10047,"HaZafon",c(35.5401935, 32.985147)
2034,2023,1,"חצור","חצור",2023-10-07,181.706081305841,1,10,NA,"HaZafon",c(35.5401935, 32.985147)
2034,2023,1,"חצור","חצור",2023-05-13,181.706081305841,1,5,NA,"HaZafon",c(35.5401935, 32.985147)
2034,2023,1,"חצור","חצור",2023-12-01,181.706081305841,1,12,NA,"HaZafon",c(35.5401935, 32.985147)
2034,2023,1,"חצור","חצור",2023-11-01,181.706081305841,1,11,NA,"HaZafon",c(35.5401935, 32.985147)
2035,2014,1,"כפר נוער עדנים","כפרנוערעדנים",2014-08-20,71.3121644296689,1,8,470,"HaMerkaz",c(34.906199, 32.1390985)
2035,2014,1,"כפר נוער עדנים","כפרנוערעדנים",2014-07-29,71.3121644296689,1,7,470,"HaMerkaz",c(34.906199, 32.1390985)
2035,2016,1,"כפר נוער עדנים","כפרנוערעדנים",2016-09-20,71.3121644296689,1,9,480,"HaMerkaz",c(34.906199, 32.1390985)
2035,2016,1,"עדנים","עדנים",2016-12-20,71.3121644296689,1,12,480,"HaMerkaz",c(34.906199, 32.1390985)
2035,2017,1,"כפר נוער עדנים","כפרנוערעדנים",2017-03-21,71.3121644296689,1,3,471,"HaMerkaz",c(34.906199, 32.1390985)
2035,2018,1,"עדנים","עדנים",2018-12-26,71.3121644296689,1,12,519,"HaMerkaz",c(34.906199, 32.1390985)
2035,2018,1,"כפר נוער עדנים","כפרנוערעדנים",2018-11-12,71.3121644296689,1,11,519,"HaMerkaz",c(34.906199, 32.1390985)
2035,2019,1,"כפר נוער עדנים","כפרנוערעדנים",2019-05-04,71.3121644296689,1,5,515,"HaMerkaz",c(34.906199, 32.1390985)
2035,2021,1,"עדנים","עדנים",2021-05-11,71.3121644296689,1,5,509,"HaMerkaz",c(34.906199, 32.1390985)
2035,2023,1,"עדנים","עדנים",2023-11-20,71.3121644296689,1,11,NA,"HaMerkaz",c(34.906199, 32.1390985)
2035,2023,1,"עדנים","עדנים",2023-10-31,71.3121644296689,1,10,NA,"HaMerkaz",c(34.906199, 32.1390985)
2038,2014,1,"ברקת","ברקת",2014-07-29,62.5084969487069,1,7,1830,"HaMerkaz",c(34.9462325, 32.0154095)
2038,2014,1,"ברקת","ברקת",2014-08-23,62.5084969487069,1,8,1830,"HaMerkaz",c(34.9462325, 32.0154095)
2038,2015,1,"ברקת","ברקת",2015-03-23,62.5084969487069,1,3,1870,"HaMerkaz",c(34.9462325, 32.0154095)
2038,2016,1,"ברקת","ברקת",2016-09-20,62.5084969487069,1,9,1930,"HaMerkaz",c(34.9462325, 32.0154095)
2038,2021,1,"ברקת","ברקת",2021-05-15,62.5084969487069,1,5,2192,"HaMerkaz",c(34.9462325, 32.0154095)
2038,2023,1,"ברקת","ברקת",2023-10-07,62.5084969487069,1,10,NA,"HaMerkaz",c(34.9462325, 32.0154095)
2038,2023,1,"ברקת","ברקת",2023-11-17,62.5084969487069,1,11,NA,"HaMerkaz",c(34.9462325, 32.0154095)
2038,2023,1,"ברקת","ברקת",2023-12-02,62.5084969487069,1,12,NA,"HaMerkaz",c(34.9462325, 32.0154095)
2042,2016,1,"עין גדי","עיןגדי",2016-09-20,77.5890146612994,1,9,590,"HaDarom",c(35.3846921, 31.4526095)
2042,2018,1,"עין גדי","עיןגדי",2018-11-12,77.5890146612994,1,11,603,"HaDarom",c(35.3846921, 31.4526095)
2042,2018,1,"עין גדי","עיןגדי",2018-10-16,77.5890146612994,1,10,603,"HaDarom",c(35.3846921, 31.4526095)
2043,2016,1,"בחן","בחן",2016-09-20,96.900446276704,1,9,950,"HaMerkaz",c(35.0195255, 32.3512816)
2043,2016,1,"בחן","בחן",2016-06-22,96.900446276704,1,6,950,"HaMerkaz",c(35.0195255, 32.3512816)
2044,2014,1,"מלילות","מלילות",2014-07-27,13.5693170807963,1,7,250,"HaDarom",c(34.594489, 31.3893575)
2044,2014,1,"מלילות","מלילות",2014-08-26,13.5693170807963,1,8,250,"HaDarom",c(34.594489, 31.3893575)
2044,2015,1,"מלילות","מלילות",2015-06-03,13.5693170807963,1,6,280,"HaDarom",c(34.594489, 31.3893575)
2044,2016,1,"מלילות","מלילות",2016-09-20,13.5693170807963,1,9,300,"HaDarom",c(34.594489, 31.3893575)
2044,2017,1,"מלילות","מלילות",2017-03-21,13.5693170807963,1,3,320,"HaDarom",c(34.594489, 31.3893575)
2044,2017,1,"מלילות","מלילות",2017-12-08,13.5693170807963,1,12,320,"HaDarom",c(34.594489, 31.3893575)
2044,2018,1,"מלילות","מלילות",2018-07-14,13.5693170807963,1,7,340,"HaDarom",c(34.594489, 31.3893575)
2044,2018,1,"מלילות","מלילות",2018-08-09,13.5693170807963,1,8,340,"HaDarom",c(34.594489, 31.3893575)
2044,2018,1,"מלילות","מלילות",2018-11-12,13.5693170807963,1,11,340,"HaDarom",c(34.594489, 31.3893575)
2044,2018,1,"מלילות","מלילות",2018-05-29,13.5693170807963,1,5,340,"HaDarom",c(34.594489, 31.3893575)
2044,2019,1,"מלילות","מלילות",2019-03-25,13.5693170807963,1,3,360,"HaDarom",c(34.594489, 31.3893575)
2044,2019,1,"מלילות","מלילות",2019-05-06,13.5693170807963,1,5,360,"HaDarom",c(34.594489, 31.3893575)
2044,2022,1," מלילות","מלילות",2022-08-07,13.5693170807963,1,8,398,"HaDarom",c(34.594489, 31.3893575)
2044,2023,1," מלילות","מלילות",2023-10-07,13.5693170807963,1,10,NA,"HaDarom",c(34.594489, 31.3893575)
2044,2023,1," מלילות","מלילות",2023-05-11,13.5693170807963,1,5,NA,"HaDarom",c(34.594489, 31.3893575)
2045,2014,1,"נחלה","נחלה",2014-08-19,24.171442814744,1,8,540,"HaDarom",c(34.7945885, 31.6585819)
2045,2014,1,"נחלה","נחלה",2014-07-27,24.171442814744,1,7,540,"HaDarom",c(34.7945885, 31.6585819)
2045,2016,1,"נחלה","נחלה",2016-09-20,24.171442814744,1,9,650,"HaDarom",c(34.7945885, 31.6585819)
2045,2019,1,"נחלה","נחלה",2019-05-05,24.171442814744,1,5,717,"HaDarom",c(34.7945885, 31.6585819)
2045,2023,1,"נחלה","נחלה",2023-10-22,24.171442814744,1,10,NA,"HaDarom",c(34.7945885, 31.6585819)
2046,2014,1,"סגולה","סגולה",2014-07-27,23.7971277954317,1,7,710,"HaDarom",c(34.7800125, 31.6701326)
2046,2014,1,"סגולה","סגולה",2014-08-05,23.7971277954317,1,8,710,"HaDarom",c(34.7800125, 31.6701326)
2046,2016,1,"סגולה","סגולה",2016-09-20,23.7971277954317,1,9,700,"HaDarom",c(34.7800125, 31.6701326)
2046,2019,1,"סגולה","סגולה",2019-05-05,23.7971277954317,1,5,717,"HaDarom",c(34.7800125, 31.6701326)
2046,2023,1,"סגולה","סגולה",2023-10-22,23.7971277954317,1,10,NA,"HaDarom",c(34.7800125, 31.6701326)
2047,2014,1,"ניר משה","נירמשה",2014-08-26,7.80627034688081,1,8,530,"HaDarom",c(34.6304475, 31.477491)
2047,2015,1,"ניר משה","נירמשה",2015-04-23,7.80627034688081,1,4,530,"HaDarom",c(34.6304475, 31.477491)
2047,2016,1,"ניר משה","נירמשה",2016-09-20,7.80627034688081,1,9,560,"HaDarom",c(34.6304475, 31.477491)
2047,2017,1,"ניר משה","נירמשה",2017-03-21,7.80627034688081,1,3,574,"HaDarom",c(34.6304475, 31.477491)
2047,2018,1,"ניר משה","נירמשה",2018-05-30,7.80627034688081,1,5,585,"HaDarom",c(34.6304475, 31.477491)
2047,2018,1,"ניר משה","נירמשה",2018-11-12,7.80627034688081,1,11,585,"HaDarom",c(34.6304475, 31.477491)
2047,2018,1,"ניר משה","נירמשה",2018-07-14,7.80627034688081,1,7,585,"HaDarom",c(34.6304475, 31.477491)
2047,2018,1,"ניר משה","נירמשה",2018-08-09,7.80627034688081,1,8,585,"HaDarom",c(34.6304475, 31.477491)
2047,2019,1,"ניר משה","נירמשה",2019-05-04,7.80627034688081,1,5,592,"HaDarom",c(34.6304475, 31.477491)
2047,2019,1,"ניר משה","נירמשה",2019-11-13,7.80627034688081,1,11,592,"HaDarom",c(34.6304475, 31.477491)
2047,2020,1,"ניר משה","נירמשה",2020-09-16,7.80627034688081,1,9,592,"HaDarom",c(34.6304475, 31.477491)
2047,2021,1,"ניר משה","נירמשה",2021-05-13,7.80627034688081,1,5,607,"HaDarom",c(34.6304475, 31.477491)
2047,2023,1,"ניר משה","נירמשה",2023-10-09,7.80627034688081,1,10,NA,"HaDarom",c(34.6304475, 31.477491)
2048,2014,1,"ניר עקיבא","נירעקיבא",2014-08-26,9.56611604540624,1,8,680,"HaDarom",c(34.649873, 31.470337)
2048,2015,1,"ניר עקיבא","נירעקיבא",2015-04-23,9.56611604540624,1,4,700,"HaDarom",c(34.649873, 31.470337)
2048,2016,1,"ניר עקיבא","נירעקיבא",2016-09-20,9.56611604540624,1,9,730,"HaDarom",c(34.649873, 31.470337)
2048,2017,1,"ניר עקיבא","נירעקיבא",2017-03-21,9.56611604540624,1,3,793,"HaDarom",c(34.649873, 31.470337)
2048,2018,1,"ניר עקיבא","נירעקיבא",2018-08-09,9.56611604540624,1,8,670,"HaDarom",c(34.649873, 31.470337)
2048,2018,1,"ניר עקיבא","נירעקיבא",2018-11-12,9.56611604540624,1,11,670,"HaDarom",c(34.649873, 31.470337)
2048,2018,1,"ניר עקיבא","נירעקיבא",2018-05-29,9.56611604540624,1,5,670,"HaDarom",c(34.649873, 31.470337)
2048,2018,1,"ניר עקיבא","נירעקיבא",2018-07-14,9.56611604540624,1,7,670,"HaDarom",c(34.649873, 31.470337)
2048,2019,1,"ניר עקיבא","נירעקיבא",2019-05-04,9.56611604540624,1,5,686,"HaDarom",c(34.649873, 31.470337)
2048,2019,1,"ניר עקיבא","נירעקיבא",2019-11-13,9.56611604540624,1,11,686,"HaDarom",c(34.649873, 31.470337)
2048,2021,1,"ניר עקיבא","נירעקיבא",2021-05-15,9.56611604540624,1,5,709,"HaDarom",c(34.649873, 31.470337)
2049,2014,1,"שדה צבי","שדהצבי",2014-08-26,16.1577897431222,1,8,570,"HaDarom",c(34.712074, 31.4490305)
2049,2015,1,"שדה צבי","שדהצבי",2015-04-23,16.1577897431222,1,4,590,"HaDarom",c(34.712074, 31.4490305)
2049,2016,1,"שדה צבי","שדהצבי",2016-09-20,16.1577897431222,1,9,610,"HaDarom",c(34.712074, 31.4490305)
2049,2017,1,"שדה צבי","שדהצבי",2017-03-21,16.1577897431222,1,3,652,"HaDarom",c(34.712074, 31.4490305)
2049,2018,1,"שדה צבי","שדהצבי",2018-11-12,16.1577897431222,1,11,663,"HaDarom",c(34.712074, 31.4490305)
2049,2018,1,"שדה צבי","שדהצבי",2018-05-30,16.1577897431222,1,5,663,"HaDarom",c(34.712074, 31.4490305)
2049,2018,1,"שדה צבי","שדהצבי",2018-08-09,16.1577897431222,1,8,663,"HaDarom",c(34.712074, 31.4490305)
2049,2018,1,"שדה צבי","שדהצבי",2018-07-14,16.1577897431222,1,7,663,"HaDarom",c(34.712074, 31.4490305)
2049,2019,1,"שדה צבי","שדהצבי",2019-05-04,16.1577897431222,1,5,665,"HaDarom",c(34.712074, 31.4490305)
2049,2021,1,"שדה צבי","שדהצבי",2021-05-12,16.1577897431222,1,5,688,"HaDarom",c(34.712074, 31.4490305)
2049,2023,1,"שדה צבי","שדהצבי",2023-10-10,16.1577897431222,1,10,NA,"HaDarom",c(34.712074, 31.4490305)
2050,2014,1,"תלמי ביל""ו","תלמיבילו",2014-08-26,11.4463918926426,1,8,440,"HaDarom",c(34.6453209, 31.4369745)
2050,2015,1,"תלמי ביל""ו","תלמיבילו",2015-04-23,11.4463918926426,1,4,450,"HaDarom",c(34.6453209, 31.4369745)
2050,2016,1,"תלמי ביל""ו","תלמיבילו",2016-09-20,11.4463918926426,1,9,470,"HaDarom",c(34.6453209, 31.4369745)
2050,2017,1,"תלמי ביל""ו","תלמיבילו",2017-03-21,11.4463918926426,1,3,485,"HaDarom",c(34.6453209, 31.4369745)
2050,2018,1,"תלמי ביל""ו","תלמיבילו",2018-05-30,11.4463918926426,1,5,504,"HaDarom",c(34.6453209, 31.4369745)
2050,2018,1,"תלמי ביל""ו","תלמיבילו",2018-08-09,11.4463918926426,1,8,504,"HaDarom",c(34.6453209, 31.4369745)
2050,2018,1,"תלמי ביל""ו","תלמיבילו",2018-11-12,11.4463918926426,1,11,504,"HaDarom",c(34.6453209, 31.4369745)
2050,2018,1,"תלמי ביל""ו","תלמיבילו",2018-07-14,11.4463918926426,1,7,504,"HaDarom",c(34.6453209, 31.4369745)
2050,2019,1,"תלמי ביל""ו","תלמיבילו",2019-05-04,11.4463918926426,1,5,529,"HaDarom",c(34.6453209, 31.4369745)
2050,2019,1,"תלמי ביל''ו","תלמיבילו",2019-11-12,11.4463918926426,1,11,529,"HaDarom",c(34.6453209, 31.4369745)
2050,2021,1,"תלמי ביל''ו","תלמיבילו",2021-05-19,11.4463918926426,1,5,534,"HaDarom",c(34.6453209, 31.4369745)
2050,2022,1,"תלמי ביל''ו","תלמיבילו",2022-08-07,11.4463918926426,1,8,548,"HaDarom",c(34.6453209, 31.4369745)
2050,2023,1,"תלמי ביל''ו","תלמיבילו",2023-10-07,11.4463918926426,1,10,NA,"HaDarom",c(34.6453209, 31.4369745)
2050,2023,1,"תלמי ביל''ו","תלמיבילו",2023-05-13,11.4463918926426,1,5,NA,"HaDarom",c(34.6453209, 31.4369745)
2051,2014,1,"רווחה","רווחה",2014-08-26,19.0552020512581,1,8,530,"HaDarom",c(34.733272, 31.6491384)
2051,2014,1,"רווחה","רווחה",2014-07-27,19.0552020512581,1,7,530,"HaDarom",c(34.733272, 31.6491384)
2051,2016,1,"רווחה","רווחה",2016-09-20,19.0552020512581,1,9,540,"HaDarom",c(34.733272, 31.6491384)
2051,2019,1,"רווחה","רווחה",2019-05-05,19.0552020512581,1,5,551,"HaDarom",c(34.733272, 31.6491384)
2051,2021,1,"רווחה","רווחה",2021-05-18,19.0552020512581,1,5,567,"HaDarom",c(34.733272, 31.6491384)
2051,2023,1,"רווחה","רווחה",2023-10-07,19.0552020512581,1,10,NA,"HaDarom",c(34.733272, 31.6491384)
2052,2015,1,"אביטל","אביטל",2015-03-11,130.535945788176,1,3,500,"HaZafon",c(35.3074155, 32.55723)
2052,2016,1,"אביטל","אביטל",2016-09-20,130.535945788176,1,9,520,"HaZafon",c(35.3074155, 32.55723)
2053,2015,1,"פרזון","פרזון",2015-03-11,130.112705998516,1,3,320,"HaZafon",c(35.3112965, 32.5447335)
2053,2016,1,"פרזון","פרזון",2016-09-20,130.112705998516,1,9,320,"HaZafon",c(35.3112965, 32.5447335)
2054,2015,1,"מיטב","מיטב",2015-03-11,129.426453960867,1,3,460,"HaZafon",c(35.300938, 32.546892)
2054,2016,1,"מיטב","מיטב",2016-09-20,129.426453960867,1,9,460,"HaZafon",c(35.300938, 32.546892)
2055,2016,1,"מאור","מאור",2016-09-20,103.219854549862,1,9,1260,"Haifa",c(35.006559, 32.424546)
2055,2016,1,"מאור","מאור",2016-06-22,103.219854549862,1,6,1260,"Haifa",c(35.006559, 32.424546)
2055,2019,1,"מאור","מאור",2019-07-31,103.219854549862,1,7,1398,"Haifa",c(35.006559, 32.424546)
2055,2023,1,"מאור","מאור",2023-10-09,103.219854549862,1,10,NA,"Haifa",c(35.006559, 32.424546)
2057,2015,1,"שדי תרומות","שדיתרומות",2015-03-11,131.375004304423,1,3,430,"HaZafon",c(35.4860065, 32.440574)
2057,2016,1,"שדי תרומות","שדיתרומות",2016-09-20,131.375004304423,1,9,450,"HaZafon",c(35.4860065, 32.440574)
2057,2018,1,"שדי תרומות","שדיתרומות",2018-02-10,131.375004304423,1,2,453,"HaZafon",c(35.4860065, 32.440574)
2059,2014,1,"פעמי תש""ז","פעמיתשז",2014-08-26,15.0433539828936,1,8,500,"HaDarom",c(34.6925391, 31.4389275)
2059,2015,1,"פעמי תש""ז","פעמיתשז",2015-04-23,15.0433539828936,1,4,500,"HaDarom",c(34.6925391, 31.4389275)
2059,2016,1,"פעמי תש""ז","פעמיתשז",2016-09-20,15.0433539828936,1,9,530,"HaDarom",c(34.6925391, 31.4389275)
2059,2017,1,"פעמי תש""ז","פעמיתשז",2017-03-21,15.0433539828936,1,3,540,"HaDarom",c(34.6925391, 31.4389275)
2059,2018,1,"פעמי תש""ז","פעמיתשז",2018-08-09,15.0433539828936,1,8,559,"HaDarom",c(34.6925391, 31.4389275)
2059,2018,1,"פעמי תש""ז","פעמיתשז",2018-07-14,15.0433539828936,1,7,559,"HaDarom",c(34.6925391, 31.4389275)
2059,2018,1,"פעמי תש""ז","פעמיתשז",2018-05-29,15.0433539828936,1,5,559,"HaDarom",c(34.6925391, 31.4389275)
2059,2018,1,"פעמי תש""ז","פעמיתשז",2018-11-12,15.0433539828936,1,11,559,"HaDarom",c(34.6925391, 31.4389275)
2059,2019,1,"פעמי תש""ז","פעמיתשז",2019-05-04,15.0433539828936,1,5,562,"HaDarom",c(34.6925391, 31.4389275)
2059,2019,1,"פעמי תש''ז","פעמיתשז",2019-11-12,15.0433539828936,1,11,562,"HaDarom",c(34.6925391, 31.4389275)
2059,2021,1,"פעמי תש''ז","פעמיתשז",2021-05-12,15.0433539828936,1,5,586,"HaDarom",c(34.6925391, 31.4389275)
2059,2023,1,"פעמי תש''ז","פעמיתשז",2023-10-10,15.0433539828936,1,10,NA,"HaDarom",c(34.6925391, 31.4389275)
2060,2014,1,"ברוש","ברוש",2014-08-26,17.1512786846769,1,8,410,"HaDarom",c(34.6335215, 31.3697484)
2060,2014,1,"ברוש","ברוש",2014-07-27,17.1512786846769,1,7,410,"HaDarom",c(34.6335215, 31.3697484)
2060,2015,1,"ברוש","ברוש",2015-06-03,17.1512786846769,1,6,440,"HaDarom",c(34.6335215, 31.3697484)
2060,2016,1,"ברוש","ברוש",2016-09-20,17.1512786846769,1,9,470,"HaDarom",c(34.6335215, 31.3697484)
2060,2017,1,"ברוש","ברוש",2017-03-21,17.1512786846769,1,3,483,"HaDarom",c(34.6335215, 31.3697484)
2060,2017,1,"ברוש","ברוש",2017-12-08,17.1512786846769,1,12,483,"HaDarom",c(34.6335215, 31.3697484)
2060,2018,1,"ברוש","ברוש",2018-08-09,17.1512786846769,1,8,539,"HaDarom",c(34.6335215, 31.3697484)
2060,2018,1,"ברוש","ברוש",2018-07-14,17.1512786846769,1,7,539,"HaDarom",c(34.6335215, 31.3697484)
2060,2018,1,"ברוש","ברוש",2018-11-12,17.1512786846769,1,11,539,"HaDarom",c(34.6335215, 31.3697484)
2060,2018,1,"ברוש","ברוש",2018-05-30,17.1512786846769,1,5,539,"HaDarom",c(34.6335215, 31.3697484)
2060,2019,1,"ברוש","ברוש",2019-03-25,17.1512786846769,1,3,564,"HaDarom",c(34.6335215, 31.3697484)
2060,2019,1,"ברוש","ברוש",2019-11-12,17.1512786846769,1,11,564,"HaDarom",c(34.6335215, 31.3697484)
2060,2019,1,"ברוש","ברוש",2019-05-05,17.1512786846769,1,5,564,"HaDarom",c(34.6335215, 31.3697484)
2060,2020,1,"ברוש","ברוש",2020-02-24,17.1512786846769,1,2,583,"HaDarom",c(34.6335215, 31.3697484)
2060,2021,1,"ברוש","ברוש",2021-05-13,17.1512786846769,1,5,596,"HaDarom",c(34.6335215, 31.3697484)
2060,2022,1,"ברוש","ברוש",2022-08-07,17.1512786846769,1,8,594,"HaDarom",c(34.6335215, 31.3697484)
2060,2023,1,"ברוש","ברוש",2023-10-07,17.1512786846769,1,10,NA,"HaDarom",c(34.6335215, 31.3697484)
2061,2014,1,"תדהר","תדהר",2014-08-22,16.1024915056729,1,8,480,"HaDarom",c(34.6278225, 31.3784076)
2061,2014,1,"תדהר","תדהר",2014-07-30,16.1024915056729,1,7,480,"HaDarom",c(34.6278225, 31.3784076)
2061,2015,1,"תדהר","תדהר",2015-06-03,16.1024915056729,1,6,530,"HaDarom",c(34.6278225, 31.3784076)
2061,2016,1,"תדהר","תדהר",2016-09-20,16.1024915056729,1,9,580,"HaDarom",c(34.6278225, 31.3784076)
2061,2017,1,"תדהר","תדהר",2017-12-08,16.1024915056729,1,12,615,"HaDarom",c(34.6278225, 31.3784076)
2061,2017,1,"תדהר","תדהר",2017-03-21,16.1024915056729,1,3,615,"HaDarom",c(34.6278225, 31.3784076)
2061,2018,1,"תדהר","תדהר",2018-11-12,16.1024915056729,1,11,650,"HaDarom",c(34.6278225, 31.3784076)
2061,2018,1,"תדהר","תדהר",2018-05-30,16.1024915056729,1,5,650,"HaDarom",c(34.6278225, 31.3784076)
2061,2018,1,"תדהר","תדהר",2018-07-14,16.1024915056729,1,7,650,"HaDarom",c(34.6278225, 31.3784076)
2061,2018,1,"תדהר","תדהר",2018-08-09,16.1024915056729,1,8,650,"HaDarom",c(34.6278225, 31.3784076)
2061,2019,1,"תדהר","תדהר",2019-03-25,16.1024915056729,1,3,653,"HaDarom",c(34.6278225, 31.3784076)
2061,2019,1,"תדהר","תדהר",2019-11-12,16.1024915056729,1,11,653,"HaDarom",c(34.6278225, 31.3784076)
2061,2019,1,"תדהר","תדהר",2019-05-05,16.1024915056729,1,5,653,"HaDarom",c(34.6278225, 31.3784076)
2061,2020,1,"תדהר","תדהר",2020-02-24,16.1024915056729,1,2,677,"HaDarom",c(34.6278225, 31.3784076)
2061,2021,1,"תדהר","תדהר",2021-05-20,16.1024915056729,1,5,701,"HaDarom",c(34.6278225, 31.3784076)
2061,2022,1,"תדהר","תדהר",2022-08-07,16.1024915056729,1,8,715,"HaDarom",c(34.6278225, 31.3784076)
2061,2023,1,"תדהר","תדהר",2023-10-07,16.1024915056729,1,10,NA,"HaDarom",c(34.6278225, 31.3784076)
2062,2014,1,"תאשור","תאשור",2014-07-27,17.4537014789024,1,7,390,"HaDarom",c(34.6451395, 31.372587)
2062,2014,1,"תאשור","תאשור",2014-08-26,17.4537014789024,1,8,390,"HaDarom",c(34.6451395, 31.372587)
2062,2015,1,"תאשור","תאשור",2015-06-03,17.4537014789024,1,6,410,"HaDarom",c(34.6451395, 31.372587)
2062,2016,1,"תאשור","תאשור",2016-09-20,17.4537014789024,1,9,420,"HaDarom",c(34.6451395, 31.372587)
2062,2017,1,"תאשור","תאשור",2017-03-21,17.4537014789024,1,3,429,"HaDarom",c(34.6451395, 31.372587)
2062,2017,1,"תאשור","תאשור",2017-12-08,17.4537014789024,1,12,429,"HaDarom",c(34.6451395, 31.372587)
2062,2018,1,"תאשור","תאשור",2018-05-30,17.4537014789024,1,5,449,"HaDarom",c(34.6451395, 31.372587)
2062,2018,1,"תאשור","תאשור",2018-07-14,17.4537014789024,1,7,449,"HaDarom",c(34.6451395, 31.372587)
2062,2018,1,"תאשור","תאשור",2018-08-09,17.4537014789024,1,8,449,"HaDarom",c(34.6451395, 31.372587)
2062,2018,1,"תאשור","תאשור",2018-11-12,17.4537014789024,1,11,449,"HaDarom",c(34.6451395, 31.372587)
2062,2019,1,"תאשור","תאשור",2019-03-25,17.4537014789024,1,3,446,"HaDarom",c(34.6451395, 31.372587)
2062,2019,1,"תאשור","תאשור",2019-05-05,17.4537014789024,1,5,446,"HaDarom",c(34.6451395, 31.372587)
2062,2020,1,"תאשור","תאשור",2020-02-24,17.4537014789024,1,2,436,"HaDarom",c(34.6451395, 31.372587)
2062,2021,1,"תאשור","תאשור",2021-05-17,17.4537014789024,1,5,460,"HaDarom",c(34.6451395, 31.372587)
2062,2023,1,"תאשור","תאשור",2023-10-09,17.4537014789024,1,10,NA,"HaDarom",c(34.6451395, 31.372587)
2063,2016,1,"דישון","דישון",2016-12-06,190.217970406211,1,12,350,"HaZafon",c(35.5190324, 33.0824871)
2063,2016,1,"דישון","דישון",2016-09-20,190.217970406211,1,9,350,"HaZafon",c(35.5190324, 33.0824871)
2063,2018,1,"דישון","דישון",2018-02-10,190.217970406211,1,2,352,"HaZafon",c(35.5190324, 33.0824871)
2063,2019,1,"דישון","דישון",2019-06-18,190.217970406211,1,6,333,"HaZafon",c(35.5190324, 33.0824871)
2063,2019,1,"דישון","דישון",2019-05-20,190.217970406211,1,5,333,"HaZafon",c(35.5190324, 33.0824871)
2063,2023,1,"דישון","דישון",2023-10-17,190.217970406211,1,10,NA,"HaZafon",c(35.5190324, 33.0824871)
2063,2023,1,"דישון","דישון",2023-12-01,190.217970406211,1,12,NA,"HaZafon",c(35.5190324, 33.0824871)
2063,2023,1,"דישון","דישון",2023-11-13,190.217970406211,1,11,NA,"HaZafon",c(35.5190324, 33.0824871)
2064,2014,1,"זרועה","זרועה",2014-08-26,8.08853888091257,1,8,340,"HaDarom",c(34.623089, 31.4590571)
2064,2015,1,"זרועה","זרועה",2015-04-23,8.08853888091257,1,4,350,"HaDarom",c(34.623089, 31.4590571)
2064,2016,1,"זרועה","זרועה",2016-09-20,8.08853888091257,1,9,390,"HaDarom",c(34.623089, 31.4590571)
2064,2017,1,"זרועה","זרועה",2017-03-21,8.08853888091257,1,3,415,"HaDarom",c(34.623089, 31.4590571)
2064,2018,1,"זרועה","זרועה",2018-11-12,8.08853888091257,1,11,433,"HaDarom",c(34.623089, 31.4590571)
2064,2018,1,"זרועה","זרועה",2018-08-09,8.08853888091257,1,8,433,"HaDarom",c(34.623089, 31.4590571)
2064,2018,1,"זרועה","זרועה",2018-05-30,8.08853888091257,1,5,433,"HaDarom",c(34.623089, 31.4590571)
2064,2018,1,"זרועה","זרועה",2018-07-14,8.08853888091257,1,7,433,"HaDarom",c(34.623089, 31.4590571)
2064,2019,1,"זרועה","זרועה",2019-11-12,8.08853888091257,1,11,468,"HaDarom",c(34.623089, 31.4590571)
2064,2019,1,"זרועה","זרועה",2019-05-04,8.08853888091257,1,5,468,"HaDarom",c(34.623089, 31.4590571)
2064,2021,1,"זרועה","זרועה",2021-05-19,8.08853888091257,1,5,504,"HaDarom",c(34.623089, 31.4590571)
2064,2023,1,"זרועה","זרועה",2023-10-08,8.08853888091257,1,10,NA,"HaDarom",c(34.623089, 31.4590571)
2100,2016,1,"טירת כרמל","טירתכרמל",2016-09-20,135.256758153947,1,9,20300,"Haifa",c(34.9684699, 32.764342)
2100,2017,1,"טירת כרמל","טירתכרמל",2017-10-24,135.256758153947,1,10,21256,"Haifa",c(34.9684699, 32.764342)
2200,2016,1,"אל עמראני דרום מערב לדימונה","אלעמראנידרוםמערבלדימונה",2016-09-20,63.3118079524752,1,9,33460,"HaDarom",c(35.001706, 31.0441945)
2200,2017,1,"אל עמראני דרום מערב לדימונה","אלעמראנידרוםמערבלדימונה",2017-03-21,63.3118079524752,1,3,33666,"HaDarom",c(35.001706, 31.0441945)
2200,2021,1,"אזור תעשייה דימונה","אזורתעשייהדימונה",2021-05-12,63.3118079524752,1,5,35892,"HaDarom",c(35.09576, 31.018723)
2200,2023,1,"ממשית","ממשית",2023-10-28,63.3118079524752,1,10,NA,"HaDarom",c(35.064281, 31.025668)
2300,2016,1,"בית זיד","ביתזיד",2016-09-20,134.080032762355,1,9,17640,"HaZafon",c(35.131828, 32.7023609)
2300,2018,1,"בית זיד","ביתזיד",2018-09-05,134.080032762355,1,9,18121,"HaZafon",c(35.131828, 32.7023609)
2300,2023,1,"קריית טבעון-בית זייד","קרייתטבעוןביתזייד",2023-10-13,134.080032762355,1,10,NA,"HaZafon",c(35.131828, 32.7023609)
2400,2014,1,"אור יהודה","אוריהודה",2014-07-29,57.3878841839295,1,7,35920,"Tel Aviv",c(34.8562886, 32.02818)
2400,2014,1,"אור יהודה","אוריהודה",2014-08-20,57.3878841839295,1,8,35920,"Tel Aviv",c(34.8562886, 32.02818)
2400,2016,1,"אור יהודה","אוריהודה",2016-09-20,57.3878841839295,1,9,36530,"Tel Aviv",c(34.8562886, 32.02818)
2400,2018,1,"אור יהודה","אוריהודה",2018-12-26,57.3878841839295,1,12,36865,"Tel Aviv",c(34.8562886, 32.02818)
2400,2021,1,"אור יהודה","אוריהודה",2021-05-11,57.3878841839295,1,5,36817,"Tel Aviv",c(34.8562886, 32.02818)
2400,2023,1,"אור יהודה","אוריהודה",2023-10-17,57.3878841839295,1,10,NA,"Tel Aviv",c(34.8562886, 32.02818)
2400,2023,1,"אור יהודה","אוריהודה",2023-12-11,57.3878841839295,1,12,NA,"Tel Aviv",c(34.8562886, 32.02818)
2400,2023,1,"אור יהודה","אוריהודה",2023-11-02,57.3878841839295,1,11,NA,"Tel Aviv",c(34.8562886, 32.02818)
2400,2023,1,"אור יהודה","אוריהודה",2023-05-10,57.3878841839295,1,5,NA,"Tel Aviv",c(34.8562886, 32.02818)
2500,2016,1,"נשר","נשר",2016-09-20,137.341033440998,1,9,23680,"Haifa",c(35.0420564, 32.766861)
2500,2017,1,"נשר","נשר",2017-10-24,137.341033440998,1,10,23749,"Haifa",c(35.0420564, 32.766861)
2530,2014,1,"באר יעקב","באריעקב",2014-08-20,48.2185348418553,1,8,17610,"HaMerkaz",c(34.840517, 31.9477797)
2530,2014,1,"באר יעקב","באריעקב",2014-07-29,48.2185348418553,1,7,17610,"HaMerkaz",c(34.840517, 31.9477797)
2530,2016,1,"באר יעקב","באריעקב",2016-09-20,48.2185348418553,1,9,20380,"HaMerkaz",c(34.840517, 31.9477797)
2530,2017,1,"באר יעקב","באריעקב",2017-08-08,48.2185348418553,1,8,22851,"HaMerkaz",c(34.840517, 31.9477797)
2530,2021,1,"באר יעקב","באריעקב",2021-05-16,48.2185348418553,1,5,29852,"HaMerkaz",c(34.840517, 31.9477797)
2530,2022,1,"באר יעקב","באריעקב",2022-08-07,48.2185348418553,1,8,31325,"HaMerkaz",c(34.840517, 31.9477797)
2530,2023,1,"באר יעקב","באריעקב",2023-10-24,48.2185348418553,1,10,NA,"HaMerkaz",c(34.840517, 31.9477797)
2530,2023,1,"באר יעקב","באריעקב",2023-12-02,48.2185348418553,1,12,NA,"HaMerkaz",c(34.840517, 31.9477797)
2530,2023,1,"באר יעקב","באריעקב",2023-11-21,48.2185348418553,1,11,NA,"HaMerkaz",c(34.840517, 31.9477797)
2530,2023,1,"באר יעקב","באריעקב",2023-05-11,48.2185348418553,1,5,NA,"HaMerkaz",c(34.840517, 31.9477797)
2550,2014,1,"גדרה","גדרה",2014-08-05,33.5894212403626,1,8,25840,"HaMerkaz",c(34.780042, 31.8145785)
2550,2014,1,"גדרה","גדרה",2014-07-29,33.5894212403626,1,7,25840,"HaMerkaz",c(34.780042, 31.8145785)
2550,2016,1,"גדרה","גדרה",2016-09-20,33.5894212403626,1,9,27050,"HaMerkaz",c(34.780042, 31.8145785)
2550,2017,1,"גדרה","גדרה",2017-08-08,33.5894212403626,1,8,27498,"HaMerkaz",c(34.780042, 31.8145785)
2550,2019,1,"גדרה","גדרה",2019-11-12,33.5894212403626,1,11,28313,"HaMerkaz",c(34.780042, 31.8145785)
2550,2019,1,"גדרה","גדרה",2019-05-04,33.5894212403626,1,5,28313,"HaMerkaz",c(34.780042, 31.8145785)
2550,2021,1,"גדרה","גדרה",2021-05-15,33.5894212403626,1,5,30393,"HaMerkaz",c(34.780042, 31.8145785)
2550,2023,1,"גדרה","גדרה",2023-11-20,33.5894212403626,1,11,NA,"HaMerkaz",c(34.780042, 31.8145785)
2550,2023,1,"גדרה","גדרה",2023-10-07,33.5894212403626,1,10,NA,"HaMerkaz",c(34.780042, 31.8145785)
2550,2023,1,"גדרה","גדרה",2023-12-02,33.5894212403626,1,12,NA,"HaMerkaz",c(34.780042, 31.8145785)
2560,2016,1,"א דהאבשה","אדהאבשה",2016-09-20,58.7667335607601,1,9,24710,"HaDarom",c(35.147482, 31.2260425)
2560,2017,1,"א דהאבשה","אדהאבשה",2017-03-21,58.7667335607601,1,3,25531,"HaDarom",c(35.147482, 31.2260425)
2560,2019,1,"א דהאבשה","אדהאבשה",2019-05-05,58.7667335607601,1,5,26756,"HaDarom",c(35.147482, 31.2260425)
2560,2021,1,"ערד","ערד",2021-05-12,58.7667335607601,1,5,27583,"HaDarom",c(35.1854359, 31.2463784)
2560,2023,1,"תל ערד","תלערד",2023-10-10,58.7667335607601,1,10,NA,"HaDarom",c(35.1265703, 31.2782563)
2600,2016,1,"אילת","אילת",2016-09-20,175.708570867774,1,9,50060,"HaDarom",c(34.9540664, 29.627427)
2600,2017,1,"אילת","אילת",2017-02-08,175.708570867774,1,2,50724,"HaDarom",c(34.9540664, 29.627427)
2600,2019,1,"אילת","אילת",2019-01-02,175.708570867774,1,1,52299,"HaDarom",c(34.9540664, 29.627427)
2600,2023,1,"אילת","אילת",2023-12-06,175.708570867774,1,12,NA,"HaDarom",c(34.9540664, 29.627427)
2610,2014,1,"בית ג'מאל","ביתגמאל",2014-08-19,39.9440748083003,1,8,98080,"Jerusalem",c(34.976521, 31.7245415)
2610,2014,1,"בית ג'מאל","ביתגמאל",2014-07-29,39.9440748083003,1,7,98080,"Jerusalem",c(34.976521, 31.7245415)
2610,2016,1,"בית ג'מאל","ביתגמאל",2016-09-20,39.9440748083003,1,9,109780,"Jerusalem",c(34.976521, 31.7245415)
2610,2016,1,"בית ג'מאל","ביתגמאל",2016-07-06,39.9440748083003,1,7,109780,"Jerusalem",c(34.976521, 31.7245415)
2610,2017,1,"בית ג'מאל","ביתגמאל",2017-12-05,39.9440748083003,1,12,114368,"Jerusalem",c(34.976521, 31.7245415)
2610,2019,1,"בית ג'מאל","ביתגמאל",2019-05-04,39.9440748083003,1,5,124957,"Jerusalem",c(34.976521, 31.7245415)
2610,2021,1,"בית שמש","ביתשמש",2021-05-10,39.9440748083003,1,5,141763,"Jerusalem",c(34.989648, 31.7277335)
2610,2023,1,"בית שמש","ביתשמש",2023-12-15,39.9440748083003,1,12,NA,"Jerusalem",c(34.989648, 31.7277335)
2610,2023,1,"בית שמש","ביתשמש",2023-05-12,39.9440748083003,1,5,NA,"Jerusalem",c(34.989648, 31.7277335)
2610,2023,1,"אזור תעשייה ברוש","אזורתעשייהברוש",2023-10-07,39.9440748083003,1,10,NA,"Jerusalem",c(34.959383, 31.733143)
2620,2014,1,"קרית אונו","קריתאונו",2014-07-29,59.8145902502632,1,7,36610,"Tel Aviv",c(34.8566409, 32.051768)
2620,2014,1,"קרית אונו","קריתאונו",2014-08-23,59.8145902502632,1,8,36610,"Tel Aviv",c(34.8566409, 32.051768)
2620,2016,1,"עמק הירדן 11","עמקהירדן",2016-09-20,59.8145902502632,1,9,38600,"Tel Aviv",c(34.846286, 32.0638782)
2620,2017,1,"עמק הירדן 11","עמקהירדן",2017-07-18,59.8145902502632,1,7,39398,"Tel Aviv",c(34.846286, 32.0638782)
2620,2018,1,"קרית אונו","קריתאונו",2018-12-26,59.8145902502632,1,12,39984,"Tel Aviv",c(34.8566409, 32.051768)
2620,2018,1,"עמק הירדן 11","עמקהירדן",2018-07-24,59.8145902502632,1,7,39984,"Tel Aviv",c(34.846286, 32.0638782)
2620,2021,1,"קריית אונו","קרייתאונו",2021-05-11,59.8145902502632,1,5,41901,"Tel Aviv",c(34.8566409, 32.051768)
2620,2023,1,"קריית אונו","קרייתאונו",2023-12-05,59.8145902502632,1,12,NA,"Tel Aviv",c(34.8566409, 32.051768)
2620,2023,1,"קריית אונו","קרייתאונו",2023-10-17,59.8145902502632,1,10,NA,"Tel Aviv",c(34.8566409, 32.051768)
2620,2023,1,"קריית אונו","קרייתאונו",2023-11-20,59.8145902502632,1,11,NA,"Tel Aviv",c(34.8566409, 32.051768)
2630,2014,1,"מבחור","מבחור",2014-08-20,18.6779978760031,1,8,50590,"HaDarom",c(34.7701548, 31.6199267)
2630,2014,1,"מבחור","מבחור",2014-07-27,18.6779978760031,1,7,50590,"HaDarom",c(34.7701548, 31.6199267)
2630,2016,1,"אורון","אורון",2016-09-20,18.6779978760031,1,9,52590,"HaDarom",c(34.761688, 31.602053)
2630,2017,1,"אורון","אורון",2017-03-21,18.6779978760031,1,3,53486,"HaDarom",c(34.761688, 31.602053)
2630,2019,1,"מבחור","מבחור",2019-05-04,18.6779978760031,1,5,57105,"HaDarom",c(34.7701548, 31.6199267)
2630,2021,1," כרמי גת","כרמיגת",2021-05-15,18.6779978760031,1,5,60581,"HaDarom",c(34.7645504, 31.6257429)
2630,2023,1,"אזור תעשייה קריית גת","אזורתעשייהקרייתגת",2023-10-07,18.6779978760031,1,10,NA,"HaDarom",c(34.7769395, 31.6095861)
2640,2014,1,"ראש העין","ראשהעין",2014-08-26,68.606044663503,1,8,42170,"HaMerkaz",c(34.9659715, 32.084626)
2640,2014,1,"ראש העין","ראשהעין",2014-07-29,68.606044663503,1,7,42170,"HaMerkaz",c(34.9659715, 32.084626)
2640,2015,1,"ראש העין","ראשהעין",2015-03-23,68.606044663503,1,3,42940,"HaMerkaz",c(34.9659715, 32.084626)
2640,2016,1,"ראש העין","ראשהעין",2016-09-20,68.606044663503,1,9,45490,"HaMerkaz",c(34.9659715, 32.084626)
2640,2021,1,"אזור תעשייה אפק ולב הארץ","אזורתעשייהאפקולבהארץ",2021-05-12,68.606044663503,1,5,71650,"HaMerkaz",c(34.9687576, 32.1060921)
2640,2023,1,"אזור תעשייה אפק ולב הארץ","אזורתעשייהאפקולבהארץ",2023-10-28,68.606044663503,1,10,NA,"HaMerkaz",c(34.9687576, 32.1060921)
2640,2023,1,"אזור תעשייה אפק ולב הארץ","אזורתעשייהאפקולבהארץ",2023-11-05,68.606044663503,1,11,NA,"HaMerkaz",c(34.9687576, 32.1060921)
2650,2014,1,"הכפר הירוק","הכפרהירוק",2014-08-26,65.7574692570819,1,8,44060,"Tel Aviv",c(34.829305, 32.1351715)
2650,2016,1,"הכפר הירוק","הכפרהירוק",2016-09-20,65.7574692570819,1,9,45050,"Tel Aviv",c(34.829305, 32.1351715)
2650,2016,1,"הכפר הירוק","הכפרהירוק",2016-12-20,65.7574692570819,1,12,45050,"Tel Aviv",c(34.829305, 32.1351715)
2650,2018,1,"הכפר הירוק","הכפרהירוק",2018-12-26,65.7574692570819,1,12,46722,"Tel Aviv",c(34.829305, 32.1351715)
2650,2021,1,"מתחם פי גלילות","מתחםפיגלילות",2021-05-12,65.7574692570819,1,5,47970,"Tel Aviv",c(34.804273, 32.137941)
2650,2023,1,"מתחם פי גלילות","מתחםפיגלילות",2023-12-05,65.7574692570819,1,12,NA,"Tel Aviv",c(34.804273, 32.137941)
2650,2023,1,"מתחם פי גלילות","מתחםפיגלילות",2023-10-07,65.7574692570819,1,10,NA,"Tel Aviv",c(34.804273, 32.137941)
2650,2023,1,"מתחם פי גלילות","מתחםפיגלילות",2023-11-20,65.7574692570819,1,11,NA,"Tel Aviv",c(34.804273, 32.137941)
2660,2014,1,"יבנה","יבנה",2014-07-29,35.5523893095992,1,7,39680,"HaMerkaz",c(34.7339136, 31.8806838)
2660,2014,1,"יבנה","יבנה",2014-08-05,35.5523893095992,1,8,39680,"HaMerkaz",c(34.7339136, 31.8806838)
2660,2016,1,"יבנה","יבנה",2016-09-20,35.5523893095992,1,9,44080,"HaMerkaz",c(34.7339136, 31.8806838)
2660,2017,1,"יבנה","יבנה",2017-08-08,35.5523893095992,1,8,45481,"HaMerkaz",c(34.7339136, 31.8806838)
2660,2019,1,"יבנה","יבנה",2019-05-05,35.5523893095992,1,5,47585,"HaMerkaz",c(34.7339136, 31.8806838)
2660,2019,1,"יבנה","יבנה",2019-11-12,35.5523893095992,1,11,47585,"HaMerkaz",c(34.7339136, 31.8806838)
2660,2021,1,"יבנה","יבנה",2021-05-19,35.5523893095992,1,5,53595,"HaMerkaz",c(34.7339136, 31.8806838)
2660,2022,1,"יבנה","יבנה",2022-08-06,35.5523893095992,1,8,56232,"HaMerkaz",c(34.7339136, 31.8806838)
2660,2023,1,"יבנה","יבנה",2023-05-10,35.5523893095992,1,5,NA,"HaMerkaz",c(34.7339136, 31.8806838)
2660,2023,1,"יבנה","יבנה",2023-11-18,35.5523893095992,1,11,NA,"HaMerkaz",c(34.7339136, 31.8806838)
2660,2023,1,"יבנה","יבנה",2023-10-17,35.5523893095992,1,10,NA,"HaMerkaz",c(34.7339136, 31.8806838)
2660,2023,1,"יבנה","יבנה",2023-12-08,35.5523893095992,1,12,NA,"HaMerkaz",c(34.7339136, 31.8806838)
2710,2016,1,"אום אל פחם","אוםאלפחם",2016-09-20,116.681538911614,1,9,53300,"Haifa",c(35.151224, 32.5345474)
2710,2016,1,"אום אל פחם","אוםאלפחם",2016-06-22,116.681538911614,1,6,53300,"Haifa",c(35.151224, 32.5345474)
2710,2019,1,"אום אל פחם","אוםאלפחם",2019-07-31,116.681538911614,1,7,56109,"Haifa",c(35.151224, 32.5345474)
2710,2022,1,"אום אל פחם","אוםאלפחם",2022-02-09,116.681538911614,1,2,58665,"Haifa",c(35.151224, 32.5345474)
2720,2014,1,"טירה","טירה",2014-08-02,81.4589074415146,1,8,24430,"HaMerkaz",c(34.9601645, 32.233012)
2720,2016,1,"טירה","טירה",2016-09-20,81.4589074415146,1,9,25270,"HaMerkaz",c(34.9601645, 32.233012)
2720,2017,1,"טירה","טירה",2017-02-07,81.4589074415146,1,2,25721,"HaMerkaz",c(34.9601645, 32.233012)
2720,2019,1,"טירה","טירה",2019-03-25,81.4589074415146,1,3,26552,"HaMerkaz",c(34.9601645, 32.233012)
2720,2021,1,"טירה","טירה",2021-05-11,81.4589074415146,1,5,27392,"HaMerkaz",c(34.9601645, 32.233012)
2730,2014,1,"טייבה","טייבה",2014-08-02,84.8626966179059,1,8,40190,"HaMerkaz",c(34.999281, 32.2616036)
2730,2016,1,"א ראס","אראס",2016-09-20,84.8626966179059,1,9,41580,"HaMerkaz",c(35.006837, 32.2663955)
2730,2017,1,"טייבה","טייבה",2017-02-07,84.8626966179059,1,2,42401,"HaMerkaz",c(34.999281, 32.2616036)
2730,2018,1,"א ראס","אראס",2018-10-16,84.8626966179059,1,10,43128,"HaMerkaz",c(35.006837, 32.2663955)
2730,2019,1,"טייבה","טייבה",2019-03-25,84.8626966179059,1,3,43957,"HaMerkaz",c(34.999281, 32.2616036)
2730,2021,1,"טייבה","טייבה",2021-05-11,84.8626966179059,1,5,45388,"HaMerkaz",c(34.999281, 32.2616036)
2730,2023,1,"טייבה","טייבה",2023-10-12,84.8626966179059,1,10,NA,"HaMerkaz",c(34.999281, 32.2616036)
2800,2014,1,"קרית שמונה","קריתשמונה",2014-08-25,203.190527578436,1,8,23090,"HaZafon",c(35.5762589, 33.2110795)
2800,2014,1,"קרית שמונה","קריתשמונה",2014-09-11,203.190527578436,1,9,23090,"HaZafon",c(35.5762589, 33.2110795)
2800,2016,1,"קרית שמונה","קריתשמונה",2016-12-06,203.190527578436,1,12,22940,"HaZafon",c(35.5762589, 33.2110795)
2800,2016,1,"קרית שמונה","קריתשמונה",2016-09-20,203.190527578436,1,9,22940,"HaZafon",c(35.5762589, 33.2110795)
2800,2018,1,"קרית שמונה","קריתשמונה",2018-02-10,203.190527578436,1,2,22622,"HaZafon",c(35.5762589, 33.2110795)
2800,2019,1,"קרית שמונה","קריתשמונה",2019-05-20,203.190527578436,1,5,22511,"HaZafon",c(35.5762589, 33.2110795)
2800,2021,1,"קריית שמונה","קרייתשמונה",2021-08-04,203.190527578436,1,8,22336,"HaZafon",c(35.5762589, 33.2110794)
2800,2023,1,"קריית שמונה","קרייתשמונה",2023-12-01,203.190527578436,1,12,NA,"HaZafon",c(35.5762589, 33.2110794)
2800,2023,1,"קריית שמונה","קרייתשמונה",2023-11-21,203.190527578436,1,11,NA,"HaZafon",c(35.5762589, 33.2110794)
2800,2023,1,"קריית שמונה","קרייתשמונה",2023-10-12,203.190527578436,1,10,NA,"HaZafon",c(35.5762589, 33.2110794)
3000,2014,1,"אפרתה","אפרתה",2014-07-29,54.1681132842434,1,7,849720,"Jerusalem",c(35.221945, 31.75239)
3000,2017,1,"בקעות","בקעות",2017-03-17,54.1681132842434,1,3,901307,"Jerusalem",c(35.220787, 31.7593345)
3000,2018,1,"אפרתה","אפרתה",2018-10-16,54.1681132842434,1,10,919435,"Jerusalem",c(35.221945, 31.75239)
3000,2018,1,"חברון","חברון",2018-11-12,54.1681132842434,1,11,919435,"Jerusalem",c(35.2121711, 31.739095)
3000,2021,1,"ירושלים - אזור תעשייה עטרות","ירושליםאזורתעשייהעטרות",2021-11-03,54.1681132842434,1,11,966207,"Jerusalem",c(35.218686, 31.85502)
3000,2021,1,"ירושלים - מזרח","ירושליםמזרח",2021-05-10,54.1681132842434,1,5,966207,"Jerusalem",c(35.175359, 31.7963186)
3000,2023,1,"ירושלים - דרום","ירושליםדרום",2023-10-09,54.1681132842434,1,10,NA,"Jerusalem",c(35.175359, 31.7963186)
3000,2023,1,"ירושלים - מזרח","ירושליםמזרח",2023-12-15,54.1681132842434,1,12,NA,"Jerusalem",c(35.175359, 31.7963186)
4000,2016,1,"חיפה 79","חיפה",2016-09-20,137.172947037619,1,9,279480,"Haifa",c(35.016776, 32.7996224)
4000,2017,1,"חיפה 79","חיפה",2017-10-24,137.172947037619,1,10,281082,"Haifa",c(35.016776, 32.7996224)
4000,2018,1,"קרית חיים","קריתחיים",2018-09-05,137.172947037619,1,9,283636,"Haifa",c(35.0667691, 32.8340981)
4000,2018,1,"כרמל","כרמל",2018-10-16,137.172947037619,1,10,283636,"Haifa",c(34.983837, 32.8026295)
4000,2018,1,"כרמל","כרמל",2018-11-12,137.172947037619,1,11,283636,"Haifa",c(34.983837, 32.8026295)
4001,2015,1,"בוקעתא","בוקעתא",2015-01-28,212.773841375039,1,1,6330,"HaZafon",c(35.7767723, 33.2026567)
4001,2015,1,"בוקעתא","בוקעתא",2015-04-28,212.773841375039,1,4,6330,"HaZafon",c(35.7767723, 33.2026567)
4001,2016,1,"בוקעתא","בוקעתא",2016-09-20,212.773841375039,1,9,6430,"HaZafon",c(35.7767723, 33.2026567)
4001,2016,1,"בוקעתא","בוקעתא",2016-10-05,212.773841375039,1,10,6430,"HaZafon",c(35.7767723, 33.2026567)
4001,2017,1,"בוקעתא","בוקעתא",2017-11-22,212.773841375039,1,11,6485,"HaZafon",c(35.7767723, 33.2026567)
4001,2017,1,"בוקעתא","בוקעתא",2017-06-14,212.773841375039,1,6,6485,"HaZafon",c(35.7767723, 33.2026567)
4001,2017,1,"בוקעתא","בוקעתא",2017-03-21,212.773841375039,1,3,6485,"HaZafon",c(35.7767723, 33.2026567)
4001,2017,1,"בוקעתא","בוקעתא",2017-10-25,212.773841375039,1,10,6485,"HaZafon",c(35.7767723, 33.2026567)
4001,2018,1,"בוקעתא","בוקעתא",2018-02-10,212.773841375039,1,2,6528,"HaZafon",c(35.7767723, 33.2026567)
4001,2018,1,"בוקעתא","בוקעתא",2018-05-10,212.773841375039,1,5,6528,"HaZafon",c(35.7767723, 33.2026567)
4001,2018,1,"בוקעתא","בוקעתא",2018-07-18,212.773841375039,1,7,6528,"HaZafon",c(35.7767723, 33.2026567)
4001,2023,1,"בוקעתא","בוקעתא",2023-12-07,212.773841375039,1,12,NA,"HaZafon",c(35.7767723, 33.2026567)
4002,2016,1,"אלי עד","אליעד",2016-09-20,176.657922407982,1,9,380,"HaZafon",c(35.734976, 32.8049809)
4002,2017,1,"אלי עד","אליעד",2017-11-22,176.657922407982,1,11,375,"HaZafon",c(35.734976, 32.8049809)
4002,2017,1,"אלי עד","אליעד",2017-04-21,176.657922407982,1,4,375,"HaZafon",c(35.734976, 32.8049809)
4002,2017,1,"אלי עד","אליעד",2017-10-21,176.657922407982,1,10,375,"HaZafon",c(35.734976, 32.8049809)
4002,2018,1,"אלי עד","אליעד",2018-07-24,176.657922407982,1,7,400,"HaZafon",c(35.734976, 32.8049809)
4002,2018,1,"אלי עד","אליעד",2018-02-10,176.657922407982,1,2,400,"HaZafon",c(35.734976, 32.8049809)
4002,2018,1,"אלי עד","אליעד",2018-05-10,176.657922407982,1,5,400,"HaZafon",c(35.734976, 32.8049809)
4002,2023,1,"אלי עד","אליעד",2023-11-11,176.657922407982,1,11,NA,"HaZafon",c(35.734976, 32.8049809)
4003,2015,1,"אל רום","אלרום",2015-01-27,212.521689489034,1,1,340,"HaZafon",c(35.770733, 33.1794486)
4003,2015,1,"אל רום","אלרום",2015-04-28,212.521689489034,1,4,340,"HaZafon",c(35.770733, 33.1794486)
4003,2016,1,"אל רום","אלרום",2016-09-20,212.521689489034,1,9,370,"HaZafon",c(35.770733, 33.1794486)
4003,2016,1,"אל רום","אלרום",2016-10-05,212.521689489034,1,10,370,"HaZafon",c(35.770733, 33.1794486)
4003,2017,1,"אל רום","אלרום",2017-03-21,212.521689489034,1,3,381,"HaZafon",c(35.770733, 33.1794486)
4003,2017,1,"אל רום","אלרום",2017-11-22,212.521689489034,1,11,381,"HaZafon",c(35.770733, 33.1794486)
4003,2017,1,"אל רום","אלרום",2017-10-25,212.521689489034,1,10,381,"HaZafon",c(35.770733, 33.1794486)
4003,2017,1,"אל רום","אלרום",2017-06-07,212.521689489034,1,6,381,"HaZafon",c(35.770733, 33.1794486)
4003,2018,1,"אל רום","אלרום",2018-05-10,212.521689489034,1,5,392,"HaZafon",c(35.770733, 33.1794486)
4003,2018,1,"אל רום","אלרום",2018-02-10,212.521689489034,1,2,392,"HaZafon",c(35.770733, 33.1794486)
4003,2018,1,"אל רום","אלרום",2018-07-18,212.521689489034,1,7,392,"HaZafon",c(35.770733, 33.1794486)
4004,2016,1,"כפר חרוב","כפרחרוב",2016-09-20,169.408856369194,1,9,380,"HaZafon",c(35.6647761, 32.7629764)
4004,2017,1,"כפר חרוב","כפרחרוב",2017-04-21,169.408856369194,1,4,400,"HaZafon",c(35.6647761, 32.7629764)
4004,2017,1,"כפר חרוב","כפרחרוב",2017-10-21,169.408856369194,1,10,400,"HaZafon",c(35.6647761, 32.7629764)
4004,2017,1,"כפר חרוב","כפרחרוב",2017-11-22,169.408856369194,1,11,400,"HaZafon",c(35.6647761, 32.7629764)
4004,2018,1,"כפר חרוב","כפרחרוב",2018-02-10,169.408856369194,1,2,421,"HaZafon",c(35.6647761, 32.7629764)
4004,2018,1,"כפר חרוב","כפרחרוב",2018-05-10,169.408856369194,1,5,421,"HaZafon",c(35.6647761, 32.7629764)
4004,2018,1,"כפר חרוב","כפרחרוב",2018-07-18,169.408856369194,1,7,421,"HaZafon",c(35.6647761, 32.7629764)
4005,2016,1,"חספין","חספין",2016-09-20,184.307737804631,1,9,1870,"HaZafon",c(35.793082, 32.8452054)
4005,2017,1,"חספין","חספין",2017-11-22,184.307737804631,1,11,1904,"HaZafon",c(35.793082, 32.8452054)
4005,2017,1,"חספין","חספין",2017-10-21,184.307737804631,1,10,1904,"HaZafon",c(35.793082, 32.8452054)
4005,2017,1,"חספין","חספין",2017-04-21,184.307737804631,1,4,1904,"HaZafon",c(35.793082, 32.8452054)
4005,2018,1,"חספין","חספין",2018-07-24,184.307737804631,1,7,2057,"HaZafon",c(35.793082, 32.8452054)
4005,2018,1,"חספין","חספין",2018-05-10,184.307737804631,1,5,2057,"HaZafon",c(35.793082, 32.8452054)
4005,2018,1,"חספין","חספין",2018-02-10,184.307737804631,1,2,2057,"HaZafon",c(35.793082, 32.8452054)
4006,2014,1,"קשת","קשת",2014-09-12,196.451754203923,1,9,720,"HaZafon",c(35.8087065, 32.9791)
4006,2014,1,"קשת","קשת",2014-08-24,196.451754203923,1,8,720,"HaZafon",c(35.8087065, 32.9791)
4006,2016,1,"קשת","קשת",2016-09-20,196.451754203923,1,9,800,"HaZafon",c(35.8087065, 32.9791)
4006,2017,1,"קשת","קשת",2017-12-04,196.451754203923,1,12,819,"HaZafon",c(35.8087065, 32.9791)
4006,2017,1,"קשת","קשת",2017-11-22,196.451754203923,1,11,819,"HaZafon",c(35.8087065, 32.9791)
4006,2017,1,"קשת","קשת",2017-10-21,196.451754203923,1,10,819,"HaZafon",c(35.8087065, 32.9791)
4006,2018,1,"קשת","קשת",2018-07-23,196.451754203923,1,7,784,"HaZafon",c(35.8087065, 32.9791)
4006,2018,1,"קשת","קשת",2018-02-10,196.451754203923,1,2,784,"HaZafon",c(35.8087065, 32.9791)
4006,2018,1,"קשת","קשת",2018-05-17,196.451754203923,1,5,784,"HaZafon",c(35.8087065, 32.9791)
4006,2023,1,"קשת","קשת",2023-12-03,196.451754203923,1,12,NA,"HaZafon",c(35.8087065, 32.9791)
4007,2014,1,"יונתן","יונתן",2014-08-24,191.965860560323,1,8,570,"HaZafon",c(35.794893, 32.93903)
4007,2014,1,"יונתן","יונתן",2014-09-12,191.965860560323,1,9,570,"HaZafon",c(35.794893, 32.93903)
4007,2016,1,"יונתן","יונתן",2016-09-20,191.965860560323,1,9,660,"HaZafon",c(35.794893, 32.93903)
4007,2017,1,"יונתן","יונתן",2017-12-04,191.965860560323,1,12,668,"HaZafon",c(35.794893, 32.93903)
4007,2017,1,"יונתן","יונתן",2017-11-22,191.965860560323,1,11,668,"HaZafon",c(35.794893, 32.93903)
4007,2017,1,"יונתן","יונתן",2017-10-21,191.965860560323,1,10,668,"HaZafon",c(35.794893, 32.93903)
4007,2018,1,"יונתן","יונתן",2018-07-23,191.965860560323,1,7,705,"HaZafon",c(35.794893, 32.93903)
4007,2018,1,"יונתן","יונתן",2018-05-17,191.965860560323,1,5,705,"HaZafon",c(35.794893, 32.93903)
4007,2018,1,"יונתן","יונתן",2018-02-10,191.965860560323,1,2,705,"HaZafon",c(35.794893, 32.93903)
4008,2015,1,"מעלה גמלא","מעלהגמלא",2015-04-28,181.326667216658,1,4,440,"HaZafon",c(35.6826449, 32.887397)
4008,2016,1,"מעלה גמלא","מעלהגמלא",2016-09-20,181.326667216658,1,9,470,"HaZafon",c(35.6826449, 32.887397)
4008,2017,1,"מעלה גמלא","מעלהגמלא",2017-11-22,181.326667216658,1,11,488,"HaZafon",c(35.6826449, 32.887397)
4008,2018,1,"מעלה גמלא","מעלהגמלא",2018-02-10,181.326667216658,1,2,514,"HaZafon",c(35.6826449, 32.887397)
4008,2018,1,"מעלה גמלא","מעלהגמלא",2018-07-23,181.326667216658,1,7,514,"HaZafon",c(35.6826449, 32.887397)
4009,2015,1,"שעל","שעל",2015-04-28,203.315818399962,1,4,260,"HaZafon",c(35.7180195, 33.1171664)
4009,2016,1,"שעל","שעל",2016-09-20,203.315818399962,1,9,250,"HaZafon",c(35.7180195, 33.1171664)
4009,2017,1,"שעל","שעל",2017-11-22,203.315818399962,1,11,255,"HaZafon",c(35.7180195, 33.1171664)
4009,2018,1,"שעל","שעל",2018-07-24,203.315818399962,1,7,263,"HaZafon",c(35.7180195, 33.1171664)
4009,2018,1,"שעל","שעל",2018-02-10,203.315818399962,1,2,263,"HaZafon",c(35.7180195, 33.1171664)
4010,2015,1,"אודם","אודם",2015-01-28,212.768544252226,1,1,120,"HaZafon",c(35.7490975, 33.194342)
4010,2015,1,"אודם","אודם",2015-04-28,212.768544252226,1,4,120,"HaZafon",c(35.7490975, 33.194342)
4010,2016,1,"אודם","אודם",2016-09-20,212.768544252226,1,9,120,"HaZafon",c(35.7490975, 33.194342)
4010,2016,1,"אודם","אודם",2016-10-05,212.768544252226,1,10,120,"HaZafon",c(35.7490975, 33.194342)
4010,2017,1,"אודם","אודם",2017-03-21,212.768544252226,1,3,131,"HaZafon",c(35.7490975, 33.194342)
4010,2017,1,"אודם","אודם",2017-11-22,212.768544252226,1,11,131,"HaZafon",c(35.7490975, 33.194342)
4010,2017,1,"אודם","אודם",2017-10-25,212.768544252226,1,10,131,"HaZafon",c(35.7490975, 33.194342)
4010,2017,1,"אודם","אודם",2017-06-14,212.768544252226,1,6,131,"HaZafon",c(35.7490975, 33.194342)
4010,2018,1,"אודם","אודם",2018-05-10,212.768544252226,1,5,139,"HaZafon",c(35.7490975, 33.194342)
4010,2018,1,"אודם","אודם",2018-07-24,212.768544252226,1,7,139,"HaZafon",c(35.7490975, 33.194342)
4010,2018,1,"אודם","אודם",2018-02-10,212.768544252226,1,2,139,"HaZafon",c(35.7490975, 33.194342)
4011,2016,1,"אבני איתן","אבניאיתן",2016-09-20,180.237619804582,1,9,680,"HaZafon",c(35.7663461, 32.823254)
4011,2017,1,"אבני איתן","אבניאיתן",2017-11-22,180.237619804582,1,11,700,"HaZafon",c(35.7663461, 32.823254)
4011,2017,1,"אבני איתן","אבניאיתן",2017-10-21,180.237619804582,1,10,700,"HaZafon",c(35.7663461, 32.823254)
4011,2017,1,"אבני איתן","אבניאיתן",2017-04-21,180.237619804582,1,4,700,"HaZafon",c(35.7663461, 32.823254)
4011,2018,1,"אבני איתן","אבניאיתן",2018-05-10,180.237619804582,1,5,714,"HaZafon",c(35.7663461, 32.823254)
4011,2018,1,"אבני איתן","אבניאיתן",2018-02-10,180.237619804582,1,2,714,"HaZafon",c(35.7663461, 32.823254)
4011,2018,1,"אבני איתן","אבניאיתן",2018-07-24,180.237619804582,1,7,714,"HaZafon",c(35.7663461, 32.823254)
4011,2023,1,"אבני איתן","אבניאיתן",2023-11-11,180.237619804582,1,11,NA,"HaZafon",c(35.7663461, 32.823254)
4011,2023,1,"אבני איתן","אבניאיתן",2023-10-14,180.237619804582,1,10,NA,"HaZafon",c(35.7663461, 32.823254)
4011,2023,1,"אבני איתן","אבניאיתן",2023-04-09,180.237619804582,1,4,NA,"HaZafon",c(35.7663461, 32.823254)
4012,2015,1,"אניעם","אניעם",2015-04-28,190.936228058321,1,4,500,"HaZafon",c(35.7406115, 32.9567375)
4012,2016,1,"אניעם","אניעם",2016-09-20,190.936228058321,1,9,520,"HaZafon",c(35.7406115, 32.9567375)
4012,2017,1,"אניעם","אניעם",2017-11-22,190.936228058321,1,11,536,"HaZafon",c(35.7406115, 32.9567375)
4012,2018,1,"אניעם","אניעם",2018-07-23,190.936228058321,1,7,531,"HaZafon",c(35.7406115, 32.9567375)
4012,2018,1,"אניעם","אניעם",2018-02-10,190.936228058321,1,2,531,"HaZafon",c(35.7406115, 32.9567375)
4013,2014,1,"אורטל","אורטל",2014-08-24,203.173019161606,1,8,300,"HaZafon",c(35.759199, 33.087476)
4013,2014,1,"אורטל","אורטל",2014-09-12,203.173019161606,1,9,300,"HaZafon",c(35.759199, 33.087476)
4013,2016,1,"אורטל","אורטל",2016-09-20,203.173019161606,1,9,340,"HaZafon",c(35.759199, 33.087476)
4013,2017,1,"אורטל","אורטל",2017-10-21,203.173019161606,1,10,352,"HaZafon",c(35.759199, 33.087476)
4013,2017,1,"אורטל","אורטל",2017-11-22,203.173019161606,1,11,352,"HaZafon",c(35.759199, 33.087476)
4013,2017,1,"אורטל","אורטל",2017-12-04,203.173019161606,1,12,352,"HaZafon",c(35.759199, 33.087476)
4013,2018,1,"אורטל","אורטל",2018-02-10,203.173019161606,1,2,343,"HaZafon",c(35.759199, 33.087476)
4013,2018,1,"אורטל","אורטל",2018-05-17,203.173019161606,1,5,343,"HaZafon",c(35.759199, 33.087476)
4013,2018,1,"אורטל","אורטל",2018-07-24,203.173019161606,1,7,343,"HaZafon",c(35.759199, 33.087476)
4014,2016,1,"נטור","נטור",2016-09-20,182.67977627508,1,9,690,"HaZafon",c(35.7523995, 32.8535895)
4014,2017,1,"נטור","נטור",2017-04-21,182.67977627508,1,4,702,"HaZafon",c(35.7523995, 32.8535895)
4014,2017,1,"נטור","נטור",2017-10-21,182.67977627508,1,10,702,"HaZafon",c(35.7523995, 32.8535895)
4014,2017,1,"נטור","נטור",2017-11-22,182.67977627508,1,11,702,"HaZafon",c(35.7523995, 32.8535895)
4014,2018,1,"נטור","נטור",2018-05-10,182.67977627508,1,5,686,"HaZafon",c(35.7523995, 32.8535895)
4014,2018,1,"נטור","נטור",2018-02-10,182.67977627508,1,2,686,"HaZafon",c(35.7523995, 32.8535895)
4014,2018,1,"נטור","נטור",2018-07-24,182.67977627508,1,7,686,"HaZafon",c(35.7523995, 32.8535895)
4014,2023,1,"נטור","נטור",2023-04-09,182.67977627508,1,4,NA,"HaZafon",c(35.7523995, 32.8535895)
4015,2016,1,"בני יהודה","בנייהודה",2016-09-20,174.236859747055,1,9,1030,"HaZafon",c(35.6900459, 32.79845)
4015,2017,1,"בני יהודה","בנייהודה",2017-04-21,174.236859747055,1,4,1049,"HaZafon",c(35.6900459, 32.79845)
4015,2017,1,"בני יהודה","בנייהודה",2017-10-21,174.236859747055,1,10,1049,"HaZafon",c(35.6900459, 32.79845)
4015,2017,1,"בני יהודה","בנייהודה",2017-11-22,174.236859747055,1,11,1049,"HaZafon",c(35.6900459, 32.79845)
4015,2018,1,"בני יהודה","בנייהודה",2018-05-10,174.236859747055,1,5,1069,"HaZafon",c(35.6900459, 32.79845)
4015,2018,1,"בני יהודה","בנייהודה",2018-07-24,174.236859747055,1,7,1069,"HaZafon",c(35.6900459, 32.79845)
4015,2018,1,"בני יהודה","בנייהודה",2018-02-10,174.236859747055,1,2,1069,"HaZafon",c(35.6900459, 32.79845)
4017,2014,1,"אלוני הבשן","אלוניהבשן",2014-09-12,204.063515164918,1,9,360,"HaZafon",c(35.8383879, 33.0438561)
4017,2014,1,"אלוני הבשן","אלוניהבשן",2014-08-24,204.063515164918,1,8,360,"HaZafon",c(35.8383879, 33.0438561)
4017,2016,1,"אלוני הבשן","אלוניהבשן",2016-09-20,204.063515164918,1,9,420,"HaZafon",c(35.8383879, 33.0438561)
4017,2017,1,"אלוני הבשן","אלוניהבשן",2017-10-21,204.063515164918,1,10,439,"HaZafon",c(35.8383879, 33.0438561)
4017,2017,1,"אלוני הבשן","אלוניהבשן",2017-12-04,204.063515164918,1,12,439,"HaZafon",c(35.8383879, 33.0438561)
4017,2017,1,"אלוני הבשן","אלוניהבשן",2017-11-22,204.063515164918,1,11,439,"HaZafon",c(35.8383879, 33.0438561)
4017,2018,1,"אלוני הבשן","אלוניהבשן",2018-07-23,204.063515164918,1,7,445,"HaZafon",c(35.8383879, 33.0438561)
4017,2018,1,"אלוני הבשן","אלוניהבשן",2018-05-17,204.063515164918,1,5,445,"HaZafon",c(35.8383879, 33.0438561)
4017,2018,1,"אלוני הבשן","אלוניהבשן",2018-02-10,204.063515164918,1,2,445,"HaZafon",c(35.8383879, 33.0438561)
4019,2016,1,"מיצר","מיצר",2016-09-20,174.104808331914,1,9,240,"HaZafon",c(35.736489, 32.768473)
4019,2017,1,"מיצר","מיצר",2017-11-22,174.104808331914,1,11,266,"HaZafon",c(35.736489, 32.768473)
4019,2017,1,"מיצר","מיצר",2017-04-21,174.104808331914,1,4,266,"HaZafon",c(35.736489, 32.768473)
4019,2017,1,"מיצר","מיצר",2017-10-21,174.104808331914,1,10,266,"HaZafon",c(35.736489, 32.768473)
4019,2018,1,"מיצר","מיצר",2018-05-10,174.104808331914,1,5,287,"HaZafon",c(35.736489, 32.768473)
4019,2018,1,"מיצר","מיצר",2018-02-10,174.104808331914,1,2,287,"HaZafon",c(35.736489, 32.768473)
4019,2018,1,"מיצר","מיצר",2018-07-18,174.104808331914,1,7,287,"HaZafon",c(35.736489, 32.768473)
4021,2016,1,"גבעת יואב","גבעתיואב",2016-09-20,173.519362573379,1,9,700,"HaZafon",c(35.6820396, 32.7980686)
4021,2017,1,"גבעת יואב","גבעתיואב",2017-11-22,173.519362573379,1,11,690,"HaZafon",c(35.6820396, 32.7980686)
4021,2017,1,"גבעת יואב","גבעתיואב",2017-10-21,173.519362573379,1,10,690,"HaZafon",c(35.6820396, 32.7980686)
4021,2017,1,"גבעת יואב","גבעתיואב",2017-04-21,173.519362573379,1,4,690,"HaZafon",c(35.6820396, 32.7980686)
4021,2018,1,"גבעת יואב","גבעתיואב",2018-02-10,173.519362573379,1,2,702,"HaZafon",c(35.6820396, 32.7980686)
4021,2018,1,"גבעת יואב","גבעתיואב",2018-07-24,173.519362573379,1,7,702,"HaZafon",c(35.6820396, 32.7980686)
4021,2018,1,"גבעת יואב","גבעתיואב",2018-05-10,173.519362573379,1,5,702,"HaZafon",c(35.6820396, 32.7980686)
4021,2023,1,"בני יהודה וגבעת יואב","בנייהודהוגבעתיואב",2023-10-24,173.519362573379,1,10,NA,"HaZafon",c(35.6820396, 32.7980686)
4022,2016,1,"גשור","גשור",2016-09-20,177.78768562345,1,9,270,"HaZafon",c(35.718622, 32.817636)
4022,2017,1,"גשור","גשור",2017-04-21,177.78768562345,1,4,279,"HaZafon",c(35.718622, 32.817636)
4022,2017,1,"גשור","גשור",2017-11-22,177.78768562345,1,11,279,"HaZafon",c(35.718622, 32.817636)
4022,2017,1,"גשור","גשור",2017-10-21,177.78768562345,1,10,279,"HaZafon",c(35.718622, 32.817636)
4022,2018,1,"גשור","גשור",2018-05-10,177.78768562345,1,5,282,"HaZafon",c(35.718622, 32.817636)
4022,2018,1,"גשור","גשור",2018-07-18,177.78768562345,1,7,282,"HaZafon",c(35.718622, 32.817636)
4022,2018,1,"גשור","גשור",2018-02-10,177.78768562345,1,2,282,"HaZafon",c(35.718622, 32.817636)
4025,2015,1,"קדמת צבי","קדמתצבי",2015-04-28,195.082197120868,1,4,360,"HaZafon",c(35.6978959, 33.030075)
4025,2016,1,"קדמת צבי","קדמתצבי",2016-09-20,195.082197120868,1,9,390,"HaZafon",c(35.6978959, 33.030075)
4025,2017,1,"קדמת צבי","קדמתצבי",2017-11-22,195.082197120868,1,11,423,"HaZafon",c(35.6978959, 33.030075)
4025,2018,1,"קדמת צבי","קדמתצבי",2018-07-23,195.082197120868,1,7,451,"HaZafon",c(35.6978959, 33.030075)
4025,2018,1,"קדמת צבי","קדמתצבי",2018-02-10,195.082197120868,1,2,451,"HaZafon",c(35.6978959, 33.030075)
4028,2015,1,"כנף","כנף",2015-04-28,181.048413740543,1,4,420,"HaZafon",c(35.6973271, 32.8702395)
4028,2016,1,"כנף","כנף",2016-09-20,181.048413740543,1,9,450,"HaZafon",c(35.6973271, 32.8702395)
4028,2017,1,"כנף","כנף",2017-11-22,181.048413740543,1,11,459,"HaZafon",c(35.6973271, 32.8702395)
4028,2018,1,"כנף","כנף",2018-02-10,181.048413740543,1,2,461,"HaZafon",c(35.6973271, 32.8702395)
4028,2018,1,"כנף","כנף",2018-07-23,181.048413740543,1,7,461,"HaZafon",c(35.6973271, 32.8702395)
4100,2015,1,"קצרין","קצרין",2015-04-28,189.797552840341,1,4,6910,"HaZafon",c(35.6954075, 32.994181)
4100,2016,1,"קצרין 6","קצרין",2016-09-20,189.797552840341,1,9,6990,"HaZafon",c(35.6954075, 32.994181)
4100,2017,1,"קצרין 6","קצרין",2017-11-22,189.797552840341,1,11,7127,"HaZafon",c(35.6954075, 32.994181)
4100,2017,1,"קצרין 6","קצרין",2017-10-21,189.797552840341,1,10,7127,"HaZafon",c(35.6954075, 32.994181)
4100,2018,1,"קצרין 6","קצרין",2018-02-10,189.797552840341,1,2,7131,"HaZafon",c(35.6954075, 32.994181)
4100,2018,1,"קצרין 6","קצרין",2018-05-10,189.797552840341,1,5,7131,"HaZafon",c(35.6954075, 32.994181)
4100,2018,1,"קצרין","קצרין",2018-07-23,189.797552840341,1,7,7131,"HaZafon",c(35.6954075, 32.994181)
4101,2014,1,"מרום גולן","מרוםגולן",2014-08-24,208.247755626657,1,8,660,"HaZafon",c(35.7763995, 33.1330285)
4101,2014,1,"מרום גולן","מרוםגולן",2014-09-04,208.247755626657,1,9,660,"HaZafon",c(35.7763995, 33.1330285)
4101,2016,1,"מרום גולן","מרוםגולן",2016-09-20,208.247755626657,1,9,700,"HaZafon",c(35.7763995, 33.1330285)
4101,2017,1,"מרום גולן","מרוםגולן",2017-10-21,208.247755626657,1,10,701,"HaZafon",c(35.7763995, 33.1330285)
4101,2017,1,"מרום גולן","מרוםגולן",2017-11-22,208.247755626657,1,11,701,"HaZafon",c(35.7763995, 33.1330285)
4101,2017,1,"מרום גולן","מרוםגולן",2017-12-04,208.247755626657,1,12,701,"HaZafon",c(35.7763995, 33.1330285)
4101,2018,1,"מרום גולן","מרוםגולן",2018-07-24,208.247755626657,1,7,724,"HaZafon",c(35.7763995, 33.1330285)
4101,2018,1,"מרום גולן","מרוםגולן",2018-05-17,208.247755626657,1,5,724,"HaZafon",c(35.7763995, 33.1330285)
4101,2018,1,"מרום גולן","מרוםגולן",2018-02-10,208.247755626657,1,2,724,"HaZafon",c(35.7763995, 33.1330285)
4203,2015,1,"מסעדה","מסעדה",2015-01-28,214.149591760974,1,1,3520,"HaZafon",c(35.7555991, 33.2321154)
4203,2015,1,"מסעדה","מסעדה",2015-04-28,214.149591760974,1,4,3520,"HaZafon",c(35.7555991, 33.2321154)
4203,2016,1,"מסעדה","מסעדה",2016-09-20,214.149591760974,1,9,3560,"HaZafon",c(35.7555991, 33.2321154)
4203,2016,1,"מסעדה","מסעדה",2016-10-05,214.149591760974,1,10,3560,"HaZafon",c(35.7555991, 33.2321154)
4203,2017,1,"מסעדה","מסעדה",2017-11-22,214.149591760974,1,11,3592,"HaZafon",c(35.7555991, 33.2321154)
4203,2017,1,"מסעדה","מסעדה",2017-06-07,214.149591760974,1,6,3592,"HaZafon",c(35.7555991, 33.2321154)
4203,2017,1,"מסעדה","מסעדה",2017-03-21,214.149591760974,1,3,3592,"HaZafon",c(35.7555991, 33.2321154)
4203,2017,1,"מסעדה","מסעדה",2017-10-25,214.149591760974,1,10,3592,"HaZafon",c(35.7555991, 33.2321154)
4203,2018,1,"מסעדה","מסעדה",2018-05-10,214.149591760974,1,5,3650,"HaZafon",c(35.7555991, 33.2321154)
4203,2018,1,"מסעדה","מסעדה",2018-07-18,214.149591760974,1,7,3650,"HaZafon",c(35.7555991, 33.2321154)
4203,2018,1,"מסעדה","מסעדה",2018-02-10,214.149591760974,1,2,3650,"HaZafon",c(35.7555991, 33.2321154)
4203,2019,1,"מסעדה","מסעדה",2019-11-19,214.149591760974,1,11,3714,"HaZafon",c(35.7555991, 33.2321154)
4203,2023,1,"מסעדה","מסעדה",2023-11-07,214.149591760974,1,11,NA,"HaZafon",c(35.7555991, 33.2321154)
4204,2016,1,"מבוא חמה","מבואחמה",2016-09-20,166.604380000097,1,9,380,"HaZafon",c(35.655483, 32.7374839)
4204,2017,1,"מבוא חמה","מבואחמה",2017-10-21,166.604380000097,1,10,398,"HaZafon",c(35.655483, 32.7374839)
4204,2017,1,"מבוא חמה","מבואחמה",2017-04-21,166.604380000097,1,4,398,"HaZafon",c(35.655483, 32.7374839)
4204,2017,1,"מבוא חמה","מבואחמה",2017-11-22,166.604380000097,1,11,398,"HaZafon",c(35.655483, 32.7374839)
4204,2018,1,"מבוא חמה","מבואחמה",2018-05-10,166.604380000097,1,5,434,"HaZafon",c(35.655483, 32.7374839)
4204,2018,1,"מבוא חמה","מבואחמה",2018-02-10,166.604380000097,1,2,434,"HaZafon",c(35.655483, 32.7374839)
4204,2018,1,"מבוא חמה","מבואחמה",2018-07-18,166.604380000097,1,7,434,"HaZafon",c(35.655483, 32.7374839)
4301,2016,1,"אפיק","אפיק",2016-09-20,173.355363724906,1,9,290,"HaZafon",c(35.7018325, 32.7797635)
4301,2017,1,"אפיק","אפיק",2017-11-22,173.355363724906,1,11,295,"HaZafon",c(35.7018325, 32.7797635)
4301,2017,1,"אפיק","אפיק",2017-04-21,173.355363724906,1,4,295,"HaZafon",c(35.7018325, 32.7797635)
4301,2017,1,"אפיק","אפיק",2017-10-21,173.355363724906,1,10,295,"HaZafon",c(35.7018325, 32.7797635)
4301,2018,1,"אפיק","אפיק",2018-05-10,173.355363724906,1,5,329,"HaZafon",c(35.7018325, 32.7797635)
4301,2018,1,"אפיק","אפיק",2018-07-18,173.355363724906,1,7,329,"HaZafon",c(35.7018325, 32.7797635)
4301,2018,1,"אפיק","אפיק",2018-02-10,173.355363724906,1,2,329,"HaZafon",c(35.7018325, 32.7797635)
4303,2015,1,"נווה אטי""ב","נווהאטיב",2015-01-27,218.599533210324,1,1,120,"HaZafon",c(35.7420415, 33.2626711)
4303,2015,1,"נווה אטי""ב","נווהאטיב",2015-04-28,218.599533210324,1,4,120,"HaZafon",c(35.7420415, 33.2626711)
4303,2016,1,"נווה אטי""ב","נווהאטיב",2016-10-05,218.599533210324,1,10,110,"HaZafon",c(35.7420415, 33.2626711)
4303,2016,1,"נווה אטי""ב","נווהאטיב",2016-09-20,218.599533210324,1,9,110,"HaZafon",c(35.7420415, 33.2626711)
4303,2017,1,"נווה אטי""ב","נווהאטיב",2017-06-14,218.599533210324,1,6,118,"HaZafon",c(35.7420415, 33.2626711)
4303,2017,1,"נווה אטי""ב","נווהאטיב",2017-10-31,218.599533210324,1,10,118,"HaZafon",c(35.7420415, 33.2626711)
4303,2017,1,"נווה אטי""ב","נווהאטיב",2017-11-22,218.599533210324,1,11,118,"HaZafon",c(35.7420415, 33.2626711)
4303,2017,1,"נווה אטי""ב","נווהאטיב",2017-03-21,218.599533210324,1,3,118,"HaZafon",c(35.7420415, 33.2626711)
4303,2018,1,"נווה אטי""ב","נווהאטיב",2018-07-18,218.599533210324,1,7,115,"HaZafon",c(35.7420415, 33.2626711)
4303,2018,1,"נווה אטי""ב","נווהאטיב",2018-05-10,218.599533210324,1,5,115,"HaZafon",c(35.7420415, 33.2626711)
4303,2018,1,"נווה אטי""ב","נווהאטיב",2018-02-10,218.599533210324,1,2,115,"HaZafon",c(35.7420415, 33.2626711)
4303,2019,1,"נווה אטי''ב","נווהאטיב",2019-11-19,218.599533210324,1,11,110,"HaZafon",c(35.7420415, 33.2626711)
4303,2021,1,"נווה אטי''ב","נווהאטיב",2021-08-06,218.599533210324,1,8,141,"HaZafon",c(35.7420415, 33.2626711)
4304,2016,1,"נוב","נוב",2016-09-20,182.492968724709,1,9,870,"HaZafon",c(35.7833184, 32.8325175)
4304,2017,1,"נוב","נוב",2017-04-21,182.492968724709,1,4,900,"HaZafon",c(35.7833184, 32.8325175)
4304,2017,1,"נוב","נוב",2017-11-22,182.492968724709,1,11,900,"HaZafon",c(35.7833184, 32.8325175)
4304,2017,1,"נוב","נוב",2017-10-21,182.492968724709,1,10,900,"HaZafon",c(35.7833184, 32.8325175)
4304,2018,1,"נוב","נוב",2018-02-10,182.492968724709,1,2,931,"HaZafon",c(35.7833184, 32.8325175)
4304,2018,1,"נוב","נוב",2018-05-10,182.492968724709,1,5,931,"HaZafon",c(35.7833184, 32.8325175)
4304,2018,1,"נוב","נוב",2018-07-18,182.492968724709,1,7,931,"HaZafon",c(35.7833184, 32.8325175)
4304,2023,1,"נוב","נוב",2023-11-11,182.492968724709,1,11,NA,"HaZafon",c(35.7833184, 32.8325175)
4501,2016,1,"ע'ג'ר","עגר",2016-09-20,213.393753582113,1,9,2510,"HaZafon",c(35.631424, 33.269621)
4501,2016,1,"ע'ג'ר","עגר",2016-12-06,213.393753582113,1,12,2510,"HaZafon",c(35.631424, 33.269621)
4501,2018,1,"ע'ג'ר","עגר",2018-02-10,213.393753582113,1,2,2607,"HaZafon",c(35.631424, 33.269621)
4501,2019,1,"ע'ג'ר","עגר",2019-05-20,213.393753582113,1,5,2659,"HaZafon",c(35.631424, 33.269621)
4501,2023,1,"ע'ג'ר","עגר",2023-10-18,213.393753582113,1,10,NA,"HaZafon",c(35.631424, 33.269621)
4501,2023,1,"ע'ג'ר","עגר",2023-11-06,213.393753582113,1,11,NA,"HaZafon",c(35.631424, 33.269621)
4502,2014,1,"עין קיניא","עיןקיניא",2014-08-21,214.946588296952,1,8,1920,"HaZafon",c(35.7313062, 33.2366797)
4502,2015,1,"עין קנייא","עיןקנייא",2015-01-28,214.946588296952,1,1,1950,"HaZafon",c(35.7313062, 33.2366797)
4502,2015,1,"עין קנייא","עיןקנייא",2015-04-28,214.946588296952,1,4,1950,"HaZafon",c(35.7313062, 33.2366797)
4502,2016,1,"עין קיניא","עיןקיניא",2016-09-20,214.946588296952,1,9,1990,"HaZafon",c(35.7313062, 33.2366797)
4502,2016,1,"עין קנייא","עיןקנייא",2016-10-05,214.946588296952,1,10,1990,"HaZafon",c(35.7313062, 33.2366797)
4502,2017,1,"עין קנייא","עיןקנייא",2017-03-21,214.946588296952,1,3,2033,"HaZafon",c(35.7313062, 33.2366797)
4502,2017,1,"עין קנייא","עיןקנייא",2017-10-25,214.946588296952,1,10,2033,"HaZafon",c(35.7313062, 33.2366797)
4502,2017,1,"עין קנייא","עיןקנייא",2017-11-22,214.946588296952,1,11,2033,"HaZafon",c(35.7313062, 33.2366797)
4502,2017,1,"עין קנייא","עיןקנייא",2017-06-14,214.946588296952,1,6,2033,"HaZafon",c(35.7313062, 33.2366797)
4502,2018,1,"עין קנייא","עיןקנייא",2018-07-18,214.946588296952,1,7,2063,"HaZafon",c(35.7313062, 33.2366797)
4502,2018,1,"עין קנייא","עיןקנייא",2018-02-10,214.946588296952,1,2,2063,"HaZafon",c(35.7313062, 33.2366797)
4502,2018,1,"עין קנייא","עיןקנייא",2018-05-10,214.946588296952,1,5,2063,"HaZafon",c(35.7313062, 33.2366797)
4502,2018,1,"עין קיניא","עיןקיניא",2018-10-16,214.946588296952,1,10,2063,"HaZafon",c(35.7313062, 33.2366797)
4502,2019,1,"עין קנייא","עיןקנייא",2019-11-19,214.946588296952,1,11,2098,"HaZafon",c(35.7313062, 33.2366797)
4502,2021,1,"עין קנייא","עיןקנייא",2021-08-06,214.946588296952,1,8,2172,"HaZafon",c(35.7313062, 33.2366797)
4502,2023,1,"עין קנייא","עיןקנייא",2023-11-07,214.946588296952,1,11,NA,"HaZafon",c(35.7313062, 33.2366797)
4503,2014,1,"עין זיוון","עיןזיוון",2014-09-12,206.442193553736,1,9,280,"HaZafon",c(35.7957564, 33.0964391)
4503,2014,1,"עין זיוון","עיןזיוון",2014-08-24,206.442193553736,1,8,280,"HaZafon",c(35.7957564, 33.0964391)
4503,2016,1,"עין זיוון","עיןזיוון",2016-09-20,206.442193553736,1,9,290,"HaZafon",c(35.7957564, 33.0964391)
4503,2017,1,"עין זיוון","עיןזיוון",2017-11-22,206.442193553736,1,11,322,"HaZafon",c(35.7957564, 33.0964391)
4503,2017,1,"עין זיוון","עיןזיוון",2017-10-21,206.442193553736,1,10,322,"HaZafon",c(35.7957564, 33.0964391)
4503,2017,1,"עין זיוון","עיןזיוון",2017-12-04,206.442193553736,1,12,322,"HaZafon",c(35.7957564, 33.0964391)
4503,2018,1,"עין זיוון","עיןזיוון",2018-02-10,206.442193553736,1,2,348,"HaZafon",c(35.7957564, 33.0964391)
4503,2018,1,"עין זיוון","עיןזיוון",2018-05-17,206.442193553736,1,5,348,"HaZafon",c(35.7957564, 33.0964391)
4503,2018,1,"עין זיוון","עיןזיוון",2018-07-24,206.442193553736,1,7,348,"HaZafon",c(35.7957564, 33.0964391)
4551,2016,1,"נאות גולן","נאותגולן",2016-09-20,172.829043423355,1,9,570,"HaZafon",c(35.690951, 32.7862969)
4551,2017,1,"נאות גולן","נאותגולן",2017-04-21,172.829043423355,1,4,594,"HaZafon",c(35.690951, 32.7862969)
4551,2017,1,"נאות גולן","נאותגולן",2017-10-21,172.829043423355,1,10,594,"HaZafon",c(35.690951, 32.7862969)
4551,2017,1,"נאות גולן","נאותגולן",2017-11-22,172.829043423355,1,11,594,"HaZafon",c(35.690951, 32.7862969)
4551,2018,1,"נאות גולן","נאותגולן",2018-02-10,172.829043423355,1,2,619,"HaZafon",c(35.690951, 32.7862969)
4551,2018,1,"נאות גולן","נאותגולן",2018-07-18,172.829043423355,1,7,619,"HaZafon",c(35.690951, 32.7862969)
4551,2018,1,"נאות גולן","נאותגולן",2018-05-10,172.829043423355,1,5,619,"HaZafon",c(35.690951, 32.7862969)
4551,2023,1,"נאות גולן","נאותגולן",2023-10-24,172.829043423355,1,10,NA,"HaZafon",c(35.690951, 32.7862969)
4701,2016,1,"רמת מגשימים","רמתמגשימים",2016-09-20,184.705973091115,1,9,630,"HaZafon",c(35.807777, 32.845356)
4701,2017,1,"רמת מגשימים","רמתמגשימים",2017-10-21,184.705973091115,1,10,634,"HaZafon",c(35.807777, 32.845356)
4701,2017,1,"רמת מגשימים","רמתמגשימים",2017-11-22,184.705973091115,1,11,634,"HaZafon",c(35.807777, 32.845356)
4701,2017,1,"רמת מגשימים","רמתמגשימים",2017-04-21,184.705973091115,1,4,634,"HaZafon",c(35.807777, 32.845356)
4701,2018,1,"רמת מגשימים","רמתמגשימים",2018-02-10,184.705973091115,1,2,704,"HaZafon",c(35.807777, 32.845356)
4701,2018,1,"רמת מגשימים","רמתמגשימים",2018-07-24,184.705973091115,1,7,704,"HaZafon",c(35.807777, 32.845356)
4701,2018,1,"רמת מגשימים","רמתמגשימים",2018-05-10,184.705973091115,1,5,704,"HaZafon",c(35.807777, 32.845356)
5000,2014,1,"מקווה ישראל","מקווהישראל",2014-08-23,53.9528604829241,1,8,426180,"Tel Aviv",c(34.7758849, 32.0626431)
5000,2014,1,"מקווה ישראל","מקווהישראל",2014-07-29,53.9528604829241,1,7,426180,"Tel Aviv",c(34.7758849, 32.0626431)
5000,2015,1,"שרונה","שרונה",2015-03-11,53.9528604829241,1,3,433000,"Tel Aviv",c(34.7849947, 32.0718747)
5000,2016,1,"דן 159 מזרח תל אביב","דןמזרחתלאביב",2016-06-07,53.9528604829241,1,6,438720,"Tel Aviv",c(34.7920356, 32.0963712)
5000,2016,1,"איתמר","איתמר",2016-09-20,53.9528604829241,1,9,438720,"Tel Aviv",c(34.8068353, 32.0898021)
5000,2017,1,"שרונה","שרונה",2017-07-18,53.9528604829241,1,7,443933,"Tel Aviv",c(34.7849947, 32.0718747)
5000,2017,1,"דן 158 דרום תל אביב","דןדרוםתלאביב",2017-11-02,53.9528604829241,1,11,443933,"Tel Aviv",c(34.7937803, 32.096755)
5000,2018,1,"דן 158 דרום תל אביב","דןדרוםתלאביב",2018-12-26,53.9528604829241,1,12,451526,"Tel Aviv",c(34.7937803, 32.096755)
5000,2018,1,"איתמר","איתמר",2018-10-16,53.9528604829241,1,10,451526,"Tel Aviv",c(34.8068353, 32.0898021)
5000,2019,1,"דן 158 דרום תל אביב","דןדרוםתלאביב",2019-03-14,53.9528604829241,1,3,460616,"Tel Aviv",c(34.7937803, 32.096755)
5000,2019,1,"תל אביב - דרום העיר ויפו","תלאביבדרוםהעירויפו",2019-11-12,53.9528604829241,1,11,460616,"Tel Aviv",c(34.797246, 32.0879315)
5000,2021,1,"מקווה ישראל","מקווהישראל",2021-05-13,53.9528604829241,1,5,467883,"Tel Aviv",c(34.7758849, 32.0626431)
5000,2022,1,"מקווה ישראל","מקווהישראל",2022-08-06,53.9528604829241,1,8,474533,"Tel Aviv",c(34.7758849, 32.0626431)
5000,2023,1,"מקווה ישראל","מקווהישראל",2023-12-11,53.9528604829241,1,12,NA,"Tel Aviv",c(34.7758849, 32.0626431)
5000,2023,1,"מקווה ישראל","מקווהישראל",2023-05-10,53.9528604829241,1,5,NA,"Tel Aviv",c(34.7758849, 32.0626431)
5000,2023,1,"מקווה ישראל","מקווהישראל",2023-10-17,53.9528604829241,1,10,NA,"Tel Aviv",c(34.7758849, 32.0626431)
5000,2023,1,"מקווה ישראל","מקווהישראל",2023-11-10,53.9528604829241,1,11,NA,"Tel Aviv",c(34.7758849, 32.0626431)
6000,2016,1,"באקה אל ע'רביה","באקהאלערביה",2016-06-22,103.356789088105,1,6,28530,"Haifa",c(35.0357895, 32.4191113)
6000,2016,1,"באקה","באקה",2016-09-20,103.356789088105,1,9,28530,"Haifa",c(35.0357895, 32.4191113)
6000,2018,1,"באקה","באקה",2018-10-16,103.356789088105,1,10,29394,"Haifa",c(35.0357895, 32.4191113)
6000,2019,1,"באקה אל גרבייה","באקהאלגרבייה",2019-07-31,103.356789088105,1,7,29950,"Haifa",c(35.0357895, 32.4191113)
6000,2023,1,"באקה אל גרבייה","באקהאלגרבייה",2023-10-07,103.356789088105,1,10,NA,"Haifa",c(35.0357895, 32.4191113)
6100,2014,1,"בני ברק","בניברק",2014-07-29,61.8972856451167,1,7,178320,"Tel Aviv",c(34.835384, 32.0887165)
6100,2014,1,"בני ברק","בניברק",2014-08-03,61.8972856451167,1,8,178320,"Tel Aviv",c(34.835384, 32.0887165)
6100,2016,1,"בני ברק","בניברק",2016-09-20,61.8972856451167,1,9,189000,"Tel Aviv",c(34.835384, 32.0887165)
6100,2018,1,"בני ברק","בניברק",2018-12-26,61.8972856451167,1,12,198864,"Tel Aviv",c(34.835384, 32.0887165)
6100,2019,1,"בני ברק","בניברק",2019-03-14,61.8972856451167,1,3,204639,"Tel Aviv",c(34.835384, 32.0887165)
6100,2021,1,"בני ברק","בניברק",2021-05-13,61.8972856451167,1,5,212396,"Tel Aviv",c(34.835384, 32.0887165)
6100,2023,1,"בני ברק","בניברק",2023-11-05,61.8972856451167,1,11,NA,"Tel Aviv",c(34.835384, 32.0887165)
6100,2023,1,"בני ברק","בניברק",2023-12-02,61.8972856451167,1,12,NA,"Tel Aviv",c(34.835384, 32.0887165)
6100,2023,1,"בני ברק","בניברק",2023-10-07,61.8972856451167,1,10,NA,"Tel Aviv",c(34.835384, 32.0887165)
6200,2014,1,"בת ים","בתים",2014-08-25,50.530698444721,1,8,128510,"Tel Aviv",c(34.7479175, 32.0133239)
6200,2014,1,"בת ים","בתים",2014-07-29,50.530698444721,1,7,128510,"Tel Aviv",c(34.7479175, 32.0133239)
6200,2016,1,"בת ים","בתים",2016-09-20,50.530698444721,1,9,128860,"Tel Aviv",c(34.7479175, 32.0133239)
6200,2017,1,"בת ים","בתים",2017-11-02,50.530698444721,1,11,128656,"Tel Aviv",c(34.7479175, 32.0133239)
6200,2018,1,"בת ים","בתים",2018-12-26,50.530698444721,1,12,128772,"Tel Aviv",c(34.7479175, 32.0133239)
6200,2019,1,"בת-ים","בתים",2019-11-12,50.530698444721,1,11,129010,"Tel Aviv",c(34.7479175, 32.0133239)
6200,2019,1,"בת ים","בתים",2019-03-14,50.530698444721,1,3,129010,"Tel Aviv",c(34.7479175, 32.0133239)
6200,2021,1,"בת-ים","בתים",2021-05-12,50.530698444721,1,5,126288,"Tel Aviv",c(34.7479175, 32.0133239)
6200,2022,1,"בת-ים","בתים",2022-08-06,50.530698444721,1,8,128464,"Tel Aviv",c(34.7479175, 32.0133239)
6200,2023,1,"בת-ים","בתים",2023-12-02,50.530698444721,1,12,NA,"Tel Aviv",c(34.7479175, 32.0133239)
6200,2023,1,"בת-ים","בתים",2023-10-07,50.530698444721,1,10,NA,"Tel Aviv",c(34.7479175, 32.0133239)
6200,2023,1,"בת-ים","בתים",2023-11-03,50.530698444721,1,11,NA,"Tel Aviv",c(34.7479175, 32.0133239)
6200,2023,1,"בת-ים","בתים",2023-05-10,50.530698444721,1,5,NA,"Tel Aviv",c(34.7479175, 32.0133239)
6300,2014,1,"גבעתיים","גבעתיים",2014-08-03,59.5699135617257,1,8,56840,"Tel Aviv",c(34.8093044, 32.0703526)
6300,2014,1,"גבעתיים","גבעתיים",2014-07-29,59.5699135617257,1,7,56840,"Tel Aviv",c(34.8093044, 32.0703526)
6300,2016,1,"גבעתיים","גבעתיים",2016-09-20,59.5699135617257,1,9,58510,"Tel Aviv",c(34.8093044, 32.0703526)
6300,2018,1,"גבעתיים","גבעתיים",2018-12-26,59.5699135617257,1,12,60210,"Tel Aviv",c(34.8093044, 32.0703526)
6300,2019,1,"גבעתיים","גבעתיים",2019-03-14,59.5699135617257,1,3,60644,"Tel Aviv",c(34.8093044, 32.0703526)
6300,2021,1,"גבעתיים","גבעתיים",2021-05-12,59.5699135617257,1,5,61282,"Tel Aviv",c(34.8093044, 32.0703526)
6300,2023,1,"גבעתיים","גבעתיים",2023-11-05,59.5699135617257,1,11,NA,"Tel Aviv",c(34.8093044, 32.0703526)
6300,2023,1,"גבעתיים","גבעתיים",2023-05-10,59.5699135617257,1,5,NA,"Tel Aviv",c(34.8093044, 32.0703526)
6300,2023,1,"גבעתיים","גבעתיים",2023-10-26,59.5699135617257,1,10,NA,"Tel Aviv",c(34.8093044, 32.0703526)
6300,2023,1,"גבעתיים","גבעתיים",2023-12-05,59.5699135617257,1,12,NA,"Tel Aviv",c(34.8093044, 32.0703526)
6400,2014,1,"הרצליה","הרצליה",2014-08-26,67.3200052767075,1,8,90750,"Tel Aviv",c(34.8280035, 32.1731044)
6400,2016,1,"הרצליה","הרצליה",2016-09-20,67.3200052767075,1,9,93090,"Tel Aviv",c(34.8280035, 32.1731044)
6400,2016,1,"הרצליה","הרצליה",2016-12-20,67.3200052767075,1,12,93090,"Tel Aviv",c(34.8280035, 32.1731044)
6400,2018,1,"הרצליה","הרצליה",2018-12-26,67.3200052767075,1,12,95145,"Tel Aviv",c(34.8280035, 32.1731044)
6400,2021,1,"הרצליה - מרכז וגליל ים","הרצליהמרכזוגלילים",2021-05-11,67.3200052767075,1,5,103319,"Tel Aviv",c(34.8280035, 32.1731045)
6400,2021,1,"הרצליה - מערב","הרצליהמערב",2021-11-03,67.3200052767075,1,11,103319,"Tel Aviv",c(34.8280035, 32.1731044)
6400,2023,1,"הרצליה - מערב","הרצליהמערב",2023-10-07,67.3200052767075,1,10,NA,"Tel Aviv",c(34.8280035, 32.1731044)
6400,2023,1,"הרצליה - מערב","הרצליהמערב",2023-11-07,67.3200052767075,1,11,NA,"Tel Aviv",c(34.8280035, 32.1731044)
6500,2014,1,"חדרה","חדרה",2014-07-28,97.2340537228243,1,7,86800,"Haifa",c(34.9238165, 32.4406399)
6500,2014,1,"נחליאל","נחליאל",2014-08-21,97.2340537228243,1,8,86800,"Haifa",c(34.927338, 32.4444315)
6500,2016,1,"חדרה","חדרה",2016-09-20,97.2340537228243,1,9,91740,"Haifa",c(34.9238165, 32.4406399)
6500,2016,1,"חדרה","חדרה",2016-06-22,97.2340537228243,1,6,91740,"Haifa",c(34.9238165, 32.4406399)
6500,2018,1,"נחליאל","נחליאל",2018-10-16,97.2340537228243,1,10,95683,"Haifa",c(34.927338, 32.4444315)
6500,2019,1,"חדרה - מזרח","חדרהמזרח",2019-07-31,97.2340537228243,1,7,97332,"Haifa",c(34.9238165, 32.4406399)
6500,2021,1,"חדרה - מערב","חדרהמערב",2021-11-03,97.2340537228243,1,11,100633,"Haifa",c(34.8993371, 32.4382307)
6600,2014,1,"חולון","חולון",2014-07-29,50.9296215791865,1,7,187300,"Tel Aviv",c(34.7812093, 32.0133808)
6600,2014,1,"חולון","חולון",2014-08-19,50.9296215791865,1,8,187300,"Tel Aviv",c(34.7812093, 32.0133808)
6600,2016,1,"חולון","חולון",2016-09-20,50.9296215791865,1,9,190820,"Tel Aviv",c(34.7812093, 32.0133808)
6600,2017,1,"חולון","חולון",2017-11-02,50.9296215791865,1,11,192625,"Tel Aviv",c(34.7812093, 32.0133808)
6600,2018,1,"חולון","חולון",2018-12-26,50.9296215791865,1,12,194271,"Tel Aviv",c(34.7812093, 32.0133808)
6600,2019,1,"חולון","חולון",2019-11-12,50.9296215791865,1,11,196280,"Tel Aviv",c(34.7812093, 32.0133808)
6600,2019,1,"חולון","חולון",2019-03-14,50.9296215791865,1,3,196280,"Tel Aviv",c(34.7812093, 32.0133808)
6600,2021,1,"חולון","חולון",2021-05-11,50.9296215791865,1,5,197463,"Tel Aviv",c(34.7812093, 32.0133808)
6600,2022,1,"חולון","חולון",2022-08-07,50.9296215791865,1,8,197956,"Tel Aviv",c(34.7812093, 32.0133808)
6600,2023,1,"חולון","חולון",2023-12-11,50.9296215791865,1,12,NA,"Tel Aviv",c(34.7812093, 32.0133808)
6600,2023,1,"חולון","חולון",2023-11-04,50.9296215791865,1,11,NA,"Tel Aviv",c(34.7812093, 32.0133808)
6600,2023,1,"חולון","חולון",2023-10-26,50.9296215791865,1,10,NA,"Tel Aviv",c(34.7812093, 32.0133808)
6600,2023,1,"חולון","חולון",2023-05-10,50.9296215791865,1,5,NA,"Tel Aviv",c(34.7812093, 32.0133808)
6700,2015,1,"טבריה","טבריה",2015-03-11,161.199834827122,1,3,42590,"HaZafon",c(35.52905, 32.782698)
6700,2016,1,"טבריה","טבריה",2016-09-20,161.199834827122,1,9,43140,"HaZafon",c(35.52905, 32.782698)
6700,2017,1,"טבריה","טבריה",2017-07-18,161.199834827122,1,7,43663,"HaZafon",c(35.52905, 32.782698)
6800,2016,1,"סרכיס","סרכיס",2016-09-20,141.631396760689,1,9,56620,"HaZafon",c(35.144518, 32.8061945)
6800,2018,1,"סרכיס","סרכיס",2018-09-05,141.631396760689,1,9,58266,"HaZafon",c(35.144518, 32.8061945)
6800,2021,1,"קריית אתא","קרייתאתא",2021-11-03,141.631396760689,1,11,60103,"Haifa",c(35.1028235, 32.7991306)
6900,2014,1,"תל חי","תלחי",2014-09-11,74.1501351769324,1,9,94120,"HaMerkaz",c(34.9148474, 32.1769088)
6900,2014,1,"תל חי","תלחי",2014-08-25,74.1501351769324,1,8,94120,"HaMerkaz",c(34.9148474, 32.1769088)
6900,2016,1,"כפר סבא","כפרסבא",2016-12-20,74.1501351769324,1,12,98980,"HaMerkaz",c(34.9207583, 32.179595)
6900,2016,1,"כפר סבא","כפרסבא",2016-09-20,74.1501351769324,1,9,98980,"HaMerkaz",c(34.9207583, 32.179595)
6900,2018,1,"כפר סבא","כפרסבא",2018-12-26,74.1501351769324,1,12,100763,"HaMerkaz",c(34.9207583, 32.179595)
6900,2018,1,"תל חי","תלחי",2018-02-10,74.1501351769324,1,2,100763,"HaMerkaz",c(34.9148474, 32.1769088)
6900,2019,1,"כפר סבא","כפרסבא",2019-03-25,74.1501351769324,1,3,101431,"HaMerkaz",c(34.9207583, 32.179595)
6900,2019,1,"תל חי","תלחי",2019-05-20,74.1501351769324,1,5,101431,"HaMerkaz",c(34.9148474, 32.1769088)
6900,2021,1,"תל חי","תלחי",2021-08-04,74.1501351769324,1,8,101799,"HaMerkaz",c(34.9148474, 32.1769088)
6900,2021,1,"כפר סבא","כפרסבא",2021-05-11,74.1501351769324,1,5,101799,"HaMerkaz",c(34.9207583, 32.179595)
6900,2023,1,"כפר סבא","כפרסבא",2023-10-29,74.1501351769324,1,10,NA,"HaMerkaz",c(34.9207583, 32.179595)
6900,2023,1,"תל חי","תלחי",2023-12-04,74.1501351769324,1,12,NA,"HaMerkaz",c(34.9148474, 32.1769088)
6900,2023,1,"תל חי","תלחי",2023-11-21,74.1501351769324,1,11,NA,"HaMerkaz",c(34.9148474, 32.1769088)
7000,2014,1,"לוד","לוד",2014-07-29,52.1647337971518,1,7,72140,"HaMerkaz",c(34.8943665, 31.9535755)
7000,2014,1,"לוד","לוד",2014-08-05,52.1647337971518,1,8,72140,"HaMerkaz",c(34.8943665, 31.9535755)
7000,2015,1,"לוד","לוד",2015-03-23,52.1647337971518,1,3,72840,"HaMerkaz",c(34.8943665, 31.9535755)
7000,2016,1,"לוד","לוד",2016-09-20,52.1647337971518,1,9,73660,"HaMerkaz",c(34.8943665, 31.9535755)
7000,2021,1,"לוד","לוד",2021-05-11,52.1647337971518,1,5,82629,"HaMerkaz",c(34.8943665, 31.9535755)
7000,2022,1,"לוד","לוד",2022-08-07,52.1647337971518,1,8,85351,"HaMerkaz",c(34.8943665, 31.9535755)
7000,2023,1,"לוד","לוד",2023-12-01,52.1647337971518,1,12,NA,"HaMerkaz",c(34.8943665, 31.9535755)
7000,2023,1,"לוד","לוד",2023-11-18,52.1647337971518,1,11,NA,"HaMerkaz",c(34.8943665, 31.9535755)
7000,2023,1,"לוד","לוד",2023-10-26,52.1647337971518,1,10,NA,"HaMerkaz",c(34.8943665, 31.9535755)
7100,2014,1,"אשקלון","אשקלון",2014-08-24,4.16465571799249,1,8,126840,"HaDarom",c(34.5646541, 31.6677251)
7100,2014,1,"אשקלון","אשקלון",2014-07-31,4.16465571799249,1,7,126840,"HaDarom",c(34.5646541, 31.6677251)
7100,2015,1,"אשקלון","אשקלון",2015-09-18,4.16465571799249,1,9,130660,"HaDarom",c(34.5646541, 31.6677251)
7100,2015,1,"אשקלון","אשקלון",2015-06-03,4.16465571799249,1,6,130660,"HaDarom",c(34.5646541, 31.6677251)
7100,2015,1,"א.ת אשקלון","אתאשקלון",2015-10-10,4.16465571799249,1,10,130660,"HaDarom",c(34.5646541, 31.6677251)
7100,2016,1,"אשקלון","אשקלון",2016-09-20,4.16465571799249,1,9,134440,"HaDarom",c(34.5646541, 31.6677251)
7100,2017,1,"אשקלון","אשקלון",2017-12-11,4.16465571799249,1,12,137944,"HaDarom",c(34.5646541, 31.6677251)
7100,2017,1,"א.ת אשקלון","אתאשקלון",2017-08-08,4.16465571799249,1,8,137944,"HaDarom",c(34.5646541, 31.6677251)
7100,2018,1,"אשקלון","אשקלון",2018-11-13,4.16465571799249,1,11,140963,"HaDarom",c(34.5646541, 31.6677251)
7100,2018,1,"א.ת אשקלון","אתאשקלון",2018-06-20,4.16465571799249,1,6,140963,"HaDarom",c(34.5646541, 31.6677251)
7100,2018,1,"אשקלון","אשקלון",2018-07-18,4.16465571799249,1,7,140963,"HaDarom",c(34.5646541, 31.6677251)
7100,2018,1,"א.ת אשקלון","אתאשקלון",2018-03-25,4.16465571799249,1,3,140963,"HaDarom",c(34.5646541, 31.6677251)
7100,2018,1,"אשקלון","אשקלון",2018-02-18,4.16465571799249,1,2,140963,"HaDarom",c(34.5646541, 31.6677251)
7100,2018,1,"אשקלון","אשקלון",2018-08-09,4.16465571799249,1,8,140963,"HaDarom",c(34.5646541, 31.6677251)
7100,2018,1,"אשקלון","אשקלון",2018-05-30,4.16465571799249,1,5,140963,"HaDarom",c(34.5646541, 31.6677251)
7100,2019,1,"אזור תעשייה הדרומי אשקלון","אזורתעשייההדרומיאשקלון",2019-09-11,4.16465571799249,1,9,144071,"HaDarom",c(34.5519771, 31.6308144)
7100,2019,1,"אשקלון","אשקלון",2019-12-25,4.16465571799249,1,12,144071,"HaDarom",c(34.5646541, 31.6677251)
7100,2019,1,"א.ת אשקלון","אתאשקלון",2019-03-26,4.16465571799249,1,3,144071,"HaDarom",c(34.5646541, 31.6677251)
7100,2019,1,"אשקלון","אשקלון",2019-01-07,4.16465571799249,1,1,144071,"HaDarom",c(34.5646541, 31.6677251)
7100,2019,1,"אזור תעשייה הדרומי אשקלון","אזורתעשייההדרומיאשקלון",2019-11-13,4.16465571799249,1,11,144071,"HaDarom",c(34.5519771, 31.6308144)
7100,2019,1,"אשקלון","אשקלון",2019-05-05,4.16465571799249,1,5,144071,"HaDarom",c(34.5646541, 31.6677251)
7100,2020,1,"אזור תעשייה הדרומי אשקלון","אזורתעשייההדרומיאשקלון",2020-08-18,4.16465571799249,1,8,146523,"HaDarom",c(34.5519771, 31.6308144)
7100,2020,1,"אזור תעשייה הדרומי אשקלון","אזורתעשייההדרומיאשקלון",2020-12-25,4.16465571799249,1,12,146523,"HaDarom",c(34.5519771, 31.6308144)
7100,2020,1,"אזור תעשייה הדרומי אשקלון","אזורתעשייההדרומיאשקלון",2020-09-15,4.16465571799249,1,9,146523,"HaDarom",c(34.5519771, 31.6308144)
7100,2020,1,"אזור תעשייה הדרומי אשקלון","אזורתעשייההדרומיאשקלון",2020-11-21,4.16465571799249,1,11,146523,"HaDarom",c(34.5519771, 31.6308144)
7100,2020,1,"אזור תעשייה הדרומי אשקלון","אזורתעשייההדרומיאשקלון",2020-02-24,4.16465571799249,1,2,146523,"HaDarom",c(34.5519771, 31.6308144)
7100,2020,1,"אזור תעשייה הדרומי אשקלון","אזורתעשייההדרומיאשקלון",2020-10-22,4.16465571799249,1,10,146523,"HaDarom",c(34.5519771, 31.6308144)
7100,2021,1,"אזור תעשייה הדרומי אשקלון","אזורתעשייההדרומיאשקלון",2021-05-10,4.16465571799249,1,5,149159,"HaDarom",c(34.5519771, 31.6308144)
7100,2021,1,"אזור תעשייה הדרומי אשקלון","אזורתעשייההדרומיאשקלון",2021-04-24,4.16465571799249,1,4,149159,"HaDarom",c(34.5519771, 31.6308144)
7100,2021,1,"אזור תעשייה הדרומי אשקלון","אזורתעשייההדרומיאשקלון",2021-11-03,4.16465571799249,1,11,149159,"HaDarom",c(34.5519771, 31.6308144)
7100,2021,1,"אזור תעשייה הדרומי אשקלון","אזורתעשייההדרומיאשקלון",2021-10-18,4.16465571799249,1,10,149159,"HaDarom",c(34.5519771, 31.6308144)
7100,2021,1,"אזור תעשייה הדרומי אשקלון","אזורתעשייההדרומיאשקלון",2021-03-11,4.16465571799249,1,3,149159,"HaDarom",c(34.5519771, 31.6308144)
7100,2022,1,"אזור תעשייה הדרומי אשקלון","אזורתעשייההדרומיאשקלון",2022-07-16,4.16465571799249,1,7,153134,"HaDarom",c(34.5519771, 31.6308144)
7100,2022,1,"אזור תעשייה הדרומי אשקלון","אזורתעשייההדרומיאשקלון",2022-06-18,4.16465571799249,1,6,153134,"HaDarom",c(34.5519771, 31.6308144)
7100,2022,1,"אזור תעשייה הדרומי אשקלון","אזורתעשייההדרומיאשקלון",2022-08-07,4.16465571799249,1,8,153134,"HaDarom",c(34.5519771, 31.6308144)
7100,2023,1,"אזור תעשייה הדרומי אשקלון","אזורתעשייההדרומיאשקלון",2023-02-23,4.16465571799249,1,2,NA,"HaDarom",c(34.5519771, 31.6308144)
7100,2023,1,"אזור תעשייה הדרומי אשקלון","אזורתעשייההדרומיאשקלון",2023-10-17,4.16465571799249,1,10,NA,"HaDarom",c(34.5519771, 31.6308144)
7100,2023,1,"אזור תעשייה הדרומי אשקלון","אזורתעשייההדרומיאשקלון",2023-05-11,4.16465571799249,1,5,NA,"HaDarom",c(34.5519771, 31.6308144)
7100,2023,1,"אזור תעשייה הדרומי אשקלון","אזורתעשייההדרומיאשקלון",2023-12-02,4.16465571799249,1,12,NA,"HaDarom",c(34.5519771, 31.6308144)
7100,2023,1,"אזור תעשייה הדרומי אשקלון","אזורתעשייההדרומיאשקלון",2023-11-17,4.16465571799249,1,11,NA,"HaDarom",c(34.5519771, 31.6308144)
7100,2023,1,"אזור תעשייה הדרומי אשקלון","אזורתעשייההדרומיאשקלון",2023-01-26,4.16465571799249,1,1,NA,"HaDarom",c(34.5519771, 31.6308144)
7100,2023,1,"אזור תעשייה הדרומי אשקלון","אזורתעשייההדרומיאשקלון",2023-04-07,4.16465571799249,1,4,NA,"HaDarom",c(34.5519771, 31.6308144)
7200,2014,1,"נס ציונה","נסציונה",2014-08-19,42.8249682746875,1,8,45790,"HaMerkaz",c(34.789831, 31.9206812)
7200,2014,1,"נס ציונה","נסציונה",2014-07-30,42.8249682746875,1,7,45790,"HaMerkaz",c(34.789831, 31.9206812)
7200,2016,1,"נס ציונה","נסציונה",2016-09-20,42.8249682746875,1,9,48140,"HaMerkaz",c(34.789831, 31.9206812)
7200,2017,1,"נס ציונה","נסציונה",2017-08-08,42.8249682746875,1,8,49108,"HaMerkaz",c(34.789831, 31.9206812)
7200,2021,1,"נס ציונה","נסציונה",2021-05-13,42.8249682746875,1,5,50456,"HaMerkaz",c(34.789831, 31.9206812)
7200,2022,1,"נס ציונה","נסציונה",2022-08-07,42.8249682746875,1,8,50340,"HaMerkaz",c(34.789831, 31.9206812)
7200,2023,1,"נס ציונה","נסציונה",2023-10-07,42.8249682746875,1,10,NA,"HaMerkaz",c(34.789831, 31.9206812)
7200,2023,1,"נס ציונה","נסציונה",2023-11-04,42.8249682746875,1,11,NA,"HaMerkaz",c(34.789831, 31.9206812)
7200,2023,1,"נס ציונה","נסציונה",2023-12-02,42.8249682746875,1,12,NA,"HaMerkaz",c(34.789831, 31.9206812)
7300,2015,1,"נצרת","נצרת",2015-03-11,140.985844038797,1,3,75740,"HaZafon",c(35.2898175, 32.714179)
7300,2016,1,"נצרת","נצרת",2016-09-20,140.985844038797,1,9,75950,"HaZafon",c(35.2898175, 32.714179)
7300,2023,1,"נצרת","נצרת",2023-12-02,140.985844038797,1,12,NA,"HaZafon",c(35.2898175, 32.714179)
7400,2016,1,"נתניה","נתניה",2016-09-20,79.9777971008529,1,9,210900,"HaMerkaz",c(34.860388, 32.3047284)
7400,2017,1,"נתניה","נתניה",2017-02-07,79.9777971008529,1,2,214103,"HaMerkaz",c(34.860388, 32.3047284)
7400,2021,1,"נתניה - מזרח","נתניהמזרח",2021-05-11,79.9777971008529,1,5,224065,"HaMerkaz",c(34.860388, 32.3047284)
7400,2021,1,"נתניה - מערב","נתניהמערב",2021-11-03,79.9777971008529,1,11,224065,"HaMerkaz",c(34.860388, 32.3047284)
7500,2016,1,"סח'נין","סחנין",2016-09-20,158.777947388,1,9,29860,"HaZafon",c(35.3092804, 32.8593239)
7500,2016,1,"סח'נין","סחנין",2016-05-31,158.777947388,1,5,29860,"HaZafon",c(35.3092804, 32.8593239)
7500,2018,1,"סח'נין","סחנין",2018-06-19,158.777947388,1,6,31056,"HaZafon",c(35.3092804, 32.8593239)
7500,2019,1,"סח'נין","סחנין",2019-05-20,158.777947388,1,5,31702,"HaZafon",c(35.3092804, 32.8593239)
7600,2014,1,"עכו","עכו",2014-08-23,153.54144696967,1,8,47460,"HaZafon",c(35.0880969, 32.916975)
7600,2016,1,"אזור תעשייה נעמן","אזורתעשייהנעמן",2016-09-20,153.54144696967,1,9,47830,"HaZafon",c(35.091562, 32.893398)
7600,2016,1,"עכו","עכו",2016-05-31,153.54144696967,1,5,47830,"HaZafon",c(35.0880969, 32.916975)
7600,2018,1,"עכו","עכו",2018-06-19,153.54144696967,1,6,48928,"HaZafon",c(35.0880969, 32.916975)
7600,2018,1,"עכו","עכו",2018-02-10,153.54144696967,1,2,48928,"HaZafon",c(35.0880969, 32.916975)
7600,2018,1,"אזור תעשייה נעמן","אזורתעשייהנעמן",2018-09-05,153.54144696967,1,9,48928,"HaZafon",c(35.091562, 32.893398)
7600,2019,1,"עכו","עכו",2019-05-20,153.54144696967,1,5,49381,"HaZafon",c(35.0880969, 32.916975)
7600,2021,1,"אזור תעשייה שער נעמן","אזורתעשייהשערנעמן",2021-05-19,153.54144696967,1,5,49616,"HaZafon",c(35.091562, 32.893398)
7600,2021,1,"עכו","עכו",2021-11-03,153.54144696967,1,11,49616,"HaZafon",c(35.0880969, 32.916975)
7600,2023,1,"אזור תעשייה שער נעמן","אזורתעשייהשערנעמן",2023-11-06,153.54144696967,1,11,NA,"HaZafon",c(35.091562, 32.893398)
7600,2023,1,"עכו","עכו",2023-12-12,153.54144696967,1,12,NA,"HaZafon",c(35.0880969, 32.916975)
7800,2016,1,"פרדס חנה כרכור","פרדסחנהכרכור",2016-06-22,104.293299708855,1,6,39560,"Haifa",c(34.9782499, 32.47489)
7800,2016,1,"פרדס חנה כרכור","פרדסחנהכרכור",2016-09-20,104.293299708855,1,9,39560,"Haifa",c(34.9782499, 32.47489)
7800,2019,1,"כרכור","כרכור",2019-07-31,104.293299708855,1,7,43011,"Haifa",c(34.9782499, 32.47489)
7900,2014,1,"פתח תקווה","פתחתקווה",2014-07-29,62.8713454802319,1,7,225310,"HaMerkaz",c(34.8871855, 32.09079)
7900,2014,1,"פתח תקווה","פתחתקווה",2014-08-03,62.8713454802319,1,8,225310,"HaMerkaz",c(34.8871855, 32.09079)
7900,2015,1,"פתח תקווה","פתחתקווה",2015-03-23,62.8713454802319,1,3,231050,"HaMerkaz",c(34.8871855, 32.09079)
7900,2016,1,"פתח תקווה","פתחתקווה",2016-09-20,62.8713454802319,1,9,236170,"HaMerkaz",c(34.8871855, 32.09079)
7900,2018,1,"פתח תקווה","פתחתקווה",2018-12-26,62.8713454802319,1,12,244275,"HaMerkaz",c(34.8871855, 32.09079)
7900,2019,1,"פתח תקווה","פתחתקווה",2019-03-14,62.8713454802319,1,3,247955,"HaMerkaz",c(34.8871855, 32.09079)
7900,2021,1,"פתח תקווה","פתחתקווה",2021-05-16,62.8713454802319,1,5,252270,"HaMerkaz",c(34.8871855, 32.09079)
7900,2023,1,"פתח תקווה","פתחתקווה",2023-12-04,62.8713454802319,1,12,NA,"HaMerkaz",c(34.8871855, 32.09079)
7900,2023,1,"פתח תקווה","פתחתקווה",2023-10-18,62.8713454802319,1,10,NA,"HaMerkaz",c(34.8871855, 32.09079)
7900,2023,1,"פתח תקווה","פתחתקווה",2023-11-07,62.8713454802319,1,11,NA,"HaMerkaz",c(34.8871855, 32.09079)
8000,2016,1,"צפת","צפת",2016-09-20,174.954964128773,1,9,33610,"HaZafon",c(35.496487, 32.958094)
8000,2017,1,"צפת","צפת",2017-07-18,174.954964128773,1,7,35275,"HaZafon",c(35.496487, 32.958094)
8000,2018,1,"צפת","צפת",2018-07-23,174.954964128773,1,7,35717,"HaZafon",c(35.496487, 32.958094)
8000,2019,1,"צפת","צפת",2019-05-20,174.954964128773,1,5,36094,"HaZafon",c(35.496487, 32.958094)
8000,2023,1,"צפת","צפת",2023-10-13,174.954964128773,1,10,NA,"HaZafon",c(35.496487, 32.958094)
8000,2023,1,"צפת","צפת",2023-11-13,174.954964128773,1,11,NA,"HaZafon",c(35.496487, 32.958094)
8200,2016,1,"קרית מוצקין","קריתמוצקין",2016-09-20,146.9204643044,1,9,40780,"Haifa",c(35.0819335, 32.8417945)
8200,2018,1,"קרית מוצקין","קריתמוצקין",2018-09-05,146.9204643044,1,9,42015,"Haifa",c(35.0819335, 32.8417945)
8200,2021,1,"קריית מוצקין","קרייתמוצקין",2021-05-19,146.9204643044,1,5,46564,"Haifa",c(35.0819335, 32.8417945)
8300,2014,1,"ראשון לציון","ראשוןלציון",2014-07-29,44.679397489528,1,7,240610,"HaMerkaz",c(34.7783868, 31.975126)
8300,2014,1,"ראשון לציון","ראשוןלציון",2014-08-03,44.679397489528,1,8,240610,"HaMerkaz",c(34.7783868, 31.975126)
8300,2016,1,"ראשון לציון","ראשוןלציון",2016-09-20,44.679397489528,1,9,247310,"HaMerkaz",c(34.7783868, 31.975126)
8300,2017,1,"ראשון לציון","ראשוןלציון",2017-08-08,44.679397489528,1,8,249859,"HaMerkaz",c(34.7783868, 31.975126)
8300,2019,1,"ראשון לציון - מזרח","ראשוןלציוןמזרח",2019-11-12,44.679397489528,1,11,254385,"HaMerkaz",c(34.7783868, 31.975126)
8300,2021,1,"ראשון לציון - מזרח","ראשוןלציוןמזרח",2021-05-12,44.679397489528,1,5,257129,"HaMerkaz",c(34.7783868, 31.975126)
8300,2021,1,"ראשון לציון - מזרח","ראשוןלציוןמזרח",2021-11-03,44.679397489528,1,11,257129,"HaMerkaz",c(34.7783868, 31.975126)
8300,2022,1,"ראשון לציון - מזרח","ראשוןלציוןמזרח",2022-08-06,44.679397489528,1,8,260451,"HaMerkaz",c(34.7783868, 31.975126)
8300,2023,1,"ראשון לציון - מזרח","ראשוןלציוןמזרח",2023-10-15,44.679397489528,1,10,NA,"HaMerkaz",c(34.7783868, 31.975126)
8300,2023,1,"ראשון לציון - מזרח","ראשוןלציוןמזרח",2023-05-10,44.679397489528,1,5,NA,"HaMerkaz",c(34.7783868, 31.975126)
8300,2023,1,"ראשון לציון - מזרח","ראשוןלציוןמזרח",2023-11-07,44.679397489528,1,11,NA,"HaMerkaz",c(34.7783868, 31.975126)
8300,2023,1,"ראשון לציון - מזרח","ראשוןלציוןמזרח",2023-12-02,44.679397489528,1,12,NA,"HaMerkaz",c(34.7783868, 31.975126)
8400,2014,1,"אבו שח'ידם","אבושחידם",2014-08-21,41.5661313415874,1,8,128850,"HaMerkaz",c(34.8144167, 31.8942517)
8400,2014,1,"רחובות","רחובות",2014-07-29,41.5661313415874,1,7,128850,"HaMerkaz",c(34.806349, 31.893397)
8400,2016,1,"אבו שח'ידם","אבושחידם",2016-09-20,41.5661313415874,1,9,135760,"HaMerkaz",c(34.8144167, 31.8942517)
8400,2017,1,"רחובות","רחובות",2017-08-08,41.5661313415874,1,8,138380,"HaMerkaz",c(34.806349, 31.893397)
8400,2018,1,"אבו שח'ידם","אבושחידם",2018-10-16,41.5661313415874,1,10,141579,"HaMerkaz",c(34.8144167, 31.8942517)
8400,2019,1,"רחובות","רחובות",2019-11-13,41.5661313415874,1,11,143905,"HaMerkaz",c(34.806349, 31.893397)
8400,2019,1,"רחובות","רחובות",2019-05-05,41.5661313415874,1,5,143905,"HaMerkaz",c(34.806349, 31.893397)
8400,2021,1,"רחובות","רחובות",2021-05-11,41.5661313415874,1,5,147878,"HaMerkaz",c(34.806349, 31.893397)
8400,2023,1,"רחובות","רחובות",2023-10-24,41.5661313415874,1,10,NA,"HaMerkaz",c(34.806349, 31.893397)
8400,2023,1,"רחובות","רחובות",2023-12-01,41.5661313415874,1,12,NA,"HaMerkaz",c(34.806349, 31.893397)
8400,2023,1,"רחובות","רחובות",2023-11-05,41.5661313415874,1,11,NA,"HaMerkaz",c(34.806349, 31.893397)
8400,2023,1,"רחובות","רחובות",2023-05-11,41.5661313415874,1,5,NA,"HaMerkaz",c(34.806349, 31.893397)
8500,2014,1,"רמלה","רמלה",2014-08-05,48.6961259883145,1,8,72300,"HaMerkaz",c(34.8687075, 31.925878)
8500,2014,1,"רמלה","רמלה",2014-07-29,48.6961259883145,1,7,72300,"HaMerkaz",c(34.8687075, 31.925878)
8500,2016,1,"רמלה","רמלה",2016-09-20,48.6961259883145,1,9,75010,"HaMerkaz",c(34.8687075, 31.925878)
8500,2017,1,"רמלה","רמלה",2017-08-08,48.6961259883145,1,8,75668,"HaMerkaz",c(34.8687075, 31.925878)
8500,2021,1,"אזור תעשייה נשר - רמלה","אזורתעשייהנשררמלה",2021-05-12,48.6961259883145,1,5,77797,"HaMerkaz",c(34.8964425, 31.9164883)
8500,2022,1,"רמלה","רמלה",2022-08-07,48.6961259883145,1,8,79134,"HaMerkaz",c(34.8687075, 31.925878)
8500,2023,1,"אזור תעשייה נשר - רמלה","אזורתעשייהנשררמלה",2023-10-26,48.6961259883145,1,10,NA,"HaMerkaz",c(34.8964425, 31.9164883)
8500,2023,1,"אזור תעשייה נשר - רמלה","אזורתעשייהנשררמלה",2023-11-20,48.6961259883145,1,11,NA,"HaMerkaz",c(34.8964425, 31.9164883)
8500,2023,1,"אזור תעשייה נשר - רמלה","אזורתעשייהנשררמלה",2023-12-02,48.6961259883145,1,12,NA,"HaMerkaz",c(34.8964425, 31.9164883)
8500,2023,1,"רמלה","רמלה",2023-05-11,48.6961259883145,1,5,NA,"HaMerkaz",c(34.8687075, 31.925878)
8600,2014,1,"כפר אז""ר","כפראזר",2014-08-23,58.3532904505035,1,8,150890,"Tel Aviv",c(34.8423226, 32.0577652)
8600,2014,1,"בית צבי","ביתצבי",2014-07-28,58.3532904505035,1,7,150890,"Tel Aviv",c(34.8217109, 32.0784145)
8600,2016,1,"בית צבי","ביתצבי",2016-09-20,58.3532904505035,1,9,153680,"Tel Aviv",c(34.8217109, 32.0784145)
8600,2016,1,"בית צבי","ביתצבי",2016-06-22,58.3532904505035,1,6,153680,"Tel Aviv",c(34.8217109, 32.0784145)
8600,2018,1,"כפר אז""ר","כפראזר",2018-12-26,58.3532904505035,1,12,159156,"Tel Aviv",c(34.8423226, 32.0577652)
8600,2019,1,"בית צבי","ביתצבי",2019-07-31,58.3532904505035,1,7,163479,"Tel Aviv",c(34.8217109, 32.0784145)
8600,2019,1,"רמת גן","רמתגן",2019-03-14,58.3532904505035,1,3,163479,"Tel Aviv",c(34.8263035, 32.0717999)
8600,2021,1,"רמת גן - מערב","רמתגןמערב",2021-11-03,58.3532904505035,1,11,169707,"Tel Aviv",c(34.8263035, 32.0717999)
8600,2021,1,"רמת גן - מזרח","רמתגןמזרח",2021-05-12,58.3532904505035,1,5,169707,"Tel Aviv",c(34.8263035, 32.0717999)
8600,2023,1,"רמת גן - מזרח","רמתגןמזרח",2023-11-20,58.3532904505035,1,11,NA,"Tel Aviv",c(34.8263035, 32.0717999)
8600,2023,1,"רמת גן - מזרח","רמתגןמזרח",2023-12-02,58.3532904505035,1,12,NA,"Tel Aviv",c(34.8263035, 32.0717999)
8600,2023,1,"רמת גן - מזרח","רמתגןמזרח",2023-05-10,58.3532904505035,1,5,NA,"Tel Aviv",c(34.8263035, 32.0717999)
8600,2023,1,"רמת גן - מזרח","רמתגןמזרח",2023-10-14,58.3532904505035,1,10,NA,"Tel Aviv",c(34.8263035, 32.0717999)
8700,2014,1,"רעננה","רעננה",2014-08-02,72.720992797561,1,8,70190,"HaMerkaz",c(34.8633049, 32.1896376)
8700,2016,1,"רעננה","רעננה",2016-12-20,72.720992797561,1,12,71690,"HaMerkaz",c(34.8633049, 32.1896376)
8700,2016,1,"רעננה","רעננה",2016-09-20,72.720992797561,1,9,71690,"HaMerkaz",c(34.8633049, 32.1896376)
8700,2018,1,"רעננה","רעננה",2018-12-26,72.720992797561,1,12,73998,"HaMerkaz",c(34.8633049, 32.1896376)
8700,2021,1,"רעננה","רעננה",2021-05-11,72.720992797561,1,5,78562,"HaMerkaz",c(34.8633049, 32.1896376)
8700,2023,1,"רעננה","רעננה",2023-10-29,72.720992797561,1,10,NA,"HaMerkaz",c(34.8633049, 32.1896376)
8700,2023,1,"רעננה","רעננה",2023-11-20,72.720992797561,1,11,NA,"HaMerkaz",c(34.8633049, 32.1896376)
8800,2016,1,"ערב אל סגיראת","ערבאלסגיראת",2016-05-31,146.160044755888,1,5,40530,"HaZafon",c(35.188569, 32.8004155)
8800,2016,1,"ערב אל סגיראת","ערבאלסגיראת",2016-09-20,146.160044755888,1,9,40530,"HaZafon",c(35.188569, 32.8004155)
8800,2018,1,"ערב אל סגיראת","ערבאלסגיראת",2018-06-19,146.160044755888,1,6,41559,"HaZafon",c(35.188569, 32.8004155)
8800,2019,1,"ערב אל סגיראת","ערבאלסגיראת",2019-05-20,146.160044755888,1,5,42137,"HaZafon",c(35.188569, 32.8004155)
8800,2021,1,"שפרעם","שפרעם",2021-11-03,146.160044755888,1,11,43023,"HaZafon",c(35.1786884, 32.8012879)
8800,2021,1,"שפרעם","שפרעם",2021-05-19,146.160044755888,1,5,43023,"HaZafon",c(35.1786884, 32.8012879)
8800,2023,1,"שפרעם","שפרעם",2023-10-13,146.160044755888,1,10,NA,"HaZafon",c(35.1786884, 32.8012879)
8900,2016,1,"טמרה","טמרה",2016-05-31,151.392216300193,1,5,32810,"HaZafon",c(35.177221, 32.8502865)
8900,2016,1,"טמרה","טמרה",2016-09-20,151.392216300193,1,9,32810,"HaZafon",c(35.177221, 32.8502865)
8900,2018,1,"טמרה","טמרה",2018-06-19,151.392216300193,1,6,33851,"HaZafon",c(35.177221, 32.8502865)
8900,2019,1,"טמרה","טמרה",2019-05-20,151.392216300193,1,5,34392,"HaZafon",c(35.177221, 32.8502865)
9000,2014,1,"באר שבע","בארשבע",2014-08-21,29.6543322575727,1,8,201080,"HaDarom",c(34.790887, 31.2614413)
9000,2014,1,"באר שבע","בארשבע",2014-07-27,29.6543322575727,1,7,201080,"HaDarom",c(34.790887, 31.2614413)
9000,2016,1,"אבו עבדון","אבועבדון",2016-09-20,29.6543322575727,1,9,205800,"HaDarom",c(34.841655, 31.3013965)
9000,2017,1,"רמות","רמות",2017-11-22,29.6543322575727,1,11,207549,"HaDarom",c(34.81132, 31.2733476)
9000,2017,1,"רמות","רמות",2017-06-12,29.6543322575727,1,6,207549,"HaDarom",c(34.81132, 31.2733476)
9000,2017,1,"אבו עבדון","אבועבדון",2017-03-21,29.6543322575727,1,3,207549,"HaDarom",c(34.841655, 31.3013965)
9000,2018,1,"רמות","רמות",2018-02-10,29.6543322575727,1,2,209000,"HaDarom",c(34.81132, 31.2733476)
9000,2018,1,"אבו עבדון","אבועבדון",2018-10-17,29.6543322575727,1,10,209000,"HaDarom",c(34.841655, 31.3013965)
9000,2018,1,"רמות","רמות",2018-07-23,29.6543322575727,1,7,209000,"HaDarom",c(34.81132, 31.2733476)
9000,2018,1,"אבו עבדון","אבועבדון",2018-11-12,29.6543322575727,1,11,209000,"HaDarom",c(34.841655, 31.3013965)
9000,2018,1,"אבו עבדון","אבועבדון",2018-08-09,29.6543322575727,1,8,209000,"HaDarom",c(34.841655, 31.3013965)
9000,2019,1,"אבו עבדון","אבועבדון",2019-05-04,29.6543322575727,1,5,209685,"HaDarom",c(34.841655, 31.3013965)
9000,2019,1,"באר שבע - דרום","בארשבעדרום",2019-11-16,29.6543322575727,1,11,209685,"HaDarom",c(34.790887, 31.2614413)
9000,2021,1,"אלקנה","אלקנה",2021-05-16,29.6543322575727,1,5,211252,"HaDarom",c(34.7884828, 31.2085214)
9000,2022,1,"באר שבע - דרום","בארשבעדרום",2022-08-07,29.6543322575727,1,8,214164,"HaDarom",c(34.790887, 31.2614413)
9000,2023,1,"באר שבע - דרום","בארשבעדרום",2023-11-05,29.6543322575727,1,11,NA,"HaDarom",c(34.790887, 31.2614413)
9000,2023,1,"באר שבע - מערב","בארשבעמערב",2023-05-10,29.6543322575727,1,5,NA,"HaDarom",c(34.790887, 31.2614413)
9000,2023,1,"אל פורעה","אלפורעה",2023-12-04,29.6543322575727,1,12,NA,"HaDarom",c(34.7884828, 31.2085214)
9000,2023,1,"אלקנה","אלקנה",2023-10-24,29.6543322575727,1,10,NA,"HaDarom",c(34.7884828, 31.2085214)
9200,2015,1,"בית שאן","ביתשאן",2015-03-11,136.187607652576,1,3,17340,"HaZafon",c(35.5021999, 32.501214)
9200,2016,1,"בית שאן","ביתשאן",2016-09-20,136.187607652576,1,9,17590,"HaZafon",c(35.5021999, 32.501214)
9200,2018,1,"בית שאן","ביתשאן",2018-02-10,136.187607652576,1,2,18225,"HaZafon",c(35.5021999, 32.501214)
9300,2014,1,"זכרון יעקב","זכרוןיעקב",2014-07-28,112.475813815929,1,7,22040,"Haifa",c(34.9653615, 32.5652884)
9300,2019,1,"זכרון יעקב","זכרוןיעקב",2019-07-31,112.475813815929,1,7,23205,"Haifa",c(34.9653615, 32.5652884)
9400,2014,1,"יהוד מונוסון","יהודמונוסון",2014-07-29,59.5549498940224,1,7,28480,"HaMerkaz",c(34.887581, 32.0309669)
9400,2014,1,"יהוד מונוסון","יהודמונוסון",2014-08-20,59.5549498940224,1,8,28480,"HaMerkaz",c(34.887581, 32.0309669)
9400,2016,1,"יהוד מונוסון","יהודמונוסון",2016-09-20,59.5549498940224,1,9,29310,"HaMerkaz",c(34.887581, 32.0309669)
9400,2018,1,"יהוד מונוסון","יהודמונוסון",2018-12-26,59.5549498940224,1,12,29928,"HaMerkaz",c(34.887581, 32.0309669)
9400,2021,1,"יהוד-מונוסון","יהודמונוסון",2021-05-15,59.5549498940224,1,5,30619,"HaMerkaz",c(34.887581, 32.0309669)
9400,2023,1,"יהוד-מונוסון","יהודמונוסון",2023-10-24,59.5549498940224,1,10,NA,"HaMerkaz",c(34.887581, 32.0309669)
9400,2023,1,"יהוד-מונוסון","יהודמונוסון",2023-11-05,59.5549498940224,1,11,NA,"HaMerkaz",c(34.887581, 32.0309669)
9400,2023,1,"יהוד-מונוסון","יהודמונוסון",2023-12-04,59.5549498940224,1,12,NA,"HaMerkaz",c(34.887581, 32.0309669)
9500,2016,1,"קרית ביאליק","קריתביאליק",2016-09-20,145.608395247995,1,9,39280,"Haifa",c(35.0939164, 32.8426381)
9500,2018,1,"קרית ביאליק","קריתביאליק",2018-09-05,145.608395247995,1,9,39926,"Haifa",c(35.0939164, 32.8426381)
9500,2021,1,"קריית ביאליק","קרייתביאליק",2021-11-03,145.608395247995,1,11,43268,"Haifa",c(35.0939164, 32.8426381)
9500,2021,1,"קריית ביאליק","קרייתביאליק",2021-05-19,145.608395247995,1,5,43268,"Haifa",c(35.0939164, 32.8426381)
9500,2023,1,"קריית ביאליק","קרייתביאליק",2023-11-12,145.608395247995,1,11,NA,"Haifa",c(35.0939164, 32.8426381)
9600,2016,1,"קרית ים","קריתים",2016-09-20,147.627648916075,1,9,39400,"Haifa",c(35.0728375, 32.8482189)
9600,2018,1,"קרית ים","קריתים",2018-09-05,147.627648916075,1,9,39906,"Haifa",c(35.0728375, 32.8482189)
9600,2021,1,"קריית ים","קרייתים",2021-11-03,147.627648916075,1,11,39440,"Haifa",c(35.0728375, 32.8482189)
9600,2021,1,"קריית ים","קרייתים",2021-05-19,147.627648916075,1,5,39440,"Haifa",c(35.0728375, 32.8482189)
9600,2023,1,"קריית ים","קרייתים",2023-11-06,147.627648916075,1,11,NA,"Haifa",c(35.0728375, 32.8482189)
9700,2014,1,"הוד השרון","הודהשרון",2014-08-02,68.246830993195,1,8,54140,"HaMerkaz",c(34.891546, 32.14595)
9700,2016,1,"הוד השרון","הודהשרון",2016-09-20,68.246830993195,1,9,58900,"HaMerkaz",c(34.891546, 32.14595)
9700,2016,1,"הוד השרון","הודהשרון",2016-12-20,68.246830993195,1,12,58900,"HaMerkaz",c(34.891546, 32.14595)
9700,2018,1,"הוד השרון","הודהשרון",2018-12-26,68.246830993195,1,12,62321,"HaMerkaz",c(34.891546, 32.14595)
9700,2021,1,"הוד השרון","הודהשרון",2021-05-13,68.246830993195,1,5,65362,"HaMerkaz",c(34.891546, 32.14595)
9700,2023,1,"הוד השרון","הודהשרון",2023-10-07,68.246830993195,1,10,NA,"HaMerkaz",c(34.891546, 32.14595)
9700,2023,1,"הוד השרון","הודהשרון",2023-11-05,68.246830993195,1,11,NA,"HaMerkaz",c(34.891546, 32.14595)
9800,2014,1,"בנימינה גבעת עדה","בנימינהגבעתעדה",2014-07-28,108.621301000603,1,7,14520,"Haifa",c(34.9722554, 32.525651)
9800,2014,1,"אילנות","אילנות",2014-08-02,108.621301000603,1,8,14520,"Haifa",c(35.018304, 32.5183275)
9800,2016,1,"אילנות","אילנות",2016-09-20,108.621301000603,1,9,15240,"Haifa",c(35.018304, 32.5183275)
9800,2016,1,"בנימינה גבעת עדה","בנימינהגבעתעדה",2016-06-22,108.621301000603,1,6,15240,"Haifa",c(34.9722554, 32.525651)
9800,2017,1,"אילנות","אילנות",2017-02-07,108.621301000603,1,2,15634,"Haifa",c(35.018304, 32.5183275)
9800,2019,1,"אילנות","אילנות",2019-03-25,108.621301000603,1,3,15846,"Haifa",c(35.018304, 32.5183275)
9800,2019,1,"בנימינה","בנימינה",2019-07-31,108.621301000603,1,7,15846,"Haifa",c(34.9456158, 32.5199498)
10001,2014,1,"מנרה","מנרה",2014-08-25,170.837105620279,1,8,0,"HaZafon",c(35.5462575, 33.1973405)
10001,2014,1,"מנרה","מנרה",2014-09-11,170.837105620279,1,9,0,"HaZafon",c(35.5462575, 33.1973405)
10001,2015,1,"קדרים","קדרים",2015-03-11,170.837105620279,1,3,0,"HaZafon",c(35.4735214, 32.8965689)
10001,2016,1,"כרי דשא","כרידשא",2016-09-20,170.837105620279,1,9,0,"HaZafon",c(35.5516035, 32.9267229)
10001,2016,1,"מנרה","מנרה",2016-12-06,170.837105620279,1,12,0,"HaZafon",c(35.5462575, 33.1973405)
10001,2017,1,"כרי דשא","כרידשא",2017-07-18,170.837105620279,1,7,NA,"HaZafon",c(35.5516035, 32.9267229)
10001,2018,1,"כרי דשא","כרידשא",2018-02-10,170.837105620279,1,2,NA,"HaZafon",c(35.5516035, 32.9267229)
10001,2019,1,"כרי דשא","כרידשא",2019-05-20,170.837105620279,1,5,NA,"HaZafon",c(35.5516035, 32.9267229)
10001,2022,1,"מנחת מחניים","מנחתמחניים",2022-02-18,170.837105620279,1,2,NA,"HaZafon",c(35.5730341, 32.9769392)
10001,2023,1,"מנרה","מנרה",2023-11-20,170.837105620279,1,11,NA,"HaZafon",c(35.5462575, 33.1973405)
10001,2023,1,"מנחת מחניים","מנחתמחניים",2023-10-29,170.837105620279,1,10,NA,"HaZafon",c(35.5730341, 32.9769392)
10001,2023,1,"מנרה","מנרה",2023-12-16,170.837105620279,1,12,NA,"HaZafon",c(35.5462575, 33.1973405)
10002,2016,1,"ביריה","ביריה",2016-09-20,165.361657057312,1,9,0,"HaZafon",c(35.500437, 32.9792159)
10002,2017,1,"ביריה","ביריה",2017-07-18,165.361657057312,1,7,NA,"HaZafon",c(35.500437, 32.9792159)
10002,2018,1,"ביריה","ביריה",2018-07-23,165.361657057312,1,7,NA,"HaZafon",c(35.500437, 32.9792159)
10002,2018,1,"חמדת ימים","חמדתימים",2018-02-10,165.361657057312,1,2,NA,"HaZafon",c(35.424585, 32.9486985)
10002,2019,1,"ביריה","ביריה",2019-05-20,165.361657057312,1,5,NA,"HaZafon",c(35.500437, 32.9792159)
10002,2020,1,"בית ספר שדה מירון","ביתספרשדהמירון",2020-08-07,165.361657057312,1,8,NA,"HaZafon",c(35.3922459, 33.0114872)
10002,2022,1,"אזור תעשייה חצור הגלילית","אזורתעשייהחצורהגלילית",2022-02-18,165.361657057312,1,2,NA,"HaZafon",c(35.4422707, 33.0438942)
10002,2023,1,"אזור תעשייה חצור הגלילית","אזורתעשייהחצורהגלילית",2023-11-19,165.361657057312,1,11,NA,"HaZafon",c(35.4422707, 33.0438942)
10002,2023,1,"אזור תעשייה חצור הגלילית","אזורתעשייהחצורהגלילית",2023-10-29,165.361657057312,1,10,NA,"HaZafon",c(35.4422707, 33.0438942)
10003,2015,1,"כפר נהר הירדן","כפרנהרהירדן",2015-03-11,147.51388898787,1,3,0,"HaZafon",c(35.435627, 32.768294)
10003,2016,1,"כפר נהר הירדן","כפרנהרהירדן",2016-09-20,147.51388898787,1,9,0,"HaZafon",c(35.435627, 32.768294)
10003,2017,1,"כפר נהר הירדן","כפרנהרהירדן",2017-07-18,147.51388898787,1,7,NA,"HaZafon",c(35.435627, 32.768294)
10004,2015,1,"נהריה","נהריה",2015-12-20,148.671149861046,1,12,0,"HaZafon",c(35.1367736, 33.0154355)
10004,2016,1,"יבור","יבור",2016-09-20,148.671149861046,1,9,0,"HaZafon",c(35.175737, 32.8973165)
10004,2016,1,"יבור","יבור",2016-05-31,148.671149861046,1,5,0,"HaZafon",c(35.175737, 32.8973165)
10004,2016,1,"נהריה","נהריה",2016-12-06,148.671149861046,1,12,0,"HaZafon",c(35.1367736, 33.0154355)
10004,2018,1,"יבור","יבור",2018-06-19,148.671149861046,1,6,NA,"HaZafon",c(35.175737, 32.8973165)
10004,2019,1,"יבור","יבור",2019-05-20,148.671149861046,1,5,NA,"HaZafon",c(35.175737, 32.8973165)
10004,2023,1,"אזור תעשייה אכזיב מילואות","אזורתעשייהאכזיבמילואות",2023-10-15,148.671149861046,1,10,NA,"HaZafon",c(35.110211, 33.068374)
10004,2023,1,"אזור תעשייה אכזיב מילואות","אזורתעשייהאכזיבמילואות",2023-12-10,148.671149861046,1,12,NA,"HaZafon",c(35.110211, 33.068374)
10004,2023,1,"אזור תעשייה אכזיב מילואות","אזורתעשייהאכזיבמילואות",2023-11-12,148.671149861046,1,11,NA,"HaZafon",c(35.110211, 33.068374)
10006,2015,1,"אוהלו","אוהלו",2015-03-11,147.201878604302,1,3,0,"HaZafon",c(35.5488012, 32.7137548)
10006,2016,1,"אוהלו","אוהלו",2016-09-20,147.201878604302,1,9,0,"HaZafon",c(35.5488012, 32.7137548)
10006,2017,1,"אוהלו","אוהלו",2017-07-18,147.201878604302,1,7,NA,"HaZafon",c(35.5488012, 32.7137548)
10006,2019,1,"כפר נחום","כפרנחום",2019-05-20,147.201878604302,1,5,NA,"HaZafon",c(35.573307, 32.8803295)
10006,2021,1,"אזור תעשייה צמח","אזורתעשייהצמח",2021-11-03,147.201878604302,1,11,NA,"HaZafon",c(35.5727785, 32.7144324)
10007,2015,1,"אזור תעשיות צבאים","אזורתעשיותצבאים",2015-03-11,126.006991785716,1,3,0,"HaZafon",c(35.4856465, 32.542374)
10007,2016,1,"אזור תעשיות צבאים","אזורתעשיותצבאים",2016-09-20,126.006991785716,1,9,0,"HaZafon",c(35.4856465, 32.542374)
10007,2018,1,"אזור תעשיות צבאים","אזורתעשיותצבאים",2018-02-10,126.006991785716,1,2,NA,"HaZafon",c(35.4856465, 32.542374)
10008,2015,1,"גדעונה","גדעונה",2015-03-11,125.419493505449,1,3,0,"HaZafon",c(35.359388, 32.5482805)
10008,2023,1,"גדעונה","גדעונה",2023-12-02,125.419493505449,1,12,NA,"HaZafon",c(35.359388, 32.5482805)
10009,2015,1,"גבעת אלה","גבעתאלה",2015-03-11,128.072043684676,1,3,0,"HaZafon",c(35.241828, 32.721788)
10009,2016,1,"אבו דיאב","אבודיאב",2016-09-20,128.072043684676,1,9,0,"HaZafon",c(35.179544, 32.7692435)
10009,2016,1,"אבו דיאב","אבודיאב",2016-05-31,128.072043684676,1,5,0,"HaZafon",c(35.179544, 32.7692435)
10009,2018,1,"אבו דיאב","אבודיאב",2018-06-19,128.072043684676,1,6,NA,"HaZafon",c(35.179544, 32.7692435)
10009,2019,1,"אבו דיאב","אבודיאב",2019-05-20,128.072043684676,1,5,NA,"HaZafon",c(35.179544, 32.7692435)
10009,2023,1,"ח'וואלד","חוואלד",2023-10-13,128.072043684676,1,10,NA,"HaZafon",c(35.15831, 32.758826)
10012,2016,1,"כפר ביאליק","כפרביאליק",2016-09-20,136.504727227545,1,9,0,"Haifa",c(35.1007885, 32.821499)
10012,2016,1,"נופית","נופית",2016-05-31,136.504727227545,1,5,0,"Haifa",c(35.144937, 32.759421)
10012,2018,1,"נופית","נופית",2018-06-19,136.504727227545,1,6,NA,"Haifa",c(35.144937, 32.759421)
10012,2018,1,"כפר ביאליק","כפרביאליק",2018-09-05,136.504727227545,1,9,NA,"Haifa",c(35.1007885, 32.821499)
10012,2019,1,"נופית","נופית",2019-05-20,136.504727227545,1,5,NA,"Haifa",c(35.144937, 32.759421)
10012,2023,1,"בית עלמין תל רגב","ביתעלמיןתלרגב",2023-10-13,136.504727227545,1,10,NA,"Haifa",c(35.1243861, 32.7672379)
10013,2015,1,"ג'ועארה","גועארה",2015-03-11,117.902877802016,1,3,0,"HaZafon",c(35.10861, 32.5990645)
10013,2016,1,"ג'ועארה","גועארה",2016-06-22,117.902877802016,1,6,0,"HaZafon",c(35.10861, 32.5990645)
10013,2016,1,"ג'ועארה","גועארה",2016-09-20,117.902877802016,1,9,0,"HaZafon",c(35.10861, 32.5990645)
10013,2018,1,"זובובא","זובובא",2018-10-16,117.902877802016,1,10,NA,"HaZafon",c(35.223939, 32.5436445)
10013,2019,1,"בית סוהר מגידו","ביתסוהרמגידו",2019-07-31,117.902877802016,1,7,NA,"HaZafon",c(35.1898259, 32.5708622)
10014,2014,1,"אלוני יצחק","אלונייצחק",2014-07-28,99.6940958224408,1,7,0,"Haifa",c(35.0052, 32.5099965)
10014,2016,1,"אלוני יצחק","אלונייצחק",2016-06-22,99.6940958224408,1,6,0,"Haifa",c(35.0052, 32.5099965)
10014,2019,1,"אלוני יצחק","אלונייצחק",2019-07-31,99.6940958224408,1,7,NA,"Haifa",c(35.0052, 32.5099965)
10014,2023,1,"גבעת חביבה","גבעתחביבה",2023-10-07,99.6940958224408,1,10,NA,"Haifa",c(35.0178723, 32.457665)
10015,2014,1,"כרם מהר""ל","כרםמהרל",2014-07-28,105.315705073883,1,7,0,"Haifa",c(34.991709, 32.6461645)
10015,2019,1,"יערות הכרמל","יערותהכרמל",2019-07-31,105.315705073883,1,7,NA,"Haifa",c(34.9965169, 32.7161091)
10015,2023,1,"כרם מהר''ל","כרםמהרל",2023-10-11,105.315705073883,1,10,NA,"Haifa",c(34.991709, 32.6461645)
10016,2016,1,"חיבת ציון","חיבתציון",2016-09-20,88.6117930306392,1,9,0,"HaMerkaz",c(34.9137071, 32.397264)
10016,2017,1,"חיבת ציון","חיבתציון",2017-02-07,88.6117930306392,1,2,NA,"HaMerkaz",c(34.9137071, 32.397264)
10018,2014,1,"גאולים","גאולים",2014-08-02,79.4782220098591,1,8,0,"HaMerkaz",c(34.946065, 32.298462)
10018,2016,1,"גאולים","גאולים",2016-09-20,79.4782220098591,1,9,0,"HaMerkaz",c(34.946065, 32.298462)
10018,2017,1,"גאולים","גאולים",2017-02-07,79.4782220098591,1,2,NA,"HaMerkaz",c(34.946065, 32.298462)
10018,2019,1,"גאולים","גאולים",2019-03-25,79.4782220098591,1,3,NA,"HaMerkaz",c(34.946065, 32.298462)
10018,2021,1,"גאולים","גאולים",2021-05-13,79.4782220098591,1,5,NA,"HaMerkaz",c(34.946065, 32.298462)
10018,2023,1,"גאולים","גאולים",2023-10-12,79.4782220098591,1,10,NA,"HaMerkaz",c(34.946065, 32.298462)
10019,2014,1,"אודים","אודים",2014-08-02,67.9398031721032,1,8,0,"HaMerkaz",c(34.8497486, 32.2648495)
10019,2016,1,"אודים","אודים",2016-09-20,67.9398031721032,1,9,0,"HaMerkaz",c(34.8497486, 32.2648495)
10019,2016,1,"גליל ים","גלילים",2016-12-20,67.9398031721032,1,12,0,"Tel Aviv",c(34.825816, 32.1556151)
10019,2017,1,"אודים","אודים",2017-02-07,67.9398031721032,1,2,NA,"HaMerkaz",c(34.8497486, 32.2648495)
10019,2018,1,"גליל ים","גלילים",2018-12-26,67.9398031721032,1,12,NA,"Tel Aviv",c(34.825816, 32.1556151)
10019,2021,1,"אודים","אודים",2021-05-11,67.9398031721032,1,5,NA,"HaMerkaz",c(34.8497486, 32.2648495)
10019,2023,1,"ארסוף","ארסוף",2023-10-24,67.9398031721032,1,10,NA,"HaMerkaz",c(34.8165455, 32.2093745)
10019,2023,1,"ארסוף","ארסוף",2023-11-20,67.9398031721032,1,11,NA,"HaMerkaz",c(34.8165455, 32.2093745)
10020,2014,1,"נחשונים","נחשונים",2014-07-29,60.0748116404366,1,7,0,"HaMerkaz",c(34.9552517, 32.0656344)
10020,2014,1,"גבעת ח""ן","גבעתחן",2014-08-02,60.0748116404366,1,8,0,"HaMerkaz",c(34.8724804, 32.1681835)
10020,2015,1,"נחשונים","נחשונים",2015-03-23,60.0748116404366,1,3,0,"HaMerkaz",c(34.9552517, 32.0656344)
10020,2016,1,"גבעת ח""ן","גבעתחן",2016-12-20,60.0748116404366,1,12,0,"HaMerkaz",c(34.8724804, 32.1681835)
10020,2016,1,"גבעת ח""ן","גבעתחן",2016-09-20,60.0748116404366,1,9,0,"HaMerkaz",c(34.8724804, 32.1681835)
10020,2018,1,"גבעת ח""ן","גבעתחן",2018-12-26,60.0748116404366,1,12,NA,"HaMerkaz",c(34.8724804, 32.1681835)
10020,2021,1,"גבעת חן","גבעתחן",2021-05-12,60.0748116404366,1,5,NA,"HaMerkaz",c(34.8724804, 32.1681835)
10020,2023,1,"גבעת חן","גבעתחן",2023-10-31,60.0748116404366,1,10,NA,"HaMerkaz",c(34.8724804, 32.1681835)
10020,2023,1,"גבעת חן","גבעתחן",2023-11-20,60.0748116404366,1,11,NA,"HaMerkaz",c(34.8724804, 32.1681835)
10025,2014,1,"מרכז שוהם","מרכזשוהם",2014-07-29,52.1645680474849,1,7,0,"HaMerkaz",c(34.941483, 31.9908536)
10025,2021,1,"מבוא מודיעים","מבואמודיעים",2021-05-13,52.1645680474849,1,5,NA,"HaMerkaz",c(34.9862876, 31.9350715)
10025,2023,1,"אזור תעשייה חבל מודיעין","אזורתעשייהחבלמודיעין",2023-10-26,52.1645680474849,1,10,NA,"HaMerkaz",c(34.960668, 32.0082401)
10025,2023,1,"אזור תעשייה חבל מודיעין","אזורתעשייהחבלמודיעין",2023-12-02,52.1645680474849,1,12,NA,"HaMerkaz",c(34.960668, 32.0082401)
10025,2023,1,"אזור תעשייה חבל מודיעין","אזורתעשייהחבלמודיעין",2023-11-17,52.1645680474849,1,11,NA,"HaMerkaz",c(34.960668, 32.0082401)
10026,2017,1,"דרום השפלה 187","דרוםהשפלה",2017-08-08,31.3590206683719,1,8,NA,"Jerusalem",c(34.936689, 31.7278699)
10026,2021,1,"גבעת יערים","גבעתיערים",2021-05-10,31.3590206683719,1,5,NA,"Jerusalem",c(35.094063, 31.7873764)
10026,2022,1,"נווה אילן","נווהאילן",2022-08-07,31.3590206683719,1,8,NA,"Jerusalem",c(35.080866, 31.808367)
10026,2023,1,"אזור תעשייה הר טוב - צרעה","אזורתעשייההרטובצרעה",2023-12-15,31.3590206683719,1,12,NA,"Jerusalem",c(34.9938233, 31.769382)
10026,2023,1,"אזור תעשייה הר טוב - צרעה","אזורתעשייההרטובצרעה",2023-10-30,31.3590206683719,1,10,NA,"Jerusalem",c(34.9938233, 31.769382)
10026,2023,1,"מטע","מטע",2023-05-12,31.3590206683719,1,5,NA,"Jerusalem",c(35.0632326, 31.7177145)
10027,2014,1,"אירוס","אירוס",2014-08-05,38.2185554216887,1,8,0,"HaMerkaz",c(34.7766539, 31.9285741)
10027,2014,1,"אירוס","אירוס",2014-07-29,38.2185554216887,1,7,0,"HaMerkaz",c(34.7766539, 31.9285741)
10027,2016,1,"אירוס","אירוס",2016-09-20,38.2185554216887,1,9,0,"HaMerkaz",c(34.7766539, 31.9285741)
10027,2017,1,"אירוס","אירוס",2017-08-08,38.2185554216887,1,8,NA,"HaMerkaz",c(34.7766539, 31.9285741)
10027,2019,1,"אירוס","אירוס",2019-05-05,38.2185554216887,1,5,NA,"HaMerkaz",c(34.7766539, 31.9285741)
10027,2019,1,"פארק תעשיות פלמחים","פארקתעשיותפלמחים",2019-11-12,38.2185554216887,1,11,NA,"HaMerkaz",c(34.718443, 31.934509)
10027,2021,1,"אירוס","אירוס",2021-05-12,38.2185554216887,1,5,NA,"HaMerkaz",c(34.7766539, 31.9285741)
10027,2021,1,"פארק תעשיות פלמחים","פארקתעשיותפלמחים",2021-11-03,38.2185554216887,1,11,NA,"HaMerkaz",c(34.718443, 31.934509)
10027,2022,1,"אירוס","אירוס",2022-08-07,38.2185554216887,1,8,NA,"HaMerkaz",c(34.7766539, 31.9285741)
10027,2023,1,"בית חנן","ביתחנן",2023-05-10,38.2185554216887,1,5,NA,"HaMerkaz",c(34.7699585, 31.933911)
10027,2023,1,"אירוס","אירוס",2023-11-21,38.2185554216887,1,11,NA,"HaMerkaz",c(34.7766539, 31.9285741)
10027,2023,1,"אירוס","אירוס",2023-10-07,38.2185554216887,1,10,NA,"HaMerkaz",c(34.7766539, 31.9285741)
10027,2023,1,"אירוס","אירוס",2023-12-08,38.2185554216887,1,12,NA,"HaMerkaz",c(34.7766539, 31.9285741)
10030,2014,1,"גזר","גזר",2014-08-21,41.0311228705784,1,8,0,"HaMerkaz",c(34.9248192, 31.87049)
10030,2016,1,"גזר","גזר",2016-09-20,41.0311228705784,1,9,0,"HaMerkaz",c(34.9248192, 31.87049)
10030,2017,1,"גזר","גזר",2017-08-08,41.0311228705784,1,8,NA,"HaMerkaz",c(34.9248192, 31.87049)
10030,2019,1,"גזר","גזר",2019-05-04,41.0311228705784,1,5,NA,"HaMerkaz",c(34.9248192, 31.87049)
10030,2019,1,"גזר","גזר",2019-11-12,41.0311228705784,1,11,NA,"HaMerkaz",c(34.9248192, 31.87049)
10030,2021,1,"גזר","גזר",2021-05-13,41.0311228705784,1,5,NA,"HaMerkaz",c(34.9248192, 31.87049)
10030,2022,1,"גזר","גזר",2022-08-06,41.0311228705784,1,8,NA,"HaMerkaz",c(34.9248192, 31.87049)
10030,2023,1,"גזר","גזר",2023-12-02,41.0311228705784,1,12,NA,"HaMerkaz",c(34.9248192, 31.87049)
10030,2023,1,"גזר","גזר",2023-10-07,41.0311228705784,1,10,NA,"HaMerkaz",c(34.9248192, 31.87049)
10033,2019,1,"כפר הרי''ף וצומת ראם","כפרהריףוצומתראם",2019-11-12,17.8911104674055,1,11,NA,"HaDarom",c(34.7340673, 31.7695387)
10033,2021,1,"כפר הרי''ף וצומת ראם","כפרהריףוצומתראם",2021-05-11,17.8911104674055,1,5,NA,"HaDarom",c(34.7340673, 31.7695387)
10033,2023,1,"אזור תעשייה באר טוביה","אזורתעשייהבארטוביה",2023-10-07,17.8911104674055,1,10,NA,"HaDarom",c(34.7513313, 31.7234649)
10033,2023,1,"כפר הרי''ף וצומת ראם","כפרהריףוצומתראם",2023-05-13,17.8911104674055,1,5,NA,"HaDarom",c(34.7340673, 31.7695387)
10034,2014,1,"אבן שמואל","אבןשמואל",2014-07-31,14.8976769988654,1,7,0,"HaDarom",c(34.765164, 31.575215)
10034,2014,1,"אבן שמואל","אבןשמואל",2014-08-05,14.8976769988654,1,8,0,"HaDarom",c(34.765164, 31.575215)
10034,2016,1,"אבן שמואל","אבןשמואל",2016-09-20,14.8976769988654,1,9,0,"HaDarom",c(34.765164, 31.575215)
10034,2019,1,"אבן שמואל","אבןשמואל",2019-05-05,14.8976769988654,1,5,NA,"HaDarom",c(34.765164, 31.575215)
10034,2021,1,"אבן שמואל","אבןשמואל",2021-05-14,14.8976769988654,1,5,NA,"HaDarom",c(34.765164, 31.575215)
10034,2023,1,"אבן שמואל","אבןשמואל",2023-10-07,14.8976769988654,1,10,NA,"HaDarom",c(34.765164, 31.575215)
10035,2014,1,"אל עזי","אלעזי",2014-07-31,13.9883992525015,1,7,0,"HaDarom",c(34.8069045, 31.7198395)
10035,2014,1,"אל עזי","אלעזי",2014-08-20,13.9883992525015,1,8,0,"HaDarom",c(34.8069045, 31.7198395)
10035,2016,1,"כפר זוהרים","כפרזוהרים",2016-07-06,13.9883992525015,1,7,0,"HaDarom",c(34.925669, 31.6226305)
10035,2016,1,"אל עזי","אלעזי",2016-09-20,13.9883992525015,1,9,0,"HaDarom",c(34.8069045, 31.7198395)
10035,2017,1,"כפר זוהרים","כפרזוהרים",2017-12-05,13.9883992525015,1,12,NA,"HaDarom",c(34.925669, 31.6226305)
10035,2019,1,"אל עזי","אלעזי",2019-05-05,13.9883992525015,1,5,NA,"HaDarom",c(34.8069045, 31.7198395)
10035,2023,1,"אל עזי","אלעזי",2023-10-09,13.9883992525015,1,10,NA,"HaDarom",c(34.8069045, 31.7198395)
10036,2014,1,"באר גנים","בארגנים",2014-07-30,0,1,7,0,"HaDarom",c(34.6114878, 31.7008221)
10036,2014,1,"באר גנים","בארגנים",2014-08-19,0,1,8,0,"HaDarom",c(34.6114878, 31.7008221)
10036,2015,1,"באר גנים","בארגנים",2015-09-18,0,1,9,0,"HaDarom",c(34.6114878, 31.7008221)
10036,2015,1,"באר גנים","בארגנים",2015-06-06,0,1,6,0,"HaDarom",c(34.6114878, 31.7008221)
10036,2015,1,"עד הלום","עדהלום",2015-05-26,0,1,5,0,"HaDarom",c(34.5995159, 31.7508697)
10036,2017,1,"באר גנים","בארגנים",2017-12-11,0,1,12,NA,"HaDarom",c(34.6114878, 31.7008221)
10036,2018,1,"באר גנים","בארגנים",2018-02-18,0,1,2,NA,"HaDarom",c(34.6114878, 31.7008221)
10036,2018,1,"באר גנים","בארגנים",2018-08-09,0,1,8,NA,"HaDarom",c(34.6114878, 31.7008221)
10036,2018,1,"באר גנים","בארגנים",2018-05-30,0,1,5,NA,"HaDarom",c(34.6114878, 31.7008221)
10036,2018,1,"באר גנים","בארגנים",2018-11-12,0,1,11,NA,"HaDarom",c(34.6114878, 31.7008221)
10036,2018,1,"באר גנים","בארגנים",2018-07-14,0,1,7,NA,"HaDarom",c(34.6114878, 31.7008221)
10036,2019,1,"באר גנים","בארגנים",2019-12-25,0,1,12,NA,"HaDarom",c(34.6114878, 31.7008221)
10036,2019,1,"באר גנים","בארגנים",2019-05-05,0,1,5,NA,"HaDarom",c(34.6114878, 31.7008221)
10036,2019,1,"באר גנים","בארגנים",2019-11-12,0,1,11,NA,"HaDarom",c(34.6114878, 31.7008221)
10036,2019,1,"באר גנים","בארגנים",2019-01-07,0,1,1,NA,"HaDarom",c(34.6114878, 31.7008221)
10036,2020,1,"באר גנים","בארגנים",2020-10-22,0,1,10,NA,"HaDarom",c(34.6114878, 31.7008221)
10036,2021,1,"באר גנים","בארגנים",2021-05-17,0,1,5,NA,"HaDarom",c(34.6114878, 31.7008221)
10036,2022,1,"באר גנים","בארגנים",2022-08-06,0,1,8,NA,"HaDarom",c(34.6114878, 31.7008221)
10036,2023,1,"באר גנים","בארגנים",2023-11-13,0,1,11,NA,"HaDarom",c(34.6114878, 31.7008221)
10036,2023,1,"באר גנים","בארגנים",2023-12-05,0,1,12,NA,"HaDarom",c(34.6114878, 31.7008221)
10036,2023,1,"באר גנים","בארגנים",2023-05-10,0,1,5,NA,"HaDarom",c(34.6114878, 31.7008221)
10037,2015,1,"חוות שיקמים","חוותשיקמים",2015-04-23,0,1,4,0,"HaDarom",c(34.633864, 31.5112745)
10037,2016,1,"חוות שיקמים","חוותשיקמים",2016-03-11,0,1,3,0,"HaDarom",c(34.633864, 31.5112745)
10037,2016,1,"חוות שיקמים","חוותשיקמים",2016-09-20,0,1,9,0,"HaDarom",c(34.633864, 31.5112745)
10037,2017,1,"חוות שיקמים","חוותשיקמים",2017-12-08,0,1,12,NA,"HaDarom",c(34.633864, 31.5112745)
10037,2018,1,"חוות שיקמים","חוותשיקמים",2018-08-08,0,1,8,NA,"HaDarom",c(34.633864, 31.5112745)
10037,2018,1,"חוות שיקמים","חוותשיקמים",2018-11-12,0,1,11,NA,"HaDarom",c(34.633864, 31.5112745)
10037,2018,1,"חוות שיקמים","חוותשיקמים",2018-07-14,0,1,7,NA,"HaDarom",c(34.633864, 31.5112745)
10037,2018,1,"חוות שיקמים","חוותשיקמים",2018-05-30,0,1,5,NA,"HaDarom",c(34.633864, 31.5112745)
10037,2019,1,"חוות שיקמים","חוותשיקמים",2019-11-12,0,1,11,NA,"HaDarom",c(34.633864, 31.5112745)
10037,2019,1,"חוות שיקמים","חוותשיקמים",2019-08-17,0,1,8,NA,"HaDarom",c(34.633864, 31.5112745)
10037,2019,1,"מטווח ניר עם","מטווחנירעם",2019-12-07,0,1,12,NA,"HaDarom",c(34.5545017, 31.5123126)
10037,2019,1,"מטווח ניר עם","מטווחנירעם",2019-09-19,0,1,9,NA,"HaDarom",c(34.5545017, 31.5123126)
10037,2019,1,"חוות שיקמים","חוותשיקמים",2019-05-04,0,1,5,NA,"HaDarom",c(34.633864, 31.5112745)
10037,2020,1,"מטווח ניר עם","מטווחנירעם",2020-01-23,0,1,1,NA,"HaDarom",c(34.5545017, 31.5123126)
10037,2020,1,"מטווח ניר עם","מטווחנירעם",2020-06-26,0,1,6,NA,"HaDarom",c(34.5545017, 31.5123126)
10037,2020,1,"מטווח ניר עם","מטווחנירעם",2020-09-16,0,1,9,NA,"HaDarom",c(34.5545017, 31.5123126)
10037,2020,1,"מטווח ניר עם","מטווחנירעם",2020-07-05,0,1,7,NA,"HaDarom",c(34.5545017, 31.5123126)
10037,2020,1,"מטווח ניר עם","מטווחנירעם",2020-02-23,0,1,2,NA,"HaDarom",c(34.5545017, 31.5123126)
10037,2020,1,"מטווח ניר עם","מטווחנירעם",2020-08-21,0,1,8,NA,"HaDarom",c(34.5545017, 31.5123126)
10037,2021,1,"חוות שיקמים","חוותשיקמים",2021-05-11,0,1,5,NA,"HaDarom",c(34.633864, 31.5112745)
10037,2021,1,"מטווח ניר עם","מטווחנירעם",2021-04-24,0,1,4,NA,"HaDarom",c(34.5545017, 31.5123126)
10037,2021,1,"מטווח ניר עם","מטווחנירעם",2021-09-12,0,1,9,NA,"HaDarom",c(34.5545017, 31.5123126)
10037,2021,1,"מטווח ניר עם","מטווחנירעם",2021-08-16,0,1,8,NA,"HaDarom",c(34.5545017, 31.5123126)
10037,2022,1,"חוות שיקמים","חוותשיקמים",2022-08-07,0,1,8,NA,"HaDarom",c(34.633864, 31.5112745)
10037,2022,1,"מטווח ניר עם","מטווחנירעם",2022-04-21,0,1,4,NA,"HaDarom",c(34.5545017, 31.5123126)
10037,2023,1,"מטווח ניר עם","מטווחנירעם",2023-03-08,0,1,3,NA,"HaDarom",c(34.5545017, 31.5123126)
10037,2023,1,"מטווח ניר עם","מטווחנירעם",2023-01-27,0,1,1,NA,"HaDarom",c(34.5545017, 31.5123126)
10037,2023,1,"חוות שיקמים","חוותשיקמים",2023-11-04,0,1,11,NA,"HaDarom",c(34.633864, 31.5112745)
10037,2023,1,"חוות שיקמים","חוותשיקמים",2023-05-11,0,1,5,NA,"HaDarom",c(34.633864, 31.5112745)
10037,2023,1,"חוות שיקמים","חוותשיקמים",2023-10-09,0,1,10,NA,"HaDarom",c(34.633864, 31.5112745)
10037,2023,1,"מטווח ניר עם","מטווחנירעם",2023-12-08,0,1,12,NA,"HaDarom",c(34.5545017, 31.5123126)
10037,2023,1,"חוות שיקמים","חוותשיקמים",2023-04-06,0,1,4,NA,"HaDarom",c(34.633864, 31.5112745)
10038,2014,1,"כנות","כנות",2014-07-29,0,1,7,0,"HaDarom",c(34.4427413, 31.4322689)
10038,2014,1,"כנות","כנות",2014-08-05,0,1,8,0,"HaDarom",c(34.4427413, 31.4322689)
10038,2015,1,"שלומית","שלומית",2015-10-10,0,1,10,0,"HaDarom",c(34.3051442, 31.1688778)
10038,2016,1,"כנות","כנות",2016-09-20,0,1,9,0,"HaDarom",c(34.4427413, 31.4322689)
10038,2017,1,"מועצה אזורית אשכול","מועצהאזוריתאשכול",2017-03-19,0,1,3,NA,"HaDarom",c(34.4471161, 31.2528662)
10038,2017,1,"מועצה אזורית אשכול","מועצהאזוריתאשכול",2017-10-15,0,1,10,NA,"HaDarom",c(34.4471161, 31.2528662)
10038,2017,1,"שלומית","שלומית",2017-04-10,0,1,4,NA,"HaDarom",c(34.3051442, 31.1688778)
10038,2018,1,"מועצה אזורית אשכול","מועצהאזוריתאשכול",2018-07-14,0,1,7,NA,"HaDarom",c(34.4471161, 31.2528662)
10038,2018,1,"מועצה אזורית אשכול","מועצהאזוריתאשכול",2018-11-12,0,1,11,NA,"HaDarom",c(34.4471161, 31.2528662)
10038,2018,1,"מועצה אזורית אשכול","מועצהאזוריתאשכול",2018-08-08,0,1,8,NA,"HaDarom",c(34.4471161, 31.2528662)
10038,2018,1,"מועצה אזורית אשכול","מועצהאזוריתאשכול",2018-05-30,0,1,5,NA,"HaDarom",c(34.4471161, 31.2528662)
10038,2018,1,"שלומית","שלומית",2018-02-03,0,1,2,NA,"HaDarom",c(34.3051442, 31.1688778)
10038,2018,1,"מועצה אזורית אשכול","מועצהאזוריתאשכול",2018-10-27,0,1,10,NA,"HaDarom",c(34.4471161, 31.2528662)
10038,2018,1,"שדה ניצן","שדהניצן",2018-06-20,0,1,6,NA,"HaDarom",c(34.416935, 31.224673)
10038,2019,1,"כנות","כנות",2019-05-05,0,1,5,NA,"HaDarom",c(34.4427413, 31.4322689)
10038,2019,1,"כנות","כנות",2019-11-12,0,1,11,NA,"HaDarom",c(34.4427413, 31.4322689)
10038,2019,1,"מועצה אזורית אשכול","מועצהאזוריתאשכול",2019-03-26,0,1,3,NA,"HaDarom",c(34.4471161, 31.2528662)
10038,2019,1,"שלומית","שלומית",2019-02-06,0,1,2,NA,"HaDarom",c(34.3051442, 31.1688778)
10038,2021,1,"כנות","כנות",2021-05-14,0,1,5,NA,"HaDarom",c(34.4427413, 31.4322689)
10038,2021,1,"שלומית","שלומית",2021-09-10,0,1,9,NA,"HaDarom",c(34.3051442, 31.1688778)
10038,2022,1,"שדה ניצן","שדהניצן",2022-08-07,0,1,8,NA,"HaDarom",c(34.416935, 31.224673)
10038,2023,1,"שדה ניצן","שדהניצן",2023-11-07,0,1,11,NA,"HaDarom",c(34.416935, 31.224673)
10038,2023,1,"שדה ניצן","שדהניצן",2023-12-02,0,1,12,NA,"HaDarom",c(34.416935, 31.224673)
10038,2023,1,"שדה ניצן","שדהניצן",2023-05-11,0,1,5,NA,"HaDarom",c(34.416935, 31.224673)
10039,2014,1,"חוות יזרעם","חוותיזרעם",2014-08-23,0.00260473726705035,1,8,0,"HaDarom",c(34.571844, 31.4429626)
10039,2014,1,"חוות יזרעם","חוותיזרעם",2014-07-30,0.00260473726705035,1,7,0,"HaDarom",c(34.571844, 31.4429626)
10039,2015,1,"חוות יזרעם","חוותיזרעם",2015-06-03,0.00260473726705035,1,6,0,"HaDarom",c(34.571844, 31.4429626)
10039,2016,1,"חוות יזרעם","חוותיזרעם",2016-09-20,0.00260473726705035,1,9,0,"HaDarom",c(34.571844, 31.4429626)
10039,2017,1,"חוות יזרעם","חוותיזרעם",2017-12-13,0.00260473726705035,1,12,NA,"HaDarom",c(34.571844, 31.4429626)
10039,2017,1,"קרית חינוך שדות נגב","קריתחינוךשדותנגב",2017-03-21,0.00260473726705035,1,3,NA,"HaDarom",c(34.5906993, 31.4310279)
10039,2018,1,"חוות יזרעם","חוותיזרעם",2018-06-27,0.00260473726705035,1,6,NA,"HaDarom",c(34.571844, 31.4429626)
10039,2018,1,"חוות יזרעם","חוותיזרעם",2018-05-30,0.00260473726705035,1,5,NA,"HaDarom",c(34.571844, 31.4429626)
10039,2018,1,"חוות יזרעם","חוותיזרעם",2018-11-12,0.00260473726705035,1,11,NA,"HaDarom",c(34.571844, 31.4429626)
10039,2018,1,"חוות יזרעם","חוותיזרעם",2018-10-11,0.00260473726705035,1,10,NA,"HaDarom",c(34.571844, 31.4429626)
10039,2018,1,"חוות יזרעם","חוותיזרעם",2018-07-14,0.00260473726705035,1,7,NA,"HaDarom",c(34.571844, 31.4429626)
10039,2018,1,"חוות יזרעם","חוותיזרעם",2018-08-09,0.00260473726705035,1,8,NA,"HaDarom",c(34.571844, 31.4429626)
10039,2019,1,"חוות יזרעם","חוותיזרעם",2019-01-12,0.00260473726705035,1,1,NA,"HaDarom",c(34.571844, 31.4429626)
10039,2019,1,"חוות יזרעם","חוותיזרעם",2019-03-25,0.00260473726705035,1,3,NA,"HaDarom",c(34.571844, 31.4429626)
10039,2019,1,"חוות יזרעם","חוותיזרעם",2019-05-04,0.00260473726705035,1,5,NA,"HaDarom",c(34.571844, 31.4429626)
10039,2019,1,"תקומה וחוות יזרעם","תקומהוחוותיזרעם",2019-11-12,0.00260473726705035,1,11,NA,"HaDarom",c(34.571844, 31.4429626)
10039,2021,1,"תקומה וחוות יזרעם","תקומהוחוותיזרעם",2021-05-16,0.00260473726705035,1,5,NA,"HaDarom",c(34.571844, 31.4429626)
10039,2022,1,"תקומה וחוות יזרעם","תקומהוחוותיזרעם",2022-08-07,0.00260473726705035,1,8,NA,"HaDarom",c(34.571844, 31.4429626)
10039,2023,1,"תקומה וחוות יזרעם","תקומהוחוותיזרעם",2023-10-07,0.00260473726705035,1,10,NA,"HaDarom",c(34.571844, 31.4429626)
10039,2023,1,"תקומה וחוות יזרעם","תקומהוחוותיזרעם",2023-05-13,0.00260473726705035,1,5,NA,"HaDarom",c(34.571844, 31.4429626)
10039,2023,1,"תקומה וחוות יזרעם","תקומהוחוותיזרעם",2023-12-01,0.00260473726705035,1,12,NA,"HaDarom",c(34.571844, 31.4429626)
10039,2023,1,"תקומה וחוות יזרעם","תקומהוחוותיזרעם",2023-11-03,0.00260473726705035,1,11,NA,"HaDarom",c(34.571844, 31.4429626)
10040,2014,1,"בית דגן","ביתדגן",2014-08-25,51.9875750900574,1,8,0,"HaMerkaz",c(34.8297666, 31.9983614)
10040,2014,1,"בית דגן","ביתדגן",2014-07-29,51.9875750900574,1,7,0,"HaMerkaz",c(34.8297666, 31.9983614)
10040,2015,1,"בית דגן","ביתדגן",2015-03-23,51.9875750900574,1,3,0,"HaMerkaz",c(34.8297666, 31.9983614)
10040,2016,1,"בית דגן","ביתדגן",2016-09-20,51.9875750900574,1,9,0,"HaMerkaz",c(34.8297666, 31.9983614)
10040,2018,1,"בית דג'ן","ביתדגן",2018-10-16,51.9875750900574,1,10,NA,"HaMerkaz",c(34.8297666, 31.9983614)
10040,2021,1,"בית דגן","ביתדגן",2021-05-15,51.9875750900574,1,5,NA,"HaMerkaz",c(34.8297666, 31.9983614)
10040,2023,1,"בית דגן","ביתדגן",2023-12-02,51.9875750900574,1,12,NA,"HaMerkaz",c(34.8297666, 31.9983614)
10040,2023,1,"בית דגן","ביתדגן",2023-11-01,51.9875750900574,1,11,NA,"HaMerkaz",c(34.8297666, 31.9983614)
10040,2023,1,"בית דגן","ביתדגן",2023-10-27,51.9875750900574,1,10,NA,"HaMerkaz",c(34.8297666, 31.9983614)
10040,2023,1,"בית דגן","ביתדגן",2023-05-10,51.9875750900574,1,5,NA,"HaMerkaz",c(34.8297666, 31.9983614)
10041,2014,1,"אבו קוידר אל עפאוי דרומית לנבטים","אבוקוידראלעפאוידרומיתלנבטים",2014-08-08,15.8305515276229,1,8,0,"HaDarom",c(34.873003, 31.2139785)
10041,2014,1,"אבו קוידר אל עפאוי דרומית לנבטים","אבוקוידראלעפאוידרומיתלנבטים",2014-07-29,15.8305515276229,1,7,0,"HaDarom",c(34.873003, 31.2139785)
10041,2016,1,"אבו קוידר אל עפאוי דרומית לנבטים","אבוקוידראלעפאוידרומיתלנבטים",2016-09-20,15.8305515276229,1,9,0,"HaDarom",c(34.873003, 31.2139785)
10041,2017,1,"אבו קוידר אל עפאוי דרומית לנבטים","אבוקוידראלעפאוידרומיתלנבטים",2017-03-21,15.8305515276229,1,3,NA,"HaDarom",c(34.873003, 31.2139785)
10041,2018,1,"אבו קוידר אל עפאוי דרומית לנבטים","אבוקוידראלעפאוידרומיתלנבטים",2018-10-17,15.8305515276229,1,10,NA,"HaDarom",c(34.873003, 31.2139785)
10041,2018,1,"א זיאדנה צפונית לרהט","אזיאדנהצפוניתלרהט",2018-11-12,15.8305515276229,1,11,NA,"HaDarom",c(34.77579, 31.4144345)
10041,2018,1,"אל אסד","אלאסד",2018-08-09,15.8305515276229,1,8,NA,"HaDarom",c(34.85234, 31.3152795)
10041,2019,1,"אבו קוידר אל עפאוי דרומית לנבטים","אבוקוידראלעפאוידרומיתלנבטים",2019-05-04,15.8305515276229,1,5,NA,"HaDarom",c(34.873003, 31.2139785)
10041,2021,1,"אזור תעשייה עידן הנגב","אזורתעשייהעידןהנגב",2021-05-16,15.8305515276229,1,5,NA,"HaDarom",c(34.785969, 31.380758)
10041,2022,1,"אתר דודאים","אתרדודאים",2022-08-07,15.8305515276229,1,8,NA,"HaDarom",c(34.7286289, 31.3195802)
10041,2023,1,"אזור תעשייה עידן הנגב","אזורתעשייהעידןהנגב",2023-10-07,15.8305515276229,1,10,NA,"HaDarom",c(34.785969, 31.380758)
10041,2023,1,"אתר דודאים","אתרדודאים",2023-12-06,15.8305515276229,1,12,NA,"HaDarom",c(34.7286289, 31.3195802)
10041,2023,1,"ואדי אל נעם דרום","ואדיאלנעםדרום",2023-11-11,15.8305515276229,1,11,NA,"HaDarom",c(34.7574287, 31.4073442)
10042,2014,1,"שבי דרום","שבידרום",2014-08-26,6.54954149766792,1,8,0,"HaDarom",c(34.638576, 31.4663765)
10042,2015,1,"שבי דרום","שבידרום",2015-04-23,6.54954149766792,1,4,0,"HaDarom",c(34.638576, 31.4663765)
10042,2016,1,"שבי דרום","שבידרום",2016-09-20,6.54954149766792,1,9,0,"HaDarom",c(34.638576, 31.4663765)
10042,2017,1,"שבי דרום","שבידרום",2017-03-21,6.54954149766792,1,3,NA,"HaDarom",c(34.638576, 31.4663765)
10042,2018,1,"שבי דרום","שבידרום",2018-07-14,6.54954149766792,1,7,NA,"HaDarom",c(34.638576, 31.4663765)
10042,2018,1,"שבי דרום","שבידרום",2018-11-12,6.54954149766792,1,11,NA,"HaDarom",c(34.638576, 31.4663765)
10042,2018,1,"שבי דרום","שבידרום",2018-05-30,6.54954149766792,1,5,NA,"HaDarom",c(34.638576, 31.4663765)
10042,2018,1,"שבי דרום","שבידרום",2018-08-09,6.54954149766792,1,8,NA,"HaDarom",c(34.638576, 31.4663765)
10042,2019,1,"שבי דרום","שבידרום",2019-05-04,6.54954149766792,1,5,NA,"HaDarom",c(34.638576, 31.4663765)
10042,2021,1,"שבי דרום","שבידרום",2021-05-13,6.54954149766792,1,5,NA,"HaDarom",c(34.638576, 31.4663765)
10048,2014,1,"טללים","טללים",2014-07-29,19.1589771507533,1,7,0,"HaDarom",c(34.7709055, 30.9929)
10048,2014,1,"טללים","טללים",2014-08-24,19.1589771507533,1,8,0,"HaDarom",c(34.7709055, 30.9929)
10048,2014,1,"טללים","טללים",2014-10-19,19.1589771507533,1,10,0,"HaDarom",c(34.7709055, 30.9929)
10048,2016,1,"טללים","טללים",2016-09-20,19.1589771507533,1,9,0,"HaDarom",c(34.7709055, 30.9929)
10048,2016,1,"טללים","טללים",2016-12-13,19.1589771507533,1,12,0,"HaDarom",c(34.7709055, 30.9929)
10048,2017,1,"טללים","טללים",2017-11-26,19.1589771507533,1,11,NA,"HaDarom",c(34.7709055, 30.9929)
10050,2023,1,"אליאב","אליאב",2023-12-01,8.04821742377144,1,12,NA,"HaDarom",c(34.930978, 31.52982)
10051,2017,1,"קבועה","קבועה",2017-03-21,54.1164900493907,1,3,NA,"HaDarom",c(35.214754, 31.2250865)
10051,2019,1,"קבועה","קבועה",2019-05-05,54.1164900493907,1,5,NA,"HaDarom",c(35.214754, 31.2250865)
10053,2016,1,"נאות סמדר","נאותסמדר",2016-09-20,98.4225330477872,1,9,0,"HaDarom",c(35.0337285, 30.0503765)
10053,2019,1,"נאות סמדר","נאותסמדר",2019-01-02,98.4225330477872,1,1,NA,"HaDarom",c(35.0337285, 30.0503765)
10053,2023,1,"חי-בר יטבתה","חיבריטבתה",2023-11-04,98.4225330477872,1,11,NA,"HaDarom",c(35.0294647, 29.8461746)
10055,2016,1,"מרכז כ""ח","מרכזכח",2016-12-06,171.854034592893,1,12,0,"HaZafon",c(35.5698626, 33.1211775)
10055,2016,1,"מרכז כ""ח","מרכזכח",2016-09-20,171.854034592893,1,9,0,"HaZafon",c(35.5698626, 33.1211775)
10055,2018,1,"מרכז כ""ח","מרכזכח",2018-02-10,171.854034592893,1,2,NA,"HaZafon",c(35.5698626, 33.1211775)
10055,2019,1,"מרכז כ""ח","מרכזכח",2019-05-20,171.854034592893,1,5,NA,"HaZafon",c(35.5698626, 33.1211775)
10055,2022,1,"כורזים ורד הגליל","כורזיםורדהגליל",2022-02-18,171.854034592893,1,2,NA,"HaZafon",c(35.5470553, 32.9053416)
10055,2023,1,"מרכז אזורי מבואות חרמון","מרכזאזורימבואותחרמון",2023-10-09,171.854034592893,1,10,NA,"HaZafon",c(35.5762141, 33.0680505)
10055,2023,1,"מרכז אזורי מבואות חרמון","מרכזאזורימבואותחרמון",2023-11-22,171.854034592893,1,11,NA,"HaZafon",c(35.5762141, 33.0680505)
10056,2016,1,"דייר אל אסד","דייראלאסד",2016-09-20,149.237000629761,1,9,0,"HaZafon",c(35.2749165, 32.944313)
10056,2016,1,"דייר אל אסד","דייראלאסד",2016-05-31,149.237000629761,1,5,0,"HaZafon",c(35.2749165, 32.944313)
10056,2018,1,"דייר אל אסד","דייראלאסד",2018-06-19,149.237000629761,1,6,NA,"HaZafon",c(35.2749165, 32.944313)
10056,2019,1,"דייר אל אסד","דייראלאסד",2019-05-20,149.237000629761,1,5,NA,"HaZafon",c(35.2749165, 32.944313)
10056,2023,1,"מרכז אזורי משגב","מרכזאזורימשגב",2023-10-13,149.237000629761,1,10,NA,"HaZafon",c(35.2599655, 32.859203)
10066,2015,1,"נין","נין",2015-03-11,137.036618635141,1,3,0,"HaZafon",c(35.3526654, 32.63478)
10066,2016,1,"נין","נין",2016-09-20,137.036618635141,1,9,0,"HaZafon",c(35.3526654, 32.63478)
10066,2023,1,"נין","נין",2023-12-02,137.036618635141,1,12,NA,"HaZafon",c(35.3526654, 32.63478)
10071,2015,1,"א סלבה","אסלבה",2015-04-28,162.063371792217,1,4,0,"HaZafon",c(35.712766, 32.9293945)
10071,2015,1,"נמרוד","נמרוד",2015-01-27,162.063371792217,1,1,0,"HaZafon",c(35.7514855, 33.244941)
10071,2016,1,"אזור תעשייה בני יהודה","אזורתעשייהבנייהודה",2016-09-20,162.063371792217,1,9,0,"HaZafon",c(35.6450697, 32.8310581)
10071,2016,1,"נמרוד","נמרוד",2016-10-05,162.063371792217,1,10,0,"HaZafon",c(35.7514855, 33.244941)
10071,2017,1,"אזור תעשייה בני יהודה","אזורתעשייהבנייהודה",2017-04-21,162.063371792217,1,4,NA,"HaZafon",c(35.6450697, 32.8310581)
10071,2017,1,"אזור תעשייה בני יהודה","אזורתעשייהבנייהודה",2017-10-21,162.063371792217,1,10,NA,"HaZafon",c(35.6450697, 32.8310581)
10071,2017,1,"אזור תעשייה בני יהודה","אזורתעשייהבנייהודה",2017-11-22,162.063371792217,1,11,NA,"HaZafon",c(35.6450697, 32.8310581)
10071,2017,1,"נמרוד","נמרוד",2017-03-21,162.063371792217,1,3,NA,"HaZafon",c(35.7514855, 33.244941)
10071,2017,1,"נמרוד","נמרוד",2017-06-11,162.063371792217,1,6,NA,"HaZafon",c(35.7514855, 33.244941)
10071,2018,1,"אזור תעשייה בני יהודה","אזורתעשייהבנייהודה",2018-07-18,162.063371792217,1,7,NA,"HaZafon",c(35.6450697, 32.8310581)
10071,2018,1,"אזור תעשייה בני יהודה","אזורתעשייהבנייהודה",2018-02-10,162.063371792217,1,2,NA,"HaZafon",c(35.6450697, 32.8310581)
10071,2018,1,"אזור תעשייה בני יהודה","אזורתעשייהבנייהודה",2018-05-10,162.063371792217,1,5,NA,"HaZafon",c(35.6450697, 32.8310581)
10071,2019,1,"נמרוד","נמרוד",2019-11-19,162.063371792217,1,11,NA,"HaZafon",c(35.7514855, 33.244941)
