date,Value,District,Keyword
2014-01,72,Center District,שלום
2014-02,66,Center District,שלום
2014-03,72,Center District,שלום
2014-04,62,Center District,שלום
2014-05,74,Center District,שלום
2014-06,67,Center District,שלום
2014-07,72,Center District,שלום
2014-08,61,Center District,שלום
2014-09,76,Center District,שלום
2014-10,67,Center District,שלום
2014-11,65,Center District,שלום
2014-12,69,Center District,שלום
2015-01,77,Center District,שלום
2015-02,68,Center District,שלום
2015-03,72,Center District,שלום
2015-04,73,Center District,שלום
2015-05,74,Center District,שלום
2015-06,67,Center District,שלום
2015-07,63,Center District,שלום
2015-08,72,Center District,שלום
2015-09,82,Center District,שלום
2015-10,72,Center District,שלום
2015-11,63,Center District,שלום
2015-12,78,Center District,שלום
2016-01,71,Center District,שלום
2016-02,80,Center District,שלום
2016-03,74,Center District,שלום
2016-04,71,Center District,שלום
2016-05,84,Center District,שלום
2016-06,75,Center District,שלום
2016-07,75,Center District,שלום
2016-08,65,Center District,שלום
2016-09,90,Center District,שלום
2016-10,74,Center District,שלום
2016-11,75,Center District,שלום
2016-12,67,Center District,שלום
2017-01,73,Center District,שלום
2017-02,69,Center District,שלום
2017-03,67,Center District,שלום
2017-04,64,Center District,שלום
2017-05,73,Center District,שלום
2017-06,71,Center District,שלום
2017-07,64,Center District,שלום
2017-08,72,Center District,שלום
2017-09,73,Center District,שלום
2017-10,80,Center District,שלום
2017-11,73,Center District,שלום
2017-12,73,Center District,שלום
2018-01,73,Center District,שלום
2018-02,72,Center District,שלום
2018-03,65,Center District,שלום
2018-04,78,Center District,שלום
2018-05,73,Center District,שלום
2018-06,73,Center District,שלום
2018-07,65,Center District,שלום
2018-08,75,Center District,שלום
2018-09,73,Center District,שלום
2018-10,79,Center District,שלום
2018-11,79,Center District,שלום
2018-12,75,Center District,שלום
2019-01,81,Center District,שלום
2019-02,73,Center District,שלום
2019-03,75,Center District,שלום
2019-04,63,Center District,שלום
2019-05,78,Center District,שלום
2019-06,71,Center District,שלום
2019-07,70,Center District,שלום
2019-08,76,Center District,שלום
2019-09,83,Center District,שלום
2019-10,77,Center District,שלום
2019-11,79,Center District,שלום
2019-12,71,Center District,שלום
2020-01,77,Center District,שלום
2020-02,77,Center District,שלום
2020-03,63,Center District,שלום
2020-04,73,Center District,שלום
2020-05,68,Center District,שלום
2020-06,70,Center District,שלום
2020-07,71,Center District,שלום
2020-08,90,Center District,שלום
2020-09,100,Center District,שלום
2020-10,84,Center District,שלום
2020-11,69,Center District,שלום
2020-12,67,Center District,שלום
2021-01,70,Center District,שלום
2021-02,68,Center District,שלום
2021-03,95,Center District,שלום
2021-04,78,Center District,שלום
2021-05,85,Center District,שלום
2021-06,67,Center District,שלום
2021-07,68,Center District,שלום
2021-08,68,Center District,שלום
2021-09,73,Center District,שלום
2021-10,82,Center District,שלום
2021-11,64,Center District,שלום
2021-12,70,Center District,שלום
2022-01,76,Center District,שלום
2022-02,80,Center District,שלום
2022-03,71,Center District,שלום
2022-04,60,Center District,שלום
2022-05,77,Center District,שלום
2022-06,72,Center District,שלום
2022-07,76,Center District,שלום
2022-08,87,Center District,שלום
2022-09,73,Center District,שלום
2022-10,81,Center District,שלום
2022-11,79,Center District,שלום
2022-12,72,Center District,שלום
2014-01,53,Haifa District,שלום
2014-02,65,Haifa District,שלום
2014-03,73,Haifa District,שלום
2014-04,65,Haifa District,שלום
2014-05,69,Haifa District,שלום
2014-06,67,Haifa District,שלום
2014-07,66,Haifa District,שלום
2014-08,68,Haifa District,שלום
2014-09,68,Haifa District,שלום
2014-10,70,Haifa District,שלום
2014-11,66,Haifa District,שלום
2014-12,76,Haifa District,שלום
2015-01,57,Haifa District,שלום
2015-02,62,Haifa District,שלום
2015-03,70,Haifa District,שלום
2015-04,74,Haifa District,שלום
2015-05,66,Haifa District,שלום
2015-06,63,Haifa District,שלום
2015-07,72,Haifa District,שלום
2015-08,67,Haifa District,שלום
2015-09,67,Haifa District,שלום
2015-10,76,Haifa District,שלום
2015-11,62,Haifa District,שלום
2015-12,73,Haifa District,שלום
2016-01,57,Haifa District,שלום
2016-02,66,Haifa District,שלום
2016-03,66,Haifa District,שלום
2016-04,73,Haifa District,שלום
2016-05,64,Haifa District,שלום
2016-06,59,Haifa District,שלום
2016-07,67,Haifa District,שלום
2016-08,59,Haifa District,שלום
2016-09,77,Haifa District,שלום
2016-10,70,Haifa District,שלום
2016-11,67,Haifa District,שלום
2016-12,68,Haifa District,שלום
2017-01,65,Haifa District,שלום
2017-02,62,Haifa District,שלום
2017-03,65,Haifa District,שלום
2017-04,59,Haifa District,שלום
2017-05,62,Haifa District,שלום
2017-06,75,Haifa District,שלום
2017-07,59,Haifa District,שלום
2017-08,64,Haifa District,שלום
2017-09,72,Haifa District,שלום
2017-10,70,Haifa District,שלום
2017-11,67,Haifa District,שלום
2017-12,70,Haifa District,שלום
2018-01,63,Haifa District,שלום
2018-02,70,Haifa District,שלום
2018-03,66,Haifa District,שלום
2018-04,68,Haifa District,שלום
2018-05,62,Haifa District,שלום
2018-06,68,Haifa District,שלום
2018-07,66,Haifa District,שלום
2018-08,80,Haifa District,שלום
2018-09,69,Haifa District,שלום
2018-10,68,Haifa District,שלום
2018-11,73,Haifa District,שלום
2018-12,67,Haifa District,שלום
2019-01,74,Haifa District,שלום
2019-02,71,Haifa District,שלום
2019-03,67,Haifa District,שלום
2019-04,62,Haifa District,שלום
2019-05,67,Haifa District,שלום
2019-06,68,Haifa District,שלום
2019-07,68,Haifa District,שלום
2019-08,69,Haifa District,שלום
2019-09,73,Haifa District,שלום
2019-10,63,Haifa District,שלום
2019-11,76,Haifa District,שלום
2019-12,62,Haifa District,שלום
2020-01,70,Haifa District,שלום
2020-02,69,Haifa District,שלום
2020-03,60,Haifa District,שלום
2020-04,69,Haifa District,שלום
2020-05,63,Haifa District,שלום
2020-06,70,Haifa District,שלום
2020-07,62,Haifa District,שלום
2020-08,100,Haifa District,שלום
2020-09,75,Haifa District,שלום
2020-10,73,Haifa District,שלום
2020-11,62,Haifa District,שלום
2020-12,64,Haifa District,שלום
2021-01,57,Haifa District,שלום
2021-02,61,Haifa District,שלום
2021-03,96,Haifa District,שלום
2021-04,70,Haifa District,שלום
2021-05,77,Haifa District,שלום
2021-06,61,Haifa District,שלום
2021-07,75,Haifa District,שלום
2021-08,65,Haifa District,שלום
2021-09,70,Haifa District,שלום
2021-10,67,Haifa District,שלום
2021-11,61,Haifa District,שלום
2021-12,54,Haifa District,שלום
2022-01,67,Haifa District,שלום
2022-02,70,Haifa District,שלום
2022-03,70,Haifa District,שלום
2022-04,61,Haifa District,שלום
2022-05,68,Haifa District,שלום
2022-06,67,Haifa District,שלום
2022-07,63,Haifa District,שלום
2022-08,78,Haifa District,שלום
2022-09,67,Haifa District,שלום
2022-10,72,Haifa District,שלום
2022-11,72,Haifa District,שלום
2022-12,55,Haifa District,שלום
2014-01,59,Jerusalem District,שלום
2014-02,52,Jerusalem District,שלום
2014-03,52,Jerusalem District,שלום
2014-04,50,Jerusalem District,שלום
2014-05,58,Jerusalem District,שלום
2014-06,47,Jerusalem District,שלום
2014-07,63,Jerusalem District,שלום
2014-08,56,Jerusalem District,שלום
2014-09,54,Jerusalem District,שלום
2014-10,64,Jerusalem District,שלום
2014-11,41,Jerusalem District,שלום
2014-12,47,Jerusalem District,שלום
2015-01,58,Jerusalem District,שלום
2015-02,52,Jerusalem District,שלום
2015-03,58,Jerusalem District,שלום
2015-04,57,Jerusalem District,שלום
2015-05,62,Jerusalem District,שלום
2015-06,48,Jerusalem District,שלום
2015-07,54,Jerusalem District,שלום
2015-08,54,Jerusalem District,שלום
2015-09,56,Jerusalem District,שלום
2015-10,61,Jerusalem District,שלום
2015-11,57,Jerusalem District,שלום
2015-12,66,Jerusalem District,שלום
2016-01,52,Jerusalem District,שלום
2016-02,58,Jerusalem District,שלום
2016-03,54,Jerusalem District,שלום
2016-04,55,Jerusalem District,שלום
2016-05,64,Jerusalem District,שלום
2016-06,57,Jerusalem District,שלום
2016-07,54,Jerusalem District,שלום
2016-08,54,Jerusalem District,שלום
2016-09,60,Jerusalem District,שלום
2016-10,60,Jerusalem District,שלום
2016-11,55,Jerusalem District,שלום
2016-12,52,Jerusalem District,שלום
2017-01,48,Jerusalem District,שלום
2017-02,50,Jerusalem District,שלום
2017-03,53,Jerusalem District,שלום
2017-04,49,Jerusalem District,שלום
2017-05,53,Jerusalem District,שלום
2017-06,53,Jerusalem District,שלום
2017-07,53,Jerusalem District,שלום
2017-08,54,Jerusalem District,שלום
2017-09,59,Jerusalem District,שלום
2017-10,54,Jerusalem District,שלום
2017-11,53,Jerusalem District,שלום
2017-12,52,Jerusalem District,שלום
2018-01,52,Jerusalem District,שלום
2018-02,52,Jerusalem District,שלום
2018-03,46,Jerusalem District,שלום
2018-04,54,Jerusalem District,שלום
2018-05,48,Jerusalem District,שלום
2018-06,55,Jerusalem District,שלום
2018-07,52,Jerusalem District,שלום
2018-08,56,Jerusalem District,שלום
2018-09,60,Jerusalem District,שלום
2018-10,53,Jerusalem District,שלום
2018-11,55,Jerusalem District,שלום
2018-12,55,Jerusalem District,שלום
2019-01,56,Jerusalem District,שלום
2019-02,55,Jerusalem District,שלום
2019-03,53,Jerusalem District,שלום
2019-04,46,Jerusalem District,שלום
2019-05,55,Jerusalem District,שלום
2019-06,55,Jerusalem District,שלום
2019-07,53,Jerusalem District,שלום
2019-08,54,Jerusalem District,שלום
2019-09,59,Jerusalem District,שלום
2019-10,52,Jerusalem District,שלום
2019-11,58,Jerusalem District,שלום
2019-12,50,Jerusalem District,שלום
2020-01,48,Jerusalem District,שלום
2020-02,53,Jerusalem District,שלום
2020-03,46,Jerusalem District,שלום
2020-04,53,Jerusalem District,שלום
2020-05,50,Jerusalem District,שלום
2020-06,54,Jerusalem District,שלום
2020-07,56,Jerusalem District,שלום
2020-08,70,Jerusalem District,שלום
2020-09,79,Jerusalem District,שלום
2020-10,58,Jerusalem District,שלום
2020-11,50,Jerusalem District,שלום
2020-12,57,Jerusalem District,שלום
2021-01,52,Jerusalem District,שלום
2021-02,52,Jerusalem District,שלום
2021-03,70,Jerusalem District,שלום
2021-04,56,Jerusalem District,שלום
2021-05,58,Jerusalem District,שלום
2021-06,52,Jerusalem District,שלום
2021-07,51,Jerusalem District,שלום
2021-08,54,Jerusalem District,שלום
2021-09,57,Jerusalem District,שלום
2021-10,46,Jerusalem District,שלום
2021-11,49,Jerusalem District,שלום
2021-12,50,Jerusalem District,שלום
2022-01,52,Jerusalem District,שלום
2022-02,60,Jerusalem District,שלום
2022-03,56,Jerusalem District,שלום
2022-04,53,Jerusalem District,שלום
2022-05,57,Jerusalem District,שלום
2022-06,54,Jerusalem District,שלום
2022-07,50,Jerusalem District,שלום
2022-08,100,Jerusalem District,שלום
2022-09,52,Jerusalem District,שלום
2022-10,51,Jerusalem District,שלום
2022-11,49,Jerusalem District,שלום
2022-12,46,Jerusalem District,שלום
2014-01,86,North District,שלום
2014-02,88,North District,שלום
2014-03,87,North District,שלום
2014-04,73,North District,שלום
2014-05,76,North District,שלום
2014-06,54,North District,שלום
2014-07,86,North District,שלום
2014-08,62,North District,שלום
2014-09,83,North District,שלום
2014-10,63,North District,שלום
2014-11,86,North District,שלום
2014-12,76,North District,שלום
2015-01,85,North District,שלום
2015-02,65,North District,שלום
2015-03,83,North District,שלום
2015-04,81,North District,שלום
2015-05,97,North District,שלום
2015-06,92,North District,שלום
2015-07,63,North District,שלום
2015-08,76,North District,שלום
2015-09,78,North District,שלום
2015-10,100,North District,שלום
2015-11,74,North District,שלום
2015-12,75,North District,שלום
2016-01,57,North District,שלום
2016-02,69,North District,שלום
2016-03,66,North District,שלום
2016-04,57,North District,שלום
2016-05,64,North District,שלום
2016-06,65,North District,שלום
2016-07,62,North District,שלום
2016-08,64,North District,שלום
2016-09,80,North District,שלום
2016-10,69,North District,שלום
2016-11,68,North District,שלום
2016-12,62,North District,שלום
2017-01,59,North District,שלום
2017-02,61,North District,שלום
2017-03,59,North District,שלום
2017-04,58,North District,שלום
2017-05,70,North District,שלום
2017-06,66,North District,שלום
2017-07,58,North District,שלום
2017-08,67,North District,שלום
2017-09,69,North District,שלום
2017-10,62,North District,שלום
2017-11,63,North District,שלום
2017-12,59,North District,שלום
2018-01,53,North District,שלום
2018-02,62,North District,שלום
2018-03,56,North District,שלום
2018-04,61,North District,שלום
2018-05,56,North District,שלום
2018-06,58,North District,שלום
2018-07,60,North District,שלום
2018-08,60,North District,שלום
2018-09,62,North District,שלום
2018-10,69,North District,שלום
2018-11,66,North District,שלום
2018-12,58,North District,שלום
2019-01,52,North District,שלום
2019-02,66,North District,שלום
2019-03,65,North District,שלום
2019-04,61,North District,שלום
2019-05,61,North District,שלום
2019-06,60,North District,שלום
2019-07,62,North District,שלום
2019-08,62,North District,שלום
2019-09,64,North District,שלום
2019-10,63,North District,שלום
2019-11,62,North District,שלום
2019-12,54,North District,שלום
2020-01,58,North District,שלום
2020-02,63,North District,שלום
2020-03,61,North District,שלום
2020-04,63,North District,שלום
2020-05,64,North District,שלום
2020-06,52,North District,שלום
2020-07,59,North District,שלום
2020-08,77,North District,שלום
2020-09,79,North District,שלום
2020-10,72,North District,שלום
2020-11,60,North District,שלום
2020-12,59,North District,שלום
2021-01,62,North District,שלום
2021-02,61,North District,שלום
2021-03,80,North District,שלום
2021-04,61,North District,שלום
2021-05,76,North District,שלום
2021-06,62,North District,שלום
2021-07,60,North District,שלום
2021-08,62,North District,שלום
2021-09,52,North District,שלום
2021-10,66,North District,שלום
2021-11,57,North District,שלום
2021-12,57,North District,שלום
2022-01,62,North District,שלום
2022-02,65,North District,שלום
2022-03,58,North District,שלום
2022-04,53,North District,שלום
2022-05,60,North District,שלום
2022-06,56,North District,שלום
2022-07,62,North District,שלום
2022-08,84,North District,שלום
2022-09,62,North District,שלום
2022-10,59,North District,שלום
2022-11,54,North District,שלום
2022-12,46,North District,שלום
2014-01,75,South District,שלום
2014-02,69,South District,שלום
2014-03,70,South District,שלום
2014-04,62,South District,שלום
2014-05,77,South District,שלום
2014-06,58,South District,שלום
2014-07,72,South District,שלום
2014-08,66,South District,שלום
2014-09,54,South District,שלום
2014-10,79,South District,שלום
2014-11,68,South District,שלום
2014-12,61,South District,שלום
2015-01,84,South District,שלום
2015-02,67,South District,שלום
2015-03,75,South District,שלום
2015-04,56,South District,שלום
2015-05,68,South District,שלום
2015-06,75,South District,שלום
2015-07,77,South District,שלום
2015-08,57,South District,שלום
2015-09,90,South District,שלום
2015-10,83,South District,שלום
2015-11,68,South District,שלום
2015-12,78,South District,שלום
2016-01,72,South District,שלום
2016-02,74,South District,שלום
2016-03,71,South District,שלום
2016-04,66,South District,שלום
2016-05,71,South District,שלום
2016-06,73,South District,שלום
2016-07,77,South District,שלום
2016-08,63,South District,שלום
2016-09,77,South District,שלום
2016-10,67,South District,שלום
2016-11,72,South District,שלום
2016-12,69,South District,שלום
2017-01,71,South District,שלום
2017-02,66,South District,שלום
2017-03,70,South District,שלום
2017-04,61,South District,שלום
2017-05,73,South District,שלום
2017-06,70,South District,שלום
2017-07,69,South District,שלום
2017-08,70,South District,שלום
2017-09,77,South District,שלום
2017-10,74,South District,שלום
2017-11,65,South District,שלום
2017-12,61,South District,שלום
2018-01,62,South District,שלום
2018-02,63,South District,שלום
2018-03,60,South District,שלום
2018-04,61,South District,שלום
2018-05,64,South District,שלום
2018-06,64,South District,שלום
2018-07,60,South District,שלום
2018-08,67,South District,שלום
2018-09,57,South District,שלום
2018-10,64,South District,שלום
2018-11,70,South District,שלום
2018-12,70,South District,שלום
2019-01,70,South District,שלום
2019-02,64,South District,שלום
2019-03,69,South District,שלום
2019-04,58,South District,שלום
2019-05,63,South District,שלום
2019-06,70,South District,שלום
2019-07,67,South District,שלום
2019-08,68,South District,שלום
2019-09,65,South District,שלום
2019-10,67,South District,שלום
2019-11,76,South District,שלום
2019-12,58,South District,שלום
2020-01,68,South District,שלום
2020-02,67,South District,שלום
2020-03,72,South District,שלום
2020-04,77,South District,שלום
2020-05,66,South District,שלום
2020-06,59,South District,שלום
2020-07,65,South District,שלום
2020-08,82,South District,שלום
2020-09,100,South District,שלום
2020-10,89,South District,שלום
2020-11,66,South District,שלום
2020-12,67,South District,שלום
2021-01,83,South District,שלום
2021-02,74,South District,שלום
2021-03,92,South District,שלום
2021-04,72,South District,שלום
2021-05,80,South District,שלום
2021-06,65,South District,שלום
2021-07,66,South District,שלום
2021-08,73,South District,שלום
2021-09,67,South District,שלום
2021-10,78,South District,שלום
2021-11,62,South District,שלום
2021-12,60,South District,שלום
2022-01,71,South District,שלום
2022-02,83,South District,שלום
2022-03,80,South District,שלום
2022-04,68,South District,שלום
2022-05,74,South District,שלום
2022-06,63,South District,שלום
2022-07,75,South District,שלום
2022-08,91,South District,שלום
2022-09,73,South District,שלום
2022-10,84,South District,שלום
2022-11,75,South District,שלום
2022-12,65,South District,שלום
2014-01,66,Tel Aviv District,שלום
2014-02,66,Tel Aviv District,שלום
2014-03,74,Tel Aviv District,שלום
2014-04,66,Tel Aviv District,שלום
2014-05,72,Tel Aviv District,שלום
2014-06,66,Tel Aviv District,שלום
2014-07,76,Tel Aviv District,שלום
2014-08,66,Tel Aviv District,שלום
2014-09,67,Tel Aviv District,שלום
2014-10,67,Tel Aviv District,שלום
2014-11,64,Tel Aviv District,שלום
2014-12,64,Tel Aviv District,שלום
2015-01,73,Tel Aviv District,שלום
2015-02,64,Tel Aviv District,שלום
2015-03,74,Tel Aviv District,שלום
2015-04,71,Tel Aviv District,שלום
2015-05,71,Tel Aviv District,שלום
2015-06,67,Tel Aviv District,שלום
2015-07,65,Tel Aviv District,שלום
2015-08,69,Tel Aviv District,שלום
2015-09,71,Tel Aviv District,שלום
2015-10,75,Tel Aviv District,שלום
2015-11,66,Tel Aviv District,שלום
2015-12,80,Tel Aviv District,שלום
2016-01,66,Tel Aviv District,שלום
2016-02,74,Tel Aviv District,שלום
2016-03,70,Tel Aviv District,שלום
2016-04,65,Tel Aviv District,שלום
2016-05,74,Tel Aviv District,שלום
2016-06,68,Tel Aviv District,שלום
2016-07,69,Tel Aviv District,שלום
2016-08,65,Tel Aviv District,שלום
2016-09,78,Tel Aviv District,שלום
2016-10,73,Tel Aviv District,שלום
2016-11,70,Tel Aviv District,שלום
2016-12,63,Tel Aviv District,שלום
2017-01,67,Tel Aviv District,שלום
2017-02,64,Tel Aviv District,שלום
2017-03,64,Tel Aviv District,שלום
2017-04,61,Tel Aviv District,שלום
2017-05,66,Tel Aviv District,שלום
2017-06,69,Tel Aviv District,שלום
2017-07,65,Tel Aviv District,שלום
2017-08,70,Tel Aviv District,שלום
2017-09,72,Tel Aviv District,שלום
2017-10,68,Tel Aviv District,שלום
2017-11,72,Tel Aviv District,שלום
2017-12,68,Tel Aviv District,שלום
2018-01,68,Tel Aviv District,שלום
2018-02,69,Tel Aviv District,שלום
2018-03,69,Tel Aviv District,שלום
2018-04,74,Tel Aviv District,שלום
2018-05,71,Tel Aviv District,שלום
2018-06,77,Tel Aviv District,שלום
2018-07,69,Tel Aviv District,שלום
2018-08,70,Tel Aviv District,שלום
2018-09,72,Tel Aviv District,שלום
2018-10,73,Tel Aviv District,שלום
2018-11,76,Tel Aviv District,שלום
2018-12,72,Tel Aviv District,שלום
2019-01,76,Tel Aviv District,שלום
2019-02,68,Tel Aviv District,שלום
2019-03,76,Tel Aviv District,שלום
2019-04,67,Tel Aviv District,שלום
2019-05,76,Tel Aviv District,שלום
2019-06,75,Tel Aviv District,שלום
2019-07,79,Tel Aviv District,שלום
2019-08,72,Tel Aviv District,שלום
2019-09,74,Tel Aviv District,שלום
2019-10,68,Tel Aviv District,שלום
2019-11,78,Tel Aviv District,שלום
2019-12,73,Tel Aviv District,שלום
2020-01,73,Tel Aviv District,שלום
2020-02,75,Tel Aviv District,שלום
2020-03,69,Tel Aviv District,שלום
2020-04,76,Tel Aviv District,שלום
2020-05,69,Tel Aviv District,שלום
2020-06,73,Tel Aviv District,שלום
2020-07,76,Tel Aviv District,שלום
2020-08,93,Tel Aviv District,שלום
2020-09,92,Tel Aviv District,שלום
2020-10,85,Tel Aviv District,שלום
2020-11,74,Tel Aviv District,שלום
2020-12,72,Tel Aviv District,שלום
2021-01,73,Tel Aviv District,שלום
2021-02,72,Tel Aviv District,שלום
2021-03,100,Tel Aviv District,שלום
2021-04,79,Tel Aviv District,שלום
2021-05,92,Tel Aviv District,שלום
2021-06,77,Tel Aviv District,שלום
2021-07,79,Tel Aviv District,שלום
2021-08,82,Tel Aviv District,שלום
2021-09,76,Tel Aviv District,שלום
2021-10,85,Tel Aviv District,שלום
2021-11,72,Tel Aviv District,שלום
2021-12,71,Tel Aviv District,שלום
2022-01,83,Tel Aviv District,שלום
2022-02,91,Tel Aviv District,שלום
2022-03,88,Tel Aviv District,שלום
2022-04,80,Tel Aviv District,שלום
2022-05,80,Tel Aviv District,שלום
2022-06,80,Tel Aviv District,שלום
2022-07,81,Tel Aviv District,שלום
2022-08,98,Tel Aviv District,שלום
2022-09,82,Tel Aviv District,שלום
2022-10,80,Tel Aviv District,שלום
2022-11,75,Tel Aviv District,שלום
2022-12,67,Tel Aviv District,שלום
2014-01,32,Center District,מלחמה
2014-02,44,Center District,מלחמה
2014-03,51,Center District,מלחמה
2014-04,54,Center District,מלחמה
2014-05,50,Center District,מלחמה
2014-06,48,Center District,מלחמה
2014-07,100,Center District,מלחמה
2014-08,75,Center District,מלחמה
2014-09,34,Center District,מלחמה
2014-10,35,Center District,מלחמה
2014-11,42,Center District,מלחמה
2014-12,30,Center District,מלחמה
2015-01,36,Center District,מלחמה
2015-02,41,Center District,מלחמה
2015-03,42,Center District,מלחמה
2015-04,40,Center District,מלחמה
2015-05,33,Center District,מלחמה
2015-06,24,Center District,מלחמה
2015-07,32,Center District,מלחמה
2015-08,27,Center District,מלחמה
2015-09,28,Center District,מלחמה
2015-10,31,Center District,מלחמה
2015-11,22,Center District,מלחמה
2015-12,32,Center District,מלחמה
2016-01,28,Center District,מלחמה
2016-02,32,Center District,מלחמה
2016-03,32,Center District,מלחמה
2016-04,33,Center District,מלחמה
2016-05,38,Center District,מלחמה
2016-06,25,Center District,מלחמה
2016-07,24,Center District,מלחמה
2016-08,49,Center District,מלחמה
2016-09,53,Center District,מלחמה
2016-10,42,Center District,מלחמה
2016-11,28,Center District,מלחמה
2016-12,27,Center District,מלחמה
2017-01,27,Center District,מלחמה
2017-02,22,Center District,מלחמה
2017-03,25,Center District,מלחמה
2017-04,31,Center District,מלחמה
2017-05,23,Center District,מלחמה
2017-06,26,Center District,מלחמה
2017-07,28,Center District,מלחמה
2017-08,22,Center District,מלחמה
2017-09,23,Center District,מלחמה
2017-10,25,Center District,מלחמה
2017-11,22,Center District,מלחמה
2017-12,24,Center District,מלחמה
2018-01,18,Center District,מלחמה
2018-02,23,Center District,מלחמה
2018-03,25,Center District,מלחמה
2018-04,38,Center District,מלחמה
2018-05,34,Center District,מלחמה
2018-06,17,Center District,מלחמה
2018-07,20,Center District,מלחמה
2018-08,18,Center District,מלחמה
2018-09,21,Center District,מלחמה
2018-10,20,Center District,מלחמה
2018-11,27,Center District,מלחמה
2018-12,20,Center District,מלחמה
2019-01,23,Center District,מלחמה
2019-02,21,Center District,מלחמה
2019-03,21,Center District,מלחמה
2019-04,21,Center District,מלחמה
2019-05,45,Center District,מלחמה
2019-06,23,Center District,מלחמה
2019-07,17,Center District,מלחמה
2019-08,18,Center District,מלחמה
2019-09,24,Center District,מלחמה
2019-10,23,Center District,מלחמה
2019-11,30,Center District,מלחמה
2019-12,20,Center District,מלחמה
2020-01,21,Center District,מלחמה
2020-02,19,Center District,מלחמה
2020-03,23,Center District,מלחמה
2020-04,37,Center District,מלחמה
2020-05,27,Center District,מלחמה
2020-06,21,Center District,מלחמה
2020-07,19,Center District,מלחמה
2020-08,16,Center District,מלחמה
2020-09,23,Center District,מלחמה
2020-10,32,Center District,מלחמה
2020-11,26,Center District,מלחמה
2020-12,23,Center District,מלחמה
2021-01,31,Center District,מלחמה
2021-02,22,Center District,מלחמה
2021-03,21,Center District,מלחמה
2021-04,28,Center District,מלחמה
2021-05,60,Center District,מלחמה
2021-06,32,Center District,מלחמה
2021-07,19,Center District,מלחמה
2021-08,18,Center District,מלחמה
2021-09,21,Center District,מלחמה
2021-10,20,Center District,מלחמה
2021-11,23,Center District,מלחמה
2021-12,21,Center District,מלחמה
2022-01,28,Center District,מלחמה
2022-02,71,Center District,מלחמה
2022-03,54,Center District,מלחמה
2022-04,38,Center District,מלחמה
2022-05,35,Center District,מלחמה
2022-06,25,Center District,מלחמה
2022-07,23,Center District,מלחמה
2022-08,29,Center District,מלחמה
2022-09,30,Center District,מלחמה
2022-10,28,Center District,מלחמה
2022-11,20,Center District,מלחמה
2022-12,20,Center District,מלחמה
2014-01,31,Haifa District,מלחמה
2014-02,52,Haifa District,מלחמה
2014-03,55,Haifa District,מלחמה
2014-04,72,Haifa District,מלחמה
2014-05,47,Haifa District,מלחמה
2014-06,38,Haifa District,מלחמה
2014-07,100,Haifa District,מלחמה
2014-08,45,Haifa District,מלחמה
2014-09,41,Haifa District,מלחמה
2014-10,34,Haifa District,מלחמה
2014-11,37,Haifa District,מלחמה
2014-12,36,Haifa District,מלחמה
2015-01,33,Haifa District,מלחמה
2015-02,33,Haifa District,מלחמה
2015-03,40,Haifa District,מלחמה
2015-04,43,Haifa District,מלחמה
2015-05,31,Haifa District,מלחמה
2015-06,31,Haifa District,מלחמה
2015-07,27,Haifa District,מלחמה
2015-08,25,Haifa District,מלחמה
2015-09,37,Haifa District,מלחמה
2015-10,37,Haifa District,מלחמה
2015-11,31,Haifa District,מלחמה
2015-12,22,Haifa District,מלחמה
2016-01,22,Haifa District,מלחמה
2016-02,37,Haifa District,מלחמה
2016-03,27,Haifa District,מלחמה
2016-04,24,Haifa District,מלחמה
2016-05,33,Haifa District,מלחמה
2016-06,22,Haifa District,מלחמה
2016-07,21,Haifa District,מלחמה
2016-08,42,Haifa District,מלחמה
2016-09,47,Haifa District,מלחמה
2016-10,44,Haifa District,מלחמה
2016-11,31,Haifa District,מלחמה
2016-12,21,Haifa District,מלחמה
2017-01,22,Haifa District,מלחמה
2017-02,31,Haifa District,מלחמה
2017-03,26,Haifa District,מלחמה
2017-04,33,Haifa District,מלחמה
2017-05,28,Haifa District,מלחמה
2017-06,24,Haifa District,מלחמה
2017-07,21,Haifa District,מלחמה
2017-08,20,Haifa District,מלחמה
2017-09,16,Haifa District,מלחמה
2017-10,27,Haifa District,מלחמה
2017-11,19,Haifa District,מלחמה
2017-12,26,Haifa District,מלחמה
2018-01,24,Haifa District,מלחמה
2018-02,29,Haifa District,מלחמה
2018-03,23,Haifa District,מלחמה
2018-04,46,Haifa District,מלחמה
2018-05,55,Haifa District,מלחמה
2018-06,19,Haifa District,מלחמה
2018-07,24,Haifa District,מלחמה
2018-08,15,Haifa District,מלחמה
2018-09,18,Haifa District,מלחמה
2018-10,25,Haifa District,מלחמה
2018-11,28,Haifa District,מלחמה
2018-12,23,Haifa District,מלחמה
2019-01,30,Haifa District,מלחמה
2019-02,27,Haifa District,מלחמה
2019-03,21,Haifa District,מלחמה
2019-04,18,Haifa District,מלחמה
2019-05,41,Haifa District,מלחמה
2019-06,21,Haifa District,מלחמה
2019-07,17,Haifa District,מלחמה
2019-08,18,Haifa District,מלחמה
2019-09,25,Haifa District,מלחמה
2019-10,28,Haifa District,מלחמה
2019-11,29,Haifa District,מלחמה
2019-12,19,Haifa District,מלחמה
2020-01,25,Haifa District,מלחמה
2020-02,26,Haifa District,מלחמה
2020-03,32,Haifa District,מלחמה
2020-04,39,Haifa District,מלחמה
2020-05,29,Haifa District,מלחמה
2020-06,26,Haifa District,מלחמה
2020-07,29,Haifa District,מלחמה
2020-08,19,Haifa District,מלחמה
2020-09,29,Haifa District,מלחמה
2020-10,28,Haifa District,מלחמה
2020-11,32,Haifa District,מלחמה
2020-12,29,Haifa District,מלחמה
2021-01,27,Haifa District,מלחמה
2021-02,23,Haifa District,מלחמה
2021-03,18,Haifa District,מלחמה
2021-04,24,Haifa District,מלחמה
2021-05,64,Haifa District,מלחמה
2021-06,33,Haifa District,מלחמה
2021-07,18,Haifa District,מלחמה
2021-08,21,Haifa District,מלחמה
2021-09,25,Haifa District,מלחמה
2021-10,18,Haifa District,מלחמה
2021-11,26,Haifa District,מלחמה
2021-12,18,Haifa District,מלחמה
2022-01,21,Haifa District,מלחמה
2022-02,74,Haifa District,מלחמה
2022-03,59,Haifa District,מלחמה
2022-04,44,Haifa District,מלחמה
2022-05,32,Haifa District,מלחמה
2022-06,23,Haifa District,מלחמה
2022-07,23,Haifa District,מלחמה
2022-08,27,Haifa District,מלחמה
2022-09,30,Haifa District,מלחמה
2022-10,25,Haifa District,מלחמה
2022-11,23,Haifa District,מלחמה
2022-12,22,Haifa District,מלחמה
2014-01,43,Jerusalem District,מלחמה
2014-02,32,Jerusalem District,מלחמה
2014-03,45,Jerusalem District,מלחמה
2014-04,47,Jerusalem District,מלחמה
2014-05,42,Jerusalem District,מלחמה
2014-06,38,Jerusalem District,מלחמה
2014-07,91,Jerusalem District,מלחמה
2014-08,67,Jerusalem District,מלחמה
2014-09,41,Jerusalem District,מלחמה
2014-10,40,Jerusalem District,מלחמה
2014-11,23,Jerusalem District,מלחמה
2014-12,15,Jerusalem District,מלחמה
2015-01,44,Jerusalem District,מלחמה
2015-02,33,Jerusalem District,מלחמה
2015-03,28,Jerusalem District,מלחמה
2015-04,38,Jerusalem District,מלחמה
2015-05,30,Jerusalem District,מלחמה
2015-06,21,Jerusalem District,מלחמה
2015-07,26,Jerusalem District,מלחמה
2015-08,21,Jerusalem District,מלחמה
2015-09,19,Jerusalem District,מלחמה
2015-10,24,Jerusalem District,מלחמה
2015-11,24,Jerusalem District,מלחמה
2015-12,33,Jerusalem District,מלחמה
2016-01,32,Jerusalem District,מלחמה
2016-02,28,Jerusalem District,מלחמה
2016-03,24,Jerusalem District,מלחמה
2016-04,34,Jerusalem District,מלחמה
2016-05,39,Jerusalem District,מלחמה
2016-06,17,Jerusalem District,מלחמה
2016-07,22,Jerusalem District,מלחמה
2016-08,41,Jerusalem District,מלחמה
2016-09,31,Jerusalem District,מלחמה
2016-10,30,Jerusalem District,מלחמה
2016-11,22,Jerusalem District,מלחמה
2016-12,20,Jerusalem District,מלחמה
2017-01,10,Jerusalem District,מלחמה
2017-02,27,Jerusalem District,מלחמה
2017-03,14,Jerusalem District,מלחמה
2017-04,27,Jerusalem District,מלחמה
2017-05,21,Jerusalem District,מלחמה
2017-06,21,Jerusalem District,מלחמה
2017-07,20,Jerusalem District,מלחמה
2017-08,16,Jerusalem District,מלחמה
2017-09,23,Jerusalem District,מלחמה
2017-10,22,Jerusalem District,מלחמה
2017-11,12,Jerusalem District,מלחמה
2017-12,24,Jerusalem District,מלחמה
2018-01,16,Jerusalem District,מלחמה
2018-02,17,Jerusalem District,מלחמה
2018-03,21,Jerusalem District,מלחמה
2018-04,25,Jerusalem District,מלחמה
2018-05,28,Jerusalem District,מלחמה
2018-06,15,Jerusalem District,מלחמה
2018-07,16,Jerusalem District,מלחמה
2018-08,12,Jerusalem District,מלחמה
2018-09,9,Jerusalem District,מלחמה
2018-10,19,Jerusalem District,מלחמה
2018-11,19,Jerusalem District,מלחמה
2018-12,17,Jerusalem District,מלחמה
2019-01,18,Jerusalem District,מלחמה
2019-02,19,Jerusalem District,מלחמה
2019-03,12,Jerusalem District,מלחמה
2019-04,21,Jerusalem District,מלחמה
2019-05,35,Jerusalem District,מלחמה
2019-06,21,Jerusalem District,מלחמה
2019-07,17,Jerusalem District,מלחמה
2019-08,18,Jerusalem District,מלחמה
2019-09,16,Jerusalem District,מלחמה
2019-10,19,Jerusalem District,מלחמה
2019-11,15,Jerusalem District,מלחמה
2019-12,12,Jerusalem District,מלחמה
2020-01,19,Jerusalem District,מלחמה
2020-02,13,Jerusalem District,מלחמה
2020-03,20,Jerusalem District,מלחמה
2020-04,28,Jerusalem District,מלחמה
2020-05,23,Jerusalem District,מלחמה
2020-06,17,Jerusalem District,מלחמה
2020-07,16,Jerusalem District,מלחמה
2020-08,14,Jerusalem District,מלחמה
2020-09,19,Jerusalem District,מלחמה
2020-10,22,Jerusalem District,מלחמה
2020-11,26,Jerusalem District,מלחמה
2020-12,17,Jerusalem District,מלחמה
2021-01,19,Jerusalem District,מלחמה
2021-02,14,Jerusalem District,מלחמה
2021-03,17,Jerusalem District,מלחמה
2021-04,14,Jerusalem District,מלחמה
2021-05,49,Jerusalem District,מלחמה
2021-06,24,Jerusalem District,מלחמה
2021-07,11,Jerusalem District,מלחמה
2021-08,11,Jerusalem District,מלחמה
2021-09,15,Jerusalem District,מלחמה
2021-10,7,Jerusalem District,מלחמה
2021-11,16,Jerusalem District,מלחמה
2021-12,22,Jerusalem District,מלחמה
2022-01,20,Jerusalem District,מלחמה
2022-02,100,Jerusalem District,מלחמה
2022-03,68,Jerusalem District,מלחמה
2022-04,38,Jerusalem District,מלחמה
2022-05,31,Jerusalem District,מלחמה
2022-06,21,Jerusalem District,מלחמה
2022-07,29,Jerusalem District,מלחמה
2022-08,26,Jerusalem District,מלחמה
2022-09,22,Jerusalem District,מלחמה
2022-10,22,Jerusalem District,מלחמה
2022-11,21,Jerusalem District,מלחמה
2022-12,21,Jerusalem District,מלחמה
2014-01,44,North District,מלחמה
2014-02,52,North District,מלחמה
2014-03,100,North District,מלחמה
2014-04,53,North District,מלחמה
2014-05,67,North District,מלחמה
2014-06,57,North District,מלחמה
2014-07,65,North District,מלחמה
2014-08,60,North District,מלחמה
2014-09,83,North District,מלחמה
2014-10,60,North District,מלחמה
2014-11,35,North District,מלחמה
2014-12,0,North District,מלחמה
2015-01,41,North District,מלחמה
2015-02,51,North District,מלחמה
2015-03,35,North District,מלחמה
2015-04,40,North District,מלחמה
2015-05,41,North District,מלחמה
2015-06,32,North District,מלחמה
2015-07,44,North District,מלחמה
2015-08,0,North District,מלחמה
2015-09,61,North District,מלחמה
2015-10,63,North District,מלחמה
2015-11,0,North District,מלחמה
2015-12,24,North District,מלחמה
2016-01,36,North District,מלחמה
2016-02,24,North District,מלחמה
2016-03,24,North District,מלחמה
2016-04,23,North District,מלחמה
2016-05,28,North District,מלחמה
2016-06,27,North District,מלחמה
2016-07,19,North District,מלחמה
2016-08,40,North District,מלחמה
2016-09,32,North District,מלחמה
2016-10,25,North District,מלחמה
2016-11,20,North District,מלחמה
2016-12,29,North District,מלחמה
2017-01,24,North District,מלחמה
2017-02,20,North District,מלחמה
2017-03,25,North District,מלחמה
2017-04,23,North District,מלחמה
2017-05,19,North District,מלחמה
2017-06,26,North District,מלחמה
2017-07,27,North District,מלחמה
2017-08,16,North District,מלחמה
2017-09,17,North District,מלחמה
2017-10,26,North District,מלחמה
2017-11,17,North District,מלחמה
2017-12,20,North District,מלחמה
2018-01,14,North District,מלחמה
2018-02,24,North District,מלחמה
2018-03,20,North District,מלחמה
2018-04,38,North District,מלחמה
2018-05,42,North District,מלחמה
2018-06,15,North District,מלחמה
2018-07,19,North District,מלחמה
2018-08,17,North District,מלחמה
2018-09,24,North District,מלחמה
2018-10,18,North District,מלחמה
2018-11,16,North District,מלחמה
2018-12,19,North District,מלחמה
2019-01,25,North District,מלחמה
2019-02,12,North District,מלחמה
2019-03,20,North District,מלחמה
2019-04,15,North District,מלחמה
2019-05,31,North District,מלחמה
2019-06,23,North District,מלחמה
2019-07,12,North District,מלחמה
2019-08,16,North District,מלחמה
2019-09,20,North District,מלחמה
2019-10,21,North District,מלחמה
2019-11,24,North District,מלחמה
2019-12,14,North District,מלחמה
2020-01,22,North District,מלחמה
2020-02,18,North District,מלחמה
2020-03,26,North District,מלחמה
2020-04,33,North District,מלחמה
2020-05,21,North District,מלחמה
2020-06,20,North District,מלחמה
2020-07,19,North District,מלחמה
2020-08,11,North District,מלחמה
2020-09,26,North District,מלחמה
2020-10,24,North District,מלחמה
2020-11,21,North District,מלחמה
2020-12,22,North District,מלחמה
2021-01,19,North District,מלחמה
2021-02,18,North District,מלחמה
2021-03,16,North District,מלחמה
2021-04,24,North District,מלחמה
2021-05,42,North District,מלחמה
2021-06,17,North District,מלחמה
2021-07,16,North District,מלחמה
2021-08,14,North District,מלחמה
2021-09,18,North District,מלחמה
2021-10,18,North District,מלחמה
2021-11,16,North District,מלחמה
2021-12,16,North District,מלחמה
2022-01,23,North District,מלחמה
2022-02,62,North District,מלחמה
2022-03,47,North District,מלחמה
2022-04,36,North District,מלחמה
2022-05,33,North District,מלחמה
2022-06,20,North District,מלחמה
2022-07,26,North District,מלחמה
2022-08,22,North District,מלחמה
2022-09,22,North District,מלחמה
2022-10,20,North District,מלחמה
2022-11,17,North District,מלחמה
2022-12,13,North District,מלחמה
2014-01,15,South District,מלחמה
2014-02,29,South District,מלחמה
2014-03,51,South District,מלחמה
2014-04,42,South District,מלחמה
2014-05,23,South District,מלחמה
2014-06,38,South District,מלחמה
2014-07,100,South District,מלחמה
2014-08,75,South District,מלחמה
2014-09,39,South District,מלחמה
2014-10,41,South District,מלחמה
2014-11,20,South District,מלחמה
2014-12,43,South District,מלחמה
2015-01,22,South District,מלחמה
2015-02,19,South District,מלחמה
2015-03,37,South District,מלחמה
2015-04,29,South District,מלחמה
2015-05,27,South District,מלחמה
2015-06,0,South District,מלחמה
2015-07,27,South District,מלחמה
2015-08,22,South District,מלחמה
2015-09,22,South District,מלחמה
2015-10,25,South District,מלחמה
2015-11,19,South District,מלחמה
2015-12,14,South District,מלחמה
2016-01,25,South District,מלחמה
2016-02,18,South District,מלחמה
2016-03,20,South District,מלחמה
2016-04,23,South District,מלחמה
2016-05,23,South District,מלחמה
2016-06,24,South District,מלחמה
2016-07,15,South District,מלחמה
2016-08,28,South District,מלחמה
2016-09,32,South District,מלחמה
2016-10,27,South District,מלחמה
2016-11,22,South District,מלחמה
2016-12,20,South District,מלחמה
2017-01,19,South District,מלחמה
2017-02,21,South District,מלחמה
2017-03,17,South District,מלחמה
2017-04,19,South District,מלחמה
2017-05,20,South District,מלחמה
2017-06,21,South District,מלחמה
2017-07,19,South District,מלחמה
2017-08,15,South District,מלחמה
2017-09,13,South District,מלחמה
2017-10,14,South District,מלחמה
2017-11,16,South District,מלחמה
2017-12,19,South District,מלחמה
2018-01,16,South District,מלחמה
2018-02,19,South District,מלחמה
2018-03,17,South District,מלחמה
2018-04,22,South District,מלחמה
2018-05,30,South District,מלחמה
2018-06,15,South District,מלחמה
2018-07,16,South District,מלחמה
2018-08,16,South District,מלחמה
2018-09,13,South District,מלחמה
2018-10,14,South District,מלחמה
2018-11,21,South District,מלחמה
2018-12,20,South District,מלחמה
2019-01,17,South District,מלחמה
2019-02,14,South District,מלחמה
2019-03,19,South District,מלחמה
2019-04,15,South District,מלחמה
2019-05,35,South District,מלחמה
2019-06,19,South District,מלחמה
2019-07,12,South District,מלחמה
2019-08,15,South District,מלחמה
2019-09,17,South District,מלחמה
2019-10,13,South District,מלחמה
2019-11,25,South District,מלחמה
2019-12,16,South District,מלחמה
2020-01,16,South District,מלחמה
2020-02,15,South District,מלחמה
2020-03,14,South District,מלחמה
2020-04,23,South District,מלחמה
2020-05,15,South District,מלחמה
2020-06,16,South District,מלחמה
2020-07,17,South District,מלחמה
2020-08,11,South District,מלחמה
2020-09,20,South District,מלחמה
2020-10,22,South District,מלחמה
2020-11,27,South District,מלחמה
2020-12,21,South District,מלחמה
2021-01,18,South District,מלחמה
2021-02,16,South District,מלחמה
2021-03,16,South District,מלחמה
2021-04,21,South District,מלחמה
2021-05,51,South District,מלחמה
2021-06,23,South District,מלחמה
2021-07,11,South District,מלחמה
2021-08,14,South District,מלחמה
2021-09,14,South District,מלחמה
2021-10,13,South District,מלחמה
2021-11,15,South District,מלחמה
2021-12,15,South District,מלחמה
2022-01,22,South District,מלחמה
2022-02,58,South District,מלחמה
2022-03,41,South District,מלחמה
2022-04,31,South District,מלחמה
2022-05,30,South District,מלחמה
2022-06,18,South District,מלחמה
2022-07,18,South District,מלחמה
2022-08,23,South District,מלחמה
2022-09,20,South District,מלחמה
2022-10,20,South District,מלחמה
2022-11,15,South District,מלחמה
2022-12,18,South District,מלחמה
2014-01,24,Tel Aviv District,מלחמה
2014-02,43,Tel Aviv District,מלחמה
2014-03,47,Tel Aviv District,מלחמה
2014-04,47,Tel Aviv District,מלחמה
2014-05,42,Tel Aviv District,מלחמה
2014-06,32,Tel Aviv District,מלחמה
2014-07,100,Tel Aviv District,מלחמה
2014-08,61,Tel Aviv District,מלחמה
2014-09,32,Tel Aviv District,מלחמה
2014-10,31,Tel Aviv District,מלחמה
2014-11,28,Tel Aviv District,מלחמה
2014-12,29,Tel Aviv District,מלחמה
2015-01,32,Tel Aviv District,מלחמה
2015-02,28,Tel Aviv District,מלחמה
2015-03,28,Tel Aviv District,מלחמה
2015-04,35,Tel Aviv District,מלחמה
2015-05,31,Tel Aviv District,מלחמה
2015-06,27,Tel Aviv District,מלחמה
2015-07,29,Tel Aviv District,מלחמה
2015-08,27,Tel Aviv District,מלחמה
2015-09,31,Tel Aviv District,מלחמה
2015-10,29,Tel Aviv District,מלחמה
2015-11,26,Tel Aviv District,מלחמה
2015-12,26,Tel Aviv District,מלחמה
2016-01,27,Tel Aviv District,מלחמה
2016-02,32,Tel Aviv District,מלחמה
2016-03,28,Tel Aviv District,מלחמה
2016-04,25,Tel Aviv District,מלחמה
2016-05,35,Tel Aviv District,מלחמה
2016-06,29,Tel Aviv District,מלחמה
2016-07,21,Tel Aviv District,מלחמה
2016-08,48,Tel Aviv District,מלחמה
2016-09,47,Tel Aviv District,מלחמה
2016-10,40,Tel Aviv District,מלחמה
2016-11,24,Tel Aviv District,מלחמה
2016-12,27,Tel Aviv District,מלחמה
2017-01,25,Tel Aviv District,מלחמה
2017-02,24,Tel Aviv District,מלחמה
2017-03,21,Tel Aviv District,מלחמה
2017-04,31,Tel Aviv District,מלחמה
2017-05,26,Tel Aviv District,מלחמה
2017-06,22,Tel Aviv District,מלחמה
2017-07,25,Tel Aviv District,מלחמה
2017-08,21,Tel Aviv District,מלחמה
2017-09,24,Tel Aviv District,מלחמה
2017-10,25,Tel Aviv District,מלחמה
2017-11,23,Tel Aviv District,מלחמה
2017-12,20,Tel Aviv District,מלחמה
2018-01,22,Tel Aviv District,מלחמה
2018-02,24,Tel Aviv District,מלחמה
2018-03,21,Tel Aviv District,מלחמה
2018-04,31,Tel Aviv District,מלחמה
2018-05,38,Tel Aviv District,מלחמה
2018-06,20,Tel Aviv District,מלחמה
2018-07,23,Tel Aviv District,מלחמה
2018-08,20,Tel Aviv District,מלחמה
2018-09,22,Tel Aviv District,מלחמה
2018-10,21,Tel Aviv District,מלחמה
2018-11,24,Tel Aviv District,מלחמה
2018-12,21,Tel Aviv District,מלחמה
2019-01,25,Tel Aviv District,מלחמה
2019-02,18,Tel Aviv District,מלחמה
2019-03,24,Tel Aviv District,מלחמה
2019-04,18,Tel Aviv District,מלחמה
2019-05,37,Tel Aviv District,מלחמה
2019-06,22,Tel Aviv District,מלחמה
2019-07,14,Tel Aviv District,מלחמה
2019-08,17,Tel Aviv District,מלחמה
2019-09,24,Tel Aviv District,מלחמה
2019-10,22,Tel Aviv District,מלחמה
2019-11,31,Tel Aviv District,מלחמה
2019-12,18,Tel Aviv District,מלחמה
2020-01,22,Tel Aviv District,מלחמה
2020-02,19,Tel Aviv District,מלחמה
2020-03,25,Tel Aviv District,מלחמה
2020-04,33,Tel Aviv District,מלחמה
2020-05,25,Tel Aviv District,מלחמה
2020-06,22,Tel Aviv District,מלחמה
2020-07,18,Tel Aviv District,מלחמה
2020-08,14,Tel Aviv District,מלחמה
2020-09,27,Tel Aviv District,מלחמה
2020-10,34,Tel Aviv District,מלחמה
2020-11,29,Tel Aviv District,מלחמה
2020-12,26,Tel Aviv District,מלחמה
2021-01,30,Tel Aviv District,מלחמה
2021-02,21,Tel Aviv District,מלחמה
2021-03,19,Tel Aviv District,מלחמה
2021-04,27,Tel Aviv District,מלחמה
2021-05,64,Tel Aviv District,מלחמה
2021-06,33,Tel Aviv District,מלחמה
2021-07,17,Tel Aviv District,מלחמה
2021-08,17,Tel Aviv District,מלחמה
2021-09,17,Tel Aviv District,מלחמה
2021-10,19,Tel Aviv District,מלחמה
2021-11,20,Tel Aviv District,מלחמה
2021-12,19,Tel Aviv District,מלחמה
2022-01,27,Tel Aviv District,מלחמה
2022-02,78,Tel Aviv District,מלחמה
2022-03,56,Tel Aviv District,מלחמה
2022-04,41,Tel Aviv District,מלחמה
2022-05,35,Tel Aviv District,מלחמה
2022-06,25,Tel Aviv District,מלחמה
2022-07,22,Tel Aviv District,מלחמה
2022-08,30,Tel Aviv District,מלחמה
2022-09,27,Tel Aviv District,מלחמה
2022-10,28,Tel Aviv District,מלחמה
2022-11,23,Tel Aviv District,מלחמה
2022-12,20,Tel Aviv District,מלחמה
2014-01,2,Center District,בחירות
2014-02,1,Center District,בחירות
2014-03,2,Center District,בחירות
2014-04,0,Center District,בחירות
2014-05,1,Center District,בחירות
2014-06,1,Center District,בחירות
2014-07,1,Center District,בחירות
2014-08,1,Center District,בחירות
2014-09,1,Center District,בחירות
2014-10,2,Center District,בחירות
2014-11,4,Center District,בחירות
2014-12,11,Center District,בחירות
2015-01,17,Center District,בחירות
2015-02,23,Center District,בחירות
2015-03,60,Center District,בחירות
2015-04,3,Center District,בחירות
2015-05,3,Center District,בחירות
2015-06,3,Center District,בחירות
2015-07,1,Center District,בחירות
2015-08,1,Center District,בחירות
2015-09,1,Center District,בחירות
2015-10,3,Center District,בחירות
2015-11,2,Center District,בחירות
2015-12,2,Center District,בחירות
2016-01,2,Center District,בחירות
2016-02,2,Center District,בחירות
2016-03,1,Center District,בחירות
2016-04,1,Center District,בחירות
2016-05,2,Center District,בחירות
2016-06,2,Center District,בחירות
2016-07,1,Center District,בחירות
2016-08,1,Center District,בחירות
2016-09,2,Center District,בחירות
2016-10,3,Center District,בחירות
2016-11,8,Center District,בחירות
2016-12,2,Center District,בחירות
2017-01,2,Center District,בחירות
2017-02,1,Center District,בחירות
2017-03,2,Center District,בחירות
2017-04,3,Center District,בחירות
2017-05,5,Center District,בחירות
2017-06,3,Center District,בחירות
2017-07,2,Center District,בחירות
2017-08,1,Center District,בחירות
2017-09,2,Center District,בחירות
2017-10,2,Center District,בחירות
2017-11,2,Center District,בחירות
2017-12,2,Center District,בחירות
2018-01,2,Center District,בחירות
2018-02,2,Center District,בחירות
2018-03,3,Center District,בחירות
2018-04,2,Center District,בחירות
2018-05,3,Center District,בחירות
2018-06,3,Center District,בחירות
2018-07,4,Center District,בחירות
2018-08,7,Center District,בחירות
2018-09,9,Center District,בחירות
2018-10,92,Center District,בחירות
2018-11,30,Center District,בחירות
2018-12,6,Center District,בחירות
2019-01,11,Center District,בחירות
2019-02,19,Center District,בחירות
2019-03,30,Center District,בחירות
2019-04,93,Center District,בחירות
2019-05,8,Center District,בחירות
2019-06,10,Center District,בחירות
2019-07,10,Center District,בחירות
2019-08,17,Center District,בחירות
2019-09,100,Center District,בחירות
2019-10,5,Center District,בחירות
2019-11,6,Center District,בחירות
2019-12,11,Center District,בחירות
2020-01,11,Center District,בחירות
2020-02,26,Center District,בחירות
2020-03,51,Center District,בחירות
2020-04,4,Center District,בחירות
2020-05,2,Center District,בחירות
2020-06,2,Center District,בחירות
2020-07,2,Center District,בחירות
2020-08,4,Center District,בחירות
2020-09,3,Center District,בחירות
2020-10,5,Center District,בחירות
2020-11,25,Center District,בחירות
2020-12,7,Center District,בחירות
2021-01,10,Center District,בחירות
2021-02,18,Center District,בחירות
2021-03,72,Center District,בחירות
2021-04,6,Center District,בחירות
2021-05,5,Center District,בחירות
2021-06,3,Center District,בחירות
2021-07,2,Center District,בחירות
2021-08,1,Center District,בחירות
2021-09,1,Center District,בחירות
2021-10,2,Center District,בחירות
2021-11,2,Center District,בחירות
2021-12,1,Center District,בחירות
2022-01,1,Center District,בחירות
2022-02,1,Center District,בחירות
2022-03,1,Center District,בחירות
2022-04,2,Center District,בחירות
2022-05,4,Center District,בחירות
2022-06,4,Center District,בחירות
2022-07,5,Center District,בחירות
2022-08,8,Center District,בחירות
2022-09,12,Center District,בחירות
2022-10,29,Center District,בחירות
2022-11,48,Center District,בחירות
2022-12,3,Center District,בחירות
2014-01,2,Haifa District,בחירות
2014-02,1,Haifa District,בחירות
2014-03,2,Haifa District,בחירות
2014-04,0,Haifa District,בחירות
2014-05,2,Haifa District,בחירות
2014-06,2,Haifa District,בחירות
2014-07,0,Haifa District,בחירות
2014-08,0,Haifa District,בחירות
2014-09,0,Haifa District,בחירות
2014-10,2,Haifa District,בחירות
2014-11,2,Haifa District,בחירות
2014-12,12,Haifa District,בחירות
2015-01,15,Haifa District,בחירות
2015-02,18,Haifa District,בחירות
2015-03,53,Haifa District,בחירות
2015-04,3,Haifa District,בחירות
2015-05,3,Haifa District,בחירות
2015-06,2,Haifa District,בחירות
2015-07,1,Haifa District,בחירות
2015-08,1,Haifa District,בחירות
2015-09,0,Haifa District,בחירות
2015-10,2,Haifa District,בחירות
2015-11,2,Haifa District,בחירות
2015-12,2,Haifa District,בחירות
2016-01,1,Haifa District,בחירות
2016-02,2,Haifa District,בחירות
2016-03,1,Haifa District,בחירות
2016-04,2,Haifa District,בחירות
2016-05,2,Haifa District,בחירות
2016-06,3,Haifa District,בחירות
2016-07,1,Haifa District,בחירות
2016-08,1,Haifa District,בחירות
2016-09,2,Haifa District,בחירות
2016-10,3,Haifa District,בחירות
2016-11,8,Haifa District,בחירות
2016-12,2,Haifa District,בחירות
2017-01,2,Haifa District,בחירות
2017-02,1,Haifa District,בחירות
2017-03,1,Haifa District,בחירות
2017-04,2,Haifa District,בחירות
2017-05,6,Haifa District,בחירות
2017-06,2,Haifa District,בחירות
2017-07,1,Haifa District,בחירות
2017-08,1,Haifa District,בחירות
2017-09,1,Haifa District,בחירות
2017-10,2,Haifa District,בחירות
2017-11,2,Haifa District,בחירות
2017-12,1,Haifa District,בחירות
2018-01,1,Haifa District,בחירות
2018-02,2,Haifa District,בחירות
2018-03,3,Haifa District,בחירות
2018-04,2,Haifa District,בחירות
2018-05,2,Haifa District,בחירות
2018-06,3,Haifa District,בחירות
2018-07,3,Haifa District,בחירות
2018-08,7,Haifa District,בחירות
2018-09,10,Haifa District,בחירות
2018-10,90,Haifa District,בחירות
2018-11,24,Haifa District,בחירות
2018-12,5,Haifa District,בחירות
2019-01,11,Haifa District,בחירות
2019-02,19,Haifa District,בחירות
2019-03,32,Haifa District,בחירות
2019-04,94,Haifa District,בחירות
2019-05,7,Haifa District,בחירות
2019-06,9,Haifa District,בחירות
2019-07,10,Haifa District,בחירות
2019-08,17,Haifa District,בחירות
2019-09,100,Haifa District,בחירות
2019-10,5,Haifa District,בחירות
2019-11,6,Haifa District,בחירות
2019-12,10,Haifa District,בחירות
2020-01,11,Haifa District,בחירות
2020-02,27,Haifa District,בחירות
2020-03,52,Haifa District,בחירות
2020-04,3,Haifa District,בחירות
2020-05,2,Haifa District,בחירות
2020-06,2,Haifa District,בחירות
2020-07,2,Haifa District,בחירות
2020-08,4,Haifa District,בחירות
2020-09,2,Haifa District,בחירות
2020-10,5,Haifa District,בחירות
2020-11,27,Haifa District,בחירות
2020-12,5,Haifa District,בחירות
2021-01,11,Haifa District,בחירות
2021-02,19,Haifa District,בחירות
2021-03,69,Haifa District,בחירות
2021-04,6,Haifa District,בחירות
2021-05,4,Haifa District,בחירות
2021-06,3,Haifa District,בחירות
2021-07,1,Haifa District,בחירות
2021-08,1,Haifa District,בחירות
2021-09,1,Haifa District,בחירות
2021-10,2,Haifa District,בחירות
2021-11,2,Haifa District,בחירות
2021-12,1,Haifa District,בחירות
2022-01,2,Haifa District,בחירות
2022-02,1,Haifa District,בחירות
2022-03,1,Haifa District,בחירות
2022-04,2,Haifa District,בחירות
2022-05,4,Haifa District,בחירות
2022-06,4,Haifa District,בחירות
2022-07,5,Haifa District,בחירות
2022-08,8,Haifa District,בחירות
2022-09,11,Haifa District,בחירות
2022-10,29,Haifa District,בחירות
2022-11,43,Haifa District,בחירות
2022-12,3,Haifa District,בחירות
2014-01,2,Jerusalem District,בחירות
2014-02,2,Jerusalem District,בחירות
2014-03,5,Jerusalem District,בחירות
2014-04,0,Jerusalem District,בחירות
2014-05,2,Jerusalem District,בחירות
2014-06,3,Jerusalem District,בחירות
2014-07,0,Jerusalem District,בחירות
2014-08,0,Jerusalem District,בחירות
2014-09,0,Jerusalem District,בחירות
2014-10,2,Jerusalem District,בחירות
2014-11,3,Jerusalem District,בחירות
2014-12,16,Jerusalem District,בחירות
2015-01,19,Jerusalem District,בחירות
2015-02,24,Jerusalem District,בחירות
2015-03,62,Jerusalem District,בחירות
2015-04,3,Jerusalem District,בחירות
2015-05,3,Jerusalem District,בחירות
2015-06,2,Jerusalem District,בחירות
2015-07,1,Jerusalem District,בחירות
2015-08,1,Jerusalem District,בחירות
2015-09,1,Jerusalem District,בחירות
2015-10,2,Jerusalem District,בחירות
2015-11,2,Jerusalem District,בחירות
2015-12,2,Jerusalem District,בחירות
2016-01,3,Jerusalem District,בחירות
2016-02,2,Jerusalem District,בחירות
2016-03,2,Jerusalem District,בחירות
2016-04,2,Jerusalem District,בחירות
2016-05,2,Jerusalem District,בחירות
2016-06,2,Jerusalem District,בחירות
2016-07,1,Jerusalem District,בחירות
2016-08,1,Jerusalem District,בחירות
2016-09,2,Jerusalem District,בחירות
2016-10,3,Jerusalem District,בחירות
2016-11,9,Jerusalem District,בחירות
2016-12,2,Jerusalem District,בחירות
2017-01,2,Jerusalem District,בחירות
2017-02,2,Jerusalem District,בחירות
2017-03,2,Jerusalem District,בחירות
2017-04,3,Jerusalem District,בחירות
2017-05,5,Jerusalem District,בחירות
2017-06,2,Jerusalem District,בחירות
2017-07,2,Jerusalem District,בחירות
2017-08,1,Jerusalem District,בחירות
2017-09,2,Jerusalem District,בחירות
2017-10,2,Jerusalem District,בחירות
2017-11,2,Jerusalem District,בחירות
2017-12,1,Jerusalem District,בחירות
2018-01,2,Jerusalem District,בחירות
2018-02,2,Jerusalem District,בחירות
2018-03,3,Jerusalem District,בחירות
2018-04,2,Jerusalem District,בחירות
2018-05,2,Jerusalem District,בחירות
2018-06,3,Jerusalem District,בחירות
2018-07,3,Jerusalem District,בחירות
2018-08,7,Jerusalem District,בחירות
2018-09,9,Jerusalem District,בחירות
2018-10,86,Jerusalem District,בחירות
2018-11,38,Jerusalem District,בחירות
2018-12,6,Jerusalem District,בחירות
2019-01,14,Jerusalem District,בחירות
2019-02,19,Jerusalem District,בחירות
2019-03,32,Jerusalem District,בחירות
2019-04,96,Jerusalem District,בחירות
2019-05,8,Jerusalem District,בחירות
2019-06,10,Jerusalem District,בחירות
2019-07,9,Jerusalem District,בחירות
2019-08,14,Jerusalem District,בחירות
2019-09,100,Jerusalem District,בחירות
2019-10,5,Jerusalem District,בחירות
2019-11,6,Jerusalem District,בחירות
2019-12,10,Jerusalem District,בחירות
2020-01,11,Jerusalem District,בחירות
2020-02,24,Jerusalem District,בחירות
2020-03,59,Jerusalem District,בחירות
2020-04,3,Jerusalem District,בחירות
2020-05,2,Jerusalem District,בחירות
2020-06,2,Jerusalem District,בחירות
2020-07,3,Jerusalem District,בחירות
2020-08,4,Jerusalem District,בחירות
2020-09,2,Jerusalem District,בחירות
2020-10,5,Jerusalem District,בחירות
2020-11,36,Jerusalem District,בחירות
2020-12,7,Jerusalem District,בחירות
2021-01,10,Jerusalem District,בחירות
2021-02,15,Jerusalem District,בחירות
2021-03,76,Jerusalem District,בחירות
2021-04,7,Jerusalem District,בחירות
2021-05,4,Jerusalem District,בחירות
2021-06,4,Jerusalem District,בחירות
2021-07,2,Jerusalem District,בחירות
2021-08,1,Jerusalem District,בחירות
2021-09,1,Jerusalem District,בחירות
2021-10,2,Jerusalem District,בחירות
2021-11,1,Jerusalem District,בחירות
2021-12,1,Jerusalem District,בחירות
2022-01,1,Jerusalem District,בחירות
2022-02,1,Jerusalem District,בחירות
2022-03,2,Jerusalem District,בחירות
2022-04,3,Jerusalem District,בחירות
2022-05,4,Jerusalem District,בחירות
2022-06,4,Jerusalem District,בחירות
2022-07,5,Jerusalem District,בחירות
2022-08,8,Jerusalem District,בחירות
2022-09,10,Jerusalem District,בחירות
2022-10,27,Jerusalem District,בחירות
2022-11,51,Jerusalem District,בחירות
2022-12,3,Jerusalem District,בחירות
2014-01,2,North District,בחירות
2014-02,0,North District,בחירות
2014-03,4,North District,בחירות
2014-04,0,North District,בחירות
2014-05,0,North District,בחירות
2014-06,0,North District,בחירות
2014-07,0,North District,בחירות
2014-08,0,North District,בחירות
2014-09,0,North District,בחירות
2014-10,0,North District,בחירות
2014-11,0,North District,בחירות
2014-12,6,North District,בחירות
2015-01,20,North District,בחירות
2015-02,26,North District,בחירות
2015-03,76,North District,בחירות
2015-04,3,North District,בחירות
2015-05,2,North District,בחירות
2015-06,4,North District,בחירות
2015-07,2,North District,בחירות
2015-08,2,North District,בחירות
2015-09,3,North District,בחירות
2015-10,2,North District,בחירות
2015-11,2,North District,בחירות
2015-12,2,North District,בחירות
2016-01,1,North District,בחירות
2016-02,3,North District,בחירות
2016-03,1,North District,בחירות
2016-04,1,North District,בחירות
2016-05,1,North District,בחירות
2016-06,2,North District,בחירות
2016-07,1,North District,בחירות
2016-08,1,North District,בחירות
2016-09,1,North District,בחירות
2016-10,2,North District,בחירות
2016-11,6,North District,בחירות
2016-12,1,North District,בחירות
2017-01,1,North District,בחירות
2017-02,1,North District,בחירות
2017-03,2,North District,בחירות
2017-04,2,North District,בחירות
2017-05,6,North District,בחירות
2017-06,1,North District,בחירות
2017-07,2,North District,בחירות
2017-08,1,North District,בחירות
2017-09,1,North District,בחירות
2017-10,2,North District,בחירות
2017-11,1,North District,בחירות
2017-12,1,North District,בחירות
2018-01,2,North District,בחירות
2018-02,2,North District,בחירות
2018-03,3,North District,בחירות
2018-04,2,North District,בחירות
2018-05,2,North District,בחירות
2018-06,2,North District,בחירות
2018-07,3,North District,בחירות
2018-08,6,North District,בחירות
2018-09,9,North District,בחירות
2018-10,84,North District,בחירות
2018-11,26,North District,בחירות
2018-12,4,North District,בחירות
2019-01,10,North District,בחירות
2019-02,18,North District,בחירות
2019-03,30,North District,בחירות
2019-04,85,North District,בחירות
2019-05,7,North District,בחירות
2019-06,9,North District,בחירות
2019-07,9,North District,בחירות
2019-08,12,North District,בחירות
2019-09,100,North District,בחירות
2019-10,4,North District,בחירות
2019-11,5,North District,בחירות
2019-12,9,North District,בחירות
2020-01,9,North District,בחירות
2020-02,24,North District,בחירות
2020-03,61,North District,בחירות
2020-04,2,North District,בחירות
2020-05,2,North District,בחירות
2020-06,1,North District,בחירות
2020-07,2,North District,בחירות
2020-08,3,North District,בחירות
2020-09,2,North District,בחירות
2020-10,3,North District,בחירות
2020-11,26,North District,בחירות
2020-12,4,North District,בחירות
2021-01,8,North District,בחירות
2021-02,15,North District,בחירות
2021-03,66,North District,בחירות
2021-04,5,North District,בחירות
2021-05,4,North District,בחירות
2021-06,3,North District,בחירות
2021-07,1,North District,בחירות
2021-08,1,North District,בחירות
2021-09,1,North District,בחירות
2021-10,2,North District,בחירות
2021-11,1,North District,בחירות
2021-12,1,North District,בחירות
2022-01,1,North District,בחירות
2022-02,1,North District,בחירות
2022-03,1,North District,בחירות
2022-04,2,North District,בחירות
2022-05,4,North District,בחירות
2022-06,3,North District,בחירות
2022-07,4,North District,בחירות
2022-08,7,North District,בחירות
2022-09,10,North District,בחירות
2022-10,29,North District,בחירות
2022-11,45,North District,בחירות
2022-12,2,North District,בחירות
2014-01,3,South District,בחירות
2014-02,0,South District,בחירות
2014-03,0,South District,בחירות
2014-04,0,South District,בחירות
2014-05,0,South District,בחירות
2014-06,0,South District,בחירות
2014-07,0,South District,בחירות
2014-08,0,South District,בחירות
2014-09,0,South District,בחירות
2014-10,2,South District,בחירות
2014-11,3,South District,בחירות
2014-12,10,South District,בחירות
2015-01,21,South District,בחירות
2015-02,21,South District,בחירות
2015-03,62,South District,בחירות
2015-04,4,South District,בחירות
2015-05,2,South District,בחירות
2015-06,2,South District,בחירות
2015-07,0,South District,בחירות
2015-08,0,South District,בחירות
2015-09,0,South District,בחירות
2015-10,3,South District,בחירות
2015-11,0,South District,בחירות
2015-12,3,South District,בחירות
2016-01,2,South District,בחירות
2016-02,1,South District,בחירות
2016-03,1,South District,בחירות
2016-04,1,South District,בחירות
2016-05,1,South District,בחירות
2016-06,1,South District,בחירות
2016-07,2,South District,בחירות
2016-08,1,South District,בחירות
2016-09,2,South District,בחירות
2016-10,3,South District,בחירות
2016-11,9,South District,בחירות
2016-12,2,South District,בחירות
2017-01,2,South District,בחירות
2017-02,2,South District,בחירות
2017-03,2,South District,בחירות
2017-04,2,South District,בחירות
2017-05,6,South District,בחירות
2017-06,2,South District,בחירות
2017-07,2,South District,בחירות
2017-08,1,South District,בחירות
2017-09,1,South District,בחירות
2017-10,2,South District,בחירות
2017-11,2,South District,בחירות
2017-12,2,South District,בחירות
2018-01,2,South District,בחירות
2018-02,2,South District,בחירות
2018-03,3,South District,בחירות
2018-04,1,South District,בחירות
2018-05,3,South District,בחירות
2018-06,3,South District,בחירות
2018-07,3,South District,בחירות
2018-08,7,South District,בחירות
2018-09,9,South District,בחירות
2018-10,90,South District,בחירות
2018-11,25,South District,בחירות
2018-12,6,South District,בחירות
2019-01,11,South District,בחירות
2019-02,17,South District,בחירות
2019-03,31,South District,בחירות
2019-04,94,South District,בחירות
2019-05,8,South District,בחירות
2019-06,9,South District,בחירות
2019-07,10,South District,בחירות
2019-08,16,South District,בחירות
2019-09,100,South District,בחירות
2019-10,5,South District,בחירות
2019-11,6,South District,בחירות
2019-12,10,South District,בחירות
2020-01,11,South District,בחירות
2020-02,26,South District,בחירות
2020-03,59,South District,בחירות
2020-04,3,South District,בחירות
2020-05,2,South District,בחירות
2020-06,1,South District,בחירות
2020-07,2,South District,בחירות
2020-08,3,South District,בחירות
2020-09,3,South District,בחירות
2020-10,4,South District,בחירות
2020-11,30,South District,בחירות
2020-12,5,South District,בחירות
2021-01,10,South District,בחירות
2021-02,17,South District,בחירות
2021-03,89,South District,בחירות
2021-04,6,South District,בחירות
2021-05,4,South District,בחירות
2021-06,4,South District,בחירות
2021-07,2,South District,בחירות
2021-08,2,South District,בחירות
2021-09,1,South District,בחירות
2021-10,2,South District,בחירות
2021-11,1,South District,בחירות
2021-12,1,South District,בחירות
2022-01,2,South District,בחירות
2022-02,2,South District,בחירות
2022-03,1,South District,בחירות
2022-04,2,South District,בחירות
2022-05,4,South District,בחירות
2022-06,3,South District,בחירות
2022-07,4,South District,בחירות
2022-08,8,South District,בחירות
2022-09,12,South District,בחירות
2022-10,32,South District,בחירות
2022-11,53,South District,בחירות
2022-12,3,South District,בחירות
2014-01,2,Tel Aviv District,בחירות
2014-02,1,Tel Aviv District,בחירות
2014-03,2,Tel Aviv District,בחירות
2014-04,1,Tel Aviv District,בחירות
2014-05,2,Tel Aviv District,בחירות
2014-06,1,Tel Aviv District,בחירות
2014-07,1,Tel Aviv District,בחירות
2014-08,1,Tel Aviv District,בחירות
2014-09,1,Tel Aviv District,בחירות
2014-10,2,Tel Aviv District,בחירות
2014-11,2,Tel Aviv District,בחירות
2014-12,13,Tel Aviv District,בחירות
2015-01,17,Tel Aviv District,בחירות
2015-02,24,Tel Aviv District,בחירות
2015-03,68,Tel Aviv District,בחירות
2015-04,3,Tel Aviv District,בחירות
2015-05,2,Tel Aviv District,בחירות
2015-06,3,Tel Aviv District,בחירות
2015-07,1,Tel Aviv District,בחירות
2015-08,1,Tel Aviv District,בחירות
2015-09,1,Tel Aviv District,בחירות
2015-10,2,Tel Aviv District,בחירות
2015-11,2,Tel Aviv District,בחירות
2015-12,2,Tel Aviv District,בחירות
2016-01,3,Tel Aviv District,בחירות
2016-02,2,Tel Aviv District,בחירות
2016-03,2,Tel Aviv District,בחירות
2016-04,1,Tel Aviv District,בחירות
2016-05,2,Tel Aviv District,בחירות
2016-06,2,Tel Aviv District,בחירות
2016-07,1,Tel Aviv District,בחירות
2016-08,1,Tel Aviv District,בחירות
2016-09,2,Tel Aviv District,בחירות
2016-10,2,Tel Aviv District,בחירות
2016-11,8,Tel Aviv District,בחירות
2016-12,1,Tel Aviv District,בחירות
2017-01,2,Tel Aviv District,בחירות
2017-02,1,Tel Aviv District,בחירות
2017-03,2,Tel Aviv District,בחירות
2017-04,2,Tel Aviv District,בחירות
2017-05,4,Tel Aviv District,בחירות
2017-06,2,Tel Aviv District,בחירות
2017-07,2,Tel Aviv District,בחירות
2017-08,1,Tel Aviv District,בחירות
2017-09,1,Tel Aviv District,בחירות
2017-10,2,Tel Aviv District,בחירות
2017-11,2,Tel Aviv District,בחירות
2017-12,2,Tel Aviv District,בחירות
2018-01,2,Tel Aviv District,בחירות
2018-02,2,Tel Aviv District,בחירות
2018-03,4,Tel Aviv District,בחירות
2018-04,2,Tel Aviv District,בחירות
2018-05,3,Tel Aviv District,בחירות
2018-06,3,Tel Aviv District,בחירות
2018-07,4,Tel Aviv District,בחירות
2018-08,9,Tel Aviv District,בחירות
2018-09,9,Tel Aviv District,בחירות
2018-10,92,Tel Aviv District,בחירות
2018-11,26,Tel Aviv District,בחירות
2018-12,6,Tel Aviv District,בחירות
2019-01,11,Tel Aviv District,בחירות
2019-02,21,Tel Aviv District,בחירות
2019-03,34,Tel Aviv District,בחירות
2019-04,99,Tel Aviv District,בחירות
2019-05,9,Tel Aviv District,בחירות
2019-06,11,Tel Aviv District,בחירות
2019-07,12,Tel Aviv District,בחירות
2019-08,18,Tel Aviv District,בחירות
2019-09,100,Tel Aviv District,בחירות
2019-10,5,Tel Aviv District,בחירות
2019-11,6,Tel Aviv District,בחירות
2019-12,11,Tel Aviv District,בחירות
2020-01,12,Tel Aviv District,בחירות
2020-02,28,Tel Aviv District,בחירות
2020-03,66,Tel Aviv District,בחירות
2020-04,3,Tel Aviv District,בחירות
2020-05,2,Tel Aviv District,בחירות
2020-06,2,Tel Aviv District,בחירות
2020-07,3,Tel Aviv District,בחירות
2020-08,4,Tel Aviv District,בחירות
2020-09,2,Tel Aviv District,בחירות
2020-10,6,Tel Aviv District,בחירות
2020-11,26,Tel Aviv District,בחירות
2020-12,7,Tel Aviv District,בחירות
2021-01,12,Tel Aviv District,בחירות
2021-02,21,Tel Aviv District,בחירות
2021-03,83,Tel Aviv District,בחירות
2021-04,7,Tel Aviv District,בחירות
2021-05,5,Tel Aviv District,בחירות
2021-06,3,Tel Aviv District,בחירות
2021-07,2,Tel Aviv District,בחירות
2021-08,1,Tel Aviv District,בחירות
2021-09,1,Tel Aviv District,בחירות
2021-10,2,Tel Aviv District,בחירות
2021-11,1,Tel Aviv District,בחירות
2021-12,1,Tel Aviv District,בחירות
2022-01,2,Tel Aviv District,בחירות
2022-02,2,Tel Aviv District,בחירות
2022-03,2,Tel Aviv District,בחירות
2022-04,3,Tel Aviv District,בחירות
2022-05,4,Tel Aviv District,בחירות
2022-06,5,Tel Aviv District,בחירות
2022-07,6,Tel Aviv District,בחירות
2022-08,10,Tel Aviv District,בחירות
2022-09,13,Tel Aviv District,בחירות
2022-10,37,Tel Aviv District,בחירות
2022-11,45,Tel Aviv District,בחירות
2022-12,3,Tel Aviv District,בחירות
2014-01,4,Center District,אזעקה
2014-02,11,Center District,אזעקה
2014-03,9,Center District,אזעקה
2014-04,5,Center District,אזעקה
2014-05,6,Center District,אזעקה
2014-06,0,Center District,אזעקה
2014-07,100,Center District,אזעקה
2014-08,25,Center District,אזעקה
2014-09,7,Center District,אזעקה
2014-10,7,Center District,אזעקה
2014-11,7,Center District,אזעקה
2014-12,6,Center District,אזעקה
2015-01,5,Center District,אזעקה
2015-02,5,Center District,אזעקה
2015-03,7,Center District,אזעקה
2015-04,8,Center District,אזעקה
2015-05,9,Center District,אזעקה
2015-06,8,Center District,אזעקה
2015-07,9,Center District,אזעקה
2015-08,7,Center District,אזעקה
2015-09,7,Center District,אזעקה
2015-10,6,Center District,אזעקה
2015-11,0,Center District,אזעקה
2015-12,6,Center District,אזעקה
2016-01,5,Center District,אזעקה
2016-02,9,Center District,אזעקה
2016-03,8,Center District,אזעקה
2016-04,5,Center District,אזעקה
2016-05,5,Center District,אזעקה
2016-06,6,Center District,אזעקה
2016-07,5,Center District,אזעקה
2016-08,6,Center District,אזעקה
2016-09,11,Center District,אזעקה
2016-10,6,Center District,אזעקה
2016-11,5,Center District,אזעקה
2016-12,6,Center District,אזעקה
2017-01,6,Center District,אזעקה
2017-02,8,Center District,אזעקה
2017-03,5,Center District,אזעקה
2017-04,4,Center District,אזעקה
2017-05,5,Center District,אזעקה
2017-06,3,Center District,אזעקה
2017-07,5,Center District,אזעקה
2017-08,9,Center District,אזעקה
2017-09,5,Center District,אזעקה
2017-10,6,Center District,אזעקה
2017-11,17,Center District,אזעקה
2017-12,5,Center District,אזעקה
2018-01,7,Center District,אזעקה
2018-02,6,Center District,אזעקה
2018-03,9,Center District,אזעקה
2018-04,7,Center District,אזעקה
2018-05,6,Center District,אזעקה
2018-06,5,Center District,אזעקה
2018-07,6,Center District,אזעקה
2018-08,5,Center District,אזעקה
2018-09,3,Center District,אזעקה
2018-10,5,Center District,אזעקה
2018-11,6,Center District,אזעקה
2018-12,6,Center District,אזעקה
2019-01,4,Center District,אזעקה
2019-02,4,Center District,אזעקה
2019-03,31,Center District,אזעקה
2019-04,5,Center District,אזעקה
2019-05,21,Center District,אזעקה
2019-06,5,Center District,אזעקה
2019-07,4,Center District,אזעקה
2019-08,5,Center District,אזעקה
2019-09,6,Center District,אזעקה
2019-10,4,Center District,אזעקה
2019-11,23,Center District,אזעקה
2019-12,3,Center District,אזעקה
2020-01,4,Center District,אזעקה
2020-02,5,Center District,אזעקה
2020-03,2,Center District,אזעקה
2020-04,4,Center District,אזעקה
2020-05,3,Center District,אזעקה
2020-06,5,Center District,אזעקה
2020-07,4,Center District,אזעקה
2020-08,5,Center District,אזעקה
2020-09,3,Center District,אזעקה
2020-10,3,Center District,אזעקה
2020-11,5,Center District,אזעקה
2020-12,3,Center District,אזעקה
2021-01,4,Center District,אזעקה
2021-02,4,Center District,אזעקה
2021-03,3,Center District,אזעקה
2021-04,6,Center District,אזעקה
2021-05,49,Center District,אזעקה
2021-06,6,Center District,אזעקה
2021-07,4,Center District,אזעקה
2021-08,7,Center District,אזעקה
2021-09,4,Center District,אזעקה
2021-10,4,Center District,אזעקה
2021-11,10,Center District,אזעקה
2021-12,5,Center District,אזעקה
2022-01,4,Center District,אזעקה
2022-02,4,Center District,אזעקה
2022-03,4,Center District,אזעקה
2022-04,6,Center District,אזעקה
2022-05,7,Center District,אזעקה
2022-06,4,Center District,אזעקה
2022-07,5,Center District,אזעקה
2022-08,16,Center District,אזעקה
2022-09,5,Center District,אזעקה
2022-10,3,Center District,אזעקה
2022-11,4,Center District,אזעקה
2022-12,4,Center District,אזעקה
2014-01,0,Haifa District,אזעקה
2014-02,0,Haifa District,אזעקה
2014-03,0,Haifa District,אזעקה
2014-04,0,Haifa District,אזעקה
2014-05,0,Haifa District,אזעקה
2014-06,0,Haifa District,אזעקה
2014-07,100,Haifa District,אזעקה
2014-08,23,Haifa District,אזעקה
2014-09,9,Haifa District,אזעקה
2014-10,0,Haifa District,אזעקה
2014-11,0,Haifa District,אזעקה
2014-12,0,Haifa District,אזעקה
2015-01,0,Haifa District,אזעקה
2015-02,0,Haifa District,אזעקה
2015-03,0,Haifa District,אזעקה
2015-04,0,Haifa District,אזעקה
2015-05,0,Haifa District,אזעקה
2015-06,13,Haifa District,אזעקה
2015-07,9,Haifa District,אזעקה
2015-08,0,Haifa District,אזעקה
2015-09,0,Haifa District,אזעקה
2015-10,0,Haifa District,אזעקה
2015-11,0,Haifa District,אזעקה
2015-12,0,Haifa District,אזעקה
2016-01,8,Haifa District,אזעקה
2016-02,8,Haifa District,אזעקה
2016-03,6,Haifa District,אזעקה
2016-04,6,Haifa District,אזעקה
2016-05,9,Haifa District,אזעקה
2016-06,12,Haifa District,אזעקה
2016-07,6,Haifa District,אזעקה
2016-08,0,Haifa District,אזעקה
2016-09,14,Haifa District,אזעקה
2016-10,8,Haifa District,אזעקה
2016-11,6,Haifa District,אזעקה
2016-12,5,Haifa District,אזעקה
2017-01,6,Haifa District,אזעקה
2017-02,10,Haifa District,אזעקה
2017-03,8,Haifa District,אזעקה
2017-04,9,Haifa District,אזעקה
2017-05,7,Haifa District,אזעקה
2017-06,7,Haifa District,אזעקה
2017-07,5,Haifa District,אזעקה
2017-08,6,Haifa District,אזעקה
2017-09,0,Haifa District,אזעקה
2017-10,9,Haifa District,אזעקה
2017-11,9,Haifa District,אזעקה
2017-12,0,Haifa District,אזעקה
2018-01,4,Haifa District,אזעקה
2018-02,10,Haifa District,אזעקה
2018-03,10,Haifa District,אזעקה
2018-04,10,Haifa District,אזעקה
2018-05,11,Haifa District,אזעקה
2018-06,7,Haifa District,אזעקה
2018-07,8,Haifa District,אזעקה
2018-08,0,Haifa District,אזעקה
2018-09,4,Haifa District,אזעקה
2018-10,6,Haifa District,אזעקה
2018-11,8,Haifa District,אזעקה
2018-12,5,Haifa District,אזעקה
2019-01,8,Haifa District,אזעקה
2019-02,5,Haifa District,אזעקה
2019-03,12,Haifa District,אזעקה
2019-04,5,Haifa District,אזעקה
2019-05,14,Haifa District,אזעקה
2019-06,4,Haifa District,אזעקה
2019-07,10,Haifa District,אזעקה
2019-08,6,Haifa District,אזעקה
2019-09,7,Haifa District,אזעקה
2019-10,5,Haifa District,אזעקה
2019-11,17,Haifa District,אזעקה
2019-12,4,Haifa District,אזעקה
2020-01,0,Haifa District,אזעקה
2020-02,4,Haifa District,אזעקה
2020-03,4,Haifa District,אזעקה
2020-04,5,Haifa District,אזעקה
2020-05,5,Haifa District,אזעקה
2020-06,5,Haifa District,אזעקה
2020-07,4,Haifa District,אזעקה
2020-08,5,Haifa District,אזעקה
2020-09,4,Haifa District,אזעקה
2020-10,0,Haifa District,אזעקה
2020-11,5,Haifa District,אזעקה
2020-12,4,Haifa District,אזעקה
2021-01,5,Haifa District,אזעקה
2021-02,5,Haifa District,אזעקה
2021-03,5,Haifa District,אזעקה
2021-04,5,Haifa District,אזעקה
2021-05,46,Haifa District,אזעקה
2021-06,6,Haifa District,אזעקה
2021-07,5,Haifa District,אזעקה
2021-08,8,Haifa District,אזעקה
2021-09,3,Haifa District,אזעקה
2021-10,4,Haifa District,אזעקה
2021-11,8,Haifa District,אזעקה
2021-12,22,Haifa District,אזעקה
2022-01,0,Haifa District,אזעקה
2022-02,14,Haifa District,אזעקה
2022-03,5,Haifa District,אזעקה
2022-04,5,Haifa District,אזעקה
2022-05,11,Haifa District,אזעקה
2022-06,4,Haifa District,אזעקה
2022-07,8,Haifa District,אזעקה
2022-08,11,Haifa District,אזעקה
2022-09,5,Haifa District,אזעקה
2022-10,4,Haifa District,אזעקה
2022-11,9,Haifa District,אזעקה
2022-12,3,Haifa District,אזעקה
2014-01,0,Jerusalem District,אזעקה
2014-02,14,Jerusalem District,אזעקה
2014-03,0,Jerusalem District,אזעקה
2014-04,0,Jerusalem District,אזעקה
2014-05,0,Jerusalem District,אזעקה
2014-06,0,Jerusalem District,אזעקה
2014-07,100,Jerusalem District,אזעקה
2014-08,15,Jerusalem District,אזעקה
2014-09,0,Jerusalem District,אזעקה
2014-10,0,Jerusalem District,אזעקה
2014-11,0,Jerusalem District,אזעקה
2014-12,0,Jerusalem District,אזעקה
2015-01,0,Jerusalem District,אזעקה
2015-02,0,Jerusalem District,אזעקה
2015-03,0,Jerusalem District,אזעקה
2015-04,0,Jerusalem District,אזעקה
2015-05,0,Jerusalem District,אזעקה
2015-06,0,Jerusalem District,אזעקה
2015-07,9,Jerusalem District,אזעקה
2015-08,7,Jerusalem District,אזעקה
2015-09,8,Jerusalem District,אזעקה
2015-10,9,Jerusalem District,אזעקה
2015-11,0,Jerusalem District,אזעקה
2015-12,0,Jerusalem District,אזעקה
2016-01,0,Jerusalem District,אזעקה
2016-02,9,Jerusalem District,אזעקה
2016-03,0,Jerusalem District,אזעקה
2016-04,0,Jerusalem District,אזעקה
2016-05,7,Jerusalem District,אזעקה
2016-06,0,Jerusalem District,אזעקה
2016-07,7,Jerusalem District,אזעקה
2016-08,9,Jerusalem District,אזעקה
2016-09,9,Jerusalem District,אזעקה
2016-10,0,Jerusalem District,אזעקה
2016-11,0,Jerusalem District,אזעקה
2016-12,7,Jerusalem District,אזעקה
2017-01,0,Jerusalem District,אזעקה
2017-02,0,Jerusalem District,אזעקה
2017-03,6,Jerusalem District,אזעקה
2017-04,6,Jerusalem District,אזעקה
2017-05,0,Jerusalem District,אזעקה
2017-06,0,Jerusalem District,אזעקה
2017-07,0,Jerusalem District,אזעקה
2017-08,0,Jerusalem District,אזעקה
2017-09,0,Jerusalem District,אזעקה
2017-10,0,Jerusalem District,אזעקה
2017-11,7,Jerusalem District,אזעקה
2017-12,7,Jerusalem District,אזעקה
2018-01,0,Jerusalem District,אזעקה
2018-02,7,Jerusalem District,אזעקה
2018-03,12,Jerusalem District,אזעקה
2018-04,8,Jerusalem District,אזעקה
2018-05,6,Jerusalem District,אזעקה
2018-06,0,Jerusalem District,אזעקה
2018-07,6,Jerusalem District,אזעקה
2018-08,0,Jerusalem District,אזעקה
2018-09,13,Jerusalem District,אזעקה
2018-10,0,Jerusalem District,אזעקה
2018-11,5,Jerusalem District,אזעקה
2018-12,0,Jerusalem District,אזעקה
2019-01,0,Jerusalem District,אזעקה
2019-02,17,Jerusalem District,אזעקה
2019-03,14,Jerusalem District,אזעקה
2019-04,0,Jerusalem District,אזעקה
2019-05,18,Jerusalem District,אזעקה
2019-06,0,Jerusalem District,אזעקה
2019-07,5,Jerusalem District,אזעקה
2019-08,0,Jerusalem District,אזעקה
2019-09,0,Jerusalem District,אזעקה
2019-10,0,Jerusalem District,אזעקה
2019-11,17,Jerusalem District,אזעקה
2019-12,0,Jerusalem District,אזעקה
2020-01,0,Jerusalem District,אזעקה
2020-02,0,Jerusalem District,אזעקה
2020-03,0,Jerusalem District,אזעקה
2020-04,0,Jerusalem District,אזעקה
2020-05,5,Jerusalem District,אזעקה
2020-06,0,Jerusalem District,אזעקה
2020-07,5,Jerusalem District,אזעקה
2020-08,0,Jerusalem District,אזעקה
2020-09,0,Jerusalem District,אזעקה
2020-10,0,Jerusalem District,אזעקה
2020-11,5,Jerusalem District,אזעקה
2020-12,0,Jerusalem District,אזעקה
2021-01,0,Jerusalem District,אזעקה
2021-02,0,Jerusalem District,אזעקה
2021-03,0,Jerusalem District,אזעקה
2021-04,6,Jerusalem District,אזעקה
2021-05,57,Jerusalem District,אזעקה
2021-06,0,Jerusalem District,אזעקה
2021-07,0,Jerusalem District,אזעקה
2021-08,0,Jerusalem District,אזעקה
2021-09,0,Jerusalem District,אזעקה
2021-10,0,Jerusalem District,אזעקה
2021-11,8,Jerusalem District,אזעקה
2021-12,6,Jerusalem District,אזעקה
2022-01,0,Jerusalem District,אזעקה
2022-02,4,Jerusalem District,אזעקה
2022-03,13,Jerusalem District,אזעקה
2022-04,4,Jerusalem District,אזעקה
2022-05,6,Jerusalem District,אזעקה
2022-06,7,Jerusalem District,אזעקה
2022-07,4,Jerusalem District,אזעקה
2022-08,12,Jerusalem District,אזעקה
2022-09,0,Jerusalem District,אזעקה
2022-10,0,Jerusalem District,אזעקה
2022-11,4,Jerusalem District,אזעקה
2022-12,3,Jerusalem District,אזעקה
2014-01,0,North District,אזעקה
2014-02,0,North District,אזעקה
2014-03,0,North District,אזעקה
2014-04,0,North District,אזעקה
2014-05,0,North District,אזעקה
2014-06,0,North District,אזעקה
2014-07,100,North District,אזעקה
2014-08,45,North District,אזעקה
2014-09,49,North District,אזעקה
2014-10,0,North District,אזעקה
2014-11,30,North District,אזעקה
2014-12,0,North District,אזעקה
2015-01,0,North District,אזעקה
2015-02,0,North District,אזעקה
2015-03,0,North District,אזעקה
2015-04,0,North District,אזעקה
2015-05,24,North District,אזעקה
2015-06,29,North District,אזעקה
2015-07,0,North District,אזעקה
2015-08,0,North District,אזעקה
2015-09,0,North District,אזעקה
2015-10,0,North District,אזעקה
2015-11,0,North District,אזעקה
2015-12,0,North District,אזעקה
2016-01,0,North District,אזעקה
2016-02,0,North District,אזעקה
2016-03,0,North District,אזעקה
2016-04,8,North District,אזעקה
2016-05,9,North District,אזעקה
2016-06,0,North District,אזעקה
2016-07,0,North District,אזעקה
2016-08,0,North District,אזעקה
2016-09,15,North District,אזעקה
2016-10,9,North District,אזעקה
2016-11,8,North District,אזעקה
2016-12,8,North District,אזעקה
2017-01,8,North District,אזעקה
2017-02,9,North District,אזעקה
2017-03,9,North District,אזעקה
2017-04,0,North District,אזעקה
2017-05,0,North District,אזעקה
2017-06,8,North District,אזעקה
2017-07,14,North District,אזעקה
2017-08,0,North District,אזעקה
2017-09,0,North District,אזעקה
2017-10,10,North District,אזעקה
2017-11,10,North District,אזעקה
2017-12,7,North District,אזעקה
2018-01,6,North District,אזעקה
2018-02,36,North District,אזעקה
2018-03,14,North District,אזעקה
2018-04,13,North District,אזעקה
2018-05,12,North District,אזעקה
2018-06,8,North District,אזעקה
2018-07,19,North District,אזעקה
2018-08,8,North District,אזעקה
2018-09,6,North District,אזעקה
2018-10,7,North District,אזעקה
2018-11,7,North District,אזעקה
2018-12,6,North District,אזעקה
2019-01,5,North District,אזעקה
2019-02,9,North District,אזעקה
2019-03,15,North District,אזעקה
2019-04,0,North District,אזעקה
2019-05,20,North District,אזעקה
2019-06,7,North District,אזעקה
2019-07,0,North District,אזעקה
2019-08,8,North District,אזעקה
2019-09,8,North District,אזעקה
2019-10,6,North District,אזעקה
2019-11,18,North District,אזעקה
2019-12,7,North District,אזעקה
2020-01,7,North District,אזעקה
2020-02,0,North District,אזעקה
2020-03,7,North District,אזעקה
2020-04,8,North District,אזעקה
2020-05,6,North District,אזעקה
2020-06,4,North District,אזעקה
2020-07,6,North District,אזעקה
2020-08,5,North District,אזעקה
2020-09,4,North District,אזעקה
2020-10,0,North District,אזעקה
2020-11,9,North District,אזעקה
2020-12,4,North District,אזעקה
2021-01,6,North District,אזעקה
2021-02,8,North District,אזעקה
2021-03,0,North District,אזעקה
2021-04,11,North District,אזעקה
2021-05,52,North District,אזעקה
2021-06,5,North District,אזעקה
2021-07,6,North District,אזעקה
2021-08,9,North District,אזעקה
2021-09,8,North District,אזעקה
2021-10,8,North District,אזעקה
2021-11,6,North District,אזעקה
2021-12,6,North District,אזעקה
2022-01,5,North District,אזעקה
2022-02,13,North District,אזעקה
2022-03,4,North District,אזעקה
2022-04,8,North District,אזעקה
2022-05,10,North District,אזעקה
2022-06,4,North District,אזעקה
2022-07,0,North District,אזעקה
2022-08,13,North District,אזעקה
2022-09,4,North District,אזעקה
2022-10,4,North District,אזעקה
2022-11,7,North District,אזעקה
2022-12,6,North District,אזעקה
2014-01,0,South District,אזעקה
2014-02,0,South District,אזעקה
2014-03,0,South District,אזעקה
2014-04,0,South District,אזעקה
2014-05,15,South District,אזעקה
2014-06,0,South District,אזעקה
2014-07,100,South District,אזעקה
2014-08,44,South District,אזעקה
2014-09,14,South District,אזעקה
2014-10,0,South District,אזעקה
2014-11,0,South District,אזעקה
2014-12,15,South District,אזעקה
2015-01,0,South District,אזעקה
2015-02,0,South District,אזעקה
2015-03,0,South District,אזעקה
2015-04,0,South District,אזעקה
2015-05,0,South District,אזעקה
2015-06,15,South District,אזעקה
2015-07,15,South District,אזעקה
2015-08,0,South District,אזעקה
2015-09,0,South District,אזעקה
2015-10,0,South District,אזעקה
2015-11,0,South District,אזעקה
2015-12,0,South District,אזעקה
2016-01,5,South District,אזעקה
2016-02,9,South District,אזעקה
2016-03,12,South District,אזעקה
2016-04,5,South District,אזעקה
2016-05,9,South District,אזעקה
2016-06,6,South District,אזעקה
2016-07,5,South District,אזעקה
2016-08,7,South District,אזעקה
2016-09,10,South District,אזעקה
2016-10,6,South District,אזעקה
2016-11,0,South District,אזעקה
2016-12,7,South District,אזעקה
2017-01,0,South District,אזעקה
2017-02,8,South District,אזעקה
2017-03,7,South District,אזעקה
2017-04,7,South District,אזעקה
2017-05,0,South District,אזעקה
2017-06,7,South District,אזעקה
2017-07,7,South District,אזעקה
2017-08,6,South District,אזעקה
2017-09,5,South District,אזעקה
2017-10,6,South District,אזעקה
2017-11,7,South District,אזעקה
2017-12,13,South District,אזעקה
2018-01,6,South District,אזעקה
2018-02,9,South District,אזעקה
2018-03,10,South District,אזעקה
2018-04,5,South District,אזעקה
2018-05,13,South District,אזעקה
2018-06,3,South District,אזעקה
2018-07,13,South District,אזעקה
2018-08,12,South District,אזעקה
2018-09,5,South District,אזעקה
2018-10,22,South District,אזעקה
2018-11,20,South District,אזעקה
2018-12,4,South District,אזעקה
2019-01,9,South District,אזעקה
2019-02,5,South District,אזעקה
2019-03,20,South District,אזעקה
2019-04,3,South District,אזעקה
2019-05,37,South District,אזעקה
2019-06,9,South District,אזעקה
2019-07,5,South District,אזעקה
2019-08,7,South District,אזעקה
2019-09,8,South District,אזעקה
2019-10,6,South District,אזעקה
2019-11,33,South District,אזעקה
2019-12,9,South District,אזעקה
2020-01,4,South District,אזעקה
2020-02,10,South District,אזעקה
2020-03,4,South District,אזעקה
2020-04,6,South District,אזעקה
2020-05,0,South District,אזעקה
2020-06,6,South District,אזעקה
2020-07,6,South District,אזעקה
2020-08,7,South District,אזעקה
2020-09,8,South District,אזעקה
2020-10,7,South District,אזעקה
2020-11,9,South District,אזעקה
2020-12,4,South District,אזעקה
2021-01,6,South District,אזעקה
2021-02,5,South District,אזעקה
2021-03,5,South District,אזעקה
2021-04,9,South District,אזעקה
2021-05,62,South District,אזעקה
2021-06,8,South District,אזעקה
2021-07,6,South District,אזעקה
2021-08,10,South District,אזעקה
2021-09,6,South District,אזעקה
2021-10,5,South District,אזעקה
2021-11,11,South District,אזעקה
2021-12,6,South District,אזעקה
2022-01,0,South District,אזעקה
2022-02,6,South District,אזעקה
2022-03,3,South District,אזעקה
2022-04,9,South District,אזעקה
2022-05,8,South District,אזעקה
2022-06,7,South District,אזעקה
2022-07,8,South District,אזעקה
2022-08,20,South District,אזעקה
2022-09,4,South District,אזעקה
2022-10,3,South District,אזעקה
2022-11,3,South District,אזעקה
2022-12,3,South District,אזעקה
2014-01,7,Tel Aviv District,אזעקה
2014-02,11,Tel Aviv District,אזעקה
2014-03,9,Tel Aviv District,אזעקה
2014-04,7,Tel Aviv District,אזעקה
2014-05,5,Tel Aviv District,אזעקה
2014-06,6,Tel Aviv District,אזעקה
2014-07,100,Tel Aviv District,אזעקה
2014-08,28,Tel Aviv District,אזעקה
2014-09,10,Tel Aviv District,אזעקה
2014-10,7,Tel Aviv District,אזעקה
2014-11,7,Tel Aviv District,אזעקה
2014-12,7,Tel Aviv District,אזעקה
2015-01,7,Tel Aviv District,אזעקה
2015-02,6,Tel Aviv District,אזעקה
2015-03,7,Tel Aviv District,אזעקה
2015-04,9,Tel Aviv District,אזעקה
2015-05,7,Tel Aviv District,אזעקה
2015-06,14,Tel Aviv District,אזעקה
2015-07,10,Tel Aviv District,אזעקה
2015-08,7,Tel Aviv District,אזעקה
2015-09,7,Tel Aviv District,אזעקה
2015-10,7,Tel Aviv District,אזעקה
2015-11,5,Tel Aviv District,אזעקה
2015-12,6,Tel Aviv District,אזעקה
2016-01,4,Tel Aviv District,אזעקה
2016-02,8,Tel Aviv District,אזעקה
2016-03,6,Tel Aviv District,אזעקה
2016-04,4,Tel Aviv District,אזעקה
2016-05,6,Tel Aviv District,אזעקה
2016-06,6,Tel Aviv District,אזעקה
2016-07,5,Tel Aviv District,אזעקה
2016-08,6,Tel Aviv District,אזעקה
2016-09,10,Tel Aviv District,אזעקה
2016-10,5,Tel Aviv District,אזעקה
2016-11,5,Tel Aviv District,אזעקה
2016-12,6,Tel Aviv District,אזעקה
2017-01,4,Tel Aviv District,אזעקה
2017-02,4,Tel Aviv District,אזעקה
2017-03,5,Tel Aviv District,אזעקה
2017-04,6,Tel Aviv District,אזעקה
2017-05,5,Tel Aviv District,אזעקה
2017-06,5,Tel Aviv District,אזעקה
2017-07,7,Tel Aviv District,אזעקה
2017-08,5,Tel Aviv District,אזעקה
2017-09,4,Tel Aviv District,אזעקה
2017-10,5,Tel Aviv District,אזעקה
2017-11,14,Tel Aviv District,אזעקה
2017-12,7,Tel Aviv District,אזעקה
2018-01,7,Tel Aviv District,אזעקה
2018-02,7,Tel Aviv District,אזעקה
2018-03,13,Tel Aviv District,אזעקה
2018-04,7,Tel Aviv District,אזעקה
2018-05,7,Tel Aviv District,אזעקה
2018-06,8,Tel Aviv District,אזעקה
2018-07,7,Tel Aviv District,אזעקה
2018-08,5,Tel Aviv District,אזעקה
2018-09,5,Tel Aviv District,אזעקה
2018-10,6,Tel Aviv District,אזעקה
2018-11,8,Tel Aviv District,אזעקה
2018-12,9,Tel Aviv District,אזעקה
2019-01,5,Tel Aviv District,אזעקה
2019-02,5,Tel Aviv District,אזעקה
2019-03,41,Tel Aviv District,אזעקה
2019-04,5,Tel Aviv District,אזעקה
2019-05,22,Tel Aviv District,אזעקה
2019-06,5,Tel Aviv District,אזעקה
2019-07,4,Tel Aviv District,אזעקה
2019-08,5,Tel Aviv District,אזעקה
2019-09,5,Tel Aviv District,אזעקה
2019-10,3,Tel Aviv District,אזעקה
2019-11,23,Tel Aviv District,אזעקה
2019-12,5,Tel Aviv District,אזעקה
2020-01,3,Tel Aviv District,אזעקה
2020-02,4,Tel Aviv District,אזעקה
2020-03,2,Tel Aviv District,אזעקה
2020-04,5,Tel Aviv District,אזעקה
2020-05,4,Tel Aviv District,אזעקה
2020-06,5,Tel Aviv District,אזעקה
2020-07,5,Tel Aviv District,אזעקה
2020-08,5,Tel Aviv District,אזעקה
2020-09,5,Tel Aviv District,אזעקה
2020-10,4,Tel Aviv District,אזעקה
2020-11,5,Tel Aviv District,אזעקה
2020-12,4,Tel Aviv District,אזעקה
2021-01,5,Tel Aviv District,אזעקה
2021-02,4,Tel Aviv District,אזעקה
2021-03,4,Tel Aviv District,אזעקה
2021-04,7,Tel Aviv District,אזעקה
2021-05,54,Tel Aviv District,אזעקה
2021-06,5,Tel Aviv District,אזעקה
2021-07,5,Tel Aviv District,אזעקה
2021-08,6,Tel Aviv District,אזעקה
2021-09,6,Tel Aviv District,אזעקה
2021-10,4,Tel Aviv District,אזעקה
2021-11,11,Tel Aviv District,אזעקה
2021-12,5,Tel Aviv District,אזעקה
2022-01,3,Tel Aviv District,אזעקה
2022-02,5,Tel Aviv District,אזעקה
2022-03,3,Tel Aviv District,אזעקה
2022-04,6,Tel Aviv District,אזעקה
2022-05,16,Tel Aviv District,אזעקה
2022-06,5,Tel Aviv District,אזעקה
2022-07,5,Tel Aviv District,אזעקה
2022-08,17,Tel Aviv District,אזעקה
2022-09,5,Tel Aviv District,אזעקה
2022-10,4,Tel Aviv District,אזעקה
2022-11,3,Tel Aviv District,אזעקה
2022-12,4,Tel Aviv District,אזעקה
2014-01,0,Center District,טרור
2014-02,0,Center District,טרור
2014-03,0,Center District,טרור
2014-04,0,Center District,טרור
2014-05,0,Center District,טרור
2014-06,0,Center District,טרור
2014-07,100,Center District,טרור
2014-08,51,Center District,טרור
2014-09,49,Center District,טרור
2014-10,0,Center District,טרור
2014-11,0,Center District,טרור
2014-12,0,Center District,טרור
2015-01,48,Center District,טרור
2015-02,44,Center District,טרור
2015-03,0,Center District,טרור
2015-04,0,Center District,טרור
2015-05,0,Center District,טרור
2015-06,31,Center District,טרור
2015-07,0,Center District,טרור
2015-08,0,Center District,טרור
2015-09,0,Center District,טרור
2015-10,61,Center District,טרור
2015-11,74,Center District,טרור
2015-12,60,Center District,טרור
2016-01,38,Center District,טרור
2016-02,29,Center District,טרור
2016-03,40,Center District,טרור
2016-04,25,Center District,טרור
2016-05,26,Center District,טרור
2016-06,35,Center District,טרור
2016-07,37,Center District,טרור
2016-08,22,Center District,טרור
2016-09,20,Center District,טרור
2016-10,26,Center District,טרור
2016-11,23,Center District,טרור
2016-12,20,Center District,טרור
2017-01,25,Center District,טרור
2017-02,18,Center District,טרור
2017-03,23,Center District,טרור
2017-04,25,Center District,טרור
2017-05,20,Center District,טרור
2017-06,21,Center District,טרור
2017-07,19,Center District,טרור
2017-08,20,Center District,טרור
2017-09,19,Center District,טרור
2017-10,38,Center District,טרור
2017-11,18,Center District,טרור
2017-12,18,Center District,טרור
2018-01,25,Center District,טרור
2018-02,21,Center District,טרור
2018-03,24,Center District,טרור
2018-04,23,Center District,טרור
2018-05,34,Center District,טרור
2018-06,33,Center District,טרור
2018-07,24,Center District,טרור
2018-08,27,Center District,טרור
2018-09,23,Center District,טרור
2018-10,28,Center District,טרור
2018-11,16,Center District,טרור
2018-12,36,Center District,טרור
2019-01,23,Center District,טרור
2019-02,22,Center District,טרור
2019-03,28,Center District,טרור
2019-04,29,Center District,טרור
2019-05,32,Center District,טרור
2019-06,26,Center District,טרור
2019-07,16,Center District,טרור
2019-08,22,Center District,טרור
2019-09,24,Center District,טרור
2019-10,22,Center District,טרור
2019-11,30,Center District,טרור
2019-12,19,Center District,טרור
2020-01,17,Center District,טרור
2020-02,22,Center District,טרור
2020-03,27,Center District,טרור
2020-04,18,Center District,טרור
2020-05,21,Center District,טרור
2020-06,16,Center District,טרור
2020-07,19,Center District,טרור
2020-08,15,Center District,טרור
2020-09,20,Center District,טרור
2020-10,24,Center District,טרור
2020-11,22,Center District,טרור
2020-12,17,Center District,טרור
2021-01,15,Center District,טרור
2021-02,13,Center District,טרור
2021-03,18,Center District,טרור
2021-04,24,Center District,טרור
2021-05,58,Center District,טרור
2021-06,22,Center District,טרור
2021-07,11,Center District,טרור
2021-08,15,Center District,טרור
2021-09,20,Center District,טרור
2021-10,16,Center District,טרור
2021-11,18,Center District,טרור
2021-12,19,Center District,טרור
2022-01,13,Center District,טרור
2022-02,18,Center District,טרור
2022-03,44,Center District,טרור
2022-04,40,Center District,טרור
2022-05,40,Center District,טרור
2022-06,18,Center District,טרור
2022-07,20,Center District,טרור
2022-08,23,Center District,טרור
2022-09,28,Center District,טרור
2022-10,41,Center District,טרור
2022-11,31,Center District,טרור
2022-12,24,Center District,טרור
2014-01,0,Haifa District,טרור
2014-02,0,Haifa District,טרור
2014-03,0,Haifa District,טרור
2014-04,0,Haifa District,טרור
2014-05,0,Haifa District,טרור
2014-06,0,Haifa District,טרור
2014-07,73,Haifa District,טרור
2014-08,100,Haifa District,טרור
2014-09,57,Haifa District,טרור
2014-10,0,Haifa District,טרור
2014-11,0,Haifa District,טרור
2014-12,0,Haifa District,טרור
2015-01,0,Haifa District,טרור
2015-02,0,Haifa District,טרור
2015-03,0,Haifa District,טרור
2015-04,0,Haifa District,טרור
2015-05,0,Haifa District,טרור
2015-06,0,Haifa District,טרור
2015-07,0,Haifa District,טרור
2015-08,0,Haifa District,טרור
2015-09,0,Haifa District,טרור
2015-10,72,Haifa District,טרור
2015-11,63,Haifa District,טרור
2015-12,0,Haifa District,טרור
2016-01,39,Haifa District,טרור
2016-02,35,Haifa District,טרור
2016-03,34,Haifa District,טרור
2016-04,0,Haifa District,טרור
2016-05,0,Haifa District,טרור
2016-06,45,Haifa District,טרור
2016-07,45,Haifa District,טרור
2016-08,0,Haifa District,טרור
2016-09,0,Haifa District,טרור
2016-10,0,Haifa District,טרור
2016-11,0,Haifa District,טרור
2016-12,29,Haifa District,טרור
2017-01,0,Haifa District,טרור
2017-02,0,Haifa District,טרור
2017-03,0,Haifa District,טרור
2017-04,34,Haifa District,טרור
2017-05,0,Haifa District,טרור
2017-06,0,Haifa District,טרור
2017-07,0,Haifa District,טרור
2017-08,0,Haifa District,טרור
2017-09,0,Haifa District,טרור
2017-10,32,Haifa District,טרור
2017-11,0,Haifa District,טרור
2017-12,25,Haifa District,טרור
2018-01,0,Haifa District,טרור
2018-02,0,Haifa District,טרור
2018-03,0,Haifa District,טרור
2018-04,31,Haifa District,טרור
2018-05,0,Haifa District,טרור
2018-06,57,Haifa District,טרור
2018-07,0,Haifa District,טרור
2018-08,26,Haifa District,טרור
2018-09,0,Haifa District,טרור
2018-10,0,Haifa District,טרור
2018-11,26,Haifa District,טרור
2018-12,37,Haifa District,טרור
2019-01,22,Haifa District,טרור
2019-02,27,Haifa District,טרור
2019-03,23,Haifa District,טרור
2019-04,25,Haifa District,טרור
2019-05,32,Haifa District,טרור
2019-06,33,Haifa District,טרור
2019-07,0,Haifa District,טרור
2019-08,0,Haifa District,טרור
2019-09,21,Haifa District,טרור
2019-10,0,Haifa District,טרור
2019-11,0,Haifa District,טרור
2019-12,0,Haifa District,טרור
2020-01,21,Haifa District,טרור
2020-02,23,Haifa District,טרור
2020-03,20,Haifa District,טרור
2020-04,26,Haifa District,טרור
2020-05,20,Haifa District,טרור
2020-06,0,Haifa District,טרור
2020-07,21,Haifa District,טרור
2020-08,21,Haifa District,טרור
2020-09,18,Haifa District,טרור
2020-10,0,Haifa District,טרור
2020-11,18,Haifa District,טרור
2020-12,0,Haifa District,טרור
2021-01,20,Haifa District,טרור
2021-02,0,Haifa District,טרור
2021-03,0,Haifa District,טרור
2021-04,24,Haifa District,טרור
2021-05,38,Haifa District,טרור
2021-06,19,Haifa District,טרור
2021-07,0,Haifa District,טרור
2021-08,21,Haifa District,טרור
2021-09,0,Haifa District,טרור
2021-10,22,Haifa District,טרור
2021-11,0,Haifa District,טרור
2021-12,19,Haifa District,טרור
2022-01,20,Haifa District,טרור
2022-02,22,Haifa District,טרור
2022-03,35,Haifa District,טרור
2022-04,35,Haifa District,טרור
2022-05,38,Haifa District,טרור
2022-06,27,Haifa District,טרור
2022-07,38,Haifa District,טרור
2022-08,22,Haifa District,טרור
2022-09,0,Haifa District,טרור
2022-10,21,Haifa District,טרור
2022-11,21,Haifa District,טרור
2022-12,22,Haifa District,טרור
2014-01,0,Jerusalem District,טרור
2014-02,0,Jerusalem District,טרור
2014-03,0,Jerusalem District,טרור
2014-04,0,Jerusalem District,טרור
2014-05,0,Jerusalem District,טרור
2014-06,0,Jerusalem District,טרור
2014-07,77,Jerusalem District,טרור
2014-08,0,Jerusalem District,טרור
2014-09,0,Jerusalem District,טרור
2014-10,0,Jerusalem District,טרור
2014-11,0,Jerusalem District,טרור
2014-12,0,Jerusalem District,טרור
2015-01,0,Jerusalem District,טרור
2015-02,0,Jerusalem District,טרור
2015-03,0,Jerusalem District,טרור
2015-04,0,Jerusalem District,טרור
2015-05,0,Jerusalem District,טרור
2015-06,0,Jerusalem District,טרור
2015-07,25,Jerusalem District,טרור
2015-08,28,Jerusalem District,טרור
2015-09,30,Jerusalem District,טרור
2015-10,87,Jerusalem District,טרור
2015-11,100,Jerusalem District,טרור
2015-12,88,Jerusalem District,טרור
2016-01,60,Jerusalem District,טרור
2016-02,0,Jerusalem District,טרור
2016-03,48,Jerusalem District,טרור
2016-04,0,Jerusalem District,טרור
2016-05,44,Jerusalem District,טרור
2016-06,29,Jerusalem District,טרור
2016-07,42,Jerusalem District,טרור
2016-08,0,Jerusalem District,טרור
2016-09,0,Jerusalem District,טרור
2016-10,0,Jerusalem District,טרור
2016-11,0,Jerusalem District,טרור
2016-12,44,Jerusalem District,טרור
2017-01,29,Jerusalem District,טרור
2017-02,26,Jerusalem District,טרור
2017-03,0,Jerusalem District,טרור
2017-04,40,Jerusalem District,טרור
2017-05,33,Jerusalem District,טרור
2017-06,0,Jerusalem District,טרור
2017-07,0,Jerusalem District,טרור
2017-08,0,Jerusalem District,טרור
2017-09,0,Jerusalem District,טרור
2017-10,0,Jerusalem District,טרור
2017-11,0,Jerusalem District,טרור
2017-12,0,Jerusalem District,טרור
2018-01,0,Jerusalem District,טרור
2018-02,0,Jerusalem District,טרור
2018-03,0,Jerusalem District,טרור
2018-04,0,Jerusalem District,טרור
2018-05,27,Jerusalem District,טרור
2018-06,26,Jerusalem District,טרור
2018-07,37,Jerusalem District,טרור
2018-08,0,Jerusalem District,טרור
2018-09,0,Jerusalem District,טרור
2018-10,27,Jerusalem District,טרור
2018-11,0,Jerusalem District,טרור
2018-12,36,Jerusalem District,טרור
2019-01,32,Jerusalem District,טרור
2019-02,33,Jerusalem District,טרור
2019-03,27,Jerusalem District,טרור
2019-04,0,Jerusalem District,טרור
2019-05,21,Jerusalem District,טרור
2019-06,0,Jerusalem District,טרור
2019-07,21,Jerusalem District,טרור
2019-08,0,Jerusalem District,טרור
2019-09,28,Jerusalem District,טרור
2019-10,0,Jerusalem District,טרור
2019-11,25,Jerusalem District,טרור
2019-12,0,Jerusalem District,טרור
2020-01,20,Jerusalem District,טרור
2020-02,0,Jerusalem District,טרור
2020-03,0,Jerusalem District,טרור
2020-04,0,Jerusalem District,טרור
2020-05,19,Jerusalem District,טרור
2020-06,0,Jerusalem District,טרור
2020-07,0,Jerusalem District,טרור
2020-08,25,Jerusalem District,טרור
2020-09,0,Jerusalem District,טרור
2020-10,0,Jerusalem District,טרור
2020-11,0,Jerusalem District,טרור
2020-12,0,Jerusalem District,טרור
2021-01,0,Jerusalem District,טרור
2021-02,0,Jerusalem District,טרור
2021-03,0,Jerusalem District,טרור
2021-04,25,Jerusalem District,טרור
2021-05,37,Jerusalem District,טרור
2021-06,21,Jerusalem District,טרור
2021-07,0,Jerusalem District,טרור
2021-08,0,Jerusalem District,טרור
2021-09,0,Jerusalem District,טרור
2021-10,0,Jerusalem District,טרור
2021-11,0,Jerusalem District,טרור
2021-12,0,Jerusalem District,טרור
2022-01,16,Jerusalem District,טרור
2022-02,14,Jerusalem District,טרור
2022-03,21,Jerusalem District,טרור
2022-04,33,Jerusalem District,טרור
2022-05,38,Jerusalem District,טרור
2022-06,0,Jerusalem District,טרור
2022-07,17,Jerusalem District,טרור
2022-08,13,Jerusalem District,טרור
2022-09,0,Jerusalem District,טרור
2022-10,34,Jerusalem District,טרור
2022-11,27,Jerusalem District,טרור
2022-12,21,Jerusalem District,טרור
2014-01,0,North District,טרור
2014-02,0,North District,טרור
2014-03,0,North District,טרור
2014-04,0,North District,טרור
2014-05,0,North District,טרור
2014-06,0,North District,טרור
2014-07,0,North District,טרור
2014-08,0,North District,טרור
2014-09,0,North District,טרור
2014-10,0,North District,טרור
2014-11,0,North District,טרור
2014-12,0,North District,טרור
2015-01,0,North District,טרור
2015-02,0,North District,טרור
2015-03,0,North District,טרור
2015-04,0,North District,טרור
2015-05,0,North District,טרור
2015-06,0,North District,טרור
2015-07,0,North District,טרור
2015-08,0,North District,טרור
2015-09,0,North District,טרור
2015-10,0,North District,טרור
2015-11,100,North District,טרור
2015-12,0,North District,טרור
2016-01,34,North District,טרור
2016-02,0,North District,טרור
2016-03,43,North District,טרור
2016-04,0,North District,טרור
2016-05,0,North District,טרור
2016-06,0,North District,טרור
2016-07,0,North District,טרור
2016-08,0,North District,טרור
2016-09,0,North District,טרור
2016-10,0,North District,טרור
2016-11,0,North District,טרור
2016-12,0,North District,טרור
2017-01,0,North District,טרור
2017-02,0,North District,טרור
2017-03,0,North District,טרור
2017-04,0,North District,טרור
2017-05,0,North District,טרור
2017-06,0,North District,טרור
2017-07,0,North District,טרור
2017-08,0,North District,טרור
2017-09,0,North District,טרור
2017-10,36,North District,טרור
2017-11,32,North District,טרור
2017-12,26,North District,טרור
2018-01,24,North District,טרור
2018-02,0,North District,טרור
2018-03,0,North District,טרור
2018-04,0,North District,טרור
2018-05,25,North District,טרור
2018-06,30,North District,טרור
2018-07,0,North District,טרור
2018-08,0,North District,טרור
2018-09,0,North District,טרור
2018-10,0,North District,טרור
2018-11,23,North District,טרור
2018-12,0,North District,טרור
2019-01,24,North District,טרור
2019-02,0,North District,טרור
2019-03,26,North District,טרור
2019-04,27,North District,טרור
2019-05,0,North District,טרור
2019-06,22,North District,טרור
2019-07,0,North District,טרור
2019-08,0,North District,טרור
2019-09,31,North District,טרור
2019-10,0,North District,טרור
2019-11,21,North District,טרור
2019-12,18,North District,טרור
2020-01,0,North District,טרור
2020-02,22,North District,טרור
2020-03,23,North District,טרור
2020-04,0,North District,טרור
2020-05,0,North District,טרור
2020-06,0,North District,טרור
2020-07,0,North District,טרור
2020-08,0,North District,טרור
2020-09,0,North District,טרור
2020-10,20,North District,טרור
2020-11,18,North District,טרור
2020-12,0,North District,טרור
2021-01,0,North District,טרור
2021-02,0,North District,טרור
2021-03,0,North District,טרור
2021-04,0,North District,טרור
2021-05,50,North District,טרור
2021-06,0,North District,טרור
2021-07,18,North District,טרור
2021-08,0,North District,טרור
2021-09,20,North District,טרור
2021-10,0,North District,טרור
2021-11,20,North District,טרור
2021-12,31,North District,טרור
2022-01,0,North District,טרור
2022-02,28,North District,טרור
2022-03,32,North District,טרור
2022-04,43,North District,טרור
2022-05,24,North District,טרור
2022-06,17,North District,טרור
2022-07,0,North District,טרור
2022-08,0,North District,טרור
2022-09,23,North District,טרור
2022-10,33,North District,טרור
2022-11,15,North District,טרור
2022-12,0,North District,טרור
2014-01,0,South District,טרור
2014-02,0,South District,טרור
2014-03,0,South District,טרור
2014-04,0,South District,טרור
2014-05,0,South District,טרור
2014-06,0,South District,טרור
2014-07,0,South District,טרור
2014-08,100,South District,טרור
2014-09,0,South District,טרור
2014-10,0,South District,טרור
2014-11,0,South District,טרור
2014-12,0,South District,טרור
2015-01,0,South District,טרור
2015-02,0,South District,טרור
2015-03,0,South District,טרור
2015-04,0,South District,טרור
2015-05,0,South District,טרור
2015-06,0,South District,טרור
2015-07,0,South District,טרור
2015-08,0,South District,טרור
2015-09,0,South District,טרור
2015-10,81,South District,טרור
2015-11,92,South District,טרור
2015-12,0,South District,טרור
2016-01,0,South District,טרור
2016-02,0,South District,טרור
2016-03,50,South District,טרור
2016-04,0,South District,טרור
2016-05,0,South District,טרור
2016-06,50,South District,טרור
2016-07,34,South District,טרור
2016-08,0,South District,טרור
2016-09,0,South District,טרור
2016-10,0,South District,טרור
2016-11,0,South District,טרור
2016-12,32,South District,טרור
2017-01,31,South District,טרור
2017-02,0,South District,טרור
2017-03,29,South District,טרור
2017-04,0,South District,טרור
2017-05,0,South District,טרור
2017-06,0,South District,טרור
2017-07,39,South District,טרור
2017-08,0,South District,טרור
2017-09,0,South District,טרור
2017-10,0,South District,טרור
2017-11,24,South District,טרור
2017-12,24,South District,טרור
2018-01,0,South District,טרור
2018-02,0,South District,טרור
2018-03,0,South District,טרור
2018-04,0,South District,טרור
2018-05,36,South District,טרור
2018-06,38,South District,טרור
2018-07,41,South District,טרור
2018-08,0,South District,טרור
2018-09,42,South District,טרור
2018-10,50,South District,טרור
2018-11,26,South District,טרור
2018-12,0,South District,טרור
2019-01,0,South District,טרור
2019-02,29,South District,טרור
2019-03,37,South District,טרור
2019-04,33,South District,טרור
2019-05,42,South District,טרור
2019-06,0,South District,טרור
2019-07,28,South District,טרור
2019-08,28,South District,טרור
2019-09,28,South District,טרור
2019-10,23,South District,טרור
2019-11,34,South District,טרור
2019-12,23,South District,טרור
2020-01,31,South District,טרור
2020-02,24,South District,טרור
2020-03,34,South District,טרור
2020-04,24,South District,טרור
2020-05,21,South District,טרור
2020-06,36,South District,טרור
2020-07,17,South District,טרור
2020-08,31,South District,טרור
2020-09,0,South District,טרור
2020-10,21,South District,טרור
2020-11,0,South District,טרור
2020-12,26,South District,טרור
2021-01,0,South District,טרור
2021-02,0,South District,טרור
2021-03,0,South District,טרור
2021-04,30,South District,טרור
2021-05,53,South District,טרור
2021-06,24,South District,טרור
2021-07,17,South District,טרור
2021-08,21,South District,טרור
2021-09,0,South District,טרור
2021-10,0,South District,טרור
2021-11,0,South District,טרור
2021-12,0,South District,טרור
2022-01,0,South District,טרור
2022-02,19,South District,טרור
2022-03,37,South District,טרור
2022-04,39,South District,טרור
2022-05,45,South District,טרור
2022-06,24,South District,טרור
2022-07,0,South District,טרור
2022-08,36,South District,טרור
2022-09,27,South District,טרור
2022-10,25,South District,טרור
2022-11,29,South District,טרור
2022-12,0,South District,טרור
2014-01,21,Tel Aviv District,טרור
2014-02,23,Tel Aviv District,טרור
2014-03,20,Tel Aviv District,טרור
2014-04,29,Tel Aviv District,טרור
2014-05,28,Tel Aviv District,טרור
2014-06,32,Tel Aviv District,טרור
2014-07,99,Tel Aviv District,טרור
2014-08,69,Tel Aviv District,טרור
2014-09,48,Tel Aviv District,טרור
2014-10,32,Tel Aviv District,טרור
2014-11,41,Tel Aviv District,טרור
2014-12,29,Tel Aviv District,טרור
2015-01,54,Tel Aviv District,טרור
2015-02,32,Tel Aviv District,טרור
2015-03,27,Tel Aviv District,טרור
2015-04,31,Tel Aviv District,טרור
2015-05,21,Tel Aviv District,טרור
2015-06,28,Tel Aviv District,טרור
2015-07,22,Tel Aviv District,טרור
2015-08,29,Tel Aviv District,טרור
2015-09,23,Tel Aviv District,טרור
2015-10,90,Tel Aviv District,טרור
2015-11,100,Tel Aviv District,טרור
2015-12,52,Tel Aviv District,טרור
2016-01,50,Tel Aviv District,טרור
2016-02,32,Tel Aviv District,טרור
2016-03,44,Tel Aviv District,טרור
2016-04,34,Tel Aviv District,טרור
2016-05,32,Tel Aviv District,טרור
2016-06,42,Tel Aviv District,טרור
2016-07,35,Tel Aviv District,טרור
2016-08,22,Tel Aviv District,טרור
2016-09,25,Tel Aviv District,טרור
2016-10,24,Tel Aviv District,טרור
2016-11,30,Tel Aviv District,טרור
2016-12,29,Tel Aviv District,טרור
2017-01,32,Tel Aviv District,טרור
2017-02,22,Tel Aviv District,טרור
2017-03,32,Tel Aviv District,טרור
2017-04,23,Tel Aviv District,טרור
2017-05,33,Tel Aviv District,טרור
2017-06,30,Tel Aviv District,טרור
2017-07,29,Tel Aviv District,טרור
2017-08,31,Tel Aviv District,טרור
2017-09,30,Tel Aviv District,טרור
2017-10,33,Tel Aviv District,טרור
2017-11,29,Tel Aviv District,טרור
2017-12,26,Tel Aviv District,טרור
2018-01,28,Tel Aviv District,טרור
2018-02,25,Tel Aviv District,טרור
2018-03,29,Tel Aviv District,טרור
2018-04,44,Tel Aviv District,טרור
2018-05,36,Tel Aviv District,טרור
2018-06,45,Tel Aviv District,טרור
2018-07,41,Tel Aviv District,טרור
2018-08,37,Tel Aviv District,טרור
2018-09,22,Tel Aviv District,טרור
2018-10,43,Tel Aviv District,טרור
2018-11,34,Tel Aviv District,טרור
2018-12,38,Tel Aviv District,טרור
2019-01,30,Tel Aviv District,טרור
2019-02,29,Tel Aviv District,טרור
2019-03,40,Tel Aviv District,טרור
2019-04,38,Tel Aviv District,טרור
2019-05,34,Tel Aviv District,טרור
2019-06,30,Tel Aviv District,טרור
2019-07,32,Tel Aviv District,טרור
2019-08,20,Tel Aviv District,טרור
2019-09,29,Tel Aviv District,טרור
2019-10,16,Tel Aviv District,טרור
2019-11,33,Tel Aviv District,טרור
2019-12,21,Tel Aviv District,טרור
2020-01,30,Tel Aviv District,טרור
2020-02,33,Tel Aviv District,טרור
2020-03,28,Tel Aviv District,טרור
2020-04,22,Tel Aviv District,טרור
2020-05,31,Tel Aviv District,טרור
2020-06,25,Tel Aviv District,טרור
2020-07,21,Tel Aviv District,טרור
2020-08,35,Tel Aviv District,טרור
2020-09,18,Tel Aviv District,טרור
2020-10,25,Tel Aviv District,טרור
2020-11,24,Tel Aviv District,טרור
2020-12,25,Tel Aviv District,טרור
2021-01,19,Tel Aviv District,טרור
2021-02,28,Tel Aviv District,טרור
2021-03,24,Tel Aviv District,טרור
2021-04,29,Tel Aviv District,טרור
2021-05,62,Tel Aviv District,טרור
2021-06,30,Tel Aviv District,טרור
2021-07,24,Tel Aviv District,טרור
2021-08,27,Tel Aviv District,טרור
2021-09,31,Tel Aviv District,טרור
2021-10,24,Tel Aviv District,טרור
2021-11,34,Tel Aviv District,טרור
2021-12,30,Tel Aviv District,טרור
2022-01,19,Tel Aviv District,טרור
2022-02,32,Tel Aviv District,טרור
2022-03,65,Tel Aviv District,טרור
2022-04,56,Tel Aviv District,טרור
2022-05,52,Tel Aviv District,טרור
2022-06,31,Tel Aviv District,טרור
2022-07,22,Tel Aviv District,טרור
2022-08,34,Tel Aviv District,טרור
2022-09,27,Tel Aviv District,טרור
2022-10,49,Tel Aviv District,טרור
2022-11,45,Tel Aviv District,טרור
2022-12,31,Tel Aviv District,טרור
2014-01,0,Center District,הפסקת אש
2014-02,0,Center District,הפסקת אש
2014-03,0,Center District,הפסקת אש
2014-04,0,Center District,הפסקת אש
2014-05,0,Center District,הפסקת אש
2014-06,0,Center District,הפסקת אש
2014-07,70,Center District,הפסקת אש
2014-08,40,Center District,הפסקת אש
2014-09,18,Center District,הפסקת אש
2014-10,0,Center District,הפסקת אש
2014-11,0,Center District,הפסקת אש
2014-12,0,Center District,הפסקת אש
2015-01,0,Center District,הפסקת אש
2015-02,0,Center District,הפסקת אש
2015-03,0,Center District,הפסקת אש
2015-04,0,Center District,הפסקת אש
2015-05,0,Center District,הפסקת אש
2015-06,0,Center District,הפסקת אש
2015-07,0,Center District,הפסקת אש
2015-08,0,Center District,הפסקת אש
2015-09,0,Center District,הפסקת אש
2015-10,0,Center District,הפסקת אש
2015-11,0,Center District,הפסקת אש
2015-12,0,Center District,הפסקת אש
2016-01,0,Center District,הפסקת אש
2016-02,0,Center District,הפסקת אש
2016-03,0,Center District,הפסקת אש
2016-04,0,Center District,הפסקת אש
2016-05,0,Center District,הפסקת אש
2016-06,0,Center District,הפסקת אש
2016-07,0,Center District,הפסקת אש
2016-08,0,Center District,הפסקת אש
2016-09,0,Center District,הפסקת אש
2016-10,0,Center District,הפסקת אש
2016-11,0,Center District,הפסקת אש
2016-12,0,Center District,הפסקת אש
2017-01,0,Center District,הפסקת אש
2017-02,0,Center District,הפסקת אש
2017-03,0,Center District,הפסקת אש
2017-04,0,Center District,הפסקת אש
2017-05,0,Center District,הפסקת אש
2017-06,0,Center District,הפסקת אש
2017-07,0,Center District,הפסקת אש
2017-08,0,Center District,הפסקת אש
2017-09,0,Center District,הפסקת אש
2017-10,0,Center District,הפסקת אש
2017-11,0,Center District,הפסקת אש
2017-12,0,Center District,הפסקת אש
2018-01,0,Center District,הפסקת אש
2018-02,0,Center District,הפסקת אש
2018-03,0,Center District,הפסקת אש
2018-04,0,Center District,הפסקת אש
2018-05,0,Center District,הפסקת אש
2018-06,0,Center District,הפסקת אש
2018-07,0,Center District,הפסקת אש
2018-08,0,Center District,הפסקת אש
2018-09,0,Center District,הפסקת אש
2018-10,0,Center District,הפסקת אש
2018-11,10,Center District,הפסקת אש
2018-12,0,Center District,הפסקת אש
2019-01,0,Center District,הפסקת אש
2019-02,0,Center District,הפסקת אש
2019-03,7,Center District,הפסקת אש
2019-04,0,Center District,הפסקת אש
2019-05,22,Center District,הפסקת אש
2019-06,0,Center District,הפסקת אש
2019-07,0,Center District,הפסקת אש
2019-08,0,Center District,הפסקת אש
2019-09,0,Center District,הפסקת אש
2019-10,0,Center District,הפסקת אש
2019-11,17,Center District,הפסקת אש
2019-12,0,Center District,הפסקת אש
2020-01,0,Center District,הפסקת אש
2020-02,0,Center District,הפסקת אש
2020-03,0,Center District,הפסקת אש
2020-04,0,Center District,הפסקת אש
2020-05,0,Center District,הפסקת אש
2020-06,0,Center District,הפסקת אש
2020-07,0,Center District,הפסקת אש
2020-08,0,Center District,הפסקת אש
2020-09,0,Center District,הפסקת אש
2020-10,0,Center District,הפסקת אש
2020-11,0,Center District,הפסקת אש
2020-12,0,Center District,הפסקת אש
2021-01,0,Center District,הפסקת אש
2021-02,0,Center District,הפסקת אש
2021-03,0,Center District,הפסקת אש
2021-04,0,Center District,הפסקת אש
2021-05,100,Center District,הפסקת אש
2021-06,0,Center District,הפסקת אש
2021-07,0,Center District,הפסקת אש
2021-08,0,Center District,הפסקת אש
2021-09,0,Center District,הפסקת אש
2021-10,0,Center District,הפסקת אש
2021-11,0,Center District,הפסקת אש
2021-12,0,Center District,הפסקת אש
2022-01,0,Center District,הפסקת אש
2022-02,0,Center District,הפסקת אש
2022-03,0,Center District,הפסקת אש
2022-04,0,Center District,הפסקת אש
2022-05,0,Center District,הפסקת אש
2022-06,0,Center District,הפסקת אש
2022-07,0,Center District,הפסקת אש
2022-08,48,Center District,הפסקת אש
2022-09,0,Center District,הפסקת אש
2022-10,0,Center District,הפסקת אש
2022-11,0,Center District,הפסקת אש
2022-12,0,Center District,הפסקת אש
2014-01,0,Haifa District,הפסקת אש
2014-02,0,Haifa District,הפסקת אש
2014-03,0,Haifa District,הפסקת אש
2014-04,0,Haifa District,הפסקת אש
2014-05,0,Haifa District,הפסקת אש
2014-06,0,Haifa District,הפסקת אש
2014-07,74,Haifa District,הפסקת אש
2014-08,0,Haifa District,הפסקת אש
2014-09,0,Haifa District,הפסקת אש
2014-10,0,Haifa District,הפסקת אש
2014-11,0,Haifa District,הפסקת אש
2014-12,0,Haifa District,הפסקת אש
2015-01,0,Haifa District,הפסקת אש
2015-02,0,Haifa District,הפסקת אש
2015-03,0,Haifa District,הפסקת אש
2015-04,0,Haifa District,הפסקת אש
2015-05,0,Haifa District,הפסקת אש
2015-06,0,Haifa District,הפסקת אש
2015-07,0,Haifa District,הפסקת אש
2015-08,0,Haifa District,הפסקת אש
2015-09,0,Haifa District,הפסקת אש
2015-10,0,Haifa District,הפסקת אש
2015-11,0,Haifa District,הפסקת אש
2015-12,0,Haifa District,הפסקת אש
2016-01,0,Haifa District,הפסקת אש
2016-02,0,Haifa District,הפסקת אש
2016-03,0,Haifa District,הפסקת אש
2016-04,0,Haifa District,הפסקת אש
2016-05,0,Haifa District,הפסקת אש
2016-06,0,Haifa District,הפסקת אש
2016-07,0,Haifa District,הפסקת אש
2016-08,0,Haifa District,הפסקת אש
2016-09,0,Haifa District,הפסקת אש
2016-10,0,Haifa District,הפסקת אש
2016-11,0,Haifa District,הפסקת אש
2016-12,0,Haifa District,הפסקת אש
2017-01,0,Haifa District,הפסקת אש
2017-02,0,Haifa District,הפסקת אש
2017-03,0,Haifa District,הפסקת אש
2017-04,0,Haifa District,הפסקת אש
2017-05,0,Haifa District,הפסקת אש
2017-06,0,Haifa District,הפסקת אש
2017-07,0,Haifa District,הפסקת אש
2017-08,0,Haifa District,הפסקת אש
2017-09,0,Haifa District,הפסקת אש
2017-10,0,Haifa District,הפסקת אש
2017-11,0,Haifa District,הפסקת אש
2017-12,0,Haifa District,הפסקת אש
2018-01,0,Haifa District,הפסקת אש
2018-02,0,Haifa District,הפסקת אש
2018-03,0,Haifa District,הפסקת אש
2018-04,0,Haifa District,הפסקת אש
2018-05,0,Haifa District,הפסקת אש
2018-06,0,Haifa District,הפסקת אש
2018-07,0,Haifa District,הפסקת אש
2018-08,0,Haifa District,הפסקת אש
2018-09,0,Haifa District,הפסקת אש
2018-10,0,Haifa District,הפסקת אש
2018-11,0,Haifa District,הפסקת אש
2018-12,0,Haifa District,הפסקת אש
2019-01,0,Haifa District,הפסקת אש
2019-02,0,Haifa District,הפסקת אש
2019-03,0,Haifa District,הפסקת אש
2019-04,0,Haifa District,הפסקת אש
2019-05,24,Haifa District,הפסקת אש
2019-06,0,Haifa District,הפסקת אש
2019-07,0,Haifa District,הפסקת אש
2019-08,0,Haifa District,הפסקת אש
2019-09,0,Haifa District,הפסקת אש
2019-10,0,Haifa District,הפסקת אש
2019-11,0,Haifa District,הפסקת אש
2019-12,0,Haifa District,הפסקת אש
2020-01,0,Haifa District,הפסקת אש
2020-02,0,Haifa District,הפסקת אש
2020-03,0,Haifa District,הפסקת אש
2020-04,0,Haifa District,הפסקת אש
2020-05,0,Haifa District,הפסקת אש
2020-06,0,Haifa District,הפסקת אש
2020-07,0,Haifa District,הפסקת אש
2020-08,0,Haifa District,הפסקת אש
2020-09,0,Haifa District,הפסקת אש
2020-10,0,Haifa District,הפסקת אש
2020-11,0,Haifa District,הפסקת אש
2020-12,0,Haifa District,הפסקת אש
2021-01,0,Haifa District,הפסקת אש
2021-02,22,Haifa District,הפסקת אש
2021-03,0,Haifa District,הפסקת אש
2021-04,0,Haifa District,הפסקת אש
2021-05,100,Haifa District,הפסקת אש
2021-06,0,Haifa District,הפסקת אש
2021-07,0,Haifa District,הפסקת אש
2021-08,0,Haifa District,הפסקת אש
2021-09,0,Haifa District,הפסקת אש
2021-10,0,Haifa District,הפסקת אש
2021-11,0,Haifa District,הפסקת אש
2021-12,0,Haifa District,הפסקת אש
2022-01,0,Haifa District,הפסקת אש
2022-02,0,Haifa District,הפסקת אש
2022-03,0,Haifa District,הפסקת אש
2022-04,0,Haifa District,הפסקת אש
2022-05,0,Haifa District,הפסקת אש
2022-06,0,Haifa District,הפסקת אש
2022-07,0,Haifa District,הפסקת אש
2022-08,37,Haifa District,הפסקת אש
2022-09,0,Haifa District,הפסקת אש
2022-10,0,Haifa District,הפסקת אש
2022-11,0,Haifa District,הפסקת אש
2022-12,0,Haifa District,הפסקת אש
2014-01,0,Jerusalem District,הפסקת אש
2014-02,0,Jerusalem District,הפסקת אש
2014-03,0,Jerusalem District,הפסקת אש
2014-04,0,Jerusalem District,הפסקת אש
2014-05,0,Jerusalem District,הפסקת אש
2014-06,0,Jerusalem District,הפסקת אש
2014-07,89,Jerusalem District,הפסקת אש
2014-08,71,Jerusalem District,הפסקת אש
2014-09,0,Jerusalem District,הפסקת אש
2014-10,0,Jerusalem District,הפסקת אש
2014-11,0,Jerusalem District,הפסקת אש
2014-12,0,Jerusalem District,הפסקת אש
2015-01,0,Jerusalem District,הפסקת אש
2015-02,0,Jerusalem District,הפסקת אש
2015-03,0,Jerusalem District,הפסקת אש
2015-04,0,Jerusalem District,הפסקת אש
2015-05,0,Jerusalem District,הפסקת אש
2015-06,0,Jerusalem District,הפסקת אש
2015-07,0,Jerusalem District,הפסקת אש
2015-08,0,Jerusalem District,הפסקת אש
2015-09,0,Jerusalem District,הפסקת אש
2015-10,0,Jerusalem District,הפסקת אש
2015-11,0,Jerusalem District,הפסקת אש
2015-12,0,Jerusalem District,הפסקת אש
2016-01,0,Jerusalem District,הפסקת אש
2016-02,0,Jerusalem District,הפסקת אש
2016-03,0,Jerusalem District,הפסקת אש
2016-04,0,Jerusalem District,הפסקת אש
2016-05,0,Jerusalem District,הפסקת אש
2016-06,0,Jerusalem District,הפסקת אש
2016-07,0,Jerusalem District,הפסקת אש
2016-08,0,Jerusalem District,הפסקת אש
2016-09,0,Jerusalem District,הפסקת אש
2016-10,0,Jerusalem District,הפסקת אש
2016-11,0,Jerusalem District,הפסקת אש
2016-12,0,Jerusalem District,הפסקת אש
2017-01,0,Jerusalem District,הפסקת אש
2017-02,0,Jerusalem District,הפסקת אש
2017-03,0,Jerusalem District,הפסקת אש
2017-04,0,Jerusalem District,הפסקת אש
2017-05,0,Jerusalem District,הפסקת אש
2017-06,0,Jerusalem District,הפסקת אש
2017-07,0,Jerusalem District,הפסקת אש
2017-08,0,Jerusalem District,הפסקת אש
2017-09,0,Jerusalem District,הפסקת אש
2017-10,0,Jerusalem District,הפסקת אש
2017-11,0,Jerusalem District,הפסקת אש
2017-12,0,Jerusalem District,הפסקת אש
2018-01,0,Jerusalem District,הפסקת אש
2018-02,0,Jerusalem District,הפסקת אש
2018-03,0,Jerusalem District,הפסקת אש
2018-04,0,Jerusalem District,הפסקת אש
2018-05,0,Jerusalem District,הפסקת אש
2018-06,0,Jerusalem District,הפסקת אש
2018-07,0,Jerusalem District,הפסקת אש
2018-08,0,Jerusalem District,הפסקת אש
2018-09,0,Jerusalem District,הפסקת אש
2018-10,0,Jerusalem District,הפסקת אש
2018-11,0,Jerusalem District,הפסקת אש
2018-12,0,Jerusalem District,הפסקת אש
2019-01,0,Jerusalem District,הפסקת אש
2019-02,0,Jerusalem District,הפסקת אש
2019-03,0,Jerusalem District,הפסקת אש
2019-04,0,Jerusalem District,הפסקת אש
2019-05,0,Jerusalem District,הפסקת אש
2019-06,0,Jerusalem District,הפסקת אש
2019-07,0,Jerusalem District,הפסקת אש
2019-08,0,Jerusalem District,הפסקת אש
2019-09,0,Jerusalem District,הפסקת אש
2019-10,0,Jerusalem District,הפסקת אש
2019-11,28,Jerusalem District,הפסקת אש
2019-12,0,Jerusalem District,הפסקת אש
2020-01,0,Jerusalem District,הפסקת אש
2020-02,0,Jerusalem District,הפסקת אש
2020-03,0,Jerusalem District,הפסקת אש
2020-04,0,Jerusalem District,הפסקת אש
2020-05,0,Jerusalem District,הפסקת אש
2020-06,0,Jerusalem District,הפסקת אש
2020-07,0,Jerusalem District,הפסקת אש
2020-08,0,Jerusalem District,הפסקת אש
2020-09,0,Jerusalem District,הפסקת אש
2020-10,0,Jerusalem District,הפסקת אש
2020-11,0,Jerusalem District,הפסקת אש
2020-12,0,Jerusalem District,הפסקת אש
2021-01,0,Jerusalem District,הפסקת אש
2021-02,0,Jerusalem District,הפסקת אש
2021-03,0,Jerusalem District,הפסקת אש
2021-04,0,Jerusalem District,הפסקת אש
2021-05,100,Jerusalem District,הפסקת אש
2021-06,0,Jerusalem District,הפסקת אש
2021-07,0,Jerusalem District,הפסקת אש
2021-08,0,Jerusalem District,הפסקת אש
2021-09,0,Jerusalem District,הפסקת אש
2021-10,0,Jerusalem District,הפסקת אש
2021-11,0,Jerusalem District,הפסקת אש
2021-12,0,Jerusalem District,הפסקת אש
2022-01,0,Jerusalem District,הפסקת אש
2022-02,0,Jerusalem District,הפסקת אש
2022-03,0,Jerusalem District,הפסקת אש
2022-04,0,Jerusalem District,הפסקת אש
2022-05,0,Jerusalem District,הפסקת אש
2022-06,0,Jerusalem District,הפסקת אש
2022-07,0,Jerusalem District,הפסקת אש
2022-08,42,Jerusalem District,הפסקת אש
2022-09,0,Jerusalem District,הפסקת אש
2022-10,0,Jerusalem District,הפסקת אש
2022-11,0,Jerusalem District,הפסקת אש
2022-12,0,Jerusalem District,הפסקת אש
2014-01,0,North District,הפסקת אש
2014-02,0,North District,הפסקת אש
2014-03,0,North District,הפסקת אש
2014-04,0,North District,הפסקת אש
2014-05,0,North District,הפסקת אש
2014-06,0,North District,הפסקת אש
2014-07,0,North District,הפסקת אש
2014-08,0,North District,הפסקת אש
2014-09,0,North District,הפסקת אש
2014-10,0,North District,הפסקת אש
2014-11,0,North District,הפסקת אש
2014-12,0,North District,הפסקת אש
2015-01,0,North District,הפסקת אש
2015-02,0,North District,הפסקת אש
2015-03,0,North District,הפסקת אש
2015-04,0,North District,הפסקת אש
2015-05,0,North District,הפסקת אש
2015-06,0,North District,הפסקת אש
2015-07,0,North District,הפסקת אש
2015-08,0,North District,הפסקת אש
2015-09,0,North District,הפסקת אש
2015-10,0,North District,הפסקת אש
2015-11,0,North District,הפסקת אש
2015-12,0,North District,הפסקת אש
2016-01,0,North District,הפסקת אש
2016-02,0,North District,הפסקת אש
2016-03,0,North District,הפסקת אש
2016-04,0,North District,הפסקת אש
2016-05,0,North District,הפסקת אש
2016-06,0,North District,הפסקת אש
2016-07,0,North District,הפסקת אש
2016-08,0,North District,הפסקת אש
2016-09,0,North District,הפסקת אש
2016-10,0,North District,הפסקת אש
2016-11,0,North District,הפסקת אש
2016-12,0,North District,הפסקת אש
2017-01,0,North District,הפסקת אש
2017-02,0,North District,הפסקת אש
2017-03,0,North District,הפסקת אש
2017-04,0,North District,הפסקת אש
2017-05,0,North District,הפסקת אש
2017-06,0,North District,הפסקת אש
2017-07,0,North District,הפסקת אש
2017-08,0,North District,הפסקת אש
2017-09,0,North District,הפסקת אש
2017-10,0,North District,הפסקת אש
2017-11,0,North District,הפסקת אש
2017-12,0,North District,הפסקת אש
2018-01,0,North District,הפסקת אש
2018-02,0,North District,הפסקת אש
2018-03,0,North District,הפסקת אש
2018-04,0,North District,הפסקת אש
2018-05,0,North District,הפסקת אש
2018-06,0,North District,הפסקת אש
2018-07,0,North District,הפסקת אש
2018-08,0,North District,הפסקת אש
2018-09,0,North District,הפסקת אש
2018-10,0,North District,הפסקת אש
2018-11,0,North District,הפסקת אש
2018-12,0,North District,הפסקת אש
2019-01,0,North District,הפסקת אש
2019-02,0,North District,הפסקת אש
2019-03,0,North District,הפסקת אש
2019-04,0,North District,הפסקת אש
2019-05,0,North District,הפסקת אש
2019-06,0,North District,הפסקת אש
2019-07,0,North District,הפסקת אש
2019-08,0,North District,הפסקת אש
2019-09,0,North District,הפסקת אש
2019-10,0,North District,הפסקת אש
2019-11,0,North District,הפסקת אש
2019-12,0,North District,הפסקת אש
2020-01,0,North District,הפסקת אש
2020-02,0,North District,הפסקת אש
2020-03,0,North District,הפסקת אש
2020-04,0,North District,הפסקת אש
2020-05,0,North District,הפסקת אש
2020-06,0,North District,הפסקת אש
2020-07,0,North District,הפסקת אש
2020-08,0,North District,הפסקת אש
2020-09,0,North District,הפסקת אש
2020-10,0,North District,הפסקת אש
2020-11,0,North District,הפסקת אש
2020-12,0,North District,הפסקת אש
2021-01,0,North District,הפסקת אש
2021-02,0,North District,הפסקת אש
2021-03,0,North District,הפסקת אש
2021-04,0,North District,הפסקת אש
2021-05,100,North District,הפסקת אש
2021-06,39,North District,הפסקת אש
2021-07,0,North District,הפסקת אש
2021-08,0,North District,הפסקת אש
2021-09,0,North District,הפסקת אש
2021-10,0,North District,הפסקת אש
2021-11,0,North District,הפסקת אש
2021-12,0,North District,הפסקת אש
2022-01,0,North District,הפסקת אש
2022-02,0,North District,הפסקת אש
2022-03,0,North District,הפסקת אש
2022-04,0,North District,הפסקת אש
2022-05,0,North District,הפסקת אש
2022-06,0,North District,הפסקת אש
2022-07,0,North District,הפסקת אש
2022-08,34,North District,הפסקת אש
2022-09,0,North District,הפסקת אש
2022-10,0,North District,הפסקת אש
2022-11,0,North District,הפסקת אש
2022-12,0,North District,הפסקת אש
2014-01,0,South District,הפסקת אש
2014-02,0,South District,הפסקת אש
2014-03,0,South District,הפסקת אש
2014-04,0,South District,הפסקת אש
2014-05,0,South District,הפסקת אש
2014-06,0,South District,הפסקת אש
2014-07,26,South District,הפסקת אש
2014-08,29,South District,הפסקת אש
2014-09,0,South District,הפסקת אש
2014-10,0,South District,הפסקת אש
2014-11,0,South District,הפסקת אש
2014-12,0,South District,הפסקת אש
2015-01,0,South District,הפסקת אש
2015-02,0,South District,הפסקת אש
2015-03,0,South District,הפסקת אש
2015-04,0,South District,הפסקת אש
2015-05,0,South District,הפסקת אש
2015-06,0,South District,הפסקת אש
2015-07,0,South District,הפסקת אש
2015-08,0,South District,הפסקת אש
2015-09,0,South District,הפסקת אש
2015-10,0,South District,הפסקת אש
2015-11,0,South District,הפסקת אש
2015-12,0,South District,הפסקת אש
2016-01,0,South District,הפסקת אש
2016-02,0,South District,הפסקת אש
2016-03,0,South District,הפסקת אש
2016-04,0,South District,הפסקת אש
2016-05,0,South District,הפסקת אש
2016-06,0,South District,הפסקת אש
2016-07,0,South District,הפסקת אש
2016-08,0,South District,הפסקת אש
2016-09,0,South District,הפסקת אש
2016-10,0,South District,הפסקת אש
2016-11,0,South District,הפסקת אש
2016-12,0,South District,הפסקת אש
2017-01,0,South District,הפסקת אש
2017-02,0,South District,הפסקת אש
2017-03,0,South District,הפסקת אש
2017-04,0,South District,הפסקת אש
2017-05,0,South District,הפסקת אש
2017-06,0,South District,הפסקת אש
2017-07,0,South District,הפסקת אש
2017-08,0,South District,הפסקת אש
2017-09,0,South District,הפסקת אש
2017-10,0,South District,הפסקת אש
2017-11,0,South District,הפסקת אש
2017-12,0,South District,הפסקת אש
2018-01,0,South District,הפסקת אש
2018-02,0,South District,הפסקת אש
2018-03,0,South District,הפסקת אש
2018-04,0,South District,הפסקת אש
2018-05,6,South District,הפסקת אש
2018-06,0,South District,הפסקת אש
2018-07,6,South District,הפסקת אש
2018-08,0,South District,הפסקת אש
2018-09,0,South District,הפסקת אש
2018-10,0,South District,הפסקת אש
2018-11,17,South District,הפסקת אש
2018-12,0,South District,הפסקת אש
2019-01,0,South District,הפסקת אש
2019-02,0,South District,הפסקת אש
2019-03,12,South District,הפסקת אש
2019-04,0,South District,הפסקת אש
2019-05,40,South District,הפסקת אש
2019-06,0,South District,הפסקת אש
2019-07,0,South District,הפסקת אש
2019-08,0,South District,הפסקת אש
2019-09,0,South District,הפסקת אש
2019-10,0,South District,הפסקת אש
2019-11,33,South District,הפסקת אש
2019-12,0,South District,הפסקת אש
2020-01,0,South District,הפסקת אש
2020-02,6,South District,הפסקת אש
2020-03,0,South District,הפסקת אש
2020-04,0,South District,הפסקת אש
2020-05,0,South District,הפסקת אש
2020-06,0,South District,הפסקת אש
2020-07,0,South District,הפסקת אש
2020-08,0,South District,הפסקת אש
2020-09,0,South District,הפסקת אש
2020-10,0,South District,הפסקת אש
2020-11,0,South District,הפסקת אש
2020-12,0,South District,הפסקת אש
2021-01,0,South District,הפסקת אש
2021-02,0,South District,הפסקת אש
2021-03,0,South District,הפסקת אש
2021-04,0,South District,הפסקת אש
2021-05,100,South District,הפסקת אש
2021-06,5,South District,הפסקת אש
2021-07,0,South District,הפסקת אש
2021-08,0,South District,הפסקת אש
2021-09,0,South District,הפסקת אש
2021-10,0,South District,הפסקת אש
2021-11,0,South District,הפסקת אש
2021-12,0,South District,הפסקת אש
2022-01,0,South District,הפסקת אש
2022-02,0,South District,הפסקת אש
2022-03,0,South District,הפסקת אש
2022-04,0,South District,הפסקת אש
2022-05,0,South District,הפסקת אש
2022-06,0,South District,הפסקת אש
2022-07,0,South District,הפסקת אש
2022-08,48,South District,הפסקת אש
2022-09,0,South District,הפסקת אש
2022-10,0,South District,הפסקת אש
2022-11,0,South District,הפסקת אש
2022-12,0,South District,הפסקת אש
2014-01,0,Tel Aviv District,הפסקת אש
2014-02,0,Tel Aviv District,הפסקת אש
2014-03,0,Tel Aviv District,הפסקת אש
2014-04,0,Tel Aviv District,הפסקת אש
2014-05,0,Tel Aviv District,הפסקת אש
2014-06,0,Tel Aviv District,הפסקת אש
2014-07,59,Tel Aviv District,הפסקת אש
2014-08,32,Tel Aviv District,הפסקת אש
2014-09,10,Tel Aviv District,הפסקת אש
2014-10,0,Tel Aviv District,הפסקת אש
2014-11,0,Tel Aviv District,הפסקת אש
2014-12,0,Tel Aviv District,הפסקת אש
2015-01,0,Tel Aviv District,הפסקת אש
2015-02,0,Tel Aviv District,הפסקת אש
2015-03,0,Tel Aviv District,הפסקת אש
2015-04,0,Tel Aviv District,הפסקת אש
2015-05,0,Tel Aviv District,הפסקת אש
2015-06,0,Tel Aviv District,הפסקת אש
2015-07,0,Tel Aviv District,הפסקת אש
2015-08,0,Tel Aviv District,הפסקת אש
2015-09,0,Tel Aviv District,הפסקת אש
2015-10,0,Tel Aviv District,הפסקת אש
2015-11,0,Tel Aviv District,הפסקת אש
2015-12,0,Tel Aviv District,הפסקת אש
2016-01,0,Tel Aviv District,הפסקת אש
2016-02,0,Tel Aviv District,הפסקת אש
2016-03,0,Tel Aviv District,הפסקת אש
2016-04,0,Tel Aviv District,הפסקת אש
2016-05,0,Tel Aviv District,הפסקת אש
2016-06,0,Tel Aviv District,הפסקת אש
2016-07,0,Tel Aviv District,הפסקת אש
2016-08,0,Tel Aviv District,הפסקת אש
2016-09,0,Tel Aviv District,הפסקת אש
2016-10,0,Tel Aviv District,הפסקת אש
2016-11,0,Tel Aviv District,הפסקת אש
2016-12,0,Tel Aviv District,הפסקת אש
2017-01,0,Tel Aviv District,הפסקת אש
2017-02,0,Tel Aviv District,הפסקת אש
2017-03,0,Tel Aviv District,הפסקת אש
2017-04,0,Tel Aviv District,הפסקת אש
2017-05,0,Tel Aviv District,הפסקת אש
2017-06,0,Tel Aviv District,הפסקת אש
2017-07,0,Tel Aviv District,הפסקת אש
2017-08,0,Tel Aviv District,הפסקת אש
2017-09,0,Tel Aviv District,הפסקת אש
2017-10,0,Tel Aviv District,הפסקת אש
2017-11,0,Tel Aviv District,הפסקת אש
2017-12,0,Tel Aviv District,הפסקת אש
2018-01,0,Tel Aviv District,הפסקת אש
2018-02,0,Tel Aviv District,הפסקת אש
2018-03,0,Tel Aviv District,הפסקת אש
2018-04,0,Tel Aviv District,הפסקת אש
2018-05,0,Tel Aviv District,הפסקת אש
2018-06,0,Tel Aviv District,הפסקת אש
2018-07,0,Tel Aviv District,הפסקת אש
2018-08,0,Tel Aviv District,הפסקת אש
2018-09,0,Tel Aviv District,הפסקת אש
2018-10,0,Tel Aviv District,הפסקת אש
2018-11,7,Tel Aviv District,הפסקת אש
2018-12,0,Tel Aviv District,הפסקת אש
2019-01,0,Tel Aviv District,הפסקת אש
2019-02,0,Tel Aviv District,הפסקת אש
2019-03,7,Tel Aviv District,הפסקת אש
2019-04,0,Tel Aviv District,הפסקת אש
2019-05,17,Tel Aviv District,הפסקת אש
2019-06,0,Tel Aviv District,הפסקת אש
2019-07,0,Tel Aviv District,הפסקת אש
2019-08,0,Tel Aviv District,הפסקת אש
2019-09,0,Tel Aviv District,הפסקת אש
2019-10,0,Tel Aviv District,הפסקת אש
2019-11,13,Tel Aviv District,הפסקת אש
2019-12,0,Tel Aviv District,הפסקת אש
2020-01,0,Tel Aviv District,הפסקת אש
2020-02,0,Tel Aviv District,הפסקת אש
2020-03,0,Tel Aviv District,הפסקת אש
2020-04,0,Tel Aviv District,הפסקת אש
2020-05,0,Tel Aviv District,הפסקת אש
2020-06,0,Tel Aviv District,הפסקת אש
2020-07,0,Tel Aviv District,הפסקת אש
2020-08,0,Tel Aviv District,הפסקת אש
2020-09,0,Tel Aviv District,הפסקת אש
2020-10,0,Tel Aviv District,הפסקת אש
2020-11,0,Tel Aviv District,הפסקת אש
2020-12,0,Tel Aviv District,הפסקת אש
2021-01,0,Tel Aviv District,הפסקת אש
2021-02,0,Tel Aviv District,הפסקת אש
2021-03,0,Tel Aviv District,הפסקת אש
2021-04,0,Tel Aviv District,הפסקת אש
2021-05,100,Tel Aviv District,הפסקת אש
2021-06,0,Tel Aviv District,הפסקת אש
2021-07,0,Tel Aviv District,הפסקת אש
2021-08,0,Tel Aviv District,הפסקת אש
2021-09,0,Tel Aviv District,הפסקת אש
2021-10,0,Tel Aviv District,הפסקת אש
2021-11,0,Tel Aviv District,הפסקת אש
2021-12,0,Tel Aviv District,הפסקת אש
2022-01,0,Tel Aviv District,הפסקת אש
2022-02,0,Tel Aviv District,הפסקת אש
2022-03,0,Tel Aviv District,הפסקת אש
2022-04,0,Tel Aviv District,הפסקת אש
2022-05,0,Tel Aviv District,הפסקת אש
2022-06,0,Tel Aviv District,הפסקת אש
2022-07,0,Tel Aviv District,הפסקת אש
2022-08,39,Tel Aviv District,הפסקת אש
2022-09,0,Tel Aviv District,הפסקת אש
2022-10,0,Tel Aviv District,הפסקת אש
2022-11,0,Tel Aviv District,הפסקת אש
2022-12,0,Tel Aviv District,הפסקת אש
2014-01,16,Center District,נתניהו
2014-02,12,Center District,נתניהו
2014-03,14,Center District,נתניהו
2014-04,10,Center District,נתניהו
2014-05,19,Center District,נתניהו
2014-06,7,Center District,נתניהו
2014-07,20,Center District,נתניהו
2014-08,17,Center District,נתניהו
2014-09,8,Center District,נתניהו
2014-10,9,Center District,נתניהו
2014-11,13,Center District,נתניהו
2014-12,21,Center District,נתניהו
2015-01,22,Center District,נתניהו
2015-02,47,Center District,נתניהו
2015-03,64,Center District,נתניהו
2015-04,19,Center District,נתניהו
2015-05,19,Center District,נתניהו
2015-06,10,Center District,נתניהו
2015-07,14,Center District,נתניהו
2015-08,8,Center District,נתניהו
2015-09,17,Center District,נתניהו
2015-10,22,Center District,נתניהו
2015-11,14,Center District,נתניהו
2015-12,18,Center District,נתניהו
2016-01,15,Center District,נתניהו
2016-02,14,Center District,נתניהו
2016-03,14,Center District,נתניהו
2016-04,9,Center District,נתניהו
2016-05,21,Center District,נתניהו
2016-06,15,Center District,נתניהו
2016-07,22,Center District,נתניהו
2016-08,11,Center District,נתניהו
2016-09,21,Center District,נתניהו
2016-10,14,Center District,נתניהו
2016-11,26,Center District,נתניהו
2016-12,26,Center District,נתניהו
2017-01,31,Center District,נתניהו
2017-02,25,Center District,נתניהו
2017-03,18,Center District,נתניהו
2017-04,15,Center District,נתניהו
2017-05,21,Center District,נתניהו
2017-06,14,Center District,נתניהו
2017-07,21,Center District,נתניהו
2017-08,31,Center District,נתניהו
2017-09,36,Center District,נתניהו
2017-10,24,Center District,נתניהו
2017-11,26,Center District,נתניהו
2017-12,23,Center District,נתניהו
2018-01,90,Center District,נתניהו
2018-02,53,Center District,נתניהו
2018-03,38,Center District,נתניהו
2018-04,32,Center District,נתניהו
2018-05,27,Center District,נתניהו
2018-06,27,Center District,נתניהו
2018-07,24,Center District,נתניהו
2018-08,24,Center District,נתניהו
2018-09,27,Center District,נתניהו
2018-10,46,Center District,נתניהו
2018-11,35,Center District,נתניהו
2018-12,44,Center District,נתניהו
2019-01,45,Center District,נתניהו
2019-02,53,Center District,נתניהו
2019-03,87,Center District,נתניהו
2019-04,92,Center District,נתניהו
2019-05,43,Center District,נתניהו
2019-06,41,Center District,נתניהו
2019-07,36,Center District,נתניהו
2019-08,52,Center District,נתניהו
2019-09,100,Center District,נתניהו
2019-10,60,Center District,נתניהו
2019-11,69,Center District,נתניהו
2019-12,52,Center District,נתניהו
2020-01,46,Center District,נתניהו
2020-02,55,Center District,נתניהו
2020-03,77,Center District,נתניהו
2020-04,57,Center District,נתניהו
2020-05,64,Center District,נתניהו
2020-06,34,Center District,נתניהו
2020-07,59,Center District,נתניהו
2020-08,54,Center District,נתניהו
2020-09,48,Center District,נתניהו
2020-10,59,Center District,נתניהו
2020-11,42,Center District,נתניהו
2020-12,41,Center District,נתניהו
2021-01,42,Center District,נתניהו
2021-02,49,Center District,נתניהו
2021-03,74,Center District,נתניהו
2021-04,50,Center District,נתניהו
2021-05,47,Center District,נתניהו
2021-06,69,Center District,נתניהו
2021-07,36,Center District,נתניהו
2021-08,29,Center District,נתניהו
2021-09,23,Center District,נתניהו
2021-10,34,Center District,נתניהו
2021-11,30,Center District,נתניהו
2021-12,28,Center District,נתניהו
2022-01,42,Center District,נתניהו
2022-02,25,Center District,נתניהו
2022-03,24,Center District,נתניהו
2022-04,29,Center District,נתניהו
2022-05,32,Center District,נתניהו
2022-06,32,Center District,נתניהו
2022-07,36,Center District,נתניהו
2022-08,24,Center District,נתניהו
2022-09,26,Center District,נתניהו
2022-10,51,Center District,נתניהו
2022-11,50,Center District,נתניהו
2022-12,35,Center District,נתניהו
2014-01,16,Haifa District,נתניהו
2014-02,12,Haifa District,נתניהו
2014-03,16,Haifa District,נתניהו
2014-04,14,Haifa District,נתניהו
2014-05,18,Haifa District,נתניהו
2014-06,10,Haifa District,נתניהו
2014-07,17,Haifa District,נתניהו
2014-08,15,Haifa District,נתניהו
2014-09,8,Haifa District,נתניהו
2014-10,10,Haifa District,נתניהו
2014-11,13,Haifa District,נתניהו
2014-12,29,Haifa District,נתניהו
2015-01,22,Haifa District,נתניהו
2015-02,41,Haifa District,נתניהו
2015-03,80,Haifa District,נתניהו
2015-04,13,Haifa District,נתניהו
2015-05,25,Haifa District,נתניהו
2015-06,10,Haifa District,נתניהו
2015-07,9,Haifa District,נתניהו
2015-08,12,Haifa District,נתניהו
2015-09,14,Haifa District,נתניהו
2015-10,22,Haifa District,נתניהו
2015-11,15,Haifa District,נתניהו
2015-12,25,Haifa District,נתניהו
2016-01,18,Haifa District,נתניהו
2016-02,19,Haifa District,נתניהו
2016-03,16,Haifa District,נתניהו
2016-04,13,Haifa District,נתניהו
2016-05,24,Haifa District,נתניהו
2016-06,20,Haifa District,נתניהו
2016-07,23,Haifa District,נתניהו
2016-08,15,Haifa District,נתניהו
2016-09,32,Haifa District,נתניהו
2016-10,18,Haifa District,נתניהו
2016-11,28,Haifa District,נתניהו
2016-12,25,Haifa District,נתניהו
2017-01,39,Haifa District,נתניהו
2017-02,28,Haifa District,נתניהו
2017-03,21,Haifa District,נתניהו
2017-04,18,Haifa District,נתניהו
2017-05,23,Haifa District,נתניהו
2017-06,21,Haifa District,נתניהו
2017-07,21,Haifa District,נתניהו
2017-08,36,Haifa District,נתניהו
2017-09,30,Haifa District,נתניהו
2017-10,26,Haifa District,נתניהו
2017-11,27,Haifa District,נתניהו
2017-12,20,Haifa District,נתניהו
2018-01,87,Haifa District,נתניהו
2018-02,64,Haifa District,נתניהו
2018-03,43,Haifa District,נתניהו
2018-04,37,Haifa District,נתניהו
2018-05,31,Haifa District,נתניהו
2018-06,31,Haifa District,נתניהו
2018-07,25,Haifa District,נתניהו
2018-08,28,Haifa District,נתניהו
2018-09,30,Haifa District,נתניהו
2018-10,46,Haifa District,נתניהו
2018-11,35,Haifa District,נתניהו
2018-12,46,Haifa District,נתניהו
2019-01,44,Haifa District,נתניהו
2019-02,48,Haifa District,נתניהו
2019-03,80,Haifa District,נתניהו
2019-04,87,Haifa District,נתניהו
2019-05,47,Haifa District,נתניהו
2019-06,40,Haifa District,נתניהו
2019-07,34,Haifa District,נתניהו
2019-08,48,Haifa District,נתניהו
2019-09,100,Haifa District,נתניהו
2019-10,55,Haifa District,נתניהו
2019-11,67,Haifa District,נתניהו
2019-12,45,Haifa District,נתניהו
2020-01,38,Haifa District,נתניהו
2020-02,50,Haifa District,נתניהו
2020-03,68,Haifa District,נתניהו
2020-04,52,Haifa District,נתניהו
2020-05,57,Haifa District,נתניהו
2020-06,29,Haifa District,נתניהו
2020-07,55,Haifa District,נתניהו
2020-08,48,Haifa District,נתניהו
2020-09,44,Haifa District,נתניהו
2020-10,49,Haifa District,נתניהו
2020-11,37,Haifa District,נתניהו
2020-12,36,Haifa District,נתניהו
2021-01,37,Haifa District,נתניהו
2021-02,45,Haifa District,נתניהו
2021-03,62,Haifa District,נתניהו
2021-04,45,Haifa District,נתניהו
2021-05,41,Haifa District,נתניהו
2021-06,65,Haifa District,נתניהו
2021-07,36,Haifa District,נתניהו
2021-08,28,Haifa District,נתניהו
2021-09,24,Haifa District,נתניהו
2021-10,29,Haifa District,נתניהו
2021-11,26,Haifa District,נתניהו
2021-12,26,Haifa District,נתניהו
2022-01,38,Haifa District,נתניהו
2022-02,27,Haifa District,נתניהו
2022-03,24,Haifa District,נתניהו
2022-04,26,Haifa District,נתניהו
2022-05,29,Haifa District,נתניהו
2022-06,30,Haifa District,נתניהו
2022-07,30,Haifa District,נתניהו
2022-08,23,Haifa District,נתניהו
2022-09,21,Haifa District,נתניהו
2022-10,41,Haifa District,נתניהו
2022-11,44,Haifa District,נתניהו
2022-12,33,Haifa District,נתניהו
2014-01,23,Jerusalem District,נתניהו
2014-02,13,Jerusalem District,נתניהו
2014-03,17,Jerusalem District,נתניהו
2014-04,15,Jerusalem District,נתניהו
2014-05,16,Jerusalem District,נתניהו
2014-06,8,Jerusalem District,נתניהו
2014-07,14,Jerusalem District,נתניהו
2014-08,13,Jerusalem District,נתניהו
2014-09,11,Jerusalem District,נתניהו
2014-10,11,Jerusalem District,נתניהו
2014-11,18,Jerusalem District,נתניהו
2014-12,22,Jerusalem District,נתניהו
2015-01,25,Jerusalem District,נתניהו
2015-02,50,Jerusalem District,נתניהו
2015-03,73,Jerusalem District,נתניהו
2015-04,18,Jerusalem District,נתניהו
2015-05,20,Jerusalem District,נתניהו
2015-06,13,Jerusalem District,נתניהו
2015-07,13,Jerusalem District,נתניהו
2015-08,11,Jerusalem District,נתניהו
2015-09,12,Jerusalem District,נתניהו
2015-10,27,Jerusalem District,נתניהו
2015-11,13,Jerusalem District,נתניהו
2015-12,18,Jerusalem District,נתניהו
2016-01,14,Jerusalem District,נתניהו
2016-02,19,Jerusalem District,נתניהו
2016-03,14,Jerusalem District,נתניהו
2016-04,12,Jerusalem District,נתניהו
2016-05,24,Jerusalem District,נתניהו
2016-06,21,Jerusalem District,נתניהו
2016-07,25,Jerusalem District,נתניהו
2016-08,16,Jerusalem District,נתניהו
2016-09,26,Jerusalem District,נתניהו
2016-10,10,Jerusalem District,נתניהו
2016-11,23,Jerusalem District,נתניהו
2016-12,26,Jerusalem District,נתניהו
2017-01,41,Jerusalem District,נתניהו
2017-02,29,Jerusalem District,נתניהו
2017-03,21,Jerusalem District,נתניהו
2017-04,18,Jerusalem District,נתניהו
2017-05,22,Jerusalem District,נתניהו
2017-06,17,Jerusalem District,נתניהו
2017-07,19,Jerusalem District,נתניהו
2017-08,36,Jerusalem District,נתניהו
2017-09,32,Jerusalem District,נתניהו
2017-10,22,Jerusalem District,נתניהו
2017-11,28,Jerusalem District,נתניהו
2017-12,24,Jerusalem District,נתניהו
2018-01,76,Jerusalem District,נתניהו
2018-02,55,Jerusalem District,נתניהו
2018-03,39,Jerusalem District,נתניהו
2018-04,36,Jerusalem District,נתניהו
2018-05,32,Jerusalem District,נתניהו
2018-06,27,Jerusalem District,נתניהו
2018-07,25,Jerusalem District,נתניהו
2018-08,20,Jerusalem District,נתניהו
2018-09,29,Jerusalem District,נתניהו
2018-10,42,Jerusalem District,נתניהו
2018-11,35,Jerusalem District,נתניהו
2018-12,43,Jerusalem District,נתניהו
2019-01,39,Jerusalem District,נתניהו
2019-02,50,Jerusalem District,נתניהו
2019-03,72,Jerusalem District,נתניהו
2019-04,78,Jerusalem District,נתניהו
2019-05,43,Jerusalem District,נתניהו
2019-06,38,Jerusalem District,נתניהו
2019-07,37,Jerusalem District,נתניהו
2019-08,54,Jerusalem District,נתניהו
2019-09,100,Jerusalem District,נתניהו
2019-10,61,Jerusalem District,נתניהו
2019-11,64,Jerusalem District,נתניהו
2019-12,48,Jerusalem District,נתניהו
2020-01,41,Jerusalem District,נתניהו
2020-02,53,Jerusalem District,נתניהו
2020-03,81,Jerusalem District,נתניהו
2020-04,53,Jerusalem District,נתניהו
2020-05,66,Jerusalem District,נתניהו
2020-06,38,Jerusalem District,נתניהו
2020-07,57,Jerusalem District,נתניהו
2020-08,56,Jerusalem District,נתניהו
2020-09,51,Jerusalem District,נתניהו
2020-10,50,Jerusalem District,נתניהו
2020-11,42,Jerusalem District,נתניהו
2020-12,48,Jerusalem District,נתניהו
2021-01,46,Jerusalem District,נתניהו
2021-02,63,Jerusalem District,נתניהו
2021-03,86,Jerusalem District,נתניהו
2021-04,52,Jerusalem District,נתניהו
2021-05,49,Jerusalem District,נתניהו
2021-06,73,Jerusalem District,נתניהו
2021-07,46,Jerusalem District,נתניהו
2021-08,38,Jerusalem District,נתניהו
2021-09,28,Jerusalem District,נתניהו
2021-10,37,Jerusalem District,נתניהו
2021-11,37,Jerusalem District,נתניהו
2021-12,33,Jerusalem District,נתניהו
2022-01,54,Jerusalem District,נתניהו
2022-02,34,Jerusalem District,נתניהו
2022-03,28,Jerusalem District,נתניהו
2022-04,34,Jerusalem District,נתניהו
2022-05,38,Jerusalem District,נתניהו
2022-06,34,Jerusalem District,נתניהו
2022-07,40,Jerusalem District,נתניהו
2022-08,26,Jerusalem District,נתניהו
2022-09,27,Jerusalem District,נתניהו
2022-10,49,Jerusalem District,נתניהו
2022-11,46,Jerusalem District,נתניהו
2022-12,29,Jerusalem District,נתניהו
2014-01,0,North District,נתניהו
2014-02,22,North District,נתניהו
2014-03,0,North District,נתניהו
2014-04,16,North District,נתניהו
2014-05,24,North District,נתניהו
2014-06,0,North District,נתניהו
2014-07,27,North District,נתניהו
2014-08,0,North District,נתניהו
2014-09,18,North District,נתניהו
2014-10,0,North District,נתניהו
2014-11,0,North District,נתניהו
2014-12,22,North District,נתניהו
2015-01,24,North District,נתניהו
2015-02,68,North District,נתניהו
2015-03,99,North District,נתניהו
2015-04,32,North District,נתניהו
2015-05,28,North District,נתניהו
2015-06,13,North District,נתניהו
2015-07,0,North District,נתניהו
2015-08,14,North District,נתניהו
2015-09,17,North District,נתניהו
2015-10,23,North District,נתניהו
2015-11,14,North District,נתניהו
2015-12,15,North District,נתניהו
2016-01,13,North District,נתניהו
2016-02,11,North District,נתניהו
2016-03,14,North District,נתניהו
2016-04,9,North District,נתניהו
2016-05,19,North District,נתניהו
2016-06,14,North District,נתניהו
2016-07,25,North District,נתניהו
2016-08,10,North District,נתניהו
2016-09,30,North District,נתניהו
2016-10,11,North District,נתניהו
2016-11,23,North District,נתניהו
2016-12,21,North District,נתניהו
2017-01,37,North District,נתניהו
2017-02,20,North District,נתניהו
2017-03,15,North District,נתניהו
2017-04,15,North District,נתניהו
2017-05,18,North District,נתניהו
2017-06,14,North District,נתניהו
2017-07,16,North District,נתניהו
2017-08,35,North District,נתניהו
2017-09,36,North District,נתניהו
2017-10,24,North District,נתניהו
2017-11,34,North District,נתניהו
2017-12,29,North District,נתניהו
2018-01,87,North District,נתניהו
2018-02,62,North District,נתניהו
2018-03,42,North District,נתניהו
2018-04,36,North District,נתניהו
2018-05,35,North District,נתניהו
2018-06,38,North District,נתניהו
2018-07,26,North District,נתניהו
2018-08,27,North District,נתניהו
2018-09,35,North District,נתניהו
2018-10,54,North District,נתניהו
2018-11,37,North District,נתניהו
2018-12,48,North District,נתניהו
2019-01,52,North District,נתניהו
2019-02,56,North District,נתניהו
2019-03,87,North District,נתניהו
2019-04,98,North District,נתניהו
2019-05,47,North District,נתניהו
2019-06,38,North District,נתניהו
2019-07,34,North District,נתניהו
2019-08,46,North District,נתניהו
2019-09,100,North District,נתניהו
2019-10,56,North District,נתניהו
2019-11,67,North District,נתניהו
2019-12,52,North District,נתניהו
2020-01,44,North District,נתניהו
2020-02,50,North District,נתניהו
2020-03,79,North District,נתניהו
2020-04,52,North District,נתניהו
2020-05,59,North District,נתניהו
2020-06,29,North District,נתניהו
2020-07,57,North District,נתניהו
2020-08,50,North District,נתניהו
2020-09,46,North District,נתניהו
2020-10,47,North District,נתניהו
2020-11,36,North District,נתניהו
2020-12,41,North District,נתניהו
2021-01,43,North District,נתניהו
2021-02,49,North District,נתניהו
2021-03,67,North District,נתניהו
2021-04,48,North District,נתניהו
2021-05,47,North District,נתניהו
2021-06,71,North District,נתניהו
2021-07,33,North District,נתניהו
2021-08,28,North District,נתניהו
2021-09,21,North District,נתניהו
2021-10,34,North District,נתניהו
2021-11,25,North District,נתניהו
2021-12,28,North District,נתניהו
2022-01,42,North District,נתניהו
2022-02,31,North District,נתניהו
2022-03,25,North District,נתניהו
2022-04,31,North District,נתניהו
2022-05,33,North District,נתניהו
2022-06,31,North District,נתניהו
2022-07,31,North District,נתניהו
2022-08,20,North District,נתניהו
2022-09,26,North District,נתניהו
2022-10,48,North District,נתניהו
2022-11,47,North District,נתניהו
2022-12,27,North District,נתניהו
2014-01,21,South District,נתניהו
2014-02,17,South District,נתניהו
2014-03,22,South District,נתניהו
2014-04,9,South District,נתניהו
2014-05,23,South District,נתניהו
2014-06,0,South District,נתניהו
2014-07,33,South District,נתניהו
2014-08,25,South District,נתניהו
2014-09,0,South District,נתניהו
2014-10,21,South District,נתניהו
2014-11,0,South District,נתניהו
2014-12,21,South District,נתניהו
2015-01,25,South District,נתניהו
2015-02,61,South District,נתניהו
2015-03,84,South District,נתניהו
2015-04,30,South District,נתניהו
2015-05,26,South District,נתניהו
2015-06,19,South District,נתניהו
2015-07,15,South District,נתניהו
2015-08,15,South District,נתניהו
2015-09,13,South District,נתניהו
2015-10,38,South District,נתניהו
2015-11,16,South District,נתניהו
2015-12,30,South District,נתניהו
2016-01,15,South District,נתניהו
2016-02,16,South District,נתניהו
2016-03,12,South District,נתניהו
2016-04,13,South District,נתניהו
2016-05,19,South District,נתניהו
2016-06,12,South District,נתניהו
2016-07,19,South District,נתניהו
2016-08,8,South District,נתניהו
2016-09,23,South District,נתניהו
2016-10,15,South District,נתניהו
2016-11,28,South District,נתניהו
2016-12,18,South District,נתניהו
2017-01,30,South District,נתניהו
2017-02,24,South District,נתניהו
2017-03,19,South District,נתניהו
2017-04,16,South District,נתניהו
2017-05,20,South District,נתניהו
2017-06,12,South District,נתניהו
2017-07,14,South District,נתניהו
2017-08,25,South District,נתניהו
2017-09,35,South District,נתניהו
2017-10,24,South District,נתניהו
2017-11,28,South District,נתניהו
2017-12,23,South District,נתניהו
2018-01,88,South District,נתניהו
2018-02,54,South District,נתניהו
2018-03,39,South District,נתניהו
2018-04,37,South District,נתניהו
2018-05,33,South District,נתניהו
2018-06,24,South District,נתניהו
2018-07,24,South District,נתניהו
2018-08,21,South District,נתניהו
2018-09,28,South District,נתניהו
2018-10,49,South District,נתניהו
2018-11,38,South District,נתניהו
2018-12,44,South District,נתניהו
2019-01,48,South District,נתניהו
2019-02,56,South District,נתניהו
2019-03,90,South District,נתניהו
2019-04,100,South District,נתניהו
2019-05,50,South District,נתניהו
2019-06,48,South District,נתניהו
2019-07,40,South District,נתניהו
2019-08,52,South District,נתניהו
2019-09,99,South District,נתניהו
2019-10,60,South District,נתניהו
2019-11,72,South District,נתניהו
2019-12,51,South District,נתניהו
2020-01,45,South District,נתניהו
2020-02,51,South District,נתניהו
2020-03,79,South District,נתניהו
2020-04,52,South District,נתניהו
2020-05,62,South District,נתניהו
2020-06,36,South District,נתניהו
2020-07,59,South District,נתניהו
2020-08,54,South District,נתניהו
2020-09,45,South District,נתניהו
2020-10,51,South District,נתניהו
2020-11,39,South District,נתניהו
2020-12,44,South District,נתניהו
2021-01,45,South District,נתניהו
2021-02,54,South District,נתניהו
2021-03,82,South District,נתניהו
2021-04,56,South District,נתניהו
2021-05,47,South District,נתניהו
2021-06,74,South District,נתניהו
2021-07,43,South District,נתניהו
2021-08,36,South District,נתניהו
2021-09,26,South District,נתניהו
2021-10,36,South District,נתניהו
2021-11,36,South District,נתניהו
2021-12,37,South District,נתניהו
2022-01,49,South District,נתניהו
2022-02,33,South District,נתניהו
2022-03,34,South District,נתניהו
2022-04,36,South District,נתניהו
2022-05,35,South District,נתניהו
2022-06,32,South District,נתניהו
2022-07,37,South District,נתניהו
2022-08,26,South District,נתניהו
2022-09,27,South District,נתניהו
2022-10,47,South District,נתניהו
2022-11,59,South District,נתניהו
2022-12,35,South District,נתניהו
2014-01,16,Tel Aviv District,נתניהו
2014-02,12,Tel Aviv District,נתניהו
2014-03,16,Tel Aviv District,נתניהו
2014-04,11,Tel Aviv District,נתניהו
2014-05,18,Tel Aviv District,נתניהו
2014-06,10,Tel Aviv District,נתניהו
2014-07,20,Tel Aviv District,נתניהו
2014-08,16,Tel Aviv District,נתניהו
2014-09,10,Tel Aviv District,נתניהו
2014-10,10,Tel Aviv District,נתניהו
2014-11,12,Tel Aviv District,נתניהו
2014-12,23,Tel Aviv District,נתניהו
2015-01,26,Tel Aviv District,נתניהו
2015-02,51,Tel Aviv District,נתניהו
2015-03,67,Tel Aviv District,נתניהו
2015-04,18,Tel Aviv District,נתניהו
2015-05,20,Tel Aviv District,נתניהו
2015-06,11,Tel Aviv District,נתניהו
2015-07,11,Tel Aviv District,נתניהו
2015-08,9,Tel Aviv District,נתניהו
2015-09,12,Tel Aviv District,נתניהו
2015-10,24,Tel Aviv District,נתניהו
2015-11,14,Tel Aviv District,נתניהו
2015-12,19,Tel Aviv District,נתניהו
2016-01,14,Tel Aviv District,נתניהו
2016-02,14,Tel Aviv District,נתניהו
2016-03,14,Tel Aviv District,נתניהו
2016-04,10,Tel Aviv District,נתניהו
2016-05,22,Tel Aviv District,נתניהו
2016-06,17,Tel Aviv District,נתניהו
2016-07,23,Tel Aviv District,נתניהו
2016-08,13,Tel Aviv District,נתניהו
2016-09,21,Tel Aviv District,נתניהו
2016-10,14,Tel Aviv District,נתניהו
2016-11,26,Tel Aviv District,נתניהו
2016-12,25,Tel Aviv District,נתניהו
2017-01,35,Tel Aviv District,נתניהו
2017-02,25,Tel Aviv District,נתניהו
2017-03,19,Tel Aviv District,נתניהו
2017-04,16,Tel Aviv District,נתניהו
2017-05,19,Tel Aviv District,נתניהו
2017-06,16,Tel Aviv District,נתניהו
2017-07,19,Tel Aviv District,נתניהו
2017-08,37,Tel Aviv District,נתניהו
2017-09,35,Tel Aviv District,נתניהו
2017-10,21,Tel Aviv District,נתניהו
2017-11,26,Tel Aviv District,נתניהו
2017-12,22,Tel Aviv District,נתניהו
2018-01,100,Tel Aviv District,נתניהו
2018-02,58,Tel Aviv District,נתניהו
2018-03,39,Tel Aviv District,נתניהו
2018-04,30,Tel Aviv District,נתניהו
2018-05,28,Tel Aviv District,נתניהו
2018-06,27,Tel Aviv District,נתניהו
2018-07,21,Tel Aviv District,נתניהו
2018-08,22,Tel Aviv District,נתניהו
2018-09,26,Tel Aviv District,נתניהו
2018-10,44,Tel Aviv District,נתניהו
2018-11,32,Tel Aviv District,נתניהו
2018-12,44,Tel Aviv District,נתניהו
2019-01,50,Tel Aviv District,נתניהו
2019-02,60,Tel Aviv District,נתניהו
2019-03,92,Tel Aviv District,נתניהו
2019-04,85,Tel Aviv District,נתניהו
2019-05,47,Tel Aviv District,נתניהו
2019-06,39,Tel Aviv District,נתניהו
2019-07,38,Tel Aviv District,נתניהו
2019-08,53,Tel Aviv District,נתניהו
2019-09,98,Tel Aviv District,נתניהו
2019-10,64,Tel Aviv District,נתניהו
2019-11,71,Tel Aviv District,נתניהו
2019-12,50,Tel Aviv District,נתניהו
2020-01,45,Tel Aviv District,נתניהו
2020-02,52,Tel Aviv District,נתניהו
2020-03,88,Tel Aviv District,נתניהו
2020-04,65,Tel Aviv District,נתניהו
2020-05,72,Tel Aviv District,נתניהו
2020-06,37,Tel Aviv District,נתניהו
2020-07,67,Tel Aviv District,נתניהו
2020-08,62,Tel Aviv District,נתניהו
2020-09,55,Tel Aviv District,נתניהו
2020-10,62,Tel Aviv District,נתניהו
2020-11,43,Tel Aviv District,נתניהו
2020-12,43,Tel Aviv District,נתניהו
2021-01,46,Tel Aviv District,נתניהו
2021-02,52,Tel Aviv District,נתניהו
2021-03,81,Tel Aviv District,נתניהו
2021-04,58,Tel Aviv District,נתניהו
2021-05,51,Tel Aviv District,נתניהו
2021-06,77,Tel Aviv District,נתניהו
2021-07,40,Tel Aviv District,נתניהו
2021-08,33,Tel Aviv District,נתניהו
2021-09,26,Tel Aviv District,נתניהו
2021-10,33,Tel Aviv District,נתניהו
2021-11,33,Tel Aviv District,נתניהו
2021-12,29,Tel Aviv District,נתניהו
2022-01,52,Tel Aviv District,נתניהו
2022-02,31,Tel Aviv District,נתניהו
2022-03,26,Tel Aviv District,נתניהו
2022-04,26,Tel Aviv District,נתניהו
2022-05,33,Tel Aviv District,נתניהו
2022-06,36,Tel Aviv District,נתניהו
2022-07,42,Tel Aviv District,נתניהו
2022-08,25,Tel Aviv District,נתניהו
2022-09,29,Tel Aviv District,נתניהו
2022-10,53,Tel Aviv District,נתניהו
2022-11,50,Tel Aviv District,נתניהו
2022-12,35,Tel Aviv District,נתניהו
2014-01,4,Center District,חמאס
2014-02,0,Center District,חמאס
2014-03,0,Center District,חמאס
2014-04,0,Center District,חמאס
2014-05,0,Center District,חמאס
2014-06,5,Center District,חמאס
2014-07,100,Center District,חמאס
2014-08,40,Center District,חמאס
2014-09,7,Center District,חמאס
2014-10,5,Center District,חמאס
2014-11,5,Center District,חמאס
2014-12,5,Center District,חמאס
2015-01,3,Center District,חמאס
2015-02,0,Center District,חמאס
2015-03,5,Center District,חמאס
2015-04,0,Center District,חמאס
2015-05,3,Center District,חמאס
2015-06,4,Center District,חמאס
2015-07,4,Center District,חמאס
2015-08,4,Center District,חמאס
2015-09,4,Center District,חמאס
2015-10,8,Center District,חמאס
2015-11,4,Center District,חמאס
2015-12,2,Center District,חמאס
2016-01,3,Center District,חמאס
2016-02,3,Center District,חמאס
2016-03,4,Center District,חמאס
2016-04,4,Center District,חמאס
2016-05,4,Center District,חמאס
2016-06,3,Center District,חמאס
2016-07,2,Center District,חמאס
2016-08,2,Center District,חמאס
2016-09,3,Center District,חמאס
2016-10,2,Center District,חמאס
2016-11,1,Center District,חמאס
2016-12,1,Center District,חמאס
2017-01,3,Center District,חמאס
2017-02,4,Center District,חמאס
2017-03,3,Center District,חמאס
2017-04,2,Center District,חמאס
2017-05,3,Center District,חמאס
2017-06,2,Center District,חמאס
2017-07,3,Center District,חמאס
2017-08,2,Center District,חמאס
2017-09,1,Center District,חמאס
2017-10,3,Center District,חמאס
2017-11,2,Center District,חמאס
2017-12,3,Center District,חמאס
2018-01,2,Center District,חמאס
2018-02,2,Center District,חמאס
2018-03,3,Center District,חמאס
2018-04,3,Center District,חמאס
2018-05,4,Center District,חמאס
2018-06,3,Center District,חמאס
2018-07,4,Center District,חמאס
2018-08,5,Center District,חמאס
2018-09,3,Center District,חמאס
2018-10,5,Center District,חמאס
2018-11,14,Center District,חמאס
2018-12,4,Center District,חמאס
2019-01,4,Center District,חמאס
2019-02,2,Center District,חמאס
2019-03,7,Center District,חמאס
2019-04,2,Center District,חמאס
2019-05,8,Center District,חמאס
2019-06,4,Center District,חמאס
2019-07,4,Center District,חמאס
2019-08,5,Center District,חמאס
2019-09,3,Center District,חמאס
2019-10,2,Center District,חמאס
2019-11,7,Center District,חמאס
2019-12,4,Center District,חמאס
2020-01,3,Center District,חמאס
2020-02,5,Center District,חמאס
2020-03,2,Center District,חמאס
2020-04,2,Center District,חמאס
2020-05,2,Center District,חמאס
2020-06,2,Center District,חמאס
2020-07,3,Center District,חמאס
2020-08,3,Center District,חמאס
2020-09,3,Center District,חמאס
2020-10,3,Center District,חמאס
2020-11,3,Center District,חמאס
2020-12,2,Center District,חמאס
2021-01,2,Center District,חמאס
2021-02,2,Center District,חמאס
2021-03,2,Center District,חמאס
2021-04,2,Center District,חמאס
2021-05,48,Center District,חמאס
2021-06,12,Center District,חמאס
2021-07,5,Center District,חמאס
2021-08,6,Center District,חמאס
2021-09,6,Center District,חמאס
2021-10,5,Center District,חמאס
2021-11,4,Center District,חמאס
2021-12,4,Center District,חמאס
2022-01,4,Center District,חמאס
2022-02,3,Center District,חמאס
2022-03,2,Center District,חמאס
2022-04,7,Center District,חמאס
2022-05,11,Center District,חמאס
2022-06,4,Center District,חמאס
2022-07,3,Center District,חמאס
2022-08,8,Center District,חמאס
2022-09,2,Center District,חמאס
2022-10,3,Center District,חמאס
2022-11,1,Center District,חמאס
2022-12,2,Center District,חמאס
2014-01,0,Haifa District,חמאס
2014-02,0,Haifa District,חמאס
2014-03,0,Haifa District,חמאס
2014-04,0,Haifa District,חמאס
2014-05,0,Haifa District,חמאס
2014-06,8,Haifa District,חמאס
2014-07,100,Haifa District,חמאס
2014-08,31,Haifa District,חמאס
2014-09,7,Haifa District,חמאס
2014-10,0,Haifa District,חמאס
2014-11,8,Haifa District,חמאס
2014-12,0,Haifa District,חמאס
2015-01,0,Haifa District,חמאס
2015-02,0,Haifa District,חמאס
2015-03,7,Haifa District,חמאס
2015-04,0,Haifa District,חמאס
2015-05,0,Haifa District,חמאס
2015-06,0,Haifa District,חמאס
2015-07,0,Haifa District,חמאס
2015-08,0,Haifa District,חמאס
2015-09,0,Haifa District,חמאס
2015-10,6,Haifa District,חמאס
2015-11,0,Haifa District,חמאס
2015-12,0,Haifa District,חמאס
2016-01,4,Haifa District,חמאס
2016-02,0,Haifa District,חמאס
2016-03,0,Haifa District,חמאס
2016-04,4,Haifa District,חמאס
2016-05,0,Haifa District,חמאס
2016-06,0,Haifa District,חמאס
2016-07,0,Haifa District,חמאס
2016-08,0,Haifa District,חמאס
2016-09,0,Haifa District,חמאס
2016-10,0,Haifa District,חמאס
2016-11,0,Haifa District,חמאס
2016-12,0,Haifa District,חמאס
2017-01,0,Haifa District,חמאס
2017-02,4,Haifa District,חמאס
2017-03,5,Haifa District,חמאס
2017-04,0,Haifa District,חמאס
2017-05,0,Haifa District,חמאס
2017-06,0,Haifa District,חמאס
2017-07,0,Haifa District,חמאס
2017-08,3,Haifa District,חמאס
2017-09,0,Haifa District,חמאס
2017-10,0,Haifa District,חמאס
2017-11,0,Haifa District,חמאס
2017-12,3,Haifa District,חמאס
2018-01,0,Haifa District,חמאס
2018-02,0,Haifa District,חמאס
2018-03,3,Haifa District,חמאס
2018-04,0,Haifa District,חמאס
2018-05,5,Haifa District,חמאס
2018-06,4,Haifa District,חמאס
2018-07,5,Haifa District,חמאס
2018-08,4,Haifa District,חמאס
2018-09,3,Haifa District,חמאס
2018-10,4,Haifa District,חמאס
2018-11,14,Haifa District,חמאס
2018-12,4,Haifa District,חמאס
2019-01,5,Haifa District,חמאס
2019-02,3,Haifa District,חמאס
2019-03,7,Haifa District,חמאס
2019-04,2,Haifa District,חמאס
2019-05,6,Haifa District,חמאס
2019-06,4,Haifa District,חמאס
2019-07,5,Haifa District,חמאס
2019-08,3,Haifa District,חמאס
2019-09,3,Haifa District,חמאס
2019-10,3,Haifa District,חמאס
2019-11,7,Haifa District,חמאס
2019-12,4,Haifa District,חמאס
2020-01,4,Haifa District,חמאס
2020-02,4,Haifa District,חמאס
2020-03,2,Haifa District,חמאס
2020-04,0,Haifa District,חמאס
2020-05,0,Haifa District,חמאס
2020-06,2,Haifa District,חמאס
2020-07,3,Haifa District,חמאס
2020-08,3,Haifa District,חמאס
2020-09,0,Haifa District,חמאס
2020-10,2,Haifa District,חמאס
2020-11,3,Haifa District,חמאס
2020-12,2,Haifa District,חמאס
2021-01,2,Haifa District,חמאס
2021-02,3,Haifa District,חמאס
2021-03,2,Haifa District,חמאס
2021-04,4,Haifa District,חמאס
2021-05,43,Haifa District,חמאס
2021-06,7,Haifa District,חמאס
2021-07,3,Haifa District,חמאס
2021-08,4,Haifa District,חמאס
2021-09,2,Haifa District,חמאס
2021-10,3,Haifa District,חמאס
2021-11,3,Haifa District,חמאס
2021-12,0,Haifa District,חמאס
2022-01,4,Haifa District,חמאס
2022-02,0,Haifa District,חמאס
2022-03,2,Haifa District,חמאס
2022-04,3,Haifa District,חמאס
2022-05,5,Haifa District,חמאס
2022-06,2,Haifa District,חמאס
2022-07,3,Haifa District,חמאס
2022-08,6,Haifa District,חמאס
2022-09,2,Haifa District,חמאס
2022-10,2,Haifa District,חמאס
2022-11,2,Haifa District,חמאס
2022-12,2,Haifa District,חמאס
2014-01,0,Jerusalem District,חמאס
2014-02,0,Jerusalem District,חמאס
2014-03,0,Jerusalem District,חמאס
2014-04,0,Jerusalem District,חמאס
2014-05,0,Jerusalem District,חמאס
2014-06,9,Jerusalem District,חמאס
2014-07,100,Jerusalem District,חמאס
2014-08,47,Jerusalem District,חמאס
2014-09,11,Jerusalem District,חמאס
2014-10,0,Jerusalem District,חמאס
2014-11,10,Jerusalem District,חמאס
2014-12,0,Jerusalem District,חמאס
2015-01,0,Jerusalem District,חמאס
2015-02,0,Jerusalem District,חמאס
2015-03,0,Jerusalem District,חמאס
2015-04,0,Jerusalem District,חמאס
2015-05,0,Jerusalem District,חמאס
2015-06,0,Jerusalem District,חמאס
2015-07,6,Jerusalem District,חמאס
2015-08,7,Jerusalem District,חמאס
2015-09,4,Jerusalem District,חמאס
2015-10,19,Jerusalem District,חמאס
2015-11,7,Jerusalem District,חמאס
2015-12,0,Jerusalem District,חמאס
2016-01,0,Jerusalem District,חמאס
2016-02,5,Jerusalem District,חמאס
2016-03,0,Jerusalem District,חמאס
2016-04,0,Jerusalem District,חמאס
2016-05,5,Jerusalem District,חמאס
2016-06,0,Jerusalem District,חמאס
2016-07,0,Jerusalem District,חמאס
2016-08,0,Jerusalem District,חמאס
2016-09,0,Jerusalem District,חמאס
2016-10,6,Jerusalem District,חמאס
2016-11,0,Jerusalem District,חמאס
2016-12,0,Jerusalem District,חמאס
2017-01,6,Jerusalem District,חמאס
2017-02,7,Jerusalem District,חמאס
2017-03,5,Jerusalem District,חמאס
2017-04,5,Jerusalem District,חמאס
2017-05,0,Jerusalem District,חמאס
2017-06,8,Jerusalem District,חמאס
2017-07,0,Jerusalem District,חמאס
2017-08,0,Jerusalem District,חמאס
2017-09,0,Jerusalem District,חמאס
2017-10,0,Jerusalem District,חמאס
2017-11,0,Jerusalem District,חמאס
2017-12,5,Jerusalem District,חמאס
2018-01,0,Jerusalem District,חמאס
2018-02,0,Jerusalem District,חמאס
2018-03,5,Jerusalem District,חמאס
2018-04,0,Jerusalem District,חמאס
2018-05,11,Jerusalem District,חמאס
2018-06,6,Jerusalem District,חמאס
2018-07,5,Jerusalem District,חמאס
2018-08,10,Jerusalem District,חמאס
2018-09,0,Jerusalem District,חמאס
2018-10,0,Jerusalem District,חמאס
2018-11,16,Jerusalem District,חמאס
2018-12,8,Jerusalem District,חמאס
2019-01,8,Jerusalem District,חמאס
2019-02,0,Jerusalem District,חמאס
2019-03,9,Jerusalem District,חמאס
2019-04,0,Jerusalem District,חמאס
2019-05,12,Jerusalem District,חמאס
2019-06,0,Jerusalem District,חמאס
2019-07,4,Jerusalem District,חמאס
2019-08,0,Jerusalem District,חמאס
2019-09,0,Jerusalem District,חמאס
2019-10,0,Jerusalem District,חמאס
2019-11,8,Jerusalem District,חמאס
2019-12,4,Jerusalem District,חמאס
2020-01,4,Jerusalem District,חמאס
2020-02,0,Jerusalem District,חמאס
2020-03,0,Jerusalem District,חמאס
2020-04,5,Jerusalem District,חמאס
2020-05,0,Jerusalem District,חמאס
2020-06,0,Jerusalem District,חמאס
2020-07,4,Jerusalem District,חמאס
2020-08,0,Jerusalem District,חמאס
2020-09,0,Jerusalem District,חמאס
2020-10,0,Jerusalem District,חמאס
2020-11,0,Jerusalem District,חמאס
2020-12,0,Jerusalem District,חמאס
2021-01,0,Jerusalem District,חמאס
2021-02,0,Jerusalem District,חמאס
2021-03,0,Jerusalem District,חמאס
2021-04,0,Jerusalem District,חמאס
2021-05,45,Jerusalem District,חמאס
2021-06,6,Jerusalem District,חמאס
2021-07,0,Jerusalem District,חמאס
2021-08,3,Jerusalem District,חמאס
2021-09,0,Jerusalem District,חמאס
2021-10,0,Jerusalem District,חמאס
2021-11,6,Jerusalem District,חמאס
2021-12,0,Jerusalem District,חמאס
2022-01,0,Jerusalem District,חמאס
2022-02,6,Jerusalem District,חמאס
2022-03,6,Jerusalem District,חמאס
2022-04,10,Jerusalem District,חמאס
2022-05,9,Jerusalem District,חמאס
2022-06,3,Jerusalem District,חמאס
2022-07,0,Jerusalem District,חמאס
2022-08,7,Jerusalem District,חמאס
2022-09,3,Jerusalem District,חמאס
2022-10,3,Jerusalem District,חמאס
2022-11,3,Jerusalem District,חמאס
2022-12,3,Jerusalem District,חמאס
2014-01,0,North District,חמאס
2014-02,0,North District,חמאס
2014-03,0,North District,חמאס
2014-04,0,North District,חמאס
2014-05,0,North District,חמאס
2014-06,0,North District,חמאס
2014-07,100,North District,חמאס
2014-08,51,North District,חמאס
2014-09,0,North District,חמאס
2014-10,0,North District,חמאס
2014-11,0,North District,חמאס
2014-12,0,North District,חמאס
2015-01,0,North District,חמאס
2015-02,0,North District,חמאס
2015-03,0,North District,חמאס
2015-04,0,North District,חמאס
2015-05,0,North District,חמאס
2015-06,0,North District,חמאס
2015-07,0,North District,חמאס
2015-08,0,North District,חמאס
2015-09,0,North District,חמאס
2015-10,0,North District,חמאס
2015-11,0,North District,חמאס
2015-12,0,North District,חמאס
2016-01,0,North District,חמאס
2016-02,0,North District,חמאס
2016-03,6,North District,חמאס
2016-04,6,North District,חמאס
2016-05,5,North District,חמאס
2016-06,0,North District,חמאס
2016-07,0,North District,חמאס
2016-08,0,North District,חמאס
2016-09,0,North District,חמאס
2016-10,0,North District,חמאס
2016-11,0,North District,חמאס
2016-12,0,North District,חמאס
2017-01,0,North District,חמאס
2017-02,6,North District,חמאס
2017-03,7,North District,חמאס
2017-04,0,North District,חמאס
2017-05,0,North District,חמאס
2017-06,0,North District,חמאס
2017-07,0,North District,חמאס
2017-08,5,North District,חמאס
2017-09,0,North District,חמאס
2017-10,4,North District,חמאס
2017-11,0,North District,חמאס
2017-12,4,North District,חמאס
2018-01,0,North District,חמאס
2018-02,4,North District,חמאס
2018-03,3,North District,חמאס
2018-04,0,North District,חמאס
2018-05,7,North District,חמאס
2018-06,5,North District,חמאס
2018-07,5,North District,חמאס
2018-08,7,North District,חמאס
2018-09,5,North District,חמאס
2018-10,5,North District,חמאס
2018-11,14,North District,חמאס
2018-12,5,North District,חמאס
2019-01,5,North District,חמאס
2019-02,4,North District,חמאס
2019-03,7,North District,חמאס
2019-04,4,North District,חמאס
2019-05,7,North District,חמאס
2019-06,0,North District,חמאס
2019-07,5,North District,חמאס
2019-08,3,North District,חמאס
2019-09,4,North District,חמאס
2019-10,2,North District,חמאס
2019-11,9,North District,חמאס
2019-12,4,North District,חמאס
2020-01,4,North District,חמאס
2020-02,4,North District,חמאס
2020-03,2,North District,חמאס
2020-04,2,North District,חמאס
2020-05,2,North District,חמאס
2020-06,0,North District,חמאס
2020-07,0,North District,חמאס
2020-08,4,North District,חמאס
2020-09,0,North District,חמאס
2020-10,0,North District,חמאס
2020-11,3,North District,חמאס
2020-12,4,North District,חמאס
2021-01,0,North District,חמאס
2021-02,0,North District,חמאס
2021-03,0,North District,חמאס
2021-04,2,North District,חמאס
2021-05,38,North District,חמאס
2021-06,8,North District,חמאס
2021-07,4,North District,חמאס
2021-08,5,North District,חמאס
2021-09,5,North District,חמאס
2021-10,4,North District,חמאס
2021-11,4,North District,חמאס
2021-12,5,North District,חמאס
2022-01,3,North District,חמאס
2022-02,4,North District,חמאס
2022-03,2,North District,חמאס
2022-04,5,North District,חמאס
2022-05,6,North District,חמאס
2022-06,4,North District,חמאס
2022-07,3,North District,חמאס
2022-08,5,North District,חמאס
2022-09,4,North District,חמאס
2022-10,0,North District,חמאס
2022-11,2,North District,חמאס
2022-12,2,North District,חמאס
2014-01,0,South District,חמאס
2014-02,0,South District,חמאס
2014-03,0,South District,חמאס
2014-04,0,South District,חמאס
2014-05,0,South District,חמאס
2014-06,0,South District,חמאס
2014-07,100,South District,חמאס
2014-08,38,South District,חמאס
2014-09,13,South District,חמאס
2014-10,10,South District,חמאס
2014-11,10,South District,חמאס
2014-12,0,South District,חמאס
2015-01,0,South District,חמאס
2015-02,0,South District,חמאס
2015-03,0,South District,חמאס
2015-04,9,South District,חמאס
2015-05,0,South District,חמאס
2015-06,13,South District,חמאס
2015-07,9,South District,חמאס
2015-08,0,South District,חמאס
2015-09,0,South District,חמאס
2015-10,10,South District,חמאס
2015-11,6,South District,חמאס
2015-12,0,South District,חמאס
2016-01,5,South District,חמאס
2016-02,6,South District,חמאס
2016-03,7,South District,חמאס
2016-04,7,South District,חמאס
2016-05,7,South District,חמאס
2016-06,7,South District,חמאס
2016-07,6,South District,חמאס
2016-08,7,South District,חמאס
2016-09,5,South District,חמאס
2016-10,4,South District,חמאס
2016-11,7,South District,חמאס
2016-12,5,South District,חמאס
2017-01,7,South District,חמאס
2017-02,8,South District,חמאס
2017-03,9,South District,חמאס
2017-04,9,South District,חמאס
2017-05,6,South District,חמאס
2017-06,7,South District,חמאס
2017-07,7,South District,חמאס
2017-08,5,South District,חמאס
2017-09,7,South District,חמאס
2017-10,7,South District,חמאס
2017-11,5,South District,חמאס
2017-12,7,South District,חמאס
2018-01,6,South District,חמאס
2018-02,5,South District,חמאס
2018-03,6,South District,חמאס
2018-04,4,South District,חמאס
2018-05,8,South District,חמאס
2018-06,4,South District,חמאס
2018-07,9,South District,חמאס
2018-08,6,South District,חמאס
2018-09,5,South District,חמאס
2018-10,8,South District,חמאס
2018-11,20,South District,חמאס
2018-12,6,South District,חמאס
2019-01,6,South District,חמאס
2019-02,4,South District,חמאס
2019-03,10,South District,חמאס
2019-04,7,South District,חמאס
2019-05,16,South District,חמאס
2019-06,5,South District,חמאס
2019-07,8,South District,חמאס
2019-08,9,South District,חמאס
2019-09,8,South District,חמאס
2019-10,4,South District,חמאס
2019-11,13,South District,חמאס
2019-12,6,South District,חמאס
2020-01,8,South District,חמאס
2020-02,7,South District,חמאס
2020-03,4,South District,חמאס
2020-04,3,South District,חמאס
2020-05,2,South District,חמאס
2020-06,5,South District,חמאס
2020-07,5,South District,חמאס
2020-08,10,South District,חמאס
2020-09,4,South District,חמאס
2020-10,4,South District,חמאס
2020-11,5,South District,חמאס
2020-12,3,South District,חמאס
2021-01,3,South District,חמאס
2021-02,2,South District,חמאס
2021-03,4,South District,חמאס
2021-04,4,South District,חמאס
2021-05,46,South District,חמאס
2021-06,16,South District,חמאס
2021-07,8,South District,חמאס
2021-08,9,South District,חמאס
2021-09,9,South District,חמאס
2021-10,6,South District,חמאס
2021-11,4,South District,חמאס
2021-12,6,South District,חמאס
2022-01,5,South District,חמאס
2022-02,3,South District,חמאס
2022-03,4,South District,חמאס
2022-04,8,South District,חמאס
2022-05,13,South District,חמאס
2022-06,5,South District,חמאס
2022-07,3,South District,חמאס
2022-08,12,South District,חמאס
2022-09,3,South District,חמאס
2022-10,3,South District,חמאס
2022-11,2,South District,חמאס
2022-12,2,South District,חמאס
2014-01,1,Tel Aviv District,חמאס
2014-02,1,Tel Aviv District,חמאס
2014-03,2,Tel Aviv District,חמאס
2014-04,2,Tel Aviv District,חמאס
2014-05,2,Tel Aviv District,חמאס
2014-06,6,Tel Aviv District,חמאס
2014-07,100,Tel Aviv District,חמאס
2014-08,45,Tel Aviv District,חמאס
2014-09,9,Tel Aviv District,חמאס
2014-10,5,Tel Aviv District,חמאס
2014-11,8,Tel Aviv District,חמאס
2014-12,5,Tel Aviv District,חמאס
2015-01,4,Tel Aviv District,חמאס
2015-02,3,Tel Aviv District,חמאס
2015-03,4,Tel Aviv District,חמאס
2015-04,4,Tel Aviv District,חמאס
2015-05,4,Tel Aviv District,חמאס
2015-06,5,Tel Aviv District,חמאס
2015-07,6,Tel Aviv District,חמאס
2015-08,5,Tel Aviv District,חמאס
2015-09,4,Tel Aviv District,חמאס
2015-10,10,Tel Aviv District,חמאס
2015-11,4,Tel Aviv District,חמאס
2015-12,3,Tel Aviv District,חמאס
2016-01,3,Tel Aviv District,חמאס
2016-02,3,Tel Aviv District,חמאס
2016-03,5,Tel Aviv District,חמאס
2016-04,4,Tel Aviv District,חמאס
2016-05,4,Tel Aviv District,חמאס
2016-06,3,Tel Aviv District,חמאס
2016-07,3,Tel Aviv District,חמאס
2016-08,3,Tel Aviv District,חמאס
2016-09,2,Tel Aviv District,חמאס
2016-10,3,Tel Aviv District,חמאס
2016-11,2,Tel Aviv District,חמאס
2016-12,3,Tel Aviv District,חמאס
2017-01,4,Tel Aviv District,חמאס
2017-02,5,Tel Aviv District,חמאס
2017-03,5,Tel Aviv District,חמאס
2017-04,3,Tel Aviv District,חמאס
2017-05,3,Tel Aviv District,חמאס
2017-06,3,Tel Aviv District,חמאס
2017-07,3,Tel Aviv District,חמאס
2017-08,2,Tel Aviv District,חמאס
2017-09,2,Tel Aviv District,חמאס
2017-10,3,Tel Aviv District,חמאס
2017-11,4,Tel Aviv District,חמאס
2017-12,4,Tel Aviv District,חמאס
2018-01,3,Tel Aviv District,חמאס
2018-02,3,Tel Aviv District,חמאס
2018-03,3,Tel Aviv District,חמאס
2018-04,3,Tel Aviv District,חמאס
2018-05,6,Tel Aviv District,חמאס
2018-06,5,Tel Aviv District,חמאס
2018-07,6,Tel Aviv District,חמאס
2018-08,7,Tel Aviv District,חמאס
2018-09,4,Tel Aviv District,חמאס
2018-10,6,Tel Aviv District,חמאס
2018-11,17,Tel Aviv District,חמאס
2018-12,5,Tel Aviv District,חמאס
2019-01,4,Tel Aviv District,חמאס
2019-02,3,Tel Aviv District,חמאס
2019-03,9,Tel Aviv District,חמאס
2019-04,5,Tel Aviv District,חמאס
2019-05,9,Tel Aviv District,חמאס
2019-06,4,Tel Aviv District,חמאס
2019-07,4,Tel Aviv District,חמאס
2019-08,4,Tel Aviv District,חמאס
2019-09,3,Tel Aviv District,חמאס
2019-10,2,Tel Aviv District,חמאס
2019-11,7,Tel Aviv District,חמאס
2019-12,3,Tel Aviv District,חמאס
2020-01,3,Tel Aviv District,חמאס
2020-02,5,Tel Aviv District,חמאס
2020-03,2,Tel Aviv District,חמאס
2020-04,3,Tel Aviv District,חמאס
2020-05,2,Tel Aviv District,חמאס
2020-06,3,Tel Aviv District,חמאס
2020-07,3,Tel Aviv District,חמאס
2020-08,5,Tel Aviv District,חמאס
2020-09,3,Tel Aviv District,חמאס
2020-10,2,Tel Aviv District,חמאס
2020-11,2,Tel Aviv District,חמאס
2020-12,3,Tel Aviv District,חמאס
2021-01,2,Tel Aviv District,חמאס
2021-02,1,Tel Aviv District,חמאס
2021-03,2,Tel Aviv District,חמאס
2021-04,3,Tel Aviv District,חמאס
2021-05,54,Tel Aviv District,חמאס
2021-06,11,Tel Aviv District,חמאס
2021-07,6,Tel Aviv District,חמאס
2021-08,5,Tel Aviv District,חמאס
2021-09,6,Tel Aviv District,חמאס
2021-10,5,Tel Aviv District,חמאס
2021-11,5,Tel Aviv District,חמאס
2021-12,6,Tel Aviv District,חמאס
2022-01,4,Tel Aviv District,חמאס
2022-02,4,Tel Aviv District,חמאס
2022-03,3,Tel Aviv District,חמאס
2022-04,8,Tel Aviv District,חמאס
2022-05,13,Tel Aviv District,חמאס
2022-06,4,Tel Aviv District,חמאס
2022-07,3,Tel Aviv District,חמאס
2022-08,8,Tel Aviv District,חמאס
2022-09,2,Tel Aviv District,חמאס
2022-10,2,Tel Aviv District,חמאס
2022-11,4,Tel Aviv District,חמאס
2022-12,3,Tel Aviv District,חמאס
2014-01,0,Center District,ליכוד
2014-02,0,Center District,ליכוד
2014-03,0,Center District,ליכוד
2014-04,0,Center District,ליכוד
2014-05,0,Center District,ליכוד
2014-06,0,Center District,ליכוד
2014-07,0,Center District,ליכוד
2014-08,0,Center District,ליכוד
2014-09,0,Center District,ליכוד
2014-10,0,Center District,ליכוד
2014-11,0,Center District,ליכוד
2014-12,41,Center District,ליכוד
2015-01,33,Center District,ליכוד
2015-02,32,Center District,ליכוד
2015-03,56,Center District,ליכוד
2015-04,0,Center District,ליכוד
2015-05,0,Center District,ליכוד
2015-06,0,Center District,ליכוד
2015-07,14,Center District,ליכוד
2015-08,0,Center District,ליכוד
2015-09,0,Center District,ליכוד
2015-10,0,Center District,ליכוד
2015-11,0,Center District,ליכוד
2015-12,13,Center District,ליכוד
2016-01,7,Center District,ליכוד
2016-02,8,Center District,ליכוד
2016-03,0,Center District,ליכוד
2016-04,0,Center District,ליכוד
2016-05,7,Center District,ליכוד
2016-06,7,Center District,ליכוד
2016-07,0,Center District,ליכוד
2016-08,0,Center District,ליכוד
2016-09,7,Center District,ליכוד
2016-10,0,Center District,ליכוד
2016-11,0,Center District,ליכוד
2016-12,5,Center District,ליכוד
2017-01,10,Center District,ליכוד
2017-02,7,Center District,ליכוד
2017-03,5,Center District,ליכוד
2017-04,0,Center District,ליכוד
2017-05,6,Center District,ליכוד
2017-06,8,Center District,ליכוד
2017-07,8,Center District,ליכוד
2017-08,10,Center District,ליכוד
2017-09,6,Center District,ליכוד
2017-10,6,Center District,ליכוד
2017-11,7,Center District,ליכוד
2017-12,10,Center District,ליכוד
2018-01,6,Center District,ליכוד
2018-02,7,Center District,ליכוד
2018-03,9,Center District,ליכוד
2018-04,6,Center District,ליכוד
2018-05,4,Center District,ליכוד
2018-06,6,Center District,ליכוד
2018-07,7,Center District,ליכוד
2018-08,6,Center District,ליכוד
2018-09,10,Center District,ליכוד
2018-10,15,Center District,ליכוד
2018-11,9,Center District,ליכוד
2018-12,13,Center District,ליכוד
2019-01,36,Center District,ליכוד
2019-02,100,Center District,ליכוד
2019-03,26,Center District,ליכוד
2019-04,63,Center District,ליכוד
2019-05,10,Center District,ליכוד
2019-06,8,Center District,ליכוד
2019-07,8,Center District,ליכוד
2019-08,15,Center District,ליכוד
2019-09,51,Center District,ליכוד
2019-10,13,Center District,ליכוד
2019-11,12,Center District,ליכוד
2019-12,36,Center District,ליכוד
2020-01,10,Center District,ליכוד
2020-02,23,Center District,ליכוד
2020-03,26,Center District,ליכוד
2020-04,7,Center District,ליכוד
2020-05,10,Center District,ליכוד
2020-06,7,Center District,ליכוד
2020-07,11,Center District,ליכוד
2020-08,10,Center District,ליכוד
2020-09,7,Center District,ליכוד
2020-10,17,Center District,ליכוד
2020-11,10,Center District,ליכוד
2020-12,14,Center District,ליכוד
2021-01,11,Center District,ליכוד
2021-02,13,Center District,ליכוד
2021-03,30,Center District,ליכוד
2021-04,12,Center District,ליכוד
2021-05,7,Center District,ליכוד
2021-06,17,Center District,ליכוד
2021-07,8,Center District,ליכוד
2021-08,6,Center District,ליכוד
2021-09,4,Center District,ליכוד
2021-10,7,Center District,ליכוד
2021-11,6,Center District,ליכוד
2021-12,0,Center District,ליכוד
2022-01,8,Center District,ליכוד
2022-02,7,Center District,ליכוד
2022-03,5,Center District,ליכוד
2022-04,8,Center District,ליכוד
2022-05,11,Center District,ליכוד
2022-06,16,Center District,ליכוד
2022-07,30,Center District,ליכוד
2022-08,63,Center District,ליכוד
2022-09,21,Center District,ליכוד
2022-10,37,Center District,ליכוד
2022-11,38,Center District,ליכוד
2022-12,15,Center District,ליכוד
2014-01,0,Haifa District,ליכוד
2014-02,0,Haifa District,ליכוד
2014-03,0,Haifa District,ליכוד
2014-04,0,Haifa District,ליכוד
2014-05,0,Haifa District,ליכוד
2014-06,0,Haifa District,ליכוד
2014-07,0,Haifa District,ליכוד
2014-08,0,Haifa District,ליכוד
2014-09,0,Haifa District,ליכוד
2014-10,0,Haifa District,ליכוד
2014-11,0,Haifa District,ליכוד
2014-12,40,Haifa District,ליכוד
2015-01,51,Haifa District,ליכוד
2015-02,0,Haifa District,ליכוד
2015-03,60,Haifa District,ליכוד
2015-04,0,Haifa District,ליכוד
2015-05,0,Haifa District,ליכוד
2015-06,0,Haifa District,ליכוד
2015-07,0,Haifa District,ליכוד
2015-08,0,Haifa District,ליכוד
2015-09,0,Haifa District,ליכוד
2015-10,0,Haifa District,ליכוד
2015-11,0,Haifa District,ליכוד
2015-12,0,Haifa District,ליכוד
2016-01,0,Haifa District,ליכוד
2016-02,0,Haifa District,ליכוד
2016-03,0,Haifa District,ליכוד
2016-04,0,Haifa District,ליכוד
2016-05,0,Haifa District,ליכוד
2016-06,0,Haifa District,ליכוד
2016-07,0,Haifa District,ליכוד
2016-08,0,Haifa District,ליכוד
2016-09,0,Haifa District,ליכוד
2016-10,0,Haifa District,ליכוד
2016-11,0,Haifa District,ליכוד
2016-12,0,Haifa District,ליכוד
2017-01,0,Haifa District,ליכוד
2017-02,0,Haifa District,ליכוד
2017-03,0,Haifa District,ליכוד
2017-04,0,Haifa District,ליכוד
2017-05,0,Haifa District,ליכוד
2017-06,0,Haifa District,ליכוד
2017-07,0,Haifa District,ליכוד
2017-08,0,Haifa District,ליכוד
2017-09,0,Haifa District,ליכוד
2017-10,0,Haifa District,ליכוד
2017-11,0,Haifa District,ליכוד
2017-12,0,Haifa District,ליכוד
2018-01,0,Haifa District,ליכוד
2018-02,0,Haifa District,ליכוד
2018-03,0,Haifa District,ליכוד
2018-04,0,Haifa District,ליכוד
2018-05,0,Haifa District,ליכוד
2018-06,0,Haifa District,ליכוד
2018-07,0,Haifa District,ליכוד
2018-08,0,Haifa District,ליכוד
2018-09,0,Haifa District,ליכוד
2018-10,16,Haifa District,ליכוד
2018-11,20,Haifa District,ליכוד
2018-12,0,Haifa District,ליכוד
2019-01,27,Haifa District,ליכוד
2019-02,100,Haifa District,ליכוד
2019-03,30,Haifa District,ליכוד
2019-04,85,Haifa District,ליכוד
2019-05,19,Haifa District,ליכוד
2019-06,16,Haifa District,ליכוד
2019-07,0,Haifa District,ליכוד
2019-08,16,Haifa District,ליכוד
2019-09,66,Haifa District,ליכוד
2019-10,14,Haifa District,ליכוד
2019-11,19,Haifa District,ליכוד
2019-12,37,Haifa District,ליכוד
2020-01,0,Haifa District,ליכוד
2020-02,26,Haifa District,ליכוד
2020-03,40,Haifa District,ליכוד
2020-04,0,Haifa District,ליכוד
2020-05,15,Haifa District,ליכוד
2020-06,0,Haifa District,ליכוד
2020-07,0,Haifa District,ליכוד
2020-08,15,Haifa District,ליכוד
2020-09,0,Haifa District,ליכוד
2020-10,15,Haifa District,ליכוד
2020-11,0,Haifa District,ליכוד
2020-12,12,Haifa District,ליכוד
2021-01,0,Haifa District,ליכוד
2021-02,13,Haifa District,ליכוד
2021-03,47,Haifa District,ליכוד
2021-04,0,Haifa District,ליכוד
2021-05,16,Haifa District,ליכוד
2021-06,18,Haifa District,ליכוד
2021-07,12,Haifa District,ליכוד
2021-08,0,Haifa District,ליכוד
2021-09,0,Haifa District,ליכוד
2021-10,0,Haifa District,ליכוד
2021-11,0,Haifa District,ליכוד
2021-12,0,Haifa District,ליכוד
2022-01,0,Haifa District,ליכוד
2022-02,0,Haifa District,ליכוד
2022-03,8,Haifa District,ליכוד
2022-04,0,Haifa District,ליכוד
2022-05,0,Haifa District,ליכוד
2022-06,18,Haifa District,ליכוד
2022-07,31,Haifa District,ליכוד
2022-08,65,Haifa District,ליכוד
2022-09,28,Haifa District,ליכוד
2022-10,36,Haifa District,ליכוד
2022-11,53,Haifa District,ליכוד
2022-12,15,Haifa District,ליכוד
2014-01,0,Jerusalem District,ליכוד
2014-02,0,Jerusalem District,ליכוד
2014-03,0,Jerusalem District,ליכוד
2014-04,0,Jerusalem District,ליכוד
2014-05,0,Jerusalem District,ליכוד
2014-06,0,Jerusalem District,ליכוד
2014-07,0,Jerusalem District,ליכוד
2014-08,0,Jerusalem District,ליכוד
2014-09,0,Jerusalem District,ליכוד
2014-10,0,Jerusalem District,ליכוד
2014-11,0,Jerusalem District,ליכוד
2014-12,43,Jerusalem District,ליכוד
2015-01,0,Jerusalem District,ליכוד
2015-02,0,Jerusalem District,ליכוד
2015-03,65,Jerusalem District,ליכוד
2015-04,0,Jerusalem District,ליכוד
2015-05,0,Jerusalem District,ליכוד
2015-06,0,Jerusalem District,ליכוד
2015-07,0,Jerusalem District,ליכוד
2015-08,0,Jerusalem District,ליכוד
2015-09,0,Jerusalem District,ליכוד
2015-10,0,Jerusalem District,ליכוד
2015-11,0,Jerusalem District,ליכוד
2015-12,34,Jerusalem District,ליכוד
2016-01,0,Jerusalem District,ליכוד
2016-02,0,Jerusalem District,ליכוד
2016-03,0,Jerusalem District,ליכוד
2016-04,0,Jerusalem District,ליכוד
2016-05,0,Jerusalem District,ליכוד
2016-06,0,Jerusalem District,ליכוד
2016-07,0,Jerusalem District,ליכוד
2016-08,0,Jerusalem District,ליכוד
2016-09,0,Jerusalem District,ליכוד
2016-10,0,Jerusalem District,ליכוד
2016-11,0,Jerusalem District,ליכוד
2016-12,0,Jerusalem District,ליכוד
2017-01,0,Jerusalem District,ליכוד
2017-02,0,Jerusalem District,ליכוד
2017-03,0,Jerusalem District,ליכוד
2017-04,32,Jerusalem District,ליכוד
2017-05,0,Jerusalem District,ליכוד
2017-06,0,Jerusalem District,ליכוד
2017-07,0,Jerusalem District,ליכוד
2017-08,0,Jerusalem District,ליכוד
2017-09,0,Jerusalem District,ליכוד
2017-10,0,Jerusalem District,ליכוד
2017-11,0,Jerusalem District,ליכוד
2017-12,0,Jerusalem District,ליכוד
2018-01,0,Jerusalem District,ליכוד
2018-02,0,Jerusalem District,ליכוד
2018-03,0,Jerusalem District,ליכוד
2018-04,0,Jerusalem District,ליכוד
2018-05,0,Jerusalem District,ליכוד
2018-06,0,Jerusalem District,ליכוד
2018-07,19,Jerusalem District,ליכוד
2018-08,0,Jerusalem District,ליכוד
2018-09,0,Jerusalem District,ליכוד
2018-10,34,Jerusalem District,ליכוד
2018-11,19,Jerusalem District,ליכוד
2018-12,0,Jerusalem District,ליכוד
2019-01,32,Jerusalem District,ליכוד
2019-02,100,Jerusalem District,ליכוד
2019-03,44,Jerusalem District,ליכוד
2019-04,79,Jerusalem District,ליכוד
2019-05,19,Jerusalem District,ליכוד
2019-06,0,Jerusalem District,ליכוד
2019-07,0,Jerusalem District,ליכוד
2019-08,17,Jerusalem District,ליכוד
2019-09,64,Jerusalem District,ליכוד
2019-10,0,Jerusalem District,ליכוד
2019-11,23,Jerusalem District,ליכוד
2019-12,31,Jerusalem District,ליכוד
2020-01,0,Jerusalem District,ליכוד
2020-02,24,Jerusalem District,ליכוד
2020-03,35,Jerusalem District,ליכוד
2020-04,0,Jerusalem District,ליכוד
2020-05,0,Jerusalem District,ליכוד
2020-06,17,Jerusalem District,ליכוד
2020-07,0,Jerusalem District,ליכוד
2020-08,0,Jerusalem District,ליכוד
2020-09,0,Jerusalem District,ליכוד
2020-10,17,Jerusalem District,ליכוד
2020-11,0,Jerusalem District,ליכוד
2020-12,17,Jerusalem District,ליכוד
2021-01,0,Jerusalem District,ליכוד
2021-02,0,Jerusalem District,ליכוד
2021-03,41,Jerusalem District,ליכוד
2021-04,0,Jerusalem District,ליכוד
2021-05,0,Jerusalem District,ליכוד
2021-06,17,Jerusalem District,ליכוד
2021-07,0,Jerusalem District,ליכוד
2021-08,0,Jerusalem District,ליכוד
2021-09,0,Jerusalem District,ליכוד
2021-10,0,Jerusalem District,ליכוד
2021-11,0,Jerusalem District,ליכוד
2021-12,0,Jerusalem District,ליכוד
2022-01,0,Jerusalem District,ליכוד
2022-02,0,Jerusalem District,ליכוד
2022-03,0,Jerusalem District,ליכוד
2022-04,11,Jerusalem District,ליכוד
2022-05,0,Jerusalem District,ליכוד
2022-06,0,Jerusalem District,ליכוד
2022-07,32,Jerusalem District,ליכוד
2022-08,79,Jerusalem District,ליכוד
2022-09,14,Jerusalem District,ליכוד
2022-10,26,Jerusalem District,ליכוד
2022-11,38,Jerusalem District,ליכוד
2022-12,11,Jerusalem District,ליכוד
2014-01,0,North District,ליכוד
2014-02,0,North District,ליכוד
2014-03,0,North District,ליכוד
2014-04,0,North District,ליכוד
2014-05,0,North District,ליכוד
2014-06,0,North District,ליכוד
2014-07,0,North District,ליכוד
2014-08,0,North District,ליכוד
2014-09,0,North District,ליכוד
2014-10,0,North District,ליכוד
2014-11,0,North District,ליכוד
2014-12,0,North District,ליכוד
2015-01,0,North District,ליכוד
2015-02,0,North District,ליכוד
2015-03,85,North District,ליכוד
2015-04,0,North District,ליכוד
2015-05,0,North District,ליכוד
2015-06,0,North District,ליכוד
2015-07,0,North District,ליכוד
2015-08,0,North District,ליכוד
2015-09,0,North District,ליכוד
2015-10,0,North District,ליכוד
2015-11,0,North District,ליכוד
2015-12,0,North District,ליכוד
2016-01,0,North District,ליכוד
2016-02,0,North District,ליכוד
2016-03,0,North District,ליכוד
2016-04,0,North District,ליכוד
2016-05,0,North District,ליכוד
2016-06,0,North District,ליכוד
2016-07,0,North District,ליכוד
2016-08,0,North District,ליכוד
2016-09,0,North District,ליכוד
2016-10,0,North District,ליכוד
2016-11,0,North District,ליכוד
2016-12,0,North District,ליכוד
2017-01,0,North District,ליכוד
2017-02,0,North District,ליכוד
2017-03,0,North District,ליכוד
2017-04,0,North District,ליכוד
2017-05,0,North District,ליכוד
2017-06,0,North District,ליכוד
2017-07,0,North District,ליכוד
2017-08,0,North District,ליכוד
2017-09,0,North District,ליכוד
2017-10,0,North District,ליכוד
2017-11,0,North District,ליכוד
2017-12,0,North District,ליכוד
2018-01,0,North District,ליכוד
2018-02,0,North District,ליכוד
2018-03,0,North District,ליכוד
2018-04,0,North District,ליכוד
2018-05,0,North District,ליכוד
2018-06,0,North District,ליכוד
2018-07,0,North District,ליכוד
2018-08,0,North District,ליכוד
2018-09,18,North District,ליכוד
2018-10,0,North District,ליכוד
2018-11,0,North District,ליכוד
2018-12,0,North District,ליכוד
2019-01,38,North District,ליכוד
2019-02,100,North District,ליכוד
2019-03,31,North District,ליכוד
2019-04,72,North District,ליכוד
2019-05,26,North District,ליכוד
2019-06,17,North District,ליכוד
2019-07,0,North District,ליכוד
2019-08,0,North District,ליכוד
2019-09,76,North District,ליכוד
2019-10,13,North District,ליכוד
2019-11,0,North District,ליכוד
2019-12,34,North District,ליכוד
2020-01,16,North District,ליכוד
2020-02,19,North District,ליכוד
2020-03,29,North District,ליכוד
2020-04,16,North District,ליכוד
2020-05,0,North District,ליכוד
2020-06,0,North District,ליכוד
2020-07,11,North District,ליכוד
2020-08,14,North District,ליכוד
2020-09,0,North District,ליכוד
2020-10,23,North District,ליכוד
2020-11,0,North District,ליכוד
2020-12,13,North District,ליכוד
2021-01,15,North District,ליכוד
2021-02,15,North District,ליכוד
2021-03,35,North District,ליכוד
2021-04,0,North District,ליכוד
2021-05,0,North District,ליכוד
2021-06,13,North District,ליכוד
2021-07,0,North District,ליכוד
2021-08,0,North District,ליכוד
2021-09,0,North District,ליכוד
2021-10,0,North District,ליכוד
2021-11,0,North District,ליכוד
2021-12,0,North District,ליכוד
2022-01,0,North District,ליכוד
2022-02,0,North District,ליכוד
2022-03,0,North District,ליכוד
2022-04,0,North District,ליכוד
2022-05,10,North District,ליכוד
2022-06,13,North District,ליכוד
2022-07,23,North District,ליכוד
2022-08,66,North District,ליכוד
2022-09,16,North District,ליכוד
2022-10,19,North District,ליכוד
2022-11,38,North District,ליכוד
2022-12,0,North District,ליכוד
2014-01,0,South District,ליכוד
2014-02,0,South District,ליכוד
2014-03,0,South District,ליכוד
2014-04,0,South District,ליכוד
2014-05,0,South District,ליכוד
2014-06,0,South District,ליכוד
2014-07,0,South District,ליכוד
2014-08,0,South District,ליכוד
2014-09,0,South District,ליכוד
2014-10,0,South District,ליכוד
2014-11,0,South District,ליכוד
2014-12,70,South District,ליכוד
2015-01,0,South District,ליכוד
2015-02,0,South District,ליכוד
2015-03,0,South District,ליכוד
2015-04,0,South District,ליכוד
2015-05,0,South District,ליכוד
2015-06,0,South District,ליכוד
2015-07,0,South District,ליכוד
2015-08,0,South District,ליכוד
2015-09,0,South District,ליכוד
2015-10,0,South District,ליכוד
2015-11,0,South District,ליכוד
2015-12,0,South District,ליכוד
2016-01,0,South District,ליכוד
2016-02,0,South District,ליכוד
2016-03,0,South District,ליכוד
2016-04,0,South District,ליכוד
2016-05,0,South District,ליכוד
2016-06,0,South District,ליכוד
2016-07,0,South District,ליכוד
2016-08,0,South District,ליכוד
2016-09,0,South District,ליכוד
2016-10,0,South District,ליכוד
2016-11,0,South District,ליכוד
2016-12,0,South District,ליכוד
2017-01,0,South District,ליכוד
2017-02,0,South District,ליכוד
2017-03,0,South District,ליכוד
2017-04,0,South District,ליכוד
2017-05,0,South District,ליכוד
2017-06,0,South District,ליכוד
2017-07,0,South District,ליכוד
2017-08,0,South District,ליכוד
2017-09,0,South District,ליכוד
2017-10,0,South District,ליכוד
2017-11,0,South District,ליכוד
2017-12,0,South District,ליכוד
2018-01,0,South District,ליכוד
2018-02,0,South District,ליכוד
2018-03,0,South District,ליכוד
2018-04,0,South District,ליכוד
2018-05,0,South District,ליכוד
2018-06,0,South District,ליכוד
2018-07,0,South District,ליכוד
2018-08,0,South District,ליכוד
2018-09,0,South District,ליכוד
2018-10,0,South District,ליכוד
2018-11,0,South District,ליכוד
2018-12,15,South District,ליכוד
2019-01,48,South District,ליכוד
2019-02,100,South District,ליכוד
2019-03,43,South District,ליכוד
2019-04,96,South District,ליכוד
2019-05,28,South District,ליכוד
2019-06,0,South District,ליכוד
2019-07,0,South District,ליכוד
2019-08,15,South District,ליכוד
2019-09,62,South District,ליכוד
2019-10,14,South District,ליכוד
2019-11,0,South District,ליכוד
2019-12,48,South District,ליכוד
2020-01,0,South District,ליכוד
2020-02,32,South District,ליכוד
2020-03,39,South District,ליכוד
2020-04,0,South District,ליכוד
2020-05,11,South District,ליכוד
2020-06,0,South District,ליכוד
2020-07,15,South District,ליכוד
2020-08,13,South District,ליכוד
2020-09,0,South District,ליכוד
2020-10,13,South District,ליכוד
2020-11,0,South District,ליכוד
2020-12,14,South District,ליכוד
2021-01,13,South District,ליכוד
2021-02,22,South District,ליכוד
2021-03,43,South District,ליכוד
2021-04,0,South District,ליכוד
2021-05,20,South District,ליכוד
2021-06,14,South District,ליכוד
2021-07,0,South District,ליכוד
2021-08,16,South District,ליכוד
2021-09,0,South District,ליכוד
2021-10,0,South District,ליכוד
2021-11,0,South District,ליכוד
2021-12,0,South District,ליכוד
2022-01,0,South District,ליכוד
2022-02,0,South District,ליכוד
2022-03,0,South District,ליכוד
2022-04,0,South District,ליכוד
2022-05,0,South District,ליכוד
2022-06,17,South District,ליכוד
2022-07,31,South District,ליכוד
2022-08,78,South District,ליכוד
2022-09,28,South District,ליכוד
2022-10,45,South District,ליכוד
2022-11,55,South District,ליכוד
2022-12,11,South District,ליכוד
2014-01,2,Tel Aviv District,ליכוד
2014-02,2,Tel Aviv District,ליכוד
2014-03,3,Tel Aviv District,ליכוד
2014-04,3,Tel Aviv District,ליכוד
2014-05,3,Tel Aviv District,ליכוד
2014-06,2,Tel Aviv District,ליכוד
2014-07,4,Tel Aviv District,ליכוד
2014-08,3,Tel Aviv District,ליכוד
2014-09,3,Tel Aviv District,ליכוד
2014-10,2,Tel Aviv District,ליכוד
2014-11,7,Tel Aviv District,ליכוד
2014-12,25,Tel Aviv District,ליכוד
2015-01,28,Tel Aviv District,ליכוד
2015-02,25,Tel Aviv District,ליכוד
2015-03,49,Tel Aviv District,ליכוד
2015-04,9,Tel Aviv District,ליכוד
2015-05,8,Tel Aviv District,ליכוד
2015-06,7,Tel Aviv District,ליכוד
2015-07,4,Tel Aviv District,ליכוד
2015-08,4,Tel Aviv District,ליכוד
2015-09,4,Tel Aviv District,ליכוד
2015-10,5,Tel Aviv District,ליכוד
2015-11,5,Tel Aviv District,ליכוד
2015-12,10,Tel Aviv District,ליכוד
2016-01,6,Tel Aviv District,ליכוד
2016-02,5,Tel Aviv District,ליכוד
2016-03,6,Tel Aviv District,ליכוד
2016-04,4,Tel Aviv District,ליכוד
2016-05,7,Tel Aviv District,ליכוד
2016-06,7,Tel Aviv District,ליכוד
2016-07,4,Tel Aviv District,ליכוד
2016-08,5,Tel Aviv District,ליכוד
2016-09,6,Tel Aviv District,ליכוד
2016-10,4,Tel Aviv District,ליכוד
2016-11,6,Tel Aviv District,ליכוד
2016-12,5,Tel Aviv District,ליכוד
2017-01,9,Tel Aviv District,ליכוד
2017-02,6,Tel Aviv District,ליכוד
2017-03,5,Tel Aviv District,ליכוד
2017-04,6,Tel Aviv District,ליכוד
2017-05,6,Tel Aviv District,ליכוד
2017-06,5,Tel Aviv District,ליכוד
2017-07,9,Tel Aviv District,ליכוד
2017-08,9,Tel Aviv District,ליכוד
2017-09,6,Tel Aviv District,ליכוד
2017-10,6,Tel Aviv District,ליכוד
2017-11,6,Tel Aviv District,ליכוד
2017-12,11,Tel Aviv District,ליכוד
2018-01,8,Tel Aviv District,ליכוד
2018-02,10,Tel Aviv District,ליכוד
2018-03,7,Tel Aviv District,ליכוד
2018-04,6,Tel Aviv District,ליכוד
2018-05,4,Tel Aviv District,ליכוד
2018-06,4,Tel Aviv District,ליכוד
2018-07,6,Tel Aviv District,ליכוד
2018-08,5,Tel Aviv District,ליכוד
2018-09,0,Tel Aviv District,ליכוד
2018-10,12,Tel Aviv District,ליכוד
2018-11,10,Tel Aviv District,ליכוד
2018-12,11,Tel Aviv District,ליכוד
2019-01,33,Tel Aviv District,ליכוד
2019-02,100,Tel Aviv District,ליכוד
2019-03,34,Tel Aviv District,ליכוד
2019-04,66,Tel Aviv District,ליכוד
2019-05,16,Tel Aviv District,ליכוד
2019-06,7,Tel Aviv District,ליכוד
2019-07,7,Tel Aviv District,ליכוד
2019-08,11,Tel Aviv District,ליכוד
2019-09,49,Tel Aviv District,ליכוד
2019-10,13,Tel Aviv District,ליכוד
2019-11,16,Tel Aviv District,ליכוד
2019-12,35,Tel Aviv District,ליכוד
2020-01,13,Tel Aviv District,ליכוד
2020-02,24,Tel Aviv District,ליכוד
2020-03,28,Tel Aviv District,ליכוד
2020-04,9,Tel Aviv District,ליכוד
2020-05,13,Tel Aviv District,ליכוד
2020-06,9,Tel Aviv District,ליכוד
2020-07,13,Tel Aviv District,ליכוד
2020-08,11,Tel Aviv District,ליכוד
2020-09,11,Tel Aviv District,ליכוד
2020-10,18,Tel Aviv District,ליכוד
2020-11,12,Tel Aviv District,ליכוד
2020-12,17,Tel Aviv District,ליכוד
2021-01,11,Tel Aviv District,ליכוד
2021-02,15,Tel Aviv District,ליכוד
2021-03,32,Tel Aviv District,ליכוד
2021-04,13,Tel Aviv District,ליכוד
2021-05,11,Tel Aviv District,ליכוד
2021-06,15,Tel Aviv District,ליכוד
2021-07,8,Tel Aviv District,ליכוד
2021-08,5,Tel Aviv District,ליכוד
2021-09,6,Tel Aviv District,ליכוד
2021-10,6,Tel Aviv District,ליכוד
2021-11,4,Tel Aviv District,ליכוד
2021-12,5,Tel Aviv District,ליכוד
2022-01,12,Tel Aviv District,ליכוד
2022-02,7,Tel Aviv District,ליכוד
2022-03,6,Tel Aviv District,ליכוד
2022-04,7,Tel Aviv District,ליכוד
2022-05,10,Tel Aviv District,ליכוד
2022-06,16,Tel Aviv District,ליכוד
2022-07,34,Tel Aviv District,ליכוד
2022-08,64,Tel Aviv District,ליכוד
2022-09,18,Tel Aviv District,ליכוד
2022-10,36,Tel Aviv District,ליכוד
2022-11,39,Tel Aviv District,ליכוד
2022-12,14,Tel Aviv District,ליכוד
2014-01,21,Center District,ממשלה
2014-02,12,Center District,ממשלה
2014-03,15,Center District,ממשלה
2014-04,14,Center District,ממשלה
2014-05,25,Center District,ממשלה
2014-06,0,Center District,ממשלה
2014-07,14,Center District,ממשלה
2014-08,21,Center District,ממשלה
2014-09,17,Center District,ממשלה
2014-10,18,Center District,ממשלה
2014-11,24,Center District,ממשלה
2014-12,19,Center District,ממשלה
2015-01,19,Center District,ממשלה
2015-02,26,Center District,ממשלה
2015-03,48,Center District,ממשלה
2015-04,20,Center District,ממשלה
2015-05,27,Center District,ממשלה
2015-06,18,Center District,ממשלה
2015-07,17,Center District,ממשלה
2015-08,0,Center District,ממשלה
2015-09,17,Center District,ממשלה
2015-10,20,Center District,ממשלה
2015-11,18,Center District,ממשלה
2015-12,27,Center District,ממשלה
2016-01,17,Center District,ממשלה
2016-02,16,Center District,ממשלה
2016-03,15,Center District,ממשלה
2016-04,17,Center District,ממשלה
2016-05,28,Center District,ממשלה
2016-06,17,Center District,ממשלה
2016-07,20,Center District,ממשלה
2016-08,12,Center District,ממשלה
2016-09,22,Center District,ממשלה
2016-10,17,Center District,ממשלה
2016-11,28,Center District,ממשלה
2016-12,21,Center District,ממשלה
2017-01,29,Center District,ממשלה
2017-02,18,Center District,ממשלה
2017-03,17,Center District,ממשלה
2017-04,18,Center District,ממשלה
2017-05,18,Center District,ממשלה
2017-06,16,Center District,ממשלה
2017-07,13,Center District,ממשלה
2017-08,16,Center District,ממשלה
2017-09,16,Center District,ממשלה
2017-10,23,Center District,ממשלה
2017-11,25,Center District,ממשלה
2017-12,20,Center District,ממשלה
2018-01,23,Center District,ממשלה
2018-02,34,Center District,ממשלה
2018-03,21,Center District,ממשלה
2018-04,30,Center District,ממשלה
2018-05,22,Center District,ממשלה
2018-06,14,Center District,ממשלה
2018-07,15,Center District,ממשלה
2018-08,18,Center District,ממשלה
2018-09,18,Center District,ממשלה
2018-10,22,Center District,ממשלה
2018-11,27,Center District,ממשלה
2018-12,27,Center District,ממשלה
2019-01,26,Center District,ממשלה
2019-02,32,Center District,ממשלה
2019-03,35,Center District,ממשלה
2019-04,77,Center District,ממשלה
2019-05,43,Center District,ממשלה
2019-06,29,Center District,ממשלה
2019-07,19,Center District,ממשלה
2019-08,20,Center District,ממשלה
2019-09,84,Center District,ממשלה
2019-10,42,Center District,ממשלה
2019-11,45,Center District,ממשלה
2019-12,31,Center District,ממשלה
2020-01,23,Center District,ממשלה
2020-02,27,Center District,ממשלה
2020-03,81,Center District,ממשלה
2020-04,48,Center District,ממשלה
2020-05,49,Center District,ממשלה
2020-06,26,Center District,ממשלה
2020-07,47,Center District,ממשלה
2020-08,31,Center District,ממשלה
2020-09,33,Center District,ממשלה
2020-10,38,Center District,ממשלה
2020-11,29,Center District,ממשלה
2020-12,29,Center District,ממשלה
2021-01,27,Center District,ממשלה
2021-02,42,Center District,ממשלה
2021-03,57,Center District,ממשלה
2021-04,67,Center District,ממשלה
2021-05,58,Center District,ממשלה
2021-06,100,Center District,ממשלה
2021-07,27,Center District,ממשלה
2021-08,23,Center District,ממשלה
2021-09,17,Center District,ממשלה
2021-10,29,Center District,ממשלה
2021-11,19,Center District,ממשלה
2021-12,20,Center District,ממשלה
2022-01,26,Center District,ממשלה
2022-02,28,Center District,ממשלה
2022-03,25,Center District,ממשלה
2022-04,33,Center District,ממשלה
2022-05,28,Center District,ממשלה
2022-06,37,Center District,ממשלה
2022-07,32,Center District,ממשלה
2022-08,20,Center District,ממשלה
2022-09,22,Center District,ממשלה
2022-10,40,Center District,ממשלה
2022-11,57,Center District,ממשלה
2022-12,48,Center District,ממשלה
2014-01,27,Haifa District,ממשלה
2014-02,26,Haifa District,ממשלה
2014-03,17,Haifa District,ממשלה
2014-04,0,Haifa District,ממשלה
2014-05,23,Haifa District,ממשלה
2014-06,0,Haifa District,ממשלה
2014-07,0,Haifa District,ממשלה
2014-08,0,Haifa District,ממשלה
2014-09,0,Haifa District,ממשלה
2014-10,0,Haifa District,ממשלה
2014-11,0,Haifa District,ממשלה
2014-12,0,Haifa District,ממשלה
2015-01,22,Haifa District,ממשלה
2015-02,40,Haifa District,ממשלה
2015-03,47,Haifa District,ממשלה
2015-04,36,Haifa District,ממשלה
2015-05,26,Haifa District,ממשלה
2015-06,0,Haifa District,ממשלה
2015-07,0,Haifa District,ממשלה
2015-08,0,Haifa District,ממשלה
2015-09,29,Haifa District,ממשלה
2015-10,33,Haifa District,ממשלה
2015-11,28,Haifa District,ממשלה
2015-12,0,Haifa District,ממשלה
2016-01,22,Haifa District,ממשלה
2016-02,14,Haifa District,ממשלה
2016-03,0,Haifa District,ממשלה
2016-04,11,Haifa District,ממשלה
2016-05,16,Haifa District,ממשלה
2016-06,16,Haifa District,ממשלה
2016-07,21,Haifa District,ממשלה
2016-08,19,Haifa District,ממשלה
2016-09,19,Haifa District,ממשלה
2016-10,13,Haifa District,ממשלה
2016-11,23,Haifa District,ממשלה
2016-12,17,Haifa District,ממשלה
2017-01,24,Haifa District,ממשלה
2017-02,0,Haifa District,ממשלה
2017-03,14,Haifa District,ממשלה
2017-04,15,Haifa District,ממשלה
2017-05,22,Haifa District,ממשלה
2017-06,12,Haifa District,ממשלה
2017-07,23,Haifa District,ממשלה
2017-08,10,Haifa District,ממשלה
2017-09,0,Haifa District,ממשלה
2017-10,17,Haifa District,ממשלה
2017-11,13,Haifa District,ממשלה
2017-12,16,Haifa District,ממשלה
2018-01,21,Haifa District,ממשלה
2018-02,26,Haifa District,ממשלה
2018-03,21,Haifa District,ממשלה
2018-04,26,Haifa District,ממשלה
2018-05,11,Haifa District,ממשלה
2018-06,14,Haifa District,ממשלה
2018-07,30,Haifa District,ממשלה
2018-08,16,Haifa District,ממשלה
2018-09,23,Haifa District,ממשלה
2018-10,23,Haifa District,ממשלה
2018-11,22,Haifa District,ממשלה
2018-12,19,Haifa District,ממשלה
2019-01,26,Haifa District,ממשלה
2019-02,20,Haifa District,ממשלה
2019-03,30,Haifa District,ממשלה
2019-04,68,Haifa District,ממשלה
2019-05,36,Haifa District,ממשלה
2019-06,24,Haifa District,ממשלה
2019-07,16,Haifa District,ממשלה
2019-08,20,Haifa District,ממשלה
2019-09,74,Haifa District,ממשלה
2019-10,33,Haifa District,ממשלה
2019-11,45,Haifa District,ממשלה
2019-12,24,Haifa District,ממשלה
2020-01,19,Haifa District,ממשלה
2020-02,23,Haifa District,ממשלה
2020-03,67,Haifa District,ממשלה
2020-04,46,Haifa District,ממשלה
2020-05,47,Haifa District,ממשלה
2020-06,21,Haifa District,ממשלה
2020-07,45,Haifa District,ממשלה
2020-08,25,Haifa District,ממשלה
2020-09,24,Haifa District,ממשלה
2020-10,37,Haifa District,ממשלה
2020-11,24,Haifa District,ממשלה
2020-12,21,Haifa District,ממשלה
2021-01,23,Haifa District,ממשלה
2021-02,39,Haifa District,ממשלה
2021-03,48,Haifa District,ממשלה
2021-04,62,Haifa District,ממשלה
2021-05,46,Haifa District,ממשלה
2021-06,100,Haifa District,ממשלה
2021-07,25,Haifa District,ממשלה
2021-08,21,Haifa District,ממשלה
2021-09,13,Haifa District,ממשלה
2021-10,26,Haifa District,ממשלה
2021-11,20,Haifa District,ממשלה
2021-12,22,Haifa District,ממשלה
2022-01,22,Haifa District,ממשלה
2022-02,27,Haifa District,ממשלה
2022-03,21,Haifa District,ממשלה
2022-04,27,Haifa District,ממשלה
2022-05,25,Haifa District,ממשלה
2022-06,32,Haifa District,ממשלה
2022-07,23,Haifa District,ממשלה
2022-08,14,Haifa District,ממשלה
2022-09,22,Haifa District,ממשלה
2022-10,29,Haifa District,ממשלה
2022-11,56,Haifa District,ממשלה
2022-12,33,Haifa District,ממשלה
2014-01,20,Jerusalem District,ממשלה
2014-02,31,Jerusalem District,ממשלה
2014-03,0,Jerusalem District,ממשלה
2014-04,0,Jerusalem District,ממשלה
2014-05,35,Jerusalem District,ממשלה
2014-06,22,Jerusalem District,ממשלה
2014-07,26,Jerusalem District,ממשלה
2014-08,0,Jerusalem District,ממשלה
2014-09,0,Jerusalem District,ממשלה
2014-10,28,Jerusalem District,ממשלה
2014-11,24,Jerusalem District,ממשלה
2014-12,24,Jerusalem District,ממשלה
2015-01,31,Jerusalem District,ממשלה
2015-02,22,Jerusalem District,ממשלה
2015-03,45,Jerusalem District,ממשלה
2015-04,21,Jerusalem District,ממשלה
2015-05,37,Jerusalem District,ממשלה
2015-06,23,Jerusalem District,ממשלה
2015-07,24,Jerusalem District,ממשלה
2015-08,20,Jerusalem District,ממשלה
2015-09,16,Jerusalem District,ממשלה
2015-10,44,Jerusalem District,ממשלה
2015-11,52,Jerusalem District,ממשלה
2015-12,70,Jerusalem District,ממשלה
2016-01,49,Jerusalem District,ממשלה
2016-02,35,Jerusalem District,ממשלה
2016-03,47,Jerusalem District,ממשלה
2016-04,29,Jerusalem District,ממשלה
2016-05,62,Jerusalem District,ממשלה
2016-06,42,Jerusalem District,ממשלה
2016-07,45,Jerusalem District,ממשלה
2016-08,38,Jerusalem District,ממשלה
2016-09,32,Jerusalem District,ממשלה
2016-10,30,Jerusalem District,ממשלה
2016-11,34,Jerusalem District,ממשלה
2016-12,41,Jerusalem District,ממשלה
2017-01,44,Jerusalem District,ממשלה
2017-02,42,Jerusalem District,ממשלה
2017-03,50,Jerusalem District,ממשלה
2017-04,35,Jerusalem District,ממשלה
2017-05,38,Jerusalem District,ממשלה
2017-06,35,Jerusalem District,ממשלה
2017-07,35,Jerusalem District,ממשלה
2017-08,34,Jerusalem District,ממשלה
2017-09,26,Jerusalem District,ממשלה
2017-10,36,Jerusalem District,ממשלה
2017-11,39,Jerusalem District,ממשלה
2017-12,45,Jerusalem District,ממשלה
2018-01,54,Jerusalem District,ממשלה
2018-02,46,Jerusalem District,ממשלה
2018-03,36,Jerusalem District,ממשלה
2018-04,42,Jerusalem District,ממשלה
2018-05,33,Jerusalem District,ממשלה
2018-06,29,Jerusalem District,ממשלה
2018-07,36,Jerusalem District,ממשלה
2018-08,25,Jerusalem District,ממשלה
2018-09,24,Jerusalem District,ממשלה
2018-10,28,Jerusalem District,ממשלה
2018-11,38,Jerusalem District,ממשלה
2018-12,34,Jerusalem District,ממשלה
2019-01,43,Jerusalem District,ממשלה
2019-02,39,Jerusalem District,ממשלה
2019-03,46,Jerusalem District,ממשלה
2019-04,52,Jerusalem District,ממשלה
2019-05,56,Jerusalem District,ממשלה
2019-06,34,Jerusalem District,ממשלה
2019-07,26,Jerusalem District,ממשלה
2019-08,22,Jerusalem District,ממשלה
2019-09,72,Jerusalem District,ממשלה
2019-10,30,Jerusalem District,ממשלה
2019-11,53,Jerusalem District,ממשלה
2019-12,46,Jerusalem District,ממשלה
2020-01,30,Jerusalem District,ממשלה
2020-02,30,Jerusalem District,ממשלה
2020-03,59,Jerusalem District,ממשלה
2020-04,46,Jerusalem District,ממשלה
2020-05,59,Jerusalem District,ממשלה
2020-06,54,Jerusalem District,ממשלה
2020-07,51,Jerusalem District,ממשלה
2020-08,40,Jerusalem District,ממשלה
2020-09,47,Jerusalem District,ממשלה
2020-10,41,Jerusalem District,ממשלה
2020-11,45,Jerusalem District,ממשלה
2020-12,41,Jerusalem District,ממשלה
2021-01,34,Jerusalem District,ממשלה
2021-02,35,Jerusalem District,ממשלה
2021-03,54,Jerusalem District,ממשלה
2021-04,85,Jerusalem District,ממשלה
2021-05,64,Jerusalem District,ממשלה
2021-06,100,Jerusalem District,ממשלה
2021-07,47,Jerusalem District,ממשלה
2021-08,34,Jerusalem District,ממשלה
2021-09,26,Jerusalem District,ממשלה
2021-10,47,Jerusalem District,ממשלה
2021-11,43,Jerusalem District,ממשלה
2021-12,40,Jerusalem District,ממשלה
2022-01,48,Jerusalem District,ממשלה
2022-02,49,Jerusalem District,ממשלה
2022-03,34,Jerusalem District,ממשלה
2022-04,36,Jerusalem District,ממשלה
2022-05,47,Jerusalem District,ממשלה
2022-06,46,Jerusalem District,ממשלה
2022-07,38,Jerusalem District,ממשלה
2022-08,34,Jerusalem District,ממשלה
2022-09,33,Jerusalem District,ממשלה
2022-10,37,Jerusalem District,ממשלה
2022-11,56,Jerusalem District,ממשלה
2022-12,65,Jerusalem District,ממשלה
2014-01,0,North District,ממשלה
2014-02,0,North District,ממשלה
2014-03,0,North District,ממשלה
2014-04,0,North District,ממשלה
2014-05,0,North District,ממשלה
2014-06,0,North District,ממשלה
2014-07,0,North District,ממשלה
2014-08,0,North District,ממשלה
2014-09,0,North District,ממשלה
2014-10,0,North District,ממשלה
2014-11,0,North District,ממשלה
2014-12,0,North District,ממשלה
2015-01,70,North District,ממשלה
2015-02,0,North District,ממשלה
2015-03,75,North District,ממשלה
2015-04,40,North District,ממשלה
2015-05,0,North District,ממשלה
2015-06,33,North District,ממשלה
2015-07,0,North District,ממשלה
2015-08,0,North District,ממשלה
2015-09,0,North District,ממשלה
2015-10,0,North District,ממשלה
2015-11,0,North District,ממשלה
2015-12,40,North District,ממשלה
2016-01,21,North District,ממשלה
2016-02,20,North District,ממשלה
2016-03,18,North District,ממשלה
2016-04,17,North District,ממשלה
2016-05,17,North District,ממשלה
2016-06,15,North District,ממשלה
2016-07,16,North District,ממשלה
2016-08,17,North District,ממשלה
2016-09,17,North District,ממשלה
2016-10,0,North District,ממשלה
2016-11,38,North District,ממשלה
2016-12,29,North District,ממשלה
2017-01,22,North District,ממשלה
2017-02,16,North District,ממשלה
2017-03,26,North District,ממשלה
2017-04,0,North District,ממשלה
2017-05,18,North District,ממשלה
2017-06,0,North District,ממשלה
2017-07,20,North District,ממשלה
2017-08,19,North District,ממשלה
2017-09,25,North District,ממשלה
2017-10,24,North District,ממשלה
2017-11,25,North District,ממשלה
2017-12,21,North District,ממשלה
2018-01,26,North District,ממשלה
2018-02,39,North District,ממשלה
2018-03,24,North District,ממשלה
2018-04,33,North District,ממשלה
2018-05,19,North District,ממשלה
2018-06,0,North District,ממשלה
2018-07,24,North District,ממשלה
2018-08,23,North District,ממשלה
2018-09,18,North District,ממשלה
2018-10,32,North District,ממשלה
2018-11,24,North District,ממשלה
2018-12,27,North District,ממשלה
2019-01,22,North District,ממשלה
2019-02,22,North District,ממשלה
2019-03,31,North District,ממשלה
2019-04,80,North District,ממשלה
2019-05,36,North District,ממשלה
2019-06,22,North District,ממשלה
2019-07,27,North District,ממשלה
2019-08,19,North District,ממשלה
2019-09,87,North District,ממשלה
2019-10,51,North District,ממשלה
2019-11,45,North District,ממשלה
2019-12,25,North District,ממשלה
2020-01,28,North District,ממשלה
2020-02,31,North District,ממשלה
2020-03,92,North District,ממשלה
2020-04,57,North District,ממשלה
2020-05,43,North District,ממשלה
2020-06,31,North District,ממשלה
2020-07,36,North District,ממשלה
2020-08,34,North District,ממשלה
2020-09,31,North District,ממשלה
2020-10,40,North District,ממשלה
2020-11,33,North District,ממשלה
2020-12,26,North District,ממשלה
2021-01,34,North District,ממשלה
2021-02,33,North District,ממשלה
2021-03,58,North District,ממשלה
2021-04,68,North District,ממשלה
2021-05,57,North District,ממשלה
2021-06,100,North District,ממשלה
2021-07,19,North District,ממשלה
2021-08,30,North District,ממשלה
2021-09,22,North District,ממשלה
2021-10,28,North District,ממשלה
2021-11,15,North District,ממשלה
2021-12,30,North District,ממשלה
2022-01,26,North District,ממשלה
2022-02,33,North District,ממשלה
2022-03,29,North District,ממשלה
2022-04,32,North District,ממשלה
2022-05,36,North District,ממשלה
2022-06,31,North District,ממשלה
2022-07,32,North District,ממשלה
2022-08,19,North District,ממשלה
2022-09,22,North District,ממשלה
2022-10,37,North District,ממשלה
2022-11,60,North District,ממשלה
2022-12,42,North District,ממשלה
2014-01,0,South District,ממשלה
2014-02,0,South District,ממשלה
2014-03,0,South District,ממשלה
2014-04,0,South District,ממשלה
2014-05,0,South District,ממשלה
2014-06,0,South District,ממשלה
2014-07,39,South District,ממשלה
2014-08,0,South District,ממשלה
2014-09,0,South District,ממשלה
2014-10,37,South District,ממשלה
2014-11,0,South District,ממשלה
2014-12,43,South District,ממשלה
2015-01,0,South District,ממשלה
2015-02,0,South District,ממשלה
2015-03,36,South District,ממשלה
2015-04,0,South District,ממשלה
2015-05,0,South District,ממשלה
2015-06,0,South District,ממשלה
2015-07,0,South District,ממשלה
2015-08,0,South District,ממשלה
2015-09,0,South District,ממשלה
2015-10,40,South District,ממשלה
2015-11,25,South District,ממשלה
2015-12,0,South District,ממשלה
2016-01,21,South District,ממשלה
2016-02,0,South District,ממשלה
2016-03,0,South District,ממשלה
2016-04,0,South District,ממשלה
2016-05,32,South District,ממשלה
2016-06,16,South District,ממשלה
2016-07,0,South District,ממשלה
2016-08,0,South District,ממשלה
2016-09,15,South District,ממשלה
2016-10,0,South District,ממשלה
2016-11,19,South District,ממשלה
2016-12,17,South District,ממשלה
2017-01,15,South District,ממשלה
2017-02,16,South District,ממשלה
2017-03,0,South District,ממשלה
2017-04,19,South District,ממשלה
2017-05,22,South District,ממשלה
2017-06,15,South District,ממשלה
2017-07,18,South District,ממשלה
2017-08,21,South District,ממשלה
2017-09,0,South District,ממשלה
2017-10,20,South District,ממשלה
2017-11,16,South District,ממשלה
2017-12,17,South District,ממשלה
2018-01,22,South District,ממשלה
2018-02,28,South District,ממשלה
2018-03,22,South District,ממשלה
2018-04,21,South District,ממשלה
2018-05,21,South District,ממשלה
2018-06,18,South District,ממשלה
2018-07,19,South District,ממשלה
2018-08,10,South District,ממשלה
2018-09,21,South District,ממשלה
2018-10,25,South District,ממשלה
2018-11,25,South District,ממשלה
2018-12,24,South District,ממשלה
2019-01,32,South District,ממשלה
2019-02,29,South District,ממשלה
2019-03,29,South District,ממשלה
2019-04,66,South District,ממשלה
2019-05,47,South District,ממשלה
2019-06,22,South District,ממשלה
2019-07,26,South District,ממשלה
2019-08,25,South District,ממשלה
2019-09,74,South District,ממשלה
2019-10,35,South District,ממשלה
2019-11,32,South District,ממשלה
2019-12,26,South District,ממשלה
2020-01,29,South District,ממשלה
2020-02,27,South District,ממשלה
2020-03,71,South District,ממשלה
2020-04,44,South District,ממשלה
2020-05,46,South District,ממשלה
2020-06,22,South District,ממשלה
2020-07,38,South District,ממשלה
2020-08,30,South District,ממשלה
2020-09,24,South District,ממשלה
2020-10,32,South District,ממשלה
2020-11,24,South District,ממשלה
2020-12,30,South District,ממשלה
2021-01,23,South District,ממשלה
2021-02,31,South District,ממשלה
2021-03,44,South District,ממשלה
2021-04,59,South District,ממשלה
2021-05,51,South District,ממשלה
2021-06,100,South District,ממשלה
2021-07,25,South District,ממשלה
2021-08,25,South District,ממשלה
2021-09,16,South District,ממשלה
2021-10,26,South District,ממשלה
2021-11,22,South District,ממשלה
2021-12,23,South District,ממשלה
2022-01,24,South District,ממשלה
2022-02,23,South District,ממשלה
2022-03,23,South District,ממשלה
2022-04,31,South District,ממשלה
2022-05,29,South District,ממשלה
2022-06,31,South District,ממשלה
2022-07,27,South District,ממשלה
2022-08,23,South District,ממשלה
2022-09,22,South District,ממשלה
2022-10,34,South District,ממשלה
2022-11,70,South District,ממשלה
2022-12,44,South District,ממשלה
2014-01,22,Tel Aviv District,ממשלה
2014-02,19,Tel Aviv District,ממשלה
2014-03,19,Tel Aviv District,ממשלה
2014-04,19,Tel Aviv District,ממשלה
2014-05,20,Tel Aviv District,ממשלה
2014-06,18,Tel Aviv District,ממשלה
2014-07,21,Tel Aviv District,ממשלה
2014-08,18,Tel Aviv District,ממשלה
2014-09,18,Tel Aviv District,ממשלה
2014-10,16,Tel Aviv District,ממשלה
2014-11,26,Tel Aviv District,ממשלה
2014-12,30,Tel Aviv District,ממשלה
2015-01,23,Tel Aviv District,ממשלה
2015-02,26,Tel Aviv District,ממשלה
2015-03,59,Tel Aviv District,ממשלה
2015-04,24,Tel Aviv District,ממשלה
2015-05,34,Tel Aviv District,ממשלה
2015-06,20,Tel Aviv District,ממשלה
2015-07,14,Tel Aviv District,ממשלה
2015-08,13,Tel Aviv District,ממשלה
2015-09,13,Tel Aviv District,ממשלה
2015-10,20,Tel Aviv District,ממשלה
2015-11,19,Tel Aviv District,ממשלה
2015-12,17,Tel Aviv District,ממשלה
2016-01,20,Tel Aviv District,ממשלה
2016-02,16,Tel Aviv District,ממשלה
2016-03,18,Tel Aviv District,ממשלה
2016-04,15,Tel Aviv District,ממשלה
2016-05,24,Tel Aviv District,ממשלה
2016-06,15,Tel Aviv District,ממשלה
2016-07,17,Tel Aviv District,ממשלה
2016-08,15,Tel Aviv District,ממשלה
2016-09,20,Tel Aviv District,ממשלה
2016-10,15,Tel Aviv District,ממשלה
2016-11,22,Tel Aviv District,ממשלה
2016-12,21,Tel Aviv District,ממשלה
2017-01,22,Tel Aviv District,ממשלה
2017-02,18,Tel Aviv District,ממשלה
2017-03,18,Tel Aviv District,ממשלה
2017-04,17,Tel Aviv District,ממשלה
2017-05,18,Tel Aviv District,ממשלה
2017-06,15,Tel Aviv District,ממשלה
2017-07,15,Tel Aviv District,ממשלה
2017-08,18,Tel Aviv District,ממשלה
2017-09,18,Tel Aviv District,ממשלה
2017-10,19,Tel Aviv District,ממשלה
2017-11,20,Tel Aviv District,ממשלה
2017-12,23,Tel Aviv District,ממשלה
2018-01,24,Tel Aviv District,ממשלה
2018-02,31,Tel Aviv District,ממשלה
2018-03,21,Tel Aviv District,ממשלה
2018-04,27,Tel Aviv District,ממשלה
2018-05,24,Tel Aviv District,ממשלה
2018-06,18,Tel Aviv District,ממשלה
2018-07,21,Tel Aviv District,ממשלה
2018-08,23,Tel Aviv District,ממשלה
2018-09,21,Tel Aviv District,ממשלה
2018-10,24,Tel Aviv District,ממשלה
2018-11,28,Tel Aviv District,ממשלה
2018-12,19,Tel Aviv District,ממשלה
2019-01,30,Tel Aviv District,ממשלה
2019-02,33,Tel Aviv District,ממשלה
2019-03,40,Tel Aviv District,ממשלה
2019-04,67,Tel Aviv District,ממשלה
2019-05,42,Tel Aviv District,ממשלה
2019-06,24,Tel Aviv District,ממשלה
2019-07,21,Tel Aviv District,ממשלה
2019-08,17,Tel Aviv District,ממשלה
2019-09,71,Tel Aviv District,ממשלה
2019-10,39,Tel Aviv District,ממשלה
2019-11,45,Tel Aviv District,ממשלה
2019-12,29,Tel Aviv District,ממשלה
2020-01,21,Tel Aviv District,ממשלה
2020-02,29,Tel Aviv District,ממשלה
2020-03,81,Tel Aviv District,ממשלה
2020-04,58,Tel Aviv District,ממשלה
2020-05,49,Tel Aviv District,ממשלה
2020-06,31,Tel Aviv District,ממשלה
2020-07,45,Tel Aviv District,ממשלה
2020-08,32,Tel Aviv District,ממשלה
2020-09,35,Tel Aviv District,ממשלה
2020-10,40,Tel Aviv District,ממשלה
2020-11,27,Tel Aviv District,ממשלה
2020-12,31,Tel Aviv District,ממשלה
2021-01,33,Tel Aviv District,ממשלה
2021-02,35,Tel Aviv District,ממשלה
2021-03,56,Tel Aviv District,ממשלה
2021-04,62,Tel Aviv District,ממשלה
2021-05,58,Tel Aviv District,ממשלה
2021-06,100,Tel Aviv District,ממשלה
2021-07,26,Tel Aviv District,ממשלה
2021-08,25,Tel Aviv District,ממשלה
2021-09,16,Tel Aviv District,ממשלה
2021-10,26,Tel Aviv District,ממשלה
2021-11,26,Tel Aviv District,ממשלה
2021-12,25,Tel Aviv District,ממשלה
2022-01,26,Tel Aviv District,ממשלה
2022-02,34,Tel Aviv District,ממשלה
2022-03,26,Tel Aviv District,ממשלה
2022-04,32,Tel Aviv District,ממשלה
2022-05,29,Tel Aviv District,ממשלה
2022-06,40,Tel Aviv District,ממשלה
2022-07,33,Tel Aviv District,ממשלה
2022-08,27,Tel Aviv District,ממשלה
2022-09,24,Tel Aviv District,ממשלה
2022-10,40,Tel Aviv District,ממשלה
2022-11,53,Tel Aviv District,ממשלה
2022-12,46,Tel Aviv District,ממשלה